Gene,Importance
DSG3,3.3909519289700127
KRT5,3.329559407674298
LASS3,3.2618288157218793
DSC3,3.208426665835863
BNC1,3.194699461281841
CALML3,3.092417163419204
S1PR5,3.0885774801012125
CLCA2,3.0140519598223157
SERPINB13,2.950424168145549
TP63,2.9398221067567603
KRT74,2.926103745779141
IRF6,2.897420999589335
PVRL1,2.887119425212401
FAT2,2.7714311821793807
CSTA,2.72036684078697
KRT6C,2.706887842542264
LOC642587,2.6550636574161124
VSNL1,2.621244305060631
KRT6B,2.6210699816322034
DAPL1,2.6180980386021
JAG1,2.5643613247674946
PERP,2.5467033409006694
KRT6A,2.5083910449548155
TPRXL,2.494133580192715
ATP1B3,2.425918582096565
RAET1L,2.389531195817443
C10orf99,2.383620423413375
KRT17,2.380415181456293
TRIM29,2.3783276127959434
NTRK2,2.3614149172287644
PKP1,2.359845526347299
FAM83C,2.3528214440603623
A2ML1,2.3515350587907786
ANXA8,2.3155490240304926
BMP7,2.3107823350177186
KRT31,2.307640962718551
WFDC5,2.30668360478675
C3orf21,2.3034073734498057
KRT13,2.300940396573222
HR,2.3009202048717423
COL4A6,2.299822432019197
GPC1,2.2928797453338605
DQX1,2.2815184575982372
C12orf54,2.2764600449398067
KRT14,2.273646905839535
GBP6,2.273054939580861
PARD6G,2.26794113587798
FAM181B,2.239467649390215
HNF1B,2.236639090673182
P2RY1,2.224727251890007
ODZ2,2.215929390407144
HOXD11,2.201408236476142
DDAH1,2.2002671280608417
KRT16,2.191915975503764
SNAI2,2.190734767322878
SPRR2A,2.189779563195484
DLX5,2.1677018205544774
RBM47,2.1676010048339176
GJB5,2.1532248548310613
DENND2C,2.1412930334780764
FAM83B,2.1394226583322995
CELSR2,2.136532505935439
ADAM23,2.1282203759882505
TMEM40,2.127565435091138
ADH7,2.122717706394889
SERPINB5,2.1055367085560883
MICALL1,2.1044344385742053
SLC16A1,2.103070305832599
TMPRSS11A,2.087003062723509
SH3BP1,2.0832008247092584
CAPNS2,2.0789638078378934
S100A2,2.070978336360519
MCC,2.0691838470260615
CDHR1,2.067686745165501
GABRQ,2.0664043320924708
ITGA6,2.063257705949285
TMEM189,2.060033219782896
RORC,2.059796751259314
TMPRSS11F,2.0554608983465363
RGL3,2.053663803166141
COL7A1,2.0472076200891056
SLC6A8,2.046195279077075
ABCC5,2.040437439934918
ZNF488,2.038555533771759
AP2M1,2.0358963674119566
STARD5,2.016749185324181
EPHA10,2.012206850587561
PNCK,2.0101830137911403
SERPINB2,2.009561025137635
ARRB1,1.9997414808512217
KCNG1,1.9863291808731773
ARHGEF38,1.981019190964704
TBCCD1,1.9786055018298743
CLDN3,1.9777636772950586
PTPRZ1,1.9773749236280231
LONRF3,1.9746087922614879
LOC100130933,1.972443942067684
ATP11A,1.9679341792811704
RHCG,1.9674028059201443
ACSL5,1.9664166667212741
BCL2L15,1.9646634005828796
SOX15,1.960302762185254
PTHLH,1.9566823920213614
IGSF11,1.951215176673923
ALDH3B1,1.9487591982418961
C17orf28,1.9486689911473607
SIAH2,1.9436506137332406
BICD2,1.9423621998271552
HAP1,1.9404611916036316
SLC6A15,1.9367996558160052
CGN,1.9317334239118649
TMEM117,1.9311425077248139
SLC39A2,1.9292450209811676
TMEM125,1.923037019078431
GABRA3,1.9222122483882693
TMTC3,1.9187040073260027
USP31,1.918086046831159
TMPRSS11D,1.9131279341164533
KCNK5,1.9116548902375454
KCTD1,1.9060045870052404
DLG1,1.9026335699028423
SPDEF,1.902042145995722
GPR39,1.9009429533426316
NMNAT3,1.8972670992661846
CHRM3,1.8954803613655327
KCNQ3,1.8948660031699895
ICA1,1.8942907001694698
USH1G,1.8878065487658982
STON2,1.886617639370286
ST6GALNAC2,1.8863943490632387
ANXA8L2,1.8860974350566042
LGALS7,1.8800513436135136
GOLM1,1.8781857465600114
DVL3,1.8769307998906077
NKX2-1,1.8730372477920914
MAPKBP1,1.8646679441415792
CLCA4,1.8636286043979833
COL4A5,1.8582101399772137
KCTD15,1.857740623064458
SLC9A3R2,1.8570886829925946
C3orf54,1.8526404332846236
SPRR2E,1.849821940710327
ARTN,1.8487571495506083
FOXD1,1.8467266786839742
PGAP1,1.8462404558025447
CD2AP,1.8418843240107567
RNASE7,1.8346523761388973
C17orf99,1.8343530758152062
EFNB1,1.8328658874053112
SLC2A1,1.831566232030211
FRRS1,1.823941831512983
FMO5,1.823444281876812
FANCE,1.8217791680543072
GRHL3,1.8192475132696477
MUC1,1.812064806707844
DLX6,1.808055821990072
KLHL13,1.8071229054005475
FZD6,1.8046202154136153
STK32A,1.8004021363517557
GOLT1A,1.800027650109216
RAPGEFL1,1.7960098248977783
E2F7,1.7947597712699457
SESN3,1.7938103423767848
SNTB1,1.793189630272128
PLAC2,1.7911882477299612
SPRR1A,1.7893241414165082
S100A7,1.7873148201790734
GJB6,1.786908330703779
GNA14,1.7855123646557358
FOXE1,1.7828662638698523
MLPH,1.7750113703713173
LSG1,1.774855232353816
OCLN,1.7746479997981917
KC6,1.7712015892875712
YEATS2,1.7622376972799336
SLCO1A2,1.7612228359974655
SMPDL3B,1.7560690585719985
TOX3,1.7501306000276506
RNF168,1.7498125286958437
PCYT1A,1.742522446635154
RNF217,1.7417082373323067
EN1,1.740362976896997
MARK1,1.7293787780517762
PLEKHA6,1.728612456654803
LPIN2,1.728117051124843
FRMD6,1.7264355438124965
GABRR1,1.7220589691079906
LIMK2,1.7214012888043673
C9orf152,1.7203156072408157
TRA2B,1.71671335275527
HDGFRP3,1.7122243973800908
LMO7,1.7115947820860682
RBP1,1.7097068768859989
PRR15L,1.7054033860274993
ST3GAL5,1.7054032255157274
COQ3,1.7051907256748902
UCN2,1.702141767163674
ACAP2,1.6975980833995497
LYPD3,1.6965151271307783
SEMA3F,1.694310890764723
TMEM63A,1.693574518526357
GLOD5,1.6924384799374979
CXCR7,1.6923033073671436
WDR72,1.6915170655807235
NXPH4,1.6910523870495675
LOC100129034,1.6908624101650718
SKP2,1.6907489563674525
KRT15,1.6891265727014346
PNMA2,1.685589182242868
FST,1.6830064173331492
FBXO45,1.680467178010704
DGKA,1.6741493121529691
PSMD2,1.673562846141687
PGM2,1.673197929157711
CRKL,1.6701906346901492
SFTA2,1.6698238711095272
SFN,1.6692754402997108
FOXN1,1.6685062150898566
DLK2,1.667605525798854
FBXO27,1.6652428170333091
ABCC6,1.659928715659354
HOXA1,1.6585776842827442
GAL3ST1,1.65723417772081
ZIC5,1.6555906505532965
PLD1,1.6552231174320442
DSG1,1.6534433667728687
ACOX2,1.6500918267716083
ACTL6A,1.6461691535907261
ZNF385A,1.6455879461440195
FYTTD1,1.6448092587217176
LPCAT1,1.6401679748715572
OXGR1,1.639936949094655
C1orf210,1.6393757361068328
NDUFA4L2,1.6385534001579307
TESC,1.6379744782969012
FGFR2,1.6368293278174708
RFC4,1.6367490541918734
MBIP,1.633060145979171
SNX31,1.6293264625042094
GJB4,1.629206938840198
TSLP,1.6282512328419383
ATP11B,1.6278294759423781
C15orf41,1.6257562225307338
CEACAM6,1.6220462323635554
HOXA13,1.6197640134688596
NUDT11,1.6194758822532846
C3orf58,1.6185492606484715
FJX1,1.6084137312501814
CAPN8,1.607446503475326
FAM84A,1.605051234616252
SENP5,1.6048362872538893
PRIMA1,1.6043465357871554
TRPV4,1.6031745315936021
RARG,1.5994606548142731
CADPS2,1.5992657236060714
CD9,1.595166601360804
ERBB3,1.5928768223286205
FLJ90757,1.5920276158455973
SUCLG2,1.5887319207094273
ABCC6P2,1.5868347483407055
FSCN1,1.5865724031944826
DLX6AS,1.5863139105470294
HES2,1.585833156372375
GFOD1,1.5856033762763686
TMC5,1.5850490191180004
C4orf34,1.5841275985865764
SLC41A2,1.5836096107763429
QSOX1,1.581997367169677
WNT2B,1.5769771681532085
BTBD11,1.5765041637558483
DMRT2,1.5753723663033061
HS6ST1,1.5743429210088242
KRT9,1.572554683158849
STAR,1.5713795471570797
GJA3,1.5684573097586898
NKAIN2,1.5643711359654149
ABCF3,1.563049136687222
LGALS7B,1.5623203499125498
PLCH2,1.55986272951835
EFCAB4A,1.55906491276875
C12orf56,1.5567644817238906
ABCC6P1,1.5554808200684551
BSPRY,1.554660872318062
BCL11A,1.5541833993381335
TFRC,1.554017484630569
MGRN1,1.5538049157087521
SYNGR1,1.553677635836031
ZFP64,1.5533732677700849
SLC44A4,1.5500032580442373
GALM,1.5492470232643218
LOC440173,1.5471189670892185
LPAR3,1.54637926069751
MRAP2,1.541162722415606
PTDSS1,1.5381073388621207
ANKRD57,1.5360047603519895
CPA4,1.5348999576350568
PIGX,1.531437651856009
SLC6A2,1.5299841805528398
NRARP,1.5277773698742059
PLCH1,1.5244005687763291
JARID2,1.5237817298819722
C16orf74,1.520968607605384
PAPL,1.5171123001253992
IQCD,1.5152406470615556
DST,1.5134051565951687
OPA1,1.5068900786847557
C15orf42,1.504003081782391
TMEM150A,1.5032961353731875
VSTM2L,1.5020166841940783
RPS6KA2,1.501306480689193
XG,1.4981982798419298
SPRR3,1.4974768264420555
CYP2S1,1.4965023192854994
KRT75,1.4950874986379807
FXR1,1.494899121246085
ZDHHC9,1.4945857343754554
IRX4,1.4943719295147302
PTGFRN,1.4935636121402491
PPP1R9A,1.492723400257482
LGSN,1.4901245573965807
ARHGAP23,1.4900530246133215
SERPINB7,1.4867284261172387
ARSE,1.48576062174161
EPCAM,1.485642693552634
LRRC31,1.4844247238677641
MCM2,1.483371731388306
BEAN,1.4822427267709883
FAM83F,1.4821472988485886
BTBD9,1.4811510831431818
HRAS,1.4802803927286179
PRNP,1.4763381005256728
RAB19,1.472934019211023
ZNF639,1.471579513159165
PCDH19,1.4707478121055813
RSRC1,1.468616064796188
NAA50,1.4676384278314238
CCNJL,1.4666039084375129
DPP4,1.4655870022064965
NGFR,1.4639262606392602
KRT7,1.4618089098563072
C9orf125,1.4614952950518498
PARL,1.4596715801217415
KRT34,1.459557873065648
PAK7,1.4595185157038406
ENPP4,1.4588867873328741
LOC440925,1.4559602589995808
S100A7A,1.4555881387692438
PITPNB,1.4536130162381466
SMO,1.4534184361150513
ABCC3,1.4521773440351495
ZNF69,1.4498820352110997
SOX2,1.44815305863119
FAM131C,1.44746293943363
NIPAL4,1.4466763629014159
SGMS2,1.4465318954464235
TMEM92,1.4461409630528461
LIMCH1,1.4427274044399956
FAM83D,1.4425850341899782
FAM107B,1.4417722582357222
SPRR1B,1.4384089907106188
PI3,1.4377429384685412
JUP,1.4373842091089242
ERBB2,1.437045810185357
DYNC1I1,1.4361432875586961
HTR2C,1.4357397417380242
CDCA4,1.4335618211815686
DCUN1D1,1.4331809659836066
GMPS,1.4329870755520824
ALPK3,1.4327118325546904
NFE2L2,1.4323112353999665
LOC338651,1.4320731612921271
KPNA4,1.4302323972864472
HOXD13,1.429797209177949
BLCAP,1.4273494697530227
PPP1R14D,1.424378855226323
KRT18,1.423179439281684
PREP,1.4222915761254953
CENPW,1.4219160169024863
REPS1,1.4204272026441123
PLEKHB1,1.417526730614772
ERGIC1,1.4156944784257743
TRAF3IP2,1.4153658990191325
CSDA,1.4144273064474118
LIMA1,1.4139807950746497
MUC21,1.4134885156864887
DLX1,1.4107940215611547
FXYD3,1.41010309766857
TGM1,1.4097927825326997
TPCN1,1.4080351157568332
DSC1,1.4076387397501757
MMP24,1.4059689845578918
TJP3,1.404101902577173
RAPGEF2,1.4030758211735272
UGT1A6,1.4023170909358014
FAM162A,1.4014847248535056
PNKD,1.4010626154259365
RAPH1,1.400166809879826
C3orf23,1.3996940376968818
CD55,1.3987520759257623
FN3K,1.397980995979746
PADI3,1.3947362237777052
GPR116,1.3923714674834458
PAK2,1.3915835288799978
MAPK6,1.3908385739117128
TP53AIP1,1.390320564857074
SH3GL3,1.3896613485172638
FABP5,1.3881540504363565
SPRR2D,1.3876009962004303
TMEM45B,1.3868080541571013
C17orf55,1.3846214302913509
GLTP,1.3844314161226643
SDK2,1.3838081556772839
SNCA,1.3822282291364953
CCDC125,1.3816210228089008
ALOX12,1.3815374494795387
WDR53,1.37839795066613
TMEM62,1.377120993702909
PHLDB2,1.3754051497837514
CALML5,1.3754008812887222
RNF186,1.375186242380517
CNGB3,1.3731063110875954
MAP3K4,1.3721340143273046
SLC5A12,1.3721096796409236
SFTA3,1.3713196738882967
MYNN,1.3690932012027934
SHROOM3,1.3679326875797095
PRICKLE3,1.3673098636969745
ELFN2,1.3663986174569223
SLC9A3R1,1.3652779426578734
TNS4,1.364968715030355
NEK6,1.3646529444171105
HGD,1.3645367350177504
FHOD1,1.3633506369720443
SH2D5,1.3612987917737325
C10orf95,1.3611210862763286
TPD52L1,1.3591736856830319
IGSF3,1.3547692801197186
SLC6A10P,1.353693851801173
PRDM11,1.353292848734129
CLDN1,1.3514215713596927
MRPS22,1.350138745811994
CYB5R2,1.3493876607450024
SLC2A9,1.347787714054871
SERPINB4,1.347060681766553
ARHGEF4,1.3467446733763608
PLA2R1,1.34656299962702
RGMA,1.3457597881075876
HSD17B11,1.3454640692692248
ME3,1.345178794792723
MED12L,1.344347462953282
PTPRS,1.3441330478294535
UGT1A9,1.3416234136641576
ACVR1C,1.3412974871247254
ARL4D,1.3412061578066132
SBSN,1.3407412572494
MMP15,1.3404405064912779
LLGL2,1.339539438499933
KCMF1,1.3391211101615186
DUSP9,1.3388262225127334
CACNA1B,1.3354557283313613
FGFRL1,1.3349355930858535
HAS3,1.3340378882150001
PDCD10,1.333927035100892
RAD51AP2,1.33363129332424
NOSTRIN,1.3328551017054038
RHOU,1.3327601275098673
WNT3A,1.33222495517382
LARP6,1.3292421112643305
HKDC1,1.3253997380382967
RNF152,1.323409320181664
VANGL2,1.3227422065504792
UST,1.3225921594454542
CD109,1.3217623413391986
CTSL2,1.3209788106497296
CDC45,1.3198405124681405
CPM,1.3196082443506467
DIP2B,1.3195699872519473
TUBA1C,1.31844692538459
RAE1,1.3176803432683994
RANBP1,1.316726403428261
EPOR,1.3159469242387136
LOC152217,1.3144621245576775
PIK3CA,1.3142065145177573
UPK1B,1.3140769143927316
DNAJC12,1.3135280279948027
TMF1,1.3135100638523773
FRMD5,1.3133671322870784
TNFRSF10C,1.3065266872570331
D4S234E,1.3064698892351556
SPRR2G,1.3013195323691746
ABCA13,1.3007528609953514
CEL,1.3007038787438563
MFN1,1.3000030896031354
CHDH,1.299248896390088
SYT14,1.2962162807776703
AQP7,1.2920150273833975
PRTG,1.291752047174582
PHF5A,1.2909437991911292
C3orf34,1.290857404859945
RAG1,1.2900802960376072
LRRC20,1.288723815308511
EIF5A2,1.2881415888488323
RAB17,1.2875554312607305
C3orf37,1.2874323965349028
SLC16A4,1.287316689824936
IGFL1,1.2869103618850375
TTL,1.2864319175964494
MRPL47,1.286340269213114
TTC39A,1.285469591345774
LMO3,1.2844716881345848
CDK6,1.2844157352561876
UGT1A7,1.2836519270895463
FAM43A,1.2834546001211065
CDH8,1.2831607719285854
CENPP,1.2830635548797662
GJB7,1.2829050857531368
POLQ,1.2828730960505306
FSCN2,1.2826583153913962
HEPHL1,1.2819289116037598
TMEM53,1.2810770884599316
MAGEA4,1.2802100598420434
ZWILCH,1.2800912434994114
METTL8,1.2784414609754697
C4BPB,1.2781879946139418
B3GNT6,1.2781193754641613
SETD8,1.2780322026248234
FZD10,1.275613135373368
KRT77,1.2742229434572678
FGL1,1.2731386085469243
RTN4RL2,1.2731062632341068
B3GNT5,1.272706648439372
CYB561D2,1.2717566120559127
RHOF,1.2717371297082025
XAGE1D,1.2715505471438453
CLDND1,1.2707713608027476
C11orf86,1.2693639423941603
DLX2,1.269045366103637
UBXN10,1.2685483876065247
B3GNT7,1.2682932953695871
HOXD10,1.267549080857317
SLAIN1,1.266888054966505
MACC1,1.2656884721311665
TFAP2A,1.2652163871098099
IPPK,1.2632428422215498
HOXA11,1.2627143393847122
EMB,1.2611774135088183
EFS,1.2609710222176893
SERPINB3,1.2606514066177907
C1orf74,1.2605032865412915
GDA,1.2592047948336968
SP5,1.2590285846345268
APOH,1.2556017135443278
NRG1,1.2553104616265878
NTF4,1.25466233893101
NUP210L,1.25333235089379
EFCAB2,1.2533202249409534
NTS,1.252943416846499
UBE2S,1.2515018068605106
DNALI1,1.2513336914443904
LY6G6C,1.2497323471658983
FOXA2,1.2495097293337643
TTLL12,1.2468047129137383
AHCYL2,1.2461629270490369
NHSL1,1.2458529103838702
C9orf7,1.244948330045237
TSPAN12,1.2449150148374257
FERMT1,1.2433261494252432
KPRP,1.2414208642100186
UBXN7,1.2408906309017211
ARHGAP12,1.2406633639101803
MICAL3,1.240017542140309
UMPS,1.2389513417936817
SYNE1,1.2378365604404002
KREMEN1,1.2378254986663413
LOC149837,1.2351014034913137
FBP1,1.2342985795214862
ARL6IP5,1.2332132421330608
KLHDC7A,1.2324329082946766
SPINK1,1.2294700490354038
CSRP2,1.2285334427968335
ADM,1.2285322658823472
FEM1B,1.2285289916369106
DUSP11,1.227928181115123
SLC43A3,1.225266075114356
SLC37A1,1.2245101392488982
CNTNAP3,1.223852806759394
GRK7,1.2238145281787915
PRSS8,1.2227357663745357
SNCAIP,1.2226613744918475
TESK2,1.2221241866271206
CNGA3,1.2200983375825516
RANGAP1,1.2195791064870283
SULT1A2,1.2188233690649493
C1orf116,1.2180593655042957
PRKX,1.2180337787909006
GHR,1.2168056554571818
FMO6P,1.2161066926841402
CSE1L,1.215486329256886
ATP2C1,1.2123613567541347
FNBP1L,1.21059580244342
TBPL1,1.2103450213914326
ULBP2,1.2093436642374737
ECE2,1.2093199957618492
YPEL1,1.2087075217251324
FAM174B,1.208222371253245
TSPAN15,1.2076507554312883
HTR7,1.205473076468551
EIF2B5,1.204581706454145
ABCC1,1.203386577421788
TDRKH,1.203155922159752
NCAPD2,1.2030250028128169
CISH,1.2014079962097457
CHST7,1.2010025874386372
SOSTDC1,1.200639797976841
EYA2,1.2005683561576364
WBSCR26,1.2004112918821495
LOC401052,1.1980006752527932
C11orf82,1.1938302375767027
FGFBP1,1.1914027020041529
KPNA7,1.1913116100731231
RNF7,1.1911216173389616
FANCI,1.1906199177029377
COBL,1.1859682717389473
UNC5CL,1.1845227209593692
CRYAB,1.1841159494828701
TRIM7,1.1836143377506694
OIP5,1.1831183433756312
MVP,1.1817557895522535
ADAMTS20,1.180659848990075
KIF13B,1.1798193410574074
EPB41L5,1.179521178534436
FEZ1,1.1794425747317052
NCBP2,1.1780850795188103
KIF12,1.1779068438249707
LYSMD3,1.1778652038103683
SH3KBP1,1.1777460383251404
EPHB3,1.1765474420998199
REEP4,1.1762590335976817
KAZ,1.1759570737092118
GPR87,1.1757668157290833
C3orf1,1.1754944581845275
DPF1,1.175137419952339
TEC,1.1743538087407477
GJA1,1.174081025431121
HECA,1.1735181542474344
NRP1,1.1730807974666566
PRC1,1.1723384544258744
AMTN,1.1714646617464957
C3orf26,1.1705148857492014
TMEM8A,1.1678627694142736
TMEM79,1.1670375397669446
EIF4G1,1.1658357476591867
HEY1,1.1656715036477159
TLE6,1.1650546407330542
C20orf72,1.1623491656589287
MGLL,1.1607507349993116
SEMA6A,1.159710040598175
MCM5,1.1583943476187268
RMND5A,1.1583141632833622
RAD51,1.157840287620299
FOXL2,1.1572456192293532
CD63,1.1569986814226085
FCHO2,1.1567473239075863
C2orf86,1.1532932216740166
KREMEN2,1.1531912911304922
CATSPER1,1.1516160588315163
MLLT11,1.1515138841340462
GPD1L,1.1512349662612555
CRIP1,1.1507122431101926
SOX2OT,1.1492923203064158
CNBP,1.1492415664628823
STL,1.1489629003775537
GJB3,1.148527795355217
SENP2,1.1477566472379288
TPRG1,1.1476059184271474
KCNN4,1.1464329939374587
FA2H,1.1458464530358285
ALDH3B2,1.1457442042385306
TOPBP1,1.1449650567516243
AGR2,1.1446237485656348
GGTLC1,1.144323044302454
GINS3,1.1427759684015542
PLA2G16,1.1425497774959783
S100A8,1.1416489885941878
FGFR3,1.1416198252422698
SH3BGRL2,1.1411778036030573
PAFAH2,1.1407065851363214
NRCAM,1.1405190392808608
MYO5C,1.1401522163049964
PIP5KL1,1.1392361782743738
RND3,1.1382179369606955
UGT1A1,1.1377329038442574
ENTPD8,1.137708675368529
FZD7,1.1374275116607646
PHGDH,1.1373504971928756
KIAA1524,1.1367239851207342
KRTDAP,1.1363628185932793
SMCR7L,1.136107339521472
TUBB6,1.1338298774279274
GPNMB,1.133435558683437
SGSM1,1.132260825470172
CDKL2,1.1321556554962025
ADCY3,1.1312083167146043
LCE1C,1.1291638795254235
LOC285548,1.128393833747033
CHRNB4,1.126624733995669
CDH15,1.1256435850999622
LTA4H,1.1256103971625753
SORBS2,1.1252225318476217
CLDN23,1.1233306321344498
HMGCS1,1.1230421820136745
CACNA1D,1.121980452255086
GJB1,1.1212956495886086
DGKH,1.1201334532782432
PTPRE,1.1199901321876218
ARSD,1.1198842950501018
SIGIRR,1.1194746583323825
C6orf167,1.1194418755457942
ACAD8,1.1182802385774502
ALS2CR4,1.1181733818713135
PON2,1.1180320346908803
AP3B2,1.117474223787577
FAM13A,1.1170975524016524
SELENBP1,1.1168299671441642
IL1A,1.1165994155835532
USP46,1.1163861108674913
CASD1,1.116056715826112
DUSP7,1.1157724931062254
OAZ3,1.1154898473629111
RYK,1.1142260526787806
PCYT1B,1.1121361112492423
SOX21,1.111596214397385
MT1X,1.111018177116105
CD46,1.110391542678729
WDFY2,1.1103308580525852
GLB1L2,1.1089361230597494
TET3,1.108249397977011
PTTG1IP,1.1081524803353202
SGK1,1.1055604400906058
NDRG4,1.105508102170808
RARA,1.1055012689278783
IYD,1.1048036213096342
TMED5,1.1045965804783777
HSPA4L,1.1042328810666198
STEAP4,1.1036910864554437
UCK2,1.101546198727754
ZSCAN16,1.1003430562390086
POU6F2,1.1001647146601043
KDR,1.0999858404240594
CCDC149,1.0997117133978718
RHOBTB2,1.0996079035722734
KIAA0182,1.0992078383620532
NCK1,1.0991519377597023
HPN,1.098305996029337
RAB27A,1.0975278203290324
RPGRIP1,1.0967617670745862
MMP10,1.0961582593895767
TP73,1.0957608690366691
PSME4,1.0932776213028628
NAB1,1.0928541055105927
TCEA3,1.092557804477294
DHX36,1.091837717422076
RIOK1,1.0918064901097801
STS,1.0917464485422945
ZNF436,1.0913903612729792
EPHB6,1.090817904141647
BTBD10,1.0907664595069362
C19orf21,1.090251917694578
ARMC8,1.0889374691934672
PPARGC1B,1.087362977755609
ADIPOR2,1.0871058176211879
LMNB2,1.0864984274967446
ACBD4,1.0862691471502177
NCRNA00093,1.0854666947721419
GHDC,1.082385767667429
GALNT10,1.0814590064206886
GPR109A,1.0785285608179374
ALG3,1.0770537684325678
GTPBP8,1.0770120295235497
LRBA,1.076442143261693
RPH3AL,1.076206640246446
DNAJB3,1.0761431604581537
TLE2,1.075613834046624
FYCO1,1.074713131757633
PGLYRP3,1.0740073628516904
PAX6,1.0737780325984219
CMTM8,1.0733480857084523
CD44,1.0726895705765604
MFSD7,1.0724500843987708
C5orf4,1.0719020390559821
ERRFI1,1.0718584883811249
TMPRSS6,1.0716092038392535
PPIF,1.0691808824914015
MPHOSPH6,1.0690705481860816
CYB561,1.066915048714335
THOC3,1.0661023753840642
MCM8,1.0645445407931513
KTELC1,1.063897125559392
C11orf54,1.0637859308476887
SDR9C7,1.0626019773016213
NKX2-5,1.0621930409032312
ADAD2,1.06188726948225
SLC47A2,1.060999841016723
FANCB,1.060919150619327
DSP,1.060361801105959
CLSTN1,1.05896254249256
SDSL,1.0589548437605916
PART1,1.0580779851348896
LRP4,1.0559545335605873
HIST1H2BH,1.0555470381937773
SERPINE2,1.055190201590052
C9orf167,1.053567846153447
KATNA1,1.0532108999327146
MFSD4,1.0532065179934895
CRCT1,1.0523653773192974
LOC728643,1.0522380130200462
FAM110C,1.0521559362595319
TMEM133,1.0519261377584022
DLL1,1.0517765294858208
PRG1,1.0513823917706266
KPNA1,1.050825134858816
ARPC2,1.04990932255548
ASAH1,1.0496185844264765
GCC2,1.0493805341745488
IL1F9,1.049368566786883
RNF165,1.0493472622047868
LDLRAD3,1.0486313406444976
MGAT4A,1.0485815948830843
SLC7A8,1.048435807152667
HOPX,1.0482448123679908
UGT1A3,1.0465238421300205
FAM47E,1.046497454410686
XKRX,1.043940675347236
RASSF7,1.0429950153525263
AKR1B10,1.0425551859109792
HPCAL1,1.042396405854496
COL17A1,1.0414450923548961
GFPT1,1.041213883987318
UNG,1.040755500764802
HNMT,1.0398541473181808
GDPD1,1.0397115619452983
RBPMS,1.0393227880726112
EMILIN3,1.0379620524669617
FBL,1.0373477500119868
CRYM,1.0372643963439732
ATP8A1,1.0371124850033993
TTK,1.03649622852323
COMMD2,1.0363649351405224
TMTC1,1.03493653255688
CXXC5,1.0347754680890102
EXOC6B,1.0346551216241717
SYTL3,1.0342936556888345
H2AFY2,1.0322223148357796
EIF4A2,1.0311446285650683
HOXA10,1.0311166804349894
RNASE4,1.0307694881407579
RIMS2,1.0304514583490254
CACNA2D3,1.030313204978089
DNAJB1,1.0301362720207419
IGFBP2,1.0300541039549167
SMARCB1,1.0298807482940666
SLFN13,1.0297857407156867
DNAJB11,1.0296934328856941
CABLES1,1.0286453809846465
SLC34A2,1.0283584972003805
KRT78,1.0279518089027624
PES1,1.0260737069216934
DNAH2,1.0254332736758645
RAET1G,1.025401370406965
C8orf73,1.0248156353425266
COL4A4,1.0242381472137418
MAGEA9B,1.0223427140231696
PON3,1.0210490865345634
NCS1,1.0203227325345319
CENPN,1.0199248886841925
ANKRD2,1.01960294393827
IL17RB,1.0183592111105324
DPY19L1,1.017800326656337
CEBPG,1.0175958037086883
CHP2,1.016175459104823
KANK2,1.015526351264715
LOC84740,1.015037430503055
ATG4D,1.0144176882536913
LRRC27,1.0141808462987518
CLIC6,1.0139925497445024
CCNB2,1.0135945110332154
HSD17B3,1.0135504282690655
LOC729082,1.012967399188069
PISD,1.012819189826342
LRRN4,1.0123314608360297
NSUN7,1.012313609097102
KIF23,1.0096742493249198
PAM,1.0092016460356197
CD302,1.0091991838856162
MIA2,1.0089153647976932
GPR109B,1.0083606804621732
SHOX2,1.0082762120145297
PRPF19,1.0071577267080594
GPR161,1.00706670991402
PWWP2A,1.0068792734814096
SULF2,1.0066769922667906
WWC1,1.0065633938466947
UNC93B1,1.006033543466979
TMEM158,1.0058193833853672
TDRD10,1.0056556956273879
LOC284578,1.0055432271292104
DRG1,1.0052738230248486
WDR47,1.0051070854378688
ADA,1.0050810062973614
LOC647121,1.0049117979322044
C15orf23,1.0048601236641956
C11orf41,1.0040905568554257
C1orf135,1.0026501643539762
PITX1,1.0026064721265666
AKR1C2,1.0021338297183005
LOC100132111,1.0018077283283688
ARHGAP29,1.0008746416478935
CCDC46,1.0001009335324562
MAP6D1,0.9999676131580821
TRIM8,0.9999251879467287
PGAM1,0.9988937485930367
GPR133,0.998584393261264
C3orf17,0.998209296198524
ZC3H8,0.9981037765898175
ABHD14A,0.9979063352492996
MPPED2,0.9978370395955592
ADAM17,0.9970974670138816
SOX7,0.9965124974800214
GYS1,0.9964654862914901
DEPDC6,0.9957402978646588
RGS3,0.9953349638299336
FOLR1,0.9946595342476388
PRMT1,0.9946239445852424
TXNDC11,0.9939972475933662
KISS1,0.9939786126466279
SRCIN1,0.9937501796902137
LAMA1,0.9936002370254914
OR7A5,0.9931888276158582
IL1RN,0.9911061281530791
GSK3B,0.9906434301404979
MDH1,0.9898545725282826
TSPAN4,0.9883603577846158
TBL1XR1,0.9879997646013144
ANXA8L1,0.9870739620743729
CCDC68,0.9870731019585166
GFM1,0.9870104765307465
RPL3L,0.9869478110818456
C2orf15,0.9858321288882356
ACAD9,0.9852831712562331
ACSM3,0.9850238014571631
ACAT2,0.9841729039410251
ISY1,0.9839781447827389
CECR5,0.9835802263778144
C22orf9,0.9832901689331419
HABP2,0.9827642164124182
BIN1,0.9823250944311623
NMNAT2,0.9821472004460292
MTMR1,0.9791100350989952
TDG,0.9788170929945839
CDC25A,0.9786946099267075
PLS1,0.977200156428399
DSC2,0.9770983027536089
SLC38A2,0.9758381939100426
C4orf31,0.9753954451542746
PHF17,0.9751103821299176
C19orf46,0.9745542138645082
NFE2,0.974456787704632
SOAT1,0.9733505869126671
INPPL1,0.9733149934332223
FKBP4,0.9729024320021855
C20orf56,0.9705324122172184
FAM149A,0.9704246122402987
KIF9,0.9698367387163842
HSPB1,0.9697621553447009
SPRR2B,0.9695781322217341
HSH2D,0.9693771699156817
C22orf28,0.9692307133701854
WNT5A,0.969079796288814
ORC6L,0.9687420977255976
RAB20,0.9682617705767039
ESYT3,0.9677444298251991
MAP1LC3C,0.9674638842383687
RAP2B,0.9669614092673953
LOC220729,0.966856017905034
RCN2,0.9668400847739916
TMEM201,0.9667442092894436
ADCY6,0.9665680836365982
GOLIM4,0.9645388892964402
PON1,0.9644806240638834
C20orf117,0.9634434172947705
TCF20,0.9622857360899368
ARNTL2,0.9606752740858712
DDR1,0.9594817040292059
RGS17,0.9591587899942831
NAPSA,0.9590298071539951
RAD54L,0.9589868688838953
TMPRSS2,0.9587845034846256
DDX49,0.9581094804985364
FOXM1,0.9569135996915976
ZNF254,0.956788086389017
NR3C2,0.9566489237618729
FMO9P,0.9564393660202781
CSNK2A1,0.9559332011714244
C12orf48,0.9559029980290726
SNRPA1,0.9557677242391479
GCET2,0.9556985758450189
GJB2,0.9538447488327104
GALNT12,0.9536125791007951
LRRC8D,0.9533909289406991
ITGB8,0.9531398744507453
PWP1,0.9517914121775553
A4GALT,0.9506009773303389
TUSC2,0.950264261139756
WASF1,0.9497780227625412
DPYSL2,0.9494161217680677
HAL,0.9489020244777444
LOC90110,0.9485465790075629
CGB7,0.9482567212950557
PPP2R2C,0.9470613027336274
LOC388588,0.9470071926601394
TSSK1B,0.9464463301358998
MYO6,0.9462854523136071
MTA2,0.9462380442437165
CHEK2,0.9461563175092778
KRTAP5-1,0.9455747131074597
KRT33A,0.9450385456250276
FBN2,0.9443317162262385
LRRC58,0.9439100537641085
SLC10A6,0.9431044097340386
EHBP1,0.9430990895944935
ISM2,0.9430983561483943
LOC201651,0.9430236428226486
ZIC2,0.9423537240543127
CKAP2,0.9418929346580526
TCP1,0.9417884256858148
XKR8,0.9415759560571262
C4orf44,0.9409127006564503
TNFSF13,0.94041600184143
RNF148,0.9401151844687221
LOC100125556,0.9393377308657583
RAB7A,0.9378635906664167
RCC2,0.9370342798639759
FOXA3,0.9363739512740398
KIAA1045,0.9360945543050324
PCNA,0.935780402927803
SLC39A8,0.9352916103969007
DNAH5,0.9348761628687656
TMCC2,0.9332924935324634
SLC4A4,0.93322848298125
SGPP1,0.9331357840325779
C16orf89,0.9327376612250419
SPAST,0.9327225837605554
LPHN3,0.9327011386454943
NCAPH,0.932586659812856
PIK3R4,0.9320262539130881
HOXC13,0.9319449442443568
RUFY1,0.9317049276598353
ACPL2,0.9316469101903397
FAM123B,0.9313105732744213
DHX35,0.931174446515632
LTB4R,0.9310925917952049
SHE,0.9309301798959583
PTN,0.9300002152755334
MN1,0.9299864700193418
ARHGAP11A,0.9297214710048147
KRI1,0.9296350721832553
C6orf114,0.9295620830856957
GAPDH,0.9288840377621667
KLHDC5,0.9286197570775523
LCE3D,0.9263662764451682
CELF2,0.926050219674825
NUDT10,0.9251574982722544
SKA1,0.9249754583082754
UFD1L,0.9243979723675771
GALE,0.9240909935831343
AGPAT2,0.9235497752224135
KIAA0319L,0.9232935542409493
GPRC5A,0.9230794669230467
AMBP,0.9230722998755576
ZNF703,0.9228429256643116
SRRM3,0.9225223875563107
LRFN1,0.9223588530547319
ZNF620,0.9214548109222933
ZNF19,0.921139890750528
SNAPC1,0.9208445187759008
CNTNAP2,0.9204598578976988
FEM1A,0.9196589891095562
KLF5,0.9191534989457383
MEIS3P1,0.9189167090444406
RACGAP1,0.9175525695695925
EXT1,0.9175339605675819
GPX2,0.917173499237619
WFDC10B,0.9159182039634671
TGFBR2,0.915476181707232
HAT1,0.9154254295983542
CYP2B7P1,0.9151783540849224
C6orf123,0.9147127392979986
DIRC3,0.9145744607361427
CHAF1A,0.9137421816610911
TSPAN13,0.9135550382276869
DCUN1D5,0.9134512906977307
LOC651250,0.9127961961267947
ZNF750,0.9127483931012524
RASSF9,0.9119990346668466
AQP10,0.9119210681167449
C22orf23,0.9117418568246609
MCM4,0.9108706770173398
PGF,0.910481476192753
JMJD7-PLA2G4B,0.9096540571695939
LOC84856,0.9095308985942153
ENPP5,0.9077760821427968
ANAPC7,0.9074858439601386
MPPED1,0.9073916119318093
SUSD4,0.9069373215521652
COPZ2,0.9067161975212592
CAGE1,0.9062702782048515
TMEM163,0.9062163757424209
RPTN,0.905961818981694
PIR,0.9057992714506253
C8orf83,0.9054770449589377
LHFPL1,0.9053379914112689
QSER1,0.9051609952513019
DMRT3,0.9039450116117336
CABP4,0.9037507566098297
IL1F7,0.9036445793623139
SPRR4,0.903361519248526
CENPM,0.9028944505031804
MNX1,0.9019770881651727
CHST14,0.9006465759782984
C1QL1,0.9005278710861482
SVIP,0.9003797821492726
C20orf11,0.9001980894426026
C6orf142,0.8997329447212407
FNIP2,0.8995814384377737
KLHL21,0.8994673392233562
CORO6,0.899377781044433
MYC,0.899208982056563
PTER,0.8986345740843203
EFNA5,0.8985947584185618
CRIP2,0.8984613341177403
ADAMTS17,0.8982487750114063
ITGB4,0.8982304500245208
METTL7B,0.8969707674421268
SEMA6D,0.8955685173564203
AFF2,0.8950615493327336
GLT25D2,0.8946485017637026
?|10357,0.8943933402044703
TROAP,0.8943735555945
CENPO,0.8941752813486911
CCDC112,0.8935446082419307
TMEM144,0.8933067346202914
LINGO4,0.893142556168523
CNOT8,0.8928488190231462
NLRP12,0.8919893863782997
FUCA1,0.8919250425447749
C1orf130,0.8913873879117491
LOC100132215,0.8913714981445447
CITED4,0.8907364978191461
VAX1,0.8905971925478237
VTA1,0.8905470485384562
CNTN1,0.8892343230931794
SHROOM1,0.8878609131619528
IKZF4,0.8878038753421398
ARHGAP18,0.8876653725352247
LTB4R2,0.8874502463820076
GRHL2,0.8870174164479918
TOMM22,0.8868595678717647
PLA2G10,0.8861234571276391
FETUB,0.8861012414778515
CDCA5,0.8860151754727493
YPEL3,0.885634461659633
NFE2L1,0.8852822177206202
HMHA1,0.8848177423758774
IL12RB2,0.8842167721398368
FOXJ1,0.8840459227803348
CASC5,0.8833754335018725
RHOV,0.8830906683336616
C12orf11,0.8829933427795258
MAPK9,0.8826788264650094
BUB1B,0.8823061977229331
TP53TG3B,0.8820203797325612
TGM5,0.8817555825098304
NME5,0.8802653125122006
FGF12,0.8789784012243559
PAG1,0.8787021697765399
HMGXB4,0.878367560809635
SLC46A1,0.8780372111587648
TMEM61,0.8778818483690631
NOP56,0.8774270685739589
GM2A,0.8773495692404705
PRSS16,0.8771012368202324
SFXN3,0.8768147375785293
XCL1,0.8766559399810451
DKC1,0.8759987758753603
COL4A3,0.875900762445635
NDUFB5,0.8752641971857817
TMEM57,0.875150787516672
BHMT2,0.8743326513193839
RFC5,0.8735951715135578
LYSMD4,0.8733181575541713
PRRC1,0.872904624212733
SPRR2F,0.8725846225339349
CLDN16,0.8721350102560095
WASF2,0.8719964063499707
CAPN2,0.8715733361802317
USP5,0.8713388421008954
MARVELD2,0.8711929571163093
FAM84B,0.8704994878407383
C3orf72,0.8700924948870326
MAP7D3,0.8700818149779608
TG,0.8693696336946362
HOXA11AS,0.8688723815853041
GEN1,0.8683870249315728
IGF2BP2,0.8682191865835405
C17orf63,0.8676108352501931
CLCF1,0.8664812369956383
PFN2,0.8662374908009132
EPDR1,0.8655960822362693
IFI16,0.8652558541087656
METAP1,0.8646703814550601
RAB11FIP4,0.8645115162600567
ICAM1,0.8640612032228815
SLC20A2,0.8635241834678465
ITGA3,0.8635002272994918
KIAA1908,0.8627368728280534
SMC6,0.8625382732457068
ELOVL4,0.8620525949971112
IL1RAP,0.861985334876505
CENPH,0.8619794476926391
VPS8,0.8619184051000014
DUSP4,0.8617904914820073
WDR43,0.8617482185298737
CHRNB1,0.8617454706036799
SLC44A3,0.861404294035147
RPA1,0.8610235356956552
ANG,0.8603739041742396
HELLS,0.8600929114511129
KBTBD12,0.8589575183066638
RBMS2,0.8580890906530505
TMEM106A,0.8574579096733965
AMOTL1,0.8571156671797341
RAD51AP1,0.8569526733394603
TMEM192,0.8565058845488409
MCM7,0.8555361192667519
CCDC58,0.8548847352196107
CTNNA1,0.8547681004712493
PLXNA1,0.8543744858568465
XPOT,0.85410641217329
SLC7A1,0.8541010831418849
DISP1,0.8540013554665173
SLC1A5,0.853624245663375
C18orf2,0.853257803966113
HAVCR1,0.853247036339182
TM4SF4,0.8531351093270163
LOC646214,0.8515031415819203
RRM1,0.8510292229908881
C21orf91,0.8509236417718137
DIRC2,0.8508286286068056
STARD10,0.8505896610007669
NUSAP1,0.8505508719352928
CORO1C,0.8490697086015748
SLC9A4,0.8490075787273055
SNX21,0.8489236011015764
PARM1,0.8484645866725545
SCHIP1,0.848437380850199
FRMD8,0.8481687176162661
BLM,0.8478706127329544
C1orf27,0.8475380107814995
SHROOM2,0.8469366884716047
DDIT4L,0.846779031831069
GGH,0.8467501006858811
P4HTM,0.8457072320080424
GRAMD2,0.8456705287078284
UBA2,0.845295149183447
GRAMD1A,0.8448202421747152
LIPH,0.8446438498327355
MTSS1,0.8445676697672437
DBNDD1,0.8436462769722879
ODZ4,0.8425467370612357
CDC42SE2,0.8425310020556567
UNC13B,0.8425007267385116
PPFIBP1,0.8416827443025279
SREBF2,0.8415168395884725
RDH16,0.8413284765914901
PDE4A,0.8399267508735432
DLC1,0.8391823573946128
MST1P9,0.8390885317306779
DMGDH,0.8386814968561851
C17orf76,0.8381842493093119
CERKL,0.8380393439805223
CHKA,0.8380389584793759
UBXN2A,0.8361962791724893
ACCN2,0.8356777888504038
DPCR1,0.8355579589004384
CACNA2D1,0.835539401779718
HMGA2,0.8354004692450532
RNF185,0.8353573597457579
TECR,0.8352701757867875
B4GALNT1,0.8350812308876017
DNAJC3,0.8345749807476395
GEMIN8P4,0.8344113832289266
LOC100130691,0.8338705634743144
PDXDC1,0.833708952456474
ACSF2,0.8336843285468082
PRR5,0.8334998916381084
HSD17B1,0.8331988572206676
SH3GL1,0.8331923284506414
UBL3,0.8325070491274436
CSDAP1,0.8321963890422379
KIAA0802,0.8318958139007492
FAM173A,0.8318732058278416
DDB2,0.8318707124759416
SGK2,0.831748906331301
RHPN1,0.8316859122264728
ATAD3C,0.8315434636508519
KRT23,0.8312553248503063
UBAC1,0.8312166484830124
MAGIX,0.8309955998262455
TSHZ2,0.8307494146202633
NAP1L2,0.8303453008929154
CDCA3,0.8301884614955338
PHC2,0.8299160054752404
SYNRG,0.8298722373263567
SAMD8,0.8281767157072617
LRCH3,0.82805889946399
CDK4,0.8270291058853374
RAD54B,0.8266901960009235
GNGT1,0.8265200318095427
GAB2,0.826423284877237
B3GNT3,0.8263726974508412
FAM8A1,0.8261212622979177
FOXP1,0.8260740216343884
RICH2,0.8259567774647585
FGB,0.8258822974946765
CDKN2D,0.8256808325991931
ZDHHC16,0.8246763362082672
B4GALT4,0.8245354406323957
LOC151009,0.824325940974387
CCT4,0.8234068886711633
LRRC1,0.8233429491164601
ALDH3A1,0.8222167875829797
F11R,0.8217759162427677
ERF,0.8214509066001504
RNASE1,0.8211102375549609
HAUS2,0.8210509649219511
RASEF,0.8201525462457082
SPSB2,0.8198028453505596
AK1,0.819791263400008
TMCO4,0.819171894684981
MYBPHL,0.8189618365581213
SH2D4A,0.8186469486810346
NUP205,0.8184626075816032
DGKD,0.8180427383107154
RUVBL1,0.8180032094368924
TRAM1,0.8179576051272933
ATP5B,0.8172210414154782
RPL13P5,0.8168129656386276
MSLN,0.8167001964318641
LOC388242,0.8165321094529006
C3orf18,0.8164252433329517
MATN2,0.8159373826836415
FAM178B,0.8158919353958748
ARHGDIB,0.8157955894722277
NPBWR1,0.8157926468036283
SOST,0.8157224107062585
PLXND1,0.8156168782771398
BLMH,0.8153045093707749
ANXA11,0.8147983341036372
SAE1,0.8145884053050781
NICN1,0.8137869712570531
KLK9,0.8135240144560866
MBD2,0.8134264843094139
GAS2,0.8131489831860811
ATRNL1,0.8130577005532057
TMEM82,0.8127797797535056
C3orf74,0.8127681564946999
ADD2,0.8113406370424691
CLDN12,0.8105672315039296
NDRG1,0.8104961882836651
TEX10,0.8092792136950685
DND1,0.80899532505793
NUP50,0.8089326218029657
TPX2,0.8087677781623033
LOC441455,0.8081475556447494
MSL2,0.8081445976858135
BCL11B,0.807599931894871
PLA2G12B,0.8073076155995262
RLN3,0.80715776529323
VASN,0.8070308778915881
ZNF131,0.8063938218180613
RGN,0.8043864296961803
FNDC3A,0.8037713656087456
TAPT1,0.8031480084401059
HBS1L,0.8031371228456721
ZNF341,0.8031198478575441
TNPO2,0.8028301263624094
BNIP2,0.8021612893541408
LOC100130776,0.8018249843755294
C11orf52,0.8016346710858265
DDX39,0.80140609898811
DOK1,0.801253206677765
MEF2C,0.8009657912337838
SLC37A2,0.8008990103677174
CREB3L2,0.8008101260314593
ZNF556,0.8001190630903932
ATP10A,0.8001146168620875
VWA1,0.799944695200149
SLC35A1,0.7998170416309107
RNF133,0.7995486032395631
HECW2,0.7995479491631063
SULT1C2,0.7994956755864622
SCP2,0.7994718101727666
CA12,0.7994491191531432
IL20RB,0.7987713476803648
GLI3,0.7982001666749703
C20orf27,0.7981989007742039
DMRT1,0.7978920945087756
CD97,0.7978661583656746
KLC3,0.7978454061252354
H2BFWT,0.797548165929544
TSPAN8,0.797479928570517
CTPS,0.7967078703603161
RAB15,0.7965903385540704
SLC7A5,0.7955032400996297
RARB,0.7953652922825192
SMARCD1,0.79505268984768
LASP1,0.7946933814479855
SERPINB11,0.7944937107007592
GINS2,0.7944639507939455
SPC25,0.7944595394746468
KLRG2,0.7943759998006957
DUOX2,0.7943353397621087
GRAMD3,0.7940498928556511
ACOT4,0.7926389438458383
KEAP1,0.7925929191897513
CSK,0.7924369786150536
MGC2889,0.7923287633361494
ASAP2,0.7922901023090403
ENPP3,0.7922832991385285
CRYZ,0.7920454277828204
WFDC3,0.7919500271132458
NUDT1,0.7915856698952448
CARD18,0.7914666419541437
FAM176A,0.79106659362875
NECAB3,0.7909591222746564
QPRT,0.7907488058271154
COPS2,0.7904726778724558
BIRC5,0.7903934145663344
SNRPD3,0.7903897970359746
GTF2H3,0.7899468421369652
DBR1,0.7890140922026014
KCTD6,0.7888752943640367
NTHL1,0.7888497352469404
HYAL2,0.7886480212036802
ARHGAP11B,0.7886423403058571
CCDC86,0.7880184741622127
RNF126,0.7879822684849896
MAGEA11,0.7876650085537888
CD151,0.7874851802144027
ACO2,0.7870220378233427
TMEM132A,0.7868728242990245
PRKCD,0.7860143290542787
NRBP1,0.7852439785360714
UGT1A4,0.7851246000963811
SDHAP3,0.7850721925331863
CLRN3,0.7850010746044441
ORC1L,0.7847335668111562
CYP4F3,0.7847021937156937
ProSAPiP1,0.7846661337291488
LOC127841,0.7845338492324323
PNO1,0.7844721061130675
ZNF238,0.7840498886955756
ATP13A3,0.7835730655344623
PTPN14,0.7831075201724916
IBTK,0.7823178193787482
CITED2,0.7821939474333147
SIM2,0.7818231534370689
GAN,0.7814515746733517
DNM1L,0.7807452976400732
TMBIM4,0.7804175264759123
CHODL,0.7800498778853908
WNK2,0.7795546041481003
IRX5,0.7790808205938994
ADSL,0.778890905757551
ASTE1,0.7787091381259307
LOC283761,0.7782656939365038
TBX18,0.7781853903502136
RFX7,0.7781077768375734
ZMYND12,0.7772526184925337
GPRC5C,0.7766643319782225
SENP1,0.7764502145910108
BRD4,0.775368218817498
MGC4473,0.7749753420959256
C3orf59,0.7748072121546379
MTBP,0.7744839324540834
TMEM2,0.7737567589076297
MMP3,0.773631711542001
TREM1,0.7732922293951752
AHCY,0.7730520971582913
STRAP,0.772204007620418
NELL2,0.7718936875247822
CTSO,0.7718013884707363
CCNA2,0.7716606043026707
KCNH1,0.7714878395797555
SLC26A1,0.7712511792949974
NEFL,0.7707451751334972
GCA,0.7704904549339627
DUOX1,0.7703877755004289
OTX1,0.7703444468195757
CENPA,0.7700524122935154
SYTL2,0.7698297923546825
AADACL2,0.7694321217102993
CCDC85C,0.7693180937450657
PBXIP1,0.7692802024496779
C14orf33,0.7689444903178843
PAPOLG,0.7685006011943414
ABP1,0.7684685340864144
NPL,0.7679227621402701
DZIP1,0.7678306909997651
DLL4,0.7677638610905988
OVGP1,0.7676393554677358
NEB,0.7675503867881136
TRIM34,0.7671477892207987
MKKS,0.7670979169468357
COG1,0.7670834000096978
SIPA1,0.7669714609632649
CHMP2B,0.766761312499973
ULBP3,0.7667189189643329
MEMO1,0.7662123465870696
ZNF770,0.7661825484053666
GAST,0.7660012494780469
CARM1,0.7659019354735719
CAPN5,0.7648037530943862
ZFYVE16,0.7643998911769975
SPTB,0.7642985273595455
ECT2,0.7641813156465693
TRIP13,0.7638007811044828
ITPRIP,0.763788263983773
LRRC26,0.7636795111692225
LCE3E,0.7634857631749792
NKPD1,0.763451044992078
SLCO3A1,0.7632194916192542
ARMC9,0.763172811557424
PCDH1,0.7629344317514193
WFDC13,0.762629817613942
BATF,0.7621524848802592
KBTBD11,0.7620441241445215
VRK1,0.7620305091108052
GRID2IP,0.7618015542000155
SLC26A9,0.761776380676449
MAD2L1,0.7617348287019133
TBX3,0.7613356891398619
MAP3K7,0.7600032845618265
RNASEH2A,0.7598146714493126
EPB41,0.7587577623192194
SLC1A4,0.7584622302419014
LASS2,0.758292715323482
GADD45G,0.758236147516683
DKFZp434J0226,0.7575952696292825
PLEKHG6,0.7575400664283861
CDK5R1,0.7574984729700355
SPIRE2,0.7574066525356512
C17orf72,0.7567599959165259
TK2,0.7559026476063373
CDC42BPA,0.7558620144951902
TIMELESS,0.7549481129365471
C18orf54,0.7544735696495442
RNF213,0.7544638234709239
RNF187,0.7542882329136047
ANKRD28,0.7540774505890163
PNPLA1,0.7538409084900963
BRPF3,0.7535445709820493
APAF1,0.7533902322030226
PCDHA13,0.7529051210822744
FAM98B,0.7525988205500069
VWA2,0.7524995668646051
CSNK1G1,0.7522782530520875
ATXN10,0.7522414752043715
PSAT1,0.7521648645625971
SLC25A45,0.7521630672863625
AGT,0.7518411838186041
MED10,0.7514979556395028
PNPLA2,0.7513574528593696
ASL,0.7508999228444673
DRAM1,0.7504527679143267
OCIAD2,0.7503324177086386
ZNF737,0.7502501780027959
PCDHA11,0.7500898668843892
RAN,0.7495677975467617
CLDN9,0.7493567609875342
MAPK12,0.7493210442883187
SIL1,0.7491084802199294
SLC22A18AS,0.7489880361402748
NT5E,0.7485630381882992
EDARADD,0.7478940408637037
CLDN4,0.7476253665201409
PARP3,0.747302141685018
SCD5,0.7469656324582056
TTF2,0.7467072469916809
PGAP3,0.746578803628865
MSI1,0.7462762434807454
SERPINB6,0.7458615763304595
RFK,0.745538979205681
DAPK1,0.7454604588639019
C1orf183,0.7454098297346677
VAV3,0.7453927364325201
VKORC1L1,0.7452208149589404
FAM57A,0.7452162666639837
BTD,0.7449417858953347
KCTD14,0.7444908819350778
PSG4,0.7443610030148211
SPERT,0.7439715204216482
PARD6B,0.7439572681014055
EIF2C2,0.7439554111342143
DNAJC19,0.7438506174343272
FAM177B,0.7436686280272072
MALL,0.742626107174603
C19orf48,0.742565494075575
PLEKHG3,0.7424918305025413
HIST1H3F,0.7422880872662161
STK33,0.7421187392424025
BCMO1,0.7419095569124173
RASD1,0.7417493532821815
SRF,0.7416092150507032
C17orf68,0.7415641847871903
COX6B2,0.7411976308596835
C10orf32,0.7410507196684316
C2CD4D,0.7408997187045763
TWIST1,0.740775838948381
SLC1A6,0.740734573259026
TIMM44,0.7400403959193028
SDC1,0.7398423707664228
SRGAP3,0.7396751624050157
FAM109A,0.7388275691682736
C6orf162,0.7384081064798182
PIAS2,0.7383200930605153
RBKS,0.7378974704658303
GINS1,0.7372799317598805
TGM2,0.7365632651268958
FAM105A,0.736505996110341
POU3F1,0.7362053372240827
RIPK3,0.7358596213440525
LAMA3,0.7358208951287291
SHMT2,0.7356837372592958
FAM132A,0.735641880737788
DHRS12,0.7352837646256407
ALDH4A1,0.735150242406979
ADRA1B,0.7348480936301962
CCPG1,0.7348476520763239
SAMM50,0.7347910753688394
YBX1,0.7345212389137682
RILP,0.734438355363531
GLYATL2,0.7343907442583144
CYP4V2,0.7340710779895365
GSDMC,0.733967579325558
AURKB,0.733872443912726
C5orf43,0.7338528570818666
ESCO2,0.7337300276460652
SEC24A,0.7334866260907026
ADAM8,0.73316601308195
LOC145837,0.7328995001119153
PPM1L,0.7326985584967338
PHYH,0.7320361266575749
FOXP4,0.7320126900119657
BCAS3,0.7320111347944432
NINJ2,0.7318504105512564
PLK1,0.7314709310826039
PAEP,0.7313036170065917
DECR2,0.7312967155392227
MKRN3,0.7311620527830739
GDPD2,0.7310690722334076
GPI,0.7309089805167702
DUOXA1,0.7308996637951146
CEP97,0.7308792072054016
HS3ST3A1,0.730765481118418
ANTXR2,0.730331741891038
TMEM14A,0.7302534152088866
ERCC6L,0.7302104466024645
C20orf112,0.7301395014792436
GLRX,0.7299943190880467
SERPINB12,0.729965181802013
LOC730101,0.7298069868453547
MXD1,0.7293088180523014
MYCL1,0.7288109755010075
FAM63A,0.7286928460137706
HLA-DMA,0.7286160634245118
SCIN,0.7280870264040787
FLG,0.7280045416630836
SLC9A2,0.7277595463910653
RHOA,0.7276128411372449
NRG4,0.7273267295626076
MRPS25,0.7272716977329468
FHIT,0.726695511323198
MRGPRX3,0.7266868057329903
FBXO16,0.7265637151732998
C15orf21,0.7262821107014177
SMURF2,0.7261985107570568
KIAA1467,0.7259783466275589
GPR77,0.7257761444401297
CHCHD6,0.7257557378218827
SNED1,0.7256250675659073
OAF,0.7255331618634966
WNT7B,0.7254906038119906
TCTEX1D2,0.7251325682692091
SNX25,0.7250663447181268
SLC36A4,0.7238828506027768
APOBEC3B,0.7237737494095098
PTP4A2,0.7231622299771039
TFDP2,0.7230149761874282
TSPAN3,0.7227476079545307
HMGB3,0.722673110922827
LOC400794,0.7226721321818655
FLYWCH1,0.7225952380440224
DAGLA,0.7223598900260937
ZSWIM5,0.7222625898360308
SYN2,0.7216816605171275
IGF1R,0.7215716136677738
RAP1GAP,0.7214279220948433
ARFIP1,0.721426396104148
BCL2L10,0.7213898760294173
B3GALNT2,0.7213514658198674
SPHK1,0.7208779943311697
SLC13A5,0.7208735163296355
ZCWPW2,0.72079553280301
NDE1,0.720705922394232
GLT25D1,0.7206899865006628
LMO4,0.7205905310848679
KHSRP,0.7202712424674067
LFNG,0.7202340530113669
FOSL2,0.7199328918504192
NUP37,0.719906432674939
CCDC109A,0.7193148083082835
CLCN2,0.7186627362668078
HSPC159,0.7184580536370997
STARD7,0.7183373227444958
C1orf88,0.7182005143322934
YWHAQ,0.7180466588275534
MSH6,0.7175096532377678
TMEM219,0.717263076784493
PSEN2,0.7168006094953587
TNFSF15,0.7162499630704058
AP1M2,0.7159040713639055
RAB38,0.7156715777908373
IGFL4,0.7156413156357696
CEP152,0.7151958489462213
C1GALT1C1,0.7150845685877794
DENND2D,0.7149500855253372
MSRA,0.7148277720832401
RPL35A,0.7147420019030172
ACHE,0.7144664800086789
RBPJ,0.7141544044486121
C11orf75,0.7138752808361257
VCX3A,0.7136569166860119
PRDM13,0.7136445748260409
SR140,0.7136009026754135
ARL6IP6,0.7133738862588559
TAT,0.7133375920518406
RARRES3,0.7133268827969022
IVL,0.7132750628285158
EMX1,0.7124388852495507
CDK1,0.7123868518142579
LOC606724,0.7118802894231526
SMC2,0.7117958064878017
RNF126P1,0.7117889147732777
DNAJB13,0.7117312126810459
LRP12,0.7116212150219016
MRPS36,0.7110810528094396
ACO1,0.7106049235869832
VSIG1,0.7093286540813541
NUP155,0.7090714023685746
IFNAR2,0.7090654798845492
HIST1H3G,0.7090549651833649
RFTN1,0.7087533906815621
CTDSPL2,0.7085642693922534
C2orf89,0.7084501959154381
BID,0.708367726778576
C2orf55,0.7083059462966238
GPR160,0.7082333378553529
C8orf31,0.7081801087920008
C8orf4,0.7078112077336385
SUV39H1,0.7077465675930823
WTAP,0.7073551409245521
EDAR,0.7072122090751637
ALDH1A1,0.7070567102969982
PHLDB3,0.7070083541470806
PIF1,0.7066120562894258
ITPKA,0.7065809038189349
CPD,0.7064236946280229
APEX2,0.7064014418149291
CASK,0.7059427257323463
LRRC4,0.7055988754202596
FZD5,0.7053582761960789
CHAC2,0.705205106965599
FOSL1,0.705023284972002
PCDP1,0.7048938136144394
CASP6,0.7046068118600202
UPK3A,0.7045645621518344
TLCD1,0.7045334676892625
EIF4EBP1,0.7043489550434483
TFCP2,0.7042004755191552
PCBD1,0.7036503060639259
KCNG2,0.7033957528863206
PVRL2,0.7033749316470241
WDR69,0.7030874819769743
AKR1C1,0.7030162989141266
TMEM41A,0.7027068657887002
CXCL17,0.7026268975764949
SLC30A4,0.7023422906678296
EPGN,0.7019032060500011
PCDHAC1,0.7018193877770654
TRIM16,0.7016543099857822
SYNCRIP,0.7008593366535028
TNFSF12,0.7006083198329086
MAGI1,0.7005053165799124
DUS3L,0.7001159549381395
MAPKAPK3,0.7000681591607252
SPINK13,0.6998955689554724
WSB1,0.6997903669190557
HSPB3,0.699461739723621
RGS12,0.6993485636820894
SLC1A7,0.698924570240366
PDLIM1,0.6987829096348467
ERMP1,0.6987413906239066
RIPK4,0.6986855864218169
HNRNPM,0.6986351616963438
S100A11,0.6984326308893818
FAM83E,0.6982443598063365
ROR1,0.697580128990267
ELF4,0.697483195053809
CBX6,0.6973738569424164
ONECUT1,0.6972874898701568
CAND1,0.6972683534295046
RASGRP3,0.6968836977396229
CDK2,0.6968587266292929
LTK,0.696847812034695
PRAME,0.6965425707390195
SLC26A10,0.696507497757955
PPP1R2,0.6964549140983507
HOXC8,0.6962746637587232
HTR1D,0.6961908272848504
EIF3D,0.696144095905733
SEMA3B,0.696123133743068
FAM105B,0.6959209879594679
CDK2AP2,0.6959045285831422
TMED6,0.6956542448597971
INCENP,0.6953227107436845
ARX,0.6952853688270806
CREG2,0.6947590723085723
GORASP1,0.6946909964397263
EPT1,0.694408926354124
ATOH8,0.6942586794278577
CDC20,0.6941476619917798
ZNF658,0.6941393986896566
CRELD1,0.6940683660407383
SERTAD2,0.693996816863047
LHX2,0.6939794922039806
KRT1,0.6939113745752024
HSPBAP1,0.692984348022924
TTC7B,0.6927825045591185
SEMA4G,0.6924489144743367
ADRA2B,0.69221853735248
KIF11,0.6918930616465139
SLC4A2,0.6917809701972666
KLHL32,0.6914421535284536
NEO1,0.6912741614982518
XPNPEP1,0.6912066418171741
DUSP6,0.6909573844665555
SH3RF1,0.6906064730058794
NDFIP1,0.6901149323736018
PLEKHA9,0.6897607110307328
ZNF429,0.6896841329842013
KIAA1486,0.6895932767207247
LRRC28,0.6895271681603664
PPM1F,0.6892893074089788
CRB3,0.6888291939739378
HPGD,0.68868870425818
TMEM194A,0.6885269208831767
DEPDC5,0.6884349481424443
C1orf110,0.6880884677170346
ACY3,0.687386542068014
SCPEP1,0.6873743396326816
DDX47,0.6872152044439004
ZBTB7C,0.6872110622909005
C5orf45,0.6867261151055493
FZD4,0.68645489288729
C2orf67,0.6860557744542477
CDCA2,0.6855852509605949
ZNF493,0.6854619841191658
DKK4,0.684212157579255
PLAGL2,0.6840633919819904
IL22RA1,0.6839615769621982
HNF4G,0.6837010542794416
TRPA1,0.6835914783203141
SP9,0.6835036842315803
TMEM19,0.6832155628903903
RAB10,0.683045427472294
LAD1,0.682801297036773
MAGI3,0.6823807413296201
TEX101,0.6823109864457474
SDHAP1,0.6821089952199575
SPRR2C,0.6816781822073333
LACTB2,0.6815434588452998
TP53I11,0.6814908176218097
SHPRH,0.6813980446878818
DUOXA2,0.6813136083788314
EGFL6,0.681258223976667
PYROXD2,0.6801645041966433
SEPT5,0.6797121229499066
EPS15L1,0.6794343787717783
KRT19,0.6792329386650843
IGSF9,0.6791828353221455
FLVCR2,0.6791149492086482
CKMT1B,0.678867731447103
GINS4,0.6785011205964062
AIM1L,0.6784725158849305
GKAP1,0.678430256574639
CCNG2,0.6783594565044955
SRD5A3,0.6782278679274615
CLEC2L,0.6778929496524111
SMC4,0.6778528397857653
NPC2,0.6778362387820676
RAB21,0.6775832391812806
ELK1,0.6773120511363315
CLIC2,0.677282115743884
DENND1C,0.6772062444960206
SIRT1,0.6771290239167229
S100A12,0.676858150646069
LRCH4,0.676683924207348
E2F5,0.6765711706537865
TFPI2,0.6757225654592321
MED30,0.6756892821504927
LPAR5,0.6755682567697082
HEMK1,0.6754555833139069
FAAH2,0.6753590616273575
APOBEC3C,0.6749374762381666
CYP26A1,0.6748292503461876
LOC441089,0.6747828845855944
STC2,0.6746980743232078
SFTA1P,0.6741200963436247
ZSCAN5A,0.6741093557835438
MAPK10,0.6738443809663237
ZFYVE20,0.6737769169374634
ICAM2,0.6737365171494968
KLHL30,0.6736238715374836
OCEL1,0.6734983621723434
WIZ,0.6734696974493795
UNC45A,0.673404540072985
ORMDL3,0.6719014423519678
AMIGO2,0.6718693382480629
POLR2H,0.671846693893976
MARCKS,0.6717693828239721
PGPEP1,0.6713959133084116
PKN1,0.670828963551806
C20orf70,0.670629606352366
TRMT6,0.6704853507187375
FDXR,0.6702213153901424
POFUT1,0.6700639484364934
RQCD1,0.6698454602253135
GNB1L,0.6697335839411248
DTL,0.6696994921024668
SMARCA1,0.6696075162412384
DUSP14,0.6692397718797769
ALDH2,0.669220657897982
REEP5,0.6689696183211923
EXO1,0.6689557153072545
RPS6KA5,0.6686594618086957
TAF4B,0.6683807899739739
ARPC1B,0.6680762616086846
KIAA1671,0.6679979001435211
CKLF,0.6679675805427636
C5orf53,0.667929296103301
TMPRSS4,0.6677468018634862
TUB,0.6675139725100606
GAP43,0.6674842697865165
NKAIN1,0.6673263466326165
ACMSD,0.6671830172819316
VIT,0.6670344000364855
LOC728554,0.6670170779244857
LHX5,0.6667766077453627
CPEB4,0.6666859673548633
CYB5A,0.6666253101508343
CDK2AP1,0.6665668164542072
MGC16703,0.6663454900460984
ST6GALNAC1,0.6662810547406187
WFDC2,0.6661173358320283
PALM3,0.6659478485136175
MANEAL,0.6657746610089974
FAM131A,0.665546796776786
IRF7,0.6654759203517181
PAWR,0.6648622330758133
PARD3,0.66464157957654
GAS2L1,0.6643636598395952
DYX1C1,0.664288615637739
CCDC40,0.6642463081760142
ABHD14B,0.6641851863480385
NAT1,0.6637192284785242
LIMD1,0.6636492252970057
SNRPD2,0.6636103521209628
SUOX,0.6631994402638287
CROT,0.6630630757550644
CMPK1,0.6628886222069361
DSCC1,0.6628536200721
ABI1,0.662758495634725
DOK4,0.662543418780251
IQCB1,0.6624134883936744
TMEM154,0.6623293842797848
RASSF3,0.6616551243166917
TRPS1,0.6616550585713173
RP1,0.6610132601208832
QPCT,0.6602909703947639
ADCY10,0.6600655046345056
MRPL3,0.6599377653497106
C17orf53,0.6597054156837441
PRKAR1A,0.659569856283225
KIF7,0.6594452844786913
TMC4,0.6593453748554814
KIF18A,0.6592335378497934
SYVN1,0.6590315671280912
EXOSC2,0.658856182322337
SAMD10,0.658716601120457
TCF15,0.6585711872374241
MST1R,0.6576336665502862
MICAL2,0.6575791309425848
ZNF281,0.6575185054500574
PINK1,0.6575139706013335
MTERF,0.6569097271160005
ATP6V1E1,0.6568070303771785
CLDN7,0.6565522949569076
TMEM233,0.6565177772397794
TCIRG1,0.6564730354032782
C1QL4,0.6562820349173724
ADAL,0.6562197725239785
C6orf10,0.6560602264807908
PDPN,0.6556483606958351
COPS7A,0.6554184321064591
SEC22C,0.6551211278107261
CCDC103,0.6548679326623817
C9orf64,0.6545301200550137
JUB,0.6542972176019481
KIF18B,0.6540405402551319
RTTN,0.6539460876346259
WWC2,0.6538946063718144
GPR50,0.6534708148119991
TSPAN14,0.653408603951787
MAGED2,0.6528474209680577
ZFYVE9,0.6528231911659135
CDCA8,0.6526045650198445
RAB5A,0.6525604941557837
PTPN18,0.6525240155539145
GABPB1,0.6524675038282379
WDR55,0.6522773444313097
C12orf27,0.6522207097032542
CTBP2,0.6517983282780697
CXADR,0.6516307140659843
BAIAP3,0.6512802404536157
ZNF343,0.65109625394839
TH1L,0.6509837021230807
DEFB126,0.6509320610928538
HDAC2,0.6495291113655766
FAM117B,0.6494986032642379
ACOT7,0.6492890387220334
LEF1,0.6492492333495166
FAM54A,0.6491857654538267
ESYT2,0.6490509178348782
MFI2,0.6489453049810713
EHHADH,0.648876282721725
FAM69B,0.6488628654955044
SMAD3,0.6488345703192218
SH3TC2,0.6486393366191698
TRAK2,0.6482958783192752
MEIS1,0.6482853047152454
CALB1,0.6481789636137013
LOC254559,0.6481511864079887
RPS6KA3,0.647893129947244
SEC22B,0.6477103478853429
UNC13D,0.6475616318844493
TCF4,0.6475089717588436
LGALS3BP,0.6472320777580722
ESPL1,0.6472176949557388
LY6D,0.6471664586685164
GTSE1,0.647103707268953
MRPS11,0.6469676381811851
CCNA1,0.6469046164844385
ZDHHC21,0.6467650412844379
MID1,0.6466686657048024
LOC100128191,0.646640327820797
RFWD3,0.6466237949225655
ENOX2,0.6463057025877474
GNAI1,0.6460879531739818
LOC113230,0.6460875792227494
TAOK3,0.645944249067626
SEMA4A,0.6453981875664996
QTRTD1,0.6449334250988181
CASC4,0.6448695165741272
BMP5,0.6447337865949287
FCGRT,0.6446920785334175
PPP1R14C,0.6446644698567477
UGT1A8,0.644505196521914
?|653553,0.6438323805145039
ROBLD3,0.6435261136189698
SHANK2,0.6434503170359394
FAM184A,0.6431886342089468
MYO5A,0.6430621487817626
TOM1L1,0.6426928067630782
TNNC1,0.6426781023165007
CREB3L1,0.6424249685822271
FGF11,0.6422064591914116
KIF25,0.6421082956248585
C9orf68,0.6420894324806273
CSF2RA,0.6418588347093401
KLF2,0.6416442352952568
NR2F6,0.6413682235129925
TTLL6,0.6413406847097065
CFI,0.6412540531050692
GABRE,0.6411443060869386
TOMM40,0.6409257173364724
UBE2L3,0.6409018599268719
OR7E91P,0.6408001769576809
CACHD1,0.6406753745576266
CYFIP2,0.6405074607849536
ACP6,0.6401446708782826
SEL1L3,0.6401006907978102
KDM3A,0.6400330687561679
ZFP2,0.6397515815456205
VDAC2,0.6392354601155126
HSD3B7,0.6389834673492298
C14orf72,0.6389625261137108
RNF212,0.638874367408836
GEFT,0.6384745701845205
KCNJ2,0.6384692132694582
PTPRF,0.6383197670654607
POPDC3,0.6382387291982483
SDC4,0.6373306994530763
HHIPL2,0.6372282187697001
IPO13,0.6371055680929641
KRR1,0.636531066354178
CASP14,0.6364905478620108
ZNF681,0.6360173005725833
TFAP2C,0.6360066922856025
PKMYT1,0.6355012263944122
SOD3,0.6352592456148365
LONRF2,0.6349667541682209
CCL26,0.6347314937933717
RALGPS1,0.6346217996261267
LUZP6,0.6345807016327645
PI4K2B,0.6344881620894055
MLF2,0.634398182707868
PBK,0.6342227174884388
PPP1R1B,0.633907918407748
CACNB1,0.6334075313351559
PRRG4,0.6333272573891079
SCARA3,0.6332245238328194
IL17RC,0.6328847864182339
NGB,0.6328379261447848
GFAP,0.6324626786348821
ECSIT,0.6324537831817173
C10orf58,0.6324386519286557
SPPL3,0.6322059032676399
PPP4R4,0.6319528147376121
PIGM,0.6319135745579538
HMGA1,0.631831310900799
NCRNA00160,0.6317653359594645
NAA20,0.6315313463868493
FLJ42289,0.6314240108460742
PTPRJ,0.6312149252919895
PRDM16,0.631185382454662
GPRC5B,0.6308195819723169
A2M,0.6307495863854993
KIFC3,0.6307268120047632
KIAA1984,0.6304959911176329
FAAH,0.6304117458874758
TADA2B,0.6302570839569821
C10orf108,0.6301818588945794
FAM177A1,0.6297204239134824
ZNF239,0.6293187676310248
CEP68,0.6292072245437643
CCDC48,0.6291600449279736
GPR35,0.6290739629313982
SNRPB,0.6279684904891724
ZSCAN2,0.6279025627836342
STK32C,0.6278353564755239
CKAP2L,0.6277928416502058
SELO,0.6276556279719521
TARS,0.6274855634346443
CA13,0.6274808983537534
FAM64A,0.627150899018583
PIK3R2,0.6269928043860127
SYPL1,0.6269059312880667
MEF2D,0.6268981423540729
WDR67,0.6268566501632948
BTG1,0.6268288117945011
KLHDC9,0.6267598377221255
GOLGA7B,0.626740538351237
SLCO5A1,0.6262674258844694
LYPD6B,0.6259278967905868
LRRC57,0.6255915462175173
HK1,0.6254004857673876
H2AFZ,0.625288932125711
TMEM50B,0.6252567632116875
STK35,0.6251844597243945
WDR34,0.6251439471646794
JAG2,0.6250947475542792
TPI1,0.624586053102447
RUNDC1,0.6245679093395355
DLG5,0.6242114582755961
ARHGEF2,0.6238656502329468
CYP2W1,0.6229771686111635
C6orf170,0.6229149756983483
UFC1,0.6227289849116314
CSNK2A1P,0.6224715860285172
NGFRAP1,0.6221809132307744
STK39,0.6220236604391838
SH3RF2,0.6216932558188579
NXT1,0.6216649124352387
PCBP4,0.6214586216488972
ETNK2,0.6214400402091054
PDK1,0.6213455871236968
DCDC2,0.6211406931609976
NOD1,0.621137408773779
AKR1B15,0.6208397810239296
MYEF2,0.6206644375779041
GNS,0.620533717330622
C1orf198,0.6201131404969832
CCDC107,0.6198882144907003
CHEK1,0.6198681216925137
XBP1,0.6197791675101112
TNS3,0.6195940618104171
ATRN,0.6193980701213619
SDK1,0.6193470878626667
GRM4,0.6192586073640834
PLEKHG5,0.6190083985581321
ZNF280A,0.6189621507614156
ARF4,0.6189468748929162
P2RX4,0.6188026645129737
NR0B2,0.6187810000799655
PLEKHA1,0.6186777225435002
PDCD6IP,0.6184396059303006
CDH3,0.6182812680714661
PKIB,0.6178050865559002
CKS1B,0.6177880868027296
PPT2,0.6177564633217432
REEP6,0.6177124632097686
FAM81B,0.6175818331126369
STBD1,0.6175612423888064
GUSB,0.6173914943713946
CFB,0.6173714718165906
PPM1J,0.6173513719850641
ALDH7A1,0.6168645066289928
MET,0.616812631543487
CHRNB2,0.6163829215902092
DTNB,0.6161732925636035
ATP2A3,0.6159990814948891
LGALS3,0.6159323243436737
EHD3,0.6158825112483554
KIF2C,0.6157000163791535
PMS2L11,0.6154585290623424
TMEM135,0.6152250120230459
ZNF672,0.615070297158501
PLA2G12A,0.6150685685000518
HK2,0.6150278239516183
CHIA,0.6148439879445764
ERBB2IP,0.6147565607091628
NMD3,0.6143811447115317
PARP4,0.6140965569099508
KIAA1239,0.6139165381071993
CLTCL1,0.6138333887069208
ZNF763,0.6137416338345014
NUDT13,0.6133932345000124
EPHA7,0.6132376224045604
GLB1,0.6131714266115512
BMF,0.6131568366945024
ABCD3,0.6126776859235535
MUC13,0.6126203431963337
AHSG,0.6125625899805367
CMAS,0.6124883459514874
MBL1P,0.6123949578204217
DYNLL1,0.6122924860038766
SSFA2,0.6122883273239896
FOXRED2,0.612187773584582
P2RY6,0.6120703410764716
LRP2BP,0.611716723672911
BOK,0.6116105499031789
MAPK11,0.611411897160907
GMNN,0.6112809058431149
CST6,0.6112553948649213
GNA15,0.6111848980251613
TMEM59,0.6111348160016457
FAM20B,0.6108098852218029
TEAD4,0.6106953600152358
PPP2R2B,0.6106041933387015
CNNM1,0.6106013497476181
FMNL1,0.6105754224708477
CNTN5,0.6104940614705988
CST3,0.6104593768935769
RAMP1,0.6103282237190872
ZNF460,0.6100368415828544
WDR75,0.6100183357473141
SNRPG,0.609864360644499
RG9MTD1,0.6096879677033405
HDAC1,0.6096582116069776
TSKU,0.6096581078753311
EML6,0.6094707331229896
ATP2B1,0.6088548800128786
EXPH5,0.6087747263106181
KDM2B,0.6085787704460337
SERPINA11,0.6079576632879159
DCAKD,0.6078868825039198
TENC1,0.6078709126052992
PCDHA12,0.6071243057775482
FBLN1,0.607094198615887
PDK4,0.6066594784092103
SLC25A12,0.6064922502812605
NME6,0.6064129341925352
C11orf93,0.6062657530405589
KIAA0141,0.6060277780465368
CTSS,0.605733522788474
FOXO1,0.605694018296154
MUC5B,0.60550180687126
GPC3,0.6054922771056807
CHRNA7,0.6051998503078589
YPEL2,0.6051872185867548
GSTM2,0.6051265825723351
WBP11,0.6051202759059221
FGA,0.6050221340371829
TMEM20,0.6049972872233239
SLC25A36,0.6045918622728875
PCBD2,0.6045235034081977
HOXA9,0.6043655731719766
ALAS1,0.604126189607677
CXorf57,0.6040605602426278
XRCC6,0.6038690037904979
MTFMT,0.6036870489458175
C5orf36,0.6035725464444406
TRO,0.6035438900812204
ARMC3,0.6030742788791481
GCLC,0.6030287184713241
GPR81,0.6030074078525784
TGIF2,0.6027811143168096
BBOX1,0.6025050927491447
PYCR1,0.6020738488052088
KIT,0.6016205949820339
SLC9A9,0.6015826190493395
DNASE1,0.6010786041944334
GCNT3,0.6010727617552241
MXD4,0.6009305775977715
SBK1,0.6008524663207792
TRAF7,0.6006533048867702
SPATA5L1,0.6005963205697895
TRIM23,0.6004415950166433
C14orf34,0.6002196459883056
GPR110,0.5996989377076736
PPFIA3,0.5996176820330464
CAPN9,0.599392861933258
NSDHL,0.5993590605082573
LOC151534,0.5992891482943676
LMOD3,0.5992386514711435
HDDC2,0.5992153268642714
ZMAT1,0.5991500164799085
TRMT61B,0.5990041458058627
EGFR,0.598776408322399
KLHDC1,0.5983920038328917
FADS6,0.5981737710096352
EFR3B,0.5980052005736609
TTC21A,0.5979909426504891
SPATA13,0.5979128525677155
PSG5,0.5978166650158735
PSMB1,0.5978000443213903
SMAD5OS,0.597720142631722
SEMA3D,0.5976835403073005
GOT2,0.5974725983903463
PCSK1,0.5972342802700379
GDF15,0.5971149695544637
LOC154822,0.5967514147934246
POMC,0.5966793188006577
BAG4,0.59656316930752
SPATA7,0.5963844637914044
C6orf124,0.5963569571376031
TLX3,0.5959144199782994
ITGA9,0.5958246467905113
SLC38A10,0.5958238857201055
OLFM4,0.5956673232615985
MFN2,0.595607283034286
NUDT15,0.5952257099971495
OTOP2,0.5951159139655315
POLA2,0.5949521453494008
SCNN1A,0.594655180903884
IFITM2,0.5941687452367852
ZNF75D,0.5937257648333845
MTMR14,0.5937128645748351
EIF3J,0.593673517667425
RAD23A,0.5936298254639206
FAM71E2,0.5936165087507645
ZFYVE28,0.5935490225576988
LOC100216001,0.5934425580911692
ARHGEF17,0.593285489388807
C9orf103,0.5932520456487481
ARHGAP28,0.5931229084300208
EXOC6,0.5931053511579266
NOL10,0.5930625073193286
CCND3,0.5928916413442149
XPO1,0.5924677882583858
VIL1,0.5923965134646935
DR1,0.592362406911433
TRIM16L,0.592146138912411
CTSA,0.5920635405953759
TIPIN,0.5920387381337565
SLC3A2,0.591694067066969
LINS1,0.5916075557140847
MLLT6,0.5914786140720601
XRCC6BP1,0.5912829056981915
SPNS2,0.5910594002372416
SLCO2A1,0.5908744587769607
NPM3,0.5908545305863299
ALG1,0.5907622578231603
C7orf23,0.5904847673552696
PDHB,0.5904821680242796
PRKAB1,0.5904802316105111
GSG2,0.5902888567367368
PGM5,0.590216637737929
VAMP8,0.5900694948426458
HTR3A,0.5900555876723863
B4GALNT4,0.5899979704782023
ARRDC2,0.5899610066385791
CD47,0.5899425304084815
TRAF3,0.5898775007012391
LOC728758,0.5897917952596791
SLC2A12,0.5897450493765484
TMEM45A,0.5897390300950548
LCLAT1,0.5897321691822441
PGAM5,0.5897263465809626
BRIP1,0.5896255275405856
HORMAD2,0.5890456430738066
FTHL3,0.5889873400704785
DHX9,0.5889397101742886
MAPRE2,0.5888305892990281
GTF3C3,0.5887429770461393
PCSK9,0.5885379452309965
PRIM1,0.5881669643755523
TEX264,0.5881525774611052
SLC5A6,0.5881364896085801
RUNX3,0.587977955257335
CCT5,0.5879757166116771
SNORD1C,0.5875300769985287
NEK8,0.5874670783333034
ALDOC,0.5872745118645046
LRP8,0.5872313682459972
SPC24,0.5870374885868307
TRNP1,0.5869618534710237
HDAC11,0.5869047864086644
TRPM7,0.5868058440833358
TINAGL1,0.5867896414751961
GNPTG,0.5866827523597962
RPL39L,0.5866351345892653
CAPN14,0.5864357100435721
TOP1,0.5863429203323745
FAM113B,0.5862850805969191
KCNMB2,0.5860990994282592
PRKCI,0.58605194554012
AGR3,0.5856547595632586
PLP2,0.5855397089680715
NOTCH3,0.5855372369622139
SSX2IP,0.5850698969912171
MSGN1,0.5849595173482531
PCDHAC2,0.5849436056284404
ZNF365,0.5849435618771761
RBBP8,0.5846944039324754
MUCL1,0.584688731367969
C1orf127,0.5846394849220732
USP39,0.5843176266948331
C6orf174,0.5842842811027433
CCDC30,0.5841778135425251
C12orf41,0.5836052697645324
AP3M2,0.5835994044905431
HABP4,0.5835508331781718
SLC22A3,0.5832867221961492
CAMK1,0.5832578548063885
KLK8,0.5830891496534766
OSTF1,0.5829151811739757
KBTBD6,0.5828473477235941
CTH,0.5825185978879331
PTPRM,0.5824849011796163
TYSND1,0.5824402795893959
FAM86D,0.5823380124941768
NOP2,0.5822628016047006
SLC39A4,0.5822142017259929
SHISA4,0.5821857150775187
TC2N,0.5820641301024729
ARHGAP42,0.5819907358399392
MESP1,0.5817437509028233
COL4A3BP,0.5815861328905942
LOC286467,0.5815735083016814
SRI,0.5813088328583358
GBX2,0.5812076612847481
PODXL,0.5812058378664888
UBA6,0.5811184091494446
TMLHE,0.5807623742340331
LRRC8A,0.5807206365001367
ISL2,0.5800906794686529
CDC42SE1,0.5800169092497434
AEBP2,0.5800140698736123
ADORA1,0.579905797620881
ZNF326,0.5798334188413308
AMMECR1,0.5796904854830032
EEFSEC,0.5795217052894921
SIPA1L2,0.5794041385494355
PKM2,0.5793073272101052
RASA1,0.5792923760013324
SLC25A5,0.579218071789461
MALT1,0.5791268476502416
CKM,0.5790773904248525
HOXA3,0.5788455249386012
EDC3,0.5784762361724506
FICD,0.5782227504647591
BLVRA,0.5782182971778824
DHDPSL,0.5781220632721179
CXorf50B,0.5780552608887621
TFCP2L1,0.5776809545040869
LOC221710,0.5775210027394388
CNTD2,0.5772543615711676
ACOT1,0.5770550442412842
MRPL36,0.5770123707968969
KLHL24,0.576887745034529
BATF2,0.5767875813933747
SEPT10,0.5767783536267066
MAP2K5,0.5766304591875958
SDR42E1,0.576199357266687
SORBS1,0.5761933074956745
RHOBTB3,0.576029465747415
YEATS4,0.5758882490785233
DEPDC1,0.5756817745429255
CXCL16,0.5755121960158385
C6orf126,0.5754711058097246
TRANK1,0.5754487923013044
MPP7,0.5752710636279348
NUP93,0.5751931633624187
DNAJC28,0.5751598430523306
CD99L2,0.5750771255857113
CDS1,0.5749698342054573
ZNF396,0.5746584291492363
TTC22,0.5744657205129055
NRN1,0.5743351594415361
FAM46A,0.5740346726193815
PHLDA2,0.5739986444407227
CRLF2,0.5739483913147841
CKMT1A,0.5738474417839164
TMPRSS11BNL,0.5737861047509285
BRIX1,0.5736939496951151
LAYN,0.5736529469012323
SHISA3,0.5735763099044079
FAM114A2,0.5734000534623286
NTN1,0.5730995474554552
NPPC,0.5730398140390807
NOX1,0.5728694223854569
EPR1,0.5727367705435403
ATP8B5P,0.5727107976482064
KBTBD3,0.5726979574305123
FRY,0.5724802223654367
TUBB,0.5724162033545871
ESR1,0.572234015902178
STOX2,0.5720729220827601
TANC2,0.5719693990309076
HRCT1,0.571943441253024
KHDRBS2,0.5715627241040758
PPP1R2P3,0.5709930809372896
WDR60,0.570807904104919
CISD3,0.5706724810015293
CEP76,0.5705581500574101
FMN1,0.5702547816917997
OSCP1,0.5701694586121837
ACOXL,0.5698364000150613
ODF3L1,0.5697483945397136
LOC440905,0.5696559613463835
FAM83G,0.5694154525152684
RAB11FIP1,0.5693424219494654
C10orf41,0.5692344951922926
OSTBETA,0.5691433054629366
GRB14,0.5691275752126626
ZNF665,0.5690192771621356
UBE2G1,0.5689739632314106
VRK2,0.5686838347371705
AKNA,0.5682504394384604
TMEFF1,0.5679124158320977
KRTAP5-2,0.5677408458284429
RPF2,0.567581362110992
TULP1,0.5675034341082456
RNASEH1,0.567493421052556
SSRP1,0.5674139260929659
FGD1,0.5673914744940802
XIAP,0.5669836787970732
UNC119,0.5669751565576366
TRDN,0.5668993487559079
CNO,0.5668125426600267
LAT2,0.5665227067346071
CKAP4,0.5664943279647197
BDH1,0.5663465889208392
PHACTR3,0.566251720123497
APPL2,0.5662243517780181
POLE3,0.5662099758833468
PARD3B,0.56609634949254
CLN3,0.5659142120791294
CHSY1,0.5659135304599259
SCCPDH,0.5656428449088025
CARD8,0.5655311627363878
NOS1,0.5654275182161558
TMPRSS11B,0.565036343766331
DDT,0.5650337119875091
CIRH1A,0.5649903184179733
MYRIP,0.5648447468447866
EPS8L2,0.5646896273725115
PUS7,0.5646464803912663
C1orf56,0.5645050518592761
C1orf226,0.5644694787455952
TNFSF10,0.5644429896658937
BOLA3,0.5643198551320183
C6orf227,0.5639215840169385
TMEM175,0.563740520927179
C1orf97,0.5635993674014352
B3GNTL1,0.5633681433353694
C2orf24,0.5631174446629553
NRM,0.5630717269270374
IFI27L2,0.5630449970096055
TUBA1B,0.5630439151496667
CTSD,0.5630328029569941
PLK1S1,0.5629622806828702
DSE,0.5629001264835255
ITGA5,0.562832142346214
TMEM161B,0.5624559388861293
PRR11,0.5616550125856639
XRCC2,0.5616105335203184
NUP153,0.5608622163594316
ILF3,0.5606004840284906
GLI2,0.5605061729300594
BIRC3,0.5604601554755346
RAB30,0.5604057117234393
C20orf194,0.5603965346766357
OR7C1,0.5600871906022358
TCHH,0.5600199521231136
SUSD2,0.5598679644986088
SRRD,0.5597992033422128
FAM20A,0.5597202788238476
C20orf20,0.5591807111961244
SUSD1,0.5590870090406319
ANKK1,0.5590703258592551
STXBP1,0.5589470547999454
ANKRD13A,0.5588128175332141
TYRO3,0.5587712107238237
WDHD1,0.5586461788382534
ITIH5L,0.5586298031256888
CMC1,0.5586214294827255
LOC84989,0.5583936779329406
U2AF2,0.5582473391646717
NUAK1,0.5580903753182224
ELK4,0.5579982483610346
CENPI,0.5579412826547346
MB,0.5578883776324578
SYCE1L,0.5576899266003955
ARID2,0.5576695323093861
HOXA4,0.5575544600106181
VMA21,0.5574535457783281
ARHGAP20,0.5571956640715464
MDFIC,0.5565765456822196
LRP5,0.5563531754836084
MAGEA6,0.5562746700450617
ELP4,0.5560693220243672
IL17RE,0.5558811055387605
GNG7,0.5558198331955588
HNRNPL,0.5556232453451738
C17orf60,0.5556098794708342
NDUFA9,0.5556072953494516
NFIB,0.5554552813410862
SLC1A3,0.5553621520239763
NARG2,0.5553493177280122
UGT1A5,0.5549832448637458
PRPF4,0.5546406104326035
SPNS3,0.5546247493787828
FANK1,0.5544031872778324
SLC12A2,0.5543859786198388
TAX1BP1,0.5542407413632492
FAM108B1,0.5542298052153249
ANXA9,0.5542071289468624
SECISBP2L,0.5541800438050952
SLC4A10,0.553774248648328
CYP21A2,0.5537555664925615
KCNA7,0.5536144109059821
SCARF1,0.5536107515068223
NAV2,0.5535983843746735
GSTA4,0.5533555187441289
LYPLA2P1,0.5532866884173292
NUF2,0.5530404183279737
RANBP10,0.552902745148098
TIAM1,0.5529004343003198
PSMD11,0.5528514233822608
FLJ45445,0.5527623433580597
LPCAT3,0.5526929241115284
NOXA1,0.5525740157687127
PKP3,0.5524812255418218
POLR3GL,0.5524263975730264
EIF4E3,0.552360464719508
HHLA2,0.5523325369245342
DHCR7,0.5523255852727849
SAMD4B,0.5522554233716057
CLDN20,0.5520686293023287
LIFR,0.5520629886225518
ATR,0.5519456727225607
TBX1,0.5519014757794817
TRIM68,0.5518189450204943
BACH2,0.5514184265460373
DOPEY2,0.5513136928568643
CBLC,0.5511729746944226
GFER,0.5510563001751121
CNFN,0.5508643438106587
PSRC1,0.550606599105638
DDAH2,0.5503344742825981
C15orf61,0.5502586635358874
SYT7,0.5501947541376618
CLSTN2,0.5499650849937712
HYI,0.5496535955569632
MOBKL1A,0.5495769146695721
ASPG,0.5495284711959004
CYP4F11,0.5495259313180663
CMIP,0.5493582760043773
CAD,0.5492174592529954
PEX11B,0.5490454510808638
RGS20,0.5490225973485486
CPNE4,0.5489542468061194
MYBL2,0.5488495164128601
ZNF543,0.5487722501190714
TMEM185A,0.5487613452956827
LOC648691,0.5487342860392792
NOL12,0.548561947710923
GLB1L3,0.5484413334121555
ST8SIA4,0.548220598458545
SLC4A11,0.5480711673929857
CYC1,0.5478905636995938
FAM150A,0.547776075227748
FARSA,0.5477565161737896
SCAMP4,0.5474699781408672
KIAA1143,0.5474177198815788
C4orf48,0.547351161428549
FAM92A1,0.5469827873060118
MTMR2,0.5469804472648023
PTTG1,0.5466376197059345
BCL7A,0.5462468542782434
NR2F1,0.5461713506542734
JOSD1,0.5460322067394539
GAK,0.5459666723919633
DYSFIP1,0.5458226445930423
ZBTB46,0.5457245307341025
ARPM1,0.5456580038287179
GALNS,0.5454870253870476
GNG11,0.5454113751160563
SCN7A,0.5452882350839577
XPNPEP3,0.5451900046203678
CCRN4L,0.5450633653725412
GGCX,0.545007215300847
ALDH16A1,0.5449688046271425
FOXD3,0.5447639875232909
S100P,0.5445625752252795
ARL10,0.5444802194230517
FLJ35390,0.5444527075301946
GPR152,0.5443974074423232
OSBPL11,0.5443361067413394
BRI3BP,0.5442090060184457
CEP55,0.5440547097745426
CSAG3,0.5439862401769635
HNF1A,0.5438095565051482
TNIP1,0.5435852622073029
MTMR11,0.5435828375093922
CXorf23,0.5435125581601576
FLJ42875,0.5433605235263669
MTERFD1,0.5432271377132311
FHOD3,0.5431843688510445
CSF2,0.5431714231729282
AKAP2,0.5429429334630451
KSR2,0.5429291337788273
CDT1,0.5428890979563008
C14orf162,0.5428750006030839
DSG2,0.5426393998260686
DTX4,0.5425578002497239
TOP1P2,0.5425434192515607
WDR61,0.5420537965040254
SCEL,0.5420358543929278
LRP1B,0.5419927278440623
RHPN2,0.5417035988299397
MTUS1,0.5416805393593772
CLCA3P,0.5416557939829048
RAD17,0.5414633514411613
C22orf30,0.5414622189017436
R3HDM1,0.5410675549856727
PDGFD,0.5409446073020764
GPA33,0.5405985729359413
SLC5A2,0.5403824086726051
TWF2,0.5402402681654365
PPAN,0.5400921652424157
CALB2,0.5398746550288429
PALLD,0.5397171456885772
LOC100129550,0.5395726796462541
FAM55C,0.5395159392686726
OVOL1,0.5394911967242106
CASP10,0.5394157255605172
USP44,0.539363128530708
SV2A,0.5389858869307875
MCM10,0.538960348530067
EIF2A,0.5388519110424279
FAM189A2,0.5388252117322838
PDE4D,0.5387861315945717
SPP2,0.5386757535207687
RFC3,0.5386137479136023
CCNB1,0.5385591192211485
PPP3R1,0.5384659106740295
E2F2,0.5384629774629732
FRAS1,0.5383473992970547
LOC100130581,0.5380963348082853
HAUS8,0.5379986223591391
TAF2,0.5379870166168
ADAM11,0.5379782007324173
KIAA0649,0.5377734303674153
SRPK3,0.5374614181282832
TXN2,0.5374026177356837
TFPI,0.537395669159369
SLC6A14,0.5372436487905863
IL11,0.537190829465295
PAQR9,0.5370811843698571
HPRT1,0.5369930949283388
OIT3,0.536971454759302
SLC18A3,0.536932839872461
ANKRD20A3,0.5368748958772391
COBLL1,0.5366621990239017
SEMA4B,0.5364242674635274
TMEM59L,0.5363229364478693
PAPSS2,0.5362002299991057
RARS2,0.536189769872426
NDC80,0.5360551012815203
ALOX12B,0.536008568585596
RPL7,0.5359678275698342
LAMC2,0.5358295767794345
STK38L,0.5358275342617734
ZNF33A,0.5358240424739513
SNX30,0.5356551713686812
TFG,0.5355887023177304
SYT1,0.5354541076200456
THBD,0.5354025038713498
LY6G5C,0.5353198636858352
C1orf131,0.5351910442967055
LINGO2,0.5351122433135775
GMPPB,0.534930364848777
NLGN1,0.5348214818773414
TRIM36,0.5348188050902506
APOBEC3A,0.5347644742391675
LOC285419,0.5346902314752467
PECR,0.534689441761721
UBR1,0.5346493988604403
DLG3,0.5342896701581265
ALG1L,0.534174294439781
AMHR2,0.534169776655593
PLK4,0.5336710896394972
IL1F5,0.5335278520785357
MTMR15,0.5335036762014108
KIAA1244,0.5334982592747352
IL27RA,0.5333910991334954
YIPF3,0.5331113525680875
KRT33B,0.5330107860375135
EMP1,0.5328795609766713
MMP12,0.532772604801548
TMEM50A,0.5325602687024339
CPEB3,0.5325361566920839
ADD3,0.5324888227780993
SRPRB,0.5324758917757225
ATP12A,0.5323552567451537
ZNF467,0.5322642034400021
B3GAT1,0.5321629677571889
AAK1,0.5320423361680136
SQLE,0.5319919045090944
NSMAF,0.5319279117000638
TGM3,0.5318888486414668
PAX9,0.5317031742615393
TMEM56,0.5316168101635887
USP38,0.531390762042785
STAG1,0.5309404251659767
SNCB,0.5307086800645102
KLHL35,0.5305148472026676
IDH3A,0.5303779526018519
BCL8,0.5299590075264787
SFRS3,0.5298444781548672
ALPPL2,0.5297592463918066
LYPD6,0.5297035087526261
RNF208,0.5296812342882311
KIFC1,0.5296783045616498
SLC34A3,0.529487091629727
IQCA1,0.5294485772329824
NCCRP1,0.5293370255450235
TMEM171,0.5291923494388968
EIF4A3,0.5289533835754645
PITX3,0.5289139086898201
ABHD11,0.5286286778429804
FEN1,0.5285235530287847
NPRL2,0.5281494501773821
ATG3,0.527800965229701
POP1,0.5276274689788963
FAR1,0.5276055464166697
SH3BP5,0.5275493679796996
FAM25A,0.5275387566930049
OXCT1,0.5272279916507169
KPNA2,0.5270625786559933
IQCE,0.5270558284916673
RGS6,0.526848402390704
MANF,0.5266220133011664
USP27X,0.5263722865056008
HOXA7,0.5262627327600214
RIPK2,0.5262423278960707
CDC6,0.5262299824828621
KRTCAP2,0.5262098144914722
SKA3,0.5260917595415886
TFAP2B,0.5260574690744491
RNF125,0.5259417142908189
ALG10,0.5259029075341457
IL6ST,0.5258977245851579
ENG,0.5257816068272669
CCT7,0.5256976154350792
ALPP,0.5255651800447751
TMEM44,0.5253388786052261
CD74,0.5251853823711566
KIAA1107,0.5251611005186938
TMEM185B,0.5249822568472381
PARP8,0.5246913903755365
RBL1,0.5246847762727999
PGRMC2,0.5244927306642588
LSM4,0.5243126455987972
NOTCH1,0.5241143215821256
IGFALS,0.5240824101071959
PDE4DIP,0.5239712158294745
NBR1,0.5239563355636891
NFASC,0.523758407394955
ZNF33B,0.5237166575991233
MRPS30,0.5236079378004259
NDRG2,0.523298572403002
FBXO17,0.5232911621034534
EME1,0.5232295831906121
PSMA4,0.5232258998792678
DNAJC22,0.5231567359367018
ANLN,0.5231202866335867
TSPO2,0.5230838968500576
C18orf32,0.5230178895713072
C7orf41,0.5229049315446486
TRIM59,0.522786304779853
DKFZP686I15217,0.5224384375353274
CTTNBP2,0.5222263661088288
S100A13,0.5221344582384062
GPRC5D,0.5221052637787621
GTF2E1,0.5220481212786927
C2orf50,0.5220197756165785
HPS4,0.5220074567424906
AKR7A3,0.5219466885455477
LYPD2,0.5218684862695983
TK1,0.5215489082031255
TMEM17,0.5214985848894825
C20orf7,0.5212498278484828
FBXO38,0.5212355501614467
TNK2,0.5211855200014903
MANBAL,0.5211785550901858
CEACAM1,0.5210341089650553
FBXO5,0.5210270148582877
C6orf15,0.5209649535025754
TCTA,0.5208545515959084
CARD17,0.5207405078360905
TFIP11,0.5206473780170804
ARSI,0.5204222324823966
ZNF626,0.5203784635407419
C2CD2L,0.5201606620305226
LRP10,0.5199472103553321
ABCA5,0.5198979300462387
GDNF,0.5198929621137893
SLC12A6,0.5197431386115063
GYLTL1B,0.5195477574173699
SLC43A1,0.5192032253919425
GGTLC2,0.5190707580573503
NEK4,0.5189731970264655
FAM160A1,0.518750822323377
AFF4,0.5187087667322808
AKAP5,0.5186474010352284
C15orf59,0.5185892256144968
NRXN1,0.5181606039988624
SNRPN,0.5179371199451638
SPRED1,0.517743650448914
BDP1,0.517706892427336
TMEM105,0.5176504198607165
C11orf9,0.517578772755346
POLR1D,0.517495466469434
VAMP5,0.5174838173418584
C14orf19,0.5174598935299869
SDHAP2,0.5173391898720543
LOC401093,0.5171136430184768
SFPQ,0.5171110976867367
STXBP5L,0.5171083300403168
KLF4,0.5169884548402158
TRIM35,0.5168502077269759
KIAA1377,0.5167368203225025
ROBO1,0.5166578189028947
NIT2,0.5164789798046855
TTBK2,0.516447075019629
MFSD6L,0.5162180753504981
ENAM,0.516183080406333
EXT2,0.5161170885769997
NDUFAF4,0.5159940715305863
CD3EAP,0.5159324889001725
XRN1,0.5159005418330385
C17orf50,0.5158415752076404
RDH14,0.5158213957292893
HSBP1L1,0.5157864140174964
LOC650368,0.5157246580141812
FAM118A,0.5156117082404847
TLE4,0.5155224771814515
GAL,0.5151928795330819
RAVER2,0.515104247103565
RASSF4,0.5150148723802105
AMY2B,0.5148157300305091
POLA1,0.5148137255643227
RPAP1,0.5146211238330644
GABRG2,0.5145875711613532
C6orf27,0.51457621517564
SERPINA1,0.5144027123949733
PTPRQ,0.5143091041829295
LOC729176,0.514267221662738
C1orf68,0.5142249798548347
TRPV3,0.5134630543642184
DBF4,0.5134455029781045
GDAP1,0.5132199120065172
VEPH1,0.5132137634805923
C11orf87,0.5130885851255241
C12orf66,0.5130611727259347
TRIM28,0.512938881257412
FAM72D,0.5128900147935929
RTN4IP1,0.5128661707748868
DKK1,0.512828410994535
PTMS,0.5125089581261368
EPHA1,0.5124330605183847
C7orf57,0.5120379633636108
SDR16C5,0.5118445234902185
UGT2A1,0.5115056284494544
PALM2-AKAP2,0.5113964197113552
CACNB3,0.5113387970902783
PSMD7,0.5112789168860055
FLJ46111,0.5112582504131605
JMJD1C,0.5111198408526808
INO80C,0.5109837794654865
NCAPG,0.5108509002166798
INSIG2,0.5107773747286962
HTR7P1,0.5106301610116051
APLP2,0.5105187274231028
TGS1,0.5104725466059089
DENND4A,0.5102414636506637
SPRY4,0.5102314074540932
ACTR3,0.5102053326147888
PRR13,0.5101388744318034
DENND4C,0.509703604352756
DUT,0.5096241076520317
DOCK5,0.5095972170804849
AP2A2,0.5094779090785323
GLIS3,0.5094163408337168
TLR3,0.5091993199190824
MRPS12,0.5091504444827485
COG2,0.5089694757946709
TNNC2,0.5087595936482819
NADK,0.5086650236077809
HJURP,0.50846233868956
MRPL51,0.5083208613125102
FES,0.5083074277644437
CYP2B6,0.5083063807606627
C9orf30,0.5081091664986969
CACNA2D2,0.5078268162358499
DHRS7,0.5078131923281582
ANAPC5,0.5077372796067824
MDFI,0.5076790414424117
CSNK1D,0.5076645057679801
TRPC6,0.5076601554837884
BET1,0.5075100742831318
KIAA0090,0.5075083123614522
TBP,0.5072997026613217
CDK8,0.5072060184181558
ALOX12P2,0.5071203367377687
ANKRD13B,0.507093551809813
ZNF486,0.5070720946441166
AGPAT6,0.5070301845327438
ATXN7,0.5069956770877067
FANCD2,0.5064737791639764
TSHZ3,0.5064089250194538
NAT2,0.5064044546719156
OCIAD1,0.5063590029874131
DMP1,0.5061929128448849
FAM115C,0.5058462499862633
KDELC1,0.5056483258467563
EZH2,0.5054672924043385
TPRA1,0.5053851164702416
CIITA,0.5051242675134152
RHOB,0.5049611987688859
SOX13,0.504853185103602
ZDHHC8,0.5047467247269671
MITF,0.5047394478132212
DDX1,0.5046652148733259
RSPH1,0.5046390310595237
CCDC50,0.5045706529627886
LAMB2,0.5045616840009706
LANCL1,0.5045012839881806
IMMT,0.5044509111880497
RAG1AP1,0.5043675654193466
LOC644538,0.5043550814798179
TBXAS1,0.5042780674466235
ATP4B,0.5042262299624335
DNTTIP1,0.5041845106375831
ZNF43,0.5037515708324068
MOBKL2C,0.5037399878931877
MPRIP,0.5036655009178738
IFNAR1,0.5034946374163068
KRT71,0.5034596680517773
SLC25A23,0.5033968028512193
HLA-DPA1,0.503384727138965
RHBDF1,0.5033179711005815
RYR1,0.5029125634321954
FAM72B,0.5026351411180993
NUB1,0.5025564097879854
RNF130,0.5025532129401723
C1orf229,0.5024946480403393
VIPR2,0.5023404513382623
DPM1,0.5022978742873976
MCCC1,0.5016813600812721
RUVBL2,0.5014983672057701
CGNL1,0.5013933235489957
SLC25A17,0.5013054708973775
SLC30A9,0.5012014830239836
CAPN1,0.5011723942556443
KRBA1,0.5011380597210433
CBARA1,0.5009469079595491
DPY19L2P1,0.500808981744286
LPA,0.5005903462414453
DIAPH1,0.500355637398417
WRB,0.5002796154933584
DYSF,0.5000892747864718
LOC646851,0.5000832885543164
S1PR2,0.5000755160297554
RTN4R,0.5000570782170949
CGGBP1,0.5000298678612909
SLC16A12,0.4999845802391589
MUC16,0.49997722391631727
KIAA0114,0.4999756644677052
C19orf2,0.49972447077126536
TPI1P2,0.49919603425783626
FGF9,0.49911331970467343
LRRC49,0.4991089069713643
ATP5G3,0.4990604919826513
TUBB3,0.4988707490251803
LOC284551,0.4987954564493199
MRPL4,0.4987723187944369
TFDP1,0.49845864280243934
TMEM189-UBE2V1,0.4984450397619906
ZNF711,0.498282757865109
ZNF367,0.4982008097306154
ENC1,0.4981274480075265
LEPREL1,0.49801394325818105
TXNL4B,0.4977234341973368
SLC6A20,0.4976213408407174
MOBKL1B,0.497433501590941
TAGLN3,0.4971858935768011
TCF19,0.49715223482069204
NCRNA00081,0.49712604969399754
PARP11,0.49712240463875806
CTXN3,0.49708151680810486
PAPD7,0.49701644945546997
CASP2,0.4969832175247598
UGT2B4,0.4969828290000832
COX5A,0.4969338413602615
ST7,0.4968328771726514
CD82,0.4967018171340973
FAM164C,0.496657899195297
VSX1,0.49663249487827643
IDUA,0.4966309620856299
ZFR,0.49642250396813487
C9orf96,0.4961116025957893
TTC23,0.49601312599822933
H2BFM,0.49570641112091485
BUB1,0.49551596281430665
MTERFD2,0.49524401516914013
ANO10,0.4951698589640497
DGUOK,0.4951674101413862
RFC2,0.49491268268270644
MAGEA3,0.49490345384369
LCE1B,0.4948675390021613
IL17C,0.49476431543785226
VTCN1,0.49435859358901707
MAGEF1,0.4940588538899122
PP14571,0.4939592478460325
HLA-DQB2,0.4939464780279565
CUBN,0.4938612814832426
OTUB1,0.49371041452143494
UCN,0.4936335727867136
UBE2N,0.4934267775633287
TARBP1,0.4934266412582075
WDR62,0.49330372888476803
TUBD1,0.4930999903312505
ATPBD4,0.4930605956435315
TUBGCP4,0.49292434769887244
KIF4A,0.4929114168813559
PXMP4,0.49257808166582673
H3F3C,0.4925731874586726
OBFC1,0.49254744652452154
C6orf35,0.49249626016545633
TMEM48,0.4924863760162572
CCDC138,0.49227009075133393
MGST1,0.4921129809994622
SF3B3,0.49184814540949756
RHOBTB1,0.4916992310919744
DAGLB,0.4908470574798792
CDAN1,0.490649231658532
LOC100126784,0.49063650935160613
NUP107,0.49024464822909036
LSM7,0.4902288988044215
PRSS12,0.4901499642881311
CENPF,0.4900693322468387
RASSF1,0.49000605251663065
S100A3,0.48992567524469055
ADNP,0.4898412791213129
DAAM2,0.489295047810951
CADM1,0.4888045891596774
SOHLH1,0.4888012645913856
ATXN2,0.48872789151815155
ARL13B,0.48858141348555584
HOXD9,0.4885679111056252
ASF1B,0.48853676025742293
UBE2C,0.4883720775032696
AP2S1,0.4883239976026913
PDCD7,0.48823316425674357
MTHFR,0.48819754218137035
THUMPD1,0.4881367958271659
EPS8,0.48804957817282235
C7orf68,0.4880277203141318
C10orf91,0.48797222959938613
SLC44A1,0.4877858223054968
RND1,0.487753796293223
UBE2E3,0.48765551768341214
SPCS3,0.4875749154358218
XRCC3,0.48752458488303807
CLIC5,0.4875164294309724
AQP5,0.48750547359944363
BCL9,0.4874382634811702
USP25,0.48739628921462574
PECAM1,0.48725611997336216
PHB2,0.487241835113956
CAMSAP1,0.4869560068473824
NUBP1,0.48684837132899594
PTS,0.48683669786721134
GPRIN3,0.4866837523519827
ST13,0.486594129920508
GSTM3,0.4863659183874887
FBXO30,0.4863532743078831
TSC22D2,0.4862588153649202
EFNA3,0.4861717022893756
IGSF1,0.486094483427384
YWHAZ,0.48571173264369094
ORAI2,0.485413339362123
C12orf34,0.4852503942535657
RSU1,0.4850851967986869
LOC653501,0.4850426773035421
GYG2,0.48502134268463326
SLC25A16,0.4849833852135626
UAP1L1,0.48492490071705663
ALOX15B,0.4844137407701257
PCTP,0.48436361274425904
PTPRN2,0.4843561293836649
PLCB2,0.4843388878124912
LOC441204,0.4838306213648659
CIR1,0.4837756646850194
KIF21B,0.4837717363225015
CYTH3,0.4837537007197305
PALB2,0.4833879140213385
FRAT1,0.4832260134042621
PI15,0.4829592546118438
MASTL,0.48287178735571645
SLC12A7,0.482835690302794
GPR132,0.4827611595043389
CATSPERG,0.482676016070272
SLC17A5,0.4826630593708088
MTL5,0.4826600105244652
AIM1,0.48259047846983794
CCDC34,0.4825897322378906
TRIM27,0.4825758136949442
GRAP,0.4823732099906445
NPTXR,0.4823006162840742
LOH12CR1,0.4822663165752448
NAT10,0.48201574117814205
AKTIP,0.4820016306407433
DEPDC1B,0.4819685056633459
OPN3,0.48188389695955985
TCHHL1,0.4818136731345549
SH3D19,0.4815385376093471
GRHL1,0.48151778158368336
PIP4K2A,0.48136582870461175
SORT1,0.4813519432605471
GMPPA,0.48132748906811873
CD276,0.481317361243171
EWSR1,0.4807421024299154
OTUD6B,0.4807222167919223
GLTPD2,0.48067090558971987
SLC25A28,0.4806634060232404
SPATS2,0.48056542668524865
TSPAN9,0.48048183326794824
SEPT6,0.4802877788554344
RPLP1,0.4800661123989517
GSTM4,0.47998199586982854
FAM157A,0.47977974318218125
VWA3B,0.47976605106922143
RECQL,0.4797656544495378
AKD1,0.47970850174998453
FKBP9L,0.4796951795666724
LCE1E,0.4794473423679729
PRKDC,0.4791370828624702
PCDH12,0.4790443334539828
NCAPD3,0.47890464420783746
METTL11B,0.478903845005905
AHNAK,0.4787873072496273
C9orf172,0.478697827545653
ZNF706,0.478628163208078
C6orf115,0.4786202994877703
FAM53B,0.4785962615933731
AMY2A,0.4785843448913908
PRG2,0.478522328640774
GLS,0.4784788489911999
SCN9A,0.478285190974409
CPLX1,0.47801945092768283
SNHG1,0.4776462635479787
YARS2,0.47762829575638704
SFRS2,0.47754863228206634
C18orf19,0.4771572763739937
NAGS,0.47702703598136853
ZNF280C,0.4769307861864265
MYCT1,0.47686373841856783
CENPE,0.47675269624683414
ACBD5,0.4767480399597982
HAGH,0.47667397120347677
ATAD2,0.4766570218669658
YWHAG,0.4765273439391048
GPN1,0.47642352577021857
DPYSL4,0.4762009835515289
SEMA3E,0.47600102564796093
C12orf23,0.47571243075138814
C2orf62,0.4755281533401663
COL2A1,0.4754785712571821
TRAIP,0.4752895017651976
SFRS9,0.47518344397538065
MIA3,0.47498827168450275
ZBTB10,0.4748866346882876
PTPRU,0.4748410828709174
PIGR,0.47477593832393505
FGF18,0.4746708099378315
PA2G4,0.47459807878792293
DLGAP5,0.4745628557559983
NIPAL1,0.4745452035465805
PNPLA7,0.47450449439845344
SMOX,0.4743783772967039
ZNF608,0.4740034196298125
ARHGAP6,0.47369814558425904
ARHGEF5,0.4736957733268965
DDX60L,0.4736916539603398
PSMA7,0.473640829402474
IGF2BP3,0.4734217721472514
TBX15,0.47333424426397686
KRTAP4-1,0.4732980852257218
KCTD11,0.4731110291973349
MTIF2,0.47308798084924153
TEKT5,0.47284682807717654
TNS1,0.47283355784995773
WDR12,0.4728121454503657
PLDN,0.47274852520119054
SHISA7,0.47233258645681914
LOC80054,0.4723176059643776
SEPSECS,0.47231232107759025
GTF3C5,0.47226497925253147
DNAJC6,0.4719684206460328
DUSP8,0.47196780833361296
ADRM1,0.4719294743797429
IFFO2,0.4717931041361222
GLRX3,0.47143988381471763
IRS4,0.47139119805107277
NCAPH2,0.4713543962240357
AK3L1,0.4713365357162912
PRMT3,0.4707137943723875
DNAH7,0.4703539507145318
CDA,0.4703282228357732
ATP5G1,0.4702169829698185
TXNIP,0.47020149158640356
STX3,0.4701652244202069
SEC22A,0.4701284770546768
LCMT2,0.4701168067823086
SART3,0.4701138581639806
IRX6,0.47006002859616414
UNC80,0.47000429828128887
EZR,0.4699803029802057
ATP1B1,0.469802457418819
ALOXE3,0.4697674386147628
SNRPD1,0.46961358837279593
B3GNT8,0.4695794512533199
GNAQ,0.46944248561558877
MDGA1,0.46932302308449536
LIG1,0.46915738247619176
C17orf46,0.4691236115159244
DDX12,0.469117258524499
MCF2L2,0.468969492518008
RIN1,0.46879017665677125
DPH3B,0.4687486511080488
NR2C2AP,0.46869154367268934
UQCRFS1,0.46838091235010076
CARNS1,0.4683141920946787
PCM1,0.46812689489661313
STIL,0.4681121743031844
AADAC,0.4680400804986975
HIP1,0.4679611806651671
C12orf75,0.46794739654810547
ESAM,0.46776459505414003
KRT86,0.4677123988015377
L1CAM,0.4676745570747699
FAM23A,0.4675866437633707
GXYLT1,0.4675048103863644
PLXNB1,0.4674647362009388
PCP4,0.4673898224561604
GPR137B,0.46731347984509025
PRRT1,0.4672263723905023
USP54,0.4671756378409183
FLJ23867,0.46658237398134245
TNRC6B,0.466524733338224
SLC33A1,0.46648181888803714
HRC,0.4662826485311075
SLC29A1,0.46620426242324475
AKR1C3,0.46600011087445065
ADAM15,0.4659993091800727
GGT3P,0.4659233436576857
C1orf228,0.46579021040866003
SLC38A1,0.4657669078174663
POLR2F,0.4655213421454852
NME1-NME2,0.4653895649592047
KIF14,0.46528834131285096
ANKFN1,0.4652564988566433
BOP1,0.46520995379753416
S100A9,0.4650837230780498
MED27,0.46482678058834725
DCAF17,0.4647366364048931
RANGRF,0.46471765221325256
ZSWIM7,0.46457094780272645
MRPL30,0.4645359083425039
NEIL1,0.4644554355270306
CDKN3,0.4643641505826762
JPH1,0.4642356004236416
ASRGL1,0.46422798886613653
KIAA0247,0.46421946392266
UBTD1,0.46413188636888925
C15orf54,0.46412092004425404
ACAA1,0.4641154471980609
PDE9A,0.4640568017416494
ZXDC,0.46400807807979993
SPOCK1,0.4639745403382637
C8orf34,0.4637312905172534
PNPT1,0.46367479933509587
ETV3,0.46344292210803745
MORN4,0.46329861660735205
PCSK1N,0.4632888435876937
POLK,0.463053712457817
COLEC11,0.46259507878988715
ZNF702P,0.46245481302816804
TPST1,0.4624517227627486
PTPN22,0.46235531164827737
UCP2,0.46224748788082515
SPINK5,0.46215352822162603
ATAD5,0.46210876346856
MAF,0.4620699870011215
PLA2G6,0.46185821515164155
COX11,0.46182509479556566
C10orf118,0.46178178124405056
LHFPL5,0.461692259304992
SLURP1,0.4616807558055083
TNXB,0.4614880152014267
SKAP2,0.46147540659950625
ERP27,0.4614489052365024
PTPN13,0.46141281683938673
CNIH2,0.4613504722163041
IMP3,0.46132935101180333
MAL2,0.4612345014260194
PBLD,0.4611903011938125
SLC38A9,0.4611002344476958
C14orf45,0.4609433148672852
TM7SF2,0.46092174189655505
MSC,0.4608871074477825
INHBE,0.46084835731318763
HLA-DQB1,0.4607875510068558
YIPF5,0.4607636420395247
SP6,0.4606592722503456
GPR158,0.46039776531032045
ASB9,0.4602809625341634
ZDHHC5,0.46018740135820757
LOC388692,0.46001190496465716
TBC1D10A,0.45996370629509975
LPCAT2,0.4598282569111215
FSD1,0.4597352326004861
IFT57,0.45971919233472835
ARID4A,0.4596893476803729
ANXA5,0.4596675180416976
OSBPL9,0.459461371049951
STX1A,0.4594049487458651
SPRY1,0.4593003208687575
WNT16,0.45924880309427785
SHROOM4,0.45916462709692063
SAMD1,0.45909765270233693
BANK1,0.4589059000375975
CPA2,0.4588521511556274
C5orf32,0.458795638588396
PHPT1,0.4586383052698106
KIAA0232,0.458401968867431
MARS,0.45833667708936177
TMEM41B,0.4583278749987287
NHEDC2,0.45829285731387226
NME3,0.45809537028473857
LUC7L2,0.45782672573931193
GPR98,0.4577806461172883
LOC284023,0.45776544814692327
CRYBB3,0.4576094840741557
C9orf3,0.4575656044451929
ANO5,0.457447492544974
APBB1IP,0.45742674869272215
IMPACT,0.4573732594303821
OR5M11,0.45728555640809193
C15orf48,0.45717301055996407
H1FX,0.45714321873788716
DNM3,0.4569895314944226
CP,0.4568837013555497
C19orf40,0.4568396065643729
S100A6,0.4566544422145425
SMPD3,0.45660839993732827
CELF4,0.45642963284585863
FAM58A,0.4562606149252838
ERN1,0.4562018227053281
ZNF74,0.4561455586551856
ABCA3,0.4557557529196888
KIAA1370,0.45570300960593824
RRM2,0.4555732627411404
RGS7,0.4552971830422167
SLC17A7,0.45509200666770927
FAM18A,0.4550000927035321
ALOX5,0.4549787177354292
NACA2,0.45495220401929704
NCK2,0.4549258963224548
SLC6A3,0.4548991362632661
ENTPD7,0.45471982852421633
FAM3B,0.454715497330748
KLK6,0.4546908516638394
FOXA1,0.454527016949423
HES6,0.45444287570558417
PHLPP1,0.4542580126791895
INPP5D,0.4541121568408709
C12orf70,0.4538988821621747
POLR1A,0.4537435951940785
NKRF,0.4537214131408545
PPIL6,0.4537029968463318
FIGNL1,0.45360474888892865
PWWP2B,0.4535761325512655
IL20RA,0.4533720207594308
GRIN1,0.453064155680436
C14orf105,0.45303322885374225
ZNF540,0.45269345949334805
SP100,0.4526891912950791
TRPV6,0.4525031220691964
MFSD10,0.4524666951952776
EIF5,0.4524213145983748
HOMER2,0.4524078161839538
RECQL4,0.45239237267976135
SLC16A3,0.45234682067718673
OSTalpha,0.45231822423131063
RAB33B,0.45224233105844486
GPR126,0.45208995428563314
CEP63,0.45206501684751965
EEPD1,0.4519985922258382
NDUFB4,0.4519968922573994
KCNQ1,0.4517991172539867
SGPP2,0.45179495173729844
ADPRHL1,0.45175772800933556
ARID3B,0.4517570537010245
SP110,0.4517192143715128
HLA-DRB1,0.45169941881173725
KLK5,0.4516974098826439
PANK3,0.45166980737075324
LYPD5,0.4516095401211288
WNT4,0.4516093692452816
BMP4,0.4515767804456201
NLRP10,0.4515221016549629
MFAP2,0.4513756568277412
TMEM161A,0.451260121063801
SLU7,0.4512214886357558
EREG,0.45114120993346135
C3orf43,0.4509532505700252
LOC648740,0.45083992538853707
EPAS1,0.4507785006666227
GPSM3,0.45059209477899576
CPOX,0.4504766601939594
KLHL25,0.45043698195698517
CLNS1A,0.45042674076548816
NSF,0.4503265184214753
RAB40B,0.4503226112922477
HCN4,0.4502989249014093
APOL1,0.4502664767041138
SIRT4,0.4500190774913204
KAZALD1,0.449915929334776
LOC100129066,0.4498213222508967
ZNF384,0.44969957465274424
SLC25A37,0.4495604535496268
ZNF792,0.4494081641093738
SCML2,0.449385902412687
IQSEC1,0.4492594355120474
TCEAL1,0.44925576315923554
SEC16A,0.4491981632850406
CREB3L4,0.44917566818205745
FBXL2,0.4491704487619046
SNX27,0.4490591268533132
DPYD,0.4489227659976419
FBXO43,0.448872687251444
SCTR,0.44881632860305276
STARD3NL,0.44877411017790525
FLG2,0.448646086349114
FAM83A,0.4485444671292395
CCNL1,0.44849753566323086
PAR-SN,0.44845109600553223
WDR4,0.44826666112980806
MIER3,0.44826338048872705
LGMN,0.4478649229166182
MLKL,0.4478293831328582
KIF15,0.44778048667570314
GNA13,0.44759960940995
CDR2,0.44755457796562853
OSBPL7,0.44749140052416714
SEC31A,0.44748692476530405
ZNF578,0.44731846215921744
FBLN5,0.44728482769356126
CBX2,0.44725597330258127
GSTP1,0.4470878602707873
MRC1,0.4470785292080239
PSMG1,0.4469582535325858
SLC10A5,0.44695186449166446
PEX5,0.44691340819321923
GUCA1A,0.44685450223899204
CXCL6,0.4468089676847314
B4GALT6,0.4464677725037899
MPP5,0.44614305395689396
HPGDS,0.4460213601463292
TAF5,0.44595858901076924
ACAA2,0.445841340757139
ARHGAP26,0.44549637989170837
PRKAG1,0.44529674959275317
S100A4,0.445166433553217
MYO1D,0.4451498790523577
SIX2,0.4451218967936827
TPST2,0.44504677856296965
PMAIP1,0.44497931810511976
DALRD3,0.4447793348861914
USP53,0.4446544957051476
C3orf65,0.44453231646753644
CEACAM5,0.4444475336331502
SPCS2,0.4443821094351285
VTN,0.4443814338477219
ZNF440,0.4443501185980856
PSMC2,0.44404452140338163
SPN,0.4439635786852487
SMAD7,0.44393088607922043
NEIL3,0.44379164767326346
CLASP1,0.4436908916540121
HIST1H2AG,0.44362915159085486
ME1,0.44361935230621347
TERF1,0.44351833547558184
MINK1,0.443483893203698
FXYD4,0.4434237269473579
C12orf72,0.443396285048563
TNNT3,0.44308961527628277
C8orf42,0.4430414611897433
LOC400759,0.44295635457279314
KMO,0.44292935509404313
WDR89,0.44288254248773967
ALMS1,0.4427442852699268
BDH2,0.44272145864215373
C2orf44,0.44253815784739137
AIFM2,0.44241068189830535
SERBP1,0.44234273016864467
CCDC64B,0.4423081245232819
SLC25A20,0.4421932728091228
GPR172B,0.44217218777121314
C5orf24,0.4417054402225031
FAM110A,0.4416932285999002
CMTM3,0.4416041874059009
TRIB1,0.4414342943066635
KDM3B,0.44132348018655326
FLJ33630,0.4413224614453053
GATA5,0.4412343647840389
TBC1D12,0.441078104208048
SIAE,0.4407298911425046
MKI67,0.4406873312022078
ICK,0.44063752000755674
SLC7A2,0.44028921594457265
C9orf85,0.4400024767353499
TMCC3,0.43997881717388093
DEK,0.4399573291498966
LRG1,0.43991553780774256
C15orf29,0.4395447621692441
C6orf176,0.4393862414259445
PAK1IP1,0.4393516514509051
SLC2A13,0.4392243965000597
CCT2,0.4391568657583259
MBNL2,0.4391283108740033
ITGB5,0.43904360409318743
SLC15A1,0.43900928285259033
TOM1,0.438803126315764
LOC388796,0.43877095864244037
LOC154761,0.4386795951139068
CCNE1,0.43863295571657157
MAP3K13,0.4386182092251152
UBA7,0.4385823799082858
SEC23IP,0.4385299944434475
DOCK8,0.43847680674443124
LOC283404,0.43836847635755205
STMN1,0.4382034093784693
ATP13A5,0.4381981374899633
MRPL42,0.43813408607532056
FAM91A1,0.43785375647142444
APOBEC1,0.43784398132509317
DYNLT3,0.437840690673861
ASPM,0.43781256650626055
CANT1,0.43777075206327243
CTPS2,0.43773465501948783
C8orf46,0.4377052955745758
C6orf26,0.43762769589819905
PLEKHA7,0.43757813740067486
SAMD9L,0.43743267052822954
C16orf13,0.4373910635904614
IFT122,0.4373279675533985
CCDC77,0.43719592284163533
RTN3,0.43709597400329353
ANKHD1-EIF4EBP3,0.4370129151695245
MGP,0.4369361237104179
IDH3B,0.43683509834526235
ETV4,0.4367456860386789
PTPN9,0.4367175069660933
ARHGEF19,0.4367105588710094
ZNF473,0.4365973960056353
EHD1,0.4363139998818882
LOC285033,0.4361121454896366
SSBP2,0.43579900735920724
GALNT4,0.4357976129971902
ADC,0.4356443449513194
EFHD1,0.4356428542213478
HOMER3,0.435541757031185
GSTO1,0.4355248501487213
ADAP1,0.435515227594174
RNF146,0.43532397378122134
SYT12,0.4352140327856381
HS6ST2,0.4351728305011988
GABRP,0.4351653433111723
FAM82A1,0.43511652759194974
CYP8B1,0.43501542840526847
ANXA1,0.4349433372034904
YDJC,0.4348637939884718
ANKRD42,0.4347481187262744
MAPK1,0.4347310446497241
C10orf68,0.4346040806490864
TDH,0.43457265597751105
TMOD1,0.434495475400627
FAM120B,0.43438535221214775
C20orf197,0.43423428017292326
PRPSAP1,0.4342203560997578
FMO4,0.4342120355157504
ARPC1A,0.43399824089705885
POLD2,0.43386086826316317
C9orf173,0.433476772846092
PSIMCT-1,0.4333707394998852
ZNF671,0.43330259105325725
SPATA6,0.43324351750193424
PDCD2,0.4331956852675904
ICAM4,0.43318882557076366
WIPF3,0.43317125227767006
FER1L6,0.4330793000692324
MOAP1,0.4328674906344712
ATP4A,0.43283433465869636
XKR6,0.4327976298448969
LRRC56,0.4324939653557344
TPM4,0.4324255836473107
C2orf71,0.4322151533994893
CASP4,0.43214295446152273
TMEM109,0.43212735203399993
PHF13,0.4321163250622155
GPR115,0.43192130229620207
CAMK2N1,0.43187867469916696
GDF5,0.4318127047796801
ZNF652,0.43180561571535486
STON1,0.4317364164209285
C1orf162,0.4316652994019829
DHX34,0.43160111802252793
CLCN1,0.4315069662196607
CPAMD8,0.4314639876206527
?|100133144,0.4313107063216567
C3orf57,0.43131052780904905
BEND6,0.43130217029281565
MLLT3,0.4312773268872031
C1orf105,0.4312744716696852
RNGTT,0.4312062406651806
XKR5,0.4311702165161426
RBM19,0.43091662199848446
CHD1,0.43090698018237994
MMADHC,0.4307227317547793
SNRPF,0.4306741196924711
KCTD12,0.43066411215128253
IL20,0.4306105416568303
TKT,0.4305612728244351
SLC22A23,0.4305527714533995
QRFPR,0.4305175692972826
ACTN1,0.4304625052974627
CENPQ,0.43040137911805865
VPS13C,0.430394212699281
FGD4,0.4303743149829013
MED7,0.43021795646128186
DNAJB4,0.4301842798559891
LYL1,0.42993787670094863
PYCR2,0.4299240513501922
AGRP,0.42976290859874755
SLC30A10,0.429686306069084
HLA-DRA,0.4296832137176837
C1orf21,0.4294531997266103
HLA-H,0.42939520357164085
MPHOSPH9,0.4293704983166431
C20orf111,0.42935770324732175
SLC26A8,0.4293319289885694
KANK3,0.429312973681088
TMEM130,0.4292588923432466
RAB3B,0.4292568148063218
AKAP6,0.42918558678684515
CCDC159,0.42900611664550137
SBNO1,0.4289013617193518
CLIP2,0.42884977772292043
KCNJ14,0.42881485959830623
NT5C2,0.4287642958053212
CAB39,0.4287259848485599
PHYHD1,0.4286987427455174
POLR3B,0.428655783067683
OPHN1,0.4286492112763002
MIF,0.42845028390238693
TSPAN7,0.4284467104810945
MSLNL,0.42843740181894274
EIF4ENIF1,0.4284102286647626
TCF7L1,0.4281787572162065
STRADB,0.42813248247695995
TCTEX1D4,0.42803796177113673
C12orf36,0.4279800168655694
TMEM98,0.42789789734539
CHAD,0.42789556494044567
ZBTB42,0.4277510266388467
MARK3,0.42771434258204855
MMP14,0.4276839023948569
KIAA1462,0.4276571320679502
KRTAP19-1,0.4275656793981487
RGS5,0.42746295719039584
LRIT2,0.4274527323113628
CNKSR1,0.4274169611971328
ZNF444,0.42740765718064117
MGAT4B,0.4273130166590109
PRIM2,0.4272887704229161
C3orf67,0.427122660674092
AUTS2,0.4270863304338227
HLA-DMB,0.427017720556237
UMODL1,0.42695018378189087
SETBP1,0.42694969204991345
C18orf55,0.4268861270971262
PTP4A1,0.4268559152247738
CLDN2,0.42668089775461104
BCL2L1,0.4266333111554357
KIAA1409,0.426603128993708
WSB2,0.42657952288953643
LRIG3,0.42656601898530727
GOLGA2B,0.4265236547605421
TXNDC15,0.4265117471661492
ISOC1,0.4264313758952323
C10orf11,0.42640257748494825
STRN,0.4262873330230298
FCHO1,0.42611003300124867
SMPDL3A,0.4259910883510791
RBPMS2,0.4259125987078909
BICD1,0.4258788058322805
MELK,0.4258624231309852
PRODH,0.42568110091454125
CKAP5,0.4255415004375337
S100A16,0.4253982973449219
ANKS4B,0.4253935059903263
RRAGB,0.42522547498514257
FLJ43663,0.4250883676920594
NFATC2,0.4250827814903766
LAMB1,0.42502669722781716
C20orf141,0.42492588622078553
LOC100101266,0.4246751046536594
SERPINE1,0.4245991289248655
C5orf49,0.4245032821747609
TRPM8,0.424457769598265
BEND7,0.42445152842688516
FAM53A,0.4244269966885863
SLC30A5,0.4243625274022465
CREBL2,0.4243082589895388
TM4SF18,0.4242791069214085
RBM9,0.42414101455368025
CNNM3,0.42397032783261324
HOXC11,0.4239477464106023
RB1,0.423946054638712
CNOT3,0.4239158818778306
AAGAB,0.4238051397358904
LIPT2,0.4236722358499401
LMAN2,0.42358753589343745
FLJ44635,0.423510328304974
PLEKHF1,0.4234576307450738
THSD1,0.42345387357410186
HLA-DPB1,0.42344054232553135
SGSH,0.42317529311757474
ARHGEF10L,0.42313527654637584
CBR3,0.4230535097431161
FZR1,0.4230424312361207
WDR25,0.4230296684606516
GUCY1B2,0.42297761804791034
ST8SIA2,0.4229360154978168
CSNK2A2,0.4229208682183237
LUZP1,0.4228277330992668
NKX6-1,0.422578285025518
POMT1,0.4224276076698281
FOXF2,0.42235341567205187
HSD17B6,0.42217374883946474
FERMT2,0.42217287965603634
RPUSD2,0.4221279891964058
CHST3,0.4220115046244834
HSPB9,0.42194339898612365
CDKN2A,0.4217990473596181
C4orf33,0.42171603904539556
SORD,0.4216793996400445
HOXC6,0.42163771950284606
LPAR6,0.42149811213992827
RCCD1,0.4211950215295949
IPCEF1,0.4210888569355469
GGPS1,0.4210145712505274
DGCR6L,0.4208462625621143
SHC2,0.42081563222621127
PSME3,0.4207390712923525
ZNF382,0.420601443649695
ARRDC1,0.4204876713992718
C6orf97,0.42025730290361407
BCAS4,0.4202564101493777
NOS1AP,0.4202202507594161
FAM125B,0.420217951281049
CRNN,0.4201154846340801
IL28RA,0.42006975358838605
PDZD7,0.4199619262491971
TRIM5,0.41986736199748376
REPIN1,0.4198485853725208
ERC2,0.41978951087435507
LTV1,0.41975229064843855
LY6K,0.4196215230637166
FAM72A,0.41952761575396913
AQP3,0.41931954055587534
C1orf161,0.41929416771850514
MED21,0.41927969147793104
PKP2,0.4192759434852635
HIAT1,0.41920343936855675
DMRTC1B,0.4190808936492799
ISG20L2,0.41893129011848435
POLG,0.4188126028913134
EYA3,0.4187101398159247
LOC100101938,0.4186127625308169
VAMP2,0.4184797498003595
C16orf93,0.4184692845827194
LOC284900,0.4183355686988935
CD93,0.4183277557725482
PORCN,0.41820785427750373
PLA2G3,0.4181798610506096
C13orf34,0.4181307478103425
ZNF320,0.4180905250774375
NCOR2,0.4179729054093577
OVOL2,0.4178965364917583
F8,0.41766620761195894
MYLK3,0.41751812601901694
KNTC1,0.41750124759215146
CASP8,0.41733041051611547
C1orf123,0.4171122985027878
FBXO32,0.4170558701925691
LOC100134868,0.41697290596157793
FNBP1,0.4169123294964916
ZNF860,0.41668230223749453
CCDC19,0.41629507619400274
GTPBP3,0.4162772643827318
LOC100131726,0.4162464416758803
PPM1K,0.4162382985642535
KLK7,0.41620378230324767
KISS1R,0.4161941807681569
C11orf84,0.4161872808631567
NUP62,0.41603151666964483
RBM14,0.41587848178075565
ANXA2,0.41576764895123014
ADAM29,0.41555159826728466
KIAA0408,0.41544205144170077
PSMD8,0.4154382708469936
C13orf29,0.4150432598016524
CADM4,0.4149320523184263
HDX,0.41484551541283793
UFM1,0.414758733217917
ASGR1,0.4147545233363061
GPR64,0.4146551893262673
PFKM,0.41450656257702956
DIO1,0.4143712536359146
EPS8L3,0.4140788477434982
ACTN4,0.4140480947536892
COL16A1,0.41403500990412306
HIF1A,0.4140104632546133
ZNF85,0.41400474880997173
BATF3,0.4139968283744544
AURKA,0.413885039502295
ACY1,0.4138007147943378
CCDC21,0.4137592200124566
STARD8,0.41375121656131664
TFF1,0.4137058929101202
AAAS,0.4137049480570191
KIF20A,0.4136387544345101
TMEM39B,0.4136277156718033
CMTM4,0.4135754978023196
ABCB4,0.413554781934931
CENPL,0.41353681372367224
DCAF15,0.4134827325653983
TBKBP1,0.41345493053206483
EFCAB5,0.4133971225607892
HIATL1,0.4133410529455846
TRIM10,0.4132076688496167
BPNT1,0.4131955499305344
ALAD,0.41301991101410485
SLC46A3,0.4130044328830562
MYO1C,0.4129580362496228
MPV17L2,0.4129258291327739
ANKRD13C,0.4129223535518214
HAPLN3,0.4129143589961259
PDLIM4,0.4128896442086921
GSK3A,0.41280582655091674
SOX6,0.41268817920333545
LOC152024,0.4125385454588971
GLIS2,0.4125307012093522
DRD2,0.4124977123667273
NFIL3,0.4124550582426091
BANF1,0.4123996128375059
FKBP1A,0.4121185490301017
MAGED4,0.41199174281992756
DENND3,0.41189927840395935
TMEM167A,0.4118324496529301
STX18,0.4117871847462627
FOXK1,0.41157491355693
INHA,0.4115667401537935
ARHGEF15,0.4114224427705724
GAS8,0.4113327217513278
CCDC59,0.4112753047110307
SELPLG,0.4110779459178849
NAE1,0.4109654165950632
ASB14,0.4109413318872065
TP53I3,0.410928964885561
WNT3,0.41080824040677777
ASAP1,0.4107820140754269
FGF2,0.41078100085180697
PTBP1,0.4107462559687519
GNPNAT1,0.4106645230129189
NNAT,0.4105716913967036
CRLF1,0.41054023349179936
CCL23,0.4104384037970352
SLC22A18,0.410384809650164
DUSP23,0.41029127003386373
PSMD10,0.41028522707107395
CCL13,0.4100479926623975
KRT84,0.4100006108887243
VAV2,0.40998112491543914
LTBR,0.40995851401572725
DNAJC1,0.40994227852862375
LDB1,0.4099383278096356
CHRFAM7A,0.4098909356254705
LNP1,0.4095697425479694
ZNF876P,0.4095336111489675
SPACA4,0.40948681422831795
UBE4B,0.40947500221567973
C7orf46,0.40944705727047065
G3BP1,0.4094209665272697
IL1F8,0.40926698488683383
TMEM38B,0.40915651741782205
TMEM170B,0.4091561116211494
DFNA5,0.4090616450950321
PALMD,0.40896053422067113
DOCK10,0.40885549777171737
WDR70,0.40883661598408627
WDR5,0.4086650887504185
ORM2,0.4086090052652094
CHIC2,0.4086046689540745
MRI1,0.4085028391329263
SGEF,0.4084877269769155
C15orf40,0.40843846984372395
SLC39A14,0.4082226680696025
LOC647946,0.40819766105832284
HRG,0.40807415062657393
SLC10A7,0.40785610608931416
ZNF117,0.40777047397065985
PLCB4,0.4076455293394846
TIAF1,0.40759834866246314
IL13RA1,0.40756365171701114
TNFAIP6,0.4075621372577468
GNAI2,0.40743440545877974
TOP1P1,0.407422254511974
CXCL1,0.4074180204127782
TIGD4,0.40741751652335934
C14orf28,0.4074138387444592
KCNJ11,0.4073826825369018
FGG,0.40736850117095574
PPP1R12B,0.4071951814205779
SIN3A,0.40707931649887363
ELF3,0.4070269997004778
FLJ37453,0.4070079636227798
GPR149,0.40694358657352325
CRTC1,0.40689348991932744
SAMD11,0.4068787421713974
LRRC6,0.40676509476737466
TAB1,0.40670348329433265
ZBTB39,0.40662141736873914
MKI67IP,0.40655062000102077
LCA5L,0.4064914716601862
XIST,0.40648883902763316
MSRB2,0.4063688452725088
ZNF835,0.4063517617052625
EIF5AL1,0.40630476577961
CBFA2T2,0.4062692760162212
GRWD1,0.4062690020871308
CELSR3,0.40625224262602866
PRRT4,0.4062033707911159
CDK16,0.4061605080313199
ITGA1,0.4060172792049627
HOXD8,0.4059121972918402
CD40LG,0.40587285483840685
C2orf58,0.40575862712241906
C4BPA,0.4057436569686217
ANKS1B,0.40564613405906075
TP53TG1,0.4055952712352258
CSNK1G2,0.4055191549872108
RPS27L,0.4052820866536724
OGDHL,0.40522382381721983
TMEM39A,0.40516837268568406
CIT,0.4050940753149572
LOC442421,0.4050057331878914
NDFIP2,0.4048993303417901
MRPL35,0.4048719743325626
STX6,0.4048283214031028
DNAJA4,0.4048051967623245
ADAP2,0.40476316365028725
SH3TC1,0.40460182656984967
NCRNA00095,0.4045932143708804
BAALC,0.404388788414296
SLC4A8,0.40438435123865657
CRLS1,0.404324916593682
KRT8,0.4041958481361594
MARK4,0.40416572978159726
CHST2,0.40401600670477356
NDUFAF2,0.40396108810064757
RIOK3,0.40395801956636984
RRBP1,0.4038626022597427
LGR5,0.40382498881673623
CDC40,0.403725889813623
MAMSTR,0.40366289705913583
PPM1E,0.40357291393651035
KNDC1,0.4034639288446623
NCKAP5,0.4034509000103338
SMPD4,0.403449836724872
RBM43,0.40328367057958664
FLT4,0.40327217951075256
IRX2,0.40316781805246826
PDE4C,0.4030944861932651
ELAVL1,0.4030781014883889
VDR,0.4030393966988892
DAP,0.4030200178245351
VPS11,0.40301913372721176
ZNF491,0.40301237208776536
SLC36A1,0.4029530239463526
NMB,0.40293233530563255
SGOL1,0.402801607107933
TGFBR3,0.4027665085178881
C3orf63,0.4025922014934752
DSCAML1,0.40248099438636786
NF2,0.4024079422625305
STRBP,0.4023810555840911
NHP2L1,0.40237656116157106
FUK,0.40236504416598473
ITGB2,0.40234898390381546
PIK3C2G,0.4021842250996933
FOXD2,0.4021705326499647
KBTBD10,0.4019820620714749
ATP6V0E2,0.401867734066539
AFF1,0.401772984496429
SHH,0.40169512945332
S1PR4,0.4014582642058896
NFATC4,0.4014452181358379
ATG5,0.4013781746819431
DIRAS2,0.40129854967716355
BHLHA15,0.40125912665689417
SYTL1,0.40112622662488673
USP43,0.40104752842327795
MLF1,0.4008626700313498
SDC3,0.40076511096608597
OR56B4,0.40074671425371017
HARS2,0.4007427455858729
CN5H6.4,0.4006880813169334
VPS4B,0.4005374341529942
CALCOCO2,0.4004554411588469
CSNK1E,0.40043999357931814
KCNA3,0.4003084285509713
ZNF610,0.4002567748420234
PAK6,0.4002201484621428
PRKCZ,0.40020983866980364
LOC100128675,0.4001000606406803
RBMXL1,0.40002744285322245
RPP25,0.3998683883818387
NUMBL,0.3998536086277351
TRIM31,0.3998230685825497
SNTB2,0.3998047605550538
PSMB7,0.3997713879333994
PIGQ,0.3996931202448011
C1orf111,0.399630655324019
MYO1G,0.39951456444674
PIP4K2B,0.3995128325111413
KL,0.3993770250826114
C4orf52,0.39908860151184355
NNMT,0.3990061706574945
ALKBH2,0.3990001354340066
PL-5283,0.3989630890598073
SPCS1,0.39884547386710867
MYO7A,0.3987424841836129
BCL2L13,0.398731550782727
TMEM9,0.3987055779437488
VANGL1,0.39863411835415574
SNRNP40,0.3986236304820612
DNAL1,0.3986074418493589
OSBPL6,0.39850697952545217
MLEC,0.39849778909768796
WSCD1,0.398439758090814
GREB1L,0.3983534500910067
TAS2R38,0.3983432672782519
HEATR5A,0.39833796365626006
CAPN12,0.39829880033180215
ULBP1,0.3982818304182707
CAV2,0.3982053092453685
QRICH1,0.3981378448221429
ATG7,0.3980330153867896
ERN2,0.3978598831746634
FIGNL2,0.39781224229516665
SULT1A1,0.3977757737114734
SLC19A2,0.39772204502076686
DNAJC9,0.3976941349148948
PTPRB,0.39752456330527947
ANKRD27,0.39748889565153467
GCLM,0.3974434393282685
SAFB,0.3973194063241748
SEC24C,0.3973158355391707
ASCC2,0.39727089345161437
PTGER2,0.3972441562817942
MBD4,0.39713972425109506
TCFL5,0.39700111484374584
PSMC3IP,0.3969023179045534
C1orf57,0.3967823384916846
CCDC51,0.39665857743493693
C4A,0.39659321126558306
ANO8,0.3963809966432446
VGF,0.3962550485716168
LIN9,0.3961928492321761
NKX3-2,0.3961498904462351
DNAH17,0.3960682731169065
ABR,0.39586580446196334
FAM40B,0.39583885979263134
SARS2,0.3958134071822158
DGCR5,0.3958022924743798
LRRC10B,0.39576382847251734
OTOP3,0.39570169707352076
IL3RA,0.39555801703747806
CTSZ,0.3955130838258847
TMEM129,0.3954545669845823
KLHL2,0.39535358244441376
RASA4P,0.3951462328234312
LYPLA2,0.3951116815833559
ZNF91,0.39498306706646213
DIAPH3,0.39497291006836444
SFRS12IP1,0.3948621279641662
ATHL1,0.3947127268850559
TPRKB,0.3946456579990226
JAKMIP3,0.3946345348409264
MMAB,0.39453253722371134
TUFT1,0.3945084781489225
PSPH,0.39446422665410685
NR5A2,0.39443441691221814
RAB37,0.3940323674834883
SLC4A3,0.3940131384110429
GPR63,0.3939660202465868
GOLGA6L6,0.39395840361647977
AP4E1,0.3938967667269408
BCL6,0.39381763528921204
OSBPL10,0.39370010295682145
VLDLR,0.3936969213921197
CELSR1,0.3935165872385223
DCP1A,0.3934644025578943
FAM71F1,0.3934115837954334
ANXA2P2,0.3933758646513527
AFG3L2,0.39337250095670584
UPF3B,0.3933546733024962
PGD,0.39333097193686956
MFNG,0.39296852089795964
EFHA1,0.3929393948779637
ST6GALNAC4,0.39291118153403876
PCSK4,0.3927935288895776
GMIP,0.39275778050646726
GPR120,0.3927539477341775
LAMA5,0.3926746789680143
NTF3,0.3925749974962102
CORO7,0.3925272702442193
CCT6A,0.39243229236418037
TBCD,0.39238862475747205
PDRG1,0.39233153356082684
CNTLN,0.39228929966430937
CLDN6,0.39223189663723057
ID2B,0.3922171145629624
ACTBL2,0.39207781716673096
PROCA1,0.392057614197658
GTF2H1,0.3920540561607043
DNAJC10,0.3920506410732165
CALY,0.3917743834387351
HSF2,0.39174241562884404
SET,0.3917332938639618
C17orf62,0.39153144978095156
RALGAPA2,0.39135224267621654
PHLDB1,0.3913195129653822
INA,0.39122728943855845
EFCAB1,0.3911476557173771
PHF12,0.39113302078979206
SLC41A3,0.3909046585885015
LOC144438,0.39090061797411924
MAGED4B,0.3908319920417803
SKIL,0.3907473012272682
SERPINB10,0.3907461781663225
TPK1,0.3906032403011038
ZNF441,0.39038167027663306
TSC2,0.3903279969736299
WDR6,0.3903137617319208
REN,0.3902078169412404
ZNF141,0.3901985542218669
COX18,0.39007218964863083
SECISBP2,0.3900487690972149
ZWINT,0.39002377997654936
CCDC108,0.3899754024495789
REPS2,0.3898617621115431
UBE2D4,0.38974657639107196
KIAA1468,0.38972333318552904
SYT14L,0.3896988159347022
TBC1D7,0.3895228979892611
WDR78,0.389508039036683
EVI5,0.38944029797353447
KRT2,0.38938466494344603
PPP1R13L,0.3893362898820436
UHRF1,0.38915392511939095
C19orf10,0.3890309199993433
P2RY14,0.3889917966717814
PLA1A,0.3888155006198446
LRP2,0.388632836763383
KCNK2,0.38844352629542633
RDH12,0.3883886141752372
GOLGA4,0.38837929276496896
SAMD12,0.388077779912536
HERC2,0.3880249065413246
BRI3,0.3879030418103187
CTNND1,0.3877103150508244
CENPJ,0.38768871902259927
ABCF2,0.38759296316345493
EIF4H,0.3875518364711949
HGF,0.3875367194073448
PPM1M,0.38744671705465555
HIRA,0.3872270679733553
LCN10,0.3871365906474619
C1orf112,0.3870934544516765
ALOX5AP,0.38704336207762047
MCM9,0.3869027518695189
SNX14,0.3868012657370347
C1orf168,0.3867970353668286
RBP3,0.38676717038339054
NIP7,0.38672570091711506
SPATS2L,0.38669868627483495
PVRL4,0.3866837649952858
NCAPG2,0.38667665385717653
GAS1,0.38666368076704216
VEZT,0.386607112527935
GLIS1,0.38656014569846986
DNAJC13,0.3865218097808619
TRMT12,0.3865160927369983
CEP78,0.3864914987996622
ZMIZ2,0.3864418649298855
LAMP2,0.38638663322767874
ESF1,0.38626768834295266
ACD,0.38622212897761843
NKX1-2,0.38621621396888883
MYO15A,0.3861802500547467
DHX33,0.38617384507595
C2CD2,0.38615340387679975
FAM189B,0.38592132954746927
KPTN,0.3858915640501477
WDR19,0.385876417207482
SLC35C1,0.3855145742799211
CPB2,0.3854740078043891
SIRT2,0.3853274862427895
CFL2,0.3851195720475217
TPBG,0.3849305398465857
INMT,0.3849062191973025
ZUFSP,0.3848852024826235
ABCB6,0.3848641637645334
C7orf59,0.3846794533523015
LDLRAD1,0.3845720001526626
GGT1,0.38455139850745773
RASL12,0.384492924709289
BRCC3,0.3840544778822961
MAGEA1,0.3839904215454333
SMCR7,0.38391882886277157
FAM171B,0.3838602018551396
C11orf49,0.3838428748484087
MAP4K2,0.38372885098350923
LOC440040,0.3836828697292468
SUN2,0.38363684249915836
KCNK9,0.383478654762689
PDHX,0.3834749373623666
SLC37A3,0.38330109209144
KDELR3,0.3832723646399206
GNG4,0.3832430410355115
KDM5D,0.38321061968569925
AMD1,0.3831736345131655
TRIM15,0.3830876905724361
SHFM1,0.38304562642343
TFF3,0.38290457672996536
HECTD3,0.3828781274377837
TIMP1,0.3828254278824607
OLFML2A,0.3827772108778782
GLCCI1,0.38274188529873054
IVNS1ABP,0.3827397015677074
C5orf56,0.38255999733776547
ZYG11B,0.3825034454431988
UBE2D1,0.38244259441985295
WDR18,0.3824224188810559
CLCN7,0.38238916935339196
CDV3,0.3823751467018107
APOBEC2,0.38234499899358576
CDH5,0.382232022334955
GMEB2,0.38220308740845105
?|57714,0.38215565977746313
MYO18A,0.3819912291972382
CSAG2,0.38188676992919246
SLC38A5,0.3817584688305936
RRP7A,0.38172155908271277
CXXC4,0.3817142207402536
TSPAN18,0.3814558527390798
IFNE,0.38145456769611463
GPD2,0.3811300318894303
C18orf10,0.3810687859314881
WNT9A,0.3810361525870939
LPHN1,0.3809847364439858
AATK,0.3809825333812092
CCDC8,0.3809528259573458
ETV2,0.3809307682986858
PDSS1,0.38083068999549546
SLC7A7,0.3807812139792509
PCMTD1,0.3807779686403757
EIF3K,0.3807525128643796
VEGFC,0.38069464335608383
TM4SF19,0.3806276386421406
ARHGEF10,0.38048154333236894
SFRS7,0.3804753217021004
LMO1,0.38035345250925334
AP2B1,0.3803432693848593
GTF2A1,0.3802877621080282
EFTUD2,0.3801679875716899
MS4A15,0.3800515101562878
PATL1,0.37993393092657807
KCNC4,0.37989952159104023
UNC119B,0.37987791893120304
NHLRC3,0.3798272247708444
MEX3C,0.3797418592703779
GK,0.3796524207244818
DNAJB6,0.379648578825014
CRY2,0.37964420325145015
C3,0.3795545149846731
PRRT3,0.3795389363205277
PPME1,0.3794967295795805
RAB25,0.3793798039949454
TMEM69,0.379373717550402
KIAA1609,0.3793428619214688
RASSF2,0.379328019423261
C1QL3,0.3793102722563399
C1orf156,0.3790929429523108
LOC341056,0.3790611977425226
EPHX4,0.3789111359469206
SLC39A13,0.3786530805513617
MLLT4,0.3786227094371559
LOC642846,0.37860354648043826
SLC46A2,0.3785844059461491
CATSPERB,0.3785773919769132
ACSS1,0.3785402002977349
HESRG,0.37847976356826646
CLEC16A,0.37845874002360225
SCNN1B,0.3784168897007675
ACRV1,0.3782432007329709
NUDT12,0.3782308657636049
WNT11,0.3780441505183939
ZW10,0.3780219943098041
RPS27A,0.3780213160485426
SMAD6,0.3780202903102438
MGC57346,0.37799451435902454
CYP2C18,0.37787740748920084
OLR1,0.37773969206584807
CES1,0.3776972700449044
ZMYND19,0.3775057108947103
PPP1R12A,0.37745281584753687
FABP5L3,0.3774193065166399
ZNF214,0.3773055007248177
XK,0.3772742492235494
SERPINB1,0.37724626336734546
TMEM33,0.37724522683603545
FUT3,0.3770389817969467
HNF4A,0.3770144103692273
CGRRF1,0.37698759952318334
DPP10,0.3768736903775338
CBWD3,0.3767597345327243
SLC25A35,0.3766771732898664
FRZB,0.37658907123510676
CDH13,0.3765822070570744
MAMDC2,0.37647741847059457
FAM35B,0.3764580670989411
BAZ2B,0.376176291517501
NCL,0.37603198671954946
PPP5C,0.37601565267335185
BCHE,0.37596154264539255
GDF10,0.3759454308174558
MORC2,0.375853312138389
REEP3,0.37581492868026106
CCBP2,0.375760851981371
NGRN,0.37572012201796257
GPX1,0.37570909989842194
H2AFX,0.3756815080658018
AGXT2L2,0.3756426615667141
RYBP,0.37562667190923804
SLC30A7,0.3756216515621153
ORC3L,0.3755708835359061
SGOL2,0.3755425692547533
HIST1H4E,0.3755230476701274
AZGP1,0.37552286898649834
RAPGEF3,0.37547988167764645
PDCD5,0.3754127215328527
ITSN2,0.37539442345897944
EFHD2,0.3753900771390105
LOC339674,0.3753705707947743
CLTC,0.3753562248233303
AKT2,0.3753245370373941
LHFPL2,0.375323673876568
SSR2,0.3752602026007993
PRMT8,0.37523573468689436
SHISA9,0.37515373276729513
C1orf230,0.3750567243011906
HRASLS,0.3748134951273192
EPHX3,0.3746805128585673
RP1L1,0.3746757925825455
CXorf21,0.3746636963956472
DGKZ,0.3746030569238664
DNAH11,0.3744159477694448
FANCG,0.37440430403922675
DBI,0.3743629949061347
KLHDC2,0.3743579998697542
WDR77,0.37434251315101474
ANKRD56,0.37422895200129497
LOC441177,0.3742013127791888
ZNF697,0.3741400837610127
C16orf80,0.37409219909996044
MIOX,0.3740620941254005
TTPAL,0.3739087824616215
LASS6,0.37389952632984497
CLN6,0.3738301682868979
SCARB2,0.3737479987693873
ROS1,0.3736453112928666
STAC,0.37363344471532905
GNAZ,0.37360688842026374
GOLGA6L1,0.3735632430167435
ERCC1,0.3735557369861197
ERLEC1,0.3735495231985805
MT1A,0.37352231943522435
HIST1H2AH,0.37348697162046607
C16orf58,0.3734779732157196
C4orf32,0.37333413337763643
ACOT2,0.37311175613454267
PIAS4,0.37306905022644
CSRNP1,0.3730533785549899
PANK2,0.3730001690428657
ARL14,0.3729570126784854
IL32,0.3728415250708142
TDP1,0.372753490068222
SPTAN1,0.3727481924406797
ZNF148,0.37260947643406284
BMP3,0.3725080816270268
RELL2,0.37237133075736195
FOXC2,0.3723518944490131
LOC729668,0.3723463709699876
TMEM173,0.3723163702003885
APEH,0.3723016749446446
IGSF22,0.37226564444220583
RASSF6,0.3721245658193494
DNAJC15,0.37211903312159184
ALDOB,0.372091374937906
LIN7B,0.3720891899524611
BRD8,0.3720719872064716
HOXD1,0.3720297245376759
E2F4,0.3720240452181077
RUFY3,0.3720237141333942
VAT1,0.3719020351791129
POM121,0.3718252531044376
RPS4Y1,0.3718188616612805
UPK3BL,0.371814336512182
CCNF,0.371795606703079
SVIL,0.3717775765913669
SMAD1,0.3717502257194546
NEDD1,0.37166312097853094
LATS2,0.37154883858888244
POLE,0.37147129124571643
C19orf18,0.3713531852641061
CTTN,0.3713339260886524
EIF2S2,0.3713049150327811
AP1B1,0.3712515862751336
HSPH1,0.3712351093383622
TNFRSF18,0.3709761533903916
ZC4H2,0.37090742322543846
GPR137C,0.37080988693988126
WDFY4,0.3707938941610649
REL,0.37077644260851345
IP6K1,0.3707366934874458
TMEM139,0.37065219672807725
FGF14,0.3705925202983499
RNF8,0.37052048340307103
SLC25A1,0.3704873324567612
C22orf31,0.370359445261745
AKIRIN2,0.3702214040317577
INSL4,0.3701822612643594
C6orf211,0.3701775384390403
NDUFA2,0.37005536053510946
NUMB,0.3699383312393028
IDS,0.369925161859826
MARCH4,0.36992464027225824
LGI3,0.3698685304103536
LTC4S,0.3698333627826385
NCRNA00161,0.369808844243806
NIPSNAP1,0.36973885398360307
CNDP2,0.3696467056930966
SALL2,0.36963069994489145
ESRP1,0.3695853989487072
INPP1,0.3694628980971891
NAPSB,0.3693410832025673
FAM19A3,0.36922125931861444
CORO2A,0.36911046767011885
CXorf36,0.3690651053729195
C2orf66,0.36902291492147
NAALADL2,0.3689384558776762
CD34,0.3688293472525213
C9orf84,0.36882818021946806
LRRC69,0.36880692517820113
P704P,0.36877618543979085
DSG4,0.368682244376875
SYNGR4,0.36864878656478645
SFXN1,0.3685968738587065
CST5,0.36859088825419056
BTN2A2,0.3684244075832461
RGNEF,0.36834851633609844
TRERF1,0.3683163320645576
GIMAP1,0.3682763598753469
CUL1,0.36818638619094135
IFT140,0.36802323821356386
RPS17,0.3678344017313172
ZCCHC4,0.3677929659164935
GBP3,0.367776661760925
C1QTNF7,0.36777065516912233
IRAK4,0.3676901498638049
MTMR7,0.36766527705715885
ATP13A4,0.36762202533865945
C15orf44,0.3675166399679698
ZNF57,0.3674777978039736
ZNF826,0.36747701632142205
PRKCH,0.36738402646244606
RYR3,0.3673557422294197
LOC728855,0.3673126084614235
LOC100133161,0.3671801758306913
C11orf85,0.3671799063200553
LPCAT4,0.3671359149478394
LEO1,0.367060083297259
FBXL17,0.3669344599969478
BCAS1,0.3669244489245884
IFT20,0.36682145024075574
LOC100190938,0.3667834823525708
C2,0.3666283482832124
MPG,0.3665513042639731
PDIK1L,0.36652866488037494
LIMS1,0.36647726556189275
LMBR1L,0.3664761627867552
ADAMTSL2,0.3664389253426296
COPS5,0.3662616508392392
BARX1,0.3662612529756083
RIPPLY2,0.3662599227893215
NEK2,0.3662309938113346
CLCNKB,0.366141212125703
C1orf25,0.3661347352347477
SEC24D,0.36607937324889545
CCL15,0.36605814066827574
PTPN1,0.3660077758190262
MYBPH,0.3659407092995657
CSF1,0.365780438893794
MYOF,0.3657151394687721
SRXN1,0.36562479943502146
EIF5A,0.3656087166074405
PLA2G1B,0.36558488474921563
TUBE1,0.3655482589903644
TSEN15,0.3655255137425833
HMGCLL1,0.3653284579448865
AKT1S1,0.3652465150752757
SPTLC3,0.3652334235243512
HUS1B,0.36522464924824444
KIAA0101,0.3651860827189565
DDN,0.3651691568239671
FAM65C,0.3651286472609188
KRT79,0.36496290390287534
PRSS21,0.36490710578774666
CRBN,0.3647377883965419
P2RY12,0.3647356086312151
FAM22A,0.3646545527727433
KLK13,0.3645716885589143
CLSPN,0.3645517387420788
SEC11C,0.3645075794727747
NTN4,0.3644758142792218
CCR6,0.3644447581105693
PMS2L1,0.3644074761222881
XPO5,0.3643046304884407
MYD88,0.3642595937777693
EEF1A2,0.36417156927305777
HPDL,0.36397463198904934
MFSD1,0.36386515871505987
KRT10,0.363813965450153
DCBLD2,0.3638086629213116
ANAPC1,0.3638082728979164
ZNF185,0.3637399369418402
FAM195A,0.363625446707722
STAMBP,0.36360286428571353
GPC4,0.3635985166334452
MRPL37,0.36350007130956874
LONRF1,0.36337864733282965
ETNK1,0.3632822000562064
MSI2,0.3632297579936163
FILIP1,0.3630838750031733
GANAB,0.36307604035914165
DGCR14,0.3630571204336865
PELI2,0.3630392685848667
OLFM1,0.3629816274085055
UBE4A,0.362933985636793
SLC9A7,0.3628920086165106
RIN2,0.36288734983719295
GTF2H2C,0.36285080892621774
SFTPB,0.3628466611670983
CCDC6,0.36278268640248595
ADAM10,0.36262475050215304
WIPI1,0.36259763670318235
TSTD1,0.36242253422020987
GIMAP2,0.36240307567854235
M6PR,0.3623661291943001
CYFIP1,0.3623436399572416
BBS9,0.3623187428159789
GDPD5,0.3623055518959436
BSCL2,0.36228470392198087
KDM4A,0.36217887122072523
PNPLA3,0.36199798909328446
PSMC4,0.36196558833597003
TMEM108,0.3619538481147057
NLRC4,0.3619293161053354
CLEC14A,0.3618218845479638
LRRN3,0.36160804830024607
CRIPAK,0.3614987368997771
ZNF710,0.36140956599399277
LYN,0.3613311257566494
GIPR,0.36128753679549636
SCG5,0.361282669123805
HIPK2,0.3612169693139345
MCM3,0.3612140651131327
SLC1A1,0.3611004136550569
MGC45800,0.36108826658354615
CYorf15B,0.3610583474082164
SYF2,0.36090817375037965
THOP1,0.36090403791229514
HDAC7,0.3608358685502281
EIF2C3,0.3608313750899245
C1orf190,0.3605777475864732
GIMAP8,0.3605449299334772
SUSD5,0.36029266444842556
MARCO,0.3602650143459836
FAM81A,0.3602293406349208
FLJ45983,0.3601895982891597
ANXA6,0.3601890493851065
CGB2,0.3600063724792781
SH2B3,0.35998418668968685
TRIB2,0.35988386229914415
STX7,0.3597968256854565
ZNF804A,0.35977183347879005
PGBD5,0.3596914885895316
KIAA1598,0.3596543044163555
MAP1S,0.35961503396371686
TMEM86A,0.35948211083207304
HIC2,0.3593354231889163
TFAP4,0.3593221065837827
PBX1,0.35927424528066904
KRT82,0.35920021911007327
TCF21,0.3589139922089891
BDNF,0.35888843849178464
IK,0.35882053410705206
NR3C1,0.3587753468786157
TGOLN2,0.3587430890258114
FAM60A,0.3585595898879409
FREM2,0.35855583668729496
ITGB3,0.3585370368281613
NOS3,0.35852844101034276
KIAA0495,0.35849269602829203
UCHL1,0.3584110202001669
NAV1,0.3582903666653484
DACT2,0.3582553677086173
CTSL1,0.35824551962264817
PTPRN,0.358218659403711
TMSB10,0.3582086749872393
NOL11,0.35816525561716345
C6orf89,0.358113393038278
ACCS,0.3581094605557547
GFOD2,0.3580750726837881
INPP4B,0.3580320524108057
GGT8P,0.3580077303261108
MAGEA5,0.3579815758677104
SERPINA4,0.35785282211076785
RRAGC,0.35782583925598016
HSD17B10,0.3577863715165076
CBWD2,0.357749331033084
USHBP1,0.3576877739244111
GIMAP4,0.3576715470050943
RGPD4,0.357632926995126
AGFG2,0.3576239406750339
SNX24,0.35760642112070595
C6orf62,0.3574671029578437
TMEM106B,0.35737585488097323
MOV10L1,0.3573531781113431
SRD5A1,0.35734739561183104
CLDN19,0.35720025522078724
MMP1,0.3571709273053217
RNF19A,0.35712891578899464
TBRG4,0.35707377455862116
TARDBP,0.356890042230504
C9orf116,0.35675511818169714
GPR1,0.35669553199518933
HAUS5,0.3566556272159453
LRMP,0.35663767660976264
FKBP2,0.3566195493789405
ST7L,0.3565156782351954
ASB2,0.35609935939496906
CAST,0.3560487199959347
EFNA1,0.35603827919958114
GCSH,0.3559866366192117
ITPRIPL1,0.35592606193029713
RPAP2,0.3558701960439974
SEMA3A,0.35586746900212723
ARF1,0.3558609606066133
LOC100131551,0.35584979675189216
TTLL11,0.35577637282067587
TNPO3,0.3555420854100947
SAMD9,0.3554645542006897
C14orf37,0.35538370790148177
TBC1D2,0.3553570858498968
PRSS45,0.35535395981548734
FLJ39582,0.3553197388516093
CXorf64,0.3553191761044773
FLJ35024,0.3553062892072785
TM9SF3,0.35529321207497744
PRG4,0.3552722536153115
SHISA2,0.35527102046957815
PAK1,0.3552224653846428
ZNF277,0.35504067111727866
GAS2L2,0.3550064689933341
IRAK2,0.3549370373136976
KCNK7,0.35486199026985327
SRPK2,0.3548403052171255
MCOLN3,0.3548173920912999
CHCHD1,0.3547975224726425
C9,0.3546135420814564
USF2,0.35460260230558804
AKAP8,0.3545675184456696
CCR2,0.3544939471606371
PCDHGB5,0.3544920967941211
C8orf75,0.35439957392821564
PLA2G4E,0.3543838331563
DDX3Y,0.3543710841835848
API5,0.3543518458261512
OSBPL5,0.35411719161690214
TUBGCP5,0.3539800311115232
SHARPIN,0.3539718744237566
RNF123,0.35386490711631546
MYOCD,0.3537980564378896
CFLAR,0.3537698177874517
ZC3H7A,0.35373209385919624
SSH1,0.35357214762353795
HIST1H3B,0.35353069741516513
SLC16A14,0.3534290650075962
RAET1K,0.35336437277960775
FAM167B,0.35334343543261887
HOMEZ,0.3533032925115236
ZMYND10,0.3532940333213563
BEX2,0.3532281644434076
RSPO3,0.3531486696429343
P2RX6,0.3531232210466806
MAFB,0.3530912661627755
WHSC1L1,0.35307355314980593
PITPNM1,0.35288885674690823
NKX2-3,0.3528740423035785
LCN12,0.3528633778414081
FBXL15,0.352638839302162
SNRPA,0.35254729614145164
SNHG4,0.3524842337939801
SLC39A7,0.3524406862326756
RPN1,0.3524093983663399
LOC284632,0.35236605019751077
HOOK1,0.35222585458844097
CCR10,0.35222071316513803
CACNB2,0.3521946292662016
C7orf51,0.35216119427798565
CAMSAP1L1,0.3520877888635733
FOXN3,0.35206613453168445
C4orf29,0.35205989561181894
ZNFX1,0.3520054638571476
C6orf218,0.3518640208351251
IMMP2L,0.3517966356890448
C9orf5,0.351739184703919
AIDA,0.35161059240580445
PPP1R3B,0.35156564378158084
ZNF541,0.3515551189521837
UBE3C,0.351526397133315
TMEM184A,0.3514314657634245
HMGCR,0.3513924745826391
TTLL7,0.35132730451972527
CTBP1,0.3511818818406458
TIE1,0.3510882703676545
PHC3,0.3508561573068538
HRNR,0.3508524739760379
DVL2,0.3508188257965611
RNF13,0.3507891623039283
GRAPL,0.3507032854513188
C5,0.3506771295890896
MFAP1,0.3506247184098009
PLEKHG4,0.3504418551672831
PCDHA9,0.35034169139994226
ZIC1,0.3503334256354693
DLEU1,0.35026098552585394
C12orf49,0.35019285047923965
DAB1,0.3501827157387023
ZBTB5,0.35011543851989246
SIX1,0.3500478094707483
C1GALT1,0.3500219068689031
RRAD,0.3500116937268405
CYP2D7P1,0.34998166421967886
IKBKAP,0.34996919778327634
HAUS6,0.3499500757174027
NOS2,0.3499472236869184
PLD5,0.3499467447416954
CPS1,0.3499310129857792
KCTD7,0.34979344775757243
PAPSS1,0.3497023734377586
SLC25A33,0.34962542588430606
DGKG,0.34959911524634446
C12orf76,0.3493450722073423
DOCK4,0.3493418976340462
BBC3,0.3493108935835265
CASZ1,0.34929278754584964
TMEM205,0.34906027620631447
HEXDC,0.34900304587845427
C16orf75,0.3489926655347304
YIPF1,0.3489663478870242
C5orf46,0.34892917330652745
PSMD14,0.34890170379927976
ZNF592,0.3487920560783539
MYOZ1,0.348791887646965
TBXA2R,0.3487503628537596
RFPL1,0.3487390538373121
VSIG2,0.3487142869629438
GRIP1,0.3485775716626294
FBXW11,0.3485214933600618
NOG,0.34846861800083595
CHST11,0.34842204176107844
GTF2IRD2,0.34841458324608776
POF1B,0.34838642551529253
GIT2,0.34806618414538837
TMEM149,0.348064107291621
CSDC2,0.3480555719860604
MCM3AP,0.3480305562936398
SLC24A2,0.3480242323372933
HCG18,0.34788574948080453
EPB41L4A,0.34785158526382465
SELT,0.3478218596088604
OSGIN2,0.34776342024056395
CALM2,0.3477290297475263
PDAP1,0.34755580639330996
SIGLEC11,0.3475504993519135
SSR4,0.3475427392668372
WDR41,0.3475186228640797
SULT1E1,0.3474597317281001
EIF1AY,0.34740049546934243
SHC3,0.3473718609312162
TMEM183A,0.34735313878617624
GLRB,0.3473218967415623
SLC39A6,0.3472917199944265
GTF2A2,0.3472604493133251
POP7,0.3471263518617653
IL17RA,0.34696752355055926
FAM83H,0.3469565510274601
ATP10D,0.3468997551661745
TMEM195,0.3467528606034836
B4GALT1,0.34671376886143584
NLK,0.34667570171480544
ROR2,0.3466587753118923
CTSB,0.34658717325627547
MMRN2,0.3465218049808139
CCR9,0.34632084505800875
C14orf184,0.3461730700947853
KRT37,0.34610953998632843
UBQLNL,0.3460955318673895
CSTB,0.34609189160740217
CTNS,0.3460684869911122
LOC284440,0.3460664440999693
LDB2,0.34602282932112066
SUMF1,0.34600813614314596
ENTPD3,0.3459831697244683
DENR,0.34598072805947483
GOLPH3L,0.3459698287450082
RANBP3,0.3459445631385631
KIF3C,0.34594377332559495
SPIN4,0.3458584316711991
MTHFD2,0.34584617050022964
FARSB,0.34561411183402646
TXK,0.34544088199469086
TECPR1,0.3453363799660893
ADAMTS8,0.3453189424723834
GREM2,0.3451680550447454
CANX,0.3450384637438515
C4orf21,0.344994098104921
GTF3C2,0.34494590152351734
CELF5,0.34491635448157704
INGX,0.34491405159156613
RCAN2,0.3448831369552644
CYBB,0.3448483350394894
CRISPLD1,0.34484361698680105
C10orf82,0.3448245599763854
BTBD2,0.3447649994687893
MAFK,0.3447633699367395
CHST9,0.3446574471257324
C21orf2,0.3445943172633116
TRMU,0.3444351393196007
TMSL3,0.34438600351244475
GPR97,0.3443564366114308
FOXO3B,0.3443191717848063
LOC554202,0.34417495956318295
MTIF3,0.3441372994222572
GTF2IRD2P1,0.3441184056362031
ZNF317,0.3440502188295914
XPC,0.3439094446058506
VENTX,0.3438335052133934
HMGCL,0.3436078012143624
ACOT6,0.34357527919069625
PDS5A,0.3434402203279968
MXRA7,0.3433586576008437
C12orf32,0.3433323492338961
CSGALNACT1,0.3433031393724081
TNFRSF13C,0.3433026791923993
C1orf187,0.3432849485319123
C3orf19,0.34323749998530567
MCTP2,0.3431539674145959
ZNF418,0.3430800044851938
NCF4,0.34307148966045975
ITGB1,0.3430530315661014
GSTA1,0.343018494480118
FUT1,0.343010055607631
ZC3H6,0.34296416118697753
T,0.342926498541424
NSFL1C,0.34260962295355774
RNPC3,0.34258420398795236
AURKAPS1,0.3425793347313289
ATP2A2,0.3425381354824968
PDE7A,0.3424962299783394
LYAR,0.3424499545413495
PMS2L5,0.34244557398859193
MAFG,0.3424064732108602
TLL2,0.3423974127463955
LRRC8C,0.34233561145621005
DDX21,0.3423205227348568
HLA-DRB5,0.3423079826780737
MEGF10,0.3421642796797697
SSH3,0.342162392846678
CORO1A,0.34214498210091565
LTBP3,0.34209407409528375
GNAL,0.3419355249746323
H3F3A,0.3418719589435515
FCGBP,0.3418270105536606
BBS1,0.3418191987660548
TMED7,0.341752670726859
G0S2,0.34159407935019737
CHRNA9,0.3415257323601182
TBX4,0.3414827030660822
PRDM8,0.3414283192421055
COIL,0.3413592844752308
PPP1R16A,0.3413100303290267
C2orf42,0.3412824705836002
TMEM126B,0.3412516353904154
USP40,0.3412370376489801
SNAI3,0.34107067560861026
SRRT,0.3410529977619152
WT1,0.3408861530495255
MDK,0.3408502209521062
N6AMT1,0.340762727230007
COX7C,0.3406206115286066
KCTD2,0.3405452823033034
CCDC12,0.3405423396506222
C1orf69,0.3404012218417728
C19orf51,0.3402323405056721
DNM1,0.34021172176117886
TMEM80,0.3400549083813713
ZNF462,0.3399950594595842
SLFN11,0.33995148726786373
GPBP1,0.3399099150626687
TMPO,0.33988681542279664
PELI3,0.3398866815129084
STX12,0.3398692536052423
TACSTD2,0.3398157018094632
PRKCA,0.33971239626937244
ZNF519,0.3396693773804155
ANKRD10,0.3396188313149031
PCGF5,0.3396004676962351
THOC4,0.3395090797601525
GRB7,0.33945609184338066
LOC100128542,0.33941018469796475
MIB1,0.3393716537332958
RORA,0.3393207331893532
IFIT5,0.33929031540548904
MAGEB2,0.3392488945727318
PRKAG2,0.3391758360158332
LPGAT1,0.3391421655874074
TEAD1,0.33913227293817616
UGT1A10,0.3391240710535295
MND1,0.33898346702483784
PUM2,0.33893680782376834
SLC29A4,0.3388722853720008
ICAM5,0.33884656804544017
FOLH1,0.33881273457119027
COL27A1,0.33880465835874
IGSF10,0.33875763190348374
B3GALT5,0.33869288783348783
RPSAP52,0.33862970817634475
PRKG2,0.3386023682006321
TIGD5,0.33858301269362956
C10orf114,0.3385065402823325
BCL9L,0.33825952505012025
TMEM213,0.3382515142597261
SH2D3C,0.33822372532010414
FBXO22,0.33816190817600017
TLE3,0.3381136287107542
TOMM70A,0.3381046965453439
EPS8L1,0.337930763578056
F5,0.3378565598001474
HMGB2,0.33784458309576837
IRX3,0.33781134969032744
VIM,0.3378102037862901
NAP1L4,0.3377790888537993
FAM126B,0.3377737220177723
PCDH7,0.3377678724288604
GLI4,0.3377332317681439
SLC30A1,0.33773244798125823
NDUFA6,0.3376398861436022
ZNF498,0.33750737195117325
EPS15,0.337431945451555
KCNS3,0.3374060769030022
C1orf201,0.3373300518813812
ITIH5,0.3373037435775275
CCNT1,0.33727598233442707
SH3BP4,0.3372202034543965
DOCK11,0.33711779610534964
RNF135,0.3370887641355624
ASNS,0.33708846248262664
RAD21,0.3369650408315152
CX3CL1,0.33673054523077606
UBA52,0.3366926991652834
GATA3,0.3366310853946856
MIXL1,0.3366229777894887
RPL22L1,0.3364968562981948
SENP3,0.3364443261384399
POLR2G,0.33628014926341154
NRBF2,0.3361828667546166
F10,0.33596301087456043
KRT4,0.3359044739162177
HNRNPR,0.33577070176392376
C1orf66,0.3357036016603434
DEFB4A,0.33566725163492217
CBX1,0.3356663661586193
PITPNC1,0.33564263815876033
SLC43A2,0.3355352780267733
PXN,0.33549809880056414
SNX20,0.33547998617064567
FAM69C,0.33545455132000823
CCNO,0.3354230746289474
STXBP6,0.33536333280077396
HAS2,0.33533021195152635
TBC1D4,0.33532315317969985
ZNF92,0.3353107587867409
LATS1,0.3351962928795073
GDE1,0.33514797645127425
BRP44L,0.3351329445462581
ABLIM3,0.3350071344293847
PTGER1,0.3349528011611963
LEPROTL1,0.33491802753006766
LMNB1,0.33488687548173646
SOX17,0.3348729822347347
SUV39H2,0.33479275532301966
CYP2J2,0.33474769281042105
WHAMM,0.3346803384375225
SLC7A10,0.3345233608246566
ITGA8,0.3344193130575908
GPR78,0.3343715297824237
SBF2,0.3342297721237659
UQCRC1,0.3341844287248658
CHAF1B,0.33417131584010956
LGALS12,0.334106235823203
C14orf101,0.3340656975160835
APOL6,0.333907132326931
LTBP1,0.3338239847771538
NEURL,0.33382266361909274
KRT32,0.3337974938604906
ZFP91,0.33376297174412595
PHKA2,0.3336883239886894
TNFRSF1B,0.33366886133329887
LOC153684,0.33365037729143177
C1orf53,0.3336311062121137
BRCA1,0.3335752414856982
STRN4,0.3335659556877225
RHBDD3,0.33350056832598124
NQO1,0.3334690416308514
SLC45A3,0.333465181864097
KCNC1,0.33321868926003567
REV1,0.33319272061184596
ZYX,0.3330976566154047
ANKLE2,0.333086492523198
EPM2A,0.3330860513439444
SIRT3,0.333049612015237
LTB,0.33298674209958185
PTPRK,0.3327496581044386
FBXL13,0.33273492803382687
SLC39A1,0.3326883634177713
PTGR2,0.33267291982821023
ZNF77,0.3326310741655649
SMS,0.3326024014188627
FAM169A,0.3324976058099975
RIOK2,0.33244046988001735
PSMD12,0.3323954004074773
CHST15,0.3323930689778184
TTLL2,0.33228958276633397
ERLIN1,0.3322248771726224
TRIM54,0.3321893501298658
UBE2J1,0.33211092398832776
SOX5,0.3320166919038849
ZNF18,0.3319233995894526
PGAP2,0.33191081061309485
STX2,0.33188752565542057
STAT4,0.3318817706175642
DOT1L,0.33187167041688054
ZNF845,0.33183482425690664
PDK3,0.3318249177838743
NT5DC1,0.33170945893274933
TOP1MT,0.3316850489507553
COMMD10,0.33159442855818444
CD4,0.33158964143376685
RPP40,0.3315426450170815
RNPEPL1,0.3314703439340278
HOXB13,0.3314327806537645
C16orf70,0.3313702725584686
ANKRD55,0.3313561627359167
B3GALT2,0.3312062966531886
SESTD1,0.3311993035119009
RAB11FIP2,0.3311975079005206
HACE1,0.3311797174374062
MAP4K4,0.33114814205036497
CARD14,0.3310078477049337
HOXC10,0.3310062547947916
ZNF76,0.33095809913515717
FLJ35220,0.3307857628726919
C1orf126,0.33077756478952225
TTC25,0.3307670825573832
SAMD4A,0.33071594145355443
PLEKHG2,0.3307110098488909
RPS7,0.3306878920658985
NSUN2,0.33051569350866217
C9orf4,0.3304564696042876
ACADM,0.33043694349293984
C10orf128,0.3304188359218821
BOC,0.3303843891736661
MANEA,0.330359816335391
C16orf63,0.33008638496687925
EAF2,0.3300841246089507
ZFY,0.33008199652096804
PLEKHA2,0.330031690294051
PCCB,0.3300272925995158
LMBRD1,0.3300063730392193
C11orf90,0.3300055839434401
ZNF383,0.32995281295245366
EGFL7,0.32983575246919317
S1PR1,0.32980957467203936
CXADRP2,0.32977671633247757
LPL,0.32974343133543627
RSPH9,0.3295666416976134
PUF60,0.32951690521387145
OSBP2,0.3292551294850408
PREX2,0.32924926597701254
WBP2NL,0.32924427692535324
HIST1H3D,0.3290891769022101
APOO,0.3289949438415143
C7orf50,0.32890510425007125
APCDD1L,0.3288836266574937
HCST,0.3287829619759063
SULT4A1,0.3287154213256198
GPR84,0.3287059146650418
ETS1,0.32863158165261197
GGT6,0.3285529648777558
CARD9,0.3284910309380482
ZNF253,0.32847347992358583
KIF4B,0.3284362939065763
TET2,0.32821083857613664
SAAL1,0.3281012090840718
THAP11,0.3280577256070117
CBR1,0.3280558988612018
DHRS11,0.32786611200460314
PIGN,0.32781556982160837
PACSIN3,0.3276715672122188
RALB,0.3275668944067319
LASS4,0.3275240160844183
LOC100272146,0.3274458856386308
SLC24A5,0.3273628540632111
C9orf128,0.32726367203005624
PTP4A3,0.32725409908170544
OSGIN1,0.3272052452074824
CD37,0.3271475985372181
SLC9A3,0.32713020576851537
DIS3L,0.32709061966161435
FIP1L1,0.3270487365011685
ADH5,0.3270407637066477
NSA2,0.3270139581011001
LRRC7,0.3269425609810703
NUP43,0.3268778388858567
DNAJC4,0.3268532828591975
KDM1A,0.32676680504957034
ZNF133,0.3267051628817355
EML1,0.3266292546409793
RAET1E,0.32655891242570617
TMEM151B,0.326458147947932
ATP8B1,0.3263883283992911
PPP1R7,0.326358844921264
MAPK15,0.32635391114010665
LOC643763,0.3263257770884838
TADA2A,0.32628095517771505
METTL5,0.3262525610135306
POU5F1B,0.3262029326929168
ICAM3,0.326153126574331
LUZP2,0.3261489216968582
ACADS,0.3261366908402118
MAZ,0.3261149448115427
NUDT2,0.3261029213694946
RNF17,0.3260968009799911
DEFB103B,0.3260459172213277
AMY1A,0.32602415421112174
ZNF330,0.3260191978745834
C10orf107,0.3260171172024162
ARHGEF6,0.32600035332644883
CAMK2N2,0.32594869827711004
CEBPZ,0.3258746553047772
ANKRD16,0.3258487439311547
BAHCC1,0.3258301168042956
GFRA3,0.3257886911938962
CASC1,0.3257457651083639
AZI2,0.3257406596925232
SEH1L,0.3256997690348309
AMICA1,0.3256985997426682
USP9Y,0.3255982767959542
G2E3,0.3254683047879079
PLEKHM2,0.3252087993463756
ECSCR,0.32518012384349737
C16orf61,0.32515552512423485
PGLYRP4,0.3251167483947933
ITGA2,0.3250764237995898
ZMAT3,0.3250668078493832
VDAC3,0.32503504264471417
METRN,0.3249978967002207
WDR54,0.32488044840422076
ITGB1BP1,0.324860783509677
PADI1,0.3248449377954673
C12orf39,0.3247949757275088
PCDHA8,0.3247838162662696
KIAA1949,0.3247352422359746
INADL,0.3246301294643468
NEDD4,0.3245964840008755
TXN,0.32454229248755845
DDTL,0.3244555588635466
C10orf2,0.32434791574022964
SNTN,0.3243032512144648
POM121C,0.3241833618779121
IFT88,0.32415787123329043
CCRL2,0.32410037836480254
MID2,0.3239061597707946
LAP3,0.32389364368920054
TRMT1,0.3237709001428979
C7orf70,0.32362681438060237
ATAD2B,0.3235726572525265
FBF1,0.3235615592260581
MAK,0.3234074546781943
ZNF584,0.3233679024474789
RC3H2,0.32334337352243403
C12orf74,0.32329473719839413
ZBTB7B,0.3232336451682524
NUDT16L1,0.3232280167539361
C5orf39,0.32308220200350757
GLYR1,0.32307762126342043
LEFTY2,0.3230693869351934
PPP1R14A,0.3230381859165638
PBX3,0.3230200101937032
F2RL2,0.3229766216015578
CCND2,0.322927591022923
RASGRF1,0.3227797739402215
C10orf119,0.3227727583309291
ANKRD58,0.3227312512465222
AGXT2L1,0.322664101605426
ILK,0.322644168934158
GPR156,0.3224892865731866
ZIC4,0.32246119777361704
NUDT8,0.32245238491350625
GALK1,0.3224428634342689
NBEA,0.3224284349836136
FAM50A,0.3224101019457838
GMPR,0.32228639758930866
C4orf42,0.32226031029256186
ACYP1,0.3221752746131
TRIML2,0.32211025497945583
DDX10,0.3219786301229186
PCBP2,0.3218371388788546
IGFL3,0.3218209775221671
RNF157,0.3218122266963137
KIAA0892,0.3217949030667566
TNFAIP3,0.3217541699390304
NLGN4X,0.3217301692130098
C1orf96,0.32168049832846074
EPB41L4B,0.3216644229765945
CHMP6,0.32159731431108135
FLJ30679,0.3215795616333575
SLC9A5,0.3214591327721486
MLF1IP,0.3214401041343942
PGK1,0.32140758458705065
NUP54,0.3213172672120125
AOC3,0.3212908405456405
C9orf170,0.3212160849431571
ORC5L,0.3211556799138582
SUDS3,0.32111991446151356
GYG1,0.321116294674802
KRT39,0.3211041964264792
TBC1D23,0.3210474965519611
ALDH6A1,0.3210251680700888
KIAA0087,0.321019961569248
NAT9,0.3210135352781533
WDR66,0.32095313513606777
ZMYND15,0.32091885504534845
TYMS,0.32073752061156957
RAB40C,0.3207178008222813
ZNF720,0.3207106740411163
SPEN,0.3206582096257503
INPP5B,0.320615102263435
ZNF324,0.320559871094788
ZCCHC24,0.320479421236064
DYNLL2,0.3203949035035153
ATP1A2,0.32035259915095565
RHOJ,0.3202060391484545
GDF11,0.3201955575669644
CSF1R,0.3201251106205683
KIF5B,0.32011790955763786
TTC1,0.3201093941150018
SLC39A11,0.32008291836669134
UNC5B,0.3200683190511585
DNAJC2,0.3199599036704115
IGSF9B,0.31992638753170977
SEC14L2,0.31989529006152273
AGBL3,0.3198242383597091
COPB2,0.3195984529662841
PLAUR,0.31957262108705864
GPR75,0.3195581515734774
C1orf38,0.319445221456346
EYS,0.3194426776986822
OTX2,0.319437737528521
RBM38,0.3194044184799006
BRCA2,0.31940057470481786
RETN,0.3193967026086814
FANCC,0.31932393756353916
TTC38,0.3192720956933634
DGAT1,0.3191005455925815
ARMC6,0.31909629259621836
MFSD2B,0.3189577329545532
CEBPB,0.3187836173430648
RERE,0.31878178146737923
G6PC3,0.3186816642456278
IGFBP1,0.3186629698202784
CNPY2,0.31863033215682857
CIB2,0.31855752566720463
CPSF6,0.3185405656881302
SETD7,0.31850173704653667
TAF1B,0.31846601278362346
LPXN,0.31844010868116845
MYH16,0.3184392278670008
STK17B,0.3183600083771714
SLC22A1,0.31833369796883987
TLX1,0.31833195246344603
ASCL2,0.31827724344239794
ZNF389,0.3182704695684986
HIST1H2AE,0.3182202596947825
RHBG,0.31821319089941635
PURB,0.3182131450636691
SPEF1,0.3181849006096109
SNORD116-28,0.3181528463091855
BAP1,0.31815181675270865
RNF170,0.3180832946368557
ST3GAL3,0.3180683412906307
PNMT,0.318062495009913
HTT,0.3180455088332039
ZNF695,0.31801471331784725
CIDEC,0.317962844099835
INCA1,0.3179060421002441
GABBR2,0.31786345509354097
C7orf49,0.3177970112920082
VCX,0.3177638743563306
PJA2,0.3177306344501084
CPA6,0.3177193032262465
ZRANB3,0.31723930967724645
SMAP2,0.3172227368282661
SLC27A2,0.31721135140927154
AKAP1,0.3171632783739994
GPBAR1,0.3170617241602036
WIT1,0.3169057248979764
UTRN,0.3168918073257911
JAK1,0.3168657226356165
LOC284100,0.3168058857266208
C20orf96,0.31680550422920717
C10orf55,0.3168054091041984
GCOM1,0.31680184524747146
WDR31,0.31664952620282316
HOXC9,0.31661435700511786
SLCO2B1,0.3165290657910145
CCR1,0.3164772462005227
LOC649330,0.3164724545816595
FSTL3,0.3164701190422211
LOC348926,0.3164059688449751
SLC2A4,0.316367175004047
HNRNPK,0.31628686545149687
PYGB,0.3162525926185192
ODC1,0.3161336501267013
RBM5,0.316101199706438
CDKN2B,0.3160242361694886
SHCBP1,0.3160019584063468
PIAS1,0.31594014446404406
GGTA1,0.31591294903757966
CACNG4,0.3159009101176639
FAM46B,0.3158905209361818
GSDMB,0.31586954628014113
C19orf33,0.3157936660392958
DNMT1,0.3157933509717391
PLTP,0.31566341652742624
DGKB,0.3155465759354975
CYorf15A,0.3155135584058283
ITPR2,0.3155013803374717
PARVB,0.31540441657974677
PLCD3,0.3154023555918221
POLE2,0.3153627359297331
SOX4,0.3153585049287668
NDUFA5,0.315342408542733
ESRP2,0.31529322041497854
WASL,0.3152201185677191
NRTN,0.31521199772971104
RCSD1,0.3151206669223681
PDXK,0.3150289985975577
RAD50,0.3150197779066514
MUC20,0.3149988385439143
PSG3,0.3149574118583899
GTDC1,0.3148829988710574
TNFAIP8L2,0.3148409125441191
CCDC15,0.3148255642100335
RIMKLA,0.3148034210967154
CMTM1,0.3147132698788862
ZC3HAV1L,0.3147025427205089
CNOT6,0.3146837399488912
SATL1,0.3145002958972831
RAB6B,0.3144939053447469
UBE2V2,0.3144506632629924
STARD4,0.314426716414194
RNF2,0.31435007210513
KCNQ5,0.31433172208046073
ACAT1,0.3143275519589626
ZNF134,0.3142772334664784
UBE2M,0.3141783685884691
PAX3,0.3141640068897268
PCDHA3,0.3141631665408384
COX7B,0.314146481085737
ALG5,0.31410823012576916
PVR,0.3140617299398328
CXCR3,0.31404815247018214
AGPAT9,0.31398913723132044
FAT4,0.3139739184597365
TSN,0.31393803591092495
FAM119A,0.31384813187704097
C19orf47,0.313842930564438
EXOSC5,0.31381091363418034
PRKAG3,0.3137919267103518
ZNF100,0.313777357796186
ANP32E,0.3137120022597315
CYP24A1,0.3136932364438888
IGFBPL1,0.31367508080860473
ODF2L,0.3135595555921282
OSCAR,0.3134663339310097
ARRDC3,0.3134442149909789
SPOP,0.3133649750464022
TRAF4,0.3133080989608491
EDA2R,0.3132947072280306
SLC16A9,0.31329068689215833
FAM22F,0.3132530618010255
GPR155,0.31323572509874964
MT2A,0.31321052934977656
MMP20,0.3131921055345195
SFRS13B,0.3131770996039943
LOC90246,0.3131672267257256
FIGF,0.31313540809380946
DGCR8,0.3130842960551386
C21orf128,0.3129781315307742
PHF6,0.3127579268238539
IL24,0.3127224504241301
DVL1,0.3126399917363182
SNRK,0.31256506219588
TMEM180,0.3124644026057859
HS3ST3B1,0.3124263079369449
CIC,0.3123454218643154
NOVA2,0.31224405809870914
TOP3B,0.3121679318887347
HLA-J,0.3121549428083679
CUEDC1,0.31213673316491986
CNTNAP4,0.312080437591071
IL12B,0.3120777813501691
ENDOU,0.3119643608443869
FRMPD4,0.3118898185619165
PKIA,0.3118865764755796
NOP16,0.3118742964861527
CDH17,0.3118400816288938
FIGN,0.31175341732825346
SKIV2L2,0.3116588338437176
SERPINA3,0.3116422653365549
CPSF7,0.3116191865528848
AIF1,0.31161281142754793
OR13A1,0.31158122743619276
LOC283174,0.3115740317154314
POLD4,0.3114712094086391
AFARP1,0.31144565683724557
SLC6A12,0.3113980910059092
C2orf54,0.3113777017131498
WDR17,0.3113197174659223
CCND1,0.311281558385961
PGAM4,0.3112532866517946
EP300,0.3112155160409454
UBE3A,0.3112073944036101
KLK10,0.31113568635926436
DPH3,0.3111177864453883
C12orf73,0.3109869738340043
CAPS,0.3109214097336553
PTGES3,0.31075065587242473
IFRD2,0.31070029459051796
DHX29,0.3106932873334081
LOC646982,0.3106613851874973
FCGR2A,0.3105903033143591
FMO1,0.3105902779204326
STAMBPL1,0.3105565675140365
PRKY,0.3105564103928058
CEBPA,0.3105397972296135
MST1P2,0.31049466309010426
BAT2L1,0.3104692592937657
RBP7,0.31040612307363163
AQP2,0.31039290026121324
PRKAB2,0.3103819749934772
TLR2,0.3103780874911633
C21orf67,0.31033390231422947
ZNF193,0.3102936130495447
ELTD1,0.31025721812597395
KIAA0947,0.31017319345240313
COLEC12,0.3100252854831546
TRADD,0.31000875015731255
C5orf41,0.30980406036502695
EXOSC3,0.3097105542886601
MARCH7,0.3096311392567274
PLEKHG7,0.309597328863054
LOC339535,0.3095616592365064
SLC25A32,0.3095433053900243
ANO9,0.30932425243155287
GPR27,0.309299056695862
CHTF18,0.3092351591624438
OPRL1,0.3092158055923265
GAPT,0.3091532990670871
SLC16A5,0.3091137487661792
BCL6B,0.3090284331403058
RAPGEF6,0.3089713230974087
LOC158376,0.3088915150182649
PMF1,0.3088030828365339
RIBC1,0.3087510407654049
C19orf73,0.3087271445741114
SIRT5,0.3086681994489402
KLKB1,0.308521493566961
MAD2L2,0.3084006198376966
APBB1,0.30834990388164857
TNFRSF4,0.3083178256458848
MSX1,0.3082714214485039
EGLN3,0.30822496627714285
CCDC129,0.3082223257540847
GADD45B,0.30819697775394
SPAG4,0.30817368681756274
EVPLL,0.3080187026690488
CHGA,0.3079634793001712
CASP8AP2,0.3079485141540132
EML2,0.3079316445689715
B4GALNT3,0.307915421361674
MAP3K3,0.3078896054032864
ETS2,0.3078398225150537
MYBL1,0.3078103758779344
EMG1,0.30779536781234584
IQCK,0.3077608565250991
LY86,0.30766331664449
DUSP3,0.3076180842840297
FGF5,0.3076123477048695
ADD1,0.30751354525886876
PTTG3P,0.3074911417649274
SIDT1,0.3074653931559267
CLEC5A,0.30745424202226657
UGP2,0.3074305063752354
GPC6,0.3074259835161578
VWA5B2,0.3074146580840706
HSPC072,0.3074146218527266
TNFSF12-TNFSF13,0.3074046048515452
MNDA,0.307302333724056
CBLN2,0.3071528303666537
KIF20B,0.30713067379159137
TANK,0.30711714835636406
APCDD1,0.3071030240529756
CHERP,0.30707517732572925
CLIP4,0.3069796211454053
GBAP1,0.3069304449774525
C5orf38,0.3069263417542455
RLN2,0.30688854928796305
LOC338758,0.30685915732531266
RS1,0.3068460184394966
HLA-C,0.30679903504176
KIAA1109,0.3067771690301956
HOXB7,0.3067401452138652
PPP1R13B,0.30669874608845776
CMAH,0.3066092268064733
FAM135A,0.3065583375311121
PTPMT1,0.3065245719903181
FBXL7,0.30641274181853634
CAPN13,0.306374260735352
C1orf124,0.3063117971765687
RRP7B,0.3062671165274782
SLC35F1,0.30626436930433054
ETFA,0.3062494671525338
MGC2752,0.306164353754128
ZNF318,0.30590352219619177
PRMT6,0.3057912725499789
NUMA1,0.30573995457007686
WIPF1,0.30567409275302787
LOC100132707,0.3056404181322073
SLC35E3,0.30563638213751443
AP1S3,0.30562701933480996
TMBIM6,0.30561363841096756
WAS,0.305597881679429
C8B,0.3055846387121484
UCN3,0.3054900157298767
CYSLTR1,0.30542423611219316
DHRS7B,0.3053975133719822
FUT6,0.30536842396366254
CPSF4,0.3053333085299922
GCGR,0.30532963609037467
?|729884,0.30530461283193555
GIMAP7,0.305230304588886
SNCG,0.3051822924895975
TWIST2,0.3051549681818665
TMPRSS3,0.30515331989153927
GNAT1,0.3050853772887134
MPP2,0.3050770788647861
ACSM1,0.3049398229714975
AFAP1L2,0.3049194489005067
NCOA7,0.3048653210126311
MAGEA2,0.3048439277781792
RER1,0.3048213954209585
COPS3,0.3048203771353167
CHML,0.3047779102051117
PMEPA1,0.3047666410082713
TMEM176B,0.3047628752968294
SUPV3L1,0.30468761357787766
PTGR1,0.30449755395854083
LOH12CR2,0.30441324312520945
SEZ6L2,0.3043936260925087
ADAMTS15,0.30423471359038784
ADCY4,0.30420949735604597
NLRP3,0.3041580610673187
ARSF,0.30411079886809017
C14orf176,0.3040187443791629
HIST1H4D,0.3039025678696835
METAP2,0.3038717992620535
C16orf62,0.3038438471490569
UCHL3,0.3037091960573831
KIAA0240,0.303653738992835
FOXB1,0.30362595754878896
LRSAM1,0.30361519022292244
SLC12A8,0.30359112426156465
CAPN10,0.30358139497534103
GPR88,0.3035759275396922
TRPC2,0.303481309075059
SPI1,0.3034406378275296
SPAG5,0.30339409863528566
C1QBP,0.3033464390490851
C13orf37,0.3033310719978713
CPT2,0.3033195126516023
LOC400696,0.3031855670366891
LY96,0.3031624890519002
CLECL1,0.3031527956079114
TLR7,0.3031149265661923
TRHDE,0.3030921041421899
ASB7,0.3030785345246153
FLI1,0.30306330391687053
AP2A1,0.3029759657206265
MBD1,0.302877359449496
MED11,0.3028630644623627
APOB48R,0.3028551858101238
PML,0.3027843852965036
CLEC3B,0.3024859553389637
CX3CR1,0.3024097603279357
MAP2K1,0.3024081323826522
UBE2O,0.3023159813519604
FCGR1B,0.3022662148122278
ATP6V1A,0.3021417488083676
TMEM206,0.30213486241323606
VAV1,0.3021023634476703
DSPP,0.3021000272611921
CD33,0.30194113242084447
PARD6A,0.30190599512862704
SECTM1,0.30188105831621337
STAP2,0.301863657822599
CRAT,0.3018492501756361
HIST1H3C,0.3018039587522757
NFKBIE,0.301780347345837
HAS2AS,0.30172420003015077
PLCL2,0.3016872112595814
C1QTNF1,0.3016684401647092
DPP6,0.30164746466989134
TACC2,0.3015264041195264
TEX2,0.3013746084612589
ADAMTSL4,0.30136491944697535
GRAMD1B,0.30131615597975503
C11orf48,0.30122269758340203
DOC2B,0.301088026895899
SCMH1,0.3010103811653459
TOB1,0.3010030563671559
LOC100190940,0.3008149467747346
ZNF154,0.30080106264055123
CCDC57,0.3008000658453597
ALDH5A1,0.30079623234365566
HLA-DOA,0.30075570191417084
KDELR2,0.3006837692347585
CNTNAP5,0.30067053050545134
GALNT2,0.30063933405678933
SMARCD2,0.30061669917448053
GATSL1,0.30054279247960713
DYNC1LI2,0.3004900922405653
PCDHA1,0.3004897364685993
ITGAM,0.3004388544498949
KCP,0.300425141251763
UTY,0.30025823213106
RGS10,0.30024385906676776
C1orf144,0.3002438082153109
USP10,0.3001846743411302
CCDC130,0.3001688750274867
PARP1,0.30007962113443076
PCBP1,0.3000593415750667
MARCH9,0.2997892770200082
ZNF438,0.2997854597747534
CCDC69,0.2997803571296522
USP28,0.2996945592741644
FAM155A,0.29960064420913524
C15orf52,0.2995982988444576
NPR1,0.29948371837027526
MORC4,0.29945746659196437
ABCA7,0.2994019839476288
FLJ39653,0.2993496951283626
TBC1D8,0.2993318987344833
TCF7L2,0.2992956552728925
BCL2L2,0.29927921878411473
PTPN23,0.2992768659547932
RNF26,0.2992330551691673
TWF1,0.2990993208499818
DCTN2,0.2990376687751714
CAMLG,0.2989535970264459
MYL12A,0.29893485415582255
TPP1,0.29874811784302
ARHGEF16,0.2987154870129612
BST2,0.2985800772439612
AGA,0.29853018901337813
MRAS,0.29850374107858774
CD1C,0.2984919928689078
ZBTB33,0.2984670129748517
LIN28B,0.29841066706566277
CEACAM21,0.2984089587524756
PLVAP,0.2984079651793714
FAM149B1,0.2981985589128771
GABPB2,0.2980925566672544
TUSC3,0.2980074195034114
TNFRSF12A,0.2979821469887732
HOTAIR,0.29792146097635286
FAM190A,0.2978999796586797
RPL14,0.297888867508098
LOC653566,0.2978182787598489
CIRBP,0.29765784120197336
RFWD2,0.2975969479476695
ZNF678,0.2975558007446413
TTC5,0.29749599070735994
SORCS2,0.29748962264423673
LCTL,0.29748903654369385
PARP14,0.29747453147150615
LOC100133991,0.2974693613373093
UBE2T,0.2974135602545585
CXorf61,0.2973903667634119
SURF4,0.2972024109516248
ZNF137,0.2971902434448107
PPP1CC,0.2971856786878414
RFX1,0.2971772359907829
MORF4L1,0.2971607259910174
IREB2,0.29712935160599085
LOC115110,0.2971078814497613
RASIP1,0.29699760499592537
NAB2,0.2969899375090772
POLD1,0.29696035814064436
SILV,0.2969557486179541
KLHL11,0.2968864730514668
IL4R,0.2968807412869782
PPARA,0.2968726009930438
ARHGAP19,0.2967884320770292
NMUR1,0.29663461482004766
ANKRD19,0.2965065920257412
FN1,0.2964914983792764
NFKBIL2,0.29647425050372367
EMCN,0.29642206329792475
BMP1,0.2963621801117859
PTH2R,0.2962353851117169
HMX2,0.2962008389801393
PRSS1,0.2961982014322488
UTP18,0.2961846725153795
POLR3F,0.2961814315472711
MAPK3,0.29612342558653315
E2F6,0.296090831170146
TMEM51,0.2960814582381369
FABP7,0.2960334310110985
CHD1L,0.296031783300325
TMEM84,0.2959689559555385
XPR1,0.2959276197348837
COL9A3,0.29589844659387987
CLPB,0.2958812535488223
ATXN7L1,0.2958702286717893
SERPINA5,0.2958404680290445
BYSL,0.2957893108375597
DOK7,0.2957354289482228
CCR5,0.29568537661091293
CDH26,0.29566388102615077
LY6H,0.2956475628865996
LOC283070,0.2956388809084402
DGKE,0.295637084529179
HRH2,0.2956181016451532
ZC3H12A,0.2956101063652149
PREPL,0.2952607786815361
RAB42,0.2952452083972746
HIBADH,0.2951899285300363
TGFB3,0.2951650486891867
GAB3,0.29515297912216787
ATP6V0A1,0.29514980922176515
SYNJ1,0.2951261952573458
KHDC1,0.2950524705078894
GBA,0.2950504071781731
MOSPD1,0.294894936979937
SF3B5,0.29487941141762697
B3GNT1,0.2948723941793593
SLC25A4,0.2948591058800687
SRD5A2,0.2948501493194715
PAQR3,0.2948375501473032
AMOT,0.2946793308020978
WIPF2,0.2946769482423045
MRTO4,0.2946767894849574
DKK3,0.2946343668710135
C5orf15,0.2946138718552194
MYO1F,0.2946032086148923
TLN1,0.2944992183808893
FAM174A,0.2944983918666211
LRRC36,0.29445671083018826
MRRF,0.2944547432857817
NXPH3,0.2944463757708779
FAM181A,0.2944423738582393
PSMD3,0.2944305886121163
DENND5B,0.2944002256722323
TSPAN31,0.2943518304338853
LOC441869,0.2943513971680659
RNF145,0.2942879783099196
PLD4,0.2941913548488747
KCTD21,0.2941081572290038
ATP2C2,0.2941068220892496
TCTN3,0.2939961210123685
RNASET2,0.2939224594833879
PKP4,0.293879825727819
THPO,0.2936848997191655
ZNF227,0.2936242334115828
S100A10,0.29354326024330507
SORL1,0.293511874229548
FOXJ2,0.2934493822238778
GPX3,0.2933914300971826
CASS4,0.2932655261985027
HS3ST4,0.2932176184211519
CD164L2,0.2932064509921029
ATP8B4,0.2931891792123424
ADAM19,0.29312005988772094
MYO18B,0.2930539322682544
AGFG1,0.2930362177227902
DIRC1,0.2928469721145794
C12orf4,0.2928463669752157
AHNAK2,0.2928426814064455
IL1F10,0.2927398562128752
CCNB1IP1,0.29272990727708736
GATAD2A,0.29259905245291673
SNX17,0.2925225179923752
HLA-DRB6,0.2924714985487668
ALPK1,0.2924441118242239
THAP10,0.2924246699885543
GOSR1,0.292385227080057
MPHOSPH10,0.29238020467974557
PDE2A,0.2921729715588086
TOR1AIP1,0.2921534929631212
FAM171A1,0.2921531716838957
C12orf29,0.2919973013483325
C19orf52,0.2919412575889304
IFNGR2,0.29189695308547997
ACOX1,0.2918949277831832
LOC285074,0.2916938130203301
SGK196,0.2916551086676416
ALKBH3,0.29164375701269124
CDCP1,0.2916230397105444
SLC48A1,0.2916205696826393
ASPHD1,0.2916097507489704
CNTFR,0.2915726947123319
BTK,0.2915299934358744
BIN2,0.29150751132958036
TRAM2,0.2914437310991985
SLC15A2,0.2913563834527307
FDFT1,0.2913330124973705
ARSB,0.2912720035817833
CDC42EP4,0.2911858122137949
DMRTA2,0.2911091877159194
C5orf33,0.2910295536890146
MYPOP,0.2909489322255324
GIPC3,0.2908555191178438
CCDC153,0.29078484880436073
LST1,0.29076713860194525
KIAA0494,0.2907340979466131
NUDT3,0.2907305997431158
CCDC136,0.2907106678478667
BDKRB1,0.29068021734643174
PHKA1,0.29061960944376036
EFNA4,0.2906034836031025
IFI35,0.2906012833213011
PDXP,0.2905976135550325
LRFN4,0.2905844112996181
PPIAL4G,0.2905687761500557
BAG3,0.2905478607879379
C18orf25,0.2904189653931016
ZNF721,0.2903050766874767
IL1F6,0.29027336421327327
POLDIP3,0.2902605990899816
CDC7,0.2902491630344749
CCDC160,0.290166060776114
IDH2,0.2901279030171504
FNTA,0.29007491839198396
ZNF483,0.29005150983821754
C1orf31,0.2899423351603883
CCNE2,0.28992651030362065
C3orf30,0.2897735836320968
RHBDL3,0.2897074118042458
FOXK2,0.289689673374132
XRCC4,0.2895968306114797
ZNF844,0.2895614490414644
CCDC121,0.28948888990903804
FAM46C,0.2894640527855405
SLC45A1,0.289370694474569
C8orf79,0.28936597207044323
UPRT,0.2893025672476471
ACVRL1,0.2892872585469473
LYRM2,0.2892173845651071
MGC23284,0.2892127688545277
LIG3,0.2892048114489137
LSM14A,0.289163399535366
PLAU,0.28913316311706894
SERINC2,0.2891134433306487
LOC645166,0.28907356040622945
THYN1,0.2890689603619917
GNB4,0.2890054756399649
FANCM,0.2889090311717495
ID1,0.2888975569862792
EFCAB10,0.2888845773227425
LIF,0.2888746552207343
FBLIM1,0.288854606058033
KCTD3,0.2888376927588673
CCDC91,0.2887938761272298
TNFRSF14,0.2886605360128245
PLA2G4A,0.2886304408304019
HIVEP3,0.28859329053938615
CCNJ,0.2885658371416795
BET1L,0.2885492224377244
ZNF530,0.2884580406482326
ODZ3,0.2883999786361937
CHORDC1,0.28834897088428996
GNG5,0.28833664693558353
RAP1B,0.2882742448757215
IFI30,0.2882702063295992
DOCK2,0.2882436941915773
URB2,0.288195379883717
NME7,0.2881469617824539
SLC22A2,0.288109464122545
ATG16L1,0.28809685572714117
GPR144,0.2880769156508398
NR1H3,0.2880623633454612
CSRNP3,0.2880585821215743
SCARB1,0.2880430871097364
CTNNB1,0.2879686306944449
C10orf26,0.287846077229054
ZNF837,0.2877972955225875
FGL2,0.2877713213758443
CSMD1,0.2877375678900826
ARHGAP15,0.28766596249179954
ATL1,0.28763096718323083
FSTL4,0.2875822926054623
C9orf135,0.2874593879771195
PBRM1,0.2874577780676275
PMVK,0.28740537941632016
OGFRL1,0.2873469312788973
CC2D1B,0.28725411598658
HLA-F,0.28723609054055105
PAMR1,0.2872110748716449
TRIM39,0.287145044780146
MRPL40,0.2871124622497473
AKR1B1,0.28704069959627787
GLS2,0.2870377398089237
GSR,0.2870171978888578
DNMBP,0.2869920622936456
MAFA,0.2868998864808413
PQLC3,0.2868161159678925
MAPKAP1,0.28675955187726354
BRAF,0.2867106802133397
HIST1H1B,0.2866335358921226
OR4C6,0.28662323162208136
RNASE6,0.2866007035667462
SYN3,0.28648454687712016
DDX42,0.2864660762094347
SERPINA12,0.2864647943264288
CEP192,0.2864277414593467
GCNT2,0.286378137870671
NDUFA11,0.2863317557605698
KRT72,0.2862536535207558
IL1R2,0.2862189548301138
SNAI1,0.2861749934909441
SPINK7,0.28616647792394934
TMEM132E,0.2861165106471056
MRPL13,0.2861124858210022
BCL2,0.2860682255776314
LRRFIP1,0.28600275768991207
BCAR3,0.2859698545304548
BCORL2,0.2859589076104647
KIAA0895,0.28595317702076833
C7orf65,0.2859327673729701
DENND2A,0.28588303137610327
GIMAP6,0.2858686926848801
RCL1,0.2858549261429175
TACC3,0.2858174578579278
LMO2,0.2857959146203608
LBP,0.2857671631194064
CCDC134,0.2856370855217834
DEPDC7,0.28563428647718303
KLRC3,0.285613719361834
FZD9,0.2856068391868678
MAPRE3,0.2855607434895671
CBLN3,0.2855448267438221
VGLL3,0.2854699757702389
PPIP5K2,0.2854476221827667
TEF,0.28541959700300856
PTAR1,0.2853446289799461
EXOC3L,0.2853277957691994
LOC100130331,0.2853195873768964
NOL4,0.2852510032212424
ZBTB41,0.2851833610288766
ASH2L,0.28512026809105173
DEFB1,0.2851185761029212
C9orf66,0.28510580882699804
GATC,0.2850743553466542
HCN1,0.2850675951323069
WDR64,0.2849496385825725
TRIP6,0.2849377173777479
AXL,0.2849283753226261
NTNG1,0.2848869943168027
LRRTM2,0.2848440743789466
G6PD,0.2848092939580808
RTDR1,0.2847487486703458
C3orf16,0.2845866027850357
PPBP,0.284582444965671
N4BP2L1,0.2845528893138819
ANKMY1,0.2845491301534999
C3orf33,0.2845088438999614
POTEE,0.2844647634011987
CYP4F2,0.28438984255276645
ARHGEF3,0.2843834889647232
PHTF1,0.2843466521485613
NRGN,0.2843450937113973
C14orf147,0.2843367814919689
LAPTM5,0.2842768577407397
ORM1,0.2842168055498867
C17orf39,0.28413067994751073
C12orf59,0.2841290770510082
FAM176B,0.2841189239745705
P2RY13,0.2840040001494114
PFDN1,0.28398883914293677
RAD51C,0.28398260706193407
GOLGA3,0.283961409965004
IGF2BP1,0.2839276847678423
KIF3A,0.2838966305375149
AKAP12,0.2838634739203227
SFRP1,0.2838093351598894
ROBO2,0.2837903487158198
DNA2,0.2837595113004896
FAF2,0.28375118048387243
FABP3,0.2836433030198146
STOML2,0.2835064484539246
RBM28,0.2834893860743734
HOXC5,0.283456852862447
HSD17B2,0.2833506580496102
SPR,0.2832507893380597
NFATC1,0.2832145748761526
FAM167A,0.2832025449586469
C11orf21,0.28319489163592493
CXCR1,0.2831651087759408
PPA1,0.28311619136109256
PRUNE2,0.2831130040788823
ZNF717,0.2831068866221814
ANP32B,0.2830192347511301
MICAL1,0.2830095820833579
JAKMIP1,0.2829741506027359
FAM78A,0.28296203244023943
GALNT7,0.282923201939768
MPDU1,0.2829046973823359
PIK3R6,0.2828989174039886
HNRNPA3,0.2828740044368513
FGD5,0.2827812655193811
RPRML,0.28276978423177573
MERTK,0.2827405454360771
MYH9,0.2827385180603711
MEIS2,0.2826393596143675
MOSPD3,0.2825762494824672
P2RY2,0.2825743018383523
DOK2,0.2825355066899669
PDE3A,0.2824525486326711
GPR65,0.2823976079599508
HMX1,0.2823918531014925
FCN1,0.2823266358839413
ANXA3,0.282250041685362
IGLON5,0.2822039628593566
TEK,0.2821470988697912
AKAP9,0.2821248874925639
PPP1R3D,0.2821154864703068
CCDC94,0.2821153368878232
C2orf3,0.28204207013520566
ERCC5,0.2820399275350453
TMEM176A,0.281994538764914
ASPA,0.2819595041998111
FCGR1C,0.2819534319850833
RAB27B,0.28191929541713867
SPATA2L,0.2818518137486057
TAPBP,0.2818457691581691
HSD11B2,0.28182707049016253
EIF3M,0.28181877469342326
USP19,0.2817944930250496
STARD13,0.2817852530209193
PHF16,0.28175100867030767
MTMR9L,0.2817246784029311
EIF3B,0.28167670862726435
ZMYM3,0.28167667718133993
HIST3H2A,0.28166327314627176
PSMB8,0.2815923512140654
PHOSPHO2,0.28152048210319064
C7orf29,0.2814983123123958
RGL1,0.2813927317587237
WSCD2,0.28136197500068333
MNAT1,0.2813149501865876
NLGN4Y,0.28124410004158185
SLC4A1AP,0.2811772774805138
AVPI1,0.2811725381965897
CRYGN,0.2811667935338906
AGGF1,0.2811667318670003
VWA5A,0.2811570020156303
SPA17,0.281139444205488
LOC344595,0.281074870851733
RARRES1,0.2810546346864762
FCER1G,0.2810474834089061
NKX3-1,0.2809696308169984
SLC24A6,0.280941862736903
RBM22,0.2809275444001132
EMP3,0.2809064650724235
TMED4,0.2808913740855337
AQP1,0.2808888166273602
INPP4A,0.2808744916235436
SUV420H2,0.2808740578484963
EVI2B,0.2808401547981578
PDGFRL,0.2808347449384751
NKIRAS1,0.2808059178101458
PLEK2,0.2807065673855019
FAM188B,0.2806281411786774
PHEX,0.2805625996991746
MRPL18,0.2805585678906838
PFN4,0.2805378564537557
TRAF2,0.2804977897012224
LAMB4,0.2804484134457371
FAM161B,0.2804400190004177
GNG2,0.2803933002865333
ASB4,0.28035693464224587
SDF2,0.2803026041982297
SMNDC1,0.28027609708304857
HIST1H2BJ,0.28026875148229896
TXNRD1,0.2802501220757169
PLIN5,0.2802496627626061
TP53INP1,0.2801615537024279
DUSP5P,0.28012865202461457
C11orf67,0.2801099199245435
SLC35D2,0.2800471225334554
SLC25A42,0.2799332454683995
THSD7A,0.27993161477854617
USE1,0.2799034859284455
MGAT4C,0.2798895098764164
RPL19P12,0.2797244706506757
MRPL11,0.2795620651627349
TF,0.2795542587345012
WDR76,0.2795346374892691
CPXM1,0.27950985284831326
KIAA1033,0.2795052661772844
C20orf94,0.2794768264230091
HAPLN4,0.279407712388378
NEUROD2,0.2793956464469854
LOC100133612,0.27938390569068794
OPA3,0.2793481950092313
TRIM45,0.2792517548554171
GAMT,0.2792452852382196
RGL2,0.2792141527260097
LAIR1,0.2791205769690145
DNASE1L3,0.27905878064384204
BIK,0.2790019473716539
TSSC1,0.2789983751130674
KYNU,0.2789778893659768
TRA2A,0.278949558458616
KIAA1549,0.27893619691264904
ADNP2,0.2789245068907924
EYA4,0.2788009815692934
WDR91,0.2787535491628965
BLID,0.2787013241886307
LYST,0.2786781908559097
GABARAP,0.2785910522442046
UGGT2,0.2785824788594835
BCAP29,0.2785263983144398
MMP17,0.2784766958434435
OR10AD1,0.2784415140629512
SLA,0.2784277062405545
FRAT2,0.27839995281669383
MAP2K6,0.278362272636968
FANCL,0.27831723374192613
ACTN3,0.2782670962177338
MYEOV,0.27825058699199373
SLC27A1,0.2782453410099718
TOR3A,0.27815941663254146
PDZK1P1,0.2781339753298587
GOPC,0.2781085751000455
NPEPPS,0.2781071947146871
HRASLS5,0.2780866265261398
EXOC8,0.2780463954061748
C1orf192,0.278032668266593
OR7E5P,0.2780171848353758
ANO2,0.2779755700567401
ACAD11,0.2778939793170327
C3orf35,0.27784119862048673
BTBD1,0.2778186408262465
HAUS4,0.2776981367465291
SLC5A9,0.27764748558763636
CD52,0.2776038795871437
PSMF1,0.27757462701180396
CCM2,0.2775587890219119
EIF2AK1,0.2775231936780277
SCARNA12,0.27748151642191
UBR5,0.2774607217222716
AOX2P,0.2773326179896885
RNASE2,0.27731966282983
COL12A1,0.27723582335632824
WARS,0.27720991805662915
PAK3,0.2770302629976197
FERMT3,0.2770278838539061
RFX5,0.27700956693845746
ARHGEF12,0.27694964267073596
CERK,0.276933164132572
FBXO22OS,0.2769023236242376
GOLGA8C,0.2768886433084759
IHH,0.2768755223942036
KRIT1,0.27685157094672924
LRPPRC,0.2768249944286356
FAM131B,0.2767965958244967
SV2B,0.2767765432590323
EAF1,0.2767606517480426
ZNF219,0.276699083776671
KLHL5,0.2766728233500313
GADD45A,0.2766562509573764
ATG4C,0.2766543777159607
TRIM25,0.2763253086261849
UPF1,0.2762682562501322
CLPX,0.2762262362650648
GPC2,0.276209640741079
NAA25,0.2761776157467235
BTN3A1,0.2761293734570651
PCDHGB4,0.2760813340592735
PCDHGA2,0.2760621614567753
SMC3,0.2760395932310163
DUSP2,0.2760115644794698
MIER1,0.27600073357013377
DHRS9,0.2759383031631892
C6orf208,0.2759031714952138
SERPING1,0.275695534756647
ACTL8,0.2756880682713675
C20orf108,0.27566793559912867
DPF2,0.2756567824756366
C19orf35,0.2756459146688753
GSS,0.27560678719179643
RPRM,0.27551937988074626
C14orf143,0.27543046239736657
CPEB1,0.27536069175972333
SRGN,0.275229139155615
LOC100192426,0.2752171413629731
KLHL29,0.2751989069232127
FAM5C,0.2751728405757085
GFPT2,0.27510482615085363
CA3,0.2750983486461596
ZNF496,0.275096301719985
LOC644165,0.27507378069965893
PRRG3,0.2750178825565994
PPIH,0.2749832960834315
GMFG,0.2749708682664862
IL4I1,0.274954185914882
PRAM1,0.2749154294174188
RALGAPA1,0.2749036086202371
CEP72,0.27484965447052556
SLC44A5,0.2748467950136152
MAPRE1,0.2748284333178574
KDM5A,0.2747990757345311
CASP1,0.2747970018733801
CBX4,0.2747854772785051
PKD1L2,0.2747778536187606
LOC100233209,0.2747511772459527
HEXB,0.27464474795181804
NEXN,0.2745633718968915
DMRTC2,0.27453432690932833
RXRA,0.2744699193999583
CD1E,0.2744521622729382
DGCR9,0.2744520395901514
ECHDC2,0.2744345627409978
RDH5,0.2744302091521988
C3AR1,0.2744126765645955
PPFIBP2,0.2743931850947013
CDH6,0.2743586821325243
RPLP0,0.2743262729914503
HOOK3,0.2743020646250923
ACTR6,0.27428948498934047
MYADM,0.27423844613863213
VCL,0.2742014272763878
RLF,0.2741278667813663
ARMCX3,0.2741118912097238
TOP2A,0.2740718100309973
DYM,0.27382846475196937
GDI1,0.27362327684932597
C19orf50,0.2735763143002698
DNAJC21,0.2735463252285978
C12orf69,0.27351568596712084
CENPK,0.2734908964445694
SASS6,0.2734774439415098
HINT3,0.27345743315990256
PPP1CB,0.2734391836713232
SARM1,0.2734064651789504
LOC146880,0.27339873302495427
HIST1H2BF,0.2733854541534755
ZNRF3,0.2733771150225705
MYH15,0.273328593962104
C15orf56,0.27327142738770016
PTPRH,0.2732223740270374
PRR5L,0.2731030046439733
ZSWIM4,0.2730986653176287
PODXL2,0.2730609644520167
NPSR1,0.273053300757536
JAGN1,0.2730467436204281
DOK3,0.27297035074807113
ROBO4,0.272954173440645
HSP90B3P,0.2729097624010656
EPN3,0.2728929330383532
C1orf115,0.2727897864196973
TGM4,0.2727366936977189
GPD1,0.2727359163755544
COTL1,0.27267654157635113
TRNT1,0.2726698180751739
LOC93622,0.272627937133253
DNPEP,0.2725645217785197
INF2,0.2724394812333813
MYPN,0.27243935589515045
JAKMIP2,0.27243269386939617
CIAO1,0.2723543816056009
GKN2,0.2723471046225863
ZER1,0.2723296328656767
KCNG3,0.272257308046091
ZNRF1,0.27225432854265474
POU6F1,0.27222033963076153
ANK2,0.2722104119235914
HIST1H2AD,0.2721936527380906
ACPP,0.27217612834860305
WNT7A,0.2721620930262036
SAR1B,0.27216108878589484
THAP7,0.2720718142788396
ZBTB11,0.27205528652704963
SMPD1,0.2719089298316742
INVS,0.2718672263498889
UTP14C,0.2718671446053604
GPM6A,0.2717271670090716
POLR2J3,0.2717065125896647
TNFSF13B,0.2716799104408918
ACTR8,0.2715930251268766
SPOCK2,0.27156749261918034
C20orf12,0.2715515312697442
PRDX1,0.27149868840394753
UQCRH,0.271489614973322
HTR1F,0.2714159478935957
GALC,0.2714133010626316
RCHY1,0.271369868099641
AVEN,0.2713278360466972
HDHD3,0.27129977960959795
GCM1,0.2712395265743041
MCEE,0.2712041899874127
TUG1,0.2711846188576712
TAOK2,0.271072915510162
PPP2R1A,0.2710220237142683
HEBP2,0.2710189453713061
MRPL48,0.2710173367782649
TMEM170A,0.2710110958750168
PLIN3,0.2709967712839987
NPAS1,0.27099098693552237
FUT2,0.2709742614594992
PYY2,0.2709332865581897
TRABD,0.2709325853132148
CHCHD4,0.27092961601293175
C1orf9,0.2708797312199313
SYT10,0.27087657099706003
MARCKSL1,0.2708113814364952
EXOSC7,0.2707652242900202
DCAF13,0.27075290689607157
HSPB7,0.2707327647701185
TM6SF1,0.2707318254131359
ZNF442,0.2707136905907155
MRGPRE,0.2707002693387058
C21orf88,0.2706725298050679
TMCO3,0.270665378628872
TRIM40,0.2706450498881272
FBXL16,0.27052208920053133
IMPG1,0.2705150120101787
DLD,0.27050309148293117
FAM25B,0.2704473406508384
LOC148189,0.27041826797160157
HSPB6,0.2703924892241285
CREB3,0.2703795905647144
RAP1A,0.2703240434673071
PARVG,0.2700862429738211
FKBP11,0.2700656863684857
TMEM156,0.27003215195324337
EGF,0.270018664655529
RETSAT,0.270016898584074
C16orf3,0.26994511263049525
NMUR2,0.2699366550041494
SLC35F2,0.2699278068958298
METT5D1,0.2698712652273937
ITGA10,0.26986965385824657
LHX1,0.2698493434570203
C21orf99,0.269795137663808
COL5A3,0.2697765645959196
DICER1,0.2697463708649381
THRSP,0.2697394423151856
SLC29A3,0.2697138382125662
WWTR1,0.2697062993441706
PAPD4,0.2696087190423272
XKR9,0.2696061405438489
DTD1,0.2695653237660628
KCNF1,0.26954890449490754
CELF3,0.26940596758952623
FKBP7,0.2693380558682154
ADAM20,0.2693063430860097
CHMP7,0.26920350481399746
SCXB,0.2691745092369487
MTCH2,0.26915422006552203
PIGK,0.2691046087124149
SPAG1,0.2690696852217493
TTTY15,0.2690271562089385
ARL8A,0.268932699732525
GNRHR2,0.2689154905815105
DPPA2,0.2688230958719946
C11orf45,0.2687730790550682
ALDH1L2,0.2687628156001518
LOC100134229,0.2687301991646099
ZNF718,0.2686514045697472
ZNF740,0.2685416391704074
MORC3,0.268529932579691
PCSK5,0.26846925420679857
C2orf49,0.2683843117467158
GGNBP2,0.2683600989409504
FLJ44606,0.2683352785562765
FBXL8,0.268235834108756
TRIM38,0.2681729037344499
ARL8B,0.2681642233805497
PDZK1IP1,0.2681637315976102
LOC100009676,0.26812277467697143
UAP1,0.2680445319235694
MUC15,0.2680380283915381
MAP7,0.2680150581029972
IL2RG,0.2679975251970499
SNX3,0.2679961571329901
C1orf95,0.2679274024349805
TOX,0.2679133449239145
GEMIN5,0.2678464173701506
C17orf75,0.26783992860920247
TNRC18,0.2678330698801961
ELL3,0.2677978750756348
NRAP,0.26778880031905916
RNF180,0.2677761003088627
RNPEP,0.26766051367752797
PLUNC,0.2676578172566312
NSUN3,0.2676522647011643
ABCA8,0.2676145510181902
LRRC66,0.2675064593809168
TBL1X,0.2674567157195338
HLF,0.2673986967473831
LGALS4,0.2673686268681443
CDK7,0.2673383280010131
ZNF627,0.26733265095969017
EPHA2,0.2673251072896804
NCKAP1L,0.2672855610910312
HYAL4,0.2672204745358895
RNF222,0.2670190579725569
AKR1C4,0.2670000147427109
NCKAP1,0.26697192937076064
SIK1,0.2669531905988723
LRRC45,0.2668847376127841
SALL1,0.2668645464630561
PRICKLE4,0.2668516609591837
ELOVL7,0.26683707790313704
NEU1,0.2668364864009236
CASP3,0.2668224727496255
GDF1,0.2667814731750334
RBX1,0.2667742924541069
TXNDC17,0.2667307669514196
ALX1,0.2666971886509094
TMEM115,0.2666806135382316
C5orf34,0.2666113834443139
?|90288,0.2665281379841067
UCA1,0.2665022364200304
CASC2,0.2664711832450481
PGBD4,0.2664656332847241
GABARAPL1,0.26646099439645266
MXRA5,0.2664446538996155
MAP3K2,0.2664384356925868
CCNI2,0.2664038478621988
ITGAL,0.2663730261559487
AKR7L,0.2663566350808454
TRPV2,0.2663205146928836
ADRA2C,0.26627984404040966
MICALCL,0.2662372950531193
TROVE2,0.26618139306327426
TTC3,0.26614067398343516
LOC100127888,0.2661196583400969
CNKSR3,0.26609911641423273
RPL17,0.2660773824821654
TPTE2P1,0.2660028743014813
SLC30A6,0.26599934565374517
TBCB,0.26598545945773805
COPA,0.26591558443997576
TRPM6,0.2659046334219926
FAM32A,0.26581191223945644
CKS2,0.2657744245224473
CCDC110,0.2657358448895451
PID1,0.2656409678194621
TRAF6,0.26557701601387396
PHLDA3,0.265367196335224
NAGK,0.2652844854453998
JTB,0.2652827712984286
GLI1,0.2652272232575307
CCBE1,0.2651658898675099
ZFYVE27,0.26511383062850824
KCNH8,0.2650740491346146
NUP188,0.264917003404934
LMTK3,0.2649143312253861
CDC42EP1,0.264895658463566
CETN3,0.2648404824056737
FAM196B,0.2648113752311727
R3HDML,0.26478254546210156
ALCAM,0.26464730883452137
C2orf29,0.2646204311000285
ARF5,0.2646055806917465
FAM89A,0.26455962692148693
TMBIM1,0.2645493480415892
CDH24,0.2644519061641078
HAVCR2,0.2644281747642044
MAN2B2,0.2644193605767902
SLC37A4,0.26424214698972504
SACM1L,0.2642410588899123
MCL1,0.2642252810404949
ADH1B,0.26420562469329767
MEFV,0.2641926888784951
ZKSCAN2,0.2641853561816127
OTUD7A,0.2641746054482871
CCDC64,0.2641161516714396
ZNF576,0.2640357429089295
FBLN7,0.2640205737230886
EIF4A1,0.2638807524378508
ERI1,0.2638069741537999
SH3YL1,0.2637775824249041
TXNRD2,0.2637627504283752
ITGB6,0.2637527530546997
POLL,0.2637185244302303
ZNF256,0.2637165032709503
PF4,0.26370517848038966
FPR3,0.2636764165336528
C7orf58,0.2636368123921997
EIF1,0.2636247687194196
APOL3,0.2635799527189599
ACTA1,0.2635550883366695
DMC1,0.26352708433493977
RPL23AP82,0.2634050945255343
TANC1,0.2633696473678842
CGB8,0.2632950090199565
KLRG1,0.2632683914611944
SLC19A1,0.2632545965339383
FCGR3A,0.263235992006545
SCUBE1,0.2631759516231824
SESN1,0.2631684979711944
LPPR3,0.26315768131360057
OR6C70,0.2631294327936632
AGTR1,0.2630355931447417
RIN3,0.26302891406643686
SH3PXD2A,0.2629896618569866
WBP2,0.2629808759842428
UBA3,0.2628965720049204
IL8,0.26289457965891394
NECAP2,0.262810145689987
CPNE8,0.2628046231456971
SLC25A11,0.262790847942769
DPAGT1,0.26278661310430884
GCKR,0.262718055203931
NLRC3,0.2626965795354944
LOC541473,0.2626854518285517
ANKRD20B,0.2626425509902151
SGCZ,0.2626369610176618
RAB3IP,0.2625667416148945
SIGLEC10,0.26248844286163087
PARP10,0.2624876086232135
ANGPTL1,0.2624483513900192
RPS6KA4,0.2624464054793126
RNF6,0.26237227078215875
HSD17B4,0.2622879297705897
KAT2B,0.2621791663960787
RCBTB2,0.2620746611449387
C1orf51,0.2620679784013827
FUCA2,0.2620311381150665
ART3,0.2619683413400639
PLCL1,0.261901266485772
MUSTN1,0.26183614793474314
ALDOA,0.2618070668996907
SIRPB2,0.26179901678812245
C6orf64,0.2617962235582349
RMND5B,0.26179093510940654
HRK,0.2617738904920385
SLC29A2,0.2617377076373693
LOX,0.2617122879974622
TGFBI,0.2616090242720853
APOBEC3F,0.2614319830515781
GCDH,0.2614016822159671
DNAJB9,0.26137898097689427
CRABP2,0.2612696757088722
NIPAL2,0.26125416427697146
IL18R1,0.261218619964296
KIAA1274,0.2611565298314841
SOS1,0.2611233359879609
ALDH1A3,0.2610899700126542
PIP,0.2610868027740771
FUT7,0.2610821022411642
TTC13,0.2610723038413829
IMP4,0.2610364790907341
AGK,0.2610296552423996
POLR2A,0.261021057146052
RAP1GAP2,0.2609716627795634
CTSW,0.26095770366995513
PHF20L1,0.2609325335624252
PDZD3,0.2609236031210645
SMG7,0.260921361709829
GJA5,0.26086541183418777
MRPL34,0.26065749721419057
ZNF524,0.26052436229218506
ATF7IP,0.2605001600159842
CD300C,0.2603952330450314
BLOC1S3,0.2603568550299012
FAIM,0.2603088278226336
FCGR2C,0.2602838493437402
RUNX1,0.2602647225047139
FAM168B,0.2601565279898334
TRIM21,0.26015359769131463
TPRN,0.26002615621105507
TMCO1,0.26001885326462015
FAM10A4,0.2599619536340924
APTX,0.2599495138583042
ITGB7,0.2599407782461048
RMI1,0.2599284240180215
ELK3,0.25989723554974903
ZNF532,0.2598654586204529
CSRP1,0.2597773933194807
FKBP6,0.25973849767563495
STK10,0.25970209785443843
TXNRD3IT1,0.259626620856522
BECN1,0.25960808837576516
ZNF682,0.2595607482315734
TMEM120A,0.2595245733820455
C20orf3,0.2595157159725639
KCNN2,0.2594900880907813
HBEGF,0.2593776697118385
VIPR1,0.2592672951449602
CCDC96,0.2592279437554773
PPFIA4,0.25921924053770085
MPP6,0.2592057948147811
C17orf101,0.2591781332621103
MYOM3,0.2589276763446232
IL18BP,0.2589136082619186
CCNK,0.2588976375101276
ABHD12,0.25883746446224143
FEM1C,0.2588103429405517
FHL5,0.25879437351276496
ILDR1,0.25871019470450396
LASS5,0.2586761782110577
OAS1,0.2586492632581953
HIST1H2BM,0.2586196974784214
BTC,0.25860797183797046
VEZF1,0.2585926436767483
PRR15,0.2585764592410522
AMOTL2,0.258522290551889
PPP1R3C,0.2585042565541453
ABHD10,0.2584960484077917
MAGEB6,0.2584571493969335
RPS6KA1,0.2583806280098128
AIF1L,0.2583776146694638
COL3A1,0.2583602724605484
WDR48,0.2583395095088779
GK3P,0.2582729328675276
B3GALNT1,0.2582448626039467
IGFN1,0.2582204168136769
ESCO1,0.258202919204384
IL10RA,0.258186165081653
NBPF4,0.2580212222298109
RAF1,0.2579431746002106
SGSM2,0.25785689076573715
F2RL3,0.2577903642057215
CTCF,0.2576588370183463
DUSP13,0.25757858379226695
ZNF709,0.257539949678184
LMF1,0.2575075144995192
KIAA0748,0.25745439140213977
C1orf133,0.2574335117957895
MFHAS1,0.25738570298588
GPSM2,0.2573776504592986
NAAA,0.2573765989622232
ETHE1,0.2573505374394829
CTU1,0.2573280981082447
NME2P1,0.257161017086349
DNAJB5,0.2570881168089056
HMSD,0.2570330831881131
ATP8B3,0.25702835657364037
LOR,0.2570196039837696
USP7,0.25692107506678796
AMT,0.25691557747032084
COL25A1,0.2568646770211735
TBC1D17,0.25684622288369163
C8A,0.2568284688074873
TMEM49,0.25682194842250583
ANO1,0.25681754352902564
AGPHD1,0.2568058839997935
LHCGR,0.25676768789894316
LOC152225,0.2566232320227044
LOC387646,0.2566162422192007
GTPBP1,0.2565986317466642
SPEG,0.2565800920591298
HAUS1,0.2565626217506837
RABEPK,0.256520601862721
KRT81,0.2565181228719314
LNX1,0.25649376378832867
WWC3,0.2564131540134451
EPHA4,0.256327362597282
SGCA,0.2562032542146152
FAM70B,0.2561878881667605
SLC7A4,0.25608371414044384
TRY6,0.2559870725321196
PSCA,0.2559732959145861
ITPKB,0.2559166900942357
SH3BGRL,0.2558918348807798
GRIA3,0.2558869378593996
CNTN6,0.2558778412048506
HLA-DQA1,0.25584641482180925
CHRAC1,0.25577581432279384
CFHR4,0.2557706910046006
EPYC,0.255749398122949
SLC26A11,0.2556786656644671
MUC6,0.2556684426170402
FAM65A,0.2556654897831423
OR2A7,0.2556308362735919
TIMM8A,0.2556250127251365
C9orf53,0.25560209027655934
KIAA0430,0.2554602421800972
KRT80,0.25535959298388133
ZBED3,0.2552723961042487
MTHFD1L,0.2552230745977072
PDDC1,0.2552144157947729
XPA,0.2551587837050305
ZNF597,0.2550370349720353
C8orf48,0.25495107701726194
ABCE1,0.2549271828134455
CHADL,0.2549141336240397
HDAC4,0.2549028604083727
B3GALTL,0.2549002140097123
BCL2L11,0.2548196999896626
HOXD12,0.2548158702248464
MRPL22,0.25480156614179084
SCGB2A1,0.2547977823765968
COX4NB,0.25478804328127763
KCNH5,0.25472867347935707
FAM190B,0.2547212720973254
TGFB1,0.2547160584661098
SMG5,0.254695027237681
ZSWIM3,0.2546791665692246
EPB41L2,0.2546477218422563
MDH2,0.25457454207084906
LRRK2,0.2545356519268906
SMAD2,0.25448194762414267
GVIN1,0.2544547356869887
TALDO1,0.2544259049898179
C10orf12,0.2543822279617223
IL21R,0.25437138046411834
ZDBF2,0.2543630790701708
LOC285830,0.2543241155385763
NPY1R,0.254296971685366
TGFA,0.25425630922725617
MTCP1NB,0.2542456067163781
RELB,0.2542113909393577
SUMO1P3,0.25420362177548
KCNC2,0.254194921631992
LRRC42,0.25417555835991856
FBXW5,0.25416342626731336
QSOX2,0.2541514028487794
DHRS3,0.2541264656225929
MACF1,0.2541128406708305
POLR3H,0.2539736824019076
SLCO6A1,0.2539572289604559
MVK,0.2539436326665325
HCG27,0.2539325158145715
FAM198B,0.2538681811402147
TMEM30B,0.2538653520492262
CD163,0.2538359838202069
FOXO3,0.2538339887030932
RBM17,0.2538271703026102
INSL3,0.25381876612265647
C1orf61,0.2538025183518715
PEG3,0.2537913385701065
NSL1,0.25379103029975725
ABCB1,0.25378657850861447
PIK3CG,0.2537650114192115
SPAG6,0.2537469600346144
TEKT2,0.25367781252758287
TNFSF8,0.25367079404535353
ANGPTL5,0.2535796050355891
MYOM2,0.2535706604556494
NCKIPSD,0.2535260745936957
PGC,0.25349655269949267
LILRB2,0.2534757412100822
KLF3,0.2534570607278336
ADAM12,0.25338818763370097
CES4,0.2533879015395226
STK24,0.2533646603786019
PLEKHG1,0.25336032099353084
RNASEN,0.2533465975644936
NKIRAS2,0.2533088293572367
ANXA2P3,0.2532867484970649
CCDC13,0.2532209549578539
CNNM4,0.2532042565871971
CD177,0.2531302871704422
SLC30A2,0.2530682754363121
HIGD1B,0.2530510917853882
ZNF583,0.25303137255911773
JAK3,0.25299613920020725
PLOD1,0.25297433703926464
WNT10B,0.2529478762323848
FYB,0.252917405636566
MKL2,0.2529031709589173
PDE12,0.2528714455032166
RAB12,0.2528151557016765
GLYCTK,0.25262594807122196
DHTKD1,0.25257742854890314
ADCY2,0.2524929148780654
L3MBTL4,0.2524498005702993
FCRL6,0.252417439497788
TMEM63C,0.2524139440890977
LIMK1,0.2523908565879658
SSTR1,0.25237250310813547
C13orf15,0.2523652209990433
GALNT5,0.25234804966734364
SLC35A4,0.2523431133325496
NLRP7,0.2522422520715025
EVI2A,0.2522305600385265
CALCR,0.2522211510959636
NCOA1,0.2521868815709997
KLK1,0.2521264637152473
ATF4,0.2519856801413889
LDLR,0.2518845820436353
CUL2,0.2518705681507183
KLF8,0.2518446321090709
CBLN4,0.2516814533716336
FAM38A,0.2516800639382202
SUB1,0.2515894606645202
RGS14,0.25158347243464113
DNMT3B,0.2514917908448426
EXOC3,0.2513802786953802
C13orf27,0.2513541957165488
HS3ST1,0.2512988593689764
MARVELD1,0.25116843210796314
MRPS26,0.251107844330963
ZNF138,0.25102745480645733
DCAF8,0.2510004555228895
ELMO3,0.250966206970838
SCN1A,0.2509636895043664
FAM193A,0.2509563512121001
KHDC1L,0.2509541711532026
LOC729234,0.25089103979287075
TBX21,0.2508864454964209
ST6GALNAC6,0.2508648633471895
TSR1,0.2508635593696125
SRGAP1,0.250822001942268
C1orf109,0.25075322046691917
UBOX5,0.2507464660526939
GRRP1,0.25071108936596337
CDON,0.2506932838709703
TBC1D3B,0.2506013750732241
SDCBP,0.2505584528688923
COCH,0.25055330286952393
F12,0.250544366767905
CIDEA,0.2505211715331738
DHDH,0.2504824619599378
DCTN5,0.2504641384447347
TMEM88,0.250396959346628
FIBP,0.2503944116301617
C17orf108,0.25039438244464346
VEGFB,0.2503402406860598
RRAS,0.2503249861014443
CLEC6A,0.250133480266716
ALPK2,0.250110761944707
CCDC47,0.2500387232991756
BOD1,0.25002545710561225
MFSD8,0.2499150046825711
IP6K3,0.2498988121326814
GAR1,0.24985912564994311
DDX18,0.2497596909756521
NOTCH2,0.24972835315459532
NCAM2,0.2496532865723454
PRPH,0.2496473139884684
HSPA2,0.2494209160936428
ERI3,0.2493924152120419
SIRPA,0.249389919324786
NCRNA00086,0.2493879322383506
CXorf40B,0.2493723286646649
FAM196A,0.24935166283033008
CCDC154,0.2493298628787281
VPS72,0.2492903587395485
MAP1B,0.249288206287014
MGC87042,0.2492607202112284
DHX58,0.2492600573145596
NTN3,0.2492430572191356
ARHGAP24,0.2492268077929348
BTN3A3,0.24922606053730498
ZNF575,0.24920548371574602
HIST1H2BI,0.2492001695956756
PPIP5K1,0.24917709158913762
C16orf71,0.2491340872993259
MOSC2,0.24909741388462758
DVWA,0.2490787983345168
RNASE3,0.24907611800572083
PION,0.24902639886580571
MAGEC3,0.24900302167278637
UPK3B,0.24897079385357654
CHRD,0.2489531199762334
SPATA12,0.2489165620264613
RAD51L3,0.2489143598380583
NPHP1,0.2488993167949825
CTSH,0.24888007414441882
GZMB,0.2488475008589572
SPTBN1,0.248838717205783
CTXN1,0.2487614404865734
VAX2,0.24873337366743042
VSIG4,0.24871336101284858
CCL1,0.2486770582397836
LIPK,0.24862804241524
PIK3R1,0.2486231751091728
FAM101A,0.24860274036629598
MYO19,0.2485312881024805
NR1H4,0.2485239190478843
SAMHD1,0.2484817450099626
CD58,0.2484432392734447
NDUFAF3,0.24839019090061842
FAM103A1,0.24833913721614348
UBA5,0.2482456868732395
TNFRSF10D,0.24819160489993242
LOC440354,0.2481668195413841
PSMB10,0.2481450352877408
DMWD,0.24813904459195868
HSPA12A,0.24813220770710148
CDX1,0.2481210227338075
SLC7A11,0.24803505210148138
FOXQ1,0.24798985678636143
PIK3C3,0.24798302473317338
SRCRB4D,0.24797662119109476
STAB1,0.2479643281799297
ABCC11,0.2478753512023614
IER5,0.2478352531014225
TMEM134,0.24780389199475278
TBC1D25,0.24774780315709244
ETV7,0.24771488353158228
ATRX,0.24765307880055104
TNIP3,0.2475225322345972
ZNF121,0.2475095578596246
MCM6,0.2475020310768527
PTCD1,0.2474526209477522
KIAA0319,0.2473795567742733
TCEAL3,0.2473590609586746
PIH1D2,0.2473139630018238
VASP,0.2472399681817662
LCP2,0.2472346995408531
ZNF727,0.2471704361631577
ZNF557,0.247113485956315
MAN1A1,0.247108128764531
GPR19,0.2470872513631019
GORASP2,0.24704662660196192
RCAN1,0.24694344418803227
YY1,0.24683263170869418
AMN,0.24679022818911467
STK11,0.2467875158716593
DCLK2,0.2467425040068294
C10orf79,0.246699352152015
C17orf87,0.24667031326737038
NIN,0.24665714797685453
LLGL1,0.24665040433785823
FLJ16779,0.2466206555071881
LOH3CR2A,0.2465729157111797
ATIC,0.24657017807525378
RHBDF2,0.2465603732657839
RNF183,0.2464939568207957
FXYD2,0.24643764687712932
TTC39C,0.24643133959412972
RGS7BP,0.2464277372889168
DNAH6,0.2463111249567559
LGR4,0.24628162438724457
TNRC6C,0.24627730367796558
SCN2A,0.2462372576292246
C6orf168,0.2462127261818552
ARRDC5,0.24615386700923647
MEOX2,0.24610213705891568
MEX3A,0.2461008856930467
PLEKHH1,0.24608493296737494
FBXL12,0.24606953606691628
NPR2,0.24603177711114138
CCDC135,0.24602057667842592
CA9,0.2459961443552422
ZEB2,0.2459543549485877
INSIG1,0.2458963308273289
NCRNA00185,0.24589120415080368
HLA-B,0.24586311648613599
FNDC8,0.24585194715201442
SLC40A1,0.24585109050803416
WLS,0.2458315324594004
SASH3,0.2456808010812496
C6orf120,0.24563586460551642
ZC3H15,0.24562822452140434
SRP9,0.24556428129824528
SLC35B1,0.24551459928852998
DPYSL5,0.2454264289931034
PSMA2,0.245413659550121
GPR34,0.2453752570585759
CSF2RB,0.24532424323016105
SP140,0.2452940109473417
SLC35B4,0.2452807481836279
ELOVL6,0.2452523044249453
GBGT1,0.2452295863359829
C19orf29,0.2452200456969203
TTC4,0.2452162578804408
PSG9,0.24520842004048632
KLF14,0.24518187053456678
NEURL1B,0.24511779070592407
C5orf22,0.2450843621465734
PRIC285,0.2450415200001383
GIPC1,0.2450265803765167
NEK7,0.2450208298106427
LCE3A,0.2450205299989077
HEATR1,0.24497790446317902
VAPB,0.2449284994052791
ASTN2,0.24492813614550132
MGST3,0.2448386555941782
DHX8,0.2448207311229104
ADAMTS1,0.2448056392894137
IL1B,0.24475567413527832
SEPW1,0.2447346843924912
CHMP4B,0.244721551084149
AGBL5,0.24472005051412052
CYCS,0.2447159635992379
CABYR,0.24470297298762958
OR56A5,0.2446981172956287
C6orf217,0.2446083462311339
GCHFR,0.2446024471053349
ATP7B,0.2445841950793295
CORO1B,0.24456791845171788
CLEC2B,0.24454997487127242
ADM2,0.24453549695601032
C11orf53,0.2445242848457401
RELN,0.2444213247715528
FKBP9,0.24438360420527308
CDH22,0.2443648997471844
CAV1,0.24432121749650598
GOLGA7,0.2443149632611873
WFS1,0.2443009078796201
BRF2,0.24419551730202982
NAV3,0.24418339257193572
ZCRB1,0.2441495359252013
TRIM52,0.2441475170535246
TRMT2A,0.2441464649219854
IFT81,0.24409532586739177
GPAT2,0.2440193429722235
NOP10,0.2440174031185574
PPCS,0.2439633737376118
ZNF350,0.24389310177105322
ZBTB47,0.24387674199895143
DAPK2,0.24372804658738592
CPEB2,0.2436674220876806
FAM3C,0.2436581261605521
C21orf96,0.2436382301818545
LOC100271831,0.24363398736260827
SLFNL1,0.2436290326958879
EPHB2,0.24362282883154
LGI2,0.24361005420537052
COL13A1,0.2435711159733494
ZNF44,0.24356654707335096
ASCL4,0.2435477033889056
WDYHV1,0.24348937295472198
GBP1,0.2434664790938676
CDK20,0.24340715370750632
PPP1R16B,0.24336968894362143
CCDC75,0.2433542732947659
LOXHD1,0.2433387255158271
CLMN,0.2432878643927045
MMP28,0.2432171661273539
SFTPD,0.2432138284326304
HS3ST6,0.24319446816805462
EN2,0.24315855834679928
DPP8,0.2431419548080237
C6orf41,0.24311957854069183
FLJ36031,0.24311788488808372
ATP6V1B1,0.24309591837107541
EIF3C,0.2430198805916038
GPIHBP1,0.2429420071034703
CDKN1A,0.2428340334467364
SOD2,0.2427979864574003
CYB5R1,0.24279286018773769
MYO15B,0.2427770891753839
SPATA19,0.2427546506011382
CTAGE1,0.2427148262203983
TDRD7,0.24270954292481547
PRDX3,0.24257275445196338
C16orf48,0.2425325196538506
FOXC1,0.24250610041035423
PREB,0.24248868329585638
STEAP2,0.242484503085845
LOC100132354,0.2424213713801656
LOC91149,0.2424138957313069
SLAMF8,0.2423939492799662
ANKRD44,0.2423276428273507
MED1,0.2422634762738155
DHX32,0.24223708130270333
FKBP15,0.2422330566124547
FBXL20,0.2422104785136051
PEX11A,0.2421801893783584
DEGS2,0.2421762308617202
CYTH4,0.24216198028418007
NDUFB9,0.24214936524817682
TCEB3B,0.24209292663655202
SPRED2,0.24207914381485432
CRISPLD2,0.24205692522244232
PGM2L1,0.2420346658870166
CRADD,0.2420167854587934
ITPR3,0.2419801694571474
RDH10,0.24197323388351372
C15orf57,0.2419607814484722
C21orf45,0.24193693044073797
TEAD3,0.24192964820172652
CCDC3,0.2418901671021692
DCHS2,0.2418275136434504
SIGLEC9,0.241810721396548
C1QA,0.24177887179198548
RASGRP4,0.24177228693027553
PCDHGA3,0.24175826048840138
RGS9,0.24172721518297147
CD86,0.2417138250474756
WDR1,0.2416640848332579
RAB35,0.24165944074840268
HLA-A,0.2415884782129727
LRRC8E,0.2415847546479323
CCDC66,0.2415718592456062
ACTB,0.2415559966875577
HIST1H2BG,0.2415075687224631
BAG5,0.24149895132059052
UQCRQ,0.24149236518909428
PLA2G5,0.2414030657986013
ERO1L,0.24138704501720137
LRRC37B2,0.24137129103387348
GIMAP5,0.2413505946355596
LOC149620,0.2413488123546044
FCF1,0.2412060205337496
PA2G4P4,0.24118493709861422
TTC37,0.24109648527842512
TBC1D22A,0.241092337784698
PPP3CA,0.24107968362806043
IL1R1,0.24103817702737892
C2orf77,0.24102490347814998
ACE,0.2409806660827354
DIRAS1,0.2409435462025467
PGM1,0.24090488841427138
GRTP1,0.24090439913410128
CYR61,0.24090146589140102
SQRDL,0.2408558066202375
PLAC9,0.24085133539183162
TULP4,0.2408253908853938
PDLIM7,0.24077782417987742
GEMIN8,0.24077260454853872
LOXL1,0.24076993425860738
PAFAH1B2,0.2407491513615133
GRLF1,0.2406818695743111
UBL7,0.240646767147711
KRT38,0.24057184302794898
THSD4,0.2405710107960249
PCP4L1,0.24053973551560498
IGFL2,0.24051558056223157
PDZD2,0.2404727685525539
PCDHA10,0.2404554785507686
SAMSN1,0.2404333824918584
CD83,0.2404206001507146
TNFRSF6B,0.2403547939250903
POC5,0.2403304245629937
CMPK2,0.2403279963455476
ZBED4,0.2402991444614724
GDPD3,0.2402653051960949
ART4,0.2402615668462661
WISP2,0.2402271708234253
TRIM32,0.2402269928313338
TBC1D24,0.2402177531725817
STK17A,0.24021690214996358
SLFN12L,0.2401978490394666
SNX15,0.2401873438616495
ABCA12,0.2401136158503415
ASPRV1,0.24009185600618127
SULT1C4,0.24007908442344938
CDHR3,0.2400526387010224
RAD21L1,0.2399581851875479
ZNF732,0.23992590548057868
EIF2S1,0.23986023395408612
AGPAT5,0.23983484649344083
ZNF786,0.23982845004880549
TMEM43,0.23973056625347
POT1,0.239678281035687
SERPINI1,0.23965571005914518
TYROBP,0.2396191012501006
CLNK,0.2396114859635603
TMEM217,0.2395380260382449
STX19,0.2395342134536946
WFDC10A,0.2395053951264832
C10orf81,0.2394896594182839
BTG2,0.23946657383799422
RANBP17,0.23945838794853092
PSTPIP2,0.2394379978819989
EPSTI1,0.23941905413467163
KIF13A,0.23939751777079438
GNAI3,0.2393587126602966
KIAA0664,0.23935512311000817
HSPA14,0.23934854816073808
RPS10P7,0.23928279780923808
ALG2,0.2390947650547574
GLRX5,0.2390047566340501
CEP135,0.2389744340560433
RIT1,0.238936608176126
ARHGAP10,0.238877861333773
KLHDC7B,0.2388688975862459
LOC100144604,0.23886694087078203
LY6E,0.23881281319020803
LOC150622,0.2388110430487993
ZNF746,0.2387687532955374
HLA-DPB2,0.2387545622268537
CCL14-CCL15,0.23871037429949188
GALNTL4,0.2386972293111532
PPARGC1A,0.23864480064157442
MYCBP2,0.2385983641140686
PTGER4,0.2385669531081022
EDEM1,0.238535063626904
ALG14,0.2385282285809702
NLGN2,0.2384383153205453
SEC13,0.2383497227716656
MAP3K9,0.23833477291432184
ZNF282,0.2382921593371216
WWP2,0.2382817640674926
SFRS14,0.2382636850151501
CLUL1,0.23825731292758429
BTN3A2,0.2382052403217838
CLINT1,0.23818996567389422
DACH1,0.23812239937186158
NDUFS6,0.23808894955708698
MMD,0.23805091531826458
NISCH,0.23799959900035922
POC1B,0.2379491449748401
ARID4B,0.23794592526427877
OR1J4,0.23793487680327968
AIFM1,0.2378871169883788
TSPO,0.2378313346424544
OSGEP,0.2378261780103204
OR8S1,0.23782606367107612
TBC1D1,0.23781480316828052
KIAA1804,0.2377551660263152
TSGA10,0.23763592238106912
STAT5A,0.2376301130575432
UPK2,0.2375654948057921
DUSP22,0.23755429527320107
CKMT2,0.23754991112316828
DPY19L3,0.2375209133158451
CD53,0.23744919987417168
BUB3,0.23740218383152542
CLIC3,0.23736239636010048
GRPEL2,0.2373414029809997
ZNF395,0.23732619027192708
BCAM,0.2373170438271257
SLC6A17,0.2372895550964176
ACSL4,0.2372149205730747
HOXB8,0.2371980297207252
C18orf56,0.2371933139805402
TMEM132B,0.23713064464638664
MEST,0.23712447241815837
ANKRD24,0.23707225940093957
PDK2,0.23703398450718938
FBXO11,0.23703393748429968
MKX,0.23701645867206428
TIMP2,0.2369818520792943
CYP27A1,0.2369740037684505
TET1,0.2369532623849847
NOB1,0.2369349734032265
SLC13A4,0.2369019642903802
BAIAP2L2,0.23687420952770732
FCGR2B,0.2367860246786862
FRMD4A,0.23677912075541369
GULP1,0.23677826039275818
TMEM66,0.2367293976738298
KRTCAP3,0.23670815199192208
SLC38A4,0.2367041171318715
SF3A1,0.2366570985967928
DMXL2,0.2366547898255593
ATG2A,0.23655546785038567
MPL,0.2365395292429589
WDR86,0.23653793194158912
ZNF90,0.2365340463556784
PSD4,0.2365149001484031
ACACB,0.2365094841406799
CAP1,0.2364529991699365
ABI3,0.23639305684867273
C3orf15,0.236374765156917
PCDH20,0.2363635066697607
USP11,0.2363527788336529
CMBL,0.236243185777918
ZNF204P,0.2362164540542821
CTDSP1,0.23618365505804412
PVT1,0.2361421730100736
PTPRC,0.2361397021719476
ZDHHC13,0.23606168913094117
CDYL,0.2360376645082996
HHAT,0.2360171091446638
BTBD8,0.2359721418853338
RUNDC3A,0.2359523987065187
ALG8,0.23583473219314022
PRX,0.2358019300817177
IL27,0.2357847403998088
CDK3,0.2357845870795799
LCE1F,0.235765176113567
CLCNKA,0.23574032839412679
KLRB1,0.23570515434319292
CACNA2D4,0.2356369722607027
PLA2G15,0.2356324876116112
GAL3ST4,0.23562681447034212
C21orf125,0.2356025807306505
HEY2,0.2355804753601008
PTGS1,0.2355722177392591
TICAM2,0.2354402447946653
FLT1,0.2353634314112049
PTPN2,0.23536201995383982
MYOM1,0.23534878712342372
SIGLEC1,0.23533553918628852
TMEM150C,0.2352968932310752
APLF,0.2352658886700124
TNFSF14,0.2352594177696797
PLEC,0.2352481606645616
TMEM229B,0.23520734996376808
TOLLIP,0.23516054085485497
SUMF2,0.23512578784321603
SOS2,0.23512369385441198
PRDM1,0.23510090126180927
ANXA13,0.235092137620802
TIMM8B,0.2350508783663361
C5orf25,0.234999799957537
NBPF10,0.23497420271273134
ZNF525,0.23494112819990198
PSME1,0.2348377047302962
PIPOX,0.23480268886274808
IFIH1,0.2348016840050617
APBB2,0.23477846912232808
FBXL4,0.2346796758243683
FCGR1A,0.23467822444247588
HIVEP1,0.23460835625715132
ZNF197,0.2344843177117854
PKNOX1,0.2344735577852003
RTL1,0.23447043360552738
UBQLN1,0.2344324989932413
PRPF40B,0.23442861526092912
TSPAN33,0.2343883825447898
CARD10,0.2342986717176488
GTPBP4,0.2342942786395913
EYA1,0.2342937072132395
ST6GAL1,0.23418663044555563
IFNA1,0.23418358498700742
UBXN2B,0.23418298484801559
CYBA,0.2341526637590883
VBP1,0.23407234218196682
BCOR,0.2340717038602855
SLC28A3,0.23405643769794388
CTNNBIP1,0.2340406883901683
GNL1,0.23402316355226602
FCER1A,0.2340188698099773
CR1,0.233976710924615
KIF21A,0.2339490797588767
FBXL21,0.23381730064433223
SLC25A26,0.2338085200200687
NANP,0.23375868289440668
ARID5A,0.23374298519665793
BCAP31,0.2336954224325119
DCTPP1,0.23362656168585183
KLC4,0.2335844049305273
DHRS13,0.2335264016214953
TMEM150B,0.23347666960536279
RAB34,0.23345278707464617
RND2,0.2334400330120478
DNAH12,0.2334113252882527
ZNF16,0.2333394266504622
CMKLR1,0.2333334394578434
LIN7C,0.23332442465837902
C19orf59,0.2332722737291678
FGFR4,0.23325507965574022
DRD4,0.2332469421555008
TMEM100,0.23323825034311502
CR1L,0.2332157065019085
ZNF17,0.2332134962922857
RASAL3,0.23320592274967228
MAGEA10,0.233179023683725
ZNF415,0.2331688068130651
BEST3,0.23315353630814037
DHX57,0.23314156831671498
ELL,0.23310894307453792
TINAG,0.2330901176587191
TMEM132D,0.2330850874780202
EIF3IP1,0.233060518841721
ADK,0.23297614531394067
SLC22A5,0.23292835176868099
ASAM,0.2328690299061309
LETM2,0.2328484916290987
EDNRA,0.2328204550865354
C1orf200,0.2328130695139929
PRKAA2,0.23279845753622622
PPOX,0.2327626919922997
WBSCR17,0.23275353090254738
C9orf78,0.23272496091721323
ZNF84,0.23266660802640998
C1orf174,0.2326192376546833
UBE2QL1,0.2326008943530948
PUS7L,0.23259702879523247
SLMAP,0.23258522288054687
SNTA1,0.23257754627401292
GHRL,0.2325688552928968
CHI3L2,0.232564174612292
CD300E,0.23255514310858758
FNDC4,0.23252737002262303
OSMR,0.2325147585548668
SDCBP2,0.2324882580427603
TM7SF3,0.23243315403782489
ZNF551,0.2323995706225973
ZKSCAN1,0.2323707561773145
TPD52,0.2322724321493745
SCARA5,0.2322697434715295
C1orf180,0.2321979078608412
GJA4,0.2321908755998639
C18orf26,0.2321569814151253
GPR171,0.23210653291241148
TSIX,0.232038597037251
CYP4B1,0.23199949979075118
ZNHIT2,0.23197734270067352
PADI2,0.23196830240425287
CDKN2BAS,0.2319546391748551
C10orf90,0.23194225898663878
PHF11,0.23191785156033862
CAMTA2,0.23187295706858418
GDF6,0.23185292010264638
FAM53C,0.23183370545070509
CPNE3,0.2317787316141264
GIPC2,0.2317773224192257
PCDHA2,0.23171849377956333
RNF43,0.23167825475297557
AFF3,0.23167824502497908
TFEC,0.2316434262961985
GATA2,0.23162004719425702
TRIT1,0.23160450469369911
CALHM2,0.23157216551971538
PNRC2,0.2315448064315448
BAAT,0.2314076892468796
ASF1A,0.2313795239044963
MESDC2,0.23133121717315647
UGT3A2,0.23130211246241
IL12RB1,0.23122026732234613
CWC25,0.2311603492563561
ADH6,0.2311218466473855
SLC5A10,0.23110905756146252
GTF2IRD2B,0.23110244133770838
SRPX2,0.2310941932534812
KCNA5,0.23106674837031238
MTNR1A,0.23104573835988532
COL5A2,0.2310137520955291
SELE,0.230901318720041
RAB4A,0.2308885726202078
CCDC24,0.2308879636901791
CHN2,0.2308456418978677
FAM200A,0.230845431177054
RPL18A,0.2308285015648282
CLEC4D,0.2307743423843298
TTYH2,0.2307667054884399
CD5,0.2307613680714506
GYPE,0.2307220997228983
ZNF880,0.2306598513509215
NALCN,0.2306263152534318
GNGT2,0.23062362791614388
SCN1B,0.2306195061257914
NOM1,0.23057699857473407
BCL2L14,0.2303690003003494
PCDHA6,0.2303523021783297
SNX12,0.2303465337903553
TRPV1,0.23034207393101652
RBBP7,0.23034074367242238
KRT85,0.2303096564025201
PAIP1,0.23025428108918303
BRD9,0.230226865955374
ATP6V0A4,0.2302250994133179
KCNJ15,0.23001379374479652
PLEKHG4B,0.2299950348622678
PHF8,0.229913256015369
HIST4H4,0.22990775390960952
ARID5B,0.2299017343796389
C19orf38,0.2298933273770434
CCDC74B,0.2298716541747314
GOLGA6L9,0.22984111376895178
TLR8,0.2298059609898374
PLEKHO1,0.2297969229742327
POLR2D,0.22978300410000768
ACSS2,0.2297334420803528
USP4,0.22966983033223032
FAM35A,0.2296669336959198
TMEM220,0.2296492517018921
PRKD2,0.2296018320519707
RAB43,0.22959303330475567
ANKH,0.22953113977365508
CDNF,0.22951999063895312
HSPA1B,0.2294729074919139
CRTC3,0.2294571030072799
LILRA3,0.2294561346941112
EXTL3,0.229453290050196
TRNAU1AP,0.22939161541988523
HRH1,0.22938684398440784
KLC2,0.22936657737488278
ZNF780A,0.2293630107372147
FAM54B,0.2293609176715401
ANKRD34B,0.2293007701926913
TRIM55,0.2292370108464843
CD70,0.22923458659992468
SEMA7A,0.2291896961787605
PRPS2,0.2291594383147309
MMP2,0.2291153082606265
NAA16,0.2290977397848603
ENPP2,0.22909167281997117
PSG6,0.2290154581917762
DPP9,0.2289568487094878
DPH2,0.2289497197823673
CRYBB2,0.2289396840179445
AGER,0.22889846558543758
PRDX2,0.22889560474512458
BTBD3,0.2288930405519994
TTC19,0.2288482013184659
CRYL1,0.2287894690147998
CYP4F12,0.22878848574887578
CR2,0.22871762242221216
HOXB5,0.22851616823530302
LOC400027,0.2285051460869729
SYT17,0.2284648119306724
IMPA2,0.22846058712086367
CDR2L,0.2284529514597082
CXCR2,0.22840087863443848
MSR1,0.22832470560334012
PPP1R15B,0.22827441597298248
MEGF9,0.2282602255343339
PGGT1B,0.22825572854391998
CDCA7L,0.22821278609687817
OGN,0.2281045007435069
C14orf118,0.2280518158756066
ANKRD11,0.22804416908654818
HSPBP1,0.2279954737783626
SH3BGRL3,0.2279902780742851
ATP5EP2,0.22795179372724989
PIM1,0.2279395838073771
CXCL2,0.2278507474604104
TRAF1,0.2278352091528055
HMGN5,0.22781123931190608
IRS2,0.22780929360209748
LRRK1,0.22772203960355503
F2RL1,0.2277049029965545
FHL2,0.2276715733713876
CCR4,0.22765408743490148
CDC27,0.2276536836216178
ITPR1,0.22764518304599018
PKIG,0.22761622113991528
GOLGA2,0.22755361903402369
IL15RA,0.22749615554812921
RPL23AP64,0.2274789645027796
C11orf92,0.2274385313923143
HDAC5,0.2274127415487909
C21orf59,0.22739474366162618
KLK12,0.2273867117156303
SLC6A11,0.22731900164115187
NT5C1A,0.22723898902815598
KCNH7,0.22720498720939328
KIAA0754,0.22716107269092742
EHD2,0.2271154226296806
MALAT1,0.22709361204287576
MMAA,0.2270279058129186
KIR2DL1,0.22702389128749367
NUDCD1,0.2270040244574286
TMEM214,0.2269127041066506
MSH2,0.2269123987405929
NKD2,0.2269058289806184
CDH23,0.22682498332361709
ST6GALNAC3,0.2268049871730131
PSEN1,0.22674508419452438
CNTN4,0.2266880496954734
ELAVL2,0.2266188709287445
CXCL10,0.2265710987433363
NBEAL1,0.2265612816290441
XRN2,0.2265138567896589
LOC100132287,0.226510069702119
TMEM85,0.22647364073669152
RBM4,0.2264679228559847
STIM1,0.2264647116137611
ARL1,0.2264395071609305
LOC283731,0.2264325495622826
DPM3,0.22640870016566367
CNN3,0.22632422357663928
KIF22,0.22630827306161333
BPIL1,0.2262967648998453
SCOC,0.2262748791763639
C1QTNF6,0.226267779391433
DPM2,0.2262313547474571
VWC2,0.2262248417631024
SERINC1,0.22614430056823678
RPAP3,0.22613537568766018
FAM114A1,0.22613247733059028
QRICH2,0.2261054874063991
MAT1A,0.2260279924048138
DTNBP1,0.22599757684018867
LILRB1,0.2259895594427517
AXIN2,0.22596321021140392
FKBP14,0.2258906051557251
EID3,0.22586933872139198
RPS12,0.2257739004643386
FILIP1L,0.2257381303567168
ABI3BP,0.2257318732593844
C10orf140,0.2257050030161269
LOC440356,0.22567600079382594
SPINK4,0.2256461506615145
WNT6,0.22563380815349893
PROM2,0.2255895891331876
BVES,0.2255706915210636
SYNM,0.2255641272038709
MPZL3,0.225518138494666
SLC13A3,0.2254985818145734
ITIH3,0.2254933572067342
SLC12A3,0.2254834619540759
MLL3,0.225457650384742
MPEG1,0.2253760766079616
SFRS2B,0.2253324032580746
MAP7D1,0.2252127312912356
ZNF347,0.2252125081986011
PAX1,0.2252119097128672
RNF103,0.22519205206525678
PTPN21,0.22518578293157349
TNFAIP1,0.22516555097109212
NETO1,0.22513019975232318
PRPSAP2,0.22507741288849986
SPACA3,0.22506613280120752
CLDN18,0.2250273355111272
MBD6,0.22501120126070018
CD226,0.22499129915082147
CXCL5,0.2249842179719733
C1orf194,0.22495834798998549
RUNDC3B,0.2248899218796171
CYTIP,0.22487654410692332
QRSL1,0.2248736831015779
ZNF165,0.2248527941938371
LIPG,0.2248522123078064
ACTR1A,0.2247843822955925
COL23A1,0.22476738055023118
CBR4,0.2247595106083722
DCBLD1,0.2247572593715101
ZNF799,0.22472732446455768
MICB,0.2247094618443686
UBE2Z,0.2246707650130209
TCAP,0.22466846038192412
ELN,0.2246670926547503
CGREF1,0.2246249819187017
ROBO3,0.22460375787624243
OLAH,0.22445661180857002
SCAMP5,0.2244380318618036
PCCA,0.2244274131376117
TM9SF4,0.22440509072757603
PSG8,0.2244031943546641
AGPAT4,0.2243539319190166
DIO3,0.2243483288707917
AHDC1,0.22431498126835323
ATXN7L3,0.22418213387262959
IL2RB,0.22413652077302232
FUT8,0.2240944900261123
HHEX,0.2240472333191309
LOC100130872,0.2240336270236115
ILF2,0.22400498795373222
PPARG,0.2239820490804488
WRNIP1,0.2238721704152502
FGF7,0.2237493574766251
SRMS,0.2237476388052593
ZNF146,0.22371962967793782
MED15,0.22368316827242068
LOC375190,0.2236742992231689
KCNB2,0.22366155659036768
TMSB15B,0.2236335947447216
C2orf76,0.22360906563059513
LZTFL1,0.22360507431238819
GBP5,0.2235180994829484
PIK3R5,0.2235128773490035
LGALS1,0.22349290121608018
PRSS3,0.2234659814748551
C21orf57,0.2234438595040493
C20orf151,0.2234372700163332
NRD1,0.2234206662639288
C16orf54,0.22339807387283653
LOC283392,0.22323555858480904
GPR153,0.22316537860621682
KCNK17,0.22310857766262823
BZW1,0.2230386262225784
SIVA1,0.22301768083176132
ZHX2,0.2230100248465948
CCDC92,0.22297884503203969
AVPR1B,0.22296602495509268
STAM2,0.22294585380155124
DCUN1D3,0.2229197792392386
ENPP1,0.2229015109031819
YBX2,0.22285086607456903
LOC389333,0.2228277150300984
SAA1,0.2227511033073794
C1QC,0.22269142175011053
HK3,0.2226810395700288
TMEM27,0.2226531489082582
SRC,0.2226407926420737
TRIM61,0.22260062484341642
RDH13,0.2225925115141684
PRTN3,0.222587130766982
OCA2,0.22254374002476238
KLF13,0.222510320511514
EXD3,0.2224616051465745
ZBTB8A,0.2224594478792462
NPC1L1,0.22244852474342078
LRRC16B,0.2223934917876259
RILPL1,0.2223923794012903
CALCA,0.2223914993989684
TDGF1,0.2223879062366751
EXOSC10,0.2223421067512786
NANOS1,0.2223381494704505
SURF1,0.2223337558461959
PEPD,0.22232648967613994
ZNF469,0.22220791519195998
LOXL2,0.22220448561794398
FARP1,0.22220297715018128
TATDN1,0.22213436764277072
CCL7,0.2221032191431896
VPS45,0.2220858909987372
ASPH,0.22196602258901899
ZNF749,0.22194905201180332
C6orf186,0.2219485001029869
LYPLAL1,0.2219342494471724
CPSF3,0.22192301625471061
CNTD1,0.2218272951537906
HOXB9,0.2217574540793404
UTS2,0.2217137616982673
ITGA2B,0.2217103958079852
IGSF6,0.22169677986965614
ACVR2A,0.2216469283465427
ZFP36L2,0.2216060239969317
SUCNR1,0.221565505992123
RASD2,0.2215570850856412
KIAA1257,0.22142312441855813
DYRK2,0.22140183486204817
RNF144B,0.22133667086824582
SIP1,0.2213123857509052
C12orf77,0.22130298131811937
RIMS3,0.2212979374423562
LOC29034,0.2212825339920171
C12orf47,0.2212123227953933
METTL14,0.22119669082815457
DDO,0.22119020621539312
KIAA0513,0.22118600170066371
LEPRE1,0.2210871753166829
PTX3,0.22105070166660873
IL6R,0.2210466961073978
SPSB4,0.22101880884255481
NRK,0.22100773936970391
HOXB6,0.22098983103850334
C1orf122,0.22096941850877733
PLLP,0.22090678524268162
CTDSPL,0.2208951590523916
C11orf16,0.2208866213611158
MEOX1,0.2208635236141805
LOC723972,0.2208237669103382
NUS1,0.2208133657965065
JDP2,0.22080024741468574
PRDM9,0.2207673711483614
GSTA5,0.22076291775865248
BOD1L,0.22070459067141776
CEP120,0.2206879417076643
COX6B1,0.22068678408720643
PTCD3,0.22058013160180512
FAM165B,0.2205698729436189
DIAPH2,0.2205530460103479
CLEC10A,0.22055284717715617
MOCS3,0.2204813274069992
ZNF304,0.2204551998482659
PILRA,0.2204405338410201
CRB1,0.2204234391702888
ST3GAL4,0.2204103653565036
AQP4,0.22040831490461588
RNF182,0.22036656474135569
TCF12,0.2201724891851335
NT5C1B,0.2201421941709425
BRD1,0.2201253289129301
PFKFB2,0.22010922689504
GRM5,0.220091459274749
LPHN2,0.2200852750394856
MFSD2A,0.22002836523512237
ADAM28,0.2200129420139101
TUBA8,0.21999570703075577
HNRNPUL1,0.21999289603670502
MXRA8,0.2199560138773497
ZNF286A,0.21991411194855554
SVEP1,0.21991257464801608
TRIM2,0.21967475978189058
PEX26,0.2196616709003276
RFNG,0.2196502110959644
HTR3E,0.2196364443818819
DBNDD2,0.2196229651464074
IBSP,0.21962126823359102
SLC39A5,0.21961671693374402
C21orf63,0.2196068996761807
WISP3,0.21954912810310517
TMEM140,0.21949357746059742
FGD2,0.2194297775313705
PLA2G4F,0.2194210105734148
FAM108C1,0.2193926208154357
RWDD2A,0.2193654113361343
SLC8A3,0.21933766702857627
NDNL2,0.2193339336741763
C7orf52,0.2193203020059218
ZNF273,0.2192896943230628
TMEM184B,0.2192858613853157
LEPR,0.2192792640127465
XDH,0.2192611960950602
PIGS,0.21924129187327518
ARHGAP9,0.21915347310147332
MMP13,0.2191462020999779
SERPINF2,0.2191423951062312
PPAPDC1B,0.21913755588419803
ITPRIPL2,0.218979496420052
HMGB1,0.2189604478302706
GPR26,0.2189447101211155
SCN2B,0.2188821027876455
KLF10,0.21887427665615722
RCOR2,0.21887279177930088
AIFM3,0.218827049978177
POLR2J4,0.2188026325958466
C21orf7,0.21879811771313817
BCL2L12,0.21878994212895858
GTF2IRD1,0.2187645356912591
SH3BP2,0.2187644682648353
AGAP2,0.218748217139915
TEP1,0.2187481680865759
SRP19,0.21874134986572819
C16orf59,0.2187205681156555
KDSR,0.2186252616919267
ELP2,0.2186176810167314
PARP15,0.21858041799020428
BAK1,0.21857073770492558
NCR1,0.2185390100239249
LRRC25,0.2185371794135456
MARCH2,0.2184863417413844
UBAP1,0.2184257810814435
LOC100144603,0.2183671188744261
SP8,0.2183199606881676
BAI2,0.2183198729912655
LOXL4,0.21831808446748227
ZC3H12D,0.2182503220268504
PDCL3,0.21823925085046028
USP34,0.2182313431761466
PCDHGA8,0.2182267517620563
FAM160B1,0.2182246440202118
VCAM1,0.2182047158169066
GCAT,0.2182034457684498
PHACTR2,0.2181530891027094
RSPO2,0.2181102520746081
MAP9,0.21810007739749182
GEMIN4,0.2180489011517868
CCNH,0.21804773617159498
FBXO28,0.2180135014416331
PHAX,0.2179735986235734
KIAA2018,0.2179692176390597
FXYD1,0.21792071656976852
KCNMB1,0.2179204550861608
LRRC17,0.2178954263156604
LOC150197,0.2178864041865639
SNRNP35,0.2178552328574999
HGSNAT,0.21782996905069638
GIT1,0.2178072157626167
MPV17L,0.21780037322015
LHFPL4,0.217789207784103
ARHGAP30,0.2177654667182531
PARK2,0.21773015078324578
AURKC,0.21771717239184737
ASAP3,0.21767951818504588
SDHD,0.21766606498297203
TAP2,0.21765396322475822
KIAA1715,0.21764843285230612
TMEM132C,0.21764578718548744
ADO,0.21764280510257428
MAEA,0.21763441280647142
DOCK7,0.2175940474262118
ISL1,0.2175771358217372
NFKB2,0.217533885367792
PSORS1C2,0.2175179400180102
TDO2,0.2174619059078966
YIF1A,0.2173756131162942
DYNC2H1,0.2173675898624394
RNF144A,0.21732667140590828
ZNF507,0.21729647601453678
FAM69A,0.2172637489160278
C9orf43,0.21725648066486608
MARCH10,0.217244084254269
ADARB1,0.2172079335828873
FAM124A,0.21719807370285368
ISCU,0.2171938238103083
RAB8B,0.21716963629399652
PLXNB3,0.2171144639475025
TMEM168,0.2171000965316049
PTH1R,0.2170925407181559
SYT11,0.217075591529173
RHBDL1,0.21707544402889123
TCAM1P,0.21700544006962097
TSPYL1,0.2169929214790155
TBC1D14,0.2169628025804406
SLC16A7,0.2169600938762565
RNF122,0.2169288960388419
PLEKHA8,0.2169116184850833
ZNF589,0.21688254064521098
ATP6AP1L,0.2168776685720136
C1R,0.2168376977226788
IARS,0.21676921447443248
DCHS1,0.21673150362585128
RRP8,0.21670481173960499
KIAA1211,0.216703203283034
ZNF676,0.21669338543289549
CAPS2,0.2166753426696341
DPF3,0.21667234940767038
LOC728989,0.2166625241574322
SAPS1,0.2165872680549949
MEAF6,0.216586583471116
IRF8,0.21657833055284662
TDRD5,0.2165731858537093
PRKRIR,0.21653524835508758
ANP32A,0.2165312468084743
PIGZ,0.2163688616273053
AIP,0.2163665217483014
CD160,0.21636195401718614
GCK,0.2163147846508927
STAU2,0.21629286043287313
FAM135B,0.2162523128882622
AREG,0.2162083904002713
DUSP1,0.2162004380523092
DNAJC5B,0.2161760542553744
CALCOCO1,0.21612069635498732
MANSC1,0.2160906059256922
CCBL1,0.2160369568181485
AQR,0.2160020265681481
EIF2AK2,0.2159470716902959
C7orf60,0.2159411728205724
BFAR,0.21590263627556522
POLR2L,0.21588787737891751
PRPF31,0.2158777803663509
C8orf47,0.2158670544996196
ARRB2,0.2158126233758489
CUX2,0.21578478216221308
CLEC1A,0.2156910410001756
ZNF48,0.2156795425648704
NEUROG2,0.2156731874628511
PDCD6,0.2156527624824477
DARS,0.2156492870137663
MESDC1,0.21562228152977983
CTSE,0.21553801425420904
FAM5B,0.2155325771171748
SSC5D,0.21545809477849492
PPIL5,0.21545144385573659
SPRYD4,0.21543742906213043
LOC100270746,0.21542792113884138
FAS,0.21540342387372252
SYNJ2BP,0.21536014908602089
TUBA4A,0.2153444310607911
NPR3,0.21534412537181608
PHLDA1,0.2153287210380321
ARL4C,0.2152893754214923
RPL4,0.21526812724311167
CCL17,0.2152467471778332
CCDC56,0.2151200491180873
TMEM200C,0.2150603996171953
MRGPRX4,0.2150351962349462
CLP1,0.21501921271515478
PLS3,0.2150148803868238
TIMP3,0.21497278746453158
CD14,0.2149211186390328
ATF5,0.2149087805217328
FAM38B,0.2148931378657966
AP4B1,0.2147761798451733
PEBP4,0.2147389446354382
TRIM58,0.2146898748955425
NOL8,0.214650899481422
TLX2,0.2146194524703444
MYF6,0.2146098927355574
FUT9,0.21459674416304458
PCK1,0.21458437077996412
ARMCX5,0.2145473397275699
LANCL3,0.21451000678340648
VOPP1,0.2144799197078396
S100A5,0.21446507464458459
KIRREL,0.2144639918133951
KLC1,0.2144378048713671
SCN5A,0.214430071814922
WHSC1,0.21441642630590768
OPRK1,0.2143883016604724
PODN,0.21438093880055603
HSDL2,0.2143747645383813
ABO,0.21437432975435258
LRRIQ1,0.2143482722856222
LILRA6,0.21434632635205272
CFTR,0.21433918422695908
ARL15,0.2142965831400982
DCLK1,0.21427985820950962
LYZ,0.214269654729723
CLCN4,0.21417014887184369
PGR,0.2141412876501308
CST7,0.2140995247991811
ISG20,0.2140993393038162
RPS19BP1,0.2140794739662423
PAOX,0.2140480326890912
SUCLG1,0.2140234229143191
FAM133B,0.21401922891754072
ATG12,0.21400150780906008
CLDN17,0.21396988881589302
DRAP1,0.2139351235332256
C2orf88,0.2138948994264861
GRAMD4,0.21386883219782712
PRKAR2B,0.2138607769876416
C9orf139,0.21385372329002772
FBXO2,0.2138490929750269
SLC2A11,0.2138375535344158
RTN4RL1,0.2138366868943528
HGC6.3,0.2137896731605387
TM4SF5,0.21370850777126793
PI4K2A,0.2136908162568904
PFKP,0.2136671506923655
ATP5A1,0.21361401529447152
STARD3,0.21359642139367951
CCDC114,0.2135929227217891
CDK18,0.213558296684978
IQCG,0.2134831196452018
MYO1E,0.2134607652814758
ZG16,0.21343376741458572
SNUPN,0.2134289483242615
RIF1,0.21342200121704857
C17orf37,0.2134026309040928
PSMD1,0.2133820275454404
CCR7,0.2133242620838125
CD2,0.213314625137796
FZD8,0.21321451655123894
SLC25A30,0.2131207049066605
FLAD1,0.2131110270208085
ITIH4,0.213094524029662
ZNF257,0.21308486187534562
PPP2R3A,0.21305665455275308
CCS,0.2130403759601647
PLOD2,0.2130259063515137
ENTPD1,0.2129925744210277
KIAA1543,0.2129387890562029
IKZF1,0.21292039828929069
PCGF6,0.21289088040821702
PREX1,0.21288364423154127
ZNF598,0.21287931565509702
LOC729991-MEF2B,0.21287642903887932
RTKN,0.2128661138204255
RASGRF2,0.2128654717501759
LRPAP1,0.2128259138402555
TREML1,0.21282322921092067
AMZ2,0.21279572999097993
SH2D3A,0.2127414715516138
DCDC1,0.2127284688190385
?|100134869,0.2126765153215892
MYCN,0.21266558020013798
CD7,0.21262536506034038
TDRD6,0.21261486001278238
FAM155B,0.2126098774220444
PSG2,0.2125512798977912
P2RY8,0.2125325911026259
TRUB1,0.2125072435535828
KLB,0.21245473675026333
C1orf55,0.21241398233311531
PLBD1,0.21239106397353502
DDC,0.2123879129625281
PITPNM3,0.2123860705856532
C8orf55,0.2123665723224711
NCRNA00110,0.2123396010662189
SLFN5,0.212302123590365
FAM35B2,0.212290182871196
ACADSB,0.2122553233450961
SURF2,0.21223151665961099
RPF1,0.2121984975406493
RASL11A,0.2121031378792555
C6orf127,0.2120178642318438
MTX1,0.2120073918577445
AVPR2,0.21200399177691212
NFAM1,0.21198421964954162
GBP7,0.2119801883322236
CIB4,0.2119653972718624
C14orf145,0.211930598057622
MTMR6,0.211919086771053
NMT1,0.21183811389560803
C5orf27,0.2118060100390821
C12orf53,0.2117596735317296
C1orf106,0.2117438636102319
ACVR2B,0.21172847678330048
TNFRSF9,0.2116102953330585
SLC7A6OS,0.21160876551302898
THEM5,0.21159424047352898
NEGR1,0.2115135297203147
OR1J2,0.21149716682991201
LOC100240735,0.211456830186737
CCL11,0.2114518173516945
MLX,0.2114389223322774
SUGT1L1,0.2114164951776609
ZDHHC6,0.21140646956857911
SEPX1,0.2113797604984112
NSUN5P1,0.21134162402862108
TGFB2,0.2113322570712786
PLK3,0.2112674212972119
GLE1,0.2112312819362845
HSPA1L,0.21120140039360188
SNX2,0.2111828518780722
KCTD5,0.2111398001825146
LRRC52,0.2111378409480688
PARP12,0.2111099657656513
WTIP,0.2110667688433196
GMCL1,0.21103926323400457
CRMP1,0.2110370935330898
IL1RL2,0.21094462542647738
SLC17A9,0.2109258717996162
PCDHA7,0.21092041160392738
SFTPA1,0.2109196993108737
KCNK15,0.2108835633091633
ARHGAP39,0.21087125556071432
FCRLB,0.2108621934699697
UGDH,0.21079156137418822
TSPAN32,0.2107370197963116
MKLN1,0.2107135224819307
N4BP2L2,0.2106930602293422
C10orf54,0.2106265275697351
ELFN1,0.21062392973640162
C1orf85,0.2106201661983067
ADORA3,0.2105984303315179
KRT83,0.21054300512998958
ZBTB16,0.21048662796555428
COL28A1,0.2104124601813346
CD274,0.210378866025709
GPR82,0.2103537799769452
BASP1,0.21035289277983568
PPM1G,0.21029891833541972
STAC3,0.21026615885211603
ST7OT3,0.2102201789467863
LIMS3,0.21020512368470579
PTGIR,0.2101688200139687
UACA,0.21010458966219048
PTPRD,0.21001978554988202
C4orf41,0.2099601792833628
LOC399959,0.2099393806065861
CARD16,0.20993753808452228
CISD2,0.2098825917107635
HYAL1,0.2097929433145017
CLEC18B,0.2097906520058976
PACS1,0.2097858451008885
CDC25C,0.20969183178090928
TNFRSF10B,0.20965208985355388
C4orf12,0.20964914705708898
TXNDC3,0.2096135263274242
IRAK3,0.2096054926410668
FLII,0.2095360160067065
PTAFR,0.20953414730012
C21orf84,0.2095311577988406
NECAB2,0.209530661291638
EID2,0.2095241519217962
CHRM4,0.2095017972527963
FAM122A,0.20949722760232853
SEMA4D,0.209490086271131
KIAA1324L,0.20939703403758547
NACAP1,0.2093955081764032
SCML1,0.20938990373162839
PER1,0.20937785966458372
MRPL46,0.20931209390016792
DLAT,0.20929635809859928
TMSB15A,0.2092840694790733
ZMIZ1,0.2092528992036229
UBQLN4,0.2092046105700836
JPH4,0.209178184117533
ZC3H7B,0.20907310716973604
RNFT1,0.20907263655804237
KCNE4,0.20904589771955331
C20orf160,0.2090201211614111
ARRDC4,0.2090132002666799
C1orf93,0.2089539600769346
DDX41,0.20894635495488628
TRAM1L1,0.20888717948749091
C1RL,0.20887019802448223
RNASE10,0.2087982518195166
C9orf102,0.2087813729009117
KCNB1,0.2087799933834192
PSMB9,0.2087740968477365
CSAD,0.2087400837257241
PSENEN,0.2087131931198234
DUS2L,0.20870585560800498
C7orf11,0.20868207925112148
CSNK1A1L,0.2086573023443331
FXN,0.20859540598597082
ZNF680,0.2085099771281699
CLDN8,0.20850599469324
SMURF1,0.2084538063274198
ENO3,0.20841934024794717
PDPK1,0.20838265863928712
PAH,0.20836701505755129
DPY19L4,0.20833543339852711
RSL24D1,0.20832323008622278
TIRAP,0.2083083405657162
CD300A,0.2082959018774999
LOC92973,0.2082093774380459
ZNF621,0.2082081127294671
LOC202781,0.2081869501962954
PLXNC1,0.2081824592313738
ANGEL2,0.20817264018809
MAMDC4,0.20813824743940512
RAX,0.2081141953250849
CSRP2BP,0.20811405947326042
KIR2DL4,0.2080835014344816
TSC22D3,0.2080826809771317
C10orf46,0.2080662998942928
SYTL4,0.2080491523018468
C15orf63,0.2080429345747847
SLC9A1,0.2080286474402696
PRICKLE2,0.2079376968032624
C22orf36,0.20793439044247797
ASTN1,0.2079232448050551
GLRA2,0.2078993681986331
CAMK2G,0.2078648784795965
FLNC,0.2078563561753273
GYPC,0.2078152297335621
CD248,0.2077789850882975
NCRNA00189,0.2077572092132494
RNF20,0.2077493113504868
CYP19A1,0.20773545705669538
CYP2U1,0.20772305993969298
MCCC2,0.20772231410687572
TNFAIP8,0.2076904362141444
PEX3,0.2076359937438947
NCRNA00173,0.2075320413410143
ZNF542,0.20752277144111592
TSPYL3,0.20751960575354933
ZNF324B,0.2074732582758005
CCL8,0.20745156906563642
SEMA6B,0.20738912896533232
PRSS23,0.20734679650580312
AGTRAP,0.20722592574151388
IL11RA,0.20720367499762232
FCAR,0.20716976262467207
NRAS,0.20716705172053929
ADRA2A,0.20715979662908
TMEM215,0.2071521927692577
C6orf150,0.2071454626108154
GIN1,0.2071141922171536
RALGDS,0.2071097754382041
NUP35,0.2070879259662948
ZNF558,0.20706972159467832
CENPT,0.2070498194017004
NOLC1,0.20701402125391158
RPL31P11,0.2069999247777302
ABCA1,0.2069772389941295
TMEM64,0.2069603009807784
DKFZp686O24166,0.2069587927728781
C1orf177,0.2069394039639336
MAN2A1,0.2069196985795893
SLC27A6,0.2069112094004092
C9orf122,0.20690008388748718
XPNPEP2,0.2068644620990791
CHUK,0.20684332709046818
MTO1,0.2068034019223957
SLA2,0.20679132512032838
PRCC,0.2067835767473851
ERBB4,0.2067514325016314
ZNF862,0.2067151239828234
SH3GLB1,0.20670883189675157
PABPC5,0.2066658649688829
TM2D3,0.20653621776559788
CREG1,0.20648910129386971
RPL36A,0.20647891160913523
HUNK,0.20647600302763358
CCDC42B,0.20645633106166572
MUC2,0.20643562447167407
FER1L4,0.2064035300053419
STK36,0.2063851091548243
IKBKE,0.2063795596079152
CABC1,0.20637859152889787
SNX16,0.2063656900042006
THEG,0.2063606294782196
SOBP,0.2063132960262255
SPOCK3,0.20630445262324199
IRF1,0.206294358829649
COL21A1,0.2062779008328256
PLAT,0.2062233960437267
SERPINA10,0.20622216588875109
KIR2DS4,0.2061271169250821
ARIH1,0.20610866777534598
ZDHHC8P1,0.2061004338372275
GJC2,0.2060986737206617
FAM117A,0.20604185223978383
PCMT1,0.2059932467495747
PLSCR3,0.2058852237898435
PYGL,0.2058064175111084
EXOSC4,0.20577305700273557
CCDC120,0.20574885864106648
COL5A1,0.2057208772893238
MCFD2,0.20567262357032357
SKI,0.2056541659898521
RPL7L1,0.2056401636329165
DMKN,0.20561223805711148
CHST10,0.20560667627519003
CPT1A,0.2055808690001545
PDCD1,0.2055690328701059
GPX4,0.2055465677198895
ELMOD2,0.20552999030330507
TASP1,0.2055076229786338
C2orf72,0.2054957408487273
STXBP2,0.20543491266900638
ASGR2,0.2054023930487067
FGF13,0.20539585357882717
LOC646471,0.2053208662883259
CCDC88A,0.2053073412762277
DSN1,0.20525676822166738
SSTR2,0.2052178561400125
HLTF,0.2052061838956046
ADH1A,0.20516469000167023
CFL1,0.20515489085918392
SP1,0.20514764179826958
NT5M,0.2051240638269606
CNTN3,0.2050772507898487
C3orf36,0.20498600783912863
DNAH3,0.2048810510037031
MIDN,0.20487210072313927
KCNJ10,0.2048670507782016
NRG2,0.2048640038209709
PHF1,0.2047986221724329
UBR7,0.20475713008724072
NUP133,0.20474648149332578
NCBP1,0.2046639181371525
THOC5,0.2046186846213242
NEK10,0.2046117240234013
ZFP62,0.20457793547094769
PTPN7,0.20456905492010333
FOXL1,0.20453288164245492
PRKCB,0.2045144059176622
DHRS2,0.2045017895028899
NCRNA00094,0.2044961967262818
LRRC50,0.20446905640948704
KLK4,0.20432375317542179
RAC2,0.2042986277343915
ILKAP,0.20424309904896873
PRSS53,0.2042365060967076
TRIM47,0.20418165932749907
ATP6V1D,0.20418067787171412
LOC100132831,0.20416279203043564
GMEB1,0.20414067171557299
FSTL1,0.20406815673925968
DIP2C,0.20400635967220157
ALG1L2,0.2039897229886711
DNAJC27,0.2039729367753138
SC5DL,0.20397019295370702
SLFN12,0.2039575076914304
CIDEB,0.2039548304632035
CLEC4A,0.2038699943559823
RAB32,0.2038641626381726
ABCD2,0.2038515471733665
VASH1,0.2038171500181637
DPP3,0.2037366265448946
ZNF684,0.2037083183286151
ACAP1,0.20365656311852198
FAM49B,0.20365355324222853
CTNNAL1,0.20364015918455097
CNIH4,0.20362126618863902
ZNF654,0.2035638805792905
TNFSF11,0.2035390702399813
SHC4,0.2035288269328915
C9orf9,0.20352138617540988
TBC1D3,0.2034899191117558
CCDC99,0.2034738702127846
TMUB2,0.20343605831657846
SMARCA2,0.20342853889522192
INO80D,0.20339459175916952
HSF1,0.20339235515050352
PMP2,0.20338200371528561
NEURL3,0.2033741426467577
NR1D1,0.2033328048480709
NBPF3,0.20325038134861328
CECR6,0.2032295648917297
RNF215,0.2032250562585038
TOMM20,0.2032068421896867
RPRD1B,0.2031987599522601
OLFM2,0.2031900768061906
ZNF839,0.2031719801797021
CHRDL1,0.20312566155922918
NPC1,0.20311349087472189
TCF25,0.20310648979597132
LOC200726,0.2030993507200821
PAK4,0.2030961170421572
LAMB3,0.2030539977501002
C10orf57,0.2030530880305774
BTG4,0.20295459292438797
HCCS,0.2029514754349031
ADAMTS6,0.20289438323640552
NR2F2,0.2028721535330391
RFPL3S,0.2028577949836673
MOSC1,0.20283814390004667
C19orf66,0.2028258097168049
SF3A2,0.20281400895681292
FAM107A,0.20277218550227671
CD180,0.2027634761731852
RCN1,0.20270518631578494
NHLRC4,0.2026994884791965
SCML4,0.20267162400746913
GK5,0.2026678415227297
CDHR2,0.2026617446909929
ANKRD1,0.20263875046518268
BIRC7,0.2025992650814225
C9orf140,0.202564123733326
RUNX1T1,0.20250885025828522
ENDOD1,0.2024989826618889
CEACAM4,0.2024668512863339
SPATA8,0.20246333866314659
ABI2,0.2024173914846563
AG2,0.2024001195020536
PGBD1,0.2023218948970415
TMEM116,0.20231200724337142
LARGE,0.2023063521605029
PRSS27,0.20222898146278248
CT45A5,0.2021869503683349
MX2,0.2021715743476843
TTC9,0.2021693130032198
UGT8,0.2021186877789382
PLEKHO2,0.20207032361470528
GNA12,0.20200773576080572
RASGRP1,0.2020035402233341
NTSR1,0.20198838285192838
TBC1D3H,0.2019815928532393
RTN1,0.2019504065361371
GPR25,0.2019268702085785
CDH7,0.2019083304265447
C16orf88,0.2018832235587228
MYBBP1A,0.20184673727041638
PANX2,0.20183751649726778
DBC1,0.2017790897340958
TTC21B,0.20176459172513558
GLT8D1,0.2017631474631065
LOC100130932,0.2017628090217216
IL34,0.20169965775367268
TRIM24,0.20166620961932769
RNF19B,0.2016453853655982
ADCY9,0.2016293184961113
ISCA1P1,0.2015988816763238
LOC148696,0.20154080854745177
MS4A8B,0.2015286556109009
CD80,0.20150616073742408
NIPBL,0.2014239610540892
SAP130,0.2014097728169021
CSAG1,0.2013985027377315
DNAH10,0.2013711372454575
L2HGDH,0.2013436727465337
CHST12,0.20132859598579292
NXN,0.2012979614359808
DERL1,0.20121896025722977
FHL3,0.2012033287972036
TMEM138,0.2011992792209601
CACNA1A,0.2011500614116134
HOMER1,0.2010996742150946
C12orf61,0.2010934353125039
SLC30A3,0.20107872792793027
EVPL,0.2010765272016389
AGRN,0.2010699577915338
FAT1,0.20103256983226792
CPSF2,0.2009540893824246
PCDHB6,0.2009121760174959
C16orf46,0.2008946457512672
LRIG2,0.20089420459884022
NKTR,0.2008778756398885
THRB,0.2008746196302679
C11orf73,0.2008279757243257
LOC647309,0.2007769153369192
ZDHHC19,0.20065796641750228
PNLDC1,0.20062365050293202
ZNF398,0.2005368807662007
C10orf10,0.200530083219471
CFP,0.2004991208775283
COL22A1,0.2004957206747394
RNF14,0.2004907488232999
DDX19B,0.2004868869655394
MAGEA12,0.2004801950566032
SUN1,0.2004448684012866
RB1CC1,0.2004380779848446
ZNF552,0.2003894478230079
TAF7L,0.20034892761868273
ABL2,0.2002947399725731
TREM2,0.2002912947462688
PSMC3,0.2002685976081341
PDE1C,0.2002564530919844
KCNIP1,0.2002263562036288
KCNA6,0.2002179493057869
LRIG1,0.2002062476328594
PMS2L4,0.2001868954061516
PLEKHH2,0.20017568851593973
RPL23AP32,0.20014254993757422
ASNA1,0.2001366297929141
PRR12,0.2001061598806562
EMR1,0.20009894353398258
S100Z,0.19998724486587538
PIN1,0.199957766213499
WDR3,0.1999434582144954
WBSCR27,0.19981425868024028
ITGAV,0.1998073663742719
ST5,0.19976597461497733
SERTAD4,0.19976523491788278
ZNF366,0.199757108328032
C1S,0.1997475588220166
MUTYH,0.19967446809690342
CXorf49B,0.1996724106630917
LYNX1,0.1996511993327623
DPEP2,0.19964631874096397
SAMD13,0.19964288935474547
GJD3,0.1996358874553939
NFYB,0.1996353561544294
SLC28A2,0.19959216497246357
MYO3B,0.19955636235124843
NRXN3,0.1995418617850176
KLHL33,0.19951432974024488
UBXN11,0.1994797979778598
FBXO33,0.1994790772173241
MAP3K14,0.1994521292124201
HSPG2,0.1994358062062584
GPR183,0.19943205325365002
MAP4,0.1994271522168602
LGALS9,0.1994218458484949
ELAVL4,0.1994202710150523
TADA3,0.1993613585905272
C12orf63,0.1993530730383227
F2,0.19930806317328012
GTPBP2,0.19927284887305963
NT5C3,0.19926757816723148
C1orf128,0.1992413093357483
LARP7,0.1992243653440347
TAGAP,0.1992112868340597
CTBS,0.1992100953150265
IFFO1,0.1992018848054397
IL21,0.199162464281035
SMTN,0.1991597670804796
IL23A,0.1991505777884508
C10orf62,0.1991437818523395
CRYGS,0.1990820112847884
GPR172A,0.1990727824120928
GALNT6,0.19905852131184432
EEA1,0.1990255466716438
SYS1,0.1989781789911934
CAB39L,0.1989456400644409
ACP2,0.1989255711828393
C9orf72,0.19891817970525377
KCNMB3,0.19889046951590458
CD6,0.1988419655260612
PACSIN2,0.1988167572297278
RAD9B,0.1987764591335665
SNAPC5,0.19877412431552702
NEFM,0.1987693786153103
EZH1,0.1987561256350898
FAM102A,0.198657741799939
STXBP4,0.198643805012636
NUDT21,0.1986114874710845
NUFIP2,0.1985614511671031
C1QB,0.19851662635191192
SLC25A24,0.19850131567835588
LOC645431,0.198486020143583
KLF12,0.1984491448940658
SYT8,0.19842811936336752
PYGO2,0.19841522088380292
MRFAP1L1,0.1983843498896835
DCAF6,0.19836246384395423
CXorf65,0.19833970772817588
LRRC2,0.19832555057089507
CECR2,0.1982998244198778
ARMC7,0.1982833895557302
MGC16275,0.1982741424819567
LITAF,0.1982550864004075
MBD3,0.1982456665134157
KIAA1958,0.1982263424447216
TPM3,0.19822588090770213
PEF1,0.1982131826716236
GBP4,0.198147405278853
KLK11,0.1981288089145661
LPIN1,0.1981239301790189
KLK14,0.19812152746728717
DTX3,0.1981016894441417
GOLGA8G,0.1980505463027032
ZNF302,0.198048529038367
FAM26E,0.1980151852284084
ZNF781,0.1979935923529508
PGBD2,0.1979889651672375
KIR3DL2,0.19797943581941088
ORAI3,0.197957814144052
AK5,0.1979362046990774
ZFP57,0.1979334147421019
C12orf24,0.197888612218983
TMEM65,0.1978670551456312
ABHD3,0.1978567119124956
TMED9,0.1978549885556109
RBM3,0.1978520777268368
TUBG1,0.1978470331879324
UNC5C,0.19784620432516048
SLC25A3,0.1977797025219642
ZNF708,0.19777680624438151
COMP,0.1977737756384518
RBM20,0.19777185098864192
SARDH,0.197738940643452
ARVCF,0.1977325902130898
PYDC1,0.1977301350488686
TAF6L,0.1977264435597283
SH3PXD2B,0.19772242555671557
MAT2B,0.19771464734529332
MOCS2,0.197677496541025
POLM,0.1975730305826916
MCAM,0.19756061971503752
FAM26D,0.19754014608285497
STK4,0.1975255755441015
PTRH1,0.1975173630592767
CYTSB,0.1975099773623888
ZNHIT3,0.1975088321629028
TIGD6,0.19749181404402733
YIF1B,0.1973767453987171
RASAL2,0.19733146931132778
WDR92,0.197312801429551
CCDC124,0.1972833090989527
DUSP16,0.1972796087575919
TNFSF4,0.1972575576241101
GSG1,0.1972562388099211
SEC61A2,0.19724051260153103
SACS,0.1971994107594672
ZNF410,0.1971621919443609
ASB8,0.1971507383466518
ZNF202,0.19709959308122182
PRAP1,0.1970897270397067
ERLIN2,0.19704579654095727
SIGLEC5,0.1970022387432274
CLSTN3,0.19698895962178742
SHC1,0.1969878155723918
CCDC90B,0.19692323651809548
C17orf54,0.19691456307254349
GOLGA8A,0.1968996732645114
ESPN,0.19689346151640919
UBE2K,0.1968906763562894
PCDHGC3,0.19688743047054658
HIST1H1D,0.1968279964942658
FCGR3B,0.19673106033211832
ARHGAP31,0.1966481406181204
ATP2A1,0.19663495459418298
PROM1,0.1966116081571847
PDCD11,0.1965172403975089
CCDC52,0.1965096906221481
RBAK,0.1965014377764823
NAGPA,0.19649856150895792
MMP25,0.19649753911188939
ZNF321,0.1964849356172201
PAN2,0.1964755935509437
POLD3,0.196470745860399
FPR1,0.1964535371783816
SNAP25,0.19645232563831672
HHIP,0.19640217622950448
EMR2,0.196393802241725
SCARNA9,0.19638206436037708
PPP1R8,0.1963628267637229
PRR16,0.1963221306888175
FNTB,0.1962990283895375
SIRPD,0.1962906989350161
WBP11P1,0.1962725472233559
NFIX,0.19626155602022197
LOC389493,0.1962480348793866
LEMD3,0.19623284654376472
C12orf35,0.19622550486019372
TRAF5,0.1962201804960527
IGFBP5,0.1961697358469403
PLIN2,0.1960719062274745
CSTF2,0.1960655827048371
HCN2,0.1960574054840964
C6orf223,0.1960493127298717
PPP1R1A,0.1960248692970171
GPRIN2,0.19602052400415138
GPR20,0.1960070944238444
PRB3,0.1959810289750379
TBRG1,0.1959791952573427
LOC643387,0.195926682460165
BEST2,0.19590671253266378
GPM6B,0.19587101711716298
ARMCX6,0.1958700624716947
INTS6,0.19586644214497217
CALN1,0.1958601850133394
TSGA14,0.1958591518145989
CCDC115,0.19585839388106271
NSUN5P2,0.1958175984718589
BRP44,0.1958110316592756
INHBA,0.19579981399340574
ANKRD6,0.1957143404503368
VSIG10,0.1956978814273582
TRIP10,0.1956808680259112
ETAA1,0.19567805584010992
RASA4,0.19566174302025022
ERAL1,0.19564238406730938
LOC100302401,0.1955771778600763
NBN,0.195572374702519
C19orf39,0.1955481481960816
PDE10A,0.1955123213117391
BBX,0.1955107718117683
DIXDC1,0.1954810197823623
TIMP4,0.19548083733497731
DBP,0.1954513808915883
HEG1,0.1954300519244767
NOTCH4,0.1953180726391334
APOC4,0.1953135200275647
SAR1A,0.1952404655171878
LRRC16A,0.19523484408345537
RHOH,0.1952301146951772
NANOS3,0.1952056461140615
HERPUD1,0.1951865743405892
IL17RD,0.19512320143775122
C14orf138,0.195052485871767
FER1L5,0.19501432090803442
ABHD6,0.19501030208703551
PIWIL2,0.19497286018110258
UBE2CBP,0.1949630936779619
PDE1B,0.1949553950759289
EXOC3L2,0.194915570262158
MPO,0.1949145525931631
DDIT4,0.1949013709694461
TRIO,0.19487809023686653
CNRIP1,0.1948745126856919
ZSCAN12P1,0.19481789762057622
DGCR6,0.194784092492814
IL2RA,0.1947600208788617
IFNG,0.1947592823084856
SCAI,0.1947575235414709
ACSL1,0.19475119455838277
CYBASC3,0.194734840795311
SHOC2,0.1947237325828963
LOC100188949,0.1945856815038359
C1orf186,0.1945156145111987
TLN2,0.19449878726208053
PPAPDC1A,0.19449831817615007
ARID1B,0.19445427292207573
NCOA3,0.1944432331318661
C5orf30,0.1943922684706066
C7orf47,0.19435987863269072
IL33,0.1943524171667971
MT1H,0.1943211891291023
SEPT1,0.19409600973970503
FRMPD2,0.19407464701947
SLC35F3,0.19404571984837268
USP51,0.19399415806057668
TLR9,0.19399138337121602
PTRF,0.1939593059410884
NEK3,0.1939526095955294
GOLGA5,0.193948064947823
MAP2,0.19391240479923488
RGS22,0.1938755964839614
DBF4B,0.19387014657721421
TSPAN2,0.1938655624526189
LUC7L,0.19384295612685498
RHOT1,0.19383498687991998
AR,0.19382463580897372
RWDD1,0.19382331626927363
ZC3H12B,0.1938217331676127
LOC646999,0.19380268221246671
TAF1A,0.19375147570429158
C1orf114,0.1937343780859246
ZNF701,0.193728707756322
TBC1D10C,0.19371762973403228
NUP210,0.1936790435227501
PCYOX1L,0.1936405621591655
CAPN3,0.19354879630893848
PDCD1LG2,0.1935412149511765
HOXB3,0.1935087488006679
CRTAM,0.19349605446695908
RIMS1,0.19349414288664757
KCNJ4,0.19346720486548438
FAM126A,0.19345260116851232
NKAPL,0.1934224024910117
DOK5,0.1933969825530522
KIR2DL3,0.19337575416345298
C1orf54,0.1933050041809395
ORC2L,0.1932869777111527
TMEM111,0.19328420816289912
THRA,0.19328084407892182
OSBPL8,0.19323508074227502
BMP6,0.1932168253544101
TBC1D2B,0.1932050059120105
SPOPL,0.1931944355629097
DLG2,0.1931879711437052
ATP6V1E2,0.1931792175508478
PROK2,0.1931691194575015
TMEM200A,0.1931182817738168
RASGRP2,0.19311017648130652
ARSJ,0.19308473706335189
ADAMTS9,0.1930783088268669
GLA,0.1930782645709288
IQUB,0.19292981815937418
DIABLO,0.19292485506676652
LCN1,0.19291429558009432
DNAI1,0.1928765042841804
TH,0.1928275664378013
VGLL4,0.1928072822849543
PRELP,0.19275777652458398
C6orf125,0.1927276372919455
SUSD3,0.19269758973715187
ZMYM4,0.1926930718363284
YES1,0.1926868170718526
AMN1,0.19268090400903862
ZNF516,0.1926314589924185
ZNF518B,0.1925881514433937
LCP1,0.1925794218991143
IRS1,0.1925005298864929
CFHR5,0.19247669758634808
PTCHD2,0.1924260091015452
BAT5,0.1924061864519705
IL15,0.1923877508957233
ADAMTS18,0.1923580498647559
DUSP19,0.1922506456019305
CD84,0.19224313270711574
DCTN1,0.19218987668659707
ARIH2,0.19214139823445459
SNORD17,0.192140549019375
CCDC102B,0.1921203154605316
SPATA18,0.1921184540058897
UPP1,0.19210851998989448
LOC253039,0.1921054158934762
SEMA4F,0.19209282707186282
FLT3,0.19209149790167274
DAXX,0.19208955750044168
ITGBL1,0.192083487782228
KCNMB4,0.1920214168691558
TNFRSF11B,0.19201569858249992
UGT2B7,0.19194430694126352
FTSJ1,0.1919059929790192
CDC42EP5,0.191847301142207
DLL3,0.19184704913988332
GPR176,0.1918389903593462
BARD1,0.1918334566036176
SPATA5,0.19182034564705097
KIAA1324,0.19174554286120982
TTC14,0.19174217908449362
POP4,0.19173775608896637
AHCTF1,0.1917308375501953
COX7A2L,0.1917204772854249
HPS5,0.191701937840352
PPTC7,0.19168457314217419
TMEM203,0.19167813606512463
APOL4,0.19160476282751632
USP20,0.19160382632351
ELOVL2,0.19160298474367748
SELL,0.19159710987966738
MTMR3,0.19158127424558868
CD28,0.19156889866573742
MYO10,0.191552539899071
ZNF443,0.19153718722637653
FRMD7,0.1915147315232186
GEM,0.1913796001848902
HPCAL4,0.191350401468452
GLIPR1,0.1913309573462692
GLIPR2,0.1913213042905082
EDEM2,0.1913041882067079
CALM1,0.1912912200673645
AMACR,0.19127930552375771
OR52L1,0.19126682375692622
LOC158696,0.1912618650388188
C14orf80,0.1912526796363927
APOBEC3G,0.1912026065997403
CCL14,0.1911654354683102
FAM19A1,0.1911616339016013
MT1L,0.191138232112808
LIG4,0.19111969713251362
HOXA6,0.1910476298597445
DCTD,0.19101529420037439
AKAP7,0.19100797308559647
MAOA,0.1910064057072055
SYBU,0.1910062673224667
ZNF771,0.1909455442420089
PLAG1,0.1909341083287206
ULK1,0.1909312161286873
FAM71E1,0.190925324727576
SCARNA17,0.19089336596004058
LOC283922,0.19088998818599612
EFHB,0.1908540332284761
SAPS2,0.1908114439309989
C3orf10,0.1908075203537699
MS4A6A,0.19077439716000233
LAPTM4B,0.1907662438561642
C1orf170,0.19076044375760098
KCNN1,0.1907545020360507
KIAA1755,0.19071829427992637
SLC14A1,0.1907093709759971
DDX60,0.1906980435510393
SUMO3,0.19068705324459712
SLC28A1,0.19068464236078142
EIF4EBP2,0.19066555385902798
CLLU1OS,0.1906618678063482
ZNF699,0.19061033258018248
IL1RL1,0.19057013035555442
ZSCAN21,0.1905679555854663
RHCE,0.19052320759851754
DOCK1,0.1905052670114115
RLTPR,0.1904822236980426
ADAMDEC1,0.1904751742002734
ZNF208,0.19047317479421538
ZNHIT1,0.1904720616464523
C1QTNF9,0.1904321965314674
TAS1R3,0.1904307414147981
RHOC,0.1903719451341167
ZNF623,0.1903685682722559
CD300LF,0.19035212121067221
CCL4,0.1903377679649227
RPS19,0.1903089680112953
P2RY10,0.190285551450215
ERMAP,0.19023811535663143
MIR155HG,0.1902341895715137
WDTC1,0.1902198769535093
C12orf10,0.19021462547764353
HIC1,0.1902016611634219
COL1A2,0.1901909600454369
HIST1H2BO,0.190173666975455
C2orf69,0.1901291827806976
PPP1R11,0.1900826447775475
TMEM54,0.1900665770732133
NUCB2,0.19005098715288382
CYP20A1,0.1900284084891058
RPL39,0.18999674005364187
ARHGEF9,0.1899878456024821
FRYL,0.1899823387178402
TNFRSF21,0.1899304397212562
BTN2A1,0.1898734883792586
SLC10A3,0.1898667409605003
FAM134A,0.1898479083002976
DDX11,0.18984050529424606
IGSF21,0.18983417886594373
MFAP3,0.189802852208515
NKAIN4,0.1897963486855041
TCF3,0.18977238622067832
RIMKLB,0.18976815058345922
PCDHGB7,0.1897100391674085
SLC24A4,0.18967255472466774
LRRC37B,0.1896708101932984
GSDMD,0.1896667051774486
TAL1,0.1896625948608528
HOXA2,0.1896504600140522
RAB23,0.1896492697976886
C17orf67,0.18964239284870052
FXYD5,0.1896308651033692
DRP2,0.1896283807768023
MCF2L,0.1896260453189707
POLR3G,0.18961696603304629
AGPAT3,0.1895999501207032
C17orf88,0.18955394913783918
ADAR,0.189549668754778
LOC25845,0.1895246168869201
CSPG4,0.1894728453873698
HCG26,0.1893791313099964
APPL1,0.18936345139196953
CLASP2,0.18933995428409672
VPS16,0.1893356111322652
COL8A1,0.189265598306112
TSNAX,0.189262198756529
ARPC4,0.1892606919540323
AACS,0.18922657051063402
NASP,0.18921031204877642
COX5B,0.18920937808029312
ABCD1,0.18919546997371722
KLRC2,0.18918337014439368
AHI1,0.1891712550302169
GALT,0.1891474213017712
SPHAR,0.1891398829072946
ATOH7,0.189118622251554
SYT13,0.1890787813474821
MC1R,0.1889816875623369
NKAIN3,0.188952564483802
WRN,0.18889423573565206
PRICKLE1,0.188854163994298
EMID1,0.18883561883150368
MAN2B1,0.1888238931943072
C8orf40,0.188797896857341
SAMD3,0.18878325943608493
MTMR12,0.1887494679914169
EIF6,0.1887431361362543
CYP27C1,0.18870955225051128
ABLIM2,0.1887075909215542
OGFR,0.18868982200225468
SCGB3A1,0.1886363088953045
ZNF562,0.1886165151481253
COL11A2,0.1886099110545745
HIST1H4C,0.1886051432434622
BST1,0.18860110590496912
LSM14B,0.1885706804505503
NUDT16P1,0.188504071179335
SNHG10,0.18850201423764731
KSR1,0.18849476087306538
C8orf33,0.1883696604006555
LILRB3,0.188366808993302
TBX5,0.1883412503302564
ZNF638,0.1883263602002932
PLEKHA3,0.1883224398738424
ZNF830,0.18830643446683537
TMUB1,0.1883011204084581
C14orf50,0.1882942784814599
SRP54,0.1882919479775733
C19orf57,0.188162282356275
TIMD4,0.18812881288280908
ARHGEF37,0.1880930344289455
NCALD,0.1880925981935738
TRAF3IP1,0.1879527511144359
DBX2,0.1879174370863341
SEC23A,0.1879054384152298
INHBB,0.1878243235592317
RNASEK,0.1878138942743795
ELAC1,0.1878073324904031
BAT3,0.18780722166303518
PPPDE2,0.18775530960031359
C4orf26,0.18775204008253307
C20orf134,0.18769680392489171
PLEKHN1,0.1876934259787888
ARAF,0.18764317161245342
TMX4,0.187639711428995
LOC440957,0.18761820056848028
SH3GLB2,0.18750269036706158
RNF115,0.1874974928503563
PIPSL,0.1874875855612465
RNF138,0.1874602913721246
C11orf35,0.1874092598010722
FLNA,0.1873636280846759
CPNE9,0.1873582629730819
SERINC5,0.18729053173507632
TMX2,0.18726142858227313
LEPREL2,0.1872573540964257
FXYD6,0.1872421162459329
CAPG,0.18721936909905407
ANK1,0.18721068884908498
BPHL,0.187202664353594
UROS,0.187185054845563
MARCH1,0.1871525241064149
PDIA3P,0.18713999102341738
FPGS,0.18710615316807677
CAPZA2,0.1870986169388124
NLRX1,0.18708077810206059
CCDC137,0.1870749461213238
MTERFD3,0.1870322735260002
STIP1,0.18701552270777652
BTBD16,0.18701131007825372
C2orf80,0.1870008542553409
UBE2NL,0.1869034323307742
KIF1A,0.18689540110732822
RASGEF1C,0.18688827492916898
CREB3L3,0.18685120104635658
MON1A,0.18684767465412944
FAM59A,0.1867848109038574
FANCA,0.1867411418295961
PIK3C2B,0.1866401150801119
LAMA4,0.1866176243180539
MAP2K3,0.186600990392564
APPBP2,0.1865895738185263
NCRNA00158,0.1865704043064118
EIF2AK3,0.1865584902952494
PCDHGA12,0.1865482030161521
NYX,0.1865139508185406
ZDHHC7,0.1865090416401644
ALDH1A2,0.18650180864674828
BACE2,0.1864912498569069
TAP1,0.18649082667552588
OR52N2,0.18647518893628023
ZSCAN29,0.1864625674566391
DUSP5,0.1864397028310071
C2CD4B,0.1864239012025556
CCDC62,0.186401037222951
CCDC84,0.1863939849209021
MMP23B,0.18636000341035022
PLEK,0.18631550192811602
ZAK,0.1862899107437751
SNX32,0.18625030646080448
ZNF691,0.18620316344922871
SDCCAG8,0.1861945219931379
RPS2P32,0.1861510171892932
NEUROG1,0.18609804015633757
DLX4,0.1860965251768117
MPP1,0.18597878889620978
SYNC,0.18593415303947092
NCRNA00162,0.185921651471261
ABCA4,0.1859187087984601
TMSB4Y,0.18591461103320508
GTF2A1L,0.185876816773542
HOXB1,0.1858741759433983
FAM13C,0.18583596719517362
XPO6,0.18577747114652451
C6orf105,0.18575533388051832
PLXNA3,0.185747384456023
PCGF2,0.18570269244220602
NTAN1,0.185668946327034
OBSCN,0.18562302986041862
FOLR2,0.18558267478538432
RHBDD1,0.1855819389329211
FAM73A,0.1855674730491405
TMEM178,0.18556156605276392
TUBBP5,0.1855219556670021
CDH2,0.185421626434526
LRRC32,0.1854075683068039
ZFAND2B,0.1853577382330837
HSD3B2,0.1853301000502987
RBP5,0.1853120963722701
MFAP3L,0.1853057081928002
ALKBH6,0.18528566766272458
HAND2,0.1852630357062978
RBMS1,0.1852596375899215
KLHL18,0.1852402638331768
GART,0.18523575417805568
EDNRB,0.1852353302450162
JPH2,0.1851446300819497
MCHR1,0.1851427388803389
NCRNA00201,0.1851368167136927
PAQR8,0.18511627456494828
F13A1,0.185094086055596
QARS,0.1850504917617115
SPIC,0.18502024146644563
KLHL31,0.1850079836200424
SLC31A2,0.1850021922909339
PENK,0.1849935885498412
CXCL11,0.1849815211825139
CYP4F22,0.18496408163039482
CCL22,0.18495412817888648
CARHSP1,0.18495383084304973
NHLRC2,0.184927432474816
PFKFB4,0.1849179450963398
PTCH1,0.1848751713074912
CHD2,0.1848490231532
PRKCSH,0.1847714073834659
EXTL1,0.18475864683065732
C2orf74,0.1847379195698888
GNASAS,0.18473614279421718
KAAG1,0.1846879682163393
OCM,0.1846796431922258
AMZ1,0.1846789698351186
POM121L10P,0.18464455970556848
LOC572558,0.1846335769820441
FAM185A,0.1846233491126786
MAP6,0.1846219266746823
HERC4,0.1846159682624398
TMEM165,0.18460694015549958
NACC1,0.1845935150775506
GPR17,0.184576128930146
PPDPF,0.1845396158949478
RAPGEF5,0.18451907975489573
FBXO8,0.1845113038527461
UBASH3B,0.1844919408967882
C10orf25,0.1844719017983794
C14orf128,0.18444416958182522
ADAM33,0.18443209764510599
TADA1,0.1844269714518333
LOC729020,0.18438896857286918
HDHD1A,0.18436702950762018
AHCYL1,0.18429790283364741
GNPDA2,0.1842742353109159
MYH14,0.1842314225276786
RBBP4,0.18422293210134377
CCDC116,0.1841979880357663
CALD1,0.18416719449796798
LETM1,0.18414263528690622
ADAMTS10,0.1840786406484435
MURC,0.184035819115905
USP24,0.18403451858933878
C10orf105,0.1840225134092153
C18orf8,0.1840116646308227
MAGOH,0.18396275809273738
KLHL34,0.18393764254610662
EMILIN1,0.1839222814864775
ANKIB1,0.1838788367329437
KIR3DX1,0.1838777626875609
VWF,0.1838626152011206
C6,0.1838457389557578
CD69,0.18384450154443627
MAP3K5,0.1838275815985244
FOXI3,0.1838250349599434
MMACHC,0.183797231974817
ETV1,0.1837463695922517
GLB1L,0.1837423061024192
MAGEC2,0.1836906236176809
TUBGCP2,0.1836259226462157
PYGO1,0.18357928461766398
PDZRN3,0.1835737908520542
UNC5A,0.1835371116837193
CCDC43,0.1835297019905055
GGT7,0.1835064187461228
TPT1,0.18346399354420412
SNN,0.18346386570965623
RPS5,0.18345840927036397
ZNF114,0.1834298316163292
GSTK1,0.1834296850390623
B3GNT2,0.18341684910322753
AZIN1,0.18339472497976597
VSTM1,0.1833341981492049
CARD11,0.18327922741194408
FAM49A,0.18324833372237348
CCL25,0.18308439003472182
SNPH,0.18303064550403508
DNAJA1,0.1830277972706578
ETV5,0.1830203390915256
C8orf41,0.1830036563696621
C5orf44,0.1829940325650516
FAM102B,0.1829796651772273
AWAT1,0.18293355341406708
ZNF248,0.1828806906428697
PDP1,0.1828738389714545
SIM1,0.1828587887904645
PPP1R2P1,0.18284530350943679
PPL,0.18283887570078022
STK11IP,0.1828379809563523
USP14,0.1828245073845439
YSK4,0.1827497646561666
PEBP1,0.1826060534958537
MAML2,0.18260390881012262
TOMM5,0.18256264444709153
SLC15A4,0.1825559146148386
MECOM,0.18255221237071428
TSPAN11,0.18253027381053172
MICALL2,0.18251013887180728
TRAF3IP3,0.18249586547449992
THOC6,0.1824879817495151
FBXL5,0.18244250616641938
CABP1,0.1824124319436262
DDB1,0.1823818326993392
C17orf86,0.1823778672138792
MGAT5B,0.18232229230369013
CDS2,0.18230125739654102
TRPC4,0.1823004824845634
STAT3,0.1822995000906128
EPB49,0.1822925731905438
ESM1,0.1822709370744883
SCAND3,0.18219771681446761
SSB,0.1821969890819059
CDK14,0.1821931881767334
GALNTL6,0.18218393167319888
SLC2A5,0.18215847047071582
CPT1C,0.1821571462850067
C1D,0.1821272734026441
SERPINB9,0.18209148508494483
CPE,0.18206718272420358
C1orf203,0.18204720016280834
TMEM14B,0.18204548865670422
PTPRG,0.1820386531822964
ZRSR2,0.18200970586183599
NTRK3,0.1819723289759143
C21orf49,0.181965791717385
USP15,0.1819508926143609
MMP11,0.1818360856767921
TAGLN2,0.1818092491410265
CBLL1,0.1817815048482864
CD1B,0.1817577433591881
ANGPTL2,0.18170387316759828
CLK4,0.18169435713344298
POU2F3,0.1816843467362099
LY75,0.1816123656578802
OPCML,0.18160314939261069
GATA4,0.1815291369508383
PDIA6,0.1815175021196159
TIMM17A,0.1815014793280082
WISP1,0.181447952702357
RASA3,0.18139796747048711
GNB5,0.1813641352880907
ILVBL,0.1813395493915239
FNDC3B,0.18132319257974427
AP3S1,0.1813042187259466
TMED2,0.1812617840238805
ARHGAP4,0.1811787959146211
MSX2,0.1811633728392424
CHAC1,0.1811385250595074
ARHGEF35,0.18111085979026859
SCN4A,0.1810957292416352
GABRD,0.18109563082362629
KIF6,0.1810748383509355
LYSMD1,0.1810526442303539
HDAC6,0.18104026162138082
RXFP4,0.18103997330523308
PRRX2,0.18102621909259542
PTPLB,0.18101682807746042
CRIPT,0.18100608633394588
ERO1LB,0.18094940566576528
PHF2,0.18093853233481938
LCK,0.1807817244385333
LILRB4,0.1807324876021989
GJC3,0.18072387022295633
FAIM3,0.1806755262300283
MS4A14,0.18067314460468178
B4GALT2,0.18065542484727032
ZNF683,0.1806246238016424
MEPE,0.1806144598509682
BNIPL,0.1806090591812491
KLKP1,0.18060493429745167
DDHD2,0.1805691547919243
SIAH1,0.18052211454640252
TCP11L1,0.18046104332043308
KLRC1,0.18044289780879458
TBC1D16,0.1804188509002883
SYNJ2,0.18033474672825991
CYB5R3,0.1802976394591863
SPRY2,0.1802966107984359
CD3D,0.1802426944512474
NFIA,0.1802112177129935
GPX7,0.1802103510412219
CLIP1,0.1801979923872308
ABCA6,0.1801918060147297
COQ6,0.1801510437102297
WNT1,0.1801430057005293
HSF4,0.1801398804341636
NAPEPLD,0.1801385368030775
FCN2,0.1801056666512048
PDE3B,0.18010254619357732
RAB2A,0.18009623688692697
MST4,0.1800474371682805
MUTED,0.1799682576937019
SLC27A5,0.1799298162487069
CDO1,0.17991705995868232
LSP1,0.1799140785365525
TAS2R31,0.17989451618243457
SH2D7,0.17987562086690678
GJA9,0.1798332566340777
MFAP4,0.1798281522306426
OBSL1,0.17982547970920928
PPM1D,0.1798071952971157
NBPF9,0.1797501640112859
NLRP11,0.17974471048371238
CCDC80,0.17971528322240093
RFXANK,0.1797120706068658
KIAA1210,0.17966450375494142
ZNF518A,0.1796603341307883
ARCN1,0.1796462267693866
LMOD1,0.17963113554823368
RTP4,0.1795885123595054
PCOLCE2,0.1795575621215464
GSC,0.1795321264182764
DZIP1L,0.1795129707033656
CHRDL2,0.1795061742555665
ZNF454,0.17947295310512168
SHD,0.1794175315711405
NARS,0.17936427121771428
ZCCHC3,0.1793403432067156
EMD,0.17933281235833382
TMTC4,0.1793180647652798
CDC42EP3,0.17925909024486542
PRKAR2A,0.1792370626375927
LOC342346,0.1792199071526884
LOC284688,0.17919084782903963
UBD,0.1791587324745089
TSNARE1,0.17912809705027488
SLC35E4,0.1790743684082987
DHRSX,0.1790437330583619
LOC100132832,0.1790194519397245
SLC5A5,0.1790183026069122
ELSPBP1,0.17901128893464519
SETDB1,0.1789960134366102
KCNQ1DN,0.1789741626537561
AP1S2,0.17895050791651362
MTA1,0.1789393991503404
SCLT1,0.17891004440209282
FAIM2,0.1788846189251414
SYT16,0.1788475394002363
LOC285359,0.17875830320446848
EGLN1,0.1787410239298754
PSMB4,0.1787332284278663
PELO,0.17872250552561753
LOC493754,0.178665514315137
SLC12A9,0.1786633983704167
SEMA3C,0.17864703126798998
FLJ42627,0.1786293242311962
C4orf17,0.17862792771369923
PDGFA,0.17856747720576782
ZNF790,0.1785330189620843
PPP2R3B,0.1785036756788472
INSRR,0.1784977797032312
KIAA0040,0.1784702710406464
TTYH3,0.1784455090842746
SDPR,0.17844127187272138
ATP1B2,0.17844019313437015
ID3,0.1784201092294735
TMEM26,0.1783778798370233
FCHSD2,0.1783737510542663
AFTPH,0.17836200859541518
C9orf89,0.17835824504858588
SGTA,0.17832228734387012
SLC8A1,0.1783160934596691
ZFHX3,0.1782963016842481
FGFBP2,0.17827507547926638
IDO2,0.1782487994890167
PPP1R3G,0.1782342184063897
NMT2,0.1781915094931986
RBM6,0.1781879143746098
COL6A2,0.1781089387769848
SLC25A29,0.1780870046265316
ZFYVE26,0.1780695010164562
NUDCD2,0.1780385263669133
SOCS2,0.1780232659923525
FAM119B,0.1779758332611663
ZMPSTE24,0.177952528636993
IGSF8,0.1779265734315894
ISCA1,0.177889694295483
CCDC132,0.177882256879956
TIGD3,0.1778230617985344
C14orf49,0.17779480794029218
CXorf56,0.17778347105750228
L3MBTL2,0.1777570290004817
ARSH,0.1777523783048059
ABCC9,0.17766017231880132
PRCP,0.17763686781614238
SRL,0.17763311762566622
ERP29,0.17763309708737948
LOC284233,0.17761148414449188
GABPA,0.17760388311390068
TIAM2,0.177549879430423
C3orf62,0.17751893734053642
TPP2,0.1775134546976499
TRIM22,0.1775093011339651
FAM22D,0.17750800874066508
CALU,0.17747945904755552
SSBP1,0.1774668503138031
C2orf79,0.1774480750831445
GPR141,0.1774015626445199
C6orf136,0.1773957397088926
RAB6A,0.1773862588469491
SHANK1,0.1773651907009974
IFNGR1,0.17728432882364673
FAM75A2,0.1772721279185545
SFTPC,0.1772553654800642
CD5L,0.1772506432843979
RELT,0.17717499105163032
RAPGEF4,0.1771524788452552
PSAPL1,0.1771474065723696
ANP32C,0.1771409167940647
AP4S1,0.1771311798826867
SYNPO,0.1771283474059324
LOC731789,0.177119061628955
WHAMML1,0.177076771606619
VARS,0.1770180456719521
OSTM1,0.1770101988045954
CD3E,0.1769933061328953
WEE1,0.17695048703568472
FGR,0.1769421449684064
POTEF,0.1769072036904934
C9orf114,0.17689871122742992
KCNK1,0.17687323461319188
ZAR1L,0.17685504725005047
RNMT,0.1768376197447942
SLC26A5,0.1767858534599912
AMPD3,0.1767856110042833
ITPKC,0.17678487845890073
ZBTB24,0.1767832218517177
ZNF83,0.17676804822132
PLEKHF2,0.1767516360781301
FLRT3,0.17674765407697512
PPYR1,0.17673553161169792
LOC100129534,0.1766506264413984
PIM2,0.17662545974824578
SNORD116-20,0.1766159261134928
DIRAS3,0.1766121517468961
TNFRSF8,0.17661007304096582
TTC39B,0.17658657078985718
ORMDL1,0.1765743694612723
CECR4,0.17656433511713202
EFNB2,0.17656242698542102
AHRR,0.17655714981242
GLP2R,0.17651953369839798
DIO2,0.1764831199121021
SIGLEC7,0.1764492445933556
LSM1,0.1764491549251846
POSTN,0.1764031596360464
LOC646762,0.1763866015778725
TPRG1L,0.1763826332866546
LOC286367,0.17637319861191042
FAM127C,0.17635930118235302
TMCO7,0.1763385325770072
KLHL15,0.176327035505023
KCNU1,0.17631354994674847
NOVA1,0.17628122972067203
RTF1,0.17626635665836543
DNAJC14,0.17625995144511764
AIM2,0.1762544297451975
NOMO1,0.1762542848892886
CD200R1,0.176228230728322
KCNK13,0.17622537264230773
SAA2,0.1762233605733255
HDAC9,0.17618387248261758
HLA-DQA2,0.1761751477172821
FBXO48,0.1761003676784751
CCNG1,0.1760782788779466
TMEM87B,0.1760141113189519
C20orf24,0.1760013744291024
NDUFA4,0.1759995950895886
PDLIM5,0.17598618510186492
STXBP5,0.17596328472729977
FUT4,0.1759564868942792
CHST13,0.1759494402981206
C21orf82,0.1759437384935791
NFU1,0.1759243774299635
TMC6,0.1759167255745908
EMR4P,0.1759032319416503
DNM1P35,0.17589313257759978
PPP2R5A,0.1758650899324061
MYL7,0.17585264572736004
BNIP1,0.1758443965644926
PCNXL3,0.1758342189891789
SLC25A38,0.1757393443255618
INO80E,0.1757291758422686
KIAA0146,0.1757253146261103
GRB2,0.17571386769522052
STAT1,0.17571273137865562
DKFZp566F0947,0.1756873635742029
RASA2,0.175659860649594
MAPK4,0.17563655284260019
ADORA2A,0.17560794909743369
FAM159A,0.1755924276213465
C4orf50,0.1755884988240466
RIC8B,0.1755501409313614
LCA5,0.1755441888370418
FRMD3,0.1755345450320467
C1QTNF2,0.17553357555618443
ZMYND11,0.1755142494806769
PANX1,0.1754986137900729
NGEF,0.1754950326267385
PAR1,0.17548464623598473
LOC100270710,0.17548421057349442
ZAN,0.1754755758867109
MS4A4A,0.1754617771225944
GUCY1A3,0.1754373480830258
MKL1,0.1753601203296556
NCRNA00169,0.175347568538405
PMP22,0.1753282662287052
EDF1,0.1752616156011989
ADAMTS2,0.1752595888349043
FAM111B,0.1752541349986374
ARMC1,0.17523827142660303
B4GALNT2,0.1752028032230024
IRF5,0.1751527540547542
NID1,0.17513947490440523
TLR4,0.1751307287751871
FBXO6,0.17512023856755438
CDK5RAP3,0.1751064092684974
MAST2,0.175104614655478
CTNND2,0.17508864833509502
SIX4,0.1750517978921879
GGA3,0.17500067160229082
CDSN,0.17487196653094028
WDR85,0.17481224052049651
ZNF285,0.1748120571347055
PCDHGA11,0.17480774394634851
MFRP,0.1747982668870467
P2RX7,0.17479810285319247
ITK,0.17476734496434432
FBXO36,0.1747322755786283
PF4V1,0.17470894820757188
LRRIQ4,0.1746752309870516
ANTXR1,0.1746633310373535
C5AR1,0.1746295422868329
CXCL14,0.1746157913869101
ZNF677,0.1746094548069829
GPR56,0.1746073673276915
CD207,0.17459150354845407
RSAD1,0.1745697836095379
SEC14L5,0.1745660348660643
IPW,0.17456559248717318
KIAA1279,0.17455714720755222
CLIC1,0.17455498170245343
TJP1,0.1744843566881129
SLTM,0.17445522652533987
SSTR3,0.17444370799733872
CD247,0.1744271169095309
HEXIM2,0.1743518934920783
EBP,0.1743326795377961
SLC26A4,0.1743319270758965
C6orf1,0.1743101897406166
TTLL3,0.1743075869917361
SPINLW1,0.174279728083993
SLC35B2,0.17425008491264632
TLR6,0.17422224327008298
KCNA2,0.1742133107394635
BMPR2,0.17417903050747918
ANGPTL4,0.17415624341762098
SEPHS1,0.1740952122790355
PSTPIP1,0.17409176135415722
KIR3DL1,0.1740856155221121
PAPPA,0.17406655403957938
GCNT4,0.17406327979456931
PDE1A,0.1740553754886862
LRFN3,0.1740498814189688
FAM109B,0.1740431912754139
LRRC37A,0.174035809316221
KCTD9,0.1740267578832024
DMXL1,0.1740246357565533
TRIM69,0.1739731069545146
CYP4X1,0.17395841736594989
RNF175,0.1739554382758094
CDRT1,0.1739014296899576
AASS,0.17389568483610301
MPHOSPH8,0.17389050329962938
MMP8,0.1738875874560703
RAB11A,0.1738852286607995
ARHGAP17,0.1738826790225333
PTCRA,0.1738778523188798
SLC16A2,0.17387220541803017
STIM2,0.1738662072760501
ST3GAL2,0.1737997606690655
XKR4,0.1737582712331138
C20orf195,0.1736999428270186
LIMS3-LOC440895,0.1736679887853257
SFXN4,0.1736445449188329
FUT5,0.1736396460936863
PATZ1,0.1736079309370946
OR1F1,0.17354942543903118
RPP21,0.1735402904457845
DMBX1,0.1734826425739232
SEPT14,0.1734534150368758
ADCK2,0.1734331857686353
ADCY5,0.1732612478280584
BEST4,0.1732373430293424
SGTB,0.1732273586107403
MRGPRF,0.17321497877114397
FBXO42,0.1732001604867411
KCNQ4,0.173193588635686
C21orf122,0.1731934148377695
LRRC4C,0.1731490363527657
MYO7B,0.17314099285453982
NOC3L,0.17311415491658808
ERC1,0.1731107941121998
IFT46,0.1730735521012003
CLPTM1L,0.1729513275301688
PRRX1,0.17292682963736622
MSL3,0.17292105036462513
EXOSC6,0.17291469532518572
NAP1L5,0.1728782520787176
SPRY3,0.1728224629124604
LDLRAP1,0.17277719996127938
SLC41A1,0.17276645869929458
SMC1A,0.17276081958004091
CRYBB1,0.17273892942544478
TOMM34,0.17273590016731627
NIF3L1,0.1727356507096082
PCLO,0.1726450705354963
FOXP2,0.172644196833562
NKG7,0.17262250491873832
ZDHHC15,0.17258661724418511
C17orf65,0.17258576964543249
PRRG1,0.17254747638984091
ZFPM2,0.1725246779184299
SUV420H1,0.17250526142168218
PPP2R5D,0.17249052978941828
SYAP1,0.1724878209454732
HNRNPUL2,0.17248140646202542
FAM65B,0.1724558648807229
SFRS4,0.1724390681835892
GLUD1,0.1723745420975424
TES,0.1723694901623416
LRRC59,0.1722906175694572
TRPC3,0.172271680340625
LTBP2,0.17226333120825332
LHFP,0.1722541471247054
GNG12,0.1722294998312297
UGT2B11,0.1722056656727451
GPBP1L1,0.17215332215114118
LPIN3,0.1721389212942989
MT1G,0.1721269802218622
AIPL1,0.17212686125070759
CPZ,0.1720932080181642
PDCL,0.1720891847176394
ALDH18A1,0.1720320161349712
APP,0.172014389491178
BRWD3,0.1720033824335383
MTNR1B,0.17198128192389492
STX17,0.1719584910474933
PTK6,0.17191728689108748
HSPA4,0.17190939209900968
AADAT,0.17181213821971278
JAK2,0.17180074199026518
CLK3,0.1717795306203369
MBOAT2,0.1717435182281838
HEPH,0.1717017468062575
CNN2,0.17168388007958052
ZNF266,0.17167305686996398
CTRC,0.1716547521706034
CCDC71,0.1716478555943664
SLAMF9,0.1716459761497515
ANAPC4,0.1716193665381019
GPR4,0.1716034966978945
SLC45A4,0.17157878605935853
RGS4,0.17156179234194618
MGEA5,0.1715310935339579
DSTN,0.1714664350247105
DEFA1B,0.17143633633389588
GLTPD1,0.1714336575163178
TMEM90A,0.1713890874440407
KIAA0226,0.17135854008884
ACOX3,0.17134132858244477
MEF2A,0.1713147427203306
CSF3R,0.1713130586571838
LUC7L3,0.1712592606907432
HLA-E,0.17124004047125307
MT1M,0.171229775284744
SMC1B,0.1712008524599254
TMEM97,0.1711953135434648
UBASH3A,0.17116232354635402
ZDHHC3,0.1711191537321251
CPXM2,0.17111161209965747
IL19,0.1710931546482386
PLN,0.1710189075912057
GPR125,0.1710117794553817
RAD1,0.17100872558439928
SCNN1G,0.17095944538809948
PSMB2,0.17089509953288629
GIP,0.1708793305498801
C20orf186,0.1708228111226135
FAM122B,0.17079629493226478
SSBP3,0.17077752902019389
YOD1,0.17077034693030288
FLJ42709,0.1707636123288875
POLDIP2,0.1706956948220435
DEF6,0.1706939371358394
ACBD3,0.17068360737110522
LRRC61,0.1706805000501635
VNN1,0.1706728660887972
FURIN,0.17066800429325948
MTFR1,0.1706679906784041
F3,0.1706402743439023
KIAA1199,0.1706338463886771
CDC37L1,0.1706291197124267
ACBD7,0.1706271502845585
LILRA1,0.1706194051430126
LOC100130238,0.17058774349970418
NR0B1,0.17057658471751813
SNX22,0.1705740102236487
JUND,0.1705396712688528
NCF2,0.1705395254541636
LRAT,0.17051595462275387
OGT,0.1704893372914612
GRIA1,0.17047412954212418
FKBP5,0.1704620591145164
AQPEP,0.17042342407903888
COX8A,0.1703973363692778
RECK,0.1703874936343418
ARHGAP22,0.1703775153247034
KCNN3,0.1703147852815453
NYNRIN,0.1703079247690945
ADRB3,0.17027072730868958
SNX10,0.1702496773289014
TM2D2,0.1702435034463028
CCDC150,0.1702134876051728
LILRP2,0.17018825230766588
LRP6,0.1701630627465287
GPT2,0.17015304948348772
CHD6,0.1701522958212176
GALNTL1,0.1701461503128958
GPR15,0.1701440525893516
LPPR1,0.1701437785232935
COL14A1,0.1701423460767144
LOC92249,0.1701310201424247
ASB16,0.17009806688209053
SH2D2A,0.1700922056003181
FAM179A,0.17009021335683341
CAPZB,0.17008935641804102
GNB3,0.1700632663860691
NGLY1,0.17005577708286612
BBS12,0.1700255549184355
ZNF182,0.1699921345749276
MTR,0.16999190330397873
CEACAM3,0.1699465042644466
MEPCE,0.1699326700059816
XIRP1,0.1699175579317857
FAM9B,0.16990430090904302
STOX1,0.1698373314812739
LHX6,0.1698157766404369
ZFP42,0.1698157469491458
CLIC4,0.16981423721705222
FGFR1OP2,0.1697992638149012
CLEC4C,0.16977389037695298
NANS,0.1697620524380875
PPP4R1L,0.1697502330713545
RPL13AP6,0.1696958805426546
SLC25A10,0.1696681194623783
KLHL23,0.1696234685997971
REP15,0.16959903603288862
C14orf132,0.1695978833308385
C6orf70,0.1695907298708598
PM20D2,0.1695496752709883
PUS1,0.1695444577327894
TCF7,0.16952219433524998
INTS8,0.1695054756946917
CIAPIN1,0.16949520469600252
P2RX1,0.16948745852466301
NUP160,0.1694559393707609
DDIT3,0.1694548502743323
RASL11B,0.1694002655827417
GTF2F2,0.1693852639293582
AHSA1,0.16926172021010172
PABPC1,0.1692177464141855
MTX2,0.1691942142239779
C3orf38,0.1691846034627808
ZKSCAN5,0.1691818885668098
NPFFR1,0.169181314774227
GRIN3A,0.1691569248397323
MME,0.169147732809587
RFFL,0.1691449009021136
COPS4,0.1691445081975308
LRRN1,0.16907835108397248
KIF5C,0.16907051957628091
CSPG5,0.1690621754948273
KRT222,0.1690539314294692
SLC38A7,0.1690342945015076
REXO1,0.1689804877027614
SERPINA6,0.1689738636941493
OR1J1,0.16896312637497887
TMEM25,0.16884327592148912
UBE2A,0.16881744948045999
ZNF200,0.16875843975368698
SFRP2,0.16873966539458699
MYST1,0.16870355867469541
PIK3AP1,0.1687000111675448
C11orf70,0.1686744225397667
ADORA2B,0.16865029163922923
CCL5,0.16864519727682628
LOC389705,0.16862855905833127
CST9,0.16857704724442268
LILRA2,0.16854641558412958
ACRC,0.16851721442300469
REM1,0.1684416536677712
CACNA1C,0.168426537762502
RBP4,0.1684051067721507
RASSF10,0.1683802302810383
PRKCG,0.16838014308211102
DCAF12L2,0.1683757650794587
FANCF,0.1683227462383863
C8orf38,0.1683023552450245
BCAR1,0.16829094943736084
TNFRSF11A,0.1682346180805085
SYNGAP1,0.1681686473552796
STON1-GTF2A1L,0.1681648712216487
GPR157,0.1681506568964348
SLC3A1,0.168135186830178
PNKP,0.16810311036143372
PDIA3,0.1680722845102256
OLA1,0.16805879230572762
C6orf191,0.16799544396882388
ALDH1L1,0.1679695532036082
RPAIN,0.1679666940603393
PCDHGB6,0.16795656035384893
MS4A7,0.167948939126959
C17orf82,0.1679390293765718
GALNT1,0.1679213646323109
NRIP3,0.167890472200948
GCH1,0.1678515488419647
FZD1,0.16784164037493382
EVX1,0.16781790202196678
PLA2G2F,0.16780209587639777
LOC134466,0.16774554148681212
RBM8A,0.1677173257548602
HMMR,0.16771552925996822
PRDX5,0.1676848248631302
COQ4,0.1676741047864975
SPOCD1,0.1676623540080038
C1orf213,0.16762085446096398
CYP17A1,0.16758324983061468
RNF39,0.1675737785715068
DAZAP1,0.16754552718713672
GRAP2,0.1675449998629596
OSR1,0.1675427589913755
ADAM22,0.1675065801599619
TAGLN,0.1674996128371383
SERF1A,0.1674713063697565
LTF,0.1674636318135692
MESTIT1,0.16743746815018057
AK7,0.16742739361698572
WWOX,0.1673838231627517
PLCB3,0.1673655918109368
SUMO2,0.1673624334111099
ABCB11,0.167244232508295
ST8SIA6,0.16719460905992622
ST18,0.1671666769703997
ASXL2,0.1671579636454819
PHF21B,0.16710934466792898
PIN4,0.1670987237643492
RTP3,0.1670788778960236
THUMPD3,0.16706154673998402
FRMD4B,0.1670076192908332
MATN4,0.1669791412386866
AFAP1L1,0.1669457799400726
C6orf122,0.1669326530520959
DERA,0.16692575180613042
ABCC2,0.16691378772033888
AGPS,0.1669040994206632
A2LD1,0.1668953181959244
CPNE1,0.1668808535181252
AQP6,0.1668239115518893
SEPHS2,0.1668140394049527
ARNT,0.1667890889658577
PIGF,0.1667654665072967
SLC5A8,0.16669696703517572
NVL,0.1666704504967741
BEX1,0.1666385057026819
ENAH,0.1666371450268918
RBM16,0.1666131410834079
C11orf24,0.1666008710387849
FAM3D,0.1665564556010236
MRPS7,0.16651878128258288
TMPRSS15,0.1665133045888285
CADM2,0.16650499745665412
KLHL7,0.1665047748069513
BPTF,0.1664976126998231
POU2F2,0.16649349438428113
ZBTB32,0.16647011512006799
ZFX,0.166463789317711
UVRAG,0.16645416840689659
KCNH2,0.1664389508763557
SPARC,0.1664275797793848
C10orf116,0.16638373103112572
ZFP36L1,0.16637581338962382
USO1,0.1663551988210631
ADAMTSL3,0.1663182562475146
TMEM72,0.1663140236951552
MGC42105,0.1663130576830775
NBPF7,0.1663102221100744
GBP2,0.1662786335366157
LDLRAD2,0.16627630307363628
BHLHE22,0.1662750443529705
SLCO4C1,0.1662745812116407
RPRD2,0.16617563201138832
C1orf163,0.16617325542949501
CTLA4,0.1661697197297587
LRRCC1,0.1661681872856325
CRLF3,0.1661625804380634
GPR31,0.1661449439807711
HMGN1,0.1661365921532421
POU2AF1,0.1661339032874989
OLFML2B,0.1661278480954367
LOC400752,0.1661063245770666
C2orf40,0.1660750222309748
ETV6,0.16606099596942647
VPS25,0.16604338758322323
SULF1,0.1660430728298833
C2orf27A,0.16603396193012993
PHF10,0.1660124782355491
KRT3,0.16600489061213802
NCR3,0.1660027210348744
SNRPE,0.16599479745663
RIPK1,0.16598192558864838
LAG3,0.165971755980108
TTTY14,0.1659324164914066
C4orf6,0.16593018952783312
OR56A3,0.16591047441431428
CKB,0.1658242203854548
FASTKD5,0.16574383250309618
OMP,0.1657394854126894
KLHL38,0.1657247824869154
ADAMTS12,0.1656911060999651
NCF1,0.1656745240792611
ANKRD52,0.165669893408815
MUC4,0.16564688831081892
FAM26F,0.16564288898264018
SEMA5A,0.1656131085484803
GUSBP1,0.1655957380020702
LCT,0.1655875211925797
RAB31,0.1655859548424366
REEP1,0.16556992779427349
LEPROT,0.1655266254160218
HDLBP,0.1655055983513269
NOXO1,0.1654906355655105
FLJ22536,0.16543488808228252
C19orf42,0.16530578005033508
PCNP,0.1653005989093815
CEP350,0.1653002480668886
HSPA12B,0.16525846845852699
GAL3ST2,0.1652441312246419
FMNL3,0.1652233277048617
CBWD6,0.1652156668286153
GRK6,0.1651677084895831
NAT8,0.1651624619459791
SLC2A6,0.1651607729088041
TBL2,0.1651251949351929
C6orf182,0.1651245867498891
EDEM3,0.1651218816559722
GPR111,0.16501068387287468
BUD31,0.1650093803501587
TBX6,0.1649848072348652
TMEM128,0.1649610088763807
CHGB,0.16495160008695078
BNC2,0.1649164646029636
OAZ1,0.1649091217471641
EMR3,0.16489288245718361
NUDT6,0.16488911448441398
HINT2,0.1648191102044295
RPS6KA6,0.1647823364608438
GABRA1,0.16474722768581318
C9orf95,0.1646828859347261
SCRN2,0.164682129483282
JKAMP,0.1646718308089763
DOLK,0.16465998603625961
ACER3,0.16464651474783498
ASCC1,0.1646456677215078
CC2D2B,0.16464471456230378
ZNF815,0.1646217108108134
C2orf83,0.16459898918310958
OBFC2A,0.1645840624758349
LXN,0.1645266149905512
USMG5,0.1645142640946682
RARS,0.1645112890137359
KLHL17,0.16450794328434948
NPAS2,0.1644987174123226
AKAP11,0.16445463946591687
BLOC1S2,0.1644500719759987
LRP11,0.16444919154285909
MBLAC2,0.1644230722639994
SLC20A1,0.1644102873439597
TEX15,0.16435772797064802
FAHD2A,0.1643550688770617
LTA,0.1643314583242382
COMT,0.1643280834603003
C18orf45,0.16430777620682088
USF1,0.1642740085995743
BCO2,0.1642697241115727
KLRD1,0.1642479355316113
PTGES,0.1642476399210169
ENPP7,0.164244648712109
LOC285696,0.16423557805924743
HSP90B1,0.1642034147932791
TNKS1BP1,0.16419613642075787
NMI,0.1641867561214678
TNFAIP8L3,0.1641777351962127
OVCH2,0.164168618561852
WDR52,0.16412121632110188
RAMP3,0.16411861675516382
RFX8,0.1640900495810645
TSSK6,0.1640790387609667
SNHG7,0.1640137465689076
FLRT2,0.164012228611545
SFTPA2,0.16400018886816708
HSD11B1,0.1639867481298895
CSGALNACT2,0.1639842623921419
PICALM,0.1639180939826418
DYDC2,0.1639062922688381
SGK269,0.1638479133231279
AMFR,0.16383856586341802
LOC100286793,0.16382032710533861
ZNF662,0.16380532792324562
RHEBL1,0.1637945586788276
LOC153328,0.1637709386584397
DRGX,0.1637699966385881
BRMS1,0.1637417951858512
PFKL,0.1637076288793532
NPDC1,0.1636951392811175
FAM21C,0.1636828533369138
DIO3OS,0.16368111599188823
CLEC7A,0.1636613294036281
ALPL,0.1636314991485943
POU2F1,0.1635800980557223
SBNO2,0.16349785254915283
TCOF1,0.1634957336022156
SRY,0.1634895840981252
PRO0628,0.1634372898263367
C2orf65,0.16339214139382452
CCNB3,0.1633838420771243
GNPDA1,0.1633534443280655
ADAM21P1,0.16333124170306157
SFT2D3,0.1633209242069884
RGS18,0.16329868039565262
LZTS1,0.1632311543438209
BRSK2,0.1632292712194145
LOC339290,0.16317544557379893
BMS1P5,0.1631655670531449
FGD3,0.16315397812825008
TMEM216,0.16314329624824914
MACROD1,0.16312089575381
DCAF12,0.1631129624248922
C8orf84,0.1630657960494433
PHKB,0.16304814551760133
GLMN,0.163019920277027
MAPK8,0.1630072946143692
SQSTM1,0.1629589978738159
IQGAP2,0.1629578604377156
PDZD8,0.1629394710161458
CLEC4E,0.16288911341351991
C1QTNF3,0.16288889688197108
C19orf54,0.1628276179873219
AMIGO3,0.1628114542658043
C14orf139,0.16280464347685697
CYYR1,0.1627195920112768
GALNT3,0.16271296945403252
ZNF595,0.1627109161598381
GRIPAP1,0.1627070659859147
CTSC,0.1627031276852299
MFSD6,0.162695067746995
ANKRD32,0.16264840605702907
C6orf72,0.16264613016602508
CD72,0.1626150569949304
DLGAP1,0.1625964816689068
FAM151B,0.1625856664005162
CD163L1,0.1625850683819518
LOC728875,0.1625704404373865
RPN2,0.1625616580929607
TIMM50,0.16248749077212787
C4orf36,0.16248004603331367
LPAR2,0.1624405029861581
CNOT4,0.1624180442371823
CHST4,0.16240768805074762
CCT3,0.1623961264216027
DLEU2,0.1623428436699265
SCD,0.1623243010143427
GDAP2,0.1622836504833355
FBXO18,0.1622656478748033
MRM1,0.1622655727697386
CRABP1,0.16219784346440427
COASY,0.16218672316159322
CAPNS1,0.1621670716600866
CRP,0.16214290556599
ECE1,0.1620860123775126
SAA4,0.16200071386626472
WDR63,0.1619971166789958
MMP7,0.1619811005165165
SLC39A12,0.161945473977262
MDN1,0.16190777124747077
CCR3,0.1618922333373826
TRPC4AP,0.16188425885616453
SCYL1,0.1618774338591799
TRRAP,0.1618380725316562
GRK4,0.16182207042362712
ALDH3A2,0.1617870298172114
URGCP,0.16177850742147012
PIK3CD,0.16177119963268682
AQP12B,0.1617621331821559
C17orf89,0.1617340323465786
RBP2,0.16173140390495372
FGF20,0.16171950998831253
RHD,0.16171631644806
CTSK,0.1616972641712815
LNPEP,0.16169685342321208
BRMS1L,0.1616899130996237
GFI1,0.1616575189558486
FHAD1,0.1616226573604558
PLB1,0.1616086409496725
PAIP2B,0.16159470521549238
C15orf53,0.1615821827733807
RHOD,0.1615757812256323
MGC12916,0.16146185864406892
APOC1P1,0.16143538190568232
IFITM4P,0.1614339168723992
B3GNT4,0.1613840066067175
CD1A,0.16138394462754113
KIAA0556,0.16137713680352958
TRIM14,0.1613372008170858
XYLT2,0.1613358170529173
UBTF,0.161317782254892
CGB5,0.16130057030286998
KCNAB2,0.1612451193216648
HDGF,0.1612445205329086
C14orf126,0.1612088241140192
KRT12,0.1612050314028682
C19orf28,0.1611314003581413
TAC4,0.1610967629031171
PLIN4,0.1610739914970298
LCN2,0.1610687377051558
VGLL1,0.1610459411065009
MRVI1,0.1610352155247349
KIF24,0.1610190829509853
CWH43,0.1610120538751408
C10orf27,0.1609841861232976
SETD2,0.16096852267144918
COPE,0.16095514720160262
CLDN10,0.160951408576164
MYB,0.16093978472062978
FRMPD1,0.1608731166013352
DBT,0.16086512085997262
PILRB,0.16085384397594762
MYLK,0.1608230992690469
USH2A,0.16081978552169307
EPB41L1,0.1607808739213527
PSME2,0.16076087754538881
PTPRR,0.1607526474007889
C10orf93,0.1607466161414768
XAGE2,0.16065433678780638
CBL,0.16059948159712278
ETF1,0.1605893507317254
SYNGR2,0.16058169185393473
KIAA0922,0.16055250105948188
PHTF2,0.1605458349221945
PRKCDBP,0.16053484719366448
TFEB,0.1605094613743871
IGDCC4,0.1604902194981891
MPDZ,0.16048593295803842
SP140L,0.160469304110149
TYK2,0.1604243395398589
HCK,0.160421457841201
DNAH9,0.16039568030724288
TSPAN1,0.16039214160846732
NOX5,0.16033118159434478
LOC643008,0.1602446220079598
NR4A2,0.1602357677743434
ZBBX,0.1602329493532647
JAM2,0.1602146631846818
RNPS1,0.1602135102205583
UBE2Q1,0.1601930302675688
TRAPPC1,0.1601786458820401
MYL5,0.16017518787324891
ALG11,0.1601741045187088
TMEM123,0.1601604458679947
BPGM,0.1601420062095758
SPATA20,0.1601404944405852
RABL2A,0.1601176047669931
VASH2,0.1600974717317137
ERVFRDE1,0.1600807911254597
RARRES2,0.1600704706215229
CSF3,0.1600463305979855
C13orf18,0.1599891827534686
STYXL1,0.159928181626727
C6orf195,0.1599261761370212
MOCS1,0.1599222135524374
LOC344967,0.15991408028067008
BACH1,0.15987447466819663
KLHL4,0.1598161049999463
PLEKHA5,0.159814508866233
CCL2,0.15981319452491827
DIS3,0.1598131625147327
GTF2F1,0.1597956557883581
MTA3,0.1597865003357821
CD300LB,0.1597839466577948
ADCY7,0.1597656522165284
LOC285456,0.1597610950212262
TRIM46,0.1597585894540337
CCDC148,0.1597044375064831
DACT1,0.1596998890402896
KCNC3,0.1595806456491604
FITM2,0.159573938710933
DISP2,0.1595703559755079
ZDHHC4,0.15955181451679729
PNMA6A,0.159535579250009
GATAD1,0.1595240516215044
RIMBP2,0.15950055298150798
NTNG2,0.1594182132626363
WDFY1,0.1594164240181546
ALS2CL,0.1593955508254906
SBDS,0.15935291640727298
HAAO,0.15932486911165059
BCL2A1,0.1593159385720267
GPR114,0.1592918464281766
ZNF613,0.1592821653235435
POLR3C,0.1592659286226781
NDUFA8,0.1592366472688415
KIF26B,0.159223930882232
ZBTB38,0.1592097993589593
CAMK2D,0.15915296643881122
C16orf11,0.1591399002839948
SYCP2,0.1590971115522655
PDGFB,0.1590876021837508
ADAM21,0.15906955744864687
APOB,0.1590375240994033
CHRNA5,0.15902956894506892
LPAR1,0.15902374283325532
POLR1B,0.1590170178506673
ATP6V1F,0.1589952876989404
MUL1,0.1589800177790309
TATDN3,0.15893041603782831
KEL,0.158928280905471
PROC,0.1588775798793617
C20orf43,0.15886247628090733
IDO1,0.158842612881902
RGPD6,0.1588317694943886
TAX1BP3,0.1588306131999282
HAGHL,0.1587626270034871
GPR179,0.15875731138521149
KIF2A,0.1587478519168731
ITGA7,0.15873241782886321
AFAP1,0.1587287614228285
MLXIP,0.1587278931742072
TMEM60,0.1587224521462279
SSU72,0.1587197419697772
SLC23A1,0.1586847502012106
FREM1,0.15866949401777092
ZNF416,0.1586561332851033
ATL3,0.1585885158185805
TIGD1,0.1585796337185652
ZNF286B,0.15857751331543118
BUD13,0.1585424235607778
UBE2L6,0.15853996020670388
ZNF449,0.15853394509121171
RSPRY1,0.1584858202972094
TRIM9,0.1584695422663242
ZNF385B,0.1584650889466222
PHF21A,0.1584448273314789
ZNF554,0.1584377226945807
SOX9,0.1584096372551694
CACNG7,0.15839100278701013
VAMP4,0.15836627422774102
IPO9,0.1583147493862836
ZNF521,0.1583139377064584
STEAP1,0.1583001608171844
C9orf21,0.15828228097773311
SNAPC2,0.1582700951369168
MAST3,0.1582626657679571
SFMBT2,0.1582351275632736
TFAP2D,0.1582267453449802
PCSK7,0.1582198354793195
CAPRIN2,0.1582155194596322
ISCA2,0.1582101740247099
CD209,0.1581816727030446
DDX28,0.1581591660140067
LOC100133331,0.15814684560957382
MRPS9,0.1581465254481483
PYCRL,0.1581202345174709
RABAC1,0.1580673109360402
RANBP3L,0.15805294428398348
CCDC55,0.1580426483714259
WWP1,0.1580276348400692
THBS1,0.1580103784231292
CXCR4,0.15798140476301328
PEMT,0.1579683818245094
PPP2R3C,0.1579528190553417
TTC32,0.157944592189838
RFPL4B,0.157937610407133
GABRB2,0.1579298190978962
ACSBG1,0.15791965103826042
NT5C,0.1578806833359626
CROCCL2,0.157813671804787
GPT,0.1578129910565457
LRRC47,0.1577729982240873
LDHD,0.1577437146532582
TMEM9B,0.1577407622831072
C17orf69,0.1577201215463296
CSTF3,0.1577195526404513
FMN2,0.1577063552453782
FXC1,0.15769582817877711
CMYA5,0.1576675244130821
CCDC85A,0.1576372639834377
SFRS1,0.1575952415355455
CEP170,0.1575484001838118
OXT,0.157506698428837
STK40,0.1574948751760354
SEPT3,0.15745223964789362
ADAM9,0.1574177093717435
ADAMTS3,0.1574162001203848
ADARB2,0.1573854729922359
ZP4,0.1573511910907341
SEPT4,0.1573419088649601
CBLB,0.1572900553275609
OXCT2,0.1572740530436505
NCOA6,0.1572607401719513
S100A14,0.1571964261285887
UTS2D,0.15717686306707931
PUS10,0.1571737745803917
PGPEP1L,0.1571683819616033
LOXL3,0.1571114952614531
MIA,0.157045852821782
PDE6A,0.1570427989030142
CHP,0.1570382877446497
FIZ1,0.1570106773904814
TMIGD2,0.1569711592750957
SMOC1,0.15692576784178058
UFSP2,0.1569214976209231
NPTX1,0.1568854816448447
HIVEP2,0.1568834996372857
ARNTL,0.15686637039724308
LRRC18,0.156828128565366
YWHAE,0.1567879499460421
CHMP4C,0.15678649270463568
CCDC142,0.1567533457261601
HS1BP3,0.15674989005840312
NBEAL2,0.1567194504638418
HCLS1,0.1567073373754958
FEZ2,0.1566380714072917
N4BP1,0.1565711281419322
HNRPLL,0.1565690005865778
PRSS22,0.15656502508958828
TNIP2,0.1565604710078724
PCDHB14,0.1565596428235749
DGCR10,0.15654683188299878
DNAH1,0.15654276216184232
TTLL5,0.1565263965119895
COL6A1,0.15652517249495831
KCNT2,0.1565044185560412
ZNF582,0.1564825783063871
ITFG2,0.15645265622940888
PIGY,0.15645204040236507
TRIM6,0.15642395996374842
GUCY2C,0.156422436449022
ABCG2,0.15641924292438952
MRPS2,0.15641187745758608
NCF1B,0.1563938083198531
GDPD4,0.1563606119014356
DRD1,0.1563586252737438
FAM178A,0.15633673662315978
FAM20C,0.15629087386664078
KIR3DL3,0.15628143206320902
LRRC46,0.1562489273933284
RPSAP9,0.156239993113447
FAM124B,0.1562127212307683
SERHL2,0.1561486094113225
COL6A3,0.1561352444780063
CD3G,0.1561267843839838
TMEM42,0.1560730200713425
KIF27,0.1560665011504184
CNOT10,0.1560638870522339
KCNK12,0.1560605630654256
GBA2,0.1560220456593948
LOC442308,0.1560080227683128
TMEM52,0.1559636905315222
WNT10A,0.1559199469098003
ICA1L,0.1559184488035751
FAM163A,0.1559177976254143
C19orf60,0.1558846119923208
FAM134C,0.1558665405470155
PYHIN1,0.1558447283873951
KLK2,0.1558360202867309
LYVE1,0.15582847423003432
TMEM184C,0.1558190275995581
PTPRO,0.1558169931387246
NOL3,0.1558009818089979
EMID2,0.1557753401571659
GARNL3,0.1557717795473608
H19,0.15576449028698
OXTR,0.15575678472564558
ZNF534,0.15572581137393912
STX10,0.1557117832406889
FLOT1,0.15569517315333822
ENSA,0.1556923378091311
AVL9,0.1556808306604618
BZRAP1,0.15567836176178468
C9orf156,0.1556686966308875
MYO1B,0.1556146414640712
SH2D1A,0.1555923336714381
SDHA,0.1555692331311799
INSR,0.1555459052662355
GPR124,0.15553857111261798
CLCN5,0.1555308890648901
MYBPC2,0.1555113429082319
KLF7,0.1555069002985007
TBL1Y,0.1554422506400113
ISYNA1,0.1554208690682818
MEIG1,0.1553904028487446
OR10A3,0.15537615579994662
CLEC18A,0.1553614992183067
SUZ12,0.15534772852672318
CDK13,0.15533392800093201
CES2,0.1553273872868433
MARCH6,0.1552843840825399
MRPL12,0.15527394769031683
MAPK1IP1L,0.1552682787140629
FUBP3,0.15525113363620502
SNRNP200,0.15520854795922862
CCDC41,0.15520786112478752
TMX1,0.15519865021088877
MYCNOS,0.15515902897085018
C21orf71,0.1551488492013919
FBXO46,0.155130907362894
PEA15,0.15512823650262048
SMCP,0.1551061003267697
GABRA5,0.1550953369411289
CCDC28A,0.1550851031526761
TMC7,0.1550536562986633
CETP,0.1550007391243397
P4HA3,0.1549920363692405
NPHP3,0.1549628675470687
C2orf81,0.154955433264528
KLF15,0.1549309222252252
ZP3,0.1549195422387874
TP53RK,0.1548975666301269
LAT,0.1548660656725008
EDN1,0.15486422853217052
COMMD8,0.15486095502899108
CDC42EP2,0.1548424370839194
CTAG1B,0.154833567839034
ZNF207,0.15483192822976052
WAPAL,0.1548278973265378
CA2,0.1548151581628938
LOC644936,0.1547797664715802
ITIH2,0.1547610606771752
SLC25A18,0.1547604293735092
PDGFC,0.1547565217591734
HIST1H2AL,0.1547273154323863
THBS2,0.15468197342548973
TOX2,0.1546017971785199
DDX58,0.1545885069761595
BLNK,0.1545758844292573
IFIT3,0.1545683469554661
UIMC1,0.1545486806233946
ZNF833,0.1545452533653269
OTUD4,0.1545345534362852
BCKDK,0.15453290056853908
PKN3,0.1545217346349596
NT5DC3,0.15451515745644162
C11orf80,0.1545058535126897
CD22,0.15447060752481928
KCNK3,0.15447056250303498
IDE,0.1544576582172335
DDX25,0.1543989059225993
UBTD2,0.1543870306652452
OLFML1,0.1543770849023169
CDH1,0.15435388024565552
IL16,0.1543350993413239
KIAA1529,0.15433216866430471
MOXD1,0.1542519547545699
PHOSPHO1,0.1542477436298483
DARC,0.1542138836743625
LOC389634,0.1541285429780547
C10orf47,0.15408027486283282
DTX2,0.15405349411439712
HCFC1,0.1540419254463835
TPSG1,0.15404103174701608
ODAM,0.1539243833126499
TNC,0.1539206715521255
SPARCL1,0.1538854345489673
LOC339047,0.15387368914181782
CD40,0.1538711314317118
LIMD2,0.1538552007863918
SLAMF1,0.1538527491505553
LZIC,0.1538495383938567
OR2A9P,0.153781910792694
ZNF607,0.153775298073331
SCNN1D,0.1537513671521893
TSTA3,0.15373081804347
ANXA10,0.1537300633671065
LOC143666,0.1536947030015598
MPP3,0.1536761182406301
TYMP,0.153674312186596
EHD4,0.153672736736677
ACAD10,0.15366500783132087
LILRB5,0.1536625662094357
PRPH2,0.1536489848736437
RPL36AL,0.1536256356699334
KCNJ16,0.15356735015168682
LOC100134368,0.15356493859231782
MYOD1,0.1535592137435405
FAM116B,0.1535571546050695
RGL4,0.1535529726171971
C8orf74,0.15354378079463613
SIRPG,0.1534753385874319
TMEM99,0.15345480593966102
CHPF2,0.15344691116905967
AKAP13,0.1534466370988663
CGA,0.1533298553606858
C2orf64,0.15332409012057088
WDR65,0.1532994252875659
SLC35F5,0.15326128198715
PTPRCAP,0.15324401151830558
KIAA0467,0.1532215407132893
PLXNA4,0.1532086727949716
C4orf46,0.1531600247385978
MSX2P1,0.1531552745201076
GMCL1L,0.15311671111615652
FAM192A,0.1531021169140758
EHF,0.1530993811260662
TMEM106C,0.153095716208343
C10orf76,0.1530783341067716
ZNF224,0.153065781453247
ART1,0.153050491189756
PADI4,0.1530441128547064
PPHLN1,0.15302171696591638
PAX2,0.15299787045844
HSP90AB4P,0.1529555427578313
CDHR4,0.1529021486035237
VEGFA,0.15287641633319599
METTL2A,0.1528356253533072
ZNF337,0.15283257418351762
KLF6,0.1528320510535124
PUM1,0.15279285849287788
GLDN,0.1527907561115414
ACSS3,0.1527563427787122
SLC15A3,0.15274402568140738
TIA1,0.1527386460671647
BTLA,0.1527365491119318
MS4A2,0.1526947613484231
GRIP2,0.1526900569230643
BHLHE41,0.1526759872484497
ZNF506,0.1526524022452502
EHMT1,0.1526519900997512
TTC27,0.1526396109921372
C2orf61,0.1526305128687011
ZNF157,0.1526228412677684
ITGAX,0.1526107063256091
MC4R,0.1525722439421383
AOX1,0.1525696661126998
LOC441666,0.1525618054371914
ZNF468,0.1525599758354685
AGPAT1,0.1525451916713484
GAS7,0.1525403771197354
MEP1A,0.15251647180316372
LCOR,0.1525133852948694
FAM188A,0.1524665576577307
ZBTB17,0.1524659587550531
ZNF573,0.1524389406993139
CATSPER2P1,0.15243041217732992
CACNA1H,0.15238525466430808
SYNPO2,0.1523657878686946
RAI14,0.15235835119023683
SMARCD3,0.15235053048825312
CES8,0.152297299712283
C14orf73,0.1522849733054221
PTK2B,0.1522713715139073
CLEC9A,0.1522627340212663
KRBA2,0.1522040479853043
ATN1,0.1521831032563247
ZNF259,0.1521775349683892
CYP1B1,0.1521656971638684
CHN1,0.15214941943679638
USH1C,0.1521277960674149
GNE,0.15212464327626
PLAGL1,0.152118237367518
LYSMD2,0.1521156882232954
PPIB,0.15210410697046967
GPR18,0.152071506311482
TMEM198,0.1520653647092307
ANO7,0.15205700729093222
GPATCH2,0.1520441907854631
POLR2B,0.1520091275056618
NAA40,0.1519957823850906
PSORS1C1,0.1519559782163675
CCDC89,0.1519202078690559
KCNH6,0.15186680122158688
ABCD4,0.151850957224328
SIRPB1,0.1518437891674232
SLAMF7,0.1518410689707119
SPDYC,0.15174248134368762
MEIS3,0.1517251183947847
SLC23A2,0.1517028852940554
HSPA5,0.1516992351221727
ODF3B,0.151699013004845
FLJ43390,0.15169264722040599
DMAP1,0.15168757704691851
USP32,0.15167250353670492
KIF19,0.1516451267316029
FLJ37307,0.1516263081185044
TP53BP2,0.1516093097053252
CLEC2D,0.15156428838066882
ABCB10,0.1515516812490128
PITPNM2,0.15154076265619382
ZNF274,0.1515041837051445
TST,0.1515022684419534
ADPGK,0.151485220060354
PIGH,0.15142851345142672
HSPE1,0.15140651284198992
C13orf33,0.1513789316475076
POLR3A,0.1513679005851038
CPA5,0.151364837419121
DCST2,0.1513383546465086
CACNG1,0.15131368505162168
VCP,0.15126578069979932
NRF1,0.1512590238901037
C12orf57,0.15122279187222679
PYCARD,0.151222784406023
EMILIN2,0.15122113826418898
TRIM3,0.1512072302674005
KRT36,0.15115652085948159
GPR37L1,0.1511300895408671
SPON1,0.15111519282280259
ZNF821,0.15111040959888192
GNL3,0.15103687948862218
ABL1,0.1510128398348342
CYP4Z1,0.15098477007796712
PDX1,0.15096310991317338
SPATA1,0.1509615007478391
FYN,0.1509202912568946
DEC1,0.1509029560255802
POU5F1,0.1508850982567572
FAM150B,0.15087896901383102
SUPT16H,0.1508686604470795
RNF4,0.1508420716747916
ENKUR,0.1508000709489271
GFRA1,0.1507987748554771
FMOD,0.1507685839690719
TXNL1,0.1507376481084259
AACSL,0.1507324017015798
GALNT9,0.1506878021227206
JAM3,0.1506723280880752
H3F3B,0.1506649705623618
CDR1,0.1506400832194635
LRP3,0.15061780129894412
GUF1,0.1505783938925217
ZNF831,0.1505605792180226
CECR1,0.1505587051043876
RAB33A,0.1505452818496107
SOCS5,0.1505253875472511
FADS3,0.150523293609353
SPANXC,0.1505232631457456
TCEAL6,0.1505013563524207
CASP5,0.15049352828958748
AGBL1,0.1504930182973271
LYPD1,0.1504845187586469
RHEB,0.1504560475596848
KHDRBS3,0.1504497655994434
MOGAT2,0.1504459391071735
AMIGO1,0.1504447356120821
C7orf63,0.1504282848985369
MIAT,0.1504214630758002
ROGDI,0.1504087208995691
ZDHHC2,0.1503972840056812
UCP3,0.1503965988872133
KIAA1644,0.1503610904817045
BCL10,0.1503602372096175
KLRC4,0.1503393162753642
APOE,0.15033021066222702
NUDT19,0.1503220169201368
HVCN1,0.15031175222854878
PAR5,0.1502244459400164
DNAJC11,0.1501563446375275
ASXL3,0.1501545683900764
CDK10,0.1501515165197812
ENHO,0.1501491856731513
RASAL1,0.1501466129037818
CYP2R1,0.1501029268163281
LOC100128822,0.15005749112209282
NDP,0.15005434605630052
DDX23,0.1499935941330928
NES,0.1499863202216473
SPTBN2,0.1499697999312087
IL17REL,0.14995229419743
ZNF561,0.14994862483528582
SOX18,0.14992394104218681
MDM2,0.1499041893706739
HDHD2,0.1498932037040059
MPST,0.1498176346164572
C17orf95,0.1497694233766535
LYZL4,0.1497140200353376
NEK11,0.1496403080536602
HSPA1A,0.1496390821619624
TMEM194B,0.1496168268751601
NKD1,0.14959666266245872
PYROXD1,0.14959628042898568
IQGAP3,0.1495530172277203
OR1G1,0.1495523289907853
PXDN,0.1495291197219927
MGC27382,0.1495159171982311
C10orf125,0.1494793939791447
RDH8,0.1494748103249671
FLJ41941,0.1494125077156869
C21orf62,0.1493645707895834
CAMK2B,0.1493226818950352
MRPL45,0.14932062009396602
DUS4L,0.14931867846097968
WDR74,0.14931018425740591
CAMK1G,0.149282750316467
RHBDL2,0.1492733931990998
VILL,0.1492578536958778
SPANXE,0.1492333454418034
RHOG,0.14920316440186848
CBX7,0.1491874673003818
LYPD4,0.1491823129349631
ZNF564,0.14915327177601562
LARP4,0.1491504928308552
GPX8,0.14913570613772897
RNMTL1,0.1491282708008749
KDM5B,0.1490725072892461
PRDM12,0.14906912081401258
DOCK3,0.1490620169537537
AMBRA1,0.1490459987025742
LOC654342,0.14903836260988398
HFM1,0.14899377292010388
PCSK6,0.1489770179573717
MSMP,0.1489736708220678
LAMC1,0.1489703762153985
HIST3H2BB,0.14896009025009171
MARS2,0.1489528317775663
ACTA2,0.1489504292874984
CD99,0.14893659732508788
IFRD1,0.1489262519324677
KDM4D,0.1489198994603974
GPLD1,0.1489083410086774
CLK2P,0.148881215664124
BTNL9,0.14887999068201171
UTP3,0.1488627946265842
LOC728640,0.1488562845295081
PRCD,0.1488352581928162
PPARD,0.1488014442766423
DKK2,0.1487903679465128
LCE5A,0.1487684175005324
MCTP1,0.1487570291937897
CAND2,0.1487303473311568
P4HB,0.14872706598277752
CCDC109B,0.1487227744324908
ZNF673,0.14871488465903854
RPLP0P2,0.1487078085906742
CD8A,0.1486944900025121
F7,0.1486805490101945
B4GALT3,0.1486788203238425
CEBPD,0.14867429613938551
CIZ1,0.1486245986789812
TTYH1,0.148619600729615
GATSL2,0.1485997725187701
ADAMTS4,0.1485990149172603
TBC1D9B,0.1485833461997338
DNAH8,0.148556223426666
CCT6B,0.14853895717678461
KLF9,0.1484623664830944
ABHD15,0.148458544803901
BIRC2,0.148449372188252
C2orf43,0.14843434166088149
PLEKHH3,0.1484188328888168
PRDM6,0.1484066577848924
NR4A1,0.1484053197708752
PRDM4,0.1483986527921436
AICDA,0.1483828072300874
MRS2,0.1483501832494201
NEU4,0.1483293513851659
LOC100216545,0.1483195272385709
SNX18,0.1483134603773983
RNF141,0.1483053928069965
FPR2,0.148299924617183
TRHR,0.1482907366354213
MAPKAPK5,0.14828236876072268
GAS6,0.14825474966633462
SLC34A1,0.148253332030996
SPATA4,0.1482473739958027
RCE1,0.1482466975230249
VPREB1,0.14822820474653942
ENO2,0.14816853971431612
EBI3,0.14811587753255312
HIST1H4L,0.1480837818422567
GRIN3B,0.1480812500889058
HSD17B7,0.1480726436969961
KCNK6,0.14801277472501478
FLJ11235,0.1479697441286697
LSM12,0.14796729112194718
UTP6,0.1479614875199674
HSD17B14,0.1479550914341119
SRPX,0.1479267039131226
C1orf43,0.1479248786071287
BMP8B,0.1479058474460672
SOCS1,0.1478877881539008
HIF3A,0.14787937686363178
PCOLCE,0.1478037044800972
ZNF605,0.14778911929483002
ZNF174,0.1477468451147437
FAM198A,0.1477445476766372
C1QL2,0.14773448654068422
OGG1,0.1477196030527933
ANO3,0.1477154046600729
DNAH14,0.1476972149935083
TTC16,0.1476378067466368
NCRNA00152,0.1476320931133622
LOC219347,0.1476213330452229
GUCA2A,0.147617961355561
CDC123,0.1475018066519594
C5orf55,0.14749276600562639
MCHR2,0.1474900844681424
NIPAL3,0.147485229305154
RGAG1,0.1474751303194243
FMO3,0.14746119722684412
ARV1,0.1474432975458601
FAM104B,0.1474348105688856
LNX2,0.14738517118172872
NCRNA00099,0.1473775229637348
ASPSCR1,0.1473665801156844
ASXL1,0.1473421169838457
UCKL1,0.1473339515401795
SLC18A2,0.1473159113878959
FIBCD1,0.14727732861680182
LOC374443,0.14727174426363682
CFHR3,0.1472687636706462
APH1B,0.1472269118115339
NSUN5,0.1472131546291479
LOC285954,0.14720872633134852
C17orf104,0.1472080516937827
C3orf70,0.1471723003711511
SLC35D3,0.14712926207218552
FOXO4,0.1471203610333009
ERCC3,0.1471130933168692
TMEM229A,0.14710255014755041
RAD23B,0.147101472538464
MTOR,0.1470790093961128
NTN5,0.147069195161801
EPM2AIP1,0.147031068994948
TPM1,0.1469851672879146
CLEC4F,0.1469738258566532
PSMC1,0.1469683328122603
SYT5,0.14696631718204217
TUBGCP3,0.1469253429883918
FASLG,0.14691318937049042
TBCK,0.1469085368412918
TTC36,0.1468926726364706
OTOF,0.1468706009257804
HIST1H2BB,0.1468654875860041
RUNX2,0.1468630402617545
ANKRD46,0.14683527342135277
CXCR6,0.14682355165605182
NDUFA3,0.14680693814510598
PEX19,0.1468064923282542
FMO2,0.1467795039314446
MYST3,0.1467391761950172
YRDC,0.1467380919826832
CEACAM7,0.14669150312649587
BEND5,0.1466612507285529
ACER2,0.14664335040572699
C17orf96,0.1466401939315588
ZNF98,0.1466352617683439
SLC12A4,0.1466296964590571
NCR2,0.1466259342792738
RTP1,0.14662246999881612
KILLIN,0.14662176885850328
KIAA1310,0.146612420410063
CA5A,0.1466042464935457
PTPRA,0.146582825789849
CD244,0.1465679514330006
DAB2IP,0.146550910712276
SOX12,0.1465470998202446
OPN1SW,0.1465427789461206
C1orf152,0.1465189397451794
SOCS7,0.1464836164286978
PRR22,0.1464601011420601
TLR10,0.1464468955791878
FAR2,0.1463949209648609
ACBD6,0.1463686508231343
HSPD1,0.14635030136856597
DAB2,0.1463427833805837
CHRNA1,0.1463344031109446
KLRK1,0.1463297547286729
SF3A3,0.146309907265089
PCNXL2,0.1462708704546892
UPK1A,0.1462677906187381
CABLES2,0.14624887436033748
C6orf103,0.1462354083722755
LRRC8B,0.1461875327153977
VPS41,0.1461580052408171
CACNA1F,0.1461404194282102
PLEKHM1,0.1461125205852937
FOXH1,0.146064837507344
SLK,0.1460540371163339
DDX53,0.1460481394263768
LAMA2,0.14603436051993213
SELP,0.1459968682980735
GNL3L,0.1459907051928942
C6orf222,0.1459826158548998
MGST2,0.145960132748386
CPLX2,0.1459500856831504
C13orf1,0.14593173346161792
ZBTB2,0.1459189629689016
OTUD1,0.1459167498021982
CASP12,0.1459124136540249
MPI,0.14590584632131612
KIAA0753,0.1458980978598603
TIPARP,0.1458964006089013
PRUNE,0.1458461557773493
SLC35E2,0.1458296988420799
FAM98C,0.1458202954896296
TMOD3,0.1457934056246023
CHURC1,0.1457909671947886
ZNF470,0.1457701322594248
LOC440944,0.1457593203148773
LTBP4,0.1457135461281782
MED13L,0.1456880475382456
C1orf157,0.145661104431693
RPL35,0.1456418962203722
DUS1L,0.1456288605868921
F11,0.14562760102053268
OR2S2,0.1455952660567938
U2AF1,0.1455941448116258
RGPD1,0.1455912836437192
GPR37,0.14558698452579602
HIST1H2AB,0.1455836826674127
EPHX1,0.1455832414194574
C13orf30,0.1455720849211711
TRPM4,0.1455338447206995
ZC3HAV1,0.1455301102609186
FECH,0.1455083549701325
RGS19,0.14549622665932072
ADAM32,0.145494396986341
TUBA1A,0.1454886580877931
FGF23,0.1454867328838107
FBLL1,0.14547929026679468
ZBED2,0.14547628310926378
RNFT2,0.14545033679056568
HNRNPA2B1,0.14541030185274512
ARHGAP25,0.1453910180061848
FCHSD1,0.1453533834396895
APOA1BP,0.1453299467548806
KRT40,0.1453298494516715
SELK,0.1452962969170712
TM9SF1,0.1452465382976277
MYL9,0.1452176824191688
SYK,0.1452171121986969
EEF1DP3,0.1451617091012113
ZNF3,0.1451478704710173
MYL4,0.1451432562374008
MFSD9,0.1451346812314532
PPA2,0.14512889568324788
IFI44L,0.14512611588120072
C15orf17,0.1451089051493554
DES,0.1450570377842634
MRPL9,0.1450526409710028
SLC5A4,0.1450142140862309
MPZL2,0.14500240471414572
BIVM,0.14499572635515132
CSMD3,0.14497754896384613
TRIM62,0.14491606597580112
TAF9,0.1449077649127138
MRS2P2,0.1448926733187186
MTSS1L,0.1448616749947069
ADAM2,0.1448604510535286
WHSC2,0.14484223399387341
KPNA3,0.14483918309021698
C9orf98,0.1448373482522041
CFD,0.1448081486329701
GNB2L1,0.1448060086694116
TEX19,0.14479983985638079
LOC653653,0.1447907273050445
ISM1,0.1447880671894006
ADPRH,0.14475646990817218
FBLN2,0.1447518717625654
CROCC,0.14474416954014338
FAM111A,0.14471441224435821
HIST1H2BC,0.1447056563814971
PTPN11,0.14470428964137141
EPHX2,0.1446812454134541
ZP1,0.14458739854915292
TAS2R40,0.1445645453501671
GPR146,0.1445166574778773
CEP250,0.1444701957097135
TCTEX1D1,0.1444432443069611
RCC1,0.1444112034599524
OR9A4,0.1444109115434781
LOC729603,0.1444107380672957
TFB2M,0.14439794072705203
SERPINF1,0.1443884759576639
PRKACA,0.14435616507074592
REST,0.1443352195257488
INSM2,0.1443340257781483
NOSIP,0.1442994538187823
TP53,0.1442891035143612
GRK1,0.14428806185799942
NCRNA00119,0.1442783776095574
IL18RAP,0.1442540721604398
NRXN2,0.1442483407663493
CENPB,0.1442414023314641
LSM6,0.144236301936486
ARMC4,0.144213494754573
TTC30B,0.1442103104060424
GPR108,0.1441878849625555
TNFRSF1A,0.144172370958266
LOC645676,0.144156750186017
FBXO24,0.14414584872995362
HSD11B1L,0.1441308934005947
ATXN1L,0.14412438468983418
C11orf17,0.144123082292852
LOC286002,0.14410687167145178
PLCB1,0.1441062633945544
QKI,0.144092112381146
PPM1H,0.1440792123666498
SF3B14,0.1440317648328666
BTBD19,0.1440191484102923
MFGE8,0.1440132806290218
C9orf6,0.1440123165409012
RDX,0.1440077328572215
MSMB,0.1439785931610245
SETDB2,0.1439739595551221
C9orf109,0.1439260795680556
ATP5J2,0.1439255153191203
PRKD3,0.1439244591561916
PDHA1,0.14392427295763538
NENF,0.1438473896470581
POFUT2,0.14384035238268889
PTENP1,0.1438340640888493
LDOC1,0.14382446588723322
TMEM101,0.143801407505678
NARS2,0.1437929814610949
WNT8B,0.1437543386309916
ZFP3,0.1437236700602244
PAICS,0.1437152918090814
ZNF571,0.1436863281374264
ADSS,0.143674083992142
CDC34,0.1436240883188798
NAA15,0.14362312877283562
C4orf19,0.143619802406874
CEMP1,0.1436081378147905
FAM189A1,0.1435908279209998
SCN4B,0.1435893136861634
DHDDS,0.1435346227488812
BOLA2,0.1435210006886674
PRSS50,0.1435158235789198
BNIP3,0.1435129867230848
VWCE,0.1434437059989985
PEAR1,0.1434201288431053
VMO1,0.1434135522174944
WBSCR28,0.14340688933149728
MED8,0.1433961885194759
ADAMTS16,0.1433961527824719
SCFD1,0.143395379860568
KRTAP2-1,0.14336882241560472
CLDN11,0.1433120378868997
IL29,0.14329198759146639
TTLL9,0.1432753187428323
MRPS21,0.1432684013088747
PPM1B,0.1432636524869327
SCG3,0.1432417610084384
FOXP3,0.14321850199324027
GPER,0.1432144915366087
DDHD1,0.1432105207544852
CDH11,0.14318943770470982
PPAPDC3,0.14316962151088322
C14orf167,0.1431606566189461
SLAMF6,0.1431095288476864
DDX52,0.1431030189246192
SEC61A1,0.1431025817185322
C18orf1,0.143082577705468
PTPLAD2,0.1430724269149407
PMS2L2,0.1430425381057675
RPL36,0.1430335524305703
LOC284837,0.14299243105123288
LOC340017,0.14296760299034078
HSF5,0.1429501657999963
TMEM119,0.14288209022873272
DPPA3,0.1428686854580913
SDS,0.1428274498031904
MXI1,0.1427844748591599
MMP27,0.1427838969615105
PTCD2,0.1427809191966607
NBPF22P,0.1427547884330349
SEPT8,0.1427236305012411
LOC90586,0.1427172719418051
ASMT,0.1427172426320491
PRR5-ARHGAP8,0.1426899805320358
KIAA1432,0.1426802755349284
SMARCC2,0.14266714758742088
YME1L1,0.142658220027121
C5orf13,0.1426542483774711
NARF,0.1426412389201213
HNRNPA3P1,0.14259135801626222
GPR83,0.14258287872827718
KLHDC3,0.1425764840190089
SPIN1,0.1425422481071118
TARBP2,0.1425049028970704
ATP9B,0.1424529990226206
CMTM2,0.1424473828646296
CLC,0.1424296126107042
KCNE2,0.14241201774779969
RCN3,0.1423838710505603
CENPV,0.1423515711304107
GSPT2,0.1423401359315496
PARP16,0.14215284811909512
POLR1C,0.14210153413622478
YIPF2,0.1420372441154626
SFMBT1,0.1420238704440337
TNK1,0.1420145978078164
SLC25A40,0.1419830594247932
MTAP,0.1419747336385544
SEC14L1,0.1419692706605177
MEGF8,0.14196012997244212
LOC100240734,0.1419449034425765
MORN5,0.14192357508972359
RSPO1,0.1419020282372463
PHF19,0.1418924130034775
MYH1,0.141866481518273
FH,0.1418432005329443
ZNF511,0.1418431599711886
MINA,0.1418045151329718
FOXG1,0.1418037953118747
ARAP2,0.1417967075044185
SPG21,0.14178465066358759
TXLNB,0.1417808715251483
GLYATL3,0.1417666814675172
HIST1H3I,0.14172226913021402
SCN8A,0.1417060174255494
USP21,0.1416930719774303
SPP1,0.1416813477105271
NAMPT,0.14167599154247631
GMPR2,0.1416551715802507
CBFA2T3,0.1415990219060724
PGM5P2,0.14159594954364552
REXO4,0.14156019164340491
PSG1,0.14155436395972198
ST14,0.14153485664765592
ZNF664,0.1415284692482849
UBE2E1,0.1415148788752031
ZCCHC18,0.1415119717777846
CGB,0.1414693686159437
KIAA1826,0.1414190935834079
VWA3A,0.1413838929881978
RAD52,0.14138080343411388
SCN3A,0.1413450267749216
ICOS,0.1413326437281067
TMEM8B,0.14132454318270168
NT5DC2,0.14127990149230718
PPWD1,0.1412727548362189
TXNDC2,0.14127098022627022
DPEP1,0.1412683452820997
LOC116437,0.1412406848324116
SMTNL1,0.1412317770648025
ZNF615,0.1411905445341032
NEFH,0.1411707635843498
HSD17B13,0.1411662660092555
FAM96A,0.1411589278395673
KIAA0284,0.1411409737578856
KHK,0.1411358774926283
B4GALT5,0.1411186857843141
LOC728392,0.1410904983740302
VKORC1,0.1410798249626881
LRP1,0.14107736517603692
C20orf30,0.1410648100782652
ADSSL1,0.1410185152806174
EFCAB6,0.14099619295455482
CNR2,0.1409499728763322
LOC440563,0.14087618112530031
OTUD7B,0.1408581225979523
SEP15,0.140815262389064
ZNF687,0.1407649703764485
COL8A2,0.14076428470771
TTC15,0.1407639948000615
CORO2B,0.1407536224480283
CD96,0.1407480297796996
ABT1,0.1407430343968137
TUBG2,0.14073972310540622
ING1,0.14072175063159148
SBF1,0.1407156679045504
SMTNL2,0.14071222000701591
GPC5,0.1407061462841758
SLC7A3,0.1406993721242571
LILRA4,0.1406945707777512
CAMK4,0.1406943670554456
TMC8,0.1406523015819295
DNAJC25-GNG10,0.1406505693256594
C12orf43,0.1406450370309322
FOXI1,0.1406375253816673
HCN3,0.14063570162708638
NONO,0.1406135747580314
POGZ,0.140563452000226
SYT15,0.14056148341616742
NAIP,0.1405532307873698
GRASP,0.1405447871113806
SEC23B,0.1404919285986089
EBNA1BP2,0.14044013127728439
EI24,0.14040824494061122
SSPN,0.140317881801572
ZIK1,0.14031360945419602
KCNMA1,0.1403074561117974
ERI2,0.1402731756270387
FRS2,0.1402713583032635
LOC728819,0.140254916266957
PPFIA2,0.1402420852692632
GPR174,0.14021550633122132
APOL5,0.140205442338048
ZNF655,0.14019478877756988
PDGFRA,0.1401902657547596
COL1A1,0.1400646986301473
IFIT2,0.1400591054327832
PTGIS,0.140046507497484
CA4,0.1400214568577974
SBK2,0.1399867032173932
LSMD1,0.13995083368502959
DAK,0.1399115510450652
SAMD5,0.1398966001683285
TSC22D4,0.1398137566636124
LOC401588,0.1397936312847432
PTEN,0.1397859655726051
ZNF774,0.1397841751255655
RNF181,0.13978171685609772
HESX1,0.1397804695232848
MAGOHB,0.1397768839979733
KCNIP3,0.1397232176288393
SYDE2,0.1396785894124446
ST8SIA1,0.1396704676877775
ZNF611,0.1396273432571131
SIPA1L3,0.1396212053874928
HIST1H4B,0.1396046708472156
ZNF853,0.139585482668967
HBXIP,0.1395823309963572
IRAK1BP1,0.1395747899665402
PDE6G,0.1395736557185984
NCRNA00219,0.13956914384241148
AWAT2,0.1395512673227008
KGFLP2,0.1395264360813403
CALR3,0.1395136550063479
TNFRSF19,0.1394931432224032
GMDS,0.1394802302136562
DCK,0.1394646263655478
ENPP6,0.1394421514958585
DTYMK,0.1394418631904256
SEL1L,0.1394158295797947
MORN3,0.1393993247509347
CDKN1C,0.1393528703111466
HRH4,0.1393431478830312
SERPINB8,0.1393291831865419
PTK7,0.1393045211629064
KIAA1530,0.1392927532041525
LSAMP,0.1392864490976526
MCRS1,0.1392773440635216
TMEM164,0.13924158742100098
MKRN1,0.1392259702523183
CPT1B,0.1392225165220079
UBAP2,0.1391967789499711
IGFBP3,0.1391916395693373
CTCFL,0.1391547693079546
CASP7,0.1391503435071368
C5orf58,0.1391148379985939
ACN9,0.1391127722698869
UBE2MP1,0.1391106096371708
PIK3R3,0.13909847200741762
MMRN1,0.13906077703163872
GTF2E2,0.1390587372662885
ZNF430,0.1390575475252862
RNF34,0.1390500427172481
ZNF777,0.13904357054650218
SYPL2,0.1390323492720295
WDSUB1,0.139022459566953
DCC,0.1389950821099984
USP45,0.1389946082806669
LRRC43,0.13899118153317142
CASC3,0.1389798113611562
RAB11FIP3,0.1389618895781687
TRIP12,0.1389393115959907
ELOVL3,0.1389160505547819
ROCK2,0.1389032777168713
EBF3,0.1388791916582421
FBXO39,0.1388363462453463
LILRA5,0.1388193061085891
IQSEC3,0.13880553849245308
MGC12982,0.13879069149719853
SLITRK6,0.13876518691591438
CNPY4,0.1387242816044203
EPC1,0.13871623579920161
TUT1,0.138701114625429
TMEM90B,0.13869889272281372
NPFFR2,0.1386900130935387
RAB40A,0.1386730908989239
GRIK1,0.1386496255705113
IL26,0.13854877953596428
FAM36A,0.1385167063322154
MED29,0.13851059650459038
FLT3LG,0.1384989651022723
MTF1,0.1384419517545878
GRAMD1C,0.13843425492072942
SLCO1B1,0.1383751300764155
TRAT1,0.1383748659326068
EIF3L,0.1383669418759779
MAML3,0.13835672669940619
C10orf67,0.1383463165979854
APOM,0.1383459192252183
GPR12,0.1383251250183776
STATH,0.1382955203189622
FAM133A,0.1382675608451131
KIAA1522,0.13826637419499171
RAMP2,0.13825091366227812
SLC17A8,0.1382415982808462
SNHG9,0.1382312535464201
C20orf54,0.138179835418346
NDUFA7,0.1381762661436831
VAMP3,0.1381708537341764
FBXW9,0.13816497365841013
INPP5J,0.1381540955336203
CHRNA4,0.1381418453130783
GATS,0.13812542711213058
WDFY3,0.13812358246916048
EPC2,0.138092520295996
TNFAIP2,0.13807925876316968
LY6G6E,0.1380674004358301
C19orf23,0.1380670354855468
SPRED3,0.1380547283190382
ZBED5,0.1380475238944891
TPPP,0.1380419396957172
SIGLEC15,0.138038696150238
SVOP,0.1380288008396312
DLX3,0.13800212205764348
AZU1,0.1379874325100007
TRIM78P,0.1379591036058975
SYT9,0.1379586520927931
ITIH1,0.1379480866126657
ZG16B,0.1379361885665195
HRASLS2,0.1379311408848758
MRPL41,0.1379023996634962
DNAJC5,0.1378799616219723
BAMBI,0.1378508371522784
TUBB2B,0.13781132443166721
ACP1,0.1378079915052019
FAM136A,0.13778544657604688
SNX7,0.1377802788188675
TTC24,0.13772151356875
PGCP,0.13770322666587131
C9orf45,0.1376748289417064
RNASEL,0.1376676525318006
CXCL9,0.1376516654724757
ZNF385D,0.13764741448453
RAB41,0.13762226604583538
MRPS6,0.1376141276917068
IFITM3,0.13759770525635429
MT1E,0.13754544132966712
CTNNBL1,0.1375431936145023
EPO,0.1375264778724869
ATXN2L,0.1374921833095571
PIP5K1P1,0.1374586593774575
USP36,0.1374478229911988
OAS3,0.1374191545709095
GRIA2,0.1374023475872027
KLHL12,0.137387656835173
FAM186A,0.13736375774327922
MBOAT1,0.1373613244945598
TCEB1,0.1373597734424733
GUSBP3,0.1373560033422609
L1TD1,0.1373388564476981
PSMD9,0.1373172517490151
MNS1,0.13731395192436888
AKR1D1,0.1372876344040635
VMAC,0.13725844981714
EIF3A,0.1372325477413214
CBX8,0.1372230180101186
ANPEP,0.1372146196174264
ST7OT4,0.1372109466507233
C19orf53,0.1372019779518987
KGFLP1,0.1371841792140144
HTA,0.1371688833943433
PIK3IP1,0.1371682872352132
INTS1,0.137142025947499
CAMKK1,0.1371380400146017
ARHGAP21,0.1371357540154065
ARPP19,0.1371128892966174
RTN4,0.1371120232396819
CA11,0.1371080544447339
ZNF816A,0.1370999595674866
MYO3A,0.13708466272086428
PPAT,0.1370775043491615
TMEM14C,0.13706371907035259
TOR1A,0.13706259122748332
DCP2,0.13703556974202738
CCDC104,0.13701917669054461
ZNF445,0.1370142367785538
HBD,0.1369636335288579
C1orf158,0.1369554232326994
ZFAT,0.1369521807360271
LGALS2,0.13694346045116879
SP4,0.1369235856367832
REC8,0.1369003640750605
LIN7A,0.13689999916388212
CLDN14,0.1368824860870223
RAI2,0.1368758276546384
CRYZL1,0.1368678326619188
HAS1,0.1368591717077469
MYBPC1,0.1368486945954496
SDF2L1,0.1368457500429853
FLOT2,0.1368416134988861
APOL2,0.1368325337363993
FKRP,0.1368241814755285
SATB1,0.1368172003222849
CPB1,0.1367962796496891
FAM128B,0.1367960792586309
PLXDC2,0.1367867951618307
TTLL4,0.1366954104071556
TICAM1,0.1366905756357672
MID1IP1,0.1366865667376581
ODF2,0.1366805701602252
CAMKK2,0.1366494282523077
RREB1,0.1366381356071907
TM4SF20,0.13663069988140492
POLR2I,0.13660215469794768
FAM7A3,0.13659768045339102
C1orf182,0.136591692089825
ANKS6,0.1365637242789054
GP9,0.1365264503136572
ACCN3,0.1365196393232386
ABCG4,0.1364920334943617
USP42,0.1364865507658488
SAP30L,0.13646598457157771
USP8,0.1364635714264546
CD200,0.1364570259534536
TRIM41,0.1364522988685679
STAT2,0.1364489039248983
FAF1,0.1363657457482826
GOLPH3,0.1363587076632437
TMEM74,0.1363497999391246
HGFAC,0.1363388949275346
SPANXB2,0.1363282783192512
FAP,0.1363248279032818
DAAM1,0.13632286259607498
IL10RB,0.1363135063983698
CTF1,0.1363110459824915
LYRM4,0.13631092018535299
VGLL2,0.1363047613623676
S100B,0.1362578547358813
GNG13,0.1362443967886309
HES1,0.1362086751487081
TEKT1,0.1362079566552789
KCTD16,0.1361761060259644
STAB2,0.1361224457884791
ITSN1,0.1361065258649399
TRIM56,0.13609644920575048
CYP27B1,0.1360489581937939
GFRA2,0.1360396509792926
PBX2,0.1360223315512856
NME4,0.1359870074895552
INSM1,0.1359791866684678
ZAP70,0.1359755708108817
CSMD2,0.1359682955809659
PSIP1,0.1359483079158412
C19orf77,0.1359429201708865
ZSCAN5B,0.1359338311178957
PINX1,0.1359259578816433
RRP1B,0.1359230389192443
ARHGAP8,0.1359220543780664
FBN3,0.1359031786705028
EPHA6,0.1359020214112351
LMAN2L,0.13589559659868639
ARF3,0.135806927358674
SH3D20,0.13579357044318252
IVD,0.1357745468108404
CDK5R2,0.1357725264462347
ZFP28,0.1357470345114166
TTPA,0.1357346451221669
CDRT4,0.1357205825533751
NOP14,0.13567505439782132
C10orf75,0.1356650179121027
TTC18,0.1356395263013149
TSR2,0.1356381400435468
FADS2,0.13561741421917511
SLC6A16,0.1356031216901437
CILP,0.13559770413368402
TFAM,0.135591732128022
PAPOLA,0.13557281799815052
KIAA1614,0.13556345495537162
METTL12,0.13550277451732673
ATP7A,0.1354901174642378
TARP,0.1354547496410555
C16orf72,0.1354279314166957
TIGIT,0.1353891545696476
CHD4,0.1353573597257001
DARS2,0.1353384604067641
ANKRD30B,0.1352647184712046
SEPT2,0.135261585975339
DDA1,0.1352486043610868
C19orf26,0.1351961357802511
LOC723809,0.1351960569461682
CCRL1,0.1351721289181726
SPDYE8P,0.13516500235361842
RSPH4A,0.1351532235163965
ITM2A,0.1351378422909814
SLC11A2,0.1351315433696043
CILP2,0.13512086919437633
COX6A1,0.135095925482267
KTN1,0.13509366478580198
FBXO10,0.1350729396673769
FFAR2,0.1350240978598894
PRRG2,0.1350203381500494
FAM104A,0.1350193002353943
TDRD1,0.1349993994280687
F8A1,0.1349985065353894
RAB8A,0.13499728501008101
ZBP1,0.1349655195297366
SV2C,0.1349546805233616
ZCCHC2,0.1349512358085436
DFFA,0.1349394074208343
SLPI,0.13492940164965708
ANKFY1,0.1349248128569445
PAXIP1,0.1349245783849817
TBCE,0.1349172888357962
PRF1,0.1349168058250458
ZNF510,0.1349087488062883
NFKBIB,0.1348970007428788
TMTC2,0.1348831376539193
SIT1,0.1348776186958
C12orf51,0.1348593809722815
GTPBP10,0.1348530291757882
C1orf87,0.1348411655598141
MRPS27,0.1348150629446602
RADIL,0.13480792854262
SMYD5,0.1348055867952244
TRIM43,0.1348049865171549
PHGR1,0.1347956278585202
TRAPPC4,0.1347913320830042
CCL18,0.1347892074250558
TWSG1,0.1347803665493543
CYB5R4,0.13476891276922548
RSAD2,0.134767099670727
RRP1,0.1347331483355551
LOC200030,0.1347312117479612
SPIB,0.1347198139661229
KDELR1,0.13470632371839023
RLBP1,0.13467736910509448
SHISA5,0.1346504020188976
BACE1,0.13463232228020972
C5orf47,0.1346095178254259
MEX3B,0.1346057450094138
UBE2B,0.1345771796293721
STAP1,0.1345510806534095
PDXDC2,0.1344970627121834
CS,0.1344908442292029
ZNF628,0.13445199702790622
ETFDH,0.13444754560551458
ZRANB1,0.1344158534285888
STRC,0.1343928425072684
TMEM71,0.1343766525973075
WNK3,0.1343580201357132
HMGN3,0.1343083190502925
GTSF1,0.1342816545176734
C1orf35,0.1342554548283082
TM9SF2,0.1342411524388904
APOC1,0.13420301725534792
HOXB2,0.1342027230153166
CCNC,0.13418313838837062
RNF149,0.134179848711129
TERT,0.1341742250131547
C15orf39,0.1341718442135641
NPTN,0.1341715804902193
C3orf66,0.1341513425481848
YTHDF2,0.1341411769536158
LOC728723,0.1341245958459276
B2M,0.13411027368421372
PLCG2,0.13410423396779358
KCNH4,0.1341034633979036
TRMT112,0.13397573812646532
ZFHX4,0.13397373656631112
C5orf62,0.1339730591899522
WBP5,0.1339630411583697
UBE2Q2,0.1339327641111995
NHLH2,0.133904408341428
MED9,0.1338781439841891
ZNF800,0.13381569060155
FCN3,0.1338066767519209
TXNDC16,0.1337827262775026
CREB5,0.1337595414701416
CLGN,0.1336983139131369
VAT1L,0.13369701236424159
C9orf110,0.1336590475635602
GSTA2,0.1336093308870852
FATE1,0.13359173880188008
NUP85,0.1335845042168666
IL22RA2,0.1335011743556766
DCLRE1B,0.1334957578556365
CST2,0.13346051139894982
CLPTM1,0.13340675936915242
MPND,0.1334028141768765
TRIL,0.1333767685398189
SOCS6,0.1332920445198024
IL28B,0.1332660532447685
MDM1,0.1332608392942925
PDP2,0.1332517986973348
CXADRP3,0.1332252724826563
UBE2W,0.1331729651288513
KCND2,0.1331405401306755
ZNF394,0.13313102055554432
SCAF1,0.13311459270493842
POGK,0.1330863048263653
BGN,0.1330819349728325
FGD6,0.13306488033393
PIK3C2A,0.1330617360936375
SKAP1,0.1330603026446355
ACOT13,0.1330569783376849
AUP1,0.1330246096742547
PDLIM3,0.1329654759438619
FBXW10,0.132952106717481
SIGLEC14,0.1329135639937281
CNOT1,0.1329093094107053
PCDHA5,0.1329019712328796
PCGF1,0.1328930798660539
ABCG1,0.1328775028965803
NDUFS8,0.1328732219882094
ASZ1,0.13285383599540582
C9orf119,0.1328511271323872
PM20D1,0.1328011175361587
FLJ44054,0.1328008975271597
PTDSS2,0.1327640757451856
ANXA2P1,0.13275604705414779
CYP2C19,0.1327446878738211
VPS54,0.13273329803099282
SCYL3,0.1327317827876485
CMTM7,0.1327251209090928
KRT35,0.1327242302240595
LSM5,0.1327178864581578
OLIG1,0.1326645395844827
C5orf51,0.1326215611431311
TSGA10IP,0.1325904998664154
CARD6,0.1325790046988952
C17orf58,0.1325718122374604
NAT8B,0.13255654280275309
EFTUD1,0.132541723557835
ARID1A,0.1325300071414611
GAB1,0.1325283204943631
FAM120A,0.1325043041894615
LYRM5,0.13246168786821638
KPNB1,0.1324568958070055
C10orf122,0.132437959547237
SLC4A9,0.1324185211624917
SIGLEC16,0.1323444766542254
ZNF580,0.1322988471767888
LY6G6D,0.1322264890487789
CACNG6,0.1322257639632883
FADD,0.13220143178129928
IQCF1,0.1321794041536541
MAN2A2,0.1321765060331885
LRRC48,0.1321740550207997
C21orf58,0.1321680945767087
DKFZp686A1627,0.13215286160668568
TNFSF18,0.1320814852481457
KLHDC8B,0.1320755871102905
LACTB,0.1320135052695286
ADRB2,0.1320079568751264
C10orf72,0.1319995720724109
CASKIN1,0.13194951571510322
AEN,0.1319394328466593
C1orf212,0.13192249331289718
EML5,0.1319169463572628
NPIP,0.1319166684899026
LOC401463,0.1318327749863118
GLDC,0.1318157485080027
CREM,0.131786928028821
OPLAH,0.13174969466410621
IKZF2,0.1317339915277036
ZC3H4,0.1317319181361043
FAM86A,0.1317239399815072
COMMD3,0.13170844153925781
GARS,0.1316782639596123
TMEM30A,0.13167778455561518
SAPS3,0.13166467575141222
LRRN2,0.1316089065805349
POU3F2,0.1316081557774903
LRTM2,0.1315572510516185
MTHFD1,0.1315471209878498
C6orf132,0.1315289550802638
STK16,0.1315199377830081
MST1,0.13151046679431572
HIST2H3C,0.1314856277529971
NAT6,0.1313896022419722
GGT5,0.1313792577418957
C7,0.1313341240134656
BAIAP2L1,0.13132822162872698
RGPD3,0.1312896641321063
CYB5D2,0.1312562423609247
THAP9,0.1312012272387932
CACYBP,0.1312009917885601
FAM123A,0.1311642621265958
SHF,0.13113581060965718
BTBD7,0.131125674075031
LEP,0.1311173375478997
PNPLA4,0.13111634984982762
ABCG8,0.1310711073543568
HEYL,0.131031419062277
PAQR5,0.1310140005867433
LOC100124692,0.1310080462879731
HSDL1,0.13097671774576788
EBF2,0.1309637332290815
SFXN2,0.1309628317036036
SSBP4,0.13094780582487028
ZNF195,0.1309383872134118
ABTB2,0.13091404694662198
VAPA,0.1309038261096634
HIST1H2AC,0.1308758415682148
C13orf16,0.13084335406304662
COX4I2,0.13083882586632448
LOC148413,0.130833620944723
USPL1,0.1307815751223783
SEPP1,0.1307768521254654
RPL6,0.130766459008291
FAM113A,0.1307540651879249
SNW1,0.13075348385743601
NDUFC1,0.1307379780563669
ANKRD12,0.13071350473340282
TMEM204,0.1306170300566743
OR2A1,0.1305760374887356
CDKN2C,0.1305703003833798
ST7OT1,0.1305411141727757
DRD5,0.1305132777100225
AP1AR,0.1304774295677039
MFF,0.1304761741667933
MAGI2,0.1304719183264928
ZNF667,0.1304650058706241
CD59,0.1304332197741705
P4HA1,0.13043211084028258
METTL2B,0.13039351385757011
ASNSD1,0.1303793829686032
CYP2D6,0.1303068020475085
VPS13D,0.1303034538291363
C9orf169,0.1302936571541799
UBAP2L,0.1302839779282728
SART1,0.1302784948102259
ECHDC1,0.1302776969425219
UQCRHL,0.13027361976483381
TULP2,0.13024146074163861
ADCY1,0.1302327915159649
ZNF474,0.130222981778069
ARMC10,0.130166300163397
GOSR2,0.1301536130095684
MOBKL2B,0.1301462164383838
TRAP1,0.1301334782266257
TMEM31,0.13013246404963522
AKT3,0.1300821576219067
CAMKV,0.13005939398681582
MGMT,0.1300588480567671
RAB6C,0.1300089095981607
DSCR9,0.12997917704143788
ZNF782,0.1299662368340094
SMARCE1,0.12996516737651082
LIN54,0.12994817026437488
FBXW4,0.129942950371556
RBM18,0.1299405567890989
EFEMP2,0.129910460414051
NEK5,0.1298852119729464
UQCRB,0.1298677710246381
FAM66C,0.1298667677124101
SYNE2,0.1298359930470504
AHR,0.12980778652822642
ITGAE,0.1298012187980912
C5orf23,0.1297968825039671
ST6GAL2,0.12979632432852062
ATE1,0.1297930759014132
DHRS1,0.129763128264096
TIMM13,0.1297594164397335
GNLY,0.1297499598722469
LRCH1,0.129720967090066
WDR13,0.1297116392014267
RAP1GDS1,0.12966938016743743
SLC22A17,0.1296618315834807
ABCA10,0.1296269994408196
IL7,0.129591727636128
IKBKG,0.1295867708465435
CEACAM22P,0.12958001779266298
PRSS36,0.1295613038016822
PACSIN1,0.1295583796340287
C5orf42,0.1295538223362186
ALOX15,0.1295224842810254
STRA6,0.1294914534165224
COX7A1,0.1294782392553598
UBP1,0.1294682580002452
LOC283999,0.1294525630538478
CD48,0.1294516105651887
ENDOG,0.1294373336639966
LOC121952,0.129428270370296
ASS1,0.1294264556265442
MGC72080,0.129425118474122
HNRNPH1,0.1294018180625324
MRO,0.12939887995864738
ATP6V1C2,0.12937461084351098
CYP26B1,0.1293416364029776
PSMB5,0.1293389798776918
FDX1L,0.1293352393331162
RXFP3,0.12932845823573969
SPINK2,0.12928725205394
TRIM33,0.12927891448300333
NUDT14,0.1292659675739959
RTBDN,0.1292634285649652
VDAC1,0.1292181497900676
GOLGA1,0.12917499615218858
MRP63,0.129129725362225
TBC1D3C,0.1291265413663601
BICC1,0.1291214477133525
CSTF1,0.12908802533943461
ING4,0.1290649179133405
KBTBD8,0.12904107197933462
ANKS3,0.1290325706893507
TTC26,0.1290284564347693
OLIG2,0.1290123048842381
ZNF292,0.128964738743218
ZNF189,0.1289221958350839
LOC100190986,0.1289137288876215
MYST4,0.1288948776414882
FLVCR1,0.1288903612714914
AFP,0.1288895203848244
ZNF250,0.1288869429317696
GATA6,0.12885432845265318
MYOZ3,0.128828774213046
LBXCOR1,0.128817179900768
SLC25A21,0.12879203911825401
LOC145820,0.1287761067343744
LOC221442,0.1287411411287403
GZMA,0.12872430498162982
LAX1,0.1286731349276501
NUPL2,0.12867245243694808
CAPZA1,0.1286455991748845
TSFM,0.1286451718031387
PI4KA,0.128636714756826
NCEH1,0.128635366996418
C9orf100,0.1286335385161251
PPP1R14B,0.12862469156617812
LARP1,0.1286123253238457
POP5,0.12861064107119768
H6PD,0.12860671431215612
ATP5L2,0.1285474914525793
FOXD4L1,0.1285368975995529
SCARF2,0.1285101672873419
ORAOV1,0.12849791981010972
TRIML1,0.1284568193206601
C6orf201,0.128446980448164
RALGPS2,0.1284383282614848
ATP6AP1,0.1284251238988344
AMMECR1L,0.1284065456431556
LMF2,0.128391293353934
HYDIN,0.1283620071739344
TATDN2,0.1283477652400718
SLC5A1,0.1283306855648945
HSP90AA1,0.1283057599820894
MAN1C1,0.1283015036222423
PDGFRB,0.1282778310153461
ZNF714,0.12826447849073272
CLTB,0.1282559753831174
CDC16,0.1281993484396725
ZDHHC17,0.12819765905570002
SPATA9,0.1281540574042972
LRRC33,0.1281403965527511
HOXC4,0.1281245618135543
PCDH9,0.1281179714526271
ZNF10,0.1281083982155843
TAF12,0.1281057753145792
ZNF319,0.1281038740999496
LLPH,0.1280776714433273
BOLA1,0.1280418390683386
ALG9,0.1280216780872945
KLHL28,0.1280153234166442
TMEM232,0.127995696084917
C1orf172,0.1279752409522201
LGALS9B,0.1279655308298937
RABGEF1,0.1279426853305991
ZNF823,0.1279320574004385
HARS,0.12792196905726871
HLA-L,0.12791476615607192
NHLRC1,0.12791187488020342
PTGDS,0.1279054419325693
ADH1C,0.1278740132971741
DHX40,0.1278671001026992
NUDT17,0.1278291293224635
CDC14B,0.12781225506618948
SPSB3,0.1278056574342667
AP3B1,0.1278036372201203
DDX54,0.1277918949114176
CHCHD10,0.1277757444838285
GALNT8,0.127769963422702
ARAP1,0.1277490913235742
LOC284232,0.127743165910018
ARID3A,0.1276698049857929
ECM2,0.1276611773411572
FOXE3,0.12765644222050881
PROX2,0.1276389504204691
QDPR,0.12763070335947302
CA8,0.1275909381766385
CSTF2T,0.1275534894498978
NF1,0.1275054691347872
HLA-G,0.1274551995538485
LOC100302640,0.1274543283391796
SYDE1,0.1274478908801571
ATF6,0.1274380484350946
GRIN2D,0.1274020825880626
LEFTY1,0.127389659125178
SH2D1B,0.1273704028412064
MAP4K1,0.1273526970971052
NAGLU,0.1273415597075323
MTHFD2L,0.12733241137787138
FSTL5,0.1273277869290552
FAM175A,0.12731293005466082
LRRC55,0.12730158051820778
SLBP,0.1272913805287234
PMM1,0.1272844792762875
TAS1R2,0.1272833724563682
CT45A1,0.1272821347643425
RTN2,0.1272785005749025
GLG1,0.1272624623121869
COPZ1,0.1272502868847254
DNMT3A,0.1272348978609393
C12orf26,0.1272065322931724
HIF1AN,0.1271469737161042
HEPACAM2,0.1271268978018813
CCL21,0.1271175848108585
RFXAP,0.1271104255232384
TTC28,0.1270730864015817
UGT2B15,0.1270701731144162
NCRNA00087,0.1270611716810108
ITCH,0.1270504019831573
RPP38,0.1270302739334143
CD8B,0.126995570382684
SGCE,0.12696571253620131
VCPIP1,0.1269505577773371
CBY1,0.1269447478087691
FAM89B,0.12693763049276072
C22orf32,0.1269241785146696
RACGAP1P,0.1269186891589319
FBN1,0.126912962578724
OR51E1,0.126889067440179
DNER,0.1268736410682191
LOC100272216,0.1268633585758527
ZNHIT6,0.1268626664914691
GNG10,0.1268538708282559
SLC35D1,0.1267674120218622
LANCL2,0.1267584645668792
STRADA,0.1267537464446028
OBP2A,0.1267375354843519
RBM4B,0.1267252741736084
ICT1,0.1267023784046295
AMDHD1,0.1266513800565278
KIAA0528,0.1266375477402924
FBXO7,0.1265930632120559
CTHRC1,0.1265775207954118
GPR55,0.1265507445210154
NTRK1,0.1265483560595843
FMR1NB,0.1265444107687388
WNT5B,0.1265397400552195
TTR,0.1265294251876911
POLB,0.1265112754402144
LOC401431,0.1264591483915051
FBXO41,0.126443755555217
NOV,0.1264147835419129
TMED8,0.1264061329833704
PSPC1,0.12639987714596881
DEDD,0.1263997902453394
USP1,0.1263721553787577
RNF160,0.1263711748883836
ZYG11A,0.1263639884562755
EGR4,0.1263546174140853
C8orf76,0.1263451885178131
NID2,0.1263292943321651
APLP1,0.1263119271970416
BAT2L2,0.12631116329235031
NDUFB7,0.12631024098336802
LOC285205,0.1263084871537506
BMP2K,0.12630471403703672
ABCF1,0.1262947776524794
ZNF813,0.12629113454362412
C7orf36,0.1262783532870397
TPM2,0.1262781224716397
PSAP,0.126264566991707
NNT,0.1262640172349942
C17orf64,0.1262605817949175
ABTB1,0.1262593028428412
CCDC101,0.12625856688035542
MGC16121,0.1262503013667714
RPL29,0.1262472632598348
EVL,0.12624652208244208
CCDC88B,0.1262432199585275
DPYSL3,0.12621602018106431
SPINT1,0.126171625483734
EMP2,0.1261715253981206
NUDCD3,0.1261617558844281
SNX11,0.1261529125170894
MLL,0.12614094579163979
C8orf39,0.1261395509931154
C11orf74,0.1261246521935179
STAT5B,0.12610142811415959
PFDN2,0.12608020656908428
ANKRD54,0.1260727645946908
KLHDC8A,0.1260568241645409
SDCCAG3,0.1260281176141062
DLEC1,0.1260152920509806
?|553137,0.12598689743369051
FAM195B,0.1259564999064234
HBA1,0.1259473489299839
C1orf65,0.1259314078592483
ZNF514,0.1259276950950057
BPI,0.1259255323814003
SOD1,0.1258557739235428
LMX1B,0.1258455375262586
C19orf44,0.1258406400869847
MARCH8,0.1258321689777031
DBH,0.1257993466240313
HP1BP3,0.1257596599059315
CYP1A2,0.1257140496692483
TAF11,0.1256941496784224
CCDC60,0.125654774591433
SLC25A15,0.1256463142984662
ANO6,0.12563280004707839
SPTA1,0.12562977559335609
FGFR1,0.12561862424649953
SLC2A10,0.1256163097474362
COLQ,0.1256154300989928
CAT,0.125613155348859
ASCC3,0.12561307124831173
HERC6,0.1256033949646674
HTRA3,0.1255821107168578
PLAC1,0.1255716741577522
CRIM1,0.12556412004812548
THY1,0.12555065444692592
TOMM20L,0.1255464195902353
LMCD1,0.1255333038329369
MDS2,0.1254670291717643
ZNF778,0.12544945628622942
BCAR4,0.1254382309633999
ABHD1,0.1254186739775395
YKT6,0.1254082683117017
UHRF1BP1,0.12538957842145732
EFHA2,0.1253746951267188
MAN2C1,0.1253723613813879
HSPA13,0.1253497311033949
PIGO,0.1253468151131365
PCDHGA10,0.12532549213308553
HYMAI,0.12532028778386112
FDX1,0.12530224897896192
LIX1L,0.1252556162804727
PIM3,0.12525406872606698
EGOT,0.1252438865164162
CSRNP2,0.1252436736945077
TYW3,0.1251823887259655
CYSLTR2,0.12517741810081098
DHPS,0.1251760286644387
LOC121838,0.1251725682489184
SLC6A1,0.1251530458070727
UNC13A,0.1251357878815765
MFAP5,0.1251315774232411
AAMP,0.1251226858424233
ATOX1,0.1251041891908653
GOLGA8DP,0.1250724370377334
TRUB2,0.1250524409156129
SCAMP1,0.1250387292890101
HTR6,0.1249630201426658
ALMS1P,0.1249551875517555
ITLN2,0.1249209963415048
LOC678655,0.1249056165726171
MINPP1,0.12489864722456828
PEG10,0.1248660182949942
NCRNA00204B,0.1248341290088684
SLC11A1,0.12482706203229331
SCAMP3,0.1248190678232723
C11orf88,0.12481835924376919
C12orf62,0.124806882972964
RPRD1A,0.1248056842220859
APOBEC4,0.12475522896740471
ZNF205,0.1247427800348251
C14orf48,0.12473985376244262
FLNB,0.1247349128612418
RPS15,0.12473106502308731
MYO5B,0.12470526825921921
KDELC2,0.12468902785439001
MRPL50,0.1246856642699443
ANUBL1,0.1246795433689076
IQSEC2,0.12463366149151639
IGF2R,0.12460799607588159
KIAA1191,0.1245859548983205
TMEM120B,0.12458037907469001
WDR87,0.124558484865816
TIMM10,0.1245561358232139
ZPLD1,0.12453242161550401
CDC42BPG,0.124501767742699
TBR1,0.1244981273912823
PCYOX1,0.12449657032220542
ZFP37,0.1244924207418156
ZBTB4,0.1244773914782302
SATB2,0.1244392993545189
CHRNA10,0.1243963182857462
HIPK1,0.12438985258362041
CD101,0.124356682562849
C2orf84,0.1243530513019882
MMP19,0.1243451466960651
ATXN3,0.12427892114104319
TNFRSF13B,0.12425408525526739
RBM10,0.1242417718869842
XRCC5,0.12422612708080841
CCDC152,0.1242012634971655
GXYLT2,0.1241826840402842
TSHR,0.1241761316383
ZNF669,0.1241369887034914
GPHN,0.1241190132138299
VCAN,0.1241008520980216
PIGP,0.1240912682494648
ZC3H12C,0.12404796067823451
POM121L8P,0.1239946396777694
TGFBR1,0.12399406000802991
KLHDC10,0.12398949609243198
ICOSLG,0.1239780464049877
LARP4B,0.12392991238283169
CYP4F8,0.1239293074231891
TSNAX-DISC1,0.123921154473885
OLFM3,0.1239103241384088
ARF6,0.1239003403716216
KIAA0427,0.1238941075441804
IKZF5,0.12388949007288419
MRPL19,0.1238267331402996
TPSAB1,0.1238025835328288
ZNF704,0.12378459932607469
DGCR2,0.1237742995574013
KCNJ8,0.12377220196236692
C10orf28,0.12376436333939969
C9orf144B,0.1237529759265994
MMP9,0.1237398061042348
RAPGEF1,0.1237279910175562
IKZF3,0.1237198268244161
YAP1,0.12370826815823271
LMBR1,0.12369415260431779
FBXO3,0.1236822723162145
AQP9,0.1236645277022118
SF4,0.1236594492471137
DNAJB12,0.123649058928515
C17orf42,0.12354918344420071
CXorf30,0.1235147789933537
CCDC151,0.1235086023642209
PCDHB4,0.12350302738629448
LDB3,0.12348138074335929
DUSP26,0.1234705139387776
OR51B2,0.1234651723267216
LAIR2,0.12343018752850449
CASP9,0.1234286330895856
WDR38,0.1234204060828015
RAB26,0.12339483601136579
NRL,0.12337769157238421
C5orf28,0.12336375274286829
LCORL,0.12330198577611369
GZMH,0.12329667417736691
PDE7B,0.1232831214867106
MBOAT7,0.12326376263831931
EHBP1L1,0.12325937595830329
TFAMP1,0.1232560363876255
IGBP1,0.1232518709157992
GML,0.1232434802300134
COG3,0.12323979577242399
GNB1,0.12319859000219832
TAS1R1,0.12318966347246178
TAF9B,0.123173588341773
TAF1,0.123164468856617
PRRT2,0.1231598834999781
C6orf81,0.12315765536173699
CPNE5,0.1231220112012041
USP2,0.1230992674763726
PRINS,0.12308684012214721
TMEM167B,0.1230760829678931
POLRMT,0.12304720087897139
SIK2,0.12303904223611731
SH2D6,0.1230127551070709
TIGD2,0.1230123706421349
AJAP1,0.1230118503801074
NCRNA00052,0.1230024311656756
GPR89A,0.12296772068270809
PARP6,0.1229390512781377
MYO9B,0.1229342955815961
ZNF107,0.1229179691548784
CDKN1B,0.12289859713304449
TAB3,0.1228876053780792
CD68,0.12287233854251041
PKHD1L1,0.12285570513874419
LOC92659,0.1228502341350994
PRLR,0.12282843099447131
C2orf28,0.12280916133367692
TAF13,0.1228056818512068
XRCC1,0.1228026319487853
GPR143,0.12280130424189348
ENOSF1,0.12278217176794609
ZMYM5,0.12278166638797619
C15orf33,0.12277725527295712
MARVELD3,0.12275819395613732
IER5L,0.12275778145891729
DNASE2,0.12275694144535491
CAMK1D,0.12274493848359411
CRISP3,0.122744145681223
OR2L1P,0.1227148621072521
TLK2,0.1227022151221233
ZNF7,0.12269505206896542
APH1A,0.12268107364577921
HAMP,0.12266548361877101
ABCB9,0.1226457358127963
PGP,0.1226289860950139
ZNF579,0.12262415024430101
TRPM3,0.12262277091234511
TAF7,0.12259690585296461
DSEL,0.12259289742554719
BMP2,0.12258333523778409
C11orf63,0.1225612311340906
SERPIND1,0.12255924580794121
EIF4E2,0.1225143431734621
NOP58,0.12246822494774282
ZSCAN18,0.1224561734697871
ARFGAP1,0.1224548551825366
NKX2-8,0.1224219695491106
BCAT2,0.12241828515202209
EXOC5,0.12238900999535579
C21orf119,0.12238208944514839
DMD,0.12238108736114
ACSL3,0.1223756014892383
FAM100B,0.1223338298716574
USP30,0.1222337848591157
THBS3,0.12223339018707659
LOC202181,0.122205090439742
TMEM22,0.1222043647921335
MANBA,0.1221697224347285
VPS33A,0.1221577539159041
GAS2L3,0.1221500124451675
BAZ2A,0.1221451975120792
SMARCAD1,0.1221093531182191
NDUFV3,0.1221032332170687
EXOSC8,0.1221031964004933
CAPRIN1,0.1220868373951795
RAB3IL1,0.12208586730617821
CCDC33,0.1220575234213724
SMYD2,0.1220502387659138
C8orf58,0.1220478564332822
FOXD4,0.12203559080779501
AKR1CL1,0.1220117489059307
NBPF6,0.1220055844515861
CSRP3,0.1219856537170375
FCRL1,0.12197705441257281
KLHL36,0.12194384179161381
NUFIP1,0.1219197131626079
EMX2,0.12185600494549019
CCDC146,0.12185040462991559
IFNA13,0.12181980123413538
OAT,0.1218145963260478
EGR3,0.1218021890982201
C17orf71,0.12180049256521899
NAT14,0.12177718274208199
PROX1,0.12175161220914721
PIGA,0.12172696875623562
RINT1,0.12171990557694191
INTS10,0.1217135630931756
ABCC12,0.1217085238051066
TMEM177,0.1216891524977951
LOC284798,0.12167922566677311
ADAMTSL1,0.1216741805709283
MRPL14,0.1216618514778582
C17orf57,0.1216482958395252
UNC45B,0.1216145489786431
HSPB8,0.12160247363428021
CCDC155,0.12157215863159279
ZNF124,0.1215671076051228
PPFIA1,0.12156100032124639
GZMM,0.12155607092897851
NBL1,0.121551031458546
AP4M1,0.1215255297175159
DHX30,0.12148991027939218
SLAIN2,0.1214679114754551
AQP11,0.1214485883638613
C2orf68,0.12144679540766169
PHF7,0.1214423035981162
MED24,0.12140524224543431
MOBKL3,0.1213993561283176
MECR,0.12136289149123008
FAM134B,0.12132627325263508
IL9R,0.1213182631079447
PLK2,0.1213152863865354
ZBTB26,0.1212786925652725
KIAA1217,0.1212608099818998
C9orf37,0.1212263209519025
SUFU,0.1212239900096029
C2orf56,0.1211956484089024
KY,0.12118530228026869
PIK3CB,0.1211842018690028
UXS1,0.12117481011154181
CXCR2P1,0.1211242153321142
ST6GALNAC5,0.12111876906315609
EFNA2,0.12108714530284909
LIPE,0.1210634581459141
CDADC1,0.1210529619518903
MARCH11,0.12105069438770691
LOC100130015,0.1210427273966869
NLN,0.12101777338704481
WDR27,0.12100790081408451
ZCCHC9,0.12098020499412909
CBS,0.12095645616486468
ZNF362,0.1209477503507834
MREG,0.1209451637374567
ENOX1,0.12091257778184558
PCID2,0.1209103414630575
ABHD4,0.120893167102175
ZNF546,0.1208170517712007
RAB39B,0.1208131850462988
TINF2,0.12078634154258029
EED,0.12075247479176571
CDH18,0.12074425541004549
C17orf90,0.1206879544579691
SRP72,0.12065316560199589
ANKHD1,0.12064252298918679
NIPA1,0.120618723950704
AGAP5,0.12061683741484369
COL18A1,0.1206013432955629
FLJ45244,0.120596267801529
AK2,0.1205902549398791
PRDX6,0.12058272260095611
C14orf86,0.1205774575718139
ARL5B,0.1205682345777178
RANBP6,0.12054532555979672
CDC37,0.120519111804784
RAD9A,0.1205055236600552
PPAP2C,0.12046354566518669
TDRD9,0.12044082894397609
NLRC5,0.1204334308291579
NPHS1,0.1204151129104763
BCR,0.12040079450061711
GABBR1,0.1203733329489367
TNFSF9,0.1203619643373745
TWISTNB,0.1203601567838618
ZNF414,0.1203501316903775
KIFC2,0.1203293406480018
TDGF3,0.12032784502802271
GOLGA6L10,0.120316572869466
MED28,0.1202926449075042
POMGNT1,0.12028112377739819
OR11H6,0.1202796789036766
SERPINH1,0.12024991050455401
NBR2,0.12023991510952771
FIBIN,0.1202340009402878
UBFD1,0.12023149082816609
CDCA7,0.12020391403433821
PXK,0.1201642375146622
NPAS4,0.1201449920350845
PDE5A,0.1201421763034682
ATL2,0.12009276543397639
GATSL3,0.12008085733387519
ARNT2,0.12007015091537762
IWS1,0.1200683812440324
LOC144571,0.12002544427835221
CLU,0.120022149446142
NAPB,0.1200182240171274
IFT172,0.1200064779165184
C2orf73,0.11996835040413789
BHLHB9,0.1199491920264936
ITGA11,0.11994401915206919
SPAG16,0.11993872180395901
FSCN3,0.11993852137924549
ZBTB20,0.1199367287810446
COL9A2,0.1199364667715209
DCAF7,0.11993637344103021
PLCE1,0.1199146708690409
VNN2,0.1199038788065433
COL15A1,0.1198819234001063
FAM157B,0.1198539571227322
HECTD1,0.1198228903292375
TNNT1,0.1198171640476101
COG6,0.11978518222245368
CBWD5,0.119781417536204
HDAC8,0.1197745017203151
PIGG,0.11974971463670941
ZCWPW1,0.1197413813706195
C15orf58,0.1197348741958415
EVI5L,0.11973086645209502
CCL16,0.1197231156794378
SEMA5B,0.11971013013931049
CRTAP,0.1197075854562552
TMEM38A,0.1197047763266218
SLC2A3,0.11969933435416631
PODNL1,0.11969453406026861
MRC2,0.11967919965878791
COQ10A,0.11967445535605871
ZNF346,0.11966586693279599
MYL3,0.11966309272961881
WNT2,0.1195862033423044
ING3,0.11955942061414869
QTRT1,0.11954651108701739
HEATR2,0.1195193653660628
COQ7,0.1195045263514635
N6AMT2,0.1194981106118843
CCK,0.119486511082291
ACSM5,0.11943680551237651
TCEAL8,0.1194304242969237
SMARCA4,0.11942157869581618
ZBTB8B,0.11940164116696549
PGM3,0.1193692246720762
BFSP2,0.1193408559723925
PRELID2,0.119327068477895
YWHAB,0.11930615150729079
PITX2,0.1193024787424505
CLUAP1,0.119299140138223
PLA2G2D,0.11927147194722369
LOC400931,0.1192681415553386
ZFAND6,0.119260741266196
C10orf18,0.1192477962703966
CXorf26,0.1192426739292514
SEC31B,0.11922829442832941
DHFRL1,0.1192265994601166
PIGC,0.11921293799123331
CADM3,0.11919413959936319
LOC645332,0.1191705066839807
ADRBK1,0.11913269158661868
APOLD1,0.1190757805075663
NPW,0.119055207859116
MFSD5,0.1190481497032308
MRPL24,0.1190285075037815
BEND3,0.1190057592048497
DDX50,0.11896380635338889
MCART6,0.11895071980295381
FIG4,0.11894750642522599
NMNAT1,0.11894593544560281
RRAGD,0.1189353761423899
RPL32P3,0.1189216702443088
SLC44A2,0.11891382137787461
P2RY4,0.11890751689935469
C7orf10,0.1188802580008031
TLL1,0.1188733730989228
FAM168A,0.11886779530875341
ZNF574,0.1188400000936905
RPL18,0.1188194991195262
PPP2R1B,0.11877275778402419
IPO8,0.11874862443206491
CCDC67,0.1187428565591379
CFH,0.118728090029516
NCRNA00174,0.11870813110168679
DCAF5,0.118676113266534
BMPER,0.1186688313119763
CLPP,0.1186497831045796
SMOC2,0.1186435786221195
EXTL2,0.11863005211613831
LOC729678,0.11861781744986899
ENTPD6,0.11860317760237851
ZNF22,0.11858914470229749
PRAF2,0.1185707177321119
RAB18,0.11856582081017339
ABCB8,0.1185648225304191
PLCG1,0.11856249515720939
PACS2,0.1185404517964018
AURKAIP1,0.11853970473482611
IL31RA,0.1185179445535355
FAM128A,0.11851392539067869
C5orf40,0.11849287289467711
ACTR3B,0.1184843784707364
ACTR10,0.1184789011906395
TIFAB,0.1184679691378798
SNAP91,0.1184645508013745
SREBF1,0.1184438916951119
TMEM68,0.1184430546603467
IGFBP4,0.1184385984044075
ARHGEF1,0.1184205091021283
ABLIM1,0.1183914420515828
BRF1,0.1183789444664757
DAD1,0.1183720771305217
ZSCAN20,0.11836937590680581
GABRG3,0.11836408636326079
MAOB,0.11832967751713659
ANKLE1,0.118327236190013
FAM110B,0.11832004519725159
SLC22A25,0.1183168738842459
RNF5,0.11828113924781081
LZTR1,0.11824271433993151
TCTE3,0.11823344189742939
SNX6,0.1182009321262356
PTPN6,0.1181714672182442
NCF1C,0.1181347826900606
DHX37,0.1181291293099111
OR52E6,0.1181268554623037
SGPL1,0.11810436659173029
ZFYVE19,0.11807724666130388
C15orf26,0.1180552085157164
TREH,0.11804563047663409
PCDHGA6,0.11804456005767971
ATG4B,0.11800965537188661
CD300LG,0.1180025920748674
THUMPD2,0.11800242991442621
CHPT1,0.1179867810671947
GTF3C4,0.11798210619537129
GRIN2B,0.1179699503393013
ELP2P,0.1179597614555562
GIGYF2,0.1179485519154621
CCNY,0.1179300652418408
PRKCE,0.11792610835487191
DGKQ,0.11792286000338781
SERGEF,0.1178913231824915
BRPF1,0.11789120273491291
COL6A4P2,0.1178719090325864
MPZL1,0.117854652877574
FAM71D,0.1178319773754631
FZD3,0.117793737036262
MLH1,0.1177824513831953
BAGE,0.11776563119851101
SRRM5,0.1177026011394351
KCNK10,0.11769025010968051
USP13,0.11767109578779929
DACT3,0.11766750385059721
IL25,0.1176656282540087
ADCK5,0.1176393044622796
EDA,0.11761671391980602
ZDHHC14,0.11760177296871199
C6orf48,0.11758294441975489
VNN3,0.1175823534361153
HSPA7,0.1175717415627747
MLST8,0.1175702267876678
IFNB1,0.1175383546880329
SLCO1B3,0.1175377299328943
NCRNA00230B,0.1175068197854672
CARS,0.11749711289338652
CREBZF,0.11748925518629409
NFKB1,0.11748785302618729
MBD5,0.1174770987843289
CCDC18,0.1173897131665239
IRGQ,0.11736087248464562
ESYT1,0.1173176299434403
CATSPER3,0.1173067081833376
TSG101,0.11729425667377569
SNX9,0.1172884454759669
LOC100128288,0.1172880257245378
KCNJ6,0.11728330469989581
DONSON,0.11718871835289671
TXLNG,0.1171771394130516
HPX,0.11714132913542079
SMARCC1,0.117127036782708
SERINC4,0.117109542969847
MASP2,0.11709145315288391
GREM1,0.1170796258850343
RNF38,0.1170625174835278
C5orf20,0.11700402307187102
TRAPPC6A,0.1169998366095381
SOX8,0.1169787501309695
B9D2,0.11697229556891461
DCAF16,0.1169410732830267
SYN1,0.1169154049148248
ATP6V1B2,0.11691010176968031
MSH5,0.1168967213741762
HN1,0.11688852656833289
C15orf62,0.1168822985927889
SCO2,0.11679555007766929
CCL3,0.1167906580315889
TAL2,0.11675727542956231
H2AFB1,0.1167561266141391
PLXNB2,0.1167315569787375
ATP1A1,0.1167226457180822
LOC158572,0.11671367446375822
TAB2,0.1166600712012665
BRD2,0.11665911776685249
TUBAL3,0.1166463427764126
STC1,0.1166417871985548
CSNK1A1,0.1166029671562329
XCL2,0.116602558645041
SBDSP1,0.1165986960350621
JMJD4,0.11659771165106389
KLHL6,0.1165841285199005
CCL24,0.1165618726016638
ASB5,0.1165551097872929
ATF1,0.116520494965044
TGFB1I1,0.11651802833459421
RRAS2,0.11650656431096759
REEP2,0.1164968224633061
FCRL4,0.1164941316345666
POLR2J,0.1164884534821954
SPATC1,0.1164304085713713
CCDC7,0.11641897880762539
DCTN4,0.11636708625907491
CPNE7,0.11631934590633851
TTC7A,0.11631351379207619
PLAC4,0.1163079812958794
MYLIP,0.1163068929596292
HHIPL1,0.1163040283860831
TCN1,0.1162606440849232
HIST1H3E,0.1162498876674812
LIN28A,0.11624598481352409
CT62,0.1162294990000257
PLRG1,0.11622219532376699
UBE2G2,0.1162142806571795
INS-IGF2,0.1161980147028489
TACO1,0.1161950934098669
DECR1,0.1161891387554875
MIB2,0.1161836655979743
ADRB1,0.11611566440235521
DDX26B,0.11606020983932491
C2orf78,0.1160443404847259
SLC22A20,0.11604130727677589
WDR8,0.11603954777284099
CDK5RAP2,0.1160391770244993
CHST8,0.1160318483543922
C11orf83,0.11602768807656659
RPL24,0.1160248648747345
C11orf51,0.11602372359631101
C9orf82,0.1159970581105195
TCEAL7,0.1159512175508328
INTS7,0.115947671575894
C14orf2,0.11591560776225991
GUCA1B,0.1159005456213175
PLOD3,0.1158890496751577
RETNLB,0.1158799151673491
HDDC3,0.115865366366933
PSD3,0.1157965192193184
ABCA2,0.1157762725145086
IGF2AS,0.11577547219493911
C17orf106,0.1157712955280549
C7orf64,0.11575755219599139
CFHR1,0.11574787730098049
CERCAM,0.11574308234778719
C10orf84,0.11573507927310481
GLT8D2,0.11573109584262449
PIGW,0.1157299168437125
WDR45L,0.1157226626261293
NT5C3L,0.1156922616616827
ZNF45,0.1156812735102808
TMEM127,0.1156763104921767
ERAP1,0.11566182899473001
GRB10,0.1156607448033001
CETN4P,0.1156198979115355
E2F8,0.11560783328996299
ZXDB,0.11560064203743521
MS4A3,0.11559938226844099
SNHG6,0.11551609760351929
XAB2,0.1155105887645466
ZEB1,0.1155077835528989
CLEC4G,0.1155025933381818
ZNF408,0.1154940280853713
RIMS4,0.11547613371003931
ACCN1,0.1154551333169171
MRE11A,0.11545503777222879
ICMT,0.115427221212564
SDR39U1,0.11542555794977738
JSRP1,0.11541216898869919
TRIM13,0.11539208975348368
NPIPL3,0.1153904357391079
DAZL,0.1153811776688846
ZNF433,0.1153696102924456
MBTD1,0.1153625598496035
CIB3,0.1153561799135391
ZNF70,0.11535498734518769
DEGS1,0.1153427022338023
LEMD2,0.1153413645953415
TOR1AIP2,0.11533539989893371
HOXA5,0.1153289971525723
SPIRE1,0.1152834422937068
RPL28,0.11525717256242131
SCGB3A2,0.1152479476499351
PPP1R3E,0.1152460843850874
LOC100130093,0.11523149632974988
NFIC,0.11517405196687219
TSPAN5,0.1151729783295507
DCLRE1C,0.115156898990725
TPSB2,0.1151504654340655
STAC2,0.1151283678055514
NRN1L,0.1150758382102576
LBR,0.11504708254097469
DHH,0.1150111716058032
SFRP5,0.1150110311061663
DSCR8,0.1150071925810079
OR52N5,0.1150065706102786
TMEM136,0.1149962375330234
TREX1,0.114955569685534
PPIL1,0.11493616992402199
PSMG3,0.1149267593034318
NOC2L,0.1149259984166531
DYNC1H1,0.11491857250728049
TEX261,0.11491327579489749
SLC22A4,0.11490968299000441
FBXO4,0.11489422450329849
AP1G2,0.11489284709124029
CHCHD7,0.11487880181318419
ARL9,0.11483633162753279
ZNF296,0.11480274477792549
KCTD17,0.11477057786995949
C14orf79,0.11475242971577819
FAM183A,0.1147477634863721
NSMCE4A,0.11474425208140691
EIF4G2,0.11472368425645352
KCNA1,0.1146673369776583
PAGE2,0.1146620324491704
ORC4L,0.11465716512715579
ADAMTS5,0.1146571192405337
ARHGAP1,0.1146408657913491
FAM170B,0.1146044656760206
SLC1A2,0.1145905724723869
LRP5L,0.1145754789269846
SMYD4,0.1145704278392285
ZNF431,0.1145672323209002
SBF1P1,0.11456105386292029
MRPS23,0.11454976511673198
CAPN6,0.1145473041856516
MED19,0.11449409782093231
SLC4A1,0.11449311410064641
KRT73,0.114492742090796
EPN1,0.1144683558425787
PIP4K2C,0.1144483364659471
ZNF788,0.11443426288628011
SLC2A14,0.1144194205944084
FAM82A2,0.114390633920598
MRPS16,0.1143856580061062
DHRS4,0.1143846136892291
TM7SF4,0.1143745504014089
TLX1NB,0.1143654354509952
C15orf27,0.1143438493746405
C9orf171,0.11433051748195638
ATG16L2,0.11431958652566329
ZNF428,0.114307655955988
NAA30,0.11429336787439269
MKNK1,0.1142499622290425
COL6A6,0.11423279621681759
SNX8,0.114221189723147
PABPC1L,0.1142195040925028
LOC100271836,0.11421940914531431
PPP4R2,0.11421777489373851
CLCN6,0.11413418910515949
ZNF101,0.1140867930114135
GOLGA6L5,0.1140839319648804
WDR83,0.11407742873958052
MRPL2,0.1140740628347833
ZNF181,0.11399514409723122
SEPT11,0.1139491520524889
IL17A,0.1139403561231993
CLEC18C,0.1139393305667463
ARL6,0.1139365436843133
GP5,0.1139329278507743
GSTM1,0.1139316696823873
C16orf45,0.1139283926619239
SMAGP,0.11391588473968292
RRM2B,0.11387603598466658
SLMO1,0.1138594013606656
ZMYND17,0.11385820065689231
DCN,0.11384647542200181
CUTA,0.11384070225641729
UNKL,0.1138344375106812
SLC25A44,0.11381558981918741
HMG20A,0.1138071190515545
ALG6,0.11380459019246651
TSPAN17,0.1138044798465968
GLRA4,0.1137851969623585
PLD6,0.11378460595066611
GLRX2,0.1137700198467613
MAST4,0.11371026378336041
KIAA0664P3,0.11370355839325
ANXA4,0.11369283391958762
KAT2A,0.113675977286224
ZNF232,0.1136665900634096
PIP5K1B,0.1136472182564708
RASGEF1B,0.1136380727587854
INPP5F,0.11363334502333251
PPIL4,0.11362066350154269
NDST3,0.11360277651080081
DKFZP434K028,0.1135816138364846
CRTAC1,0.11357630971329959
MGC3771,0.11354694350312071
TGIF1,0.11354527423961439
CCT6P1,0.11354478081523721
LOC147727,0.1135221612187001
WBP1,0.1135147049841259
TP53TG5,0.1135007754270873
KIAA0368,0.1134723924219349
ZNF167,0.1134498951047787
NCOR1,0.11344639867347199
STAG3,0.1134316369220795
HSD17B8,0.11338365858741481
SMUG1,0.1133501896572879
PNOC,0.1132969348166259
MMS19,0.11329379047667962
STX4,0.1132814528071387
PNPO,0.1132803750991164
ZBTB6,0.11327558647774688
RILPL2,0.1132713982577444
KIAA0020,0.1132382409683549
GGA2,0.11321598986281711
HIPK4,0.1131717176134365
C7orf42,0.1131586746067916
ARL3,0.1131526501031056
LOC728276,0.1131425547322248
DEFA4,0.1131368312701121
LARP1B,0.1131110401822509
ZBED1,0.1130875879181565
PCDHGA7,0.11308455091177921
IPO5,0.1130780587972794
KLF17,0.11305456829530258
GSTM5,0.11304733398945982
HES5,0.11302401190895861
RPL15,0.1129850302873427
CACNA1I,0.1129841076395835
KCNJ12,0.1129725068510036
PPP1R1C,0.11296609085149781
C9orf46,0.1129257852248258
ANKRD29,0.1129195060475357
C19orf45,0.1129172594991398
SPATA17,0.1128803963924144
FGFBP3,0.1128621419719826
LOC285733,0.1128556482338165
ANAPC13,0.1128188797504519
CYP4Z2P,0.1128076677493645
CHMP1B,0.11276562640164531
ZHX1,0.11276353920421281
ZNF28,0.1127562350197896
MRPL23,0.11273792927755968
TIMM16,0.1127193838605619
JOSD2,0.11271697140199861
OPRD1,0.11268254861885581
COX7A2,0.11268190036978121
HSPA9,0.1126746367569918
TSG1,0.1126721847583377
ULK3,0.1126647083635092
IPMK,0.11264778409336411
ALDH1B1,0.1126458327056095
RNF5P1,0.1126106550817889
LOC100130386,0.11260788603843819
STMN4,0.11258023291315729
MRPL21,0.1125725999854206
IFITM5,0.1125639783464325
SNX33,0.11254517581916801
TTLL1,0.1125356625507587
CCDC28B,0.1125214093265163
ROM1,0.112520653174107
HPR,0.112498737129982
GOLT1B,0.1124947255558485
LGALS14,0.1124630395163186
ZBTB7A,0.1124352414574573
S1PR3,0.11241799804214359
PARG,0.11240444892390511
LOC728613,0.1123686338982347
RBM34,0.11233562700751701
SRM,0.11231486979313529
IDH1,0.1122758293345032
MAMLD1,0.1122400863344126
VPS37D,0.1122362013128474
APLNR,0.1122348231256587
SPESP1,0.11223072336392269
C15orf50,0.1121957950167097
TMEM37,0.1121678037174688
ISLR,0.11216768983283161
GALNT14,0.1121509933743359
PKD1,0.11214991094803581
RBM27,0.112135461661972
HTR2B,0.11212339165741898
TCP11,0.11212003133786941
DDX5,0.11210171145939571
CHIC1,0.11208210460754649
PIWIL1,0.11207417552767329
NUDT9,0.11206275942785371
MFSD3,0.1120459224599452
LRCH2,0.11201596450146359
SLC7A6,0.1119917726186588
GLUD2,0.11198660054106419
HFE,0.11198429452272471
FOXI2,0.1119772183199409
PDIA2,0.1119588827554119
KIAA0652,0.1119338775969015
PLXNA2,0.11192232325984419
C1orf86,0.1118958823927122
FAM122C,0.11188123014020251
FCRL5,0.11181712664717519
ANK3,0.1118103026614639
PHLPP2,0.11180819027619221
BCDIN3D,0.11180685898041709
MRPL15,0.11180561445117129
BMX,0.111781613280203
MAPT,0.1117810565778205
CHRNA6,0.1117685214096544
FAM166A,0.1117617760354242
ZNF335,0.1117575598212823
TRAPPC2,0.1117549517417373
FAM95B1,0.11174505653295379
ACVR1B,0.1117439530762335
LY9,0.11173572099570989
PCDHB2,0.11173047181409292
C9orf69,0.111697356458776
COG8,0.1116289562594866
CRTC2,0.11162014812019469
TULP3,0.11161889135528219
SSTR5,0.11159295950365639
AGAP1,0.1115860143492149
C17orf66,0.11157215436060339
C12orf5,0.11156798949120651
SH2B1,0.1115461409733628
RPIA,0.1115351395122229
DSCR4,0.11153423994923081
U2AF1L4,0.1115308083467242
CXorf41,0.11151002680240729
RPL29P2,0.1114856508692566
NLRP1,0.11147922077860381
METTL4,0.1114660196728474
LOC647288,0.11144918652102521
LHPP,0.1114179920389866
CDH12,0.11141142658866031
HBE1,0.1113831979392747
CYTH1,0.1113808958240578
LOC100287718,0.1113366879485084
BGLAP,0.11133559156055269
HOXB4,0.11131602298465998
GPR137,0.1113082204282281
TRIM74,0.1113050254561001
ARHGEF11,0.1112899036115433
C8orf51,0.1112357448139159
IFIT1B,0.111209968672472
ZC3H3,0.11116086779341931
FAM129C,0.1111000467801018
ALPI,0.11107927507170111
FFAR3,0.1110758154986001
MXD3,0.1110726324002827
GFI1B,0.11104143730304808
C19orf36,0.1110386996298367
TDRD3,0.1109833489260642
SLC35A2,0.11098060824051528
ATF3,0.1109707977876144
PATL2,0.11096816150791329
FBXL19,0.1109498916374424
MAPK8IP2,0.1108779170690719
FAM76A,0.1108472078753159
MAGEE1,0.1108227031961527
ATXN7L2,0.1108063700391255
HMGB3L1,0.11080323317528001
SGK223,0.11079471097976129
PPY2,0.1107692935702975
CEP290,0.11075856049561308
GNAO1,0.1107492950027877
FAM129B,0.1107216500807765
SNAP29,0.11070407562708119
MTDH,0.1106991254159841
SIDT2,0.1106968321006711
KRTAP1-5,0.110686650780095
CYP7B1,0.11067353615049891
CPSF4L,0.1106204251318833
KANK1,0.1106053413186755
SON,0.11059877164717312
SLC18A1,0.11059373226733851
DNAJC7,0.1105635810470338
CD1D,0.1105547452963859
TMEM88B,0.11055043364583489
ECH1,0.11052099027469901
WAC,0.1104959494333637
GRIN2A,0.1104951843134903
SLC14A2,0.11049116572184679
LOC441601,0.11048671932112049
CDH10,0.1104773902520058
MLL4,0.1104760287715063
IER3IP1,0.110466560318971
KCTD18,0.1104638859523428
SLCO1C1,0.1104467839093545
INPP5E,0.11041686213296209
TIFA,0.11041049530378741
DYNC2LI1,0.11038205690669241
LOC100128640,0.1103808124675621
HELB,0.11037870628702989
CIB1,0.1103782636040756
LOC100270804,0.1103703088770786
CPLX4,0.1103252102979982
NAP1L1,0.11027841858173251
TUBB8,0.11027614465906231
CNKSR2,0.1102731893214079
MOV10,0.1102526763746447
NUP62CL,0.1102365258347367
STK31,0.11023314058470901
PRSS33,0.1102248831182652
CC2D1A,0.11021677563966109
MAS1,0.11020117921186981
IARS2,0.11019600627239161
CDC20B,0.1101390498178334
ZNF81,0.11011892371244711
FDPS,0.11009535558071089
MCOLN2,0.11007848189696548
LOC285768,0.1100775753417792
BRD7,0.1100666239463371
KLHL26,0.1100578299361658
PDSS2,0.1100235632616019
SSX1,0.11001008909495802
WNT9B,0.1100063435160761
CHMP5,0.10999089477599672
UGT3A1,0.1099897898400711
LOC100268168,0.10998859292124491
OTUD3,0.10994864574259441
DNAJA3,0.10994552197931201
LOC729467,0.1099272240752659
IL2,0.10992703031299848
SYT4,0.1099153853146604
SCT,0.109903845216933
N4BP2,0.10989856890933801
POR,0.10986015372668498
MYH3,0.109846734282937
CYP11A1,0.10984408369087921
TBC1D8B,0.1098111173392689
XCR1,0.10980997707287041
PDCD4,0.10980765285271579
CUL4B,0.10979518880900331
COL4A2,0.10979097285344769
RAB3GAP1,0.10972542864238141
FAM70A,0.10972469492861919
HYOU1,0.10972142039748439
CXXC1,0.10971451743219231
C22orf29,0.10969981228848001
PARVA,0.1096935289486001
TBC1D29,0.109688206259107
TTTY10,0.10965971282376831
POLR3D,0.10962825299895769
ZFYVE21,0.1096135245985051
KAL1,0.1095974081666695
RNF32,0.10958499679813868
GET4,0.1095820604103328
KIAA1429,0.10958048375550229
APBA1,0.1095752960559261
PDE4B,0.109574727497494
C20orf177,0.10955907373863309
RPL26L1,0.10954240417812959
ANKRA2,0.1094821256941573
CD81,0.1094512787547587
MOGS,0.1094473975699398
DERL3,0.1094205506912062
EEF1D,0.10938178319498182
AGAP11,0.109377163795286
CHKB-CPT1B,0.10936524989848839
TDRG1,0.109361028966509
GATAD2B,0.1093316141607852
RBM26,0.10931870761680691
C1orf58,0.1093180952278139
IMPA1,0.1092892052681924
NOD2,0.10927727427795839
RPL23P8,0.1092536220362095
NUDT9P1,0.10923814872951529
NLRP8,0.10923191260823181
PRKRA,0.10923108737450439
GAL3ST3,0.10918595534762819
DHCR24,0.10918151014703541
ALKBH8,0.1091482039760338
SFI1,0.10914630800541199
DOCK9,0.1091425641138365
TOP2B,0.1091380164653426
LIN52,0.1090874178652754
ZNF503,0.10907657131933389
OR10G2,0.1090293403084539
CYBRD1,0.10902695057624351
HORMAD1,0.1090235496446586
PTCHD3,0.10901516842509308
FBXO44,0.1090136888577098
ZZZ3,0.10900955447260172
MAG,0.1090074219487337
RCOR3,0.1090008540729891
SEC62,0.1089346896037129
XYLB,0.108916012133427
TPTE,0.10891189419506239
TRIM11,0.1088969876557745
NDUFA1,0.10888509721559311
ASH1L,0.1088767198101582
APOA2,0.10887509876953791
E2F1,0.1088649336049843
RNLS,0.1088576852044358
NRIP1,0.1088571751048097
FGFR1OP,0.10885111563183689
LOC339524,0.1088262933970631
PCNX,0.1088084565404918
TMEM209,0.10879764829359591
SF3B4,0.1087924147176067
DDOST,0.1087697058563134
TP53I13,0.10876415845105838
GP2,0.10876384947296211
PLA2G4C,0.10875014634131089
CLK1,0.1087323472268865
VPRBP,0.10873035971962111
KCNJ1,0.10871262980087541
CCNYL1,0.10871051486269148
?|390284,0.1086752141996281
OR1M1,0.10866900018037061
NSMCE2,0.10863501727350501
OFD1,0.10857790721881079
SGCB,0.1085177401327384
CXorf42,0.1085112452619793
BMP10,0.1084770953942519
FAM58B,0.1084522467556225
KCNJ9,0.10843599798167201
TDP2,0.108414396041232
WFDC1,0.1084047008824148
A1CF,0.1083980849577818
TNPO1,0.10839771046469
NCRNA00120,0.10837868687426269
ADAT2,0.10833180456118731
C4orf38,0.10831349905370839
CCNI,0.1083108082519281
ZNF512,0.1083090622130292
FAM41C,0.10830111284841493
SCAPER,0.1082983403057367
ASB13,0.1082870513345827
ONECUT2,0.10828022901462091
UTP20,0.1082745456254306
ZNF791,0.1082680766886563
CBFB,0.10824361846076339
CDKL1,0.10822836852459851
LRRC4B,0.1082278247824567
FAM7A2,0.1082250850897883
SLC25A27,0.10822260051719021
C21orf15,0.10821820560821731
ERMN,0.10819231456599118
ENOPH1,0.10818831937900761
LASS1,0.1081576606890923
RAP2A,0.1081524470412614
ELF2,0.1081302820165411
COPS6,0.1081090661040034
ZNF333,0.1081003485493437
C21orf34,0.10808563449473681
EDN2,0.1080775791799148
CNN1,0.1080643945287718
C9orf117,0.1080248917200319
RGS13,0.1080027183953236
C8G,0.1079992662833079
FAM193B,0.10798468785359941
RG9MTD2,0.1079832541654878
ZNF675,0.1079758269858542
GRM1,0.10795149935494561
TMC1,0.1079494999935057
IMMP1L,0.1079488156211945
ZNF180,0.1079395289215123
DCUN1D2,0.10793186809455321
C17orf81,0.10792704576513928
BBS5,0.1079254899779108
C21orf130,0.10791342767078149
CDHR5,0.1079115798512784
LOC100128292,0.107887289460583
ERG,0.1078790278134712
ANKRD22,0.1078686383917455
PGBD3,0.107822154574882
NEU3,0.10781525767274909
GLTSCR2,0.10781258813414979
C17orf47,0.1077077963131115
SSH2,0.10770511689741591
RRN3P3,0.1076876582317242
PTGDR,0.10767965962982001
MAGEC1,0.10764591833035742
C8ORFK29,0.1076409915058588
MGC14436,0.1076367594661776
PSMC5,0.1076089950493276
AGTPBP1,0.10760031487444051
OSGEPL1,0.1075945198006537
MRPS28,0.1075903141535573
LOC338799,0.1075830090641114
MEGF6,0.10757308123526521
DCXR,0.10748496999498051
POMZP3,0.10748070910492191
C2orf47,0.1074655543656196
SPG20,0.1074563440935099
CALHM3,0.1074255870038343
FAT3,0.10735324907313101
IGF1,0.1073510260747425
FRK,0.10734836155539729
ZBTB1,0.107337877957811
FNDC1,0.10732962059836688
PRND,0.1072689285620761
DCP1B,0.10724224916374901
KRTAP10-4,0.1071833390514052
ZNF71,0.1071788427103717
C15orf34,0.1071591855434351
IGSF5,0.10712969789614671
MYBPC3,0.107099876088022
ZNF226,0.1070721972621124
TUBA4B,0.1070681241771142
EID1,0.1070680561436065
CDC14A,0.1070664762980835
COL4A1,0.1070444503909989
NADSYN1,0.1070253277314756
SETX,0.1070069831633427
COX15,0.10698145137866649
PDZRN4,0.1069777402841031
ALKBH4,0.10696671524672921
RPL19,0.1069604825978293
TBX20,0.1069434934918338
C8orf59,0.10692967329524279
SLFN14,0.106882733138991
C1orf26,0.10685911192573219
DTWD1,0.10685735730900581
ANKAR,0.1068547474640845
SNX29,0.10683241532328741
RSRC2,0.1068287342108651
MRPS5,0.10682272527390542
BAIAP2,0.10682015537386319
OTUB2,0.1068194345737693
EFHC2,0.1067889645377776
OSBPL3,0.1067560377177243
ZFPL1,0.1067244957270797
ISG15,0.1067219519735926
ZNF764,0.10671792183510109
ELL2,0.10667601656457991
LOC348840,0.10662122291747389
PPAPDC2,0.1066137561327632
SCYL2,0.106611990614535
C4orf22,0.10656957461203541
TRPM2,0.1065569747251092
BCORL1,0.1065471347719346
TRIB3,0.1065461076035491
EDDM3A,0.1065423201254237
SLCO4A1,0.10651103158106981
RPL34,0.10650166730145899
F13B,0.1064981511218873
RAGE,0.10649669055289548
HDC,0.1064890406220986
DPPA4,0.1064636969800115
KDM1B,0.1064514596422496
LOC100131193,0.10640010599360361
SSR1,0.10639449968462839
IL7R,0.10634712045956499
ZNF775,0.106305286399559
RNF128,0.1062913390558007
ZNF629,0.106290485095606
SLC26A7,0.10628109250766829
KIAA0196,0.10625564580269839
C17orf100,0.1062183224829209
DCTN3,0.10619497901512451
RPL7A,0.1061822439617697
FAM183B,0.1061762773395693
OXSR1,0.10617352538422259
DMPK,0.1061569591221809
ARG2,0.1061403055494308
NPTX2,0.1061395462298044
NR4A3,0.10612418408014129
MYST2,0.1060869766511848
CNOT2,0.10608352288343509
HNRNPC,0.1060592258837895
SEPN1,0.1060505657011289
LOC96610,0.10603463394117141
C9orf80,0.10601031234307051
LOC100130987,0.1060014846090854
MBNL1,0.1059921691536495
MRPL38,0.1059517181120267
CXCL12,0.10594856170928381
C6orf118,0.1058973056571994
MTX3,0.10589666303399758
CA5B,0.10588635989723379
PPP6C,0.10587652556832991
ETFB,0.1058717724279354
ACTC1,0.10587116174622169
CLPS,0.1058708118016121
ZNF490,0.1058460006735214
C11orf66,0.1058427707418264
CNST,0.10580553818721841
BTF3,0.1057929834693703
PHF20,0.105740614064331
ATP5SL,0.1057327049169748
KLRF1,0.1057122011366241
ANGPT1,0.10569900642192429
LYRM7,0.1056869209553723
OMA1,0.1056857139083852
ZDHHC20,0.1056811902637015
LOC81691,0.10564323292668311
HBQ1,0.1056254667865394
C4orf47,0.10562052653883429
RNF40,0.1056052509353825
LOC80154,0.1055813167952408
LIAS,0.1055591744983692
CTGF,0.10555555787559578
EGFL8,0.10550952468696939
UHRF2,0.1054938017014157
LGALS8,0.1054737205023045
WDR36,0.10547270437589462
AQP7P1,0.10543834485234929
FLJ10357,0.1053852242440404
MTPAP,0.10537538097689989
SLC16A8,0.105361093693857
LYG2,0.10534850770419099
CLDN5,0.1053416608465283
SLC35F4,0.10533679779425709
RNF216,0.1053355225194794
PTCH2,0.10530774654651132
ATG9A,0.1052986187158231
PPID,0.105287791731483
KIAA2022,0.1052723714888746
DIMT1L,0.105261352979971
LRRC70,0.10524931814330742
SRPK1,0.10518811638146851
SLC6A9,0.10517433112856231
FTHL17,0.1051741072274458
CLVS2,0.10515700780477591
PDE6B,0.10515153990535318
ZNF829,0.1051502998532281
DNAJC24,0.1051496060865752
FAM73B,0.10511241721915739
RGS11,0.10510150650984881
GCN1L1,0.1050971621017641
ITGA4,0.1050949040812093
FAM76B,0.10504911076407711
DOLPP1,0.1050084039073989
PLCXD3,0.1049911584057381
BCCIP,0.104983614349474
LOC100133545,0.10497934259061562
SAMD14,0.10496519188220091
ZFP82,0.1049321342291748
SPON2,0.10493102523524271
CPLX3,0.1049281263972845
LEKR1,0.10492650573106829
MKNK2,0.10485215570939099
UOX,0.10483991739582832
STEAP3,0.1048352011673589
LRFN5,0.1048063958783217
SLIT3,0.1047883234658486
DAG1,0.1047675957439951
MYL6,0.1047624393337183
GPCPD1,0.1047410409196238
ATP6V0A2,0.1047332723611601
MEI1,0.1046858142640716
SCGB1D2,0.1046322494216416
CYP3A5,0.1046292012472072
HIST1H1E,0.10462401131910021
NPPA,0.1046171916873894
GATM,0.10460185343911109
DDX31,0.1046005497392036
CTR9,0.10459186227595771
ZNF426,0.1045917310312872
IP6K2,0.1045679071912167
GNG8,0.10454069572868399
NAT8L,0.10451907675264009
LETMD1,0.1045124481095572
MED26,0.10450633857160702
RNF219,0.1044939027086805
C14orf166B,0.1044701962901648
IKBIP,0.1044511069449547
ANGPTL6,0.104418702884798
PRPF3,0.1044184629641386
SLC47A1,0.10441096865744641
MYCBP,0.10440676541325991
C1orf77,0.1043737170289331
SIN3B,0.10437245624620631
DPT,0.10436644693570969
TMOD2,0.1043577599079478
USP18,0.10435375952113289
CTNNA2,0.1043440483206283
LOC100133957,0.10433498856765319
CLIP3,0.10432929053307652
CEBPE,0.10432102514167128
ZNF492,0.10427003736899321
C11orf46,0.1042484329609251
VWA5B1,0.1042010066031436
LOC93432,0.10418567738677419
NXF1,0.10418017002857691
PCDHGC5,0.10415993307093331
TBX10,0.1041388218451576
RPL10A,0.10413556872122531
CYGB,0.1041353442389256
RPP30,0.1041285015902757
TPCN2,0.10407939016307641
DBN1,0.10407820410116879
C10orf4,0.10406277199912399
KCNA10,0.1040618457398444
TEX11,0.10405992008134018
BLVRB,0.1040319400048833
SMYD1,0.10402715178623971
RFPL1S,0.1039700674426676
TMEM159,0.10396689423683769
MAP3K6,0.10392857937109841
GAS5,0.10392518396713189
MSTO2P,0.10391367297440139
PET112L,0.10390857579681612
MED22,0.1039003926088896
SPINT2,0.10388283294624549
GIGYF1,0.10385355125723891
ARHGAP5,0.1038497134611249
SLC9A6,0.1038403233969867
CEP110,0.1038173996956906
MAGEL2,0.10380275257126029
ARHGAP27,0.10380159691211169
SUCLA2,0.103798265936104
AATF,0.1037982504315812
ABCA9,0.1037911127362299
SMEK3P,0.10378927043619018
NKAP,0.10378179430309731
LSS,0.10375612188960501
LDHAL6B,0.10375486550349661
RPS23,0.1037464135368085
B3GAT2,0.1037233546607601
FCAMR,0.103719452760423
NDUFS2,0.10368516865731692
PUSL1,0.103661992391139
LOC388789,0.10364597953028261
PPPDE1,0.1036391842049819
VPS37B,0.1036162753447877
ZNF329,0.10361482797229771
DAO,0.10361375595768929
HSCB,0.1035920401528501
MRPL55,0.10359079109830921
P2RX2,0.10357193432416001
ENTHD1,0.1035572445341211
C16orf68,0.103521308105994
C3orf71,0.10351591846954
KIF16B,0.103512887247554
OSTCL,0.1035097484716014
EBF1,0.1034986926539276
NIT1,0.10345097122268161
EPHB1,0.1034410555977457
SGCD,0.10342173075335
TSEN54,0.10341465792511849
GJA10,0.10341200683845009
DENND4B,0.10339354093945902
C9orf25,0.10336336909677749
ADCYAP1,0.1033375009973984
MRPS35,0.1033343387690229
HEATR7B2,0.10333122027308571
ACSL6,0.103325219214144
SERTAD3,0.10332498941405249
C19orf12,0.1032958480972446
FAM120AOS,0.1032911093054654
DDR2,0.10328425416047829
C6orf155,0.1032757106342614
BFSP1,0.1032515018612976
DCI,0.1032513978812484
ZFAND2A,0.10321406673658298
ZNF618,0.10315016674863789
TEAD2,0.1031352219287609
FHDC1,0.10311664231499332
MSTO1,0.10311564150997138
ZNF397OS,0.1031144322581555
SCRN1,0.10309115086602991
PIP5K1A,0.1030889750419623
CRY1,0.1030757556404762
SH3GL2,0.10306866578526651
LOC100189589,0.1030519957814993
SUZ12P,0.1030512451869615
C22orf40,0.1030470563207822
AFMID,0.1030356784846524
HPSE,0.10302981356262289
RNF166,0.1030264065400924
PTPN3,0.10298458711998311
MLXIPL,0.10298328800349599
RBMS3,0.10296908644669871
SRP68,0.1029664089879336
HMCN1,0.10295733187715339
NPAS3,0.102912718678229
ZNF713,0.1028837974421972
ATPIF1,0.10288332088081181
TREML3,0.10287919303586701
SLITRK4,0.1028657425028828
UBN2,0.1028652432713175
PDZD4,0.1028639619532837
EIF5B,0.10286232433729381
TXNDC5,0.10284028024931009
C6orf94,0.10283320281336669
C12orf60,0.102817479623854
FITM1,0.10280574874306231
SPAG9,0.10280041521339611
FCER2,0.10278249630750019
ZNF643,0.1027560701755698
EAPP,0.10271888643848409
SASH1,0.10271468333777771
HSBP1,0.10271386088496019
GP6,0.1027032806084054
TAAR1,0.10268557212597809
CCDC63,0.10268166322309491
PAGE2B,0.10266375236319461
MYH7B,0.102636066247988
IFI44,0.10259967560099931
C7orf31,0.1025923415280937
MTMR9,0.1025823363560023
TMEM141,0.1025655578508618
RCOR1,0.10253207143287149
FAM13AOS,0.1025319095583983
FAM48B1,0.1025135461732858
ABCA11P,0.10250370262461769
ZCCHC6,0.10248418080962168
GPAA1,0.10247373747793741
MORF4,0.10244943048579169
WASH7P,0.10238780823015631
ZNF642,0.10234827869026838
NELL1,0.10234537490937588
NME2,0.10233837586688072
NEAT1,0.10230798527570689
THG1L,0.1023017588715585
C7orf61,0.1022880457169382
SPIN3,0.10223613873229351
AARS2,0.10221612295280161
UBR4,0.1022054481815968
C3orf31,0.10220053912174229
ANKRD5,0.10220052176307019
GZMK,0.1021908362688071
SCUBE2,0.1021744502384111
KCNAB1,0.10216029752428621
HGS,0.10215410587203519
KNG1,0.10212711979862191
C19orf70,0.1021267418948456
PABPN1L,0.10210406573503111
AGAP3,0.1021014895763751
C1orf89,0.1020955776249384
TIMM22,0.1020840522333295
NUDT4,0.1020804053302658
SF1,0.1020425960841798
C1orf92,0.10203785069949449
DRD3,0.1020137370677239
ZNF24,0.101994980583428
SUMO1P1,0.1019844361330976
RPS6KB2,0.1019781925278022
CTAG2,0.1019738784190075
SLC8A2,0.1019669206294454
ZNF648,0.1019317346428052
VPS28,0.101928493222531
NOTUM,0.10192423571799669
PARK7,0.1019204980909815
ARHGEF18,0.1019025777692773
CCIN,0.1018934068340567
FCRL2,0.10189012725972271
HS2ST1,0.1018884064808882
LONP1,0.1018213033329979
HEATR5B,0.1018177503344489
DCAF12L1,0.1017507621617837
TRIP4,0.1017319020878777
GRIA4,0.10171266735512341
FSD1L,0.1016964961474133
PJA1,0.1016496431806629
DEM1,0.1016466572832386
PNPLA5,0.1016410113257243
RHOQ,0.1016124413764079
BMPR1A,0.10158056530524301
SIKE1,0.1015733366801665
SMAD9,0.1015054926922359
KIAA0895L,0.1014838908458028
SEMG1,0.1014782546175571
CLCC1,0.1014589892705927
LOC100130522,0.10144696141017791
KBTBD7,0.1014464629000987
C1orf50,0.10144158763598679
TNFRSF10A,0.10139956013587981
PVRIG,0.1013977097034829
C2orf85,0.10139222804196829
GRM6,0.1013570104496926
DCLRE1A,0.1013378023198365
MDM4,0.1013357094914601
SLC26A6,0.10130790418543971
SETMAR,0.1013057819432653
BCAS2,0.1013006524701681
ZNF692,0.1012615853632654
PKDREJ,0.10124997241137879
POU4F1,0.10120669061856702
C11orf61,0.10120304822505491
TNNI3,0.10119445650375108
ACPT,0.1011863943336134
MEF2B,0.1011563201733513
HM13,0.1011336380003101
RAB11FIP5,0.10110107711807201
FADS1,0.10109576411241519
PHACTR4,0.1010896697230193
MSRB3,0.1010673114041114
NOL7,0.1010542804806802
VTI1B,0.10104394101903619
THAP5,0.1010098895636308
ESRRG,0.1010092004699341
ZNF140,0.1009965094776244
OTOP1,0.10096896100837989
SLC38A8,0.1009641707586175
ZNF280B,0.1009575026831443
PIGV,0.1009452534619083
NDUFS4,0.1009298265103108
KCNJ5,0.1009175384679654
PLA2G7,0.1008947413172679
NEBL,0.10088863099108951
SCARNA10,0.1008574472634195
PNMA3,0.1008554056645416
TDRD12,0.1008403042764032
DHX15,0.1008229649111635
KCNV1,0.10082257305413721
FOXN4,0.1007942745595716
RRP12,0.100785466402062
PICK1,0.10078251033211609
PI4KB,0.100766041397298
RABGAP1,0.100752401608707
CCDC61,0.100708572514679
ZNF606,0.1006780738651007
LOC220930,0.10063933073901389
BLOC1S1,0.1006335987104378
RGSL1,0.100630536847615
TM6SF2,0.1006257743235444
ZNF765,0.1006009221895521
CLEC4M,0.100590658748237
ARHGEF33,0.1005608388839387
SERHL,0.1005077422928109
SS18L2,0.1004513094154545
GOLGA8B,0.1004209756896794
OR56B1,0.1004146511667145
GALNT11,0.10040997706895222
ATP11C,0.1003794952713325
DDX59,0.10036720496853149
C22orf39,0.1003662406361131
SENP6,0.1003586765587801
NDST1,0.1003544885036984
STYX,0.1003514386090725
PAPLN,0.1003324942167343
PABPC3,0.1003313362274209
LAMB2L,0.100329669588512
LOC150776,0.10030589852819399
PNRC1,0.1002944579275922
PRDM2,0.10027087381642351
NXPH2,0.1002591910999239
MGC23270,0.10022434255971091
AADACL3,0.10019130493100109
PLD2,0.100177402372168
CXorf38,0.1001721724061132
NOX4,0.10014933351412689
TRDMT1,0.10012975800698501
C12orf65,0.100128787213141
CMTM6,0.1001240694986145
STX11,0.1001061057908578
CD300LD,0.1000953352911848
PBX4,0.1000948826497158
HSP90AB2P,0.1000829420772063
URB1,0.10007164961768311
HUS1,0.10004844838420301
MPP4,0.1000468613987896
IDI1,0.10003984124937579
THRAP3,0.10002400197459922
FAM86B1,0.1000036609937031
C20orf132,0.09998553162403351
RUFY2,0.099985519663332
CUEDC2,0.09996003597840648
MRPL44,0.0999497602801073
C6orf47,0.0998990108409946
G3BP2,0.0998926387028012
FBXO34,0.0998809819980851
GJC1,0.0998665140373659
SHQ1,0.09984101554370509
DSCR6,0.09982891900695781
MGC29506,0.099820340769404
BANF2,0.0998190791765582
FAM13B,0.0998132737067897
FBXW7,0.099808315230029
ANKRD26,0.0997831470974218
RRN3P2,0.09974528770826571
AIRE,0.09970304695716721
FDXACB1,0.09968424246715539
IGFBP7,0.09967667587506361
NFATC3,0.0996617218609826
LOC100286844,0.09965907218296138
CAPN7,0.09965350888171579
PFKFB1,0.09964959646318201
PSMD4,0.0996189524860484
MAP4K3,0.0996009977921338
RELL1,0.0995655868555399
TPTE2,0.0995587460429822
GPR150,0.09955591361782791
FBXO47,0.0995494059869822
FLJ37201,0.0995433582924057
CHIT1,0.0995295913161775
DNAL4,0.09952940932813159
GFM2,0.099480960405083
TMEM110,0.09946567510767629
TSC22D1,0.09944586316520988
DMTF1,0.0994266952922975
GALK2,0.0994126802524139
DSCAM,0.099410086886022
RAD18,0.09940983076871221
C10orf88,0.0993989815182643
LOC100132724,0.0993835481410301
DCDC2B,0.0993777551823623
CRYBA4,0.099363923616105
PRR7,0.0993476626408834
MSN,0.0993409257786512
SETD3,0.0993253920609085
EOMES,0.0992771475114568
C11orf71,0.099276298984849
SLC38A3,0.0992745189055691
SNAPIN,0.0992692416768908
ERGIC2,0.09925512840143509
HSD3B1,0.0992357367495952
SLC16A6,0.09921993384876551
GPRASP1,0.09919147309993609
ZNF25,0.0991876719568838
ADAMTS13,0.0991736516256556
ZNF268,0.0991605319429159
CCDC117,0.0991502922561738
LRRC14B,0.0991493834292649
KATNAL2,0.0991445245491185
POLG2,0.0991348548194703
NCRNA00028,0.09912386444433269
MYO9A,0.09908548835849179
COMMD4,0.0990748030883737
TMEM181,0.0990719848700301
JAZF1,0.099067554539837
PTPN12,0.0990349188559856
ZNF14,0.09902520760187959
C6orf145,0.0990185465945526
IDI2,0.09899566478880219
C6orf192,0.09899438725733481
AMDHD2,0.0989758608418334
EPHA8,0.09897453814128641
HDAC3,0.0989687602090622
PHACTR1,0.0989668054100225
FNDC5,0.0989263659459883
SLC16A11,0.0988877260725809
MOGAT3,0.09885848785143539
SLC7A14,0.0988477328415232
RPS6KC1,0.09883661750544079
CHRM5,0.0988349980740027
GLCE,0.0988319554607566
SRRM2,0.098826261625662
UGGT1,0.0988142567959268
ZCCHC8,0.0987998761811798
COBRA1,0.0987874999685167
FAM169B,0.09874347067706471
CDC14C,0.0987398193995099
LOC153910,0.09873626215717898
MMEL1,0.0987332605025396
BEX4,0.0987215214752834
OSTC,0.09871853568119288
C17orf77,0.0987030670218513
C1orf223,0.09865240340383369
ASPN,0.09863374458168331
TMEM35,0.0986274914571199
LOC388387,0.098625179878216
BRDT,0.0986090764881994
SFRS16,0.09859773296829309
PPRC1,0.09856973152608721
C16orf7,0.098508146791232
AK3,0.09848460350043169
CLVS1,0.0984624957599968
PIRT,0.0984619369892976
CCR8,0.0984552874144409
NEU2,0.09843772042432851
HS3ST5,0.09842455445808282
C1orf52,0.0984160888397252
CDK12,0.0984000765019219
FBXL14,0.09839054975237001
SDHB,0.09838582906246379
NUCB1,0.0983736388486572
SGCG,0.0983483945325301
C19orf76,0.0983481163119727
LOC91316,0.09831160536012701
GABARAPL3,0.0982904819502996
IGLL1,0.0982871456313421
TLR1,0.098273118930762
EGR2,0.09825454855486809
DGAT2,0.0982509074945323
GUCA2B,0.0982376799236528
FEZF1,0.09823490495997879
SORBS3,0.09823298452506711
CUL7,0.0982269867358633
MTG1,0.0981941470236579
ID2,0.09818958436772439
PGA3,0.0981576580882945
C20orf85,0.0981496056460609
KDM4B,0.0981275928456115
DUSP18,0.0981018360708416
CLDN25,0.0980881248167961
C2orf18,0.09806736968538071
PDPR,0.09805992821278141
SEPT7L,0.09804443414665959
COL19A1,0.0980268723690811
LAPTM4A,0.09801579083842989
C6orf164,0.0979835960806362
SRR,0.09795276736240041
ADIG,0.09792704087622711
SKA2,0.09791136268337021
RC3H1,0.09789653302064569
HIST1H1T,0.09789550901219991
KCND3,0.09788767361885599
DTNA,0.0978698692457481
TCHP,0.0978449996908027
OSBPL1A,0.0978201468600186
PPP3CC,0.0978129585217256
SYNPO2L,0.09780842434974521
C14orf43,0.0977976936775279
EFCAB7,0.09779281764414499
LYZL2,0.09777809285554971
IL10,0.09777188949287391
COMMD5,0.09774385671781931
DLGAP2,0.097727511383876
PSMA1,0.0977180469085718
FOXRED1,0.0976934528686701
RSPO4,0.09769004995444
MED14,0.0976747732777122
DCAF4L2,0.097653017188008
WFIKKN2,0.0976330507459309
C9orf142,0.09761343480844802
EML3,0.0975873840748131
NRIP2,0.0975725333371265
ZNF132,0.097568262255607
FRS3,0.0975481902398884
MTMR4,0.09752607378491851
TKTL1,0.0974936857571991
JMJD5,0.0974590049731412
MED6,0.0974486028257939
SFRS12,0.097428414277476
SEPT7,0.0974073809502018
NUDC,0.0974007382548339
LEAP2,0.09739345982995459
NFYC,0.09734784713395889
ZNF805,0.09734197890955121
UROD,0.0973366326713751
TACR1,0.09733010605485211
UTP23,0.09731910793160331
ACADL,0.0973182891438812
LOC728743,0.0973179280613734
GAGE4,0.0972796219341289
CD27,0.09724344263911061
PITRM1,0.0972112739257106
C20orf29,0.09719986500462431
C14orf156,0.09716814727068898
NLRP9,0.09716784983325791
AARSD1,0.0971338658524864
POLR2K,0.09712148103900681
HPD,0.09711896527741948
MIR17HG,0.09711500943648539
OR2B11,0.0970948205650975
SCAND2,0.0970171267804458
THSD1P1,0.0970148835209246
TARSL2,0.09698168046058499
JMY,0.09695513728202479
C6orf154,0.09694066942963661
PPEF2,0.0969267983212663
MAGEB16,0.0969252531283594
PRPF38B,0.0968902948374002
PNMA1,0.0968825924352654
OR5E1P,0.09685540271645579
FIS1,0.09684533365768999
AOAH,0.0968371159953782
ZNF275,0.096814388398582
MAL,0.0967624304522136
CCNL2,0.096759878895757
C21orf129,0.09671072416795919
ERAP2,0.0966907319949611
SLC7A9,0.0966817192585909
CHRNG,0.0966764381848063
ARFIP2,0.09664613949481221
MSL3L2,0.0966360686909757
ESX1,0.09662710452433271
FOXN2,0.0965997037066662
NEDD4L,0.09659651487102891
OPN4,0.096594689322032
GSDMA,0.0965653597902532
AEBP1,0.0965646688526069
LRRC15,0.0965508173315405
WDR73,0.09652966046801391
MAP3K11,0.0965142104102269
FTSJ2,0.0965126772819561
APBA2,0.0965089454266634
PFN3,0.0964769203789895
BIRC6,0.09646111063891341
C2orf82,0.0964485434962914
SERP1,0.0964298871130572
FOXJ3,0.0964278696857736
DMBT1,0.0964215770904346
TERC,0.0964097994331804
LRRC40,0.09639555328752761
OXER1,0.09638759752489141
COX7B2,0.09638464072514058
ETV3L,0.0963601173798917
RNF11,0.09635053561096951
MEX3D,0.0963324613656967
MAGEB1,0.0963107089437374
BAGE2,0.0963002294126181
GPSM1,0.0962577234070465
GOT1,0.0962429865581095
GRPEL1,0.09621333139952
MEGF11,0.09620914102582812
SYCP2L,0.09606464170197909
NINL,0.0960625955537924
UPF3A,0.09605088047209841
DUSP12,0.0960497023149198
RGS1,0.0960454302921301
ADH4,0.09598732778900279
LOC100128788,0.09596972237790881
HOOK2,0.0959506246021294
NPM2,0.0959359252931472
CNR1,0.0959245566965778
BCL7B,0.09591648753074039
RSBN1L,0.0959105608116025
OPTN,0.0959024691499554
TNNI3K,0.0958954807176848
DKFZp761E198,0.09588922749503899
IRF9,0.0958844425647934
UTS2R,0.09583965800069619
ALLC,0.09583007556961509
CEP170L,0.0957957263368942
C20orf118,0.09577422628711561
ACTG2,0.09571020293808019
NRBP2,0.0956977290695255
GLTSCR1,0.0956866939196475
CHRNA3,0.095678993441955
SFRS2IP,0.0956493770291493
KCNE1L,0.095633827009868
TBK1,0.09559713539080951
ZNF32,0.0955967101951599
NLGN3,0.0955887453590672
VAMP1,0.0955869084016937
DHX38,0.0955826994110788
KIDINS220,0.0955766869007848
CCL4L2,0.0955683675329115
SEC16B,0.0955639849578375
SNHG11,0.09548893705714159
DISC1,0.0954882314902592
KITLG,0.0954868962998731
BAT2,0.09546072485120279
DNAJC30,0.09545646780600239
MYH2,0.09544825523522349
SPAG17,0.0954406534101014
NCLN,0.0954278618717112
ARAP3,0.0954227502096586
NACA,0.0954042385645462
CCDC141,0.0953924602211258
BMP8A,0.0953778474695596
PFDN6,0.0953712922576708
SERPINE3,0.09536647549458539
NACAD,0.0953524699339135
NAA35,0.0953409684738704
CCDC97,0.09534004133092999
ANKRD45,0.0953345917096215
RPUSD3,0.0952886874030828
HFE2,0.0952766664322028
RAD51L1,0.09523773843171698
KIAA1161,0.0952189844028317
STT3B,0.0951983321225811
KLRA1,0.095181049189892
ACE2,0.09515126371622701
C18orf62,0.095143336026943
CDK5RAP1,0.0951344787631713
HLX,0.09513422895972021
LOC220429,0.0951329528562739
LOC100133669,0.09512448618875691
CHD3,0.09512145980142431
PIGU,0.0951165980918239
PMPCB,0.0951045632119238
CSH2,0.095096078134441
ZNF213,0.0950779385812683
FLJ37543,0.0950664346524187
HELZ,0.0950660360427648
TPD52L2,0.0950591697444223
MAD1L1,0.0950293419992315
JMJD6,0.09502344452256739
HNRNPA1L2,0.0950107787981423
SUPT6H,0.0950000174061641
SAFB2,0.09499821233935829
ZNF446,0.09499047488883179
C1orf150,0.09497815011244509
HIST1H3J,0.09496619764706819
KATNB1,0.0949630952938903
RRS1,0.09495921487958511
HDAC10,0.0949365809852276
NFXL1,0.0949296388092032
TGIF2LX,0.09485832252545791
VIP,0.0948458380664752
WDR82,0.0948253953843761
APOA4,0.09482241361772449
FBXW12,0.094818224821245
HERC3,0.09478173785136719
PRPS1L1,0.0947522600105117
ZSCAN10,0.09474521495447011
FAM171A2,0.0947278282823278
ZNF679,0.09472350286829478
GRIK5,0.09470671682627602
VPS26A,0.0946938100584792
CASQ1,0.09468819130458411
CNGA4,0.094685696702443
SAP18,0.0946666561284523
PIN1L,0.0945969110187591
PPCDC,0.0945790383930085
CYHR1,0.094565351805225
LOC399744,0.09453852059793089
ZFAND1,0.0945302943765775
ZNF143,0.0944781050406518
ROPN1L,0.0944642231302151
ZNF236,0.0944506201127847
SULT2B1,0.09443450971268601
APBB3,0.0944298707020919
ZNF622,0.09442929331518071
ZNF565,0.0944223774693117
CYP2C8,0.09441804103772779
GPR162,0.0943888035755514
C7orf54,0.0943876525295968
IAPP,0.0943734808986757
PCMTD2,0.0943663599485348
CCDC36,0.09432476947759391
LPP,0.09430748949357509
HAX1,0.09430284752439291
CST11,0.09430168198802331
KHDRBS1,0.0942994944636536
VPS4A,0.0942904184496532
YPEL4,0.094248583465796
SYS1-DBNDD2,0.0942401167055819
HECTD2,0.0942378622354249
ZBTB40,0.09421640480545569
ZC3H13,0.0941939739014838
TMEM212,0.094167103399554
RPS15AP10,0.0941573374211915
TMEM169,0.0941036041213981
ACTL9,0.094081294569882
OXNAD1,0.0940786068971159
IFT27,0.0940776660721348
CCDC85B,0.09406787479265441
C19orf43,0.0940623928781585
TXNL4A,0.0940619739885595
SLC22A15,0.0940351452034465
CWC27,0.09403501701860889
GLIPR1L1,0.0940222123803916
SETD4,0.0940204037202006
HDGFRP2,0.09399366798786091
PCDHB11,0.0939900720328575
C17orf97,0.09396601213212111
SPHK2,0.0939117203847036
DBNL,0.09389877184869069
LOC442454,0.0938964730531357
TMEM86B,0.0938882818622976
MAGEA8,0.09388348445825709
TAS2R4,0.0938823179698762
FAM162B,0.0938749196906368
ZNF267,0.09378828005950579
METTL1,0.09377198074507669
PDC,0.0937675295574802
SLC19A3,0.09374477361001629
PLCD1,0.0937262488337786
FFAR1,0.093713302340894
GPR107,0.0937085859773702
UBXN4,0.0936791689417847
KIAA0564,0.0936755316350299
NXT2,0.0936742071734077
PPP3CB,0.09363197839449061
FOXF1,0.0936294810379181
KCNH3,0.0936220140378431
GPATCH1,0.09360399854261371
GTF2H4,0.0935905989154083
STOM,0.09357122778558169
DDX55,0.0935292017950787
NR6A1,0.093518253294022
LUM,0.0935053839850194
ITM2C,0.0935041253808675
C14orf135,0.09348026098851181
C17orf103,0.0934700463467372
C6orf134,0.0934504528432153
OR52N4,0.0934426386238196
PPIA,0.09335040015933149
DET1,0.0933113590775516
ZNF513,0.0932685355378592
PRKRIP1,0.0932667860579768
BTNL3,0.0932648986762386
NOC4L,0.09326018248421321
MRFAP1,0.0932382075848363
PEX5L,0.0932279093036926
SLC2A8,0.0931699546102033
FABP6,0.0931434708017145
HCG2P7,0.0931430364650141
GLT1D1,0.09310695335560099
TRAK1,0.09310632271568609
CALR,0.09308231844575919
PDLIM2,0.0930814491178512
UNC50,0.0930703112457542
PRL,0.0930697175328425
CELA2B,0.093068933532579
LOC729991,0.0930398394660916
LOC100131496,0.09299621958199239
PPP2R5E,0.0929951053872033
SLC25A39,0.09298994592036279
SIPA1L1,0.09298517089833061
SCGBL,0.09296395747862829
FAM129A,0.0929511744506315
RPE,0.0929416300075217
BET3L,0.09290684912170419
ZNF41,0.09288390394513799
METTL13,0.0928827609132935
NAALADL1,0.0928632897017712
IQCJ,0.0928498811962641
YIPF6,0.0928461424841398
DKFZP586I1420,0.0928431336688735
RNF139,0.0928310983267181
ZNF641,0.0928189155104654
MYH11,0.09280374036310621
HYLS1,0.0927994752663013
RABIF,0.092787931327677
LOC441208,0.09276980983362851
TUBB2A,0.0927588507252009
C12orf68,0.092749950411905
MT3,0.09274197907346661
DDX46,0.09273993397021311
HNRNPU,0.0927360338326478
LCAT,0.0927322268314377
SELS,0.092731578273653
FAM48A,0.09273103045241911
SNRPC,0.0927232916850384
ZNF846,0.0926998882578528
OR1F2P,0.0926836434639189
RPS25,0.0926712786068874
ZDHHC23,0.09264757114004911
C14orf149,0.0926312122493066
C5orf54,0.0926106320482912
ZNF879,0.0926102271083018
EFR3A,0.0926044064184408
MATR3,0.0926035987335789
PPIC,0.0925806662063581
LOC400657,0.09255793110807431
XRRA1,0.0925338850322395
CD36,0.09251147779592099
PEX11G,0.09249595129597349
ZBTB49,0.0924903718500821
KIAA1147,0.0924877828440965
PPAP2A,0.09245907855288309
IL6,0.09242812748648191
YJEFN3,0.09238447112485461
ZDHHC11,0.0923836058253197
NAA38,0.09237792067990601
BTN1A1,0.0923725509662424
C8orf56,0.0923180612282272
PI16,0.0923050742095032
GPN3,0.0922920831184916
RNASEH2C,0.0922725671212794
SMYD3,0.0922571195902937
SENP8,0.0922438751452335
AGL,0.0922397282621083
FAHD2B,0.0922042177266401
SIX5,0.09220001037083819
RAB24,0.0921838983560711
RNF216L,0.0921790487803504
KIAA0355,0.0921582064002447
EPRS,0.0921560048363305
LOC91948,0.0921538441448324
ZRANB2,0.0921524280633357
PER3,0.0921490204233695
KIAA1683,0.09214249183832621
KRT24,0.09212265259235121
MECP2,0.0921192988113139
ZNF283,0.0921098867599159
TLK1,0.0921009135115836
FLJ39609,0.0921000364193484
CYB561D1,0.0920997896350942
OXSM,0.09207738684543039
AGTR2,0.0920751086321884
LRRC23,0.0920556794202231
RAB5C,0.09203123901071411
ABCG5,0.09199173680227068
GNG3,0.09198159773041631
RAG2,0.0919744060934379
EIF4EBP3,0.0919733492241366
ZNF175,0.0919705588101139
ZNF30,0.09194787786016799
REV3L,0.0919446862559338
SNX5,0.091937876306737
IL5RA,0.0919363291780394
TMEM199,0.0919149590533197
TCERG1L,0.0919141741554449
BAG2,0.0918938765680337
NDUFC2,0.0918777861451864
VAMP7,0.091844685273031
NME1,0.0918001406706961
SF3B2,0.09179488597029141
AASDH,0.0917610385718584
MAP1LC3B,0.0917607165464055
SYCE2,0.09172986915859739
LOC100131434,0.0917192500247592
RNF114,0.09171089595373891
SRFBP1,0.0916799775584149
DOM3Z,0.0916741707326
SIGLECP3,0.0916521022487988
COX6C,0.09162135315513881
SYMPK,0.0916079674184539
PZP,0.0915642731815623
ATPAF1,0.091556781420852
NET1,0.0915308545346551
HHATL,0.091515115404362
UNC93A,0.0914876992562436
BAHD1,0.0914768798377992
MEN1,0.09147549259747229
ZMYM6,0.0914490725313772
PRMT5,0.09142611958420441
EBPL,0.09140860472588201
WFDC8,0.09138193272932969
NOL9,0.09132694089825169
DDX51,0.0913156601676098
DYRK1A,0.0912896068365798
FAM101B,0.0912691176067621
EML4,0.0912591497931382
CALML4,0.09124197386950281
ALS2CR8,0.0912372307437047
SLC22A16,0.0912162683578914
IGFBP6,0.0912152676129184
SIGLEC8,0.0912106601396534
MIMT1,0.0911772297943608
RABEP1,0.091175529823525
ABRA,0.09116802506782609
GRIK4,0.0911504648291227
ANKDD1A,0.09113233548194681
ZNF646,0.09112641417787079
CYLD,0.0911225380357468
LOC643837,0.09104729888360491
SEMA4C,0.0910294391500715
RIC3,0.09101614561704689
MSH3,0.09099908181011081
SHMT1,0.09098455122269619
BAI1,0.09097815288964811
NFE2L3,0.0909677033299745
SLC25A31,0.090932657139027
ZNF501,0.0909006128076804
INTS5,0.0908945061735986
DEAF1,0.09088651848060579
SPDYE1,0.0908803491004326
TAF6,0.09086423368791618
UBL5,0.0908635967582529
HIST1H2BL,0.0908472210261442
SLC25A46,0.0908375753376721
GPAM,0.0908222720896544
TBC1D13,0.09081897165513679
PCDHB17,0.0908134216184523
LOC283267,0.090800710764984
C10orf35,0.0907993385922951
KRAS,0.090743702849494
CA10,0.09074176413242621
GCC1,0.0907302605934068
FMNL2,0.09072336486601859
RNF24,0.09070828569783879
PKDCC,0.090703391835441
AP1S1,0.0906803708509501
IMPAD1,0.0906708500067616
PRKCQ,0.0906584740176403
NPY,0.0906201109822425
PIGL,0.0906194040973797
FAM158A,0.09058593478201671
SP3,0.0905341863670644
TRMT2B,0.09051021057463911
STARD6,0.0904966990435023
GPATCH8,0.0904892623460967
RFX2,0.0904670064275595
ZNF471,0.0904489386706942
GBAS,0.0904481160477795
TUSC1,0.0904460053559239
CNDP1,0.09041597935165929
FUT10,0.0904009963928051
TLR5,0.0903914700717955
SLC35C2,0.09039100997009379
ZNF80,0.09038542603083849
KANK4,0.0903701850047954
PTGS2,0.0903002316098738
LOC283663,0.0902998679968283
PHKG2,0.09028812873848419
C11orf30,0.0902866643432641
PNN,0.0902722714755177
NFS1,0.090248252880976
LMTK2,0.0902479471471111
SERTAD1,0.09024606163376181
FAM40A,0.0902353163699373
ASB3,0.09023280000399281
C6orf59,0.0902172447856924
IPO11,0.09014200548531949
UBXN8,0.0901294138301879
FTSJD1,0.0901103351085278
LSM2,0.09007499372648692
LRDD,0.0900567363009462
CCDC37,0.0900509266792703
ZMAT5,0.09001637370159721
XIRP2,0.09000747702132109
KIAA0317,0.09000323171719059
C16orf79,0.0899756198805115
IFT80,0.08994176654999131
KCNQ1OT1,0.0899324286054459
COL10A1,0.0899257026081865
SIGLEC12,0.0899231503939826
HUWE1,0.0898629228630516
VPS18,0.0898454917172856
TM4SF1,0.08984237052115229
PRMT2,0.0898176261945786
PAF1,0.0898159253536696
NSD1,0.0898075814630089
SLC25A22,0.0898056974766004
TIAL1,0.089799624175531
TSHZ1,0.08979297040244119
CACNG8,0.0897793155997923
TBX2,0.0897560788211739
RPTOR,0.0897401009754678
IL28A,0.0897295432420299
HAR1A,0.0897290725732003
NGDN,0.0897119967861328
FAM75A3,0.08970478556203759
IRAK1,0.0897043644271204
RABGAP1L,0.0896625042052224
BCL3,0.0896380047281123
C6orf203,0.0896317799551794
CLK2,0.08961687202881209
LOC728606,0.08957110728214321
TTC29,0.0895601238993592
NXPH1,0.0895466346192233
RBMX,0.089541623272918
C16orf73,0.0895404220722395
HBB,0.0895274485216848
KIN,0.08951558306823801
SYT3,0.0894954286939452
SH3RF3,0.0894904128601817
NINJ1,0.0894576814933285
C14orf181,0.0894514090895786
NUBPL,0.0894301099594773
DDI2,0.0893416250111404
ZNF423,0.0893205981746327
MDC1,0.0893141371520615
PAGE5,0.08930282007237739
MGAT3,0.0892910055626985
NPB,0.08923029865181159
ATP5F1,0.08922669315595519
EIF2C1,0.08921088965221141
FLJ35776,0.0892106899536754
CHM,0.0892079222740637
SCRIB,0.089207734273479
SELV,0.08920741702944071
C9orf129,0.0891867083943258
RD3,0.08917865748048621
ZNF407,0.08917781546429798
TEKT3,0.0891777554933397
TREML2,0.08917000769942399
HRNBP3,0.0891691056170773
COG7,0.0891544006631731
GKN1,0.089154373921997
AVPR1A,0.0891294671136079
ENO1,0.08911932060753311
XPO7,0.089102324001028
DCX,0.0891014345792324
KIF17,0.0890999434667865
PPP2R5B,0.0890967562210479
CDC26,0.0890924782896868
STK25,0.08906445845620159
HES7,0.08905023098013179
DDX56,0.0890166866359726
PRDM5,0.0889918624333645
PROSC,0.0889879470423237
ATP6V1G2,0.08898082359556209
PSMB6,0.0889737174709257
MAP3K1,0.08894996889843719
C19orf41,0.0889499167779813
PLSCR4,0.0889087246814507
PCDHA4,0.0889072193297526
MT1B,0.08890678300771779
VWDE,0.08889834546682301
C14orf93,0.0888859969548671
PRPF40A,0.08886246398494489
UFSP1,0.0888523890733763
CBWD1,0.08883054536423331
ALG13,0.0888246111172207
TSPAN6,0.088774129563511
ESPNP,0.0887719028822794
TNNI2,0.08874648329946142
ABCC4,0.0887408248803082
C10orf129,0.0887339081003603
ZCCHC10,0.08871313919608319
RBBP5,0.0886829433801965
TSNAXIP1,0.0886826621570799
SIX3,0.0886698477708437
AP1M1,0.0886605923930465
OR10H1,0.08863473383395631
ZNF37A,0.0886311761521811
C14orf109,0.08862301029026469
HSFX2,0.0885841561622353
HMGXB3,0.0885582780413098
DNAJB2,0.0885263344122377
FAM199X,0.0885226216516709
YWHAH,0.08849890264086449
THNSL2,0.0884785203025983
MYL12B,0.0884738186142044
METTL7A,0.088468235612323
C14orf129,0.08846751744895609
LIPC,0.0884456776979858
RBMY1A1,0.08844020348835929
LMAN1,0.0884231076171885
ART5,0.088370017660735
SPTLC2,0.0883688808212573
ABAT,0.0883044098332838
RNF44,0.088272144682416
ZFP14,0.0882597059173857
SIRT7,0.08825639784075791
TPR,0.0882369615422192
INO80,0.0882366010432137
SIGMAR1,0.08822596444235069
CTRL,0.0881853554164691
TMEM47,0.088174721981601
CCDC123,0.0881405868267615
MT1DP,0.08811986730002319
PER2,0.08811753078207231
VCX3B,0.08807342761006969
ZNF767,0.0880250537960146
USP33,0.0880248698934617
CBX5,0.0880187924561894
MACROD2,0.08798672618280609
ZNF585A,0.0879598551236298
TRAPPC2P1,0.0879539640284604
PPP1CA,0.08795239419894078
TMEM155,0.0879383318675466
FHL1,0.08789839671083739
RNASEH2B,0.0878889592908938
PGRMC1,0.0878766429864022
FLJ13224,0.0878721099364119
PATE3,0.0878687725099547
LOC642597,0.087865920667689
IFI6,0.08785887670890691
PLA2G2C,0.0878436274099984
CAMK2A,0.0878162414387991
RABL2B,0.0878144042692954
BDKRB2,0.0877995366035638
NUAK2,0.08779511334808551
RUNDC2A,0.08774530951525451
FAM19A4,0.0877080266400587
ZNF212,0.087691806528818
NUP214,0.08767793004673591
RECQL5,0.08763873540741329
FOSB,0.0876377943625857
TP53INP2,0.08763620261557181
C9orf150,0.0876269948963192
PTPRT,0.0876198278583416
BRSK1,0.087602855160932
PRELID1,0.08759775249674201
OSM,0.0875964336728233
HNRNPA0,0.0875929560719188
PAQR7,0.08758778442713998
OTUD5,0.0875864741651016
CCDC82,0.0875731906206542
ACVR1,0.0875368339648116
OR2C3,0.08753188287741051
RASGEF1A,0.08752424502624459
SLC25A25,0.08751585129668989
DYNLRB2,0.0875095493960184
SPPL2A,0.08748621987985258
COMTD1,0.08738015282696099
ARL17A,0.08735363270186809
CNP,0.08733155648099751
PFDN4,0.08732642931283921
FNDC7,0.08727401506621431
MAPK8IP1,0.0872682929373172
UBXN1,0.0872647108977884
HEXIM1,0.08721878198379619
DPP7,0.0871782287011309
C8orf80,0.08716576590458769
GPR182,0.0871529998822234
PSMB3,0.0871451898803941
C2orf70,0.0871071748769072
JMJD8,0.08710643977916188
CLEC11A,0.087099827392358
GCNT1,0.0870973689864471
KRCC1,0.0870949953364687
RPGR,0.08709414729400279
C17orf107,0.0870792142234771
ARL2,0.0870622297876971
SMPD2,0.08703289315715171
FAM172A,0.0870256520503454
LMNA,0.08702429323036762
HTATIP2,0.0870006800416673
NLE1,0.0869545278936966
LOC285401,0.08693986259102279
NAP1L3,0.0869385002289762
ZFP106,0.08689669057899789
MYO1A,0.0868896566744741
C7orf34,0.0868764020937471
UGT2B10,0.08687285739410519
VPS36,0.08687222697562101
PHF15,0.0868170922274286
FAM153A,0.0867986316641253
COQ2,0.0867938539741806
BCAN,0.0867825302341257
PRDM10,0.08677924398051841
PCIF1,0.0867775860724354
KLHL14,0.086762155491397
CCL19,0.0867563418470671
HTRA1,0.08674335015423809
GYS2,0.08672040430510532
CDH20,0.086712818127845
FTSJ3,0.0866981801733967
TTC9C,0.0866947987909217
LOC100129387,0.0866874230918938
LOC150786,0.0866822668298475
TMEM104,0.08664587489026279
NCKAP5L,0.0866063971694906
ILDR2,0.0866003288339611
C8orf45,0.0865883420311473
CYB5B,0.0865869616253726
SNORD116-4,0.08658320998696989
C10orf78,0.08657381635316419
ZGLP1,0.08657103772446689
FASTKD1,0.08656773209511111
MGC70857,0.0865550268367738
RABL5,0.0865471583154026
PTPLAD1,0.086546030996378
STAG2,0.08653567199110661
HSPA6,0.0865137916757643
GGA1,0.08650780480392009
CYP39A1,0.0864510008245779
TGFBRAP1,0.08641543040709021
MAPKAPK2,0.0863984774265813
IRF4,0.08638928325502149
EFEMP1,0.08636916257282261
C21orf90,0.086332273909668
TRIAP1,0.0863300453886069
P2RX3,0.08630130764911159
LOC285735,0.0862807276270056
ENTPD2,0.086280139274724
LOC284441,0.0862790316926334
ZNF527,0.08623884627636241
TERF2IP,0.08623716268822841
FDPSL2A,0.0862270492320944
RPL11,0.08621859407079172
PPP1R12C,0.0862133677628271
HNRNPH3,0.0862011364491482
TTLL10,0.0862006278022287
EPHB4,0.0861917212224738
NCRNA00202,0.086174928332037
LIPA,0.0861731585653248
NAPRT1,0.08613550077615609
KLF16,0.0861153279611554
ACTN2,0.0860889482210474
TOP3A,0.0860859524822252
GLYATL1,0.0860831841138894
TFR2,0.0860723256687778
TOX4,0.08606847798085851
C10orf111,0.0859979078136009
C14orf23,0.08599298128724389
GRN,0.0859858446167132
LHX3,0.08595732755136459
RPL10,0.08594022313890091
SCG2,0.0859295851406693
RBBP6,0.0859069258342163
STT3A,0.0859054510543149
TTF1,0.0858706871112179
EFHC1,0.08585824841668249
PTTG2,0.0858576561333709
SPINK8,0.0858207687431231
SLC35E1,0.08581426841128381
RRP15,0.0856788385522122
SLC25A34,0.0856729882940736
MDH1B,0.08564501407896899
NCOA2,0.0856271001995276
PAPOLB,0.0855996077880784
GPS1,0.08558320842212969
XAF1,0.0855699542115474
C1orf14,0.0855639620183685
GGCT,0.0855494412801979
ARHGAP32,0.08554430724858919
C11orf1,0.0855070030247049
C17orf80,0.08550074668620711
PCDHGA9,0.08547884028159701
SNX13,0.0854751592750959
C15orf28,0.08544423117277261
ZNF331,0.0854303496865968
MGAT2,0.0854208271647734
FAM200B,0.0854116825679927
BRWD1,0.08540517606288149
HTATSF1,0.0853969885138184
C20orf114,0.0853944807578802
TBCA,0.08539339731089181
TOR2A,0.0853896831901651
OTOS,0.08535546870964669
MORN1,0.0853378214518665
CT45A2,0.08532441592333899
LOC338588,0.0853060828927379
FBXO21,0.085293373923289
COL29A1,0.0852928889336833
SPTLC1,0.08529017807086621
ZNF528,0.08528170071052221
RNF10,0.0852783601271625
ATCAY,0.08522860192809639
MARCH5,0.0852219478479396
COG5,0.08520958672048651
OASL,0.0851622314664257
LRIT3,0.0851394726030952
ABHD13,0.085132653181894
GON4L,0.0851283264396698
ESRRA,0.0850870443077171
TMPRSS9,0.0850836472098657
POLE4,0.0850770435295738
NR5A1,0.0850757835821742
PAX5,0.0850667310792997
MGAT5,0.08503278034142059
DGAT2L6,0.08500668531151041
AKAP8L,0.0849803152885512
RELA,0.08497035788855231
DYDC1,0.0849410671476771
ZNF560,0.0848880530207701
IRGC,0.0848843368506948
PANK4,0.0848569342960924
C7orf25,0.084856379172376
PELP1,0.084855394111879
C11orf57,0.08485210091872361
ITGAD,0.0848407689931453
EIF3E,0.0848294126249543
RSBN1,0.0848114074721649
SMEK2,0.08480556122526339
CCDC78,0.0847899658251381
C2orf34,0.0847843666609008
OR3A2,0.0847511804520764
ATXN7L3B,0.0847451217050078
KDM6B,0.08472755918936781
PTGES2,0.0847038721256008
NFKBIL1,0.0846956495757702
BOLL,0.0846919562676949
GUK1,0.0846876068733102
VHL,0.084684452500853
CALM3,0.0846562846567107
AZI1,0.08465337739896381
CLEC2A,0.0846399003739617
STAG3L1,0.0846387778381763
SLC25A14,0.0846083171486659
PSD2,0.0846009269283388
GOLGA9P,0.08457743626778591
TSPYL2,0.08457012822803389
C13orf38,0.0845633623640161
LOC284379,0.0845564183730404
KRTAP3-1,0.0845549575513438
ANAPC2,0.0845465253498042
DLGAP4,0.0845137997760311
CCDC23,0.084507993343693
THOC7,0.08449588761341831
PLA2G4D,0.0844947063822967
RLN1,0.0844729048888518
SCGB1A1,0.08445973141310961
LIX1,0.0844596823317591
UBR3,0.08445232176180979
WDR20,0.0844251606979675
STRN3,0.0844038005294586
ALS2,0.084369633091594
ARPC3,0.08436292172312809
KRTAP1-1,0.0843507197690827
ITPA,0.08433983934746961
C4orf10,0.0843284676179382
SFXN5,0.0843127708224064
LIME1,0.0843052676859689
TMEM222,0.0842822698846191
PACRGL,0.0842818625688289
FAM156A,0.08423832153372669
FMR1,0.08423039076047109
FCRL3,0.0842268831858609
ADI1,0.08419992504270471
LOC154449,0.08413465734599891
LOC284749,0.0841269593470224
PATE2,0.08407543007173669
VPS26B,0.084063051067494
NMU,0.0840384119307992
IFT52,0.08402547706673229
ARHGAP36,0.08402537141394249
ACADVL,0.0840127517542632
SLC12A5,0.0840024777545909
CEACAM19,0.0839986700830618
TMIE,0.0839927376753741
RTKN2,0.0839753403698118
RNF150,0.08396838045983471
CAV3,0.08395319469328211
GPR89B,0.08394550251369821
HLCS,0.0839281597630304
SERPINI2,0.08391520998750031
SUN3,0.08391424514403001
TMC3,0.08389125280339
PSMA6,0.083880735491112
SMU1,0.083876021468239
C6orf129,0.0838515504577534
PHIP,0.0838117863115462
NMRAL1,0.08378897972900479
PQLC1,0.0837853294366831
CCDC158,0.083767010982755
TTC17,0.08376286566396829
MAVS,0.0837532778376127
UQCR10,0.0837470144970686
HADH,0.083715536582543
AKNAD1,0.0837136916596128
AXIN1,0.08371131840002441
ACSM2A,0.0836961665160674
PHRF1,0.08367914422909799
POPDC2,0.0836776340179126
C2CD3,0.083674304396534
CXCR5,0.0836453142089995
HCP5,0.08362976678905969
RSF1,0.0836111001979411
TARS2,0.08360871723718931
ENY2,0.08359713395766309
PRKAR1B,0.083596117423106
CDC25B,0.083573949332729
H2AFV,0.08355433286951519
ZNF487,0.08353753653514251
DNAJB7,0.0835280519042934
UCK1,0.08351672307284941
PLEKHB2,0.0835106913027458
HMGCS2,0.08349807985470499
ZADH2,0.08349545765127829
GPR89C,0.08348488834290921
PCDH18,0.0834784069851775
GLUL,0.0834768937939368
RPL10L,0.0834602834683324
LOC441454,0.0834540632171686
NMBR,0.0833786476120261
DYRK3,0.0833735100602095
SCFD2,0.083364344458028
MLYCD,0.08336130914470061
ACOT9,0.08336025469068171
ADCK4,0.0833366053843326
ADAM6,0.08330378278011821
CLEC17A,0.08329142182216341
PEX6,0.083257006134508
ZCCHC5,0.08323948037529219
RAD54L2,0.0832325528112918
LOC727677,0.0832132318876599
STK38,0.0831817290965162
ARPC5L,0.0831706557075835
CELF6,0.0831648288906497
TCTN1,0.0831490737672413
DAP3,0.0831467070116562
KCTD8,0.083145389310746
METT11D1,0.0831452183584406
ELP3,0.0831368928214669
IL17B,0.0831200635017223
DNASE1L1,0.0831177920356234
RAVER1,0.08311011600185479
WHAMML2,0.0831079357409905
GTSF1L,0.0831009122316552
RSC1A1,0.08308265641551271
FAM197Y2,0.0830722963009238
C9orf123,0.08305116350254099
CD79B,0.0830284597610751
RPL32,0.0830145898353058
PTMA,0.0830143107166288
HIP1R,0.0829969346568558
WDR45,0.0829872306342424
UTF1,0.08298472999044271
MGAM,0.0828989176504298
MAP7D2,0.0828575718198201
SPDYA,0.0828291143851973
LHFPL3,0.082816384617457
REG4,0.08279763182795201
C21orf121,0.08278495996031769
BMI1,0.082783290689339
ARID3C,0.08278097412243271
CLOCK,0.08276778955497151
APOBEC3D,0.0827294930038572
HCG4,0.0827236608136427
HAO2,0.082718708911412
IL17D,0.08271423472967909
DCAF8L2,0.0827112926934875
SFRS17A,0.0826453826803529
C7orf55,0.0826450068302799
DSCR10,0.0826333168972329
TXNDC9,0.0826325613832282
VAC14,0.0826259869562713
OOEP,0.0826231653745907
NUTF2,0.082574274498348
ZNF594,0.0825612312861008
HIGD2A,0.0825567720220594
C9orf41,0.08252703402428499
INTS3,0.08252077058317639
D2HGDH,0.0824741722720386
SRGAP2,0.0824478479494943
C3orf42,0.0824311090820721
ZNF548,0.0824017348991147
SNRNP48,0.082393943128247
KLF11,0.08238915513030828
HMG20B,0.0823652681030002
ZPBP2,0.0823351582009563
SPIN2B,0.082326338312894
RPS6KL1,0.0823230842464083
NGF,0.08232053691700711
WDR46,0.082306945740695
TTC30A,0.08228657223722359
NLRP5,0.08227651081074419
C1orf59,0.0822719235683936
OXA1L,0.0822535447237438
ORMDL2,0.0822465072705939
ACAP3,0.082241300113568
SH2B2,0.08220242595359499
CDK11B,0.0821912707786336
C6orf165,0.0821637535367381
UBE2Q2P1,0.08215132653987761
C7orf40,0.0821407745728292
PKNOX2,0.0821365197466143
DIP2A,0.08211946016881351
ADRA1A,0.0821189824166792
CORIN,0.0821127138881399
SPANXN3,0.0820906863284521
ADAMTSL5,0.08208120577702889
RUSC2,0.0820778507031624
CCDC83,0.08207175100750051
PKD2L1,0.08204897135976
PAPPA2,0.0820486283919508
SETD1A,0.08202906159443321
LMAN1L,0.08202638783660561
LOC148824,0.0820121509744705
TMEM143,0.08201159955079279
C19orf6,0.08199759154137269
DNAJC8,0.0819676404946377
PRKACB,0.08196261527744829
CCDC90A,0.0819432550480841
ZNF619,0.0819023151092368
ARL11,0.081884515944807
NPHP4,0.0818739125251791
CALML6,0.0818626937783538
HLA-DOB,0.0818137201497996
FAM175B,0.0817916643148045
KCTD10,0.08174740862739781
BLK,0.0817429413405473
CIDECP,0.08174126787896599
DAZAP2,0.08173080541219191
ANGPT2,0.08172452448204301
FLJ45079,0.0817234717978864
MRAP,0.08170023034060289
MAP4K5,0.0816860091713044
ASCL1,0.08168447000633451
SALL4,0.0816801213235689
GPR68,0.0816680029654786
MAGED1,0.0816673804467664
TOMM40L,0.081653901397814
ST3GAL1,0.08161376702006232
TMEM147,0.0815622100661533
RBM15,0.0815514746471383
CC2D2A,0.0815376396374729
TOM1L2,0.08151199080263741
LOC654433,0.0815053257162908
LOC285629,0.081495369429194
HARBI1,0.08147334873385681
UBL4A,0.0814655363250218
RGAG4,0.0814435748943688
ANKRD33,0.0814429261030186
ZBTB34,0.0814388824402496
CPA3,0.0814340605349403
LOC91450,0.08143315009798471
CT45A3,0.0814192886846703
C2orf39,0.08141806749813349
PSG10,0.081414431769502
C18orf21,0.08141318440566059
DHRS4L2,0.081332075225144
TPH2,0.0813146454797748
HSF2BP,0.0812441825947014
SDF4,0.081224575454613
ZCCHC14,0.0812136641922659
ZNF354B,0.0811692328703556
FAM22G,0.0811521480465243
IMPDH1,0.0811415794208932
SLC2A4RG,0.0811392760263893
NARFL,0.08112457188901159
ZNF323,0.08110061588950371
FAM100A,0.08107699832612839
TREML4,0.0810537252853955
HBP1,0.08103212820542491
TAOK1,0.0810173158282524
PDIA4,0.0810078926766865
TMEM67,0.0809876154548016
COPB1,0.0809756149430021
CYP4A11,0.0809713795562646
HTR1E,0.08096580276456519
JHDM1D,0.0809184433388631
AIMP2,0.0808853369193216
GPRIN1,0.08087770602500739
HNRPDL,0.0808601469224263
RGP1,0.08084745763831669
RAB13,0.0808435984737784
TCL6,0.0807982624161199
RABGGTA,0.0807897233776368
SFRS11,0.08071970537882879
FAM46D,0.08070527049764341
MCTS1,0.0806713054310518
CG030,0.08064880094335769
IRGM,0.08064532011527281
IL13RA2,0.0806429915418571
LOC642852,0.08063479379629729
MRPS33,0.08061126877819319
COL9A1,0.08060744958789309
RALA,0.0806034374796602
SIX6,0.0806005660271048
GAPDHS,0.08059417039478539
C1orf125,0.0805671973107296
C16orf5,0.0805624872970306
LRTOMT,0.08055336069499819
PLCXD1,0.0805504009361127
EXOC1,0.080505138885166
B3GALT1,0.0805000101598112
PHOX2A,0.0804951031858023
MUT,0.08049452202437549
STAM,0.08046816990227171
POC1A,0.0804664198258549
MIPOL1,0.0804628748996822
TBC1D9,0.08045641396115301
MUS81,0.08042966931308629
RPL30,0.08041731424056381
CCDC144C,0.0803596713848308
TAPBPL,0.0803200752021806
SPEM1,0.0803025188458531
ZNF567,0.0803006065677095
C9orf16,0.0802587296963703
C13orf23,0.080253688036921
HTR4,0.080245102715657
ZNF12,0.080225903870656
KIAA0776,0.0802198457447384
ZNF79,0.0802107713951085
OBP2B,0.0802073720174119
LSM10,0.0802067203202926
ECHDC3,0.0802050281480776
MLC1,0.0801647132883394
C7orf43,0.080145689853322
PAQR4,0.0801407303624136
EIF2AK4,0.0801225743796389
HCG9,0.0801175828737139
CAMP,0.0801059144909231
TRMT11,0.0801002998358282
FBXO40,0.0800921547003339
EXD2,0.08009056588191531
XYLT1,0.0800809643788804
PDE6D,0.08004565435954189
UBIAD1,0.0800422966890945
TTC33,0.0800190532469306
HACL1,0.0799783147547135
EIF4E1B,0.07997652657799449
SRP14,0.0799695338925243
TMEM70,0.07995893007199531
SCNM1,0.0799528364121431
KIAA0125,0.07989827810865649
SLC32A1,0.0798732800629857
TNNI1,0.0798636030455531
SOX30,0.0798475755801905
FLJ45340,0.0798036786755188
CRCP,0.07978120378162469
R3HCC1,0.0797809008868486
OR2T8,0.0797792953311218
ELMO1,0.0797624100122296
CXCL3,0.07973519649186021
GSTO2,0.0797261941766727
RPP14,0.07971099492880311
LRRC3,0.0796744961691078
TNNT2,0.0796629049818636
ST20,0.07965798322849711
BBS4,0.0796576408651431
PRR19,0.0796374707598739
PEX1,0.0796310754853168
PCP2,0.0796210682755559
LOC595101,0.07961669019963849
LYRM1,0.0796132620122611
AGXT,0.0795680645988731
PABPC1P2,0.0795638115673434
ARFGAP2,0.0795595954617623
ZNF660,0.0795274088713505
CCDC111,0.0795017475806395
PRPF6,0.07949687393823679
GDI2,0.079495995135515
C3orf51,0.0794908075374358
NPNT,0.0794814041052017
TRIP11,0.079466048805994
TRIM63,0.0794322491201678
BCAT1,0.079421182763876
CHCHD3,0.0793906311719472
LOC100130557,0.079382162856401
COX19,0.0793819361784942
ZNF700,0.0793752960787717
HPS3,0.07936545653844859
BTBD17,0.0793619854732641
SAA3P,0.0793524854724819
RPS14,0.0793214482607532
NDN,0.0793095899096429
NCRNA00188,0.0793094861434959
ERCC8,0.0792750290993901
ZP2,0.079251128969725
RPL3,0.07924408236363811
ATG4A,0.07922586308253529
NUP98,0.07918565735810011
KRTAP4-9,0.0791730635400586
MED4,0.079134212227171
HTR2A,0.07911446536892551
ZHX3,0.0791008260764081
PTBP2,0.07910026732071321
TRMT5,0.0790996095840095
SYP,0.0790208100380173
TNFRSF25,0.07899157945140389
COL11A1,0.0789679729287174
TCEA2,0.0789518718966375
RPUSD1,0.0789420216778843
MAML1,0.07891385555963801
ZFP112,0.07889492893752789
NECAB1,0.0788834636367237
FBXW8,0.07887368564723349
HMP19,0.0788706143508266
RPS4X,0.0788669191444622
VSIG10L,0.07883591950996321
TRAPPC6B,0.07882461202941181
FXYD7,0.0787919440648589
SLC6A6,0.07878645240654031
IRF2,0.0787854984645878
BTNL8,0.0787680535896337
SEPT9,0.0787671407665131
CSDE1,0.0787541792166342
DOC2A,0.07859852350201249
SCRN3,0.078566963250397
GOLGA8E,0.0785555081282397
TOPORS,0.0785462106987239
SHKBP1,0.0785427379742926
PQBP1,0.0785403947553545
HNRNPD,0.0785229956310208
RET,0.0784863062821571
ZNF37B,0.0784838069626515
MED13,0.0784756263475522
BAD,0.0784703744793641
TAF1L,0.07846604874070111
OR10Q1,0.0784497969614116
C14orf159,0.07842346398150199
FBXL18,0.0783974287838651
MGC16142,0.07838906786468419
UBLCP1,0.0783756688500356
C20orf26,0.07837127163547519
MIIP,0.07835985742274469
EPB41L3,0.0783568578145885
PPIAL4D,0.0783497803365148
FUT11,0.0783233076920899
C19orf69,0.0783038977832913
MOGAT1,0.0783019251849387
LOC282997,0.0782963418863106
SNAP47,0.0782702337870314
SGSM3,0.07825664451282209
VARS2,0.0782541684456168
CTAGE6,0.07825140765187699
ITPK1,0.0782499386951555
NHS,0.07823052640138439
PBOV1,0.07823025570472071
CNGA1,0.0782281749729802
RBM44,0.07822267237720619
C13orf35,0.07821768621183289
ATP9A,0.07820422852992019
SPATA2,0.07819893820886631
GORAB,0.0781927539382284
KATNAL1,0.0781818981328159
VPS37A,0.07816200415938189
SLITRK1,0.0781577047683114
ZNF789,0.07813395405679499
ASB11,0.07812942284341551
NAT15,0.0781259341039533
FAM3A,0.078113930107635
LCN15,0.0781138089056984
CFDP1,0.07810049703803831
APOOL,0.0780867591543063
COPS8,0.07805848942052421
AGAP4,0.078050802366341
PKD2,0.0780258323364521
MAST1,0.0780240513534956
UBE2J2,0.0780099845979875
ZNF707,0.0779963041497094
PCF11,0.0779961361842747
C12orf52,0.077995978901462
CEP57,0.07799382673691471
SNRNP70,0.0779722013682219
IRF2BP1,0.0779065548848861
FAM18B2,0.077878851695594
C10orf71,0.0778274857528348
HOXD3,0.07779468332443881
GBX1,0.0777873960546799
SNORA81,0.07778545367634139
C2orf63,0.0777230564252018
SPANXA2,0.0777203896165129
C3orf64,0.0777168899674156
ARFRP1,0.0776984762400216
C9orf91,0.0776982141238521
FABP4,0.0776919600538806
SLC26A2,0.0776301252587566
C20orf103,0.0775953258024707
FRG1,0.0775764542127302
KIAA1407,0.0775738245752203
PWP2,0.0775632441329933
POLR1E,0.0775615833919649
ATAD3A,0.0775512886988426
FTCD,0.07752747357853859
IPO4,0.0775227957032413
UBE2F,0.07750485886898431
C7orf53,0.0775040814754572
FLJ40330,0.0774741481287828
ODF3L2,0.0774406151667038
THBS4,0.0774180135727416
SYCP1,0.0774173646692736
TMPRSS13,0.0773991085877436
MITD1,0.0773949368019951
PCDH15,0.0773948751802186
TRIOBP,0.0773534329992146
RPL23,0.077325146001627
C21orf81,0.07728981288013101
C14orf4,0.0772823980449463
CRYGC,0.07727237002053991
RMST,0.0772708872387452
THOC2,0.077263451274135
C17orf51,0.07723096289739599
BSND,0.077197866506789
NBPF15,0.0771975961725422
FLJ36000,0.0771706204686001
APITD1,0.0771593517497296
MCAT,0.0771583533820305
ITM2B,0.07715428749975041
RAB3C,0.0771494292001421
STAG3L3,0.07709369468309149
NIPSNAP3A,0.0770825097801061
CHCHD5,0.0770759290389714
ZNF776,0.07707213751340089
S100A1,0.0770623072833286
ATMIN,0.0770563128528055
SNF8,0.0770496132165531
NHEDC1,0.0770413363646779
LSM11,0.0770377812218839
CTAGE5,0.0770345881711895
ARHGAP33,0.0770206417402339
MOBKL2A,0.0770020930273485
C1orf103,0.0770017377258005
CENPC1,0.0769893706877073
PLCXD2,0.0769761153269346
KIAA1751,0.07695504730028599
RAB3A,0.0769538414326018
NUPR1,0.07694610505569341
C4orf23,0.07693645390657049
C19orf61,0.07692371760745051
BDNFOS,0.0769108386619158
SH3BP5L,0.0769076961267185
CHKB,0.0768725040985613
PKN2,0.07687164194949421
GBE1,0.07686063685090211
PDHA2,0.0768503102736341
PMS2,0.07684199075540701
FKBP3,0.0768023370150185
NUDT22,0.0767849842105168
LDHC,0.07677049035559778
TAZ,0.0767557220557514
POLI,0.0767404289090067
NACC2,0.07672268916361219
ZFR2,0.0767110237825589
CDKN2AIP,0.0767068263120031
MPV17,0.0767051445822755
HERC1,0.0766832313073781
MAGEB10,0.0766824839075947
HEATR7A,0.0766815922610842
TNFRSF17,0.0766711698264828
SFRS15,0.07666678278425319
GADD45GIP1,0.0766546070306804
FAM18B,0.07662547795807209
INPP5K,0.0765982226979384
CH25H,0.0765788194084468
MRPS17,0.0765782910024212
DNTTIP2,0.0765422860355572
CFC1B,0.07652471400308479
PTRH2,0.0765172728893484
C19orf25,0.0765142001084314
PFAS,0.07650365476469059
INE1,0.07648040718816759
BARX2,0.07647509317587009
C1orf101,0.07647153215722599
NCRNA00200,0.0764668835960889
CSNK1A1P,0.07644101382872931
DMRTA1,0.0764375028064634
TSEN34,0.07642978744751719
C2orf48,0.0764231514620238
GRIN2C,0.0764207754358396
HIBCH,0.07639932544801481
RAB1B,0.07639586793952491
YLPM1,0.0763184109973511
PTK2,0.0763131090417338
HBBP1,0.07631260016791289
IFNK,0.0763061386616334
GPATCH4,0.07628802290517601
ZNF497,0.0762720202953096
RGS2,0.0762708086473505
NAPG,0.0762701121271977
C2orf16,0.0762545934527852
GH2,0.0762465876600118
LCE2D,0.0762372977598739
FTH1,0.0762237208159396
C17orf73,0.0761995992008673
DAPP1,0.0761948911699549
PCDHB1,0.0761852912681525
DFNB59,0.07616133996408551
ARSA,0.0760638489509024
MLL5,0.0760433813379636
MLL2,0.07604035806493281
HIST2H2AB,0.0760386587662288
SSNA1,0.0760345926901484
BZW2,0.0760154759748248
COQ5,0.07601230714992639
C17orf48,0.0760100893413391
LGR6,0.0759853355560369
SLC39A10,0.0759826609111826
ZNF688,0.0759779855455085
CCNT2,0.0759326622498738
KARS,0.075926388347361
MLLT1,0.0758913228323462
PABPC4L,0.075890021849476
ACP5,0.0758808943952827
SLIT1,0.0758613695386863
ANAPC10,0.0758341471054048
PMS2L3,0.0758203847956764
ZNF480,0.0758135992397692
BASE,0.07581307479053241
ZDHHC1,0.0757924825679688
ACTR2,0.07576634114490491
C6orf57,0.0757439285105647
BPIL2,0.0757382306963294
ISPD,0.07573471663466722
TEX9,0.0757256915916495
H1F0,0.0757044329902472
TAF10,0.0757001168401643
UGCG,0.075692303167818
CETN2,0.0756460757426351
HSPB2,0.0756179787016365
GPS2,0.0755838670111208
RFX6,0.07556068032487401
LOC157627,0.0755492784378958
ZNF434,0.0755009751468531
PDS5B,0.07549700063255141
OR51M1,0.0754748459996531
ZNF345,0.0754485771725
C4orf43,0.0754363470789658
XKR3,0.07541904537651731
SETD6,0.0753910662486309
TAF1C,0.0753590654904821
LOC399815,0.07535257601493141
CNIH3,0.07533903926629329
PRAMEF11,0.0753126291728119
PNPLA6,0.0753069247778698
GRM8,0.0753052320952247
ASTL,0.0752926274557934
CHL1,0.0752896631154837
P2RX5,0.07528679305982851
PEX7,0.0752744670359647
CASQ2,0.0752616631916411
C2orf7,0.0752126961783942
PHYHIPL,0.075208848099128
OCRL,0.075202038414178
PLSCR2,0.07520166699036229
ANKS1A,0.07519860832274369
FAM55B,0.0751745906828856
MRPL1,0.0751569844022789
MRPS18A,0.0751147673001351
NDUFV2,0.0751114620696313
FAM48B2,0.0751109328159691
EIF4E,0.0751105992351499
NAPA,0.0751022040681628
SLC5A7,0.0750960192060468
TMEM91,0.07507562586523589
CHSY3,0.0750721037790463
PPP1R9B,0.075058361675734
TMED10,0.07505176642243461
CARKD,0.07503747749845621
PPAP2B,0.07501235012368071
UEVLD,0.0750116530441848
RERG,0.0750051238218035
C9orf79,0.0749657697969894
GPRC6A,0.07493953880299489
UCP1,0.0749300909591622
ENGASE,0.0749199580784476
NDUFA10,0.0748991895307214
CHPF,0.074896391464508
C11orf68,0.0748822167689592
TUBGCP6,0.0748781829949776
ZNF461,0.07487575660139359
DLEU2L,0.0748453603454735
DPY19L2P4,0.0748193382295244
NCOA4,0.0747735397505387
KBTBD2,0.07476981204401921
C4orf3,0.07476559410080111
MGC16384,0.07475484503491689
C4orf35,0.0747382235719073
PRSSL1,0.0747331855346449
KERA,0.0747107187149285
ANAPC16,0.0746720521898912
ERAS,0.0746635433080601
STRA13,0.0746625883426527
C6orf147,0.0746330880821296
NPY6R,0.0746280414266519
FASTK,0.07462327338791169
ZBTB43,0.0746167872571664
PLBD2,0.0746065971802084
PHB,0.07459903829329609
RAB5B,0.0745821622012598
DNAJC25,0.0745694022086903
SIGLEC6,0.0745543399024904
RCBTB1,0.0745242175030323
LOC284276,0.0745099613034778
C14orf21,0.0744940655518293
ZNF674,0.0744917832368078
IPO7,0.0744851194411129
RBM42,0.074469609786238
ANKRD9,0.0744300753802147
ZBTB44,0.07441973773392072
THEM4,0.07438035957209421
MGA,0.0743696910394014
RAB22A,0.0743692955628268
WDR37,0.07431163355634039
NCRNA00105,0.0743114022503173
CLEC12A,0.07428561103144671
ZBTB45,0.0742829338350849
DAPK3,0.07427628574411471
CLLU1,0.07426980910266971
KIAA1024,0.0742627803706579
OTP,0.0742207197612002
PEX13,0.0742060152703719
MED18,0.0742011982232942
FAM108A1,0.0741497458052347
TAF15,0.0741411470985707
AMPD2,0.074120001491811
C22orf26,0.0741165616296533
ZNF555,0.0741137637320553
NCRNA00182,0.07406661355175351
MASP1,0.0740640841588385
NUDT7,0.0740573196568236
AANAT,0.0740500890295885
VPS24,0.0740154468548512
LHB,0.07401268729430749
DNAJC16,0.07400794288173701
CCDC106,0.07399583044452
HBG2,0.0739942570308896
SDC2,0.0739841085596283
RPL23A,0.0739811293376404
ZNF784,0.07396799045918201
INHBC,0.073948789948415
ADAMTS7,0.073944790972299
BAI3,0.0739371479312521
LOC340508,0.0739192390785626
PLEKHM1P,0.0738907135212251
SPDYE5,0.0738790934171899
ZIM2,0.0738745595636361
ATAD1,0.0738716864544179
COL24A1,0.0738685412672936
AKAP14,0.0738619250111299
CCDC65,0.0738442500424755
LGTN,0.0738323147861429
PIWIL3,0.0738283947491586
GSTCD,0.07382269316272291
DHFR,0.0737782031816887
MATK,0.07377073274639309
C2CD4A,0.0737654383211898
C16orf90,0.0737508205118804
GNPAT,0.07373654253689241
OSR2,0.0737193705084797
SCN11A,0.0737150231144837
C17orf49,0.07371185911088761
NCRNA00181,0.07367439411589459
SLC22A9,0.0736572169592572
CADPS,0.07360308288676269
TRIM4,0.0736024122406319
ASIP,0.07355640880340189
DLEU7,0.0735284307687384
DTWD2,0.073507745090795
AMZ2P1,0.0734910191544387
APBA3,0.07346306019685439
LOC283867,0.0734502051267997
APC2,0.0734408908251268
C19orf56,0.0734155031418604
KCNIP2,0.073404866141221
DYRK4,0.0734021687808496
CYP51A1,0.07340013230928011
HMGN2,0.0733872432703652
TPMT,0.0733834731011371
RABL3,0.0733815172584194
MRPS10,0.07336358351463629
ANO4,0.0733588689941769
ANKRD17,0.0733495234562469
C6orf108,0.07330995837967011
TOR1B,0.0733036663981512
MAGT1,0.0733034562750722
DERL2,0.0732969292019533
IFNW1,0.0732793009628611
SLC6A7,0.07325445360756369
EXOSC9,0.0732305232316455
NXF3,0.0731988421973662
DLST,0.0731953455905761
RNF169,0.0731679132254188
MSL1,0.0731612553470446
SEPT7P2,0.0731539241472664
TMEM146,0.0731350660389783
P4HA2,0.0731130594053079
BSX,0.0731088321854968
CXCL13,0.0730867029587515
NCRNA00107,0.0730720454978227
DNAI2,0.07306828556924
GAGE12D,0.0730607130213266
NAALAD2,0.0730267853569636
ITFG3,0.07300634521888599
GPR85,0.0729997515730081
NR2C1,0.072988172288871
LOC148709,0.0729742184156591
GOLGB1,0.07295090924251979
TUBA3C,0.0729189158817521
ZNF397,0.0728925199194069
RPA3,0.0728854488887855
TCF23,0.0728778593337794
KDM2A,0.0728472521143918
C22orf13,0.07282295200961669
ZNF276,0.072820903468002
NCRNA00167,0.07281085908168869
ZNF485,0.07280137443388271
MAFF,0.0727616290431453
MTM1,0.0727519281854761
SRPR,0.0727379236994485
CYB5RL,0.07272481914827711
HPSE2,0.07272378944461169
OLIG3,0.0727201495981089
SLC16A13,0.0727086303776341
IL18,0.0726474661909223
SLC45A2,0.0726300189809665
DNAJB8,0.07262651865796019
NPLOC4,0.0726241723999123
OPN1MW,0.0725912447662469
RPS4Y2,0.07258273818798461
POLH,0.0725772227558336
RENBP,0.0725588218518167
SPTBN4,0.072556246643527
TSKS,0.0725519707459974
LIMS2,0.072531050735217
TMEM5,0.0725302903288046
OR7E156P,0.0724744572997609
RUFY4,0.0724523982906423
DYRK1B,0.0724496787088657
RBM15B,0.07243948813508091
SDAD1,0.072411829637823
ZNF404,0.0723957878662734
LPAR4,0.0723787338044157
ANKRD50,0.07235641706289489
MYH10,0.072339919740843
EPB42,0.0723201826177685
SMAP1,0.0723063087982508
SS18L1,0.07229425963896641
CRELD2,0.0722763354289046
ADAMTS14,0.07227367820225031
C4orf39,0.072271731251349
ATAD3B,0.0722418280961627
TTC9B,0.0721696600525693
OR2W5,0.0721610843767497
OLFML3,0.0721596389206629
LOC100134713,0.0721475766013159
ALX3,0.07213415488580699
GAPVD1,0.0720586210973137
RBM46,0.07205559243757459
TBCEL,0.07204796700965521
KLHL8,0.07200956808560349
CACNG3,0.0719958347683176
TRIM17,0.0719953366279069
ZNF716,0.07199382042771829
OR2A4,0.0719707165342343
WIBG,0.0719652234857336
PKHD1,0.0719609265850226
GUCY2GP,0.0719467980228618
SPG11,0.0719448616924329
KIAA1797,0.0719420763248476
C4orf7,0.07189728724958899
PCOTH,0.071872615387902
B9D1,0.0718639632582293
MS4A1,0.0718637898769514
CUZD1,0.0718515423030259
SP7,0.071851249249812
PLEKHA4,0.07184936968259481
OBFC2B,0.07183485045610831
NDUFAB1,0.0718135703877092
PPM1N,0.07178734797209531
USP48,0.07175271740561259
CCDC53,0.0717423834079501
EIF2B3,0.07171720637024681
NUP88,0.07170152592945661
GPR128,0.0716732867014189
SNORD22,0.0716594465695117
COPG2,0.0716538491386482
HIST2H2AC,0.0716439745817866
MARK2,0.0716427229651107
IRX1,0.0716392932540506
ADCY8,0.0716291863932857
SPTBN5,0.0716067182435188
SOHLH2,0.0716046303420993
HEMGN,0.0716025290138135
ANKRD13D,0.0715779860903718
DNAJC17,0.0715774171634537
MSTN,0.0715714164904902
EIF4G3,0.0715681770035381
GAGE12J,0.0715408529758467
FLJ40504,0.0715247015442739
DDX19A,0.0714926297320067
MBLAC1,0.0714873685624523
RICTOR,0.07144825982034861
LRRC34,0.0714163635101155
TAS2R10,0.0713975348453431
NLRP2,0.07138412591269361
ZC3HC1,0.0713786232198009
RSPH3,0.071352534791883
ZNF8,0.07134708935417271
TMEM131,0.0713130614555244
MRPL10,0.0712942324756515
HOXC12,0.0712846391714314
HMX3,0.0712771601419856
RINL,0.07126144363587479
ATP10B,0.0712600644516046
SYNGR3,0.07124638199541589
INTS2,0.0712403235754722
FGF21,0.0712340641413713
BMS1,0.07121725542963779
NDUFS7,0.071205765382246
SLC12A1,0.0711903423008447
ZSCAN23,0.0711382893846672
KIAA2026,0.0711065691554453
FBXL6,0.07110377746234231
CPPED1,0.0710960762910496
NAF1,0.0710861394531245
EIF2B2,0.0710749761670461
GABRR2,0.0709935632175186
CLDN15,0.07098123235369999
SMN2,0.0709716047256299
RRH,0.0709673801761367
GPATCH3,0.0709517259994649
MIF4GD,0.070949511784036
C6orf130,0.07094330155770259
PRSS35,0.070943132378724
UMOD,0.0709222340953688
MAGEH1,0.0709154863852555
SEMA3G,0.07091520215919381
H2BFXP,0.07090906238871911
NLRP6,0.0708949986751805
OAZ2,0.0708815138178407
HIST1H2AJ,0.07087150246600249
RAB36,0.0708695226286231
ZNF169,0.070864774923516
TCEAL2,0.0708623931726655
ZNF696,0.0708572528101947
CDK11A,0.0708432649659743
FAM173B,0.0708137211843921
UBA1,0.0708096265425177
UHRF1BP1L,0.0707868793468947
OR5P2,0.0707808987412366
CCDC102A,0.0707692226331676
PCDHB8,0.0707684421829153
MS4A6E,0.0707121882491609
C20orf200,0.0707024079550502
GPR32,0.0706925323784031
C19orf20,0.0706843941196167
C1orf220,0.070680334500686
OR2W3,0.0706607796680434
RPS16,0.07062147327782549
ZNF600,0.0706212798443195
CECR7,0.0705927601385183
FAM116A,0.0705673449217458
ZNF136,0.070567129488829
LOC100133985,0.0705370504654334
SGIP1,0.070519116937213
C1orf63,0.0704859015573833
AGMAT,0.07046396294517711
BAZ1A,0.0704484158735354
ZNF221,0.0704009626868289
C17orf56,0.0703913528431925
C3orf47,0.0703879737733856
LHX9,0.0703853569167526
CD320,0.0703562454118794
PGS1,0.07035492748601041
CEACAM20,0.070337674284985
DLGAP3,0.0703061402688359
ANKRD40,0.0702978542681843
DRAM2,0.0702927712721261
LOC100188947,0.070286276998539
IAH1,0.07028386127908469
PIKFYVE,0.0702553261604033
C3orf52,0.0702413858434574
RPL37,0.0702411852479943
PALM2,0.0702358929054264
USP6,0.0702344688670644
INPP5A,0.0701901090991736
KIF1C,0.0701801979752125
C20orf173,0.07016027211116449
TCL1B,0.0701548524083651
AP3M1,0.0701431013713158
ATM,0.0701427555854921
TGM6,0.070131751256613
VPS13A,0.0701149623732983
ATP5D,0.0700773972410208
CDK5,0.0700336263820103
C17orf70,0.07003215387701861
PSMA3,0.07002644315549811
ZBTB12,0.070018721233759
MCART1,0.07001472398218529
SFRP4,0.0700061182755347
TNKS2,0.0699833429538195
KCNQ2,0.0699805195998427
FLJ34503,0.069972461619598
WASF3,0.069963214488377
RNF138P1,0.06996238021757001
LOC100129726,0.06990924769684989
IGF2,0.0699009036021611
CTSF,0.0698939507510569
PCYT2,0.0698821076053867
LOC283050,0.0698756972287526
SMPX,0.0698690176541695
RCAN3,0.06982805795276739
ZNRF2,0.0698277515979715
NFYA,0.06977460863373999
TMEFF2,0.06973872247137569
PIBF1,0.0696995846717977
RALY,0.069687746072691
ACAN,0.0696563778453098
THAP4,0.06965070819147101
ATRIP,0.06964828579223371
DNLZ,0.06962908114731829
ABCA17P,0.0696242252156909
FBXO15,0.069599793325329
C5orf52,0.06959071058531291
GNPTAB,0.0695855310567679
C12orf44,0.06958016684481551
GRM2,0.0695786366460015
SNAPC4,0.06956945668599611
SNRNP25,0.069559064608656
TMED3,0.0695446936823202
OR6C2,0.0695062461211959
CALCRL,0.0695013238381098
ACER1,0.0694973615100148
ANKRD23,0.0694812639713481
MIOS,0.06947945027712099
BRAP,0.069472116885333
ANKRD36BP1,0.06946974700047
ATP6V1G1,0.0694634602766104
IL22,0.06945010816962101
COMMD9,0.0694455577418732
TXNDC12,0.0694382635542872
MRPL53,0.0694295617070524
ARG1,0.06942914566080881
C20orf135,0.0694253669571118
SOX11,0.0694060123346344
CDC42BPB,0.069405092366024
CDC23,0.0693907578438375
OMD,0.0693896539736442
NLRP14,0.069375470122991
NAGA,0.069349175698961
ABHD2,0.0693470249457982
UBXN6,0.0693386525280389
PDE8A,0.06932299131348729
ZNF828,0.0693202659148307
DCPS,0.0693158431250422
DIS3L2,0.0693000559378292
TOE1,0.0692251003724274
ZNF585B,0.06922094446984711
SLN,0.0692193385117732
CNTNAP1,0.0691834646923039
PRSS30P,0.0691797866852682
PRDX4,0.06917641331879129
STMN3,0.06916130964687191
LRRC37A2,0.0691486015768921
MAF1,0.06913002870683979
GPR113,0.06911789256338259
TCP10L,0.0690436907322929
TMEM218,0.0690425168874155
SKP1,0.0689912872549307
TACC1,0.06898199180575411
C10orf50,0.0689715958568654
ESRRB,0.0689264874782613
TTLL8,0.06891697790612171
TMEM200B,0.06891403773602121
CA7,0.06889558573431409
SGK494,0.0688483889843497
FAM160A2,0.0688261713744566
CALHM1,0.0688172878307184
BCLAF1,0.0688049691063876
PSG7,0.0687894697701718
GAA,0.068768351025359
ATP13A1,0.06876274181963589
ELMOD3,0.0687561531641943
RFC1,0.0687398157644652
NPFF,0.0687374642045869
CXorf40A,0.0687336682833604
LOC644669,0.0687319992486015
SLC2A7,0.068699598971113
HCFC1R1,0.0686922035504667
CEND1,0.0686581246468221
GTF2B,0.06865751938482059
HECW1,0.06865636824120551
ZNF26,0.0686521822133319
C1orf113,0.0686485812936525
HIST1H4I,0.0686188301052275
?|155060,0.0686186181660897
MOG,0.0685937786824556
LOC100302650,0.0685776835153438
SLC13A1,0.0685620993939882
PIWIL4,0.0685571800333856
DKFZP434L187,0.068531485122
RAB39,0.06852540642069431
SMC5,0.068508717260088
C19orf63,0.068494192966822
PPP1R15A,0.0684886433132517
TCEAL4,0.068462344884331
ATG10,0.0684614355102877
BTBD12,0.0684408852304447
MTMR10,0.0684385556514806
UNK,0.06843826956317921
TSSK3,0.06841754194677171
KIAA0907,0.06841385063905199
UQCR11,0.06840275458951281
FSIP1,0.06840206829427901
NDUFAF1,0.06838866629306731
GHRHR,0.0683816188486422
BAT1,0.0683719601165853
IL13,0.0683637983185478
GRP,0.06835968442735091
SNHG3-RCC1,0.0683300050114246
MTMR8,0.0683235322937721
BAG1,0.0683206318851685
TRMT61A,0.0683112819475088
ZNF569,0.0682930522324176
APOC2,0.0682736233890224
FGF3,0.0682694485606675
TAS2R46,0.0681596960899163
HNRNPF,0.06813806488457311
MRPL49,0.06813500986410449
CT47B1,0.0681275867747704
LOC440461,0.0681217384782909
NCRNA00183,0.0681026837152332
GNB2,0.06808413135691109
PARP2,0.0680835605930155
GPR45,0.0680471253077154
LDHA,0.0680353461290833
SNX1,0.0680245638810903
GPR62,0.0680053249706249
KCNV2,0.06799407441239409
ZNF566,0.0679692591664508
GIYD2,0.0679522475515814
ROD1,0.06792599426007981
NIPSNAP3B,0.06788786117942029
EMX2OS,0.0678810251682062
SLC31A1,0.0678544481124314
ZNF517,0.0678418783931572
ATP13A2,0.0677863768596677
SMEK1,0.067748731665416
CD79A,0.0677357723202804
ZNF484,0.0677301504868447
NDUFV1,0.0677107866030437
?|391343,0.06762795513500369
WIF1,0.06761335534257279
FLJ10038,0.0675752639961157
WDR90,0.067567908078218
SLC6A4,0.0675368794714425
ABHD5,0.0675094634552979
CCL28,0.0675074469994341
USP47,0.0675059858217401
MYO16,0.0675053541596204
RBM12,0.06750214899091742
HIST1H2BA,0.067484963670477
ERCC4,0.06748170055411841
NFAT5,0.06747869427711681
THEMIS,0.06746925818463051
RBM7,0.06745756657391949
LOC100289341,0.06745375203839052
TMEM208,0.0674501960148831
BBS10,0.067440707132252
TRPV5,0.06742324228417651
KIAA1012,0.0674229911409727
TBPL2,0.0674055196084771
LOC100133050,0.0673725495574098
HIPK3,0.0673638853754255
SLC25A13,0.0673619718784879
MSH4,0.0673597584685001
IZUMO1,0.0672832145206127
TSPYL5,0.0672736008938149
RPA2,0.06723491726573382
GP1BA,0.0672252610473059
KIAA0100,0.0672249204769292
UTP11L,0.0672106284423796
SND1,0.0672010852809073
ZNF572,0.0671999353232024
C16orf53,0.0671727231640509
FLJ13197,0.067128973349027
ARMCX2,0.06709418249668689
ZNF215,0.0670468735804123
CHST6,0.06703759114541259
KIAA0391,0.0670296396282597
APOF,0.0670183274196509
RASSF8,0.06700159030389449
C9orf40,0.06698507929523559
TAS2R60,0.0669663871862296
HAUS3,0.0669453939329516
C14orf182,0.06690742276915819
RPL26,0.0668940214715451
MIPEP,0.0668906333887886
TUBB2C,0.0668668561457374
BAZ1B,0.06685910677610729
SUMO4,0.06683876137131879
SLC16A10,0.0668089426204144
ATG9B,0.0667731094263725
VPS37C,0.06675748330559439
CNIH,0.0667353349596086
ZNF420,0.06673144793656399
ANKRD49,0.0667213877321684
ZNF787,0.0667199053096056
CCDC147,0.0667187625670739
ATP5H,0.06667817242359358
UBC,0.0666737329158585
MAK16,0.0666594270464846
YTHDC2,0.06665317805417101
SNHG8,0.06665078171035589
UNC13C,0.066639813155509
TMX3,0.0666139554159864
PRY2,0.0666004275686916
LOC100272228,0.0665886796966539
STOML1,0.0665504850741852
FUNDC2P2,0.0665407335566798
GRM7,0.0665402618044913
IFIT1,0.0664896022386488
ELF1,0.0664853545044102
RBM41,0.0664787049744536
PLSCR1,0.0664555481113806
GABRB3,0.06640358116868289
PDZD11,0.0663236048094291
SLC27A3,0.0662653612996052
ATF7IP2,0.06625162119379549
PGLYRP1,0.0662421797692586
C12orf71,0.0662409056101735
DUSP28,0.0662362700748351
CRNKL1,0.0662324810543805
SEC61B,0.0662311293671792
TRAPPC5,0.06620495232499529
ADIPOR1,0.0661844120034009
OR8A1,0.0661707078733302
ID4,0.066160000359524
RG9MTD3,0.06613833820189109
MMD2,0.0661228259247011
RAB9A,0.0661128249962181
C9orf163,0.06609094363060851
SH3BGR,0.066090565643618
ARL6IP1,0.0660798399281864
OR52E2,0.0660640415532078
HIRIP3,0.0660620787639919
RAB3GAP2,0.06604898094676419
SRBD1,0.0660468865125987
SLC13A2,0.0660333384868657
UBE3B,0.0660320903425251
ESR2,0.0660145225581675
LOC100128239,0.0660129652192819
KIAA1586,0.06601235674663931
CPXCR1,0.0660120940560111
CAPSL,0.0659989749765446
OR10J3,0.065987859046163
NUCKS1,0.0659671332645952
CTDP1,0.06596241979587851
TREX2,0.06594185878117151
PARS2,0.0659329424832446
BTNL2,0.0659146479596187
C8orf85,0.0659140312854805
ZFC3H1,0.0659123131730352
WDR5B,0.06589319765901079
ASB1,0.06588328206718111
ZNF772,0.0658740826247308
DDX4,0.0658402702804869
WDR49,0.0658389507308888
LOC400804,0.0658334934994041
C10orf131,0.06582565712953
SNAPC3,0.0658088927145209
MRPL16,0.065778087477046
PRODH2,0.0657764833207884
NEUROG3,0.06577371864456949
CTXN2,0.06576001287168179
EVC,0.0657361085660024
AIG1,0.06571006266117929
C17orf93,0.0657010682667907
RANBP2,0.065700810578742
ZNF559,0.0656904828417747
NR2E3,0.0656898943884639
ARGLU1,0.0656854725575332
KIAA1328,0.0656688232389313
ANXA7,0.0656414618020851
RTEL1,0.0656233225652263
CYP2C9,0.0655824047548326
SPAG7,0.06555572396583
SCUBE3,0.0655453721537457
PCDHGA5,0.0654940140131752
MYCBPAP,0.0654740170947983
LAS1L,0.0654730523631846
CYB5D1,0.0654511280312272
HTRA4,0.0654508466349247
ZNF587,0.06542120618173221
TRIM37,0.0654031236641146
SERINC3,0.0653903526901708
SLC25A19,0.0653857694548676
C1orf107,0.06535133027465699
LOC388955,0.0653034718214076
COX17,0.065300010143181
FAM45A,0.0652478322319612
EIF3H,0.0652471958155155
FLRT1,0.0652324419080001
PGK2,0.0652319122572337
CYP46A1,0.0652016397023206
WASH2P,0.0651798065050182
ZNF280D,0.0651698577095883
SLC24A3,0.0651491229149084
SELM,0.0651317783531199
ELF5,0.0651196935020345
?|340602,0.065099824720319
RSPH10B2,0.0650632229434938
TSEN2,0.0649875945316179
LOC143188,0.0649816739730973
ZFP90,0.0649798775810652
DDX17,0.0649730664415031
PSMD6,0.0649574256512436
SSX3,0.0649526769723654
FAM160B2,0.06489914647863321
GLOD4,0.06485928360129381
PIGT,0.0648482788378038
UQCRC2,0.0648303658887665
DOK6,0.0648188842304729
AES,0.0647895310506101
GAGE2D,0.06477233618492889
HTRA2,0.0647714134094481
PDE8B,0.0647053880650073
LOC100133308,0.0646713692220238
UPP2,0.0646565787702792
KIAA0586,0.0646099407869105
C7orf69,0.0646037233335448
FAM82B,0.0645827519560926
KIAA1875,0.06456184583082229
ISLR2,0.0645475126571186
ULK2,0.0645367786066062
CORT,0.0645143995396464
SMCHD1,0.0645087240602278
VPS13B,0.0644811878672746
LSM3,0.0644710393199477
FAM21B,0.06445019162536221
C14orf64,0.0643899305984991
SFRS5,0.0643761792597474
PDCD2L,0.0643687852266886
CATSPER2,0.0643020047605727
CYP2E1,0.0642903226342912
FNBP4,0.0642900919409685
NCSTN,0.06428071424188321
SPRYD3,0.0642526812486575
TOMM6,0.0642208835621381
MATN3,0.0641937539204656
CHD7,0.064189740116194
ELOVL1,0.0641837858884143
TCEA1,0.0641814998889013
THAP6,0.06417886424942759
PHKG1,0.06414476176593831
C4orf49,0.0641322343983365
KLK3,0.064104060544622
DSCR3,0.0640683031426279
C14orf119,0.064067354566995
C14orf1,0.0640670787933984
MTF2,0.06404083045158669
ZNF668,0.06404003202632261
NFKBID,0.06403486057675191
CHD8,0.0640310440711557
FAM63B,0.06401959876770771
OGFOD2,0.0640118493566798
ZDHHC12,0.0640008033005047
C2CD4C,0.0639726352757997
DDRGK1,0.0639695254597658
PPP1R2P9,0.0639196946262468
GTF3A,0.0639118914690992
HERC2P2,0.0639030110234382
TBC1D15,0.06389898872650661
ELANE,0.0638726503783595
INTS12,0.0638600483174739
EBAG9,0.06385526624415219
FLJ10661,0.0638532343572595
SCARNA2,0.06384652929643969
CFHR2,0.0638449540993126
TMEM190,0.063842520027314
TMEM187,0.0638369597642428
SEC14L4,0.0638199103491578
C9orf144,0.0638122406107085
TAS2R19,0.063805628231912
OAS2,0.0638056112747521
CDC42,0.063752415708159
KIAA1841,0.0637392954617944
ADHFE1,0.0637365426164086
C8orf86,0.06371195896323151
C6orf141,0.0636914134724062
EDIL3,0.0636565237972538
NRSN2,0.06364784039843041
CWF19L1,0.0636382272949421
GRK5,0.0636307000721435
MFSD11,0.0636269019842615
TCL1A,0.06361663400128159
USP6NL,0.06358888992427089
GSPT1,0.0635885877572031
LMBRD2,0.0635590921004172
C1QTNF4,0.0635491656091531
FLJ10213,0.0635304169225757
SLC38A11,0.0635029559175928
H2AFY,0.0634346841225088
B3GNT9,0.0634136718309537
SC65,0.0633979767580779
RIC8A,0.063385943736037
CCDC25,0.0633764344682486
FAM118B,0.0633739630004677
CCDC126,0.0633478139326588
KIAA0831,0.0633340147778562
RPL12,0.063325671734571
ANKRD34A,0.06330753758360641
NRG3,0.0633066777733943
MGC16025,0.0633017828929005
NR1I2,0.0632928591367125
C6orf58,0.0632871341300099
SULT1B1,0.06328333979190529
C8orf22,0.0632789751445204
RBMX2,0.06327343107467319
IL23R,0.06326563327432219
VTI1A,0.0632546850549789
NOMO3,0.0632512760742039
LOC283856,0.06319230418942551
C17orf61,0.0631864157755338
FAM115A,0.06318030168665051
POMP,0.0631465907798682
HIST1H2BN,0.0631464312966441
PLXDC1,0.0631240170592709
SFRS8,0.0631234603325483
AHSA2,0.0631079870318695
IL1RAPL2,0.0631052248706076
RNF121,0.0631009393828032
TRIM44,0.0630880728724791
ZNF563,0.0630701393927112
UCHL5,0.0630569485843864
RAB7L1,0.0630540022348643
SUGT1,0.0630447541209802
RPL38,0.0630386560994171
HINFP,0.0630242428312449
ROMO1,0.0630148233415157
AQP7P3,0.0629911327794579
GFRA4,0.0629877335307492
PCDHGB1,0.0629798802497232
FBXO31,0.0629405114982586
LENG9,0.06292270369526169
FARS2,0.0629195044438978
SOCS4,0.0628816592037471
ATP6AP2,0.0628457624362361
RPS20,0.0627885663654198
FUNDC1,0.0627640538559072
C15orf24,0.0627271769317319
APEX1,0.0627147445367949
SRRM1,0.0627082872985663
HSPB11,0.0627006278215098
HIGD1A,0.0626939755242521
ADRA1D,0.06269228803394519
CYP2F1,0.06263051179637251
HMHB1,0.0626249453965877
GAB4,0.0626209793406301
ATP6V0E1,0.0625905302293627
MTRF1,0.0625650945356073
C9orf24,0.0625636889346759
ROPN1B,0.0625420360979638
CDK9,0.0625196884452504
SERF2,0.0625025139967887
ALK,0.06249951816641519
MTP18,0.062497172523662096
LMX1A,0.0624703945652631
PTPLA,0.0624595741949442
FUZ,0.0624318734140218
METTL10,0.062420991865055
LOC402377,0.062360884015724996
TNFAIP8L1,0.062341309164949794
FPGT,0.062340583417535005
RUSC1,0.0623397377648776
C14orf153,0.062337695594392395
C3orf14,0.062325312096646796
TMPPE,0.06232486773285641
CLCN3,0.0623105415709618
HDGFL1,0.0623027488148442
CLEC4GP1,0.062291066063879005
MGC21881,0.0622886227396819
FAM92B,0.0622758587717322
MED16,0.062267283415818
C6orf225,0.0622622693230694
MAT2A,0.0622572084544651
NFX1,0.0622548957575564
LOC157381,0.0622501834784521
NDUFS1,0.062240260943212396
AKR1E2,0.0622284881247292
C6orf204,0.062217460983447596
THSD7B,0.0621805540407861
COX10,0.0621713155321967
STX8,0.0621527442965145
SFT2D2,0.06214821244225251
BRD3,0.0621005987058284
PFN1,0.0620535939599179
UBE2D3,0.0620153540395543
ALKBH7,0.062015246429587695
ZNF271,0.061975552877185314
ZNF841,0.0619697634762709
BSN,0.06196344249277641
NWD1,0.0619616786576868
NRSN1,0.0619565062648596
ZNF223,0.0619286599280488
ZNF425,0.0618831978033421
IGJ,0.061873501036204294
CHCHD2,0.0618399682134925
BMPR1B,0.0618328222776435
PCA3,0.0618328026910498
IGHMBP2,0.061812228539035896
RAB3D,0.06176072027863991
GRSF1,0.0617508108344424
PACRG,0.061738975604434095
C9orf47,0.061725516883530895
NCRNA00113,0.061705002245626306
PRPF38A,0.061702520243402906
CDC73,0.061664820334186105
SNORD97,0.06166193813083991
ZMAT2,0.061632229197940896
ABCC13,0.0616175137423164
PAN3,0.0616169980667863
TRAPPC10,0.06159089731331109
CDKL5,0.0615671467685558
FN3KRP,0.0615494574482337
C7orf44,0.0615443904884306
APOD,0.061526352082289903
PMPCA,0.061512027455698004
CRISP2,0.0615106452607461
ALX4,0.0615050850972138
ARMC5,0.0615027406668003
NPPB,0.061499783123428596
DNMT3L,0.0614975965521387
SEZ6L,0.061483316984464395
HSD17B7P2,0.0614785301762211
CPN2,0.061476120952482796
MC3R,0.0614397065724821
LOC145783,0.0614161723172626
TCN2,0.061409784884757
POTEG,0.0614058477405766
RAC1,0.0613808763294725
USP12,0.0613612417093473
CTDSP2,0.06133940691973589
SOX10,0.0613192813168178
IL5,0.061310030969993504
LOC653786,0.061305225234960806
HCRT,0.0612798101447925
LOC400891,0.0612708422139455
GUCY1A2,0.061264936471211104
POM121L1P,0.061253586665023
TSSK4,0.0612251598727499
GAD1,0.061217110599858904
ARL2BP,0.0611942691206339
MRPL33,0.06118450683271019
C7orf26,0.0611835842918646
F2R,0.0611716578881545
DDX6,0.061154376031981
PSMA5,0.0611168499692343
FNIP1,0.0611097016095237
SLC10A2,0.06108451610256989
CABP7,0.061050694724552795
RBM45,0.0610420697485267
C21orf33,0.0610186104026459
TRIM67,0.061017738063234905
ADAMTS19,0.061016614992449605
DNASE2B,0.0610120137114361
C22orf27,0.0610109088130522
BEST1,0.060999363222989204
GPHA2,0.060994087969001604
E4F1,0.06097039452336191
SULT1A3,0.060958504092524006
C7orf27,0.060958005948509995
KCTD19,0.060928397177520896
C11orf20,0.0609263884957547
WDR93,0.0609245766549378
C19orf24,0.060917270978547704
FTL,0.0608742864729317
C5orf35,0.0608564279332548
HSP90AB1,0.0608491705672837
ARL5A,0.060843924022144
CSN3,0.0608275360120468
C1orf159,0.0608125972366927
NLRP4,0.0607737868092495
PPP2R4,0.060758916273202596
TMEM63B,0.060727908316543004
C11orf31,0.060702647229701596
LRRC19,0.0607004333845179
RBM11,0.0606898369266003
ACACA,0.060674172553108
OR2T33,0.0606589665317685
TRAPPC3,0.0606517684873624
PPBPL2,0.0606462301650442
ITLN1,0.0606230860391848
RRN3P1,0.0606138244278626
ZNF529,0.0606055216788641
BCS1L,0.0605727898033454
FBXW2,0.06057212866359629
C14orf106,0.060532553341834605
ATXN1,0.0605283058818959
CPNE2,0.0605194681146692
RPL13A,0.060518684636106004
ZNF295,0.0604747110551843
AVIL,0.0604520160282765
MGAT1,0.06044494800563631
LRWD1,0.0604185451415286
PEX14,0.0604147767721585
VPREB3,0.060394992547999
OR3A1,0.0603848503488556
CHID1,0.060384506539668106
CD164,0.060382941067642304
ZSCAN4,0.060382314507529095
KIAA1704,0.0603699528598175
MCART3P,0.0603606263589275
FLYWCH2,0.0603575880872609
PVRL3,0.0603483720318152
ZNF599,0.060343555920596
C7orf30,0.0603394897694488
AKIRIN1,0.0603381364244902
LBX1,0.060326769341742796
ZNF260,0.0603246078886748
SEC11A,0.0602918472019716
C14orf142,0.060262715721494
ZCCHC17,0.0602511155309065
RPL21P44,0.0602293852583169
SAP30,0.0601982499963143
AMPH,0.060180853381760296
C6orf52,0.0601383102614237
LOC541471,0.06012263932398379
NDEL1,0.0601149558918576
LENG8,0.0601090085534937
TBC1D5,0.0601026208353739
RAB40AL,0.060087163044044004
DENND5A,0.0600869119473289
ZNF135,0.0600724905255682
FAM27C,0.060053326748464704
CCDC45,0.0600095926208949
CPVL,0.0600076546602271
DCAF11,0.059999432047297
HN1L,0.059958833949228504
ZFP30,0.059955406888015095
XKR7,0.05995462995304379
NDUFB11,0.05992898518557249
NDUFB8,0.0599267863437651
CRIP3,0.05987935322749781
BCL7C,0.0598682845463141
DENND1A,0.059856026870391
SEC1,0.0598486153053675
TRPM1,0.0598273110555055
GSN,0.0597918684408204
FKBP1AP1,0.0597682750597066
PIP5K1C,0.059753131783822404
REXO2,0.0597005976446385
A1BG,0.059688322097416396
PAAF1,0.0596457709733078
PHF14,0.0596380448372058
TRH,0.0596220249566791
PYY,0.0596180713630621
RBMXL2,0.0595625084199513
LCE2B,0.0595623058119993
PLGLB2,0.0595465915511111
BEGAIN,0.0595322676778593
TBC1D3P2,0.0595157193664281
?|8225,0.059505358944844496
LOC441294,0.059504039320898205
TECPR2,0.05950170673566121
WDR16,0.0594772836220623
CNTN2,0.0594265381193916
GPR44,0.0594102973109493
DNAJC18,0.0594075032091687
AKAP4,0.059371341107372896
KBTBD4,0.0593576670884345
CYTL1,0.059337328067180395
RPS26P11,0.059335859798695705
ATP5G2,0.0593081651576812
RPE65,0.0592980186454801
CCDC72,0.059297265605146296
CCDC157,0.0592855466010983
IQCC,0.059265918625458505
C12orf45,0.059261127596082104
SFT2D1,0.059260024172104
FGF1,0.0592295379856598
SAGE1,0.05921594439611609
TACR3,0.0592107885140172
HBA2,0.059207862379475895
TRAFD1,0.0592072660054166
PHOX2B,0.05919852878952599
UPF2,0.059182191096254805
KIAA1539,0.059139080837270694
CHCHD8,0.0591361199748856
CRYBG3,0.0591200384626658
ZNF479,0.0591032641229208
HMBOX1,0.0590991849051571
PSD,0.059082116727344904
NDUFS3,0.059072237370954295
SNHG12,0.059066382062593
ING2,0.059063951139106396
LOC100303728,0.0590631184607609
TFF2,0.0590596719504332
PAFAH1B3,0.0590375117352253
DAZ1,0.059025513180958306
TAF8,0.059018810708908194
GRXCR1,0.0590101271013712
RHOT2,0.05900752739715891
MAP3K10,0.0589987244556865
PPP2R2A,0.058987812490993205
GRINL1A,0.058966328414239905
MDGA2,0.058950783456465
HBG1,0.058925646674634
PCDH17,0.0588812807613172
OR5H6,0.05884741921185809
BHLHE23,0.0588431727995768
SH2D4B,0.0588268908694178
STK19,0.058824106706528004
SCRG1,0.0588197793534812
TJP2,0.0587988235341599
SPATA16,0.0587931956034579
PHYHIP,0.0587778841726598
FLJ39739,0.0587700059120916
TCEAL5,0.0587303822621278
NPEPL1,0.0587215761194147
ZNF334,0.0586929931319516
BTG3,0.058684600586417696
KALRN,0.058679443954967894
APOBEC3H,0.0586689135420291
LOC84931,0.0586630791438321
LPPR4,0.058660037048747095
C22orf25,0.0586567173787592
PROCR,0.058645198390745695
ZNF766,0.058630073949522604
C20orf191,0.0585791463426694
RPS9,0.0585658743248416
HEATR6,0.058562308539924904
FBXO9,0.058561280424774306
NEK1,0.0585539478874558
PEX10,0.058521320703341796
SPDYE2,0.0584946160920863
YTHDF3,0.0584855574057482
CPA1,0.0584715050851238
MOSPD2,0.0584396251592788
LMOD2,0.058418495481081606
SP2,0.058400445731946
FZD2,0.058346832798274705
C11orf95,0.058307502584003704
DNHD1,0.0582955937810565
PCDH8,0.0582868490481903
LCNL1,0.0582509771085208
EHMT2,0.05824819662765401
SAT2,0.058231485916404604
NCRNA00085,0.0582175629543554
SGMS1,0.0582012160374651
TCERG1,0.058185930910998905
LOC100170939,0.0581794343259605
C14orf180,0.0581700676575576
KIF1B,0.0581670392405333
CPSF1,0.05816029748181029
ZBTB8OS,0.058158846179950305
MRPS18C,0.058133647422398196
EIF2C4,0.058118053510488696
DCAF10,0.0581107846866151
LDOC1L,0.058053449659917905
EIF2B1,0.0580282828352998
ACTG1,0.058024455254019
C7orf16,0.0580050542924665
ARL6IP4,0.057936268878310895
ZFYVE1,0.0578940245581379
?|10431,0.057822412112955704
FAM180A,0.057805488974911896
ZNF211,0.057782866293593596
SNORA2A,0.057743712297155705
AQP8,0.057725888247500495
OR51E2,0.05772307362880439
SETD5,0.0577145102762571
CES7,0.0576950595309417
LIPT1,0.057687317075106895
RPS15A,0.0576511100297537
MYH7,0.0576160204713468
LRRC37A4,0.057573132894494096
G6PC,0.0575643633858473
HTR3C,0.057539802492470996
C14orf102,0.05751242430636969
AS3MT,0.057508136287595095
SPDYE3,0.0574920797421309
CASKIN2,0.0574378882262132
TXNDC6,0.0574342745049846
GBF1,0.057422559583930693
AMELY,0.05740729197641
CT45A4,0.057397679988156
LOC284788,0.057367015296952
ZNF570,0.057329554782749
ZBTB3,0.057320880464673304
TKTL2,0.0572998497370494
GPR173,0.0572981251688821
TMEM182,0.0572865299817045
TRIM66,0.05727590788268239
BTRC,0.05727021515540111
GNA11,0.05725870764393701
TACR2,0.057253114601632904
ACCN4,0.05725130492626661
IQCH,0.0571997991978825
ZNF439,0.0571936762150454
LOC729799,0.0571589906746081
APOC3,0.057149347097334394
GAGE8,0.057139392645096904
FLJ33360,0.0570880732445076
NXNL2,0.0570848956571385
TMEM81,0.0570760340898181
CEP70,0.0570565339496267
CD24,0.05705149892950649
WFDC11,0.05704601955032561
SLC35B3,0.057037257412974204
SPSB1,0.0570304114484191
VRK3,0.0570031859874379
CELA2A,0.056990320137068104
SLC39A9,0.05695997981372089
PPP1R10,0.056933162342999805
FOXR1,0.0569092502676945
CNGB1,0.056903184992835795
ASB6,0.0569006108802357
TUBB4Q,0.0568592613341725
AGAP6,0.0568480859112915
LOC256880,0.0568379399243983
QRFP,0.0568286808656417
C11orf59,0.056827318791856
RGS16,0.056821030061758496
AIMP1,0.0568053109785343
CCL27,0.0568050372253394
RAB14,0.0567954505617424
LOC222699,0.056783262068663104
OSBP,0.0567514094199313
VN1R2,0.056733134764096395
FKBP10,0.056713376189389396
C11orf2,0.0567128992284552
MAN1B1,0.0566969441364935
MT1F,0.056674809812350305
CNGA2,0.05667338044842459
OR1D4,0.056609198969488905
GPN2,0.0565999873042897
CCDC113,0.0565828544072121
SMG1,0.0565709667724476
GRINA,0.056567404063066304
MRPS31,0.056557830790655204
PRB2,0.0565087432667388
MRPL42P5,0.0564251514667543
TNF,0.0563750793274087
PLA2G2A,0.0563529346656165
LOC253724,0.05634761438519081
SEC14L3,0.056320586548396195
IGDCC3,0.05631119569946089
MIP,0.056304446955584196
MBP,0.0562953563357141
POM121L9P,0.0562777942849636
ZMYND8,0.0562636369187071
SAP30BP,0.056222539168785196
KIAA1632,0.056205958264582696
TFB1M,0.0561936731996978
NFKBIA,0.0561933250427225
SCLY,0.056181920404478704
OR1B1,0.0561778564004128
SSX2,0.056162331640110606
ASB15,0.0561559146884235
RPS3A,0.056145283650362005
C4orf40,0.0561306931209898
PNLIPRP3,0.056078265656753
C17orf74,0.0560635157004834
IL17F,0.056060373096431
C14orf68,0.05604969913118359
B3GALT6,0.0560304485788787
FBP2,0.05602447613887689
ANKRD36B,0.0560203842876617
USP22,0.0559994920199065
LRRN4CL,0.055960918452815894
UBN1,0.0559303494431838
HMBS,0.0558765294762459
MX1,0.0558606636239111
DAND5,0.055828961882758994
SLC25A43,0.055808728516239504
PGAM2,0.0557578634538418
SDHC,0.055716680552805306
GTF3C1,0.0556945309876924
YTHDC1,0.05568411682425779
HNRNPH2,0.0556706148869466
RNH1,0.055652250093292804
ALS2CR11,0.0556463920247873
CA14,0.055645707217073195
GMFB,0.055581510674636396
PTPN20B,0.055574899278870306
FAM86C,0.0555660801169522
ERGIC3,0.0555627251060836
POLR3K,0.0555618648091937
C16orf87,0.05554481589512281
C3orf50,0.0555427857258222
ACR,0.05548780108916
CCDC17,0.0554757461154783
TMCO6,0.0554491399625302
C1orf104,0.0554325377866457
NBPF1,0.0554163155719122
SCGN,0.0554132486136876
ANKRD35,0.055402396564614605
MIS12,0.0553727106958424
SHB,0.0553458540661708
CCL20,0.055322875449952694
PELI1,0.055291237633447204
TRPM5,0.055253833765061704
DDX3X,0.0552509853789888
POLR3E,0.0552456006279905
MOB2,0.055197701635198
ACOT11,0.0551800526988707
ZNF20,0.0551710130460304
METT10D,0.055137029940424506
PPIL2,0.055132493252049594
RPL27,0.05513218319549851
TUBB4,0.0550907855007832
LYPLA1,0.0550397530437301
CCDC88C,0.05503350914002421
NDUFA13,0.055014567207519204
THAP3,0.0550138269347355
PARP9,0.05496611728955181
RORB,0.054959914220488904
MRPL20,0.0549352349025323
PCDHB18,0.054927451577133204
LOC285593,0.054891131391858895
RHO,0.054880381886117206
SHANK3,0.05487120087916911
NEURL4,0.0548624003411489
PLEKHJ1,0.0548550497575786
KRTAP4-7,0.0548535008909273
SUGT1P1,0.0548084141049429
KRT76,0.0547976592418765
EXOSC1,0.054763883425870796
FCRLA,0.0547591688531561
LOC647859,0.0547561468613331
PSMD5,0.054741149321116504
RP9P,0.05473513210858599
KIAA1712,0.054722068205693405
GPR180,0.05472006087514521
ARC,0.054714448004999
GH1,0.0546773664690618
GUCA1C,0.0546667802064776
ZNF653,0.0546226276116271
CYP26C1,0.054622113279031506
CUL9,0.0545591351536219
ZNF432,0.0545542427138479
PRPF18,0.0545406789345912
LAMP3,0.0545312324678006
C20orf202,0.0545038614044981
ZNF264,0.054461359746815194
LRRC37A3,0.0544580247274491
MTCP1,0.054452519941209705
TSPAN10,0.0544500196930114
VPS35,0.0544458157486269
SST,0.054445243751286995
C3orf75,0.05443840840767711
DKKL1,0.0544021938632765
SOAT2,0.0543769335643721
ANKRD7,0.0542916217808017
HERPUD2,0.054273022800665496
SDCCAG1,0.05421821175500771
RFT1,0.054163906196179404
THNSL1,0.0541553039304271
PCDHGB2,0.0541449748265088
ZNF738,0.0541280889072068
KIAA0195,0.0541272030003986
L3MBTL,0.054124686009386296
MTRF1L,0.0540995208465005
CDX2,0.05406520400226181
CSNK1G3,0.0540493167086553
CST1,0.054027196777818
RPA4,0.0540165053664671
SNORD15A,0.054016068622238296
RBM39,0.0539798763007762
CD19,0.0539774545889906
ZNF793,0.0539661121683754
NOTO,0.0539570851163433
FAM154B,0.0539277501288303
C1orf216,0.053894342554890895
TCTE1,0.0538854109486983
PSTK,0.053880262053983705
HPCA,0.053879142242068
GOLGA8F,0.053854877829456395
SLC5A3,0.053854159552723505
AHSP,0.0538208677246989
REM2,0.0538115018961058
RP2,0.053810073257029994
STUB1,0.05380943935232731
EPPK1,0.053791195849441996
HINT1,0.05376842307348951
CCDC127,0.053766494122163104
DPY19L2,0.0537498068787577
TMEM93,0.0537427396993535
MAP1D,0.05374095761101991
SVOPL,0.05372935053391209
SLITRK5,0.053709066679918295
NDUFA12,0.0536874583083173
C13orf26,0.0536186309004662
GALNT13,0.0536136404582638
C22orf46,0.0536039962115341
EEF1E1,0.0536017910684534
CDH4,0.05357310475786681
NFRKB,0.053564092487000795
UGT2B28,0.0535531767133535
TAF4,0.0535459504980295
FLJ26850,0.0535366335219136
GPR119,0.053529251427713094
GJA8,0.0535182856734409
PTPRVP,0.053512918709733195
OR4N3P,0.053500278464471196
SNORA74A,0.053412210578537504
PXDNL,0.053402461100938096
OPN1LW,0.05339837734376839
PURA,0.0533895303039629
OPTC,0.0533746712376193
ACOT8,0.05337339862197189
ZFP41,0.053338901410128994
RRN3,0.0533348587963649
ZSCAN1,0.053327465969907104
ZNF512B,0.0533254735898548
CCHCR1,0.05331995824376219
MAP2K7,0.0533111830111695
ULK4,0.0532779043707056
PRLHR,0.0532575546021206
ADPRHL2,0.0532559941342787
SMAD4,0.0532523528797257
ACLY,0.053231374613250504
FASTKD3,0.0532096000865854
HBM,0.053205281280956404
LHX8,0.053199100480912996
CUL3,0.0531928027310026
FAM151A,0.053151099094964405
C16orf82,0.053146887367484096
UNC5D,0.053143650264675796
SAV1,0.05305068537190209
MTTP,0.053018023034061904
SARS,0.053016100237625895
DPYS,0.0530100205347872
ZNF689,0.0529950967343651
COX6A2,0.0529875026271981
SPPL2B,0.052984778077950406
TTC12,0.052966042921273104
PTOV1,0.052952906733398794
C9orf57,0.05294376207646621
PEX12,0.052929294748053406
FLJ46321,0.05286723206113039
PANX3,0.0528542627259581
EPN2,0.0528505928613258
PCDHGB3,0.0528046267701521
SNORA65,0.0527989634770471
ATP6V0D1,0.052795675869063904
SMCR8,0.0527940525231689
ZFP92,0.0527799231895165
IL1RAPL1,0.0527785468677064
CREB1,0.0527759710208408
ACIN1,0.0527738477273392
LOC401010,0.0527705215305381
TMEM196,0.0527636419901773
LOC442459,0.05275272058837739
EXOC4,0.052748824524021895
SAC3D1,0.0527398341804116
ANKRD26P1,0.0527280766773894
LRRTM4,0.0526950205915413
KLHL22,0.052685896870462996
LOC150381,0.0526628934285492
HTR1B,0.0526436446775695
TMEM186,0.0526348989126598
EP400,0.0526250470129585
EXOC7,0.05260596040295291
HCFC2,0.0525922583968846
TGIF2LY,0.0525902028405861
BCKDHA,0.0525476926464773
CYP1A1,0.0525285688128884
PKLR,0.05248086625916899
MRPL43,0.0524569460237794
MEP1B,0.0524475383961378
FAM45B,0.0524416480465292
EFNB3,0.0524346135286761
ZNF160,0.0524253070744405
LPPR5,0.0524241806444199
OC90,0.0524049157357884
LOC729156,0.0523973269796776
HADHA,0.0523740759902967
TRPT1,0.0523486301348486
MYLK2,0.0523415518846004
NUDT16,0.0523143666890139
SLC17A3,0.052299380714316696
CHMP1A,0.052221501438323506
TAF3,0.0522178538021991
OTUD6A,0.0522051221476174
KIR3DP1,0.0522018059199689
TMEM55A,0.0521978011934252
NEDD8,0.0521905512368844
POTEC,0.052171487456620994
MRPL27,0.0520754575967679
PRPF4B,0.052057787409007995
MUDENG,0.0520476609147735
PPP4C,0.0520108815155521
WASH3P,0.0520048879969056
PRSS42,0.051986257794181104
C2orf51,0.0519843179959392
CNOT7,0.051973201795440405
MRPS14,0.0519680660340949
METTL3,0.0519609324826056
RGMB,0.05195839260969
SPDYE6,0.051954646403804206
STAT6,0.051953012101753196
POTEH,0.0519503405079095
SOLH,0.051946672804755595
?|645851,0.0519083047325524
SWAP70,0.05190549237982029
LOC100133469,0.0519002338320165
LOC641367,0.051891417398997795
OGFOD1,0.0518332310795967
UGT2A3,0.0518275471188584
C19orf62,0.051807559944322804
DTHD1,0.0517590779154625
CDKN2AIPNL,0.051752908573433606
AADACL4,0.051744456617308
CES3,0.0517409852404527
USP9X,0.051721649178695
EIF1B,0.0517175792800655
CCAR1,0.0516986075938301
CPSF3L,0.0516766812301919
NSMCE1,0.05166308589138699
IKBKB,0.051630883325654
ZNF34,0.05162614982777201
FOS,0.0516191914839683
RFPL4A,0.051612056426680486
C6orf226,0.051598207138209694
C6orf163,0.0515887920581046
PPIE,0.0515798144246175
UCKL1AS,0.0515670774121482
CCDC39,0.051557795023046596
GHRLOS,0.0515500421674506
HES4,0.051549390198232105
LINGO3,0.05150870359745241
GANC,0.051497303141400504
C3orf24,0.051473270650346
POMT2,0.0514570852614766
GGN,0.0514446420406945
C18orf16,0.051441542395918
LOC389458,0.0514223640578541
MEA1,0.0514139323060711
PAGE3,0.051392645569998695
METTL9,0.0513691933090679
MCF2,0.0513652381427317
RRP9,0.05135578841230509
STX5,0.0512951798427248
ZDHHC18,0.05128913548515909
SSSCA1,0.05127825060649
CACNA1G,0.051260022145380904
PMS2CL,0.0512486596977276
FGF17,0.051236312709805595
MBTPS2,0.0512245865535005
TBCC,0.051208777959750304
ZBTB48,0.0511970983278819
PANK1,0.0511882733555047
TSSC4,0.05118431771577749
PWRN1,0.0511825762943003
C18orf22,0.0511786396728012
SPNS1,0.0511578655500608
RPS6KB1,0.051144935591497104
FBRSL1,0.0511135599170858
KCNG4,0.0510967487705484
TMEM151A,0.051091567200444304
ATP6V1C1,0.0510775971490506
NIPA2,0.051054190905013404
TAF5L,0.051020752606168
CBLN1,0.050998467815838895
THOC1,0.050998165543195195
ATPAF2,0.050988328149781895
PTPDC1,0.050975440948661896
RYR2,0.050970177807403795
SLIT2,0.050969788640418
DNAJA2,0.0509423905991503
UBQLN2,0.05094189592560951
KDM6A,0.0509381958852831
LOC257358,0.0508933352811787
NCRNA00092,0.050887502520083394
NFKBIZ,0.0508688243155569
STRA8,0.050846763334791004
WBP4,0.0508069257112383
SKIV2L,0.0508063455801667
SSX5,0.0508031069915544
DCAF4,0.0507865993940095
USP37,0.050777817647195404
LOC389791,0.050707967559177704
PDZK1,0.050688467194038196
TMOD4,0.050673017945214296
C2orf57,0.0506675198800062
GOLGA6B,0.05066659408014
ENTPD4,0.0506369151831178
DOHH,0.050626155331868296
PCDHB3,0.0505869212131003
RPL8,0.050585130358777
ATP1A4,0.050566594642550804
MYH6,0.0505614116574762
CHST1,0.050548322461331396
FASN,0.0505376197457297
VPS29,0.0505264502744563
THAP8,0.0505223398773695
KDM4C,0.0505183485600558
ROCK1,0.0505022179088645
ELOF1,0.0504951108990266
FAM55D,0.050465604137459597
LPPR2,0.050455522171031705
NDST2,0.050455136528220805
MBNL3,0.050437881502007696
NCRNA00029,0.050436084433930196
LOC643719,0.050421686373861796
LOC145474,0.050405222359229306
ZNF670,0.0503506580085653
SYCE1,0.0503299869976212
LOC221122,0.0503276390224216
PFKFB3,0.0502604321057906
LRRC14,0.05025395726274651
MLH3,0.0502364001170028
CHI3L1,0.05019819394610549
SURF6,0.05018636761991961
IMPDH2,0.0501578396090549
GREB1,0.05013419809936
ANKRD39,0.0501212681504049
C12orf42,0.0501027298988065
IFNA2,0.05007959850439239
OR2B6,0.050042599809128493
OR1Q1,0.0500289759759453
PCDH10,0.050028095079757
ANKRD31,0.0500186953369456
FKBP8,0.0500085020381353
COX4I1,0.0500084725392287
KRTAP5-9,0.0499602706978203
TFPT,0.0499340604545751
MAB21L2,0.0499224092697832
PKD1L3,0.049915446963590064
TNIK,0.0498819733416775
GALR1,0.0498665745231594
C20orf144,0.0498241404160542
SNORA27,0.0498237063802866
IFNA8,0.049821883353936995
RPL37A,0.049797775003823305
ODZ1,0.049784028518421494
TMCC1,0.0497805073155714
PROKR2,0.049773742105168904
ANGPT4,0.0497679426465439
TMPRSS7,0.0497515849486042
LOC100132288,0.04974791695202
ZACN,0.049734591203658994
MUC12,0.04970807990537959
NKX2-6,0.0497006652029422
UBE2H,0.049698400920763094
PRTFDC1,0.0496913788375802
ZNF616,0.049687883062859206
LBX2,0.0496807684373084
RPL9,0.0496775289011063
ZNF878,0.0496483660610823
PCDHB15,0.04962544848125951
LOC147804,0.0496229834115401
C1orf173,0.0496206294295478
SYT2,0.0496010451442394
PMFBP1,0.0495990310720454
ASMTL,0.0495741400104064
CACNA1E,0.049568718138313095
ACTR1B,0.0495521302980917
PPY,0.0495486373697152
ECD,0.0495097855756132
LOC400940,0.049503959608600594
DEDD2,0.0494994946817287
PHC1,0.0494698370771274
RNF111,0.0494664175154625
SNORA6,0.049429829360189595
C17orf44,0.049420404442194296
MAPKSP1,0.0494110159553605
TSPAN19,0.049346323825243205
LOC90784,0.0493114659470619
NPM1,0.049310693309539494
ATP2B4,0.0492653900989056
ZNF99,0.0492508022072578
C8orf30A,0.0492505990218323
SPG7,0.0492467914901897
ANKRD43,0.0492356714043616
SMAD5,0.0492275063949991
TMEM18,0.049199906168465105
COPG,0.049184644444174204
C19orf55,0.0491394940709083
C16orf81,0.0491367818499547
RDM1,0.049113812436478596
MAPK8IP3,0.049110079979021504
ZNF229,0.049046575452329
SNRPB2,0.0490299732453955
ECT2L,0.049021713010312905
PRR3,0.0489817491080035
TTC31,0.0489167414654811
ERCC2,0.048909165343980696
ROPN1,0.0488903036811264
C14orf70,0.048883204385197596
FLJ36777,0.0488657329133494
CYS1,0.048838127249344804
ARFGEF1,0.048832763357640196
IDH3G,0.04882116063837111
HHLA3,0.048808915582365
?|728603,0.0487702960690659
SSR3,0.048715257829321804
PPM1A,0.048708051973396796
FAM125A,0.0487080490407556
OR2AG2,0.048695353673786
USP3,0.048686889918069604
EFCAB4B,0.048677006774377495
OR2AE1,0.0486231456950036
RAB28,0.048617810588564
SFRS18,0.048599068430770095
PRR18,0.0485954513174498
AOC2,0.04859338044706139
FAM9A,0.0485929853394364
MMP23A,0.0485674075585142
DCLK3,0.0485549737635766
APCS,0.0485394856066701
FAM127B,0.0485234190899097
RPS3,0.048507473115957406
FOLR3,0.0484926616650512
C2orf60,0.0484820042572263
MBOAT4,0.0484411880404658
LOC400927,0.0484394815381835
NOL6,0.048438729668450406
MYL1,0.0484305378676142
ZNF705D,0.048427926887871904
CELF1,0.048404942692162806
OR12D2,0.048392350122391896
NRP2,0.0483913950351082
G6PC2,0.048386824499863
TAF1D,0.048368139709442
OR10H5,0.0483486922465344
RAB9B,0.0483282946873652
CHRM1,0.048316462740780705
SLC4A7,0.048299609808321604
GDF9,0.0482923589164511
ZXDA,0.0482890510062092
FAM43B,0.048231585005391896
DYNC1LI1,0.0482215404821247
MGC26647,0.048200545517806406
PEG3AS,0.0481714481164537
ECEL1,0.0481592558749381
SCGB2A2,0.04814853533982939
LOC255167,0.048146511463717595
BTBD6,0.0481262564206307
TARM1,0.0480990979407565
DFFB,0.048053364566337
APIP,0.0480496098216578
FAM50B,0.0480139647441589
NEUROD1,0.047994749982474695
SNURF,0.047986367160384596
RERGL,0.047978567099485905
LRRTM1,0.0479658713793852
NPY5R,0.047960706572377595
MRPS24,0.04793132340800631
RAI1,0.047925955100506304
BANP,0.0479250334695119
FAM55A,0.0479225509618001
NAA11,0.0478578680005899
TSPY2,0.047831721618769
KRTAP19-3,0.0478228393177061
OR52A4,0.0478213738163224
PIGB,0.0478154753235146
PCNT,0.047809043571239
TEX12,0.047808182563408595
SRA1,0.0478032898386023
TUBB1,0.0477794390805368
GTF3C6,0.04774719254657021
RTCD1,0.0477358731754641
NELF,0.0477243452443854
FGF16,0.047687245499284894
HS6ST3,0.0476684923257489
?|391714,0.047647889412173794
METTL6,0.047636780527347496
ATP6V0D2,0.047614361315278596
GHITM,0.0476018379927328
ATXN3L,0.047573816147616695
TSPYL4,0.0475575462152946
RPL22,0.04755664886905289
GUCY2E,0.04752459583382129
YY1AP1,0.047445749755457095
NDUFB3,0.047416527055888905
NOMO2,0.0474087277565315
THAP2,0.04737896978527589
LRRC39,0.0473306391241977
MZF1,0.0473209819498363
AP1G1,0.047291414905614
C13orf36,0.047287793060267196
EIF2B4,0.0472584431537859
KIAA1267,0.04716590458574199
SARNP,0.0471489536687979
LOC650623,0.0471332588665706
CRB2,0.047122824079090395
ASAH2B,0.0471154286082666
APC,0.0471053639789581
GRIK2,0.0470930224302709
CCKAR,0.047078001056185495
TMPRSS5,0.0470652250699016
LCN8,0.0470631094805192
C14orf39,0.047045064729395895
ARFGAP3,0.0470222424270511
MATN1,0.0470051275290024
LOC100271722,0.0469894961463774
HMOX1,0.046965796749646196
MC2R,0.046952025517894
PASK,0.0469466480954883
CDK17,0.0469459279129758
CINP,0.0469452450709692
PPIEL,0.0469336393936214
FKSG29,0.046917447785459504
RPS6,0.0469135026539496
TCEANC,0.046910587774714095
MOBP,0.0468897388451346
C14orf174,0.0468355092541258
ZDHHC24,0.0468169398795177
FBRS,0.0468102177104574
MAEL,0.046803011322972696
C17orf85,0.0467714927740464
SNRNP27,0.046740569448746
UPB1,0.0467246971142525
ZMAT4,0.0467036769893961
LOC149134,0.046667075823608906
SCAND1,0.046651005278559796
MTHFS,0.0466072282749255
GBA3,0.046599726322166204
CRAMP1L,0.0465660848394962
UBE2E2,0.0465609686885762
CAMTA1,0.04653607409005869
PRKAA1,0.0465355724279667
ASPHD2,0.0465312573770681
ATP2B2,0.046523832184375793
RPL13AP17,0.0465187313554809
PEX2,0.0465136320052529
TPD52L3,0.046497771139381805
RPL13AP3,0.04645155795898379
ENTPD5,0.04644273210116
CCT8,0.0464079106454332
LGI4,0.0463964833774072
ZNF577,0.0463872712357546
DUSP15,0.0463813817898929
FUS,0.0463634833983152
LSR,0.0463424776771697
NUBP2,0.04633236591291591
ARPC5,0.046324701230347
CEPT1,0.046320363456818406
ZNF23,0.0463093671005434
EIF3F,0.0463039787110945
STX1B,0.046272624738354404
ARMC2,0.0462224652955704
KIAA0562,0.04621275623808589
MRPS34,0.046196669790263004
KAT5,0.0461926103953422
TXLNA,0.0461828533405773
BTF3L4,0.0461719151119366
ZNF625,0.0461590920831063
ZFAND3,0.0461566614784971
WBSCR22,0.0461558358337002
LOC400043,0.0461449893792367
GTF2I,0.0461311160108471
LCE2A,0.046128307487052794
RBPJL,0.046113959082988897
LOC388152,0.046111604805400004
NBPF14,0.0460907669033869
KNCN,0.0460754753947599
SEC63,0.0460609427713167
LEMD1,0.046050735367441906
FKTN,0.0460449579301407
KDM5C,0.046014238781836
KCNE3,0.0459888080722644
KRTAP17-1,0.0459765287883728
CCDC74A,0.0459693314339497
PNP,0.0459298487343178
MUM1L1,0.0459148921724371
LOC286359,0.0458770202931405
CROCCL1,0.0458753103754955
LOC440896,0.0458338109659567
SIK3,0.0458315044289378
PRMT10,0.0458039969307412
ACSM2B,0.045803814141265206
LOC550643,0.045783318635024994
ATP5S,0.0457725289880966
SEC24B,0.045691827036965005
KPNA6,0.04567936524806
ACTL6B,0.0456592406399278
HSD17B12,0.045655896200052
CCDC81,0.0456412780314374
SCAP,0.0456385941040793
ZNF93,0.0456014651012205
C17orf91,0.0455838078600583
MCM3APAS,0.0455407905152339
SETD1B,0.0455400188203301
FAM41AY1,0.045537451330850506
C1orf204,0.04550109513527731
ZNF581,0.045471641505377594
SUPT4H1,0.0454679570363959
PSMD13,0.0454544781750605
PKD1L1,0.045433942064454697
SNHG3,0.04543367486802061
BBS2,0.0454267472972193
SNX19,0.0453978778010243
LARS2,0.0453883663249986
TMEM191A,0.0453748190688644
WDR35,0.045372279353039405
ATG2B,0.0453547307069747
ZNF225,0.04526314823702039
MAP3K8,0.045197941356490204
SEZ6,0.045195670386149
FAM127A,0.0451797994684735
BLZF1,0.0451670313272743
TM2D1,0.0451643586722223
tAKR,0.0451612436088328
DSTYK,0.0451168621505702
RXRB,0.0450971923486249
TAC3,0.0450969006163119
KCTD13,0.045091112040997604
C1orf175,0.045088952781099
IRF3,0.0450849566016586
TPTE2P3,0.045072930487563806
PURG,0.045041616635916305
HMOX2,0.0450076882244726
CUL5,0.0449259561998198
OR2L2,0.0448837217271523
FAM57B,0.0448828259363685
CLEC12B,0.0448766156536723
MYADML2,0.044876025420039496
TESK1,0.0448680638179408
C18orf18,0.044813354149340505
IFT74,0.0448110252657907
ALG10B,0.044741206755002996
GATA1,0.0447204914544919
HCRTR2,0.044685910809905895
VCX2,0.0446849658665842
LOC728264,0.0446842146738311
SNORA18,0.0446405923352742
TNR,0.044591578693287795
ZCCHC11,0.0445513980876807
ALS2CR12,0.044542301539000295
CTSG,0.044529749776334705
SNORA39,0.0444875021517507
OR52K2,0.044479084548775305
FAM186B,0.0444546644714636
KCNE1,0.0444356770520838
GALNTL2,0.044430798190485
SPATS1,0.044427340344120006
CCDC87,0.044418885813271594
EIF3CL,0.0444149128123026
RRAGA,0.0444114832211694
YIPF4,0.044401271736825704
EXOG,0.04437435001555529
MRPS18B,0.044347322774197305
UTP15,0.0442937282972685
TMED10P1,0.0442811030047604
BMP15,0.04426611322001
MVD,0.044262905789358306
ZNF451,0.0442623123326139
PCK2,0.0442589230366346
OXR1,0.0442296283115488
WDR7,0.0441893159549665
LOC150527,0.044171978521077605
PCDHB13,0.044169567865144095
LOC642929,0.044167191271340805
RPS10,0.0441510854112543
RXRG,0.0441331722249629
CSPP1,0.0441282259326437
CRH,0.0441269219694195
OR1L3,0.04412341760660451
SCARNA5,0.044104298138024405
HIST1H4K,0.04408354254181081
C17orf59,0.044079543862552396
CHMP4A,0.0440785016709814
CEACAM8,0.0440692724784622
RPS27,0.0440249234483743
DEXI,0.0440024839314737
C11orf10,0.0439978683467634
CHFR,0.043965441966178104
LOC374491,0.0439626287424557
TTC35,0.043958602118308696
PAIP2,0.043937690838452205
SCAMP2,0.0439343290416022
C1orf84,0.0439153638466085
FAM24B,0.043909094845013194
FAM153B,0.043896176792818
NEK9,0.04387463523787451
ZZEF1,0.04386829208738
RCVRN,0.0438549981609561
AGBL4,0.04381703881091431
KIAA1731,0.0438049637265897
C3P1,0.0437898538561862
OR51B5,0.0437735340179663
CNOT6L,0.0437444874749182
OR8D2,0.0437344223329617
CD38,0.0437154234263773
LZTS2,0.043702988255437
OTOR,0.0437001919958209
ANKZF1,0.0436860345617393
NECAP1,0.043626174997971605
XPO4,0.0436235066028072
TIPRL,0.0436019743837602
OTOA,0.043591461955769996
GLRA1,0.043578127878244194
MUM1,0.04357523871318909
SNTG2,0.0435608815221346
ZNF230,0.0435223101048429
NANOG,0.0435183892273796
PSMG4,0.0435140627088511
CYTH2,0.0435008378491186
COPS7B,0.0434699182755236
LAGE3,0.0434592288081916
TYW1B,0.0434532103972704
LRIT1,0.0434440177300542
OPRM1,0.0434243638686196
OR5B12,0.04341501735600631
AMPD1,0.0434124778549027
SSX4,0.043404261698284
PMS1,0.043385362756883095
LOC100128554,0.0433663168880117
C1orf129,0.0433466450826677
TMEM231,0.0433265129980904
FAM19A5,0.0433151346653154
CTAGE4,0.0432770326124504
TMCO5A,0.043272769604302104
STX16,0.043256791943023
SLC25A6,0.0432510065033251
ISOC2,0.0432261071653169
ZNF233,0.043158092810610296
ZNF142,0.043146596864784496
FOXS1,0.04314200023279009
LY6G6F,0.0431385886441245
INSL6,0.0431010981586585
FAHD1,0.0430909414327387
NCAM1,0.0430629016136424
NCAN,0.0430491200620102
ZNF544,0.043044178269338595
ME2,0.043028453320435596
NODAL,0.043003134967243
JRK,0.0429826769339047
MYOT,0.0429739254168362
HIST2H3D,0.042928998031558495
COQ9,0.042912375016868905
YPEL5,0.042859290804839995
SERPINA9,0.042854250189697594
ZNF883,0.042846738975987696
C11orf58,0.0428312528427834
SLMO2,0.0428291443322266
WBSCR16,0.0428130691646877
PMM2,0.0428120953912619
SPAG8,0.042801996238548703
FAM9C,0.04280121936932001
RPS13,0.0427963457393695
CYP2A13,0.042793479683770605
SLC35A3,0.0427631368771036
HSN2,0.0427560321904869
EGFLAM,0.04275515240589729
JRKL,0.0427379339014299
MYOZ2,0.042730700507008
TMEM55B,0.0427131321372028
L3MBTL3,0.042707677729113394
SNAP23,0.0426865586136876
ZNF593,0.0426831804836568
DUSP10,0.0426824602581109
URM1,0.0426694671254835
HS3ST2,0.042642709459005404
LOC145845,0.0426096774269379
GPR21,0.0425932135367711
C22orf34,0.0425643374683714
WNK1,0.042533652217560905
ERH,0.042527128753151
C14orf53,0.0425191194123724
PFDN5,0.0424641891454839
AP3D1,0.0424508471106367
RPLP2,0.0424247909172992
PLEKHM3,0.0423927628735197
CCL3L3,0.042303077015871195
SHPK,0.0422842537807042
BARHL2,0.0422775918270276
RPL23AP7,0.042263597982103204
PPIG,0.0422348402479416
MORN2,0.04222966554685
ZC3H11A,0.042213210051552305
DTX3L,0.0422095145295464
S100PBP,0.042188483825494796
LOC339788,0.0421878247722804
LPO,0.0421767502996216
MYL6B,0.042169098515815
LOC390595,0.0420879175657534
LOC349114,0.0420757149838077
CHD5,0.0420576174812905
ZNF596,0.042048269313618304
DPY30,0.0420330775612202
DPCD,0.0420041457803572
NLRP13,0.04199345057197519
CT45A6,0.0419684189107715
PRDM15,0.0419357832027983
ANKRD53,0.04193466938874091
SPDYE7P,0.0419257552686337
HSPC157,0.0418896655491018
RNF167,0.0418784026304003
POLR2E,0.041873543763127394
CABIN1,0.0418710804740031
VSTM2A,0.0418656225153254
OSTN,0.0417875170631096
KCNS1,0.0417718028714135
RNF220,0.0417593098582844
TAS2R5,0.0417535362762307
SLC17A4,0.041752017024656904
HCG22,0.0416935651392827
FAM170A,0.0416808318181412
RPS24,0.0416277942333268
GRXCR2,0.041619262950717
VPS33B,0.0416105271125634
EVC2,0.0415828900136039
GRM3,0.0415827390321715
SYT6,0.0415778990264121
LRRC29,0.041555328831687
CT47A1,0.0415514122189445
RAB4B,0.0414300228769328
LOC100132247,0.041424114262775896
MIER2,0.0413712005506164
UBE2D2,0.0413621327618481
PTPN5,0.0413182953649914
SSX8,0.0413097064041608
RBL2,0.04130629649642759
MOCOS,0.041290639465522805
FAM66D,0.041263875972520105
CYP3A7,0.04124080369809
C21orf29,0.0411555938381352
PSKH1,0.0411359345374547
TBX19,0.041124468360154
NR1D2,0.04111813143186831
HOXD4,0.0410625286858627
GNRH1,0.0410596424754857
ARSG,0.041038541517686794
EIF1AD,0.0410173128609938
UBE2R2,0.0410147000687695
HIST2H4A,0.040996516839475694
PSG11,0.0409950274972531
TAS2R14,0.0409468163877608
TAS2R20,0.0409450744709358
TTC23L,0.040930933910039505
EIF3G,0.040921336846626695
SYTL5,0.0409203636481105
DFNB31,0.0409036555843844
CREBBP,0.040838854039721206
CCDC70,0.0408130196006177
DHRS4L1,0.0407831472884249
LRRC24,0.0407717364248947
IFI27,0.040764360053955395
TMEM126A,0.040735837858045396
ANAPC11,0.0407346696171705
IRF2BP2,0.040726255054781696
CDYL2,0.0406877931971869
TMEM121,0.040685161109374805
PRKG1,0.0406796632125873
MAGEB3,0.0406515840003299
YARS,0.0406432056473342
SPEF2,0.040641540112124
CCDC93,0.0406381362121339
ZNF768,0.04062796025228949
C16orf42,0.040617329082095
PAGE1,0.0406033388811283
PNMA5,0.0405676890026583
COQ10B,0.0405267243013349
SLC27A4,0.04047096790496
JUN,0.040455258269091195
RBM33,0.0404474408485911
OR51B4,0.0404448884915267
PRDM14,0.0404375229115661
SLC17A6,0.0404329494966753
TSC1,0.0404164052555268
STK3,0.0403860490817886
RNF207,0.040385562701748
NQO2,0.0403739921075111
LOC100129637,0.040361303318314
CCDC140,0.0403598462452611
LONP2,0.0402970770723954
CDKL3,0.0402916118237633
KIAA2013,0.040279753679541806
RP9,0.0402697336317709
TMEM188,0.0402204209099741
MYH13,0.0402112457107457
PIH1D1,0.0401990888250188
ERP44,0.040197931372318293
CAPZA3,0.0401547204704342
RWDD4A,0.0400794422454157
PRAMEF5,0.04004530283777549
HRH3,0.040024829731831704
LOC619207,0.040001225464740095
LOC643955,0.039930748385551704
EDDM3B,0.039924933718646
LOC653113,0.0399177325858473
UBE2DNL,0.03990335865489641
ECHS1,0.039898652324792706
HYAL3,0.0398669069679613
WDR33,0.0398651827028286
PSMA8,0.0398606392630705
FERD3L,0.039806410352594704
CUL4A,0.0397994267580825
PCDHB5,0.0397815277975086
MYO1H,0.0397660994200113
BREA2,0.0397635733267588
CST9L,0.0397626714016377
PABPN1,0.0397600825207514
CYP3A4,0.0397584335833129
ZNF500,0.0396871235455057
TSTD2,0.0396835048878834
AUH,0.0396706642865171
LRFN2,0.0396211152521747
DDX20,0.0396075908971177
STAG3L2,0.039595783068382504
ALDH9A1,0.0395486446104304
SPTY2D1,0.0395433161304211
PPP2R2D,0.039541307516118604
SDHAF1,0.0395318613539497
CSN2,0.0395061614481085
NHEJ1,0.0395047964865171
E2F3,0.039493957253018
ZNF808,0.0394904030899743
C10orf137,0.039469925265961395
CNTROB,0.0394644075963388
GDAP1L1,0.0394601543107736
BBS7,0.0394588772853012
ZNF2,0.0394250064983149
KIAA1430,0.03940042636035471
PLCD4,0.0393914165575976
MEG3,0.0393866588659606
CGB1,0.0393843071804289
PTF1A,0.0393186128537408
TNKS,0.039314709088819996
THADA,0.039314621999650204
FAM19A2,0.039307463575074
EDC4,0.03930064494750091
RFX3,0.039299762880577196
DLG4,0.0392417468385458
FBXL3,0.0392100200412761
NR2C2,0.039199071738029
KLHDC4,0.0391907190759088
PGLYRP2,0.0391743383274147
FAM75A6,0.0391698164759173
ARHGEF7,0.0391488225196996
GAGE2B,0.039143368395658
PSMC6,0.0391087211472007
INE2,0.0391065180459418
CDRT15P,0.0390969810958656
RAB1A,0.0390949950099135
KIF3B,0.0390915959863382
MED12,0.0390890603767877
QPCTL,0.0390787427648693
PYGM,0.0390609505668196
LOC643677,0.0389994318176641
APLN,0.0389823390238696
TRAPPC9,0.0389773361629608
RBM24,0.0389639497881369
OSBPL2,0.0389537319205137
LALBA,0.0389396036883931
TSPY3,0.0389362706709902
MAP2K2,0.038915428655075496
ZNF354C,0.0389003669515519
ZDHHC22,0.038854200706398605
INO80B,0.0388022526936531
ZNF217,0.0387985739335865
SNORA7B,0.03876970145184601
NDUFB2,0.0387527430243881
HNRNPA1,0.0387384057502972
TMEM223,0.0387240358604055
AARS,0.0386900967388426
GTF2IP1,0.0386860314686029
TMEM160,0.0386468514210582
PPP4R1,0.0386432977379382
CDH19,0.0386226247274631
GABARAPL2,0.0386171511714951
WFDC6,0.0386116774345995
CWF19L2,0.0386094946081082
ISX,0.0385757222002378
C16orf86,0.038575397080623304
PROS1,0.0385529135296129
NUDT18,0.0385171360538863
BSG,0.0385119323411443
LBH,0.0384895558564686
GAGE2A,0.0384841692239163
ZNF644,0.038479477969909304
ZNF761,0.038470733064971396
KLHL10,0.0384695890189679
MAP1LC3B2,0.03846755424071591
BNIP3L,0.0384559115197228
SFRS13A,0.038430026789160396
PRLH,0.038413242844262896
LGALS9C,0.03840763059683849
PPP1R3F,0.038395088362791596
DPH5,0.038384458814631595
GUSBL2,0.038361247454091904
NDOR1,0.0383585902608471
FAM163B,0.0383393779657078
PRDXDD1P,0.038326515576713495
NCRNA00115,0.0383129741592753
C19orf22,0.038303805328724204
TCEB3,0.038299393976908604
GPKOW,0.038266589070825696
SNORA61,0.0382359930281031
DDI1,0.0382241377558343
FLJ25363,0.038214201976352793
PDE6H,0.0381992777821461
MED25,0.0381355316027983
ATP5C1,0.038098259825561503
NPAT,0.0380949164394683
ZNF586,0.038094716503763504
OR5AU1,0.038074567554326096
FOXR2,0.038062214422112994
GNAS,0.038061602488361004
MARCH3,0.038014703949064706
HTR1A,0.038012485362597395
SLC7A5P1,0.038009597435567796
ITFG1,0.037993302905701604
SMARCAL1,0.0379686525620411
C1orf64,0.0379453310169923
PROZ,0.037942666019131
ZNF547,0.0379376657943851
TUFM,0.0379374205927875
C16orf55,0.0379373135777632
PLG,0.0379027027247051
STXBP3,0.0378958693494042
DHODH,0.0377726187504314
AFG3L1,0.03774222809449419
LOC151162,0.037715302012549905
C11orf65,0.037712266229984096
KPNA5,0.037698460444109606
KIAA1967,0.03768644737553141
ALKBH1,0.03767488702280639
RWDD2B,0.037670001150325996
MCOLN1,0.0376342365225592
DYNLRB1,0.0376248714652044
DTX1,0.0375777915690568
JUNB,0.0375570280940692
SF3B1,0.037543823119421005
OMG,0.0375327713644684
INTU,0.0375164867394146
FAM27B,0.037511843054739404
BTF3L1,0.0375076148940948
C17orf102,0.0374632718226276
FARP2,0.0374452551760846
FLJ40852,0.0373853631283618
CCDC11,0.037360801340915004
SLC30A8,0.0373132396130485
NUDT5,0.037286152074638104
RAP2C,0.037265026743787
TPPP3,0.037262564356641895
GNRHR,0.037245200176075306
ADAM5P,0.0372392707428651
ACTR3C,0.0372109440534457
FUBP1,0.0371984622987567
TRIM72,0.0371712151203172
PRPS1,0.0371481907659418
LOC168474,0.037144223371701604
PRR24,0.0371238821923104
DNM2,0.037108278860921
OR6W1P,0.0370728062042333
ARL16,0.037055517858469694
WFIKKN1,0.037014747029125494
ANKMY2,0.0370123125035
KIAA0406,0.0370049321779093
LOC100288778,0.0369914817629551
DENND1B,0.0369801406629958
LOC286135,0.036921280242794
LOC550112,0.03687816615272299
COMMD6,0.0368203898965394
GAGE1,0.0368133117472211
MAN1A2,0.0367406415796592
SNORA64,0.0367222659783021
HEXA,0.036720848933457104
NR1I3,0.0367170017737274
C18orf34,0.036708934592801
DHX40P1,0.0366394693497387
TRPC1,0.036599659941392
NAP1L6,0.0365959368765494
NCRNA00116,0.036595448340525
PKD2L2,0.0365883998016968
C14orf169,0.0365146690679694
C2orf52,0.036500105584283404
C7orf13,0.036490103812693395
GPR142,0.036431500948857894
C9orf86,0.0364249428056619
BCKDHB,0.0364210578346517
GUCY2D,0.036406087916751206
MYEOV2,0.0363647121795916
YY2,0.0363074101914099
COMMD7,0.0363022923153759
TUSC5,0.0362980761974418
PQLC2,0.036284919540037104
RPS8,0.0362707394947151
PPEF1,0.0362685980307502
LIN37,0.036257233970390206
CMA1,0.036242117504196904
TPSD1,0.036239711365639
RNF151,0.036145533439130406
NHP2,0.0361344341895956
NCRNA00112,0.0361326148173662
INTS4L1,0.0361230050983208
ZNF630,0.0361141923212824
AKR7A2,0.0360967869179205
LGI1,0.036089934400071445
FAM27A,0.0360897665394712
CDY2B,0.0360890721301734
CA5BP,0.0360662506453405
ZCCHC12,0.0360522989234393
LOC340074,0.0360437854135104
AKT1,0.0359722163759199
LOC732275,0.0358963944349995
ZFAND5,0.035858345264159805
MYSM1,0.0358500162335979
NSUN6,0.0358446205872709
TELO2,0.0358410938699969
CRHBP,0.0358262579153436
CARS2,0.035811289856878606
CDKAL1,0.0357890999029622
ARFGEF2,0.0357886104209959
C13orf39,0.035770447446273
FABP9,0.0357134667440236
MMP16,0.0356793779182527
B3GALT4,0.0356739434493367
HAO1,0.03566973313295339
LOC641298,0.0356481977582775
LCE2C,0.0356361138525776
HNRNPAB,0.035625955198324503
ZC3H10,0.0355684275939644
NOTCH2NL,0.0355406864966997
FXR2,0.0355258477975134
CTAGE9,0.0354932441845999
PNMAL2,0.0354810928033331
POU3F4,0.0354799113777641
GRPR,0.0354785027624537
KIF26A,0.035471389552692204
SCGB1C1,0.0354324280348687
NETO2,0.035424458761268
SCN3B,0.035418549615513495
FAM78B,0.0353966395662748
RPS21,0.0353857770007627
SNX4,0.0353809900230033
KCND1,0.0353605034972892
AASDHPPT,0.0353462802629147
MBL2,0.0353001821594821
C9orf11,0.035293987070401905
WDR44,0.0352903444270067
ZCCHC7,0.035277078912950205
ORAI1,0.0351790421962528
FLCN,0.0351724484279612
JPH3,0.035156198680018
TCP11L2,0.0351431870404568
ZNF814,0.035138414924727
DEPDC4,0.035088804922923905
HIST1H2AA,0.0350863981325892
LOC285501,0.0350718381302144
MADCAM1,0.035070528333748296
TLE1,0.0350474928816101
KCTD4,0.0350426845418627
ZMYM2,0.0350421026897286
TMED1,0.0350233755767627
SUPT5H,0.0350225842759988
NHSL2,0.035001040375776296
TOMM7,0.0349875966525419
CTTNBP2NL,0.0349819746207756
NEDD9,0.0349512588492881
GCFC1,0.0349454452342
FAM21A,0.0349439748331821
CPNE6,0.034889511067250197
GEMIN7,0.0348853956653465
HRSP12,0.034875032204514204
TIMM17B,0.0348517651795389
LOC728024,0.0348351193085581
CDK15,0.034779106433820296
KIFAP3,0.0347605389109873
C20orf107,0.0347577537656125
GOLGA6C,0.0347395491143424
C22orf41,0.0347375587219215
ZNF391,0.034731971530320004
FOLR4,0.0347251815155422
NXF2,0.0347189024221302
MRPL39,0.0347109052811314
GLIPR1L2,0.0346978302557035
RWDD3,0.0346950045009133
MKS1,0.0346544413053419
B3GAT3,0.034592147991003595
LOC647979,0.03455895839315849
SEMA6C,0.034543384978753
MLLT10,0.034522840831774704
FUNDC2,0.0344966331489588
SLC22A14,0.0344928846070841
MED31,0.034486027014427795
TYRP1,0.034434322832990194
NPVF,0.0343247185688952
UHMK1,0.034319409239591
SNORA38B,0.0343036987142674
LARS,0.0342943834137064
HIST1H1A,0.034292334067000496
GPR3,0.034202584821356
ONECUT3,0.0341991933868612
GUCY1B3,0.034170558936069
TMEM179B,0.0341564489871276
WDR24,0.034125070884171695
C1orf151,0.0341178031141323
PRH1,0.0341163497944541
DULLARD,0.0340706183417611
H2AFJ,0.0340702398619813
INTS9,0.034069127193494905
DDX43,0.034043355059662196
SORCS1,0.0340406997333498
NCRNA00159,0.0340226460405176
PDF,0.0340057224928369
HIATL2,0.0338942226075791
HSPA8,0.0338897241092828
RBBP9,0.0338637826337951
ELMO2,0.0338593687243929
ITGB3BP,0.0338509007123854
YAF2,0.0337941374090861
MR1,0.0337839487242857
GAGE2C,0.0337645058260502
C13orf31,0.0337576687755866
LY6G5B,0.0337303904828491
INTS4L2,0.033712844296572696
TUBA3D,0.0336895377189867
LOC727896,0.0336544673335977
C15orf38,0.0336176430984733
INSC,0.0335941604117441
CCDC73,0.0335896846051288
C14orf115,0.0335837433957933
C9orf93,0.0335618969331851
HIST1H2BD,0.0335172719604331
GPR135,0.033502098848190796
NDUFB6,0.033499018054645696
SNORA48,0.0334616884908929
NR1H2,0.0334611377866849
DKFZp434L192,0.033455563516569004
KRTAP5-4,0.0334452940612322
C9orf70,0.0334221629077519
SLC35A5,0.0333710619368283
LOC100134259,0.0333402971745144
MPPE1,0.0332778880468048
PRR14,0.033241743635053105
PTPN4,0.0332325282791384
OR3A3,0.033226261225426
PXMP2,0.033194177340805
C1orf189,0.0331664482117935
HEBP1,0.0331518907868011
CT47A6,0.0331172105500197
RGS9BP,0.0331050913984804
LOC100272217,0.0330276038770041
ATP1A3,0.0329722919334605
RAPSN,0.0329667557625893
TRIM26,0.0329570752310196
FBXO25,0.0329434150427645
ZNF609,0.0328925348609514
ATP1B4,0.0328794854465948
OR10W1,0.032814435200810003
FAM75C1,0.0327583246461867
CACNA1S,0.0327111341389348
MRPL17,0.0327067254883959
CLYBL,0.0326895835006782
TBL3,0.0326352073550496
MCPH1,0.0326193326310044
HAUS7,0.0326164609678447
CLN5,0.0326164562461212
KCNK16,0.0326089388868239
LOC347376,0.0325962664468894
GSTT2,0.032547316908341
CLN8,0.032537854836043004
EARS2,0.0325358667364186
SFRS6,0.03249976657431
CSNK2B,0.0324610659361999
DYTN,0.032449692693177205
CYTSA,0.032449090814708204
FGF4,0.032365569741936204
EBF4,0.0323617272362823
AKAP3,0.0323453956500783
PGA4,0.032315896523217605
ZNF287,0.032307800684927196
AGAP8,0.0322956726596097
C15orf37,0.0322773681192996
HIST1H4G,0.0322700174404952
OR5K2,0.032265803930313
TECRL,0.0321475155215855
LOC100287227,0.032116583892475604
NCOA5,0.0320588647079897
FABP2,0.0320275276401818
KRTAP10-6,0.0319900331546661
ST3GAL6,0.031914024248846
CDC5L,0.0319041698800425
LOC348021,0.0319031105271238
AMAC1L2,0.0318740645459167
INTS4,0.031848290399138
C20orf201,0.0318319614933952
TRIM6-TRIM34,0.0318300076128809
MTHFSD,0.0318216909425561
HELQ,0.0318167448193178
SCARNA18,0.0317537079200947
RBM23,0.0317024716029046
ING5,0.031686496661019296
LOC255025,0.0316603750937357
LYG1,0.0316388234065126
C3orf77,0.031605537601784195
KRTAP12-2,0.0315964864631091
UBAC2,0.0315749428283308
LQK1,0.031557189306465096
METRNL,0.0315514055154072
TBC1D19,0.0314809370935418
SPAG11B,0.0314760470699657
SNORA57,0.031475758299335896
CALCB,0.0314110793193733
ASAP1IT1,0.0313846265830903
PC,0.0313706147652887
AGAP7,0.031345069886579396
LOC144486,0.0313359302437482
RALYL,0.0313234708734408
RGR,0.0313064996730075
AKAP10,0.031282660971259
OR13C9,0.0312454265941471
RPS2,0.031241412406757697
PAPD5,0.031177090731860403
RSL1D1,0.031148797198969305
FLJ40292,0.0311119124241397
GALNTL5,0.0311046351226626
RGS21,0.031104467757520734
RNU4ATAC,0.031057411965628997
CXorf48,0.030972149878399
CYP11B1,0.030943860027695
ARMCX1,0.030937104224725998
HILS1,0.0309317105784925
USP35,0.030900750944884897
CNPY1,0.0308951353784929
MYOC,0.030887949857085102
SLC2A2,0.030882997198033703
HERC5,0.030878944053421
EIF4B,0.0308730245837894
SNORD15B,0.0308594083881673
SS18,0.0308379971549997
MTCH1,0.030796740333198
MCCD1,0.0307891107059939
CACNG5,0.0307699655177548
SNORA70,0.030766349076198102
GABRA2,0.0307507074224634
C7orf4,0.0307420445910077
LOC652276,0.030719169033294597
CP110,0.030710591623766298
SMN1,0.030706882035244402
OR11G2,0.0307065696140096
OR52W1,0.030618029418228398
ANKRD20A4,0.030552302450220097
NTM,0.030545669322227798
INSL5,0.0305318141738398
SNORA74B,0.030525180684131868
OR1L4,0.0305223501965232
KIAA1919,0.030519185477750798
TIMM9,0.030497059627368102
CSN1S1,0.030494534398514697
RBMY2EP,0.030428889796298198
ABCB7,0.0304153673450555
C22orf24,0.0303655594336438
RASSF5,0.0303589714921983
DUSP27,0.030355078289277797
SNORA41,0.030325217930824204
DCUN1D4,0.030320061691876
DNASE1L2,0.0302979766721245
FAM86B2,0.030242260717165195
TPI1P3,0.030226480729950298
LRRC10,0.0302177071655454
TBC1D10B,0.0302171972116234
NBLA00301,0.0302091294919875
SPATA21,0.0301978863762425
MRPS15,0.0301959779178683
ZSWIM6,0.0301649997974928
ADAT3,0.030097109637818302
MMGT1,0.0300848384849516
FGF10,0.0300845698579107
C7orf28B,0.0300661943721796
PTGER3,0.0300576087045997
FAM166B,0.030037697269619995
MBTPS1,0.030019980898186402
C1orf91,0.0300191725135139
KCTD20,0.0299977779309741
SC4MOL,0.029966626176345903
ATP5O,0.0299643723457099
TEPP,0.0299232482496134
C7orf28A,0.0299216313649682
SEC61G,0.0298997136375067
ZNF419,0.029894670673456997
C9orf50,0.0298903152812732
TEX14,0.029863928198112396
GLO1,0.029831105174978598
ARL4A,0.029735427453805398
SERPINC1,0.029709392842233805
LOC146336,0.0297044572061732
NF1P1,0.0296945246882801
P2RY11,0.029692593873961597
RPSA,0.029691316044809398
TNN,0.029686156853366
RHOXF2B,0.029672206242230603
GSX1,0.029664991822022098
CXorf58,0.0296412885109415
WDR59,0.0296074811614148
RPS18,0.029584736619962998
PATE4,0.0295671794847602
LRRFIP2,0.029558088671852903
GRID2,0.0295262290717291
HIST1H4F,0.0295134876699699
FGGY,0.029481895006984504
CLEC1B,0.0294593467757569
IFNA21,0.0294229191335661
OR2Z1,0.0293849318948814
HIST1H2BK,0.029378489206053602
ECM1,0.0293656814670014
FAM182B,0.02934877388057832
C20orf106,0.029336639887248196
LYZL6,0.0293300610463128
ANKRD36,0.029312990186406998
NCDN,0.029257985411255204
BRE,0.02924992264315649
CTNNA3,0.0292380821332354
DOCK6,0.029195336660244403
C16orf52,0.0291758892058935
CLTA,0.029117783132563798
PADI6,0.029056568132237903
CAPN11,0.028955185377027497
SLC22A12,0.0289180754714481
UBE2I,0.0288902300156086
STAG3L4,0.028881520651783003
MKRN2,0.028840161405258698
FAM194A,0.0288364087075835
HES3,0.0288101161790857
ADAD1,0.028792240306730398
GAGE12F,0.0287920312566516
EEF1A1,0.028782046453141898
TMC2,0.028767855250312297
NKX2-2,0.0287531996379687
ZNF311,0.0287502065901162
C3orf32,0.0286960403835683
SLC6A13,0.0286879509585249
OR2L3,0.028666311335813398
ATF6B,0.0286019281170434
B4GALT7,0.028536259586507996
WASH5P,0.028503736128091102
MMP26,0.0284579802811857
ST8SIA5,0.028443349575581
TJAP1,0.028440728413089398
MYT1L,0.028401372842724603
C16orf57,0.028359413480717202
TMEM87A,0.028353395123188303
ZNF252,0.028345529360089
DAZ2,0.028337615067659697
DPRXP4,0.0283034266690797
NAA10,0.028280462553019303
MRPL28,0.0282558338795685
KCNJ13,0.028253818477242797
NPHS2,0.0282529819430039
PRPF39,0.0282439841329249
ZNF624,0.0281870538368676
DGKI,0.0281647786421031
ACRBP,0.0281513417683142
RIBC2,0.028148914654216102
OR6S1,0.028129415579873803
LOC100192378,0.028113813148940597
SNORA31,0.028103052708962795
PLIN1,0.0280617240354879
GSG1L,0.0279634294452435
KRTAP3-2,0.0279598557773299
CST4,0.027929122718863504
ZFP36,0.0279164000245272
TGDS,0.027907264053997703
ZGPAT,0.027881176650487505
PNLIPRP2,0.027789019520202803
SMARCA5,0.027736805909189803
RBMY1E,0.0277186915459531
PMCHL1,0.0277098631522174
?|388795,0.0276820545665548
DCTN6,0.0276582046397311
C4orf27,0.0276049981671415
NBAS,0.0275697412404074
LOC728190,0.027567967551584402
SESN2,0.0275504926372072
ELAC2,0.0275327031023134
KTI12,0.027500467583506102
ESD,0.0274642827539469
SPHKAP,0.027461331528724698
RABEP2,0.0274494414158482
KIAA0913,0.027373711539667802
PMCH,0.0273721682330339
BEYLA,0.0273384030056328
WIPI2,0.027336082410382004
GPR61,0.0273356035790914
NDUFB1,0.0273291106463275
ZNF354A,0.0272939937473114
NUPL1,0.02727821177295
LOC402644,0.027263278305483196
CHRND,0.027258285238660602
LRGUK,0.027218420524231998
PASD1,0.0272096535095855
ELMOD1,0.027197410519539902
PDE11A,0.027163933345182578
KIF2B,0.0271480580582179
CD200R1L,0.0271418996981618
DPY19L2P2,0.0271277202086202
RPL13,0.0270940771373311
VENTXP7,0.0270904463727408
PTX4,0.0270496170533834
C14orf104,0.0270414717675884
DPPA5,0.0270370198401188
LST-3TM12,0.0269455401004817
MGC34034,0.0269200015233893
DNTT,0.026915993182603
ZC3H14,0.026886331301404703
ZNF747,0.026879005080000802
ZNF568,0.026869369308672002
LOC730668,0.0268281414768307
GCG,0.0267908773494202
WDR26,0.0267903530506235
EEF1B2,0.026694890230707598
HAPLN1,0.026686527185635
ABCC10,0.026665078854545003
ARGFXP2,0.0265962763354445
OR7G2,0.026593578526533997
FAM120C,0.026588168469681497
OR5AN1,0.026583231324568
RASL10A,0.026542302721557703
LCE1D,0.026540885167449402
RALGAPB,0.0264564642358106
ZFPM1,0.026441804811636903
TTC8,0.0264281409411239
SUMO1,0.026402098762312698
LCMT1,0.0263979461120271
PEX16,0.026366989334741298
OVCA2,0.026362511714752797
RAC3,0.026358558369527902
FSCB,0.0263548422863029
C20orf199,0.0263492257415151
ZFP161,0.0263354937017143
VENTXP1,0.02633340184459322
HIST1H2AK,0.0263287270670378
ZNF773,0.0263112651734823
LIPJ,0.0263072144302301
RPL27A,0.0263067827651736
CPO,0.026304167013992203
PRKACG,0.0262796857826406
PMCHL2,0.026221856278595496
OR2H1,0.0261928913661249
SERP2,0.0261765961631564
NDUFB10,0.026165215815545997
HMGN4,0.0261194690995739
TCEB3C,0.0261180158105431
EME2,0.0260979838806434
EID2B,0.0260972816514733
PLAA,0.026094639840197498
ACYP2,0.0260161645887653
OR8K3,0.0260072308950819
LIPN,0.0259795910779143
OR10A5,0.0259344974004816
TMCO2,0.0258951333192925
RANBP9,0.0258892433235399
PCDHB7,0.025880685799333503
OR52K1,0.025873380907745998
C8orf37,0.025864763598345
LOC283314,0.025844319572709603
SNORA67,0.025815360230949103
ZNF417,0.0258141089522647
RBCK1,0.0257859514439836
SLC10A4,0.0257805791650556
C3orf39,0.025765840064417497
PAGE4,0.0257381965866774
NHLH1,0.025698766900870598
KIAA1737,0.0256630045725536
RNF25,0.025644485181718503
SIRT6,0.025514948652153403
SNHG5,0.0255029889384611
NCRNA00157,0.0254717953546449
ZNF177,0.025442374488468502
C8orf71,0.0254152386877871
BEND4,0.0254021537392773
ADAT1,0.025387751283172402
CCDC42,0.025382623257635697
ZFP1,0.025345462591683403
IQCF5,0.0253257053614403
LOC340094,0.0253159807067411
ATP6V0B,0.025308111146902103
FAM187B,0.0252777210704466
RAB2B,0.0252383329863702
PPP2R5C,0.025228071880379798
RPL23AP53,0.0252248272339214
SLC5A11,0.0251906412758832
ARHGDIA,0.0251541367826723
ATP5I,0.0251397749210318
LOC100129935,0.0251279174145816
LOC731779,0.0251191192633387
TMEM102,0.0250304295798533
ALG12,0.0250111893712693
PAQR6,0.0250062157624462
DHX16,0.0249931775166795
LOC90834,0.0249431998536899
FLJ43859,0.024937120733323104
ZNF187,0.024910849145433598
LOC494141,0.0249097934000355
F9,0.024887814115405794
ALDH8A1,0.024824473535908203
LMLN,0.024805783675017703
VWC2L,0.024786170569341
KRTAP13-4,0.024780245192167098
SNORA47,0.02477629123321
ABCC8,0.024756281862535902
PPP2CA,0.0247019840556742
EXOC2,0.024696703302377603
SCARNA8,0.0246178047336328
UBL4B,0.024607208296316
EVX2,0.0245665038030786
VPS52,0.0245347231533937
OR4D6,0.0244358622072326
CBX3,0.024435311241833402
RPS11,0.024431323435876697
PGA5,0.0244200287907132
MBD3L5,0.0243795312941806
C9orf131,0.0243654340079791
CAP2,0.024363855264271005
PRSS41,0.0243565018916242
PRSS38,0.0243504567376087
RFPL3,0.0243430215618376
METTL11A,0.0243366311613952
WDR11,0.0243266583693162
NEURL2,0.024323776195450203
ACSM4,0.024323260243801
PCDHB10,0.0243201646243031
OR9K2,0.0243007631105897
DEFA5,0.0242935724585118
PIAS3,0.0242671045064979
LOC100133920,0.024266080682628102
SERAC1,0.024264801637067297
PCDHB9,0.0242589426630821
PPIAL4C,0.024221717798571896
KRTAP21-2,0.0242070406410218
MAS1L,0.024072619253194504
WFDC12,0.024067157083832
VPS39,0.0240655548112251
PDIA5,0.0240166905861698
C20orf165,0.0240086682291643
MDP1,0.023989548295622904
C15orf51,0.0239763461703223
REXO1L1,0.023975236849858
CNNM2,0.0239701805508594
ATF7,0.023969452097131503
CHD9,0.023946820689077098
OR5H2,0.0239344848438753
LOC55908,0.0239240558154146
NDRG3,0.023923646903141003
RPL31,0.0239059500783178
NSUN4,0.0238762157022962
C16orf78,0.023856960189685302
OR5T3,0.023811550873942596
C14orf166,0.023765318365180803
MADD,0.0237544772132483
SLC9A8,0.0237541198843714
TYR,0.023721878883700098
AMBN,0.023695410836011337
C21orf70,0.023680995172830704
IGLL3,0.023535520285294202
TTN,0.0235143722607514
ZNF300,0.023500085565709202
RING1,0.023484976280979803
SNORA8,0.023470262004728203
PRAC,0.0234505141430194
RPS28,0.0234203569618841
DDX24,0.0234004556815754
OR2J3,0.023363271834629298
LAMP1,0.023353937667099398
GNAT3,0.023267228243201196
FBXL22,0.0232601492904949
CRHR1,0.0232093290957256
KRTAP10-11,0.023163456404627497
SRCAP,0.0231458326971115
VPS53,0.0231313462644231
FLJ14107,0.0231213561559341
OR52E4,0.023103836570344698
SPINK6,0.0230246033815491
GALP,0.0230168928509409
HPS6,0.0229748776951013
CSPG4PY2,0.022946937092831597
PAX8,0.022938628612333
C15orf55,0.022936096573522097
RLIM,0.022925817037890883
ERCC6,0.022897857790045897
AKR1A1,0.022874734456150302
FAM179B,0.022837543490748402
C1orf141,0.0228142886277864
SSX7,0.0228027004216377
FAH,0.022801465076987097
TEX13A,0.0227673304645781
RPSAP58,0.0227090271287686
COX16,0.0225838348939663
MGC15885,0.022577119921431802
PGLS,0.022548089721389303
HERC2P4,0.022528138871631298
TSPY4,0.0225230687014981
ZNF614,0.022509050052396406
SAG,0.0224941612344947
BAT4,0.022469027243422104
MAP1LC3A,0.0224626158643498
FAM194B,0.0224416760626116
LOC285780,0.022422260159169
LOC390858,0.022404066183332
TUBA3E,0.022349476608074403
C1orf83,0.0223220284983421
CNPY3,0.0223008078169216
XAGE5,0.0222607135610494
SLC24A1,0.022228622607998
TSPY1,0.022223945612367596
TCTN2,0.0221439942087823
ZFP91-CNTF,0.022128418023833397
POLN,0.022121921271573003
PLAC8,0.022078952659142302
ZNF804B,0.022052672662638287
OR1E1,0.022042898875723898
KCNA4,0.0220081183324666
OR14A16,0.0219730413730456
GUSBL1,0.0219583415936018
APRT,0.0218934870727421
RGPD5,0.0218846386187872
HPVC1,0.0218392611817525
SMCR5,0.0217390133420968
IQGAP1,0.0217155294532616
NDST4,0.0217026619802783
PLAC8L1,0.0216762663497322
ZBTB25,0.021672369980524197
UBQLN3,0.0216460129196809
C17orf98,0.021543774248056903
CDKL4,0.0215048568427351
SLC39A3,0.021492910149516903
BAX,0.0214335485532218
CCDC163P,0.021403772774438883
MYOG,0.0213873608722518
PROKR1,0.02138061326845
CNTF,0.0213675307547661
ZBTB22,0.021363955979846697
UXT,0.0213566137383395
EGR1,0.021356382302231098
KCNS2,0.0213165136648519
PTH,0.0212913094194568
SNORA56,0.0212855566311935
DEFB132,0.021272225459608697
GUCY2F,0.021259189834838398
OR9A2,0.021257367030646
ARPP21,0.0212501629742386
ZMYM1,0.021244843614474103
FSHB,0.0212318798170598
PARN,0.021196749690590103
SYCN,0.0211812753169624
C9orf44,0.021178073091481002
ZNF234,0.0211033598492192
PI4KAP1,0.0210573138113044
LOC150568,0.0210260591103787
C20orf203,0.0209745102314082
RBM25,0.020940805695057
SNORA44,0.020938357376547798
CXorf22,0.0209244593798159
PATE1,0.0208954792013129
EEF1G,0.0208920899052354
OR4D9,0.02089194898302076
RASL10B,0.020796660790236378
CRYAA,0.0207858511632084
CSTT,0.020661818195982302
IL12A,0.020655582077625297
ADCYAP1R1,0.020636348338173
ANKRD37,0.0206113732347977
DRG2,0.020590068268084197
C22orf15,0.020588799350219497
C4orf14,0.020561670575207202
C20orf196,0.0205444094211733
EGLN2,0.0205349022498034
ENPEP,0.0205264265389044
CWC15,0.0203997194528804
OR5B21,0.0203975452734385
RDBP,0.0203854535613835
DEF8,0.020337280825859304
KRTAP4-5,0.020318031261305
C6orf153,0.020296444241905
OR5AR1,0.020295107938996897
TTTY6B,0.0202939101222718
LOC144776,0.0202790633053653
HAR1B,0.020249236251738696
CDIPT,0.0202252675380442
TNRC6A,0.0202025965589103
BTAF1,0.0202002140963628
MNT,0.0201965476833643
KRTAP8-1,0.0201495727877304
LOC349196,0.0201299852366689
LOC100129055,0.0200644013031281
IFITM1,0.0200603828505091
LOC646813,0.0200423227571926
C3orf55,0.020008910250621202
KRTAP10-2,0.0199588840756843
PCDHB12,0.019956152775958698
FAM71F2,0.019946204815721597
TTTY16,0.0199308273780086
NBPF16,0.0199152601499325
?|280660,0.0199014896437257
CELP,0.019894850727892103
CCDC9,0.019864157922159602
FABP12,0.019812247598082602
ATP8B2,0.019808392406707797
PRR23C,0.019667022264266802
ZSCAN22,0.019657648310383
EXD1,0.0196384533573919
PI4KAP2,0.0195641286825588
GAGE13,0.0195348918890205
LOC100271832,0.0195337639453224
MYLPF,0.0195174266863028
KHNYN,0.019499279509992397
FRG2B,0.0194931031711128
IFNA16,0.019464250312988502
LDHB,0.019459922783895797
ZNF184,0.0193930979783551
CRK,0.0193911589285364
C9orf153,0.0193681787906759
KCNT1,0.019339749570384302
CABP5,0.019326296806348103
VSIG8,0.0193112735307448
CT47A10,0.019297812414984728
MLNR,0.0192956872785088
SLC36A2,0.0192826556385996
ANKRD30A,0.0192560865909381
DIDO1,0.0191865468339901
PRKD1,0.019180066649574203
ZNF35,0.019142081659432097
SLITRK2,0.0191334747338766
MAP2K4,0.0190983597221675
LOC285692,0.019088889128897002
KLHL20,0.0190627527599499
KRTAP10-10,0.0190427397400715
TRIM42,0.0189934032598899
C8orf77,0.0189661930122646
RFESD,0.0189529965920538
C1orf227,0.018932688512786802
MICA,0.0189257461168685
ZNF827,0.018906236107415
ADAM3A,0.0188933919153498
C15orf2,0.0188871071759812
EEF1A1P9,0.018886032030861
LOC340357,0.0188786329777368
MYADML,0.0188603912881457
NR2E1,0.0188601463714246
AFM,0.018822192079677003
LOC151174,0.0187954333077752
ZNF192,0.018722622593889498
IFI27L1,0.0187221035763522
WNK4,0.018711503405483998
EIF1AX,0.018709448802846602
ST8SIA3,0.0186946002819766
GJD4,0.0186927052738032
KRTAP12-3,0.0186886972107088
PPP2CB,0.0186661942991915
GNAT2,0.0186524590826291
FKBP1B,0.0186240927209912
POU4F3,0.018543878497142598
RBMY2FP,0.018540334450236104
SNORD10,0.018493911663846202
TYW1,0.018450883653520204
RPPH1,0.0183457922046675
RHBDD2,0.0183322782718515
OGDH,0.0183250566548056
OR14J1,0.0183235449439099
FLJ12825,0.0182838968052388
KRTAP1-3,0.018253104102930802
ZNF502,0.018252531286464
KRTAP21-1,0.0182287442589893
ASAH2,0.0182026132535196
FOXD4L3,0.0181813867795211
PCDHGA4,0.0181618953421151
PTPN20A,0.0181420909457007
CUTC,0.0181190934072432
PTGFR,0.0180924879640534
OR4A47,0.018017769275978802
ELOVL5,0.0180116905617278
TPRX1,0.017996452515790903
RALBP1,0.017962365412139702
TTTY20,0.017937989086078802
PCGF3,0.017934866867812097
OR6B1,0.017916807366232898
POTEB,0.0179153570715056
SAT1,0.017912424464074005
ZNF550,0.0179020261381392
LGALS13,0.0178927433315863
LDHAL6A,0.0178782999312616
MYL2,0.0177843802721367
MYLK4,0.0177615870160198
GDF7,0.0177540990593467
LOC727924,0.017729527571616402
ZC3H18,0.0177184499592486
CEP164,0.0176821391624592
ZNF235,0.0176363092150233
SGK3,0.0176260794270065
GOLGA6D,0.0176217241379416
TRIM71,0.0175938181623512
C6orf221,0.0175593990694262
C20orf71,0.0175044368892749
KCNRG,0.0174663894560723
PUS3,0.017418213027647303
C3orf45,0.017400501837600703
OR8D4,0.0173911067955553
RPL13AP20,0.0173509745700862
CCKBR,0.0173056133283335
LRRC41,0.0173020574845379
SNORA79,0.0172480553055578
SNIP1,0.0172407216592625
WDR88,0.0171215472583692
GSTZ1,0.0171204115025763
MRPL32,0.0171014867932077
C2orf14,0.0170760724205664
KRTAP5-5,0.017056457538044602
KIAA0415,0.016992438556765802
AGBL2,0.016975160686230402
AMH,0.016970597670718
IPP,0.0169440238235308
DDX11L2,0.016889652632620208
KRT26,0.0168896400463108
OR2M1P,0.0168748899806363
SLC22A11,0.0168704576679977
FSHR,0.0168379395532941
PRPF8,0.0168231530684019
CEACAM16,0.016804828279661316
MUC17,0.0167511481534244
TP53BP1,0.016734546047662002
RBMY1J,0.0166732445343656
KIAA1009,0.0166522660517353
GABRR3,0.016651678261059503
DPH1,0.0166411377442692
KLHL1,0.016634911507422502
AP3S2,0.016632680524828698
SLC23A3,0.0166263308834554
GCNT7,0.0166114791022981
SEMG2,0.0165949566687703
ZNRD1,0.0165810174922703
HIST1H3H,0.0165808706107813
C6orf106,0.0165382679754772
ASB18,0.016534129472014
C3orf48,0.0165201248873005
WNT8A,0.01651686201831839
DDX27,0.016499812316179
ZKSCAN3,0.0164529944875246
CCL3L1,0.016452535149590698
OR2G6,0.0164177604118315
POTED,0.0163990289428732
ATP8A2,0.0163872102680168
ACTR5,0.016379690748079
HSFY2,0.0163619154576242
OR4N4,0.0163260961679564
LOC100190939,0.0163036866164991
H1FOO,0.0162968835659562
LOC100128842,0.016292870314206797
IFLTD1,0.016286876604650002
C9orf23,0.016277150297785203
KIRREL2,0.0162646125853216
DNAJB14,0.0162621521401232
LOC339568,0.016259446653616998
FAM66E,0.0161910647398939
EPHA5,0.016164031729394998
GTF2H5,0.016143937001935102
CLDND2,0.016051575254923997
NAIF1,0.0160492079895124
TTTY4C,0.0160415746602832
MBD3L2,0.0159393489828815
CCDC22,0.0159382234061005
ZNF263,0.0159007109196824
SNORA32,0.0158682817710201
TAAR8,0.0158582535661033
LHX4,0.0158330431163043
C1orf49,0.015727952727402798
LOC644145,0.0157023244689462
TECTA,0.0156689752271376
NDUFS5,0.015549223665436599
ZNF843,0.015525256078901501
GCM2,0.0154978345118837
KCNIP4,0.0154852987059717
ZNF836,0.0154734294714722
GRID1,0.01543973537221939
GAGE10,0.015430006819439
TTLL13,0.0154266928563267
SIAH3,0.0154068769039347
ESPNL,0.0153780185612714
MED23,0.015374631438212499
TRIM65,0.0153093989423426
RIT2,0.015291151777155001
CT47A7,0.015248379714829499
LOC100129716,0.0151212750560336
SNORD115-13,0.015104114324120798
FRMD1,0.0150899745731111
TMEM95,0.015064024452215798
GYPB,0.015038030817706098
TBC1D3G,0.0149972176548889
PNPLA8,0.0149885917195875
GNL2,0.014982317882666801
RPUSD4,0.014943571574248901
SPANXN2,0.0149393548572115
CDCP2,0.0149337052009878
TTTY2,0.0149011486292278
C10orf110,0.0148667617487946
TAS2R9,0.01483564711340478
VIPAR,0.014800220739554698
TCEB2,0.0147820236409706
MAPK14,0.014780318012514122
CXorf66,0.014778601033781699
OS9,0.014745972997388
PCDHB16,0.0147452487157861
GRHPR,0.014686177853543304
SNORA68,0.014664797523960499
ZNF526,0.0146446744701818
GPR52,0.014621549063468901
SCARNA4,0.0146018520963265
LOC401397,0.014599617699616044
HIST1H4J,0.014504264577530694
DUPD1,0.014491292220953602
KRT25,0.0144754851785785
CDK19,0.014470396626749801
MRPL54,0.0143135272663101
USP26,0.014293058694813999
KIF5A,0.014277925733999398
RHAG,0.0142633093051803
STOML3,0.0142313696526534
RNF113A,0.0142230778029135
ODF4,0.0142221833794662
SPANXN4,0.0142082926595078
GPR151,0.014195188739092299
POLR2C,0.0141818192766324
FAM164A,0.0141764985664973
OR11A1,0.014153543684724601
ATP5L,0.014111739588247598
MORF4L2,0.0141116849265253
C3orf20,0.014104743914851899
TRYX3,0.0140810542655504
BEX5,0.014078287098601101
OR8G5,0.014065041575906599
C19orf71,0.01405042364923691
PXT1,0.013961648107457699
BMS1P4,0.0139539298918883
HEPN1,0.0139512361347124
PRAMEF22,0.013940992043766
SOCS3,0.013878894738810335
KCNAB3,0.0138733263371414
SNORA49,0.013771996993175599
RXFP1,0.0137022296366048
MUC7,0.0136936006718669
OR5T1,0.0136916897373935
SLC7A5P2,0.0136650485703105
COLEC10,0.013661769568205799
OR11H4,0.013660991977463401
NCRNA00207,0.0135697319729813
DPRX,0.0135609080114714
DISC2,0.0135543531776743
TEKT4,0.013553070477062203
PPIL3,0.013547526318842502
BHLHE40,0.013487480976236999
FAM96B,0.01339110953421
TMED7-TICAM2,0.0133688208915777
PRM3,0.013348049670904099
APOA1,0.013316075097462899
ZNF251,0.0132948672361876
SNORA29,0.0132715497961447
OR1N2,0.0132452117274766
LOC644172,0.013235891810214999
OR2W1,0.013178286329405198
C14orf179,0.0131516890694946
HCRTR1,0.0131143649506417
COL20A1,0.0130785363980753
C7orf33,0.012989800299861801
GSTT1,0.012989767276312899
NCRNA00235,0.012975738613775399
CT47A2,0.0129620735472291
GLYCAM1,0.012928243370833
GNMT,0.0129123500631869
C7orf72,0.012892008145618899
LRRC67,0.012832178095048002
SNORA11E,0.0128240007284265
ZNF705A,0.012822742918487801
LPAL2,0.0127744832094309
SCARNA7,0.0127357467038395
SPANXN1,0.012661045054981
SNAR-G1,0.0126248426374424
NEIL2,0.012622271583921301
TBC1D22B,0.0126099354105238
LOC391322,0.012600234430024598
WEE2,0.012583835690215999
ZNF222,0.0125703743048306
NHEG1,0.0125446823856901
DAD1L,0.012542710174745498
C6orf138,0.0125404754968768
ATF2,0.0125227627721946
THAP1,0.0124904468308785
OR2A25,0.0124827501216523
GDF3,0.0124821715622054
DYNC1I2,0.012478689430301101
OR12D3,0.0124729152330808
RMRP,0.012467223445686602
OR4F15,0.012450175230840401
LOC389033,0.0124385738495229
OR2M7,0.0124367808734336
YIPF7,0.012432035620097898
RPL41,0.012418765515588001
TEDDM1,0.0124059934746679
OR2H2,0.012366226405655002
DLK1,0.0123524900434138
OR2J2,0.0123421630368512
MPZ,0.0123309606040767
SPAM1,0.0123172959492613
LOC100128164,0.0122999383238862
HKR1,0.0122861163092919
RFTN2,0.0122380466009082
RNF31,0.0122247817912071
TAAR9,0.012182677000653199
LOC401127,0.0121690691700486
IFNA4,0.0121683007508659
LAMC3,0.012165198327608599
OR4N2,0.0121630030706402
KLHL3,0.012150066013715401
OR2AT4,0.012120363797929
SNORA40,0.012096507437628702
CCDC144NL,0.012076515680582201
OR7G3,0.0120550410552678
C8orf44,0.011962891943619599
DKFZP434H168,0.011877198978880201
MYF5,0.011869065423303
DUXA,0.0118688302893631
ZNF649,0.0117345772931543
ZSCAN12,0.011723606020410098
GEMIN6,0.011694975389271303
OTOL1,0.011682462404496802
OR52N1,0.011645117908689901
PTCHD1,0.0116189198890518
CHRNE,0.011603964303400001
VCY,0.0115496106873305
CTSL3,0.011446161006107299
MS4A10,0.011422269320653801
TREML2P1,0.0113892428137448
LIPM,0.0113891386753619
OR11H1,0.0113609275232437
SUPT7L,0.011352215661245101
SCARNA16,0.0113257023533519
ZAR1,0.011324136809483697
LOC645323,0.011310882677899101
CHMP2A,0.0112811254691559
DYNLT1,0.0112622707037813
XKRY2,0.0111959136992944
FAM27L,0.0111829456047669
IFNA6,0.011171758229448
OR10J5,0.0111486532741037
TAS2R30,0.011102678185426401
OR2D2,0.011050569314286
NKX2-4,0.0109737428408407
MC5R,0.0109558107403804
TRIM77,0.0109504914111335
PCDHGA1,0.010925480483203602
CACNG2,0.0109107298896001
MYT1,0.010842641206928901
RNF41,0.0108060114670147
CLRN1OS,0.010796737689066398
FAM71A,0.010791781230324302
OR11H12,0.0107854107948126
C1orf100,0.0107507094485029
BEND2,0.01073394045803678
HCG4P6,0.010730338672416899
LOC100131691,0.010649936348757102
OR5A2,0.0105998335707082
GZF1,0.0105911630755537
OPALIN,0.010505219110866701
SPINT4,0.0104921749284373
TAS2R41,0.010467980779107499
ASB12,0.010451097281991499
SCO1,0.0104476641737759
TAS2R42,0.0104467303254464
MESP2,0.010424149491422
OR52R1,0.010415328011582
KRTAP10-3,0.010341635469788599
HSFYL1,0.0103081502344411
USP29,0.010247649516039401
TAS2R1,0.0102334137711832
UROC1,0.0102012437810062
ATP5J,0.01016032543115062
MON1B,0.010095312808763628
ZIM3,0.010073432910932802
GSTM2P1,0.0100668289210179
KRTAP4-4,0.010034894769377
?|652919,0.0100134140535747
STYK1,0.009984752429896101
OR6C6,0.0099834210821101
IL9,0.0099764835035922
UBB,0.0099570306450662
SPANXN5,0.0099406818065177
LYZL1,0.009908991372236102
SPO11,0.0098739256019827
FAU,0.0097777054089362
OR1A2,0.0097556603716371
SPRN,0.009724107718597101
LOC285796,0.009607594638119199
FER,0.009603562030505601
OR4D1,0.0095977472847984
ZNF75A,0.0095700745504459
HIGD2B,0.0095685213724708
OR56A1,0.0095442688224415
C12orf40,0.00953563553538319
SNORA11,0.009486280014708899
ANGPTL3,0.0094399885120435
ANGPTL7,0.0094286271486705
CASR,0.0094259176319169
LOC100287704,0.0094230024484307
RNF112,0.0093847843805803
MAX,0.0093694191934257
PLAC1L,0.009340427110128101
PTH2,0.009315868506951099
OR4S1,0.0092979084318838
GADL1,0.009295665631732801
LRRC30,0.0092745603226167
ITGB1BP3,0.009255604224376917
KRTAP10-8,0.00925052409224
ALAS2,0.009144777093432201
C22orf43,0.0091005193279626
PRAMEF4,0.009095000535450499
HADHB,0.0090920665175502
KRTAP6-3,0.0090818864120083
FAM161A,0.009076038953815299
PRNT,0.0090578821872648
ABHD12B,0.0090460231685636
CARTPT,0.0090333801860643
HIST1H2BE,0.0090106196936294
TBC1D20,0.0089411266336452
DMRTB1,0.008898271706854026
DCAF8L1,0.008893733204969712
OR13G1,0.0088740519936765
KRTAP2-4,0.00884520475603691
STMN2,0.0088416002575184
CTU2,0.008828520748062
DGCR11,0.008822194109054798
OR11L1,0.0087813055097695
CCNDBP1,0.008720618374985698
KRTAP10-9,0.0087198895691086
OR52A5,0.008709631298218386
SNORA24,0.0087036807076044
TNMD,0.0086882064868402
SPAG11A,0.0086819292772265
SPIN2A,0.0086691213786062
TBC1D21,0.008654979276352401
OR4C15,0.0086400646513785
GAGE2E,0.0086346301764724
NCRNA00176,0.0086039501603366
SPATA22,0.0085702397433242
FKBPL,0.008565649878301601
SPATA24,0.0085407009143259
KIAA1383,0.008500197069642034
RFX4,0.0084832768508976
C9orf71,0.0084700503773073
RNF214,0.008457933422260639
REG1P,0.0084252428427401
PRHOXNB,0.0084128566627724
EP400NL,0.0084045792764533
TAS2R7,0.0083271002422775
NPRL3,0.008301798241397198
OR5AC2,0.0083012547485482
ZCCHC13,0.008285906319512
FOXD4L2,0.008284965902150599
TFAP2E,0.008277587730598099
C17orf79,0.008262998575190401
DEFA6,0.0082424402670951
MT4,0.0082422517023444
RIMBP3C,0.0082030604815023
FAM138F,0.008172830606061499
MAP3K12,0.008160131921519998
OR51A7,0.0080713326050076
FLJ40434,0.008057898190081292
RHOXF1,0.0080329225479346
HNRNPCL1,0.008030989211315601
CENPBD1,0.0079963186716144
C13orf28,0.0079948790987211
CRYGD,0.0079701812771028
RPS29,0.007968122782623101
SCARNA11,0.007943366032421599
N4BP3,0.007936270348146202
TRAPPC2L,0.007900228663048599
FLJ44082,0.0078839155691402
OR8B4,0.00785667877546431
CISD1,0.0078484643933041
SNORA71A,0.0078336318406114
KRTAP24-1,0.0078297780409348
CSH1,0.007799585988980499
GRIK3,0.0077427574262175
NEUROD6,0.0077278380091473
TOB2,0.0077008244473935
C19orf30,0.0076849577206657
ASB17,0.0076703284259379
SNORA5B,0.007642657315290499
GLRA3,0.0076394933328074
ADCK1,0.0076251343883522995
ERICH1,0.0075949061257354015
SLC22A10,0.0075740503392783
TRIM64,0.0075676484230275
KRTAP3-3,0.007547133877982001
SNORA51,0.0075302101807641995
OR2T35,0.0075016882971401
UPF0639,0.007490112237410332
DCAF4L1,0.0074900957460465
TGM7,0.007485899363749501
TAS2R3,0.007476405907668599
OR5B2,0.007440295166718902
C20orf185,0.007415363903526999
DAZ3,0.0074119933863462
PRH2,0.007405927967075599
ADRBK2,0.0073913779487227
PCDHGB8P,0.0073308585953984
ZBTB37,0.007329070037097399
OR3A4,0.0072010586839869
CABP2,0.0071929256295791
CDY1B,0.007159756117076406
COG4,0.0071240453680063
DAZ4,0.007121925458880501
REG1A,0.0071023694680835
MAPK7,0.007087127298553901
BIN3,0.007080367431746301
ATP6V0C,0.0069708286651548
LOC441046,0.0069674841409835
TMEM107,0.006959463549519901
LOC285740,0.006949927872064001
RXFP2,0.0068952474078575006
OR1L6,0.0068732877323185995
KRTAP19-5,0.0067838917523882995
C11orf64,0.0067706796396164014
LOC100130274,0.0067464835019799985
LCN6,0.006732774906545
LOC100128977,0.006729929013461199
OR10A2,0.0067248677195054
NRADDP,0.0066331174245278
USP49,0.006599356494024801
RBMY1B,0.006547841800398699
PHF23,0.0065282499246071
GABRB1,0.0064992282437283996
LOC100128076,0.006421265132090927
LCE1A,0.006354542253483089
EPHA3,0.006323380811842299
TTBK1,0.006259527302885801
KRTAP10-5,0.006240751187967499
PCDH11X,0.006226079433838299
ZNF785,0.0062179820891846
KRTAP19-8,0.006210829362888
OR2M2,0.006210821104514299
MAD2L1BP,0.006210647573614
DEFB136,0.0062001472259115
SNORA70B,0.0061585879114723
CYP7A1,0.0061060780705008005
OR8B12,0.006098813806571999
ADAM18,0.0060311061024816
RABGGTB,0.0059552067695043
SLC38A6,0.005936522718752801
PPT1,0.0059295046519891245
C11orf36,0.0058866562927749055
SCARNA20,0.0058715293891722
WRAP53,0.005859448448255742
DOPEY1,0.0058483332199039005
LOC407835,0.0058440694703904
SLITRK3,0.005793859252486763
USP50,0.0057839137663218
KRTAP27-1,0.0057553329385971
PDZD9,0.0057424440851838
OR51G2,0.0057007630881115
OR6K2,0.0056673174478706
OR6C4,0.005667013394357298
OR4K13,0.005654611211573
OR6C76,0.0056475976994845994
OR5B17,0.0056417769527435
SEL1L2,0.005625433419330902
SNORA42,0.005606599002059956
OR14C36,0.0054900222439148005
LENG1,0.005467657423784101
SNORA71B,0.0054217799226151
TEX13B,0.0054166455106227
FAM75A5,0.0054134536192712995
LRRIQ3,0.005391118034679898
MUSK,0.005379285452755799
RAX2,0.005367853878795773
KLK15,0.005351245451273001
SNORA11D,0.005337028640558601
TAS2R43,0.0052086176126428
PVALB,0.0051925098786308
ZSWIM1,0.005190878327230152
MRGPRD,0.0051691307102256
FSD2,0.0051682574216823
SNORA4,0.005155693434512
CT47A11,0.0051375602105969
SCARNA6,0.0051189101443771
MRPL52,0.005104906291079599
ASPDH,0.0051048245779877
TRIM50,0.0050932023443601
IMPG2,0.0050894303204759
LOC729375,0.0050653442843419
CHST5,0.0050576271688272
FAM98A,0.0050569430369226
SNORD115-26,0.0050295720691038
GSTA3,0.00502242224422468
CCDC105,0.0050198259293614995
TAS2R39,0.005002714191411227
LOC642826,0.0049550129633386
ACTRT1,0.0049527382580639
OR4F6,0.0049487909872136
OR5W2,0.0049461025140422
LOC387647,0.0049261629933194
GALR2,0.0049080600273105
FTSJD2,0.004849619970242901
DEFB109P1,0.0048467570292368
FABP1,0.0047926907879817
CYP11B2,0.0047590604560835
OR4Q3,0.004718776588125688
C2orf27B,0.0047057882187264
OR2B2,0.004620344074889199
LOC285370,0.004614613236362597
TSPYL6,0.0045135863789422005
C9orf130,0.0044945677354433005
KRTAP6-1,0.004490822384739594
C21orf56,0.004475110343151001
?|100130426,0.0044695656085929
C14orf178,0.0044307652485544
TTTY23,0.004428779465185739
OST4,0.004428120364763999
OR10K2,0.0044274832370495
SNORA38,0.004390276688697022
OR10AG1,0.004389981929688
SNORA14A,0.0043824466636213
C7orf66,0.0043504702283444
CHRM2,0.0043451893337072
OR2T11,0.0043257053241369
FTMT,0.004293175044067499
LOC26102,0.0042921321246763
FLJ43950,0.004291807153599199
C11orf94,0.004289359733889701
NTSR2,0.0042838950928644
RPH3A,0.0042505376213524
KRTAP26-1,0.0042383467772976
MTUS2,0.004229475838575101
BPIL3,0.0041160896148182986
OR4S2,0.0040984653298978
PRAMEF13,0.0040803701795019
BRD7P3,0.004032162201958399
R3HDM2,0.0040110913389642
KBTBD13,0.0040037014537338
PRSS37,0.0039623037648771
FAM92A3,0.003945036545225601
SAMD7,0.0039324422082297
LOC285375,0.0038835285836331
KIAA0174,0.0038185559510343
KRTAP11-1,0.0038078666835975996
RBM12B,0.0037901107130205542
OR13H1,0.0037779150894323996
OR52A1,0.0037577173582549004
GSTTP2,0.00373726492704613
CRX,0.003722981859224958
OR10T2,0.0036940101457854993
OR2G2,0.003655321726295
ABHD8,0.0036459826674692
MON2,0.003605924361792901
SOX3,0.0035723536783430266
C14orf148,0.0035604635655815996
SNORA72,0.0035314873716562993
SENP7,0.0034789486546118998
RPL5,0.0034482113100267253
OR52I2,0.0034425915790466987
ACSF3,0.003410304868767898
DEFB105A,0.003339691785754
UBE2V1,0.003312161885333559
PALM,0.0030885499528997
KRTAP10-7,0.0030230746911543128
SNORA75,0.0029549729267606
TAC1,0.0029497250267718003
ATP6V1H,0.0029350081827776006
ALKBH5,0.002908239843725712
TMEM8C,0.0029018854883214994
OR4A15,0.0028969418617673997
OR2M3,0.002891660469531
TBC1D26,0.0028509038226488645
OR5B3,0.0028463089503750994
OR4M1,0.0028117612720553
TAAR2,0.0028080462161338
DEFB125,0.0027948398414342004
HIST2H2BE,0.002785981091123002
ZNF780B,0.0027822564600413994
SNORA16B,0.0027565356647763
C10orf40,0.0027441972923916
KRTAP19-4,0.0027087007313286
DEFB129,0.0026823921010096
OR51L1,0.0026714301717099998
BTBD18,0.0026560072214254
OR4K1,0.0026506355579699005
GPR139,0.0026314071276542002
OR6K6,0.0026293683953444997
TRIM60,0.0025969404169733003
MT1IP,0.0025666862596028005
LIPI,0.0025566091116765
DCST1,0.0024924979121596002
SCARNA27,0.002491062426987
OR13F1,0.0024520631179903996
SNORA36A,0.0024281553553423003
PCGEM1,0.0022949682908629
OR9Q2,0.0022639664580964
KRTAP2-2,0.0022601313886301015
C2orf53,0.0022559828793294176
OR51T1,0.002245361081376079
OR6X1,0.002211237177743
OR4F21,0.0022100212549289997
PCDHGC4,0.0022081395440312
SNORA54,0.002172764385055
KLF1,0.0021018531810083
SNORA3,0.0020675350370002996
OR2T6,0.002049128646641707
WFDC9,0.0020471923058457
SNORA20,0.0020312379745727697
PRAMEF14,0.0019700034995697
OR6B2,0.0019572958358145
ANGEL1,0.001894774768609549
NOX3,0.0018800662627804004
PDCL2,0.0018785127545410197
KRTAP9-9,0.0018536520877195
MRGPRG,0.0017965881995228989
CLRN2,0.0017493437413797996
SLC9A11,0.0017451056118608999
ATP6V1G3,0.0016994531980057995
OR2F2,0.0016615969129851
SNAR-F,0.0016318712093325986
OR5K4,0.0015823905007281002
FGF19,0.0015771303908943
TMEM207,0.001562290726322
PABPC4,0.001490279849275325
GPRASP2,0.001487520767287222
LOC728323,0.0014239631527785002
TTTY5,0.0014236385444741
MCART2,0.0013996067402269
OR4C12,0.0013914768999343024
HIST2H2BA,0.0013693818167696999
SSPO,0.0013297227471481738
HP,0.0013265827509708003
PLD3,0.0013230729626007001
PNMAL1,0.0012627026128974998
OR10J1,0.0012405703403797002
LOC730811,0.0011386964105681051
KRTAP20-4,0.0011193898459129284
FGF6,0.00111293187601
ALB,0.0010612993969863005
LCE6A,0.0010514883019739994
ZNF358,0.0010421942002053993
PRAMEF6,0.0010334045126373
OR2Y1,0.0009993918929731
USP16,0.0009913714094334002
ZNF735,0.0009816199044754743
UNCX,0.0009594434609201
C1orf70,0.0009573346002015
OR10Z1,0.0009491910576260001
OR5M9,0.000923330506169
CRYGA,0.0009137502569610001
OR4C13,0.0009106882811373974
OR5H14,0.0008979340363902022
CLEC3A,0.0008612628667000012
KCNK4,0.0008151104356828997
FKSG73,0.0007967482276879
SNORA28,0.0007848421322151998
DEFB135,0.0007717198226886
LOC728410,0.0007597977243994002
FAM24A,0.0007584054793641998
TAAR5,0.0007084286834481
TAS2R16,0.0006450895357582089
PHF3,0.0006369993616059002
SNAR-C4,0.0006300628910687993
SNORA5C,0.0006240790676237003
OR1S2,0.0006200771335754
HSFX1,0.0006071788634798076
TFE3,0.0006043278303411999
IFNA17,0.0005816223655362002
C14orf165,0.0005644796774031992
CSN1S2A,0.0005312294963912063
LOC100130264,0.0005178946081353998
SDHAF2,0.0005093581980634997
SCGB1D1,0.0004998792038421618
C20orf46,0.00047119310586149997
KRTAP19-6,0.000468050376866241
HEPACAM,0.0003959546911728013
OR10H4,0.0003642081006256998
LOC100169752,0.00034167613499974734
PCDHB19P,0.0003411277977046997
ZNRF4,0.0003287004776530002
GPR123,0.00029108943505139965
PLA2G2E,0.00022768807310086573
GFRAL,0.0002078526552725
SNORA5A,0.00020690979476250008
FOLH1B,0.00019774113405129565
NPS,0.00017740722367133338
OR8H1,0.00016447694794277044
HEATR3,0.00015951265530698706
SNORA19,0.00015205876234210004
CDY1,0.00010121781433532301
OR10C1,0.00010102578053730252
HIST2H2BF,8.982799415389989e-05
EFCAB3,8.045146937877331e-05
DGKK,7.17174008115001e-05
CT47A9,6.346717022202428e-05
FAM47A,4.2181884995000536e-05
OR5M1,3.621437372969982e-05
SNORA30,2.5348461329192677e-05
SNORD114-7,0.0
SNORD114-6,0.0
SNORD114-29,0.0
SNORD114-31,0.0
SNORD114-5,0.0
SNORD114-30,0.0
SNORD114-3,0.0
SNORD114-4,0.0
TTTY22,0.0
SNORD114-8,0.0
SNORD115-32,0.0
SNORD115-44,0.0
HBII-52-46,0.0
HBII-52-45,0.0
HBII-52-28,0.0
HBII-52-27,0.0
HBII-52-24,0.0
SNORD115-41,0.0
SNORD115-40,0.0
SNORD115-4,0.0
SNORD115-39,0.0
SNORD115-38,0.0
SNORD115-37,0.0
SNORD115-35,0.0
SNORD115-33,0.0
SNORD115-31,0.0
VTRNA1-3,0.0
SNORD114-28,0.0
SNORD115-3,0.0
SNORD115-25,0.0
SNORD115-22,0.0
SNORD115-20,0.0
SNORD115-2,0.0
SNORD115-17,0.0
SNORD115-16,0.0
SNORD115-14,0.0
SNORD115-11,0.0
SNORD115-10,0.0
SNORD115-1,0.0
VTRNA1-1,0.0
VTRNA1-2,0.0
SNORD115-30,0.0
OR51A2,0.0
SNORD114-27,0.0
S100A7L2,0.0
XKRY,0.0
SNAR-A13,0.0
SNAR-A2,0.0
SNAR-A3,0.0
SNAR-A4,0.0
OR5I1,0.0
SNAR-C2,0.0
SNAR-G2,0.0
SNAR-I,0.0
SNORA11C,0.0
SNORA35,0.0
SNORD115-5,0.0
SNORA70C,0.0
OR4P4,0.0
OR4K5,0.0
OR6Y1,0.0
RNY5,0.0
SNORD114-26,0.0
RNY4,0.0
PRAMEF3,0.0
PRR20A,0.0
PRR20B,0.0
PRR20D,0.0
DEFB134,0.0
DUX4,0.0
DEFB128,0.0
DEFB116,0.0
PISRT1,0.0
DEFB114,0.0
DEFB113,0.0
DEFB112,0.0
DEFB110,0.0
OR8K1,0.0
RNU5E,0.0
SNORD102,0.0
SNORD104,0.0
SNORD105,0.0
SNORD105B,0.0
SNORD114-13,0.0
SNORD114-14,0.0
SNORD114-15,0.0
SNORD114-16,0.0
SNORD114-17,0.0
SNORD114-18,0.0
SNORD114-19,0.0
SNORD114-2,0.0
SNORD114-20,0.0
SNORD114-21,0.0
SNORD114-22,0.0
OR2T29,0.0
SNORD114-23,0.0
SNORD114-24,0.0
SNORD114-25,0.0
OR4C11,0.0
SNORD114-12,0.0
SNORD114-11,0.0
SNORD113-2,0.0
SNORD109B,0.0
SNORD11,0.0
SNORD110,0.0
SNORD111,0.0
SNORD111B,0.0
SNORD113-1,0.0
SNORD113-4,0.0
SNORD114-10,0.0
SNORD113-5,0.0
SNORD113-6,0.0
SNORD113-7,0.0
SNORD113-9,0.0
SNORD114-1,0.0
OR4C46,0.0
SNORD115-48,0.0
SNORD114-9,0.0
SNORD49B,0.0
TSSK2,0.0
SNORD38A,0.0
SNORD38B,0.0
SNORD91B,0.0
SNORD41,0.0
SNORD62A,0.0
SNORD61,0.0
SNORD42A,0.0
SNORD91A,0.0
SNORD60,0.0
SNORD92,0.0
KRTAP23-1,0.0
SNORD6,0.0
SNORD42B,0.0
SNORD71,0.0
SNORD90,0.0
SNORD43,0.0
SNORD44,0.0
SNORD86,0.0
SNORD37,0.0
SNORD36C,0.0
SNORD45B,0.0
SNORD32A,0.0
SNORD85,0.0
SNORD27,0.0
SNORD28,0.0
SNORD29,0.0
SNORD54,0.0
SNORD30,0.0
SNORD63,0.0
SNORD31,0.0
SNORD32B,0.0
SNORD36B,0.0
SNORD95,0.0
KRTAP6-2,0.0
SNORD33,0.0
SNORD34,0.0
SNORD35A,0.0
SNORD93,0.0
SNORD35B,0.0
SNORD36A,0.0
SNORD45A,0.0
SNORD45C,0.0
SNORD26,0.0
SNORD56,0.0
TTTY17B,0.0
SNORD77,0.0
TTTY19,0.0
SNORD50B,0.0
KRTAP22-1,0.0
SNORD88B,0.0
TTTY21,0.0
SNORD115-6,0.0
SNORD87,0.0
TTTY17A,0.0
SNORD55,0.0
SNORD51,0.0
SNORD52,0.0
SNORD76,0.0
SNORD53,0.0
SNORD75,0.0
SNORD88A,0.0
LOC653545,0.0
SNORD88C,0.0
TTTY13,0.0
KRTAP20-3,0.0
SNORD58C,0.0
SNORD46,0.0
SNORD47,0.0
SNORD48,0.0
SNORD49A,0.0
SNORD4A,0.0
SNORD59B,0.0
SNORD59A,0.0
SNORD4B,0.0
SNORD9,0.0
SNORD56B,0.0
SNORD8,0.0
SNORD5,0.0
KRTAP19-2,0.0
SNORD50A,0.0
SNORD58A,0.0
SNORD57,0.0
SNORD80,0.0
TTTY12,0.0
SNORD84,0.0
SNORD73A,0.0
SNORD25,0.0
SNORD79,0.0
SNORD116-23,0.0
SNORD116-24,0.0
SNORD69,0.0
SNORD116-25,0.0
SNORD116-26,0.0
SNORD116-27,0.0
SNORD116-29,0.0
SNORD116-3,0.0
SNORD116-5,0.0
SNORD121B,0.0
SNORD116-8,0.0
SNORD117,0.0
SNORD24,0.0
SNORD119,0.0
SNORD11B,0.0
SNORD12,0.0
SNORD121A,0.0
SNORD81,0.0
KRTAP25-1,0.0
SNORD116-22,0.0
?|728045,0.0
SNORD116-2,0.0
SNORD115-8,0.0
SNORD115-9,0.0
SNORD116-1,0.0
SNORD116-10,0.0
OR10X1,0.0
SNORD116-11,0.0
SNORD116-12,0.0
SNORD70,0.0
SNORD116-13,0.0
SNORD116-14,0.0
?|317712,0.0
SNORD116-15,0.0
SNORD116-16,0.0
KRTAP20-1,0.0
SNORD116-18,0.0
SNORD116-19,0.0
SNORD7,0.0
C11orf40,0.0
SNORD74,0.0
SNORD123,0.0
SNORD98,0.0
SNORD23,0.0
SNORD12C,0.0
SNORD78,0.0
SNORD65,0.0
SNORD16,0.0
SNORD18A,0.0
SNORD18B,0.0
SNORD18C,0.0
SNORD72,0.0
SNORD12B,0.0
SNORD19,0.0
SNORD96B,0.0
SNORD19B,0.0
SNORD1A,0.0
SNORD1B,0.0
SNORD2,0.0
SNORD21,0.0
SNORD20,0.0
SNORD66,0.0
SNORD96A,0.0
SNORD67,0.0
NMS,0.0
SNORD68,0.0
SNORD124,0.0
SNORD125,0.0
BSPH1,0.0
SNORD126,0.0
SNORD99,0.0
SNORD127,0.0
SNORD82,0.0
BPY2,-1.8007932535199674e-05
SNORD115-7,-2.5316455696202533e-05
RMND1,-3.208168090179989e-05
OR6C74,-3.79586807278081e-05
OR4X1,-3.797468354430379e-05
OR5R1,-3.797468354430379e-05
LCE4A,-3.797468354430379e-05
OR8J3,-3.797468354430379e-05
TEX28,-3.79746835443038e-05
OR51F1,-5.058490294291794e-05
OR4C45,-6.316311670854069e-05
OR5F1,-6.321112515802788e-05
SNORA11B,-7.601337835459041e-05
KRTAP20-2,-9.104002304392274e-05
MBD3L1,-0.0001027725313957997
DEFB130,-0.00011382803373393717
LACE1,-0.00012262471241789995
LOC151300,-0.00012653427003152555
OR7A17,-0.00013917649506313114
TTTY3B,-0.0001643969338603594
SNAR-C3,-0.00016450895357582936
FAM74A3,-0.00017060595250859966
ARL5C,-0.00018758709784269956
MAGEB18,-0.000191836688277801
GABRA4,-0.00021661181480664052
OR4B1,-0.00024037830658191396
OR8J1,-0.00026566275664516954
OR2T27,-0.00026566275664516954
OR51F2,-0.0002668288376459051
XAGE3,-0.0002851897921136992
OR4K2,-0.0002909792123413721
FLJ43860,-0.0003116175269809009
RNASE12,-0.00032895389588562127
CHTF8,-0.0003301469822227
TTTY11,-0.00034164412936671395
RESP18,-0.000353222315519
OR5AS1,-0.0003668645681639423
OR5L1,-0.00037961881291101647
SCARNA15,-0.00040210018297719987
RAB11B,-0.00042237542734962445
CETN1,-0.00044357232824719997
SNAR-D,-0.00046814639376521115
OR52J3,-0.0005187312967081334
?|136542,-0.0005312294963913088
SLED1,-0.0005570657913121005
PRR20C,-0.0005817983965176076
DBX1,-0.0006333803932464001
SLC6A19,-0.0006670000872054998
TTTY1B,-0.0006755349847217997
FAM90A1,-0.0006779481810373997
MED20,-0.0006832141703528001
RGPD8,-0.0006975663613722999
FAM99A,-0.0007068458552788385
DEFB118,-0.0007073885003760912
TMEM89,-0.0007568754092185997
OR8B8,-0.0007715437917071987
ATXN8OS,-0.0007885151006916837
OR8I2,-0.0008096304949669999
MED17,-0.0008484500630681
IL3,-0.0009531061470597001
OR51S1,-0.0009861255580981
UQCC,-0.0010099831517827004
RIMBP3,-0.0010215151600785097
OR5H15,-0.0010248203683847
OR51D1,-0.0010373185680678076
SNORA36B,-0.0010878714653777923
RNU6ATAC,-0.0010900747397516559
LOC646498,-0.00111334831638106
RSPH6A,-0.0011298076464309002
DCD,-0.0011412120991801005
LOC100240726,-0.0011769615968971997
SNORA58,-0.0011890732768966
CMTM5,-0.0012796369606048
FASTKD2,-0.0013047535413211666
CSHL1,-0.0013411160364223
OR5L2,-0.0013413720814862999
C3orf79,-0.0013542527498951996
ACSBG2,-0.0013856364447898998
OR4F5,-0.0014144348167912995
DEFB127,-0.0014299156651569
OR51Q1,-0.0014351971270590994
?|404770,-0.0014547200307252
P2RX6P,-0.001467378258573395
DEFB121,-0.0014674102642063
CNBD1,-0.0014772671591787995
OR2V2,-0.0014824437491200997
IFNA5,-0.0014846495090816765
SULT6B1,-0.0015438403900643002
FRG1B,-0.0015689222436263
DEFB108B,-0.0016326873529739
DEFB122,-0.0017085086975305835
BSDC1,-0.0017444499970002002
PRAMEF10,-0.0018011598889729002
OR1S1,-0.0018595592824335002
TMPRSS12,-0.0018744767715676
TTTY7,-0.0018886013183306992
FAM138B,-0.001994880662563
DEFB131,-0.002024213495235272
PWRN2,-0.0020591135112099
OR13C8,-0.002227223991422411
OR2T1,-0.0022519003344587
OR6V1,-0.0022840587907100003
OR10A7,-0.0022902590855988
OR7G1,-0.0022903070940483335
OR2G3,-0.0023025172430345
MLN,-0.0023036595992034998
CCDC14,-0.0023140134622503
UCMA,-0.0023171995103396003
STK32B,-0.0023235654842951995
OR4M2,-0.0023269476472582
MS4A5,-0.0024415497127493113
SPDYE4,-0.0024419565760039003
TTTY6,-0.002442614319983
TTTY18,-0.0025300932964199
EIF3I,-0.0025566966312197976
SCGB1D4,-0.0025787418585671074
OR52E8,-0.0025806942021793
FAM184B,-0.00261231217082433
SNORA36C,-0.0026564835411030004
PPP1R3A,-0.0026635689084480996
TMEM211,-0.0026737063517300007
SMR3B,-0.0027036857634221
RBMY3AP,-0.0027465633951574064
PSMG2,-0.0028160961764919007
OR9G9,-0.0028244985596849
OR5A1,-0.002947222631961
OR5D16,-0.0029475107618939012
SNAR-H,-0.0029981596761028003
HHLA1,-0.0030454375206419
C1orf185,-0.0030860650751647007
IER3,-0.0031137171901383003
OR5M3,-0.0031638688409158
PRMT7,-0.003174830635915944
TRIM53,-0.003191471310646599
DZIP3,-0.0032176930153408
SNORD103A,-0.0032511161964503
CCDC144B,-0.0033102506528842
OR8U1,-0.0033522860023361034
CWC22,-0.0033722301701225805
SPATA3,-0.0033784986157561
SERPINA13,-0.0033799861805177004
SNORA23,-0.0033901055761388996
NFATC2IP,-0.0034500849378016
OR2M4,-0.0034746507523900003
OR6C1,-0.0034805005680998004
LOC645752,-0.0035226976607435987
PRAMEF18,-0.003600144702201299
TMEM225,-0.0036184448462925995
FAM47B,-0.0036226347598501
PNLIPRP1,-0.0036389363012351997
GC,-0.003684092975051501
OR1L8,-0.0037036676645024994
SSX6,-0.003711830625577002
OR6P1,-0.0037202707676548003
HIGD1C,-0.0037602068993262
EEF2K,-0.0037955143770045997
KRTAP13-3,-0.003807806173886408
SULT2A1,-0.0038177611785191997
TMEM11,-0.0038987876528549
DUSP21,-0.0039219672301523
PROL1,-0.0039266930040529
SCARNA23,-0.0039477668069576
HIST1H3A,-0.0039503039127095005
OR5P3,-0.0039732030400594
SCARNA22,-0.0040357797690876
COMMD1,-0.00407220839897
OR6C68,-0.0040884315639552
YTHDF1,-0.0041023578539803
PPIAL4B,-0.0041366480500566
OR6F1,-0.004239824553222599
PRM1,-0.004260656578994115
DEFB106A,-0.0043016530909438
TXNDC8,-0.004339051673094208
SNORD89,-0.004344075826532
EIF2S3,-0.0043707423776366
TMEM174,-0.004381706938094
KLRAQ1,-0.004395765639075929
SLC22A6,-0.0044308059227378006
OR1L1,-0.0044684411327724
THTPA,-0.004469280109291164
OR6B3,-0.0044816330352563
CPN1,-0.0044949537438562
KRTAP15-1,-0.0045150986573636006
TMEM114,-0.0045373491858083995
SNTG1,-0.0045833468203578
INS,-0.004628192469874369
KRTAP19-7,-0.0046300788938851995
OR4D2,-0.004649630123212629
ITGB1BP2,-0.0046750424038029
FAM71B,-0.0047494048387677935
DEFB115,-0.0047826017379058
LELP1,-0.004801244542286501
OR1A1,-0.004846613003888605
TFDP3,-0.0049009518396107
FEV,-0.0049151746351025
RPL21,-0.004927903418664099
MMP21,-0.0049319122576643
SNORA12,-0.004946450036341548
OR5K1,-0.0049581568713012
SNORA53,-0.005039580532824328
ADAM30,-0.005047488161714101
SNORA1,-0.0050521949589016
KRTAP4-12,-0.005070413669771299
PRAMEF12,-0.0050847113608339985
SOX14,-0.005142277141608501
DHRS7C,-0.0051738551481662
ATP2B3,-0.005224189145423001
MOS,-0.005255697932440201
KLHL9,-0.0052578247691007
BHMT,-0.005269182654641501
OR10H3,-0.005326793515658601
OR2L8,-0.0054527196786632
KRT27,-0.005476907719013801
SLC25A41,-0.0054882566555335
DACH2,-0.0054925722661527
C1QTNF9B,-0.005513763720977301
TMEM14E,-0.0055609546827767
OR8B2,-0.005566507123279599
RBMY1F,-0.0055808317249854
PRAMEF20,-0.005599947929495398
OR2M5,-0.0056183488293938
BCYRN1,-0.005680353644361699
OR5D13,-0.0057452671670213005
OR52B2,-0.00589954015476
GLYAT,-0.0059032113263306
LOC729121,-0.0059084638896443
OR6C65,-0.005908565887899878
OR10A4,-0.005923350769425767
RNASE13,-0.0059412146623415004
TPO,-0.005947394135893598
OR6M1,-0.005990713279528
ZIC3,-0.0060157818359880995
OR1I1,-0.0061111075549295
PCBP3,-0.0061344669063674
PRG3,-0.0061754087933932
FLJ25328,-0.0062062970023508
CSTL1,-0.006232815410655529
RBMXL3,-0.0062608943366367995
PRB1,-0.0062835708845849995
OR5J2,-0.006312551008977307
OR7A10,-0.0063127910512248
OR8H3,-0.006325241242458399
LUZP4,-0.0063410505894984995
DEFB123,-0.006376514266510601
C20orf166,-0.0063852638072288
OR2A12,-0.006425939513729198
FLJ32063,-0.0064978819789811
KRTAP12-4,-0.006515146665813
LOC283914,-0.006531692236018899
HIST1H4A,-0.006536136883037299
SNORA37,-0.0065496578378416
GGNBP1,-0.0065628661128869
OR5M8,-0.00660504998556
?|441362,-0.006655987453791605
S100G,-0.006663853718358823
OPN5,-0.006686598729903001
OR6Q1,-0.006744739074076801
SNORA66,-0.006763772289896
OR10G3,-0.006828897742084264
PRDM7,-0.0068693725644188
SLC22A8,-0.0069285682046272
LOC283332,-0.006982464365306201
SCARNA14,-0.0069954391972983955
CCDC79,-0.007022108091730554
ACOT12,-0.0070788309631741415
MS4A13,-0.0071600037539874
C1orf146,-0.0071801591245089
OR10P1,-0.0071983372998099
ATP5E,-0.0072424863808528
HIST1H4H,-0.007337896740635202
OR13C4,-0.0073602885220891996
C10orf113,-0.0073619864855711
CRYBA2,-0.007400835601787101
SERPINA7,-0.0074201912637232
HEATR4,-0.007433182366017641
FAM74A4,-0.0076440985920949115
OR4A16,-0.0076901707998026005
SNORA52,-0.007699954445173899
DCT,-0.0077092093520664
OR2T12,-0.0077172782409702
HTR5A,-0.0077425497545091995
MAPK13,-0.007780360864617889
PECI,-0.0077908972747889
SNAR-E,-0.007792763526380607
OR2F1,-0.0077946903016625595
IFNA10,-0.0078078329103323
SYCP3,-0.0078256944328339
OR1D2,-0.007905289794154498
C4orf11,-0.0079347245115139
OR5T2,-0.0079821509729486
TCP10L2,-0.007987075727635599
SRRM4,-0.0080211788037443
C9orf27,-0.0080233654764758
ELAVL3,-0.0081847857020933
OR5H1,-0.008247403543023401
OR10R2,-0.0082837459392851
LOC613037,-0.008292488618157099
UTP14A,-0.0083072324284442
C21orf94,-0.0083392246180448
PCDH11Y,-0.0083990070298021
DEFB109P1B,-0.0084567379229474
LOC643923,-0.0085388501760452
C16orf91,-0.008544291204860801
C20orf152,-0.008567597632185701
RTP2,-0.008577677090853192
RAB9BP1,-0.0085908771615403
PLSCR5,-0.0086435876339933
POM121L12,-0.0087787130534972
CEACAM18,-0.008793746480026
ZNF322B,-0.0088309033389239
VN1R4,-0.0088435737088805
IQCF6,-0.008880450873486793
CDX4,-0.008926906326407
OR8G2,-0.0089292553215467
OR7C2,-0.008972603178159202
KRTAP5-10,-0.0089857311214987
OR5C1,-0.0090239789433367
OR4C16,-0.009072780809422202
LOC401387,-0.009079316520950299
NEUROD4,-0.009103681399828402
OR10G9,-0.0091336715261883
OR5K3,-0.0091359759317637
OR5D14,-0.0091362479796442
LOC284661,-0.009164829437395699
OR51A4,-0.009275440477523907
OR5AP2,-0.009288258733536918
PSMB11,-0.009290751942409602
CELA3A,-0.0093286883543853
OR10G8,-0.0093755540975209
SUN5,-0.0093886444014144
IFNA7,-0.009412796270688
OR10K1,-0.009439917425466699
TNP1,-0.0095348738375598
SLC22A24,-0.009573254286045298
CACNB4,-0.009586052519089
CELA1,-0.009599896546469398
HYALP1,-0.009628241863563291
FAM99B,-0.009695498407719601
SNORA80,-0.0097810155144234
GNRH2,-0.0098255984430771
C3orf27,-0.0099302429100718
NKX6-3,-0.009956527644876801
OR4K14,-0.009984077197586573
PRAMEF17,-0.010058698330906
ZFATAS,-0.0101844086970497
LEUTX,-0.0101930623730719
SNORA50,-0.0101954757810435
OR4D11,-0.0102087087327368
SHISA6,-0.010218893950928998
MAGEE2,-0.0102724965435474
OR4A5,-0.010313015090655702
OR2T2,-0.010337555110953802
KRTAP4-3,-0.0103628375492375
POTEA,-0.010411307276799498
KRT28,-0.010470072264818699
GAD2,-0.010505789966609301
ZNF284,-0.0105600990600405
C20orf79,-0.0105900078413798
OR4F17,-0.0106136920097935
KRTAP4-8,-0.010753108988028035
FTO,-0.010842187602403
ASB10,-0.010842334583142
GYPA,-0.010856764936007799
BPESC1,-0.010898188652582
NCRNA00111,-0.010899969202482101
LOC388946,-0.0109130179923253
RDH11,-0.0109403490467671
POM121L4P,-0.010958858737360785
OR52M1,-0.011119052008078101
PPIAL4E,-0.0111318601728344
C15orf32,-0.0111966211466029
OR4C3,-0.011248720538918499
EEF2,-0.0113414736193031
PRAMEF9,-0.0114338695485268
UBR2,-0.011455438569613301
OR10G7,-0.0114635055769813
OR1E2,-0.01156856578647493
RNU11,-0.0115745846740167
SLC25A2,-0.0115756412825225
SCARNA1,-0.0116087476612186
BTN2A3,-0.011629429078023
SLC4A5,-0.0116725214446385
GLT6D1,-0.0117491805255048
FAM182A,-0.011756541413653801
IL4,-0.0119006979148867
PAX4,-0.011936542731002999
OR6C75,-0.0120292103501884
OR8H2,-0.012056185888716202
OR4L1,-0.012068348029252898
OR8D1,-0.012116704450959699
SNORA45,-0.0121201204052775
C20orf4,-0.0121352479367823
OR14I1,-0.0121783436862765
CATSPER4,-0.012181117341484601
OCLM,-0.012244452706203501
OR9I1,-0.0122455869717345
ASCL3,-0.0123768959654004
TECTB,-0.012413683844210502
MAP1A,-0.0124326602866922
POLR2J2,-0.0124427393761634
VSX2,-0.0124486014975657
SNORA69,-0.012460625070012001
OR52B4,-0.0125203563952719
OR51V1,-0.0125363664004862
ZSWIM2,-0.012574954685868691
DEFB107A,-0.012675638912448401
KRTAP5-8,-0.0127356200417521
RPS26,-0.0127677124557657
NCRNA00032,-0.0127866171255983
VN1R1,-0.012793969798444601
FAM106A,-0.0127990379151836
PNLIP,-0.0128658996872338
BARHL1,-0.0128938783728826
ANP32D,-0.0129033548514479
C4orf37,-0.0129059609416074
SSTR4,-0.0129154018500643
NCRNA00171,-0.0129252325528132
SNORA46,-0.0129303462870018
POU4F2,-0.013082037591463733
RPGRIP1L,-0.0131508842943551
CTRB1,-0.013210231014919
SALL3,-0.0132597950654512
HMGB4,-0.0132600568999389
C10orf96,-0.0132802905790252
OR2C1,-0.013281137895635299
SNORA78,-0.01333314562573
SNORA77,-0.0133732496919455
FAM154A,-0.013529200129045932
CCDC76,-0.0136838278453623
SPACA5,-0.0137217673392414
LOC146481,-0.0137224160834313
MYL10,-0.0137642204866647
POM121L2,-0.013790777972823902
SMR3A,-0.0138239602531555
LOC339240,-0.013861994984243092
C12orf50,-0.0139334314351036
PDILT,-0.0139759606753886
SPACA1,-0.014001688062361798
psiTPTE22,-0.0140963426446139
TMEM30C,-0.014106918238164408
ACTRT2,-0.0141523676857957
OR4D5,-0.0141536051614989
SLC22A13,-0.0142234260250018
LOC100133893,-0.0142718608226703
HPS1,-0.0143476874031859
CCDC54,-0.014450471996103699
PRSS54,-0.0144710431465704
WDR81,-0.0144729458749572
MAP3K15,-0.014476883615905302
VSTM2B,-0.014477560344775101
TBC1D28,-0.014518833647808298
STAU1,-0.0145309020185623
AQP12A,-0.0146277627449985
OR4K15,-0.0146497463553582
BIRC8,-0.014701915537134298
FAM138E,-0.014721578755735345
OR7D4,-0.014772913760650899
SCN10A,-0.01481186676786999
OR4E2,-0.0148697290720038
SNORA59B,-0.014927670487245798
HTN3,-0.014946046271453699
SNORA26,-0.014949155254658997
TMEM145,-0.015183860198051702
OR9Q1,-0.015276123560082
ABCB5,-0.015305165607083797
CST8,-0.0153255981509044
OR5V1,-0.015361264543324999
LOC650293,-0.015399486243597198
ZNF155,-0.015433423785918601
OR10H2,-0.0155532040607671
FRG2C,-0.015655592072426477
FRMPD2L1,-0.0157339811842818
SUPT3H,-0.0157630372363949
DEFB119,-0.015817002367498403
HAPLN2,-0.015833536824542898
GK2,-0.0158500531436513
PER4,-0.0158673687311442
OR51G1,-0.015903647041879
LOC220594,-0.0161173487886769
ZKSCAN4,-0.016203761470416002
GTPBP5,-0.016242015153014197
TAAR6,-0.0162545182832355
C5orf48,-0.0163251367303298
SCARNA9L,-0.0163405716175587
AVP,-0.0164067867072772
COX8C,-0.016508566857150304
LOC285847,-0.0165976639731492
GLP1R,-0.0166313410860272
OR2L13,-0.0166535638059439
C21orf54,-0.0167301453379618
OR6N1,-0.0167441549770931
C19orf34,-0.0168658642196572
KRTAP10-12,-0.0168938149648102
ZBTB9,-0.0169459922360823
CER1,-0.0169641742809514
CCBL2,-0.016996234584850802
OR4K17,-0.017007407112602
PCNAP1,-0.0171036629379658
CHAT,-0.0171481659296914
GTF2H2B,-0.017232560057358598
CCDC27,-0.017290176983486602
CELA3B,-0.017418147017645505
PAR4,-0.0174285371604877
GPR22,-0.017506578270037203
OR8K5,-0.017508761542031202
RFPL2,-0.0175090218254387
ASFMR1,-0.0175393292157457
PPP3R2,-0.0175974638183963
LOC100128573,-0.0176067994370016
SNORA71C,-0.017659084850372698
OVCH1,-0.017710605623730197
SMG6,-0.0177723975997288
GOLGA2P3,-0.0178344012886326
CYP2A6,-0.017872389551698203
GPR112,-0.017914365695154
SNORA63,-0.018075328984553406
OR51B6,-0.018106094891276
TRIM49L,-0.0181766064355674
SNORA71D,-0.018180019546133002
SNORA84,-0.0181925831301823
OR8B3,-0.018361370382443298
OR1N1,-0.0184396421810763
KRTAP4-11,-0.0184790035302672
PAFAH1B1,-0.018553609526289736
KRTAP7-1,-0.018563833789067404
ARGFX,-0.0185840610063052
CYLC2,-0.0186222237090093
RUNDC2C,-0.0186366828309532
PRB4,-0.0187288876350242
PRR4,-0.018801065858168202
SNORA25,-0.018808325865504502
GIF,-0.018867612191159
CTRB2,-0.018870220259712
OR4X2,-0.018904877000802598
GJD2,-0.018988200922557097
CDH9,-0.019073843586744
SNORA15,-0.0190750624174264
MYH8,-0.0191356184389919
TCP10,-0.0191403045809812
SCRT2,-0.0191621177382474
OR2B3,-0.0192058602314004
HPYR1,-0.0192257503713118
OR13D1,-0.019305922062458097
C18orf20,-0.019349111513503704
KRTAP12-1,-0.0194050194860809
HCG11,-0.019442818454973698
SCARNA3,-0.0195689818919925
POU1F1,-0.019597098430027
HULC,-0.0197354922323362
C22orf45,-0.0197984134173817
NCRNA00114,-0.019923519394899905
HTN1,-0.0199834076464698
OR1C1,-0.0200134781591031
FAM180B,-0.0200179114991519
LCE3C,-0.0200517566705035
TAS2R8,-0.020065091750817703
GOLGA6A,-0.0200943991355795
CCDC144A,-0.0201033159531088
CA6,-0.0201651612694857
ARR3,-0.020367041524228
ARHGDIG,-0.020407999071744
USP17L6P,-0.020449446068119003
KRT20,-0.0206001271200551
LRTM1,-0.0206714687187876
SHOX,-0.020724887826424322
SNORA13,-0.020819396655326797
OCM2,-0.0208731021040609
OR10V1,-0.0209370091772219
HIST1H2AM,-0.0209937550856868
LOC643486,-0.021003916478966503
TTTY9B,-0.021050335607698402
LOC286238,-0.021120669719708503
FAM153C,-0.0211311037965133
AMAC1,-0.021132630390744297
LOC285045,-0.0211708937815258
KDM4DL,-0.0211940008812944
ARL17B,-0.0212169559799034
PRSS48,-0.021279095685078585
OR13C3,-0.021346799055303803
TNP2,-0.021379973661514
HTR3D,-0.0213914971237495
FRG2,-0.0214087001812689
RNASE11,-0.021499489681921204
APOA5,-0.0215786843309287
LACRT,-0.0215808610321173
C6orf25,-0.0216284865154592
SYNPR,-0.0217716329417455
LOC360030,-0.021813330447799803
MTRR,-0.0219995876487866
NPBWR2,-0.0220120439007057
SNORA10,-0.0220909647942142
ATOH1,-0.0222067102064301
NXF2B,-0.022233808331321
SULT1C3,-0.0222558651433453
SHBG,-0.0223804082931267
DAOA,-0.0224935428635437
OR7E37P,-0.022508568205037896
OR56A4,-0.0225639465197445
C11orf34,-0.0226708608314238
OR10G4,-0.022681033303641497
PRR21,-0.022747280484959203
OR2T4,-0.0227659728942346
C16orf92,-0.022770440115901
PLGLA,-0.022865504635414
DEFB104A,-0.0228952297232814
PRO1768,-0.0229100691533535
OR4F4,-0.0229211924885334
NOBOX,-0.0229349841529273
GTF2H2,-0.0229521048810341
HIST2H2AA3,-0.0230310094271046
MORC1,-0.023155777192942498
REG3G,-0.0232058490850607
CCDC38,-0.023212068059445305
PSKH2,-0.023229246768472902
OR2T5,-0.02332793486984
GPR148,-0.0234087013711871
IFNA14,-0.0234143931219027
C10orf53,-0.0235552839732555
SNAR-B2,-0.0235686832921006
RBMY1A3P,-0.0235722338665803
LOC151658,-0.0236177847290164
EPX,-0.023634906252408997
GHSR,-0.023661692943694704
GALR3,-0.023711721168849998
ST7OT2,-0.023777393973152594
LOC646627,-0.0240102032360096
RNASE9,-0.0242726751923344
LOC392196,-0.02428290525321302
LOC254312,-0.0243195191482366
STH,-0.0243322906470012
TTTY8,-0.0243790267087005
IER2,-0.0244214729321442
FGF8,-0.0244823188180623
CUX1,-0.0245026805812468
OR2A14,-0.0248295697903293
CD2BP2,-0.0248369833953711
ANKRD34C,-0.024844520721933102
MAGEB4,-0.025234507312276
C7orf71,-0.0253605971069197
OR2T10,-0.0253778797799788
OR2T34,-0.0255974011426009
FOXD4L6,-0.025616756084547502
LCE3B,-0.0258076942858151
PRAMEF2,-0.025845486974448002
SKINTL,-0.025868990590822198
?|442388,-0.026097160673196697
FEZF2,-0.026148877670571898
ODF1,-0.0262494410532026
SNORA55,-0.0263007014883898
EDN3,-0.0263508130263927
FLJ46361,-0.0264013779997416
PAX7,-0.026422713910179998
C17orf78,-0.026521145885278402
NCRNA00164,-0.0266311017551744
OR2AG1,-0.0266633541112435
KRTAP5-6,-0.026736995591454496
CYLC1,-0.0267525791018436
OR2D3,-0.027010972570802802
PRR23B,-0.027152199504358
CRISP1,-0.0272901320697514
FAM47C,-0.0273537278333476
OR51I1,-0.0273953214327709
POU3F3,-0.0276583168443042
SLC36A3,-0.0277815790675622
CA1,-0.0277970977749457
CYP3A43,-0.0278082694059346
TAS2R50,-0.027822191002043202
DPEP3,-0.027839005206423403
OR4F29,-0.0278399218149131
C22orf42,-0.027847286016826803
UBE2U,-0.027857231184901698
C3orf49,-0.0279347015487534
?|728788,-0.0279531025842747
SLC22A7,-0.027999155939975002
REG3A,-0.028055901688648698
SNORD94,-0.028102326059492595
HIST3H3,-0.028246757081166796
PROK1,-0.028283927883164
SPRYD5,-0.028291588333727306
TERF2,-0.028305835967213203
SLC6A18,-0.0284528693521774
ARSK,-0.0285527086508441
SNORA2B,-0.028574963656380598
MYH4,-0.028706094197986597
C11orf42,-0.0287412843624181
SNORA21,-0.028746770166600804
OR4N5,-0.0287907602187558
OR10A6,-0.0289435452807624
PRM2,-0.029022516908971795
SPINT3,-0.029024995383349995
CFLP1,-0.0293529623106754
MLANA,-0.0295139882522769
PLP1,-0.029638155789579602
PCSK2,-0.029686736111379602
LOC100130148,-0.0296975216371707
GPR6,-0.029725199874919804
KRTAP9-2,-0.0298264199410574
CCDC122,-0.029889506623040903
SPZ1,-0.030095837421864297
TSHB,-0.030107375640763403
KRTAP10-1,-0.030318140853644898
HAND1,-0.0303807176230001
NXF4,-0.0304538983387232
C14orf177,-0.0307890584156673
KCNJ3,-0.0309035582747567
RNF113B,-0.0309155659507862
NCRNA00203,-0.031067730088148497
OR1K1,-0.0312985084571996
OTC,-0.0313483389178312
LOC286094,-0.0314621882099228
PITPNA,-0.031490224263048795
C22orf33,-0.0315884867117983
FOXD4L5,-0.03159933198847
C17orf105,-0.0318745714981909
OR5AK2,-0.0319692112619483
AMELX,-0.032006092880368195
TPH1,-0.0320404993589844
LIPF,-0.0321087225580554
FAM71C,-0.032133341678854996
LCN9,-0.0322560905740934
OR2A5,-0.032493565604069595
SCRT1,-0.0325499249102084
ODF3,-0.03276983598524651
SLC9A10,-0.0330101097100623
SNORA16A,-0.033050263859617096
IQCF2,-0.033218381381555
KIRREL3,-0.0333539401919819
PPAN-P2RY11,-0.0333935804233039
PRO0611,-0.0334608312193409
MRGPRX1,-0.0335204507479715
SNORA22,-0.0336201854186091
USP17,-0.0338216218310794
OR6C3,-0.034113434434534504
PRR25,-0.0341262679970659
OR5M10,-0.0342339766643721
SLC17A1,-0.0343123131329641
PLK5P,-0.0344064319063926
SNORA9,-0.0344567421506248
C1QTNF8,-0.0348321352468374
?|26823,-0.0349634041227572
FAM66A,-0.0350159170802646
OR4D10,-0.035121034535091404
OR6N2,-0.035355501933369
MTVR2,-0.0357403893601057
LOC284009,-0.0358879757362731
CYMP,-0.0359125977361369
C10orf120,-0.035957460413735806
OR51I2,-0.0359575167040406
C19orf75,-0.0362442678931429
ADIPOQ,-0.036244369942027
ACCN5,-0.036255796539755206
HBZ,-0.0363387616737045
WARS2,-0.0365051606743468
PRSS55,-0.0365571180263842
OR2T3,-0.036940975448396696
LOC100192379,-0.037031202121542206
KRTAP5-3,-0.0370674134469854
LENEP,-0.0371237239907459
IQCF3,-0.0380384224862938
FLJ42393,-0.0380878056550192
TMEM202,-0.0381506686239374
DKFZp779M0652,-0.0381940050239189
GDEP,-0.038203609048000395
CXorf27,-0.038245673615368
PDYN,-0.038260480914768
GDF2,-0.0383358634417564
RNASE8,-0.0388058609716456
SI,-0.0389246563255713
NXF5,-0.0392395582138793
C9orf106,-0.0393225328337626
OR2K2,-0.0393346257136037
TAS2R13,-0.0393742343198984
GOT1L1,-0.039380926082362995
CDRT15,-0.039381360828443596
VHLL,-0.03948360182940481
C15orf43,-0.0396959170838937
PRAMEF1,-0.0398122773622738
CRYGB,-0.0398212691932475
SEBOX,-0.0399587206878627
SLC26A3,-0.0404932494462383
LOC162632,-0.04069526961527609
SPINK14,-0.040795396135562496
LOC100128811,-0.0408103202934834
PRR23A,-0.04116667763154801
ZNF549,-0.0411857032325271
RIPPLY1,-0.041241131652901594
CITED1,-0.0412681411673612
OR2AK2,-0.041281571061784206
OR9G4,-0.041306135431950705
LOC388428,-0.041382406066656
IL31,-0.041409167169859096
OR7D2,-0.041448129401244496
PRAMEF16,-0.0415302560323848
ACTL7A,-0.0417236779265272
SLC10A1,-0.0418255435371877
CXorf59,-0.041997949090739395
AGXT2,-0.0420222796454888
OR6K3,-0.0420420514417585
HIST1H1C,-0.0420482874117681
GHRH,-0.0422449822977598
C20orf123,-0.0423203085215307
A4GNT,-0.0424565710858468
LOC653544,-0.04246820868289221
ARL13A,-0.042595387082984104
KCNK18,-0.0426375728224362
TIGD7,-0.042804748201229294
SNORA14B,-0.042934425942237696
ANTXRL,-0.042971406456652005
IMP5,-0.0430261128154485
C15orf5,-0.0431454747785919
PROP1,-0.0432183212748719
SCARNA21,-0.04326509100360099
KRTAP5-7,-0.043770533124715495
HTR3B,-0.0440585067201731
SNORA34,-0.0440742182526173
C3orf22,-0.04412704900074389
FIGLA,-0.0442041272624937
NANOS2,-0.0442067288882621
UBTFL1,-0.044311093373637096
OR52H1,-0.0443473717928528
CXorf51,-0.0445015507796051
C1orf94,-0.0445983313585265
GABRA6,-0.0450835623223459
CLDN22,-0.045264254423910896
PSPN,-0.04528732054244
RGS8,-0.0452895943186923
VN1R5,-0.0453881858964571
GPR101,-0.0454089070696064
GPX5,-0.0456076054320315
C4orf51,-0.045625985696557306
TMEM179,-0.0458769496674859
OR13C5,-0.046214366853307695
FLJ25758,-0.04624119632761911
KRTAP13-1,-0.0463499359782235
FAM106C,-0.0466366941164145
FTLP10,-0.047243905195402294
TSGA13,-0.047282778693577
NCRNA00051,-0.047373869483022704
C15orf60,-0.0473917798143382
CYCSP52,-0.047410735991727904
ZPBP,-0.0475201467867915
CDH16,-0.047631792988367005
PSORS1C3,-0.04774537786401441
OR7E24,-0.0478235599417448
OR13C2,-0.0479485828476216
TBX22,-0.0480918128318196
SLC17A2,-0.0481060300013516
CRYBA1,-0.04834660537858931
KRTAP13-2,-0.048670862997669206
CLCA1,-0.04903530422496
LIM2,-0.0491265258511384
H1FNT,-0.0491396652512092
C12orf12,-0.049154764078788105
LOC144742,-0.0492265937218587
LOC285194,-0.04937790874692499
FKSG83,-0.0494731118795458
LINGO1,-0.049725210034266304
USP17L2,-0.049957463955356496
PYDC2,-0.050103170620117
REG1B,-0.0504003752755276
LOC389332,-0.0507096957674142
OR10S1,-0.0509502335490468
FAM138D,-0.05118876335994121
LOC148145,-0.05123815210026619
POU5F2,-0.051298481079617
OR52B6,-0.05134390557931459
FGF22,-0.0513816672562066
SLC6A5,-0.05143773170582681
GSC2,-0.0514446689731282
NPY2R,-0.051637845506990895
MS4A12,-0.0518304317924054
CHRNA2,-0.0524283830091712
OR6A2,-0.0525684618746015
SLC7A13,-0.05269411253460931
NKX6-2,-0.052735803177911794
ZNF322A,-0.052970443938442996
CHRNB3,-0.0531834802493053
LOC126536,-0.053365260668761
FAM74A1,-0.0536611182897805
LECT1,-0.0538062055990619
FAM136B,-0.054099590924940495
LOC100128023,-0.054289953388763
KBTBD5,-0.0543438973166191
TRPC7,-0.0544350752270362
LOC150185,-0.0545261326009013
HELT,-0.054785794872072996
CYP4A22,-0.054850009718668394
KRTAP5-11,-0.0549756296540828
SOX1,-0.0552634442866563
C7orf45,-0.055468942471294996
MEG8,-0.055702353962822894
LRRTM3,-0.0566372144574213
CCT8L2,-0.0567992491052528
OR52I1,-0.0572463322948207
SORCS3,-0.05762361736582829
TMIGD1,-0.0580557871083118
FAM90A7,-0.0581001226935264
KRTAP9-8,-0.0581061544007474
ARMS2,-0.0582684955297694
MAB21L1,-0.0582811023918343
SDC4P,-0.0588012760941804
ZNF536,-0.05910066989576959
NXNL1,-0.0593146870819566
SNORA76,-0.0597132070560539
C14orf183,-0.0597306036644199
TPPP2,-0.0601517514544651
LRRC3B,-0.0602337902037258
AMAC1L3,-0.0604719105829129
BRS3,-0.06054187686101249
TRPC5,-0.0611324047733611
CXorf1,-0.0625633819549568
TSPAN16,-0.0637588778259
ADAM7,-0.0640010428941637
ACCSL,-0.06439286074002379
KRTAP4-2,-0.0644482904120643
DNAJC5G,-0.0648569485180929
DEFB124,-0.06492427578037069
MRGPRX2,-0.0652062641198667
GPX6,-0.0654637660248309
SEPT12,-0.0657865743473733
SPINK9,-0.0670766344071926
C8orf12,-0.0679276685072694
FAM123C,-0.0686674074389268
LOC285627,-0.068916906974287
C5orf60,-0.0702467149667399
PDE6C,-0.0708631661305788
CYP2A7,-0.0712842604941963
OR13J1,-0.0712999332695059
PRAMEF8,-0.0726625899419211
C21orf131,-0.0727060895046501
KRTAP9-4,-0.0731420683490476
LOC415056,-0.07615347053469501
FOXB2,-0.0770276918345521
ZNF645,-0.0773067725768087
OR5D18,-0.0775387417653155
GSTTP1,-0.07813646248100779
C6orf146,-0.0792278956610213
OR6T1,-0.08045758735402861
C4orf45,-0.082947999835155
TRIM48,-0.08333285953442589
CRHR2,-0.0851770559898036
PABPC1L2A,-0.0883966249434617
SNORA62,-0.09217945052218089
LECT2,-0.0928950383010459
CLRN1,-0.0933461513936004
A2BP1,-0.0941838372113712
ACTL7B,-0.0946574061881074
GPHB5,-0.0953398741966927
TRIM49,-0.09548348449223419
OR2A2,-0.0960116267958234
LOC729609,-0.096174747968411
NCRNA00175,-0.0964483494374834
PABPC1L2B,-0.0984771649377105
GABRG1,-0.100515661607039
PLCZ1,-0.1011906225388381
OR52D1,-0.1049296952009668
DMRTC1,-0.1075399029977358
GSX2,-0.1084510689176164
ZCCHC16,-0.11322395278236201
AAA1,-0.1185996356208904
RP1-177G6.2,-0.1681320267701823
