Gene,Importance
DSG3,0.6640860568094358
KRT5,0.6604272408777652
LASS3,0.6423142842277507
DSC3,0.6335389980276173
BNC1,0.6285788417880802
S1PR5,0.6130256397647263
CALML3,0.612242291618014
CLCA2,0.6031685706191566
SERPINB13,0.5922470884877087
TP63,0.5833018250984026
KRT74,0.5757075013916709
PVRL1,0.5677202590759334
IRF6,0.5618265313825667
FAT2,0.5472268608710922
LOC642587,0.5286957553472087
CSTA,0.5256756497918063
KRT6C,0.525005665964957
DAPL1,0.5209467458959031
TPRXL,0.5179780369268775
KRT6B,0.5130034707401323
JAG1,0.5092077176644448
PERP,0.5055292280305295
VSNL1,0.5053664393939391
KRT6A,0.4842741203892829
C10orf99,0.4769170360621898
ATP1B3,0.47381624422451124
KRT17,0.47248013948560047
RAET1L,0.4720780225426399
A2ML1,0.4713089948343411
NTRK2,0.4711695176957597
KRT31,0.46721706861878104
TRIM29,0.46575534247813594
PARD6G,0.4644588076754777
GPC1,0.4609311404723923
FAM83C,0.46091224301846745
KRT13,0.4605550568795917
PKP1,0.4604167078023282
ANXA8,0.4587144883141748
BMP7,0.45757091176719766
COL4A6,0.45285175541147815
C3orf21,0.4511027665919208
DQX1,0.4507644146465797
GBP6,0.4497270715891805
HR,0.44963853061111453
KRT14,0.44908491677693035
WFDC5,0.4436594978571607
C12orf54,0.44260096421519957
HNF1B,0.4391819121074668
HOXD11,0.43877421106329023
FAM181B,0.4366118481303725
GJB5,0.43621153251798733
P2RY1,0.43520258335176937
ODZ2,0.4340883892781785
FAM83B,0.4333825201007162
DDAH1,0.4315133271078053
ADH7,0.42897106335443785
SNAI2,0.4289685042658623
KRT16,0.42720062662747865
SPRR2A,0.4262098471882444
TMEM40,0.4242306728526458
MICALL1,0.4238106190992508
DLX5,0.42183477245410905
ADAM23,0.41993918716933926
EPHA10,0.419510779940939
SH3BP1,0.4192534075563083
CELSR2,0.4191565663361958
GABRQ,0.41764859477339195
ABCC5,0.4163913821415637
DENND2C,0.4155892192789391
RBM47,0.414260850741477
RGL3,0.4141200064017124
TMPRSS11A,0.41327742813990725
SERPINB5,0.41289671332138717
SERPINB2,0.410892692860804
CAPNS2,0.41071777169110907
ITGA6,0.4078820625148226
ZNF488,0.4062590969227584
TMEM189,0.40579748764426093
SLC6A8,0.40532413490536706
S100A2,0.40515714402596553
SLC16A1,0.40412899722091056
STARD5,0.4040870909705167
CDHR1,0.4033831254106541
TMPRSS11F,0.4029796473410074
RORC,0.40201188032625884
AP2M1,0.40182710131405597
TBCCD1,0.39839717157087956
KCTD1,0.397964223939793
COL7A1,0.3965716544812293
KCNG1,0.3958654229023827
PNCK,0.3954365535124372
LONRF3,0.3948190778282973
USH1G,0.39257881057236327
SLC6A15,0.39205141373075003
MCC,0.391710773213024
ATP11A,0.3892231453706096
HAP1,0.3891121589998744
LOC100130933,0.3881899220393061
PTPRZ1,0.38807175185945425
ARHGEF38,0.3877032380622616
CGN,0.3873905391617079
BICD2,0.38714928871237775
ACSL5,0.3869138354147551
TMEM117,0.3866876167901062
IGSF11,0.38624084349879445
ST6GALNAC2,0.3861909503165368
CLDN3,0.38553094825713063
STON2,0.3847747218856731
TMTC3,0.3846203235490562
RHCG,0.3841395430129342
GPR39,0.38361711595136516
PTHLH,0.3836060915084528
KCNK5,0.38323239423120614
ARRB1,0.38256611986703354
GABRA3,0.3820344969869005
BCL2L15,0.381719553164012
SIAH2,0.38064722734405737
DLG1,0.3803049337315488
ICA1,0.37899302988987066
TMEM125,0.37775299174116767
KCTD15,0.3760491607112542
USP31,0.37538963178348916
ALDH3B1,0.37523747901146814
SPDEF,0.37502992852481604
TMPRSS11D,0.37446313264725484
MAPKBP1,0.3740909818940803
DVL3,0.3740845309717475
ARTN,0.37401056328771554
C17orf28,0.37274908132178375
CLCA4,0.37162565516119767
FOXD1,0.3708815888331313
NMNAT3,0.3703322062721252
C17orf99,0.37021217239280996
CHRM3,0.36977864993762444
PLAC2,0.3694075499484681
KCNQ3,0.369312715553687
SPRR2E,0.36909843613186694
SOX15,0.3689742912832034
ANXA8L2,0.36881551171970905
SLC39A2,0.368694556409395
RNASE7,0.36846158342669877
GOLM1,0.3668080928632018
STK32A,0.36612857181874414
SLC9A3R2,0.365435976202545
GOLT1A,0.364728875555898
NKX2-1,0.3644489693957416
EFNB1,0.3643954972679238
GRHL3,0.36363087636540115
FZD6,0.36263272554696774
FMO5,0.362262243569328
GABRR1,0.3618968451222571
CD2AP,0.36112681618817694
COL4A5,0.36103484184247636
RAPGEFL1,0.3604817738923788
C3orf54,0.35875867972391673
LGALS7,0.35851426436906925
YEATS2,0.3584404659933191
MLPH,0.35780486676523926
KLHL13,0.3577565445580923
PGAP1,0.3567809945355953
FANCE,0.3561486402211276
SLCO1A2,0.3561185181649913
DLX6,0.3549544784800222
OCLN,0.3549447033685511
MUC1,0.3548695344968525
DLK2,0.3548626240791834
RNF168,0.35449196989708837
LIMK2,0.3539891650343105
SNTB1,0.35395516698636265
RNF217,0.35287073339519226
TOX3,0.3527627491206739
S100A7,0.3519744677560372
FOXE1,0.3519200684606391
GJB6,0.35088934883219924
LMO7,0.3508556725393862
RBP1,0.3504046400108882
FRRS1,0.3499873006580109
KC6,0.34944421777647755
SESN3,0.34887344787776287
SLC2A1,0.3487264290304354
SPRR1A,0.3484299035459243
MARK1,0.34836929440029474
E2F7,0.34730830405360225
ACOX2,0.3463514657083605
LSG1,0.3461154845969359
LOC100129034,0.34429592282715543
SMPDL3B,0.3438510377905609
COQ3,0.34325184418400756
KRT15,0.3422492667378731
WDR72,0.34209484926425376
PRR15L,0.3419035433249128
C9orf152,0.34135884550656004
EN1,0.34132299312611014
SFN,0.3412891608485647
LPIN2,0.3395954548598064
FBXO27,0.33952191841316337
PCYT1A,0.3392402356350504
LYPD3,0.3379596481625673
GNA14,0.33736495548429113
HDGFRP3,0.33717301462617305
ST3GAL5,0.3368973152369272
NXPH4,0.3367107446829839
PLD1,0.3366775094409507
SKP2,0.3362054842964319
FOXN1,0.3357043202099643
CD9,0.33510211224913167
OXGR1,0.33467643713272777
DGKA,0.3326884802949135
PSMD2,0.33245180420365433
CXCR7,0.3314684728353547
ACAP2,0.3314638449409306
TMEM63A,0.3308555481341513
PLEKHA6,0.330605629583959
FBXO45,0.3303505648737853
QSOX1,0.33033033802551476
ABCC6,0.32933079918737324
TRA2B,0.3290314985857251
PNMA2,0.32850831597746705
FST,0.32813415327986234
UCN2,0.32791416479834223
CAPN8,0.32758486718353474
FYTTD1,0.3274747854219829
GJB4,0.3268306208396559
TSLP,0.3267175735907944
CRKL,0.3266390306683956
GLOD5,0.32588134760645626
LOC440173,0.32575312487523356
FRMD6,0.3256575862762744
STAR,0.32550001632392955
ATP11B,0.32494561330156346
SUCLG2,0.3248084891967343
NUDT11,0.32472692682745596
PGM2,0.32418372516795485
FGFR2,0.3240809979601635
C3orf58,0.3238672941644872
TRPV4,0.32371425709979423
SYNGR1,0.32362044764238534
CADPS2,0.323469601290655
MGRN1,0.32316250206194486
SFTA2,0.3228302915364845
MBIP,0.32257812131966856
ACTL6A,0.3222047082940978
C15orf41,0.3220108254894044
SEMA3F,0.32179062642287043
CYP2S1,0.3215301669794925
TESC,0.3211568215029173
PRIMA1,0.32114157268011617
RFC4,0.32064551215435294
HS6ST1,0.3201674637049363
DMRT2,0.3192117085403371
JARID2,0.3190264378055081
BSPRY,0.3188562507570031
GAL3ST1,0.3186503171248431
DSG1,0.3181181515512704
LPCAT1,0.31803030649775454
ABCF3,0.3178895278728442
PAPL,0.316893106980355
FLJ90757,0.3162511480639266
MRAP2,0.31608186816568534
FJX1,0.3159390619475866
CEACAM6,0.31527638373135375
DLX6AS,0.3143836701931394
BCL11A,0.31430232779701595
ERBB3,0.31425213463240537
PLCH2,0.3141871595771141
RARG,0.31411735619056397
SENP5,0.3138052713573886
HOXA1,0.3131291040018238
FAM84A,0.31258958235888235
GFOD1,0.31205652232369585
ZDHHC9,0.3119466791324308
TMC5,0.3118774821200126
C1orf210,0.31153880361108593
HES2,0.3110482486204189
KRT9,0.310873104064264
SLC6A2,0.3103244005356745
SLC41A2,0.3099709210769522
SNX31,0.30979480226847905
LRRC31,0.30940314119558365
NDUFA4L2,0.3092576334429826
ABCC6P2,0.3088450998330204
PIGX,0.3082047015826759
BTBD11,0.3080337471716411
HRAS,0.3074748402471912
HOXA13,0.3074427967079721
ZNF385A,0.3069849544185089
CPA4,0.30672909197460857
PTDSS1,0.3064723885747103
C4orf34,0.3059306065111567
GJA3,0.3055003956098373
LGALS7B,0.30527954154404247
NRARP,0.3052315896076405
LPAR3,0.3047096296108438
TMEM150A,0.3046089103720121
IRX4,0.3042354438069004
C15orf42,0.3038905963235078
ABCC6P1,0.30353577964876105
KRT75,0.3035265599035609
BEAN,0.303513459099046
ZIC5,0.3033728069502238
ANKRD57,0.3030098830067047
WNT2B,0.3025501550731981
ARHGAP23,0.30251671943059716
FSCN1,0.3024878328869399
FAM131C,0.3016465825730054
RSRC1,0.3005451523457768
C12orf56,0.30020212882698066
FXR1,0.30014340134550677
TPCN1,0.30014317572939797
DST,0.3000306559076263
PAK7,0.2999162192403448
SERPINB7,0.2997692641932874
FAM83F,0.29963127493415326
NKAIN2,0.29953619375432294
PARL,0.29947581418001096
C16orf74,0.2993560645590261
IQCD,0.2990870017131961
LGSN,0.2986850979387663
PTGFRN,0.29849159553174204
TFRC,0.2980451849534445
PPP1R9A,0.29777780274636134
RPS6KA2,0.2977704978360862
PLCH1,0.29755359774286283
NFE2L2,0.2972305215787658
VSTM2L,0.2965563144199067
C9orf125,0.295835871506978
ABCC3,0.29545512608017216
GALM,0.29383040124147836
LOC440925,0.29367826145660675
CCNJL,0.2932160702608026
S100A7A,0.292879447986429
RAB19,0.2918828478086848
ALOX12,0.2918553090040172
EFCAB4A,0.29181236044869724
DPP4,0.29146693795968576
KRT18,0.2913216618772757
ZNF639,0.29104667669670636
ZFP64,0.2908812974820202
TGM1,0.2905354747256181
SPRR3,0.29014971862465955
BTBD9,0.29013482132174945
DCUN1D1,0.29010032657365664
OPA1,0.2899905853948272
PREP,0.28993151190695976
SOX2,0.2895443532825291
C3orf23,0.2893622069225277
NGFR,0.28934122545639723
SMO,0.2892349071462382
ARSE,0.2892339949837989
C17orf55,0.28915250630408507
MCM2,0.2891481266130917
SLC44A4,0.2890526626359215
KPNA4,0.28895347905141755
CENPW,0.2889506235679671
ALPK3,0.28890067211010745
FHOD1,0.2883920148838962
JUP,0.28838179841589673
HOXD13,0.28803204357206486
SGMS2,0.28797663016048686
LIMCH1,0.2876811117668295
NAA50,0.287600861207528
SH3GL3,0.28732956383459984
CSDA,0.2866628883570559
PITPNB,0.28634462899336943
ERGIC1,0.28627140050305566
PI3,0.2862234677138103
KRT34,0.28574221163189434
CACNA1B,0.2845600804852285
EPCAM,0.2840437381717045
ELFN2,0.2835111476380379
ARL4D,0.2835006595693351
TPD52L1,0.2832508434069854
CDCA4,0.2831948764666687
ENPP4,0.28291836455142194
DYNC1I1,0.28252317238236174
SLC5A12,0.2824801041647308
FAM83D,0.2824618722773906
KRT7,0.2822042976382149
FAM107B,0.28209119842601693
LIMA1,0.28180569537152
FXYD3,0.28162442094582196
TP53AIP1,0.28106106890886384
PRNP,0.2810313336692307
RNF186,0.2808143306334016
NIPAL4,0.28074828922856865
PPP1R14D,0.28073073516712177
SPRR1B,0.28058487689106004
HTR2C,0.28049073519001655
UGT1A6,0.2804339459228095
PNKD,0.28040151647574824
BLCAP,0.28033276438663896
SLC9A3R1,0.28027238530093807
RAPGEF2,0.2794755552230967
XG,0.27872533331630495
PLEKHB1,0.2786501345864858
TMEM92,0.27857460499195413
TRAF3IP2,0.27791376869224954
FGFRL1,0.2777562366555458
SNCA,0.2776747898981768
TJP3,0.2773653793098415
GJB7,0.27720129582918984
PCDH19,0.27685401056009334
MAPK6,0.27646699244024103
MED12L,0.2763960247087989
FAM162A,0.2763116217157227
ZNF69,0.27624398386611837
RAPH1,0.2757616678907159
CCDC125,0.27548042446056176
RGMA,0.2749078102658452
REPS1,0.2748599178628323
NEK6,0.2741772892731127
PRDM11,0.27413652529393207
CNGB3,0.27407693091832613
SLC16A4,0.2735295026305049
WDR53,0.2734775712643909
LOC152217,0.27345235066965556
SDK2,0.273320968142913
MYNN,0.2732696259285175
DSC1,0.2731537756989025
GPR116,0.27299744951699234
GMPS,0.27292963468798614
LOC338651,0.2728978720833057
TNS4,0.2726391712626644
MUC21,0.2725152910649864
EPOR,0.27211195992239773
MAP3K4,0.2720837579642311
SLC6A10P,0.2720288273097164
ERBB2,0.2718110407018681
PADI3,0.27171195728339903
WNT3A,0.2715809960677821
CALML5,0.27152656564737815
PRICKLE3,0.2714668260785222
UST,0.2711752861734886
HSD17B11,0.27113403634103145
TMEM45B,0.27108866140406174
PHLDB2,0.2709815589535398
PAK2,0.2706192070058508
DLX1,0.27060854269581675
DUSP9,0.2705218310399598
SPRR2G,0.2702249681512884
TMEM62,0.27001716313073487
SERPINB4,0.2699032955265307
ABCA13,0.26942185694050214
DIP2B,0.2692057694561649
FRMD5,0.26915136662217615
HAS3,0.26893906519291455
MFN1,0.26863767096333374
NOSTRIN,0.2682945195559709
DNAJC12,0.2682330082721748
GLTP,0.2682094160816127
LRRC20,0.2681485045492708
IGSF3,0.2681153033194446
SFTA3,0.268030952439349
UGT1A9,0.26796042365707334
UPK1B,0.26785448368273296
D4S234E,0.26761006317114877
CEL,0.2674548566100504
MMP24,0.2674300404651808
GDA,0.2673631837169883
CLDN1,0.2671242777286172
TTL,0.2669144443068451
MAGEA4,0.26657693340078964
HGD,0.26638618411957693
PTPRS,0.26625864681761463
FSCN2,0.2658328580429997
CTSL2,0.26571858196071574
ARHGEF4,0.26515769102274905
SLAIN1,0.26499627612147386
SPRR2D,0.26486588827414054
MRPL47,0.2648139110347413
RHOU,0.26451639058670107
FABP5,0.26383057435970975
MRPS22,0.26355357262063417
SHROOM3,0.2634144781127324
HKDC1,0.26269374225556835
FAM43A,0.2622696893217039
C3orf34,0.26194854460678285
VANGL2,0.2619332329495365
RAB17,0.26186874265369253
PIK3CA,0.26186862259117216
PRTG,0.26183784873935695
IGFL1,0.2616933068404058
CD55,0.26166761341766664
SH2D5,0.26146182271933893
NRG1,0.2612480897787587
CHDH,0.2610088973294707
KCMF1,0.2609051534587775
PLA2R1,0.2608813873242229
EFCAB2,0.26082927413245305
TNFRSF10C,0.2605255847722467
FN3K,0.2604786753050318
FMO6P,0.26011794549260236
C3orf37,0.259456739444213
PHF5A,0.25939236009775574
RAG1,0.25926502044198607
EMB,0.25922721984601815
NTF4,0.25868844604750585
UGT1A7,0.25863421665129654
PDCD10,0.2584956274349413
FOXA2,0.2583207908460349
POLQ,0.2582533460081918
HEPHL1,0.25820497859901353
RTN4RL2,0.25819440118655257
SYT14,0.2580291242607778
ZWILCH,0.2576035232072552
MMP15,0.2574909377206434
B3GNT5,0.2573427274921986
B3GNT6,0.2570196154500718
CNTNAP3,0.25684436219024714
ME3,0.25617612449412414
ACVR1C,0.2561248613819741
SETD8,0.25580938225416827
TDRKH,0.2554774926824468
LARP6,0.2552520794806766
RAE1,0.255153525112648
LY6G6C,0.25497129196243074
CDH8,0.25487268566843285
CPM,0.25480845083274184
KRT77,0.254493921941594
RAD51AP2,0.2544809855699016
IPPK,0.25430173339029977
SBSN,0.2543002737772426
FGL1,0.2540528506235734
METTL8,0.2538165065299992
SLC2A9,0.25337864424675627
NTS,0.2533193118139024
CNGA3,0.2533082033122074
SPINK1,0.25327423708639946
DUSP11,0.25304426369354227
C10orf95,0.2528666992267478
UMPS,0.2525438485364668
CYB5R2,0.2525236558102211
SERPINB3,0.25243915416176
LOC149837,0.2524050043670478
B3GNT7,0.25226434155432415
UBXN7,0.2522553644291573
C4BPB,0.25225117596897945
SNCAIP,0.25213467184925
MACC1,0.2519275138636656
TMF1,0.25178680596246916
PRKX,0.2509327926795047
UBE2S,0.25072448463018465
KREMEN1,0.25072112754927484
TLE6,0.2505836922686501
SLC43A3,0.250537017789057
RANGAP1,0.2504567133454594
CENPP,0.25042923258886757
ARL6IP5,0.2503722187598547
HOXA11,0.2503667952913633
TUBA1C,0.2500545294289616
CHST7,0.25001192533039923
CD109,0.24997165139750005
TSPAN12,0.2498595140050771
ULBP2,0.24939190647095485
AHCYL2,0.24886477229054663
RNF152,0.24885392196077805
C11orf86,0.24858933496070693
TTC39A,0.24822077346395108
CLDND1,0.24796113941050985
DLX2,0.24795930376903985
CISH,0.24781612596391658
FNBP1L,0.24781039373279345
MICAL3,0.24759610783360125
ECE2,0.24744733004384348
DPF1,0.24742660254794685
RANBP1,0.24733322330320875
SP5,0.24725648538799358
LMO3,0.24719670462908308
CDC45,0.24686949325963392
TBPL1,0.24651832250433192
SLC37A1,0.24648504177298655
NHSL1,0.2464201069765456
GHR,0.24584057078845997
EIF5A2,0.24582771858679797
AQP7,0.24519976735134158
TTLL12,0.24481915821336744
C1orf116,0.24465169284488267
CD63,0.2446025897195655
APOH,0.24449170033410295
LLGL2,0.24445769147596308
EFS,0.24445298202384436
CDK6,0.24421927511377112
FBP1,0.24391617436257065
HOXD10,0.24356402296537505
NCAPD2,0.24323222865157235
RHOF,0.24320598075332245
FANCI,0.24304595566194495
GRK7,0.2429056884486403
EPHB3,0.24256325011776164
KPRP,0.24243851667443928
C9orf7,0.2424312990050872
TMEM53,0.2423917833093208
ABCC1,0.24237977756640078
UGT1A1,0.24229141777757401
CSRP2,0.242228666370037
RNF7,0.24211139744002594
CYB561D2,0.24165760157477212
NUP210L,0.24081591257972462
KAZ,0.24059159414797238
UBXN10,0.24048782877251754
TMEM8A,0.24042264832640003
TFAP2A,0.2404093767383062
FERMT1,0.24036892901179893
LOC401052,0.24006093336492598
NCBP2,0.2399859590796314
LYSMD3,0.23933933445575747
TESK2,0.23882390504526432
C1orf74,0.23864331419559592
ATP2C1,0.23822815746228276
SULT1A2,0.23822389728658983
FGFBP1,0.23818483398179743
COBL,0.23761113842011541
SH3KBP1,0.23741096494595934
EPB41L5,0.23719134425290142
DNALI1,0.23711759968945859
FEM1B,0.23658491528598424
FOXL2,0.236528551753757
UNC5CL,0.23640117611418332
CHRNB4,0.23626834291814267
CATSPER1,0.2362456654516763
FCHO2,0.23614060213457896
FZD10,0.23610864361156256
HECA,0.23604193450335909
EIF4G1,0.23575497617330674
NRP1,0.2355789768400742
REEP4,0.2353690599085012
FAM174B,0.23529569014906648
SOX2OT,0.23515886330199426
CRYAB,0.235132182744252
TSPAN15,0.23446323250319379
MCM5,0.23406158623136217
C2orf86,0.23376046229328407
ADM,0.23372193640145386
ARHGAP12,0.23334306441905703
XAGE1D,0.23334061418623375
SOSTDC1,0.23331575126568455
CSE1L,0.23307485048208187
EIF2B5,0.23292513145157911
CD46,0.23217779650279435
SYNE1,0.2319696401024495
MGLL,0.23158459566452214
TEC,0.231584137828401
STL,0.231524385941155
PTTG1IP,0.23143051960264335
EPHB6,0.23115952135782686
OIP5,0.23111416090120948
PRC1,0.2311098230040697
C3orf26,0.2310577828828058
BTBD10,0.2309875834599153
KRTDAP,0.23089176949317514
PRSS8,0.23074735929394646
C20orf72,0.2306858565864546
GPR87,0.23036278181202788
TRIM7,0.2297817446561543
LTA4H,0.22962843947335437
TMEM79,0.22955025224631126
TMED5,0.22945518950546795
KCNN4,0.22942623631216277
HEY1,0.22935943461611735
PTPRE,0.2292667581797245
KLHDC7A,0.22899119554617325
CDH15,0.22883492074755496
C6orf167,0.22881549011881946
OAZ3,0.22872028979782896
YPEL1,0.22868356572399337
TP73,0.2284069722255571
GJA1,0.2282966053367295
RMND5A,0.22805101261076557
SEMA6A,0.2277263587330614
KIF13B,0.22755216034678016
SENP2,0.22738745417444844
MVP,0.22738454261419913
MYO5C,0.2269958069228151
TPRG1,0.22678181074234052
TUBB6,0.22672982917113232
UCK2,0.22662086940610973
GINS3,0.22660683477841864
TLE2,0.22655054004171973
PON2,0.2265287424161492
KIF12,0.22642525975557654
FA2H,0.22636707594260627
HMGCS1,0.22635731448334945
CDKL2,0.2260109285688417
C3orf1,0.22585742721608493
C5orf4,0.22576248440484425
TET3,0.2254929988563621
KPNA7,0.225242262668
PPARGC1B,0.2251025699234733
GPD1L,0.22507346996379385
ADAD2,0.22500868933525356
HTR7,0.22489476407187528
SMCR7L,0.2248119963977627
CLDN23,0.22421264603124733
S100A8,0.22413144442153476
PIP5KL1,0.22391992210979503
TMPRSS6,0.22383103357449186
ADCY3,0.22382223222550737
PHGDH,0.22355860777419295
FZD7,0.22348423002770476
HNMT,0.2234063145684561
KIAA1524,0.2232431151872146
DGKH,0.2232163082387256
ALDH3B2,0.22311554753500643
PCYT1B,0.2231127159799621
CCDC149,0.22296439081281752
PSME4,0.22290518499569026
PGLYRP3,0.2228973675243169
KREMEN2,0.22279637660828694
SGK1,0.22273153477799618
GALNT10,0.22265062634523228
ACBD4,0.22254824961990316
AMTN,0.2224955882731255
GJB3,0.22238418846974586
GPR109A,0.22219624733490337
C11orf82,0.22216116592633456
CASD1,0.22205680942647452
DUSP7,0.22202272156457145
MMP10,0.22178962765867002
ARMC8,0.22161085117317517
SH3BGRL2,0.22157626038154413
DHX36,0.2213815989241746
FEZ1,0.22133973904531049
MT1X,0.2212833726630825
EYA2,0.22125242364745504
FAM13A,0.22117772931981303
HSPA4L,0.22087419883826367
RHOBTB2,0.22072856242382377
SLC7A8,0.22067573846712715
POU6F2,0.2206404876394481
USP46,0.2205829082184183
CLSTN1,0.22038507422174444
HIST1H2BH,0.22035610993236776
SDR9C7,0.2201041650225457
ACAD8,0.22004452719569798
AGR2,0.22001053196874112
GGTLC1,0.21985188211257153
CRIP1,0.21969684867189426
DNAJB1,0.21954669124142281
MFSD7,0.21951431973391666
ADIPOR2,0.21945276517265674
RAD51,0.21943847210523815
KIAA0182,0.21929432838998864
ERRFI1,0.21908917594513386
PART1,0.2190855501450403
CD44,0.2190546143740701
FGFR3,0.21884661017447846
EMILIN3,0.21883555171549368
SELENBP1,0.2187423355714746
RPH3AL,0.21861904813917202
WDFY2,0.2186066257122685
TOPBP1,0.21842208105053107
RNASE4,0.21837003822924383
SIGIRR,0.21827706658749824
NDRG4,0.21814617485279414
CRCT1,0.2181440884844111
PRG1,0.21800362557313352
GHDC,0.21779046634626936
ADAMTS20,0.21770031614373636
AP3B2,0.21758418919465938
WBSCR26,0.21755682072699786
FYCO1,0.21754260040916415
NAB1,0.21743700067064803
ZSCAN16,0.21738477611312018
MLLT11,0.21691615418169047
RNF165,0.2168515431273539
NRCAM,0.21680864494001148
AKR1B10,0.21657722874540203
PAX6,0.21655803244689636
IL1F9,0.21651542689320566
FAM110C,0.21629603320780655
DNAJB3,0.21610646752666143
CNBP,0.21607704999545246
RND3,0.21604747359004792
ALG3,0.2160357958679612
RAB27A,0.21602718288160977
C19orf21,0.2158486615299205
RIOK1,0.21568355335372433
ZNF436,0.21563142275622854
LOC285548,0.21560832808880848
C11orf54,0.21557955695390368
ENTPD8,0.21549100723531853
GJB1,0.21546888762534097
SGSM1,0.2150325383967395
HPN,0.2147458057064237
GPNMB,0.2146808589458768
LOC84740,0.2145861363606361
ATG4D,0.21426827719308442
LOC728643,0.21408066283702798
THOC3,0.21405121995052617
DLL1,0.21402958386663776
RYK,0.2137937800156569
SOX21,0.21371183025693816
MAGEA9B,0.21369944694149445
UGT1A3,0.21362527044084628
KPNA1,0.21356594565184056
CEBPG,0.21325838692598348
SLC47A2,0.2131960136805138
PAFAH2,0.21315854027596007
ANKRD2,0.21306145578892874
RPL3L,0.21291337683299197
KDR,0.21275884790952285
PPIF,0.21273074909950784
H2AFY2,0.21261297193291606
SDSL,0.21243681305786907
CHP2,0.21239976032453364
GLB1L2,0.21219862151348493
LDLRAD3,0.2121390036293403
PLA2G16,0.21212558352249236
SERPINE2,0.21205269120178022
NCK1,0.21176357359770326
GTPBP8,0.21166340423209706
LCE1C,0.21133281887682717
HOPX,0.21111840373805024
DPY19L1,0.21103643525591265
FBL,0.21093134848876244
RARA,0.21090630784629932
CYB561,0.21088633693085776
ALS2CR4,0.21066092855291793
TMEM133,0.21056416516665322
HPCAL1,0.21043942259967785
SORBS2,0.2103501308312693
SLC34A2,0.21006631589793234
ATP8A1,0.20991822493177884
ADCY6,0.20976956088209997
IYD,0.2097403267486497
CMTM8,0.20959112311380795
FANCB,0.20958122879996668
IL1A,0.2095456090032885
CXXC5,0.20934314056076958
NCRNA00093,0.20929326355473316
MPHOSPH6,0.20911328351554642
C4orf31,0.20904477945615615
CACNA1D,0.20861157492182014
NKX2-5,0.20856810785282057
ASAH1,0.20849253954401312
EXOC6B,0.20838876392925457
TTK,0.20833283474433725
TMTC1,0.20814144096518006
COL4A4,0.2078745126323283
RAET1G,0.20786236312960368
CD302,0.20781558161829444
COL17A1,0.2077746784178751
MAP6D1,0.2077431829091863
LRFN1,0.20755705767666596
ARSD,0.20710172219353076
TMEM201,0.20691848486539716
MGAT4A,0.20689930018347946
WDR47,0.20688800852480968
KANK2,0.20666910456389506
CCDC68,0.20645645544819746
STS,0.2060203308594864
GDPD1,0.20598071277699498
PISD,0.20589717595835716
PRPF19,0.20582444116146248
MCM8,0.2054374335387327
LRBA,0.20535831439962862
C20orf56,0.2053528587687991
MFSD4,0.20522312936208167
DRG1,0.2051731769209253
HSD17B3,0.20515525733688497
C9orf167,0.20506489303537195
PWWP2A,0.2050517867759057
IL17RB,0.20490576779230285
MPPED1,0.20489950239625118
EIF4A2,0.20455628701810638
XKRX,0.2044489623790687
MPPED2,0.20434272404622358
RPGRIP1,0.20425589081986573
LMNB2,0.20416348769215295
MDH1,0.20415272957391992
RBPMS,0.20391100888148592
KRT78,0.2038842655165659
C22orf9,0.20358129512341694
SPRR2B,0.2035361765255426
PAM,0.20337873752255284
MTMR1,0.20337187956500352
PRMT1,0.20326318163253834
FAM47E,0.2030544557367508
RGS3,0.20301011634554306
WWC1,0.20271558975948148
LOC647121,0.20261795221775333
PON1,0.2025138478947211
KISS1,0.20239484876869193
TRIM8,0.20239085891136918
PES1,0.20207085945008457
CABLES1,0.20169163763623515
DNAH2,0.2016811384678958
SOX7,0.20158958091784102
CLIC6,0.20139124817167342
ADAM17,0.20134509653968874
ADA,0.2012915177939413
HABP2,0.20121696228496863
DDR1,0.2011102190284986
LRP4,0.20106387641437895
KTELC1,0.20106258576994857
SMARCB1,0.20086518885145171
RASSF7,0.20083620579451458
GPR161,0.20077960999224173
AKR1C2,0.2007252136808506
STEAP4,0.20065444687209633
ZC3H8,0.20056360673622295
INPPL1,0.20032745526990234
TCEA3,0.2002425337194382
SHOX2,0.20011934771784962
FMO9P,0.20009289946571446
HSPB1,0.2000925317070187
DSP,0.2000050747615479
LOC100132111,0.19977435300507307
C1orf135,0.1997380928598937
PON3,0.1994556547214911
DNAJB11,0.19928997214382432
KIAA1045,0.19928501611107563
ZNF620,0.19884640214145316
C22orf23,0.1988283198075995
CENPN,0.19867936563580038
CCDC46,0.19865288693390568
PITX1,0.19835471288021747
LAMA1,0.1981223653431233
IGFBP2,0.19810772741554983
ARHGAP29,0.1980007307327065
LOC729082,0.19776555582855532
LRRC8D,0.19762104696801244
SGPP1,0.19758910056515194
COMMD2,0.19734834436894608
RGS17,0.19730628411244427
TSPAN4,0.19725351050941795
BIN1,0.19719210891481126
ACSM3,0.19718189208249523
RCN2,0.19698873174364814
C22orf28,0.1967946779273409
HOXA10,0.1966309506726015
FOLR1,0.19641858257558784
CCNB2,0.19622575169091075
MAP1LC3C,0.19605106805478742
MIA2,0.19593585059808347
MTA2,0.19588533031570982
GYS1,0.19565087122494637
NCS1,0.19565058040364594
DEPDC6,0.19557000188132073
ARPC2,0.19554020688517085
CACNA2D3,0.1954623765154696
GPR133,0.19534748159782098
UNG,0.19523493565352296
LRRN4,0.19519681273357128
TCF20,0.1950990410678822
TMCC2,0.1949413645222397
LOC284578,0.1948911149701359
LRRC27,0.19461128287873508
KIF23,0.194437667083719
A4GALT,0.1942839394662081
KATNA1,0.19421295152824974
OR7A5,0.1940890759501286
PGAM1,0.19406585950772845
SULF2,0.1939461762531837
GOLIM4,0.1938500521322316
SPAST,0.1936651211872261
C2orf15,0.19350222724383748
SNRPA1,0.19349773403360473
ACAD9,0.19341105275096263
WNT5A,0.19315875412493572
NSUN7,0.1930992463462257
LHFPL1,0.19307596517988648
IL1RN,0.19297767346399333
NMNAT2,0.1928104931399464
RNF148,0.19254241048449935
PHF17,0.19243156563633804
FGF12,0.1923368924044812
NFE2,0.19232313152565636
CNOT8,0.19230946032648444
GFPT1,0.19218711227988686
CRYM,0.19211398855536765
C15orf23,0.19206078281437147
KLHL21,0.19205843002100667
C3orf17,0.19205193130524173
ESYT3,0.1920192463443347
TBL1XR1,0.1918255477603135
JMJD7-PLA2G4B,0.19181676680584944
GFM1,0.19153209972108962
FKBP4,0.19148067030271412
C20orf117,0.19147221560372346
LOC90110,0.19132719396092088
CHEK2,0.19127252013486004
RAP2B,0.19121983015660446
ADAMTS17,0.19119055041901886
GPX2,0.1910938349305273
GSK3B,0.1910423744275179
ITGB8,0.19070301469762702
DISP1,0.19063764029320382
C4orf44,0.19061296738644848
ACPL2,0.19055853659442795
HAL,0.19054334579977006
CDC25A,0.19054133450220898
C11orf41,0.19053951493111912
DPYSL2,0.19050928137648826
C12orf48,0.19032982335506335
RAB20,0.1902663755229512
NUDT10,0.19021901637687563
LOC100125556,0.19002989823932803
WFDC10B,0.19001709351655532
ZNF254,0.18990419397937724
FAM149A,0.18989158911098483
LCE3D,0.18986231922356567
SLC39A8,0.18981250116996704
TDRD10,0.18973406058774112
ORC6L,0.18971529128545084
CGB7,0.18960733635195479
TNFSF13,0.18940478222687945
GPR109B,0.18938234629812645
ACAT2,0.18929792167486775
LOC84856,0.1892973303327794
KLHDC5,0.18902116633090024
KRI1,0.18900787986565296
GCC2,0.18882164809383528
SRCIN1,0.1887147280987518
ISM2,0.1886239619428695
RIMS2,0.18862222678912072
EHBP1,0.1885857296130516
TDG,0.1884932546822208
FOXM1,0.18841824165790305
LOC220729,0.18840654137399515
AQP10,0.18827745142340724
TMEM158,0.188165052742616
FOXA3,0.188099823629378
HOXC13,0.18808953152872923
PCNA,0.1877278769054252
CITED4,0.18764127434925362
C6orf114,0.187618986661771
C8orf83,0.18751199081628456
METTL7B,0.1873631519308903
RAD54L,0.187228202694074
CECR5,0.18719789412843427
SOAT1,0.18717319382803288
IL1F7,0.18707476717476376
PLS1,0.18705329275949642
SLFN13,0.18697823991125093
C8orf73,0.186913258318495
MN1,0.18689254765592053
CENPM,0.1865982742966467
TMPRSS2,0.186522258799107
NR3C2,0.18651325885869907
MYO6,0.18634002140152153
SPRR4,0.18629943405960825
ISY1,0.18626997913146304
HAT1,0.1862388987600279
LYSMD4,0.1860981917119958
ZNF750,0.18608866755842038
LOC100132215,0.18604717852118713
LOC201651,0.18584600506834303
SRRM3,0.18568019989066992
RUFY1,0.18564963263034048
TXNDC11,0.1855940209252952
NAPSA,0.1855485639454876
EXT1,0.185479413679829
GALNT12,0.18538109893176383
GCET2,0.1853375835315319
ITGB4,0.18516169229742746
PIR,0.18500048912490177
HSH2D,0.1848494578124415
DSC2,0.1846302558318076
TCP1,0.18456651136458616
UNC93B1,0.1843664558649102
LPHN3,0.18425659368097952
SYTL3,0.18413831576782191
QSER1,0.18377557779952514
WASF1,0.18375789210356377
RPTN,0.18374811343427083
C19orf46,0.18349353456491233
TMEM144,0.18348520488162562
VAX1,0.1834750055228721
PTN,0.18335176610026208
NCAPH,0.18314755190427856
CSNK2A1,0.18314261477744473
DDX49,0.18270047160169253
KIF9,0.1826368550402383
IL12RB2,0.18259993639022182
C16orf89,0.1825531935711311
CAPN2,0.1824957573276178
NDUFB5,0.18245902404531972
PPP2R2C,0.182427113236819
KLF5,0.1823804615880197
DGKD,0.1823406064633245
C1QL1,0.18225914213615296
COPZ2,0.18219161509913023
NLRP12,0.18201868183340356
SKA1,0.18200419070097312
GJB2,0.1819948840014341
NFE2L1,0.18197287522603983
ANAPC7,0.18191043608799606
LRRC58,0.1818993666650075
DMRT3,0.1818768929642083
TMEM163,0.1817965689263865
GRHL2,0.18177428623572614
MAPK9,0.1817031362497236
CKAP2,0.18165255807778724
GALE,0.1816088949492908
ARHGAP18,0.18155881047988265
GPRC5A,0.18147576870456253
DNAH5,0.18141576355787964
LOC651250,0.18110313801005054
ACCN2,0.18073285007981604
CAGE1,0.1807199610277097
TGFBR2,0.18066507352503666
RCC2,0.18050693127110778
SLC4A4,0.18031098984700764
KIAA0319L,0.180307091570125
IGF2BP2,0.18021832397286894
ANXA8L1,0.18021595942766586
MYC,0.18014748627188487
ABHD14A,0.1801413601325231
ARHGAP11A,0.1800400023657624
LTB4R,0.1798851203852764
SFXN3,0.17980552524041338
SMC6,0.17975588815764842
C1orf27,0.17968499755304318
DDIT4L,0.1796248778530934
SHROOM2,0.1796126673096629
CORO6,0.17958945086616968
CELF2,0.1795198533140116
COL4A3,0.17914071811112353
ICAM1,0.17912078429265543
FETUB,0.17906807307155856
SHROOM1,0.17905486929694223
CABP4,0.1789474932606125
PWP1,0.17869214081657728
C6orf142,0.17861310659894017
PAG1,0.17844610852575668
TMEM192,0.17829837768227697
GLT25D2,0.1781617796976241
SUSD4,0.17796018019415868
SLC10A6,0.17789523911978097
SLC38A2,0.1778539897502312
HOXA11AS,0.17771157568685497
BLM,0.17767803356480827
USP5,0.1775904667587631
ANG,0.17751758485621363
SLC1A5,0.17745698593174933
AGPAT2,0.17740421279775898
ELOVL4,0.17737383147241992
C3orf72,0.17736941237087497
PRSS16,0.17712317435222938
PIK3R4,0.17707787980542095
XKR8,0.17704607071522788
MEIS3P1,0.17699259786331614
C18orf2,0.17696361847536793
SLC9A4,0.17684810486148983
RHOV,0.17677368728209022
KRT33A,0.17669954257337264
EPDR1,0.1765470409473095
VTA1,0.17645307026051651
TOMM22,0.17637967195570833
ENPP5,0.17634364877682243
CLCF1,0.17614151104188125
SHE,0.1760755612998982
DLC1,0.17598728639636818
BHMT2,0.17585137592390368
FBN2,0.1757806504474198
IKZF4,0.17570878532456807
RASSF9,0.17565119164612844
ZNF556,0.17548242153859608
HELLS,0.17540834189298377
ITGA3,0.17521050561267615
CHAF1A,0.17520683886464888
ARNTL2,0.17512478262575262
SCHIP1,0.17506451820501548
TP53TG3B,0.1750501782958416
C1orf130,0.17497608436099119
VPS8,0.17494127821749256
NOP56,0.17480436612853212
CHST14,0.17480060143998497
SNAPC1,0.17476337186068303
PFN2,0.17475297656910213
GEN1,0.17436059832392295
AFF2,0.17434628639193056
MCM4,0.1743256412497042
CDKN2D,0.17431829285424827
CRIP2,0.17429401046707096
GGH,0.17429012039877123
FAM8A1,0.1741436202863448
UFD1L,0.17412614225967155
LOC646214,0.1741067025145547
EFNA5,0.173976187249774
RAB7A,0.1738937806890405
C3orf74,0.17388272855133632
PRR5,0.17386443777092703
TSSK1B,0.17363403372578126
GEMIN8P4,0.17351589025351766
ZNF703,0.17349142842267026
TUSC2,0.1734459160772649
TMEM57,0.17333792099518866
DIRC2,0.17331229223605435
PHC2,0.17330471518293053
BUB1B,0.17307525457585152
VASN,0.17295077064238554
LTB4R2,0.17294091702074077
CHRNB1,0.1729029642449789
TSPAN13,0.17289020368251948
RBMS2,0.1728645248806429
LASS2,0.17285275680579693
RFC5,0.17280944749131086
LRRC1,0.17276330856895508
GM2A,0.1727405911437836
UBAC1,0.1727286106981741
HMHA1,0.17269030696466306
FRMD8,0.17267641128172703
FNIP2,0.17256455558762457
?|10357,0.17253123880177815
SNX21,0.17245227458876047
DBNDD1,0.17244711305106944
NICN1,0.1724107007794458
CASC5,0.1724082820405709
FEM1A,0.1723457675375002
RACGAP1,0.17219826945915173
KIAA0802,0.17197975039794808
CNTN1,0.17193342470298334
SH2D4A,0.17188444025608007
RRM1,0.17182112862528903
CNTNAP2,0.17179019443883767
CYP2B7P1,0.1717259046849441
KRT23,0.17169433112940982
CDCA5,0.17158914181442123
MNX1,0.1713954879697605
C12orf11,0.17128657290648533
ZIC2,0.1712385996370939
TGM5,0.17118239648753958
KRTAP5-1,0.1711244897308214
SEMA6D,0.1709801580653182
RAD51AP1,0.17097253337384333
HMGXB4,0.17092250304984627
BCL11B,0.17089895049826972
FAM84B,0.17088597671284048
MATN2,0.17081963864738242
DUSP4,0.1707314511111237
TECR,0.17072106920006055
SGK2,0.17059201977733895
CSDAP1,0.1705457188178095
GRAMD1A,0.17038909302532784
RPA1,0.17028615630557056
CCDC58,0.17024844908320852
C20orf11,0.17019569548352695
CHODL,0.17016758245358973
FOXP1,0.17014511075032418
DCUN1D5,0.1700152277780148
AMBP,0.16997521202326757
QPRT,0.16989825404212303
PGF,0.16986051631327487
CTNNA1,0.16975893233281872
DLL4,0.1696332528539753
XCL1,0.1695710478389551
PTER,0.16956757810624712
PRRC1,0.16951843106603623
TROAP,0.16942475644877195
FAM123B,0.16941963567310991
FAM176A,0.16935827667925799
NUP50,0.16931490005206257
CCDC112,0.1693051595384527
NPBWR1,0.16930449524621438
CSK,0.16930033723626037
SAMD8,0.16926438365087304
MBD2,0.16924848525642405
KLC3,0.16912794537729003
RNF185,0.16909722761512766
B4GALT4,0.16906984984698226
LINGO4,0.16895856723389024
DMGDH,0.16885360302087002
YPEL3,0.16856534939536258
ODZ4,0.16856402306779836
ZNF19,0.16850427567778686
FOXJ1,0.16848861056054334
MAGEA11,0.16840353127159047
NT5E,0.1682838652208673
DND1,0.16826044143062663
DNAJC3,0.16824727774412154
C21orf91,0.1680549687295153
SLC44A3,0.168015084182038
TBX18,0.16797513970764077
DDB2,0.16796090109245407
CDC42SE2,0.1678408910017631
SREBF2,0.1676646676900622
F11R,0.16757618055906573
DHX35,0.16752058649708157
GAB2,0.167510437369116
CENPO,0.1674966912555063
FUCA1,0.1674396435842931
RNF133,0.16739716199342744
PLEKHG6,0.1673767658568784
FGB,0.167295903739179
CLDN16,0.16727723010271733
KIAA1908,0.16726824249328454
SVIP,0.1672488527437293
PLA2G10,0.16723670757079032
CACNA2D1,0.16723004048347148
MGC2889,0.16720147457324036
FAM173A,0.16707900457718006
GLYATL2,0.16699264271177336
FNDC3A,0.16691694174031546
WDR43,0.16665219497976455
CLDN12,0.16665183055799943
RASEF,0.16639982877715054
SAE1,0.1663985224251563
AMOTL1,0.16625606842466864
PDE4A,0.1662396856400877
MARVELD2,0.16623903009579832
DKC1,0.1661577518306439
NAP1L2,0.16612403433885972
SLC20A2,0.16609995987812032
MST1P9,0.16607999391382736
GAPDH,0.16606142489555284
PDXDC1,0.1660383388554535
HSD17B1,0.16603583689631213
SLC46A1,0.16585343631149624
TMEM106A,0.1658182364697938
RNASE1,0.1657652888459754
UBA2,0.16572381885633752
TMEM61,0.165706205430552
CARD18,0.16569870628523686
B3GNT3,0.16565682873730556
C20orf27,0.16563633019406568
NELL2,0.16549716357398897
WFDC3,0.165478373289112
CCDC85C,0.16530674595157405
ERF,0.16529759326918125
ATRNL1,0.16517349583567506
SLCO3A1,0.16513457801800588
PARM1,0.16509131533441151
ZNF131,0.16507450986278394
CRYZ,0.16506594655331827
HAVCR1,0.16506432007704122
PLXND1,0.16501829112743877
ALDH3A1,0.16501814370657045
C6orf123,0.16501265843044782
UNC13B,0.16490577990362673
LOC388588,0.16487091567383963
LIPH,0.1648304267793135
CENPH,0.16469782288529697
UBXN2A,0.16465854560907253
FAM178B,0.16443183326355915
NUSAP1,0.16440881297824292
TSHZ2,0.16438305531066602
RUVBL1,0.16418827488322119
NTHL1,0.1641442885107339
LOC100130691,0.16385921375877913
MTSS1,0.16364000624537076
LOC283761,0.1636383916116553
SPSB2,0.1635973903460038
RICH2,0.16354772632136133
TREM1,0.1633583787642549
GNGT1,0.1633267515762407
PCDHA11,0.16299791952643272
DIRC3,0.16291867878346444
ADD2,0.16284074766504916
C18orf54,0.1628301809327013
TMEM82,0.1628110430403363
ZFYVE16,0.16262234440913
MAP7D3,0.1625564400777825
NME5,0.1623997117925477
WASF2,0.16233100538338435
BRPF3,0.16232780811803565
DDX39,0.16219341401177714
TM4SF4,0.16207443646879582
ACSF2,0.16189633417090726
PLA2G12B,0.1618940304229347
KLK9,0.16184386444191534
SPRR2F,0.16175698814305584
RAD54B,0.16174320163843584
MCM7,0.16174259147170533
METAP1,0.16174223923822303
HMGA2,0.16165626790316556
OTX1,0.16143400781755018
STARD10,0.16131542424085035
ACOT4,0.16131529462646715
ATP10A,0.16130810689313926
IBTK,0.16121332656664472
TMBIM4,0.16120464192279974
SLC7A1,0.16112800797223817
CLRN3,0.16111680089136388
IL1RAP,0.16106163028272943
MSL2,0.16103134045865783
IFI16,0.16095997092242306
CHMP2B,0.1608789452720275
RAB11FIP4,0.16073665455208322
C3orf59,0.16064445561533938
BLMH,0.1605812238050708
ZNF737,0.16056543380766167
C17orf63,0.16047999473128827
CDCA3,0.16043802082090408
TRAM1,0.16041969999318803
TEX10,0.16039104338076648
DMRT1,0.16030781390264368
P4HTM,0.16009179534613235
MRGPRX3,0.16005984895846265
CTPS,0.16003902010862814
SOST,0.15998550749613083
ADAM8,0.1599261598429637
DPCR1,0.15981062383189687
ACO2,0.15977557445635293
LRCH3,0.15971408517923347
HIST1H3F,0.1596792182758733
WNK2,0.15965474703753701
PPM1L,0.15963564214547868
C17orf76,0.15958634845934208
RARB,0.15956943384802683
ADSL,0.15956111369367665
GAN,0.15946779269807243
C3orf18,0.15936715241497804
DKFZp434J0226,0.1593648483324765
KIAA1467,0.1590910364436668
CA12,0.1590682252961089
TG,0.1590495154886749
C6orf162,0.15901666618971758
MYCL1,0.1589257050819203
ASTE1,0.15885483351573323
KEAP1,0.15880609583967498
KCNH1,0.15873456199838173
PRKCD,0.15858864550921473
SLC1A4,0.15858713464087384
OCIAD2,0.15841807245121503
HAUS2,0.1584056648711702
NEB,0.1583922023546293
MYBPHL,0.15831079671660309
RHPN1,0.15824334738365198
ARMC9,0.158218489392063
CITED2,0.1580280710556333
UBL3,0.1579435513928697
DOK1,0.15780935663225945
GRAMD2,0.15774995085305704
TMCO4,0.15761060372392335
HYAL2,0.15758051083606336
CYP4F3,0.15756861497922722
ADRA2B,0.15748252444327232
TMEM132A,0.15746861428159653
HECW2,0.1573657767497558
CTSO,0.15730482508533283
DUOX1,0.15719798397843238
LCE3E,0.15717593310361178
RLN3,0.15715646135309377
CORO1C,0.15713116558968165
MKKS,0.1569891595010408
B4GALNT1,0.15698436346272168
C19orf48,0.15696897051549233
ASAP2,0.15694561417287803
ECT2,0.15686296706173403
ARHGDIB,0.15676513118609176
ATAD3C,0.1567612139137926
DBR1,0.15674780240067443
KLRG2,0.15673558548210578
RDH16,0.15671062678572997
EIF2C2,0.15655138719726916
NPL,0.15649422127508117
SERPINB11,0.15643210398738822
BNIP2,0.15640342751714237
CREB3L2,0.156366726689385
TPX2,0.15636461478733174
LASP1,0.1563643689962723
RAB15,0.15635896966947652
TAPT1,0.1563091632831781
KCTD6,0.15629243203891285
PAPOLG,0.15625987492534385
XPOT,0.1562419490690424
H2BFWT,0.15608573635350137
KBTBD12,0.15606520546711336
UGT1A4,0.1560514012816807
GAS2,0.1560343826832093
LOC388242,0.15601585916531632
CSNK1G1,0.1559904382344224
ULBP3,0.15577302366225984
SRGAP3,0.15566969874293712
ANKRD28,0.15553045310388552
SLC7A5,0.1555251893638855
CD97,0.15549298864859334
AADACL2,0.15549040734370762
CHKA,0.15544562867535516
SYNRG,0.1553570663334602
ZNF238,0.15531440481760297
FAM109A,0.1552500215572398
RASD1,0.15523118160141533
SYTL2,0.15521053752117953
SULT1C2,0.15517222694269112
SERPINB6,0.15512113000682037
WFDC13,0.1551126754920772
RGN,0.15501962357548366
PCDHA13,0.15493753221904666
RBPJ,0.15491872624205616
MGC4473,0.15486186899660792
UNC45A,0.1548542077288996
CLCN2,0.15465421977765217
ALDH4A1,0.1546285194721941
PSG4,0.15458984846709012
GINS2,0.15447117239166291
EDARADD,0.15441102016368488
ANXA11,0.1543803744142648
AK1,0.15435590630506726
DUOX2,0.15432242767298887
MSLN,0.154213913326016
HBS1L,0.15412783322073628
APOBEC3B,0.15404339518147864
OVGP1,0.1539675536273441
GAST,0.15386720192940503
SLC26A9,0.15385443649314498
ZFYVE20,0.1538114652349297
ANTXR2,0.15368920134805764
TRIM34,0.15363452690538118
NRG4,0.15359318933464017
PTPN14,0.1535423986566227
MEMO1,0.1535364902737724
PNPLA1,0.15343548316862338
SH3GL1,0.1534232528682831
LRRC28,0.15339104205003468
MEF2C,0.15335637184227088
PLXNA1,0.15320631686840236
CASK,0.15311212986625106
COPS2,0.15308738450656478
KBTBD11,0.15303527073556553
NUDT1,0.15299061677889292
STRAP,0.15298792685772886
MAPK12,0.1529379396084823
ZNF341,0.15292893547876155
ALDH1A1,0.15282887355273164
SLC35A1,0.15281186890788362
SLC1A6,0.1527631367915698
CENPA,0.15274988444924256
SLC26A1,0.15273002113225664
TBX3,0.1526087141113322
SYN2,0.15245032655980623
ZCWPW2,0.15238167809380812
FAM63A,0.15230739408239422
SMARCD1,0.15230396303011468
PAEP,0.15229081149345183
NRBP1,0.152164423372956
ATXN10,0.1521527467814059
PSAT1,0.15206405253739183
SLC22A18AS,0.15204308427426383
MSRA,0.15203672635915405
FLYWCH1,0.1519950713964982
C14orf33,0.15198985684373809
DNAJC19,0.15188197523053137
FAM57A,0.15187272432454257
COG1,0.15163100846034605
GRAMD3,0.15154842734337312
C11orf52,0.15152577401870695
CERKL,0.15151436145160369
SNRPD3,0.15149686397859316
TSPAN8,0.15146823496676887
CCDC86,0.1514194770847661
CDK5R1,0.15134362988649
APAF1,0.1511750951529854
ORC1L,0.15116132026772425
IRX5,0.1510927772440364
CRELD1,0.15105614858132507
NKPD1,0.15104311681097896
VKORC1L1,0.1510354920173325
SCP2,0.15102941175535428
KCNG2,0.15100351233690928
MMP3,0.15094548284166667
DNM1L,0.15093412070549508
VSIG1,0.15087946047638867
MAGIX,0.1508140355124415
IL20RB,0.15071145036865144
VWA2,0.15069617961937448
SMURF2,0.15068973213330888
TAF4B,0.1506661306372473
BCAS3,0.1506363614320147
SLC13A5,0.15023651856104397
KCTD14,0.15022859301056182
AP1M2,0.1501833521542847
ZDHHC16,0.15015662903162072
BTD,0.1500065643247724
GDPD2,0.1499970080212111
C5orf43,0.14998864142142473
RFX7,0.14984304689523636
COX6B2,0.1498336659265974
ZNF429,0.14979919530767621
PLAGL2,0.1496743718919356
MALL,0.14959313651586062
FAM132A,0.14951317626677685
LOC100130776,0.1494292832444231
GSDMC,0.1493724659259204
GCA,0.1491920622515041
BID,0.14918199996168868
VCX3A,0.14905364199746568
RHOA,0.1490243849882993
GPR50,0.14892832585484017
CCT4,0.14875178585621154
TNPO2,0.14864456464840356
ZNF281,0.1486300028530374
FOSL2,0.14854327529570394
BRD4,0.14851734522545498
HIST1H3G,0.14848689502850335
MSI1,0.1484354747521059
CLEC2L,0.14843155198294414
NUP205,0.14841760923322195
RBKS,0.1484078183252202
TMEM2,0.14838538809689455
ASL,0.14833229287569347
SDHAP3,0.14829472377842415
SPIRE2,0.14826823982147982
SLC37A2,0.1481947082705565
C8orf4,0.14818715291776635
C1orf183,0.14816311222989323
VRK1,0.14815650303345734
PARP3,0.1480665688457812
TMEM14A,0.14798723928796967
PCDH1,0.14798240449623978
SPTB,0.14794990768452737
TFDP2,0.14786501947606648
MRPS25,0.14784466855110873
SLC9A2,0.14783512803150192
GLRX,0.14766020646802241
SIPA1,0.14765960759517452
PPFIBP1,0.1476515860007159
ARHGAP11B,0.14764623614320616
FAM105A,0.14763576180680188
SEC24A,0.14758271387064287
C2orf67,0.14753604963576433
APEX2,0.14752161887072587
PRDM13,0.14751976425631147
ATP13A3,0.1475073799169075
PLEKHG3,0.1475002280614156
SNX25,0.1474750872096198
TGM2,0.14744724857259506
NDFIP1,0.14743200596817846
HSPC159,0.14735993623374466
TSPAN3,0.14733238259394393
SDC1,0.14732601450848049
PIAS2,0.14727524884163334
CARM1,0.14727011478625754
C2CD4D,0.14719230303151895
POU3F1,0.14709718138420172
PNO1,0.1468527834205091
ITPRIP,0.1468502800004902
ZNF493,0.14681793294216197
GADD45G,0.1467992858465133
MKRN3,0.14678571823209718
ProSAPiP1,0.1467753373470829
CD151,0.14670951709362687
KRT19,0.14665674575945595
DUSP6,0.14665384612227367
CEP97,0.14662219879724522
DRAM1,0.14659175675906558
SLC25A45,0.14655761416343918
MTBP,0.14652235587341528
CDC42BPA,0.14647675935421844
OAF,0.14646944748820442
LOC127841,0.14645925819649777
TK2,0.1464413014470377
CYP4V2,0.14636742482178797
HLA-DMA,0.14627408537843
TRIP13,0.14625067322589833
FAM117B,0.1462264759475327
FAM98B,0.14621766599528777
CLDN9,0.1462118265183062
MAP3K7,0.14607212161446487
MRPS36,0.1460321156787928
FOXP4,0.14602347755050146
RFK,0.1460043248489825
MRPS11,0.14599977669270425
ONECUT1,0.14593174031175385
PPP1R2,0.14591471441457243
AHCY,0.14589914560844625
VIT,0.1458482092818791
CHAC2,0.14580959675316463
DZIP1,0.14578607707197672
ADRA1B,0.14569417004136037
CDK4,0.14564966600471022
RPL13P5,0.14561800351511872
ZNF770,0.1455328004105137
PHYH,0.14543856853843704
SLC30A4,0.14536465081654137
BATF,0.14530669738072347
AGT,0.14528392920268043
SPC25,0.1452326556645301
RNF126P1,0.1452138494989738
TCTEX1D2,0.14517599661726363
ENPP3,0.1450009914595179
WNT7B,0.14494572217755855
NDRG1,0.14492985141002254
DECR2,0.1449187105230133
SRF,0.14491206649635133
C8orf31,0.14490732189158773
SMC4,0.1448169966696249
RNF126,0.1447871036476824
PNPLA2,0.1447490175361292
DHRS12,0.14474525504295377
FAM131A,0.14473300272756018
ZSCAN5A,0.1446385844196294
RNASEH2A,0.14457132204466008
CASP6,0.14454229240459274
ATP5B,0.14451405754909674
VAV3,0.14451010286000213
LMO4,0.14448385957937104
GRID2IP,0.14446793822973847
AKR1C1,0.14444442409641606
ROR1,0.14442479461682015
HSPBAP1,0.14430885253683146
AMIGO2,0.1442903741324144
PHLDB3,0.144058727218626
SIM2,0.14405206712175656
KIAA1671,0.14403684137060102
TTF2,0.14400644233126786
ZSWIM5,0.143992491831601
LOC145837,0.1438389314202444
MAD2L1,0.1437965916798172
C10orf32,0.14378110145148812
SIL1,0.14373456670359866
ARL6IP6,0.14372331072362213
HMGB3,0.14366184530553158
ZNF658,0.14365562803891316
ZMYND12,0.14361025002732317
LOC400794,0.1435880673809733
LOC151009,0.1435639494351644
CHCHD6,0.14342587437473975
ESYT2,0.1433934979234703
IL22RA1,0.14339145157173575
PGAP3,0.14322409121469085
LRP12,0.14320839999742793
E2F5,0.14319550148727753
CRB3,0.14315619415122496
SUV39H1,0.14315018183139933
C6orf10,0.14307504306893784
MED10,0.1429897861216214
GPRC5C,0.14292810953078677
STK33,0.14288051934814708
NEFL,0.14287770546943548
ABP1,0.1428704740730354
TMEM41A,0.14286198635512545
TCF15,0.1427861699587749
BCL2L10,0.1427640018725907
MANEAL,0.14275891734784196
RNF187,0.1427515975181816
RFTN1,0.14272664108317193
SNED1,0.14265088056420983
PCBD1,0.14264518126714237
GORASP1,0.14260692652501383
GLI3,0.14260274323401145
GPR77,0.14258856446558862
DUOXA1,0.14253436689212814
IGF1R,0.1424748137586479
GINS1,0.14243336483848315
CKMT1B,0.14234959106114606
LFNG,0.1423027316261999
MXD1,0.14222976153343864
BIRC5,0.1421512439553673
NEO1,0.14206224555952707
SCD5,0.14204741990812692
SEMA3B,0.14196225783557512
FZD4,0.14189511697247303
TIMELESS,0.14183615519715548
RPL35A,0.14181455257239906
VWA1,0.14177187469215172
MSH6,0.1417410485564955
RGS12,0.1417387134271873
EHHADH,0.1416763562462293
SAMM50,0.1416684318593696
MTERF,0.14163688727417684
C17orf72,0.1415483036078726
ZBTB7C,0.14154277262031253
WSB1,0.14127203690176762
PDLIM1,0.14125600740323635
HNF4G,0.14123260198367374
C20orf112,0.14117667415664617
MGC16703,0.14112084180263598
GTF2H3,0.14112032147209858
MAPKAPK3,0.14104073630104885
ACO1,0.14096624417172846
TMED6,0.14085091889855472
FBXO16,0.14084870607438024
FDXR,0.14081449083093436
SLC36A4,0.1407634144460349
HSPB3,0.14073174939333594
LRRC26,0.1407128135103383
PSEN2,0.14071127038626005
TUB,0.1407023262872832
SMARCA1,0.1406889486187272
C15orf21,0.14067047787263268
SYNCRIP,0.14061208333490827
HEMK1,0.14052168064720746
NECAB3,0.14050151028313715
RNF213,0.14035181000156394
PCDHAC1,0.14031086631014103
LRRC4,0.14030404092373205
GPI,0.14024865354547722
LOC441455,0.1402207935440442
SPINK13,0.14008160897662492
WTAP,0.14005393167314045
IGFL4,0.14000061958444288
GFAP,0.13993615578072982
XPNPEP1,0.13989795259786528
C1QL4,0.13988059559856575
ESCO2,0.1398430842600745
LOC730101,0.13982708876379135
HOXC8,0.1397791349425129
MAPK10,0.1397637475144789
IVL,0.13972209042937533
AURKB,0.13955202883892334
JAG2,0.13951476249016653
EIF3D,0.13950649329519213
NUP155,0.13949395395978692
TRIM16,0.13948817507155123
CCPG1,0.13944553562284423
ACP6,0.13941037896822459
STARD7,0.1393944791632492
RAP1GAP,0.13938895157898024
LAMA3,0.13934125120704882
C17orf68,0.139305863372592
NINJ2,0.13916991516528548
TTC7B,0.13906498040726026
ERCC6L,0.13905526620984962
CTDSPL2,0.13896845866356175
SR140,0.1389665658215902
LOC728554,0.13896491040054315
DAPK1,0.13894317016768779
CEP152,0.13886574363719958
TP53I11,0.13882502405002037
PBXIP1,0.13880801081970487
SEC22C,0.1387456994931108
EPB41,0.13865450701948911
UGT1A8,0.13861674438810095
ITPKA,0.1386134008662285
NUP37,0.1384448855832538
SMC2,0.13844148859376615
C1orf110,0.13843528892916987
PLK1,0.13827565482990864
CCNA2,0.1382620580960184
TAT,0.13822754942370796
PRDM16,0.13818056169016588
MID1,0.13804561411153024
APOBEC3C,0.1379823430280658
CLDN4,0.1378875640813179
EDAR,0.13786567808436193
REEP5,0.1378604656188012
NPC2,0.13779019296878717
RASGRP3,0.1377778723939222
SCPEP1,0.13773145702952463
PCDHA12,0.13764547525605103
PVRL2,0.1375817549767067
DEPDC5,0.13756346835389624
REEP6,0.1374273510011691
CCNG2,0.13740715438479442
PLEKHA9,0.13730549489611996
RIPK4,0.1372657725987641
RAB5A,0.13723861344867222
CREG2,0.13721709819623223
INCENP,0.13717232871487506
KIF11,0.13715010441942668
B3GALNT2,0.1370419507407651
LOC440905,0.1370072014363647
SELO,0.13696567266501292
PGPEP1,0.13696199912842966
TFCP2,0.13695244834920092
SERTAD2,0.13692364766641213
S100A11,0.13673697051900724
NAT1,0.13665669933575628
C2orf89,0.13657354743065578
ERMP1,0.13655140936257254
C1GALT1C1,0.1364294161875216
SEPT5,0.1363832889384252
TMEM219,0.13635282375740018
?|653553,0.13626736390979227
KRT1,0.1362444973329964
YWHAQ,0.13622083809516133
CDK1,0.13617769707462618
ADAL,0.13598913407676977
EIF4EBP1,0.13591033178374784
PRAME,0.13583083911901742
SMAD3,0.1357954968955804
HDAC2,0.1356888975971073
RPS6KA5,0.1356576281803636
WDR69,0.1356566675420931
SPERT,0.13559784345094036
SHPRH,0.13555710216844635
SCIN,0.1355434706902091
DEFB126,0.13553405544917874
PDCD6IP,0.13546928971175753
EPT1,0.1354612310720467
KIAA1239,0.1354381849269081
HTR1D,0.13532137159016033
ITGA9,0.13530358777478532
SFTA1P,0.1352255537974683
ZDHHC21,0.13522521150503541
PIF1,0.13517913098182113
MST1R,0.13516663119638833
SEMA4A,0.13509375454259087
BCMO1,0.13506276171474926
GAS2L1,0.1350479645137375
UNC13D,0.135027556677895
NDE1,0.13501723635226354
CPD,0.13498885972713573
TEX101,0.1348582424745678
SENP1,0.1348383373121539
SPHK1,0.13480036564847234
JUB,0.13479005239444888
YBX1,0.13468514487020578
EGFL6,0.13455364810088494
RAB10,0.1345080359828115
PI4K2B,0.13450497258911978
ELK1,0.13448649649901143
S100A12,0.1344814118848814
LPAR5,0.13441179304245368
GPR160,0.13439333723604716
FHIT,0.13436923621621125
ATOH8,0.13434465679016455
LACTB2,0.13430448804173595
POMC,0.13424376555985024
UPK3A,0.13423084510825542
RASSF3,0.13418075662070506
NCRNA00160,0.13413441063554393
ABHD14B,0.13404173563803734
LIMD1,0.13404066517507138
WDR55,0.13401104687064205
PARD6B,0.13395055868794395
ZFP2,0.133946397803311
EMX1,0.13393776067309004
HPGD,0.13390972735727275
HS3ST3A1,0.1338943601497371
KLHL30,0.13388152107692686
POLR2H,0.13386915471328834
SEMA4G,0.13386308465904287
TNFSF15,0.1338086623998367
TNFSF12,0.1337788899479848
MICAL2,0.1337605554367738
SHMT2,0.13374218573073454
AIM1L,0.13369804537201618
IPO13,0.13366260192059423
HNRNPM,0.13361852324923165
EPGN,0.13356877366445896
MLF2,0.13356756911533288
TMPRSS4,0.13351411209648073
CDC20,0.13351329139652507
ACY3,0.13344300726739222
SLC4A2,0.13342953040737598
FZD5,0.1333904087332106
TIMM44,0.1333848300828793
IFNAR2,0.13336242301598192
CYP2W1,0.13331105154948977
CKLF,0.13326678373331335
C2orf55,0.13324765561241578
FAM177B,0.1332356387497809
ARFIP1,0.13322900522953576
IGSF9,0.13321641797518044
SLC1A7,0.1331809727515636
CAPN5,0.1331698605197718
AKR1B15,0.13315440050489682
BMP5,0.13309485360347845
CMAS,0.13301194008356493
CYB5A,0.1329665488943469
HHIPL2,0.132956645839091
GPRC5B,0.13293924047344263
PCDP1,0.1328882873089208
FLG,0.13272619664610186
PARD3,0.1327218796539754
ICAM2,0.1326699866140756
TMEM154,0.1325125402631976
SPRR2C,0.13251036887914067
WWC2,0.13250951294287275
DUSP14,0.1324889115725537
C1orf88,0.13245676156083067
RIPK3,0.13243629999591292
KIF7,0.1324010419719173
ZSCAN2,0.13235468741912057
CLDN7,0.13233940605482025
MAGED2,0.13228619400632488
DDX47,0.13224385190037888
SERPINB12,0.13221430819931898
LAD1,0.13216363658065042
RAN,0.1321426833852232
TWIST1,0.13208664814390333
RAMP1,0.13203997011046992
ALDH2,0.1320240816801744
KHSRP,0.13201769130950033
LRCH4,0.13197909131089913
SDHAP1,0.1319732169450059
FAAH2,0.13196934207005545
PKN1,0.13190925364940836
DUS3L,0.13186990634272386
C10orf58,0.13178171246069031
DAGLA,0.13174385499562075
ELF4,0.13165916557706858
ZNF280A,0.1316327465313558
GLB1,0.13162973520714974
FAM105B,0.13159969362251062
SUOX,0.13158493300335092
DENND2D,0.13156483939675412
DCAKD,0.1315338782632925
ACMSD,0.1313937978816426
ZNF681,0.13138973013722335
CLIC2,0.13129973624064764
DYX1C1,0.13129830840730397
OCEL1,0.13114265526955515
LY6D,0.13110009371840153
TRMT6,0.131097923362669
CCNA1,0.13107131172465647
MAGI3,0.13104403591668176
CBX6,0.13099228841750557
DENND1C,0.13097135171070104
C5orf45,0.1309302611823257
IQCB1,0.13089451141351055
MARCKS,0.13089128933306568
DOK4,0.13088642985803825
CXCL17,0.13088511591074176
KIF18A,0.13080937848154423
FOSL1,0.13077040976693563
TSPAN14,0.13070746071588163
PALM3,0.13070534214209206
C17orf53,0.13068404069152909
RFWD3,0.13066147859484506
KIAA1486,0.13054848592734325
PTP4A2,0.1305227558794739
PRRG4,0.13048740972775766
QPCT,0.13047174339479223
FLVCR2,0.13039353533403336
CCDC107,0.130356536508422
CDK2AP2,0.13033035619153266
LHX2,0.1303116445742155
TMEM233,0.13028259757596816
FAM150A,0.13027170634582222
SP9,0.13024144443996244
SH3RF1,0.13017190569321302
RILP,0.13016159928609453
LYPD6B,0.13015394201653943
MAGI1,0.13012746604324468
C1orf198,0.13010421251263404
RARRES3,0.12999157888425503
PRKAR1A,0.12999108119267563
EPS15L1,0.1299004409661592
MFI2,0.12988321241929351
KIAA0141,0.12987522816079966
DTL,0.12985972282106786
LINS1,0.12985868043862336
PYROXD2,0.12985159428887535
C11orf75,0.129815938076908
TFPI2,0.1298077099974206
HK1,0.12977963388260408
EXOSC2,0.12962338581036628
DNAJB13,0.12955821761025513
KLHL32,0.1294957296779681
NR2F6,0.12948528676988796
DYNLL1,0.12939380287378482
TLCD1,0.12938778713077528
NPM3,0.1293415388751001
OLFM4,0.12928230015905462
SNRPD2,0.12924171323160832
PPP1R1B,0.12919586527627497
ACHE,0.12918481662767137
SDC4,0.12918296224437115
TRAK2,0.12915327979295527
GLT25D1,0.12912705063510257
CEP68,0.12903214464522017
TMEM19,0.12894773157424452
NOD1,0.12892228603673617
RAB38,0.1289035439888352
C11orf93,0.12878872115561857
FAM71E2,0.12873015998103227
DUOXA2,0.12872777779923747
LOC441089,0.1287038517812409
ABI1,0.12870122028527345
MYO5A,0.1286921893083256
LOC100128191,0.12868648844522174
NKAIN1,0.12856615672931057
FLJ42289,0.12852657911470577
MAPK11,0.12850307139637432
ZFYVE9,0.12847885442504878
C12orf27,0.12843835788863409
WIZ,0.1284242056166294
CFI,0.12842155775769776
ROBLD3,0.12832184044548625
DNASE1,0.128196230963321
EXPH5,0.1281699680401432
RAB21,0.12809957865794716
C9orf64,0.12809377200743952
CST6,0.12808319985844882
GINS4,0.128049171480529
CACHD1,0.1280184681244365
FADS6,0.12797206793869634
TSKU,0.12796179928803592
TOM1L1,0.12788306260467483
TMEM50B,0.12786349522121554
IL17RC,0.12783681680931167
BTG1,0.12783440513178917
CROT,0.12781621464458975
FAM177A1,0.1278142252697492
SLC26A10,0.12779685695578583
PKIB,0.12779256955245338
CASC4,0.12777892597101248
TNS3,0.12776882079715804
PPT2,0.1277659470358206
HK2,0.1276796779611195
CNNM1,0.12767617504095258
TOMM40,0.12762156081302972
TH1L,0.1276184669991744
RNF212,0.1276122206006606
FAM83E,0.1274702830758611
CACNB1,0.1274215094763669
MBL1P,0.12742101671628264
KIF18B,0.12741417332899782
C20orf70,0.12739400412937096
SSFA2,0.12716153061275412
NME6,0.12713608890883477
TFAP2C,0.12711531018693362
GKAP1,0.12709733101424395
CCDC109A,0.12708393435068968
ODF3L1,0.12705121796768604
CAND1,0.1270320282090327
RASA1,0.1270272882564382
FAM54A,0.1270134465905883
TINAGL1,0.12697832654486407
PPFIA3,0.12697818031508937
TENC1,0.1269436696095437
PDPN,0.12694159315984488
C1orf97,0.12693769110530248
LRP2BP,0.12693086707901907
GTSE1,0.12688849229788915
GAP43,0.12684456197505078
SERPINA11,0.12684002126551447
TRIM23,0.1267840520476165
A2M,0.12672684033306136
GDF15,0.12669019507770723
TRPA1,0.12666753387746657
PAWR,0.1266555144518443
EML6,0.12663507526749102
NAA20,0.12661637404643472
PPP1R2P3,0.12660486766963686
WFDC2,0.12659969261484608
ARPC1B,0.12658348268766886
PLEKHG5,0.12658317403334735
CALB1,0.12646284628986543
ZNF665,0.12645400503949583
CDCA2,0.1264525772036024
HDAC1,0.12642165282409906
GNS,0.12640964424874554
MRPL3,0.12640822640894314
ATRN,0.12635747302205372
GPC3,0.12629131736096294
KLHDC1,0.12624504640120487
CDCA8,0.12622431593617656
LONRF2,0.12621938181959488
FOXRED2,0.12611105202450532
PARP4,0.1261075588258321
CKMT1A,0.12604571126651692
LOC254559,0.12604317334268117
ARHGEF2,0.1260086373692422
LTK,0.12598456206929975
ZNF343,0.12597992118341728
TCF4,0.12588872273780452
C6orf170,0.1258804980056867
OR7E91P,0.12586931072275934
TEAD4,0.12577548279246162
PKMYT1,0.1257100376569786
SCARA3,0.12565497148220117
SH3RF2,0.12559381753125892
DCDC2,0.12553396061452124
TLX3,0.1255225237637234
FAM114A2,0.12551480811097743
CDK2AP1,0.1255000475307761
CA13,0.12548997893204972
LRP8,0.12547048527865506
MED30,0.125441218175503
LOC606724,0.12542916309649635
HABP4,0.12539051418822533
TMEM194A,0.12530762528765918
SLC25A12,0.1252969230685758
UBE2L3,0.1251579823260147
CDH3,0.12514839565322858
SH3TC2,0.12514371573205516
KIFC3,0.12511349383887727
CHRNA7,0.12510565677437666
HSD3B7,0.12509043865813735
SHISA3,0.12504004422157758
STK35,0.12497648165136059
BAIAP3,0.12497394966696079
PTPRF,0.12497008609163761
MYEF2,0.12493016441213632
SNRPB,0.12489090080373168
OTOP2,0.1248219737364339
CKAP2L,0.12479342165861827
WDR75,0.12469924015890087
ATP6V1E1,0.12461475878735509
CTBP2,0.124599853544601
CDK2,0.12456602450899439
CPEB4,0.12455250816310083
KIF25,0.12450428992393293
TCIRG1,0.12446550746721206
FGF11,0.12445545715604706
CSF2RA,0.12443955469951952
RP1,0.12442642573407217
RPS6KA3,0.12441631703016987
KLHL24,0.12440551964740429
CHEK1,0.1243731773586571
SLC3A2,0.12435885533868349
HMGA1,0.12434673422098703
GSTM2,0.1243360838042524
MTMR14,0.12431837426275305
CXADR,0.12429489809846436
PGM5,0.1242924451253192
PINK1,0.12426013338639359
C9orf68,0.12424244001089545
LRRC57,0.12420572547295192
PPM1F,0.12415571629495688
GPR35,0.1240763522615604
TAOK3,0.1240624838307803
TRAF7,0.12402957116288922
TULP1,0.12392433209436071
ORMDL3,0.123905683769614
ACOT7,0.12387576306378083
FMNL1,0.12364573371074132
C14orf72,0.12356509219706208
C5orf53,0.12354229036130498
SLC22A3,0.12348357560967471
CREB3L1,0.12347358530578136
TMPRSS11BNL,0.12345714538667057
RHOBTB3,0.12345632504468375
COPS7A,0.12344726347861802
ISL2,0.12344540725602887
IRF7,0.12342911674386281
GRM4,0.12342047763638138
GABRE,0.12340692235853708
NR0B2,0.12337699968700785
GOLGA7B,0.1233675622278366
PLEKHA1,0.12335247790754839
COL4A3BP,0.123300065272208
C6orf124,0.12329736947316061
RALGPS1,0.1232231017853976
SYPL1,0.12316135111367701
RBBP8,0.12312870261745353
TARS,0.12312728203038421
BBOX1,0.12303912228697943
PCBP4,0.12298447123018949
SMAD5OS,0.12297252871497327
PPP1R14C,0.12287458961900707
CCDC48,0.12275257128585615
DKK4,0.12272375689492167
VDAC2,0.12269576615227387
LPCAT3,0.12266816056412072
P2RX4,0.12261321829045885
TMEM135,0.12261286900193898
UFC1,0.12257659940439203
MEIS1,0.12256668951723101
EFR3B,0.12254347651984651
KBTBD6,0.12252955961116326
SYVN1,0.12249534847880168
EHD3,0.12249474850839916
YPEL2,0.12248073209716985
CYFIP2,0.12246330827677664
PTPRM,0.12244623419930879
ARHGAP28,0.12244213343462117
SLCO2A1,0.12242820295034047
MAPRE2,0.12241637144192467
TRPS1,0.12241042993877128
C14orf162,0.12239853785104432
CYP26A1,0.12233628664635345
GUSB,0.12232649219574501
QTRTD1,0.1223154899974436
ATP2A3,0.12228932627284736
ESPL1,0.12226885360418559
OSTF1,0.122248478581328
STC2,0.12219312922903522
ECSIT,0.12212514793660596
ZNF763,0.12212130993853894
SAMD10,0.12211316308045264
FAM69B,0.12208404215016037
XBP1,0.12193216030155198
MXD4,0.12191666939294678
KRR1,0.1219068603654607
ST6GALNAC1,0.12185777696648413
C10orf41,0.12183165463677031
C14orf34,0.12180778860598085
ADCY10,0.12175132824116179
NMD3,0.1217426381744458
SLC6A14,0.1217401196093894
HDDC2,0.12172808910145468
ERBB2IP,0.12167412725591871
GABPB1,0.1216693074081078
SOD3,0.12166240348784244
PBK,0.12164227140411524
ETNK2,0.12163362580598018
KLF2,0.12161714236935903
DSCC1,0.12155467546812772
POFUT1,0.12154621687010578
CCDC103,0.12151206776986796
AHSG,0.12150364621690142
PCDHAC2,0.1214788815589958
ARF4,0.12146283060922274
VIL1,0.12146019229140037
TTC22,0.12145882122505469
GPR81,0.12144489086121162
CAMK1,0.12143317701780969
SLCO5A1,0.12142410643982773
ZNF672,0.12138764348871922
PPP2R2B,0.12136031064330602
ZNF239,0.12135553015926984
SPPL3,0.1213485994513838
CLTCL1,0.12132870776230939
LHX5,0.12131983782583383
CBLC,0.12131635839175202
PIGM,0.12131130572512683
PRKCI,0.12130144319922609
SNRPG,0.1212991145893854
CNTN5,0.12125787214530732
TYSND1,0.1212475410708053
FAAH,0.12118747840487658
XRCC6,0.12110558284646816
SEL1L3,0.12108747298999649
LGALS3,0.12099700071960368
FAM184A,0.1209572131390723
SSX2IP,0.12095257531614378
ATP2B1,0.12095120306501193
MEF2D,0.1208947122749407
RUNX3,0.12085551657488271
EEFSEC,0.12085179972915867
NOP2,0.12084279345950277
POPDC3,0.12076311590739827
SPRED1,0.12071051592834288
FLJ35390,0.12061981576356101
ALG1,0.12054658873012747
MTFMT,0.120540703630521
SEC22B,0.12049903312733029
AEBP2,0.12049217067671175
PLK1S1,0.1204614132718533
CEP76,0.12041956357808965
BLVRA,0.12040187741847919
PIK3R2,0.12039706725517635
GNAI1,0.1203823208818751
ARRDC2,0.12036935138605258
NGFRAP1,0.12033037789275118
CXorf57,0.12027212312192699
XIAP,0.1202224993418597
CKS1B,0.12020993554147932
C2orf24,0.12013883530389993
LGALS3BP,0.12013519057447107
PSMB1,0.12012307516160063
KIAA1984,0.12010971717322728
FOXD3,0.12006377315869333
IFITM2,0.1200615564126986
SIRT1,0.12002596850326729
KIAA1143,0.12001065466291966
C6orf174,0.11999080227202281
ARHGEF17,0.1199018746573502
TNNC1,0.1198990688478645
POLA2,0.11987611776218796
CD99L2,0.11978345909600299
SRD5A3,0.11975876571463485
MET,0.11974969090548844
CSNK2A1P,0.11972347984992283
PMS2L11,0.11969213648957036
STOX2,0.11969203202582322
LOC285419,0.11964462356463348
RTTN,0.11964225081156085
PLA2G12A,0.11962594691274668
MSGN1,0.11959648225954425
GCLC,0.11957580391763936
ABCD3,0.11947894845136091
C10orf108,0.1194637727909988
C6orf15,0.11940589809374522
WDR34,0.11934517122398415
TRIM36,0.11928722339283114
MLLT6,0.1192860232220202
KIT,0.11927589075775695
CST3,0.1192733451121177
ARX,0.11924157283355377
CMPK1,0.11923699294364061
NUDT13,0.11917741622427198
MFN2,0.11917685836176309
IFI27L2,0.11915496940808477
FCGRT,0.1191141382265903
ARHGAP20,0.11908540168013743
CCDC40,0.11904387102052859
KLK8,0.11902984148060519
CFB,0.11892000463140119
TRO,0.11888437733226463
TANC2,0.11883307780187327
BMF,0.11882816999265969
C15orf61,0.11881436537850557
TUBB,0.11878783596471296
SDK1,0.11876984498372967
ZNF460,0.11871509019291365
ADORA1,0.11867069409475323
STK39,0.11865649438927686
AAK1,0.11864837639268024
EXO1,0.11858808448619454
FBLN1,0.1185598164032657
SPATA7,0.11855528076131852
RG9MTD1,0.11853678965009153
PPM1J,0.11852918131810851
HDAC11,0.11844703385155247
CMC1,0.1183659523912386
ATP12A,0.11829455541842916
LOC286467,0.11826779928909562
PYCR1,0.11825634220543238
WDR60,0.11818684178975677
NUDT15,0.11816265821071129
SHANK2,0.11813739120949499
FGA,0.11811722792562186
CCL26,0.11807377605702235
PHLDA2,0.11807227564281914
CAPN9,0.11804498455683726
DHDPSL,0.11799822970777175
INSIG2,0.11793154539497408
MUCL1,0.11789899928676478
TRPV3,0.11789507959396436
SLC2A12,0.11783668258561968
WBP11,0.11783583121418403
TNFSF10,0.11781429515666886
B4GALNT4,0.1177731774033656
TADA2B,0.11776904806540224
BOLA3,0.11776350481767543
PSG5,0.11775267594331389
KSR2,0.11770505789501627
PTPN18,0.11770157608982602
LOC113230,0.11763503378851506
UBE2G1,0.11762572596201078
XPO1,0.11761990332954088
MAGEA6,0.11758201422626169
SLC12A2,0.11756107062514412
ARPM1,0.11755998118549153
LAT2,0.11754216146731421
CTSA,0.11749531871921708
PDK4,0.11746075777222498
SLC9A9,0.11744473837483742
NGB,0.1174194173243764
CCND3,0.11739306625577811
KDM3A,0.1173798647209441
FRAS1,0.11732696599452991
ANXA9,0.11728447507996831
TGIF2,0.11726391542914927
PCBD2,0.1171344376416381
WDR67,0.11713372571087809
TMEM20,0.11710537297245953
GNB1L,0.11707691582757433
RAB30,0.1170633248862206
NOX1,0.11705059214966118
SLC5A6,0.11703374778361407
DTNB,0.11702541421603005
ALAS1,0.1170112004158032
C5orf36,0.11698299765967977
LAYN,0.11697127014046245
KCNJ2,0.11695310261397698
CNFN,0.11687502650068857
PDHB,0.11685067498709048
GBX2,0.11680126084079259
ZFYVE28,0.1167920551294011
EIF3J,0.11676099355357687
CTSS,0.11674442605529156
PCSK1,0.11673683642700323
TTC21A,0.11673065984053897
CNO,0.11659086084526378
ACOT1,0.11658304264595305
TTLL6,0.11657990138048593
RPL39L,0.11651594528190308
FAM86D,0.1164868312933392
SIPA1L2,0.11641176085572498
SEPT10,0.11625665710058843
SORBS1,0.11624819961470706
TXN2,0.11621747111591864
MESP1,0.11621343654589968
PDK1,0.11614597365538515
C9orf103,0.11610539077679802
NEK8,0.11610238667754468
BATF2,0.11605249979072689
FAM20B,0.11601498614855375
SUSD2,0.11600446346679347
ENOX2,0.11599908741359274
TMEM161B,0.11597970047457277
BRIX1,0.11596793064301321
ZNF365,0.11590155408265818
STBD1,0.11583080198931686
TEX264,0.11578582825936017
SECISBP2L,0.11571606362941594
SPATA13,0.11569843651245312
SLC43A1,0.11569281136236546
LUZP6,0.11565189747947932
KCNMB2,0.11558072519009464
CAPN14,0.11552123971048789
STK32C,0.11549380614664258
DLG5,0.11545653622559597
GNPTG,0.11538339315785245
PTPRJ,0.11534007024128899
SBK1,0.11531681982481841
NRM,0.11527822682600339
IQCA1,0.11526939729919719
TRIM16L,0.11526895831898788
U2AF2,0.11525379279201839
NOTCH3,0.11520187645426481
ZNF326,0.11518464754383917
RAD23A,0.11514009214303095
NTN1,0.11508610062020778
SLC25A36,0.11506654003549581
NLGN1,0.1150053245783814
LOC154822,0.11500170257839515
MDFIC,0.11497249778634779
CXorf50B,0.1149539566409637
NUP93,0.1149353845195673
NOS1,0.11489745644444731
HOXA3,0.11488968181153138
NDUFAF4,0.11482300458019294
BOK,0.11480559070969816
USP39,0.11473129499298255
EPHA7,0.11472606718582687
LMOD3,0.11472536870346985
GMNN,0.11471420957003087
BCL7A,0.11468715092035062
GPR110,0.11463916163696583
CASP14,0.11462926252420548
LCLAT1,0.11462407391441103
SYCE1L,0.1145800456644826
PLP2,0.11457662881508852
HORMAD2,0.1145743044443416
HRCT1,0.1145735943918808
DLG3,0.11456161127956237
TPI1,0.11453116232166441
TMLHE,0.1144329738225944
FLJ45445,0.11442861739733967
SEMA3D,0.1144110833103057
FLJ42875,0.1144021114760138
ELP4,0.1143254855822734
EGFR,0.11417027120272356
CRLF2,0.11414794537797121
DTX4,0.11414115320595929
SNORD1C,0.11412329061333908
FAM64A,0.11409552080459388
UNC119,0.11408970010658072
NRN1,0.11407035054900667
ALDH16A1,0.11405961601966745
ITIH5L,0.1140300965505116
P2RY6,0.11402521639849648
SPATA5L1,0.11401260013505884
TC2N,0.11393287670697283
NOL12,0.11393251438790636
PUS7,0.11385438377155696
LEF1,0.11379180969299518
SPRY4,0.11374454293591389
ALDH7A1,0.1137343059290635
SCNN1A,0.1137293966642195
MUC13,0.11366189465037757
DHX9,0.1136536730062032
MRPL36,0.11364086878274787
GEFT,0.11362986541770513
APPL2,0.1135938554342496
KDM2B,0.11358062064234241
C1orf127,0.11356538338180981
SF3B3,0.11353741345178346
PPP4R4,0.11353593724574182
TIPIN,0.11353541505229144
GOT2,0.11352838651853873
C20orf194,0.1134988013192239
LOC221710,0.11344253158564192
KIF2C,0.11343707683249928
CHIA,0.11343471083059511
CLN3,0.11342399970936316
GLI2,0.11338217863645224
KBTBD3,0.11337527418712133
CKM,0.11333698022958283
RAB11FIP1,0.11332460562178898
USP44,0.11324801828075312
SCN7A,0.11319315846953416
CDT1,0.11318166280976517
ARMC3,0.11314083264982842
TRDN,0.1130891911144778
TMEM175,0.11306407692112015
FAM46A,0.11299767579960576
ZNF75D,0.11296541712977662
USP25,0.11296046138909985
FAM55C,0.11289708082131267
RPF2,0.11287468259203873
TNK2,0.11285950515204093
ZMAT1,0.11285652300671055
FBXO38,0.11285483398731444
GDAP1,0.1128163023163005
GSG2,0.1127879449823829
STXBP1,0.11271546705956742
S100P,0.1126674437844287
EPS8L2,0.11265182005757793
AKAP2,0.11263360450628732
H2AFZ,0.11259984244833939
KLHDC9,0.11248651903136712
C6orf126,0.11238615837398638
TMPRSS11B,0.11236823452652617
NPPC,0.11236349734253857
SRI,0.11235618274415594
SLC25A5,0.11229727590228092
CEACAM1,0.11228100593599508
BDH1,0.11227716303394962
NXT1,0.11225660496221333
SNX30,0.11223268710049003
IL6ST,0.11222975942397177
SPC24,0.11222181256796811
BCL8,0.11221455397429997
GFER,0.11220054602193678
CD3EAP,0.11217976180673557
CCT5,0.11215205426877095
ZBTB46,0.1121312625667521
COBLL1,0.11213080074817268
CD47,0.11210457948274363
XRCC6BP1,0.11208822162637455
CCRN4L,0.11207903630422943
SCARF1,0.11204404650000195
TCHH,0.11204307890362775
LRP5,0.11197019298339811
CARD8,0.11187168141476139
CISD3,0.11187035252214433
HOXA9,0.11185882259633767
FGF9,0.11185062615644305
BAG4,0.11178802769961177
MAGEF1,0.1117691029437021
CXCL16,0.11176802273152649
ASPG,0.11175234258713615
DDT,0.11172556314614616
PSMA4,0.11162458604569467
TNIP1,0.1116061826693685
SHISA4,0.11157146906332646
YIPF3,0.11155589634288987
BIRC3,0.11153973065876206
NSDHL,0.11151939201524969
DSG2,0.11150332343576945
SLC30A9,0.11150086990379582
RGS20,0.11147350311266621
C7orf23,0.11139327784539968
ZNF543,0.11130583451202261
MAP2K5,0.11127976770568335
XPNPEP3,0.11124918968613345
SLC34A3,0.11120046367888492
RUVBL2,0.11116565884985942
GNA15,0.11115597962050257
TMEM59,0.1111539428789782
PRKAB1,0.11114571565282781
TMEM105,0.1111427585206709
PPAN,0.11113738714802648
UGT1A5,0.11102693731441333
RUNDC1,0.1109935494418235
RQCD1,0.11097011247144521
KRT33B,0.11094680915709661
OSTBETA,0.11080737612682062
CAD,0.11076700827574024
CIRH1A,0.1107546057471411
FAR1,0.11073583752109481
GNG7,0.11073264657901459
EPR1,0.1107269611173407
EXOC6,0.11068304460544952
FTHL3,0.11067722266199151
FAM83G,0.11067506630930801
CSF2,0.11062807979313947
TRANK1,0.1106243493854835
LRRC8A,0.11059622669994401
VRK2,0.1105735159975363
CCDC30,0.11053722093239368
ZNF626,0.11052639371543894
GAK,0.11045445568464779
LOC648691,0.11042622590577358
ARHGEF5,0.11040822846423204
MPP7,0.11040485995844165
ZNF396,0.1103924887182625
SSRP1,0.11039152651718673
LYPD2,0.11038591238167551
LIFR,0.11038277091134763
CNTD2,0.1103691630547558
TXNL4B,0.11035260997421896
ALDOC,0.1102716618844891
SDR42E1,0.11025546478045235
R3HDM1,0.11020692384730241
TRMT61B,0.11017572796650123
PKP3,0.11016504138300498
DOPEY2,0.11015188178547021
MUC5B,0.1100952374321499
PDGFD,0.11006834768721031
OSBPL11,0.11006661871179826
ALG1L,0.11006020002611858
TMEM45A,0.11005024950237041
PARD3B,0.11000996687398423
ADAM11,0.10994412923453116
HTR3A,0.10993293659964336
AP3M2,0.10980781079706846
GPR152,0.1097531137951318
AKNA,0.10972378660486067
GSTA4,0.10971054067435616
ZNF43,0.10970977105173725
TRPM7,0.10965602706589112
ANKRD20A3,0.10964139429114372
DYSFIP1,0.10963017584309327
TMC4,0.10958560610835337
C12orf34,0.10955309792592814
SUSD1,0.10955271453567893
GCNT3,0.10954591910899503
FGD1,0.10949216791196498
CSAG3,0.10946818531585503
IDH3A,0.10946611308057717
PITX3,0.10940722044224264
GNG11,0.10937172258432204
SRRD,0.1093681687887188
C6orf35,0.109353458691677
TYRO3,0.1093266646762937
ZNF467,0.10931877601659247
PCSK9,0.1093175614821497
NFIB,0.10925663572690857
C6orf227,0.1092464889855525
PEX11B,0.10915077502407736
SLC25A17,0.10914262981274674
LOC728758,0.10914175258950537
TMEM59L,0.10914063326262025
NDUFA9,0.10911283412311527
GRB14,0.10908991778863651
TOP1,0.10908064299851207
RHPN2,0.10907655913733388
EDC3,0.10906980682188958
BRIP1,0.10904809766081984
MTMR11,0.10903559667536389
GPRC5D,0.10900957621598498
LOC100129550,0.10900489299397738
FOXO1,0.10900242867541321
NUB1,0.10899286478288794
FAM81B,0.10898472247296363
FAM113B,0.10895165659604766
SPNS2,0.10894387557793885
CKAP4,0.10892028187346808
TRNP1,0.1088334298157999
POLR3GL,0.10878520109945952
WDHD1,0.10877985889124968
SCEL,0.10876041829548855
GALNS,0.10875649115349736
PHACTR3,0.10864876013086447
SLC39A4,0.10857613123716946
APOBEC3A,0.10857535431071652
C20orf20,0.10855934920272438
NAV2,0.10855120677060548
DEPDC1,0.10853046483087564
KRTAP5-2,0.10852144717709919
SAMD4B,0.10851433377535197
PARP8,0.10846848244287874
UBR1,0.10845044266353858
CCDC34,0.10843869016123686
CAPN1,0.1083965181606428
S100A13,0.10839260714859497
FICD,0.10838584588079771
NR2F1,0.10838019940754713
ANKRD13A,0.10835530596683339
OVOL1,0.10834933730993185
FRY,0.10832051066221832
NCCRP1,0.10831709124700453
LYPD6,0.10830117102713319
SLC4A10,0.10829002397172044
SCAMP4,0.10827508455215781
SLC1A3,0.10827469130794383
ELK4,0.10825645147080172
DR1,0.10818422859632428
ABCA5,0.10817767817214732
ANKK1,0.10814332584918551
HNRNPL,0.10814323258869912
TAX1BP1,0.10812004550968135
CHRNB2,0.10809635767626244
ARL10,0.10806327375780278
ESR1,0.10804069865553785
TWF2,0.10801987156038116
FAM108B1,0.1080137860713266
TIAM1,0.10801215240963062
IQCE,0.10800845569541749
DHCR7,0.10788599641895477
VAMP8,0.1078585647150908
SH3BP5,0.10784818564795953
C17orf60,0.10781123935046073
SPP2,0.10780827582844822
CLDN20,0.10779124686677148
YEATS4,0.10778345667626561
TRAF3,0.10777816952304478
TLE4,0.10772849484351336
AGR3,0.1076899274103346
SLC4A11,0.10763188125926167
KLHL35,0.10761072665995505
EFNA3,0.10760703063172396
WDR61,0.10758133195410259
PDE4D,0.10750949723743133
CDS1,0.10742770896704001
TRIM28,0.10741185913390029
WDR62,0.10740190807234071
PALM2-AKAP2,0.10738807173699763
HOXA4,0.10737613827849513
EMP1,0.10735982233051344
LOC151534,0.10731467682370875
ARSI,0.10724985016758333
KCNA7,0.10721424550700953
HNF1A,0.10719492788690387
EIF2A,0.10717228408079608
RPL7,0.10717219345310341
CGGBP1,0.10716228292660093
JOSD1,0.10712589158950939
HTR7P1,0.1071053061828737
FAM160A1,0.1070998320114646
UGT2A1,0.10702637261242862
PKM2,0.10701660065899087
EIF4E3,0.10701451285149383
DSE,0.10697650282713031
PODXL,0.10693715579510717
ENG,0.10692292963867527
NOTCH1,0.10688110377115734
TBX1,0.10684794718985258
NARG2,0.10684023471745183
ACTR3,0.1068028974671972
KLF4,0.10680252622620143
TCTA,0.10671432264992052
MRPS30,0.1067098111715052
PRIM1,0.10669207758053166
ATR,0.10668772326370385
NUF2,0.1066867710553869
CALB2,0.10668389329589062
HSBP1L1,0.10668213405753892
C22orf30,0.10666037010540562
TMEFF1,0.10660443805671128
CHSY1,0.1065731483975223
NSMAF,0.10653646293512166
MITF,0.10652907303535093
MTMR15,0.10651377370679953
CENPI,0.10643462042108283
OIT3,0.10626616494993452
XRCC2,0.10625082969133438
BACH2,0.10624701002667403
COG2,0.10621519611649416
GAL,0.10617146083010794
TFCP2L1,0.10615239683768708
OSCP1,0.10612372441627754
ATG3,0.10611940913172978
GTF2E1,0.10611263287552651
EZH2,0.10608455497706977
MTERFD1,0.10607097250634552
TFIP11,0.1060598187943249
RANBP10,0.10602370590028834
CDC6,0.10596454182349123
FAM189A2,0.10593464371165436
AFF4,0.10592121422297382
CYP4F11,0.10590935490852024
CEP55,0.10589690953876685
BRI3BP,0.10588214496579319
THBD,0.10586187656147748
USP27X,0.10583182078156951
PCDH12,0.10577614490897824
DENND4A,0.1057287445116774
MALT1,0.10568696431052219
GLB1L3,0.1056851642999843
STXBP5L,0.10567240047045544
PSMD7,0.10563986564989682
LOC729176,0.10562160061383132
ZNF486,0.10561114977352423
FAM20A,0.10559875168696536
DNAJC28,0.10558968236415042
MTL5,0.10558269407608817
POLA1,0.10558152682677781
LRP10,0.1055459232390008
ARID2,0.10546690582995916
TRIM68,0.10542368829001213
TFPI,0.10540092850018541
S1PR2,0.10539992358144556
ALOX12B,0.10538983802215697
TRPC6,0.10537005778583311
LEPREL1,0.10534447747067796
SLC16A12,0.10533768700460114
CYC1,0.10531656305403922
NFASC,0.10530777041419213
TGM3,0.10527887978629437
SLC25A28,0.10522143671041306
IMMT,0.10519140208767747
C11orf87,0.10517127203544137
ALOX12P2,0.10516531186841147
LOC644538,0.10513548377688926
MYRIP,0.1051177165351041
PTPRQ,0.10509911504536916
KHDRBS2,0.10509320590980664
SEMA4B,0.10507190233806757
PSMD11,0.1050239868238711
FMN1,0.10501873927139102
COLEC11,0.10501523916462828
GGCX,0.1050104541695821
MPRIP,0.1049148127314667
LOC650368,0.10489277202705724
MOBKL2C,0.10488980799815029
CYP21A2,0.10478010438538612
GPR172B,0.10475365353632372
CASP10,0.1047105710557137
ARHGAP42,0.1046957017502335
MDFI,0.1046000460545881
EPHA1,0.10459655790959127
C1orf229,0.10459575256199408
AKR7A3,0.10457699077700053
LOC401093,0.10455828100492634
MORN4,0.10455743597070732
SLC12A6,0.1045036363007774
FLJ23867,0.10447941694710663
DOCK5,0.10446402992182269
NOL10,0.10442336708033362
SRPRB,0.10442215489560888
SOX13,0.1044078167360302
DGUOK,0.10439438876529102
FANK1,0.10438423038930192
GYLTL1B,0.10435462256169153
SYT7,0.10433479326084848
HHLA2,0.10433126900202593
C12orf75,0.10428395224922049
RBL1,0.10422458741233169
LOC100216001,0.10417332184120162
SLC38A10,0.10412785229990473
RHBDF1,0.10412432576128945
ITGA5,0.1041200727773824
DENND4C,0.10411889861735149
ALPPL2,0.10409997787015458
FARSA,0.10409946000117414
RIPK2,0.1040712758490173
CADM1,0.10406827076218265
B3GNTL1,0.10406025642701183
C1orf226,0.10403690368494872
TTBK2,0.10402902526704307
NIT2,0.10402022481012642
ILF3,0.10397155948375779
DHRS7,0.10394360001872428
SFPQ,0.10389874050084866
C1orf56,0.10385937902110602
UBA6,0.103805872895133
LOC84989,0.10376079565931928
MTUS1,0.10376043420714773
CTSD,0.10373532149708872
SNRPN,0.1036830797373933
LOC441204,0.1036773810379223
AMHR2,0.1036568144747426
CD74,0.10364468219510144
TFG,0.1035807194812652
SERPINA1,0.1035700543202365
C15orf54,0.10356773494304675
RSPH1,0.10356619076902603
CTH,0.10352618819194541
COX5A,0.10351757901324077
OXCT1,0.10348361239512513
FEN1,0.10346995854562922
OR7C1,0.10346831942361355
NBR1,0.10345129703935484
SCCPDH,0.10344465848169228
NUP153,0.10342889287645074
PPP3R1,0.103371897201894
AP2S1,0.10333215297331502
IGFALS,0.10330639615202973
ST8SIA4,0.10330552057113537
MAGEA3,0.10330129336410361
CXorf23,0.10328065616079014
RYR1,0.10326954169447845
LYPLA2P1,0.10324666502687692
DAGLB,0.10324470163831129
LAMC2,0.10321028715219832
FAM72D,0.10320578905624891
DNTTIP1,0.10317685734700759
FHOD3,0.10313096802125761
PARP11,0.10312694071062453
PAPSS2,0.10307044809820756
TUBA1B,0.10306540678060126
SYT1,0.10300690689620846
TK1,0.10300185763270903
SNX27,0.10296224401198592
KIAA0649,0.10293053730788262
TMEM185A,0.1029226075295411
IMPACT,0.10291559811752105
NDC80,0.10289974092276379
SEC22A,0.10287629677957244
NOXA1,0.1028717247501523
PAQR9,0.10286185777618115
LOC653501,0.1028615219771087
NDRG2,0.1028480007065612
TFAP2B,0.1028289537956891
TMEM185B,0.10279182933533544
TLR3,0.10272193204845383
CCT7,0.1027121039489564
CYP2B6,0.10268268221577612
RGS6,0.10263760641111129
APLP2,0.10262690549467535
DDAH2,0.10260416171148437
DKK1,0.10257256774744382
TRIM59,0.1025703867849912
RAVER2,0.10256862057877165
DAAM2,0.10250187597346586
C7orf41,0.10250153503074219
PECR,0.10249171503100843
KAZALD1,0.10246988547213398
RPLP1,0.10246069924324974
KIAA1377,0.1024407153583428
SQLE,0.10235202838143047
TSPO2,0.1023453896755953
MRPS12,0.1023234611919527
FBXO17,0.10230364652176255
C18orf19,0.10226745627704603
CYTH3,0.10221650676024285
STK38L,0.10221585261507378
PGAM5,0.10216717991566934
E2F2,0.10213878966389939
DIAPH1,0.10213243922761758
CPNE4,0.1020722504632141
PRPF4,0.1020300849095541
C2CD2L,0.1019340572768351
HPRT1,0.10193340089725877
INO80C,0.10188670976172887
MYBL2,0.10174745898369114
SRPK3,0.10171697893978941
ACOXL,0.10171015515289773
THUMPD1,0.10166221975186937
VTCN1,0.10166149803468408
OCIAD1,0.10165385910330978
DUT,0.10165268149121168
MB,0.1016441982474418
USP38,0.10164058275692049
PAX9,0.10162808526264917
HAUS8,0.10159476945634563
GLIS3,0.1015711776381244
C4orf48,0.10150312469543137
TMEM189-UBE2V1,0.10150016100299218
RND1,0.1014348362637004
VSX1,0.1014300512049892
TAGLN3,0.10140972687337371
NPRL2,0.10139536915833401
CTTNBP2,0.10138458696636578
C15orf59,0.10133647707979858
KIAA0090,0.10132690227157806
TCF19,0.10131486991233736
CENPF,0.10130477034481865
DNAJC22,0.10123048476356675
EXT2,0.10118982838799899
STAG1,0.1011893856740353
ANO10,0.10113521974266733
ALPP,0.10112976621620905
HLA-DPA1,0.10112407703524767
KIFC1,0.1010891192638457
TMEM44,0.10108843576225293
FAM72B,0.1010592180827148
IL17C,0.10103034579001793
TMEM171,0.10097920633989159
KRTCAP2,0.10094468657993631
ENAM,0.10093804790357301
MCF2L2,0.10093479288070033
AKAP5,0.10092184967194306
VMA21,0.1008979625793311
FAM118A,0.1008671282451454
ERN1,0.10085357590663575
ST13,0.10078663162495424
AADAC,0.10077712094926002
RHOBTB1,0.10077480227619055
C1orf131,0.10075986938322656
SKAP2,0.1007237937192484
RASSF1,0.10071492280862063
TPI1P2,0.10070629444266646
HYI,0.10070494269846873
CLCA3P,0.10070330762598037
FAM92A1,0.1006090666573105
MIA3,0.10059352632870912
RNASEH1,0.10054632809188037
PSRC1,0.10047994528070073
SLC17A5,0.10046569779944392
GPA33,0.10043704552727649
DKFZP686I15217,0.10042125339113075
DCAF17,0.10034861858735747
CDC42SE1,0.10031544242287826
VAMP5,0.10031473834062206
PTMS,0.1003057760780568
LOC100130581,0.10030361979501616
TARBP1,0.10029457892790465
PLA2G6,0.10019825137560238
XRN1,0.10015045334512843
FAM115C,0.10005465351120761
PDE9A,0.10004077537137301
TMEM17,0.1000137278674736
TNS1,0.10001170435831563
MCCC1,0.10000551155672716
MOBKL1A,0.09997798495681197
CLSTN2,0.09996357888688785
CASP2,0.0999490029053397
ASB9,0.09992580207745007
FCHO1,0.09991619101188325
CARD17,0.09986952738670726
TMEM50A,0.09984703381566684
TNNT3,0.0998465142011162
C1orf68,0.09982572780013908
PGRMC2,0.09981777108822566
SDHAP2,0.09971537565574642
TPRA1,0.09971510383255741
ZNF440,0.09971034972401552
KIAA1244,0.09970953952607148
JMJD1C,0.0997018894866392
ATPBD4,0.09969401988019243
MANF,0.09968110573961493
TRPV6,0.0996719347940447
CSNK1D,0.0996498232799976
LOC80054,0.09963740993270094
C7orf57,0.0996231663610813
SNCB,0.09961005827040773
SPCS3,0.09960676752735487
ADD3,0.09953880533336185
TOP1P2,0.09947471995264455
KLHL25,0.09942842196418902
DYSF,0.09935632806399576
PRR11,0.09934330606178668
RNF130,0.09933430174517399
TAF2,0.09928009130587262
DPY19L2P1,0.09927040593874766
SDR16C5,0.0992671209933418
DBF4,0.09920933432743329
ZNF711,0.09919682779181868
C18orf32,0.09919390353045895
C6orf27,0.09918040421404221
EWSR1,0.09910848310246005
C2orf50,0.09909690028655213
ATXN7,0.09907996164282383
TUBD1,0.09907565578598888
C1orf105,0.09903955637150755
CDAN1,0.09903583689791093
MTIF2,0.09902349420415953
RARS2,0.09896604646075526
CGNL1,0.09893347112269706
TBP,0.09892738105930449
MDGA1,0.09891763459425065
ALOX15B,0.09891381100269875
IL17RE,0.09889679579287701
SLC29A1,0.09888892867015443
FAM25A,0.09888340422179033
ARHGAP6,0.09887469783180548
NUAK1,0.09884603951631112
ALG10,0.09882367059183529
GPR126,0.09881549698049355
SNRPD1,0.09881496082148734
BDP1,0.09877716134967977
KRT71,0.09877592464270725
ATP8B5P,0.09875256336402634
CCNB1,0.09875206002278272
ZNF706,0.09873615578289101
CIITA,0.09873463539093175
XRCC3,0.09872336220200553
TRIM35,0.09871191398908007
MCM10,0.09869358489832365
UCN,0.0986874603884465
LRP1B,0.09853667400729922
LHFPL5,0.0985195670056767
SLC25A23,0.09843944888362666
CACNA2D2,0.09842172646026105
CD82,0.09837243430584841
ACAA1,0.098372006800631
H3F3C,0.09835895050597156
FBXO30,0.09835458144318909
ZNF33B,0.0983347294378788
ENC1,0.09829999640517396
ST7,0.09826407760088729
NPTXR,0.09826262086429063
CPEB3,0.09823095240596366
HOXA7,0.0982172795499476
POLE3,0.09818333083163032
SORT1,0.09816426149306129
EIF4A3,0.09816412752054399
TTC23,0.09814447292193314
GTF3C3,0.09812861287267793
OTUB1,0.0981285411930588
KPNA2,0.09810816910766312
ZDHHC5,0.0980993947704464
PLK4,0.0980925557233967
NAGS,0.09808230707075287
IL27RA,0.09804173859937783
ADRM1,0.0979937610185756
TPST1,0.09798242877442677
C5orf24,0.09793377260146932
SIX2,0.09792339541604757
GSTM4,0.09791637158201517
LSM4,0.0978655468725208
IL20,0.09783361256570343
PI15,0.09782550223832837
LOC284551,0.09781862664311079
PRG2,0.09779602798754274
LIG1,0.09777591960310852
LY6G5C,0.0977383250721109
SLC6A20,0.09773692750174506
KIAA1107,0.09772926679405032
SLC18A3,0.0977277012208046
RTN4R,0.09769248274752101
EME1,0.09763605869554534
FGF18,0.09763562061111829
TUBGCP4,0.097633780301401
GSTM3,0.09761322434436365
FBXL2,0.09760373468831059
SP6,0.09754655825787033
TCEAL1,0.09752535911942062
LINGO2,0.09749689895721612
ANXA5,0.09749005055108279
RAD17,0.09747448874357349
C9orf96,0.09744293602039529
AIM1,0.09739847553232056
TNNC2,0.09739795539768599
SNHG1,0.09737876765154874
ZNF367,0.09735438572921631
LOH12CR1,0.09733761345410608
SMOX,0.09731001254163395
SPRY1,0.09727167596479783
GABRG2,0.09726136942718464
ADAM15,0.09723627301337938
PTPRN2,0.09711226369051987
MTMR2,0.09708686405825208
AKR1C3,0.097038712992253
SKA3,0.09703505252107274
CNIH2,0.09702751844541231
MRPL51,0.09698061603081183
SGPP2,0.09688527663659353
RASSF4,0.09683720812458625
ORAI2,0.09682345264766898
KRT86,0.09676840516984758
TMEM56,0.0967510395508685
SH3D19,0.09674727441254932
ABHD11,0.09674608907813467
GABRP,0.09671068885980433
RNF125,0.09670660720836585
FAM23A,0.09670308041906747
B3GAT1,0.09667604114275902
AMMECR1,0.09667297424514412
ZNF608,0.09666547118871038
C12orf41,0.0966572239495926
PP14571,0.09661849500545629
C17orf50,0.09659827838335999
PIP4K2A,0.0965982592862774
DHX34,0.09659546290580992
YIPF5,0.09658908513655934
LCE1B,0.09656926984575763
ANLN,0.09656853945263034
PDCD7,0.09656392771920112
ANKRD13B,0.0965355221701938
ZNF33A,0.09651717250365568
PRR13,0.0965165010054291
ZDHHC8,0.09651443830431174
ZNF578,0.0964909165383387
DNM3,0.0964712372577391
RTN4IP1,0.09645522227472621
PTS,0.0964341474980847
SLC15A1,0.09636757445983613
GMPPB,0.0963673522975606
C2orf71,0.09634188994864931
POLR1D,0.09633675526875614
PTTG1,0.09631906857644171
PRKDC,0.09629765694211992
NCAPH2,0.09629693007831217
LOC284023,0.0962603000327757
AMY2B,0.09625852109853412
GYG2,0.09625744771362509
HLA-DQB2,0.09624831223339218
LAMB2,0.09624359998105866
FBXO5,0.09622563277138012
TUBB3,0.0962089701854919
NAT2,0.0962078541292783
MGAT4B,0.09620678204771892
IL11,0.09619625347733984
NEK4,0.0961827484092711
MRPL4,0.09615410692285674
MTERFD2,0.09613732570641774
CLNS1A,0.09612946458791667
ATXN2,0.0961134237075871
OSBPL9,0.09609672463754647
LOC100126784,0.09608705909722133
ZNF473,0.09607276429873102
ADNP,0.09602817435764886
GPR98,0.09602469510408052
TRIM27,0.09600654899863313
POLR2F,0.09598379474772951
CCDC21,0.09583197263777021
ASF1B,0.09581516547226698
SHISA7,0.09580825177753446
IQSEC1,0.09579350696466235
PXMP4,0.09579320828719194
MYCT1,0.09577874387634883
C7orf68,0.09577317442339761
IFNAR1,0.09576650439422257
RIN1,0.09576038978805285
LPCAT2,0.0957482714798889
NCRNA00081,0.09572261975888795
TBXAS1,0.0956920673147522
NRXN1,0.09567256319820862
CMIP,0.09564887426354533
BUB1,0.09563092839309252
RFC3,0.09559532353935507
BMP4,0.09556109587861489
FAM53A,0.09554042512756131
SFRS3,0.09552831383918128
CP,0.09549488619383027
PAPD7,0.09543699477759238
YWHAZ,0.09540942117126394
SOHLH1,0.09539581595060972
PCP4,0.09538798322804752
PDE4DIP,0.09536839215597102
DNAJC6,0.09536153958080677
SLU7,0.09536049960133482
KIAA0114,0.09533010541479628
ARPC1A,0.09532701197826952
AKD1,0.0953036535374899
RDH14,0.09527331799829894
LRRC49,0.09526437379304542
KCNQ1,0.09520051970417988
RHOB,0.09514968064065579
AQP5,0.09513154364101059
SMAD7,0.09509469867482553
C14orf19,0.09508087993434859
SLC16A3,0.09507014270421074
STMN1,0.09506685786901546
C9orf30,0.09506342861531253
PRSS12,0.09503927366441768
C12orf23,0.09503437687169869
SPNS3,0.09502325644019326
POLK,0.09501670475752355
C8orf42,0.09501530703206576
APOL1,0.09496157722747817
AMY2A,0.09489957643152713
CCNE1,0.09488108476344388
STX1A,0.09485676507942813
C9orf172,0.09483976193910955
HRC,0.094829794274816
DYNLT3,0.09478234592571913
TAF5,0.09475302659589475
OPN3,0.09467732045075035
IGF2BP3,0.09466229581865236
MOBKL1B,0.09464909887706364
TXNIP,0.09461511970434738
C11orf9,0.09458929606965422
MAL2,0.09458155684134653
MANBAL,0.0945737924755074
EPS8,0.09457080810752697
TSHZ3,0.09453726306534622
KIAA0232,0.09452822741279333
RSU1,0.09451853216835497
VIPR2,0.0945090737241545
SFRS9,0.09448751356056372
ADPRHL1,0.09444528358659515
HPS4,0.09442964218437579
GTF3C5,0.09442194370493774
MUC16,0.0944148336348615
USP53,0.09438862218647295
JPH1,0.09437286568732278
DMP1,0.09435509285243975
SIRT4,0.09434170870810461
NDUFB4,0.09433570759900686
OSTalpha,0.09431430594224824
DDX1,0.09426832857322323
CLASP1,0.09425796751114572
FAM53B,0.0942493340752464
AKTIP,0.0942469059834658
TNRC6B,0.09422528509908325
GGTLC2,0.09422432954699492
PALLD,0.0942213683569263
CAMSAP1,0.09419850428187067
TCHHL1,0.09418638808966799
HPGDS,0.09417145574331687
C10orf91,0.09417098039486174
ENTPD7,0.09412402318774298
SPINK5,0.09410371547933849
IFFO2,0.0940885868920415
HJURP,0.09405794125642405
NAT10,0.0940451707071847
GRAP,0.09401953683130358
CDA,0.09399934059473661
SEPT6,0.0939805837317233
PRMT3,0.09394940360652242
IL1F5,0.09392412281068405
POP1,0.09388760894676942
PHB2,0.09388151982217958
LANCL1,0.09386093754521298
GLTPD2,0.09385927119993304
C3orf67,0.09379529838042763
H2BFM,0.09377151688323236
ZNF702P,0.0937336371640379
NIPAL1,0.09366680118112809
CUBN,0.09365077614682447
LOC646851,0.0936313875200666
C12orf66,0.09360977988804181
SLC17A7,0.09359824641822428
FERMT2,0.09359752794190025
FER1L6,0.09358749658975204
UAP1L1,0.09357828428492602
MARK4,0.09354590534839645
ATP5G3,0.09351307192600207
ZNF85,0.0935044100084302
MFSD6L,0.09348109846954918
UGT2B4,0.09344108958389447
IGSF1,0.09342885630388462
GLS,0.09341352127130678
WRB,0.09339649560212564
SAMD1,0.09339571098193265
PRRT1,0.09338114683890511
ACTN4,0.09337406742160108
TGS1,0.09337126198183775
PECAM1,0.0933441148984934
CTXN3,0.09332081903744471
SLURP1,0.09329278659797889
CDK8,0.09327631968602068
YDJC,0.09322510142355284
RAB40B,0.09315169684856561
PALB2,0.09312871328589784
GGPS1,0.09310748755215822
ZBTB10,0.09305267048307553
BET1,0.09305016278222447
ARID3B,0.09299663549209265
C20orf7,0.0929734801877267
VEPH1,0.0929604517102678
PLDN,0.09295559340872872
IRS4,0.09293831534213005
GPN1,0.09293408783768364
GPRIN3,0.09292655356704208
MRPL30,0.09290759930663796
PTPRU,0.09289547052622724
KRBA1,0.09288172893291953
MBNL2,0.09282386587892713
STIL,0.09280517830733724
FAM164C,0.09279100895318194
MRC1,0.09275318189104315
FLJ46111,0.09274555435808303
HAGH,0.09272123635627909
C8orf46,0.09269286090041129
HS6ST2,0.0926883626607613
CD276,0.09267356749939437
RECQL,0.09264560478301453
SV2A,0.09261650810826298
DNAJB4,0.0926127190336187
TEKT5,0.09260145325528484
IDUA,0.09259398321702973
ATP4B,0.09256763993954459
ATP5G1,0.0925391347055306
STX3,0.09252259231761836
CIR1,0.09251917921466682
ZSWIM7,0.09249821585416773
IFT57,0.09246653639304823
HIP1,0.09245181667964594
ZNF610,0.09244891431513137
CASP4,0.09241826708154906
VWA3B,0.09241508399912397
RNF208,0.0923559047839149
FLT4,0.09234453053383014
GGT3P,0.09233861107169267
SLC12A7,0.09232058465339123
IFT122,0.09230467523902473
ATAD2,0.09229060690567881
CLIC5,0.0922721962853391
LOC388692,0.09226581455492976
FES,0.09226303875311671
MGST1,0.09224964735752113
ZNF382,0.09224319457167261
ROBO1,0.09222747941866297
ARHGEF19,0.09222287383265701
SLC30A5,0.09220362139157076
C15orf48,0.09218621466124068
GDNF,0.09209144484813046
ALMS1,0.09207645119949641
TPRKB,0.09204936065777515
RGS7,0.09204908325066789
AK3L1,0.09198596776131923
ABCA3,0.0919683396716478
USP54,0.09191156576914125
AP2A2,0.09190046253998005
FOXA1,0.09183811461756176
FAM110A,0.09181235931840631
HOMER3,0.09180745287046972
PLXNB1,0.09177419774881372
WIPF3,0.09175909803385653
GLRX3,0.09174303728638905
OTUD6B,0.09173870256879586
BPNT1,0.09172514583508748
SLC38A9,0.09168498615510608
MRPL42,0.09168236266341903
LRG1,0.09161473180396885
FKBP9L,0.09155488511424288
C19orf2,0.0915485158413764
TPST2,0.09153417302943076
KLK5,0.09151497927798279
WDR4,0.09147030057342137
FSD1,0.09144481685137752
CARNS1,0.09143985262420767
KRTAP19-1,0.09143977234526969
KIAA0247,0.09142467250207627
CCDC138,0.09141441458875409
ZFR,0.09137450198011751
GMPPA,0.09133703522087983
KCTD11,0.0912601101745434
SIAE,0.09120253026037033
TCF7L1,0.09120072469282176
INHA,0.09119962312132887
ZNF74,0.09119538469032284
S100A3,0.09115840600749157
FAM120B,0.09114352251346995
TSPAN7,0.09114085091531192
SLC10A5,0.09113845016644692
CLCN1,0.09113817255746892
PTPN13,0.09113665187331285
PHYHD1,0.09111924227410802
MSC,0.09106887343509354
FMO4,0.09106019821246607
S100A6,0.09103174621543222
MFSD10,0.09100364626202448
PIGR,0.09097517752231614
WDR12,0.09089190820946196
UBE2N,0.09087933856605146
GPR132,0.09087502327634935
FAM82A1,0.09086527437688632
NCOR2,0.09085297810375943
BDH2,0.09085211429271814
ALOX5,0.09082742886794679
DPM1,0.0907937539550521
FAM18A,0.09076233574696842
GSTP1,0.09074153946122909
EREG,0.09074029151150691
HLA-DQB1,0.09073408726959205
C8orf34,0.09067438126497493
CXCL6,0.0906633196044077
LOC154761,0.09065855103311714
DNAH7,0.09065690806572181
AHNAK,0.09065634636171706
EFHD1,0.0906415895484129
PHLPP1,0.09063972381653107
EEPD1,0.09063897649907887
VTN,0.09063137821230727
TMEM48,0.09060489494487425
MAGEA1,0.09060285005109354
MLLT3,0.09057906063567513
AGPAT6,0.09054443887555362
NUP107,0.09049424470547117
KIF4A,0.0904915826025169
RAG1AP1,0.09047339266618201
ITGA1,0.09047008374456081
SLC33A1,0.09040077834123818
NKX6-1,0.09036156950667483
GATA5,0.09034136941733378
NFATC4,0.09033561882129926
DDX60L,0.09032585591291438
COL2A1,0.09031815058055954
PANK3,0.09030532454203354
SEC16A,0.09030390782396575
UBA7,0.09029781444617675
NADK,0.09027706416024342
TMEM130,0.0902746452156595
DPYSL4,0.09026730527891182
TBX15,0.09023182876163169
YWHAG,0.09022526308519184
PAK6,0.09022313757414527
CACNB3,0.0901964803963038
PLCB2,0.09018321264419872
NCAPD3,0.09017628320056213
ASB14,0.09016464538860294
TSC22D2,0.09013953376244045
DLGAP5,0.09013151145984048
IMP3,0.09010561902636609
BOP1,0.09008362740143504
RECQL4,0.09008176138547028
ZXDC,0.09007084513881174
GXYLT1,0.09006471689176371
KLK6,0.0900639616753013
CASP8,0.09005194916394246
C15orf29,0.0900321663267441
C16orf13,0.09002380493606352
MAPK1,0.0900074106619722
FAM157A,0.09000180441447277
FAM3B,0.08997735434149357
S100A4,0.08996611824117767
GRHL1,0.08995820630673604
FANCD2,0.08995007259002596
CDR2,0.0899346582917785
C2orf62,0.08992018114704649
TRIB1,0.08988869061179039
AAGAB,0.08987962749776297
CYP2C18,0.08986713736891945
SHROOM4,0.08986581644471733
GPR137B,0.08986381640532158
CATSPERG,0.08984994726473033
HOXD9,0.08984938895000681
SLC22A23,0.0898490639914687
GUCA1A,0.08984576970372296
OR5M11,0.08979555288849068
CPLX1,0.08979533113462326
ERP27,0.08976862104580502
SLC44A1,0.08974753945626363
CENPE,0.08969472349970989
C20orf197,0.08968470270757652
BANF1,0.08967984579105515
C3orf65,0.08967318993411655
CEACAM5,0.08966942645586769
RAB33B,0.08964808509712105
UBE2C,0.08962732869765738
LCE1E,0.0895908007020976
KRTAP4-1,0.08958492695103132
ADAP1,0.08956456420136222
STARD3NL,0.08955146465024753
GRWD1,0.08954633754529928
COX11,0.08951567488865252
B3GNT8,0.08950267717092153
KIF21B,0.0895018806021254
C9orf85,0.08947302506630264
MASTL,0.0894521882228461
LOC283404,0.0894449011308576
IL13RA1,0.08942981738369646
ANO5,0.08942296027985437
IL20RA,0.08942027425634802
BCL9,0.08941865966176071
CCDC50,0.08937332661242835
C17orf46,0.08935290363289866
OBFC1,0.08935032506956712
STX18,0.08934896146341155
SART3,0.08934274752644407
MKI67,0.08932761652807639
DEPDC1B,0.08930539281797727
NME3,0.08929919129817776
C14orf105,0.08926177092671476
NCAPG,0.08925050200645084
SLC7A2,0.08924599834750907
CBARA1,0.08922409252067096
MPP5,0.08921286631142815
NUBP1,0.08919872226781154
RPAP1,0.08919045159024021
ALOXE3,0.08918960240929723
MAMSTR,0.08918228676654878
C9orf3,0.08917791776923385
ZUFSP,0.08915820592925995
NF2,0.08914999270745495
CCL13,0.08913305392017433
CRYBB3,0.08913091887476111
NUP62,0.08910810482970666
CKAP5,0.08910385700034809
ATP1B1,0.08907883819551461
SEMA3E,0.08907452779240023
FLG2,0.0890712112889192
GLIS2,0.08904317658396868
C1orf228,0.08900199746580068
CMTM4,0.08896924547632469
KCNJ14,0.08895754157559356
NEIL1,0.08894425246204143
HLA-H,0.08894175453449542
IRX6,0.08892467655716257
SCN9A,0.0889138876003584
LOC339674,0.08887272400317377
SEPSECS,0.08885457711380594
MLKL,0.08879077358977168
CNOT3,0.0887828546656697
FAM83A,0.08877040492321502
L1CAM,0.08872996455681355
HDX,0.08869881712582539
TDH,0.0886888083890764
PNPLA7,0.0886831701036453
LOC152024,0.08868016864306262
POLR1A,0.08860114521720716
MIER3,0.08858791354279773
C6orf176,0.08855990688679143
PCSK1N,0.08854619725129412
APOBEC1,0.08854011543190168
NMB,0.08853902737231518
UQCRFS1,0.08853440876336381
HLA-DRB1,0.08852145819823672
CENPQ,0.08849647238566664
C19orf40,0.08849563668892259
SEC23IP,0.08848485623149319
PBLD,0.08848350522477345
LCMT2,0.08848178940165535
VPS13C,0.08848121765782982
TMEM109,0.08846968723977577
TBC1D12,0.08845594359728409
ATP13A5,0.08845265967172138
C3orf57,0.08844630034759052
NLRP10,0.08843841237020554
SNRPF,0.08835367616141238
ADC,0.08834674799503961
PCTP,0.08832272555632222
WNT3,0.08831005275681318
ZNF384,0.08824182280105043
VAV2,0.08823460743110455
PSMA7,0.08819727917638162
SFRS12IP1,0.08818437154590834
PA2G4,0.08817210909784061
NR2C2AP,0.08816837291218971
C6orf26,0.088144779132105
LPA,0.08811173132785374
TMEM170B,0.08810206691551231
TMEM167A,0.08803101320810744
PRODH,0.08800766869970283
ICK,0.08800166143964405
CCDC64B,0.0879719997929451
LOC648740,0.08794564517534628
TKT,0.08789732107828704
CELSR3,0.08782712994340812
C11orf84,0.08782706976753939
NAE1,0.08780242842662178
GNAQ,0.08779218857683516
UBTD1,0.08778085567802722
KMO,0.08778025871038174
CHD1,0.08777231541637799
ULBP1,0.08775557682002297
LSM7,0.0877528339703068
CAB39,0.08774819340049778
ESAM,0.08774474703265372
SP100,0.08773647788140197
PALMD,0.08771233408508472
HOXC6,0.08770857027952682
TRAIP,0.0876745781730188
RRM2,0.0876717614019883
C14orf28,0.08765596222145593
KDM3B,0.08762139645307056
LMO1,0.08760428722086248
UBE2E3,0.08756999274132723
HOMER2,0.08756069390611992
GREB1L,0.08754122777974273
ME1,0.08753645923764794
ACBD5,0.08753256464149506
ISOC1,0.0875242836152194
SLC25A37,0.08751381350718265
SFRS2,0.08747773564831739
KL,0.08745266715278587
FBXO43,0.08743910857257302
EIF4ENIF1,0.08742460962025315
EIF5,0.08741187481484464
DAP,0.08740343278063002
C15orf40,0.08739921587310191
H1FX,0.08738710949033054
UMODL1,0.08738628550787443
FAM72A,0.08738551367114292
AKAP6,0.08738062948138005
RANGRF,0.087358884840818
CRLF1,0.08735369726291638
QRICH1,0.08733111168730548
TRPM8,0.08732170061010085
RCCD1,0.08732088771987503
PGD,0.08729834366691734
AUTS2,0.08729424698650776
TMEM161A,0.08727443756934848
PRPSAP1,0.08725225048100908
MED27,0.08723806581645555
DDX12,0.08722790608239839
ACRV1,0.08720157247003411
ASPM,0.0871859615883201
HSF2,0.08718295664830442
TPK1,0.08717953867265724
RGS5,0.0871549825991134
TERF1,0.08715037625580219
C10orf82,0.08709610201180444
F8,0.08707261481427275
CTPS2,0.08702318345317112
MLF1,0.08701943529940387
PSMG1,0.08700803465719686
PHF13,0.08693053946999979
GAS8,0.08689946445671838
MLEC,0.08689073151996865
CPAMD8,0.08688499248886664
SLC5A2,0.0868573371017773
MED7,0.0868497678748773
RAB3B,0.08683658506455282
ANXA1,0.08681378450970967
POLG,0.0868110775454299
WNT4,0.08679471965212392
SPN,0.08679066511053221
WDR70,0.08678660708850751
TMCC3,0.08674883578526682
KIAA1370,0.08674787212561795
C4BPA,0.0867441558212537
CBX2,0.0867091343014181
KANK3,0.0866875964132413
CAMK2N1,0.08668585421177287
SLC25A16,0.08666260845542854
KISS1R,0.08664330180597353
PPIL6,0.086638114102023
NCK2,0.08662393920493264
MSRB2,0.08662198112060632
PEX5,0.08662159175508428
LOC100101938,0.08659755061814486
CCDC77,0.08659265969115858
VCX,0.08657850805136963
HSD17B6,0.08657813746470613
KIAA1409,0.08656764579910736
TNFRSF18,0.08653421075066631
SMPD3,0.08652850337227998
DALRD3,0.08649696216251644
THSD1,0.08647692409592611
KIF14,0.0864498112748528
DUSP8,0.08643732537756277
CREBL2,0.08642836116247872
ALAD,0.08642567783321403
KIAA1462,0.08642014663295741
APBB1IP,0.08640955687875754
FXYD4,0.08637347927952979
GNA13,0.08636250018053426
C12orf36,0.08635516576690211
KRT8,0.08634382923074271
C2orf44,0.08632329128986649
SEC31A,0.0862450170362143
MPV17L2,0.08621432916923034
KIAA0408,0.08621117849089918
FLJ37453,0.08617149103320917
RPUSD2,0.08613336815450398
SLC2A13,0.08610166328606676
MSLNL,0.08608469148921358
WDR89,0.08606563356942486
OPHN1,0.08603347814597151
LIPT2,0.08603151361387523
FLJ33630,0.0859898660336861
TBC1D10A,0.08598892623710694
SHH,0.08597197197855343
WDR19,0.08594120163020866
LTBR,0.08593320436671953
CDKN3,0.08592827445440204
MGP,0.0859065836896858
RNF17,0.08590094520251354
PTPN22,0.08589621685500026
DOCK8,0.0858868929258421
ETV4,0.08588653821811872
ZNF320,0.08588645652226477
AIFM2,0.08587554687393445
SYTL1,0.08585333287417221
DGCR6L,0.08585241103825815
PSMC2,0.08582007423385846
C5orf32,0.08579721178419858
GPSM3,0.08579249530435114
ARHGAP26,0.08577676773822995
MAP4K2,0.08577164966273308
C10orf11,0.08571828799948701
GDF5,0.08571663775256362
MFAP2,0.08569695249185269
GPR149,0.08569671421804818
EHD1,0.08569656636821114
CEP63,0.08568777526352488
CMTM3,0.08567384319626611
SPATS2,0.08565391566992601
TGFBR3,0.08565345129585372
CD93,0.08560754643505847
GPR158,0.08555325498928526
TNXB,0.08554911740068764
MMP12,0.08554643747835167
MMADHC,0.08553865117044426
EZR,0.08553542966784605
CADM4,0.08553526464308893
LOC341056,0.08545501175770893
ICAM4,0.08543259962250627
CYP8B1,0.0854317373843174
HES6,0.08541934767524328
TBCD,0.08540129517719447
C14orf45,0.08539646404248885
NEIL3,0.0853946029829087
KLK7,0.0853896217036938
ANKS4B,0.0853886107678997
ARHGEF10L,0.08538132720272558
CCDC159,0.08535863334572905
TAB1,0.08533685746426603
TMEM41B,0.08532342402276209
ACY1,0.0853203812960464
C1orf21,0.08530172561142359
SSBP2,0.08525595238198244
S100A16,0.08524369615967133
GSK3A,0.08519577157325993
LY6K,0.08519416931530535
OSBPL7,0.08510162880374476
C3orf43,0.08506715087259681
ATAD5,0.08504273926135618
EPS8L3,0.08499259526744438
MAP3K13,0.084989530527075
CLDN2,0.08498929533458902
OTOP3,0.08498793637397137
MARK3,0.08498713708025504
RFC2,0.08497634824515203
SLC10A7,0.08495656235404028
SMPDL3A,0.08495085160911126
IP6K1,0.08492476466597018
WDR18,0.0849199277767572
PRIM2,0.08490728161238982
SHC2,0.08487525588052937
ARID4A,0.08484353217881495
GSTO1,0.08484146012914723
S100A9,0.08483606647560349
CANT1,0.08480041437365138
ETV3,0.08475357069195473
ORM2,0.084731477095582
ZNF792,0.08472806110356047
LOC442421,0.08472618575982703
ZNF280C,0.08469968571557139
DCP1A,0.0846788359622281
MYO1G,0.08467034083986548
TM4SF18,0.08461001914601217
YARS2,0.08460193305104849
SLC30A10,0.0845306303155097
CREB3L4,0.0845183584512581
ARRDC1,0.08446761172764314
STON1,0.08446011651135868
C20orf141,0.08444650167613367
UFM1,0.0844379823069782
FGD4,0.08443596232479217
NKRF,0.08441712676423534
B4GALT6,0.08441566275634574
ARL13B,0.08440018718833904
RASA4P,0.08436150268507867
XKR6,0.08434492019965187
ACAA2,0.08433928097402447
CHST3,0.08433006635308715
LYPD5,0.08431041351166016
LOC388796,0.08430381724344425
PWWP2B,0.084292097067154
LGMN,0.08424439048612975
HAPLN3,0.0842137683475616
VEZT,0.084209173023469
LIN7B,0.08419157721365894
RNGTT,0.08415898531021299
BRD8,0.08415816838197658
ITGB5,0.08414875476124423
PTP4A1,0.08412729196635887
ZNF540,0.08412711218031525
DPH3B,0.08410212506645605
CRLS1,0.08404105136084229
CDC40,0.0840407170707598
ANKFN1,0.08402266499437744
NSF,0.0839886633792637
PLEKHF1,0.08397991561181435
NACA2,0.08395847015356334
PHF12,0.0839499535419844
FBXO32,0.08393101775930034
CHRFAM7A,0.08389922716805608
KRT2,0.08385614967922816
HOXB13,0.0838505087617119
SCML2,0.08381446807279003
TRIM10,0.08381412878871196
GNPNAT1,0.08379075555627064
REPIN1,0.08378257472609295
ATP4A,0.08375562486415987
ZNF652,0.08375266951386082
TRERF1,0.08375260026249412
RBM43,0.08374268451104196
C9orf170,0.08373368179918347
C3orf63,0.08366158902630073
CCNL1,0.0836577983140369
SMPD4,0.08365708487460549
DFNA5,0.08363698980604353
HIF1A,0.08363647578836798
PNPT1,0.08361062463277402
LOC100129066,0.0836061490913819
CSNK2A2,0.0835993704659998
WDR5,0.08356563691518776
MELK,0.08354559835109078
SYT12,0.08353776516935249
KDELC1,0.08353184749291194
WNT16,0.08353092707432086
NCRNA00095,0.08352067960175384
LOC400759,0.0835080537021224
KCTD12,0.08346613231333867
BCL2L1,0.08346380649410669
KIF15,0.08346301074395711
LOC100101266,0.0834431317346097
CRNN,0.08343976767255407
FAM91A1,0.08343599785682507
OSBPL10,0.0834352572104367
PAR-SN,0.08343375745454541
VDR,0.08342382392485032
OSBPL6,0.08338489780937348
HLA-DMB,0.08335212396768572
PDS5A,0.08334407082950583
LAMA5,0.08333123133027627
SGEF,0.08324482198522103
KLHL2,0.08324194935194858
DPYD,0.08323688762285644
FBLN5,0.08323274795322148
SAMD11,0.08321476761649904
CSRNP1,0.08318671666908733
ASRGL1,0.08318317579862736
SPOCK1,0.0831631061962914
LTV1,0.08313809120469844
LRIG3,0.08313233937002952
C1orf161,0.08312713889956233
SCTR,0.0831231114474766
CHIC2,0.08308224633869823
ZNF441,0.08307298346304592
CHAD,0.08306916789716495
KCNK7,0.08304314847348492
CN5H6.4,0.08304306059536631
C20orf111,0.08303524896822202
LGI3,0.0830258318200223
TRIM15,0.08300872109915755
CLEC16A,0.08300004993691573
LPAR6,0.08299787854766719
DRD2,0.08299149039460045
TMEM98,0.08297037248142416
MYO1D,0.0829668077331385
TOM1,0.08290342904344451
PPM1K,0.08285564156893803
DNAJA4,0.08283432407241317
KLK13,0.08282963166275281
KPTN,0.08278464202799672
C2orf58,0.08272291624958163
ACTN1,0.08271293505064242
ATG5,0.0826881526714727
LAMB1,0.08267344686767453
ZNF876P,0.08266758886521253
FZR1,0.08266388658524994
FIGNL1,0.08264441412728707
MKI67IP,0.08259340507907777
WSCD1,0.0825536376916812
?|100133144,0.08253052856046222
INPP5D,0.08252873855020051
LRIT2,0.08249752788103698
C4orf33,0.08247534311051799
BATF3,0.08246799839045965
EPAS1,0.08245966360846195
ASCC2,0.08244960445531314
NHEDC2,0.08242847612498053
TSPAN9,0.08242028375574302
GNAZ,0.0824104351753728
CRTC1,0.08239987032256249
LMAN2,0.08237848309742735
TFDP1,0.08236182390957186
FBXW11,0.0823549082629911
FLJ44635,0.08235446043743871
C13orf29,0.0823025672428007
C1orf123,0.082298359918624
PRRT4,0.08227517501028447
GLCCI1,0.082271313367762
NKX1-2,0.0822569231082913
HLA-DRA,0.08224929705139236
C6orf115,0.08224737612426082
LOC100134868,0.08223754110450454
PLA2G3,0.08222579766209297
TIMP1,0.08221757875226278
LRRC56,0.08218177906326193
ZNF117,0.08216677417265443
ZC4H2,0.08213928910468171
PIGQ,0.08210438888863415
STX6,0.0820990579696271
AGRP,0.08207146534062724
GCLM,0.08207068182110154
SEC24C,0.08206941793666692
SIRT2,0.0820629421831448
MIF,0.08205546928108706
VAMP2,0.08205516545948925
BCL6,0.08203959774807322
SORD,0.08203504168514757
XKR5,0.08201003123553699
FGF2,0.08197765172540815
VPS11,0.08197736692914151
QRFPR,0.08196628082606294
EYA3,0.08194318217918863
NUMBL,0.08192881444275585
PCM1,0.0819094722524009
TRMT12,0.0819011694438643
HRASLS,0.08189710127271373
PIP4K2B,0.08189310276213048
SHISA9,0.08183007704770813
NUDT8,0.08181655461128368
PSMC4,0.08180997626768179
PLCB4,0.08180172402689927
PDLIM4,0.0817758051533408
LUZP1,0.08175741023353633
SNTB2,0.08170830265850833
HIAT1,0.08169138409794609
ADAM29,0.08168815182765932
SLC39A14,0.08167011213989385
BANK1,0.08166662744504834
GOLGA6L6,0.0816665124123018
GOLGA2B,0.08164476184426465
FLJ43663,0.08160108433342705
MRPL35,0.08160085379491873
STARD8,0.08158594369004775
SPCS2,0.08156897624902741
EFHA1,0.0815484790829396
TXNDC15,0.08154352726338919
ANO8,0.08153232865041178
C1orf162,0.0815168162642028
CPOX,0.08151138767539269
GNAI2,0.08150564417397801
TPM4,0.08149907013737763
ANAPC5,0.081495664003542
FAM71F1,0.08148528708379661
GALNT4,0.08146605408383126
HOXD8,0.08146527631352628
TRIM5,0.08146133032527186
RIOK3,0.08145117246790416
SP110,0.0814485483278855
HIST1H2AG,0.08143462940626402
NHP2L1,0.08142195139075298
GTF2H1,0.08139008655542662
LOC100131726,0.08138824962897202
ZNF835,0.08136836925974136
SLC25A20,0.08135139211390222
SKIL,0.08132241227082297
SAMD9L,0.08131163101230916
CAPN12,0.08130340807714104
CFL2,0.08127747512037713
ELF3,0.08125173067017186
IPCEF1,0.08123897663912759
HRG,0.08123835317593411
C18orf10,0.08123429050154214
PDCD2,0.08122424685448255
ASGR1,0.08122253837793164
FKBP1A,0.08122091892274179
SERBP1,0.08121717972649029
TUFT1,0.08120946823287377
SERPINE1,0.08120059571396844
GPR120,0.08116709555233077
ERC2,0.08115961892205122
GREM2,0.08114180644750918
FLJ45983,0.08111991913388428
UBE4B,0.08111308129349085
SECISBP2,0.08109584579371143
PSMD8,0.08109253212293198
SIN3A,0.08107224998970418
LRP2,0.08106976442359182
CDK16,0.08106827247919349
NR3C1,0.08105193343061785
TP53I3,0.08102467401660551
IL1F8,0.08098749751082722
PLEKHA7,0.08097079283527513
FAM58A,0.08095395327357224
TMEM129,0.08094883560501763
FGG,0.08094301358320688
CBR3,0.0809045914654872
ZWINT,0.0808997171714357
C2orf66,0.08088786654592789
RBPMS2,0.08087832443649778
ROS1,0.08086202867179612
PDRG1,0.08083274379762471
HGF,0.08083032170457922
DEK,0.08082883870408152
XIST,0.08082364259362067
VGF,0.08081852601305635
C1QL3,0.08080211424531243
CELF4,0.08080118227012567
TMOD1,0.08077486636892724
RBM14,0.0807653359983169
FIGNL2,0.08075763207924652
FABP5L3,0.08073279288095557
FGF14,0.08070618669109582
C10orf118,0.08069836098765007
CEP78,0.0806913795024784
RBMXL1,0.08065983423990113
C10orf68,0.08065741280128166
TSC2,0.08065495769685573
MMP14,0.08064869154338883
PAK1IP1,0.08062090048903346
BICD1,0.08060959556762116
LOC729668,0.08060774606526007
AP4E1,0.08060656437040106
LUC7L2,0.08055736337972191
SEMA3A,0.08054859103782942
RBM19,0.08054215543815742
PYCR2,0.08052282908230113
RDH12,0.08051490840846774
FRZB,0.08048306788365339
GRIN1,0.08047720613558357
C12orf70,0.0804657846709094
ABCB4,0.08045243548540361
ZYG11B,0.0804360897567232
KDM4A,0.08042716539207043
MINK1,0.08042250778875426
ANKRD42,0.0804193941031831
SLC37A3,0.08039960544392533
MTHFR,0.08037669196762097
HOXC11,0.08033685884925795
NME1-NME2,0.08033527871976347
AZGP1,0.0803158272304733
GK,0.08031452764950216
ZNF141,0.08030729973128689
FNBP1,0.08028782907716149
CDKN2A,0.08027671184755146
ZNF671,0.08026807251122102
WDR6,0.08021765479478643
C1orf111,0.08021198377975974
PHPT1,0.08020291282005118
INHBE,0.08019860284033165
GAS1,0.08018504220102012
LPCAT4,0.08016441592327497
APEH,0.08013886455573756
GDF10,0.08012356571525409
EIF5AL1,0.08012295713398909
LOC647946,0.08012267102305629
DNAL1,0.08012178473602848
ZMIZ2,0.08011425834670892
CTNND1,0.08010995182564198
RUFY3,0.08009854466167193
PVRL4,0.08008214826309476
AAAS,0.08005391617771496
UNC80,0.08001280420720217
GLYR1,0.0800036847252036
NDUFAF2,0.07994556550221661
ANKHD1-EIF4EBP3,0.07992551316524367
PHLDB1,0.07992174583209134
HSD17B10,0.079919022373768
C7orf51,0.07988417916951004
SPIN4,0.07987891670929058
SALL2,0.07984989804843558
LYL1,0.07984782665009385
RTN3,0.07984560121103017
ZMYND19,0.07984263475010868
SYT14L,0.0798361682085656
VEGFC,0.07982861980234607
C7orf46,0.07982676387098267
CTTN,0.0798221774274628
FAM35B,0.07982136499957021
IVNS1ABP,0.07977940732923627
FLJ39582,0.07977429929117684
TM7SF2,0.07975920837377198
SLC6A3,0.07975081242779156
DENND3,0.07974596261480822
C12orf72,0.07973514070234881
NFATC2,0.079705767940238
ARHGEF10,0.07969853456056744
PCDHGB5,0.07968547032152372
TMEM39B,0.07966250635927791
PPM1M,0.07965457238655614
RPP25,0.0796512678180485
PRKCH,0.0796234042132592
ESF1,0.07962097668021677
RASL12,0.07960897007127796
NUDT12,0.07958257695270227
PDCD5,0.07958127460283751
EFCAB5,0.07957863720275644
FAM125B,0.07955771908614914
HIATL1,0.07955404946608097
CCDC51,0.07954001544919717
BRI3,0.07953400993136558
SETBP1,0.07952968601364409
SLC25A1,0.07952759294385954
AIDA,0.07950616292274874
CCDC59,0.07950406685655394
PTPN1,0.07949442148987677
SOX6,0.07948917461783041
RNF146,0.07947942405799492
PMAIP1,0.0794543481417733
DCAF15,0.07944188186719847
ALOX5AP,0.07943485924897856
TIGD4,0.07942458717878334
ETV2,0.07941707969551656
CTBP1,0.07939447466707135
UBE2D4,0.07938656061561351
TAS2R38,0.07936304723020501
RRAGB,0.07936212590349001
DNAH11,0.07930678892449003
MPHOSPH9,0.0792798108114522
RAPGEF3,0.07925024782762456
SNRPA,0.07918910008792342
MYO15A,0.07917434697377275
CCL23,0.07916963878625302
GMIP,0.07916558746623086
SLC4A8,0.07915905345846543
CHST2,0.07911388706181727
PTPN9,0.07911279905896876
CENPL,0.07909266576865881
HPDL,0.07908071665458329
POMT1,0.07906165815473497
PRKAG1,0.07905508940037977
SAFB,0.079042238042735
KDM5D,0.07903245792419229
CALCOCO2,0.07901358173911334
ST8SIA2,0.07900618821657034
SLC38A1,0.0790026855780585
PDE4C,0.07899818457284301
ABR,0.07898239178097902
OGDHL,0.07897151010089297
GPC4,0.0789618397781801
PCSK4,0.07894976157091083
TMEM33,0.07892634578238839
CLDN19,0.07889785806375992
AURKA,0.07889133063012757
ACCS,0.07888857643248628
ATP13A4,0.07888793211440774
MSI2,0.07887658377053529
RB1,0.07887333919233674
SCNN1B,0.07886815537495899
MARCH4,0.07886355099972439
ARHGEF15,0.07885122408240947
FBXL17,0.07884067107060506
XK,0.07881680330108318
WIPI1,0.07879608121852288
NGRN,0.07877871379867737
SET,0.07874433968469843
KRT84,0.07874417264433939
DGKZ,0.07873846692574857
GTPBP3,0.07872495451065811
IL3RA,0.07871774164238272
CSAG2,0.0787055326429373
ADAP2,0.07870295240068768
CACNB2,0.07868575091607898
CXCL1,0.07866677593886229
H2AFX,0.07865679546196605
GPD2,0.07863276790172154
CIT,0.07858227239964834
C22orf31,0.07858070881111485
RPS27A,0.07856704335348651
PPP1R12B,0.07852592182473213
CCT2,0.07852227506604283
CBFA2T2,0.07851694258394604
PPP5C,0.07849100738331273
LATS2,0.07848700951141405
FOXO3B,0.0784552631471503
KBTBD10,0.07844130365902045
TMEM106B,0.0784216214727971
REPS2,0.07841698018293636
KNTC1,0.07839282329553607
SGOL1,0.0783849473434452
UCP2,0.07836415378230191
LNP1,0.07834083315018207
ALKBH2,0.07830034759584971
SPATA6,0.07829152639112186
SLC19A2,0.07826463833672427
SH3TC1,0.0782462154595845
IRX2,0.07824405489725075
METTL11B,0.07822530807894626
ANKS1B,0.07822009249348714
LOC285033,0.07820868473059198
MOAP1,0.07820660299395168
MYD88,0.07820282731282832
ANXA2,0.07819345776448992
HLA-DPB1,0.07819020213509753
ACSS1,0.07813241485569528
MORC2,0.0780883725282839
HARS2,0.07805947296123536
COL16A1,0.07805799503234745
AKT1S1,0.07799905038770635
C19orf10,0.07799495451362909
AFG3L2,0.077992201930288
CLDN6,0.0779860463845846
GPR115,0.07797611109875204
MAGEA5,0.07794595030836433
OVOL2,0.07791888289713128
BCL2L13,0.07790423305318696
NNMT,0.07789135536262279
BEND6,0.07788512110151423
FAM189B,0.07787801908091269
ATHL1,0.07786864238140445
SLC39A1,0.07785996412284311
CELSR1,0.07783595579527179
EFTUD2,0.07782631222091692
C1orf156,0.07781692886979584
MCM9,0.0778121435579479
UPF3B,0.07780942262993579
TMEM9,0.07780158301677491
VLDLR,0.07779915076800006
SHFM1,0.07779161856596305
CXXC4,0.07778778557874318
RPS17,0.07777082847941598
ANKRD13C,0.07776749077843942
GPR64,0.07772265312594805
ZNF444,0.07771729622435312
SLC46A2,0.07771616299347787
AFF1,0.0776921474482417
EAF2,0.07766969467839799
PDHX,0.07765359814515362
BTN2A2,0.0776341970665135
PSME3,0.0776332561858092
PORCN,0.07761247969477719
CNNM3,0.07760611475043351
NCRNA00161,0.07757879154848378
SBNO1,0.07756991986429634
IL28RA,0.07756912418226355
LOC284900,0.07754221256378506
SELPLG,0.07748187446003812
ZNF491,0.07744561940009809
CCBP2,0.0774195125038738
C16orf80,0.0774051124535172
GLIS1,0.07737185202624271
CAV2,0.07736640212680489
NNAT,0.0773544760959587
BEND7,0.07735058826613261
HDAC7,0.07731789049772847
C1QTNF7,0.07731142294111336
AP2B1,0.07730117275873914
LOC440040,0.07729101776002299
JAKMIP3,0.07728755504709288
POLR3B,0.07728695896631645
ARF1,0.07728473001121619
STRN,0.07728036562631835
C6orf97,0.07727280153024838
NEK2,0.07719086875217286
DNAJC1,0.0771550095856212
CPA2,0.07709538830279547
IRAK4,0.07708268994890088
C13orf34,0.077082235010834
C9orf173,0.07708125279505708
RNF19A,0.07705636598078563
SGSH,0.07704701664399104
DCBLD2,0.0770275798443381
PANK2,0.07702701095406672
DGCR14,0.07701575644902874
WSB2,0.07701012213528796
PKP2,0.07697103274364869
ITSN2,0.07696940167999623
C1orf230,0.07695369830483845
FOXN3,0.0769412607430293
C16orf93,0.07693534483484674
TSPAN18,0.07692741525619039
DPP10,0.07692625804948182
TP53TG1,0.076913533780971
TBXA2R,0.07691053119613593
ATG7,0.07690512962331617
UCHL1,0.07689644757355589
RBM9,0.07686694794555457
CORO7,0.07683879875626588
AURKAPS1,0.07683473588547383
FRAT1,0.07682340374102206
C4A,0.07681122202708104
ZNF148,0.07681102161533647
MYO1C,0.07678068396221334
TARDBP,0.07677326383718037
C5orf56,0.07676716260368287
TCTEX1D4,0.07676330027674716
EIF3K,0.07676104698562536
PPM1E,0.07675763063810882
HSPB9,0.07675064844056222
NOS1AP,0.07673742670056681
NIPSNAP1,0.076723220524252
DOCK10,0.0767078679931585
VANGL1,0.07666892698126375
G3BP1,0.0766650268549144
CTSZ,0.07664935490961483
TIAF1,0.0766483846654282
TBKBP1,0.0766021040712242
KCNC1,0.07660078197864076
CENPJ,0.07659386055945072
BHLHA15,0.07656251048308774
WT1,0.0765584700175627
PSMB7,0.07655609243676592
CRBN,0.07654021952050269
MRI1,0.07653890504658949
MIB1,0.07652850322373685
RGNEF,0.07650877379856849
SARS2,0.07650872993602714
PPME1,0.07650616183347458
CSNK1E,0.07650508027595784
ZNF418,0.0764930220940882
LHFPL2,0.07645682444975092
PSMC3IP,0.07643970967113206
CANX,0.07641708414073921
TBC1D7,0.07637161156351771
CBWD2,0.07636622454125347
FUT3,0.07636597596307486
KIAA1468,0.07635921466777576
MIOX,0.0762901404389867
C6orf89,0.07627108759711838
ORC3L,0.07626630296139614
MAMDC2,0.07625625907773002
GTF2IRD2P1,0.07622968620594463
SUN2,0.07622907334075694
MFNG,0.0762149124486326
HIPK2,0.07619382708014705
PTGER2,0.07618819181766813
AMD1,0.07617461264831558
POLD2,0.07616872988866587
TMEM38B,0.07614115666203498
C4orf52,0.07614067782928723
RRP7A,0.07610544618359831
C2CD2,0.07609524024865098
P2RY14,0.07609360100661931
C18orf55,0.07608991083254811
GFOD2,0.07606278222383517
CASZ1,0.07602978836506193
NCKAP5,0.0760155736481036
STXBP6,0.07600076647001493
BEX2,0.07599842635784834
INPP1,0.07599729973382369
FAM19A3,0.07599056980949011
ID2B,0.07597448151648639
NLRC4,0.07595306617077142
PSIMCT-1,0.07592593963208179
BARX1,0.07591846029829429
FOXK1,0.07590545636167925
NHLRC3,0.07590531874818547
TBC1D2,0.07586658344064615
COX18,0.07585266820146716
CBWD3,0.07584672488378286
TBX4,0.07583943440012544
MAF,0.07583689336949802
MAGED4,0.07582437673615286
B4GALT1,0.07581870963500782
TNFAIP6,0.075792394079635
SLC4A3,0.07576652048553724
NFIL3,0.0757630193188871
HIC2,0.07575907394495504
SPCS1,0.0757376726610273
RP1L1,0.07573693180939008
DIRAS2,0.07572324154397828
ITGB2,0.07569682184513174
NDUFA2,0.07566232217109414
CYP2D7P1,0.07565837956997098
GPR137C,0.07564025139570565
SNX24,0.07562322390397289
SPACA4,0.07561249953801752
CAST,0.07559459972930697
USP43,0.07557179062375179
MYLK3,0.07556149631386495
TNFRSF13C,0.07556052337716358
SERPINA4,0.07555556587493925
ANAPC1,0.07550804557561047
NUMB,0.07549661667924616
REN,0.07548317422134074
SCARB2,0.0754802598374787
MYBPH,0.07547777862561629
AQP3,0.07547065363088988
SUSD5,0.07544827392450898
CCDC19,0.07544288343643613
NOS2,0.0754418668974626
CLCN7,0.07543000432854786
CLTC,0.07542986360464785
CLIP2,0.07542941919995284
GGT1,0.07541833288764574
RYBP,0.07540956687526512
AKIRIN2,0.07539548956852503
FAM65C,0.07539360829631052
OSBP2,0.07537130402818044
ITGB3,0.07536878616617095
GSTA1,0.07536007028487697
POF1B,0.07531726878937713
NIP7,0.07530980250831454
PLA1A,0.07527551454431226
PSMD10,0.07527122820529986
TFAP4,0.07524151314528886
PIAS4,0.07523353099285003
TFF3,0.07522483748508564
LCN12,0.07521812415495575
BCAS4,0.07520893548960228
NR5A2,0.07515948131564916
UHRF1,0.07514924861047344
RPS4Y1,0.07514640629202733
C1GALT1,0.0751443487872861
SLC30A7,0.0751372551922255
MFAP1,0.07513620891830158
GTF2IRD2,0.0751181691677105
C17orf62,0.075092040259296
SLC39A13,0.07508940889805117
AZI2,0.07507928106796594
LOC441177,0.07505570105516153
SEC24D,0.07503008994855531
TMED7,0.07501808703680758
SOX5,0.07500414683656556
LASS6,0.07498376291225925
CSDC2,0.07498257229809707
IDH3B,0.07496831451266313
PACSIN3,0.07495843163061107
GANAB,0.07495589113100463
GTF2A2,0.07494280922556955
CLN6,0.07493967877432228
DAB1,0.07492866321452578
WDR78,0.07492219111449472
STRADB,0.07491997699105855
PTPRB,0.07488064410260048
DNAJC9,0.07486266556028007
CALY,0.07486093099603491
PRKCA,0.07485746843675134
T,0.07484524256056012
ANKRD10,0.07484426019726119
C1orf112,0.07483660356551784
ZNF91,0.07481254297786483
P2RY12,0.0748059902612524
TMEM139,0.07480572492574177
WDR25,0.0747897651297586
HESRG,0.07477243556093012
LOC100133161,0.07476982476228256
MFSD1,0.07476881542234338
ANKRD27,0.07476493124392242
C6orf218,0.07475607460094096
ERCC1,0.07475509915925985
MMAB,0.074754440067166
CDV3,0.07474865389527621
AGXT2L2,0.07473638231587956
LDLRAD1,0.07473260787801382
OSGIN2,0.07473187804912326
PLD5,0.07471010074559083
PTBP1,0.07469252889496272
FSTL3,0.0746740783789279
HEATR5A,0.0746713406133102
C4orf29,0.07467095656818576
C14orf101,0.07464800438454341
NDUFA6,0.0746283686402344
UPK3BL,0.07460478479297918
SLC36A1,0.07459926334330391
ZC3H7A,0.07459631626328016
SNX14,0.07459288995467908
KCNA3,0.07458764250144688
BMP3,0.07457312007449993
NOS3,0.07457219428707364
MYOZ1,0.07456996854931684
CCDC108,0.07455860199550542
DIO1,0.0745403794613983
DBI,0.07453067278560739
RNF170,0.07451689035375463
NTF3,0.07451140780144602
ESRP1,0.07450312232444874
EFCAB1,0.07449893225217426
DGCR5,0.07448229494713697
C15orf44,0.07448012957643714
TUBE1,0.07446007820333199
WHAMM,0.074453632741389
C19orf73,0.07443105311801375
AATK,0.07441558262534836
GTF2A1,0.0743992432316485
OLFML2A,0.07439177754494766
NOG,0.07438930143171468
SLC22A18,0.07438353991396578
CCDC8,0.0743537032555402
INMT,0.07435231247955743
CYorf15B,0.07433110917823942
NTN4,0.0743295744305541
KLHDC2,0.07431105480001357
SLC46A3,0.07429420065186364
GTF2H2C,0.07429150914099344
HUS1B,0.07428717956942452
C9orf84,0.07428245291421387
INSL4,0.07424311544091865
C7orf50,0.07422986997199578
APOO,0.07421498983931926
ZNF76,0.07415304932637062
CDH5,0.0741459607781464
EPHX3,0.07414361997075307
ST6GALNAC4,0.07414006053200263
C12orf76,0.07413753210717235
MED21,0.0741306132053911
LRRC10B,0.07412457717127298
PDZD7,0.07412457362866239
CATSPERB,0.07412197287072321
NEDD1,0.07412003406872203
LCA5L,0.0741029021363235
ZNF860,0.07409376679943597
MAGED4B,0.07408736572513035
ITPRIPL1,0.07408284513565375
IDS,0.07407270880695199
TRIM31,0.07406388369096922
LOC728855,0.0740472621180665
SLC1A1,0.07404334892325817
KNDC1,0.07404232757869059
REEP3,0.07403168467057239
SYNGR4,0.07402389703031939
TSEN15,0.07401891262091898
KIAA0101,0.07400937042713089
BBS1,0.07400413533590097
C1orf57,0.07400383334318317
SLC38A5,0.07398404236542779
DNAJC13,0.0739551394276354
ARRDC3,0.07392707184321926
LDB1,0.07391953707623937
PSPH,0.07391345518178342
ADAMTSL2,0.07389718011867465
ANKRD56,0.07385912265747274
C3,0.0738216145875818
SLC41A3,0.0738159185544121
FAM195A,0.0738099446974746
CCT6A,0.07377922683920224
TMEM69,0.07372505157116137
DNAJC10,0.07372305774865727
DDN,0.07371846111602645
TMEM126B,0.07371296946394225
CSGALNACT1,0.07369547678595396
EIF1AY,0.07369374368995069
KCNJ11,0.07365872953795675
C7orf59,0.07365389260436393
TOP1MT,0.0736475575036306
OLR1,0.07364226752672391
CORO2A,0.07363025672202445
EIF2S2,0.07362937606695047
GGT8P,0.07362835516447931
EIF2C3,0.07362543185755473
FAM83H,0.07362505439651708
CXorf21,0.07361421437118988
KIAA1609,0.0736087060926258
ZW10,0.07360866674951472
PBX1,0.07360727717792022
WNT11,0.07360446545737653
HCN4,0.07359346681418139
FAM81A,0.07358330277480502
ASAP1,0.07352717628035073
CXADRP2,0.07352356716337058
ICAM5,0.07351992236395836
ETNK1,0.07350974329753292
FANCG,0.07350661825860945
CPS1,0.07350230080788366
RIOK2,0.073489736544301
KCNS3,0.07348723963483624
ACOT2,0.07347390555707596
ISG20L2,0.07347036287066326
ZNF18,0.07343300805706111
POLE,0.07336562516628614
PHKA2,0.07335627188518865
GRAPL,0.07335235093572039
PMS2L1,0.07331824103112149
GMEB2,0.0733138904075025
DSCAML1,0.07330852039248996
C16orf58,0.07330462032512543
KCNK2,0.07328950259416658
MS4A15,0.07328515863601424
MRPL37,0.07326640634029237
REL,0.07324935697762179
HMGCLL1,0.07324529973518498
CST5,0.07323085565682413
TTLL11,0.07321071737251508
ZBTB42,0.07320743602888084
LOC284440,0.07319934618643857
PROCA1,0.07318564889465581
HNF4A,0.07318336064161263
MAFK,0.07314838118389214
PPP1R12A,0.07313860596702473
SLC7A7,0.07313399438056112
CGRRF1,0.07312411829263099
PCDHA8,0.07312102493194048
DSG4,0.07307476241757989
PL-5283,0.07306873756770306
ZNF57,0.07305004451209463
IFT20,0.07304036372863598
ANXA2P2,0.07303453854535834
DDX3Y,0.07298694240433576
RASSF2,0.07297741946309019
M6PR,0.07296784160350647
COPS5,0.07296000399883855
FAM171B,0.07295281336345429
TTC1,0.07293426632280757
PIK3C2G,0.07291662954111487
TMEM205,0.07289071315674199
EIF5A,0.07289027836126982
SOX4,0.07287157402262778
ST7L,0.07283660700068631
LRRC8C,0.07283385579747807
DMRTC1B,0.07283174336028252
ZNF710,0.0728284055321435
NT5C2,0.07282559908752176
C1orf201,0.07280603995593903
CXorf36,0.07275919190561807
CHD1L,0.07272140918276086
LEO1,0.07269796483704033
OR56B4,0.07267199390982262
STX2,0.07264144718183149
MAP1S,0.07262421197844376
ZNF826,0.07262032840034761
EML2,0.07261259407665076
MT1A,0.07261200547088036
MBD4,0.07261177859183653
MID2,0.0726061416399774
CLSPN,0.07260072101586829
EPHX4,0.07259225723390268
LOC284632,0.07258544522696962
SULT1E1,0.07257463428372293
C16orf75,0.0725685825808492
FOLH1,0.07256662401801962
C3orf19,0.07256589881084206
GNG4,0.07254174880177869
LPHN1,0.07253635728929878
GUCY1B2,0.07250026149623566
IK,0.07246776104491448
ACD,0.07246476902635125
AP1B1,0.07246397204486028
BDNF,0.07245257018307999
RELL2,0.07243416391172129
MEX3C,0.07240943757329273
LOC100128675,0.07240919247070735
FILIP1,0.07240012754433714
EFHD2,0.07239355888290136
PHC3,0.07235287060147493
STX7,0.07235284945215611
PPP1R13L,0.07235181386640277
C9orf5,0.07234553681625337
BBC3,0.07234062020313724
RPAP2,0.07233659593654568
TFF1,0.0723333480570143
MYOCD,0.07231643540910317
KIAA1598,0.07229215808204832
C19orf18,0.07227974095089462
FAM40B,0.07226913673640512
OLFM1,0.07226082314347815
B3GALT2,0.07224928583737356
LPGAT1,0.0722453135221137
LMBR1L,0.07224207285787583
SSR2,0.07224116068631213
CGB2,0.07223606606538797
PNPLA3,0.07221609299942809
SVIL,0.07221211399444094
PPP1R3B,0.07221105794070652
LRRC6,0.07217161352304557
MPG,0.07216322857633758
C2orf42,0.07215504535645362
ZCCHC4,0.07214654226322159
HTT,0.07213976033218283
SAMD12,0.07210112117918961
EEF1A2,0.07209478815994493
SERPINB10,0.07209459679689713
C16orf70,0.07207926594512126
RASSF6,0.07206616100344415
NCL,0.07203633884185837
HERC2,0.0720273070220792
FOXC2,0.07198175167535366
SGOL2,0.07197060089753146
GLI4,0.07191221853105864
SCG5,0.07190862722398365
HOMEZ,0.07190732552538139
ERLEC1,0.07187420517088983
CIB2,0.07186530550849135
CCR6,0.07185726819461236
NCAPG2,0.0718519034068785
TRIML2,0.07183383001358914
GOLGA4,0.0718063283824824
BRCC3,0.07179188313581895
CNKSR1,0.07178191824301527
DLEU1,0.0717680953175388
LYPLA2,0.07175658746803451
CTSL1,0.07174296630681723
RPS27L,0.07173336588389613
RNF135,0.07167526797026229
USF2,0.0716668482454831
GDE1,0.07164018838142025
RPP40,0.07162785828459797
TUBGCP5,0.0716251939682198
SLC35C1,0.07160695345685272
S1PR4,0.07159879149618925
C4orf32,0.07157851247463273
WNT9A,0.071576064046898
SLC25A35,0.07157578498734078
LOC338758,0.07156171015492217
KIF20A,0.07155140488268445
CES1,0.07150384580732282
TOP1P1,0.07150124680594064
MGC45800,0.07149936638264678
SDC3,0.0714993041177246
RNF123,0.07149435768602569
PRKCZ,0.07149382910247909
UBE2D1,0.07145978180540805
DUSP23,0.07143841851472293
OTX2,0.07143823338283292
ZNF77,0.07140112943404317
BAZ2B,0.07139071641857937
LAMP2,0.07137128235819931
HAUS5,0.07135913670595863
RAET1K,0.07134254351608232
IFNE,0.07132621806397045
CHRNA9,0.07132269443399906
ACOT6,0.07131713119449008
TPBG,0.0713053272424376
CBX1,0.07129716780311106
FAM167B,0.07129330498244688
ACTBL2,0.07128933450059055
RALGAPA2,0.071283726517103
THAP11,0.07126421404682275
SLC30A1,0.07125510942015698
NRBF2,0.07123865052854277
PTPRK,0.07121947651827058
HCG18,0.07121704424315549
CDH13,0.07120295860390774
RBP3,0.07118590490024607
CD40LG,0.07116342549872642
ARL14,0.07116127300866915
SERPINB1,0.0711456306902108
KCNK9,0.07111080087006162
COLEC12,0.0711013575106221
SSH3,0.07109285791199063
LTC4S,0.0710804526581856
MAFB,0.07107910899216899
CALM2,0.07103933413612214
XPC,0.07102715591323663
C11orf49,0.07100927002404457
SNRNP40,0.07100407497873563
LYRM2,0.0709997889670328
CYFIP1,0.07099590304428079
MAD2L2,0.07097590239440985
RIPPLY2,0.07097473912666064
RSPO3,0.0709557081926832
TMEM184A,0.07095493266678217
SRPK2,0.07094987850288896
RHOJ,0.07093963549313345
DNAJC4,0.07093118251623616
MTMR7,0.07090820893894625
GGT6,0.07090541686374133
MLLT4,0.0708901381921562
C1orf190,0.07088455693121362
NAV1,0.07088401120897796
TGOLN2,0.07085402430982055
DDTL,0.07084302417043409
TANK,0.07082985249070388
SAMD4A,0.07082550751827604
TCFL5,0.07081793138370222
CAMSAP1L1,0.07080315784585575
FAM22A,0.07079908588785958
EYS,0.07079522808933647
EVI5,0.07079395666191797
DHX33,0.07079052651443674
VSIG2,0.07078563860062191
C5orf49,0.07078257453935143
MARCO,0.07077865057896232
SIGLEC11,0.07076914909648378
SATL1,0.07075608315879989
SEC11C,0.07075351036267905
SMAD1,0.07073177136198043
C6orf62,0.07072034336872325
TMEM39A,0.07070510478375698
LOC100190938,0.07070259441855113
TCF21,0.07068084723421966
C12orf49,0.07063535407055724
STAC,0.07062016291070669
NT5DC1,0.07061439271028842
SRXN1,0.0706085076748133
GATA3,0.07059964559099424
PSMD14,0.07059852999307502
SFRS7,0.0705493840051678
AGBL3,0.07053916905814708
WDFY4,0.0705182638626274
NDFIP2,0.07051282560397786
GIPC3,0.07051116933242664
MANEA,0.07049944100676107
HMGB2,0.07049435502955605
C1orf168,0.07048610101814916
SULT1A1,0.07048122673724924
LONRF1,0.07048001969137652
SPATS2L,0.07047690207455325
ZNF592,0.07045805093358726
WDR77,0.0704252101546439
IMMP2L,0.0704202613537101
CLEC14A,0.07040691061599905
APOBEC2,0.0703997964636304
PREX2,0.07039892696429541
FUT1,0.07036940140331799
RRAD,0.07034301014929863
LDB2,0.07034223681119949
ABCB6,0.07033774276974629
VPS4B,0.07033514954619483
METTL5,0.07032162879352066
WDR31,0.07028964718740913
CSNK1G2,0.07021787541907379
STX12,0.07021394432478713
GPBP1,0.07020020034803823
SFTPB,0.07019327553914743
SFXN1,0.07017897839499197
IL32,0.07017696507330144
NSFL1C,0.0701743611034349
ITIH5,0.0701734115193982
HECTD3,0.07016411170330894
CCR2,0.07015989475936359
PUF60,0.07015932318970299
DVL2,0.07014943356439346
CBR1,0.07014299033393863
CNTLN,0.07013380755317981
UNC119B,0.07013349419793136
SH3BP4,0.07010556889726655
SHISA2,0.07009676092907186
MCM3,0.07009548271732181
CCR10,0.07009485548313406
BBS9,0.07009082326823504
PCMTD1,0.07008895014783097
TMEM173,0.07008587781837979
MTHFD2,0.07005251046127761
GIPR,0.07003387758641605
TTLL7,0.07003125813252387
FOXD2,0.07002832152740981
IDH2,0.07002667460141154
HEXDC,0.07002436230609557
C5,0.07001889457562144
DNAJC15,0.06999746311994058
SIX1,0.06999648699157429
CHST11,0.0699751022957621
MGC57346,0.06996689900291722
FIP1L1,0.0699561630285296
C11orf85,0.06995380763993111
BCL9L,0.06994849946988121
WASL,0.06994571580914795
ANXA6,0.06994176653888284
RYR3,0.06992897809610617
PGBD5,0.06992364449973404
RHBDD3,0.0699114811075443
GLRB,0.06990423242300034
CHST15,0.06988500668763604
B3GALT5,0.06988099110525307
GFRA3,0.06986853159770672
LOC642846,0.06983953036254645
KLK10,0.06983075295618749
KCNC4,0.06980858061083664
C12orf32,0.06979233009572422
ZNF324,0.06978630233139892
CCND2,0.06977728404267089
TIGD5,0.06976001980789406
GBP3,0.06974700611005882
DIAPH3,0.06974033431803552
NKX2-3,0.06973436857626326
FAM60A,0.06973254123592038
SFRP1,0.0696959741040804
VIM,0.06968847029127272
LIN9,0.06967834490566506
TSTD1,0.06965822741596188
FAM135A,0.06965766551626774
PLEKHM2,0.0696471412009289
CHST9,0.06963611502387444
TNPO3,0.0696254472202896
MAGEB2,0.06962223483230144
CNTFR,0.0696018079090835
NKX3-2,0.06959935614401795
RNF13,0.06959578243480886
C9,0.06958538618410132
PAPSS1,0.06957797524240644
GOLGA6L1,0.06957556441113542
AKAP8,0.06955484889150013
LUZP2,0.06955372107461857
AGFG2,0.06955229658345712
BTBD2,0.06954665221864634
CRY2,0.06953804109620464
FRMPD4,0.06951411168670012
FREM2,0.06949307145296751
FOXF2,0.06948558409077464
FAM167A,0.0694741663584059
GIT2,0.06945628254254632
TTLL2,0.06942253937431961
C2,0.06941010012544195
ENTPD3,0.0693959575973662
RRBP1,0.06936903219885004
KRT82,0.06936877788654006
PCDHA3,0.06936370450305625
UBE4A,0.06935193485779259
VAT1,0.06934616953575344
HIST1H3B,0.06932098492618288
SMCR7,0.06929168361541733
CIDEC,0.06928269732705261
GPX1,0.06926664467383699
SUV420H2,0.06926372998262881
KDELR3,0.06922525349894898
SAAL1,0.06922042690836651
RAB37,0.06920314028565162
HIRA,0.06919684220784719
LASS4,0.06919661135018249
MARS,0.0691864232780268
CNPY2,0.06918372658064918
PAK1,0.06917561406768263
GTF3C2,0.06916827935479
C10orf2,0.06914944583521763
ZNF100,0.06914688317458016
MIXL1,0.06914093049178405
PBX3,0.06913467703918096
CUL1,0.06912130394408879
SPTLC3,0.06911869923753394
PDE7A,0.06911353710895844
UGT1A10,0.0691052440656738
RBM38,0.0690582467387758
WBP2NL,0.06905795712900323
FBXL15,0.06905353233487159
COX7C,0.0690479136679549
TRMU,0.06904466284338409
TM4SF19,0.06903782691088302
DOCK4,0.06903364428219796
G0S2,0.06900422526167246
ZNF845,0.06899697329681206
SMAD6,0.06899529666929091
C12orf39,0.06896793248945143
MYO18A,0.06896041842602069
STRN4,0.06895637069610516
LRRC69,0.068944561099789
ILK,0.06893958692362193
ZNF720,0.06893153872114154
ARHGEF6,0.06892784508937305
LRMP,0.06891300494733976
LPL,0.0688999901743973
BCHE,0.06888409126718317
TSN,0.06888238761833226
GPR63,0.06887699923987883
ACYP1,0.0688609282897598
RFPL1,0.06885312695789463
RPL22L1,0.06885193624047144
SNHG4,0.06884132613208183
CTNNB1,0.06882999215644596
MMP1,0.06878513843819098
PELI2,0.06878498928166389
GIMAP4,0.06876190562753884
CYBB,0.06875824054765747
KRT79,0.06875444929199008
STRBP,0.06875083459090707
ATP2A2,0.06874294139450003
LIMS1,0.06874222937900268
RAB25,0.06873584258628966
ZNF277,0.06869475432206279
PJA2,0.06869275028768705
YIPF1,0.06868554432164475
PDK3,0.06868534337987567
FUK,0.06867499951695373
TMBIM6,0.06864784191491392
GPR27,0.0686059239330054
SELT,0.06859705645117925
DACT2,0.06857083505810785
RNPEPL1,0.06856451793698698
RNF8,0.06854652395847347
CD34,0.06852890480335058
ELAVL1,0.06852172652887258
ATP6V0E2,0.06851975118537608
IGSF10,0.06849929522731134
SLC39A6,0.06847015942817967
ZNF697,0.0684693090389838
SOX17,0.06846597027592136
IKBKAP,0.06845530227784799
COMMD10,0.06844133255595816
POP7,0.06842478133206993
CCDC136,0.06842272581553248
SPAG4,0.06842067633968164
IFT140,0.06840736336296326
MFSD2B,0.06838057423991303
CNDP2,0.06836998016325652
TMEM108,0.06836146766244205
HSPC072,0.06836043835547045
MYO7A,0.06835188281078233
GRB7,0.06832604504032955
TEAD1,0.06831628758590125
TACSTD2,0.06831579233737264
DNAH17,0.06830788488000304
C6orf211,0.06825374514204323
ZBTB39,0.06822829769928433
DOCK11,0.06820708898776942
ACADM,0.06818605263157893
ITPR2,0.06814666830691965
ITGB1,0.06814041996703561
HOXC10,0.06813319453772862
SILV,0.06811503231340109
TDP1,0.06811424659434165
SRD5A1,0.06811340223727465
C1orf25,0.06810836193566637
USP40,0.06810044732791092
HIST1H4E,0.06806929724154123
IFT88,0.06805411988551772
TLL2,0.0680444474494232
CSF1,0.06803992447604826
GPR1,0.06803127266773078
NAPSB,0.0680311714339218
E2F4,0.06802220931423504
GADD45B,0.06800448092262232
SH2B3,0.06797358561182516
BAALC,0.06796637764974227
SLC9A7,0.06793648082008297
COL27A1,0.06789485901450583
TOMM70A,0.067891419732893
ZNF804A,0.06789131280540166
ICAM3,0.0678784315939418
TBRG4,0.0678385971715323
IFNGR2,0.06783089647947567
DGKG,0.06782334717603011
FLJ35024,0.06781927565590883
POM121,0.067817670962084
IFRD2,0.06781490246801244
GPR156,0.06780273978394259
MND1,0.0677932521268478
SLC26A8,0.0677901335850105
INA,0.06778544913674654
MCTP2,0.06776625924926098
PITPNM1,0.06774828649431856
USHBP1,0.06773131879004934
SFRS13B,0.067727895112566
HRNR,0.06772073192458729
ASB2,0.06769702539852678
ELTD1,0.06769351851739702
CCDC12,0.06768981404765281
LEFTY2,0.06768952110720902
NEURL,0.06765400994635618
PYGB,0.06765208543023937
NCF4,0.06764718048703046
FBF1,0.06762119345260355
B4GALNT3,0.06760270063653269
CHML,0.06760123149592563
PIGN,0.06760119396384942
ZNF253,0.06759931023424123
SLC2A4,0.0675985529364738
ITGA8,0.06758306002132841
LOC100132707,0.06757052088244896
GDPD5,0.06755675217159704
NLK,0.0675564203407834
HACE1,0.06753715408724786
RIMKLA,0.06750276509376842
SLFN11,0.06747961671289976
PLEKHG4,0.06745276873774379
FLJ35220,0.0674364242553973
EPS8L1,0.06743387833354879
MYOF,0.06742745058184928
LCN10,0.06741840715662119
UBE3C,0.06740850580400186
ADAMTS8,0.0674047262441067
LTBP3,0.06740407295986732
C9orf4,0.06739598272965454
RRP7B,0.06739069235733212
STAMBP,0.06736164239394074
CFLAR,0.06735211307477652
PLA2G4E,0.06733716551900149
ZFY,0.0673267992451706
DENR,0.06729876933895919
EDA2R,0.06729759091561721
DOK7,0.06727344689937899
GPR84,0.06726431498723365
MLF1IP,0.06726283154853963
PPP1R14A,0.06722294317439105
STAMBPL1,0.0672117863565013
BAHCC1,0.06720725024760053
KRT32,0.06719295490481246
CNOT6,0.06717600115566512
PRG4,0.06716687634992285
N6AMT1,0.06716435293021512
RIN2,0.06715893456779282
FAF2,0.06715708887651421
CYP24A1,0.06715164006470699
CRISPLD1,0.06714710959876995
BAP1,0.06714495358144026
TMEM151B,0.06713359756694763
TRIM54,0.06712287971291157
C16orf61,0.06712047982573487
SLC9A5,0.06709114335394867
ATXN7L1,0.06708468477427423
GIMAP8,0.06708404021538662
C4orf42,0.06708134552237939
C1orf126,0.06707136266525687
GTDC1,0.0670614908990032
FAM69C,0.06704358626321497
WDR54,0.06704028944885014
C11orf90,0.06703361948775394
POU5F1B,0.06701523066590868
USP10,0.06700416943207234
XPO5,0.06698855366975077
PRSS21,0.06697952694209054
KCTD7,0.06694923901695654
SMS,0.0669413365675521
RRAGC,0.06693750020415085
SPTAN1,0.0669305057939935
GYG1,0.06690498530810203
PRRT3,0.06687966488456015
PURB,0.06687857744996482
PDIK1L,0.06686184148250288
NAP1L4,0.06684114419260412
FCGBP,0.0668285472997532
USP9Y,0.06681426119699732
NAT9,0.06679706502934014
ERLIN1,0.06678834095075445
IGFL3,0.06677972243384592
SNCG,0.06677899510895585
ZNF317,0.06676721151634381
SKIV2L2,0.06676074470293426
ZNF462,0.06675465914651789
AKT2,0.06673392204795667
PATL1,0.06671999840168376
EPB41L4B,0.06671008286368692
VAV1,0.06670512722840805
PITPNC1,0.06670276568612751
TIE1,0.06667184816415242
PRKAG2,0.06666820709283965
RGPD4,0.06662802780431541
PTGER1,0.06661235947999743
MAFA,0.06658045406465099
CPB2,0.06657561140077468
UGP2,0.06657551639089035
PCCB,0.0665482727007999
CBLN2,0.06653697786465981
PLAUR,0.0665339043936639
CLEC5A,0.0665331596165587
TXN,0.06650984858965629
SAMD9,0.06648198893216563
CD33,0.06647291522992346
GAS2L2,0.0664690059366116
KIF4B,0.06643505645747141
SHC3,0.06642215169640882
PLCD3,0.06641644510005176
RAB11FIP2,0.06639536427724065
SLC39A7,0.0663759945455849
AP2A1,0.06634294419566845
SETD7,0.06634250684189169
RANBP3,0.06634144334535519
CACNG4,0.0663287804205653
LGALS12,0.06631342703412575
LOC348926,0.06630978759246009
SHARPIN,0.06630944084846149
CCDC6,0.0663020210506713
UBE2V2,0.06629856568521855
VDAC3,0.06629499031800393
CTNS,0.0662949894481756
KCTD2,0.06627967673173447
LOC554202,0.0662740062340213
ALDH6A1,0.06626880603767156
CHORDC1,0.06623675984457388
MCM3AP,0.06622814614582076
EPS15,0.06622021900372028
KIF5B,0.06620512191581891
ZNF227,0.06615816811775083
RAB40C,0.06614577984228984
EFNA1,0.06613565766252923
PRDM8,0.06613448838675424
MMRN2,0.06613423751476423
MPHOSPH10,0.06612057642886295
RPN1,0.06607070037825334
PDXK,0.06604786716265185
CCR9,0.0660465876009011
C7orf70,0.06599916619361118
HSPH1,0.06598441924466034
IFIT5,0.06598182672825856
PTGR2,0.06596172140354922
ACADS,0.06595982163720926
C10orf128,0.06593823809435152
ABLIM3,0.06593450948863337
TMCO3,0.06592484501502327
F5,0.065923932966319
LYN,0.0659003790277465
TNFRSF1B,0.06587543543889625
C5orf15,0.06586687062987938
GPR97,0.06583851814594377
PFKM,0.06581112221370462
HS3ST3B1,0.06581039177100943
IL17RA,0.06580733076944045
JAK1,0.06579455345571403
MYPOP,0.06579419543986843
DGKB,0.06579093306634276
ZNF214,0.06577247779398118
CCL15,0.06576716600613215
CYP4F2,0.06575640186279794
GIMAP1,0.06574326385082802
C5orf46,0.06573792865635074
FBXO22,0.06573263863232023
KDM1A,0.06572397525469204
C9orf128,0.06571774896281257
HIST1H2AH,0.06571353785215774
INCA1,0.06569003107910366
ZBTB5,0.06568440355318168
RALB,0.06566724209104996
CTSB,0.06566116400596814
MCOLN3,0.06565483352192036
TRAF4,0.06563724860890784
BRCA1,0.06562253486969902
C10orf114,0.06561862699280581
HAS2,0.06560455880108025
HIST1H2AE,0.0655965364386369
RNF145,0.06557386642416833
INADL,0.06554337842991753
C14orf184,0.0655400316683811
GIMAP2,0.06553595781176647
HMGCL,0.06544725458574337
FAM22F,0.06543726441114835
LOH12CR2,0.06543309614616039
C2orf3,0.06542753288796442
C19orf47,0.06540238810686598
SEH1L,0.06538342043567189
ST3GAL3,0.06536154358009716
SLC22A1,0.0653353717883651
INPP4B,0.06531641840745844
SHCBP1,0.06529665349563672
SLC9A3,0.06528778740364884
LRRN3,0.06528734862209293
EIF4H,0.06528017728274041
PDSS1,0.06523753356692819
C14orf37,0.06523663473783711
ZFP91,0.06523409464372029
RASGRF1,0.0652281741812999
PPP1R16A,0.06521642042470908
OR6C70,0.06520779102656166
RNF2,0.06520698678072406
MOV10L1,0.06519246157571973
ADD1,0.065191986129689
CYorf15A,0.06517190085618788
SERPINA3,0.06516597434111904
MAGEA2,0.06516067977680089
TMEM149,0.0651594725838153
KLKB1,0.0651376954280952
DUSP2,0.06512262939146791
ZRANB3,0.06511373387990094
ZNF185,0.06507625446186543
PCDH7,0.06507365202247534
NPAS1,0.06507052931815593
ECSCR,0.0650690897157226
PCDHA9,0.06505400175636512
OSBPL5,0.06505228840559486
BYSL,0.0650467831886115
H3F3A,0.06504646420173117
CEBPZ,0.0650373496604028
SLC24A2,0.0650344909667448
CCDC15,0.06503417889220976
CNTNAP4,0.06503011435960983
CX3CL1,0.06502293965973475
TAF1B,0.0650171457384016
FAM149B1,0.06501675753276623
GBA,0.06501068697990735
PTP4A3,0.06498151161950244
WDR66,0.06498015834037017
TMPO,0.06496973607081273
CIC,0.06493580245205141
PELI3,0.0649335663617665
PCGF5,0.0649259240376554
IRAK2,0.0649203009024975
CARD14,0.06491175538802843
SLC25A33,0.06490019760516004
GALK1,0.06486200923937727
RBM5,0.06485133692686167
HNRNPR,0.06483969350948149
C21orf2,0.06481429820716558
LGR5,0.06479467120049374
SSR4,0.06478332493426976
TLE3,0.06477820626678357
CCR1,0.06476182432409198
PTPN2,0.0647573349684594
F10,0.06474726003518667
BLOC1S3,0.0647295218096308
CCNF,0.06472395886467419
UBE2M,0.06471264148264454
TMEM80,0.06471103396316794
RPRM,0.0647108801063954
MYBL1,0.0647063829849065
KRT10,0.06469698079670408
NUDT16L1,0.06469549717642688
PDAP1,0.06467103710826326
REV1,0.064670862270402
CCNK,0.0646601416095043
MEGF10,0.06465129530285646
C19orf51,0.06464485289487903
NRTN,0.0646394247839401
SERPINA5,0.06463576250949418
C7orf65,0.06463402917650529
ALDOB,0.06462639673406488
NSA2,0.0646219867580417
LATS1,0.06461324154373957
ZNF584,0.06460400767624293
ATAD2B,0.06459087756078323
P2RX6,0.06458403247188486
ERN2,0.06457568415695976
KIAA0495,0.06456662300716706
KIF3C,0.06456059264419432
TNFAIP3,0.06455910328918615
HMGCR,0.06453620438434375
RAB6B,0.06452920636847273
COL9A3,0.06451352977651491
IGSF22,0.0645116747346983
P704P,0.06450400156644767
ZNFX1,0.06450345774427274
HOXB7,0.0645031543778207
S1PR1,0.06449436704251538
ZIC4,0.06446511649436623
MOSPD1,0.06444587026248967
PHTF1,0.06444327415356728
SNX20,0.06444277107278928
BSCL2,0.0644412061599355
EGFL7,0.06444115776103407
CCRL2,0.06442852173259904
ZNF438,0.06440243594219891
TXK,0.06439750078009343
FAM169A,0.0643904067810408
ABCF2,0.06437580051497814
PADI1,0.064373637774162
DPH3,0.06436665587993162
PREPL,0.06430904204575923
FSTL4,0.06429655275921592
AP1S3,0.06429292981086179
C4orf21,0.06428698816983607
CEBPB,0.06427418196798738
TMED4,0.06425993140226728
VENTX,0.06425450051768479
WIT1,0.06424219494468536
CHTF18,0.06422355872834047
ARHGAP19,0.06421746766930325
CDH26,0.0642152441949467
RAET1E,0.06421190410994129
ANXA3,0.064211880387026
PXN,0.06418367643612402
SURF4,0.06417462740907355
EXOSC3,0.06417182628783695
GPR75,0.06415718065254117
CUEDC1,0.06414819804751243
UBQLNL,0.06413972003894361
KIAA1033,0.06413099420544609
RARRES1,0.06412209123195571
CEBPA,0.06412081238709344
ARHGEF16,0.06411028239049002
DIRC1,0.06409681360380279
DNAJB6,0.06409556158562216
HOOK1,0.06408486217862978
CHMP6,0.06408008153854049
LIF,0.06406896545268652
CELF5,0.06406504403615124
C10orf107,0.06404510429062708
SBF2,0.06404142025179337
INPP5B,0.06403458549308834
GRIP1,0.06402642634024028
TTPAL,0.06402306978915234
SRRT,0.06401347476362425
SLC35E3,0.06400935037059259
TMSB10,0.06400373683918822
EVPLL,0.06399559693645067
C1orf66,0.06394510437418126
C14orf176,0.06394500716677673
MAZ,0.06393637563961341
PAX3,0.06392690037722197
DIS3L,0.06392314893910758
SLC16A14,0.06388183668184559
AGXT2L1,0.06384344366800108
NPR1,0.06383291646664849
CASP8AP2,0.06381833884047175
HCST,0.06380860184006008
FARSB,0.06380019076764094
DOT1L,0.06378871047436721
ANP32E,0.06378440023190379
PMS2L5,0.06377526943215907
GNAL,0.06376346241581156
MT2A,0.06376101822767331
VWA5B2,0.06375628644226648
CLCNKB,0.06374493976905553
SLC15A2,0.06374076093889286
ADH5,0.06372453027110113
UGGT2,0.06371993938689371
GCOM1,0.06371908217434996
WHSC1L1,0.06371661127198601
SPEF1,0.06370910165111737
SESTD1,0.06369155268196802
ZNF541,0.06367967781158607
C8orf75,0.06366397241364381
LOC100128542,0.06366345128382721
DHRS7B,0.06365859582819397
NMUR2,0.06363192227200727
CHCHD1,0.06362690057047715
IRX3,0.06361454591704768
KCNN2,0.06359877757875258
TRPC2,0.06359800326820049
MGC23284,0.06358107258392985
CORO1A,0.06358059632296151
ZBTB7B,0.06355366371173103
ZNF133,0.06354586627911955
LOC144438,0.06353675158967884
NSUN2,0.06353443758342497
PGAM4,0.06351944515206102
FAM46B,0.0634982695997393
PLA2G4A,0.06347302722637559
?|57714,0.06346919704758779
ETS1,0.06346437114956381
CHGA,0.06345881936085124
TOR1AIP1,0.06345453502179788
IQCK,0.0634483013510329
PSMD12,0.06343416383478687
CBLN3,0.0634277726886869
MDK,0.0634243182147828
RBP7,0.06342193341021313
GPR78,0.06341366237645325
TSPAN31,0.063413648124859
MAP4K4,0.06340714099663126
ZNF193,0.06340473367425893
BCL6B,0.06339480243378405
WDR17,0.0633853003180401
FANCC,0.06337177458868201
DHX29,0.06336859137504292
MTIF3,0.06335865599690461
PPARA,0.06332798172347145
DNAJC2,0.06332753940705874
CTU1,0.06332610433563388
POLE2,0.0633201176108178
PBRM1,0.06330761837158203
ADAM10,0.06330361182447657
AMY1A,0.06330164475061419
AFARP1,0.06329885540235602
ZMYM3,0.06329826315982212
MYL12A,0.06327906418970487
ZIC1,0.06325358460556234
C16orf63,0.06325184620861776
PDZD3,0.06323573686355442
C12orf74,0.06322473056383553
NLGN4X,0.06321799910128684
PRKAG3,0.06321788450625129
HAUS6,0.06320797599364987
PTH2R,0.06318127676798763
SLC16A9,0.06317424022806568
WIPF2,0.06314864200448722
LOC158376,0.06313458054410655
RPL14,0.0631273443288682
SLC6A12,0.06312437687309802
GCSH,0.06311404282895237
PNMT,0.06308998920669177
RETN,0.06308832071926655
NAALADL2,0.06307616126072263
EXOSC5,0.06305533806854355
C1orf187,0.0630550593332042
WIPF1,0.06304232659824766
CCDC129,0.06302286162498404
TOP3B,0.06300927576496917
BOC,0.06299600206817765
KIAA0087,0.06299066040978935
COPB2,0.06297869345950827
C8orf79,0.06296685972212807
C1orf69,0.06294737654702906
DNM1,0.0629462724754999
HIST1H3D,0.06294246356469341
MGC2752,0.06291332652626695
PLVAP,0.06290527456211246
SUDS3,0.0628968231164498
TECPR1,0.06287711469081302
TLR2,0.06287038635980029
AOC3,0.06286283024762689
CRIPAK,0.06284652550507785
GBAP1,0.06283966443037312
AGPAT9,0.06283307081960676
FAM181A,0.06282799509493223
HMX2,0.06281386304969197
CPSF6,0.06280340235238242
ATP10D,0.06280149859257067
PCBP1,0.06278973884307383
FAM155A,0.06277547829089826
ANO2,0.06275521664451776
TMEM86A,0.06275251745608583
RPS7,0.06273462904938205
FAM190A,0.06271027751245185
HIBADH,0.06270687715669677
PLEKHG2,0.06270231702971664
RPSAP52,0.06269133964704685
ATG16L1,0.06268460614364121
RASIP1,0.06267407832747794
HOXD1,0.06267241818212749
PMEPA1,0.06266052039479693
KRT72,0.06263018646872645
IL4R,0.06260500920933681
SPOP,0.06260126039937955
FKBP2,0.06259365113915075
ZNF498,0.06259253242206098
LBP,0.06259085197964417
CX3CR1,0.06258710680689436
MXRA7,0.0625825637304234
HEXB,0.06257067294789255
GABBR2,0.0625704298488357
C5orf33,0.06253656000103013
GMPR,0.06253614175444715
ANKRD55,0.06252088246173244
RNF26,0.06250506730990618
TRMT1,0.06250018048622416
LRFN4,0.06249159365705368
GNAT1,0.0624892117772013
PRKY,0.06247690334995011
SLC25A4,0.062475620456606096
GSDMB,0.06246858192520781
ATP1A2,0.06242215493065889
ZBTB41,0.06241034037823991
THOP1,0.062402899863869016
ITGA10,0.06239607326115065
TNFRSF12A,0.06239231231200222
GRAMD1B,0.062390316633283725
HLA-C,0.06238315703114651
PRSS45,0.062378686752029296
ORC5L,0.06237663485292962
DDX21,0.062364312175151614
ZBTB33,0.062341107972098214
HOXD12,0.06232554940396519
EAF1,0.06231450070736058
THOC4,0.06231186131660109
KRT4,0.062290262927442865
BCAS1,0.062271038525972246
CLIP4,0.06226202372422572
CD4,0.06225318473514185
GOLPH3L,0.062244599724386146
PPP1CB,0.06221933643293767
TRIB2,0.062205662282901635
OGFRL1,0.062191182013647976
CCDC153,0.06219008832769077
TMEM183A,0.062189872385702595
FCGR2A,0.06215144065449541
TTC5,0.062149090491712675
POU6F1,0.06214643555481533
TTC38,0.06212799483010118
RFX5,0.0621249076918431
THSD7A,0.062114710542621944
HIST1H4D,0.06210976840545664
HIST3H2A,0.062095328811149625
FABP7,0.06209465508063968
LOC649330,0.0620943472271091
POM121C,0.06209064548810454
DHRS11,0.06207744519079015
HIST1H3C,0.06206115859683957
PGLYRP4,0.06203938727437916
SUMF1,0.06203445324117057
CDC42EP4,0.06202802388177653
PPP1R7,0.062027059146174277
OPA3,0.06202483032211345
ADAMTS15,0.062012317064027725
KIAA0947,0.06201138518743435
POLD1,0.06199863123313597
LOC100272146,0.061995555842562895
FABP3,0.061994541735410205
KCP,0.06197956787602898
BCAP29,0.061952846537537465
TET2,0.06195223528815511
NFKBIE,0.06194887699287347
MYO18B,0.061943714872663085
DYNLL2,0.06190159156856078
OSGIN1,0.061899612522166206
CAPN13,0.06188097448152272
HNRNPK,0.06185281465944442
CAPN10,0.061844484066831816
CYSLTR1,0.06183312088496752
MNDA,0.06180647129542602
HSD11B2,0.06178066571887801
NKX3-1,0.06175888144704151
PTPN23,0.06175386799266343
API5,0.061747318762583346
ESRP2,0.06171368348980537
AHNAK2,0.06171018728709328
MAPK15,0.061708852219442376
ASNS,0.0617033551759528
AKAP1,0.06170267106473907
MARCH7,0.06169527832289209
PTPRN,0.061689156435684823
LY86,0.061687679205025
SACM1L,0.061681007741704104
TCF7L2,0.061660233369278054
CD37,0.06164491434598675
CPSF7,0.06164446707863227
PLA2G1B,0.06163426050744581
RCAN2,0.061628288697856054
BAG3,0.06161393645795715
ALG5,0.06160211003387851
ZYX,0.06159576282321475
C1orf38,0.06159454364353838
UQCRC1,0.061588347203504125
EML1,0.061585804333823435
HOOK3,0.06155907198540088
LOC100131551,0.061558061839660644
CASS4,0.06155349645835317
TBC1D23,0.061540740644374176
RNPC3,0.06154001496336716
MST1P2,0.061537199672866534
GPC6,0.061530129094753555
NBEA,0.061519672730480125
C1orf115,0.06151852907343215
CAMLG,0.06151545864475978
PLTP,0.06151534174817494
PMF1,0.06151012008572577
RNF157,0.06150806332401921
ASB7,0.06150371030637282
UTRN,0.06150117559997562
LY6H,0.0615003232524206
ACTR8,0.06148790358283812
ZMYND10,0.06148355499096
RC3H2,0.06147136378777782
ARSB,0.06146030445500881
UTY,0.06145698110493449
SIDT1,0.0614517523251718
SNTN,0.06145053238884498
GALNT2,0.06139287954636906
UCHL3,0.061384353600332016
NLRP3,0.061378145600543596
SSH1,0.06137010291144478
TM9SF3,0.061362765697598715
EP300,0.06133935741182631
DOC2B,0.061332170433791244
LOC283174,0.06131829070791065
LAP3,0.0613168565954071
PRUNE2,0.061310965071304624
LPXN,0.061309875803807895
APOBEC3F,0.06130895896519732
IL24,0.06128478259982151
LIN28B,0.06125827675660515
GAMT,0.061249916676458065
SLC45A3,0.06121765512222089
TPP1,0.061212787578160205
ZNF92,0.06121180895747579
DNASE1L3,0.061185976196405964
C21orf128,0.06118469935493509
HLF,0.06118029421197621
DVL1,0.061162921495183806
CSTB,0.0611216273965811
GGTA1,0.06109482050957429
C17orf39,0.06108332896425248
PKIA,0.061074177827929746
ID1,0.06106984939349548
IGFBPL1,0.06105816461781299
ZNF383,0.06105576611914926
ZNF844,0.06104514372500174
LOC115110,0.06103046321479983
DENND2A,0.06102695440836889
KIAA1949,0.061018980026854276
LYAR,0.061003989808644084
UBE2J1,0.06100234302348557
MERTK,0.061001986439030306
SULT4A1,0.06098520786865171
CCDC57,0.060972859812268354
ZMAT3,0.06097032667708881
FAM50A,0.06096775857606703
SIK1,0.060965567597171186
NEDD4,0.060955780680827444
C1orf31,0.06092842842764435
HLA-DOA,0.060924700112378924
FAM46C,0.060924542891847185
EPB41L4A,0.06090095405424731
DPP6,0.06089935377571687
MRAS,0.060879697363979274
IGSF9B,0.0608715103154296
POLR2G,0.06086280410760645
CHERP,0.06085093766739033
GCGR,0.060847174498294944
TCTN3,0.06084245588271016
CXorf64,0.060820852131362756
ARSF,0.06080842489129124
PLEKHA2,0.060806120948228654
SORL1,0.06080326339012886
C13orf37,0.06079831915219708
SH2D3C,0.06079201173079163
SLC24A5,0.060791265275720395
PRKG2,0.060790648473912065
PQLC3,0.060782725329906
SPEN,0.06077385484035634
TMEM51,0.06077342769576723
USP19,0.06076286707325267
AKAP12,0.06075928457920047
OSCAR,0.060757831665505316
SH3YL1,0.06074446839209082
SLC7A4,0.06074337983447942
KIAA1549,0.060742821736019546
SLC44A5,0.06074262280896863
SIRT3,0.06073190386611003
C1orf53,0.060695416613070416
KRIT1,0.06068116787774639
KLHL11,0.060666033623964194
MBD1,0.0606610851574565
GATAD2A,0.06065863910326963
MAFG,0.0606513498375714
SLC4A1AP,0.06064667668549363
FIGN,0.06063499565189291
LNX1,0.06062957680025641
CAPS,0.06062203940905216
NAB2,0.06061579319806957
HLA-DRB6,0.06060777453102796
NRAP,0.06059449464907862
CCDC134,0.06057337305238117
CARD9,0.06054589681644558
ESCO1,0.06054292947369395
SLCO2B1,0.060535227063882445
FBXO22OS,0.0605345380914462
SLC35F1,0.06052023231221499
TTC13,0.060505825995863766
C9orf116,0.060482941070174635
CYP2J2,0.06047916333943759
SERPINA12,0.060475486542810854
C3orf16,0.06045852551338946
HNRNPA3,0.060442342312099245
FCN1,0.06043931901334337
SPINK7,0.06043488844116603
PFDN1,0.060430773706014455
LAMB4,0.060426326591451134
KHDC1,0.06041485706138157
WDR48,0.06040931674893705
TPTE2P1,0.06040405935065091
STARD13,0.06039558802167049
FBLIM1,0.060388091880623995
ANKRD16,0.06035832158745837
LEPROTL1,0.060352363110574306
SYNJ1,0.060352048194013345
N4BP2L1,0.06032734037792807
IGFBP1,0.06029821020448961
C12orf69,0.060295727968894264
METRN,0.060291343411899234
CCDC110,0.06027689164445738
PVR,0.06027659704701732
ASCL2,0.060272690933054936
CREB3,0.06027238477117107
NFATC1,0.06027096387626097
CMAH,0.06023469269731039
HLA-DRB5,0.0602201836946842
ALX1,0.06020809443249597
SUPV3L1,0.06020536513836093
CXCR1,0.0601935147034462
SLC45A1,0.06019316512037113
FN1,0.06018100587232194
AVPI1,0.060154615815595426
GPR155,0.06013926888063542
EMG1,0.060138638533200624
TMPRSS3,0.060135592507622265
TYMS,0.06013427200095746
AMICA1,0.06013320433462608
UBE3A,0.06012519266610121
UBA52,0.060121412191596134
RAD21,0.06012045556285781
RAB3IP,0.060111422662260196
NQO1,0.06011092851066711
PHKA1,0.06010716927215412
SLC37A4,0.060105714116685985
CIRBP,0.06010471161814567
NOL11,0.06009940013742427
ZNF627,0.0600952433492295
GSR,0.06008526608308208
KIAA0494,0.060082393623442615
RER1,0.060080920233298134
ZNF318,0.06007990182010335
MMP20,0.06006522732424003
KCNQ5,0.060052684394527434
MYOM3,0.06004904484950992
RNF180,0.06000615608030341
SPATA12,0.060003919496130195
MAK,0.05999923937927492
APOL6,0.059992308596936765
NEUROD2,0.059982075653779936
BMP1,0.05998056706825628
UTP14C,0.05997516093843362
IGF2BP1,0.059961957207987235
SENP3,0.0599530678179499
BRP44L,0.059938431856540055
IGFN1,0.05993448932148862
AGA,0.059919238309877484
BCORL2,0.05990489064029868
FAM119A,0.059888807822382664
SLC29A4,0.0598812468451054
C5orf41,0.05987525068754322
FAT4,0.0598730997597564
B3GNT1,0.05987237291541095
MRPL13,0.05987105262361738
KLHL5,0.05985838429376413
ITGAM,0.05984952837602123
CCND1,0.05983946633537729
FLI1,0.05983942174615464
BCL2L2,0.05983882828114589
LOC100190940,0.05982761326510124
ZCCHC24,0.05980229168882305
TRAM2,0.0597974175731905
AGGF1,0.05979695622562396
NSL1,0.059795993125308936
SUV39H2,0.059790738993510645
MAP3K3,0.0597788140629472
DDX10,0.05977598298393478
FBXL7,0.05977155560851127
ATP8B1,0.059769637026761246
NUMA1,0.059754432119035084
RBM22,0.05974093142256973
SIRT5,0.05974061867613878
ZMYND15,0.05973127828476616
TACC2,0.059692983625773605
G2E3,0.05969096262848987
RGS10,0.059682752459074076
ROR2,0.05967881862609239
HAPLN4,0.0596738698599021
NME7,0.0596714358606152
GPBAR1,0.05967070150533202
ZNF530,0.05965880406139949
GABPB2,0.05965785475227008
PUM2,0.05965748162830897
RAPGEF6,0.05964831799567547
SNAI3,0.05963735067210804
TNFAIP8L2,0.05961323280529353
TBC1D8,0.05958020422277376
PHF16,0.05957765200770236
ZNF678,0.05955889592823057
TMEM180,0.05955866496219929
C19orf52,0.05955810372215911
ATL1,0.05955407862249844
EXOC8,0.05952018271771407
LOC90246,0.059515749868102305
EPN3,0.05950669852304849
ZC3H6,0.0594848182424567
LOC646982,0.05946658028505925
KDELR2,0.059457531408022304
PYY2,0.05944590408078203
BDKRB1,0.059431755021436765
CCDC94,0.0594304730347535
FMO1,0.059427693080933125
MAPK3,0.059419954361370424
ORM1,0.05941749510203218
CASC1,0.05940682234341242
NFKBIL2,0.05939629117651345
NR1H3,0.059374213897073584
NUP43,0.059372079219134254
TOR3A,0.059361402103168814
ATP6V1A,0.0593464024513274
CNKSR3,0.05933251505548705
PPP1R13B,0.05932150524674479
PCDHA1,0.05930358977754516
CDH17,0.05929006745507488
OR7E5P,0.059287028350883356
TMEM195,0.059271552340669
INGX,0.05925780625384311
ANO9,0.05924564761140091
PAQR3,0.059244360687034356
STAP2,0.05924021701148849
CPA6,0.05922566491474601
RAD51C,0.059224471628313805
ZNF519,0.05921858772268172
CPSF4,0.059174884542487226
ZNF583,0.059165745771413855
BTK,0.05914673870014507
MAPRE3,0.05914443062446335
ZNF727,0.05913300398738768
SLC12A8,0.05912239026863382
NOP16,0.059113501916810314
MYH16,0.05911110105039429
RETSAT,0.05909437478996636
ANKRD58,0.05909377047123581
PRMT8,0.05908970845148287
IREB2,0.05908496239401992
KIAA1109,0.059081492969234504
FAM126B,0.05907718523866864
MORF4L1,0.05906816834617668
G6PC3,0.05906155977413382
C2orf54,0.059058779289481764
RAB42,0.059032136326789955
GDF11,0.05902603922893147
PSMF1,0.05901489506358173
CSMD1,0.05901245946952621
STK17B,0.05899377829187258
PHF6,0.0589796451422763
PDZK1P1,0.05894787847275736
LRRFIP1,0.05894208384234831
IHH,0.05893514290816724
C11orf67,0.05892608963922645
EPM2A,0.058916484010206854
OR4C6,0.05891566291135951
EIF2AK1,0.058900662590883966
NPSR1,0.05888680626344099
MAN2B2,0.05888386556703453
CSF1R,0.05887496373559785
DMRTA2,0.058872191452487746
SNRK,0.058856628720730046
THAP10,0.058851106406992586
ATP2C2,0.058843429310454685
SMAP2,0.05884156623246493
PDE3A,0.058841185275943626
AIF1,0.05882975432020054
WAS,0.05882449611282645
TMEM84,0.058801761276218834
TEF,0.05880023768092877
TEX2,0.05879461670886077
SNAI1,0.058776823251798824
OR13A1,0.05875215003674458
C1QTNF1,0.0587413427432554
PAPD4,0.05872183185159101
RNASET2,0.058720251654050815
RMND5B,0.05871797412612878
RCL1,0.058704393534280565
TLX1,0.05868908518350192
LOC541473,0.0586854492802974
RBX1,0.058681491200416776
MYEOV,0.058666252844014784
COX7B,0.05865951468087884
AQP2,0.05865782683339312
LOC339535,0.058645346246605265
TNFRSF4,0.05863737310742098
LPPR3,0.05862711307720087
RFWD2,0.05862510535800161
BCAR3,0.058611195370841924
FOXO3,0.05860679149510395
LOC100233209,0.05860166464366218
TLN1,0.058586949382978114
PPIP5K2,0.05855993456920707
USP28,0.05855932934170704
LRRC7,0.05855715328919433
FOXB1,0.058548613106580646
BCL2,0.058546537990419235
CNNM4,0.05852966490532256
KLHL29,0.05851223786033476
ZNF721,0.05849276145508953
IMPG1,0.058484420602115735
RNASE6,0.058461007489575736
FLJ39653,0.058459916594508846
DEFB1,0.05841005922658777
RBM28,0.058405804826537885
CD1C,0.058393407804643825
RCSD1,0.058381745952930525
KIF20B,0.058381182787046376
NOVA2,0.05835922611548521
MAP7,0.05835043793446641
APOB48R,0.05834804091116958
ACAT1,0.05833907944276446
ODC1,0.05833191072360522
ETFA,0.05832980787600076
NUDT3,0.05830786889127503
ITGB1BP1,0.05829749751179558
TRPM6,0.05828920048954003
LTB,0.05828148321212613
PARD6A,0.05827516928278238
ZNF718,0.05827040050801157
C15orf52,0.05826648828513603
HIST1H1B,0.058255101400964016
EYA4,0.05824565226673903
MNAT1,0.05822363451481693
F2RL2,0.05820385461040082
ENDOU,0.05819296411358684
ANKMY1,0.05818363236164157
SPI1,0.05815927116813777
ACVRL1,0.05815873962196302
GOSR1,0.058147319765091285
ADCY4,0.05814431106939616
CDCP1,0.05814387667415497
ABCA8,0.05813650064383778
LOC441869,0.058132295333340696
PLIN5,0.05812096510728338
FOXK2,0.058103072580373026
CLPB,0.058100240172021644
PCDHGA2,0.0580997025420708
CPXM1,0.05809476990999141
HRH2,0.058088961624680906
ZNF137,0.058078434870085065
SCARB1,0.058060120536089305
SEC14L2,0.05804914119587601
PHEX,0.05804011443764626
NAGK,0.05803590250676535
PIAS1,0.05802335671366201
CEP72,0.05800732017560917
RAF1,0.0580055510740508
SCMH1,0.05799647407104941
FIGF,0.05799584192033663
USE1,0.05797129582144773
MSX1,0.057968540858870515
DNMT1,0.057964827536179334
CCNO,0.05795528220149628
C3orf35,0.057943268659977135
ZNRF3,0.05794281929969671
UBA3,0.057928518318053145
RS1,0.057926200533090826
LOC400696,0.05791024397361838
HIST1H2BI,0.05790677119053942
ZNF134,0.05790659274160922
PTGR1,0.05790549427182749
SH3BGRL,0.057903922420818155
MAP3K2,0.05790194700078716
TUG1,0.05789832034539448
GNG2,0.05789798300553304
DMRTC2,0.05788958280632205
SLC39A11,0.05788653022998355
TRNT1,0.0578837533355861
SYT10,0.057882597297694516
PRMT6,0.05788206014821961
UBE2O,0.05787655023331674
PDZK1IP1,0.057844207596511446
TRABD,0.05783509097970756
ZNF837,0.0578233236383438
SYF2,0.05782236935292418
TBC1D4,0.05781087824593569
DGAT1,0.05780355537673235
ZNRF1,0.05778421171542496
GPR88,0.057779124016031885
CCDC130,0.05775448825192414
MARCH9,0.05773082163400477
ANP32B,0.057721670375481524
C20orf108,0.057719440603602144
TADA2A,0.05771390833944963
FOXJ2,0.05771302004105329
C21orf67,0.05771129753759101
C3orf33,0.057696983239287535
ZNF682,0.057679719558335375
FZD9,0.05767735712172676
MOSPD3,0.057627553730427154
ANKRD19,0.057608296691907535
LY96,0.057606597840029486
ARMC6,0.057601657743350416
TRIP6,0.057578517134798404
TSPAN33,0.0575512957614914
KLF3,0.05754313290111906
LIG3,0.05751375961461753
NLGN4Y,0.05751164737304034
AGFG1,0.05748253603277397
ADRA2C,0.05748247704235514
S100A10,0.057481573987052566
TXNRD2,0.05746875802337336
ZNF717,0.05745202752028213
HSPB7,0.05745160255552336
NUP54,0.05744902694551502
ARHGEF3,0.05742253672357268
CTDSPL,0.0574204943479949
RIBC1,0.057409837123164546
PLEKHG7,0.05740900106061887
PRRG3,0.05738757430214798
SCN2A,0.057386771889279896
DUSP5P,0.057379566132905395
FAM171A1,0.05737275967834302
CXorf61,0.05737160460192719
ZNF330,0.057364469481704254
RERE,0.05735803924605733
C12orf4,0.057354513563807254
ACTR6,0.05735290542154291
CLECL1,0.05733649191160693
APCDD1,0.0573250899047506
MEIS2,0.05731644946174589
HOXC9,0.05729309060067003
SMARCD2,0.057272313912327004
DEFB103B,0.057270063028466676
HLA-J,0.05726929072602165
KCTD21,0.057251457681625526
NOL4,0.05724932724751472
HS3ST4,0.05724010933163494
FGD5,0.057230846789572784
BST2,0.0572196839711988
CDKN2B,0.05721816544247868
CPT2,0.057215375360700815
FAM131B,0.05721497481459584
C21orf99,0.057206231575368305
MPP2,0.05718313241701444
CETN3,0.05718286828388914
BIN2,0.05717935116163829
VPS72,0.05717814610940972
KLF14,0.057171347812781506
RSPH9,0.05716725928626173
SF3B5,0.057165627919853836
KDM5A,0.05715730025850546
FAIM,0.05715712170937097
C11orf21,0.0571471112976142
PGAP2,0.05712061818964633
RAD50,0.05712058052652048
FCGR1B,0.057116758937760255
C12orf73,0.05711585275898057
SLC29A3,0.05711484162775298
GLYCTK,0.057107838270976846
COPS3,0.057091101785543996
PARVB,0.05709084198530644
PTTG3P,0.05706888470103881
BTN3A1,0.05706121869207628
PPP2R1A,0.05705570635822164
LOC153684,0.05704642765986924
C5orf38,0.05704239043959207
LRRC36,0.05704096384229475
KIAA0240,0.05703949480922166
VEZF1,0.057034626440662047
RIN3,0.057012495408883854
SORCS2,0.057001859115093256
C7orf29,0.05698661317815248
FRAT2,0.05698292177414263
DLD,0.05697845353661181
FKBP7,0.0569759404994915
APCDD1L,0.05697332154834687
CIDEA,0.05692514876725151
MMP17,0.05690890304930952
OR2A7,0.05690133419187417
GCKR,0.05688779846783505
EVI2B,0.05686501866918469
PSG3,0.05685182807257261
NUDT2,0.05683067453992046
GALNT7,0.05683031144519268
C19orf33,0.05681193819148648
WDR41,0.05680959997340355
LMNB1,0.05680681948682904
CCNJ,0.05680535281157037
WNT6,0.05678966762657927
CXCR3,0.056789529143536355
TXNDC17,0.05678537516409593
CERK,0.05678209048588401
LOC91149,0.056773021752452114
SLC43A2,0.0567193540425232
MCL1,0.0567191771234297
TTC3,0.056690221235029085
TBL1X,0.0566832317549617
RLN2,0.05667699596650967
SLC35D2,0.056669569643813485
ERCC5,0.056661974095345874
NRGN,0.056620521036337884
PPBP,0.05661302148540374
LSM14A,0.05660041017920103
PCDHGB4,0.05659772198695334
DYM,0.05659207850130427
CMTM1,0.05658267176170615
CDK7,0.05657961350124626
CCDC121,0.05657117359321896
CPEB2,0.05655599737108179
PCBP2,0.05654223893494241
CCNE2,0.056515558885515134
MRPL18,0.05651518926065931
WDR76,0.05651295077143436
SRGAP1,0.0564931279080568
RCAN1,0.05648438348947101
C20orf94,0.05648391744129239
HAUS4,0.05647939937168563
PRDX1,0.05642712424579131
EIF3B,0.056416472349621424
DICER1,0.05641062722897374
PML,0.056392645307892814
ODF2L,0.05639128176283616
LRRTM2,0.05638897473688211
THRSP,0.056376524441463426
C17orf108,0.056338163778974035
CD1E,0.05633610455518142
HIST1H2BF,0.056333846193238786
MAP2K1,0.05633231071484977
CRAT,0.05632777127930148
ST6GALNAC6,0.056323182021916246
IL1F10,0.056319145576185635
C7orf58,0.05630843227036388
ETS2,0.05630549974297177
DPF2,0.0562848017066084
C17orf101,0.05628259107304795
ARMCX3,0.05627764375887707
AMOT,0.056261747826790595
COL5A3,0.05625653407258596
ODZ3,0.0562033743143884
BRAF,0.05618649292695556
BLID,0.05618166890359275
HOTAIR,0.056179913619458066
FBXL21,0.056173834448967765
DENND5B,0.05616714406467236
KRT39,0.05615844587336665
POLDIP3,0.05614949890059476
FBXL13,0.05612794408530272
NCKIPSD,0.056119650427324384
ANKRD20B,0.05611774797476462
SLA,0.05610355197054488
C10orf119,0.05609896164451387
LOC653566,0.05609810032352295
LAPTM5,0.05609484848344264
NMUR1,0.05608948176165781
TRAF6,0.05608607673943645
ZNF154,0.05607538708298918
KLK1,0.05607410468407648
NPC1L1,0.05607189660556716
KIAA0892,0.0560640971091455
TWIST2,0.05606237121414594
TOX,0.05606142919529498
LOC93622,0.05605244084779213
NALCN,0.056005827699263454
IFI30,0.05600122987070876
BRCA2,0.05598605235001315
PDE2A,0.05597909219855735
MTMR9L,0.0559762414138312
C8B,0.05597008707800445
PDXP,0.05596540287461357
RDH5,0.05596142468126961
CCR5,0.05596125547535542
FBXL8,0.055931650479081635
SRD5A2,0.0559156408212784
CCM2,0.055912991262022864
?|729884,0.055903744695325185
GLS2,0.055895556425660714
NDUFA5,0.05588941471784582
MRRF,0.05586772613139938
MPDU1,0.05585776400488866
HAS2AS,0.05585458585377111
NXPH3,0.05584861937415171
SERINC2,0.05584772777714024
BAG5,0.05584358098519297
KRT80,0.055838425633270884
ZNF389,0.05582672826268756
ZKSCAN2,0.05577892312487552
GOPC,0.05576728536315983
LHCGR,0.05576607400878004
FAM70B,0.05576225924974771
MYADM,0.05574755194650113
LOC100133991,0.05574623739497382
C10orf26,0.0557354373735292
FAM193A,0.05572683610239406
MED11,0.0557216305439481
C7orf49,0.05570703310511124
GIMAP7,0.05570656211528662
TACC3,0.05569844663898787
TRA2A,0.05569478314045288
ANKLE2,0.05569364130397299
EIF3M,0.055672603387492206
MARCKSL1,0.05566536934659499
AKR1C4,0.055654694665830846
ASB4,0.05563901090628375
GAB3,0.055638189311674045
NKIRAS1,0.05562797631504546
C20orf96,0.05562201886031462
WDR64,0.0556214319746725
KRT37,0.055605181930085464
FKBP6,0.05558883929181506
ZC3HAV1L,0.055588110238841845
ILDR1,0.05557982083944841
SYN3,0.055577562799758465
CCDC13,0.055562989739187725
ALPK1,0.05555753541710868
CD52,0.055549542392362754
IL1F6,0.055545425747065814
MIER1,0.055515263229466545
PDDC1,0.055515016252863904
MICAL1,0.05551168757944277
ADAM19,0.055507937405898794
TOP2A,0.0555031376757526
CEP192,0.05548959133340974
GOLGA3,0.055477787552296216
CDC7,0.05545860895351785
FLT1,0.055448819691013805
JAKMIP2,0.055433500285686166
MRPL40,0.05542320661577398
C1orf96,0.055421277821490804
EMCN,0.055419844165734165
LOC148189,0.05541831948952461
FAM174A,0.05541196281317309
IL1R2,0.055411807291663395
GNRHR2,0.055403904470802526
LMBRD1,0.05539726139223569
ACSM1,0.05538629881382234
BTC,0.05538367074334954
CHAF1B,0.05537235610957538
FANCL,0.05536911537807136
ZSWIM4,0.05536436550062368
ESM1,0.055361189294836625
GABARAPL1,0.05533092112598475
GEMIN5,0.055319173183792036
SPAG5,0.05531782335461688
BCL2L11,0.055313194129909045
THPO,0.05531115052187005
DUSP3,0.05528764408606136
UBE2T,0.05527530420115713
C21orf57,0.055275288375640705
CHCHD4,0.055268653170114965
VIPR1,0.0552681774052503
C18orf56,0.055264761690235815
CEACAM21,0.05526032514454918
OR10AD1,0.055248960473110516
PFN4,0.05524881826685779
EXOC3L,0.0552439576950233
UQCRH,0.0552434196912406
SLC35F2,0.05524306296563974
ATP8B4,0.0552233925566729
TSPO,0.05521521985802193
THYN1,0.05519198308634824
MPP6,0.05518827424248492
PTPMT1,0.05517763878790889
HLA-F,0.05517005154827699
MAGEA10,0.055152166691655145
RORA,0.055151435263436924
TUSC3,0.05513448375016308
SLMAP,0.055123287240531484
POLR3H,0.055116409381314804
NCOA1,0.055113813335200726
HOXC5,0.05511374135154125
IFI35,0.05510132216283094
RNF222,0.05509647638893419
DPPA2,0.05507716634640774
DYNC1LI2,0.05507508753897704
CELF3,0.05507319901664716
SRGN,0.05507174293102345
MRPS26,0.055052515445956095
CLEC3B,0.05505050782771264
FCER1G,0.05504752740779819
INPP4A,0.055038406390076816
LRRC66,0.0550311520587954
SRCRB4D,0.05502667265186955
P2RY2,0.05501416169608942
TNFSF12-TNFSF13,0.05501111519557186
TWF1,0.055009877287727424
C19orf35,0.05500082378022739
ARHGEF12,0.05500070474922672
ARHGAP15,0.054995340591633586
LST1,0.05498877760283095
STAT4,0.05498663182827728
TLR7,0.054963914488323974
PLEK2,0.05495939277162618
KCNF1,0.05494124379350997
CIAO1,0.05493941022230444
LOC100127888,0.05491992251435251
C1orf124,0.05491507115629113
FBXL16,0.05490896043358224
C16orf62,0.05490329869169461
AKR7L,0.05486219548351016
HYAL4,0.054859285485611656
PKP4,0.05483420700797834
ITGB6,0.05483081111856739
PREB,0.05482507231777889
PRR5L,0.05482055351296939
PEX11A,0.05482027818876872
GNG5,0.0547869318306318
PRR15,0.054770453564348336
AXL,0.05476350907654325
SLC27A2,0.05475251677966532
RGL2,0.054724134154242605
PPP1R3D,0.05471709314997201
MRTO4,0.05469898604507023
KIAA1274,0.05469659453306001
C1orf192,0.05469573730752252
DNAJC21,0.05468744526709655
ARL8A,0.05466396270540801
LOC344595,0.05466029639774412
TRIM45,0.05465210466355542
DSPP,0.0546491956367018
ZNF219,0.054643789539364
NPEPPS,0.054638442487616935
HTR1F,0.05463832715949583
OPRL1,0.05463174043723178
VGLL3,0.054616002615325746
TNFRSF14,0.054615764803780664
FAM161B,0.05461519707944111
CKMT2,0.054606027055759516
PTPRH,0.0545953738262522
MORC4,0.054586943857956226
HEBP2,0.054572771628279226
BTBD1,0.05455317639975481
LOC285074,0.05455234418398917
UBOX5,0.05454977716816244
VEGFB,0.054549512831139305
RLF,0.05454612062872619
ATF7IP,0.05454587191636837
TMEM176B,0.05453300480310675
AFAP1L2,0.0545325216910315
FAM89A,0.05453209675016576
GK3P,0.05451684614985163
SEZ6L2,0.05451472800104659
ADO,0.05449413601853849
TMEM156,0.054485186804692456
ARMCX5,0.05447486758708194
ADH1B,0.054460547111856335
TMEM206,0.054456022373726584
LMF1,0.054452157866746724
GFPT2,0.05445186069477934
NAA25,0.0544488089579963
RGL1,0.05444752726838171
PPP1CC,0.05444228277622715
TRADD,0.054433252646816255
GPC2,0.05443251862522401
C18orf25,0.05442917274431151
ZNF442,0.05442233476007761
GZMB,0.05441777525643224
SLC7A10,0.05441752242190792
RBM4,0.05441022900673249
PKD1L2,0.05440852262849031
MUC20,0.054395439692848296
ASPRV1,0.054381895952418706
CNTNAP5,0.054380593940091156
NCAM2,0.054377764309387726
TNRC18,0.05437652674144953
TROVE2,0.05437389061963157
JAGN1,0.05436808101055651
SMG5,0.05435786153662831
SLC29A2,0.05434826389208464
DGKE,0.05433636757741915
SPA17,0.0543361828216478
BIK,0.05433384468409543
APBB1,0.054325523833592265
NDUFAF3,0.05431772488570621
LOC283070,0.05431744777295712
ATIC,0.05431019532080215
INSL3,0.054298238824778085
DCAF13,0.05429566594716665
ACPP,0.05426362356644931
SNX17,0.05426145616791757
CA3,0.05422878174981122
CCDC69,0.05421932640898686
ZNF415,0.05421485789990979
GIPC1,0.05421195096383588
EPHB2,0.054178779149691755
C10orf55,0.05417601344681923
FERMT3,0.054161081797297554
TP53INP1,0.05415798174666681
RCHY1,0.05415314919853976
ACAD11,0.05414879847851368
TMEM213,0.05412667578278928
FAM114A1,0.05412484656052179
PLCL2,0.05412360671158617
C3AR1,0.05411833883761246
C1QBP,0.05411541040917096
NANP,0.05411044985909986
RAB43,0.054109162881436475
PODXL2,0.05409391574507091
ITPR3,0.05408476175392706
KIF21A,0.05408316763017035
PSMD3,0.054073681150711414
SMAD2,0.0540677912120381
LOC644165,0.054045779772654366
NECAP2,0.054028516980049915
ABHD12,0.05402507031109401
TGFB1,0.054011006173671154
TTC25,0.05398046542204318
C20orf3,0.05397400734653473
LGALS4,0.05397384019117786
TTC37,0.05397248719489798
LOC146880,0.05397139740747172
KLRG1,0.05395895840470005
ITGB7,0.053955796107486936
LOC100144603,0.05395535781463773
POLD4,0.05393879560167084
PHOSPHO2,0.053937223871274566
ADCY2,0.0539206305232051
TNFSF13B,0.05391574431346744
MVK,0.053915649928182784
KCNG3,0.05391287555194008
SMC3,0.053909860256641
HRK,0.05390085062628073
CYR61,0.053888580955023864
SARM1,0.05388730926524142
KLRC3,0.053880943206690235
UPK3B,0.05387108833775279
MYPN,0.05386819891787353
KYNU,0.05386560938108478
XRCC4,0.053860336367758874
RTDR1,0.053839483871122105
EPHA4,0.05383915665479324
AMT,0.05383804666218745
PSMB8,0.05381286618631919
CCDC91,0.0538017872116518
PARP14,0.053793599833063574
KIAA0430,0.05376316249014048
CCDC160,0.053760328235294634
LMO2,0.053728955937662
FAM10A4,0.05372652387356963
P2RY13,0.053719825182089266
CTCF,0.053699929587116405
HSD17B4,0.053697324807516655
PPP1R15B,0.05369253153583974
FPR3,0.05368434353336377
XPR1,0.053681970214507206
VAX2,0.05368069651316494
IGLON5,0.053662443727383796
ANGPTL1,0.053662119141447646
RAP1GAP2,0.05366020411740946
NSUN3,0.053652097043419576
CDH24,0.053644189866019654
CCNB1IP1,0.05364306950296536
DOCK2,0.05363148303429248
C10orf12,0.053630790710029096
RHBDL3,0.053630069846590585
LYST,0.05362759843865936
GPAT2,0.05362504547038944
ROBO4,0.05362406180589655
CRYL1,0.05362360933199119
BAT2L1,0.05361936632226018
SCARNA12,0.05360331360893776
C1orf144,0.053595083458452916
DCLK2,0.0535837724518896
STARD4,0.05358304417160558
CAMK2N2,0.053577851634289055
RFX1,0.05357656304014903
SV2B,0.053559555062493304
UPRT,0.053556524414370955
CCNT1,0.053551459041860164
TMEM115,0.05355041980733248
SLC25A32,0.053546004487933264
ATG4C,0.0535367145388675
CCDC64,0.05352087166578635
NTNG1,0.053515496258805174
SLC27A1,0.05350431732382279
EMP3,0.05350358334964019
METT5D1,0.05349643260153955
CSRP1,0.053483014545945284
SLC22A2,0.05345887053124159
UNC5B,0.05345743675497915
PCDHA10,0.0534533924208534
PAK3,0.053451305957463065
NEK7,0.053449815978150864
PION,0.05344177210133799
ITGA2,0.053439482940439396
GAPT,0.0534332823289332
COCH,0.05343159993106373
ELOVL7,0.053428399274731635
FCF1,0.05342832647730542
SUB1,0.05342118787522121
TBC1D17,0.05341468129979156
SQRDL,0.0534097281190826
CPEB1,0.05340591475427613
TXNRD1,0.05339610889245648
DNMBP,0.05338434596670212
RNASE2,0.05337423990739518
LCTL,0.053373089446264
ATP6V0A1,0.05337012147217273
CDKN2BAS,0.053368860002011825
ANK2,0.05336613043060772
SGK196,0.05336304488712002
FAM198B,0.05335767752540102
MESDC1,0.053336855227684846
TMCO1,0.05333623515475904
LAIR1,0.05330962641313428
TNFSF8,0.05329980341954148
GPX3,0.053292146229373845
G6PD,0.05329128628884024
MAPRE1,0.05327059100239483
PHLDA3,0.05326125273801929
APTX,0.0532557909038979
GALC,0.05325370221036671
DHRS9,0.053252462751625707
COIL,0.05323931442081386
CLPX,0.05323830782235872
TGFB3,0.053173301039380116
FANCM,0.05316926594470306
CPNE8,0.053143278980117246
C8orf48,0.0531380639669139
FLJ30679,0.05313412459369625
KCTD3,0.05313258297434408
NRK,0.05311992808571673
TBCB,0.053118654055798194
USP11,0.05311538214097169
HCCS,0.05311036528344201
SASS6,0.05309838425559375
SPEG,0.0530964449112913
ALCAM,0.05309631996315448
OSMR,0.053090584129762856
C11orf53,0.05308146361199065
GRIA3,0.05308142524258532
RNASE3,0.05306239408728446
CD164L2,0.05305255246822879
FLJ44606,0.0530471665801059
C5orf39,0.05304445910815887
LOC285830,0.05303785291644813
LOC645166,0.05302335415610042
DUSP13,0.05301098456682622
IQCG,0.05300972252867503
ACTL8,0.05300806958172198
GNB4,0.053008028885245084
PRAM1,0.05300186345284069
SERPING1,0.052993777024856414
TTC39C,0.05299323861823663
TOB1,0.05297705424510369
PDGFRL,0.05296274848412643
RNPEP,0.05295981819453819
ZNF695,0.052954646273926806
GCDH,0.052938582881924615
E2F6,0.05293166646565329
HRH1,0.05292953619997347
C15orf56,0.05292925251439444
TMEM134,0.05292333967238019
DPP9,0.05291915134732291
FUT2,0.05291642626993837
TBC1D22A,0.052913018376620546
GMFG,0.05289914581547937
PTAR1,0.05287331866769576
PRKAB2,0.05287133811598198
AGPHD1,0.052866850866630836
TTTY15,0.05286063170759349
SLC25A11,0.052851256670728514
TRIM40,0.052840415393519885
UAP1,0.052837342945220966
INF2,0.052823868707619695
UPF1,0.05281803751546263
ACOX1,0.05281755558854207
PLA2G4F,0.052815651640037826
FDFT1,0.05281534157719878
GALNTL4,0.05281498888471572
COPA,0.05281229065012256
DGCR8,0.05280917789803703
ADAMTSL4,0.05280607805446881
DOK2,0.052799401247367865
SCXB,0.0527938366785361
TMEM49,0.05278842033120498
POLR3F,0.05278690250526227
NKIRAS2,0.05278406003254126
BTN3A3,0.052780128633184535
C13orf15,0.05277113772879139
SESN1,0.05275167656806547
IMP4,0.05274667991308229
POLR2J3,0.052743863477871605
PPIH,0.05274291314722116
NLRP7,0.0527375415997407
C14orf143,0.05273638753100491
C20orf12,0.05273633851960057
UCN3,0.052706122128311786
PDE12,0.052700134392242845
LOXHD1,0.05268216909270555
SUMO1P3,0.0526800676730981
RALGAPA1,0.05267193218736589
GNL1,0.05266152698759239
GPR65,0.05265666299868351
FCGR2C,0.05265525982198768
CRYGN,0.05264487497700295
PIK3R6,0.052642128923607076
COL12A1,0.05263750450237164
PLEKHH2,0.05263240595654041
MYO1F,0.05261407806560327
HMX1,0.05261260563060325
CDH6,0.05260718547473073
HIST1H2BM,0.052606824450138354
HDHD3,0.052599555316935484
KAT2B,0.05259577223545138
SLC25A42,0.05259271383420438
GDF1,0.05259036048910973
NTN3,0.05257982742113698
XKR9,0.0525794609583647
ZDHHC13,0.052573884175926615
MEST,0.05257068869764553
SPATA2L,0.052555518588818434
TMEM43,0.05254974536456216
URB2,0.05254132521165358
DNA2,0.052538833821795604
ETHE1,0.05253224088975561
SLC6A17,0.05253134783653254
DMC1,0.0525260065780368
PCDH20,0.052482144752448875
TMSL3,0.0524807446981956
THAP7,0.052475655846486
TSSC1,0.052475457408974926
HTR3E,0.05247299158049125
TDRD7,0.05247114029128384
PIK3CG,0.05246909543560341
GTF2IRD2B,0.05245857763786358
FBLN7,0.052456264535822014
FAM176B,0.05245586056890934
HBEGF,0.0524544463322933
UBR5,0.05245148113534774
TRHDE,0.05245144252006887
UCA1,0.05244343130534067
PLIN3,0.05243905478106324
C11orf48,0.052436687423859867
GPM6A,0.0524333908808657
GIMAP6,0.05243128526296443
RXRA,0.05243053503096941
CKS2,0.052427254858238945
PIPOX,0.0524160489979479
LRSAM1,0.052413654112940945
ADAM20,0.052412054561707506
SNX3,0.05240912702770399
AURKC,0.05240586316450809
LANCL3,0.052385290082061026
CASP1,0.052382645198075964
ALKBH3,0.052380165685043306
GSS,0.05237810017674785
FAM190B,0.052363445131794355
FGL2,0.05234970474589289
XPA,0.05233047427785118
FAM103A1,0.05228875466781916
LRRC37B2,0.0522852705861366
PARP1,0.052267068715675394
ARL15,0.05226701684029187
MXRA5,0.05225010678711192
CHADL,0.05224957555720524
APLF,0.052234760688094475
KRT81,0.05221718434243015
KLF8,0.05221708945942726
C16orf71,0.05221634569522576
ALDH5A1,0.05221465104917871
WWTR1,0.05221432962447297
ART3,0.052212664560713225
AVEN,0.052202818206984386
DNPEP,0.052199429670413994
CASP3,0.05218455999712464
RPS6KA1,0.052183281307956006
WNT10B,0.05217300834227303
LIPK,0.052162803779347025
RPS6KA4,0.052143430249531136
KIAA0895,0.05213812896588239
PAOX,0.05212953315429731
NEURL1B,0.05212669375078528
CTXN1,0.05211193983547273
DMWD,0.05210711239425022
ERI3,0.052100221062999275
PLOD1,0.052082182653162216
CGB8,0.05208211424613696
RAB27B,0.052080812840904454
RNASEN,0.05207305517199723
B3GALTL,0.05205740350318136
STK11,0.05204918958639993
DNAJB9,0.05204365008379184
LRRK2,0.0520435700712668
LLGL1,0.052041447088426056
ATP6V1B1,0.052029069963785986
TF,0.05202673985779873
ZEB2,0.052023678972218
TRAF2,0.051998310282686665
TM6SF1,0.05199629972282795
RBBP7,0.05199224262296726
RPRML,0.05199083066229359
PF4,0.0519842043142288
ROBO2,0.0519536901785539
C9orf66,0.0519500578492762
GATSL1,0.05194131273954028
HIST1H2BJ,0.05192528178043598
PPP3CA,0.05191916329799822
C3orf30,0.05190961159056583
RPLP0,0.05190881103742444
IL18BP,0.051897020076204115
MAP2K6,0.05189686181407034
ZNF16,0.05189502508853652
USP4,0.051879582403666524
SGSM2,0.051877773187348174
TGFBI,0.05186660367881711
LGR4,0.051863261545671314
ZNF575,0.05186238739600863
DRD4,0.05185860318546662
PPIAL4G,0.05184961205405998
RNF6,0.05184746513139842
SGCZ,0.051812412461542605
RHBDF2,0.05180063853930952
FKBP15,0.05179217525810032
FLJ36031,0.05179062444779594
GGNBP2,0.051759735173200115
KCNH5,0.05175847599994016
FAM78A,0.051754748881786806
RANBP17,0.05175322604555877
FAM196A,0.051751906730430834
AGTR1,0.05175109954230703
JAKMIP1,0.05172588577900435
DCAF8,0.05171427995333176
PLEKHH1,0.051690191911171905
FNTA,0.051672566340342084
GPIHBP1,0.0516637729106395
PCDHGA3,0.051661063446660736
MYH9,0.05165921466133795
METAP2,0.051652057054834014
CMBL,0.0516478049590992
PRKD2,0.05164237212833703
C16orf48,0.051641177645128454
RHBG,0.05162579055890109
CLASP2,0.051619545376003016
IFNA1,0.05161504787193011
SNORD116-28,0.05161006964923106
FKBP11,0.051606037601687534
WDR91,0.051605699333891884
FAM188B,0.051588500763883785
SUCNR1,0.05158337184872599
ANGPTL5,0.05155304018060385
PPFIBP2,0.05153426112127179
FAM196B,0.05153280531741946
MESDC2,0.051530968422485356
ARHGAP24,0.051528984041639546
FCGR1C,0.05152387905033434
MGST3,0.05151652572174578
C17orf37,0.05150987534313475
GPR144,0.051509701300731466
PPP1R3C,0.051507540123120636
IL4I1,0.051506455854063896
PCDHA6,0.051475034388278454
MEOX1,0.05147134593587174
ABHD10,0.05145764428920124
RGS9,0.05142767178595996
ECHDC2,0.05141344600156308
MTCH2,0.051408425797869535
MTCP1NB,0.05137671518815402
FGF5,0.05137594359366655
ZC3H12A,0.051364713439204526
DHRS13,0.05136356424948016
STOML2,0.05136061656059127
PTCD1,0.05135800392928089
FARP1,0.05135297015081304
RNF183,0.0513440018873463
POC1B,0.05134315964949565
CBLN4,0.051335336578511484
SLC16A5,0.05133060156497882
ADNP2,0.0513292147709709
LOC643763,0.05132192531723996
TRPV2,0.0513062386852204
IL2RG,0.051301774099659886
NCKAP1L,0.051284096186888346
HSPBP1,0.05128228060348814
LTBP1,0.05125576458056093
TRIM38,0.05124914557333449
ART4,0.05124892916521086
CD300C,0.05124484040738148
MCM6,0.051239739361060854
NOTCH2,0.05123291454723464
PRICKLE4,0.05122668693827693
ARID4B,0.05121672626320515
HLA-DQA1,0.0512098540893129
FEM1C,0.05120061548862873
WDR86,0.05119195728775957
MUC15,0.05119169878267847
SOD2,0.05118418683116507
APOL3,0.05118154367884182
CLINT1,0.051177426270967025
C5orf22,0.051156831211954586
RAD21L1,0.05115595617993169
AKR1B1,0.05115361298568533
ERI1,0.05114171065364757
TAOK2,0.051132167605553884
DDX42,0.05112339208671042
OSGEP,0.05112120891736547
UBL7,0.051112797968835236
ELMO3,0.051106319629526206
HAVCR2,0.0511017472903265
GJA5,0.05107972830141221
C15orf57,0.051059041019434634
MRPL48,0.051055387036420756
TMEM176A,0.05104928332378801
TNFAIP1,0.051045202075021064
PARVG,0.051031356211837325
KRT85,0.05102696539341815
RMI1,0.05102167947436209
CCL1,0.051020333978438734
MAEA,0.05101853030496382
GRTP1,0.05100491497665259
FUCA2,0.05099587288946417
EPHA2,0.0509955612820043
RAP1B,0.050988475197191664
ITPR1,0.05098680276002181
POLL,0.05096114798930562
DNAJB5,0.05094291185035642
AMOTL2,0.05093733012016648
MICALCL,0.05093294025661819
TMEM30B,0.05092549054491638
C14orf147,0.0509174796591718
MRGPRE,0.05088639600848199
GULP1,0.050882436973767715
ACADSB,0.05086424201403836
TRIM39,0.050858434182420045
C9orf78,0.05085677469722672
DEFB4A,0.05083250837611443
TULP4,0.05081603311982107
CDON,0.05081356338239303
PLAU,0.0507964851112962
CHRAC1,0.05078534051081794
CHRD,0.050782666997183756
GPR19,0.05077902666146975
NOB1,0.05076905367768195
CCDC154,0.05076136559203856
DKK3,0.05075704483011178
TMEM184B,0.05075570961351346
SLC30A2,0.050743605261261884
IER5,0.05073908765154752
C10orf90,0.05071406420541874
C5orf34,0.05070826306504423
TRIT1,0.050705317055539115
MRPL22,0.05070023774735853
DEPDC7,0.05068917096353455
ZBED4,0.0506572304311554
CD177,0.050642131196107894
GTPBP1,0.05062334223517127
RPL23AP82,0.0506201247400137
ACTA1,0.05061697906206651
GBGT1,0.05061001948917754
?|90288,0.050580791735761764
C1orf95,0.05056458111922976
RPL17,0.05055221302868204
LOC284100,0.05055096963042481
SLC5A9,0.05053789396580695
IL10RA,0.050535290317454865
EVI2A,0.05051573889486178
SULT1C4,0.050513172602102446
TBC1D25,0.050508888194466736
GABPA,0.050499644638149856
C1orf109,0.05047505133784904
YY1,0.050474968399789585
SLC35B1,0.05047334035374271
HSP90B3P,0.050471838750937206
DNMT3B,0.05047177541345895
MKL2,0.050464724984878535
PSTPIP2,0.05045208125950263
STK10,0.050449946194833895
ZDHHC19,0.050442408173524286
OR1J2,0.05043410403530305
TCEB3B,0.0504260572133228
NEXN,0.05041695017230114
ZNF17,0.0504034893655612
TOLLIP,0.05040340740288813
SPR,0.05039272676273802
DHDH,0.05036673104112227
HIVEP3,0.050343534229928134
PGK1,0.050342241265608864
RND2,0.05033978821889909
RCOR2,0.05033754822794741
COL25A1,0.050334813648791624
PSG9,0.05033066240136717
SRPX2,0.050316083235382544
IL18R1,0.05031600846706573
ARL8B,0.05031032803445751
FAM35A,0.050305366178733935
STAM2,0.05030131778873582
LOC152225,0.050299454579957464
PIGK,0.050291101934990486
LHFPL4,0.050287361012585394
VPS45,0.05027984470194156
C6orf223,0.0502715019504398
PVT1,0.05026833229990305
F2RL3,0.05023851890952816
MAPKAP1,0.050234563153906155
FAM5C,0.05023411271060354
LIMK1,0.05022604409104229
ZBTB11,0.050222860013435906
SFTPD,0.050206223053718996
MAN1A1,0.05019195178104509
CASC2,0.05018763639672545
DOK3,0.05018150663584555
CHMP7,0.050176251799387624
SELE,0.05017053894698843
SAMD13,0.05016621708190351
BET1L,0.0501442880414227
COX4NB,0.05013542441720495
C6orf208,0.0501201154365086
TBC1D3B,0.05010363559113846
VCL,0.05007297104775871
EXOC3,0.05005331730541443
KIF3A,0.05005079547425009
MAGEB6,0.05004556692142216
CHI3L2,0.0500454979887778
LOC387646,0.05003659414039382
MEOX2,0.05001732099441197
HCG27,0.05001385129417516
AOX2P,0.05001350592601607
ZNF44,0.05000970735384176
SPRED2,0.04999519813981405
RAB12,0.04997635811083783
ASH2L,0.04997443974123637
ELL3,0.0499510840563891
RPS19,0.0499455811066141
IFT81,0.049926398887210684
DCBLD1,0.049925911145792666
PLEKHG1,0.04992445749720549
EIF2AK2,0.04991933314519791
SIRPA,0.04991476369960266
CLEC4D,0.04991185204200212
SPOCK2,0.04991126213809042
DTD1,0.049899169294071156
DPP8,0.04989782776170007
FUT8,0.049892099143540765
TMEM170A,0.049887704526436254
PMVK,0.04988043073229404
ACSL4,0.04985645324034814
CDH22,0.04985371119478768
FHL2,0.0498418000822785
COL3A1,0.04981797556848087
HSPB6,0.04980960926528726
RAB34,0.04980949103709522
GPD1,0.04980698124428349
CYTIP,0.04980374941165305
SUMF2,0.04979401595935338
GPR34,0.049784527720205085
C5orf30,0.04978088113651989
ABCA7,0.049765621285247925
ATP8B3,0.04976058101958274
TCAM1P,0.049756735353892634
TTYH2,0.049730551232560365
IL1R1,0.04972744751689323
SLC48A1,0.04972730581465964
HIST1H2AD,0.049723961915023256
UBE2CBP,0.04971312186662356
ABI2,0.049712667921433654
CDC42EP1,0.049711448295848525
NOM1,0.049708102583651714
BUB3,0.049704748980595216
NPR2,0.04970311601314498
C9orf135,0.049688642319697246
TMEM132D,0.04968388852289306
TANC1,0.04967984986822154
ASPHD1,0.04967618439965847
PA2G4P4,0.049674685620740774
NIPAL2,0.04966559543968482
CACNA2D4,0.04965238792071306
ATF4,0.049652299473970866
MYOM2,0.04963732833887312
PLUNC,0.04963258418909279
HS3ST1,0.049631552610543084
SLC5A10,0.04962989977020732
COTL1,0.04962181865230076
CHN2,0.049614137322561404
DCTN5,0.04960718363141573
SLC30A6,0.049599704972166356
TDO2,0.049597489500879034
SPAG6,0.04959254883293956
ARID5B,0.049589256289135436
C21orf7,0.04958579922281567
POLR2A,0.04958293537521783
MYO1E,0.0495766774894433
ASPA,0.0495672360756449
ARF5,0.049547138892917224
C16orf3,0.04954547658548657
LILRB2,0.04954461368864474
GTPBP4,0.04953268253730028
ZNF597,0.04952136004810855
MEFV,0.04951637270088135
MFAP3,0.04951407953398325
C1orf61,0.04951406433655256
SP140,0.049513625293940336
AFF3,0.0495003842609501
C17orf75,0.04950017023970409
NEU1,0.04949386386224782
ADM2,0.04949100495561911
HRASLS5,0.04948415275754232
TNRC6C,0.04948372520696689
C20orf151,0.049482352740144536
FBXW5,0.04947918985634229
C8A,0.049477337906613295
TBC1D1,0.04946442782922337
ZBTB47,0.049459041080453105
DDX41,0.049448930060226465
AGK,0.04944838870010394
ELN,0.049441584410145706
DHRS3,0.04944097050806926
PLD4,0.04943675089700537
LCP2,0.04942778409497696
SMPD1,0.04942034653207451
SPTBN1,0.049419851172489065
CRTC3,0.0494188172324547
RNF14,0.04941805012365588
RUNX1,0.04940149609151748
PID1,0.049392039183591765
CYP4B1,0.04938001675372026
C6orf186,0.04937655865513932
DDX18,0.04937479265424687
HSPA2,0.04937368558347751
ZBED3,0.04933929641708078
CCL14-CCL15,0.04933813645306863
TSGA10,0.049336278025862
DHX8,0.04933091283746087
MGAT4C,0.049310807674436886
PLS3,0.04930094690674992
PTGS1,0.04929798223292445
APBB2,0.049297957475691316
HSD17B2,0.049288445455457845
ITGAL,0.04928554292075231
MKLN1,0.04927753849211682
SOS1,0.04924532041675313
SLC35A4,0.04924342755670109
ZDBF2,0.049230847750827984
ST3GAL4,0.04922950602001041
ETV7,0.049213224620724604
GATC,0.049210868746506674
WBSCR17,0.04920593686784758
LHX1,0.04918630367929045
ACE,0.04918295107660553
CD53,0.049181619537950964
CAV1,0.04918019112241723
CCDC47,0.04916393708593351
MAGEC3,0.04915663159334764
HNRNPUL1,0.04915589264477888
TEK,0.04914495827575837
DCUN1D3,0.04913930617324792
ZNF496,0.049117432366607205
VWA5A,0.04911400707161474
INVS,0.04911285868272124
CRABP2,0.049112567819020396
WISP3,0.04910882246462023
UPK2,0.0491040119877024
KCNJ15,0.04910064441765478
ZNF204P,0.04909720157719328
NR1H4,0.04909265887865676
GAR1,0.04908796306484503
FGF13,0.04908452271609595
UGT3A2,0.04908401230174128
SLC24A6,0.0490746982494576
PLCL1,0.04907355037134305
GKN2,0.04906874775270598
DUSP1,0.04906732499608724
SRP9,0.04905275746695668
ACTN3,0.04905057630707819
IL21R,0.04904831233090425
ABCA12,0.0490481090698335
MPZL3,0.04903924034318191
SMG7,0.04903442592377731
RELN,0.049025803303513985
WSCD2,0.049018573589687246
ATP6AP1L,0.04901764923273541
RELB,0.049008103364809326
C2orf29,0.0490060798598683
FRMD7,0.04899721870673584
HMSD,0.04899075128747057
CD83,0.04899010526006727
PPIP5K1,0.048989781212145096
ZER1,0.04898459816921059
IL12B,0.04897927110232946
PCCA,0.0489705443023651
TRIM61,0.04895769260268235
GCAT,0.048936423375374793
FAM124A,0.048929240447384725
DTNBP1,0.048913575479735696
CARD10,0.04889204769166574
MTNR1A,0.04888879992883194
RDH13,0.048887663410541335
TRIM2,0.04888672826133988
ADK,0.048864175940595125
PLA2G15,0.0488588712966459
EIF3C,0.04885870167389158
CXCL2,0.04884940890051794
ALG14,0.048840265615467365
TGFA,0.04883921066033524
PPARGC1A,0.04882189643787622
AQP1,0.04881264960296925
NDUFA11,0.04879812946678486
NCKAP1,0.048786950308973315
MYO15B,0.04878243662523969
WFDC10A,0.0487802740554049
FAM25B,0.04877743442788726
DPH2,0.04877546616830591
ENPP2,0.04877057619954008
ASF1A,0.048769687619997185
KCNC2,0.04876649138099507
CTSW,0.04874717435256439
ZNF324B,0.04872343775330143
DCHS2,0.04871404885449566
INSIG1,0.0487005598395142
CD163,0.048697749248144344
JTB,0.048695582519359404
STEAP2,0.04869428281831634
BAK1,0.04868992581373168
PGBD4,0.04868384243394388
EDNRA,0.04868169518827737
ZNF273,0.0486720175471659
C19orf38,0.048651702622816186
SEC13,0.048649625600418425
NPY1R,0.04863125721244405
CTSE,0.04861357084090719
HLA-A,0.048605582641939864
TM2D3,0.048599100322501254
LOC100192426,0.04859828433936605
ELK3,0.04859257841836685
PCK1,0.04857964233509437
TGM4,0.04857642027419493
GTF2IRD1,0.04857568230754474
SMNDC1,0.04857108112163114
PTGES3,0.04856755253133888
GLRX5,0.04856477430733981
TBC1D16,0.04856229020583779
EGLN3,0.04854672112029395
PLAC9,0.04854146261825696
PPA1,0.048540240322876585
STX19,0.04853607594936711
GOLGA6L9,0.04853314186664909
CA9,0.04853195400412184
TAPBP,0.048531226126574255
EDEM1,0.0485216224268447
C21orf88,0.04850813960027293
CYB5R1,0.04849651024206359
FCGR2B,0.04849608229033522
PCDHA2,0.048493911039441936
KHDC1L,0.04849354831072807
ADAM12,0.04848717429421703
MICB,0.048484700417230686
VSIG4,0.04846089488638848
CC2D1B,0.0484605695321597
CCBE1,0.048458396634396605
CIDEB,0.048444635270370455
APPL1,0.04844407823873777
MTX1,0.04842960985566518
ACACB,0.04842797320785352
LRRC45,0.04842746502442258
CTDSP1,0.04841962990857965
CBX4,0.04841723588940384
GTPBP2,0.04839398026322866
LOR,0.04839088090570777
C16orf59,0.048389145250961725
S100A5,0.04838802431630463
HGSNAT,0.04838265829509928
NCOA7,0.048381572966295486
HSPA12A,0.048381557563726973
KIAA0748,0.048381037163484145
CLEC6A,0.048379921885632005
RBM3,0.0483756485810242
SFRS2B,0.04835979681402911
ELOVL6,0.04835692476908351
MSR1,0.048354231815464714
DPAGT1,0.048346464473889315
SGCA,0.04834295863041078
NOP10,0.04833462902972614
C12orf29,0.0483247567604173
TMBIM1,0.04832054825541223
LCE1F,0.04831943594555269
PGR,0.048316415060913366
MACF1,0.048311035792495856
HAUS1,0.04829165119489179
CTSH,0.04828891428363761
CDK20,0.04828724685787517
MUC2,0.04828234094720409
ATRX,0.04827735808748241
PRDM1,0.04827687309551207
MUC6,0.048273212369326225
KLC2,0.04826109988752439
TXNRD3IT1,0.04825595783799674
SAA1,0.048253929680235445
C1orf106,0.04825324217033887
MTO1,0.0482489588617697
PGM1,0.04823550988010195
SYT17,0.04823236420842621
LOC100134229,0.048227925646430705
UTP18,0.048227272606486446
WARS,0.04821168155460844
DDO,0.04820996424611209
PIH1D2,0.04820437513849049
PGM2L1,0.04819889936925866
SPAG1,0.04818782379601736
LZTFL1,0.04818069778825076
LOX,0.048172020797316306
ADAMTS1,0.04817056336830852
FBXO11,0.04814992882442878
SNUPN,0.048136330120661194
CFHR4,0.048131699480885706
RRAS,0.04811933578099569
OLAH,0.04810583324600523
FCGR3A,0.04809798274583791
LOC100133612,0.04808166613644005
KCNK17,0.048078110418180615
RCBTB2,0.04806893860540411
SDCBP,0.048066298525351346
TALDO1,0.048063070208040744
FAM101A,0.04805175536106682
CALCR,0.04804000507920755
TRNAU1AP,0.04803700817573557
C19orf59,0.048035007214796144
GORASP2,0.04803415317701171
CDCA7L,0.04802539189669382
KIF13A,0.048025388267861874
SAR1B,0.04801441612105335
SECTM1,0.04801365150980571
HCN1,0.04801234565268554
AGBL5,0.048010879713201914
AXIN2,0.04800664435376717
ZNF880,0.04800526061553716
TTC19,0.048003344038039034
HLTF,0.048000508228918284
UBXN2B,0.04799492937332121
ACVR2A,0.04797859369709987
TSIX,0.04795490978502025
SASH3,0.04795244977165498
C1orf51,0.047944456206857396
SAMHD1,0.047939511179086756
KLHL33,0.047933140051558444
DCDC1,0.04793161159717046
LOC399959,0.04793081877864489
ORAI3,0.047924951482920475
NAV3,0.04792342268430255
SLC25A30,0.04791526497956992
GOLGA8C,0.04791256217554061
PCGF6,0.04789757138651751
PRPF31,0.047887041238754924
LOC400027,0.0478867788464059
DHTKD1,0.0478854081575115
FBXO28,0.047879246768767376
ZFYVE27,0.04787312144685083
SSTR1,0.047865608134923826
BAIAP2L2,0.0478637395003702
CNTN6,0.0478630079861146
ZNF746,0.047859206190272514
STK17A,0.047843132659446584
UQCRQ,0.04782954705215332
SIRPB2,0.047825316232058254
COL13A1,0.04782053120546813
MARCH2,0.04782028155748093
FAM69A,0.04781704930686946
F12,0.04781451084704526
FAM3C,0.04779570764916473
C17orf87,0.04778379823381102
AMN,0.0477679788840624
ZFP36L2,0.04776373839837055
RIT1,0.047763449959292825
PCP4L1,0.047763436600336925
PRPH,0.047753781654705604
ATP7B,0.04774277053015077
KCNJ4,0.0477311720029173
RDH10,0.04772648895059069
CD86,0.04771056233328351
FZD8,0.04770781766077717
LOC283731,0.04770519753357962
SH3BGRL3,0.04769980063568792
PGC,0.04769972139078269
GVIN1,0.04769662289290727
SLC26A11,0.04768858605749139
EFNA4,0.04767547945695096
UBAP1,0.04766790359339292
KLC4,0.04765687786724667
WISP2,0.04765494458018886
PEG3,0.04765030125808839
FGF7,0.047645765421385815
NLRC3,0.047641014691555066
FCER1A,0.0476381863397489
SIGLEC9,0.0476214071812512
CCNH,0.04761737500815208
HS3ST6,0.0476078879251914
PLEKHO1,0.047604611807524386
DGCR9,0.04757523416592328
SALL1,0.04756918951228196
NT5C1A,0.04756659784255446
FAM108C1,0.047564468754314
PSD4,0.047563861247524104
PDLIM7,0.04756255106271598
SLFN12,0.04755175622146255
NISCH,0.04753468683359451
MGC87042,0.047529229057916435
ITGA2B,0.047526527225164004
TMEM63C,0.0475070976689333
TIMM8B,0.04749286993308529
KLF10,0.04749065122070388
MOSC2,0.04748630772079192
ASB8,0.04748206703560373
SCAMP5,0.04748079374741422
PIP,0.04747827792693123
SH3PXD2A,0.047469896760895754
DPYSL5,0.04746904163316428
TMEM132E,0.047451959819901336
JAK3,0.04744848009603673
CNIH4,0.04744313234924824
GADD45A,0.0474277173953014
SLC19A1,0.047408256306149706
RBM17,0.04740564050399354
C12orf59,0.04739598373636123
MAT1A,0.04737958748975157
GABARAP,0.047377810291186505
ATP6V0A4,0.04737688047189434
FAM35B2,0.04737576177136281
C11orf92,0.04736744659059129
ELP2,0.04736703399280875
USP7,0.04736678115168326
TMEM140,0.0473664354545415
LRRC8E,0.04736133233300677
LOC283392,0.04735211733007985
FUT7,0.047351361161852366
DIXDC1,0.04735099522468646
KIAA1804,0.04734942689958468
SAMSN1,0.04733988802857022
KCNH8,0.04733846618975027
LOC389333,0.04733273171351767
TM4SF5,0.04733064777887881
DIRAS1,0.04733043725100813
C14orf80,0.04733023457568953
CFTR,0.047328999190107614
ELAVL2,0.047327478793542994
R3HDML,0.04731956537834794
PDK2,0.04731904961814023
GLI1,0.04731653004328579
C10orf79,0.047308774667402034
TMEM150B,0.04730800082284555
WNT7A,0.04729952222922806
TBC1D24,0.04728339600473466
RASD2,0.04727800218154349
IGSF6,0.04727151113238754
FCN2,0.0472647419699884
RGS7BP,0.047261024861674474
CCDC96,0.04725593981960795
NCRNA00185,0.04725181174189719
CCDC115,0.047236693550378635
GDI1,0.047236021471272774
GCNT2,0.04721686011955736
C1orf122,0.04721637422539883
C4orf17,0.04720839635749798
L3MBTL4,0.04718943706209229
CD58,0.04717987986046974
C2orf49,0.047175564842492475
CAP1,0.04717446246588195
SIGLEC10,0.047159498976107043
ZNF483,0.04715946146294119
PTGER4,0.04714700777035471
CENPK,0.04713325484811369
DLAT,0.04712705799505945
ABCC11,0.04711040513200478
TNFRSF6B,0.047106895630514914
SLC8A3,0.04709221753779775
ZNF557,0.0470820357301173
LOXL4,0.04707309228763888
ZNF786,0.04707242478296086
CYP2U1,0.04707137989368045
CEP135,0.04706935923271109
KCNH7,0.04703761489262742
EFCAB10,0.047036276891913545
CCDC66,0.047036066159258275
MANSC1,0.04703330224025402
RNF122,0.04701771266879889
AG2,0.04701215797420471
CAPS2,0.0470087414914792
PPM1G,0.04700272327412503
TCEAL3,0.04699964750832444
DEGS2,0.04699366824821244
NAAA,0.046990416967179635
PHF11,0.046990167121394213
C1orf9,0.046980947979759255
MRPL11,0.04697178035881247
ZSWIM3,0.04696993908663777
RTL1,0.04695438396896122
VASP,0.0469442191127301
IP6K3,0.046940621968997696
AIF1L,0.04693843968649703
GCM1,0.046925629737890336
GPR171,0.04692331031590568
RSPO2,0.04692294489767596
BECN1,0.04691522758066865
C11orf45,0.04691365527646132
S100Z,0.04688932947426746
ZNF532,0.046888636627569376
DPY19L3,0.04687973154437051
CCL7,0.04687860910800559
DYNC2H1,0.04686648307361631
ZNF282,0.046863683223200496
POLR2J4,0.04686175298081081
TMEM217,0.046847584036122256
STAB1,0.046843162971263064
ASPH,0.04684293136463149
MED1,0.046842219576456505
GRRP1,0.046840247877643695
EPYC,0.046816386113726335
CGREF1,0.04680344874127172
LOC150622,0.04680257598271684
CMPK2,0.04680248082395346
KIAA0319,0.04678970804269618
FAM168B,0.04678899395035594
ZNF146,0.046779051910182126
CAMTA2,0.04677297938602997
NDUFB9,0.04677068106080765
SAP130,0.04676542065820424
PROM2,0.04676482332984777
PADI2,0.04676462527410222
C2orf88,0.0467543910259701
GOLGA7,0.04674836048893969
LOC158696,0.04673932395632729
DRAP1,0.04673132411287273
RAB35,0.04672940719107369
TRIM21,0.046727215641942516
PSCA,0.046721392183648056
SRP19,0.04672035891427838
BEST3,0.04672002219438735
FHL5,0.04671319469211563
SLFNL1,0.046708201535078535
UBE2K,0.04670312007131021
EXOSC4,0.046683757735400976
ALDH1A3,0.04668283134859262
SYNJ2BP,0.046662049268726205
TSR1,0.046653960429251004
ANXA13,0.04664616150193148
N4BP2L2,0.04663670886075947
WDR1,0.04662321910559649
CEP120,0.04661089889801864
LRPPRC,0.04660656673754898
GRPEL2,0.046599132406277555
MORC3,0.04659258571422549
TRIM32,0.04658609034939093
ASCL4,0.04658311007536858
TXNDC3,0.04658185446673632
PRDX3,0.0465802581471284
C4orf41,0.0465758125664953
PAMR1,0.04656139228690194
LGI2,0.04655698851894233
ST6GAL1,0.04655626918240915
NUP188,0.04654743888094472
TIMP2,0.04653752447385042
CLUL1,0.04652938912259286
ZNF576,0.046521363415087155
SYT11,0.04651670997978401
FIBP,0.04651594476350715
SDF2,0.04650933314852342
LOC29034,0.04650860570654091
TCAP,0.04650805808908171
ASTN1,0.04648279114916674
DVWA,0.046478452054810174
STAT5A,0.04646526287133733
SCN1A,0.04643214818164195
TMSB15A,0.04642025255692313
ANKRD44,0.046408818805638505
PSMB10,0.04640351226712913
ALPK2,0.04638598189372471
MFSD2A,0.04638405747148531
FUT6,0.04637296490189888
NT5M,0.04636733938365072
ABHD3,0.0463563535053766
CYCS,0.04635353932904676
HLA-B,0.046351637087199936
TSPYL3,0.0463514810629214
PCSK5,0.04634651608075239
ZNF138,0.046328416661741416
ABCE1,0.046327626698083664
RALGDS,0.0463258540692511
CRADD,0.046323324042150865
RASGRP4,0.046321465277601
MMD,0.04631267284191005
SLC7A6OS,0.046282739131355735
TIMM8A,0.04627590313883595
ISL1,0.046252218122673064
CT45A5,0.0462485296839144
IMPA2,0.04624562547492707
MRPL34,0.046241778933191466
LOC100130331,0.046240803041827865
HMGN5,0.046239775744718874
TLN2,0.04623895379944287
HIGD1B,0.046202241383552736
PRAP1,0.046196971338600075
POLR2D,0.046195618949799545
C7orf11,0.04618904774898905
OR8S1,0.0461790858732897
SPINK4,0.04616933450554997
TBX21,0.04616586654764055
C3orf36,0.04616296323686258
CUL2,0.04615303458330639
SPATA8,0.046142925027871776
C6orf168,0.04614148155711033
SLC7A11,0.046140584827711134
ZNF256,0.04613442395170555
LOC100130872,0.046133994026019684
FAM65A,0.046128525004399165
NME2P1,0.046120743051841315
CD300E,0.046119731302137715
CSF2RB,0.04611790575092634
LOH3CR2A,0.04611681497538486
IL8,0.04611504225514965
MRPL46,0.04610972874509497
ARID5A,0.04609586937859075
OPRK1,0.0460941136481608
ZNF165,0.046093467733148666
EYA1,0.04609118330135144
C14orf145,0.04608815285218537
TM9SF4,0.046086504576432374
PCDHGA8,0.04608284890603806
CTNNBIP1,0.04608058375708738
NCRNA00086,0.04607569717851561
CLEC2B,0.0460406154318972
SERPINI1,0.04603085592188918
LOXL2,0.046017928207004545
FKBP9,0.04600736480134638
BTG2,0.04600236627635474
MFSD8,0.04600213127874904
MYOM1,0.04599243240316845
CDH23,0.04598898893665524
DHX57,0.045987256961257994
EN2,0.045983778703037145
CLDN18,0.04597997526492171
EPSTI1,0.04597709521263504
ARRDC5,0.0459754382041796
PFKP,0.045972958516785935
GDF6,0.04594668766985371
SH3GLB1,0.045941934358971606
PPOX,0.04593065342956812
MFHAS1,0.04592713590270557
ARHGAP31,0.04592483286292621
EXD3,0.045911319373959494
CCR4,0.04590784352282033
SEMA7A,0.045905389511604194
PHF8,0.04589894122367571
ANP32A,0.04589887571786952
FAM32A,0.04589414403447348
GATA4,0.04589370401340274
FGFR4,0.04589090596182405
C10orf25,0.04588921436264023
TMEM132B,0.04588424573950228
FCRL6,0.045873256695114134
AKAP9,0.04586351580204557
CLEC18B,0.04585822541254935
BOD1L,0.045857000523016604
CYTH4,0.045856025820320105
AHDC1,0.04585247782586942
KIAA0754,0.045852153674938036
TYROBP,0.045835566026630005
TMEM150C,0.04583397197174871
HSD3B2,0.045830866135542554
GAL3ST4,0.04582886196887851
ACTB,0.04580640836171267
ACSL1,0.045805830712350656
TNFRSF10D,0.045792352262510404
CAPN3,0.045790748374053
CSRP2BP,0.045789707566019425
GPSM2,0.04577868810718881
RAP1A,0.045744850024936466
CDX1,0.045741815087851335
GDPD3,0.045740369872173677
PTPRC,0.04573861615867209
SFRS14,0.045736906312037084
ZNF350,0.04573434318525979
LOC100130932,0.04573000533520783
LOC440356,0.045727267680920704
FILIP1L,0.04572197192691963
DIO3,0.04571657740069662
CYBA,0.045716139745488854
RFNG,0.04569973119080187
STIM1,0.045694962714071204
C6orf127,0.0456779076584871
ZNF654,0.04567286614173597
SLC35E4,0.045662893547766654
MYF6,0.04566156319637987
C7orf60,0.0456431098510562
MMP28,0.045637920440018354
GLT8D1,0.04563285989510917
CXCR2,0.04562998429295901
SLAMF8,0.04562834158736637
LOC375190,0.04562306989669396
ANKRD34B,0.04560943395450746
FBXL20,0.04559142189771558
NBPF4,0.04558218519035822
RIMS3,0.04558135052735325
POC5,0.045565967895693935
EGF,0.04556435005331822
IL6R,0.0455615052387637
C10orf140,0.04555842872828715
ZNF749,0.04553972874881745
CABYR,0.04552847057379576
CES4,0.045520562259036425
LRRC16A,0.04551687854766365
BTG4,0.04551209195799101
LILRB1,0.04551167409810103
KLRB1,0.0455028556463282
C1orf177,0.045494160478254254
IL27,0.04549129639564197
ITPRIPL2,0.04548629415828427
ANGEL2,0.04548489756802493
PACSIN2,0.04547399250397886
SYNM,0.04546101530267357
LEPR,0.04543707350106785
MYCN,0.045429458889582976
LOC100132287,0.045426676005639446
RPF1,0.045423784170472485
TEKT2,0.04541556561003786
NAA16,0.0454151496849532
RABEPK,0.04540977962401677
BTN3A2,0.045409074404149416
PEX3,0.045405266556133
CIB4,0.045402880443070184
ZNF84,0.04539736821847097
TPM3,0.04539635776591431
DARS,0.04539278824763274
PTH1R,0.045392589338710494
ZNF114,0.0453897802240153
GNASAS,0.04538501422967839
MARVELD1,0.045384755172620084
PRKRIR,0.04538296908605503
TMEM120A,0.04538197541877295
DHX58,0.0453742647749422
PRPS2,0.04537255813027286
PARK2,0.0453672545118202
SPRYD4,0.045365003341751656
COL23A1,0.045360937604839134
MUSTN1,0.04534878357941727
CLEC1A,0.04534107897272335
FLNC,0.04533907562335594
NLGN2,0.045338713610520026
C21orf125,0.04533524880893831
ANKRD11,0.04532732504699485
BLOC1S2,0.04531375872910442
PRSS23,0.04530360875266067
LILRA6,0.04530089636433758
MAP7D1,0.04530074214679217
KCNA6,0.04528269942913867
QSOX2,0.04527837882334681
ERO1L,0.045277471725923474
QRSL1,0.04527638638996595
PKIG,0.04527120331443191
LY6E,0.04526782835589182
LIG4,0.04526772846997589
GCHFR,0.045264008081359275
SLFN5,0.045261437964542656
GIPC2,0.04526136792587046
MDH2,0.04525161630809517
ZNF709,0.04524982584231603
COL5A2,0.04524887615173693
ZNF799,0.04524510737697512
ARL1,0.04523360600876151
NIN,0.0452219024115954
EID2,0.0452131757405187
TNFSF14,0.04520892079911472
ZNF740,0.045207053868353934
AQP4,0.04520228092139468
ZNF525,0.04520141171074604
FAM75A2,0.045194566619192585
SIVA1,0.04518704709133457
ITIH3,0.04518052735340134
PDZD2,0.04517935601988157
FCGR1A,0.04517722541588395
AVPR1B,0.04517679868780388
SLC2A11,0.045170302038500865
CFHR5,0.045168420659977414
TINAG,0.04516383925458417
PSME1,0.04515620861579534
PPP1R16B,0.04515195049530576
RPL4,0.045127757021594855
HSPA14,0.045125519474073485
CECR6,0.04512034469367515
HMGB1,0.04511241610581947
TAF6L,0.04511023896252848
CPT1A,0.04510808291234427
HPS5,0.045107137667149855
FLAD1,0.04510018152701332
CCDC102B,0.04509749154532217
SLC25A26,0.04509685994491165
ACVR2B,0.045090747263984716
CBR4,0.04508377382637899
WLS,0.04507255378249273
ZNF598,0.04506959694582214
C19orf50,0.045068919475715286
WBP2,0.04505194436510308
SLC28A3,0.04504712527768534
SCUBE1,0.04504546172056784
POLM,0.045039781254672784
FUT9,0.045037389410996644
RASL11A,0.0450332850683609
RPS12,0.04503059994837761
PSEN1,0.04502989293365758
HEXIM2,0.04502484458943144
PSORS1C2,0.04502301668818434
EIF1,0.04501967203293374
CCDC74B,0.045015567046841884
BTBD3,0.045012311047336655
LOC149620,0.04501199103547
C1orf174,0.04501145788531231
LOC100144604,0.0450091476207001
RGS14,0.04500247740387715
SLC39A5,0.04499782537518285
ZNF197,0.04499418446504697
GBP1,0.04498562410842633
PIK3C3,0.04498355785219196
PSMA2,0.044980611581735705
C8orf55,0.044975730248970815
C1orf85,0.044967112262091845
FAM38B,0.044951358506665644
NEURL3,0.044947553374012926
ZNF524,0.04494201659680605
MTHFD1L,0.044937189807448576
BVES,0.04493290015231777
BCL2L12,0.04493219506514744
C6orf41,0.044929342391895
C1orf133,0.04489934438991309
DCLK1,0.044899058838542526
UTS2,0.04489475532003958
FLII,0.04489286862325789
LRRC16B,0.044878398943225775
LDLR,0.04487558522520134
CORO1B,0.044864750696948376
AREG,0.044847744908864846
TNIP3,0.04484709650856694
RCN1,0.044846324610841024
PRDM9,0.04483679205709554
C19orf29,0.04483385328202125
LOC150197,0.044831216752307584
ISCU,0.04483100229341948
PAIP1,0.044824499137792365
AIFM3,0.04481388289064531
LIN7C,0.04481320800514576
LYPLAL1,0.04480567682661271
C1QTNF6,0.04479114569698904
C1orf128,0.044772148186764844
FXN,0.04476805772105525
DMKN,0.044767177712086374
FAM200A,0.04476143713999192
AGAP2,0.04475875773304944
CD70,0.04475347963959175
TMEM85,0.04474652999204271
MUTYH,0.04473506439880424
C2orf76,0.044719970470758236
TMEM100,0.04470626349847081
C4orf12,0.04469612668043882
DBNDD2,0.044684824777811806
UACA,0.044676005390372926
MAT2B,0.04467377220366783
CARD16,0.04466975323773887
ZNF304,0.04466798275238868
NDUFS6,0.044667879229445484
CXCL10,0.044659210049873395
ZNF781,0.04465850198514765
SERINC1,0.044647008406753314
TADA3,0.04464410133756188
MTMR3,0.04464309220896495
LCE3A,0.044621045808607825
IFIH1,0.04461949966337069
WHSC1,0.04461836707128057
ZNF621,0.04460998210039108
CCL8,0.0446025197650515
HLA-DPB2,0.04460174274724684
RAPGEF5,0.04457849123720595
RPL19P12,0.04457169903585593
MAP1B,0.044564390599199664
OTUD7A,0.044561091413828954
DCTN2,0.04455742248497881
XPNPEP2,0.04455311076556589
STXBP2,0.04454523283565056
C16orf46,0.044536829649613315
PARP10,0.04452010440402878
LRRK1,0.04451868235651622
CWC25,0.044511644367560346
ALG8,0.04450056506413511
SCARA5,0.0444982489598197
CRYBB2,0.044492969503641705
MAN2A1,0.044491021422808426
C11orf73,0.04447633900368138
ANGPTL4,0.04446591429156635
SLCO6A1,0.04446198703685532
HOXB9,0.04445818537385387
ZHX2,0.044446953084733634
PIK3R1,0.044437478703039976
BRD1,0.04442344563213486
TMEM88,0.044410090668493635
OR56A5,0.04440923371091326
CXCL5,0.044402217115798434
FAM134A,0.04439915174496776
GIMAP5,0.04438463673838122
ELL,0.04437809011106262
RWDD1,0.04437735130344629
ZNHIT2,0.04437594479581886
HSPA1B,0.04437229009035369
AGPAT5,0.0443693610096907
SAPS1,0.04435874662284801
CYP4F12,0.04435448114875665
SNX12,0.044352427948222854
MYH15,0.04432373473868013
COX6B1,0.044323231837849045
MPV17L,0.04431423408543975
THRB,0.044309719712709285
RNF144B,0.044304980830430274
EID3,0.04430256200803905
PIM1,0.044302212037972924
WFS1,0.04429658030503792
C6orf217,0.04429418348802141
DMXL2,0.04429130055680849
CD226,0.04428809235799349
C12orf47,0.04428276622619352
DACH1,0.044272076488070265
FBXL4,0.04426950090912435
DCAF6,0.044267311003630405
ADAM28,0.04426693192180459
CCDC137,0.04425912329850874
LOC646999,0.04423091201830149
ST7OT3,0.04422654562047579
PPAPDC1B,0.04422590002306003
B3GALNT1,0.044205394456373226
BAI2,0.04420335443814189
OBSL1,0.04419759524011146
ATP5A1,0.04418706812754783
THSD4,0.044175737568269126
FAM38A,0.04415859102398581
LOC643387,0.044145481125930974
TTC4,0.044144258582237784
NPHP1,0.044144240484432315
CSAG1,0.04414267683530881
FBXL12,0.04413772749870502
MEGF9,0.04413411266064273
PRKAA2,0.044121934104890514
RNF182,0.04412009615587232
FBXO48,0.04411765111985267
GNPDA2,0.04411604028131526
UGT8,0.0441156995721833
CR1,0.04411328183919593
PHF20L1,0.04411310114409104
GJA4,0.04410727232744372
LOC100009676,0.0441015778308022
C21orf84,0.044093456274674626
KCTD5,0.044090798407711664
UBQLN1,0.04409072898769243
C18orf8,0.04408554828346758
F2RL1,0.044079272022001584
KIAA0664,0.04406161705404713
RTP4,0.04405734461264303
PLA2G5,0.044049026560671
EIF4A1,0.04404614904166453
SLC25A38,0.0440459268096186
MXRA8,0.044041251738750495
ALDOA,0.04403821616542038
LRPAP1,0.04403535458563432
TPRN,0.04403229018725949
ESPN,0.04402943494516687
MOCS3,0.04402380294218269
GNAI3,0.04401798079066625
LARGE,0.04401663827043304
KRTCAP3,0.044013115876001103
KLK12,0.04400946593228407
STK36,0.04400238148451599
CNTN3,0.04398731100722823
INHBB,0.043972968976913336
SYTL4,0.043963073514678354
PLEKHG4B,0.043962971044915575
ADAMTS18,0.04395857506570286
RRP8,0.043952027193382356
DUSP22,0.04394966639435185
CHMP4B,0.04394786089900617
PTX3,0.04393392961946648
NETO1,0.04392819383720638
DPM2,0.043921523291293
FAM54B,0.04392041235080849
TNFRSF11B,0.04391713591879685
PRIC285,0.043908176722474636
SERPINF2,0.04390747066223024
EXOSC10,0.04390442470795332
ENTPD1,0.04389823709528711
PIGZ,0.04389033552479839
SLC13A3,0.04388467303224671
XDH,0.04387120707141844
NEUROG1,0.043871153032764294
DCTN1,0.04387045808335598
GPR56,0.04386992646915411
C18orf26,0.043857108761193996
WDYHV1,0.043838391421591946
FAM135B,0.04383673203078914
VAPB,0.0438235726336117
CALCOCO1,0.043820394616215404
LOC200726,0.04381693088895053
WBSCR27,0.043815607531808354
ETV1,0.04381326256261591
TSPYL1,0.04380863416775781
CST7,0.043792214956669004
HOXB1,0.0437861391757981
TET1,0.04377946359182736
HIST4H4,0.043778785131801876
GRLF1,0.04377010956567729
COX8A,0.04376847247100762
THOC5,0.043764334140615244
PPP1R11,0.043763023734944416
GBP5,0.043759171575914364
ITPKB,0.043755323979835475
GALNT5,0.04375346148712739
TSPAN32,0.04374587151820883
LRRC42,0.04373535803663215
C1QA,0.04372896984643774
CDYL,0.043727893861330205
MRFAP1L1,0.04371877237608021
CNTN4,0.043716899164690584
POTEE,0.04371498877351192
PRDX2,0.043714964940893934
CD2,0.04371432491130932
MIDN,0.043702852934694295
ADH1A,0.04370281594447013
NCBP1,0.043692676318084024
PUS7L,0.04369086323614577
EPB41L2,0.04368348385910958
CCDC135,0.04367656402705906
ZNF208,0.043672686016447436
TICAM2,0.043662118265645415
PSMD1,0.043644008829651755
C13orf27,0.0436340566830992
DSN1,0.04363027276855488
MAP3K9,0.04362598045453328
TMEM66,0.04362106615509909
PTPN21,0.043604281831843984
DAPK2,0.043600782987397335
GNA12,0.04359845583537347
FAM5B,0.04359356011024644
GPR26,0.04357254431247697
LPHN2,0.043555849766673316
IBSP,0.043555009510688025
CYP4F22,0.04354536492676808
ABI3,0.04353107011726082
NEGR1,0.04352575868005181
TIRAP,0.04352298452666557
HOXB8,0.043517102795346416
SCML1,0.043514369882551585
CALHM2,0.04351256645503963
SCN1B,0.0435011729909831
ZNF676,0.043472266659120774
CCDC75,0.0434682824944477
PLK3,0.043465443678202986
ANO1,0.04346460612604516
SIAH1,0.043464093120930795
PDPK1,0.043463911631675844
MYO19,0.04345470629918591
RNF43,0.04345299012920513
IL1RL2,0.04344362913927938
CNN3,0.0434380921379499
PLEC,0.043436327277932646
SRC,0.04342813899562818
SUN1,0.04340952548312799
KLHDC7B,0.04340295984497564
PSG8,0.04339820382736881
OCA2,0.04339790082139688
SNX2,0.043384782320513474
ABI3BP,0.04337090217357159
AMACR,0.04336339660468098
GJC2,0.04335379879929894
SH3BP2,0.04335084529952222
VSIG10,0.043350055351329284
C21orf59,0.04334297757510459
ENDOD1,0.04333735095183096
CDK3,0.04333543996564072
CDC27,0.04332933127409857
IL15RA,0.04331605917185807
C5orf25,0.04331488087388874
PGGT1B,0.043314609824498314
GNGT2,0.0433084004602992
TMEM200C,0.043301120114934734
FXYD1,0.043295650284661424
GHRL,0.04329386226480628
TEAD3,0.043287455124229726
PRPSAP2,0.043281619731708514
LPIN1,0.04327695819780737
PDCL3,0.04327621706814693
ASAM,0.04326519169013596
LOC723972,0.04325796624702449
SNRNP35,0.043254451868030966
VOPP1,0.04324703948339234
SLC30A3,0.043245468160164696
NOL8,0.0432438812546809
EIF2S1,0.04324371401162872
STK24,0.04324308689714123
FAM165B,0.04324030594600699
AGPAT4,0.04323406313386207
OAS1,0.043228832691078904
FAS,0.043219278229722116
ZNF589,0.04321842912155293
MMP2,0.043217249627103556
THEM5,0.04321708895886353
TLR8,0.04321690438154731
C6orf120,0.04321569026136956
RAD51L3,0.04321245433901887
SEMA4D,0.043206098355178406
DNAH12,0.04320352173171086
MOSC1,0.043201736111014626
MCAM,0.04320169117658592
RASAL3,0.04320070094071558
CALN1,0.043190775873981076
SF3A1,0.043182542929209713
LOC100271831,0.04317911000277677
DYRK2,0.04314984218421654
DIP2C,0.04313824081476319
UBQLN4,0.043121487897912356
F13A1,0.04311074072925927
ARMCX6,0.04310603186686465
SLC6A11,0.04310338077575854
PIGS,0.04310059006120062
GSG1,0.043096239085311384
CD274,0.0430941162285082
RASGEF1C,0.04307682234831945
TMEM229B,0.04306966393281551
MRGPRX4,0.04306341919830032
LOC389493,0.043045188681808705
CCDC92,0.043041662104255696
FYB,0.04304083358467193
SNX15,0.04303935243771592
PEPD,0.04303401052586466
CRISPLD2,0.04302974765226163
C10orf62,0.04302836314458876
SLC22A5,0.043024981885163384
C1RL,0.043019777971914044
GIN1,0.0430177367477699
PSMC3,0.04301648244892659
CYP27A1,0.04300877709138916
RWDD2A,0.043005576451876644
RPAP3,0.04298646250344415
PFKFB2,0.042985245505119694
MCEE,0.042975787964513464
LOC92973,0.04296936244724723
UBE2Z,0.04296691952866473
CAMK2G,0.04296507502840899
TRAM1L1,0.04296235557267381
MMP13,0.042939403127288105
ZC3H12B,0.04293664436072164
NRD1,0.04293651458894044
CLCN4,0.04292588096286551
MKX,0.04292008931472724
ZNF701,0.04291970309648223
VWC2,0.04291476451526414
PRSS1,0.04291000679048733
EXOSC7,0.0429034440756198
CCDC71,0.0429010333949375
ZNF542,0.04289692180794993
ARHGAP30,0.04289040663708616
PPARG,0.04288905733984363
SPATA19,0.0428882348871828
SLC27A6,0.04287829572924785
C10orf46,0.04287632921252115
FBXO2,0.042875236328742385
CRMP1,0.04287423267775866
GPR82,0.04287333041281159
PRTN3,0.042869381951778855
KCNN1,0.042865955642657
KCNA5,0.04286239618898125
TSNAX,0.042860620399870465
HOXB5,0.042857947915487554
ANKRD24,0.042854997321523834
LASS5,0.0428479134985655
TMEM27,0.04284753745604734
C2orf72,0.04284701055056658
IL12RB1,0.042845642800153946
NECAB2,0.04283381903631436
RTKN,0.042833669850638
ABCA1,0.04282030927503774
MEAF6,0.04281315549257295
PPL,0.042811839025108205
DUS2L,0.04281037907207823
ARRB2,0.04280691327381359
CCDC3,0.042803251115702066
PAX1,0.04280323614685878
MARCH10,0.042795533202516375
ZNF257,0.04279191276182881
ADARB1,0.0427908738378775
MEX3A,0.04278900198520691
AMN1,0.042770874899557006
TREML1,0.04275993021327517
TFEC,0.042759730319172885
ZC3H15,0.042758312837553054
TEP1,0.04274526380950957
RIF1,0.0427368643319187
HHAT,0.04273346070415518
ADH6,0.042732997397997234
SLC9A1,0.042731414764088524
TRIM25,0.042710556127905315
NANOS1,0.04271025542228075
ARVCF,0.042704151123834085
FAM53C,0.04269193302881787
GEMIN8,0.04268021649393558
MUTED,0.042676103063298915
DBP,0.042662761650519805
ZCRB1,0.04263580570121318
ABO,0.042626631606671156
UBE2QL1,0.042585142036422184
PAFAH1B2,0.0425742798515684
ARAF,0.042570588063625694
EXOC3L2,0.04256779982144254
USP51,0.042567600709757396
TPD52,0.04255582206708913
CCR7,0.04254596108181665
SP8,0.042530047678821334
CXorf65,0.04252257369272565
FAT1,0.042522432220436536
HK3,0.04251452089747982
HEY2,0.0425108798124182
NSUN5P1,0.042510364174617406
CBWD6,0.04250854538493099
IL2RB,0.04250087805228285
CD180,0.042496842339113106
GPR153,0.04249637652964317
PSG6,0.04249426670683404
C6orf150,0.042480546246905386
PKNOX1,0.04246507445163936
PMS2L4,0.04246289873996967
IRS2,0.0424570576096339
TNFAIP8L3,0.0424504097716008
SLA2,0.0424462726376611
IGFL2,0.04243898929027414
NUDCD1,0.04243550659551337
C22orf36,0.042432487664853226
BEST2,0.042423436033112015
PHACTR2,0.04241754832516837
MGC16275,0.0424131293125446
SEMA6B,0.04240274629489028
RUNDC3A,0.042401630619904276
ARIH2,0.04237431146398659
USP34,0.04237229661732203
TRAF1,0.042372023215897586
TAGLN2,0.04236302193807375
SOBP,0.04236233023312449
ASTN2,0.04235872349200919
KCNE4,0.042342572770157336
FAM155B,0.04233852130782668
C2orf77,0.042331308191233374
LOC729234,0.04232905903250292
RNASE10,0.042326297373632575
ARHGAP9,0.04232604998362263
AIFM1,0.04232508483250524
BAT5,0.04232289475540283
NBEAL1,0.04232238740455665
ANKH,0.04231840445573201
BPIL1,0.0423183370688448
WRNIP1,0.04230994786375036
CPNE3,0.04229525297274235
TRPV1,0.04228457554446445
EEA1,0.04228438590505167
?|100134869,0.04228236510630047
TMEM64,0.0422687873281278
CREB3L3,0.042268206222418024
GYPE,0.042264660219225265
TIMP4,0.042263349871112334
PLLP,0.042260823151238185
ILF2,0.04225975437985301
LOC283922,0.042245014142176476
NCR1,0.042244250729851655
HDAC4,0.04224234135005065
TRIM52,0.04223588656691415
CHRDL1,0.04223320740715892
OPCML,0.04222163595865174
TDGF1,0.0422154172421694
WDR92,0.04221243415234265
OGN,0.0422106064816542
TRIP10,0.04220828210889898
LIPG,0.04219848587921303
TATDN1,0.04219234133395134
C9orf140,0.04217006251381375
ZG16,0.042147057044991554
HIST1H2BO,0.042114983255776894
SEPX1,0.04211249965655973
SDCCAG8,0.04209746665588966
RPL7L1,0.042091686717578534
OCM,0.042086561818164614
SEPW1,0.04208009881414018
CD80,0.0420781431651097
EHD2,0.042074932391774816
NFYB,0.042062844139220214
NANOS3,0.04205890914787404
ELAC1,0.04205128414383197
GLRA2,0.04205111544668925
ATF5,0.04204539572752288
ZNF862,0.042033017195945016
LGALS9,0.042029513444072054
IL1B,0.042021521295632726
NTSR1,0.04201860068530526
SSBP3,0.042016891049245934
CCBL1,0.04201498224389986
POLR3C,0.04201431567026497
GRAMD4,0.04201020108022019
GMCL1,0.04200936240982854
AGER,0.0420018639747303
DIAPH2,0.041994534633571105
DOK5,0.04197995841000623
TAP2,0.04197350088424716
NKAPL,0.04196207492498687
RHOT1,0.04195924183594163
SLFN12L,0.04195879988094856
RHBDL1,0.04195842219218697
ARIH1,0.04195751318156772
BCAP31,0.04195088940914613
PLXNB3,0.041949551206430756
NAGPA,0.0419436239333089
NOTCH4,0.041940256017743954
GPR25,0.041939304910500345
CDHR3,0.04193749220539889
CACNA1A,0.04193540458862525
NEUROG2,0.04193361251491689
SLC15A4,0.04192843060877008
ISG20,0.0419221328286354
ZBTB8A,0.0419179376162767
CSRNP3,0.04191028910552459
CAB39L,0.04190971054870887
CD5,0.041896884535982636
PLBD1,0.041887860301967436
TRIM55,0.04187933188841696
GPR183,0.04185552773661933
AKAP7,0.04185324814604445
PRPF40B,0.04184979695147799
NT5C1B,0.041839122928789226
C5orf44,0.04183359584084289
FKBP14,0.041827760572195345
POT1,0.04182328541644408
EBP,0.04181355912683349
CLEC10A,0.04181324183008319
BRF2,0.041812976286586284
CMKLR1,0.041811570061885954
BOD1,0.04181063827138024
PIN1,0.041808127893103175
ENPP1,0.04180630510275631
TGFB2,0.041806248835242324
LRRC25,0.04179974555350402
SPATA18,0.04179503669956008
DPP3,0.04179366018684824
TBRG1,0.041793239567001914
DDIT4,0.041787656583593874
SNAPC5,0.04178469367522242
TAS2R31,0.04177450593790121
CHST10,0.041773931825774886
IL11RA,0.04176390640829355
SYT13,0.04175894966173401
CISD2,0.041755857395185086
KLHL7,0.04174132120142434
SLC13A4,0.041735041927517216
C14orf118,0.04172994707450714
LOC100132354,0.04172767775932971
SLC12A3,0.04172643652976275
ALG2,0.04172122108349409
GATA2,0.04172094979747907
TMEM220,0.041709906867654106
MLL3,0.04170628210841859
MCFD2,0.04170585495029603
HSDL2,0.04170576784157771
C21orf96,0.04170325364904649
SLC25A24,0.04169228830499924
GEM,0.041685384790190606
KIAA1715,0.041681363411701075
RNF19B,0.041673329896710375
ALG1L2,0.04167240233702373
RAB4A,0.04166716271702782
SMARCA2,0.04165084692484815
KIAA1211,0.04164940010559475
FAM133B,0.04164608866151143
CDC25C,0.0416387840956749
CYP19A1,0.041637970632433186
STAU2,0.041635591875533055
BFAR,0.04163088930559729
C6orf105,0.04162403282383107
OLFM2,0.0416177887049067
PPP2R3A,0.04161421471039956
C21orf63,0.04161389910669418
CLP1,0.041607629881708824
INSM2,0.04160760752119605
DNM1P35,0.04158016140894476
FAM119B,0.041577349078761025
GOLGA2,0.041561354251886985
SIGLEC1,0.041552240813686324
LYNX1,0.04154751893648332
FHL3,0.04154284953469451
LOXL1,0.04154245551489868
TBC1D14,0.04152424217672861
COL8A1,0.04151364377155913
ZNF684,0.04150622311417428
MSH2,0.04150384478883236
TRUB1,0.04150146082159948
ATG2A,0.041491998423968134
CENPT,0.04148675899835648
NBPF10,0.04148160646510235
RAB8B,0.041480496199743665
PATZ1,0.04147945254522115
CREG1,0.04147352174655602
LDLRAP1,0.04147226175186173
SLC38A4,0.04147050387533764
KIF22,0.04146881209200029
FOXC1,0.04146585641298578
BAAT,0.04146103608758517
FAM73A,0.04145827634004751
ANAPC4,0.04144101722773694
TDRD6,0.04143879496163447
SARDH,0.04143702098991297
C21orf45,0.04143142776861491
C6orf1,0.041430302837242465
ZNF83,0.04142076406119156
C2orf80,0.041416591417093446
UBA5,0.04141025373412337
CD14,0.04140994792836819
TMEM214,0.04140689139499658
YIF1A,0.04140479421370451
ARRDC4,0.04139595404434744
C7orf52,0.04139594515559728
CST9,0.041390586568770565
C10orf54,0.04138569787910327
TMEM203,0.04138244779925107
SDCBP2,0.04137672150487678
CCL11,0.04136798622473443
PILRA,0.04136346448404699
DUSP16,0.041359511390064774
FBXO36,0.041358152100144964
ZC3H12D,0.04135569179428582
SLC39A12,0.04135435447648715
LEPRE1,0.04135011640334005
CD300A,0.041347720378662564
COL28A1,0.04133921281590105
NPC1,0.04133335803419717
MLX,0.041329329831799176
PYGO1,0.04131883380527113
SH2D3A,0.041317626470825944
PDCD1,0.04131672616198317
C4orf26,0.04130559609752393
RHOH,0.0413013379202504
HDAC5,0.04129897912261394
PEBP4,0.041296388492156236
C15orf63,0.04129546903328888
CR1L,0.04129412084083083
MCCC2,0.04128208182486916
LOC440354,0.04127350998804549
BST1,0.041273188008331525
SLC41A1,0.0412729412869698
PAK4,0.04126900572360639
C16orf88,0.04126060339340685
DUSP19,0.04125738866301684
LOC647309,0.04124857819035646
FAM160B1,0.04124441835316468
C4orf50,0.0412437083433805
CCL17,0.041242078307454494
NDNL2,0.041211923566353975
ACSS2,0.04121139950630107
MTMR6,0.041201828707862716
LARP7,0.0411978959567602
QRICH2,0.041192987803998306
YIF1B,0.04119184124846832
ASGR2,0.041188342357715194
SLC17A9,0.041170788344185714
HIST1H2BG,0.041157955615164776
FRMD4A,0.04115150538139467
TMEM168,0.041146051090599906
LIMS3,0.04114558358468135
MPEG1,0.04114331846350098
SURF2,0.04114088113781104
CD7,0.04111823519454846
LITAF,0.04111295379730197
UNC5A,0.04111232462436994
C10orf81,0.04108802113877931
PDE10A,0.04108125242138396
GIT1,0.041079356994658714
HUNK,0.041071885596153906
CDKN1A,0.04106999137869888
ADRA2A,0.04106856574613104
ERLIN2,0.04106332904738143
BRD9,0.04105866836852036
ZMIZ1,0.04104614987646644
ASAP3,0.04104229150007411
SYS1,0.041040797379872845
TH,0.041031798583774884
PREX1,0.041022461315478015
SH3GLB2,0.04102178041846145
ALDH1L2,0.04102143232990039
TMEM128,0.04101445088097104
MYCBP2,0.0410079726628292
ITPKC,0.04100168629546061
NHLRC4,0.040998672243245035
B4GALT2,0.04099696816236952
ATG12,0.04098688861049309
BASP1,0.04096617167164297
PROM1,0.04096450353948607
CCNG1,0.04095869459735685
C1orf55,0.04095398387213748
CALCA,0.040944635136119886
KLK14,0.040942082691800864
STARD3,0.040938917238254116
MTMR12,0.04092639238090694
ZNF708,0.04090728221635634
C1QC,0.040907259009471515
GLE1,0.040902179989506314
LRIG1,0.04089305996124247
PER1,0.04088650494612033
FOXQ1,0.04088067223912241
LOC134466,0.040878029655503335
PHF1,0.0408728202634884
IKZF1,0.04086308856970936
DIRAS3,0.040847836879134444
TAL1,0.04084327663064041
C1orf194,0.04083222740618769
SMURF1,0.04083212703695348
ELSPBP1,0.040828335070542836
SERF1A,0.04082426576184504
LRP6,0.040820918464066505
KIAA1543,0.04081622228746262
PIK3C2B,0.040810702343579766
C5orf27,0.04080953355501695
ATOH7,0.04080704176994803
DCHS1,0.04079912638997347
MPL,0.04079191214772109
THOC6,0.04079102957962258
SLC28A1,0.04078577038955954
SCML4,0.04078523441149789
SAPS2,0.04078195766589545
CCDC124,0.0407758412032888
IL34,0.04077296636385809
BRP44,0.04076464355049965
PITPNM3,0.04076320566927086
LETM2,0.04076180347946983
RB1CC1,0.04076077515450132
RTN4RL1,0.04075912559328377
CDHR2,0.04075558933405464
PTPN7,0.0407459595583218
RPL18A,0.04074331576567019
MAP9,0.04074000680097957
RAC2,0.0407338252067974
DNAJC27,0.040728140062486845
SIP1,0.04071971463636799
SHC1,0.040714441215279625
ZDHHC6,0.04070921580877383
CTBS,0.04070260146894532
ADAMTS9,0.04070043165241905
SFTPA1,0.04069799143305037
MT1H,0.040695392507060155
C20orf160,0.04069517985301286
ADORA2B,0.04068383044277991
ZNF732,0.040677747283102576
PLSCR3,0.04067599000225568
TUBG1,0.04067289458158493
ZKSCAN1,0.04067053898693794
AGTRAP,0.040657283701661544
EMID1,0.040638688519701684
BTBD8,0.04062024117646351
ZNF347,0.04061754840838907
PRICKLE2,0.04061413863217811
RFPL3S,0.04061284435778702
LAPTM4B,0.040611606061287706
ZNF121,0.04060932844072289
TRIO,0.04060765342237624
CXCL14,0.04059634864709653
FPR1,0.04058512758648838
UBR7,0.04058044360741824
ADORA3,0.04057926981882014
DHX32,0.04057549082472363
PEBP1,0.040567924431008165
ABCB1,0.040566559794334725
SVEP1,0.04055483409303822
ANKRD1,0.0405433975548988
USH1C,0.04053993793682457
GBP7,0.040537667597778625
NSUN5P2,0.04052764831052458
GOLGA8G,0.04052628107314126
ARHGEF9,0.04051944698838843
TNFRSF10B,0.04051927437772507
ATP6V1E2,0.04051050965237743
RTP3,0.04050482462457871
SCOC,0.04049637014118952
TNFAIP8,0.040495104649705474
CHST12,0.04049090384117967
SURF1,0.04048699593128392
KLC1,0.04048571956616959
MAGEA12,0.04048356424189297
LOC100240735,0.04047997741878961
HSF1,0.04047580760954875
PLXNC1,0.040471414661288056
C9orf122,0.040468629373969084
SLC16A7,0.04046848676605546
PDCD6,0.0404677002626558
TIMP3,0.0404640718653637
MAP2,0.0404606882183219
SUSD3,0.04045823560564814
NGLY1,0.040445713030144666
JPH4,0.04043138929951422
MAGEC2,0.04042993142261067
ELFN1,0.04042690295738262
PPFIA4,0.04042573035098796
OR52L1,0.04042411043187621
ABCA6,0.040417795092930066
STYXL1,0.04040061631410729
TUBGCP2,0.04039747124886567
KIF1A,0.040395186458362035
AR,0.040393825553953024
C9orf72,0.04038660104360414
C16orf54,0.04038588916228787
TDRD5,0.040381303382184916
MAP6,0.04038038907688236
MAN2B1,0.04037934007003875
CUX2,0.04037603611620707
MAPK4,0.04036798772949134
RARS,0.04036165651191507
COL5A1,0.040346012453270866
FNDC4,0.0403320056402577
NOLC1,0.040323381532364894
CLEC4A,0.04031960055032469
PNLDC1,0.040319035516053946
C7orf47,0.040317388309268794
LHX6,0.040316210780114846
MAGOH,0.04030701550020113
ST6GALNAC3,0.04030449222263975
STXBP4,0.04030410295370072
SRMS,0.04029539681179352
GPR4,0.04028817818623323
ARCN1,0.04028584107863912
GRM5,0.04027926932265556
BPHL,0.04026516800908943
PIK3R5,0.04026439164138327
F2,0.04026000620111509
PF4V1,0.04024799093001771
NHLRC2,0.04024010054550263
HIST1H4C,0.040238231732716345
TOMM20,0.04023487286139702
OR52N2,0.040234640533277306
SERPINA10,0.040234058373924915
GPX4,0.0402316484322297
PTAFR,0.04023062620863075
NCRNA00201,0.040224796752707154
LOC100270746,0.040223894366525986
YBX2,0.04022201511595385
PLEKHA8,0.04022191902426312
TAGAP,0.04022149644434044
VARS,0.040213724975549495
LMTK3,0.04020295206719041
ZFP62,0.040197978160128156
TNFSF11,0.040196368889379615
FGFBP2,0.040195762308601515
NFIX,0.04019157034746147
C9orf53,0.040189743792696235
PCDHB6,0.04018715683270271
TTC21B,0.04018633986562749
SPATA1,0.040175355045765755
NKAIN4,0.04016916574589465
RUNDC3B,0.04015173199337387
AACS,0.0401376210503416
ERBB4,0.04013737333103417
TLR9,0.04013366557718205
IRF5,0.040127549111473836
TRMT2A,0.04011347668716928
LRRIQ1,0.04011250907147468
PCDHA7,0.04011217796340959
RUNX1T1,0.040111480548222035
SLC40A1,0.040096789895355985
P2RY8,0.040094999275254124
C9orf43,0.04009172127140389
PTPRD,0.04009016025335459
FGD2,0.04008311262367944
ITGBL1,0.04007817420647509
IRAK3,0.04007365992453741
TADA1,0.04007273809128
SC5DL,0.040044259494063
SLC45A4,0.04003625944878357
GMEB1,0.040023559055247904
DRGX,0.04001451588378337
C1QTNF9,0.04001191148291963
HCN2,0.04000737389678984
IL17RD,0.04000715373249957
IRF8,0.0400000380000169
TAS1R3,0.03999892027305992
RTN1,0.03998221526262476
STAC3,0.039980505011906975
CLDN8,0.039979603136278706
GJC3,0.03997663808304429
NASP,0.03996221739404246
CDK18,0.0399607506301031
HMGN1,0.03995953293722555
DPF3,0.03995393723420187
KCNMB3,0.039933044623328015
UGDH,0.03993216467553948
HINT3,0.03992133350078047
PDHA1,0.039918583023808976
KLHL15,0.03991228253598935
UBXN11,0.03990483177661903
TSGA14,0.039901473565042554
FAM49B,0.03989424809548751
C1orf200,0.039889736809680755
TNFRSF11A,0.039887918311185294
TUBA4A,0.039881978921398865
IARS,0.03987443049282668
VASH1,0.03986653510145827
BZW1,0.0398618327022576
GLB1L,0.03985103180340458
KIAA1324L,0.03984878170176801
EVPL,0.03984581640835858
KRT222,0.039829879092239284
FNDC8,0.03982060250793014
RPS19BP1,0.03981603819915854
GEMIN4,0.039815838479278304
PTPRG,0.03981106935716724
PCMT1,0.03980800652046893
EXOSC6,0.03980440640223349
LEPREL2,0.03980017653833955
THEG,0.03979227331511524
C1orf203,0.039783575661201206
DPM3,0.03978298038056133
FBXO46,0.03978215156360828
NBPF3,0.039776618385765745
KLK11,0.039768829618519
LILRA3,0.03976669978582133
SF3A2,0.03976386911245087
BCOR,0.03975591238860051
MYO10,0.0397305737842442
LOC202781,0.039727118855534135
MYO3B,0.039721496651861636
AMZ2,0.03970929667513089
SEC23A,0.03970739300301002
GYPC,0.03969996511915514
TUBA8,0.039690413205031805
ABCD2,0.03968297698204297
CCL25,0.03967566960081906
KCNMB1,0.03967117701257075
APOC4,0.03967054697643699
LRRC37A,0.039667352257755174
DUSP5,0.03965755843170722
ACOX3,0.03964468218648165
KLK4,0.03964115962652452
CLDN17,0.03964040764033407
TCF25,0.0396362242084133
DKFZp566F0947,0.039634920558442165
ETAA1,0.03963438672340622
SLC14A1,0.0396274508372556
NIPBL,0.03962456001049235
BACE2,0.03962408608699604
PRCC,0.039607717385263086
DBX2,0.039606166482795885
SIGLEC5,0.03960076482873269
WTIP,0.03959830593247119
ANXA2P3,0.03958948366001739
RXFP4,0.03958882359803574
VSTM1,0.03957723687892545
ISCA1P1,0.0395718329700616
PIWIL2,0.039571742100089895
MPO,0.03956496013088784
RNF144A,0.03955983021449457
UPP1,0.03955049233577448
SCGB2A1,0.03954821880068248
PDCD1LG2,0.039548076416238066
C1R,0.03954704586536259
PIPSL,0.03954676221362063
NUS1,0.039543084105131195
ZNF558,0.03954156955606435
CTAGE1,0.03952063706325765
FAM102A,0.03951677939684279
RNFT1,0.03951066381458766
NVL,0.0395091735607132
FXYD2,0.0395061899499677
CLIC3,0.03950602263095884
TSC22D3,0.039502376898154876
PTCD3,0.03949957046061932
MALAT1,0.039497469742464764
KIAA1324,0.039497047440992306
NKTR,0.03948842419536859
SLC35F3,0.039481081129237164
FAM117A,0.039480294320653996
SPACA3,0.0394773407323579
MTNR1B,0.03946270167319842
TIMM17A,0.03945774387765113
CSTF2,0.039453322193232915
TUBBP5,0.03944824070724413
C10orf10,0.039446605004720865
C6orf195,0.03943857382351047
SCN2B,0.03943412377139369
APOBEC3G,0.03942680088125877
DCTPP1,0.039415756282276025
OR1F1,0.0394150582186428
C14orf138,0.0393995241225169
SSC5D,0.03939606058078266
TPP2,0.039393544952410396
ZNF398,0.039392888739072096
ZBTB16,0.0393827047914887
SCN5A,0.03938024045546588
ANKRD6,0.03937721574153535
KRT83,0.03937434813314385
CLCNKA,0.03936474117810296
SERTAD4,0.03935114219259349
CPSF3,0.03934461312035054
PRKAR2A,0.03934128823952888
LUC7L,0.03933761880518102
C10orf57,0.039334557535110136
CCNI2,0.039319465114126845
ARHGAP39,0.03931616002830088
DBC1,0.039313018975984666
C9orf139,0.039277540179803665
ZNF286A,0.03927610370228936
NTRK3,0.0392587452825455
PDE1C,0.03925768382706987
LYZ,0.039248402823845764
CRYGS,0.0392479676068197
C9orf102,0.03924342695729573
PARP12,0.03923835432694119
KLHL31,0.03922948943614655
CLMN,0.03922352881359781
CD248,0.03921782208008012
ZDHHC8P1,0.0392167879579779
CPSF2,0.0392100924211222
TRAF5,0.03920125570193475
POU2F3,0.03919816455852747
CACNG7,0.03919482498553055
CHRM4,0.039192968096418326
RBAK,0.039184392950306124
CCDC88A,0.03918082228015159
C10orf105,0.03918074535721016
CCDC99,0.039172911486940014
WWC3,0.03915673902458624
LYPD4,0.03915468129899642
ZNF48,0.039152125515731606
CCDC62,0.039151628259223255
KSR1,0.0391492038249101
LHFP,0.03914366672538637
TTC9,0.03912093087640123
CRIPT,0.039105237786583744
CEP170,0.039101361531032074
PLEKHA5,0.03909469093459384
CXorf49B,0.039093359229005
TIGD6,0.03908209077791205
MBD3,0.039080347191032164
ADAMTS6,0.03907245474833273
PDCD11,0.03906762291996313
HPCAL4,0.03903643840948817
LXN,0.03902284672785224
PSMB9,0.03901614778735474
ZFAND2B,0.03901575789300643
RIMKLB,0.03898927562743911
DLL3,0.038985194684876344
PRX,0.03898215556571748
CCDC42B,0.03898132748321099
DDB1,0.03893863563270523
FAM122A,0.03893643260972503
CD160,0.038936243103737805
MBD6,0.038913853336586444
ABHD6,0.03891217139195978
NACC1,0.03890613608702095
HIVEP1,0.038897574870639565
RPL36A,0.038880656740655405
PIGY,0.03888009469078652
SH2D7,0.038871735139169986
DNAH10,0.03886635911507916
EIF4EBP2,0.03886155520298005
SIX4,0.03885435351631085
NR2F2,0.03884736984855078
MAMDC4,0.038846306737424216
PPFIA2,0.0388276122358725
RAX,0.038826683264377486
ALDH1A2,0.03882400488938829
C12orf77,0.038821710705048466
FAM20C,0.03881903561802841
NAT8,0.03881747905463691
MAP3K14,0.03881160621499087
FAM49A,0.0388055139407115
CDR2L,0.0388006394628291
OR1J1,0.03879631228194114
GJD3,0.038796215629457495
PLAT,0.038780543683943555
ZFP57,0.038776891774331225
GPM6B,0.038768648773090504
P2RY10,0.038764455265671946
GK5,0.038762338749353774
TMEM111,0.0387344699249534
SYNJ2,0.038727736773381455
RNF215,0.03872259925063161
CFP,0.03871713320405203
BBS12,0.03871600450983695
TMEM138,0.03871163131561292
LRRC50,0.03871092184172213
C14orf128,0.03870888966272112
CTNNAL1,0.03870573410054125
GALNT6,0.03870063410634186
FUT5,0.03869895550514726
RNF138,0.03869813672484233
FNTB,0.038691646620133816
IL33,0.03868521564572627
PHAX,0.03867351590529302
C1orf180,0.03867285149288909
HYAL1,0.03866297650950756
TMEM132C,0.03865436452330761
FANCA,0.038654300027953295
C11orf16,0.03865411788256015
DTX3,0.038650550784928864
TSPAN2,0.03864712703756301
AQR,0.03864701627486438
DNAH3,0.038644616598991946
HHEX,0.03864253192705463
VPS16,0.038641147170104445
PRSS53,0.038624540325928026
C2orf69,0.03860562689376025
TASP1,0.03860246348268163
KCNMB4,0.03858295998703847
DERA,0.03857264675935486
RNF20,0.0385701885997446
CD84,0.03856105225831885
PEX26,0.038557599618063376
RAD9B,0.03854961952290597
CNTD1,0.0385462301874539
HGC6.3,0.038545132257632723
C19orf66,0.03854281772151898
GPR172A,0.0385325185721057
ZNF771,0.038524483605060805
LETM1,0.03850575010031255
TNFSF4,0.03850327872562658
PSG2,0.03850307856650969
C6orf136,0.038501218171090805
MS4A8B,0.03849975523494798
PODN,0.03849814254409956
AGPAT3,0.03848351917877053
TAP1,0.03848116956074131
CATSPER2P1,0.03847976173731202
APOL4,0.03846069352283942
PCDHGB7,0.03844009722145084
C21orf82,0.038434388170387315
PLAG1,0.03842974663954833
KCNIP1,0.038404913531718404
PYCARD,0.03839738431249796
NCRNA00110,0.03839504981837449
TMX4,0.03839484106999671
PRKCB,0.03838848059534165
ACAP1,0.03838839503611709
LIMS3-LOC440895,0.038384429812113326
RPS10P7,0.038369375075981836
WWP2,0.03835739509729279
PABPC5,0.03835660686543373
SELL,0.03835320831810922
AGRN,0.038351097772034555
C19orf39,0.03834891721353075
NRXN3,0.03834824770657436
SOS2,0.03834082445415492
WDR3,0.038337389100044694
TMEM116,0.038336921720985344
BIRC7,0.03833300410201173
ZMYM4,0.038329221657635755
METTL14,0.0383227400992246
SP1,0.038315909107926115
RASGRP2,0.03831533006487307
CLK3,0.038308342853847016
PELO,0.03830427309912953
RSAD1,0.03829944360878169
SSTR2,0.03829426935704856
SKI,0.038279561809479744
SLC3A1,0.0382739671689593
RTP1,0.03826842492211678
NACAP1,0.038267689426292925
AHRR,0.03826000734035768
ZDHHC7,0.03824150102702408
SPRY2,0.03823976073632549
HOXA6,0.03823066296346133
LOC645431,0.03822513113787024
CYBASC3,0.03821112941682102
ARHGAP10,0.03820928938355514
PSENEN,0.03819223194574592
CNRIP1,0.03818631298692118
RASGRP1,0.03818393580383468
TRIM47,0.03817008809364021
B3GNT2,0.038154983527100755
SEMA4F,0.03815472338610995
NYNRIN,0.03815287508188783
SLC35B4,0.038152851168554484
SAR1A,0.03814776998668192
L2HGDH,0.038129592066910634
PANX2,0.03812453402606922
KIR2DL1,0.03811818883062164
FIZ1,0.03811664511883525
PTRH1,0.038078395959859526
ETV6,0.038075265007994914
PPAPDC1A,0.038073938169288835
SMTN,0.038071044259723526
MYBBP1A,0.038070903541726216
HEG1,0.038069692046420085
GABRA1,0.038061777479383226
TBC1D3,0.03805890537381346
ZNF469,0.03805033757816583
ERO1LB,0.038048963787739636
FBXO42,0.038048651436163115
ST3GAL2,0.038043427801232974
LOC646471,0.03804110847682879
ZNF90,0.03803922237771961
KLK2,0.038030110683855874
IFNG,0.03802763610085001
C17orf89,0.03802325541105874
C14orf48,0.03802254620400131
PHLDA1,0.038013346991068155
PPPDE2,0.03801089507384612
C3orf15,0.03800790952792277
SUCLG1,0.037999820894212624
C17orf88,0.03799050973456991
RPL23AP32,0.03798442145625008
OSBPL8,0.03798438225434675
SPHAR,0.03798206743623703
HERPUD1,0.037965367621450474
RLTPR,0.03796461527763903
RNF39,0.03796457011874318
INHBA,0.03795090405697073
ANK1,0.03795064326902969
MFAP3L,0.037946394349407025
SEC61A2,0.037943058311413584
C3orf38,0.03794271770081603
PDE3B,0.037932490064325766
PLOD2,0.03792679349426835
COL21A1,0.03792232250774663
GGT7,0.03792016798235899
NCRNA00173,0.037919572088112426
RPS2P32,0.0379172107113903
CDNF,0.0379135821529653
HEATR1,0.03791007009250767
FLJ42627,0.037906549333309905
MT1G,0.037892500266707894
AP1S2,0.037880897403727236
NCRNA00189,0.037880306749169375
TNFRSF9,0.03787797081524422
ARHGEF37,0.03787783014405671
CYP27C1,0.03787357877765503
KCNN3,0.037864385849081195
TAC4,0.03785357956860573
KAAG1,0.03785310249617032
MEPCE,0.03784507993185631
CSAD,0.03782742313703906
BTN2A1,0.03782240414980332
FRYL,0.037766350103119684
NFKB2,0.037754694526174824
RILPL1,0.03774645664246931
C1orf186,0.03774007249715492
BCL2L14,0.03773884777639946
CAPZA2,0.037732049698516464
TREM2,0.03772919882873766
AASS,0.037727083624804675
S100A14,0.037723547673708425
POP4,0.03772197521806885
GTF2A1L,0.03771733946482646
MMP25,0.037715437284990515
ADAMTS10,0.03771359715804067
LRRC17,0.037711170062204064
ZAN,0.03771030197295937
RASGRF2,0.0377044134500944
DMBX1,0.03770048957290699
MAML2,0.03768582827804186
TRIM24,0.03768334819118125
STIM2,0.037679383905574716
GCNT4,0.03767454237704297
IGSF21,0.03767406482800229
C6orf125,0.03766897839337614
PLEKHA3,0.03766063316450408
LRRC32,0.03765732624843843
C17orf54,0.037657223952451996
SPSB4,0.03764845275487165
PTK6,0.037629310977120675
ATXN7L3,0.03762514955068414
ZNF274,0.037614821492922376
REEP1,0.03760679706637127
NCRNA00158,0.03760403911341133
CCS,0.03759880287010234
LOC253039,0.03759467704681063
TNFRSF8,0.037583454642770686
RAB41,0.037575778680453566
PI4K2A,0.03757088802984349
ARSH,0.03757012614414902
XIRP1,0.03756782779209585
TMEM123,0.037563450213851386
GPR125,0.037556292308866146
ICA1L,0.03755033968414418
DNAH6,0.03754759815504461
UBTF,0.037541188329249124
FCGR3B,0.03753946942770191
C6orf70,0.03753807121500821
SLC24A4,0.03753622108673807
FSTL1,0.03753382526073288
DKFZp686O24166,0.03753277002326626
FAM19A1,0.03753028373552293
ARPC4,0.03752983661169638
PLCB3,0.03752817433301435
CLDN10,0.03750106569175325
HOXB6,0.03750055250896798
MGAT5B,0.03748301683972114
KLKP1,0.03747925899596882
KIAA0513,0.037467566291729315
LOC100188949,0.037466833277535805
CD1B,0.03746493820699222
NUDT16P1,0.037456852444495196
ACBD3,0.03745633479059352
TOMM5,0.03745009541337902
ALDH1L1,0.03744673958186667
POM121L10P,0.03744667769755122
ZC3H7B,0.03744241379022081
ZSCAN12P1,0.037442404179362926
OBSCN,0.0374385968380596
HIC1,0.03742699649762959
EXTL3,0.03741380988498282
PYDC1,0.037411675773598815
C1orf54,0.03740434308131585
TMTC4,0.03740042120832402
KLHL18,0.03739869407887013
ROBO3,0.037393906896392486
NCRNA00162,0.037389186244862975
PAX2,0.037386179318237754
PSAPL1,0.03738004138022402
NUDT21,0.03736997906907203
ARID1B,0.037368453067733294
TMEM42,0.03736796734302281
CPT1C,0.0373670367749564
LCK,0.03736635706603671
BCAM,0.03736395841487459
NUFIP2,0.037357510198493496
HIST1H2AL,0.03735307646041428
RBP4,0.03734499602707041
TRY6,0.03734010321282041
FOXP2,0.037338622168884936
GLDN,0.03733851389930364
SSB,0.03733075762413785
SEPT14,0.03731123312735912
GPX7,0.03731069928832531
GOLGA5,0.037310194014444305
SCAI,0.03731009778270442
LOC100270710,0.03730673555994404
KLF13,0.03730218227297394
CCL4,0.03729947883758604
CCDC120,0.03729923019209092
RPL39,0.0372941554538077
SNHG10,0.03728504120236183
LOC344967,0.03728431858811604
CEACAM4,0.037274892977072024
FAM126A,0.037274720350781713
ACTR1A,0.037264927397182866
MTR,0.037261001756944176
AIP,0.03726072970614138
SDHD,0.03725949070476275
TMEM87B,0.037258922205275255
LCN1,0.03725352238151513
EIF6,0.03725000903215005
CSTF3,0.03724696040812128
RNMT,0.03724405738568271
ZFP36L1,0.037237898755034256
LAMA4,0.03723721654928662
LAMB3,0.03723404237652842
RNF115,0.03722881868853406
ARHGAP17,0.03722562840262951
KLRC1,0.0372191683363285
PLEKHO2,0.03721315385833043
TBC1D10C,0.03719630125714792
MEIG1,0.037195194875215935
OGT,0.03719517085017007
KIF24,0.03719500271302843
SLC28A2,0.03719396223006422
LPPR1,0.037180384457988276
DRP2,0.03717969974658764
ZCCHC3,0.03716949376479708
NARS,0.03716917092223373
RHEBL1,0.03715903257741334
CLIP1,0.03715535056799879
TMUB1,0.037152409598789356
ZNF507,0.037146020669095246
DGCR6,0.037120844262574886
KIAA1257,0.03710604000926656
PPIL5,0.037100989271939964
KIRREL,0.03710083656754123
MYOD1,0.037094294046650406
SNN,0.03708967455727617
CD300LF,0.037084039739128674
MTFR1,0.03708210171628015
NXN,0.037081032384322525
ERAL1,0.03707614797825625
PLXNA3,0.03707094422960736
SHOC2,0.03706905689625934
LOC100302401,0.03705840715173185
ACBD7,0.03704931750606324
XRN2,0.03704478969062563
RHBDD1,0.037026760672670765
PPP2R3B,0.037023154887810245
FAM151B,0.03702266573386572
AHSA1,0.03702066004477505
SOX9,0.03702021601542299
PTGIR,0.037012046072844924
C12orf35,0.037009342293425576
KLHL34,0.0370078429599805
CYB5R3,0.03700487043385883
NCF2,0.036998176747847
KEL,0.03699745580874475
TMEM65,0.03699316462719447
CD3D,0.03698290139039072
ADCY9,0.03697644302990451
PRB3,0.03697448074583271
DDC,0.03697210393807612
ARHGEF35,0.036971958046911564
RNF4,0.036971349374918486
TBL2,0.03696883487983585
BMPR2,0.03696085355248623
KLF12,0.03695816786550272
VEGFA,0.03694780733428232
EFHB,0.03694698778555144
PDE1B,0.036946144065054
LGALS1,0.03693702982542922
CTRC,0.036928478905781006
TMSB15B,0.03691735463622395
XYLT2,0.036914488434291695
CXorf40B,0.03690322193832183
GLIPR1,0.03689770705986035
POLR2L,0.03689554206700909
FER1L4,0.03688113755738971
CALM1,0.0368723179514756
IL1RL1,0.036870915452834926
PIM2,0.03686757846975829
PCNXL3,0.03686267200763998
TPT1,0.0368576313292057
PAH,0.03685566268092079
FCRLB,0.03684798754273
NKD2,0.03684235346297005
CD69,0.03683473249434868
AMZ1,0.036834341323634064
CCL22,0.036828479344317794
CT45A1,0.03682580351734269
TMCO7,0.036824732122509134
C1orf93,0.03682128950492977
RDH8,0.03681010815920903
PYGO2,0.0367984794591266
UGT2B11,0.03678879455793657
NCOA3,0.036787668716978576
RSL24D1,0.03678717847441706
IL21,0.03678504163876852
CDH2,0.03678177670098682
RPP21,0.036777783310325184
TM7SF3,0.036773453324245954
IL2RA,0.03677247698153734
CBLL1,0.03677004219409277
VCAM1,0.03676703737134925
ITIH4,0.03676340793479821
KCNJ10,0.03676205601773416
CRABP1,0.0367587051476609
ILKAP,0.03674953493626721
PACS1,0.03674495805521107
ZDHHC4,0.036739439922391974
DERL1,0.03672950982750385
SLTM,0.036726226373562244
C2orf65,0.036724990588948424
CXCR4,0.03671187672399275
KIAA2018,0.03671139075925817
NLRX1,0.036710355994646386
XPO6,0.03670943338532558
CECR2,0.03670236407807078
CGB5,0.03669644838448617
ADORA2A,0.036692568731352494
ZNHIT1,0.036672412703556354
KIR3DL2,0.03665660256096044
CD5L,0.036655690109554766
SFRS4,0.03664497167562273
RBMS1,0.03664460922511914
RPL23AP64,0.03663629412985026
NT5C,0.036635611690947166
FLJ16779,0.036633590032283204
ZSCAN21,0.03663140004715334
TBC1D3H,0.036624932532237205
ROGDI,0.036616346697992276
WBP11P1,0.03660965653588583
SAA2,0.03660661047788049
ISCA1,0.03659904916007655
ABCA4,0.03659703713628942
PARP15,0.0365965654364749
CLIC1,0.03659301993834851
FLJ42709,0.03658012822727333
LOC145820,0.036579684374737416
SACS,0.03657674319179837
QARS,0.03657605176465134
IL15,0.036574822159675446
DPY19L4,0.03657475731523369
INTS6,0.03657181277014514
DNAI1,0.03656704077120101
ZNF552,0.03656545805313284
CDC42EP2,0.03656502092324291
CRTAM,0.03655930598994988
PLN,0.03655207769916889
ELAVL4,0.036550251580350794
LRRC47,0.03654844078271272
CHUK,0.03654451111937597
LOC645676,0.03653905799341936
TJP1,0.03653175196276178
ZNF623,0.036531410123139346
COL11A2,0.036528884780985454
ZFYVE26,0.03652608423340817
HIST1H1D,0.036523454581209
FNDC3B,0.03652282500716889
ZFPM2,0.03651366205312693
CD207,0.036507691573024026
PCDHGA12,0.03650697638493167
UBASH3B,0.03650567195234371
THUMPD3,0.03650121837976117
BAT3,0.036500793283154795
SPOPL,0.03649926588606314
GPR179,0.03648434581496421
FAM192A,0.036479684374914396
ELMOD2,0.03647214204510409
PEF1,0.03647054099642325
MEF2A,0.03645868772069777
BLNK,0.03645360210661262
DBF4B,0.036436626571947885
GRB2,0.036432282146294355
ZNF366,0.036429058960852995
SCNN1G,0.03642754680984945
PLIN4,0.0364227429796786
DOCK7,0.036421468174333636
IRF1,0.03642059176334014
KIR2DL4,0.036414118951480716
LOC646762,0.036413267810920864
PCDHGC3,0.03641199084741296
RAB31,0.036401693747584576
SNAP25,0.03639711843780419
CD28,0.03639633397511221
C8orf41,0.036392436036566965
NRAS,0.03637254148053806
RHCE,0.03637093876047303
UPK1A,0.03636144887306331
LILRB3,0.03636096309306267
MESTIT1,0.03636056663459218
OTOF,0.03635913083756007
CYTSB,0.03635110055890992
SLC31A2,0.03634506885195651
TMED2,0.036343480531301306
ZNF443,0.03633061485209769
NPAS2,0.03632220936598046
C20orf24,0.03631782995387301
ZP1,0.0363153438736565
HOXA2,0.03631347249004911
SLC25A18,0.036311195112769375
ZNF395,0.036300559759886004
ALG11,0.03628575092257398
NPTX1,0.03628274977384266
APP,0.036278999985766995
ARMC7,0.03627879975478589
FCAR,0.03627522635391596
TMEM215,0.03626998997068633
ZNF839,0.036266403448166264
NOC3L,0.03626320229372698
C20orf134,0.036262793640463496
LCP1,0.036262412538756665
CSNK1A1L,0.0362504542783143
NPR3,0.03624797909312628
LTF,0.03624680768827494
NCRNA00094,0.03624410141632284
CCDC56,0.03624364956770561
TTLL3,0.036242972127162355
TMEM99,0.03623226611031072
FBXL5,0.03622212490451658
HHIP,0.03621997482232476
GSTA5,0.036213210894497055
BEX1,0.03620772394539678
ZNF518B,0.03620603916989518
COMP,0.036205263854050415
KDSR,0.03620144007695378
C1S,0.03620129987237406
PSMB4,0.03620045852618791
AVPR2,0.036197520626740524
MTA1,0.03619680321678043
KRT38,0.036190005357368896
C17orf82,0.036171614046916746
TATDN3,0.03616982150393063
ZBTB32,0.03616037942294421
LRRC37B,0.03615401405616622
JDP2,0.03613957503608901
FKBP5,0.036135485934709985
ANKIB1,0.03613165432718257
ZNF780A,0.036130548760263545
KCNQ4,0.03613029526172612
ZBTB38,0.036124661049119135
KCNK1,0.03612267119288785
FOXI1,0.036115775556406104
NTAN1,0.036112018838211725
THRA,0.03611163745151689
C19orf28,0.03610675453928046
C1D,0.03610269179436115
MBOAT2,0.036091280147391144
RIMBP2,0.03609067701028018
DEF6,0.03608876568667939
BMP6,0.03608016411404063
EDNRB,0.036079070570355955
CXorf56,0.036075523830072884
AFTPH,0.03606091476935172
RGPD1,0.036055938375575525
CCDC132,0.03605190374094405
NUP133,0.03604735751837565
IFFO1,0.03604030669348329
FCHSD2,0.036033742134196904
PPCS,0.036028243408247125
GBP4,0.0360261340420823
LOC148696,0.03601412725845748
TMEM178,0.035998712887244266
MYO7B,0.035981074780768264
SYT5,0.035976537633279015
USP20,0.03597614137995538
DRD1,0.035974909976277246
CDSN,0.03596442713202432
C1orf114,0.03595216989861416
DOCK1,0.035946601302698236
MAOA,0.03594559337242443
TRAF3IP1,0.03594243291386259
C19orf57,0.03594102892061228
CLCN5,0.03593761816112821
MECOM,0.03593723078450951
LMOD1,0.03593518125491248
TMSB4Y,0.03593215754612168
STK4,0.035928832447817916
PIK3AP1,0.035925034303150055
CDH7,0.035920077334420535
EMR1,0.03591351893317232
ANP32C,0.03591043129598031
ETV5,0.03590351840780507
FAM59A,0.03590215010555584
MARCH1,0.03590074119939286
LOC342346,0.035900337463736554
PMP2,0.03589595353041565
SEPT1,0.03589300357446
HSF4,0.03588927053034832
ZDHHC3,0.035885031830973795
EIF3IP1,0.03588063340273555
A2LD1,0.035880628017268976
EVX1,0.035880558471079245
PDGFC,0.03586057620395305
TSNARE1,0.035856194537345024
CDO1,0.03585427872302655
SERPINB9,0.03585324468257309
RASA3,0.035849647055610875
EIF2AK3,0.03584747083896459
KLHL23,0.035833982053722714
C6orf182,0.035833277863217515
ZAR1L,0.03583225934448406
ARNT,0.035824577360608276
EZH1,0.035821183080150816
NUDCD2,0.03581841318566537
CCDC52,0.035816877669624624
RAPGEF4,0.03581594546325876
ELOVL3,0.03581355218748461
PSMB2,0.03581125352989267
PGBD2,0.035802980873534666
DDX19B,0.035796278388974416
NEK3,0.03579278221711852
NFAM1,0.03578017300755151
RAB11A,0.035776568734990626
BPGM,0.035771600995011844
C21orf122,0.035769238422331054
L3MBTL2,0.03576805749853432
MS4A6A,0.035764658583355056
ZNF680,0.03576465379808779
ZSCAN29,0.035760664777541085
PPP2R5A,0.03575948653916871
MAP2K3,0.03575947495203576
LSM14B,0.035757898291663336
PNRC2,0.03575189341539806
MED15,0.03574963508165982
PRRX2,0.035748615300221845
PLEK,0.03574186345196573
ZNF551,0.03571991280795549
PLEKHN1,0.03571313572669563
SNHG7,0.03571241324893908
CD3E,0.03571238903550563
GPRIN2,0.03570757627587905
STOX1,0.03570421479842272
BCO2,0.03570289578183892
TRIM22,0.03569337847530092
TLR6,0.035687164380839256
JPH2,0.03567657216686956
VBP1,0.035676483738822984
KIAA0040,0.035669792186600206
DAXX,0.03566073772218158
CLSTN3,0.03565935315347882
SRL,0.03565777843078697
PICALM,0.03565611899394148
PRELP,0.035651507961467446
MT1L,0.03565004325705165
HAGHL,0.03564565133208045
TTC14,0.035643038533995475
AHI1,0.035631547927633844
CR2,0.03563109959917048
ATP2A1,0.03563074914658351
INTS8,0.03562662216897185
ITGAV,0.035624955530330335
KLHL17,0.03561673317490169
NKAIN3,0.03561639036324971
ZBTB17,0.035612704223187956
IKBKE,0.0356093771678701
SYNPO,0.03560401411042216
TBX5,0.03559622622970389
PENK,0.03558477783138287
FITM2,0.03558468493785863
LRIG2,0.0355812766106215
RBM8A,0.03558110741179663
TMEM25,0.03556966039534157
MSL3,0.03556566702989263
FOLR2,0.03556378051999392
ARSJ,0.03555605946400695
ERVFRDE1,0.03555466593258434
TRIM58,0.03555250612446197
LCA5,0.03555158476117489
TLX2,0.03554967246409281
UTS2D,0.03554783705267943
ATP5EP2,0.03554772748113146
AMIGO3,0.035542429637803685
CPE,0.035534731773728914
PLIN2,0.0355322813219891
NKG7,0.03553070899661685
ENO3,0.035526837972438795
ZNF607,0.03552587848075612
LOC286367,0.035525489147075394
TM2D2,0.035524841160615876
CD247,0.03551515722592725
IQUB,0.035513048620681234
NCALD,0.0355101129458675
LTBP2,0.03550938248374952
ITK,0.03550654493082593
MPHOSPH8,0.03550603667861509
PCDHGA11,0.03550555795460138
UBTD2,0.035502757725573236
EMR2,0.03549585683285414
ADAMDEC1,0.03549492320562583
GRIK1,0.03549317990640984
UBE2NL,0.03549299014590255
LOC731789,0.03548510055751181
SLC2A5,0.03548506277662774
ZNF416,0.03548089438493526
SLC27A5,0.035478381286664556
RABL2A,0.03547218002692035
C12orf24,0.03546993463476563
SHD,0.03546852805537631
NYX,0.0354675748467574
CCDC84,0.035467471031396955
KIAA1958,0.03546491146264554
CD163L1,0.03546342512565678
CLK4,0.03546337641051138
PTPLAD2,0.03546091461203524
PRR16,0.0354592918794803
APPBP2,0.03545743450979736
MYH14,0.03545102350088674
FAM22D,0.03544085593193338
LRRC61,0.03544005883055006
CTLA4,0.0354337233905785
PROK2,0.0354271277120325
COX7A2L,0.035422493313136016
RBBP4,0.03542206272401542
PCDHGB6,0.03542098367080077
ADCY5,0.035414923163487586
ZFP42,0.0354129999307951
DDX25,0.035412904739815974
ZNF285,0.035411153995053034
ENPP7,0.03540362180589869
C6orf191,0.035391385681561305
GTF2F2,0.03538781449907919
IRS1,0.03537783821923588
PRICKLE1,0.03537772734843442
CFL1,0.03537420657842756
PRR12,0.035371072622401856
PIN4,0.035363321583360335
DSEL,0.03536215198632507
PRSS3,0.03535919803053115
KLB,0.035337388447754914
LRRC52,0.03533625350566234
FBXO8,0.035330224151144764
ATL3,0.03532927616928751
KIAA1210,0.0353285140132177
LRRC59,0.03532347730057308
HOMER1,0.0353147697968598
NFKBIB,0.035306302139443274
HCLS1,0.035297990185735005
COQ6,0.03529526689832304
RPL31P11,0.03529090420414805
C2orf83,0.03529003808300053
ZNF673,0.03528404890816666
MC1R,0.03528306070885814
RASL11B,0.0352706326455893
SMC1B,0.035264359152248306
ST5,0.03525930519039576
RBM20,0.03525686261626879
YOD1,0.03525660162167772
FAM188A,0.03525617512887389
C9orf109,0.03525464150597144
PDP1,0.03524805761430169
COASY,0.03524534371610911
CHAC1,0.03524216093154812
ADRB3,0.03523979670144215
FAM13C,0.035237489215776546
TMEM54,0.03522898553968596
ZNF595,0.035227882190475186
CBFA2T3,0.03522289263186791
SETDB1,0.03522185315460969
OR1J4,0.03522141906469679
GOLGA8A,0.03522108094118114
LRRN1,0.03521824270060114
LOC143666,0.03521472952746388
C1QB,0.03521200969585004
OGFR,0.03520082624593986
STIP1,0.03518553452742773
AMIGO1,0.035184471498831
ORMDL1,0.035176644365508186
DLG2,0.03516614841485705
C17orf67,0.03516197673932555
POLDIP2,0.0351578925873394
MYB,0.0351573276032455
ZNF691,0.03515336302180926
HNRNPA3P1,0.035152691897329495
CCDC116,0.03515148255340445
GRIA1,0.035148658177089426
NAPEPLD,0.03513989676739684
GUF1,0.0351369445415446
ZNF516,0.03513149960405308
CCL2,0.03512245144955111
POSTN,0.03511943546034727
MATN4,0.03511563950250388
SUGT1L1,0.03511440126526029
C1orf58,0.035114343784804256
DNAJA1,0.035109503394664184
NRG2,0.035105230301141675
IFITM4P,0.035097781427308315
DDX11,0.035080268456978786
RIC8B,0.035076833676919
GABRD,0.035064180982719406
NFIA,0.035061406740916526
BNIPL,0.03506009552127313
ZNF200,0.0350554811749432
ZNF815,0.0350548664842225
TNFRSF21,0.0350503061656292
C9orf21,0.03505020698600081
ASCC1,0.03504974641330106
DNAJC5B,0.03504942098119331
ZNF554,0.035042128270201284
KIAA0556,0.03502823737355119
ZNF302,0.03502762512435247
FLT3,0.03501891824280038
CREM,0.035012443046089435
CTSC,0.035003732136895206
MTERFD3,0.03500114892021867
PAQR8,0.03499517819070604
MFAP4,0.03498194585806193
GABRB2,0.03497402449278434
TLR4,0.03496990315937154
AZIN1,0.034968484862158276
POLD3,0.034968368347386675
ABCC9,0.03496812250308673
ORC2L,0.03496126129420377
FXYD6,0.034955524230534815
KIR2DS4,0.03495416435814315
RNASEK,0.034952323625741376
MON1A,0.034950212169159944
GALNTL6,0.034949800680907396
PIK3IP1,0.03494276594229989
COL1A2,0.03493692046240919
RAB2A,0.03493345037312597
C14orf50,0.03493161558457701
C12orf10,0.03492121041950569
LOC572558,0.0349196715772359
ZNF582,0.034916944428775624
CARHSP1,0.034916746678162795
OR2A9P,0.034907423182948115
DPEP2,0.03490579507628251
TES,0.03490452132718333
CDS2,0.034892411244066425
ZMYND11,0.034888808799413376
FAM107A,0.034885284032795505
C18orf45,0.034870179229730895
FAM163A,0.034865230809766445
C3orf62,0.034864692291601954
LPAR2,0.03485543841953116
C10orf116,0.034848089495355145
MS4A4A,0.03484615481570844
ARMC1,0.03484485916951729
CD6,0.034843511576592164
TRIM6,0.03482521197482685
ENSA,0.034824579839672284
TRIM46,0.03482379031192341
LOC729991-MEF2B,0.03482146294910751
SLC35B2,0.03481943989992592
SOX12,0.03481565901827263
YES1,0.034813052578387536
GSTK1,0.03481105515338846
MMP7,0.03479447744035041
TOR1AIP2,0.03479159283533658
INO80E,0.034788444171709704
PAPPA,0.03478122898322661
NT5C3,0.03478055071086046
CXCL11,0.0347763493772906
FGR,0.03477159559698892
SHC4,0.03476324296203786
NGEF,0.03476147303801538
PDGFB,0.0347605332884401
VNN1,0.03475271603422344
CLNK,0.03475256561258449
SRP54,0.0347400295351702
MMP23B,0.03473181292004493
CCL5,0.03472800573767094
C8orf47,0.03472334693708226
AADAT,0.03471993267888921
POU2AF1,0.03471955631516389
STK11IP,0.03471079151360286
NBPF9,0.034704970290474375
PLEKHF2,0.034701124074535364
SNAPC2,0.03469945899606002
PUS1,0.03469527812853906
ZKSCAN5,0.03468221982313584
UVRAG,0.03468025910030494
GCK,0.03467519405628986
C12orf63,0.03467236940188972
HS1BP3,0.034667837488027764
PPDPF,0.034662464670856846
GNB5,0.034661713779303105
SYT8,0.03466077254841964
MMP27,0.034656837858160726
UNC5C,0.03465368415352016
CECR4,0.03464456207343018
RBM6,0.03464432690962777
TPRG1L,0.03462935673364311
WBSCR28,0.03462061804525539
TCP11L1,0.034618883650337134
TMEM97,0.03461528151909331
DCTD,0.034607411649095296
PTRF,0.034607083319944956
PRKAR2B,0.03460382275291965
ALKBH6,0.03460249583091631
KLRC2,0.03460097363648662
CHRDL2,0.03459840118381601
MCHR1,0.03459784283419471
CCT3,0.03459231581002751
LRAT,0.03458715039581976
CCDC80,0.034580384139131067
KCNB1,0.03457969900813369
CLEC4C,0.03457619781083845
CCDC114,0.03457188658174136
SPRY3,0.034564986614279224
OR1G1,0.03456189170100113
TIMD4,0.03455457995762848
NCF1,0.03455368125643051
TBC1D2B,0.03454625527894278
RASAL2,0.03454182888616992
SRY,0.03454137220371316
EDF1,0.03454116438241752
WDR85,0.03454044499557035
SLC38A7,0.034533096099172184
CCL14,0.03452020608884161
HMMR,0.03451780174519564
DHRS2,0.034513819323249394
STAT3,0.03450512962309804
SETD2,0.03450424814328933
ZNF248,0.03450033139976953
CDRT1,0.034494649004792786
DZIP1L,0.03448988160423443
CPXM2,0.034488331686167
PANX1,0.03447429687817984
KIAA1529,0.03447073502064701
RASA2,0.03446314317643653
SAMD3,0.034461971513794515
LRRCC1,0.034457624465458504
PDZD8,0.03445021212888873
CAPG,0.03443043095715659
CBLB,0.03442490831657398
C9orf114,0.034424584037917275
NOMO1,0.03441681692467528
MME,0.034409179176016144
MAP4,0.034405412437953156
CCDC24,0.034395564215138896
KIAA0284,0.03438349992267063
C9orf9,0.03438140440342562
TIGD1,0.03437994144369215
ADAR,0.03436851804990824
C12orf53,0.03436751384603085
FGF23,0.03436016804735566
HSPA1L,0.03435800041270958
C8orf33,0.034349188836414045
INO80D,0.034340993106506436
C6,0.034336472934346204
GPR37,0.03433627833470723
CYP4X1,0.03432354180393069
RAB32,0.03432036815005123
TTLL5,0.034319891840191595
ANXA10,0.034313814826978234
CYP20A1,0.034312021663697116
RNPS1,0.03431028729837065
PEMT,0.03430718261770135
PGBD1,0.0343058239305702
VWF,0.034297328440532016
COL22A1,0.03429647659099492
SIGLEC7,0.03429629770629105
CTAG1B,0.03428940910857981
NR1D1,0.03428756176454225
ZNF683,0.034269709171267135
MDM2,0.0342599619757624
EPB49,0.034258090084369426
PRRG1,0.03425585646822058
DSTN,0.0342558265687447
DDX60,0.034248662162697285
AIM2,0.03424676941790868
KIAA1755,0.03423912774197107
YAP1,0.034236729935801805
NCRNA00169,0.03423636003982506
ADAMTS4,0.03422021967187208
GLP2R,0.03421945981360698
CSF3,0.03417914020131635
STRC,0.034170350873910765
KCNK13,0.03416506171267234
PNKP,0.03416184089595274
RTF1,0.0341602414424106
LRRC2,0.03416011595132118
AFAP1,0.03415940792546371
SGTB,0.03415797360478773
MGEA5,0.034141507651615326
TMEM194B,0.03413605090165859
KIAA1522,0.034135989410729504
AHCTF1,0.034135090056074256
CASP12,0.0341347363086594
BIRC2,0.03413096150977324
NES,0.03412530792125618
GABRA5,0.034121087023174956
SOCS2,0.034118906512050795
PYCRL,0.034113109121814776
C20orf186,0.03410221543696491
TIPARP,0.034100019535557136
NBN,0.034097435069270626
ABL2,0.03409117264636304
NEK10,0.03408802465023314
MTX2,0.03408777379485454
MDM1,0.03408726581815216
C4orf6,0.03408369005710643
KCNJ16,0.034076711099211676
TTYH3,0.0340682980864192
C6orf72,0.03406509280063781
CHST4,0.03405791237110576
TMED9,0.034049554244215643
LRRC4C,0.03404939386273071
SCYL1,0.03404240367995781
CCDC89,0.034041774624907206
BARD1,0.03404043575703258
MAP3K5,0.03402970669666899
CSPG4,0.03402527983639047
ZNF449,0.03401269085861587
MIR155HG,0.03401027956988578
FMO2,0.03400851153059957
AQP12B,0.033999698953557714
SCAND3,0.033991261112162954
MCF2L,0.033989442197715006
RBM4B,0.033987512001143944
PRSS27,0.03398207077306931
NID1,0.03398166263196811
SDPR,0.033978097826639644
ZBTB24,0.0339696117460209
PPP2R5D,0.0339658064174864
FER1L5,0.033956907612996655
AK5,0.03395428988553073
ARL4C,0.0339537827579948
PMP22,0.03394980194237436
MGC42105,0.0339460726099022
EMID2,0.03394276358214364
HIVEP2,0.033939914118983956
NOSIP,0.033934979663731435
HSPA12B,0.03393376453629529
C19orf54,0.03391804266987189
MBLAC2,0.03391463998292657
ZNF506,0.03391279349424858
GLIPR2,0.03391205406924475
EPB41L1,0.03391184769202845
TMEM200A,0.033908351285879774
ECE1,0.03390793082077914
FLJ41941,0.03389830782816472
GSDMD,0.03389624368990959
EDEM3,0.033893553580537965
CDC42EP3,0.03389190885769659
SNTA1,0.03388942852558939
NUP210,0.033880713445070945
COQ4,0.03388007427521871
BACH1,0.033878744521454604
C11orf35,0.033877738583433306
KCNH2,0.03386949426987808
BZRAP1,0.03386776215088751
MAST2,0.03385927172575155
UROS,0.033856486212963374
NCRNA00219,0.03384940677317673
RPAIN,0.033840879264163654
PRKCSH,0.03384004719464411
RECK,0.03383302898095271
LOC92249,0.03383167506371598
MGST2,0.03382937823949369
SPATA5,0.03382766183443145
ADAMTSL3,0.0338164089227379
NOL3,0.03381535992973462
IDO2,0.033808517176070856
KIAA0226,0.033805902389293686
LILRA2,0.03380389155520146
NUP35,0.03380202866917178
CARD11,0.033783571107541134
C6orf64,0.03378312899151923
ZNF699,0.033780047460241366
FRMPD2,0.033774117153534663
MLH1,0.033768629730378634
SPDYC,0.03376824450538217
DPPA3,0.03375851274217498
IGSF8,0.03375066990874696
MST4,0.0337358202399805
LEPROT,0.03373498668889964
OVCH2,0.03372924541252737
DCAF12,0.033727204250101395
BCAR1,0.03372614541983354
FRMD4B,0.033724829673593304
KIAA0146,0.03372382283715136
IFT46,0.033722756033413494
SPOCK3,0.03372115769744697
CHST8,0.03371720871074386
LYSMD1,0.03371372848732423
EMILIN1,0.03369463132603175
LOC493754,0.03369354687138133
TOX2,0.03369337544428943
BEST4,0.033691347229004236
C10orf76,0.03369061128225002
C14orf49,0.03368851842260525
SLC5A5,0.03368817205626264
FAIM3,0.03368157344727859
PHF10,0.03368077362376387
LOC284837,0.033672528184696834
TBCK,0.033667920823997353
NPFFR1,0.03366661593602777
ZAK,0.033663348626353055
MSMP,0.03365952978952387
RNF103,0.033646985462368446
GPR141,0.03364206467695006
MTA3,0.03364004748198016
KIAA0922,0.033637510443122465
INSRR,0.03363491924642145
MRS2,0.03363285414050733
ID3,0.03362362876066955
USP14,0.03361567790904291
CDK5RAP3,0.03361354164369367
B4GALT3,0.03361131486195304
TEX15,0.03360941221643495
PTPLB,0.033607235780560914
FAM104B,0.0336070750340894
NAA40,0.03359891932223382
LY75,0.03358820715066048
TCF3,0.033583622754566084
KCNK12,0.03357874920235307
ABCG2,0.033575122417262196
SLC10A3,0.033574173156575765
C21orf49,0.03357274669118451
PDGFA,0.03356905857072611
TMEM31,0.03356826516547735
ZNF534,0.0335630643087071
TRIM69,0.03356296250635333
LILRB4,0.03356221183718523
RPRD1B,0.0335601376130335
CLPTM1L,0.033556008095957005
HNRNPUL2,0.03355562973043139
FAM26E,0.03355071568440031
LCN2,0.03354992547141312
NAP1L5,0.033544073226860295
PEX19,0.03354273865984503
ZNF454,0.03353922519360825
CRB1,0.03353565669979177
HCG26,0.03352945290982195
P2RX1,0.03352472077693683
TRAF3IP3,0.03351592507466593
LRFN3,0.03351310677327939
SH3PXD2B,0.03351002876478017
SYT16,0.03350298621771881
SPOCD1,0.03350292896270159
UFSP2,0.03350279077743584
PPYR1,0.03350245263704346
ZNF562,0.03349927013243705
PRR5-ARHGAP8,0.03349317228361194
FAM159A,0.03348172454021644
DBT,0.03348056301794005
TRHR,0.03347926141022588
FOXH1,0.033475672915920456
GUSBP3,0.0334741716783433
FAHD2A,0.03347311603109486
NUDT6,0.03347141327691208
ZFAT,0.033471268623817337
NCR3,0.03346393188544102
STXBP5,0.033460478114159344
MPP1,0.0334599036731283
SEC14L1,0.033452001057808094
NMT1,0.03344972552755019
UBE2E1,0.033446338377451944
OGG1,0.03344348685914289
FAIM2,0.03344302865909948
ELOVL2,0.03344196903723497
CAPNS1,0.03343948234919714
CD1A,0.03343558715305247
CABC1,0.033433580359005816
COL6A2,0.0334334019464528
GALNT8,0.03342737335900655
PSMC1,0.03342640743137816
ZNF202,0.03342287006129021
SOCS1,0.03342107766289663
EIF3L,0.0334172937067822
SEPT4,0.03340930139786375
BPTF,0.0334080737636259
PLCG2,0.03340267528860196
SAP30L,0.033401920343859415
HOXB3,0.03339268738279261
LOC284232,0.03338807779813713
NR4A1,0.03338179688294921
GPR20,0.03338045356225179
CPNE9,0.03337438521261489
MYCNOS,0.033373149696728485
KIF5C,0.033369251814052724
CD200R1,0.03336694332481506
ADAM22,0.03334773348958319
TMEM14B,0.03334725811470663
GNL3,0.03333583571726447
TNK1,0.03333443659314696
C1QTNF2,0.03333145346643339
IL23A,0.03332751899219611
FRMPD1,0.0333273365190814
DIABLO,0.03331853179004589
KCNU1,0.03330623543978937
PSTPIP1,0.033296037558034654
AP3S1,0.03328871217880731
TSSK6,0.033282815806901365
PAN2,0.03328244819332665
JUND,0.03327441398900034
SYNC,0.033267680404245284
FH,0.03325716984696769
JAM2,0.033257015049436366
SLC8A1,0.033252413951585874
AWAT1,0.0332523190542654
SEPT3,0.033247779811841065
FTSJ1,0.0332406668934957
HCK,0.03323961874967288
RELT,0.033234854336749366
RFXANK,0.0332224704408905
GPR37L1,0.033216292136762054
MEPE,0.033216194042910464
FASTKD5,0.03320605410520772
H19,0.03320136720040398
STX17,0.03319647518244123
SUMO2,0.03319206924412826
AMPD3,0.03319138078721786
CENPB,0.03318843022795008
ZNF790,0.03318546709938715
CIAPIN1,0.033182472448078724
CHMP4C,0.033177269659561345
ACAD10,0.03317258474469633
RBP2,0.033167804826175165
LAG3,0.03316506776726767
FAM9B,0.03315913074787273
GCH1,0.033154787913512736
C14orf126,0.03315345269865504
MIA,0.033146137294363366
VPS41,0.03313284380268604
LUC7L3,0.0331273289246247
LOC389705,0.03312527681364525
CRYZL1,0.033107105770814486
KHDRBS3,0.033103725827895225
HIST1H4B,0.03310212674864095
SIM1,0.03309940543700899
MRPS21,0.03309903155287881
EMR3,0.03309530917848541
IL19,0.03307744676232348
DMXL1,0.03307356955148818
FAM36A,0.03306841482617135
MFSD9,0.03306787098192917
PXK,0.03306679099049747
SCD,0.03304352946000911
KIR3DX1,0.033030681061247215
C20orf195,0.033029085419846685
ACSBG1,0.03302745963309906
CFHR3,0.033026074418026255
LOC100133331,0.03302585835307435
PRCP,0.033021697070915526
ANO3,0.03302143041401183
ABL1,0.03301174747765336
PLEKHH3,0.0330070715807183
SYBU,0.03299431619384778
CDC42EP5,0.032989173366473355
CXorf30,0.03298902859240217
SNX32,0.03297933281241519
OSTM1,0.032972863725498694
TRIM9,0.03297150050465759
RAB23,0.03296999927728449
FBXO6,0.032967554496510725
FAM98C,0.03296591735247448
ZNF777,0.03296437148242805
CDR1,0.03296234206376313
TMEM90A,0.03296148148874168
RHOG,0.032959544035011355
PDIA6,0.032954086957795205
GBA2,0.032950367744043266
ZNF677,0.0329502181061438
MMAA,0.03295014741315589
CLEC4E,0.03294544423302551
TMEM9B,0.03294539713710509
NMT2,0.03294302995328337
TSR2,0.03293400077519459
ZNF321,0.032931615850993655
SSTR5,0.03293060414297103
FRMD3,0.032919013055623746
NEFH,0.03291595525237491
IPW,0.03291293727044297
ACER2,0.03291017705137611
RIMS1,0.032907652729341305
CADM2,0.03290031102487026
PCGF2,0.032890095444439243
SIRPD,0.03288111615881293
UBE2L6,0.03287971940592801
AKAP11,0.03287640714575106
RGS4,0.03286769465225726
FAM122B,0.032860525195704184
MRPL9,0.03285696519135753
LDOC1,0.03285414395920122
FMN2,0.032845094136230754
SP140L,0.032843110961147746
SFRP2,0.03284248845066757
LRRIQ4,0.03283842319565989
CYP2C19,0.032833949725857764
SLC25A3,0.03283345413824606
SNPH,0.03283265972016034
PDIA3P,0.03283248673803032
GPR15,0.03282399293453719
C4orf19,0.032822476712705266
C9orf110,0.03280713910842631
APOL5,0.032802172564143646
ABCB11,0.032797929260026865
CDK14,0.0327976167818775
EXTL1,0.03279722948359595
HDAC6,0.03277628459831606
CD72,0.032776139117807884
MDN1,0.032772539241719835
SH2D2A,0.0327708600422862
LYPD1,0.0327692654342857
PLA2G2F,0.0327687125842607
TMX2,0.032768451978966426
ARHGAP4,0.03276522876232054
SDHA,0.03274258956792645
PCYOX1L,0.03272989319014481
RFPL4B,0.032726032466033665
SEC14L5,0.03272170824433547
GPLD1,0.0327208452205343
CHD6,0.03271772016753136
IFNGR1,0.032699668485905865
USP24,0.03269542732224183
PCLO,0.03269426655452904
TIGD3,0.03269371452805435
RHOD,0.03269053898307985
PHOSPHO1,0.03268316379896789
TSPAN11,0.03266921220791499
CEMP1,0.03266786642965933
WISP1,0.03266746470897941
LOC285696,0.03266381817402153
EHF,0.03265820283995495
MAN2A2,0.03264433839297464
CKB,0.032644083277480945
GRIN3A,0.03264062185276591
NTN5,0.03263675444192429
FAM3D,0.03263252054446894
PTPRO,0.032630302914779426
CD300LB,0.03262883034142767
GBP2,0.03262038700116769
DNAJC25-GNG10,0.03261550114067968
ACCN3,0.03261486662673455
SFXN4,0.03261441352776795
AGPS,0.03260546949177197
LILRA1,0.03260328121549879
CTNND2,0.03260017112349317
NONO,0.03259884026209879
BUD31,0.032592378273390905
ADAM21P1,0.03258625899489606
HSPG2,0.032585838067936475
RPS5,0.03258549599614911
JAM3,0.03257038360706806
NUDT19,0.03256213127476892
PTK2B,0.03256198248339992
LOC728989,0.03255960416446486
DLGAP1,0.03254989352740195
RNF160,0.03254964908188348
KCNB2,0.03253381434385811
TST,0.032530898477478844
DHRSX,0.03253055497666748
PPP2R3C,0.032527396370526596
HFM1,0.03252127500155538
VCP,0.032516953212850835
BOLA2,0.03251680498790857
WEE1,0.03251548077814559
INTS1,0.03251353524578481
ALS2CL,0.032510116188506945
SLC20A1,0.03250477137679545
TAF7L,0.032484442711302956
TNIP2,0.032480751333278254
LAT,0.03248074167672075
SPIC,0.032480489542679236
SEPT2,0.0324764568485775
ZFP28,0.03247452724634169
PAQR5,0.032471922938727325
KCNQ1DN,0.03246755857557543
WDFY3,0.03246666348005559
SH2D1A,0.032466177869694725
MX2,0.03245889249671492
POLR1B,0.03245852932374181
TFEB,0.032448386684452664
FADS3,0.03244755123441047
CETP,0.03244717872891649
CLEC2D,0.03244119453648492
CDC37L1,0.03243517121346701
SLC25A29,0.03243338475912109
GALNTL1,0.03241942986629793
ITGA7,0.03241797486874147
TMOD3,0.03241584848796406
NCRNA00152,0.03241019849986185
CLIC4,0.032409437690712986
KCNAB2,0.032407813596696644
CSGALNACT2,0.0324041366022031
CFD,0.032401615587226096
OLA1,0.032401487825194475
GLMN,0.032400885101401565
TMEM216,0.032399286938940605
FXYD5,0.03239767307761987
CCDC90B,0.03239677741431441
AQPEP,0.032389129089953984
PDLIM5,0.032387365226912226
LOC116437,0.032382640079136986
ANGPTL2,0.03238206419941477
VAMP4,0.03237454346259736
BTBD7,0.032370963476501126
EMR4P,0.03236963320124539
MS4A2,0.03236398143456552
EGLN1,0.03236132982581975
EPC2,0.032358216550946
C11orf70,0.03235418101913047
SCAF1,0.03235392431991243
TXNL1,0.03234579463225728
ERMAP,0.03234531356521659
C1orf170,0.03234469893930775
GNB3,0.0323443653551786
DDX23,0.03234377796208543
SFTPA2,0.0323432551584286
HLA-E,0.03234100819618564
SNRPE,0.03232438171054127
LOC441666,0.032324301254154766
C2orf61,0.0323201693321662
REXO1,0.0323153515998401
TNC,0.03231457324494933
KCNT2,0.0322926614511873
C8orf38,0.03228919952034924
ZNF669,0.032279001336061985
DCAF12L2,0.03227563171732354
TRPC3,0.03227251693107699
TP53BP2,0.03226723826350733
PPP1R1A,0.03226572797741254
RHOC,0.03225408411230051
GPR176,0.0322528649286295
KIR2DL3,0.03225074740238912
NCF1B,0.032239829762579005
PYGL,0.03223807572968539
NARS2,0.03223522410524812
GRK6,0.03223213206193823
SQSTM1,0.03222863023869344
SMCP,0.032228441031689876
TMEM165,0.03222732650855309
GAL3ST2,0.032224921121651956
TTC36,0.03222379360248757
AP4B1,0.03221618368866536
ABCC2,0.032213520076674634
ALPL,0.032213408968869275
KLRC4,0.03221284098153005
SRPX,0.032212786197407216
KCNA2,0.03221249893881784
ADCK2,0.032212421415838514
SNORD116-20,0.03220059194470062
C11orf24,0.03219788550767175
ANKRD30B,0.03219556619718531
XKR4,0.03219459297781146
PYROXD1,0.032187197229243555
ATP6V1D,0.03218645296013466
SERHL2,0.032186419206338295
EFNB2,0.032170714137827024
FAM111A,0.03217007274719239
GSC,0.03216593964010899
ERC1,0.03216509468887725
KIAA0753,0.03216179247308115
SLC2A6,0.032152961200197394
ABCD1,0.03215156629949376
C1orf213,0.0321424353191596
C12orf61,0.032142299095131256
IFIT2,0.03214157966938296
LOC284233,0.032135786377257294
MBD5,0.03213547320150597
ZDHHC2,0.03213408509764075
FPGS,0.0321328636200447
BCL2A1,0.0321322535351455
ATP1B2,0.032132115151407736
ZNF410,0.032129256699832326
BRWD3,0.032113643374666635
C19orf77,0.03210520776028571
OAZ1,0.0320999076353814
TMUB2,0.03209690800701421
POU3F2,0.0320926760463578
AVL9,0.03208832253424631
SOCS6,0.03208771000555135
SFMBT2,0.03208090948140162
LPIN3,0.032079212062531816
C1orf43,0.03207071887308529
HSF5,0.032067413283054534
HLA-DQA2,0.032065608644758554
CD3G,0.032062144043637046
CLDN14,0.032051431598711176
FAM189A1,0.032050257617199936
ALDH3A2,0.03204702624536966
C14orf132,0.03204506688104331
COL14A1,0.032036534412525915
AFAP1L1,0.03202877328747547
USP32,0.0320280199036649
LIMD2,0.032025719317851774
NDUFA4,0.03202528489550397
FECH,0.03201399165830713
VGLL1,0.032013457871745234
GIP,0.03201186492706168
EDN1,0.03201077289004173
SCGB3A1,0.03200889334513209
MACROD1,0.03200033924424909
C8orf40,0.03199435522788044
PM20D2,0.03199291387464095
UBE2B,0.031988035042833506
C15orf53,0.031978688351252955
LYRM4,0.03197826288253517
UBASH3A,0.031975695299522905
SMOC1,0.0319705672307857
POU5F1,0.031970062862314644
STX10,0.03196747084473233
HAS1,0.031954042455221966
ZNF830,0.03194861721186248
ADAMTS2,0.03194840805089022
FAM185A,0.031943678005205915
PTCRA,0.031942075228536135
WWOX,0.031940804222959196
TIA1,0.03193885032699561
FUT4,0.03193679698117705
PCDHA5,0.03193082949962876
SPTA1,0.03193000877993056
OR10A3,0.03192957191380535
ENHO,0.03192912044565466
TBX6,0.031926145217904926
TMC6,0.031917814811962854
ING1,0.031907072293888415
ABLIM2,0.03190699707362506
TMEM229A,0.03190477043942009
FMNL3,0.03190455154268641
C5orf55,0.03190001749042718
TRIM14,0.03189817374996187
LIPE,0.03188230083403327
ZNF714,0.03187455430493168
MPST,0.03186956477236478
KCNK15,0.03186859287164942
ZC3HAV1,0.03186449660284789
LOC25845,0.031862059593420165
SLAMF1,0.03186149303587548
TTC30B,0.03186097829786546
CLLU1OS,0.031859514839250085
OLFML2B,0.03185418563095828
LSM1,0.03185389392903532
FREM1,0.031850245063513874
RASA4,0.031844280186693996
PYHIN1,0.03183142807141335
CROCC,0.031825551310706655
ODAM,0.031823378320031404
GPR111,0.03182299317002855
RPS6KA6,0.03182072703370648
PDX1,0.031816684957126536
SCFD1,0.03181617711377933
F3,0.031805851809050045
SULF1,0.031791405550087665
SNX22,0.0317818270861589
MS4A14,0.03178102628358278
C6orf122,0.03177526383261264
KLHL4,0.031771605011747486
GMPR2,0.03177043733400932
UBD,0.03176604619739696
CDH11,0.0317569140064969
MT1M,0.031756486726614325
PEA15,0.031753752385801304
GUCY1A3,0.03175305239880979
RBM16,0.031741845738563576
USPL1,0.03174167488349875
CGA,0.03173619692224372
NR4A2,0.03173240911313384
CBX7,0.03172896911822844
CCDC150,0.0317230877986975
CAMKK1,0.03172206432763761
HDGF,0.03171687780512004
CLC,0.03171167107902839
BRMS1,0.03171158136245744
C9orf89,0.03170960022938332
TRPC4AP,0.03170153749451849
PGM5P2,0.031697957258243606
WHSC2,0.03169618226551065
FAM133A,0.03169139413708474
AHCYL1,0.031689582916005515
VPS25,0.0316883250201728
SPARC,0.03168270207911596
IGFBP5,0.031681906450785606
DNAH8,0.03167848221771188
PPM1D,0.03167446602530079
TSTA3,0.031666368350595275
CSF3R,0.031665070992917425
C5AR1,0.0316648042257377
GPR83,0.031660761125764755
CDC16,0.03165872219849111
ZNF574,0.031651915975060244
AP4S1,0.03165177627908878
MICALL2,0.0316471206843576
HES1,0.031645334502476474
ZNF564,0.03164077594184102
GRK4,0.03164026244520614
RBP5,0.03163513293956417
LOC654342,0.03163377163097209
FBXO10,0.03162725705319427
LOC100124692,0.031624693392624886
TNKS1BP1,0.03160771675772125
OBFC2A,0.0316067109058342
RGS22,0.031597144606721646
C2orf43,0.03159524967088253
C10orf27,0.03158985060750256
ROCK2,0.03158747756525536
SPTBN2,0.031586440638469805
TMEM198,0.031584358341333545
FPR2,0.031580474458041456
ZP3,0.031576644522481566
CNN2,0.0315737992234886
WDTC1,0.03157276413266655
ASPSCR1,0.03157172360890763
ZFHX3,0.03156934787228631
BBX,0.031568303689743955
HIST1H4L,0.03156640141663823
GTF2F1,0.031565598816508895
STAT1,0.03156480078234033
KCNH6,0.031562317158747855
CHST13,0.0315622160526291
CLPTM1,0.03156101335186659
MMP11,0.03155547811671835
CAPZB,0.03154293954261978
GLUD1,0.031539067804874754
SP4,0.0315266819682559
TMIGD2,0.03152307677836448
DCAF16,0.03151314918061157
RASSF10,0.03151211746820164
MSX2,0.03150498527532153
PABPC1,0.03150406553146004
MPI,0.03150380717378006
PADI4,0.03150037293900346
TMEM26,0.031498921489844234
TIAM2,0.03149235938749098
ADSSL1,0.03148808354127979
C8orf84,0.031480254752265076
DDX28,0.03147887971761291
NCRNA00099,0.0314762110970051
GGA3,0.03147299028800615
WNT1,0.03146081926319887
HIF3A,0.031450798129164244
CRYBB1,0.031444823469154976
PRDM6,0.031440761950781056
PCOLCE2,0.0314404040049827
C14orf167,0.03143386638021789
ITSN1,0.03142888977833761
BTBD16,0.031421211489032166
MOCS2,0.03141220598768546
KIAA1199,0.03140779426221343
SNX16,0.03139999020049915
HDAC9,0.03139255278246446
H3F3B,0.03138867806936949
SLC26A4,0.03138646420014259
BUD13,0.03138511418146929
ZNHIT3,0.03137755438383691
SYK,0.03137632386765367
MBOAT1,0.0313724423203144
PFKFB4,0.03136827161806666
LRRC33,0.03136763152400898
TMC7,0.03136694596564075
CD8A,0.031360501432342786
SGTA,0.031360147834461304
GALT,0.031354726468664
RCN3,0.031353763391055216
SLC25A10,0.03135100700532585
MYST1,0.03134258163522116
LOC100302640,0.031340592770260065
HERC4,0.031338149354649875
LRRC8B,0.03133020076169968
MPDZ,0.03132968942985103
HSPA13,0.03132876813212861
KIAA1191,0.03132875419898585
C3orf10,0.03132605664800992
THBS1,0.031313564480826624
CNOT10,0.03131035012078756
RLBP1,0.031308226215509986
USO1,0.03130328614297915
CDH1,0.03129347378019998
TAX1BP3,0.031289161986704984
TIMM50,0.03128450675103929
PHGR1,0.03127359032560519
RAMP3,0.03127230529894062
TRIM3,0.03127225712507604
ARHGAP8,0.031271110898214854
FXC1,0.03127004376170506
PPP1R3G,0.03126926020562768
PIGF,0.031264612321209154
C16orf11,0.03125772709282414
LOC153328,0.03125375081815706
C3orf70,0.031240846267932658
SPARCL1,0.031239751530769997
PDE1A,0.031239309037034552
LARP4,0.031232902744369413
CHD2,0.03123066561968172
SLC18A2,0.031226822400667435
SYT9,0.03122526965447091
PPP1R8,0.03121765040089739
NPHP3,0.031215045958533114
TERT,0.031210890153817998
HBD,0.031198300988353626
SOCS5,0.031187887435553646
HSD11B1,0.031183499449286292
JAK2,0.031176599922862994
ZFX,0.031165808963200523
C1orf163,0.03115517884730391
CWH43,0.031152975759453496
LOC729020,0.031151670757566034
ST18,0.031148296227923953
C17orf69,0.031143626345724422
MPZL2,0.031142464344996006
COPE,0.03113615683040006
PTCHD2,0.031134228009008415
FOXI3,0.0311299418196929
TTYH1,0.031125387723574535
PCDHB4,0.03112138538096182
GRAP2,0.031115859250632382
ZCCHC18,0.03111036069474399
APOB,0.03110897814374007
KIR3DL1,0.031108972987942546
SMARCC2,0.031106670152414587
EDEM2,0.031104599000844196
SSTR3,0.031088772120530087
GRIN3B,0.031088307099912955
SNORD17,0.03108495296051949
PTPRCAP,0.03108240866763141
SERINC5,0.031080008587870443
CHM,0.031079590932791775
HNRNPA2B1,0.03107565624841844
LOC100286793,0.03106724326838047
FLJ22536,0.031067167972156157
KLHL12,0.031065963850309977
PTGES,0.03105883733124335
B4GALNT2,0.031048954467934244
LIX1L,0.031045101380843414
SAMD5,0.03104061546352799
ZCCHC9,0.031040370406548282
ACP2,0.031032277629180354
MEX3B,0.031030819571118227
FLRT2,0.031030254270099762
PPP1R2P1,0.031029484838274488
CABLES2,0.031029287221601694
TMEM14C,0.031023936378468918
CSPG5,0.031021007108910984
GUCY2C,0.031009953205574408
PPHLN1,0.03099713123704036
BHLHB9,0.030994149926364407
ZBTB20,0.030993896129024496
LTBP4,0.030992903028321608
ARAP2,0.03099079076222989
HDLBP,0.030989491134016466
MLXIP,0.03098615216569511
PPTC7,0.030986106893275776
RPN2,0.030979219523567896
RNF141,0.030977868234363888
MTAP,0.03097368585823244
TCF7,0.030970114057028365
GPX8,0.030969159813304153
SLCO4C1,0.030967820574581684
STK40,0.030967093971882187
COL6A1,0.030966376073319805
PDCL,0.030966204472146316
UGT2B7,0.030961731787843623
LOC339290,0.030960294902242228
FSCN3,0.03095928330492188
CA11,0.030958593589500438
ZNF470,0.030956490211981786
LRCH1,0.03095566521543779
CCDC41,0.03095541169662069
MKL1,0.03095283014659637
NEFM,0.03095151377124092
HINT2,0.030945506305789804
EPM2AIP1,0.03094292458082583
SCYL3,0.030937551904079832
LYSMD2,0.030936288829353207
FLOT2,0.030936130410961275
ATP6V1F,0.03093315240065257
B2M,0.03092841328681825
CRP,0.030926271722679963
LOC284688,0.03091988029494941
DOLK,0.030913625725976192
PHF21B,0.030907477785839615
C14orf139,0.030906709698524323
GALNT1,0.03090420733571519
LY6G6D,0.030903334364772626
ART1,0.030899651983423485
SLC26A5,0.03089386074299872
PTK7,0.030893072451374553
KLF15,0.03088762559183223
NPDC1,0.0308769105017103
C5orf47,0.03087314608235234
CMYA5,0.030869513980509192
ADCY7,0.030863215033308647
POU2F2,0.030859084979914495
KLRD1,0.030850498478387348
MUL1,0.030850367979648918
C20orf54,0.030849372524609366
B3GNT4,0.030845196765452464
RNF175,0.03083751277386927
LYVE1,0.03083622951156931
PCNP,0.03083335618640084
CXCR6,0.030833047382556315
C19orf60,0.030830195139393824
MMP8,0.030828133918502237
DLX4,0.030827794819267878
DIO3OS,0.030826891477100625
N4BP1,0.030821833485173457
TCF12,0.0308215081539951
C13orf33,0.030815603751030724
SEPHS2,0.030811625941833214
IFNA13,0.030802794977024497
HSD17B14,0.030796167287737056
CALU,0.0307932482156667
AMFR,0.030793177726642102
FLRT3,0.03079289857132887
POLR3G,0.03079021418085652
CYP1A2,0.030790166250038633
PMM1,0.03078822611275438
PSME2,0.03077403849917414
PSIP1,0.030765445730809162
NLRP11,0.03076230753650145
C6orf222,0.030756268859051358
SBNO2,0.030750001846005546
TTC39B,0.030748003926893728
SHANK1,0.030746147133858367
CCRL1,0.03074574409394164
GPC5,0.030739769073959207
GPR114,0.030736703803856007
SCNN1D,0.03071991378020532
CEACAM7,0.030717746964544882
GPT2,0.030715220721518135
CDK13,0.030712033321441762
NDUFA8,0.030709930689818744
CES2,0.030705570344350647
WAPAL,0.03070035772833834
PRDX5,0.030698944539337494
PRSS22,0.03069784667810078
C17orf65,0.030694229100713274
GATA6,0.030685867666935165
NMI,0.03068413591969455
TTTY14,0.030683902786161375
MORN3,0.03067365623974803
MRPS2,0.030661709145571144
LSP1,0.03064588580287593
LRRN2,0.03064549516322339
LOC100130238,0.030641893565879375
WDFY1,0.030638167063026408
FBXO33,0.0306213817405626
CEP350,0.03061974348021768
ARHGAP25,0.030616666275877273
IDE,0.030609231826203835
DAZAP1,0.03060871595583895
ZDHHC15,0.030608672914083163
GDPD4,0.03060811495760885
GPBP1L1,0.0306080974828595
ZNF667,0.03058067975141566
GJA9,0.030577481213366512
FAM111B,0.030568361780221688
GALNT9,0.030567958579715365
PHF19,0.030567369165897702
LOC400752,0.0305624999419807
GPR108,0.030561438994999055
KCNK3,0.030558327546503665
GPR157,0.030555612476152724
SYNGAP1,0.0305529245371957
GFI1,0.030551306806453092
TTC32,0.030537057481772985
ILVBL,0.03053235634254762
TXLNB,0.03052962453777829
LOC285456,0.030527692089021143
MCTP1,0.03052177654555623
RSPRY1,0.030514120116305755
KIF27,0.030513668369330477
RNF34,0.030511932671279187
FLJ44054,0.030509657321876212
WRN,0.03050300670633815
AQP6,0.03049993773999832
FAR2,0.030495725306050655
ANKS3,0.03049497730639206
APOL2,0.030491553694328394
CYB5R4,0.030490694996615657
ADAM9,0.030479614388840618
ITIH2,0.030479448469838293
LOC100132832,0.03047769192133993
NNT,0.030475404370604656
GLA,0.030474731004302587
GNE,0.03047337778295426
HCFC1,0.030469252891748004
ENAH,0.030466668402208862
SLC16A2,0.03046631238979343
GRIPAP1,0.030463762465895963
HSPA4,0.030454872351561472
CALD1,0.03045239736691461
TOMM34,0.030444717930954095
SCGB3A2,0.03044422022919239
MCHR2,0.030434317555912343
MRVI1,0.030433961927398834
C9orf95,0.030423803062054475
PITPNM2,0.03041883627718531
PXDN,0.03041443713513081
PDE6A,0.03041365633691323
STK16,0.03041180525434531
FYN,0.0304075807068656
SART1,0.030404471986901077
CYYR1,0.030401668979533298
GPR146,0.030390947898020923
SYDE2,0.030384504417968517
EMILIN2,0.030375100738047587
OR56A3,0.03037399428287027
SELP,0.0303727938228682
SMTNL1,0.030365634955741218
LRRC46,0.030350786619216887
DDX52,0.030350399434127803
RGPD6,0.030346262317992364
KCTD9,0.03033072817004358
SCLT1,0.030315653590675475
PHF21A,0.03031472615561035
HDDC3,0.030310789651284635
FLNA,0.03029465226911866
PTGIS,0.03028571955712694
MC4R,0.030280089398571814
C10orf122,0.03027982654673783
CABP1,0.03027855236271521
BNIP1,0.0302767648252891
SPRED3,0.030276419885322984
KLHL38,0.030267962281107234
OMP,0.030264317148994538
OLIG1,0.03026208077395903
ADSS,0.03026043357864656
EHD4,0.03025828148765055
ASB16,0.03024633983076733
IL22RA2,0.030246152183985176
CCDC142,0.03024156994928672
AIPL1,0.030240251127023453
MFRP,0.030240191816435644
IFIT3,0.030235588248577444
ZP4,0.030233861081497518
PTPRR,0.03022244599318897
CMTM2,0.030218567758055776
CACNA1H,0.030215120093599963
SLAMF7,0.030212918550602996
ACRC,0.030212807272633223
PIK3CD,0.030210400333713208
SNRNP200,0.030199862711923826
CHURC1,0.030194546483758657
REM1,0.030188530792140303
PIGG,0.030182554393854873
ABLIM1,0.03018133469061617
SH3D20,0.030180773514281882
COPS4,0.030178476586122587
LILRA4,0.03017598858661992
LDHD,0.030166104812390366
CDKN1B,0.030165133841669974
MYH1,0.030164301465418798
ZNF823,0.03016152908467173
BHLHE41,0.03015799256659653
AICDA,0.03013759060552572
WHAMML1,0.030135965759165
SIGLEC15,0.030133928596983762
ZNF664,0.030128213902967146
CCNB3,0.03012333770236968
GNL3L,0.030116618234215707
SPIRE1,0.030106668533198183
RAB33A,0.030106465107886934
PPM1H,0.030103844136031194
CASP9,0.030102749761022615
DNAH1,0.03009922715495421
SCARNA17,0.03009591977008905
FAM123A,0.030094255994077054
NCR2,0.030089875420389593
PARP16,0.030089592430571712
SOX18,0.030086908877276025
KIAA1644,0.030086469754191877
PRKACA,0.03008484455882952
LEMD3,0.03008437032939702
YWHAE,0.03007588960276048
ERI2,0.030075194360084115
C19orf26,0.030067212180387236
KCNK10,0.03006681096711251
PLXNA4,0.0300622490955372
KLHDC10,0.03006203614439747
GPR12,0.030059189515374236
RANBP3L,0.0300564205338538
CYP1B1,0.030045991737165646
ZNF853,0.030044400036837733
ALDH18A1,0.03004289224274168
CDC123,0.030041908343645615
UIMC1,0.030037316905308864
USP15,0.030036909417007884
IL25,0.030034711812139594
GNB2L1,0.030031045997156787
P2RX7,0.030026391518615872
P4HA3,0.030026305377306134
ARV1,0.03002525053778504
FAM127C,0.030020800381717887
TBR1,0.03002074975101745
LOC728392,0.030016396993438305
YSK4,0.030016173806370835
GPR31,0.030008591146519235
FAM150B,0.030004188638285204
MGC12916,0.03000278831378305
POTEF,0.029998567301966136
ABHD15,0.029993267633188776
PIGA,0.02999308428412566
HOXC4,0.029990242861980605
PILRB,0.029987826389552347
ICOS,0.029987698007457226
ASNA1,0.02998753964262697
USP42,0.02998586752352844
C11orf51,0.029980350922350324
ZNF628,0.02998021365840259
HIST1H3I,0.029978758308066168
XAGE2,0.029977909856523027
N6AMT2,0.029972302801674136
SLAIN2,0.02996059775105211
ADRB2,0.02995663472904501
ULK1,0.02995631174284767
ZNF157,0.029954755525212835
FUBP3,0.029947344276707404
SCG3,0.029945680304870794
LTA,0.02993767319992269
ABCD4,0.029932431950128492
DNAH9,0.029931114292018203
PTPN6,0.02992995419530249
SGK269,0.029929465303248373
POLR2I,0.029926225952684956
CYP4Z1,0.029924667053827927
FAM96A,0.029917238948247073
DRD3,0.029916280073758805
LZTS1,0.029902996831052322
SEPHS1,0.029901356618031248
DKFZp686A1627,0.029900860363465818
C8orf74,0.029898918234249297
KCNC3,0.029898275944808844
C5orf51,0.02989682947992953
C2orf27A,0.029888731758594404
OTUD4,0.029886168958388987
ZNF662,0.029878365894792702
RGL4,0.029877124600234523
RDX,0.029872660438319945
AGPAT1,0.02986823049506414
BEND5,0.029867335000463718
OXCT2,0.029856401590880148
VAT1L,0.029855314595165095
PLB1,0.029846647404576373
ABCB10,0.02984464594381012
IL16,0.029842240476858597
NR0B1,0.02983397869866156
LRP11,0.029832160292186317
PRSS36,0.02982349511698659
LCT,0.029822915789880087
MRPL12,0.02982244702849879
SNAP91,0.02982195896226906
ZNF821,0.029820909688703896
KCNK6,0.02981563728167081
SFTPC,0.029803301325934926
RCE1,0.029801342468700805
AOX1,0.0297997752985148
C21orf71,0.02978717770358981
SELK,0.029785070718837993
NEU4,0.029779790104128883
SIRPG,0.029778964449346686
LOC100129534,0.02977772536748063
OXT,0.029775400591926984
CD200,0.029773245799109106
C4orf46,0.029770444446483735
C19orf23,0.029765765011397438
C17orf96,0.029760904607212587
NAMPT,0.029749200639931427
ATF6,0.0297437341367682
TBC1D9B,0.029743612171688045
PRR22,0.02973744408005213
TCTEX1D1,0.029736452268770888
SIRPB1,0.029736000469255727
DARC,0.02973535197868557
KIAA1279,0.029731732051209443
TGFBR1,0.029730887881675945
FAM71E1,0.029730842276761895
IQCJ,0.02972574721021212
LOC389634,0.029725386049580204
CCDC28A,0.029715390533751926
CD99,0.029710487986366947
GAS6,0.02970554466883973
AKR1D1,0.02969510747296232
PTCD2,0.02969363264749229
FAM136A,0.029690774578359367
SMC1A,0.02968629884230253
GPATCH2,0.02968268430651968
MID1IP1,0.02967940979366091
OTUD1,0.02966758767864778
NIF3L1,0.029665651697799604
HSPA1A,0.029652255825818236
TAGLN,0.029647185072059205
DDX53,0.029645395172135276
USH2A,0.029637845496115173
PHF2,0.029633190791396823
FAM109B,0.029631372951597183
CEACAM3,0.029631086806196076
LNPEP,0.02962412692966508
SAA4,0.02961157212311184
RABAC1,0.029600449462933373
SFT2D3,0.029584163806294767
GMCL1L,0.029584077740839855
RGS18,0.029582331204783433
USF1,0.0295818484022884
NSUN5,0.029577932334052693
RNMTL1,0.029574188102621458
PI4KA,0.029563630221863237
STON1-GTF2A1L,0.029561211965232915
ARHGAP22,0.02955834025019913
APH1A,0.029555374004660174
TUBA1A,0.029555231173284787
MRO,0.02955235697900146
ATP6V1C2,0.02955109958920466
GRASP,0.029549670775545007
NDUFV3,0.0295460806337032
FAM116B,0.029544317402935335
GPR17,0.029544114962503268
GP9,0.029543255838136207
FBXO18,0.02954238257206449
DEFA1B,0.029538064826161704
REXO4,0.02953446293253791
GATAD1,0.02953322411928795
CA8,0.02953158628075069
TBCE,0.02952339730721387
C9orf98,0.029521482813634915
C2orf81,0.029513572650611074
RPL13AP6,0.02951276171701889
CDC34,0.029511523988438298
NOVA1,0.029507163778440884
HSP90AA1,0.029499408548837813
LOC100134368,0.029495792841758243
DDX5,0.02949349663920653
ANTXR1,0.029491761338117026
KIAA1826,0.029491618536447977
NBPF7,0.02948711775214236
RFFL,0.02947931143306954
SF3A3,0.02947557103690801
SCN4A,0.02947500049392574
TM9SF1,0.02947248953310488
DISP2,0.02946925144588707
LAMC1,0.029468387123248504
C2orf74,0.029466180583156736
CCDC43,0.02945972354664473
EBI3,0.029447827322665376
KHK,0.029437468629994346
KRT36,0.029433956071102135
MAGOHB,0.029429252834991367
HSPE1,0.029423631836345655
NANS,0.02942060985728534
COX5B,0.029419407350957542
MMACHC,0.02941690214463548
KLF9,0.029416477048504187
CYP26B1,0.02941196255008147
SSU72,0.02941097410408739
U2AF1,0.029407603003417958
AK7,0.02939931058861915
ZRANB1,0.029398608335649733
C1orf172,0.02939483104857854
RARRES2,0.02939356584287549
TCEB1,0.029389020596081155
SLAMF6,0.029387944673995425
USMG5,0.029387327203213028
C11orf83,0.029385344174443308
ZNF296,0.029367797782439746
PRKCG,0.02935485418484394
TOR1A,0.029353097510694745
SCRN2,0.02934608935712747
C1orf35,0.029340413660509507
WDSUB1,0.029340174364452812
CFHR1,0.029333354211298488
RAD1,0.029329470981215137
EPHX1,0.029329065504522314
SYCP2,0.02932842242650107
SLC5A4,0.029326953397622448
LIN7A,0.0293183230020372
FAM102B,0.029306202916965996
CCDC60,0.02930347714445506
LOC653653,0.02929653606857525
TTC28,0.029292109555908885
TM4SF20,0.029285035129078648
ADPGK,0.029283404894395994
CAND2,0.029282051547656795
ARNTL,0.029279611327021355
C13orf18,0.02927749697029306
GTF2E2,0.02927611060240778
LOC285359,0.029275344975466494
UBAP2,0.029275274118289202
DDX54,0.029271183610275118
TRPM4,0.029265166274215174
FGD3,0.029261832510083297
BRMS1L,0.029257890876638687
KLHDC8B,0.02925756939319976
MRPS27,0.02925340710351633
FAM26D,0.029252614479568357
TREX1,0.02925022339094127
LOC285733,0.029236842360509472
CLDN11,0.029218837778907457
BNC2,0.02921137412947018
RAD9A,0.029210726581070694
ADAM21,0.029207398049074282
DAZL,0.02920229647539187
SSBP1,0.029199911560507046
BCL10,0.029199189804708554
MARCH6,0.02919669185211764
ZNF286B,0.029195964449031227
DKK2,0.02919228235033996
FURIN,0.029188306733485915
PIGH,0.029182707664210578
SCARNA9,0.029182413592238172
WDR52,0.029177288996807996
C1orf182,0.02916176021244616
TRPC4,0.029152574449130855
ANKRD52,0.029150123533192466
CRIM1,0.029149058725294007
TAF1A,0.029144271199402515
SETDB2,0.029140543756700943
ZIK1,0.02914047827306786
HDHD1A,0.029139688328108555
DNAJC11,0.029137553021308875
HEYL,0.029133654019912428
ZFP3,0.02912600770858711
INPP5J,0.029123083615232113
HIST2H3C,0.029117578051913905
COMMD8,0.029115760361525796
CAMK4,0.029115057855855296
MRGPRF,0.029103730853136625
PRINS,0.029102145054980842
PTCH1,0.02909924292145424
ZNF292,0.02909835828600932
UCKL1,0.02909592507103477
MTHFD1,0.02909293640703769
LILRA5,0.029087922016003298
CAMKV,0.02908433896307195
MS4A7,0.029079233677238456
TPSG1,0.02907560626695253
RAB11FIP3,0.029070162909392367
ANO7,0.029069184837490665
MURC,0.029052910490967917
MIAT,0.029043761406541965
NHLRC1,0.02904340199810246
MKRN1,0.029037448595780516
CST2,0.029034053189393963
CD209,0.029028451813791996
DDHD2,0.029017493452842054
FAM26F,0.029017394844884227
GUCA2A,0.029012921455312445
OPLAH,0.029008220201369977
DDHD1,0.02900375075546285
IL29,0.028999538174443843
PTPRA,0.02899030691317507
GDAP2,0.0289854614803864
TYMP,0.02898403019820901
LOC100130987,0.028983429115176144
ZNF266,0.028983153614603206
C6orf132,0.02898081056760331
OR51E1,0.02897774290141426
COX4I2,0.028977217283288104
CLEC18A,0.028972285087008633
SMYD5,0.02896740426445528
PUS10,0.0289627630689712
TRIM62,0.028962033609806998
YME1L1,0.028960218346938932
LOC285205,0.028952224185942184
RANBP6,0.028951995427501626
DDIT3,0.028948589781835777
TTC18,0.028944897032990812
CPNE1,0.028944355623576543
ZMPSTE24,0.028941621331364884
TP53RK,0.028940602710184248
LOC728819,0.028929495197338922
PCSK6,0.028921341516471053
HAAO,0.02891362165432362
STATH,0.02891231566369919
C9orf156,0.028909586532607175
MINA,0.028899819275079786
NCRNA00119,0.028898895650846388
ACBD6,0.028889971705318623
KRT40,0.02887961257433255
MAST3,0.028871864546487058
CACNA1C,0.028871792789311256
ST7OT1,0.028869472917273348
CAMK2D,0.028869441747437975
UTP3,0.028866178764378074
LOC285954,0.028854113264411653
ALG9,0.028848884819154957
ZNF3,0.028847237921285903
ZRSR2,0.028818911073322795
DAD1,0.02881814048010679
GATSL2,0.0288151683863878
C10orf47,0.028813465836531955
APH1B,0.02881330044660808
HP1BP3,0.028810382032172475
IQGAP2,0.02880028796343868
LOC728875,0.028798644085540854
MYL4,0.02879799220605549
PMS2L2,0.028791939865900965
ODF2,0.028788022910867895
RHEB,0.028783932102653283
STRA6,0.02877926866999453
JKAMP,0.028778972931308527
ZNF687,0.028769096019586923
ISM1,0.028758549459995585
CORO2B,0.02875439124681855
KLF6,0.02875367422875689
HSDL1,0.028748748336513773
DAB2,0.02874768401433178
SLC12A9,0.028733361139473355
ITFG2,0.02872831314593013
ADPRH,0.0287268180415807
SEC23B,0.028725568062699484
BAIAP2L1,0.028722546338325453
CCDC104,0.028714337448466607
VPREB1,0.02870761672992758
CD22,0.028704011008182623
LOC442308,0.028703125169060803
MYBPC1,0.02868869733563758
TRIP12,0.028679174946996382
FAM124B,0.028674138018415465
SLCO1B1,0.028671017965491152
GARNL3,0.02867085216731443
LOC728640,0.028669660132355484
CC2D2B,0.02866768037134794
DCP2,0.028662600505192887
GLYATL3,0.028661959175304223
TMEM184C,0.02866101283528666
RBM10,0.028656497259412668
UBE2Q1,0.02864951605481329
COX7A2,0.028647316731421
ANO6,0.028644163850477217
NDP,0.028641672811005832
HNRNPH1,0.028641410132277785
FAM134C,0.028638798362913713
SLK,0.028638384304819825
FAM134B,0.028635708624347896
LZIC,0.028630383048108197
RHD,0.02862309239761258
KCNE2,0.028620021529424063
ZNF655,0.02860092116860154
LOC440957,0.028600684057212823
ISCA2,0.02859883081301506
STRADA,0.028593410681213623
C11orf80,0.02858321549114775
SLC6A1,0.028576292029280793
ZNF259,0.02857601289908048
TMEM52,0.028575017435640122
LPAR1,0.028574878951468315
ZNF445,0.028564975356596054
MRM1,0.028562069316535793
ALMS1P,0.02855646396776932
NTNG2,0.02855599178925759
NKD1,0.02855584423568439
KLF7,0.028555599246662934
MRPL50,0.028555140964032805
WDR63,0.028550511963802813
DLX3,0.028538644811235667
VMAC,0.028538346463167247
ZNF561,0.02853775629464364
NRIP3,0.028530730214396845
ISYNA1,0.02852234270961404
FCN3,0.028520745293728986
SEMA3C,0.028517062590455552
UBFD1,0.02851347759156057
PPP4R1L,0.028513017821960685
QKI,0.028510627977697958
SLC35F5,0.028502542789640106
STAB2,0.028495625874637835
PCDHB2,0.02849284428413013
CCR3,0.028486534683665143
KIAA1530,0.028483455782209746
LOC401588,0.02846562031640994
VWCE,0.02846551170907238
ASXL2,0.028459021954723704
ZNF580,0.02844810482628063
C13orf1,0.028447637761741428
DCST2,0.02844708573167461
C14orf73,0.028442266756269628
PBX2,0.028436867945216188
SUPT16H,0.028434491317749753
ADAMTS5,0.028423260569802
ERP29,0.028421888809826962
CCDC85A,0.028421781061408368
CRLF3,0.02841462994150779
BTLA,0.02841007982081933
MRPS9,0.02840745897292963
SIGLEC16,0.028396725058983812
TDRD1,0.028385030605474634
CYP17A1,0.02838424078518818
FLOT1,0.028376305414194083
CXXC1,0.028374858699078163
C9orf6,0.028370232688239173
TMEM8B,0.02836449001113538
PFKL,0.028361661991235517
IL7,0.028356311490433158
KRBA2,0.028352467283631826
LOC441601,0.028349403674742493
C21orf58,0.028342400265989037
SH2D6,0.028328557568706357
NOXO1,0.02832818465359556
SCN8A,0.028328095733813473
RPLP0P2,0.02832416834541028
GALNT3,0.028323165267278443
ATP1A1,0.02832073987161242
C7orf36,0.028320140370184002
SNX7,0.02831919901879614
PAIP2B,0.02831178322116219
TARP,0.028311162178010524
NDUFA7,0.02830017457513537
KIF19,0.02829663467226321
GTSF1,0.028288643333251647
LOC100216545,0.028286578803051098
VGLL4,0.02828200233930747
SPATA20,0.028275779441927478
DUS4L,0.028272505291936225
TYK2,0.02826952164683368
HIST1H2BC,0.02826706491146527
OTOP1,0.028264881970578165
DGCR10,0.028263934193033746
EVI5L,0.028263886927429357
UQCRHL,0.02826386844477793
CALR3,0.028259577373121705
WNT10A,0.02825513057070802
CASP7,0.028247124773197983
C7,0.028245182315652498
ZNF408,0.028240709851163153
IDO1,0.028238258689249136
TCOF1,0.028233535236447685
NME4,0.028233212433718118
TM9SF2,0.028231927280431356
EMD,0.02823184415243072
CLEC7A,0.028228340965989692
FLJ37307,0.02822122927248785
ARPP19,0.0282176324707413
NUDT14,0.028215374015065454
RAB26,0.028214171898529077
SMARCD3,0.028206910121974915
ST14,0.02820416041611589
LRRC18,0.028193955328500463
DUS1L,0.028193810338381187
ACER3,0.028193396086720005
RHBDL2,0.028189031870396137
CCDC63,0.028188821826051112
FAM65B,0.02818421971649879
PDE6G,0.0281821148276642
DHDDS,0.028182028386211387
COX6A1,0.028179237051830064
MRPS7,0.02817810957397124
C7orf63,0.028170381455691968
MYBPC2,0.028167295272083098
NPY,0.028145557275086094
SIGLEC14,0.02814545057587295
RPRD2,0.0281452250935202
MRPL45,0.02814432177827578
SBF1,0.02814404840093599
ZG16B,0.028141559639821737
HIST3H2BB,0.02814148478629587
ZNF174,0.028131238273099865
ZNF573,0.028126660776234897
CLEC9A,0.028121374205835062
ZNF605,0.028117814021355672
KIF2A,0.028117101595819944
KLHDC3,0.0281161084672495
TAS1R1,0.028116060100028734
NCOA6,0.02811053553962253
SEL1L,0.028107995615887022
IFT172,0.028102125523306702
C18orf1,0.028090151296707912
OSR1,0.028089680162875108
SIPA1L3,0.02808565112144881
CCL21,0.02808337197256217
CYBRD1,0.028076049972881698
PCOLCE,0.028075848128344866
CCDC151,0.028072988856341973
GLTPD1,0.028068123708880784
C3orf66,0.028061119845098043
CADM3,0.028058807118475918
CTSK,0.02804804625642871
FEZ2,0.028045453818972214
KCTD16,0.02803126479366058
HAND2,0.028030324748585026
MOCS1,0.028025215021313322
KLHDC8A,0.02802024502694606
GPR18,0.028012251699779174
GNPDA1,0.028011457933064934
CPB1,0.02800683854379514
FAM86B1,0.02800291504276023
PSORS1C1,0.02800268887372569
ADAM33,0.028000066737022093
LOC723809,0.027995194384723913
OR52N5,0.027986875194024884
CXADRP3,0.027982645599822782
DGCR2,0.02798114725620349
FAM120A,0.027979551467296207
SCN4B,0.02797677593189066
RASAL1,0.027976481235281774
MTSS1L,0.027975617207592215
MRPL41,0.02797203308165178
CLK2P,0.027968521573174258
FIBCD1,0.027966496952614064
PROC,0.02796407681329886
CCDC148,0.027957560790381215
SIK2,0.02795717172065479
GGA2,0.027955171655306213
C2CD4B,0.027955007521566006
CENPV,0.027954120062383816
SLC2A14,0.027949061484212664
ALOX15,0.02793740403806552
SLC2A3,0.027924876855559735
PGCP,0.02791724707079266
ZNF805,0.0279159096214266
DTX2,0.027914735278613354
LOC100132831,0.027912296917124015
IL28B,0.027905738026181674
UBE2A,0.027902673004638355
ETF1,0.027897395213768644
METTL12,0.027891662642297362
SLC17A8,0.02789157791061051
NCRNA00052,0.02789089225935664
MPP3,0.02788571286569146
RAMP2,0.02788074954798885
MARVELD3,0.027880438892471205
GPR89A,0.027877400930560868
LLPH,0.027874323458226487
PAR5,0.02787374666204804
C17orf104,0.02787214212966636
FBN3,0.027865551940113264
PHTF2,0.02786147170534654
CSRNP2,0.027860788626990516
CDK10,0.027860701013243044
CRTAP,0.02784699796267254
RAGE,0.02784164921341969
POLR3A,0.027836496873802272
ZNF431,0.027835982711827283
SLC35D1,0.027834202161638823
?|553137,0.027833334023738193
TMEM120B,0.02783288851608972
PARP6,0.027830719434182024
ST8SIA6,0.02782978828988452
ZDHHC14,0.02782909635851363
WNT8B,0.02782841581500131
AEN,0.02782590324607645
LOC100128822,0.02782415319698062
KPNA3,0.0278189594024404
CAMK2B,0.027811789808500454
CD59,0.027811007190856
GUSBP1,0.027809705072138875
CD96,0.027809090849767883
HRH4,0.027802146716571184
C19orf42,0.027800525065404376
COG3,0.027796998061329962
TDRD9,0.027793714010516515
C2orf79,0.02779250754067944
MORN5,0.02779121587071576
LOC283999,0.027790069470669306
LOC219347,0.027782200347626435
WDR8,0.02777919414560505
FAM128B,0.02777785499738434
KIF26B,0.02777404828114067
LILRB5,0.02776780414428525
FASLG,0.02775636239054356
NENF,0.02775404808200733
MAML3,0.027750247478818813
ADAMTS12,0.02774951752076801
PLEKHM1,0.027748789377947062
PRKD3,0.027747448193530585
C17orf86,0.027743812267997936
FDX1,0.02772840281225271
C19orf36,0.027719612764912006
SPINLW1,0.027714830931046455
DPPA4,0.027702905914973017
WFIKKN2,0.027699753207332888
DSCR8,0.02769911168634411
TAF7,0.02769316315642223
C2orf40,0.027689473412117804
NUDCD3,0.027681075153029797
ZBED2,0.02767870740669827
PIGO,0.027674696321969693
NUDT17,0.027674302709016104
SLC44A2,0.027672993313693894
ACSS3,0.027670182221081443
CDC14B,0.027666948062247412
AK2,0.027658796030103277
LOC90586,0.027648498263863553
EFCAB6,0.027639862368562203
ERCC3,0.027639513144300992
CA5A,0.02763744736108692
AMMECR1L,0.02763317137719074
TSGA10IP,0.02762961634790022
PRRX1,0.027629525441208305
FBXO3,0.027620109302353875
CD40,0.027617648659284087
NAIP,0.02761493502958561
TDGF3,0.02761485888736507
RAB39B,0.02761397822808559
SIX3,0.02761185698186457
SLC23A2,0.027607904798720252
PDP2,0.027607694230571595
RGS19,0.027604585098646158
NPW,0.027604007718274932
YRDC,0.027596535624378953
ZNF611,0.02759379740765179
TRMT112,0.027583874743705314
FBXO47,0.027583651561063304
PRPH2,0.027581050899910697
HDHD2,0.027579489095943474
IGBP1,0.02756821609414261
C20orf43,0.027562832924707382
PLCB1,0.027562119388915764
FOXL1,0.027559520120487454
C5orf62,0.027548528170244554
SMARCE1,0.027546293439465755
WDR74,0.02754562926068337
TMX1,0.02754241428956706
MASP2,0.02754066226684916
INSR,0.027539013939176026
EIF3A,0.027534957988548752
CCT6B,0.027533022803561364
EHMT1,0.02753205996251081
LOC200030,0.027531554776384495
HEPACAM2,0.02752153124019485
SUMO3,0.02750759443304356
ASB5,0.027504443826923398
SERPINA6,0.02750233023281507
MRPS16,0.02750136945290966
POP5,0.027491651908055408
LRRC43,0.027480061773399494
PDE5A,0.027479424070591313
TPM1,0.02747570157216963
ENPP6,0.027475607705766153
AWAT2,0.027472871433080387
PAR1,0.027471288758163067
DLEU2,0.027470650885148103
S100B,0.027470108446466034
MRPL19,0.02746462364799495
KCTD17,0.027461755073277996
ABCA10,0.027457509641909846
ATXN3,0.02745439461469969
CD8B,0.02745122459028626
PIP5K1P1,0.027445228316924544
INS-IGF2,0.02743658908335117
RAB6A,0.02742708611167526
LOC440944,0.027425451991410117
SPG21,0.027410315109076187
THAP9,0.02740899687748801
SNX10,0.027407367978884167
BAZ2A,0.027407241128946186
POU2F1,0.02740621358015539
HOXA5,0.027404101794866718
ADAMTS3,0.027403997755016462
CLEC4F,0.027403392712984066
ABTB2,0.027401636775751036
LEMD2,0.027397500564252587
MAGI2,0.027397289918511657
PCNXL2,0.027392811586836385
PAGE2,0.027379510522726917
COL9A2,0.027376544801390658
PLAGL1,0.027372803564802616
ZSCAN5B,0.02736838786894149
C13orf30,0.027363090980852815
C17orf95,0.027361013879877518
TLL1,0.02736000833923151
USP8,0.02735378478560528
GPR174,0.027344240540050274
TAS1R2,0.027339547305404013
RRP1,0.027337770340151363
GFRA1,0.027335028141227426
EFTUD1,0.02733119361821286
PACSIN1,0.02732927051528465
HBBP1,0.02732836338657744
IGDCC4,0.02732714605868742
BTNL9,0.027325565253001196
PSMB5,0.027322813302337295
SYNE2,0.027320965954564402
PKHD1L1,0.027319288031419385
CYP27B1,0.027310043644462715
C1orf26,0.027308078861076952
C1orf212,0.02730797801772473
PHF20,0.027301805989536417
PPWD1,0.027291390011164957
FAM104A,0.027286539824885166
HNRPLL,0.027285767055755115
GRIN2D,0.02728337239293305
ACP1,0.0272819547488372
STAT5B,0.027277305598431546
ACN9,0.027273618964771533
GLDC,0.027272252661829408
SLC5A8,0.027261326377966272
CIZ1,0.02725926129746756
KIF16B,0.027258814748546963
PFDN2,0.027255946055780505
MRPS6,0.02725226930495352
UGT2B15,0.02725009408891658
TTR,0.02724885229232075
SFRS1,0.027242381932710256
PCDHB14,0.02723974493195011
CATSPER3,0.027237591189568203
HSD11B1L,0.027230221168388705
ERAP2,0.027225024524657613
TNFRSF1A,0.027222821772572292
KIAA0528,0.027216374574501365
LCOR,0.027212492625818818
CPLX2,0.02721028838892914
TMEM110,0.027199810086406456
MYLK,0.02719569252639731
ZNF831,0.027195360406239894
SMPD2,0.027193538644482894
COMT,0.02719099816989481
DACT1,0.02718874166368957
HEPH,0.027185740464867103
PPP4R2,0.027182264932292557
MANBA,0.02717764734475199
CRISP3,0.027176691392334848
THBS2,0.027173805203216723
LCORL,0.02717262035024441
DNAJC14,0.027168132163976396
SYNPO2,0.02716212932404932
CACNA1F,0.02715951167104006
SBDS,0.02715946700562023
KLRK1,0.027158819258056157
GART,0.027156473077532887
SF3B14,0.02715560351855827
FMR1NB,0.02715185917390748
SLC1A2,0.027145695474311973
FAM70A,0.027145065792254307
SLC34A1,0.027143216383200136
USP21,0.02714281198094497
RPL18,0.027137087260375517
COPZ1,0.027134835461862974
TMEM72,0.027132158126129992
DAB2IP,0.027127239950560898
CHPF2,0.027118400769746715
RGS11,0.02710491699182637
RIMS4,0.02710469054646011
F8A1,0.027089411697346497
DUSP12,0.02708348245130597
ANKRD46,0.027079115703352613
TAF6,0.027073304783549315
F7,0.02706510750512342
BHLHE22,0.027062366221078517
CPZ,0.027049567514439543
METTL2B,0.027047399350965493
SLC2A10,0.027047166258993446
DPEP1,0.027045171088786967
TUT1,0.02703758711438967
OLIG2,0.027030837544220133
BCKDK,0.027029909131832803
ZNF250,0.027021122013332344
SLC11A2,0.027018239455195336
TUBG2,0.02701486630208765
RPSAP9,0.02701422690210314
USP36,0.027006241041267056
PINX1,0.027005060138670278
ST8SIA1,0.02700505802577332
RNF149,0.027004448176577586
UXS1,0.026999689001725453
TATDN2,0.02699326540718583
ADAM32,0.02699197315898066
SBDSP1,0.026988710884137426
ZNF25,0.026987107572465804
C9orf46,0.026982583860573818
SFI1,0.026971383734060786
CACNG1,0.026966883802816914
SLC15A3,0.026965408480204706
CTCFL,0.02696392039071737
GML,0.02695900379668911
C22orf32,0.02695675254559896
MYO1B,0.026949029704315498
TSPAN1,0.026947616141744804
CAPRIN2,0.026943491260790185
SATB1,0.02694254836267061
HESX1,0.026938845807675842
ASMT,0.026937475250995165
PCDH9,0.026924686069466866
SEMA5A,0.026923436404206264
HCN3,0.026923063263100327
OR2S2,0.026918039889584768
SLAMF9,0.026916999468728012
C10orf125,0.026906100928612314
EPO,0.026905527577512904
PIK3CB,0.026901232732848338
REST,0.026893885162345057
ZNF385B,0.026893628795519136
IFI44L,0.02688685354629309
ARF3,0.026885432650909754
MTG1,0.026884144021695734
IVD,0.026879608667977565
LOC643008,0.026877530161161466
GALNT11,0.02687401933570292
RNASEL,0.02687023002906401
CBL,0.026865364535454486
TSPAN17,0.026863396789513643
CCDC55,0.02685768619882606
SUZ12,0.026854724371740538
ATP7A,0.02684978888312303
USP45,0.026849370656151398
FAM179A,0.02684666296419919
SYAP1,0.026845789210742828
PDZRN3,0.02684453978011982
HARS,0.02683875905501181
ASZ1,0.026835643339208768
GPER,0.0268324951574908
MEP1A,0.026831653580997924
PPARD,0.026831039270443356
PCSK7,0.02682896191448929
TMPRSS15,0.02682498595188856
IQGAP3,0.02682430255187924
TMEM37,0.02681158945170834
ABCC12,0.02680285787645955
PRDM4,0.026797408706642534
ITIH1,0.02679575281557602
TNFRSF19,0.02679242083361419
SLC4A9,0.026790180164740912
KRT12,0.02678172134321909
ANKRD32,0.026777938735476042
TIGIT,0.026776719109857437
RABGEF1,0.026775620018229473
ZPLD1,0.026774619637819734
RAD52,0.02677104474597921
OR2A1,0.026758187365311003
IL17REL,0.026752360994623484
ZDHHC17,0.026744469544755536
COG8,0.02673507876222371
TSHR,0.026733619309073916
MFAP5,0.02673352198694318
KCNA1,0.026730890507848562
CHP,0.026727317698739237
COL1A1,0.026718148266508687
C12orf57,0.026716658559983286
KIF6,0.026713420368968763
RPL36,0.02670711929087531
ODF3B,0.02670337331221346
C1QTNF3,0.026684585763187427
FLNB,0.02668432563335814
STEAP1,0.026683453073326528
ATN1,0.026681178990382654
TRIM43,0.026675433535300688
FAM7A3,0.02667529303430038
ANKRD29,0.02667433902476027
LSM12,0.0266738824270039
FOXD4L1,0.02665929319801986
LOC340017,0.02665766129955684
SBK2,0.026657109507000388
NUP85,0.026646065006717925
SPATA4,0.026641169775522167
LGALS14,0.026635466940130182
ZNF579,0.026634012279223244
WNK3,0.026631166662260092
AZU1,0.026626672609867005
GPR124,0.026624387659937035
PPIB,0.026618663170704184
VAMP3,0.02661393537663926
RSPO1,0.026609045676775196
PLSCR4,0.026608903492360118
INPP5E,0.02660878686327802
C6orf81,0.026601050684397505
GAGE4,0.026600277774051828
GP5,0.026598485011090755
SSPN,0.0265965532079256
FCHSD1,0.026593033247608054
TRRAP,0.026592607077659387
PDIA3,0.02659102374572668
SPINT1,0.026590846247215045
SPATA9,0.026586972870968704
F13B,0.02658464303192383
LIN54,0.02657735507314294
ZNF521,0.026576754903836115
DSCR4,0.026572452162413412
GNG13,0.026571158323580805
MOGS,0.02656573738428417
ADCK5,0.026562037080362585
SPSB3,0.026561991433518544
RRAS2,0.026554299903148764
SNW1,0.026543094484629267
EI24,0.026535272485527287
MGMT,0.026527436880770566
CILP2,0.026515946039834995
PPP1R14B,0.026514512167670746
PPM1B,0.0265124645602338
ZBED5,0.026503711816964842
BAGE,0.026493431844561877
AMDHD2,0.026483426503220695
DHFRL1,0.02648228186048912
MPND,0.026478654594272216
REP15,0.026474228034886565
C1orf157,0.02647356372520425
NHLH2,0.026466894851580085
RAD23B,0.026464456440302174
IL17A,0.026459086620372795
KLHL36,0.026458966303117785
GPT,0.02645841538788977
SYT15,0.02645481894066419
TMEM101,0.026450538721936704
WFDC1,0.026443725368507177
BCAR4,0.026443559571068163
SRM,0.02644029295884485
IER5L,0.026436397719924544
PRDX6,0.02642743380741454
C15orf39,0.02642717327315541
HSP90AB4P,0.0264242445565992
HVCN1,0.02641978676945044
CHRNA5,0.02641951189474635
VNN2,0.026417475520311536
LOC100240734,0.02641652501376974
ZNF468,0.026413102383105992
ZNF10,0.026411749154520242
KCNH4,0.026404852172724973
DCC,0.026401069245057876
APOE,0.02639895281501025
TTLL1,0.026397959726475486
ABCG1,0.026397771095234956
ZNF180,0.026390744928507185
FAM71D,0.026389260086612944
LOC339047,0.02638680342095583
BAMBI,0.026386657929851055
FSTL5,0.02638654176274265
SOCS7,0.026384362633281436
DDA1,0.02638093897809196
HTA,0.02637459176908252
TPSB2,0.026374129816011945
ADAMTS16,0.026364619780034366
TRAPPC1,0.026361713023064576
TTC15,0.026361448621314964
C11orf17,0.026354724253783986
DYDC2,0.02635341638731842
ZNF571,0.02634693240492459
NR4A3,0.026345633379970826
ZNF98,0.026336103551950606
OXTR,0.02633574515176875
ZFYVE21,0.026333004244504455
UBE2Q2,0.026330033398299698
ENOSF1,0.026323404022138217
NDUFA3,0.026319771834473888
BMPER,0.026317450245914496
MRP63,0.026316017573262223
PLAC1,0.026303468601080827
TSFM,0.026302740724487454
TXLNG,0.026302431175700726
MFF,0.02630225683914033
H2AFB1,0.026301517087541124
SLC25A21,0.026276515380881195
HAMP,0.026272278508935976
ASXL3,0.026267064665129097
RPL28,0.02626698032890116
MTOR,0.026265051630304823
PTPN12,0.026262344850972837
CSMD3,0.026259113492469666
TTC16,0.02624881911846897
RAP1GDS1,0.026245298393107082
GTPBP10,0.026244946242511457
FAM66C,0.026243949523589556
C1QL2,0.02624120448220791
CLU,0.026236922677927346
FANCF,0.026227736123248996
NCRNA00174,0.026224042665866806
NIPAL3,0.026212250757919615
SLC47A1,0.02621017289141862
EBF2,0.02620813861311243
MYOZ3,0.026207244948713168
BMPR1A,0.026205857514195748
SLC23A1,0.02620420621928991
OLFML1,0.02620044887493091
SPANXE,0.02619680311162278
SERPINH1,0.026187547894392472
SPON1,0.02618377064755057
NRF1,0.026182619696078737
FHAD1,0.026181104396800353
GGT5,0.026173528961493775
TMEM60,0.02617101605475429
APOA1BP,0.026170485205519796
EXTL2,0.02617033163214738
AGBL1,0.026169744012268445
WDR65,0.026165340962816093
ZNF430,0.026162107274290018
SIT1,0.026160867916201532
TMEM106C,0.026160751393745758
KCTD18,0.026160222063035313
TTC24,0.026157880108181035
NUCB2,0.026141847774250236
RPL29,0.026139897588010965
STAP1,0.026138464176863396
TNFAIP2,0.02613683121594641
C5orf13,0.026134355746873297
TTC27,0.02613318644924079
NID2,0.026132329417588643
PAXIP1,0.02612392947810534
CARS,0.02612327023675126
DAK,0.026120037818914792
ASNSD1,0.026117604145975887
POLR1C,0.026111489703475693
AFP,0.02610483172318239
ADAMTSL1,0.026103830124759413
KCNMA1,0.026099776619508564
HIST1H2AC,0.026094604504940323
ZBTB2,0.026094159325918388
ZNF638,0.02609096426416872
ABHD1,0.026085786802115898
XCR1,0.026084243705725315
HSD17B7,0.026083985942768718
COG6,0.026083818954686866
KIAA1217,0.026080416989020784
GRIN2B,0.026077702887829457
CDHR4,0.026077648270254546
RTBDN,0.026076381577949958
RBM27,0.026073191677247615
SSX1,0.026066802643082632
TPPP,0.0260653218432042
LDLRAD2,0.026063856088405626
FGFR1OP2,0.026057524744910115
FLT3LG,0.026056912886352267
BRPF1,0.026045013385483325
ITGAX,0.02604321097558809
ZNF45,0.0260394093235928
SPANXB2,0.02603780430485606
ZNF268,0.026037786710331034
EPN1,0.02603766387541244
C1orf65,0.0260328513646521
IGSF5,0.026030340163035286
ZNF800,0.02602586149566971
SLC7A14,0.026025686735146707
GLG1,0.026024462762002404
AADACL3,0.026020053394756184
CDKN2C,0.02601763724316947
IDI2,0.026009428580461548
EMX2,0.026008165356017115
IGF2R,0.02600410526941535
FOXP3,0.02600019336758965
ZNF394,0.025999904828138895
TMEM209,0.025996041965212373
POM121L8P,0.025989180631761286
THBS3,0.025989155831550665
PIRT,0.0259857429954179
SLPI,0.025983930384389856
ATE1,0.025983827975318737
METTL2A,0.025978182123703317
MED9,0.025965735583329052
KDM5B,0.025964036788805597
TMEM119,0.025961328253963235
RNFT2,0.0259610942195238
PACS2,0.025958144004969128
ENKUR,0.025952733591287303
LOC121838,0.025951413003585458
B4GALT5,0.02594894571990839
PCDHGA7,0.025944841200228552
IRGQ,0.025941942685482042
ZNF329,0.025939655184512304
SYNGR2,0.025939303035983106
TRIM11,0.025936814805713252
BIVM,0.02593567983316699
CASP5,0.025932712855969438
PHKB,0.025930867972347685
LILRP2,0.025927104037939856
DIS3,0.02592355718185661
FZD1,0.025921074740834462
FGD6,0.025920363372036216
MED24,0.025920169923633007
ING3,0.0259178963826546
C10orf67,0.0259168668579501
PODNL1,0.025914887332009515
SLC25A44,0.025914818577076795
LOXL3,0.025903590080987787
GOSR2,0.025898727102884884
C8orf39,0.025895107676113287
ZNF518A,0.025893991981210344
DFFA,0.025882787743810837
PRF1,0.025880085804665925
DCTN4,0.025879407154361576
C15orf17,0.02587696402084343
COQ10A,0.025875614918553728
C21orf62,0.025870003350593484
CYP4F8,0.025869954785446805
WWP1,0.02586724927218942
TFAP2D,0.025865684849885256
UPF3A,0.025851433047279767
TAL2,0.025850636974806575
PPAPDC3,0.02584948026847287
FAM175A,0.02584832135707838
GAS2L3,0.025844665628098177
PRDM12,0.025844557352898066
CLEC18C,0.025844324618035673
TTLL4,0.025842972124210578
SERPINE3,0.025840765381218687
MIB2,0.025839049003507232
TNPO1,0.02583702415411452
ZNF613,0.025834149982661325
ZNF362,0.025829594801237435
NBEAL2,0.025827041263300876
MYL5,0.025826373289150033
ZXDB,0.025825547295568324
FBXO24,0.025821796408674023
L1TD1,0.025821609583937793
CDADC1,0.02582111177056591
LAMA2,0.025820173155174295
NAT8B,0.025818532278913828
ZNF280B,0.025813140087580354
COL6A3,0.025811342681219658
ATP6V1B2,0.025810405100303475
HECTD2,0.02581026688761275
ACTA2,0.025809825696977262
FAM13B,0.025808553916077653
FAM178A,0.02579915918425881
TXNDC16,0.025798924821822774
GZMH,0.025797756142811008
CD244,0.02579224853787897
DNAL4,0.025789320258664723
CEACAM22P,0.025775152838524686
MEIS3,0.025773332356534315
URGCP,0.02577208263845221
PPFIA1,0.025770657073821635
SYPL2,0.02576226861205735
TMEM74,0.025759177873101908
IL10RB,0.025758951026328712
NARF,0.025757684358660698
CLUAP1,0.025747949035275285
ZNF70,0.025744636809142712
IQSEC3,0.025735558491425573
HGFAC,0.025734450384910113
PTGDS,0.025730822495845025
RCC1,0.025728694858016956
RAI14,0.0257284629123121
GRAMD1C,0.025718297356542293
BTF3,0.02571738109259922
MBOAT7,0.025712184099022088
NOP14,0.02571124384490446
LAX1,0.025708963362576654
ZNF337,0.02570895438430717
CBY1,0.025706382072941913
MSX2P1,0.025704779776243802
LOC728723,0.02570236850558931
C17orf47,0.025694983449455942
DHX40,0.02569318168473039
ACSL3,0.025686165677956497
RSAD2,0.025682482949345893
CYP2R1,0.02568123334627763
COL15A1,0.025675141778362554
MED13L,0.025671041001230806
CCL24,0.02566979850385215
RAB8A,0.025667016051518082
NMNAT1,0.02565797591560176
PKN3,0.025652053333241748
SLC12A4,0.025650804198891493
CHGB,0.025648523568691187
TMEM164,0.025647431059394342
PNPLA4,0.025637228483476916
LOC644936,0.025635455194072815
LIN28A,0.025635419568787166
SMTNL2,0.025635209454668156
PSMD9,0.02563003196171999
TUBAL3,0.025619539087493384
LSM6,0.02561608576351467
ZNF224,0.025606837699918745
AMDHD1,0.025601880094763337
PM20D1,0.025595260655603618
PLCG1,0.025593668284750414
LYRM5,0.025587080981273873
GMDS,0.02558533889399088
GSTM1,0.02558400807433995
GATM,0.02558202975078557
NFKB1,0.025574315647390298
ZC3H4,0.025570475837447083
GAB1,0.02556280503521494
OR51B2,0.02555595055198816
C3orf71,0.025554881763418864
TTTY10,0.02555241239173886
XCL2,0.02554858649571689
WBP5,0.02554084771488802
FAP,0.025539772710276645
CACNA1I,0.025539619393859243
IQSEC2,0.025537835389416782
ZNF510,0.025535908528842338
LOC147727,0.025531639293491375
TOMM20L,0.02552707507666197
APOM,0.025519525090777245
TSC22D4,0.025518061802530332
SCO2,0.025515267702033436
ZNF675,0.025512307696427507
SGPL1,0.02551048513156859
OAS3,0.025509518504060868
LOC100130386,0.02550845528633796
CAT,0.025501902859318578
LRRC48,0.02550134329870905
MYL7,0.025500413575484576
PPY2,0.025490194131373822
PNOC,0.025485194277261487
TPSAB1,0.025475584111653765
IL18RAP,0.025464803779181238
ZNF182,0.025450166105707443
IGFBP3,0.025441483229028308
C17orf100,0.02544012648971681
CYP2D6,0.025439446620466665
SCGB1D2,0.025439307676105558
AHR,0.025423035075014925
HSPB8,0.02542124021316715
C10orf72,0.025418278926939045
FGFR1OP,0.025417534506230823
CS,0.025416272722071566
LRP3,0.0254116934106758
CCDC18,0.025411097304364375
C9orf119,0.02540902371873795
DUSP18,0.025408732931133722
MDS2,0.025406138533201193
GZMA,0.025404678556262748
FOXG1,0.025403896102689356
C2orf78,0.02540176782645539
SCAMP3,0.025400798386392604
CD48,0.02539321493865107
CEP250,0.02539301954656197
MOXD1,0.02537891147756347
TRAT1,0.02536618780964931
IFITM3,0.025359292910935017
FAM100B,0.025356407052701202
RAI2,0.02535392176814764
BMP2,0.0253510400810254
ABTB1,0.025350927812576515
SCN3A,0.02534848903702478
NOP58,0.025347362862030744
FBLN2,0.025338224166649898
C17orf71,0.0253361398195144
SSBP4,0.025331895439443725
DDX58,0.025331434585628906
FAM186A,0.025328611456694555
GAS7,0.025319616087231694
ANAPC13,0.025319446227465535
GOLGA8DP,0.025319329972841777
SLITRK6,0.025306766874846315
C9orf169,0.025304399971741526
TMEM71,0.025303886378563692
CTHRC1,0.025303415272549742
ZAP70,0.025302283828712604
CROCCL2,0.025301032711352128
AKR1CL1,0.025297182764423404
ZBP1,0.02528973730093448
FOXO4,0.025284402340287393
MYL3,0.02528296541319332
CLPS,0.025278174054762417
PLA2G2D,0.025277196822745554
PDE7B,0.0252735703564344
ZNF474,0.025258746986076816
PDGFRA,0.025254986252231753
EGR4,0.025251263073082484
FAM110B,0.02523538203533747
FBLL1,0.0252350261589056
SPIN1,0.02523383295812791
SLC22A20,0.025229557279456652
APOC1P1,0.025228635511805448
MXD3,0.025228078325326222
TACO1,0.025224052488654218
HIST1H2AB,0.025220337996307327
VASH2,0.025217806128986657
DGKQ,0.02521503621837064
ZNF833,0.025214833250795383
TRAPPC4,0.02520745607954387
DAAM1,0.025205751073443562
LOC440563,0.025204728269324655
WNT2,0.025202228675456094
TRPM2,0.025199170228606814
ADH1C,0.025198805241776666
FAM95B1,0.025196612861414763
CHPT1,0.025189136357696228
MAPK1IP1L,0.025188625739894586
MAP4K1,0.025188178420062827
LOC100128292,0.02518453466255657
SNX9,0.02518236790502689
SGCE,0.025179848103864953
SLC25A27,0.025179836512689836
ABCB8,0.02516710520776068
SNX11,0.025165634648767407
CSMD2,0.025162419598334426
FMO3,0.025162000024133907
RAB3IL1,0.02515567199475001
LNX2,0.02515394907955012
CPT1B,0.02515225849279458
PHACTR1,0.025149133192839786
SUCLA2,0.025148888108887248
RNF5P1,0.02514771132696722
LOC678655,0.02514593895019679
C7orf42,0.02514105626753545
MTHFD2L,0.025136882946269465
TGIF1,0.025131799080883553
CARD6,0.025130553185356473
AGTPBP1,0.025127059941741397
APLNR,0.0251259199766137
FLJ11235,0.025119900509459885
SLCO1B3,0.02511850361663657
CHRNA4,0.025114409455744474
CT45A2,0.025113773488065313
CYSLTR2,0.02511321050280454
CCDC109B,0.025102759294820635
C2orf56,0.02509744877147421
GRIP2,0.025092556713563762
PGM3,0.025087586489943074
SERPINF1,0.025082631118816884
SNHG9,0.025074433275879836
PIK3R3,0.025072818239804097
CECR1,0.025071017942679952
SH2B1,0.025070961198963314
UBP1,0.02506763560798711
C11orf66,0.025061682658531564
PLXNA2,0.02506008332787054
CPA5,0.025055104715929265
USP30,0.025049286607371813
FBXO39,0.025049212249623223
GSPT2,0.02504314245080281
SEP15,0.025041768885771306
RBM34,0.025040043206929142
C16orf72,0.025034751739922475
C10orf28,0.02503136999357501
TMEM204,0.025029446387007354
C15orf27,0.025028863127714556
CD300LG,0.02502867955659184
POGZ,0.02502533798245298
RTN2,0.025024896127537853
PCDHGA6,0.02502367841196075
ZNF385D,0.02502347678682588
TFB2M,0.025022645561654105
SLCO4A1,0.02501761932135514
SNX18,0.025010408084673738
PRSS50,0.02500729042838345
PDLIM3,0.02500699482717583
CLDN5,0.025006344608103165
C10orf75,0.025002717012419205
CPSF4L,0.0249986208043449
WDR36,0.02499624996558671
SFXN2,0.024995255109782028
ASCC3,0.024993730358888227
DHX30,0.02498886189379356
MPZL1,0.024983999044274247
NAT6,0.02498281189577999
CACYBP,0.024982269273455787
ATP9B,0.02498021247748115
GP6,0.024979386119927297
CTGF,0.02497640618300631
BNIP3,0.024975814932301228
CBX8,0.02497096039602979
C12orf43,0.024970643546141223
HS2ST1,0.024970535489950638
COL18A1,0.024968707681854017
BICC1,0.024968415758270846
INTS7,0.02496488634462624
ANKS6,0.024962920917956415
RNF181,0.024958804807304242
DCK,0.024958765121266154
IRAK1BP1,0.024957637385174467
GRIA2,0.024949075426473215
TAS2R40,0.024944198167082626
CPNE5,0.02494162864529142
LRP5L,0.024938726985340998
REG4,0.02493854355873865
SEC61A1,0.024938500704294642
OXSR1,0.024933744222442458
RRAGD,0.02493074308980451
KAL1,0.024929708039962542
LMF2,0.024928950408340207
LYZL2,0.024928228965978152
PRSS33,0.02492071335060246
CHN1,0.02491653428524922
YIPF2,0.02491348648873617
A1CF,0.024912601099561938
DNAH14,0.024910739219947072
BTBD19,0.024904605419605763
ATP6AP1,0.024904383081979304
C8orf76,0.02490385877861287
ECHDC1,0.02489833162697985
KLHL26,0.024893307749176453
COL6A4P2,0.02489208313924631
NT5DC2,0.024883818508840416
PIM3,0.024881369620354258
ACOT13,0.024878779782117926
NUDT9P1,0.024876082001003403
KIAA0467,0.024874805723303063
TWISTNB,0.024872114977154764
C19orf12,0.024868613460056296
PPIL4,0.02486806139780699
COLQ,0.024861538316657276
ZBBX,0.024855562197472002
EML5,0.024855493363190716
NCRNA00230B,0.024854211284824623
C9orf69,0.024853097298705676
MXI1,0.02485067279206116
LMX1B,0.024850041322284064
UBE2W,0.024849603478223393
FAM157B,0.02484918422124337
HSP90B1,0.02484766999142917
CDC42BPG,0.024837915878717507
CTNNBL1,0.02483759105121146
MYL9,0.02483097578534522
MAG,0.024826801985319388
RFX8,0.02482051899140019
GOLPH3,0.024819237849250247
DUSP26,0.024811440582844794
KCNIP3,0.02481143054235901
TRUB2,0.024806713314530285
KIAA0652,0.024803335126846047
CA2,0.024802459012366156
C17orf90,0.02479823540532737
RAP2A,0.024796598163890255
MAN2C1,0.024794191502532346
LMBR1,0.024792505123369047
NOC2L,0.02478962268664095
LOC221442,0.0247862760366992
PFKFB1,0.024784030156153363
ZC3H3,0.024783839466885692
EED,0.02477048931290088
SERPINB8,0.024769989752735658
NF1,0.024767369916861466
C1orf158,0.024758926937978903
OTUD7B,0.024748288890105684
MUC4,0.024747191543839954
NUP160,0.024745965661423425
BRSK2,0.024745519063559134
CDHR5,0.024744560464476196
ZCWPW1,0.024742162652468543
MRPL15,0.024741736143749846
C9orf100,0.02474167990457942
FAM129B,0.02473436413463212
PCYOX1,0.02473414479250511
KPNB1,0.024731352206344513
TMEM177,0.024729429896903236
PROX2,0.024724733541608795
NOX5,0.024711674590421007
STAC2,0.024708368734719842
DNER,0.02469475463936915
SF3B4,0.024676643899926205
COX7A1,0.024675341807321793
KDM1B,0.02466854944887053
KDELC2,0.024666851990847057
RFXAP,0.02466521540438013
C17orf64,0.024663706175622985
CLTB,0.024663075385335194
HHIPL1,0.02466097121529046
FKRP,0.02464830817177009
MOGAT3,0.02464181174002981
MRPS35,0.024641056352443284
SRP72,0.02463900912198229
ARMC4,0.024627380994735507
IL22,0.024627189461276715
DKFZp761E198,0.02462372008871634
LOC729467,0.024620714767065965
MSL3L2,0.02461681115702393
FAM183A,0.02461479886336831
HSPA5,0.02460883311391782
FRS2,0.02460672622537234
TRIM41,0.0246030402132678
C15orf33,0.024600612008123853
PEAR1,0.024593843087744236
PEG10,0.024593084264850646
ZNF774,0.024589394182167778
ECM2,0.024588556060211517
H6PD,0.02458297594317497
LOC80154,0.02458087695213512
EHBP1L1,0.024576244698312107
BEND3,0.024572720204865416
C10orf93,0.024570724554963702
LONP1,0.024569048034691007
CDK5R2,0.024556711200143327
PTENP1,0.0245551820987806
FAM86A,0.024554311395435593
CLCN6,0.02455221001902871
CCNI,0.024550609334804224
WDR83,0.02454632773543861
JOSD2,0.024543224262642636
RPL35,0.024541254914797132
UBXN4,0.024538562456566503
IGF1,0.024536468688925773
HSD17B13,0.024536352606011454
RAB40A,0.024534142153703375
CES8,0.024532694718541737
RPRD1A,0.02453140064863126
MARCH11,0.024525189315633328
SHF,0.02452410370548289
CHMP1B,0.024521818395033798
ANUBL1,0.024518333292463432
PNMA6A,0.02451465922368792
OR52E6,0.02451356797012395
SGCG,0.024507522368184407
NCF1C,0.024505150241212886
BMX,0.02450261235913651
STAT2,0.024496574425236155
AP1AR,0.02449621604435347
CGB,0.02449535582241514
UNC45B,0.02449316785840656
VPS4A,0.024490097217659264
C5orf58,0.024488095805360266
P4HB,0.024485879721635503
MCART6,0.024482963189817915
RAB3GAP1,0.024478134911516538
DOCK3,0.024472541958097997
TMEM169,0.024470863164993154
COMMD3,0.02446928093752385
PTEN,0.024468177987886273
ZNF205,0.024463305741486405
TSPAN5,0.02445845659800503
FLJ39609,0.024451385925330867
SEC31B,0.024450559046039447
AP3B1,0.02444897192780757
DNASE2,0.024436128753356566
BAIAP2,0.024435913041486197
MED26,0.024435857961303955
ZFPL1,0.024435162563173234
SOD1,0.024431568673843624
C19orf53,0.024430657168444333
EVL,0.024429006708854884
KCNJ12,0.024426618809032748
ITGAE,0.024423877500818668
ZNF471,0.024420180571462155
PRUNE,0.02440896275494466
C14orf2,0.02440796704380886
COMMD5,0.024407826714723056
GFRA2,0.02439650408404377
C9orf144B,0.024391835682522296
CCDC152,0.024388550263979094
QDPR,0.02438749045527592
MRE11A,0.02438710081836631
MYLIP,0.024386602435641884
LOC100130093,0.024381821123497748
XRCC1,0.024379507640142434
FBXL19,0.024374667404091502
LOC100128640,0.024372644816039863
CRTC2,0.02436416076647373
CMTM7,0.024362106474307674
LGALS8,0.024356778100956576
FAM89B,0.024355304986018112
C14orf79,0.024354979520288034
FBXO4,0.02435376505113495
PIP4K2C,0.024353030988972745
TINF2,0.02435264845773196
NAA15,0.02435005499561954
CLDN25,0.024342082591855507
TTC7A,0.024337267799930406
MAMLD1,0.024337155284871716
SNX8,0.024333607331278304
SUV420H1,0.02433357964993926
APOC1,0.024330168961934455
HSCB,0.024326152844090766
RILPL2,0.024323941400270718
CREBZF,0.02432034362287733
CYB5D2,0.024320265489054062
NBL1,0.024318511650994364
PRPF38B,0.024317121800997033
MGC16121,0.024313760874559307
WDR13,0.024313103246832307
ABT1,0.024312376435301507
CCDC67,0.024303916432717818
C20orf132,0.024299120121684947
RGPD3,0.024295659745446178
PAGE2B,0.02429516259032583
ZBTB4,0.0242910221259538
SCUBE2,0.02428979953918745
ABCF1,0.024289375782070282
TAF9,0.024288955152004563
TMEM127,0.02428745838479351
KRTAP2-1,0.024283905770177736
CASC3,0.024283431317138407
SDS,0.02428338316471549
TCN1,0.024279022277083617
C19orf44,0.024276614128817944
C15orf50,0.024272880121656085
RPL6,0.02427280849791067
FAM168A,0.024272505275796167
SV2C,0.02426634155230968
UCP3,0.02426002929484072
TMEM68,0.024259604178037655
GNLY,0.0242552283451752
POLB,0.024251662847265116
ARNT2,0.024251353908925268
GNG12,0.024248162462989196
MARS2,0.024247760748774504
UQCRB,0.0242440020298684
TBC1D3C,0.024238822870964696
ICT1,0.02423565780096386
PPA2,0.024234446696146127
GSTM5,0.024232240920522032
C4orf36,0.02422173623423448
PRL,0.024221709956008485
TREH,0.02421770634070937
PGA3,0.024216812774822592
BFSP2,0.024215371960595887
GFI1B,0.024215231301753164
SETMAR,0.02421440030605709
CAPZA1,0.024211630405625992
STX4,0.024209295581283454
ZMYM5,0.024208983960267133
EGFL8,0.02420854172404992
HRASLS2,0.024206050730196035
ATXN1L,0.024197981618336438
APOLD1,0.02418811512852083
PDXDC2,0.024183837361673403
ARID1A,0.024181755275641193
TAF9B,0.024177897401600736
PPCDC,0.024177725519700127
CCNC,0.024173411697889172
PANK4,0.024167676886384635
BRD7,0.024162791393602095
RADIL,0.0241593579614733
NRXN2,0.024155477964312562
BGN,0.024154518805942105
E2F8,0.024153647885829972
NOL7,0.02415308465756371
ST7OT4,0.02414613045288169
AP4M1,0.024142962244609878
B3GAT2,0.024140510229932206
DMAP1,0.02413859594024574
VPS54,0.024124552830991353
LGALS9B,0.02412270394715924
CXCL9,0.02412076570943788
C2orf18,0.024120029982449637
BMS1P5,0.024119593008634414
TBX10,0.024118983685741155
FAT3,0.024118879580216367
GLRX2,0.02411863223041516
NDUFS8,0.02411400960348769
AURKAIP1,0.024113194641967442
NAPRT1,0.02411288358307455
FAF1,0.024105103389428124
COL4A1,0.024098764118431905
MORF4,0.02409313709552382
CCL3,0.024088888687692916
MAPK8,0.024085838508080576
C6orf48,0.024085140113487575
PRKCDBP,0.024084204513934362
KIAA1310,0.02407979859631795
EBNA1BP2,0.024077304417433533
VKORC1,0.024075861596296107
ZFP82,0.02406784786026364
PARVA,0.024067667887689527
ARFGAP1,0.024066746443520824
FGF20,0.024066398076584217
RTN4,0.024065158465416236
PTPN11,0.02405925552212476
ZNF71,0.024050855469865275
TTC26,0.024050676036401184
STC1,0.024049518327814247
ADRBK1,0.024043215198997672
IL26,0.024040454706861586
PLA2G4C,0.024031257395635153
DNAJC5,0.024030633622545067
MARCH8,0.024029425840310356
CEBPD,0.024028272379032323
ADRB1,0.024026314263601755
MEGF8,0.024025728308269132
PRPF3,0.02402092467574658
NLRP1,0.024019923573143077
LOC100268168,0.024018429225256772
ANXA2P1,0.024014092790361482
DARS2,0.02401297042555126
ZNF514,0.02400977713154456
CXorf26,0.024008701409064137
PPAT,0.024006967103311384
CILP,0.024003777982258858
IFRD1,0.024002574971382567
SNAP29,0.023999080022477182
NRIP1,0.023998612638164517
TTPA,0.02399743999758378
TRIM56,0.023989864359634752
SMUG1,0.02398944908531639
ATOX1,0.023978824009579743
ASIP,0.023977820034583087
DIO2,0.023977806875053086
RIPK1,0.023972806076676338
OR1M1,0.023967047907589977
EPHX2,0.02396642686265197
KCNJ6,0.02396546984127566
TAF12,0.023955014258822988
CTAG2,0.02395272556973235
N4BP2,0.023952484418777578
DMD,0.023950893065228986
FBXO7,0.023948474385976783
TNNI3K,0.023947203376207832
CTNNA2,0.02394697280068428
UHRF1BP1,0.023945862262925874
DPYSL3,0.02392911675315649
HMG20A,0.023924959961839284
UBE2MP1,0.02392374679310474
HMGN3,0.023922091454012046
CAPRIN1,0.023915707616564138
CETN4P,0.023913720236881285
GJA10,0.023913133574274104
KATNB1,0.023910940258872873
CDH10,0.02390776481932992
PLOD3,0.023907534131598046
HIST1H3E,0.0239040620072866
CHD4,0.023902118303743898
JSRP1,0.023901870479477054
LOC158572,0.02390116238328583
NKX2-8,0.023900143712449296
GSTA2,0.02389857484877379
EGR3,0.023895932079795804
VCAN,0.02389262983366991
CTF1,0.023886308122306858
NPFFR2,0.02388098460667985
FBXW12,0.023877177649117644
FAM21C,0.023867214213825
PRO0628,0.023866254210279506
ZBTB8B,0.023861079364148413
E2F1,0.023856830685302394
LOC400931,0.023853769857581395
NADSYN1,0.023851607281198513
EPC1,0.023847184957174916
PIGW,0.02384639920022743
KCNA10,0.02384019725574345
TARSL2,0.02383591958492254
SPIB,0.023835816370211302
TDP2,0.02383492174721031
TRIM33,0.023833705395162143
GNG10,0.02382639581522456
EIF4E2,0.023825744017150628
RGAG1,0.023815970938864256
SKAP1,0.023813136541450983
GUCA2B,0.023812702608476007
FLJ37543,0.02380878929645772
ADARB2,0.02380824839886166
TIMM13,0.02380748659693622
SF4,0.023806987643631358
RRN3P3,0.023802765659142733
KBTBD8,0.023800267381079453
ARID3A,0.023799671407008494
LOC100272216,0.02379727866901446
SFMBT1,0.023786778623062603
CRTAC1,0.023783573195210243
ATP5L2,0.023782687970788412
CLK1,0.023770168811963154
IFITM5,0.02376750266267099
MFSD6,0.023765322298772387
DES,0.02375686993074719
ZNF503,0.02375324042688882
IL7R,0.023753229773067343
ADCY1,0.02374836940242344
RELL1,0.02374813621387985
POGK,0.023746303643850514
ETFB,0.023745063444611508
C14orf156,0.02374453233572633
MED19,0.023743287410578285
CD68,0.023739246152153535
KIAA0020,0.02373648725376857
ALPI,0.02373186887485832
TIMM16,0.02372872942926569
NIPA1,0.02372660846280711
KIAA0196,0.023724035311613084
KLHL6,0.023714610249201205
PEX1,0.023714038322031714
PAICS,0.023711946685961525
MAGEC1,0.023710686242642623
LRTM2,0.023707940512755255
BLOC1S1,0.023702656703830663
ITM2A,0.02370134180982168
ZNF813,0.023698930544080763
MAP3K11,0.023697973280062238
CAMK1D,0.02369737426696437
RAPGEF1,0.023697197571306967
MRPL44,0.02368533142627802
MRPL24,0.023679434460634002
ASTL,0.023672488666847936
POLR2B,0.02366996241439713
C2orf85,0.023669163455785666
NPPA,0.023666072860584423
TMEM22,0.023663285209384342
C11orf57,0.023652808019080835
ZEB1,0.023650033308038654
TYW3,0.02364736798868471
UBAP2L,0.023642139791115537
RPP30,0.023640405614605516
PLCD1,0.023637728845630535
NBR2,0.023637262783514378
ZNF511,0.02363665323726812
LOC729603,0.023635428741317414
AKAP13,0.02363481270511371
OTUD3,0.023628225804465962
IARS2,0.023623867199687253
NDUFS4,0.023622288229897856
GALNT14,0.023621946309057687
EBF3,0.02361882811153744
AUP1,0.023618452964840685
PAPOLA,0.02361389136086466
CACNG6,0.02361271904045694
PRKCE,0.023598724653321915
GAL3ST3,0.023594620930837563
TFAM,0.023594448382511176
ZNF642,0.023590688316199374
ASXL1,0.02358870398347541
PSG1,0.02358443267543923
POFUT2,0.023583166759246793
PRCD,0.023581782286152885
TMEM90B,0.023581133451666608
CCK,0.023579354513001784
SRFBP1,0.023574867487073055
CYP11A1,0.023572576870225216
BOLA1,0.023572425499294537
HIST1H2BL,0.023571488073418318
SDF2L1,0.02356912774274831
ANGPTL6,0.02356647869855029
KIAA1429,0.02356613976999157
OSBPL3,0.023565186823544367
PDCD4,0.023562998662127983
CRY1,0.02355386226201782
SNX33,0.023553095677788027
MAGEB1,0.02354561532699364
IPO8,0.0235402902568363
ZNF428,0.023537229105734057
FBN1,0.023537145457955877
MRPL14,0.023534422018446327
KCNV1,0.023531663858710652
PPP3CC,0.023531325884111755
HDAC8,0.023526526389237717
NCEH1,0.023526339037618797
PIGU,0.023525763788673118
ZNF7,0.023517020792558945
MINPP1,0.023513894560704376
CCDC101,0.023513839880102288
ETFDH,0.02351084041024329
ZNF615,0.023508708071182688
DMRTA1,0.023505471082915872
ITLN2,0.023503095432323692
ZNF41,0.023496586391966435
MFSD3,0.023495381718981728
CSTF1,0.023486689331936726
ZSCAN10,0.023485626141597098
ERMN,0.023477084062866926
POLR2J,0.023476210046134583
C10orf35,0.023465618638612074
PUM1,0.023465073124054537
GOLGA6L10,0.023462513339318213
ZNF778,0.0234563589578771
CNST,0.02345294241837323
TCEAL7,0.02344791990803695
HSPD1,0.023447707037370487
HDC,0.023440121835769316
LARP1,0.023439579660143282
ABCG4,0.02343259051878697
SCAMP1,0.02342728596179181
ESYT1,0.023426092257796016
THUMPD2,0.02342537153884507
ZNF433,0.023424821446440165
POLRMT,0.023422179979523755
BACE1,0.02341960400991232
C18orf62,0.02341547699866088
KRCC1,0.02341237079210653
FLVCR1,0.023411354686576277
CHCHD10,0.0234107100899085
DBH,0.023408734821981917
ING4,0.023406788661432382
C6orf103,0.023406511089140474
EXOSC8,0.023405016162209018
HTR6,0.02340290521138014
HEATR2,0.02339489875707917
SNHG6,0.02339476014546253
DRD5,0.023393804157206894
MGC72080,0.023391767078644814
MNS1,0.023388582025584373
MGC70857,0.023388267175243713
DYNC1H1,0.023386702932663813
FLJ10357,0.023383448886474603
NAGLU,0.02337953130009059
CYTH1,0.023379417368695546
HIPK1,0.02337904609873269
GET4,0.023370336421004556
ZCCHC2,0.02336592159823712
EIF5B,0.02336416123214726
GIGYF2,0.023363603310540864
HFE2,0.023362825353689918
SPAG16,0.023362643073911976
TFAMP1,0.023359389354655948
DNAJC7,0.023358381621760772
C17orf66,0.02335787457038099
CAPN6,0.023355592620156615
OR10G2,0.023353386830169832
AGAP5,0.02335080703146348
UBE2G2,0.023349602384859412
OPN4,0.023342114981660604
VWA3A,0.023340502755322862
FAM75A3,0.023340112093973013
CA4,0.023339978200044253
BCCIP,0.023339885105381833
SEPT11,0.023331470549498794
KCNJ9,0.023330622560166506
EBF1,0.02332478411936197
CNOT1,0.023324482174414737
MT1E,0.023323742908106137
C17orf57,0.023322337442091234
MLST8,0.023320209951986016
F11,0.023318479004452358
SLC9A6,0.023317807496700524
AQP9,0.023314633533582273
C16orf45,0.023310119844399946
VMO1,0.0233045673845328
ZYG11A,0.023304338786798533
SLC35A2,0.02330040433411369
NFIC,0.023300181660474952
TMEM232,0.023297053667396546
MOV10,0.023296659783611517
BBS5,0.02329484280630417
IPO9,0.023293968716639375
PGP,0.023292626298230125
FAM183B,0.02329138003932506
SLC7A3,0.02328210295374005
ZBTB49,0.02327490436082564
RAB6C,0.02327022251738639
HTRA3,0.023269116332399184
CDH12,0.023267314401969778
CLVS2,0.0232645342002682
ANKRD54,0.023263189920810935
TRIM63,0.023262436841377566
HLA-G,0.023260331814912553
EML3,0.023258065131151102
RAB18,0.023254289207933605
MLL,0.023252741838457942
SVOP,0.02325157188536777
KLHL28,0.023249096747081203
C22orf39,0.023248988896153427
ESRRA,0.023246476577117814
UGT3A1,0.02324528465305571
SLC22A25,0.023231011917435984
TCEAL8,0.023213699027620976
TAF1,0.02321060472453165
SPATC1,0.023207435808508224
STOM,0.023206054080300596
KIR3DL3,0.023205635910886677
SATB2,0.023199834686127845
NLN,0.02319804852973673
RALGPS2,0.02319595989896564
MRC2,0.023193889264412623
SYN1,0.023191667993155182
TRAPPC6A,0.023190765004579252
MED6,0.02318942846965697
CXCL12,0.023187995847524127
VPS13D,0.02318465548055171
ADH4,0.023182947770633986
EFEMP2,0.023182723709367827
CT45A3,0.023179612533295132
DERL3,0.023177126242386728
C20orf177,0.023175677674902896
PNMA1,0.02317360533714003
SPAG9,0.02317296007096538
DHX15,0.02316741495822279
PKDREJ,0.023165718026929488
CHRNA1,0.023164165310738498
CAPN7,0.023159254203953573
FAM7A2,0.023158747123729093
ALKBH4,0.023155050914356042
DNAJB8,0.023152739311201022
PPP1R1C,0.02315172463063116
PNMA3,0.023142650132883517
SLC25A46,0.02314214526695494
ESRRG,0.023139162507482908
DTYMK,0.023138889150314517
C7orf54,0.023137965402650482
GATS,0.023137417769232206
GNB1,0.023136552036745753
TLR10,0.02313318550175381
C11orf88,0.02312984365726105
FDX1L,0.023127359479059306
RUSC2,0.02312483882866518
C15orf62,0.023124391208451837
SPANXC,0.023123853433099934
MST1,0.023122216350594645
C15orf34,0.02311922855236436
GUCA1B,0.02311536843420763
C1orf152,0.023113349025140142
HPSE,0.02311053248396439
MTF1,0.0231101817008047
DEDD,0.02310695462130377
ZNF195,0.02310605986203348
EEF1DP3,0.023105102758390526
ZNF181,0.023101262573475025
MRPL55,0.02309502271295313
ATXN7L2,0.023093143022011844
FFAR1,0.023091244368237885
CC2D1A,0.023090133969042727
ARMC10,0.023075170856216534
NDUFB7,0.023069137665954382
NPTN,0.02306571574934543
NT5DC3,0.02305527028522538
APOBEC4,0.023050011985106224
KIAA2022,0.023042836466571247
RAB3C,0.023041897581046078
HLX,0.02304165436420498
DOCK9,0.023031319965814617
ZNF80,0.023030953974439224
TMEM30A,0.02302975390196986
MYO5B,0.02302815439463913
TBC1D29,0.023027127028018506
LOC728276,0.023026013126390556
C11orf63,0.023024276902578775
BMP2K,0.023021132777864182
STEAP3,0.023020841851969325
EOMES,0.023019195645357187
ZNF189,0.023012619798171683
LY6G6E,0.023003535634580817
SLC22A17,0.023002301876370986
DDX59,0.022988863309096136
KRT3,0.022987909657647642
PCNX,0.02298552808045485
INSM1,0.0229839745496735
ROM1,0.022981392949743152
DNMT3A,0.022980758580020882
HSD3B1,0.022980613674326883
TRIM13,0.02297943064171348
GARS,0.02297365620196176
CCDC85B,0.0229707165819409
CEP290,0.022969063126124924
ADIG,0.022966372002701192
IGFBP4,0.022965479030103396
C7orf10,0.02296456701501215
ATP5J2,0.02296163938935746
C17orf58,0.0229598364396755
YTHDF2,0.022956129015054078
VILL,0.0229488267772508
C5orf40,0.022947761175705038
HSPA7,0.022947484654155737
LOC286002,0.022947367635149176
MYO3A,0.022946694678518672
RFX2,0.02294628532974428
ST6GALNAC5,0.022942125576870295
PRDM5,0.02293710157376939
PLRG1,0.022936264371975268
PLK2,0.022930871530725934
FATE1,0.022928415737889948
PFDN6,0.022927172406668857
FZD3,0.02292441121562393
UHRF2,0.022922818284382435
PCDHGA10,0.02291977272107499
SERINC4,0.022919582062694552
MSH5,0.022915966538945443
MEN1,0.02291529846512908
CLGN,0.02291153075869459
PIP5K1B,0.022911417412026864
INTS10,0.02290755929287104
FNIP1,0.022903934554714515
DEFA4,0.02290274781444757
HEATR5B,0.022902130396733916
MS4A3,0.02289960724819533
LRRC55,0.02289689771475071
CCDC88B,0.02288671090733053
ATF3,0.022884087004799204
MYST4,0.022881940695932527
HOXB2,0.02287916912017502
ID2,0.02287111022333163
ZNF275,0.022870798845005803
UTS2R,0.022867519212169035
TCP11,0.022866705160092354
BMP8B,0.022864298964219654
EIF4G2,0.02286170543759225
PSMG3,0.022858958165062105
INPP5F,0.022856696914965693
LOC728743,0.02285541864670509
TWSG1,0.02285254849886783
ACTL9,0.02285039457131925
GABBR1,0.022849551836352597
CSRP3,0.022847988299419145
TCTE3,0.022847878761532874
MYO9B,0.02284150919068713
PDE4B,0.02283354853239125
ADCYAP1,0.022821083326535634
MRPL2,0.02281880904316687
ASB13,0.022813576633729345
EMX2OS,0.022812038712411154
ZSCAN18,0.022810844210693435
ZNF167,0.022807525198761947
C8orf45,0.022807506818978966
MYST3,0.02280335775405837
INTS5,0.0228033472788683
EGOT,0.022803196571995893
THY1,0.022798943335025527
ZNF414,0.02279184749884598
IKZF3,0.022788902711304872
LOC121952,0.022783204137634534
TCEAL6,0.022779472291192277
SHISA5,0.022778540054078172
DCLRE1B,0.02277763172852604
NEK11,0.022776752147572667
IGFBP6,0.022775667974381374
CALHM3,0.022774416681325578
PAF1,0.02277153329535494
PLCE1,0.022769253662147083
KRTAP1-5,0.02276831925499207
ZNF643,0.02276050731448859
BCDIN3D,0.022760229251330776
KIAA0427,0.022755934683676902
BPI,0.02275366339568914
FMOD,0.022747130341465742
SLC25A25,0.022745011545619632
USP33,0.02274063024940104
C9orf37,0.022735002757780818
MAPKAPK5,0.022726784274848057
SCRN1,0.022724403153463982
SLC35F4,0.022723007634905312
KCNJ8,0.02271421706207637
IDI1,0.022712017346652142
FBXW10,0.02271155517523752
CCL18,0.022705650168953758
IL6,0.022703202844201926
TPTE,0.022700238625051668
C17orf73,0.02269928403187023
IKBKG,0.02269452981057815
DDX26B,0.022692661870971614
LMAN2L,0.022690007562233088
TRDMT1,0.02268230157186067
SFRP5,0.022681962861174083
ACTR10,0.022680489485954865
FOXF1,0.02268032580235876
PRND,0.0226786861191254
C21orf34,0.022675422131220337
SRPK1,0.022671255667345534
LIN52,0.022670934588459795
MECR,0.02266819331104696
PLAC4,0.02266193570994881
EXOC5,0.02265962310061865
NPAS4,0.022657274039304325
SLC38A8,0.022656098245314376
NBPF6,0.022654275206397213
C2orf82,0.02265166562404972
STAG3,0.022651016016813193
RFPL1S,0.02265069809700738
BCR,0.022648415863290174
RRM2B,0.022639792489796286
RREB1,0.022634747967366597
ZSCAN20,0.022634386167836442
FAM200B,0.02263234839204623
IL9R,0.022626099661927128
CNPY4,0.02262336363115125
C2orf63,0.02262325185276243
DKFZP434K028,0.022619952172913838
FADD,0.022613088821249953
HLA-L,0.02261094735761102
DCXR,0.022609019455694965
C6orf155,0.022601307749137427
WDR45L,0.022598925194359243
LRRC70,0.02259447102073277
ANKFY1,0.022591321412209445
EPRS,0.02259105885828568
MAPT,0.022588802957560036
PCGF1,0.022587601272173637
SPON2,0.022587331817492447
C1orf87,0.022587157460086243
LCE5A,0.022584073307004054
MFSD5,0.022580474088186232
CAMKK2,0.02257701699462733
ARL17A,0.022576261005083573
FAM198A,0.02257496606475093
LARP4B,0.022574386484376596
ZNF765,0.022572749047632915
SELV,0.022568856092582672
BCORL1,0.022567452104285134
SNX13,0.0225617529624443
LMCD1,0.02255526673377912
RNF32,0.022553786820810672
RPS15,0.022545283748248095
C12orf5,0.02254133788545109
LOC100287718,0.022539604231752136
H1F0,0.022536670760897468
VPS33A,0.022534861268707334
ARL5B,0.02253020999005379
DTWD1,0.022524599012149565
HSBP1,0.02251679311931134
RNF38,0.02251591378734366
MYH3,0.02250993870495431
XRCC5,0.022509089940407723
MCRS1,0.022508982212764525
CNOT4,0.02250309719671394
RABL2B,0.02250240414033098
ZNF501,0.022502203272957082
SH2D1B,0.022492426475189682
MKNK2,0.022491563139199682
POMGNT1,0.022489481593677217
TAF13,0.022486130605208984
GREM1,0.022485183297494802
MSN,0.02247543156246596
CYP7B1,0.022475017120845493
ICOSLG,0.022474762997070533
DDX50,0.02247460838962368
DSCAM,0.022472074078015894
MOBKL3,0.02246832625088766
TMTC2,0.022465106282044147
DCI,0.02246060336345298
EDA,0.022459151792199736
SDR39U1,0.022455924950430937
GZMM,0.022452656593758724
SEPP1,0.02245232727310844
UNKL,0.022449293597840717
PSMD4,0.022448116573296435
LSMD1,0.022447907166003526
GYS2,0.022447213075478135
RPIA,0.022446133082128943
FFAR3,0.022444803903556312
LOC100128288,0.022436504947925814
TPM2,0.02243624223369902
C7orf64,0.02243468412351822
CCDC146,0.022430092797601647
SLC6A9,0.02242785555213819
CSNK1A1,0.02242028309928814
WFDC8,0.022414523787308616
RUNX2,0.022413453719276517
METTL4,0.02241287739637751
ZNF101,0.022405414673043553
ZNF704,0.022399997053355346
ABHD4,0.02239794276554384
PSMA1,0.02239415720166627
PRRG2,0.02239345728771191
PDIA2,0.022388652666342143
TMEM181,0.022379041409183117
ONECUT2,0.022378539239142892
FBXW4,0.022376234714031346
CCL16,0.02237441342860882
FAM166A,0.02237388430605228
HIF1AN,0.022370468169174852
OR56B1,0.022370218411670428
FLJ37201,0.022364204565774745
IKZF5,0.022362481481685993
ZNF207,0.02236175234154171
KTN1,0.0223595094447348
ZNF346,0.022358680046134262
ISLR,0.022356653400745215
C20orf29,0.022351866805746523
TRIML1,0.02235147341525545
PPP2R1B,0.022350573707522466
KILLIN,0.022347024726965307
ALKBH8,0.022345011386474163
SLC11A1,0.022342189443340165
CT62,0.022338591745141922
HYMAI,0.022334673077032373
VGLL2,0.022334581829194466
ABCA9,0.022332165815694464
FADS2,0.022328368644183142
SENP6,0.02232158712675322
CEP170L,0.02231831941036501
DLEC1,0.022318085095391252
C2orf84,0.022315734255990812
C6orf94,0.022307001902950544
SIPA1L1,0.02230483640257825
ACTC1,0.022299421860673883
PIGP,0.022294912766385292
ENDOG,0.022294509715213164
LACTB,0.022292007868980543
FAM195B,0.02228993051337496
C2orf28,0.022288243348894395
LEFTY1,0.02228049171481682
TULP2,0.022274899306676824
TAAR1,0.022274725903094414
CUL7,0.022272812720357072
ENTHD1,0.022272809907782166
MMP19,0.022272322238522935
ARL9,0.022272081025801915
KCND2,0.02226654103566016
STK31,0.022265894625966308
CDC37,0.022263752921798767
SLC22A9,0.022259907070566253
ABCC4,0.022259512064747744
TMEM159,0.022259136435697463
BRF1,0.022254106485216005
TMC8,0.02225257145633348
FCRL5,0.02224532628990888
KIAA1432,0.022244011401085752
TNFRSF10A,0.022236144564661133
ALX4,0.022232434029502837
GRM6,0.022223410191895436
PFDN4,0.022220693863691954
BTNL3,0.02221522959980106
PTGDR,0.022209680882443666
HLA-DOB,0.02220666237574196
C5orf28,0.02220443614339971
HTR4,0.02219809144161609
PTPRT,0.022196607173717974
PTCHD3,0.02219392763109061
SLC35E2,0.022192855669876877
FLJ43390,0.022192656418788086
TEKT1,0.022189124913286805
ABHD13,0.022188621484264013
SAMD14,0.022175349280934117
TIFAB,0.022174612850441235
CYP39A1,0.02217172449062964
TARBP2,0.022171470255040848
BCAS2,0.022168634851059677
LEKR1,0.022167573405243134
C12orf26,0.022167347684516857
MRFAP1,0.02216457182191334
GLUD2,0.022160869567698367
LOC284749,0.022159965561020234
RCOR1,0.02215077538684725
PIK3C2A,0.02214958867794648
CIDECP,0.022146971000602925
CNR2,0.02214399300460539
TEX11,0.022140648249671557
MED4,0.022138009512946727
RINT1,0.022136998852931085
FOXD4,0.022130777724781895
ATXN2L,0.022127937524916184
TMEM167B,0.02212206785919671
KRAS,0.022119853741532105
LBXCOR1,0.02211774164912481
HSD17B8,0.02211666360331906
RRH,0.02211007290153586
TUBGCP3,0.022105548898915188
C12orf51,0.02210489824827257
PRRT2,0.022103632686530216
TRAP1,0.022103401134293838
FMNL2,0.022096799771638812
TSNAX-DISC1,0.02209341719243386
FCRL2,0.022092405946779102
GPHN,0.022091995907658965
THAP5,0.022086235888156457
HPX,0.022080103279158318
MMP9,0.022080066006760567
KRT73,0.022072633281538603
MLXIPL,0.02206994507267606
COQ7,0.022069416031845233
EFHA2,0.022064751833869883
SLC12A5,0.02206358662008348
OR2L1P,0.02206348119858583
NTRK1,0.02205622298169309
IGF2AS,0.022054562460955614
OAT,0.022045754886269947
RHOQ,0.02204446238850203
TICAM1,0.02204049015682252
SYMPK,0.022035954655929925
JMY,0.022035795221616333
ENTPD6,0.022032960209568877
PHLPP2,0.02203086356206411
DAO,0.022025582207239505
TRIM78P,0.022016979353411407
MMRN1,0.02201419573810364
TRIL,0.022011489798130078
SEMG1,0.02201071043786281
ABCB9,0.021999622007108838
RSRC2,0.02199844332197476
LDB3,0.021991031164441534
IER3IP1,0.021989787693446457
GPR137,0.02198510950352516
MAPK8IP2,0.021982158227735544
ZFYVE19,0.021979118773234264
TMIE,0.02197739351610282
PTDSS2,0.02197495778597414
EMP2,0.02197477047491204
ARHGEF11,0.021974321406978633
SSR1,0.021972757174826132
C2orf68,0.021972289925829336
MBNL1,0.021971800812096782
ZNF548,0.02197077547101467
HIST1H1E,0.021967628772476013
MUT,0.021962475142220335
GOLGA1,0.021960740151495503
PSAP,0.021960058006034257
PLXNB2,0.021959919802867125
SCT,0.02195587293171626
LETMD1,0.021953000017940403
MAN1C1,0.021949026658885946
LRRC14B,0.02194863198949939
C10orf84,0.021947828187433877
MGC27382,0.021946640204706953
C19orf76,0.02194145258775119
ZNF829,0.021941316891488007
HDAC10,0.02193590847266134
IPMK,0.02193438824778555
ZNF490,0.021927030994152705
SMARCAD1,0.021925594354472316
C9orf80,0.021923702904097505
HIST1H2BB,0.02192260041511149
CCNY,0.021921042442293353
COL8A2,0.021917156533643886
C12orf65,0.021910415257071613
C14orf86,0.021905120543571698
MEI1,0.02190445715783683
KCNJ1,0.021902633546799707
DCAF5,0.021900643675278997
MRPS23,0.02189809564133618
KIFC2,0.02188967960706794
TXNDC2,0.02188900235531791
MOGAT2,0.021882858645767462
LANCL2,0.02187769664491784
ADAM2,0.021877302791483744
HPD,0.021871313309528236
TRIM74,0.02186939632965453
WDR82,0.02186518483123777
HN1,0.0218591417129636
SERTAD3,0.021858303208713552
PTCH2,0.02185442966102418
SYT4,0.02185352416786219
GATAD2B,0.021850782490129863
TIMM22,0.02185040054889037
SLC14A2,0.021847991674350274
ATP5SL,0.021840761906944277
C6orf201,0.021839213787057183
COMTD1,0.02183913170844673
PIGC,0.02183463172100182
DTNA,0.02183434973503047
C20orf30,0.021833512863707705
EID1,0.02183326630114304
ANKRA2,0.021825810916616367
LGALS2,0.021814114676253427
CHRNA10,0.02181190825576633
ANGPT1,0.021811357629784544
SNX29,0.021807586076486356
CYP4Z2P,0.02180462416124933
COMMD4,0.02180401852673981
SDCCAG3,0.021801247457688966
PITX2,0.02179678219737551
BCAT2,0.021791673053456934
C12orf68,0.02179024231901729
EFNA2,0.021786405786109596
ZNF81,0.021779076333272914
PDPR,0.021778552227198197
NAA38,0.02177471060694413
ARF6,0.021769021241686053
COL6A6,0.021760998009343727
PGPEP1L,0.021760510183382004
RPL15,0.021750960219212922
GATSL3,0.02174451800004123
MSMB,0.02173828749758206
TBC1D8B,0.02173712596042582
SCRIB,0.021732476307353275
FCRL4,0.02172580127259031
C4orf23,0.02172104668729925
CBWD5,0.02172023481929921
TM7SF4,0.021719108774884165
MEGF6,0.02171661999845057
KIAA1614,0.021711699863128965
IFNB1,0.02170811734859899
FBXW7,0.021707464563057156
TREML3,0.02170325685015555
ORC4L,0.02170160473547274
EDN2,0.021700282351348743
ATL2,0.02169745351284838
CSTF2T,0.0216955224461665
CNKSR2,0.021693964451191768
DCLRE1C,0.021685575387911882
RG9MTD2,0.02167650848404383
AMBRA1,0.02167539569150174
PPIC,0.02167504013610023
KY,0.02166956124836661
LRP1,0.02166846714915431
KIAA0895L,0.02166529116910659
LIAS,0.02165811740051972
C21orf130,0.021655836686816005
SPG20,0.021650647163993862
PPIL1,0.02164885061935354
C9orf41,0.021642074954675933
HTR2B,0.02163855754177731
VDAC1,0.02163838070884662
CREB5,0.021630486905915618
TDRD3,0.021627379258733856
RGS13,0.021620733561036463
FAM128A,0.021616186472699823
GPR55,0.021610843376897143
ZNHIT6,0.021610065288028685
TCL1B,0.021606630719913
TBK1,0.02160236538805486
CYP2C8,0.02160113008773825
VAPA,0.021599568900046568
C6orf129,0.021597488608601344
P2RY4,0.02159615179081913
HES5,0.021595335210564105
EPHA8,0.021593025502318407
GALK2,0.021588673938502962
NDUFC1,0.021585506051085095
HIBCH,0.021582491130286853
FAM129C,0.021576956958236446
HORMAD1,0.02157636442461824
CHKB-CPT1B,0.021572556731284064
NBPF22P,0.021570449982920473
FAM82A2,0.021569592182479273
REC8,0.021566020077203662
NAP1L1,0.021562801752198244
IFT80,0.021561676407940534
JMJD8,0.021551778059467536
C11orf61,0.021549706380221908
C9orf25,0.02154917092426367
CDRT4,0.021548460209123432
UNC13A,0.021541027726654262
TSG101,0.021538286630061
SLC25A15,0.021537928129392616
LOC388387,0.02153636850691611
CELA2B,0.02153383712208136
CAMK1G,0.021531170613346494
ZNF618,0.021531059774191386
SREBF1,0.021527827628432597
GPR143,0.021527648313082237
YKT6,0.0215247611316628
REEP2,0.02152420874739673
KLF17,0.021523523962451985
SLC25A40,0.02152236889410246
GRK1,0.021521352671710545
ZNF879,0.021519086826675048
NCRNA00087,0.021518044105717882
ZNF513,0.021515831028265004
DCAF7,0.021515714818185046
WDR27,0.021509011213392815
ZNF816A,0.021501639686402924
PTGS2,0.021501563765729984
TRIP4,0.021490250344307973
ELMO1,0.021488764963655867
HPR,0.021488535299515565
SLCO1C1,0.021487956521008253
MRS2P2,0.021487185221630806
ERAP1,0.02146966169882767
PLXDC2,0.021467059096582773
RPL23P8,0.0214642419882294
C8orf58,0.02145590792975199
FAM113A,0.021454358762250932
LMTK2,0.02145131195485183
FEZF1,0.02145047145380808
ZC3H12C,0.021446144957899187
LOC388789,0.021446040266170145
TSC22D1,0.021442279236083762
TBL1Y,0.021436677133076242
SFRS16,0.021435900623754136
DLGAP2,0.021428003698171848
NSMCE4A,0.021426892894399443
CA10,0.021424693022990687
C5orf23,0.02141746572757617
CD1D,0.02141725388480128
VWA5B1,0.021415265702148183
PPAPDC2,0.021414894742541934
YWHAH,0.02141390512796599
CDC42BPB,0.02141279363676683
SEC62,0.021411976491781812
NCRNA00204B,0.02140996242096043
FAM120AOS,0.02140975784998243
LOC92659,0.021404092224807412
PPP2R5B,0.0213979917642743
IFI6,0.021397345536652568
CBX5,0.021396717955868942
STARD6,0.021396083206296483
C9orf171,0.021388495356690383
RNF139,0.021384662246886822
XAB2,0.021378948764280228
TAB3,0.02137825755195724
C3orf31,0.021377503462143812
NUPL2,0.02137712252362624
ZRANB2,0.0213754622186844
ENO2,0.02136041012916616
LSM5,0.021357749399282713
RAB5B,0.02134277425141943
ARHGEF18,0.02133447034506954
VPS18,0.021331995256940885
ARHGAP5,0.021329011391824155
TLK2,0.021323682067573152
SLC16A11,0.021323315231455562
SNHG3-RCC1,0.021314001014886043
ABCA11P,0.021308748361186933
MATR3,0.021307273952177658
TP53I13,0.021305060228047196
HRNBP3,0.021301486305077996
RPS6KB2,0.021300782784772414
C4orf38,0.021300102909280146
NFU1,0.02130009626462986
DENND4B,0.021299962365050655
ITGA4,0.021296309185289006
LY9,0.0212947174402832
C6orf192,0.02128983692634075
LOC81691,0.021287450777233728
CELA2A,0.021286789844051655
DHCR24,0.021283863342007568
TMEM38A,0.021283628895354643
TUBB2B,0.0212783525886954
ZFP106,0.02127747315255532
APLP1,0.021277008075900876
SLITRK4,0.021259589837069142
RRP1B,0.021256203094111154
SELS,0.02125424787956861
FLJ45244,0.021253533214915934
LOC144571,0.021249680658820463
KDM4D,0.021245926011611627
RPS23,0.021242773206888933
C9orf45,0.0212417354376507
SNX6,0.021237529170041472
C12orf62,0.021226275701556867
PSPC1,0.02122258158129195
P4HA1,0.021221604445276078
C8orf59,0.02121597003820375
ALG13,0.02121513841720695
POLR3D,0.02121492764826401
ACCN1,0.021212286525493895
ZNF28,0.02120500118283195
ZNF22,0.02120487418017426
ZNF232,0.021201535678681816
DYNC2LI1,0.02119595593438021
HERC6,0.021194275470648477
CASKIN1,0.021189048262151334
PCMTD2,0.021188791954003774
LOC441208,0.02118291733254211
B9D2,0.021180716545509192
SERPIND1,0.0211772637481086
ACPT,0.021175475267773195
COPS6,0.021174152858018887
TMED8,0.021172879444534647
CCDC61,0.021161229841552987
HBXIP,0.021158057242620473
GNG8,0.02115762378219241
RPUSD3,0.021155981051042428
CXCR2P1,0.02115532195493046
MAD1L1,0.02115421271052255
LOC728613,0.02114996936402503
PCID2,0.021140759735568334
ISG15,0.021140638530460432
DTWD2,0.02114052114469278
H2AFV,0.02114050904686824
TBX2,0.02114020902000578
GPR150,0.021137869509684687
SEPT8,0.021137820582903807
TAS2R19,0.021133323654144668
GZMK,0.021119503881973884
RASGEF1B,0.021118238898995972
DEM1,0.021117732554283855
SPINK2,0.021112013239962955
TERC,0.02110843510977885
ZNF679,0.021096459189770194
BSND,0.02108634810216504
ZNF713,0.02108608240702496
TGFB1I1,0.021084158786274197
C19orf69,0.02108050460690602
FBXO44,0.021078594525268123
ARL2BP,0.02107745867894363
PNRC1,0.021077455331753276
GSDMA,0.021073763060999017
CYP3A5,0.02107363689887454
TIMM10,0.021070152679373323
FIG4,0.021068884627874655
GAGE12D,0.0210500994424451
GH2,0.02104717612231215
LOC642597,0.021046074590531004
PSD3,0.02104594468520547
ANPEP,0.021044677322013382
FAM169B,0.021039014437292853
DYRK3,0.02103441845052686
FAM101B,0.021032163654178846
IFI44,0.02103206068776597
PRELID2,0.021027424532519556
TSEN54,0.02102357690638208
SLC7A9,0.021022604092518254
MAP1LC3B,0.021021994795523594
ZNF622,0.02102052841249853
ERG,0.021019113542005263
USP13,0.02101347654258272
PPPDE1,0.021012446994164387
USP2,0.021010852339380402
LEP,0.02100760361229384
PABPC1L,0.021006097356051332
SGCB,0.021005084358023837
FOXN4,0.021002219597334348
LASS1,0.02099940311926277
PBX4,0.020995108412251974
MREG,0.0209910806532153
USP1,0.02098838326422443
VCPIP1,0.020987529418366877
ZNF124,0.02098385744414163
RAB11FIP5,0.02098349957563565
EFCAB7,0.020979576247625847
POR,0.020979027400093837
HOOK2,0.020975411031074063
DHX37,0.02097410435274677
CLEC4G,0.02096779764962145
FNDC5,0.02096636574673654
C17orf93,0.020965739210169195
PRKCQ,0.020965205593694736
LOC202181,0.020964150612407483
NCOR1,0.020952432891613044
LAPTM4A,0.02094826169242029
FAM197Y2,0.020947034565523163
DCAF12L1,0.02094468888311523
IWS1,0.0209442128980476
GAGE2D,0.02094207656530083
POLR2K,0.020936520526173147
LOC401463,0.020931532603327314
PSD2,0.020925735680470292
ZNF213,0.020917059419390385
CCR8,0.020916461377753142
PACRGL,0.02091185045371326
ALDH1B1,0.02090696502865643
RPP38,0.02089664965774642
TEX19,0.020894852789908654
NUFIP1,0.02088932387168468
NUDT9,0.020888795980014557
SETD3,0.02088788788461768
C2orf73,0.02088579866528344
MAGED1,0.02088283970851101
SEPT7L,0.020876934459328655
NRN1L,0.02087644316027638
MED28,0.02087343908210509
SPP1,0.020873108397871997
RCOR3,0.02087154042121395
ZBED1,0.020871390761818702
FAM48B1,0.0208666625327998
SPTLC1,0.020866079124311872
SLC26A6,0.020865719015439814
FHDC1,0.020859891882271813
NPIPL3,0.020854263801595094
ZNF606,0.020850483951326177
HOXB4,0.020846240843166195
NFKBIL1,0.020844178106328354
ANKRD5,0.0208413153076118
ARAP1,0.020839921230585923
CHRM5,0.020838139309799098
FBXW9,0.020836912989937756
SPDYE8P,0.020833755506901825
RPL29P2,0.020830836783339614
NCRNA00120,0.020829266492115663
PDE6B,0.020829244494358693
CDKN1C,0.02082309835960058
BCL7B,0.020820183867329943
NIT1,0.02081264899496321
NXPH2,0.020812280816168538
RACGAP1P,0.02081092176165231
CCDC155,0.020809619169627123
ZBTB1,0.020808575867520204
RGS1,0.020803604417245086
NFATC3,0.020792807211426463
IGLL1,0.02078961695537083
C22orf40,0.02078729685296152
LSM10,0.02078452544770372
ALG6,0.02077872850692406
ADRA1A,0.020775641237840523
SOX8,0.020763221118262055
PET112L,0.02076318036660846
FCER2,0.020760895087175987
IDH1,0.020760871457309968
FAM76A,0.02075939883662166
GXYLT2,0.02075700754122227
TNNT1,0.020755523828885923
ZNF846,0.02075046312095371
CYB5B,0.02074904626791644
LRTOMT,0.020747678839462422
CD81,0.020744340395511693
CIB1,0.0207437242587471
FBXL14,0.020738867800329734
RNF216,0.020737655862439842
EPHB1,0.02073715749770843
MFGE8,0.02073358594700929
MGC14436,0.0207252292178525
WDR38,0.020724623277524404
BMP10,0.020720527513401796
LSAMP,0.020719656746375013
ST6GAL2,0.02070794506723599
PLA2G2C,0.020701938324427026
XYLB,0.020698498204131614
TAB2,0.02069786458068438
TP53,0.020689492779528137
KDELR1,0.02068940924668327
NSMCE2,0.020686007804121644
FOXE3,0.0206766432365501
CCNL2,0.020672855147075578
SLC5A1,0.020664106963122084
VPS28,0.020663342072167752
CFH,0.02066240617154749
UGGT1,0.020662349890853405
PI4KB,0.020652160018321125
ZHX1,0.020651829957474457
VNN3,0.020650214114546518
MAOB,0.020647786581419452
CWC27,0.020640412885933615
FADS1,0.020638919721671777
NAA30,0.020637649965890997
NR6A1,0.020629022567137865
ARHGEF33,0.020627897948308892
RNASEH2B,0.020625831070127446
LOC100133669,0.02062460566416339
KLRA1,0.020623618096861026
NLRP8,0.0206203309799982
LYZL4,0.020617629358741688
MED22,0.02061695824833859
ZNF335,0.020616140068924368
DECR1,0.020613584924264263
SCARNA10,0.020606049067615317
STT3B,0.020606019014979833
LOC100132724,0.020603875660789993
SPATA2,0.02059934008875695
FAM170B,0.02059331135297187
ZNF546,0.020593286508204845
SYNPO2L,0.020593061598568527
DHPS,0.020592405124484882
CCDC97,0.020592291978720364
WAC,0.020583080488387567
PABPN1L,0.02058190377838038
S1PR3,0.02057491821696325
DAG1,0.020572797558574194
DKFZP586I1420,0.020572718138742396
HTATIP2,0.020568776752199244
DSCR10,0.02056342320470011
CIB3,0.020552352322337743
BEX4,0.020551941176276532
OPN1SW,0.020551764783472884
CBS,0.02055141023101273
MOBKL2B,0.02055103733306941
C2orf51,0.02054805326430384
VPRBP,0.02054474678738281
PGBD3,0.02053609360988885
ARHGEF1,0.02053368287666981
LOC96610,0.020532138250802096
CCDC33,0.02053185523634634
SFRS11,0.02053048541176979
RSBN1L,0.020530438144391996
NPHP4,0.02052604212267635
C14orf109,0.020526003509900075
SCARF2,0.020525902004087083
CRCP,0.020525717269068947
RBM18,0.0205212742396367
ARHGAP27,0.020518573736035717
HEXIM1,0.020517131052223688
KNG1,0.020512221107118925
ZBTB7A,0.020511177003010785
MAS1,0.020510549606694097
DNAJB12,0.02050826040900974
MEF2B,0.020506566206823777
VPS37B,0.020502312142187527
BRD2,0.020501840150667108
KGFLP2,0.020498874757581307
SEC16B,0.020497045071961505
FNDC7,0.02049450034592413
HMCN1,0.02049167461086364
ATF1,0.020488922384881782
ZMYND17,0.020488511410899933
YIPF6,0.020487266970522302
AACSL,0.020480744024759016
ARMC5,0.020476112267279405
CA5B,0.020474212686828884
DONSON,0.02047253539092862
HBA1,0.020470674979412306
TULP3,0.020468034021406307
C10orf88,0.020459147575898617
SPATA17,0.020451003847268136
IP6K2,0.020449810817945273
GAGE12J,0.020446333785247912
C7orf61,0.020434149555097557
VTI1B,0.020432944267583387
IGFBP7,0.02041969281210124
ERGIC2,0.020418251848483674
MBTD1,0.020417372187791
ZNF619,0.02040747549036189
SLC32A1,0.020406033986161136
MRPS5,0.02040594949889938
PLD6,0.0204044951365079
FBXO41,0.020401131247311508
SPINT2,0.020398577217980253
ARL2,0.020397884429911986
ADAT2,0.02039667754078036
C8G,0.020394612061035853
ZCCHC6,0.020378826743991503
DEC1,0.020376196108219388
UBN2,0.02037157206482859
GTF2H4,0.020350620879297558
KIAA0368,0.02034461234013719
OPN1MW,0.020341241328920887
MYH7B,0.020335260815428902
MAST4,0.02032923448908776
CD101,0.020328263133499974
SLFN14,0.02032736352578906
SLC26A2,0.02032560634440028
MYBPC3,0.020325510483684393
AAMP,0.020324796739046025
NAPB,0.020320011436677412
SEMA5B,0.020319746060217626
SH3GL2,0.020315607164377598
HOXC12,0.020315077480796633
C9orf82,0.020310188058164095
APBA2,0.02030237247772723
HFE,0.020301462572557653
GLT1D1,0.02030143110074237
DCTN3,0.020299742004058353
ZNF788,0.02029865612528267
TSPAN6,0.02029484097273833
DISC1,0.02029320556058238
RETNLB,0.02028703480694997
C14orf43,0.020286804212729607
C15orf58,0.020281206037539957
PICK1,0.02027748857636549
FAM76B,0.02026812825963268
MGC29506,0.02026021020343896
C17orf81,0.020254041636219366
SHMT1,0.020253030850643748
MTMR9,0.02025281661666044
FGFR1,0.020251596044807155
MGC12982,0.020249066105224558
SMARCC1,0.02024689537281888
IPO7,0.020243195998384856
HNRNPA1L2,0.020242109316094086
LRRC40,0.020241652713541704
ITCH,0.020235235116687567
ZNF32,0.020222656750407624
SMYD2,0.02022203538959583
DDX46,0.020219971672962824
ZNF107,0.02021916852388552
CXorf41,0.02021783634838366
HYLS1,0.020214215039436056
LOC148413,0.020205646562933378
SUZ12P,0.020204270323849183
ARHGAP1,0.02020049364396004
PPP1R12C,0.02019867483388747
RRP15,0.02019678605263552
OPRD1,0.020195277323888157
MYO1A,0.020193063297512623
PSMC5,0.020192971550319596
DHRS1,0.02018520322677874
FAM73B,0.02018039023418247
SPIN3,0.020178758552496286
NEAT1,0.02017225101877152
PLSCR2,0.020169899421329577
ATG16L2,0.020168952836929894
TTLL9,0.020168202725854293
SLBP,0.02016787205743605
VSIG10L,0.020163883822851985
TNFSF18,0.02016276247441528
IFT27,0.020160543183901727
TRMT2B,0.020155495495323184
DOM3Z,0.020150137431539556
EPB41L3,0.020148016195982898
NOV,0.020146091815500148
C21orf119,0.02013822271160494
SLIT3,0.020136596704673916
PATE2,0.02013214904033726
CHMP5,0.020128823088433043
PPP3CB,0.020124032612222842
LOC645332,0.020122447655660434
ACSM5,0.02012202887851874
ENOX1,0.020121134359456696
RPTOR,0.02011830011055514
APBA1,0.02010784830884781
DNAJA3,0.020104563420899915
EPHB4,0.020094859798932344
APOA2,0.020094054166833165
ORAOV1,0.020084969868028785
RPL7A,0.02007084118248625
CYP2E1,0.020066615627952464
C9orf129,0.020062595106423088
NLRC5,0.020051903314445372
OR5E1P,0.020039595849166265
ATPIF1,0.020030965019735964
DACT3,0.020030510216703674
LHB,0.02002854558231966
HECTD1,0.020026966774435117
GRB10,0.020023959020347995
HGS,0.020020301601853266
FLJ36000,0.020016471424912856
TAF11,0.02001549803282652
SAP18,0.020007695695967262
RGS2,0.02000612012792719
IL10,0.02000180549984663
JMJD6,0.020000330746627062
ACADL,0.020000100637009438
C14orf21,0.019994628138810214
SS18L2,0.01999217769636733
FAM193B,0.019991316316786217
CCDC144C,0.019991226450593817
PATE3,0.019987857792494117
GPCPD1,0.0199849698025358
GPRASP1,0.01998295608900358
DOLPP1,0.019981404563380628
PRLR,0.01998130180983359
FCRL1,0.01997411640256489
GPATCH1,0.01997282106855957
PGRMC1,0.019965529429816956
SLC8A2,0.019961279963626292
BGLAP,0.019952612499228292
NUDT22,0.019949681272008534
CHIT1,0.01994905097961156
CELF6,0.019949005271385524
ZNF397OS,0.019948160400306426
PI16,0.019937908383978478
C2orf64,0.01993374153939236
ANKDD1A,0.019931079481695445
ABCA2,0.019930401686625025
C9orf117,0.019926220968314118
CPNE7,0.019924823723669497
C5orf42,0.019915133619874622
RBM15,0.019914317157855972
ANKRD12,0.01991425046088043
CNOT2,0.019913194728118155
UBR3,0.01991126285012001
TSHZ1,0.01991051562287367
BET3L,0.01990497141893474
ACSL6,0.019897948589998413
HSPA9,0.01989360569102862
RBM26,0.019891487331236732
CCDC117,0.01989107879898762
TNNI3,0.0198904483420911
SPESP1,0.01988790324482162
DCAF4L2,0.01988171270346824
LOC374443,0.019876643623164547
DOK6,0.019875640532771282
TRPM3,0.019872864155883237
LOC283663,0.01987166600883149
PTPN3,0.019867815870375134
SERP1,0.019866938730828728
DMPK,0.019862510770953714
TUBA4B,0.01985827735572762
?|390284,0.019858127950010712
VPS37D,0.019856753401060225
RGSL1,0.019850603424515688
KATNAL2,0.01985020125347552
SYDE1,0.0198297014294231
NXT2,0.01982950389031222
C15orf26,0.019828286009655634
OOEP,0.01981461077303159
ANKRD22,0.019814020003577376
PIGV,0.019813852689982456
TMEM147,0.01981013447778736
GAS5,0.019809170891489248
ITGA11,0.019804585984303867
TNFSF9,0.01980144243571204
PDE8A,0.019795561899729263
YWHAB,0.019794973822916843
CNDP1,0.019793376209159916
PAGE5,0.019792638534217706
BAD,0.019792252357974365
RRN3P2,0.01979066504659829
RUFY2,0.019786360076337897
HMP19,0.0197855937504745
BAT2L2,0.019784579963880316
RNF44,0.019782125007478682
ZNF446,0.019781815902455164
DNLZ,0.019780758723857577
HIST1H3J,0.01977652091375114
C9orf123,0.01977003047230106
ANKHD1,0.01976100568613639
ALLC,0.01975926891741329
PPP1CA,0.019752931542542443
DGAT2,0.01975281762377621
UTP6,0.019749207016857666
LOC284798,0.019745917079656464
C14orf93,0.01974480586973631
SORBS3,0.019740630032720613
EML4,0.019738864897050113
ARHGAP32,0.019735492601314564
HADH,0.019735431647817357
CLOCK,0.01972791898952298
SUFU,0.019723344718217628
WDR73,0.0197169793514322
DAP3,0.0197137215652697
PVRIG,0.01971273625310456
KCND3,0.019712630034323067
CHRNA6,0.019709425626320977
GIGYF1,0.01970543424156035
LRCH2,0.019698813375235262
GPAA1,0.01969793419444292
ZNF512,0.019694277331026154
KIAA0317,0.019693953060977605
NRIP2,0.01968744607055963
AJAP1,0.019687094140363334
C1orf59,0.019686379686985625
C4orf47,0.019683256016320445
MRPL38,0.019674764907550307
CUEDC2,0.019674175267062215
C7orf31,0.01967126258602175
CAMK2A,0.01966982124193135
ARL3,0.01966468976517522
PIN1L,0.019663386229498935
RABEP1,0.019660308713980106
NOL9,0.01965616635516006
GFRA4,0.01964875236365273
NEU3,0.019648624194278336
ABCG8,0.019646699835641365
NXF1,0.019643489919835385
RGAG4,0.01963908973139069
ITPA,0.01963110560647129
LOC285768,0.0196261939082652
TLR1,0.019625931373158417
RNF138P1,0.01962567600942945
MEGF11,0.019625203953328646
RRP12,0.019624608092493123
NPHS1,0.019623393015826756
FTHL17,0.01961599718612997
MECP2,0.019615915782671224
HBP1,0.019612570975111054
FAM48A,0.0196106680502729
ERCC8,0.019609385614060372
TMEM136,0.019609033610866047
RELA,0.019608813630664676
GOLT1B,0.019607530256855073
AKNAD1,0.019606157042830197
CCDC7,0.01960201598331358
LSM11,0.019600415874229605
LZTR1,0.01959562708503862
TDRG1,0.019589869412599867
OR9A4,0.01958952775632769
NT5C3L,0.019584997655883736
LRRC4B,0.019581409212214514
OR2A4,0.019579905988119456
TIGD2,0.019579695323014384
C17orf42,0.01957528188517045
U2AF1L4,0.01957301896112569
MPP4,0.01956411752607431
COL19A1,0.019563419126687662
CDC20B,0.019555959946391633
AGAP11,0.019555724838283856
FHL1,0.019555309415597397
FAM162B,0.019551796010678305
HBQ1,0.019551086005853906
ZFR2,0.019549209282074202
KIAA0664P3,0.019547593547170138
NMBR,0.01954168931949201
ZNF648,0.019535071965763588
ANKAR,0.01953336106533296
NOD2,0.01953254717021171
HAR1A,0.019528256645645177
CCL4L2,0.01952691073566607
SRR,0.019521170814441755
GPR62,0.01951929851843853
RNF166,0.01951875834164571
TXNDC5,0.019516893028487466
SLC16A8,0.019515146606654713
TRAPPC2P1,0.019514659784523387
MAGEB10,0.019509210748176756
IFIT1B,0.019506705525397464
D2HGDH,0.0195065821850493
ALS2,0.019506521455396893
KRTAP10-4,0.019502908252093203
SLC16A6,0.0194897488379769
UGT2B10,0.019489662170976543
DCUN1D2,0.01948749297367025
PFN3,0.01948586864633978
NLGN3,0.0194835473276746
OCRL,0.019478197617367125
C6orf203,0.019473799386187693
HS3ST5,0.019473617564219142
MAP3K1,0.019468852438858195
SH2B2,0.01946632726111012
KIDINS220,0.01946598506618299
ZFP37,0.019465116353086023
MLL4,0.019459185498414938
PDSS2,0.019458932733466223
SMAD9,0.019455173039039594
LOC100130015,0.019446045664176712
PRKRIP1,0.019445538526323754
TLK1,0.01944371536178306
SMARCA4,0.019443570347716956
VPS26A,0.019439407102510575
GPR182,0.019438053660986606
MYST2,0.019425652224258173
BARX2,0.019420208993480095
LOC100270804,0.01941570978131018
RPE,0.019413380963595912
ZNRF2,0.019412486893667397
PER2,0.01941055759947485
TRAK1,0.019410473755727697
COL4A2,0.019410300426087445
IL31RA,0.019405119939749953
ICMT,0.01940375464773325
ATP6V1G2,0.01940043622711305
WBP1,0.019397680674595054
NFXL1,0.01939263805456628
METTL13,0.019391673903412884
GNAO1,0.01938775641029491
ART5,0.01938704827402389
SKA2,0.019382309971142292
HIST2H2AC,0.019380070112473075
PHKG2,0.019378648623702557
MTPAP,0.019374023294699554
MGC23270,0.019371396373002045
RPL24,0.01936825056575774
ELF2,0.01936340568865133
KRT24,0.019360948811995054
SAPS3,0.019360102311686007
DSCR9,0.019359131333135538
PHACTR4,0.01935711624334522
CMTM6,0.01934929535099062
DEGS1,0.019347005670423027
MIR17HG,0.019343584236727898
LPP,0.019340027427570256
SNAPIN,0.01933954065449787
ZNF565,0.01933798557088737
RSPH4A,0.019322674333696544
REV3L,0.019322215379607415
NUTF2,0.01932148292703622
LMAN1L,0.01932103967564435
TBX20,0.01932072163592248
C21orf15,0.019319178584388207
GABARAPL3,0.019313597808320905
MYH11,0.019312199382119265
PATL2,0.01929934876969284
SEPT7,0.01929906030286913
CUL4B,0.019298326174583307
FRK,0.01929487033529142
FAM199X,0.01929129990434553
DCX,0.019279298409457343
ENOPH1,0.01927676013816829
PQLC1,0.01926973401442018
JAZF1,0.019269508960572657
ACE2,0.019269466723523202
RPP14,0.019263971118263893
KAT2A,0.019259629559292748
CHIC1,0.019251132362168952
ARHGAP36,0.019247852361971927
NPB,0.019242710808179155
KRTAP3-1,0.019242089683501253
FITM1,0.0192375499219654
ATG4B,0.019233242949380534
PKDCC,0.019227427416717215
UCHL5,0.019226192047894195
DSCR3,0.01922511098209671
LOC93432,0.01922303200254002
MCOLN2,0.019211142347132386
NDUFS2,0.019207934493415582
MGC3771,0.019205967463097544
DDX19A,0.01919972318044765
PDLIM2,0.019192066572731942
SLC5A7,0.019189752316454926
SPHK2,0.01918922536143427
RAB5C,0.019187640199765356
ARL11,0.019185712817547558
ZNF140,0.019185343328145702
FLJ35776,0.019183177366378507
JMJD4,0.01917917864375531
IL28A,0.01917750649180672
C19orf45,0.019174216847534082
FDPS,0.01917331614492363
C17orf77,0.019169955821853185
FOSB,0.019161032681510513
FOXRED1,0.019160311940690955
HAX1,0.019159517697179888
MT1DP,0.01915737389921532
PAPLN,0.019156731160401765
ZNF331,0.0191556040160845
ATXN7L3B,0.019153211823201288
C17orf103,0.019146623442347247
MED8,0.019138731603834655
LBR,0.01913664801338891
CFDP1,0.019135976140750088
CYHR1,0.019135240335432357
ZNF791,0.01913184038499013
CLPP,0.019127701090863505
EEF1D,0.01912432281277382
GAPDHS,0.019123843953536484
GFM2,0.01912280491090685
SIN3B,0.019121932726234213
SMYD3,0.019121842973470634
PIGL,0.01912119747589521
TKTL1,0.019120557611965426
LOC150776,0.01911979478089536
FAM122C,0.019118227146495335
LOC285401,0.019117485048544408
CUTA,0.01911465479229294
TOMM40L,0.019113580695620733
C13orf16,0.01910631450728301
GP2,0.01910055332228169
FIBIN,0.01909927447838148
SHQ1,0.019096060056165175
C21orf90,0.019095195270013493
HYDIN,0.019090388439037438
CDK12,0.019083093862980835
SLC6A16,0.019082573556160443
ANXA4,0.01907957948257487
FIS1,0.019077858785382585
ESX1,0.019072249962143937
THSD1P1,0.019069195488670476
LOC729678,0.01906597462765959
SMYD4,0.019065902919394757
C5orf54,0.01906349341423607
P2RX2,0.01906162759808879
APOBEC3D,0.019060956595277324
LOC338799,0.019056674978542784
PPP1R15A,0.019051312171344727
TTC9C,0.019048601672958767
ANGPT2,0.019047865243495676
SRRM5,0.01904280585594877
RRS1,0.01904188677799154
MSH3,0.019041399858661986
NUP62CL,0.019039963975676994
CHD3,0.019036573225446187
MAGEB16,0.019035352610003952
SCNM1,0.01903020741672727
SMAGP,0.019028969053724618
FAM151A,0.019026396998869752
SLC25A19,0.019025147861477038
RC3H1,0.01902316666563065
EGR2,0.019022674965155025
C18orf21,0.01901733208717937
ADI1,0.019013278145958476
TOP2B,0.01901066746992616
SLC7A6,0.019006411558985387
IPO11,0.01900534492604368
ULK3,0.018998714734292606
CPA3,0.018997780217052663
SERTAD1,0.018996357455509684
SMOC2,0.018995426199692987
GOLGA8B,0.018993927829239147
MARK2,0.018990461969148425
OR10H1,0.01898225857752507
C1orf150,0.018981861213286166
SERHL,0.018981601849742884
HSP90AB2P,0.018981020337229388
C4orf39,0.018980564316117342
ADHFE1,0.01898029616394958
TRIB3,0.018979291896875815
CD27,0.018978070547425847
GPAM,0.01897368256518725
AVPR1A,0.018971923315042404
NPNT,0.018962046057878112
MAPKAPK2,0.018958083466151417
SCARNA2,0.01895027938826582
EDDM3A,0.01894978654010825
ANKRD26,0.01894791289471289
TGIF2LX,0.018944262336137312
C9orf142,0.018935303386969762
MMS19,0.0189141526128878
ZNF333,0.01890361147845646
RNF5,0.018903378131457937
EFR3A,0.018891997222350552
IL2,0.01888727452766382
AIG1,0.018884180860133527
TMOD2,0.018884162265883957
CDH18,0.01888038895052701
IKZF2,0.01887983440386286
PPAP2C,0.018879451870478556
PLCXD3,0.018878779226547397
ANKLE1,0.018877856746282812
RNF40,0.018876070424969808
SETX,0.018872223036132018
TRIM17,0.018869820433596862
C6orf164,0.01886562246623913
LOC100130522,0.0188651668957317
GRIK5,0.018862182831916305
FGFBP3,0.018857513943450217
GORAB,0.018853825187297803
MASP1,0.018850876807843513
LOC150786,0.01884702992375986
FRS3,0.018846232271701322
RSPO4,0.018840667757319587
TNFRSF13B,0.01884043810142767
C1orf86,0.018834195043679804
MMD2,0.01883345450415459
HBE1,0.018832503956079258
CERCAM,0.018830282400360897
ZMYM6,0.01882829792827112
ZNF24,0.018825865554028907
SNORD116-4,0.018824421933893613
HBG1,0.018822682590874117
SIKE1,0.018812433425700804
C4orf22,0.018804545015834156
HMX3,0.01879339647938076
DCP1B,0.01878806277697527
C19orf43,0.018787577674736086
DHH,0.018787374223432976
WDR87,0.018784257178837634
RAB3GAP2,0.018783517126363728
AOAH,0.018782424082568257
KCNH3,0.018778452644041384
SIGMAR1,0.018776725061178702
CDC25B,0.018775845594882233
SYP,0.01877402163185461
ATP11C,0.018773444090492187
SIDT2,0.01877343628111996
SLC18A1,0.018772885761326387
LOC100131496,0.018770490238263576
HAUS3,0.018769659380133488
PHF7,0.01876903621342189
GLCE,0.018749418851128165
TXNDC9,0.018748559653475758
TOR2A,0.01874772053985834
SPAG17,0.018747601492257595
MSTO1,0.01874001150064796
LYG2,0.01873405458073294
RIC3,0.018726125909642108
MGAM,0.018720708122880843
RPL19,0.018720299905689023
MYL6,0.01871884389570154
PDE6D,0.018713530525922076
FDXACB1,0.018711182918391522
CPLX3,0.018709830345796433
ZNF629,0.018708388664452246
APOOL,0.018707853641243055
PLD2,0.018707176504644863
ACVR1,0.018704439391517128
ZNF226,0.01870302575380197
OXER1,0.01870226026010584
DDR2,0.018699145989770103
C20orf200,0.018695775777625354
ZNF492,0.01868624854081088
SDF4,0.018685706616027302
LOC339524,0.018679737512539107
TAS2R4,0.018674534990296872
ASB3,0.018668010086007016
RPUSD1,0.01866718564037321
TM4SF1,0.01866644757500003
PDZD4,0.018666417130946397
SLC19A3,0.018662729646035117
WNT9B,0.018660339624773935
PKLR,0.018654373907854935
GPS1,0.01864403252063972
FOXI2,0.01864290001663387
SETD1A,0.018641747251248158
ACER1,0.018633078574650793
FAM100A,0.01862008156598267
QTRT1,0.018615401372961384
CEBPE,0.01860947130315639
C4orf3,0.018609044608612575
GOLGA6L5,0.018604807633242584
C5orf20,0.018604160914393993
C11orf68,0.018597691701209815
VAC14,0.018594994175313836
WDR90,0.018594398140509286
NET1,0.0185932694516442
SYCP2L,0.018587721166890326
ANK3,0.01858111353553865
COG5,0.018564943589903227
DFNB59,0.01856304348909325
E4F1,0.01856253239733087
AP1S1,0.018561165690534676
TSNAXIP1,0.018559036769460448
PCDHB11,0.01855411478546552
C21orf129,0.018553742208737192
HELB,0.018552551782615265
FMR1,0.01855166713509497
SNX5,0.01854763934380197
SNHG11,0.018546469837393238
AQP11,0.018546277950643154
PER3,0.018544087666708776
PRR7,0.01854306504474539
ADIPOR1,0.01854055616989796
THG1L,0.018529578844991963
PQBP1,0.01852939735716848
ZADH2,0.018522831147067383
RBMS3,0.018521851463042936
NAT8L,0.018521592991740016
NCRNA00200,0.018520202882081897
ASPN,0.018518845366650185
LOC153910,0.018518300548756667
PPP2R5E,0.018517048969536043
CBFB,0.018516950874618347
OMA1,0.01851681054099117
MSRB3,0.018511043004366786
CCDC157,0.018507909299813163
GRM1,0.018507116213574995
MED29,0.018506361218565748
CCNYL1,0.018504796030175852
FNDC1,0.018504678937358656
PCIF1,0.018502096018591138
C17orf106,0.018500949961876897
DDOST,0.018499833190506902
TCTN1,0.01849949325891443
SRRM2,0.01849333226594378
C2orf70,0.018490174359157584
DCLRE1A,0.018487952040059392
HM13,0.018483608054929646
RAD18,0.018481299630898496
SYS1-DBNDD2,0.01848051080990258
ENY2,0.018470282605468027
ABCG5,0.018468613488917398
GLUL,0.01846833600370331
TPR,0.01846467911397292
CCDC28B,0.01846401689954046
CPLX4,0.018459551255205427
TMC3,0.018452700223679244
UBR4,0.018451219325669472
OXSM,0.018449660259870278
PIP5K1A,0.01844843822617322
SLC38A3,0.018448283840988438
TPCN2,0.018446451713890435
MOGAT1,0.01844630963102674
PNPO,0.018446188988756152
LRRC15,0.01844606946772704
PHIP,0.01843894831538145
GLT8D2,0.01843686473135476
ATM,0.018436439193837858
TPD52L2,0.018435321331295097
UTP23,0.018430218167967676
OXNAD1,0.018428684268635493
C8ORFK29,0.018425009568079444
CTSF,0.018423926952066523
OR2B11,0.018422443289959727
METTL7A,0.018417855643434452
FAM172A,0.01841671269018114
DOC2A,0.018416466132677077
SDHB,0.01841561823721014
KIAA1147,0.018415494624873106
CASQ2,0.018414547014197844
CDH20,0.0184140159265921
C10orf18,0.018412750708051553
C6orf145,0.018407139583439418
PHYHIPL,0.018398226477335092
TMEM155,0.018395058898209776
ZNF175,0.018394424132333786
TMPRSS13,0.018390800018826717
C14orf1,0.01838961563335394
BZW2,0.018388883205921837
PCDH15,0.018379240529301254
LRDD,0.018375968691043784
SNRNP25,0.018375563983009654
LHFPL3,0.01837490208894965
TACR1,0.018367343505919776
ACTR3B,0.018366058984837647
HHATL,0.018362798677750113
SAFB2,0.018361411177446718
VAMP7,0.0183606696054134
SEPN1,0.01835892979559519
LOC100133545,0.01835733259446617
KDM6B,0.018355426733580094
HNRNPC,0.018354351678370313
NAT14,0.018350398106505524
NPIP,0.018349922359414295
MDM4,0.018340449169953893
NCOA2,0.018326422643718972
CASQ1,0.0183263561576705
HIST1H2BN,0.018322646841324296
PRAF2,0.01832233890751232
DBNL,0.018315391129677897
C17orf56,0.018314672147159587
TMEM104,0.018314404002576563
C20orf118,0.01831220893656421
PROX1,0.01831203576019728
ARFRP1,0.01831049212476609
SSH2,0.01830505155135118
SNRNP70,0.01830210814654082
PPP1R2P9,0.018301015432873234
FFAR2,0.01829840214201994
NUDC,0.018298121140633616
RAB24,0.01829389852344307
TAPBPL,0.018281437755821417
C3orf42,0.01828069868483727
MRPS10,0.018278129443563603
RSF1,0.018273571563367574
CLEC11A,0.018270551676388958
DDI2,0.0182695241942059
GBAS,0.018269514188262545
UOX,0.018268328556317246
ELL2,0.018263679232115797
INTS3,0.018257253299949493
ADCK4,0.018255731864013316
HNRNPA0,0.018254522782633103
MED14,0.01825435074887081
NDST3,0.018251163322836366
ZNF267,0.018250817278947666
AP1G2,0.018249637491623137
MCAT,0.018243078862633523
TRAPPC2,0.018242966718493604
FASTKD1,0.018239159044224792
C11orf30,0.01822403364058189
HERPUD2,0.01822371732260402
NACA,0.018221572506800867
DCPS,0.018221181984661803
SETD4,0.018215050509869716
PDGFRB,0.018214794964708073
HEATR7B2,0.018212671432560112
EIF4EBP3,0.018211809681162174
ACAP3,0.018209516699622886
OTUD5,0.01820482623084749
VCX3B,0.018198523527340884
SLC4A1,0.01819395693506579
AKT3,0.01819122280612215
MAGEL2,0.018185686249543965
CCT6P1,0.018183010068565097
PKD1,0.018178488580560957
TMEM131,0.018176042388691846
SLC22A16,0.018167158088849736
LOC91948,0.018166545690724834
RD3,0.018162198849791228
ZNF585A,0.018158420793815463
ATP6V0A2,0.01814773036770699
THOC2,0.018147433824784932
STRN3,0.018146238051023684
TCHP,0.018145832026566448
ARHGAP21,0.01813796052289155
ING2,0.018134310124306434
MAL,0.018133334364148136
NUAK2,0.01813271740095178
SERGEF,0.018132345884228143
LOC100189589,0.01813121225238262
NEK5,0.01813108821533119
PPP6C,0.01812154916282379
CNP,0.018114577153233287
GPR89B,0.018113827121074417
SGSM3,0.01810845562831701
C10orf4,0.01809799745877013
XAF1,0.018094275563678118
SP3,0.018083980859439436
G3BP2,0.018079911558127562
LOC400657,0.018079894444501955
COL10A1,0.018078538550057543
ELP2P,0.01807846592800943
TCERG1L,0.01807675682308932
ZNF674,0.018064886355380456
OLFM3,0.018059970187562877
LCAT,0.018057971461110968
HYOU1,0.018056916028423166
C11orf46,0.018052987601663302
PHRF1,0.018049642224653526
SOHLH2,0.018049556126029497
ZNF787,0.018045689594287373
WASH7P,0.01804077882128758
NXPH1,0.018040572802489222
SON,0.018040503260357253
MUS81,0.018037546785263776
ZNF700,0.01802892532548381
SCAND2,0.01802323903410313
C1orf101,0.018017794796450284
ZNF570,0.01801647142432731
ATMIN,0.018015355824708184
GBE1,0.01801435873826827
CALM3,0.01801248187265331
LRFN5,0.01799534612821323
MKNK1,0.017992877499219965
STX11,0.017984759212391947
MAP4K3,0.017981813477703758
CNN1,0.017978446455027573
GPR85,0.01797793781178684
DCDC2B,0.0179765278234424
ZNF143,0.017974099818107568
BMP8A,0.0179726651885407
KIAA1161,0.01796775723188255
PCDHGA5,0.017956065590428196
CHCHD3,0.017947843955061406
IL17D,0.017947222618709978
TACR2,0.017942615933029343
GHRHR,0.017941048627533138
UFSP1,0.01793779898522748
CCDC90A,0.01793720947758528
LOC100133985,0.017936529445311208
VARS2,0.017929921928461216
NR2C1,0.017929820018169937
TFR2,0.01792632937578135
CHRNA3,0.01792407835606632
CSNK1G3,0.017923096340639058
CXorf42,0.017923090217383548
OBP2A,0.017920976533778065
CHRNG,0.017919309195148513
ZBTB6,0.017912544817423173
ARID3C,0.017910376065806245
SULT2B1,0.017909125103393653
GGA1,0.017908928108737725
CYP51A1,0.01790851021060413
SFRS12,0.017896242827610015
DDX31,0.01789064223033315
ZNF426,0.01788994144243294
KIAA0391,0.017885649195299065
OSM,0.017882989290442387
SLC22A15,0.017882143285788528
C17orf107,0.017881361415793023
UTP20,0.017876346220324756
B3GALT1,0.01787562170623583
STT3A,0.017874838103353864
C12orf52,0.0178748308346106
SLC35E1,0.017874399196566384
TP53INP2,0.01787289963537378
IPO4,0.01787143532900585
TCL6,0.01786507049016657
CCIN,0.017859065897519098
RABIF,0.017852296489468934
LOC401431,0.017851314993457226
GABRG3,0.017834856501747764
C1orf113,0.017834274409853895
GRIA4,0.01782496657712953
HIST2H2AB,0.017822360566902767
KGFLP1,0.017820591687976037
RPL32P3,0.01780673573519755
FBXL6,0.01780511648802522
ZFHX4,0.017799885296221424
LOC727677,0.017797008034545037
OR7E156P,0.017790577551177668
NBPF15,0.01778867898121222
NINL,0.017783728990373577
DMTF1,0.01778180810920988
ACVR1B,0.017780118313126175
AQP8,0.017779506895967027
ZCCHC5,0.017776594333129513
OTUB2,0.01777559306384334
RTEL1,0.017773011508586293
COX19,0.01776866099328199
TEX261,0.017768593212153672
ANAPC2,0.017765882478760778
SCGBL,0.017762810594189302
SENP8,0.01775970323077457
FTSJ2,0.017756999557709555
STAG2,0.01775461290242201
MTDH,0.017751101941559287
ZHX3,0.017744537743900203
PRKAR1B,0.01774446269380729
C6orf154,0.017741308556266818
PSMA6,0.017741032107551118
SIX6,0.017739095127768695
CLEC2A,0.017736243059556983
C2orf34,0.01773186409494396
C1orf77,0.01773149212296717
ENTPD2,0.017731150063244275
RAB40AL,0.01773043341869341
DYRK1A,0.017720726976776627
SLC31A1,0.017720107754192645
C13orf23,0.01771768713535556
JMJD5,0.017717679427881966
ZNF14,0.017710432743671976
COX6C,0.01770075684849386
HDGFRP2,0.017699063161075865
NMU,0.01769513273072064
FAM129A,0.017694995779368068
CEP110,0.017686273085127966
TMEM141,0.017683209386018757
SLC2A8,0.01767970312449927
ZFP112,0.017674636733620117
COPB1,0.017674347449231426
CHCHD7,0.017672593937277572
CDC14A,0.017669266581531392
RXFP3,0.01766914183538355
NARFL,0.017667283285889793
LOC100134713,0.017661694524271594
GLIPR1L1,0.0176565201628286
TP53TG5,0.017652479441035887
POLH,0.017649742923813987
KIF17,0.017649614114641856
TTC30A,0.017646883044243448
TOPORS,0.017643242073922257
GGCT,0.017640818964014805
AK3,0.01764045797649394
DHX38,0.017639101709971124
NPM2,0.017638428624048203
PDHA2,0.017637294208322628
TMEM35,0.017635222800657456
CC2D2A,0.01763277351397052
PRELID1,0.0176298282694848
TBC1D15,0.01762377353297997
OSBPL1A,0.017618242418897402
ARPC5L,0.017611161704517462
GTF3C4,0.0176055630687963
PAQR4,0.017605213144481803
BOLL,0.017601244867612675
URB1,0.017595560183351153
KLF16,0.01759397873596329
SASH1,0.017590583014064323
C10orf71,0.01759001055968443
IMMP1L,0.01758811022558211
LOC283856,0.01757802509384197
ZBTB45,0.017568810627245975
PEX6,0.017566633591626173
LIPA,0.017564002124908114
TTLL10,0.01756245412594198
SUMO1P1,0.01756047556326047
LOC284379,0.01755862101843492
RPL3,0.01755668924985715
LOC729991,0.017554036061284663
PPID,0.01754461894729511
RUNDC2A,0.01754299501733127
DLGAP4,0.017542940900412075
ZNF569,0.017535746213837904
OTOS,0.017532047166764264
C7orf55,0.017531354164536488
ESPNP,0.017529926705936276
SCAPER,0.017528588840839826
RPL36AL,0.017527418573341214
COMMD9,0.017526977291336936
ZNF600,0.01752480691377874
PRR19,0.017511335740341364
ARAP3,0.01751075939160121
GRIN2A,0.01750611634958679
GPATCH3,0.017501744063653676
CH25H,0.017472542903786997
HSFX2,0.01747058581199736
MT1B,0.0174669285646643
PABPC3,0.017463563280371217
OR10J3,0.017463395626355318
SBF1P1,0.017459541446274957
FTSJ3,0.01745781106275885
SLMO1,0.01745707576153716
PTGES2,0.017455400848642527
ZCCHC8,0.017447652287074747
TIFA,0.017444850187336155
PSMB6,0.017441808157498035
TMEM47,0.017436602056758503
ATG9A,0.017434993793571284
NME1,0.0174325809120516
XIRP2,0.01742729303113326
AQP7P1,0.01741698010713521
EIF2B2,0.017415821767968347
FOXJ3,0.017415488630606997
MOG,0.017414597615108697
METTL1,0.017414433905541316
KIAA1704,0.01741131668196189
SLITRK1,0.017411040253555225
ECH1,0.017408336759221828
MT3,0.017400587585156026
ZNF527,0.017398080063040722
AGAP3,0.017397282865747255
ZNF136,0.017392937865959995
ZNF828,0.017390186399244178
CRYBA4,0.01738662455267294
PPEF2,0.017386244365874062
TPTE2,0.01738334795122737
C22orf13,0.017378360144025193
MMEL1,0.01737712489497493
PARG,0.017375944272302435
DHRS4,0.01737151773015531
NAP1L3,0.017371144728865934
C8orf80,0.01737066279826796
FBXO40,0.017370571208917465
ABHD2,0.017364335712536767
EIF2AK4,0.017359991864503148
USP48,0.017356516570003085
MRPL21,0.01735582983956186
DNAJC30,0.017355469162807658
CXCL3,0.017354931521986274
DLEU2L,0.017351956306940645
RPL34,0.01735112715055162
SOX11,0.017349090687009686
SLC22A4,0.017347860739506848
CCDC36,0.017347748892843545
C19orf70,0.017346736575487458
NMRAL1,0.017346554062857785
TRPV5,0.017343829361351745
GPR162,0.017343492864433308
BAGE2,0.01734225415052656
ATPAF1,0.017337782998918517
JHDM1D,0.017334690996748475
TMEM187,0.017328875055676082
STMN4,0.017327934086071525
LOC100131434,0.01732792667654506
ZNF767,0.017327387514189607
TM6SF2,0.017324572587992696
NRBP2,0.017323770324825995
ZNF782,0.017323706744192383
GCC1,0.017321752938865606
ACSM2A,0.017317732146446406
TOX4,0.017314423998105878
APBB3,0.017313911373858647
CACNG8,0.01731212140305335
TMEM88B,0.017310813328650594
ZBTB44,0.017307718844631618
DNAJB7,0.017302088316042217
ZMAT5,0.017298960818735692
C1orf52,0.01729626879172195
TPMT,0.01729578590489414
DNAJB2,0.01729294817165571
SLC25A39,0.017289834979742204
GSPT1,0.017286917413639677
CD36,0.01728440582927884
TBC1D9,0.017280892848208475
ZBTB40,0.017267909670326747
KITLG,0.01726522332290762
C17orf51,0.01726324168922166
COBRA1,0.017263059297330102
GLTSCR2,0.0172548550558565
ZZZ3,0.017254649961250326
WDR46,0.017254469912642574
NFYC,0.017254319004221412
NKAP,0.01725329230946689
GNPAT,0.017251527551084764
IQCF1,0.01724989505918362
C8orf56,0.017246386196397276
FAM171A2,0.017245295826856185
KHDRBS1,0.01724314257917829
SF3B2,0.017238543335184663
HERC3,0.01722838961000098
LOC442454,0.017228353419742784
EBPL,0.017227693747972884
FAM41C,0.017227546251792562
PLA2G7,0.017226368323427707
SCGB1A1,0.017225182433455704
C1orf92,0.017223327542646626
KCNG4,0.01721903182209466
PMPCB,0.017218950031268474
LOC728606,0.01721370896384856
C14orf166B,0.017213003227048652
SLC26A7,0.01720765563429583
LAIR2,0.01720667401784385
CYP2C9,0.017197506540132895
PRSSL1,0.017196855535463136
YJEFN3,0.017196808125733144
CCDC141,0.017194349878478458
RBBP5,0.01719295228018979
LOC100302650,0.017191656811266647
MCTS1,0.01718993938181327
EPHA6,0.017184441417690054
C19orf41,0.01717988054674835
HUWE1,0.0171794624367011
CTR9,0.017177827175914602
CA7,0.017166885169358624
C16orf7,0.01716448379178477
ZNF692,0.017162958812456188
SLC2A4RG,0.017160242747842464
RBBP6,0.01715720651631754
MOSPD2,0.01714966188930384
CPNE2,0.0171387754882488
DNAJC24,0.017137311537886543
SAC3D1,0.017134245911185845
MRPS28,0.017132820320245025
CCDC82,0.017125159374158754
STYX,0.017123038322556523
ANKRD34A,0.017121801674851573
NAPG,0.017120705636256686
RAB36,0.017117762605628337
CDK11B,0.017112561834543284
HTR1B,0.017110168922137823
MGAT3,0.01710728229769223
SNRPC,0.017106215122760865
MPV17,0.017098178284994634
OSTC,0.017084948215892536
SYCP1,0.01708396054470001
PIWIL3,0.017082104562866785
LOC399744,0.01707646131996464
KANK4,0.017074396609423823
MGA,0.017070903650179582
PARK7,0.01706888475592823
PIWIL1,0.017046272204084417
NCKAP5L,0.01704001026393345
PRPF40A,0.017040007285310986
NRL,0.01703919774333431
EIF3E,0.017035886911452726
HPS3,0.017031148573108845
WDR20,0.01702140666413974
KBTBD7,0.017021289338984193
SIGLECP3,0.017010427982877982
C20orf85,0.017008160517744134
AGAP1,0.01700764564728919
CSH2,0.017007033943112787
LCE2D,0.01700499767318269
SNX1,0.017000051170799793
CLCC1,0.016996246874656257
STOML1,0.01699375087517484
PLA2G4D,0.016988756191332156
DSCR6,0.016984327020408318
LOC100129387,0.016984235611200063
LOC282997,0.01697603610977546
LSM2,0.01697464598753914
C14orf23,0.016973274764526872
NGDN,0.016972904005640804
PTPLAD1,0.016969305166782453
C11orf74,0.01696896298302306
NACC2,0.016964758457868937
INPP5A,0.01695946753013818
C7orf25,0.016954708904671077
NUBPL,0.01695230257742205
CCL19,0.0169498733078144
NAA35,0.01694414195550224
PNPLA5,0.01694343431327612
PRDM2,0.016937083687792752
CDK5RAP2,0.016936936189665516
NME2,0.016934697929265843
STK38,0.01691764917157478
PCOTH,0.0169139054030908
PEX11G,0.01691289240506328
C4orf10,0.016911778851306642
NINJ1,0.01691031219642489
AARS2,0.01689090395921441
DLEU7,0.016890054484801815
LOC100133469,0.016888497718379674
ZCCHC10,0.016888272036308882
PLEKHJ1,0.01688138565202399
ZNF793,0.016880734479251844
PLCXD2,0.01687757540657144
TRMT61A,0.016876339370554033
DYRK1B,0.016871887505303232
C19orf20,0.016866498090953575
SCYL2,0.01686492778838568
UBXN8,0.01685883467162977
C14orf180,0.0168496486430073
PPAP2B,0.01684087254558499
SLC35D3,0.01683623541591594
FAM158A,0.016834048390163146
SLC39A10,0.016828277268709082
ZDHHC23,0.016818294128599514
PTK2,0.016815112265494227
CDK5RAP1,0.016805384293375115
PPRC1,0.016800308002725743
DPT,0.01679950908174543
ZNF480,0.016798565465237763
VPS36,0.016797049886122566
AIMP2,0.016792988264824955
ACTN2,0.016792388610156913
GSTO2,0.01678950666727
ANKRD13D,0.016785672214551333
PKNOX2,0.016770642586980328
KRT35,0.01676633587443094
CNTNAP1,0.01676255361771004
OPTN,0.01676001039694833
ASB11,0.016758789307217706
RNF10,0.0167545284472432
NDUFAF1,0.016746394734953502
C6orf118,0.0167452402182488
ZNF484,0.016738171879523936
C10orf111,0.01673674348636804
TOP3A,0.01673422223350885
NFE2L3,0.01673324734901108
NHS,0.01673170031765895
ALS2CR8,0.016731228577381865
TMEM86B,0.016729065445548003
BBS4,0.01672836080003266
USP18,0.016725835089108222
C2orf47,0.016719508575153794
OAZ2,0.016718052760446418
HNRNPD,0.0167146370046528
LARP1B,0.016713377410724064
NELL1,0.016703830088422966
ZFAND6,0.01670381871821813
LOC91316,0.016703098828635608
CD79B,0.016703022671301575
EIF2C1,0.01669957650995407
NOTUM,0.016698317293250373
TMEM143,0.016698272042401596
SUGT1,0.016695752561240937
FUT10,0.016693677850395792
MTX3,0.01669016585514494
PWP2,0.016683867748085293
HIPK4,0.01667964629613473
MARCH5,0.016679601298472457
TFF2,0.016671169222393797
HNRPDL,0.016670373251053423
SLC25A22,0.016669768343552455
HCG9,0.016666952611114123
POPDC2,0.016661486131631653
SYCE2,0.016657540124712406
DPP7,0.01665711284977617
C7orf69,0.016655892040835722
LOC100190986,0.016654705905662738
RLN1,0.01664845220867448
LOC100133957,0.016647884077898585
SIX5,0.01664753431779611
HEATR6,0.016646349110575515
CCDC23,0.01663738553665385
AFMID,0.016636535824905544
GSN,0.016636121442302934
LDHAL6B,0.016633296249455986
PRSS35,0.016632270158529867
C16orf73,0.01662702191953821
LOC143188,0.016625736344212844
HMGB3L1,0.016625155519364793
RBM15B,0.016624355174545215
CHSY3,0.016621886537297435
TMEM212,0.01661683622406953
TNNI2,0.01661554035163082
ITM2B,0.01660853559744749
SHKBP1,0.016606000321083447
MAP3K6,0.016604368175493385
C10orf129,0.016601439773061798
CXorf38,0.016600406827662378
LOC595101,0.016597065337687292
KRTAP4-9,0.01659518677236635
NDUFC2,0.01659189047132677
NCRNA00113,0.016587239602036154
SCFD2,0.016582300889362512
LEAP2,0.01657765475292398
HMGXB3,0.016572130894441758
TSG1,0.016568477876364396
RAD51L1,0.016568274511958272
HMHB1,0.01656690017346814
NAALADL1,0.016559659016780928
PRDM10,0.016557206511079912
IMPAD1,0.016554627686624152
HSPA6,0.01655380035234956
AKR1E2,0.016550867670714224
GRIK4,0.016543195311594136
TCEAL2,0.016542316633088566
FLJ13224,0.01654011074893249
KLF11,0.016532455548382098
C3orf51,0.01652676119466045
TXNL4A,0.016523536069121623
DET1,0.016520487293633774
TOM1L2,0.016514288888986976
POMZP3,0.016511864849507528
MBLAC1,0.016511536855538883
ZNF323,0.016509146067285582
ZFAND1,0.016508813211965654
INO80,0.016504256529893617
TUBB2A,0.016500071336675606
RAG2,0.016498037862132595
HCG2P7,0.01649380621167708
RNF128,0.01648988782369745
ZNF688,0.016487084931661445
ASS1,0.01648301896703079
BANF2,0.01648244900288343
SEPT7P2,0.016478347942309377
DCN,0.0164767639795191
SPSB1,0.016476691165764817
APOF,0.016476593967417637
KIAA1012,0.016476585924797733
AXIN1,0.0164717074778642
C17orf70,0.01646964980544749
PROSC,0.016467132643569974
FUT11,0.016465375988497052
CALHM1,0.01646345986484406
IRF4,0.016461131385635167
RFX6,0.016459049590120046
RSC1A1,0.016457344783875148
ABRA,0.01645623124133457
SLC25A34,0.016453114592784323
CALML4,0.01644787554167277
SKP1,0.016443344840813202
CCDC78,0.016436437024769556
DBN1,0.01643109136847288
C1orf14,0.016423367037849284
NLRP9,0.01642022955645377
FAM19A4,0.016420156084945948
PKD2,0.016419518935079216
RPL32,0.016418996737497023
HTATSF1,0.016416281449264575
ZNF12,0.016414130746367734
PGLYRP1,0.016413045990628913
MAGEE1,0.016409579856459317
ZDHHC20,0.016408289984847647
LOC284441,0.016407353130799763
RTKN2,0.016406463887849568
DHRS4L2,0.016403397944857876
POLE4,0.01640083367493594
POU4F1,0.01640002275462958
C1orf107,0.016396510310430403
FAHD2B,0.01639610669913438
MAGEH1,0.01638538164502902
MAP7D2,0.016384900474159834
SRP68,0.016384026049517435
HARBI1,0.01638136962770463
EFHC2,0.016379833398413046
CAMP,0.01637963815298417
HSF2BP,0.016376919885766974
TMC1,0.016375916930240972
SMAD5,0.016372335261249225
DDX55,0.016370689812085247
AZI1,0.01636728140765737
GPSM1,0.01636554355746466
RSPH3,0.016362337737459584
HTRA1,0.016360177206759502
LMAN1,0.016356928949205016
TPH2,0.01635324639144742
RANBP2,0.01635311349560475
NCOA4,0.016348822492485673
SPIN2B,0.016347869292432794
POTEG,0.01634753860025581
NCRNA00183,0.016343732758672735
ITM2C,0.016342749233926708
AMPD2,0.016337142188583783
UBLCP1,0.016335980093739474
UEVLD,0.01633274619150031
MACROD2,0.016330038035099203
CCDC126,0.016328940644925582
NDUFA1,0.016328646756638622
LOC643837,0.016325560243788118
ASH1L,0.0163087969509006
MLL5,0.01630816027948963
COG7,0.016307931992356535
KIAA1841,0.016299959419354536
PEX14,0.01629559840403296
ZNF668,0.01629362269587457
AKAP14,0.016292241650094873
BCAT1,0.01629139181973542
FLJ10038,0.01628580484318251
TGFBRAP1,0.01628546211357668
BDKRB2,0.01628285096416931
KALRN,0.016282591815139184
SPANXN3,0.016280698619221188
TARS2,0.016279036791468016
CLIP3,0.016274218394947117
RBM7,0.01626862997689631
KANK1,0.016268554485798975
C7orf27,0.016267389077446164
C16orf81,0.0162659504244958
MRPL23,0.016261890939568674
BTN1A1,0.016260985233923667
C12orf60,0.0162591857689887
PDS5B,0.01625916638530193
IL5RA,0.01625833745627485
SLIT1,0.01625627684779529
OR52N4,0.01624940357850402
POM121L1P,0.016249205839393155
AEBP1,0.01624342389477743
TUBA3C,0.016239494293261065
RERG,0.016234329408993674
ETV3L,0.016233491211642328
RFC1,0.016229549964037415
LYPLA1,0.016229543507904395
HTRA2,0.01622394070862676
NUDT4,0.01622077475930795
HIPK3,0.01621537867534701
PCDHGC5,0.016212916822851163
SPAG7,0.016210662421986134
GRM8,0.016208333717140967
RGP1,0.01620825080927573
BRDT,0.016203406877755337
TDRD12,0.01619819989401687
C17orf49,0.01619052001200135
C10orf78,0.016189907601749938
GOLGA8E,0.016186163798176226
GPRC6A,0.016185682911987815
TEAD2,0.01618533398020761
AKAP8L,0.01618439907548984
RABGAP1L,0.0161809059197193
XKR7,0.01618081061593477
ENO1,0.016180768883817295
C3orf47,0.016169308963559698
NOL6,0.01616726003371973
DIMT1L,0.016161769836740742
ZNF660,0.01615509220673633
MYO9A,0.01615260795033809
PCF11,0.016142628380390205
ADAM6,0.016140961266847484
C13orf38,0.01613504237796743
GAA,0.016132088383364433
ZNF319,0.016130189590227374
NDUFV2,0.016125073463404485
AGXT,0.016123702547062368
FOXN2,0.016116543211040404
CDC73,0.016114893620935707
LRRC23,0.016114634068339104
TLR5,0.016113224741385275
RPS6KC1,0.01611073501949622
CNR1,0.016110011497567748
SAA3P,0.01610693604549539
UBL5,0.016106180478438568
ZC3H13,0.01610313981651042
NAALAD2,0.01610149978034551
RSBN1,0.016100640517367863
UCK1,0.016100166936213665
OFD1,0.0160979102750196
AP3M1,0.01609570358116724
CETN2,0.016094595090614186
PSD,0.016086139768012
POLI,0.016082235910333042
C9orf163,0.016079529185368573
ZNF528,0.01607952885526961
SNHG8,0.0160682696329529
CD300LD,0.01606219323495721
NOX4,0.016061999865841725
HEATR7A,0.016053398777574706
FAM3A,0.016051653549681674
C2orf7,0.01603636637937273
BCAN,0.01603339527909201
ANKRD33,0.016029756564278293
C14orf129,0.016024321323348314
NPY6R,0.016022653477737996
LAMB2L,0.01600963238273471
SNORD97,0.015998843111124598
C21orf121,0.01599567216365704
RPS25,0.01599458180029683
TSEN34,0.015992878410129016
IRGC,0.01597372926704408
C7orf43,0.015971690458868492
PUSL1,0.015968886332269765
NAGA,0.015967988847702685
TBC1D5,0.015966404058637234
CD79A,0.015966179676750406
RECQL5,0.015962959048339588
FGF21,0.01596203692964536
NAPA,0.0159612748846034
FLJ45340,0.015945542863225103
UNC93A,0.015940823886492057
PEX7,0.015938447999292244
NUDT7,0.015930332356891924
C22orf29,0.01592566724311152
RBMX,0.015921919413005577
CENPC1,0.01591695906887724
RASSF8,0.015910159149739225
MCART1,0.015907645757183786
TUBGCP6,0.0159058881336755
IRF2,0.015886972403352226
TRIP11,0.01588687095954362
TGM6,0.015886444646897015
LCE2A,0.015884344435286794
LRWD1,0.015883903401902415
EDDM3B,0.015882161772430032
C6orf108,0.01588146686650668
RENBP,0.01588043225886435
IKBIP,0.015878012831628242
SRP14,0.01586881065035414
RAVER1,0.015864280064007842
THOC7,0.015864250366151203
OSTCL,0.015860993122454318
BCLAF1,0.015851508502856083
LCE2B,0.01584325047177708
LOC100289341,0.01583877618093712
UCP1,0.015830554926927663
COPG2,0.015829798946432407
THRAP3,0.015823046104953577
STRA13,0.015815024758979564
TECPR2,0.015813352280711415
PAN3,0.01580636919901057
UBA1,0.015804699417944112
ZNF560,0.015804081756171273
FSD1L,0.01579977593283627
IFIT1,0.015796560032286133
CADPS,0.015794954784420598
NOMO3,0.015793667197324154
EIF2B3,0.01579248371113781
GRSF1,0.015788394994495285
GUK1,0.015782225325986943
ARG2,0.01577966391647029
SGCD,0.015778241558696168
APC2,0.015771565813654475
BFSP1,0.015766310753314618
RNASEH2C,0.015764081294412553
INE1,0.01575464976838261
ZNF30,0.015745929534265728
IRX1,0.015745842243783486
INHBC,0.01574541160813763
PLEKHA4,0.015744376884522793
CES7,0.01574026064370936
OR1F2P,0.01573999556342209
RNH1,0.015736895295277532
RNF114,0.015733808731581526
ADAMTSL5,0.015731415040319066
ZNF764,0.015722754526998745
ZC3HC1,0.015717901915218716
DYNLRB2,0.01571677957693437
KLRF1,0.015712823146156275
CRNKL1,0.015711971448875477
OSGEPL1,0.01571096354035906
PKD2L1,0.015709476084701905
CEP57,0.015696166563396997
ZNF420,0.015694545253438316
KCNJ5,0.015692632390590416
ALX3,0.015688960757536837
C17orf48,0.015685095729121506
MITD1,0.01568392961668362
CTAGE6,0.01568309999442488
NPTX2,0.015683022003102193
ZNF572,0.01568033157339706
C7orf16,0.01567866799971284
ODF3L2,0.015677769711351038
NCRNA00182,0.01567723663572932
C9orf91,0.015676843798695158
TRIOBP,0.01567653454124471
EDIL3,0.01567581386131319
BCL3,0.01566459126100188
LOC348840,0.015660183631349744
GABRR2,0.015657978866788276
?|340602,0.015650932196683967
LOC285629,0.015649407727668256
SNF8,0.015649033918436823
FTSJD1,0.015648489996311653
MYCBP,0.015645829501596292
PEX5L,0.015644878050799876
SMEK3P,0.01564159499331625
NUCB1,0.015641587991902624
DMBT1,0.015637874994626818
CLK2,0.015637397179464566
LOC100130557,0.015637025970096873
LOC154449,0.015634530552079858
FAM40A,0.015632332087659014
IRF2BP1,0.015629086651299525
C6orf59,0.015627411328318748
ADAMTS13,0.015627370332287942
PCP2,0.015627257867036923
COX17,0.01561957853331551
RNF216L,0.015617572616390452
DNAJC18,0.015612218525342808
NAT15,0.0156106097379204
GRM2,0.015604484325076134
NEDD4L,0.015602936197686934
NEU2,0.015597600159943761
C19orf61,0.015597253429407086
TTC29,0.01559623064253596
ZNF784,0.015590040614438768
PJA1,0.015588280060882804
PEX13,0.015586521585605017
C19orf6,0.015584079940233034
SNRNP48,0.01558375091979066
CALML6,0.01557901880367583
SMYD1,0.015567763332206209
ZFP14,0.015561060131636573
RNF24,0.015560539735990747
ZBTB43,0.015557700172566845
PSMA3,0.015550909949355719
PPBPL2,0.015550386522529191
CYGB,0.015541867836317806
C16orf53,0.015541468604077192
FAM13AOS,0.015538648286497585
CLDN15,0.015538267702532891
TSPYL2,0.01553789335560368
APOA4,0.015527185560821732
EFEMP1,0.015525816839175472
BRAP,0.015524452074414939
ROPN1L,0.015520683000080618
PROS1,0.015518605445187721
LOC100131193,0.015510950481122941
GRXCR1,0.015506609418433922
GJC1,0.015503627664760784
ACTR2,0.015493400830488568
ARHGAP33,0.01549076891321581
GNG3,0.015481643323725163
TRAPPC10,0.01548147370307985
ZNF641,0.015481147215848652
HINFP,0.015479322004508408
SCUBE3,0.015477147527249737
KIAA0125,0.015475089960311293
BAT1,0.01546945829119324
VHL,0.015464043792268
C9orf150,0.015463657254039318
TUBB8,0.015459919106187225
SIGLEC6,0.015459079381197652
GDI2,0.015457063923632903
HLCS,0.015456650366243422
PSMB3,0.015453225749191524
HERC1,0.015436457024569255
SLC25A14,0.015430286731836116
HIST1H4I,0.015415895946197527
ACOT9,0.0154122590209838
DDX56,0.015411751930854254
NPFF,0.015408023196832146
SRGAP2,0.015397703391648246
ATP13A1,0.015392768260879493
ERAS,0.015388929811920249
NEBL,0.015388575181877247
AATF,0.015383079584431733
C6orf57,0.015380256862376707
EPB42,0.015375566119697252
METT11D1,0.01537465595774833
KCNE1L,0.015373612894954324
OR2W5,0.015371830369511522
ISPD,0.015366725072551064
APITD1,0.01536553229798044
PCDH17,0.015358477399748788
RNF11,0.015357855156860764
HMG20B,0.015357216047243175
TCEB3C,0.015356734347742913
WNT5B,0.015352620830031232
LOC400804,0.015346992386339861
TREML4,0.015339816405067931
RPS6KL1,0.015339427006910149
FBXO15,0.01533522260910828
C1orf125,0.015325877707568356
CEP70,0.015325448675921534
ROD1,0.015323039128566423
IZUMO1,0.015322735548544783
RAD54L2,0.015322064839328192
CCDC123,0.015321664283906591
LOC541471,0.01532146020114476
FAM50B,0.015321459633898962
CRYGC,0.015321166120464363
THAP2,0.015313762775081279
ASCL1,0.015311912869972785
TBC1D13,0.015304140051794955
PCDHB8,0.015303565838367198
RPL10L,0.015296089478245602
FABP6,0.015294790054870949
DDX51,0.015292780578914264
IL13RA2,0.015291055686570604
RBM42,0.015290309183102703
PYY,0.015288863231091215
TMEM208,0.015287958717061163
MAPK8IP1,0.015283167848611504
KCTD10,0.01528172073437978
FCRL3,0.015280485695370372
SH3BGR,0.015280427576694618
FCAMR,0.015275339831869444
ATAD1,0.015269223008733509
FTH1,0.015267630483415683
C6orf134,0.015264074236900724
SDAD1,0.0152635789370991
C7orf26,0.015262327054423994
SULT1B1,0.015256547467785514
CCDC106,0.015249139717622725
MSTO2P,0.015249090838843037
MIOS,0.015248191338297457
TUBB4Q,0.015246581061475679
KATNAL1,0.01523914045848014
GOT1,0.015238337413362219
CFHR2,0.015236885197791532
YPEL4,0.015228985985228522
TMED3,0.015219007120253139
GRN,0.015213798230898272
AMELY,0.015209668831609735
UQCR10,0.015208432281252281
SFRS17A,0.015205842020352453
SIGLEC8,0.015204580585575873
AIRE,0.015194793370605713
RAB13,0.015188518521509174
NPAS3,0.015187061429103409
MRPS18A,0.015186969773852461
RUFY4,0.015186036720074916
GPHA2,0.015184159265281928
ACADVL,0.015182040680998484
STAM,0.015180010917786667
CXorf40A,0.015178460669292695
USP22,0.01517805998771274
VIP,0.015167729463922095
HBB,0.015167588083553564
RICTOR,0.015162270324216397
C9orf47,0.01515934190155602
ZP2,0.015158944290172262
ZFAND2A,0.015158456164129369
RPL26L1,0.015158354300058892
FXYD7,0.015152515047413814
TRIAP1,0.015152007588276568
LOC644669,0.015150082424487047
C17orf74,0.015145282307578296
NPLOC4,0.015142576315165043
CEACAM20,0.015140943365974678
PRPS1L1,0.01513992831290328
C8orf51,0.015139925756754347
RBM41,0.015138854576248577
CNGA1,0.015138332544365321
MTMR10,0.015135926617486199
FRG1,0.015133623564138405
BAT2,0.015131413615394527
CCNT2,0.015129777035852133
DNAJC8,0.01512845559182562
ZNF772,0.0151274913280157
FASTK,0.015119656836765109
SLC35C2,0.015116688179462453
CSDE1,0.015113862047256107
C2CD3,0.01510916732337338
ELF5,0.015108702778648972
CEND1,0.015108245337820778
KIAA0355,0.015108052628356496
CLVS1,0.015106529086609312
FBXO21,0.01510475547772428
RPL10A,0.015104018931217184
DNTTIP2,0.01510317894603886
PPP1R3E,0.015091928949769308
UGCG,0.01508913453854793
TMEM5,0.015088019338015487
HNRNPU,0.01508518483846401
LGR6,0.015083464609587384
NOC4L,0.01508286343715631
MLL2,0.015074924155246371
PNPLA6,0.015071571546667203
TREML2,0.01506993113919885
THNSL2,0.015067678545754
ARFGAP2,0.01506713139408336
LOC440461,0.015061116075901956
ZNF461,0.01505986559639537
TESK1,0.01505884329014099
SPINK8,0.015057215558462731
ADRA1D,0.015052735939572652
DYDC1,0.015049347195001537
HIST1H1T,0.015047970360759173
C13orf35,0.015041876262361989
DIS3L2,0.015040071800339463
AGMAT,0.015038350629151945
NR5A1,0.015038180577849416
SPPL2A,0.015035928578768813
PTBP2,0.015025098640020332
RABGAP1,0.01501857498196312
TAF1C,0.015014650957370423
C5orf52,0.015012084292978938
BLVRB,0.015006146302667344
PCDHGB1,0.015003556944024192
RAB1B,0.015002908231500403
ATP9A,0.015002629546525526
RBMY1A1,0.014998086138026754
GPR89C,0.014993327402697177
MAGT1,0.01498759770025172
BIRC6,0.01498424400405829
ZNF20,0.01498385995947926
ST20,0.014976572316975089
PRKACB,0.01497518880664503
HIP1R,0.014974776902064172
NLRP5,0.014972221534224157
KIAA1024,0.014969070371253857
DDX4,0.014959943043147456
CDCA7,0.014954211397454238
PELP1,0.014950821682484782
MAGEA8,0.01494489926655471
MGAT5,0.014942540727667574
AGL,0.014936685872150352
CALCRL,0.014935525303408883
COX15,0.014933517655129524
GRIN2C,0.014931335568754778
C16orf5,0.014930930258864895
ACTG2,0.014930350316285037
NGF,0.014929861384663928
SPTLC2,0.014927020957471683
CNGA4,0.014924406063721887
TARM1,0.014924308683220878
DIP2A,0.014915165605257899
TAS2R60,0.014913849292720048
RPL10,0.014908586588294487
CBWD1,0.01490320663359954
ADCY8,0.014900135223570869
ANKRD9,0.014896724544766732
LDHC,0.01489421844541676
ANXA7,0.014891697204166299
WIBG,0.014884136531175486
OR3A1,0.014873265056579618
SLC6A4,0.014869487023448081
C11orf71,0.01486865971611033
C10orf131,0.014867574829256453
GRINA,0.01486455698586244
RUSC1,0.01486091200244014
ZCCHC14,0.014857598547403207
NFYA,0.014852526583876898
TEKT3,0.014852314547856125
CPPED1,0.014850523335876076
PDZRN4,0.01485036709780567
ZNF354B,0.014849906642835167
C6orf130,0.01484924254875086
CDC14C,0.01484879849145728
SPDYA,0.01483712177773192
KARS,0.014828457980235453
OR5H6,0.014827172603334415
ANKRD36BP1,0.014824522213948872
OBFC2B,0.014823798330925304
CCDC37,0.014823794112329414
PNN,0.014821818447316797
SP7,0.01481927538112911
LOC286359,0.01481916973777493
NDUFS7,0.014817150513766456
SEC11A,0.014816624200712855
GLTSCR1,0.014814134384179788
ZNF8,0.014812295497640515
MEX3D,0.014807981467892289
FAM173B,0.014801490576564682
OXA1L,0.01479977758424566
STAG3L3,0.014798289875445915
APOC3,0.014797110899371576
MRPS31,0.01479298920665873
IMPDH1,0.014792876738509193
WASF3,0.014792188761673195
C18orf16,0.01479094273460008
INO80B,0.014788981054966796
RPS14,0.014787490844525566
KBTBD2,0.014783048587662311
C16orf79,0.014781800359759638
CRELD2,0.014780526327249214
MAVS,0.014779610387805847
MORN1,0.014773420854960334
PPIAL4D,0.014763842917938388
SNORA6,0.014761637260560467
ATCAY,0.014759309369273681
WASH2P,0.014756165778698295
ORMDL2,0.01475579675999399
TOMM6,0.01475189598628211
NACAD,0.014745422749545422
LYRM1,0.014742697008499301
CUL3,0.014740088956640949
C17orf80,0.014739300993337633
FBXO31,0.014735682988000275
UTF1,0.014728839703781063
HIRIP3,0.01472665904297626
SLC16A13,0.014726038193156139
SLC25A13,0.014725233741488555
ZNF37B,0.014720074354575358
CLEC17A,0.014713597843241224
C14orf70,0.014709497286891669
LOC642852,0.014707298304088887
IMPA1,0.01470501349903952
GPR68,0.014696547513359472
KCTD13,0.014691339257990887
HEMGN,0.01468932289744487
EIF4E1B,0.014688782221217923
NDST1,0.01468782080409754
EIF3H,0.014684286881040764
MRPS33,0.014676563312766788
EIF4G3,0.014675354091460828
ZNF236,0.014673950774155911
ATP6V0E1,0.014672876963274852
SUPT6H,0.014671988514295757
MAST1,0.014671868389978663
C9orf16,0.014671534735614297
PPP1R9B,0.01466892579960055
C20orf173,0.014667856157440663
ATG9B,0.014665729206246515
MATK,0.014664245433459894
GLRA4,0.01465861490436077
KIAA0100,0.014657067397933923
LOC157381,0.014655720199446835
ZNF587,0.014655606684525578
CYLD,0.014654807949187951
UBE2F,0.014642550129857969
MIS12,0.014641383309696231
TMEM55A,0.014637233499103727
TRPT1,0.01463412634570547
TBCA,0.01463379396943843
CALR,0.01463339115969036
PPAP2A,0.014632690875809469
ZNF707,0.014632245774938525
SNTG2,0.014631451591335116
TMED10,0.014630816336534097
PTPDC1,0.01462951300192769
CLEC4GP1,0.014628873621291016
SND1,0.014623297461338714
C6orf165,0.014613623150673579
STK19,0.014611680644545155
THBS4,0.014608215321973202
GCN1L1,0.01460704962432211
EXOC1,0.014600529657534453
IGF2,0.014599935660953599
ZNF135,0.014594809773668263
RPA3,0.014587619792657335
CDKL1,0.014586817307825134
ZNF425,0.014575428900739935
IL17B,0.01457265815340496
RPL13A,0.014567317288732439
PGS1,0.014552805674000455
LOC441294,0.014552062297495666
HN1L,0.014550266297180878
ABAT,0.014549066803611264
FAM55A,0.01454823206397442
LOC283867,0.014536552724901857
MRAP,0.014535961643810422
CORIN,0.014528897475982723
KIN,0.014525698594088195
RPGR,0.014525011200624962
ESR2,0.014524984712749696
PRKRA,0.014524207389480381
MIF4GD,0.014523238285784598
SNORA2A,0.014518292985346867
RFT1,0.014515286907225694
SCRN3,0.01451381357340894
OASL,0.014511651128322403
CYB561D1,0.014509079721588188
CHPF,0.014497954214056882
HNRNPH3,0.014490731392089833
LOC148824,0.014485609054757953
KIAA1683,0.01448332873603404
PRMT2,0.014480143865016157
HSD17B7P2,0.014477921248468077
ATAD3A,0.014473067967355402
ZFP30,0.014471466976249223
ARPC3,0.014463439617339969
PEX10,0.01446245136290452
FAM45A,0.014462269686842123
TLX1NB,0.01446038153647577
OR51E2,0.01445884947226795
RPL30,0.014455221756210505
SMEK2,0.014431919463467646
NFX1,0.01443142432424569
SUMO4,0.014427933637590038
NFKBIA,0.014424959372041758
TTF1,0.014419969431373846
NUPR1,0.014418778062047437
HCP5,0.01441143651188468
SEPT9,0.014411304239859436
AMPH,0.014402978505249558
PCDH18,0.014399456510668745
RPS4X,0.014398714189244897
TMEM67,0.01439719656517713
THEM4,0.014394095005631123
NDN,0.014393390515991372
VPS26B,0.014389278950733345
ATP13A2,0.014388001686084565
C14orf135,0.014385937213858018
VPS33B,0.01438338024028953
EAPP,0.014378388146959962
NCRNA00188,0.01437833472325705
TNFRSF17,0.01437599633146214
DDI1,0.01437305724340571
SMAP1,0.014371639464331861
PLA2G2A,0.014367612635191606
AQP7P3,0.014363013766681344
SPTBN4,0.014362054523047415
SSX5,0.014356691196831254
POC1A,0.014352972655662018
GPR107,0.0143509077244518
ANKRD36B,0.014349464868229914
CHCHD5,0.014349306484855414
RAB3A,0.01434863416313267
HES7,0.01434634670105083
TMPRSS9,0.01434582368451454
ABCA17P,0.014339777691793778
ARL6,0.014339591008480427
HIGD2A,0.01433920690629418
YLPM1,0.014337824150373763
C8orf86,0.014328676626580198
SRRM1,0.014326558551133226
GBA3,0.0143209396319013
ZNF567,0.01432073520476628
SGK223,0.014317088596885958
MDH1B,0.014306855344561813
SF1,0.014301714890385576
RPL37,0.014290591085610815
SP2,0.014290539394707364
LMX1A,0.014286821031726005
SDHC,0.014286411547578
IFNA8,0.014282059278994567
AASDH,0.014279494924594644
PHOX2A,0.014277534175996528
SRPR,0.014277031877530688
BAG2,0.014270401626366447
RPS15AP10,0.014264231612899868
C1orf220,0.014263532569054424
FAM46D,0.01426034383292951
MOBKL2A,0.014255117973676878
SLC27A3,0.014251758576152894
PRPF18,0.01425018457883584
SIGLEC12,0.014246747457596019
ZNF215,0.01424062722563244
ANAPC16,0.01423728068700943
ST3GAL6,0.014235183072361334
PTTG2,0.014234088572980816
ZBTB48,0.014232735109298603
CPA1,0.014232705644107408
SEMA3G,0.014231949462349543
BEGAIN,0.014229268726055741
H2AFY,0.014226886091274087
HIST1H2AJ,0.014216996113316959
NPEPL1,0.01420921676485671
COX7B2,0.014207951584442395
GRPEL1,0.014204533411833958
PPIA,0.014196223819055253
EFCAB4B,0.014191859346386306
DAPP1,0.014187733620347165
PCDHGA9,0.014184811879071266
TSSC4,0.014181067848258948
STK25,0.014177264969838543
GPR45,0.014175452734901471
LOC494141,0.01417489032756787
KCNAB1,0.014170243677584371
ABCC13,0.01416580322002437
MATN1,0.014165444624770032
UROD,0.014165346655201829
IPO5,0.014152421768983566
C22orf27,0.014151948948535387
METTL10,0.014149245946362913
GTF3C1,0.014141171084012685
TNNI1,0.014138775885439197
BAHD1,0.014137878902556576
SS18,0.014137723378401272
PITRM1,0.01413606305895559
FLJ40330,0.014134353514495622
CST11,0.01413354719216545
RNF169,0.014132214999018454
FABP4,0.014127536449813181
IL17F,0.014121970125953108
GNB2,0.014120756244815954
FNBP4,0.01411306177276822
LRRC3,0.01411180485249392
USP47,0.014110739758310849
BRSK1,0.014109835710054882
TBCEL,0.014109371274485942
COQ5,0.014101223681758477
ANKRD50,0.014096785723267866
MBTPS2,0.014093435779442377
PMPCA,0.01408952504735643
STUB1,0.014089077665188243
MC3R,0.014086210367388032
CCDC83,0.014085923397061757
TRH,0.014081124544951312
FBP2,0.014080421463143592
HNRNPH2,0.014070985712374242
C8orf22,0.014061809447720992
FLRT1,0.014056159007573999
BMI1,0.014049915653227654
KIAA0831,0.014048066632238785
LOC100133308,0.014044559429887523
C2CD4A,0.014034912377333708
TOR1B,0.014034842923964737
RHOT2,0.014033427972495132
MATN3,0.014029406141684606
KERA,0.014027006152689439
FAM153A,0.014020454820274308
MGC16142,0.014020010287154216
RALY,0.014018550841142237
ANKRD49,0.014017382204063743
C14orf64,0.014017269455961337
ARGLU1,0.014016820376797636
MRPS17,0.01401098225912792
UNC50,0.01400450709064529
ZNF789,0.014003280103067858
PCDHB17,0.014000352061061557
USP12,0.013991270202511865
C1orf89,0.01398919959107836
PVRL3,0.013977925105234905
MTMR4,0.013977843296081708
B9D1,0.013976593767317743
PFAS,0.013976577748404446
ZDHHC1,0.01397121515511155
STX8,0.013966431327746599
TIAL1,0.013963882655840297
NFS1,0.01395744492447137
CD24,0.013957235215153926
DNASE1L1,0.01395569864443717
LOC157627,0.013955002227327573
CAV3,0.013951534409470083
BTBD12,0.013940538620010729
MYL12B,0.013937944866202033
SMEK1,0.013936485858238434
GPN3,0.013931106319559983
PAX5,0.013925524783916596
PIGT,0.01392145574038703
PKHD1,0.013921107515362748
DUSP15,0.013919987155196933
C2orf16,0.013916222909992532
RPS4Y2,0.013913397570695232
TMEM199,0.01390868188588879
GCNT1,0.013906606108129601
ARL6IP1,0.013902223652047262
KIAA0776,0.013901517669801758
LOC220429,0.013900443460126198
THAP6,0.013897125624824916
TRAPPC5,0.01389540894267676
VPS24,0.01389404129905788
TJP2,0.013890881297371397
CPSF3L,0.01388715211396708
HES4,0.013886059887179204
DKKL1,0.013880865847785915
OR52E2,0.013865980474575896
BTNL8,0.01386407802416285
UTP11L,0.013860936752288087
KIAA1797,0.013859938328474496
LIMS2,0.013856654157266847
HADHA,0.013855890870035964
CTRL,0.013854966160988549
PROKR2,0.013847567396501977
OLFML3,0.013846767615642621
SNAPC3,0.013844858836534428
ZNF559,0.01384213619296256
DNAI2,0.013841517541060295
CDC26,0.013841404841707254
SPNS1,0.013837748320777428
LOC654433,0.013836408077810038
SS18L1,0.013835613712429608
TMX3,0.013832606801731815
VPS37C,0.013821486440612717
R3HCC1,0.013818427457919846
ATP5F1,0.013816004603494329
C1orf63,0.01381579045469411
AARSD1,0.013811936302714413
JUN,0.013810503932845197
DENND5A,0.013808540327093879
C20orf191,0.013803006372552084
GUCY2GP,0.013799083249838402
PAQR7,0.013792857011342051
ZDHHC18,0.013788820833900478
TACR3,0.013782711245750829
CCDC158,0.013772660825228473
ZBTB26,0.013765071385242777
H2BFXP,0.013755132831060637
FAM9C,0.013753218430751564
RIC8A,0.013751996226542237
MTRF1,0.01374771566421324
OLIG3,0.013744143956878875
OR10Q1,0.01373605195230318
PPIL2,0.013732807389501417
LOC283050,0.013725272158199284
PRDX4,0.013724491514674916
APIP,0.01372367792951428
SIRT7,0.013722951985008496
FN3KRP,0.01371875784315256
C14orf182,0.013716601990286409
TRIM37,0.013714793554454893
RBM44,0.013713766650240147
YTHDF3,0.013702640117479513
IFT52,0.013698975943489072
C14orf149,0.013694186354355414
BAZ1A,0.013693197743711968
C1orf159,0.013688712329120539
ELF1,0.013687655507953955
TRPM1,0.01368184907317387
RAB7L1,0.013674375294614141
IFNA2,0.013671026181207926
CEACAM19,0.013670869527906292
LOC285735,0.013670370741092439
TUBB1,0.013669933673961656
COL29A1,0.013669466225170528
HMGN2,0.013665284837117342
ZNF670,0.013657246782062515
ARFIP2,0.01365643106176171
EFHC1,0.013653622012809414
GBX1,0.013650857708777678
C10orf50,0.01364835040988474
USP50,0.013641136627388747
LCN15,0.013639584822764774
NHEDC1,0.013637896764755601
ZNF223,0.013637845899662075
OR8A1,0.013632046754088002
LRRC37A2,0.01363073206820134
HOXD3,0.013630415469570984
FAM175B,0.013627987398780034
ATP2B4,0.013620186220446723
CXCL13,0.013617849388104574
C8orf85,0.0136126294849417
RAB22A,0.013612330176957876
ZNF585B,0.013609763507996385
ZNF404,0.013604735459425652
PLEKHM1P,0.013600148772418025
CPXCR1,0.013600011674083095
RMST,0.013595724386071473
AADACL4,0.013594038447439893
TCEA2,0.013590726648343088
SNAP47,0.013587842052535713
PLSCR1,0.013585280016195326
SCAP,0.013585189592011509
APEX1,0.01358505467800728
LOC100286844,0.013577362784477237
LRIT3,0.013567224371949373
MIIP,0.013567117352499141
C3orf52,0.013565928673661926
ITGAD,0.01356560036050748
PLBD2,0.013563150761187871
GPATCH4,0.013562931328823365
C14orf4,0.013560788771827079
ARG1,0.013560096195910493
TMED10P1,0.013559356365851136
SUN3,0.013558752645137836
SEMA4C,0.013558220901210245
C14orf68,0.013556982974069737
C12orf71,0.013553933803865636
PACRG,0.01355368457723134
HBG2,0.0135531351439296
NBPF1,0.013552437009768532
MYH6,0.013547899717407108
CSN3,0.013547085402179745
OR3A2,0.013542512586038741
ZNF345,0.01353878170911493
EXD2,0.013532798054968313
NDUFS1,0.013526083791198951
GPR32,0.013516888275494741
C19orf63,0.013514670815029828
FKBP1AP1,0.013510893332673619
CDK17,0.013506985301668373
EIF1AD,0.013502726969837238
APCS,0.013502075280621632
WDR93,0.013499998539592521
ZNF280D,0.013496282982168496
CCDC88C,0.013492450658720796
FAM156A,0.0134905543322863
ZNF271,0.013486509393178657
NDUFA10,0.013483644417055842
KIAA0586,0.013482101762896069
RBMX2,0.013480549225769807
PABPC1P2,0.013477592148426002
FAM108A1,0.013474626713616277
FAM18B,0.013472031335736294
ST3GAL1,0.013467376493478936
PPIEL,0.013463710259822284
XPO7,0.013457109337803537
C20orf114,0.013455650317360384
CXCR5,0.01345461283727788
DEAF1,0.013451823774443757
BAI1,0.013447817936962323
LYRM7,0.013447671070472967
KCTD8,0.013446200591301805
P2RX5,0.013445653709575326
ZBTB34,0.013444235345617473
DLGAP3,0.013435519356745038
DKFZP434L187,0.013432192957192437
POLR3E,0.01343038910473325
MRPL16,0.013428103922026256
CD320,0.013426938678777017
RPL11,0.013425101637497558
THEMIS,0.013424520000870384
COQ2,0.013423717425249596
C14orf181,0.013417746632751807
OR11H6,0.013416567015228772
C21orf33,0.013415627774832434
PTPN20B,0.013414122633361879
CLLU1,0.013411846053093222
SEC61B,0.013405988112339898
CLEC4M,0.01340574070284509
FAM63B,0.01340390897932685
VAMP1,0.01340242751314591
SPDYE1,0.013397084964040332
DLST,0.013396537845815527
CHKB,0.013392540958846549
CDKN2AIP,0.013390608214369411
LOC220930,0.01337164899335126
ACR,0.01336011487558029
ACP5,0.013359994687794058
HAO2,0.013359986610925774
MIPOL1,0.013357063012515585
MAPKSP1,0.013355460672218012
CARKD,0.013345577434791646
C11orf31,0.0133450403383282
LOC91450,0.013344689125596769
RGS16,0.013335000932977304
MYO16,0.013334822866874837
ZNF775,0.013327077306559564
DGAT2L6,0.013326430448129267
SGIP1,0.013325984562965507
NIPSNAP3B,0.013324429214983691
ENGASE,0.013322002056895642
NSD1,0.013321416577480923
IFNK,0.013315096564750713
CORT,0.013308781370735124
ZFC3H1,0.013307354875887757
LIME1,0.01330008358048107
UPP2,0.0132988798485429
KLHL14,0.013298711365153905
SSSCA1,0.013296758963096518
CG030,0.013291174295512366
SETD6,0.01328706679024343
SMCR8,0.013286684317241455
SMPX,0.013277088890418853
MRPL49,0.01327702754850066
HCFC1R1,0.013276041982631277
HMGCS2,0.01327508118131939
C2orf57,0.013269622035553891
CT45A4,0.013268709028508246
KLK3,0.013265504393924979
ZNF276,0.013263701093932524
ASB6,0.013253754769196489
C19orf25,0.013246479597811923
OAS2,0.013233414267066928
ARC,0.013229943146006217
NDUFB11,0.013229621134067348
ATAD3B,0.013226685288881048
LHX9,0.013222813591021513
DAZAP2,0.013219649536721265
IGDCC3,0.013217312712407042
PABPC4L,0.013215516204757286
EIF2B4,0.013213162771455667
KIAA1407,0.013212788101443754
SNRPB2,0.013208920928120385
NR2E3,0.013205198591315862
C7orf34,0.013204862054076059
NFKBID,0.013204421547170673
ZNF283,0.013204380257118467
NIPSNAP3A,0.013204045566552
HDAC3,0.01319986593386007
ZNF766,0.013199816223354989
PGK2,0.013198889234369515
LOC100128788,0.013186094779995492
NR1I2,0.01318460624014214
ZNF646,0.013184238522421139
PLGLB2,0.013182131175606267
IAH1,0.013182008555230483
RP2,0.013181136901452936
HELZ,0.013173668578194533
CYP4A11,0.01317283842286479
TAF1L,0.013172437998621504
IRF3,0.013171471897687432
NCLN,0.013167957021438009
PHKG1,0.01316609730949051
FUNDC2P2,0.013152927964975
LUM,0.013152294486519861
PLCXD1,0.013143729203236428
PIWIL4,0.013143173802220593
NCRNA00028,0.013136621507719836
MS4A6E,0.013135517681935813
BLK,0.013133042540666556
ZNF423,0.013128842910634396
TAF5L,0.013126082118487467
BDNFOS,0.013121312056346934
FAM22G,0.013115871977499003
ISOC2,0.01311402937184588
PNP,0.013111959448482936
LOC399815,0.013110331298604852
C1orf223,0.013106709482804324
PPIE,0.013106475340797969
CDC23,0.013105727800939472
ZNF79,0.013105164206516346
VPS13B,0.013103568449215406
POLR1E,0.013103347441574903
VWDE,0.013101225408062422
LRRC37A4,0.013100123250031258
CYB5RL,0.013099790873531822
BRWD1,0.013095058511091995
COL11A1,0.013091718161011026
PHYHIP,0.01309068985203752
THOC1,0.013090666555687226
IRAK1,0.013088395334576834
PANK1,0.013082380940568222
SKIV2L,0.013077571719244558
ZNF716,0.013074221591513356
RPS16,0.013073660422867648
AANAT,0.013073636162994095
ZNF212,0.013063927649562983
SFT2D1,0.013063486757070145
ARMCX2,0.013058942607021154
SST,0.013047475058871464
LHPP,0.013043441089205465
IAPP,0.013041522026070264
EXOSC9,0.01304137728383997
FBXO34,0.013041170814855601
LMOD2,0.013040882371443146
SSNA1,0.013039585554725747
ZNF594,0.013018400678841444
ZPBP2,0.013017085596096574
CHST6,0.013014364019114188
CACNG3,0.013010688296299252
CRYBG3,0.013008854865797224
UBXN1,0.01300873500377858
ANO4,0.013006943138684795
LOC100271836,0.013006431086568493
RNF219,0.013003629668351798
RHO,0.013001335213247808
PELI1,0.012994437269244041
STRA8,0.012993098341378484
UBE2J2,0.01299162564807571
ATRIP,0.01299038706640913
ANKRD45,0.01298924616516283
LOC401010,0.01298411331320626
GAD1,0.012974738470790743
BTBD6,0.012971110767257614
LCNL1,0.012970892371001042
ANKRD7,0.012969071328469643
TCP10L,0.012963478639202402
SMU1,0.012962128932695908
PSTK,0.012960187564439918
MIMT1,0.012959361335989898
IL23R,0.012958789967662698
RNLS,0.012956431270204698
NLRP6,0.012948298036064362
LMNA,0.012937387329292555
RPL23,0.012933000204352951
PZP,0.012932626063704511
PIBF1,0.012920349962769927
HACL1,0.012920305559141343
CPSF1,0.012916568083714369
TCL1A,0.012914401347512993
GNA11,0.01290553254340391
EIF1B,0.012904436596522514
LOC285593,0.012900886475778856
CDH4,0.012899343254346909
FAM194A,0.012898093676069335
TMEM196,0.012896086172490192
PMS2,0.01289437000290446
PAGE1,0.012892682183828932
C4orf7,0.012891119306857948
HMBOX1,0.012889190164503107
BSX,0.01288791632669932
CDX2,0.012885646002375612
FLJ40504,0.012883633133466573
DTX1,0.0128796748019398
FBXO9,0.012874933839621768
APOD,0.01287424976535349
RABL5,0.012870273188872218
?|391714,0.012869713408379448
tAKR,0.012867692934702439
C17orf91,0.012862593514099921
HTR1E,0.01286251101522144
C20orf26,0.012861463984771183
C7orf44,0.012854896822297138
SSX8,0.012849760940594946
C16orf90,0.012848087464124223
MFSD11,0.0128374650001347
PTMA,0.012833885468985225
C2orf39,0.012833330938930252
GKN1,0.012828936855340953
ESRRB,0.0128091661704539
LOC148709,0.012800109405784897
PLEKHB2,0.012800038439805164
LIX1,0.01279430852603435
CHD8,0.012786566932199851
G6PC2,0.012785973290203187
GRK5,0.012779184941983879
TRAPPC3,0.012779073887883215
SNX19,0.012772283871620075
HTR3C,0.012768165409995686
FAM58B,0.012765949782718116
MAP3K10,0.012763545511792549
ADAMTS14,0.012762323365280345
GAGE8,0.01276180373569449
NFAT5,0.012757475319362022
KLHL22,0.012756599507631814
AP1M1,0.012753385459169136
MLC1,0.012752802819485237
KRTAP19-3,0.01275046135159449
TAOK1,0.012749788764501653
HCG4,0.012749506684358524
TNNT2,0.012745222824819106
LSS,0.012743140216106235
CCDC102A,0.012742536085941187
SMARCAL1,0.01274154970919274
PRPF6,0.012734151618449862
RAC1,0.012724747767306201
UNC5D,0.012722192472056073
C15orf24,0.01272055866604538
ATP10B,0.01271730529704725
CUZD1,0.01271123805492342
MRPL53,0.012706905644060476
PCDHB13,0.012705715732011787
UMOD,0.01270369140920924
TIMM17B,0.012701757501608782
LDHA,0.012694938836223928
MRPS34,0.012692159550425158
SERF2,0.012682948204121653
NEUROG3,0.012681427403111935
PDZD11,0.012679613198859697
LGTN,0.012679536149759234
TMPRSS5,0.012675963714004418
CINP,0.012674586573880235
GPATCH8,0.012673844624433564
ZBTB8OS,0.012671402647818807
PDE8B,0.012668784621079352
ZNF599,0.0126642168140641
OR3A3,0.012661951869546802
ZNF407,0.012659705180276676
KRTAP4-7,0.012654656375297325
CT47B1,0.012652267475454629
LOC653786,0.012650273855104921
MBNL3,0.012646859896461238
PSG7,0.012645615642758184
GPS2,0.012645303890911638
SFRS2IP,0.012638379207470206
NDUFS3,0.012636435753328321
NCRNA00181,0.012632031867855513
ZNF434,0.01263044563178412
SCN11A,0.012629261698901708
NDEL1,0.012626411523376922
XKR3,0.012621970101096959
BLZF1,0.012618331043560332
HTR2A,0.012616248560934913
ATG10,0.012613491126804835
IL13,0.012612280271267418
GADD45GIP1,0.012612081404156582
LOC147804,0.012610260293747717
LOC643719,0.01260919802592685
MSTN,0.012608660511933871
ZNF841,0.012598862566068894
DCAF8L2,0.012591515402811556
SVOPL,0.01258436489758644
C6orf225,0.012581315125319723
ISLR2,0.01258013788170586
C3orf14,0.012578035587330488
RSPH10B2,0.012577887779410287
C14orf159,0.012575591789533531
RABL3,0.01257493444326912
SARS,0.012573064993519354
VPS13A,0.012572988724749606
PKN2,0.012568345808273634
MTMR8,0.012567522293763471
LHX3,0.012566967897528349
MAF1,0.012564928977726842
TSPYL5,0.012559094004776774
RPA2,0.01255694759607044
DPY19L2,0.01255585494141745
GTSF1L,0.012553811930167236
SMN2,0.012551153328437615
PRY2,0.012550761827459237
KIAA0564,0.012549431312296213
PSMD6,0.0125481816710686
GOLGB1,0.01254574768763594
ZNF696,0.012536057711452293
P2RX3,0.012535519336088062
COX6A2,0.012532133418766536
CTDP1,0.012529631966547888
SLC30A8,0.01252707045747864
DHODH,0.012524906131141263
SCRG1,0.012521828332644347
ZNF566,0.012518389018724308
KIAA1328,0.012518169127152652
RAB9A,0.01251444163729285
NUP88,0.012513160183149123
SMAD4,0.012512553605610311
LMBRD2,0.01251253660415081
ZMYND8,0.01251151920123221
LOC100271722,0.012506667252905668
SNHG12,0.01250491848116253
MAML1,0.01250236361489043
ITFG3,0.012501132798933987
ANKRD23,0.012499827708868391
LOC84931,0.012489123007833768
MGC21881,0.012487361690980789
ATP6V0D2,0.01248704583840498
SEC63,0.01248619610548777
SFRS18,0.012484330992014212
AGTR2,0.012482446361459879
PTPRVP,0.012477459084439821
ILDR2,0.012476624974656094
PDC,0.012476532271914493
FAM86C,0.012475886211150304
GHRLOS,0.012474708609150668
NXF2,0.012472545677371109
HSPB2,0.012469386148518911
SLC35B3,0.012469123479814027
ABCB7,0.012467738371327364
RG9MTD3,0.012455613905811102
SULT1A3,0.012455437971030938
ZDHHC12,0.012442321669497216
NWD1,0.012441936075998144
GPR180,0.012441466840324036
DERL2,0.012439597126572038
PNMA5,0.012435990594904502
IQCH,0.012434820856588319
NFKBIZ,0.012429095226276173
FAM116A,0.012427301773781709
FAM45B,0.012418818339126286
TUBB2C,0.012418042194833211
NBPF14,0.01241640456444472
RNF121,0.012409590474786248
FBXL18,0.012408864247167388
HCRTR2,0.012387400076079521
UBXN6,0.012384850691336206
CYP2F1,0.012384165322450106
ZNF132,0.012382359653102701
MED13,0.0123802593128234
POLR3K,0.012378384746397877
ACTG1,0.012372268816059082
NCRNA00105,0.012363584078168417
ZNF500,0.012358614406891729
C17orf102,0.012350974841090753
CHST1,0.012348219215877011
MGC15885,0.01234769035180816
TERF2IP,0.012344568435809602
C13orf36,0.01234126822019761
SNORD22,0.012339433267750388
TAZ,0.012335857295181035
OR5P2,0.012333944232245498
VPS37A,0.012330380036322756
TNFRSF25,0.012328977595308379
ZNF497,0.012328611937758584
ZNF264,0.012323920172397633
IRF9,0.012321514136157832
MAP1D,0.012321254121455108
EIF4E,0.012319205451335948
ZMAT2,0.01230778629376384
RABGGTA,0.012307637126533632
C9orf144,0.012303605197637275
LOC284276,0.01228357801308077
PRSS30P,0.01228282042268665
ZNF738,0.012277207298625924
GOLGA9P,0.012276147043988777
APOC2,0.012271911853332155
CCDC111,0.012263386832083112
TMEM91,0.012262912240995525
OR6C2,0.012260587973586248
PAGE3,0.012260276601978032
KIAA1751,0.012252338340986527
LRRC34,0.01225112209025145
LOC729799,0.012242803236951184
SUGT1P1,0.012239374877176482
G6PC,0.012234088195749237
VRK3,0.012231821566778683
LOC100129637,0.01223173995788509
BASE,0.012230009122424366
TACC1,0.012226887980326943
MVD,0.01221788079755672
EXOC4,0.012214316025852734
DUSP28,0.01221365336812149
C20orf202,0.01221098053226912
MRPS14,0.012204209522393804
YTHDC2,0.012200892538993278
PHF14,0.012195015974316957
ATG4A,0.012194929170062475
PRMT5,0.012193965534220468
ZNF616,0.012193565734857248
PMFBP1,0.012191008559962278
FLJ39739,0.012187498642468415
PMS1,0.012180528544977427
LOC283267,0.012178046956093234
EPN2,0.01217701243012314
MLYCD,0.012176033046087891
OR6S1,0.012168966938639381
SPG11,0.01216814951422197
KIAA1875,0.012163487741720314
PIKFYVE,0.012157013688571373
DNAJC17,0.01215129307168609
LOC253724,0.01214812689572659
RET,0.012147526528965323
LOC100133050,0.012136853057750033
CATSPER2,0.012133750345652944
P4HA2,0.012129265510837716
LOC441454,0.012127336004550689
CLCN3,0.012126999988461043
GSTCD,0.012126055337416928
ERCC2,0.012125447418137411
HNRNPF,0.012091927136785769
GHITM,0.012087690672621073
CCDC53,0.01208446603259283
PAPPA2,0.012082232505175183
PRB2,0.012080557497973321
FUNDC1,0.012078474427745789
FAM160A2,0.012078156504227828
NCRNA00202,0.012077331128552212
TAF10,0.01207545579148348
DDX17,0.012075415488193537
KIAA2013,0.012074239619898598
SFT2D2,0.012072651805271315
C7orf53,0.01207183814328431
KIAA1712,0.012068847064941575
NDUFA12,0.012067460054939022
ZBTB12,0.012061036316521608
ZCCHC17,0.012059087261671184
RBM12,0.01205186877037065
IGJ,0.012049880656298723
FAM24B,0.012046504469606709
TMEM18,0.012044075449777654
PDCD2L,0.012041227285614032
SCG2,0.012033606230152784
NUP98,0.01203182443674742
MYH2,0.012031362291839884
SFXN5,0.012028583494163353
SPDYE2,0.01202060852280643
C9orf24,0.012018190204709992
B3GNT9,0.012016019382269365
NUDT16,0.012005327665579914
GTF3A,0.011997124143016914
AVIL,0.01199596724799289
ECHDC3,0.011995915029803737
ATP5I,0.011992913325331962
MRPL1,0.011991053839818222
LOC388955,0.011990259389828388
C6orf147,0.01198815725430005
L3MBTL,0.011987343051778676
MAN1B1,0.011986529227754573
ZXDA,0.01198351850384663
FLYWCH2,0.011977996412022887
ZNF776,0.01197470556531515
LOC389458,0.011970794017213815
RPL13AP3,0.011969722548995407
PMS2CL,0.011966606087101072
NRSN1,0.011966362007937246
NCSTN,0.011965970403078879
UBL4A,0.011960937102513357
DAPK3,0.011956150449381097
KIAA0907,0.011955772511688306
C16orf68,0.01195571381770111
TCEA1,0.011952150979785463
TRMT11,0.011951666716625299
SWAP70,0.011940927732592593
CHL1,0.011938084759866227
OGFOD1,0.011937715458855932
C11orf1,0.011934368254888878
MSL1,0.011927392991800838
ALK,0.011922985942701445
CUL5,0.011922082577015212
NDUFV1,0.011909077107650125
HS6ST3,0.011907940370948427
DAZ1,0.011907106096157607
TSSK3,0.01190547180384955
FAM186B,0.011900638051684963
COPG,0.011892319628334837
MUDENG,0.011888638518877668
KIAA1586,0.011885226643109276
CROCCL1,0.011879692339095851
C11orf95,0.01187897374197742
MX1,0.011876007469027222
LOC145845,0.011872374042030068
INTS2,0.011870548852681281
TRMT5,0.01185894640485899
SFRP4,0.011857682523218407
NLRP13,0.01185063474739981
SLC25A6,0.011849382087227899
RORB,0.011848873634324485
NEK1,0.011848168680804095
ID4,0.011842687147116813
ABHD5,0.011834855868943879
MRPL10,0.011833411191391115
HIST1H2BA,0.011831692352189472
ATP5H,0.011827586055893088
TCP11L2,0.011821227576008049
SHANK3,0.0118163714527722
LPPR4,0.011814983119428548
RCBTB1,0.011812307780603349
?|155060,0.011810404718859812
UHRF1BP1L,0.011804881282914828
CPN2,0.011804709872280184
ZNF705D,0.011798540508711689
BNIP3L,0.011797855073748337
TMEM93,0.011795965623900697
IL18,0.011792823241492941
RPS9,0.011791993421383066
RPS27,0.01179122435039678
PROZ,0.011787444427949169
GPN2,0.011780456392615497
NQO2,0.011775450764567402
C4orf49,0.011774748209102782
BBS10,0.011774612045479476
JRKL,0.01177421764371501
NECAB1,0.011773170059350314
POTEH,0.01177241529234437
SERINC3,0.011769101832000499
OR2D2,0.011768176942587584
HDGFL1,0.011764305077649924
SH3RF3,0.011762639159465713
KRTAP1-1,0.01175725572537871
ZNF334,0.011756198828732767
KDM4B,0.01175127264539603
KCNIP2,0.011746804819511387
FASN,0.01174659505900666
IGHMBP2,0.011740018834859943
SOX10,0.011737252773118932
BTNL2,0.011729801676673101
SOAT2,0.011725453047896644
ERP44,0.01172467540338264
GLYATL1,0.011723340603384919
SLC27A4,0.011721995047320367
CRHBP,0.011719184637668401
GON4L,0.011703172879358003
IFNW1,0.011700679976566132
SDC2,0.011698340758140356
FAM27C,0.011688758527701187
S100A1,0.011687169781230008
TTC33,0.011675785151324804
ANAPC10,0.011668501316208063
SNAPC4,0.011666854201517307
MAPK8IP3,0.011664879095682956
SPDYE3,0.011656768052067864
TFPT,0.01165404857041071
PCDHGB2,0.011651961232623805
RBBP9,0.011651053424447054
FTCD,0.011645990471642435
RASGEF1A,0.01164350663364448
MYH10,0.011642650798621557
DEDD2,0.011642174358121088
ZGLP1,0.011640076306049763
RNF111,0.011637441436037708
PSMA5,0.011631066421366486
LOC256880,0.011626393391473235
C16orf86,0.011626217216434502
NLE1,0.011626216515291875
SFRS5,0.011624399119108248
LOC550112,0.011621311871929446
COL9A1,0.011619393815375858
SAGE1,0.011615472654768953
HRSP12,0.011615214098687545
PHF15,0.011613747243680238
LAMP3,0.011613436675818418
LOC100272228,0.011610174115366688
UNC13C,0.011607915874797085
CSNK1A1P,0.011599941072249063
AHSA2,0.011598736550498066
EHMT2,0.011597276044332038
ZNF99,0.011593385919011368
TBC1D3P2,0.011588795908503863
HMBS,0.011585154782185879
LOC338588,0.011581982254321525
C17orf44,0.011581527625691698
NEDD8,0.011580496217483192
NDUFB3,0.011578769045470796
PC,0.011565915346996566
SERPINI2,0.011554809390369243
ITPK1,0.011547976063375253
BMPR1B,0.011546569452221624
TCF23,0.011544963743790552
USP6NL,0.011542787901315698
PWRN1,0.011541948032392658
GRINL1A,0.011541885664953804
CNPY3,0.011541035976612152
ONECUT3,0.011535918078631231
RBM11,0.011532745337752698
RPS6KB1,0.011529949385133121
ANKRD31,0.011524045145718064
SORCS1,0.011521767740230754
CD200R1L,0.011521541962736323
GANC,0.0115204709227271
UBE3B,0.011520173743923234
NXF3,0.011517475428463281
C9orf40,0.011517290878246114
LRRTM4,0.011516328736648183
CHRM1,0.011511929417730946
MSH4,0.011505824642546009
PDF,0.011499828935715536
C20orf103,0.01149967995911296
ZNF295,0.011493906204626763
ASPHD2,0.011491317337124649
BAG1,0.011489029333766627
HTRA4,0.011487948964348594
EBAG9,0.011487564580205488
PSMD13,0.01148672935630001
ZNF529,0.011486446184112922
OMD,0.011483927501309962
GAB4,0.011480167642671327
GPR61,0.011470671943187046
SPG7,0.011464180268597687
INPP5K,0.011462783973811393
HINT1,0.011461603610615137
LRRFIP2,0.01145141946215472
RPL23AP7,0.011450500381288342
WDR5B,0.011447959686586571
HCRT,0.011447123306096372
TMPPE,0.011446379666259996
MYCBPAP,0.011444155900599327
C19orf56,0.01143384624863731
ACACA,0.011432121557866068
CHD7,0.011423636506868205
CUL9,0.011423574159285825
NDUFAB1,0.011414201234817263
PSMD5,0.0114122332154663
C11orf20,0.011402471343946858
DDX6,0.01139995629736436
SLC6A6,0.011396052115883702
KIF1C,0.011394725954146761
NOMO2,0.01139418941341725
NEUROD1,0.011386278145898099
NAF1,0.011385852346902552
HIGD1A,0.011379789810657704
SNAP23,0.011370836059837467
GPR52,0.01136846065187292
LBH,0.011360670465761488
DENND1A,0.011355993117016324
PCYT2,0.0113557782946541
PRLHR,0.011354076061393164
HIST2H4A,0.011352117856855738
SCAND1,0.01135046034696249
ACIN1,0.011348930035306246
FZD2,0.011345963557045412
ANKS1A,0.011345319211978825
TMPRSS7,0.011344747765165973
SLC12A1,0.01133558016147268
B3GALT6,0.011331965691790999
IMPDH2,0.011331130064941299
?|10431,0.01132426430280075
RPL8,0.011323441805317946
ZNF221,0.011322119903453403
OR2T33,0.011316287192160995
APBA3,0.011315639424778595
QRFP,0.011315233426221306
UBIAD1,0.011304189328587974
ZNF555,0.011302397520879215
CDC42,0.01129995969312168
SSX3,0.011296875410137523
ZNF26,0.011294900475816768
WDR45,0.011288623403768116
PCA3,0.011284608312096205
CTDSP2,0.01128457722842672
YIPF4,0.011279315074422732
CA14,0.011272821908769548
LOC400940,0.011261662396843362
SPINK6,0.011261615707415441
SYCE1,0.011253870223868468
ZNF485,0.011253647518373872
CDKL5,0.011252198102225396
PAFAH1B3,0.011251033115709949
ENTPD5,0.011248251623356523
LDOC1L,0.011248138318798511
GAGE1,0.011248077891782006
ACOT8,0.011246885145465808
GABRB3,0.011246573584985169
LOC647288,0.011244137791870302
MGC26647,0.011238427183913314
NLRP4,0.011237847789600894
SF3B1,0.011234067940854816
IKBKB,0.0112332116369993
RBM45,0.011233093545655718
GH1,0.011226285013905268
TRAPPC6B,0.011226247555521882
CYP1A1,0.01121441139386061
COPS7B,0.011211450980746909
DDX3X,0.011210532886031273
OR52W1,0.011195400386625145
OTUD6A,0.011194461539005676
CCDC72,0.011189173587761671
VPS35,0.01118468080368614
METT10D,0.01117388968077616
POLG2,0.011173326854535903
ZNF577,0.011167507369496347
IL1RAPL2,0.011165267002947076
UBN1,0.011165227210439138
C3orf24,0.011164009732402532
ADAMTS7,0.011163532608027767
PEG3AS,0.011162180519513051
ELMOD3,0.01116151611602561
MRPL20,0.011161120063693053
ZNF37A,0.011158799356247228
CD164,0.01115506310936217
FSIP1,0.011148398654282802
BEST1,0.011147603904839066
RNF150,0.011144167849389982
CNIH3,0.011137681387559979
ANKRD39,0.011137110432934194
ZNF2,0.011132542083706426
PFN1,0.011129034433982653
SLC16A10,0.011125088259557245
LRRC29,0.011124867739995898
C6orf141,0.01112359725229428
COX10,0.011122736725690304
TMEM81,0.011122433373466533
HERC2P2,0.011109249919622062
IRGM,0.011105760461685401
F2R,0.01110504253935078
CCL27,0.011104461450089188
URM1,0.011098740400367325
CEACAM8,0.011094742291365471
ULK2,0.011093732468923865
SLC13A1,0.011093164670304495
MGAT1,0.011089665695999123
DNASE2B,0.011085108894669002
OGFOD2,0.011083925896960223
ATP6V1G1,0.01108028571713869
SERPINA9,0.011079213460693014
KRTAP17-1,0.011077110032671823
LIPC,0.011076930866981295
ELP3,0.011073754171883285
AS3MT,0.011064841005578994
ZDHHC11,0.011063364178944282
NCRNA00167,0.011062357845393035
CYP3A7,0.011058342628787165
C18orf22,0.011056545159541744
GAGE2C,0.011053949639660396
SNURF,0.011050970359002828
PPP4R1,0.011048631327953261
SLC24A3,0.011047650964792904
OR4N3P,0.01104701521416347
C3orf64,0.011045761033344582
C1orf50,0.011045305972836796
EEF1E1,0.011040527489998815
GEMIN7,0.011028352466864443
LOC100303728,0.011027887709572958
ST8SIA5,0.011027629818352033
SPEM1,0.011025813011334078
NR1D2,0.011024682272387648
TNFAIP8L1,0.01102267985435493
MAT2A,0.011016178979857393
ATP5C1,0.011014258807921439
C7orf40,0.01101358892790683
RAB9B,0.011013271829799075
ATF7IP2,0.011010139044284419
STAG3L1,0.011009858762061904
MTM1,0.011007791523339267
AKIRIN1,0.011006171897116513
TBPL2,0.010997929069418159
ARHGEF7,0.010997911545344408
SMCHD1,0.010993803163279513
THAP3,0.010985027729854002
PAPOLB,0.010980003022764735
BTBD17,0.010978509687839146
TTC12,0.010976676475197164
ME2,0.010969673056163257
ZNF354C,0.010966411811845088
PPIG,0.010962909184763382
INSL6,0.010956484726147582
C2orf48,0.010952406370509182
ANKRD26P1,0.010949668536357218
RBM24,0.010933635814344434
CHCHD8,0.010931537499214326
ZNF808,0.010929616959547524
HIST1H1A,0.010923154485455892
SOX30,0.010921462125381233
C3orf75,0.010921384801461735
TMEM63B,0.010919547255816658
FAM18B2,0.01091722874513192
UBQLN2,0.010916397554276095
ANKRD17,0.010912970139531068
NCRNA00085,0.010911049130538602
DNHD1,0.01091046401717477
WBP4,0.010909158671135495
FKBP3,0.010907598434118605
ZNF517,0.010906089791569862
PCDHB1,0.010898805109719684
TSPY2,0.010894164328735786
XRRA1,0.010893489202648226
SLC6A7,0.010890282209146512
CECR7,0.01088938968702793
C14orf153,0.010888305059845019
PTPLA,0.010883711770475854
TUSC1,0.010883319179760589
ZNF391,0.010882923521876189
UBC,0.010880352643471765
TRPM5,0.010871991887914592
PHOX2B,0.010871983068993514
ACSM2B,0.010869650727806143
OR2AE1,0.010868883250532167
HCFC2,0.010868163562277692
LOC146336,0.010866460120005968
SLC5A11,0.010865110888098358
LENG8,0.010864629062040805
ANKZF1,0.010862223019076848
OBP2B,0.010861945124174249
LOC340508,0.010861909203014742
RYR2,0.010860197328347945
C22orf46,0.010855933197040719
TAF1D,0.01085241694343812
C6orf226,0.010847969684721613
SYT2,0.010840826821933566
ZNF93,0.010835764808320167
OSR2,0.010834194058894728
TMEM200B,0.010832582415886442
MEP1B,0.010830041642250574
SCGN,0.01082710968910826
PARP2,0.010827029933908423
CREB1,0.010825124320609277
RAB3D,0.010816520566697643
FCRLA,0.010813921940657752
BAZ1B,0.0108099312569872
C14orf102,0.01080566862659886
RPS20,0.010805650111781898
CCDC17,0.010804760265769304
TMCO5A,0.0108044726138139
CCDC147,0.010801892048129048
SLC17A3,0.010801208746928427
POM121L9P,0.010795125184422954
HSN2,0.01079090262118878
C14orf174,0.0107892485285758
PTOV1,0.010789067894131189
SLC5A3,0.010785925429478524
TSPAN10,0.010785299148911496
NUP214,0.010781180519092324
LOC400891,0.010775619815385738
PDIA4,0.010771385048246016
CTAGE5,0.010763235700281168
YPEL5,0.010761659152029769
SOLH,0.010760586499937554
MGAT2,0.010760132157680636
FOXR1,0.010758324562493905
PASK,0.010750452392911747
NAA11,0.010746659699922445
COQ9,0.010741843218277371
CHID1,0.010736533132954501
HUS1,0.010735694381295522
SPDYE6,0.010733142174383618
TAS2R14,0.01073148208468709
PCDHA4,0.010724991351547725
GPKOW,0.010723809227858632
ZNF260,0.010719376679314113
C22orf26,0.010714100073319008
SPRYD3,0.010714031230148725
ZFYVE1,0.010710516128466605
EVX2,0.010709685945724638
GPR3,0.010708744226610093
POTEC,0.010700884177603334
SHB,0.01069984857888164
NECAP1,0.010697943513133398
CRIP3,0.010697085120125415
OR51M1,0.010685208362964011
NKX2-6,0.010684350413649525
HSPB11,0.010680523186927852
ITLN1,0.0106762217633075
PXDNL,0.010670297385214782
ZNF487,0.010668955521007087
RBM46,0.010667319467320207
CTAGE9,0.010664846360609371
SEZ6,0.010660982939783348
SPDYE5,0.010659221293224502
PPP4C,0.010659202730021
LOC257358,0.010659108630189535
FUZ,0.01065761456473917
ANKRD35,0.010647249520028636
LOC729156,0.01064571583630814
RNF167,0.01064385457507039
SH2D4B,0.010642573597449271
CXorf22,0.010640736176626968
FOXR2,0.010633950598944992
TIPRL,0.010633931142036705
NLRP2,0.010616643495963049
PRODH2,0.010609339865212586
C21orf81,0.010607963216596105
LRRTM1,0.010607079193094728
MCM3APAS,0.01060604293516596
CNIH,0.010604452290884676
PIP5K1C,0.010603895119273624
CNGB1,0.010602829696843761
RINL,0.010602680707252904
RALA,0.010599867763981185
LOC149134,0.010596234819766926
LOC400043,0.010594818499729127
PURA,0.010593604851469996
ELANE,0.010587486814345985
FAM182B,0.010582392193772695
PCDHGB3,0.010579853968095024
WDR35,0.0105779687812348
ECD,0.01057635546751034
STMN3,0.010572478915992556
DNAJC25,0.010572397795444846
GIYD2,0.010571311467199137
PTRH2,0.010570332600426731
PTPN4,0.010568989764029955
CABP7,0.010567110550351776
ZFP41,0.010562913857894788
C6orf163,0.010556038800614401
C1orf104,0.010555573360708408
MDC1,0.0105552021504631
TTC17,0.010538425511956382
PYGM,0.010533225664532691
REXO2,0.010529514171357904
RAB14,0.010524137625091839
NUBP2,0.01052407599471601
LOC642929,0.010520752444674646
UBE2Q2P1,0.010520429810820305
ZACN,0.010519402209403323
COX4I1,0.010519264559770059
?|391343,0.010514315481737632
SNRNP27,0.010514148568284113
GRXCR2,0.010507374574102462
TSEN2,0.010506328105273514
UGT2A3,0.01050131612022044
FKBP10,0.010497933771393039
ZNF878,0.0104905068833594
FPGT,0.010489007679500844
LRRC39,0.010488243516321726
SOCS4,0.010487806810538939
C15orf2,0.010485784955116127
COPS8,0.010484553008474057
DCAF10,0.010477628134484038
ATP6AP2,0.010475719118815311
PHB,0.010471183231035547
OR2C3,0.010462593605109975
CRISP2,0.01046173828181062
CCDC87,0.010460135491743053
NCRNA00157,0.010459377562702469
C12orf44,0.010457721237537033
TCEAL5,0.010457408167345342
KAT5,0.010456008284829675
RAB4B,0.010450811778792991
TPD52L3,0.01044842190439941
NR2C2,0.010442749625417025
GDAP1L1,0.01044024891381752
MRPS18C,0.010439976093581525
FLJ45079,0.010439841517554352
C1orf216,0.010439541403079986
MRPL43,0.010433500437457438
SFRS13A,0.010427600363690104
ZIM2,0.010426021064588462
FABP12,0.010421299173525222
EIF2C4,0.010420417527105303
RAB39,0.010416890865938517
CD19,0.01041614861799704
HSD17B12,0.010415218604955383
MLH3,0.010414777277007433
ACRBP,0.010411718915364215
MRPL27,0.010410712915465753
SH3BP5L,0.010396220167066731
CPVL,0.010389565109606211
CYP46A1,0.010388119221899373
CPNE6,0.010388114519162269
TPTE2P3,0.010386644279529953
FAM75A6,0.01038329753604337
SPANXA2,0.0103799686392006
NRG3,0.01037919381600073
RCAN3,0.010376230439369954
NLRP14,0.010373783199041985
ZNF160,0.010371662001128495
FLJ46321,0.010368705926325036
MTHFS,0.010366980008113015
GTF2B,0.010365846519718093
ROMO1,0.010364883582766696
UBE2R2,0.010363990132235998
EXOSC1,0.010363136593901017
HSPC157,0.010350781484467532
FAM55B,0.010349509564909045
CNOT6L,0.010348875390776514
CNTN2,0.010348684153029555
MBP,0.010346556978516126
MS4A1,0.010331632764304327
TMEM70,0.010323507216324678
FKSG29,0.010321877329017418
CUL4A,0.010316243872517098
MEA1,0.010315379828424844
ECEL1,0.01031500712539998
CCDC93,0.010314500661061871
C11orf2,0.010308480512792477
UPF2,0.010304505665747683
HSP90AB1,0.010295007905671593
KRTAP5-4,0.01029437120961611
ARPP21,0.010292837144097127
RAB28,0.010283849108318472
FSCB,0.010281923537865492
CDKN2AIPNL,0.010279386923170026
ACTL6B,0.010277952381363779
ZNF287,0.010275927884860205
RPL38,0.010273946695751107
A1BG,0.01026638923027313
AGAP4,0.010263023323637394
TTLL8,0.010256683514925508
VCX2,0.010252863372835987
THAP4,0.010249284767054891
BAI3,0.010244783408764505
UPB1,0.010238119685834959
C6orf204,0.01022855754046848
SSR3,0.010226791411897121
TKTL2,0.010208937400350733
ERCC4,0.010206523318073956
UQCR11,0.010204813944809637
GAGE2A,0.010203647223070843
KCNV2,0.010202546811972408
KIAA0195,0.010202440014641455
ACAN,0.010200184342449391
TCEAL4,0.010199669256041625
MAP2K4,0.010197329511201671
FLJ33360,0.010191093011556875
GGN,0.010187713589094854
C17orf61,0.01018318113638937
BAX,0.010180726329505825
WDR37,0.01018027538878502
LQK1,0.010176256516228171
C4orf43,0.010173717083535615
BCL7C,0.010170999529190953
KRTAP12-2,0.010169281819691898
HEBP1,0.01016056683270484
FAM55D,0.010150023926738288
CRYAA,0.010148856638427987
WIF1,0.010143463046485364
PALM2,0.010137946711052826
CNGA2,0.010135871004009412
FARS2,0.010133008026535438
SLN,0.010128215940940492
ELOF1,0.010125412474304873
LBX2,0.01012379591547321
TMEM223,0.010123699269117641
CCL20,0.010120089304150478
TXNDC6,0.010119186859872169
TMEM87A,0.010118054994916373
MOB2,0.010114292914168016
ZNF225,0.010111210110748389
CAPN11,0.010108169528412373
C2orf60,0.01009620311423576
C16orf55,0.010096037274395987
WHAMML2,0.010094305076497846
PRAMEF11,0.010083407339376276
RAI1,0.010081530523084104
TMEFF2,0.010080326660206472
PEX2,0.010079113993304521
LOC641367,0.010074474939977804
NUCKS1,0.01007396001967744
C6orf58,0.01007224005234087
CAMTA1,0.010071497843014756
IQCC,0.010064623054403907
BMS1,0.010057663622641403
RPL23A,0.01005465562244069
PRR18,0.010054578724330264
ASAH2,0.010054316655633746
GNRHR,0.0100542217653755
CBLN1,0.010054187369294558
FBRS,0.010052722224426727
AARS,0.010047560210385921
PPP2R4,0.01003923496187587
RPS21,0.010038350775796064
GUCA1C,0.0100290316387794
MTF2,0.010028239067456179
FLJ13197,0.010028162981438658
FGF10,0.01002689541184826
FOLR3,0.010026757894574643
CCDC140,0.010025970712305701
MRPS18B,0.010022333535884506
C16orf87,0.010019296130799217
UBE2H,0.010018796518894247
RPS3A,0.010018043772230223
ATP5G2,0.010016919942704533
PPP2R2A,0.010015910030647954
BTG3,0.010014970622542875
GNPTAB,0.010012350235308946
CCDC45,0.01000915120186343
FAM57B,0.009998189759521653
KDM6A,0.009995055593568242
ZNF586,0.00999319011549191
CACNA1G,0.009992683890277762
MIPEP,0.00999240810039807
ATP5D,0.009990774546809906
APOBEC3H,0.009990531123770487
GRM7,0.009986398422490661
FAM48B2,0.009985480081155343
IL1RAPL1,0.009982023278485576
LOC389033,0.009979562907467831
SUPT4H1,0.009977328131648764
ANKRD40,0.009976163058956987
MAN1A2,0.009974141579961905
C1orf151,0.00997339799077004
ATPAF2,0.009968593138194669
TMEM190,0.009965316153121675
ZNF653,0.009965231156437035
NDUFB8,0.009962792595805589
TCN2,0.009960028094903959
DRAM2,0.00995938176955991
FBXW2,0.009959373082754498
SAT2,0.009959126838453746
C15orf28,0.009958011162794034
MTRF1L,0.009953985875132574
ASAH2B,0.009953695145947532
APC,0.009949735898724674
GPR113,0.009943519483416456
MAFF,0.009941531748920424
PSG10,0.009939475053790474
MRPL33,0.009936442483428136
ULK4,0.009935530430003435
OSTN,0.009927924157754724
C6orf52,0.009925487776354765
ASB15,0.009921978476456527
LPO,0.009921232962064904
MKRN2,0.009918956423038796
ZNF439,0.009916043202511446
KLHL8,0.00991458730793188
GAPVD1,0.009908673894294453
INTS4,0.009904147478632157
TXNDC12,0.009901611539795383
PRDM14,0.009900946422115711
OPTC,0.00989889694414094
LARS2,0.009898484541295697
NPM1,0.009897101456451285
TSKS,0.00989648112006715
ADPRHL2,0.009883613131519647
ARFGEF1,0.009883232328622586
PBOV1,0.00987622067800729
ERH,0.009869391000347246
HPSE2,0.009867686562811956
DNAJC16,0.009866782375679164
CDK9,0.009866259300346564
RFPL4A,0.009863389786220844
C20orf135,0.009858171976436599
HECW1,0.009854347152369776
EVC,0.009846941352038136
AGAP6,0.009845648960065699
AASDHPPT,0.009840795844601237
RRAGA,0.009839183120388312
C6orf47,0.009839172982465297
SEC14L4,0.009835287758994064
MR1,0.009833314409962591
BCS1L,0.009832076006098155
FLJ40852,0.009829518796624947
ZNF229,0.00982777427961021
ZC3H10,0.009824637044849314
PPM1N,0.00981883993158506
LRRC19,0.009818681385179742
CCDC144NL,0.00981730901661202
UGT2B28,0.009807860547546133
LRRC14,0.009805279026849996
FKBP8,0.009804719058424257
BCKDHA,0.00980352488001645
MUC12,0.009803140882425228
NOTO,0.009802816191131497
TRIM44,0.009792868488709115
CMA1,0.009789079353046515
CT45A6,0.009784127599269452
DHFR,0.00978007732563557
COMMD6,0.00977802429062838
FOS,0.009777019154251842
LOC100133920,0.009770409743364449
EVC2,0.009767949600006019
RBPJL,0.009767383224438774
USP9X,0.00976547659636648
DFFB,0.009761584603849053
DSTYK,0.009761329160571186
FAM82B,0.00975731907829772
LOC653113,0.009757090400261043
PMM2,0.009754568326613521
CCDC70,0.009754124863603626
LOC402377,0.009752428195561649
CDKL3,0.00975171856899091
OPRM1,0.009748237593093477
KDM4C,0.009741281564199516
MED18,0.009739728100305052
CDK11A,0.009738487580586172
NR1H2,0.009737402867920759
RPL22,0.009734529572280081
PEX12,0.009732087689005853
LOC100188947,0.009727008400978315
PANX3,0.00971968559342105
PAAF1,0.009719398750477089
USP3,0.009717092185189182
TMEM222,0.009715293639360691
H2AFJ,0.009712847915212989
LBX1,0.009710279478237155
GPR128,0.009707019277226949
SLC25A43,0.009704907360017143
ZNF609,0.009700163436868846
TMEM182,0.009697013433539854
ZSCAN23,0.009692677847825425
FLJ10661,0.00968888182729532
MYEOV2,0.009685953567608681
CHI3L1,0.009675704857197607
THADA,0.00967568272754143
SLC38A11,0.009671061532719797
WBSCR22,0.00966731363680049
AOC2,0.009665404862151901
MRPL42P5,0.009659557356011459
TAF8,0.009658082970939622
PMS2L3,0.009655998128497649
TAF15,0.009646158572015019
TMEM146,0.009644416282585996
TMEM186,0.009636386365867514
LOC222699,0.009634044917359436
ZCCHC11,0.009630812818136767
LOC650623,0.009627244400450014
GLIPR1L2,0.009623387606331227
MYL6B,0.00961697118181591
IFNA21,0.009614504523853281
CLEC12A,0.009608702033240052
BSN,0.009608611618594127
VPREB3,0.009606789597731046
CT47A1,0.009600458074905692
BRD3,0.009596492769628682
DNM2,0.009594617265565396
MPPE1,0.009592298036628507
CD38,0.009591403235122786
CYTL1,0.009590284215544542
SFRS8,0.009586923359857898
ZFP90,0.00958615087851247
CCDC74A,0.009584234817174919
FAM160B2,0.009583169852182742
ZBTB3,0.00958228582289901
ZSWIM6,0.009581463785513975
C18orf34,0.009580992852816021
FAM180A,0.009570511248610747
BTF3L4,0.009568156077847133
POMP,0.009563783460250209
GRM3,0.009550011777276534
ASMTL,0.00954644848377482
EXOC7,0.009545150284782205
ZNF563,0.009544256040625696
PCDHB5,0.009542273604253623
TGDS,0.009540220227848997
COL24A1,0.009538158030202318
PPP1R10,0.009524437440520643
PGLYRP2,0.00952390428274004
C12orf45,0.009523549020064503
GALNT13,0.009523082912901012
EGFLAM,0.009522544734596438
E2F3,0.009522150707707856
OR52K2,0.009518924940559307
SYT3,0.009515751455246226
TRAFD1,0.00951448131219283
SC65,0.009506896050083126
DNAJA2,0.009501436023311471
USP37,0.009488823171318434
KPNA5,0.009488625950586015
MMGT1,0.009488391271322436
CNOT7,0.009487283773398863
NFRKB,0.009485051059818287
MBL2,0.0094807746579135
FUBP1,0.009480138061491958
CTXN2,0.009471237591455076
KCTD19,0.009470284037182876
ALKBH7,0.009467211660731861
C22orf34,0.009466137158662105
CHCHD2,0.00946434337638614
HIST2H3D,0.009460072020759856
NHLH1,0.009458237100943895
GJA8,0.009457271922527103
PRAMEF5,0.00945505717997828
ARL6IP4,0.009446108522171065
MTP18,0.009442928332616743
ARMCX1,0.009440484947649102
ATXN3L,0.009438589329550101
TMEM151A,0.009438479568619993
GUCY2E,0.009438417626057235
GPRIN1,0.009430030559102315
AMZ2P1,0.009428447888780032
FBRSL1,0.009426442640226362
SMC5,0.009426186746107335
FAM153B,0.009425069225490445
C2CD4C,0.009423779412409608
C1orf173,0.009423400815886183
TMCO6,0.009420826080889106
CNTROB,0.009414659804865192
MT1F,0.009414003085261129
DCLK3,0.009413960651621133
PRMT10,0.00941266047470461
MAP4K5,0.009408001657524579
PRAMEF4,0.009405092977244876
ARL4A,0.009401713594046457
BHLHE23,0.009400709835641069
NPY5R,0.009399163280333148
FTL,0.009394892047106177
ZNF211,0.009391931058209879
PSG11,0.00939135129334346
NEURL4,0.009390682014832763
ARPC5,0.009385130926810278
AKAP4,0.009380477539378863
OR13C9,0.009379088256840184
NHP2,0.009373990395206724
LOC286135,0.009371129888781263
PLEKHM3,0.009369778897950338
ZNF624,0.009369700130429178
SLC25A31,0.009362731931436656
ZNF827,0.009360757719632922
PDZD9,0.009359118315089354
KDM2A,0.009358590802403768
KBTBD4,0.00935517113223806
LPAR4,0.00935105056139599
C7orf30,0.009350448285775984
SLIT2,0.009349371219745748
SEC1,0.009349149721549316
MAK16,0.00933705951555832
ZNF479,0.00933108413663075
ZNF397,0.00932695613184512
LRRC37A3,0.009321492860772508
AKAP10,0.009321391459099071
GATA1,0.009320745410686617
ZNF230,0.009313678866889078
WDR24,0.009309983468950246
ALG10B,0.00930900043163238
MMP23A,0.00930607492550081
EIF3CL,0.009304168417405924
SLITRK5,0.009302327185912158
CHD5,0.009294180802658645
WNT8A,0.009290957326282647
SCGB1C1,0.009288329398935537
LOC100170939,0.009284620571641372
SSX4,0.009274799461472435
EIF2B1,0.009273893128908481
MLLT1,0.009270372024795071
OR6W1P,0.009258328343459644
LOC643677,0.009254428931698602
CACNA1E,0.009248751008293662
SAP30,0.009246574004961542
NDUFA13,0.009240738891437924
METTL6,0.009232167872821639
CCDC127,0.009227309318256676
ROPN1B,0.009222591562343558
TNKS2,0.009221116866700898
VPS29,0.009220133526609834
DPY19L2P4,0.009214722779334146
NETO2,0.009212092089620367
ATF7,0.009210986598178374
TBCC,0.009210615837820773
OR1B1,0.009209722952729366
CWF19L1,0.009207839644667022
TMOD4,0.009206018264572145
FER,0.00920482943686243
LOC340074,0.009199261231948657
ATP6V1C1,0.009199025794370494
C9orf79,0.009198756640087081
MCOLN1,0.00919330310063353
GJD4,0.009192184037812778
CCHCR1,0.009187697553374577
CFC1B,0.009183573987815098
KLHL20,0.009182549305409753
LRIT1,0.00918107371405945
HIST1H2BD,0.009178518253737375
FAM21B,0.00917371958086673
MYOT,0.009167437718042796
HOXD4,0.009161177571120064
SNORD15A,0.009153184184571143
HERC5,0.009152861438969654
RRN3P1,0.009149446991644099
RBL2,0.00914780126738302
ANGPT4,0.009146910195049839
RBMXL2,0.009117314625353227
CELP,0.009109939540495568
OTOR,0.00909713959345052
ZNF883,0.00909648922644163
LOC221122,0.00909245910498639
XYLT1,0.009091974908050353
OSBP,0.009090079739308681
C20orf107,0.009088900179539193
ZNF23,0.009087020323290779
ABCC10,0.009080195870555058
KIAA1632,0.009070843865568086
WDR49,0.009068558018974762
MGC34034,0.009066685385712911
STX5,0.009066195274841295
PLXDC1,0.009063450566068273
DCUN1D4,0.009062677236011535
PHC1,0.009062219666557889
ZDHHC22,0.00906196665266018
SNORA65,0.009060737474691589
PMCHL1,0.009058367969883272
FAM41AY1,0.00905122244778265
UNK,0.00905044165712667
TTC9B,0.009047122393034769
NCDN,0.009046377381128795
WDR16,0.009042205708004108
NRP2,0.00904209027755693
KCTD20,0.0090404781367797
C19orf62,0.009039329955158243
SAP30BP,0.009038643317926268
OTP,0.009035466523874325
DYNC1LI1,0.009035020777548227
SEC24B,0.009033536452221071
VTI1A,0.009033449111302671
CLEC12B,0.009030024649324533
TPPP3,0.0090207444053688
NCRNA00029,0.009016437103331151
TSSK4,0.009014203436919587
ZNF184,0.009009267247854875
RBM39,0.009000260672375724
UBE2D3,0.00899217725248888
ZNF451,0.00899089711269883
DOHH,0.008982547311185468
PSMG4,0.008978825482465242
SALL4,0.008978059593784973
OXR1,0.008975607863059707
FERD3L,0.00897172303743948
LPPR2,0.008946725899558673
LOC145783,0.00894409727807885
RGS9BP,0.008942246589923333
GUCY1A2,0.008939303214854774
DYRK4,0.008932497334569857
DCAF4,0.008929224560686557
KIAA2026,0.008928368903124031
HIST1H2BK,0.008920290829452301
CCDC65,0.008915473655275662
C22orf25,0.008907437744523555
TSPY3,0.008901205889028641
NXNL2,0.00889479307134363
CYP3A4,0.00889470981761713
METTL3,0.008892076393628889
GABARAPL2,0.008891900824379266
FAM154B,0.008891640652396919
DAND5,0.008889601892642271
LINGO3,0.008888501054011493
GAGE2B,0.008888439348874675
INTS12,0.008863284869465535
RPL27,0.008860176775055892
GPR21,0.008853926110519198
PCDHB15,0.00885104615998863
SARNP,0.00884576868328113
MGC16025,0.008841749804872307
SLC45A2,0.008839078747257263
SLC17A4,0.008828355416955376
KCNQ2,0.008827194903401918
TEX9,0.008826461209713891
SCGB2A2,0.008814831831368984
OR5B12,0.008814801855376397
DPCD,0.00881197978633811
AUH,0.008807782081953817
LEMD1,0.008804616724839237
CYP2A13,0.008798040628765595
SGK494,0.008797850979835063
SYNGR3,0.008795081496805881
PPP1R3F,0.008787291680943448
B3GALT4,0.008785038288744187
TEX12,0.008784409148928298
C19orf24,0.008782626552168526
RALYL,0.008781714604158015
C16orf82,0.008781188751872566
GREB1,0.00878081444085204
CCDC25,0.008775677414841672
LOC151162,0.008773236070559473
TMCC1,0.00877047271803429
CDKAL1,0.008763755462907316
INTS4L1,0.008763035807507666
ADAD1,0.008762495257229778
AMPD1,0.008753132074852042
ATP6V0D1,0.008747872766581196
RAB2B,0.00874443762287449
STAT6,0.008742394311191226
OR1Q1,0.008737231124639987
DDX20,0.008732928881907345
?|728603,0.008726805430903902
?|8225,0.008726495134944685
MED16,0.008716455742163077
MOCOS,0.00871507222347069
RRN3,0.008713714335070968
TMEM126A,0.008708257112733072
PCDHB9,0.008706185239667243
SEMA6C,0.008705102420127949
ARSA,0.008703626628141626
FAM115A,0.008700366514730492
OR11G2,0.008697636701501308
FASTKD3,0.008693782998270288
LOC442459,0.008692541140445445
TCEANC,0.008692041371827126
SELM,0.008678426991554116
NCRNA00107,0.008676564607059643
CHMP1A,0.00867556831495031
NPPB,0.008669359769224146
FBXL3,0.008669047125529565
GALNTL5,0.008668620971009724
KRTAP5-9,0.008667565340751075
PEX16,0.008658320137559869
CAPSL,0.008654064998740019
RPL23AP53,0.008644845691925257
PRH1,0.008639905346094873
MRPS24,0.008638786532045738
LHX8,0.008634345516493813
FLJ34503,0.008633442870375372
PGA4,0.008630482991355366
PMCH,0.008619821464712381
ROCK1,0.008615111770617407
CCL28,0.008607554292331478
C20orf201,0.00859927355142052
MAP3K8,0.008595282189512263
LSM3,0.00859354026948376
PNMAL2,0.008593274645501352
PDZK1,0.008590544961987169
GMFB,0.008590304519654965
KLHDC4,0.00858770012678653
SDHAF1,0.008583582478131273
SC4MOL,0.008574025004624506
GRPR,0.008566451768495445
CASKIN2,0.008563326096844482
LOC374491,0.008563027919477153
USP6,0.008559713949690377
LOC400927,0.008557488919653368
SLC13A2,0.008547363077063035
OR2B6,0.00854283039532529
MYH13,0.008542064654735471
TAS2R46,0.008537797381202436
LOC100132247,0.008531571834912221
TTC31,0.00853118455099915
FAM92B,0.00852433574477284
LOC100128239,0.008523900794267264
LENG9,0.008522527823199252
RDM1,0.008522252622429081
KCNS1,0.008518850126483605
TRIM67,0.008514394726625386
MAB21L2,0.008507796129963012
HBA2,0.008507579276188301
FDPSL2A,0.008503863223067966
CCL3L3,0.008498801705771306
TAS2R10,0.008498649928808192
MCF2,0.008497502034037888
PNLIPRP3,0.008494205174591313
OR8D2,0.008493315948381668
PIGB,0.00848627755323205
PKD1L1,0.008482078587605572
UCKL1AS,0.008477216100547061
PKD1L3,0.008472732784116864
KCNT1,0.008470991831043518
SLC22A14,0.008468203309791362
LOC100271832,0.008463334073356732
RAPSN,0.008451779223057688
MGC16384,0.008451526888085852
CTSG,0.008449444183175572
GRIK2,0.00844804291973101
NDST2,0.008446956078498012
FLJ26850,0.00844221925915681
TRIM4,0.00843911572531026
DAZ2,0.00843826214860296
MC2R,0.008436029883566846
OR2AG2,0.00842629912427693
CCDC73,0.008423188700396928
UHMK1,0.008422635597159908
C20orf199,0.008420650940942263
NUDT5,0.008417213549973459
ACLY,0.008413205829463352
ENTPD4,0.008412809801407156
C12orf42,0.008408179963219716
BANP,0.008408079448756262
ALS2CR11,0.008405529781990556
TSTD2,0.008397013611591743
ATXN1,0.008392111553893864
HPCA,0.008389298743424907
GUCY2D,0.008388707775382432
CTAGE4,0.008373231651282093
LGI4,0.008370586536237302
CDK5,0.008368896973035363
SAV1,0.00836720787884759
NIPA2,0.008364543959935078
SCAMP2,0.008360021386727324
NCRNA00092,0.00835593133484904
ZNF644,0.008340730041585968
ZNF354A,0.00833726147573947
C8orf30A,0.008318683715891124
GALR1,0.008311583485887371
SNORD15B,0.008304753735781854
ANKMY2,0.008303027750577136
OPALIN,0.008296958005433442
FLJ36777,0.008296721027617344
SLC39A9,0.008293654772040849
WDR44,0.008289500626085454
ALS2CR12,0.008287763136098086
FKTN,0.008283696337120665
TSPYL4,0.008272533436565024
ZNF512B,0.008259632505442205
CSNK2B,0.00825651889963854
LOC100129935,0.008252829895334475
RPS15A,0.008245621482318355
OR11H4,0.008245534864822638
PSMA8,0.008242923778806973
TM2D1,0.008240258339350834
SAG,0.008238904836046328
DUPD1,0.008235217952060758
EPHA3,0.008233361964749872
CCDC113,0.008233337453868794
GLOD4,0.008232035761182897
HIST1H4J,0.008231442422817509
CCAR1,0.008230029754992593
RP9P,0.008226868503371336
ATP1A4,0.008226439341449471
FAM127B,0.008223245884020723
C5orf35,0.008217988670742665
MUM1L1,0.008216671416168081
OR1D4,0.008215850129025929
RGS21,0.00820947641109457
DRG2,0.008207487631133678
LRRN4CL,0.00820470961207478
LOC440896,0.008204532790045006
FGF3,0.008201128802680778
LAS1L,0.008193114387428192
FBXW8,0.00819077128508498
RHOXF2B,0.008187214964811989
GRP,0.008179432207547356
ACOT11,0.008178039748023662
TMEM160,0.008167796608566919
TCTE1,0.008163035643315763
KCNE1,0.008150932926867652
?|645851,0.008146105089692024
ZNF217,0.00813340654575025
GCG,0.008129493718235273
PABPN1,0.008124872416467172
WBSCR16,0.008122925197329326
BTRC,0.008121913755459405
WASH3P,0.00810771361421757
LOC728264,0.008103468557108003
TECRL,0.008099174995096086
CYTH2,0.008095859618487522
ZNF568,0.008094738538625022
FAM125A,0.008089176087666152
C15orf51,0.008087717573190463
LGALS9C,0.008084550294993323
TELO2,0.008084210653813772
YTHDC1,0.008077031384328453
WASH5P,0.008072862314791119
PAIP2,0.00806849133610381
MAP2K2,0.008064095535310366
EEF1A1,0.008063084662508943
OPN1LW,0.008060529000697883
SSX2,0.00805824995523416
SRA1,0.008053392942679224
DCAF11,0.008052785788028252
PURG,0.008046534642250937
TNR,0.00804100506725221
C20orf144,0.008031002244466888
FGF16,0.00803085275711346
C20orf106,0.008030199017058606
ZNF625,0.00802198724799165
KRTAP3-2,0.00801970095236413
SPTY2D1,0.0080179564703148
ADAT3,0.00801046470959033
TNRC6A,0.00800523248867325
PFKFB3,0.008003905880777406
SPTBN5,0.008002515880327948
EIF3F,0.00800175905980498
CES3,0.007999998809431934
NSMCE1,0.00799981321695915
LOC145474,0.00798979942842185
WDR59,0.007989243615317389
NHEG1,0.00798874907282851
LRRC24,0.007988586967031879
GOLGA6C,0.007975344904954794
AES,0.007971990860309804
METRNL,0.007971115930491527
KIF26A,0.007970475573689658
FAM75C1,0.007966417804916082
TUBB4,0.007964071076257214
C1QTNF4,0.007961238737034417
OR2L2,0.007960321407534884
TEX14,0.007958220311595725
COMMD7,0.00794691932060245
DPY30,0.007943661871786023
MTTP,0.007936498676663007
LY6G5B,0.007933114442355843
AKAP3,0.007929353501476452
C1orf103,0.007925566084200154
NDOR1,0.007900350155364763
NCRNA00116,0.007900278529715865
RPL12,0.00789363782218479
FBXO25,0.007890370514365893
CCT8,0.007888482925740533
NPAT,0.0078883100714791
OSBPL2,0.0078837283968094
DUSP10,0.007878747904202331
SNORA64,0.007872153454997989
CNNM2,0.007870632396015558
C6orf153,0.007868672461266072
C17orf97,0.00786350643040722
C15orf38,0.007847089140292585
C11orf59,0.007846565095189965
HEXA,0.007841832014785699
MYL2,0.007835354640849102
PRSS38,0.007821933580534166
RGMB,0.007819661890446267
TYW1B,0.00781702806582073
POMT2,0.007816488807292174
TAS2R20,0.007812052501189967
NRSN2,0.00781189852679749
DHRS4L1,0.007810530025926746
PRLH,0.0078011382937845175
ZNF630,0.007798183144328152
PTH,0.007797729807171961
ZNF169,0.007784100871792347
C22orf24,0.007783025097562962
SLMO2,0.007768960620543278
ASB1,0.007763632331365775
C10orf137,0.007758815584620888
UBE2D2,0.007758187792925151
C3orf77,0.00775591448956665
TOE1,0.007748247855057034
CYB5D1,0.007743777260001577
C16orf57,0.007742321075519206
JPH3,0.00772974860468765
CGB1,0.007727183212267955
VPS53,0.007722259676887231
ZDHHC24,0.007713739577370548
SLC7A5P1,0.007713518485652782
C16orf42,0.007705280504025128
ZSCAN1,0.007702299211609139
LOC285796,0.007697275979939551
LOC349114,0.007692239863451209
TBL3,0.007691943717542116
PRKAA1,0.007690826045881632
SMG1,0.007689998553431193
MCPH1,0.0076861298033340355
LOC389791,0.007681446737450767
GUSBL1,0.007661623762975397
CALCB,0.0076612579852242966
THSD7B,0.0076551008882598335
FLJ10213,0.007654077757113499
PPP2CB,0.007639589687891912
RPL9,0.007635188603338057
ADAT1,0.007628435817853176
UQCRC2,0.00762681851118867
LRFN2,0.007622606868798011
KCNIP4,0.00762206624201928
OR10W1,0.007618191530377114
AGBL4,0.007617992266317096
METTL9,0.007615811815167683
KCNE3,0.007614625449990015
C3orf39,0.007611703751237235
EME2,0.007604151693691457
C14orf119,0.007601881356759812
KNCN,0.007581788347039309
PATE4,0.007577913487702948
VSTM2A,0.00757614734688718
HBM,0.007572568581789461
SYT6,0.007572318917505205
CWC15,0.0075608299476962815
ANKRD53,0.00755835599428327
PRR14,0.0075535701948794874
NR1I3,0.007551534112211171
ROPN1,0.007550983370619793
UBE2DNL,0.007545158101465489
DPPA5,0.007539706713946318
PRPF38A,0.007537250654142785
ZNF814,0.007534772172272468
ZFAND5,0.007532157756300035
LOC150527,0.0075243951086405815
LOC348021,0.007518951099902983
PCDHB10,0.007511831657458221
RWDD2B,0.007510924370102765
C14orf39,0.0075074185345659
PGAM2,0.007507174719326957
GUCY1B3,0.007506577621794118
CDCP2,0.00750276582878073
FUS,0.007500809870076153
KCTD4,0.007498047822717451
ZNF689,0.007493858301683394
TTC8,0.007491755843691853
SLC17A6,0.007488560115880036
SNORA81,0.007487123205659009
TRIM66,0.007479166060052805
LOC732275,0.007477383875796494
TTC35,0.007476845379901968
STX1B,0.007472611408701907
C7orf13,0.007469265002885596
SMN1,0.0074611822171205345
OR52K1,0.007456221739780153
PRPF4B,0.0074527097485455225
RPS26P11,0.007449509952758705
OR10J5,0.007445737809842444
PCK2,0.007444605195771151
BPIL2,0.007444507249472405
ISX,0.007440856525672494
DPYS,0.007435584692159379
FOXS1,0.007434535359538714
MBTPS1,0.007433261335537017
BARHL2,0.007418716352430836
EXOG,0.007418053958453386
S100PBP,0.007417945220101444
BBS2,0.0074167995367110835
PASD1,0.007412116704317316
SLC22A10,0.007409081198887126
TCTN2,0.0074089280480076755
MAP1LC3B2,0.007407030168462757
PRKD1,0.007404790007075714
TTC23L,0.00740374588147461
MOBP,0.007402211755625971
PRTFDC1,0.007397243545714273
ARL16,0.0073953485653927
LOC550643,0.0073924591769315194
PCDH8,0.00737739356399341
KIAA0406,0.007371861191506887
SNORA49,0.007371859393701272
CCDC11,0.007368715497838494
OR2T8,0.007359366810498834
ACTR3C,0.007358760697482707
C15orf55,0.0073567668630144835
CACNG5,0.00735454688082569
PPP2R5C,0.007346814611684081
C3orf50,0.007345797229457916
AKT1,0.007345584841728679
TRPC1,0.007343810148342013
MMP26,0.007342325724830468
TFB1M,0.00733474173989194
ZNF581,0.0073276726883248
EPPK1,0.007320638210886251
RAC3,0.007316292264009968
SNORA18,0.007314397716192442
RPE65,0.007312654986752306
REM2,0.0073117192335587985
TTBK1,0.007305095101893189
MYH7,0.0073025870270574155
CWF19L2,0.00730163658489429
SPATA16,0.007301240407220581
LOC727896,0.007300939464482864
GABRR3,0.007294008881942474
ERGIC3,0.007293559110936649
HIST1H2AA,0.0072910110740909565
LOC285501,0.007283781216356007
C9orf57,0.007283604517070734
SETD5,0.007279477486953042
C8orf37,0.007279163247808087
TRIM6-TRIM34,0.007268477184556274
GPR142,0.007263003186410717
GNRH1,0.0072583672315469205
TCERG1,0.007255469601183853
TSPAN19,0.00725507165311559
NCAM1,0.007251238871779718
ZNF252,0.007239809956458666
DOCK6,0.007236019089815272
KRTAP5-5,0.0072256964182817515
RBMY2FP,0.007220438778299173
C9orf44,0.007213592955534462
MZF1,0.007211203642973743
TSPY4,0.007210997767508533
KIAA1731,0.007202940182614639
C14orf142,0.007197260606269679
ANAPC11,0.007194708745592326
DDX43,0.0071863196193503774
GNAT3,0.007184128736836151
LOC150381,0.007182691569707329
PTF1A,0.007178800980312693
PPM1A,0.00716615937573098
BMP15,0.007165425093139633
MORN2,0.007152000342828118
QPCTL,0.007151588559054019
ADAMTS19,0.0071513134479488155
SLC24A1,0.007144100479687313
TUBA3D,0.007140131278649924
SYCN,0.007139418501242971
KRT76,0.007138567997812516
LCE2C,0.007115909507008619
STXBP3,0.007114081792416212
ZNF649,0.007109833986136114
C4orf14,0.007103636863460482
FAHD1,0.007102405374113186
C1orf175,0.0071010128395969235
MTCP1,0.007095639104057762
ELOVL1,0.0070946889544829
GSG1L,0.007091064314355537
ZZEF1,0.007086661076411787
RRP9,0.0070847193656620455
PLG,0.007081394573676942
ZNF311,0.007080828218602095
ZMYM2,0.00707962889048316
TRIM65,0.007077352204437938
LDHB,0.007072010819100552
C20orf203,0.007065947002060344
NELF,0.007063345538446951
RGR,0.00706268602672588
LSR,0.007055095122254045
ZNF432,0.007049819121447024
TAC3,0.0070446682485202075
FAM86B2,0.007042035544171454
WNK1,0.007041188662302544
ZSCAN4,0.00704000238607641
CELF1,0.007039731680588798
FAM118B,0.007038320516941131
HNRNPAB,0.00703511827398901
C1orf204,0.007032227949099504
MYLK2,0.007019720801740181
OR52A4,0.007015589634182641
GNAS,0.007012435609526458
C17orf85,0.007005592927652779
WDR7,0.007000430985633092
PFDN5,0.006999126692556859
HNRNPA1,0.006993186317281798
C17orf98,0.006990586208549234
RPS8,0.006989996834286183
RPL37A,0.006983614972619015
RNU4ATAC,0.0069753010886724936
SFRS15,0.006966442796592571
IFT74,0.006965787490599725
PARP9,0.0069629402346430384
LST-3TM12,0.006961185900138461
RPS13,0.00695261907240065
LOC55908,0.006949726389720396
PROCR,0.0069484022896370715
PCDHB18,0.006948096655379608
GPR173,0.0069428181924561586
GTF2H5,0.006937319042282433
ENPEP,0.0069363571722193705
ARMC2,0.006925380424740638
PARS2,0.006925062491050591
FAM166B,0.006923987455184484
EFNB3,0.006922073397415144
CP110,0.006921108913713331
PLCD4,0.006920598351995257
WFIKKN1,0.0069062744128036615
SGMS1,0.006895315867024378
RPS24,0.006893140522352183
CYTSA,0.006893018111720183
ALG12,0.006890814633794946
CHMP4A,0.006889791804539939
C14orf115,0.006888437383593571
RERGL,0.0068868792480258866
FRG2B,0.0068867315110300925
OR12D2,0.006885918032998518
RASL10A,0.006885575164771637
DNASE1L2,0.006885252044709107
GCFC1,0.006882907872609475
XPO4,0.006882203220930072
SUMO1,0.0068781795037193985
FAM163B,0.0068764634784286745
FXR2,0.006875772828254254
BCKDHB,0.006871804415162843
CCKAR,0.006868712506674837
LYG1,0.006867313051018133
TNKS,0.00686307854468389
LOC100288778,0.006860478851555385
KIAA1009,0.006857155229301528
SNHG3,0.006851430855693588
LOC100190939,0.006849366015516879
PXMP2,0.0068486082185963875
TPI1P3,0.006848024377496877
FAM127A,0.006844112186990363
C9orf71,0.006843743284793054
SNORA7B,0.006836340763538313
KIAA1267,0.006833881529592966
NCRNA00115,0.006831228620598855
NDUFB6,0.006830202149244745
CEPT1,0.006828887014687105
C13orf31,0.006824686245984248
ING5,0.006819779608906058
C17orf59,0.006819297324712457
EARS2,0.0068183082762473994
NODAL,0.006817083622467922
TBC1D10B,0.0068154571946830375
LOC100134259,0.006814645557627615
ZGPAT,0.006812510534021304
CTTNBP2NL,0.006810480216529642
OC90,0.006802230439918169
ZBTB25,0.006797582666181702
SYTL5,0.006791492486933337
SERP2,0.006789787050345571
C1orf64,0.006788930920406977
DNTT,0.00678315448220119
C22orf41,0.006779004547262286
HYAL3,0.006776923887504792
MAPK14,0.00676839127067403
APLN,0.006756871289245216
ARFGAP3,0.006755324412964327
ECT2L,0.006750365978888198
KLK15,0.006748692213890293
HIST1H2BE,0.006746179542757014
OR14A16,0.006745176472487719
SNORA70,0.006740208544067449
TPSD1,0.006740015491440121
C13orf26,0.006739388460081609
MYOC,0.006737471715298699
NANOG,0.006725946759311507
LOC731779,0.006720559914563496
C1orf84,0.0067183767714964785
ZMYM1,0.0066942528344459
TEPP,0.0066937128250619
LCE1D,0.006692038290319423
CBX3,0.006685923902802629
KIAA0562,0.006683037648440568
ELAC2,0.006680669243490131
OR52E4,0.006673001104036326
GBF1,0.006669451766619745
SHPK,0.0066689764023405785
C3orf48,0.0066666163467862015
ANKRD20A4,0.006665936631445044
MAGEB3,0.006665814808531319
RBM25,0.006665138714483439
TAF3,0.006663922102214043
C6orf221,0.006663553590241931
CCDC81,0.006658691965947884
GLO1,0.0066502028462357456
C9orf11,0.006637499803317569
C18orf18,0.006636604911421898
GP1BA,0.006630858312683135
FAM9A,0.006624538802416921
NHSL2,0.006622392316794424
HIST1H4K,0.006621900507358698
ACYP2,0.006615492490663983
RBMY2EP,0.006614951739600031
CCDC39,0.006613787840553258
RASSF5,0.006613522380697393
CCDC9,0.006601796566969478
KRTAP21-2,0.006600627725027072
KLHL10,0.0065869715211807735
LOC255025,0.006581660105148501
ZNF596,0.006566629029571119
PQLC2,0.006566275941028755
MYL1,0.006563234789017615
ANKRD43,0.006555614788331212
SLC2A2,0.006549747228444751
PI4KAP2,0.006544647019845283
FOXD4L3,0.006539157795641082
RPL26,0.006538484422810365
SLC35A3,0.006537862308830165
WFDC6,0.006535313445360221
ZFP1,0.006526312870522598
SNORA74A,0.00652567779839324
TMED7-TICAM2,0.006520260076127805
OTOA,0.0065184589114335055
LYZL6,0.006518193622826457
ARGFXP2,0.00651469746566338
WDR26,0.006509965602172451
THNSL1,0.006508148503706596
OR2Z1,0.006507465949585703
C3P1,0.006506165365838107
DYTN,0.006503211283939597
TRIM72,0.006501896828570008
ARFGEF2,0.006500975564841079
LOC641298,0.006499984735329701
MED25,0.006498936321118826
PIAS3,0.006492676034433199
FABP9,0.006487811228845673
NDRG3,0.006486338699283321
PTX4,0.006484182429236177
MMP16,0.006481779067700555
FAM170A,0.00647909192243753
PPY,0.006474866620132589
EP400,0.00647465002916175
PTGER3,0.006474576303610219
C9orf50,0.006474571212899895
EDC4,0.006470477562200582
MDGA2,0.0064541672685116385
YARS,0.006452347073397725
MYSM1,0.006448989001570299
TREX2,0.006447992007692974
CDK15,0.006445226038925212
KIF5A,0.006442379523597748
SEMG2,0.0064422752968326365
PAX8,0.006439538988472683
ZNF187,0.006437031026712918
NSUN6,0.006436163753204549
C21orf70,0.006434876082723042
YY2,0.006434874878113448
C9orf93,0.006431960570540453
HRH3,0.00643089811728898
SETD1B,0.006427080545537019
C1orf100,0.006423540824072701
GSTT2,0.006408732990314216
FAM19A2,0.006405516189519742
WFDC12,0.0064033279286338975
LOC100272217,0.006402177207972423
GPR44,0.006397996707963835
HIATL2,0.006395859936015379
KIAA1919,0.006386479519503774
VENTXP7,0.006385552894075065
TSC1,0.006381998838023851
DDRGK1,0.0063800134378378765
TBC1D19,0.006379547573309913
ARL5A,0.006374617533687461
TMEM55B,0.006373488717784237
SNORA29,0.006371910476210532
DPH5,0.006366990568264131
COQ10B,0.006362957737597939
ZFP92,0.006349423848075263
RWDD3,0.00634905633148216
PDE11A,0.0063466635970420345
HTR1A,0.006326399593195658
KIF1B,0.006324383756665731
LOC619207,0.006310945258890551
KPNA6,0.006306759554794058
CHFR,0.006298500710510555
HS3ST2,0.0062954545311443766
THAP8,0.006291253951713182
NPVF,0.006291139240506338
APOA1,0.006290223796887529
C9orf23,0.006288398267677238
ZNF836,0.00628097563070173
FABP2,0.0062724146927413665
OR1N2,0.006261430616269958
RFX4,0.006260780085868165
ZC3H11A,0.006259496480454108
SSX7,0.006257620411594924
TMEM179B,0.006255971745160834
DUSP27,0.0062545400795974366
BREA2,0.0062489461128327
CPO,0.006247877221693516
B3GAT3,0.0062473478719416685
HIST1H2AK,0.00624583130191967
FAM78B,0.006239873651766848
GPR151,0.006231734468846932
LOC100132288,0.006230722256349296
SPPL2B,0.006225898219805529
TMEM121,0.006218394431869803
ZNF502,0.006214977930099013
HMOX2,0.006213056773486818
KDM5C,0.006212869263507055
C11orf10,0.006212582168377155
MRPL17,0.006211731992076168
IFI27,0.0062110251558104125
STK3,0.006207986706210853
NEK9,0.006206133622138037
EIF3G,0.0062045423553217845
CYS1,0.006199929741994048
RPS6,0.006195831993709676
ALDH9A1,0.006193232652088088
HSPA8,0.006184178626716804
CARTPT,0.006178609985393041
IDH3G,0.006161235723870208
AKR1A1,0.006159964177419642
ZNF773,0.006158834971121205
OR2J3,0.006157944621165239
PRR24,0.00615738480509349
FLJ43859,0.0061542240906934925
CA5BP,0.0061472037134175156
SRCAP,0.006146467075702998
MADCAM1,0.006144499087122585
FAM96B,0.0061442498275432805
OR5H2,0.006143373530195334
FLCN,0.0061327571024874785
ZNF761,0.006130452332383712
USP35,0.006129201858992983
ECHS1,0.006123825984177702
OR2W3,0.0061086373086986605
OR5AU1,0.006105411127713573
NDUFB1,0.0061009462168508995
HIST1H4G,0.006100087840347435
WIPI2,0.00609902631826016
DEPDC4,0.006095536423970506
TUBA3E,0.0060954726774974195
LOC643955,0.0060940558007295444
FLJ12825,0.006076985272949507
RNF31,0.006075796362010012
ZFP36,0.0060753680553756175
LOC728024,0.006074379408340178
RPL13AP17,0.006065388345237461
ZNF419,0.006056867036223895
CYP11B1,0.006048944046216317
LOC285692,0.00603599085955159
NEURL2,0.006034065744284177
CABIN1,0.006032053049838906
RING1,0.006027901359191274
DKFZp434L192,0.006025457294850484
SNORA38B,0.006021655385296399
SNORA56,0.006020876062621275
GTF2IP1,0.006016683844738016
LIPT1,0.006012344772968647
OR8K3,0.006011878904988106
CLYBL,0.006010693530550565
FGF4,0.006009815044949599
ARSG,0.006005416142103815
HSFY2,0.006002933716037907
LONP2,0.005992504437374704
PLAC8,0.00599068117183477
SCARNA18,0.005986704037768251
SNORA39,0.005986676017149739
?|388795,0.005983726142404124
C7orf28B,0.005971868458903983
FAM19A5,0.0059692823637324186
OR11A1,0.00596744267802951
DYNLRB1,0.005965493153311321
SCN3B,0.005960175380822948
DNMT3L,0.005951518302319781
ADAM5P,0.005950911203426676
ATP2B2,0.00594822775223897
ESD,0.005947983980326806
RPS10,0.005947437705894235
MRPL28,0.005944988899882588
C11orf65,0.005943907082291755
SPEF2,0.005931844411371371
NTM,0.005930156181621378
FGF17,0.0059297647714438555
KRTAP10-10,0.005929579659668381
DPRXP4,0.005927263798366207
SNORA74B,0.005926213746548703
C14orf106,0.005909103776810441
GUSBL2,0.005906777958645093
SNORA57,0.005904642485940084
RSL1D1,0.005896776224841937
TNF,0.005893245629985222
MUM1,0.005878065276743626
LOC144486,0.005873765190856825
C14orf53,0.005872786065573024
RIBC2,0.00587083712780429
C14orf169,0.005868189168337632
REG1A,0.00585183745578985
UBAC2,0.005848919346091986
LOC388152,0.005843458225775888
PLAA,0.005842246347235001
GLRA1,0.005842087262610204
LZTS2,0.00583826247301809
OR4D6,0.0058350948181393894
LOC339568,0.005830909435528102
MAEL,0.005829425816520094
BAT4,0.005826771182163099
ARHGDIA,0.005821989082055239
NUDT18,0.005816543781869297
C11orf58,0.005815090355913889
KIAA1383,0.005794782382521256
FARP2,0.0057898104762570905
PRMT7,0.005788129504725463
SLC10A2,0.005785243387493699
ZNF34,0.005784629647884868
TLE1,0.005773484343770827
TTTY20,0.005772151898734159
HMOX1,0.0057721036210907906
MAS1L,0.005770389858237062
STAG3L4,0.005764364760492117
PIH1D1,0.0057531976586101
MBD3L5,0.005752814022052723
OR9A2,0.0057527019493729264
DFNB31,0.005752226149378049
HCG22,0.005750996955167797
TGIF2LY,0.005746104228968655
FAM43B,0.005734543096760019
IQGAP1,0.005732295976710869
PSKH1,0.005729203611411058
TMCO2,0.005721284643877678
EIF4B,0.00571627367994833
LENG1,0.005710446173469326
C4orf40,0.005701477841104295
ZSWIM2,0.0056950184277804895
C9orf86,0.005692698239970643
GOLGA8F,0.005677937667255119
GPR119,0.005673577755134411
PDCL2,0.005670834474086672
RNF151,0.00565992465997591
OR5K2,0.005655988938841634
CDIPT,0.005655047211801944
KRTAP4-5,0.005650297140923023
HES3,0.0056455510037712936
IQCF5,0.005645428485941506
COX16,0.0056379775001476964
PCGF3,0.00563704148665975
PRDXDD1P,0.0056358982218296955
DULLARD,0.005620640060205003
NDUFS5,0.005618886048829431
LDHAL6A,0.005618662126177267
SPATS1,0.005618061469070974
DDX11L2,0.005615344999353204
ZNF526,0.005614883356645018
DLG4,0.005614307446561681
MED23,0.005613334396878089
FAM98A,0.005604599112282334
PRR3,0.005601680486538806
RPS2,0.0055968273696281705
C21orf29,0.005596677679794343
ATP1B4,0.005596045798435795
NCRNA00159,0.005594112834471976
RABEP2,0.00558799950224552
BSG,0.005585463796134601
PRKACG,0.005585143479804642
LOC390595,0.005583865754893302
MTHFSD,0.005583249464395427
ZFAND3,0.0055805731053329925
MYOZ2,0.0055743224544766885
DAD1L,0.005566211056952746
TUSC5,0.0055605479635086495
RTCD1,0.005556880509170795
AFG3L1,0.0055519699793287365
LRRC10,0.005549733165483738
MAP1LC3A,0.005541675614101774
SRBD1,0.00553741073420235
WNK4,0.005533066571754614
KCND1,0.0055318630473150405
C16orf52,0.005528439622237548
PTPN5,0.005527103856728601
OR5T3,0.005520741284918584
ANKRD36,0.0055167339572138015
LOC255167,0.005515483454272338
GNL2,0.005509185628882366
ECM1,0.005502837326165215
ZMAT4,0.0054984822988856895
TP53BP1,0.0054939417457644186
TMEM218,0.005489231395693787
C13orf39,0.005480094171303076
AIMP1,0.005480086879988008
GPR135,0.005476837478717898
CLTA,0.005472756076533999
TMEM14E,0.005466328638199857
EBF4,0.005461002932549377
CNPY1,0.005457474240610305
ZNF300,0.0054541254299003885
C12orf40,0.005451269757506908
MUSK,0.005446180059941176
CREBBP,0.005443524324721677
AMAC1L2,0.00544158848155876
TAS2R5,0.005439759624537822
KRTAP10-6,0.005435872048583402
DGCR11,0.005417130763985015
ZFP161,0.0054117580810215575
MAP2K7,0.0054105529550198175
OR52N1,0.005406125585522262
CHD9,0.005405083500952645
RPS3,0.005396999805666163
OMG,0.005395704877415623
SUPT5H,0.005393426410703902
CUTC,0.005392352999087455
TSPYL6,0.005392265420450046
TMEM191A,0.005387944001356626
MYADML,0.0053859223586167826
LOC100129726,0.005385304343835323
RNF207,0.005382030622903028
SNORA27,0.005380950334185816
ZNF233,0.005373567633540319
BEYLA,0.005368258305827987
TYRP1,0.005366138677123058
C16orf78,0.005365946857074059
KCNQ1OT1,0.005359151620267544
AP3S2,0.005357808720303895
RXRB,0.005356295451057656
UXT,0.00535491877909501
C20orf165,0.0053413308456321815
SEC14L3,0.005339049179806746
RPL21P44,0.005335169417261129
CSPP1,0.005331904197953033
GAGE13,0.005325091339302464
DCTN6,0.005323064151008836
LOC100128076,0.005317034847359376
GAGE12F,0.00531667175167838
CST9L,0.00531352808796974
LOC90784,0.00530424465931545
FGF1,0.005300208595804391
SPATA22,0.005294084404525152
DTHD1,0.005292641592052928
KIR3DP1,0.00529182288923133
IPP,0.005291491132631972
FLJ14107,0.005289683731422996
MEG3,0.0052859825929813175
MYADML2,0.005282694997911347
RPS18,0.005278068195811728
OR7G2,0.005277833276994792
ABCC8,0.005275424573487641
NAIF1,0.0052748057446506446
CHRND,0.005274477163117479
C19orf22,0.005266981473890586
NUPL1,0.005264737107942566
ELMO2,0.00525568393364588
LOC730668,0.00524182239692507
CCL3L1,0.005238266824599183
VPS39,0.00522892000747789
TPO,0.005225037750037513
RPLP2,0.005224148018204637
KIAA1430,0.005219816565275749
MARCH3,0.005219238666242672
TRAPPC9,0.005203123784725845
TBX19,0.005198112341814176
IRF2BP2,0.005196109225484965
MED31,0.005186902336247865
HIST1H4F,0.0051744173551715655
TMEM102,0.005165433584018162
SPATA21,0.005165337818282716
LAGE3,0.005157695837856512
LOC284788,0.005155249535128637
SEC61G,0.005148302607669008
KIAA0415,0.005147629773551811
MBOAT4,0.005146329130374787
CDH19,0.005145806346516436
LOC390858,0.005143086878213127
CCDC22,0.005137877252293223
OR4A47,0.005137612881525476
LOC100129055,0.005137286515658286
DPY19L2P2,0.005135789773698267
ASAP1IT1,0.00513551255901916
ODZ1,0.005130343032528374
BHLHE40,0.005129195188668043
NF1P1,0.005127441146436569
NTSR2,0.0051264137590046705
PUS3,0.0051202266239850905
SPAG8,0.0051110228759814495
TJAP1,0.005106714018889599
AP3D1,0.00509859740138228
TNIK,0.005087625280304147
MIER2,0.005086532536290404
NEDD9,0.005082609078680076
C7orf72,0.005078367181496518
SMARCA5,0.005077531178471037
HAPLN1,0.005076698336397135
OR8G5,0.005069279231320588
PCDHB16,0.005065847303938397
FRG1B,0.005058005217749875
PSMC6,0.005056557323421929
VCY,0.005056419617006124
EID2B,0.005053612927404249
C1orf129,0.005049938013434798
RNF113A,0.0050471528300875335
SNX4,0.0050314132343440825
OR4D9,0.005025316455696181
CAPZA3,0.005011141836175182
DENND1B,0.004987614235458278
RBM33,0.004983652023946465
MS4A10,0.004983513611547725
PPP2CA,0.004982619426697818
MYO1H,0.004973259814057813
CLN5,0.004970128387951065
TAS2R43,0.0049693888770372925
TTN,0.004964840610267496
CCNDBP1,0.0049521392623135905
CT47A6,0.004938137358306029
PMCHL2,0.004931569353835148
AHSP,0.00492823404881224
GABRA2,0.004914286451752046
SLC2A7,0.004910953341372021
KRT25,0.004910778551404813
GTF2I,0.004910186292941369
PCDHGA1,0.004903083872494813
CDRT15P,0.004901430858405092
CRHR1,0.004898019464936566
ZNF544,0.00489704754771726
OR6B1,0.004886865057337079
KIF2B,0.004886075949367053
PPP2R2D,0.004879694570788396
OR5AR1,0.004873417721518953
TSPY1,0.004870865482741589
SALL3,0.004862551655689395
LAMC3,0.0048623427611735525
MPZ,0.004836926943066085
IFNA16,0.004835962668723118
PPIAL4C,0.0048259367782115875
LGALS13,0.004822027528161383
PAGE4,0.0048182996317831855
KCNJ3,0.004810398172961462
LOC647859,0.004807024255092299
GALNTL2,0.004806939360341767
CDY2B,0.004805600943417548
PATE1,0.004800522090331476
INTU,0.00479821738582405
C9orf70,0.0047961370644787425
NPHS2,0.004795631181047084
ZNF843,0.004794592163284033
C20orf152,0.0047902606237201365
AP1G1,0.004787245238515448
LMLN,0.0047862687289164044
NHEJ1,0.004785441223617463
ZNF785,0.004776411921512367
LOC168474,0.004776148587270241
SLC4A7,0.00477568299548163
GZF1,0.004775302922968356
CRB2,0.00477224910724934
UBE2E2,0.004765225205068438
DGKI,0.004763864177222404
PCDH10,0.004762295606760494
MDP1,0.004761620552629506
AGAP7,0.004761101838592496
LCN6,0.004753274522509584
KRTAP21-1,0.004746835443037941
DEFA5,0.004738454715797909
FAM179B,0.004734937917261781
ZNF614,0.0047337715760053635
SURF6,0.004721968800685553
SLC36A2,0.004717259421963575
MIP,0.004715660251415205
IFNA4,0.004709336992636785
NCRNA00235,0.004701201320441231
CSN1S1,0.0046990672878954665
CT47A10,0.004696202531645537
LGI1,0.0046950133011539495
LOC645323,0.004694539984998126
GYPB,0.004690468717396601
RP9,0.004689761678709242
IFNA5,0.0046782646964486805
TEX13A,0.004670987343870974
ZNF593,0.004667837890881324
FAH,0.004663919515487701
SFRS6,0.00465986976142154
POLR2C,0.004659369682339935
KRTAP10-11,0.004658307047697961
LIPJ,0.004654501101657057
MUC17,0.00464874714397789
SIRT6,0.004647954813899797
C7orf33,0.004643015549159964
SCARNA5,0.004642980831705458
C1orf141,0.004639528730745847
OR1L3,0.004634802431610943
AKR7A2,0.00463230853159008
OR1L4,0.0046238603801226595
SPAG11B,0.004619188108247749
ATP5S,0.004611154993266416
HIST2H2BA,0.004611100968825686
OR2W1,0.004607115165265795
WDR33,0.004602240941671281
GRID2,0.004583059666891213
KRTAP13-4,0.004582815225656394
POLR2E,0.004580905526143341
RHBDD2,0.004576389091602446
CARS2,0.00456697221533023
SIK3,0.004559204107728017
WDR11,0.004545282784516894
KIAA1539,0.004540926953944478
INSL5,0.004535856532200806
ZNF768,0.004533157186916652
GSX1,0.0045304863764510156
UBE2I,0.004529238757501358
DYNC1I2,0.00452674188528496
IL12A,0.004521537387947269
RPL27A,0.004513695592134489
KRTAP8-1,0.004508178272036444
C2orf52,0.004507755103391927
FAM99A,0.004507659052682235
OR4N2,0.004486709187395341
MED12,0.00447758942407778
MRPL32,0.0044724322793943125
PI4KAP1,0.004470867874502711
ALDH8A1,0.0044699949969988105
TMEM188,0.004452101151721088
MRPS15,0.004436628076631264
SERPINC1,0.004421086788107311
MYT1L,0.004418382701191048
POTED,0.004413456218905345
FAM27A,0.004412061784082133
C1orf49,0.004406124739846945
OR4N4,0.004405773770867887
?|280660,0.004398462385397342
POU3F4,0.004387467496280484
KCNJ13,0.004386920481986103
PGLS,0.004386107397931329
SLC6A13,0.004376486650072616
VENTXP1,0.004374677292197515
SNORA68,0.004373909249914022
LCN8,0.004372383255810348
ZNF177,0.0043690252727277765
TXLNA,0.004367452953676773
HPS6,0.004366970300455604
SRRM4,0.004364229447288198
NCAN,0.004362440079959559
C3orf45,0.004349338988131408
SMCR5,0.004329793306473973
RALBP1,0.00432588476815704
GTF3C6,0.004318441560488786
TEX13B,0.004316370466278969
PCNT,0.004314154450497388
SNORA79,0.004303797468354427
TRIM26,0.004297874535893129
ZSCAN12,0.004295468318961173
LOC727924,0.004290583371552492
NDUFB10,0.004286733054930937
NBPF16,0.004281653992922793
LOC90834,0.004278080749784717
RMRP,0.004270468451552335
KIRREL2,0.0042582665846464295
SDCCAG1,0.004256843846146113
ZCCHC12,0.004256642159119009
ITFG1,0.004254818013351463
UBL4B,0.004247944907429811
APRT,0.004246181104984159
ITGB3BP,0.004245928463696571
CXorf58,0.004238510752402222
OR51B4,0.004234771977779199
BBS7,0.004217878350250979
PNLIPRP2,0.004213551586533441
TNN,0.0042096953460531395
HERC2P4,0.004207517557508723
CRAMP1L,0.004197588397112223
HAR1B,0.004197531204173702
GAGE10,0.004193748701196836
C1orf227,0.004192687225357968
STYK1,0.0041835278038263425
PRR23C,0.004177606247545892
C4orf35,0.004167043009180848
SNORA11,0.004166199557449497
PRAMEF22,0.004166162622501325
SIAH3,0.00416511912963416
ZNF235,0.004157791951820122
OR13G1,0.004157395869295609
RAP2C,0.00415606267583559
CACNA1S,0.0041507954100382435
RNF220,0.004148592078131679
RGPD5,0.004146693090142312
P2RY11,0.004144905666532383
FLJ25363,0.004135773524737261
C19orf55,0.004133968585781797
CCKBR,0.004118191136856656
ST8SIA3,0.004116534305008668
SGK3,0.004114524859463158
PTH2,0.0041121047252142455
VWC2L,0.004106946021725829
HIST1H3H,0.004098419457380204
LCE6A,0.004093697919833679
RAB1A,0.00408232800842332
FUNDC2,0.004079671611865925
RNF25,0.004073190900997674
FLJ40292,0.004071665518675427
KCNK16,0.004071158989912693
MCART3P,0.004064417258062817
CNTF,0.004062760828665408
FGGY,0.00405664730561859
ATP5O,0.004055610495780591
JRK,0.004051149918119855
LOC339788,0.0040495508900145515
NDUFB2,0.004048806450223471
NKX2-2,0.0040471130415997945
ACSM4,0.004044467826260122
DPH1,0.0040394909399177545
RCVRN,0.004031445157096164
SCARNA16,0.004029950565826083
SCLY,0.00402147578078165
NKX2-4,0.004019610709948411
RPPH1,0.004016775632586111
LACE1,0.003999423679556921
SCARNA6,0.00399884165004528
RFX3,0.003995400137493789
RPS11,0.003993404185640523
PPEF1,0.003971615085342741
ASB18,0.003959499254811817
CDC5L,0.0039560477959756
OS9,0.003954142604680467
IL5,0.003953106542855497
FEV,0.003951822490331032
OPN5,0.003951320452444309
DLK1,0.003947213838402293
C7orf4,0.0039423036402232905
HHLA3,0.003920152857164735
MLLT10,0.003916317582034314
ZNF263,0.0039160193598151115
ZCCHC7,0.003915883024024896
GALP,0.0039123708226249
B4GALT7,0.0039025590831505263
OR8D4,0.0038975939798336365
ATP6V1H,0.003892744021315188
CLDND2,0.003886667712808644
LIN37,0.0038851733435764555
ADRBK2,0.0038777175641454458
POLN,0.00387763813396472
TAF4,0.0038737178533053583
DCST1,0.003870433421299812
GNAT2,0.0038692218472195124
KHNYN,0.0038683423527790797
C4orf27,0.003865761775948284
SNORA3,0.003865272114164448
BEND2,0.0038590455389477907
FLJ43860,0.00385722243786661
PGA5,0.003846739845224213
OR2H1,0.0038430025814013458
PNLIPRP1,0.0038394192593745845
LOC647979,0.003838848144816057
FAM138F,0.0038189021825288127
RDBP,0.003817208592227241
UTP15,0.003814646382652886
CAP2,0.003811641723258329
SLC39A3,0.0038113598546975413
DKFZP434H168,0.0038053770634914937
DNAJB14,0.0038003860941175963
LOC441046,0.003799857305531527
CT47A7,0.003797468354430359
DTX3L,0.0037852327345053744
LCMT1,0.0037786570484914495
KRTAP20-2,0.0037721518987341744
SPDYE7P,0.003772091858108925
SPHKAP,0.0037661975029901077
TGM7,0.0037610322352666604
OR14J1,0.003759493670886093
LOC100128554,0.003748502972412326
KIAA1737,0.0037469354295017873
RAX2,0.0037456972829238502
HELQ,0.0037364447411923607
PAQR6,0.0037343811435413075
NEIL2,0.0037304572187479893
SNORA47,0.0037240214870861337
OR4D1,0.003705143481695764
GOLGA6B,0.0037032662531754365
PSMG2,0.003702277063084893
TMEM231,0.003693008461281324
RFTN2,0.00369294651349967
ZNF547,0.003686237121045455
PRPF39,0.0036784864302165363
ADAM3A,0.003672587544077105
ASB12,0.003662755162891537
SNORD115-13,0.003658227848101258
LOC729375,0.0036565264909304424
SNORA32,0.0036544697289953403
TAAR8,0.003642888817221638
LOC728323,0.003629476105359892
LOC100131691,0.0036271052525002788
HMGN4,0.0036251935014381532
C6orf138,0.0036231577514050785
LOC402644,0.003616087941372423
TMED1,0.0036095421967823095
CRH,0.003602733426982877
DBX1,0.0036017830236277845
KRTAP12-3,0.0035949367088607717
TTTY16,0.0035934936364686743
FAM194B,0.003589933494740256
N4BP3,0.003589332933059086
SNORA12,0.0035873653291912263
TUFM,0.0035870862935908393
BTF3L1,0.0035812429250136235
C20orf196,0.0035791927590161842
METTL11A,0.0035705568130271577
LOC401127,0.0035677379942771047
INSC,0.0035627628069490216
ATP1A3,0.003560555295968998
YY1AP1,0.0035476019568376708
SCARNA8,0.0035443037974683435
SLITRK3,0.003542539712985068
FAM184B,0.003541996464666209
PRAC,0.0035304917073886257
SNORA5B,0.003527338725168743
LY6G6F,0.0035265580282014004
LOC340094,0.0035179003515423356
PCDHB3,0.003503756009270296
TCP10,0.00349817167410102
SOCS3,0.0034912117101334665
SPINT4,0.0034748670934963122
LIPN,0.0034689750751644368
OR2M1P,0.003468354430379743
SUPT7L,0.003463974987997518
STX16,0.0034538986089569157
COG4,0.0034430388361097906
FAM66D,0.003441454057534592
HIST2H2BF,0.0034412614117467497
OR10H2,0.0034333432951906707
MRPL52,0.003421470522629926
DUSP21,0.0034186220771959363
L3MBTL3,0.0034182875496542573
TRYX3,0.003417721518987327
LOC646498,0.003416798224212326
SNORA44,0.003414170518588698
RBCK1,0.003406022675667738
SLC23A3,0.0034049106642769114
KIF3B,0.0034036069827456284
EEF1B2,0.003397085383129886
SERAC1,0.0033921586487434523
RXRG,0.0033794146496678125
C6orf106,0.0033733917051485965
FOLH1B,0.0033717611649889167
OR2G6,0.003370292931131958
OR5T1,0.0033670886075949265
OR5AN1,0.003366486103605283
SCARNA4,0.003364898486188082
SNORA8,0.0033540561577883143
ZC3H14,0.0033515970908890363
SNORA71B,0.003351085264928358
TCEB2,0.003348370160167498
VSIG8,0.0033449318766995257
SNORA5A,0.0033372614364008337
SNORA16B,0.00331888795124238
THAP1,0.0033102877375881415
TBC1D3G,0.0033069897868398977
DEXI,0.0032964443465703323
KCNS2,0.0032954195378538617
PXT1,0.0032857791845265476
CLEC1B,0.0032842896668518378
MBD3L2,0.0032807364787111573
OR51B5,0.0032560133912269366
CTNNA3,0.0032554218477407544
LOC285370,0.0032508432364791737
CCDC42,0.0032475764226820155
OR11H12,0.0032391830288178054
PRDM15,0.0032389521691883233
ATP5J,0.00323274791213256
C20orf71,0.003227503979383007
VIPAR,0.0032248494107376727
RGPD8,0.003224689460147772
FKBPL,0.003215834341274441
GPRASP2,0.0032142495991940323
LALBA,0.003212479117614713
NCRNA00032,0.0032070200913901846
C9orf153,0.0032026067524075844
PCDHB7,0.0031996767579416142
KRTAP7-1,0.003195288694815196
POTEB,0.003189735860373978
ATG2B,0.0031862799503648235
BEND4,0.0031838316515404867
PCDHB12,0.003181949244239057
OR2M7,0.0031772151898734192
TTTY2,0.0031743333746587477
VPS52,0.0031716602022705234
BPY2,0.0031665169281805514
HNRNPCL1,0.0031658189849832607
LOC100129716,0.0031621766311681738
GDF9,0.003158931952246092
LOC100128977,0.0031511646380735156
IGLL3,0.0031363404420063448
UBQLN3,0.0031350447085663857
C8orf71,0.0031129665752944293
TNMD,0.0031031852859305766
GLYCAM1,0.0031012658227848
KCNA4,0.003100827982422399
CYP26C1,0.0030930794405424128
FAM187B,0.0030898381139351006
DHX16,0.003069907059413757
PTPN20A,0.0030594369883552666
WDR88,0.003050051830114022
LOC100192378,0.0030217204059331025
TIMM9,0.003017812959443466
SLED1,0.003012844366369106
MLN,0.0030126582278480938
NDST4,0.003003537988163783
EGLN2,0.0029889764267386917
SAT1,0.0029817111209206196
C1orf189,0.002981240504352134
CHTF8,0.002973500794056112
TOMM7,0.002969150477317034
TCEB3,0.0029665566959748185
DAZ3,0.0029654184250866916
ZNF251,0.002938806649708761
COL20A1,0.002930649704886771
RPL13,0.0029281441496085783
MAP3K12,0.00292401753803377
OR7G3,0.002922526111530396
ZNF35,0.0029203366095780867
CACNG2,0.0029164434080255048
SNORA61,0.0029144867696941123
CYP7A1,0.002914318840274754
ATP8B2,0.0029129923327849616
ALKBH1,0.0029026805128251373
RPL31,0.0029008228961955565
SLC6A19,0.002872866950163706
ASPDH,0.0028720936065581267
PLIN1,0.0028720434937697307
MKS1,0.0028613098239479847
CTU2,0.002854057408288115
C10orf110,0.0028307941290129056
SLC35A5,0.0028279091488365078
ZNF550,0.0028262487652225264
DPRX,0.002818351521214995
LRRC30,0.002810126582278492
XAGE5,0.0028098482447553486
TAS2R42,0.0027996302634543295
OGDH,0.002795756976557108
INE2,0.002791107833548025
EEF1A1P9,0.002786182701774283
CST1,0.002786024847566746
AMBN,0.002779947929539143
USP29,0.0027609956854631264
OR4F15,0.0027594936708860694
NSUN4,0.0027567930527913048
TMEM95,0.002755285911898649
GAGE2E,0.0027528703635916084
SLC9A8,0.0027513261885800046
DDX27,0.002747175936506972
SPANXN4,0.0027468354430379726
GABRA4,0.0027460194459732186
C3orf32,0.0027410403962199793
EGR1,0.002740839387414221
ASB17,0.0027355981751406608
OR11H1,0.0027341772151898655
C2orf14,0.0027246061036021317
SNHG5,0.002719799413297516
KRTAP11-1,0.0027151428235123575
ZBTB22,0.0027132098239853963
RIT2,0.0027008947140660213
C10orf40,0.0027001364982206476
EPHA5,0.0026995865380856202
LPPR5,0.002696692579733892
IFNA6,0.002696202531645564
LOC151174,0.002688601748582033
OR10A5,0.0026876437008585136
ZFPM1,0.002686461474629675
RWDD4A,0.0026862826694990564
C20orf185,0.002666798980239164
LOC100130264,0.0026585433330744714
TMC2,0.0026424754533756543
RASL10B,0.002637041883183827
TMEM207,0.0026144190079666636
C8orf44,0.002605992091033123
SESN2,0.0026025145736660055
FSHB,0.0025979590965086075
ZNF192,0.002593315659414729
RBMY1J,0.0025931776230981238
C7orf28A,0.0025929933154696444
PCDHGA4,0.0025822244918884667
TBC1D21,0.0025696202531645617
LOC26102,0.002560176213925355
TPRX1,0.002536292531984292
OST4,0.0025293815347283517
SNORA24,0.002528854149503339
ATP6V0C,0.002526794630766202
LOC100128164,0.002522783262493965
FAM66E,0.0025152656211258387
SPRN,0.0025081201535423737
TAS2R7,0.0025067148083843488
ELOVL5,0.002503903472660283
RPH3A,0.002498341567681368
SNORA11E,0.002497687883108325
TRIM42,0.002486807363440791
OR6C76,0.0024860937778570114
CT47A2,0.0024833476381520333
TAC1,0.0024801867750908232
LOC391322,0.002475186913034072
ATP8A2,0.002468874466542553
GADL1,0.002451375068475331
F9,0.0024513446617404036
STOML3,0.0024443712822524903
BRD7P3,0.0024441418776546832
ZNF747,0.0024336698025664186
NR2E1,0.002429862722111098
DYNLT1,0.0024202726751370142
C15orf37,0.0024194931148235088
?|100130426,0.0024162451410345846
FKBP1B,0.0024003999783153936
LOC100287704,0.0023797468354430375
PRM3,0.002379635878354555
OR4A16,0.0023789597412537038
GNMT,0.002367939861263757
ZIM3,0.00235695620493667
LOC347376,0.0023565777041805983
KRTAP26-1,0.0023561295310701984
DEFB132,0.0023554598182339236
OR2L3,0.002345179684586676
BTBD18,0.0023446351352572332
HSFYL1,0.0023417721518987377
SLC22A12,0.002336861417035098
BRE,0.0023291633846984467
TAS2R39,0.002325333516161998
TEDDM1,0.002322980662697307
KRTAP2-2,0.0023229056601543523
IFI27L1,0.0023218720966179276
PLD3,0.002308644528953272
CSPG4PY2,0.0022948918551557815
EIF1AX,0.0022916033131520587
EFCAB3,0.002290457403030284
PRKG1,0.002283563363759541
RBMY1B,0.0022792670484265945
OR4S1,0.0022784810126582275
RHAG,0.0022771246207612594
ZNF142,0.0022735559489458
KBTBD13,0.0022722333192313564
FAM182A,0.0022717384948054966
RANBP9,0.00227115985860974
OTOL1,0.0022710767791923677
NCRNA00112,0.0022688931569136038
OR4K1,0.002264374698174177
INTS4L2,0.0022628753847483154
OR52I2,0.002260637740570758
FOXD4L2,0.0022586564182431766
CRK,0.0022530436566136503
SNORA37,0.0022493701609929972
OR52R1,0.002248802840775239
ZNF234,0.0022442456735154376
ALKBH5,0.0022435217935047914
FLJ40434,0.0022405063291139255
OR12D3,0.0022405063291139247
SEZ6L,0.002227596059784882
CTRB2,0.002223965286257163
TTTY4C,0.0022227083612811733
ZKSCAN3,0.0022168446932893378
OR10H5,0.0022152451084080905
OR4C15,0.0022025316455696214
LOC645752,0.0021983823057220445
RALGAPB,0.002186380303057233
SNORA40,0.00218631682504214
IFITM1,0.0021817063563530107
PRNT,0.002177215189873419
C21orf56,0.002158807101584727
MYF5,0.002152184076809416
PRSS42,0.0021280243183435976
SLITRK2,0.0021256869345769947
SNORA70B,0.0021139240506329138
LPAL2,0.002109235362707309
SOX3,0.00209842099022459
ZCCHC13,0.0020886075949367124
TTLL13,0.002083077375004024
HKR1,0.0020812934587332178
C22orf15,0.002078840136538188
ZSCAN22,0.002063686566688854
NBAS,0.002062666041568991
NEUROD6,0.0020571313300834586
CDK19,0.0020535767436416306
DCT,0.0020447648546872807
PLAC8L1,0.002037129509436358
ACTR1B,0.002034196604420198
MRPL39,0.0020260289754311612
HPYR1,0.0020255844928113837
JUNB,0.002024139596818771
ADCYAP1R1,0.0020237424365436734
SNORA48,0.0020158190534844238
OR13F1,0.002008122100304831
C3orf55,0.0019946225763037835
PRAMEF14,0.0019933455548694066
RBM23,0.00199322894839014
SPO11,0.001989872176110159
IMPG2,0.0019887053752569244
ZSWIM1,0.001982687784912003
FBXL22,0.0019808514231208912
MYLK4,0.0019808496248931934
FAM71F2,0.001978511971113616
SCGB1D1,0.0019725276492548686
YAF2,0.001972477576235511
CRYGD,0.0019717810277905343
EXOC2,0.0019654757068051747
LOC285780,0.001962809318089206
CYP11B2,0.0019620253164556994
SCARNA20,0.0019493670886075963
SMR3A,0.0019376816225880151
CDYL2,0.0019314236276611453
TAAR9,0.001925492970831366
ZNF222,0.0019250621919918525
LOC652276,0.001912683396761888
AMH,0.0019051374762886048
SNORA15,0.0018952406717815341
TRIM64,0.0018948066177638906
GSTZ1,0.0018913722132096748
C13orf28,0.0018860759493670928
TAS2R30,0.0018829618489491634
TRIM71,0.0018589947166898694
SLC25A41,0.0018539782299542716
RHOXF1,0.001846354250528769
KIAA1967,0.0018392937962299234
LOC401397,0.0018352528801691735
OR8B4,0.001822784810126586
TRIM77,0.0018192908360906783
PRAMEF12,0.0018168176299380554
TOB2,0.0018158370140314805
LARS,0.0018153720494491217
C14orf148,0.0018011124565646282
GCM2,0.0017994419313576966
ATP6V0B,0.0017863773894158707
PALM,0.0017817309777849713
GSTM2P1,0.0017795583113665706
MAD2L1BP,0.0017725853015552375
UPF0639,0.0017712830455440937
LOC401387,0.0017706331124610337
KRTAP9-9,0.0017613070304193681
KRTAP10-5,0.0017611746255079398
GDF7,0.0017503743784892673
CLRN2,0.0017429473010904426
CCDC54,0.0017232993924087496
ZNRD1,0.0017229132366501758
DAZ4,0.0017088607594936743
OR2T11,0.001708860759493673
RPUSD4,0.0017021826959400272
PRPS1,0.0017021707136128938
ANKRD30A,0.001701252827870546
FAM21A,0.0016903278849422722
ACTRT1,0.0016897264735555705
MYLPF,0.0016879154405937912
KRTAP19-5,0.0016810908466263444
FAM90A1,0.001673704429708637
DDX24,0.0016718242122397194
C8orf77,0.0016610729006404574
TTTY6B,0.0016582278481012686
LOC100240726,0.0016553986851979663
POU4F2,0.0016331693654389851
MMP21,0.0016261675397847115
OR8B12,0.0016241314178767616
GCNT7,0.001623401758048914
SNAR-G1,0.001612139070364815
WEE2,0.0016033425772861245
OR5B2,0.0016005984689757258
PPP1R3A,0.001598217670218921
TAS2R41,0.0015957022942866483
LOC285045,0.00159471870166356
CELA3B,0.0015827849114126557
PRSS41,0.0015722431453236135
KRTAP6-3,0.0015696202531645586
WFDC11,0.0015657206061453976
CDY1B,0.0015569620253164578
NCRNA00114,0.0015554209277738023
GPR22,0.0015537971616816028
KTI12,0.001553398263863654
AFM,0.0015402097953887686
?|652919,0.001535752446519619
OVCA2,0.0015290421601745789
FASTKD2,0.001519951543612342
C1orf83,0.0015164477186921735
GABRB1,0.0015135771350399327
KRTAP10-3,0.0015085965856687542
CSN2,0.001505534087131219
NBLA00301,0.001503821544140959
SPAM1,0.0014822371245400239
RPS28,0.0014819899522805755
GRHPR,0.0014797186265650777
PRAMEF13,0.0014694565422448285
OR10H4,0.0014683544303797456
LRRIQ3,0.0014637423018094237
C1orf91,0.0014565302677892133
EIF2S3,0.001449701245524422
NAA10,0.0014455069744049322
KIAA0913,0.0014439385701767245
OR1L6,0.0014408643090755078
SNORA71A,0.0014377962330763502
FAM180B,0.0014350431611426157
MAX,0.0014346642997302653
HPVC1,0.0014303797468354456
C1orf146,0.0014273396419946602
C11orf36,0.0014267569653708893
MUC7,0.0014257009696124283
LOC340357,0.0014201113480277207
ACCN4,0.0014196677998801388
OR6B2,0.0014186197563307529
C5orf48,0.0014184318479668518
C14orf178,0.0014089499707067618
SERPINA13,0.0014080462122530025
UCMA,0.0013967915006142563
OR5AC2,0.0013924050632911427
OR5B17,0.0013924050632911418
C11orf64,0.0013924050632911416
KRTAP27-1,0.0013797468354430405
REG1P,0.0013797468354430399
OR5A2,0.0013670886075949392
PCDHGC4,0.0013660679387206046
KCNRG,0.0013598105095935433
PHF23,0.0013588797618165253
FSD2,0.0013582380852367809
KRTAP3-3,0.0013570379751418958
HAUS7,0.001350750548659927
CSTT,0.0013379035742886877
OR51A7,0.0013291139240506353
MRPL54,0.0013169289173360391
FAM71A,0.0013140615274373423
LOC387647,0.001304064271647315
NOTCH2NL,0.0013036648858438763
OR10J1,0.0012911392405063299
SNORA20,0.0012882531685723666
USP16,0.001286193639837901
GEMIN6,0.0012800313907210545
OR2G2,0.0012787047981913558
MCART2,0.0012737744443778354
MORF4L2,0.0012715678557248854
TREML2P1,0.0012698932028783769
INTS9,0.0012686188755120743
KRTAP1-3,0.0012664467945792094
OR6K2,0.0012658227848101277
REXO1L1,0.0012649435806281512
FLJ43950,0.0012619526712285337
PTGFR,0.0012615422842769536
SNORD115-26,0.0012571824996275027
TAAR6,0.0012552614664976538
OR2T35,0.0012531645569620268
OR5T2,0.0012415973089992143
OR2M2,0.0012405063291139262
C9orf131,0.001236864893724855
C9orf130,0.0012366292492635934
OR4K13,0.0012278481012658249
ATF2,0.0012227744416532119
GSTA3,0.0012181345275629706
FAM120C,0.0012140057183197641
PECI,0.0012066970047126889
TTTY23,0.0012025316455696222
C2orf53,0.001200559812647228
ACTR5,0.0011721606905090891
ZNF417,0.0011696447359104594
LOC100287227,0.0011686595852215718
OR14C36,0.0011645569620253168
PCDH11X,0.001163229960879532
FOLR4,0.001160281532200465
PTCHD1,0.0011582437430158444
RFESD,0.0011557375192857533
FTMT,0.0011511799568733622
DCAF8L1,0.0011330978761459464
KRTAP10-7,0.0011260842381806602
ATP2B3,0.0011176857883025996
SPANXN2,0.0011151513748056988
FAM74A3,0.0011123804227718657
LOC285740,0.0011075286424985526
OR4Q3,0.0010961333616729544
NCRNA00176,0.001095805158098001
OR4F6,0.0010886075949367111
CT47A11,0.0010632911392405076
CXorf66,0.0010632911392405063
GSTT1,0.0010629871711233794
FAM27B,0.0010575643946817508
ZC3H18,0.0010471209393498647
ADAM18,0.0010406165151321859
TRIM50,0.0010330892045687817
CLN8,0.0010321821511519301
ACSF3,0.0010307735865786724
KCNAB3,0.0010279256029519781
OR3A4,0.0010248205367809954
MON1B,0.0010230228050557121
TYR,0.0010193846834437655
DEFB136,0.0010126582278481028
SNORA38,0.001012658227848102
LOC150568,0.0009924975543236603
TFDP3,0.0009784883062829873
LIPM,0.0009739790625904621
RPA4,0.0009682092982952815
GRID1,0.0009656292717288452
BIN3,0.0009616118746184309
LOC349196,0.000944139375647552
DEF8,0.000941515769444665
OR1L8,0.0009406370273021934
OR1N1,0.0009324438443685009
LOC613037,0.0009308447519263518
PRH2,0.0009263351178618465
HAPLN2,0.0009189046047236104
PRAMEF6,0.0009161545157953852
OR4S2,0.0009113924050632922
RMND1,0.000905230555243867
KIAA0174,0.0009010260653203212
SNORA54,0.0008916640810037317
MT1IP,0.0008859244922648374
DEFB129,0.0008734177215189875
RABGGTB,0.0008610089152984079
RAB9BP1,0.0008607594936708872
DEFB105A,0.0008607594936708869
PKD2L2,0.0008594516504582112
CATSPER4,0.000857922145346159
NOX3,0.0008462182132955296
MICA,0.0008437844120316422
CASR,0.000841715770021958
MAPK7,0.0008400974684136203
ALAS2,0.0008394264279934453
PPIL3,0.000835733839155693
OR6C6,0.0008354430379746852
NCOA5,0.0008323243441570301
HIGD2B,0.0008302508031439001
OR2M4,0.0008121006457488599
ATF6B,0.0008045605943958694
SNORA41,0.00080131493687395
OR10R2,0.0007974683544303811
OR6C68,0.0007974683544303804
TEKT4,0.0007946674039697908
EXD1,0.0007859740165559086
DUXA,0.0007845916010751514
OR5K4,0.0007721518987341778
KRTAP19-4,0.0007721518987341778
TAAR2,0.0007721518987341778
MNT,0.0007632422901062769
SEL1L2,0.0007600189997483195
OR10T2,0.0007594936708860764
GLRA3,0.0007583391390068168
CABP5,0.0007463340844949247
ABCB5,0.0007452884894172165
SLC10A4,0.000743509274669928
R3HDM2,0.0007362891120510207
OR2M3,0.0007354753219113446
OR9Q2,0.0007341772151898739
SPATA24,0.0007309263680025929
OR52B4,0.0007286217618486898
C2orf27B,0.0007215189873417725
CELA1,0.0007198837064923303
NCRNA00207,0.0007054418329469081
TCP10L2,0.0006862023673540683
HIGD1C,0.0006780256022623824
SNORA67,0.0006706847973652901
IL9,0.0006604875464026775
RPL13AP20,0.0006565449455146049
ACOT12,0.0006335051738141681
OR51L1,0.0006329113924050635
CTSL3,0.0006326029884874415
DEFB109P1,0.000620253164556964
KRTAP24-1,0.0006075949367088608
OR5H14,0.0006075949367088607
DEFB118,0.0006075949367088606
HILS1,0.000601864038994333
MAGEB18,0.0005969304595678192
ABHD12B,0.0005825981914767088
TMEM30C,0.0005813866758909951
HIST1H4A,0.0005754054470968778
SPANXN1,0.0005696202531645564
PVALB,0.0005649084115620063
OR4A15,0.0005569620253164555
FAM27L,0.0005472421829992809
BEX5,0.0005454893984940789
C16orf91,0.0005323605530547884
SNORA75,0.0005284214258793295
SNIP1,0.0005249047153561014
OR1E1,0.0005229500162385408
PDE6H,0.0005175353056761092
KIFAP3,0.0005155072182391281
OR5K1,0.0005100933788780878
TRIM53,0.000496524324411984
C22orf43,0.0004962713761597424
PNPLA8,0.0004866941542984621
C19orf30,0.000481404072458735
OR11L1,0.0004810126582278477
PRHOXNB,0.00046835443037974674
SNAR-F,0.0004683544303797465
OR4M2,0.00046614533703018247
FAM161A,0.00046574863504319575
PRPF8,0.0004559975464542113
LOC148145,0.0004538986208273003
HAO1,0.00045218859061939667
KRTAP19-8,0.00044187280067874705
OR6X1,0.0004303797468354427
IFNA17,0.00043037974683544255
FABP1,0.0004283575686210074
PARN,0.00042545982609412306
CCDC105,0.00041832661749059317
TRIM60,0.0004177215189873415
MC5R,0.00041453796223261773
MRGPRG,0.00040506329113924026
LOC644145,0.00040273899612331223
KRTAP10-2,0.0003933115170858672
OR2AT4,0.00039266362389549605
ZFP91-CNTF,0.00039208772697879807
LYZL1,0.00038936482580457545
CHRNE,0.00038519097915777547
RNF214,0.00038470726044629504
ERCC6,0.0003752512139134481
MAPK13,0.0003677056659545751
OR7C2,0.0003670886075949368
DCAF4L1,0.0003550761698545181
DOPEY1,0.0003447280761124486
KRTAP5-3,0.0003411297884526955
LOC283314,0.0003346823105986987
RLIM,0.00032856323056778544
RPL41,0.0003207126009301253
SCARNA27,0.00031645569620253143
ASCL3,0.0003057608910043445
BTN2A3,0.00030172397865408913
OR2Y1,0.000291139240506329
CCDC76,0.0002875235649909392
OR52A1,0.00027848101265822757
HCG4P6,0.0002759671382812842
KLHL9,0.0002708578909451106
OR5M9,0.0002658227848101265
OR5W2,0.0002658227848101265
OR10Z1,0.0002531645569620252
NAP1L6,0.0002528397601978472
GPR139,0.00024050632911392397
ADCK1,0.00023745864810511598
MOS,0.0002320496131844095
OR6F1,0.0002318182188355944
SNORA80,0.00022854448778333771
OR2T6,0.00022784810126582228
CRYGA,0.00020490876020347798
OR8H1,0.0002025316455696202
OR4C13,0.00020253164556962016
OR2V2,0.0001965677697426861
WRAP53,0.00019076815890084375
LOC730811,0.00018987341772151896
ANGEL1,0.00018566242277930428
UBE2V1,0.00018353912910940633
HSFX1,0.0001772151898734177
FGF6,0.00017721518987341768
RXFP1,0.00017690394369185481
GUCY2F,0.0001748924402963825
LOC100128842,0.00016758121270548298
OR8B2,0.00016580593679587822
MS4A5,0.00016455696202531645
CCDC14,0.00015874175525356157
MCCD1,0.0001578108219531745
BSDC1,0.00014993777604885118
CXorf48,0.00014574660197778637
NPS,0.00013924050632911395
OR4C12,0.00013924050632911395
DEFB135,0.00013924050632911395
OR1S2,0.00013924050632911395
OR6K6,0.00013924050632911373
HIST2H2BE,0.0001382078528975206
OR10C1,0.0001265822784810127
LOC728410,0.0001265822784810127
OR51G2,0.00012637164339532282
OR2F2,0.00011392405063291175
KRTAP19-6,0.00011392405063291143
OR4K14,0.0001139240506329114
RPS26,0.0001122648681139954
OR4C45,0.00010126582278481013
SPANXN5,9.410414805843916e-05
CA6,9.354878084871099e-05
CELA3A,8.86791543911219e-05
OR6C4,8.860759493670887e-05
AGAP8,8.449077106791687e-05
LEUTX,8.161591090684851e-05
KRTAP10-8,7.59493670886076e-05
OR8B8,7.59493670886076e-05
C14orf166,6.349556024150396e-05
CETN1,6.29701510724868e-05
C3orf20,4.140818544539657e-05
SNORA28,3.797468354430383e-05
PLA2G2E,3.79746835443038e-05
OR13H1,2.621532641544893e-05
SNAR-C4,2.5316455696202452e-05
OR1A2,2.4459025703412042e-05
ODF4,2.087875372147679e-05
C21orf54,1.3376885534637218e-05
CDY1,1.2658227848101267e-05
ZNF804B,9.71454396645445e-06
GDF3,2.4610863182415854e-06
SNORD114-21,0.0
SNORD29,0.0
SNORD36A,0.0
SNORD44,0.0
OR5R1,0.0
SNORD116-29,0.0
C11orf40,0.0
SNORD114-1,0.0
SNORD115-33,0.0
TTTY21,0.0
OR4K5,0.0
SNORD115-8,0.0
SNORD114-2,0.0
PRR20D,0.0
PRR20A,0.0
SNORD21,0.0
SNORA70C,0.0
SNORD20,0.0
HBII-52-28,0.0
SNORD59B,0.0
SNORD114-6,0.0
SNORD32A,0.0
SNORD23,0.0
SNORD25,0.0
SNORD59A,0.0
SNORD66,0.0
TSSK2,0.0
SNORD115-30,0.0
PRR20C,0.0
PRR20B,0.0
SNORD114-5,0.0
SNORD67,0.0
DEFB128,0.0
SNORD74,0.0
SNORD43,0.0
KRTAP23-1,0.0
SNORD75,0.0
SNORD79,0.0
SNORD69,0.0
SNORD114-4,0.0
SNORD114-12,0.0
SNORD68,0.0
OR4D11,0.0
SNORD104,0.0
SNORD11,0.0
OR8K1,0.0
SNORD34,0.0
SNORD16,0.0
NMS,0.0
SNORD48,0.0
SNORD114-11,0.0
SNORD114-15,0.0
TTTY17A,0.0
SNORD114-30,0.0
SNORD116-23,0.0
OR4X1,0.0
HBII-52-27,0.0
SNORD114-31,0.0
SNORD115-5,0.0
SNORD72,0.0
SNORD116-25,0.0
SNORD49A,0.0
SNORD116-24,0.0
SNORD71,0.0
SNORD12,0.0
OR2T29,0.0
SNORD86,0.0
PRAMEF3,0.0
SNORD115-16,0.0
OR51F1,0.0
SNORD115-4,0.0
SNORD117,0.0
SNAR-A4,0.0
SNORD96B,0.0
SNORD50A,0.0
DUX4,0.0
BSPH1,0.0
RNY5,0.0
SNORD65,0.0
SNORD115-6,0.0
SNORD127,0.0
SNORD114-20,0.0
OR6Y1,0.0
XKRY,0.0
SNORD115-20,0.0
LCE4A,0.0
SNORD95,0.0
SNORD110,0.0
SNORD111,0.0
SNORD115-1,0.0
SNORD115-2,0.0
SNORD63,0.0
SNORD116-22,0.0
TTTY19,0.0
SNORD114-18,0.0
SNORD90,0.0
SNAR-A3,0.0
TTTY13,0.0
SNORD88C,0.0
SNORD92,0.0
SNORD27,0.0
SNORD91B,0.0
SNAR-A2,0.0
SNORD46,0.0
S100A7L2,0.0
SNORD116-16,0.0
LOC653545,0.0
SNORD121B,0.0
SNORD32B,0.0
SNORD50B,0.0
SNORD121A,0.0
SNORD115-37,0.0
TTTY12,0.0
SNORD115-32,0.0
SNORD115-39,0.0
SNORD124,0.0
SNORD87,0.0
SNORD115-31,0.0
SNORD8,0.0
SNORD102,0.0
SNAR-C2,0.0
SNORD115-3,0.0
SNORD73A,0.0
PISRT1,0.0
SNORD58A,0.0
SNORD114-9,0.0
RNU5E,0.0
SNORD115-22,0.0
SNORD116-14,0.0
SNORD115-25,0.0
SNORD116-15,0.0
SNORD58C,0.0
SNORD115-14,0.0
SNORD115-7,0.0
SNORD116-27,0.0
RNY4,0.0
SNORD37,0.0
SNORD116-13,0.0
SNORD116-10,0.0
KRTAP22-1,0.0
KRTAP20-1,0.0
TAAR5,0.0
OR4P4,0.0
SNORD116-2,0.0
SNORD114-27,0.0
SNORD116-3,0.0
SNORA36C,0.0
SNORD12C,0.0
SNORD5,0.0
SNORD114-26,0.0
SNORD2,0.0
SNORA35,0.0
SNORD4A,0.0
SNORD114-23,0.0
SNORD28,0.0
SNORD9,0.0
SNORD4B,0.0
SNORD114-22,0.0
SNORD115-35,0.0
SNORD116-1,0.0
SNORD70,0.0
SNORD33,0.0
SNORD53,0.0
SNORD7,0.0
SNORD52,0.0
SNORD54,0.0
SNORD6,0.0
KRTAP20-3,0.0
SNORD115-40,0.0
SNORD36B,0.0
SNORD115-41,0.0
SNORD114-19,0.0
SNORD116-26,0.0
SNORD114-3,0.0
SNORD116-18,0.0
OR4C46,0.0
SNORD61,0.0
SNORD116-12,0.0
SNORD115-17,0.0
SNORD114-28,0.0
OR10X1,0.0
SNORD116-19,0.0
SNORD113-6,0.0
SNORD114-25,0.0
TTTY17B,0.0
SNORD114-24,0.0
SNORD36C,0.0
SNORD116-5,0.0
SNORD98,0.0
HBII-52-46,0.0
SNORD105,0.0
SNORD60,0.0
SNORD115-11,0.0
SNORD51,0.0
DEFB110,0.0
SNORD119,0.0
SNORD113-2,0.0
SNORD35A,0.0
SNORD35B,0.0
SNORD113-9,0.0
SNORD113-5,0.0
SNORD113-1,0.0
SNAR-A13,0.0
SNAR-G2,0.0
SNORD45B,0.0
SNORD12B,0.0
SNORD78,0.0
SNORD125,0.0
SNORD114-10,0.0
SNORD56B,0.0
SNORD126,0.0
SNORD109B,0.0
HBII-52-45,0.0
KRTAP19-7,0.0
SNORD116-11,0.0
SNORD76,0.0
SNORD91A,0.0
VTRNA1-2,0.0
OR8J3,0.0
?|317712,0.0
SNORD47,0.0
KRTAP6-2,0.0
SNORD114-14,0.0
OR10K2,0.0
SNORD123,0.0
KRTAP19-2,0.0
?|728045,0.0
SNORD77,0.0
HBII-52-24,0.0
SNORD18C,0.0
SNORD115-44,0.0
SNORD116-8,0.0
SNORD26,0.0
SNORD45A,0.0
LOC100169752,0.0
SNORD114-8,0.0
SNORD24,0.0
SNORD93,0.0
SNORD80,0.0
SNORD57,0.0
SNORD42B,0.0
TEX28,0.0
SNORD19,0.0
OR4C11,0.0
SNORD56,0.0
SNORD115-48,0.0
SNORD113-4,0.0
SNORD114-7,0.0
SNORD115-10,0.0
SNORD30,0.0
SNORD84,0.0
SNORD38A,0.0
SNAR-I,0.0
SNORD111B,0.0
SNORD45C,0.0
SNORD49B,0.0
OR51A2,0.0
SNORD96A,0.0
SNORD1A,0.0
LOC151300,0.0
SNORD31,0.0
SNORD1B,0.0
SNORD55,0.0
SNORD19B,0.0
SNORD85,0.0
SNORD38B,0.0
SNORD11B,0.0
OR5I1,0.0
SNORD88B,0.0
SNORD114-13,0.0
SNORD114-29,0.0
KRTAP25-1,0.0
DEFB112,0.0
DEFB134,0.0
SNORD88A,0.0
SNORA11C,0.0
SNORD62A,0.0
VTRNA1-1,0.0
SNORD42A,0.0
SNORA11B,0.0
SNORD82,0.0
SNORD18A,0.0
VTRNA1-3,0.0
SNORD99,0.0
TTTY22,0.0
SNORD105B,0.0
SNORD115-9,0.0
SNORD113-7,0.0
SNORD81,0.0
DEFB113,0.0
SNORD115-38,0.0
SNORD18B,0.0
DEFB114,0.0
SNORD114-16,0.0
DEFB116,0.0
SNORD114-17,0.0
SNORD41,0.0
ORAI1,-2.584254712031226e-06
PCDHGB8P,-6.983897231777818e-06
SNAR-C3,-1.2658227848101267e-05
OR6C74,-1.2658227848101267e-05
DEFB130,-1.2658227848101267e-05
TAS2R16,-1.2658227848101267e-05
IL3,-1.3241693037976636e-05
HIST1H4H,-1.4584798895899814e-05
STAG3L2,-2.1455731431691114e-05
DEFB131,-2.2537948204089944e-05
FAM164A,-2.3829468969340197e-05
CSN1S2A,-2.5316455696202533e-05
TTTY3B,-2.5316455696202533e-05
RNF112,-2.619452384365892e-05
CLEC3A,-2.9972203478543026e-05
PCNAP1,-3.1927854044096e-05
ESPNL,-3.2012705536807516e-05
ELMOD1,-3.3112359291319506e-05
CYLC2,-3.576781600438564e-05
?|136542,-3.79746835443038e-05
KRTAP6-1,-3.79746835443038e-05
OR7A17,-3.79746835443038e-05
HEPACAM,-3.857430941130314e-05
MLNR,-4.912797467379193e-05
SNORA30,-5.063291139240504e-05
OR51F2,-5.063291139240516e-05
OR9G9,-5.108482955906276e-05
OR5P3,-5.894411402466613e-05
ANGPTL7,-6.025736366520867e-05
RNASE12,-6.329113924050633e-05
KRTAP2-4,-6.329113924050636e-05
NPRL3,-6.397078888723773e-05
OR8J1,-7.59493670886076e-05
OR4K2,-7.59493670886076e-05
OR5F1,-7.59493670886076e-05
OR2T27,-7.59493670886076e-05
KRTAP15-1,-7.594936708860763e-05
SNORA19,-7.594936708860763e-05
OR56A1,-8.17541563374782e-05
TTTY11,-8.860759493670887e-05
OR5AS1,-8.860759493670887e-05
KRT26,-8.86075949367093e-05
LOC144776,-9.261886095816255e-05
SLC22A8,-0.00010309760049524612
TRAPPC2L,-0.0001049002121526152
OR4B1,-0.0001139240506329114
OR5K3,-0.0001139240506329114
OR5L1,-0.0001139240506329114
ITGB1BP3,-0.00011553752711292262
RNF41,-0.00012140515478495324
CSHL1,-0.00012658227848101267
TRIM49L,-0.00013145576915246182
VN1R5,-0.00013551233051951818
OR5H15,-0.0001392405063291139
OR5M1,-0.0001392405063291139
OR8I2,-0.00013924050632911395
SNAR-D,-0.00013924050632911395
SLC9A11,-0.00014191937087371144
BMS1P4,-0.0001518352512666807
KRTAP12-4,-0.0001518987341772152
MED20,-0.0001545412941040688
OR51S1,-0.00016455696202531645
CT47A9,-0.00016455696202531645
HEATR4,-0.000168247357146385
ZNF358,-0.00016931155832045002
OR51I1,-0.00017068950918117944
RPSAP58,-0.0001722225180370071
OR2A25,-0.00018206935502951648
CHMP2A,-0.00018912182320549958
OR52J3,-0.00018987341772151896
KRTAP10-9,-0.00020253164556962037
FAM138E,-0.00021234544326156508
OR13C8,-0.00021518987341772174
OVCH1,-0.00021532828585313411
THTPA,-0.00022019077297149122
SNORA31,-0.00022681417670920439
POM121L12,-0.00022784810126582272
CTRB1,-0.00023223816241178162
SNORA23,-0.00024939625029167756
PCGEM1,-0.00027386137257930776
SNORA58,-0.0002784810126582277
SNORA36B,-0.0002784810126582278
SLC22A6,-0.00028033204468901757
OR51D1,-0.00030379746835443024
HYALP1,-0.00030454247436517744
FKSG73,-0.0003164556962025315
DEFB108B,-0.0003164556962025315
OR4M1,-0.00031715399767501983
DMRTB1,-0.00031896131863304414
LCE1A,-0.0003195442616635642
SSPO,-0.0003395896075917903
P2RX6P,-0.000341772151898734
LOC407835,-0.00034992057170790306
C19orf71,-0.0003537916221294814
OR9K2,-0.00035405134711235034
DEFB121,-0.00035443037974683525
SULT2A1,-0.0003587950439740499
ZNF284,-0.00036270982429055374
SPAG11A,-0.0003661855515635142
WFDC9,-0.00036708860759493607
DEFB127,-0.0003670886075949365
CST4,-0.0003698089526206331
GSTTP2,-0.00038729192752094796
SPACA5,-0.0003891444695284916
FAM75A5,-0.00038982191369260123
MTCH1,-0.0003912792273261045
KLHL1,-0.00039931148175355855
SNORA36A,-0.00040506329113924064
OR2J2,-0.000405953186845784
CHST5,-0.0004152307539937604
FLJ44082,-0.0004177215189873415
OR5L2,-0.0004177215189873415
OR52A5,-0.0004178622376854998
CSH1,-0.0004181308406926347
DHX40P1,-0.0004207612273759635
HEPN1,-0.000422809894921004
H1FOO,-0.0004256875510847032
OR1S1,-0.000443037974683544
SNORA46,-0.0004439037771397552
SULT6B1,-0.00045004947397222773
SCO1,-0.0004511960340761413
?|404770,-0.00045569620253164527
SCGB1D4,-0.0004556962025316456
RAB11B,-0.00045574639932466127
SNORA45,-0.0004567945062625498
C14orf179,-0.00046098197563988383
OR5D16,-0.0004683544303797465
DEFB122,-0.0004683544303797465
LOC728190,-0.0004684129466693605
SERPINA7,-0.0004904318213847603
KRTAP4-11,-0.0004904729175019569
LRRC67,-0.0004957724883981765
DZIP3,-0.000500760003593369
SCARNA11,-0.0005063291139240499
FAM24A,-0.0005063291139240507
ATP5L,-0.0005090803699614678
LRGUK,-0.0005145080867962589
UTP14A,-0.000524121643333095
CCDC163P,-0.0005285695534592251
BTAF1,-0.0005286754895154795
GPR123,-0.0005335979959780997
OR2T1,-0.0005443037974683543
OR7G1,-0.0005443037974683543
C1orf70,-0.0005508712087429026
C14orf165,-0.0005542202909503124
OR10A7,-0.0005569620253164555
OR2B3,-0.0005569620253164558
BPIL3,-0.0005861218644744436
SSX6,-0.0005917574243076052
OR1D2,-0.0005949367088607596
IER3,-0.0005991778731165677
FRMD1,-0.0005999107169872497
EEF2K,-0.0006047722332267862
OR2G3,-0.0006075949367088608
OR4F17,-0.0006075949367088608
SNORA1,-0.0006101315822368146
OR2L8,-0.0006329113924050631
TTTY18,-0.0006455696202531647
MBD3L1,-0.0006509564934831212
CISD1,-0.0006606501354626749
CWC22,-0.0006690821517075413
SPATA3,-0.0006708860759493672
LOC644172,-0.0006720725966407707
HADHB,-0.0006736574192470747
KLHL3,-0.0006808044269368314
SNORA14A,-0.0006825440113081973
LRRC41,-0.0006910996951783231
PWRN2,-0.0006953520440602116
OR5B3,-0.0006962025316455696
OR8U1,-0.00069620253164557
UBR2,-0.000700462698005444
OR5M3,-0.000708860759493671
SCARNA23,-0.0007215189873417726
TAS2R3,-0.0007260206115577916
C4orf37,-0.0007261610088986909
SNORD89,-0.0007341772151898737
FAM47A,-0.000738087266043012
ZNF155,-0.0007437367902582061
RBMY3AP,-0.0007468354430379746
RBMY1E,-0.0007490488613430693
OR10P1,-0.0007500609933837403
RNU11,-0.0007512905906132065
NXF2B,-0.0007552763851108147
DISC2,-0.0007569863863531538
UROC1,-0.0007705998368213858
GALR2,-0.0007754712790870508
OR13C4,-0.0007848101265822781
ANP32D,-0.0007917725397460292
SNORD103A,-0.0007974683544303804
SNAR-H,-0.0007974683544303804
TMEM89,-0.0008037295339302808
DEFA6,-0.0008055308803843087
FOXD4L5,-0.0008093435991126177
KRTAP20-4,-0.0008100657863072268
SNORA69,-0.0008101265822784813
OR5M8,-0.0008114187981992778
PHF3,-0.0008298960770305018
LOC643923,-0.0008304782068690343
DEFB115,-0.0008354430379746847
TTTY5,-0.0008519378035059155
FRG2,-0.00085593355867061
SNORD94,-0.0008573794842315888
CABP2,-0.0008595068187139914
OR6P1,-0.0008607594936708869
TMEM225,-0.0008734177215189881
SNORA42,-0.0008781247731625475
SCARNA7,-0.0008825668109196718
SNORD10,-0.0008958479817053689
OR4D2,-0.0009113924050632888
KRTAP13-3,-0.0009240506329113935
UBB,-0.0009331217000008759
LOC642826,-0.0009373528681609026
CEP164,-0.0009420810568462707
PRAMEF10,-0.0009521603907174433
MED17,-0.0009759350487018655
IFLTD1,-0.0009818805027876718
TMPRSS12,-0.000983172721805656
LOC360030,-0.0009846286045175337
ABHD8,-0.0009856723431324835
PPT1,-0.000986476425525795
DEFB106A,-0.0009873417721518996
C4orf11,-0.0009873417721518996
RPL5,-0.0009884662659177827
RNASE9,-0.0009984722378190345
TECTA,-0.0010013217692475098
SNORA4,-0.0010031811702161887
TMEM114,-0.0010117567888097566
OR52M1,-0.0010118715554971352
SCARNA14,-0.0010126582278481026
OR6C1,-0.001025316455696204
RPSA,-0.0010369883659131808
MT4,-0.0010375046621554764
TXNDC8,-0.0010379746835443052
MRGPRD,-0.0010411666573728214
INS,-0.0010472950006694048
DCD,-0.0010506329113924083
OR1L1,-0.00105572177824803
MESP2,-0.0010577908269923295
CEACAM18,-0.0010660087024361496
OR52E8,-0.0010886075949367096
PPIAL4B,-0.0010886075949367105
OR2C1,-0.001092170178105477
TYW1,-0.0010942234646042718
TMEM107,-0.0010946040886244445
OR6C65,-0.0011012658227848107
GOLGA6D,-0.0011133263951288185
C12orf50,-0.0011134801289897614
VN1R2,-0.0011438270797843643
CDKL4,-0.0011582645875088796
OR10H3,-0.0011645569620253174
TMEM174,-0.0011828477726625805
OR1A1,-0.0012025316455696222
PPP3R2,-0.001204694699630446
FTO,-0.0012093302466785502
HIST1H2AM,-0.0012211492005680712
TTTY6,-0.0012277290118648423
ZNF75A,-0.0012284459160976891
NXF4,-0.0012411221809397366
RNASE13,-0.0012471754847350938
C22orf45,-0.001261515479650588
PAPD5,-0.0012739307550209036
ZNRF4,-0.0012813187717075664
ALB,-0.0012813759445415723
HIST1H3A,-0.0012822830358214907
KRTAP5-6,-0.0012944337004226077
MADD,-0.0012952868780549017
C18orf20,-0.001296967609539584
OR2AG1,-0.0013078301327653574
OR52B2,-0.0013275730781979265
SNORA78,-0.0013291139240506353
TAS2R9,-0.0013373436120105965
ZBTB37,-0.0013530154824359382
OR10G3,-0.0013550582021352399
HULC,-0.0013623303551251777
PER4,-0.0013667766993974949
HTN1,-0.0013804032464626989
AMAC1,-0.0013812042964249612
FAU,-0.0014096393844834527
FAM47B,-0.0014209065506007213
CENPBD1,-0.0014420944924939082
FTSJD2,-0.0014446794972748636
KRTAP4-4,-0.0014450826007034198
OR2B2,-0.001448905412120305
LHX4,-0.0014537827478075269
OR2A12,-0.0014547902809062033
ZNF735,-0.0014548114914322546
FAM138B,-0.0014573725742346422
CACNB4,-0.0014736162058096476
KRT28,-0.001483121517794295
CLRN1OS,-0.0014889783750422069
SSTR4,-0.0014995629700697013
LOC646813,-0.0015065748806541847
POU4F3,-0.0015086786256074975
OR10A2,-0.0015130630454568328
ITGB1BP2,-0.0015270142326707337
OR2M5,-0.0015316455696202558
?|441362,-0.0015316455696202562
OR51Q1,-0.001532267722323232
GTPBP5,-0.0015354890353104277
CCDC79,-0.0015447175631868645
GFRAL,-0.0015495116934267092
TECTB,-0.0015511535953000501
BCYRN1,-0.0015589164544393328
AVP,-0.0015646016956853029
OR1E2,-0.0015675509005375348
PROL1,-0.0015762344719363148
LIPI,-0.0015811302966444662
ATXN8OS,-0.00158227848101266
CPN1,-0.0015859698333110814
RNU6ATAC,-0.0015947018551507452
OR10G8,-0.001594936708860762
OR8H3,-0.0015949367088607621
PROKR1,-0.0015953118384784053
OR5A1,-0.0016075949367088626
PRAMEF17,-0.001607594936708864
SNORA51,-0.0016078669941432097
SLC22A24,-0.001609015985126807
OR5V1,-0.0016092993474443567
MAGEB4,-0.0016093844774116692
KRTAP4-12,-0.0016207535592844332
OR51T1,-0.001646300619358688
SNORA71D,-0.0016576231521399454
OR4C16,-0.0016582278481012693
CMTM5,-0.0016681437826506064
OR8K5,-0.00167088607594937
MON2,-0.0016709359698265985
RXFP2,-0.0016794939615804895
COLEC10,-0.00168235793883095
CDX4,-0.0016851864746342503
SCARNA22,-0.0017022087503679691
OR10AG1,-0.0017036624841650025
C17orf105,-0.0017086225205073867
SNORA53,-0.0017139414208334688
EEF1G,-0.001715729070259806
LOC729121,-0.0017215189873417754
CST8,-0.001745337726343255
OR5J2,-0.0017468354430379785
OR7A10,-0.0017468354430379785
OR6Q1,-0.0017594936708860798
GALR3,-0.0017624757107050815
PNMAL1,-0.0017680243729012817
MAP1A,-0.001770091370381378
C16orf92,-0.0017776744520533517
OR4E2,-0.0017835054793367256
PDIA5,-0.0017842790256080345
FAM71B,-0.001785043787952309
TFAP2E,-0.0017872801721200047
CDH9,-0.0017896711218983263
PRM1,-0.0018467201137810382
RESP18,-0.0018520931455456044
TBC1D20,-0.0018598233973585946
OR2T2,-0.0018774377886308523
DACH2,-0.0018794629148530663
TBC1D26,-0.0018804364166874795
PRG3,-0.0018891106382601364
SNAR-E,-0.001898734177215194
MYOG,-0.0019185145023752613
OR2F1,-0.0019223346091206555
C17orf79,-0.0019279338942488624
TTTY1B,-0.0019344285358183144
ZKSCAN4,-0.0019587911818056826
RPS29,-0.0019683786438573253
XKRY2,-0.0019821096850821465
PRAMEF9,-0.0019865140736540507
OR5D13,-0.001987341772151903
LOC283914,-0.002001968445073236
GRIK3,-0.0020101777268767634
OR5D14,-0.0020126582278481046
HPS1,-0.0020315246709382306
C14orf104,-0.002033684976775677
ACSBG2,-0.0020359453373869477
FAM154A,-0.0020381925434327444
RPGRIP1L,-0.002038344156440448
OR4L1,-0.0020632911392405094
OR5C1,-0.0020645359500870235
KLF1,-0.0020825672838382953
OR2T12,-0.0020886075949367116
TMEM211,-0.002096343134848665
NKX6-3,-0.0021001779279308233
SAMD7,-0.0021019559218272517
SNORA26,-0.002107306895362038
C20orf166,-0.0021110997474648135
OR5H1,-0.0021139240506329155
SHISA6,-0.0021141968764051703
OR10G9,-0.0021265822784810157
SNORA11D,-0.002139402062534221
ZNF705A,-0.0021445156475624998
STMN2,-0.0021550601584273974
GNRH2,-0.0021651922126853557
FSHR,-0.0021716538416087995
LOC100130274,-0.0021832081942371405
PADI6,-0.0021979586897388917
PRO1768,-0.0022052876405168585
DHRS7C,-0.002223879175310105
OR6M1,-0.002225454609451653
EP400NL,-0.002237884825436886
OR51A4,-0.002240506329113925
OR1I1,-0.002240506329113926
OR7E37P,-0.002243673305021679
KRTAP4-3,-0.002303797468354432
POM121L4P,-0.0023080137792904896
LOC388946,-0.0023111477077948695
CYP2A6,-0.0023142078791689846
VN1R4,-0.002316657383199203
OR10K1,-0.0023291139240506323
TFE3,-0.002341751905127899
DEFB123,-0.002341772151898735
C11orf94,-0.002357625850118771
SUN5,-0.0023797468354430367
MYT1,-0.0023812886215731862
TMEM11,-0.0023814352224326945
ARHGDIG,-0.002389917265555804
PSMB11,-0.0024074702545522947
TTTY7,-0.002430996350905315
KRTAP5-10,-0.0024331968376847452
OR2H2,-0.0024490170751389683
USP49,-0.002467797403895454
DIDO1,-0.0025007672104196566
ST7OT2,-0.0025050442545548005
PABPC4,-0.0025136049580421842
GJD2,-0.002562062150052134
LOC392196,-0.0025701286436171982
IFNA7,-0.002606547313212734
NFATC2IP,-0.002606665086261506
ATOH1,-0.0026148406290411154
ZNF780B,-0.0026149523874243815
YIPF7,-0.0026192538982929047
S100G,-0.0026300322014597612
PCDH11Y,-0.0026411082186715293
OR4A5,-0.0026708860759493617
SCARNA1,-0.002681094824005802
ODF3,-0.0026826911788381015
NCRNA00164,-0.0026915052118380452
UQCC,-0.0027324761035653474
OR51G1,-0.002734177215189873
SPIN2A,-0.002757556064831603
IFNA10,-0.0027594936708860754
SLC22A11,-0.002761559811990748
TMEM145,-0.002776693966146771
OR4C3,-0.0027840939609331647
NEUROD4,-0.002784186303183152
PLAC1L,-0.0027848101265822768
OR10G7,-0.0027848101265822794
GK2,-0.0028056726173814788
OR6V1,-0.0028109749291183894
OR10A4,-0.0028196045091000697
SLC25A2,-0.00285304215428707
CCDC27,-0.002873731834037132
C9orf27,-0.002875554446592007
OR4F21,-0.0028846534776187926
GOLGA6A,-0.0028947680576617025
TNP1,-0.002895853459439977
GOLGA2P3,-0.0028983540079694776
DEFB125,-0.002898734177215185
OR2K2,-0.0029057235183707546
OR8H2,-0.002911392405063284
FGF19,-0.0029218886530075487
PRAMEF18,-0.0029357165144073658
SNORA50,-0.0029359057624374456
SPINT3,-0.002936708860759497
XAGE3,-0.0029372530973781445
RIMBP3C,-0.0029624513561085754
NRADDP,-0.0029828091910716415
SLC38A6,-0.0030035328687378167
OR10V1,-0.0030124178971921594
SCRT1,-0.003027726223140395
KRTAP10-12,-0.0030506329113923975
C10orf96,-0.003052670488514731
RFPL3,-0.003055550277714848
GGNBP1,-0.0030650996454468318
PNLIP,-0.0030679921056835377
C20orf79,-0.003075949367088605
ANKRD37,-0.0030823435140394577
EIF3I,-0.003097984092700493
TBC1D22B,-0.0031000421085676582
OR51V1,-0.003101265822784799
DAOA,-0.003101265822784813
FAM99B,-0.0031139240506329116
FAM106A,-0.00311773352076186
USP17L6P,-0.003138124668514334
LOC339240,-0.0031386301948178553
SCARNA3,-0.0031416713661248353
PAFAH1B1,-0.003164103956337875
LOC285375,-0.0031676604046073993
PDILT,-0.003181268334301315
C1orf185,-0.003182491568136173
OR7D4,-0.003187395395698068
PPIAL4E,-0.0031994626624755767
OR9I1,-0.003202531645569615
C1QTNF9B,-0.003203657252477702
SENP7,-0.0032143823908264086
C19orf75,-0.0032275721078633985
OR5AP2,-0.0032278481012658206
PRAMEF20,-0.0032436291266303503
DEFB109P1B,-0.0032802851352882155
ERICH1,-0.003283356715688325
HMGB4,-0.003289367782002354
FLJ25328,-0.0033000909966905538
SDHAF2,-0.003301604323709297
DEFB107A,-0.0033037974683544163
LAMP1,-0.0033153216847756645
PRSS37,-0.003342581360602797
ATP5E,-0.003372790512031028
RIMBP3,-0.0033778539040673393
LCE3C,-0.0034039284536077122
OR8G2,-0.0034079258017537624
RPL21,-0.0034106936490322557
FRG2C,-0.0034186538214505857
NCRNA00111,-0.003433015358927492
SNORA10,-0.00344119758378837
SNTG1,-0.0034462754407938055
CEACAM16,-0.0034570597788970885
SPZ1,-0.003465139841767743
C10orf53,-0.003475135903864578
ANGPTL3,-0.00347523076444795
C20orf46,-0.0034753139814000687
SMR3B,-0.0034949354383209136
EEF2,-0.003496630608953585
C11orf42,-0.003504679096587406
RBMY1F,-0.003506214037101918
GLP1R,-0.003519251047200705
LELP1,-0.0035291267026926094
CCDC144B,-0.003556562688548147
DEFB119,-0.0035586587906038655
CHRM2,-0.0035622221269467048
BHMT,-0.00356248939682739
GLT6D1,-0.003584053913644681
C1QTNF8,-0.00358418672887679
PRR25,-0.0035991891303026272
KRTAP5-8,-0.0036265739598016827
RIPPLY1,-0.0036276264401736372
OR6N1,-0.003630890079793897
RBM12B,-0.003650273969268788
OR4K15,-0.0036582278481012646
ADAM30,-0.003671348144023126
SLC22A13,-0.0036840668027008946
OR4F5,-0.003695970646544641
SCRT2,-0.0036985307410229524
LOC146481,-0.0037104126482882345
SPACA1,-0.0037232054430997863
GC,-0.0037270388339640938
KCNK4,-0.003727524242365395
STK32B,-0.00373226816245726
C11orf34,-0.003761733087633508
SUPT3H,-0.0037678302384626405
HIST3H3,-0.0037705101241707045
TMEM8C,-0.003775454372925068
KDM4DL,-0.0037796988174854814
BIRC8,-0.003784810126582275
OR8D1,-0.0037858076638167047
SNORA77,-0.0037974683544303766
POTEA,-0.003807267329973636
SNORA2B,-0.0038097621598724195
ZNF322B,-0.0038125421970094204
PRR4,-0.00381337103905535
OR5B21,-0.0038133955625407126
PCBP3,-0.0038141631452304954
AGBL2,-0.0038335967158524414
EPX,-0.0038400918318028136
HEATR3,-0.0038595151115798417
FAM90A7,-0.0038758458759636997
LOC283332,-0.003900894822506589
LOC285847,-0.003913689798656456
PRB1,-0.003930081065844983
HTN3,-0.003944325848868238
POLR2J2,-0.0039504291350043776
USP26,-0.003957854462013
OR14I1,-0.003971243595318095
OR4F29,-0.00397246059134632
C15orf32,-0.0039756436460577855
TTTY9B,-0.003979566776585737
C7orf66,-0.003986258424805713
OR4D5,-0.004000304159492332
SNORA52,-0.00400789386510994
ZAR1,-0.004042113655678314
MYL10,-0.004047858920926098
PRB4,-0.004061905368288565
SLC4A5,-0.0040732444115333735
PLGLA,-0.004075236873955794
C20orf4,-0.004085924741447179
HCRTR1,-0.0040894227225320295
LOC388428,-0.004089639176864512
SHOX,-0.004091053249681788
OR2T34,-0.00413924050632912
OR6B3,-0.004148317567401319
OR2T4,-0.0041513524666342795
TTTY8,-0.00415189873417721
C21orf94,-0.004156638354470506
BPESC1,-0.004159383044356987
CD2BP2,-0.0041636054686439656
HTR3D,-0.004180715552456158
UBE2U,-0.004193824019589978
NCRNA00171,-0.004229401315116406
ASB10,-0.004256015250609208
OR4X2,-0.004291139240506321
RBMY1A3P,-0.0042963744979587
UNCX,-0.0043030347311881515
ARL17B,-0.00432114932943558
TAS2R13,-0.004343176637397557
VN1R1,-0.004346084258409542
ACTRT2,-0.004355711057179286
VSTM2B,-0.004355877487301179
SCARNA9L,-0.004357481546966429
FGF8,-0.0043750432875273755
C3orf27,-0.004379515962484046
MS4A13,-0.004385108936484487
ATP6V1G3,-0.004409565268749924
OR6C3,-0.004411206948124838
VSX2,-0.004425160359149187
HIST2H2AA3,-0.004432530374423238
OR2D3,-0.004456918788637036
SNORA14B,-0.004487284582763886
SMG6,-0.004490044567683049
CHAT,-0.004493603712232831
C10orf113,-0.0044987550431249985
SCN10A,-0.004505521813955403
SLC7A5P2,-0.00452691992360259
LACRT,-0.004531137532657784
OR6C75,-0.004535175219891809
SNORA66,-0.0045440479633378624
LOC150185,-0.00454866824963086
FAM92A3,-0.004552444129389665
HP,-0.004564297071007239
EDN3,-0.004566720268282962
KLRAQ1,-0.004575720468712977
TAS2R8,-0.004583682681358853
IFNA14,-0.004587982968069079
SNORA21,-0.004588541319194507
COMMD1,-0.004630602959444717
RSPH6A,-0.0046344994185088025
PRO0611,-0.004634707603052239
RBMXL3,-0.004641872655235289
C15orf43,-0.004651876956193855
PAX4,-0.004656253014918552
PRSS48,-0.004663031191240185
REG3A,-0.004664781882400494
PITPNA,-0.004673412999180666
MTUS2,-0.0046960179426990215
PSKH2,-0.004702361176456921
MTRR,-0.004703772798292584
HHLA1,-0.004707336165018428
OR10G4,-0.0047099140097387705
CCDC144A,-0.004746015595332672
USP17L2,-0.004757113215754268
TAS2R1,-0.004764361941736326
MAGEE2,-0.004768197823604072
TNP2,-0.00478629990830221
SCARNA15,-0.004787089768900232
OR2A5,-0.0047887216661760415
YTHDF1,-0.004802292683476674
HCG11,-0.004813352548873482
PRAMEF2,-0.004844874074587769
OR8B3,-0.004849972193154418
LOC650293,-0.004851172133095497
?|442388,-0.004851792747112445
SLC6A18,-0.004872339460942609
CCBL2,-0.0048785966752689525
OCM2,-0.004928953471113783
GHRH,-0.004929404092427024
SLC9A10,-0.0049306454254057636
OR2T5,-0.0049605575618634455
GIF,-0.004963213886153639
OR4K17,-0.004974608952507392
ZFATAS,-0.004984113115297167
DPEP3,-0.00501750481417629
SNORA16A,-0.005036232737952867
PCDHB19P,-0.005039927556683988
LOC220594,-0.005083831241260914
OR9Q1,-0.005097238170244976
DGKK,-0.0051232820153813636
CFLP1,-0.005134471034424532
ARGFX,-0.005174613822053105
STH,-0.005175577601207454
ASFMR1,-0.005198307236140495
SULT1C3,-0.0052146052187687884
SNORA72,-0.005218095163364457
LOC100128573,-0.00522235158994958
AQP12A,-0.005235918361743451
OR13C2,-0.005236320299215351
FRMPD2L1,-0.005263692756574783
ZBTB9,-0.005286302094230567
SHBG,-0.005335063257359513
OR1C1,-0.005339191709961133
PLP1,-0.005353842952715301
OR13D1,-0.0053542043543274125
SOX14,-0.005366580590549352
ZIC3,-0.0053825723676239985
SEBOX,-0.005391086184319457
ODF1,-0.005396113166262075
TMIGD1,-0.005408106286855051
NXF5,-0.005413742633748023
FAM66A,-0.0054338999753633845
SNORA84,-0.0054384770280558785
OR4N5,-0.005443037974683534
PLK5P,-0.005466199843212385
LUZP4,-0.005478529440055592
GPR6,-0.005478954593522009
PRR21,-0.005481012658227837
CRISP1,-0.005483118764876007
LOC254312,-0.005506270123591608
UBTFL1,-0.005508146895744981
SNORA5C,-0.005522340336291392
GPR112,-0.005524920708596415
KCNK18,-0.005556063489135259
POU3F3,-0.005567772289488179
C22orf42,-0.005567809675375701
STAU1,-0.005580145931291244
ARL5C,-0.005580338862724479
GTF2H2B,-0.005599155095733011
KRTAP10-1,-0.005638372737163379
RGS8,-0.005640037822255486
POM121L2,-0.005649825285013166
OR5M10,-0.005651362644575123
PAX7,-0.005662959510811709
CXorf59,-0.005719497902445896
HAND1,-0.005720363854434364
OR56A4,-0.005728532707407723
IL4,-0.005731697106539918
ELAVL3,-0.00574332069640413
NOBOX,-0.005756399333940378
GAD2,-0.005767278436474144
CITED1,-0.005799928698353969
GPR148,-0.0058402358184440175
LOC100192379,-0.005854280385033946
SNORA25,-0.005879187033446622
KRT27,-0.005889136151968507
LCE3B,-0.00589873417721518
OR1K1,-0.005920192123751696
MAP3K15,-0.005951565508334524
FGF22,-0.005953986476593595
IER2,-0.005963018104109061
PLSCR5,-0.005970619134622006
PRM2,-0.005997984078405933
GOT1L1,-0.006008551369609135
KRTAP12-1,-0.0060155616267731854
WDR81,-0.006016103796093211
TSHB,-0.006016618523697387
C6orf25,-0.006019493171352282
CRX,-0.006050343602185466
SLC17A1,-0.006053234979318195
GSC2,-0.006072528985620634
OR2T10,-0.0060853243445600355
LRTM1,-0.006110520859592524
ARSK,-0.006111432424396567
CSTL1,-0.006117603363501416
KRTAP9-2,-0.006140188196639335
FAM153C,-0.006175382542829546
RNASE11,-0.006205012210396663
FLJ32063,-0.006236357827344315
LOC643486,-0.00625145138001611
REG3G,-0.006269561973451047
RDH11,-0.006271681573209463
KRTAP4-8,-0.006337334739803092
PPAN-P2RY11,-0.006347864652236444
PYDC2,-0.006402777518452744
SNORA71C,-0.0064392120681736114
IQCF6,-0.006442987891335381
CCDC122,-0.006446095927065417
AMELX,-0.006479616953708498
CLDN22,-0.0064799374255913355
RUNDC2C,-0.006480401493295511
HIST1H1C,-0.006491880462387422
CXorf51,-0.006508907833175466
GYPA,-0.006523150143689805
APOA5,-0.0065421945956164905
C7orf71,-0.006594602581207401
FAM74A4,-0.006604203149408269
SNORA63,-0.006616481733794381
PRSS54,-0.0066366916776447625
TAS2R50,-0.006651340810925059
PRAMEF1,-0.006659708525620775
C3orf49,-0.006706430192288538
SLC10A1,-0.0067215561182000436
SNORA13,-0.006721581063938908
ANKRD34C,-0.006722685540734409
LOC286094,-0.00672349668274025
TMEM179,-0.006778486669559675
MORC1,-0.006791544898458653
C7orf45,-0.006810943024838869
OR2L13,-0.006814674753694114
ARR3,-0.006831653200356177
TERF2,-0.006842813777231059
LOC286238,-0.006898497246587369
MRGPRX1,-0.006933409925018475
PRAMEF16,-0.006954257792532583
PCSK2,-0.006968373751737132
OR51B6,-0.006985899946003648
SNORA55,-0.007019008466372386
CER1,-0.007026595714004066
C22orf33,-0.007028129395218001
LOC144742,-0.007045106921869104
GLYAT,-0.007047061820935917
FLJ46361,-0.007085565838337658
LOC100130148,-0.007088056757164733
SNORA9,-0.0071006798927829885
TRPC7,-0.0071083826442476265
C19orf34,-0.007121720242317546
MLANA,-0.0071336945079210155
IMP5,-0.007138541902201879
CNBD1,-0.007138792383429774
OR13C3,-0.007168414831810266
SNORA59B,-0.0071833967863139505
OR5AK2,-0.007187183207090771
OR4F4,-0.007189718146255226
CRYGB,-0.007205289066548222
SYNPR,-0.007214205037700739
C10orf120,-0.007272728753239987
ANTXRL,-0.007274113958314257
IQCF3,-0.007305243955938941
IQCF2,-0.007313287900575286
OR9G4,-0.007321789941284748
GPR101,-0.007342104823600482
CUX1,-0.007368839244402355
OR2AK2,-0.007387822017326921
FAM47C,-0.007392127506118418
PRR23B,-0.007394912650448795
PDYN,-0.0074145272043600295
HTR5A,-0.0074242020182190985
FIGLA,-0.0074396932896920506
OR6K3,-0.007454509724785759
CHRNB3,-0.007468601303908726
LOC151658,-0.007472835765690962
LOC285194,-0.00748361350557805
psiTPTE22,-0.007510386488373451
NKX6-2,-0.007519035571833067
CCDC38,-0.007534104986461758
CYLC1,-0.007536520021797964
DKFZp779M0652,-0.007541735761098888
PAR4,-0.007544877951197788
?|26823,-0.007563861669542004
FEZF2,-0.007613678234505798
ARMS2,-0.007639644877823806
KRTAP13-1,-0.007640344139994117
CRYBA2,-0.007657047292096373
TPH1,-0.0076765443946953185
KRTAP4-2,-0.007701800276810465
TMEM202,-0.0077627266030699
RFPL2,-0.007787787529014665
?|728788,-0.007796387419421596
C14orf177,-0.007807905540420831
LOC653544,-0.007831403493702128
LOC284661,-0.007879173198397543
NCRNA00203,-0.007893831313664584
OR51I2,-0.007905703716256176
C3orf79,-0.00793808745402534
SLC22A7,-0.007941183770395342
NXNL1,-0.007944792239955987
DEFB104A,-0.007953521398543837
PRDM7,-0.007958862057548142
KIRREL3,-0.008012606952719086
MAB21L1,-0.008038754437839269
SNAR-B2,-0.008050355820331458
OR6N2,-0.008065720966028927
RTP2,-0.00807162318929851
GDF2,-0.008085201946672086
GDEP,-0.008090211859754904
CHRNA2,-0.008111625954847206
CYP3A43,-0.00812222074643769
ACCN5,-0.00812645963938997
LCN9,-0.008128344460045688
SPDYE4,-0.008159977652021954
LOC284009,-0.008161908558898477
FOXD4L6,-0.008169724722062526
LOC100128811,-0.00818773520977057
OR52I1,-0.008302268521973948
USP17,-0.008358657964738914
SKINTL,-0.008411993941922625
POU1F1,-0.008412579286864093
FLJ42393,-0.0084256333711448
PSPN,-0.008439716477862597
OR7D2,-0.00852511497839799
PRSS55,-0.008526244846210809
CRYBA1,-0.00854281799611735
OCLM,-0.008577737319143032
FAM71C,-0.008647738074256174
GTF2H2,-0.008658396512116329
GABRA6,-0.008679157183788653
OTC,-0.008696586851499054
PDE6C,-0.008717849119753438
C3orf22,-0.008747505256172504
H1FNT,-0.008806948857185488
IL31,-0.008859617473490613
TBC1D28,-0.008907086700004101
COX8C,-0.00891390039573501
OR2A14,-0.008947168858761102
MTVR2,-0.00895735311417263
ZNF645,-0.008991422239469051
OR7E24,-0.008994205542606033
ARL13A,-0.009048238063388217
MEG8,-0.009129755984047349
NANOS2,-0.0091408694182573
C14orf183,-0.009167838523909302
VHLL,-0.009183558222503304
SNORA22,-0.00919977181590423
LOC126536,-0.009206879289056134
LOC162632,-0.009210648033678022
FAM136B,-0.009275853093113014
PROK1,-0.009293879859010744
PROP1,-0.00931302210251342
SPINK14,-0.00931905469708066
AGXT2,-0.00937797085930628
CDH16,-0.009405549568592969
NPY2R,-0.009417845432516586
C15orf5,-0.009487848715742899
LIPF,-0.009502006002073767
FAM106C,-0.0095771606761983
WARS2,-0.009642161848970687
LECT1,-0.00972110525374596
C9orf106,-0.009735811579950895
HBZ,-0.009778851436855968
ACTL7A,-0.009855052473676913
HTR3B,-0.009857358586995007
RNASE8,-0.00985813853923222
SI,-0.009879441837084607
MYH4,-0.009911792913565726
OR2T3,-0.009945735554152782
SOX1,-0.009958343224112494
PSORS1C3,-0.0099796207366622
LOC100133893,-0.009982390103216797
LOC389332,-0.010001301742914128
OR52B6,-0.01001296263628464
ACCSL,-0.010020468510653765
SPRYD5,-0.010036603662689382
TRPC5,-0.01004348398264606
OR4D10,-0.010091003208195642
FTLP10,-0.010100143272823946
SLC36A3,-0.010165481653527524
OR52H1,-0.010227136546582282
OR13C5,-0.010242067249505202
CYMP,-0.010271086221888324
C20orf123,-0.010313068227344976
RNF113B,-0.010391159179060337
FKSG83,-0.010406072243427301
PRR23A,-0.010421439466898318
ZPBP,-0.010421567970300857
SLC26A3,-0.010447980958961812
NPBWR2,-0.010474045524404535
SNORA34,-0.010515593815035067
LINGO1,-0.010561359435582453
MYH8,-0.010629992894453745
MS4A12,-0.010649726376243916
C15orf60,-0.010667093307265833
GPX5,-0.010674834197064104
CDRT15,-0.010676897781953446
OR6A2,-0.010687325306494988
TPPP2,-0.01069115781215558
LOC646627,-0.010697289111852547
ZNF549,-0.010972364428450647
AMAC1L3,-0.011081673301862376
ADIPOQ,-0.011082739763694041
SLC17A2,-0.011176825454342334
SYCP3,-0.011237694083117642
KRTAP5-7,-0.011254463605097747
HELT,-0.011258032013646878
TIGD7,-0.01127184701805338
CXorf27,-0.011380853158743782
BARHL1,-0.011452070545435601
LIM2,-0.01145273853993352
LENEP,-0.011455661358188537
KRT20,-0.01147148357923271
REG1B,-0.011549640590577344
OR10S1,-0.011569455520369148
FAM138D,-0.011616356080073595
KRTAP13-2,-0.011671201118938152
POU5F2,-0.01174817860092289
OR10A6,-0.0118188883372696
C1orf94,-0.011952066441135584
C4orf51,-0.011976934762329718
TBX22,-0.011994389874794257
A4GNT,-0.012073258264944218
DEFB124,-0.012079017584230935
FLJ25758,-0.012204315658788805
GHSR,-0.012251590106007076
C21orf131,-0.012274690640137507
SDC4P,-0.012364023052465253
SLC6A5,-0.012411136776692065
CA1,-0.012527540294402338
GPX6,-0.01254594806542424
SLC7A13,-0.012643681707636864
KRTAP9-8,-0.01266601125480466
OR13J1,-0.012687150932009079
SCARNA21,-0.012744271255392535
KRTAP9-4,-0.012747472399469783
LOC285627,-0.01277991459839912
FOXB2,-0.012847663408419826
CYCSP52,-0.013067584409811718
GSTTP1,-0.013158542165914104
C12orf12,-0.013238757027241043
TSGA13,-0.01340665990529474
ZNF322A,-0.013566193998008819
TSPAN16,-0.013634700947640575
BRS3,-0.013674909140333393
CLCA1,-0.013856194764737925
LOC415056,-0.013875894028316734
MRGPRX2,-0.013954868808409182
FAM123C,-0.014025379974467074
PRAMEF8,-0.01412109680599131
SORCS3,-0.014203632575248867
OR5D18,-0.014237443711900225
ADAM7,-0.014255026827108401
C4orf45,-0.014291980697231622
KRTAP5-11,-0.01430808648953687
CYP2A7,-0.014336158037139142
ZNF536,-0.014443639576914753
C17orf78,-0.014510999943414175
LOC729609,-0.014602920174767433
C8orf12,-0.014656921310020847
SEPT12,-0.014723820287352108
CYP4A22,-0.014755430848495083
TRIM48,-0.01509792540442287
SNORA62,-0.015135019292241035
C6orf146,-0.015303384710525279
CXorf1,-0.015486934793423387
TRIM49,-0.015510654139284671
DNAJC5G,-0.015581854004535167
SPINK9,-0.015737986234320916
KBTBD5,-0.015864780465388303
LOC100128023,-0.01598711917534919
GPHB5,-0.01669981729975
SNORA76,-0.01697813879981569
LRRTM3,-0.017072313745330487
FAM74A1,-0.017302149172620906
PABPC1L2A,-0.017392606971464847
PLCZ1,-0.017685932684382708
NCRNA00051,-0.01828016261034374
CCT8L2,-0.018349651851396885
C5orf60,-0.018492750177372903
LRRC3B,-0.018531520474442623
ACTL7B,-0.01857686737171145
OR6T1,-0.018791157965695457
PABPC1L2B,-0.018924907166157204
DMRTC1,-0.018991035169036868
LECT2,-0.019219977676451585
NCRNA00175,-0.019761440321012697
OR52D1,-0.01998607085190919
OR2A2,-0.020042115446537594
GSX2,-0.02028670800053332
CRHR2,-0.020576153071931447
CLRN1,-0.02103652905340525
GABRG1,-0.021159220292285775
AAA1,-0.023293888518765238
ZCCHC16,-0.02350657253548701
A2BP1,-0.02437705058837063
RP1-177G6.2,-0.03171780311355631
