Gene,Importance
DSG3,0.6769875286426434
KRT5,0.6633715592569868
LASS3,0.6584250923969288
BNC1,0.6494896309204244
DSC3,0.6438394969868344
S1PR5,0.6227334914008699
CALML3,0.6220754790379021
CLCA2,0.6145603546259045
SERPINB13,0.5996608915393167
TP63,0.5890502926159898
PVRL1,0.5821267785601704
IRF6,0.5780935188071371
KRT74,0.5765627645612093
FAT2,0.5621373454763129
KRT6C,0.5591056846640211
KRT6B,0.5401714483119385
LOC642587,0.5380474018192403
CSTA,0.5363069559831433
DAPL1,0.5312083691316217
VSNL1,0.5181444249456588
KRT6A,0.5157595411127466
JAG1,0.5113639113483704
PERP,0.5086713669563692
RAET1L,0.5006511059765271
ATP1B3,0.48976042815207316
BMP7,0.4867209046450249
TPRXL,0.4847001132753322
COL4A6,0.48051342737166286
NTRK2,0.47850760371017437
PARD6G,0.4750256896127922
TRIM29,0.473392082941863
C10orf99,0.4701596111179294
PKP1,0.4696408797713786
ANXA8,0.46874262046939036
HR,0.46602003158784333
C3orf21,0.4638609499631378
GBP6,0.4626347006395391
FAM83C,0.4625528507792962
DQX1,0.4623769035936819
KRT13,0.4619645036995148
KRT17,0.4607566538133208
WFDC5,0.4595696370499476
A2ML1,0.4594810341949825
GPC1,0.45545437505315833
SLC16A1,0.4531104613207957
KRT14,0.45130266598853536
ODZ2,0.4498697338025678
HOXD11,0.4455443439902935
C12orf54,0.44345478229397445
P2RY1,0.44343241757619156
KRT31,0.4420679361056222
DLX5,0.4411660818557027
DENND2C,0.440952392138692
CELSR2,0.4399268765342968
SPRR2A,0.4380423124091355
DDAH1,0.43567676238890374
SNAI2,0.43260179239978186
FAM181B,0.43166025510586004
KRT16,0.42995375325357954
SLC6A8,0.429538077637166
GJB5,0.4292543982175362
RBM47,0.4291070801884568
FAM83B,0.4279515315366476
ADAM23,0.4268535683072861
CDHR1,0.4267959645386756
ZNF488,0.4264623755015147
SERPINB5,0.425714523581015
ADH7,0.4250420164827834
AP2M1,0.42373796937034464
TMEM40,0.4231782634284816
HNF1B,0.42272302755120506
MICALL1,0.4225546661920762
ABCC5,0.42233115105688224
ITGA6,0.4217775134272589
SH3BP1,0.4172576771426367
TMPRSS11A,0.4133435830235826
EPHA10,0.41245696707983687
CAPNS2,0.4121824522478713
PNCK,0.4118349850264664
KCNG1,0.41142976489468436
TMEM189,0.4110019001861217
GABRQ,0.41072546943607696
S100A2,0.40560273763494414
COL7A1,0.40515757427023213
LONRF3,0.4050569928685022
RORC,0.40496181222133804
TMPRSS11F,0.4046370849629376
SERPINB2,0.4032030207349851
MCC,0.4031957584402365
CHRM3,0.4021460385710883
RGL3,0.40138096127796663
BCL2L15,0.4013689038973406
SIAH2,0.40088228179830276
FOXD1,0.40057597896873487
SLC6A15,0.39844037977362146
HAP1,0.3981289199397131
TBCCD1,0.39704086448665343
ALDH3B1,0.39668674122763875
PTHLH,0.39640550330996943
ST6GALNAC2,0.39557975739013834
STARD5,0.3948658065798799
ACSL5,0.39466822214418495
PTPRZ1,0.3940196055859231
LOC100130933,0.39389667741976325
NMNAT3,0.3936180395347985
LGALS7,0.3923836542409416
ICA1,0.3910860630752291
GOLM1,0.39005706251852557
ARRB1,0.3891521283457069
IGSF11,0.3883868917606974
BICD2,0.3882065586655479
TMTC3,0.3877800232318764
ARTN,0.3877520703080734
USH1G,0.3875987875729902
CLDN3,0.3874229879536753
ATP11A,0.38696337686915666
SPDEF,0.38627158846478643
PGAP1,0.38595021367447585
GPR39,0.3858412195709053
TMEM117,0.38573014717271326
TMPRSS11D,0.3845763892554242
STON2,0.3841570303441134
USP31,0.3841019784778656
SOX15,0.3840958807230357
ARHGEF38,0.38395985008273253
GABRA3,0.38388601514094123
DVL3,0.38371781025894003
C17orf99,0.382167310909156
KCTD1,0.3818727540800009
CD2AP,0.3808463865123226
COL4A5,0.380512831384521
SLC39A2,0.3795364201086728
C17orf28,0.3790619727375349
RHCG,0.37891424530872303
DLG1,0.37884084180032807
ANXA8L2,0.37661664896733965
GRHL3,0.3760618637054897
KCNK5,0.37552350529946144
FANCE,0.37534040001605545
CGN,0.37305232656813536
DLX6,0.37216432720064935
TMEM125,0.3718394684499193
MAPKBP1,0.37172296059086535
YEATS2,0.3713562995779414
CLCA4,0.3712453473534078
LSG1,0.3709042483988268
KC6,0.36950120369651335
EFNB1,0.3685930364766459
NKX2-1,0.368239855583576
FZD6,0.36788618340631396
FMO5,0.36724564137407567
SLC2A1,0.3663231361847897
FOXE1,0.36461407400232854
SPRR1A,0.3645027650349031
SPRR2E,0.36440906524214484
RNASE7,0.3641640885414852
SLC9A3R2,0.36371634497283395
KCTD15,0.3636484176042699
GJB6,0.3623515996586719
SESN3,0.3623076729331503
KCNQ3,0.36197178919709194
RNF168,0.36049653800002324
GOLT1A,0.3604251241266745
C3orf54,0.3600618932488469
FRRS1,0.35961450541595297
FBXO27,0.35897337739110785
CRKL,0.3584331585474022
GNA14,0.35823849742239844
S100A7,0.3579568751840439
KLHL13,0.35681533498919205
ACAP2,0.35653327554391095
SMPDL3B,0.3560572183958228
E2F7,0.3558491502253802
PLAC2,0.35550739526363984
PCYT1A,0.3552436738895193
TOX3,0.3551587200516615
OCLN,0.35403947910485095
RAPGEFL1,0.3533794323144498
ZIC5,0.3525956716518217
PSMD2,0.3523311555207629
STK32A,0.35179523804346763
RNF217,0.3513034728045157
SLCO1A2,0.35127538561854943
DLK2,0.3512557971124245
MLPH,0.3511063491915774
CEACAM6,0.3502155820767998
HDGFRP3,0.3501457092109866
OXGR1,0.3500929169325576
MUC1,0.3496107311320617
LPIN2,0.3482197283853954
FGFR2,0.34743564673859173
C9orf152,0.3455436578339294
TMEM63A,0.3449707373260112
GABRR1,0.34443632651375006
SNX31,0.3439168831788224
DSG1,0.34372877563099624
PLEKHA6,0.3433997343893447
FST,0.3426067708599551
TRA2B,0.34259144690043836
DMRT2,0.34233731239116794
LIMK2,0.3420504685762461
FRMD6,0.3419625721436328
PLD1,0.34152223163223605
SNTB1,0.34137306101747
LOC100129034,0.34096514137745443
C3orf58,0.3408476595766085
GLOD5,0.3394749587578633
ACTL6A,0.3390876867887417
LOC440173,0.3381398582510241
FBXO45,0.3377222825435445
SKP2,0.33754050313664213
PNMA2,0.33729926642667113
COQ3,0.33717563906866255
RBP1,0.3371315197351947
PRR15L,0.3369976867081177
EN1,0.3365174294759978
GJA3,0.33647868609987125
ST3GAL5,0.33640037630137
C15orf41,0.3355859922118647
FYTTD1,0.3352253510482373
WNT2B,0.3352058024699077
LYPD3,0.3351786912850699
MARK1,0.3348887504059216
LMO7,0.3345730415365936
TSLP,0.33450087832364545
FOXN1,0.3334451393387527
UCN2,0.3328608528835443
ZNF385A,0.33249253550646257
NXPH4,0.33220313443271976
WDR72,0.3321505948210285
NUDT11,0.33200181254824834
DLX6AS,0.3319227108721573
HOXA1,0.33174716176638425
SUCLG2,0.33095700479461465
TRPV4,0.3309182862044164
SFTA2,0.33067171237811577
PTDSS1,0.33058800180206976
RARG,0.32951508015726666
CD9,0.329121077500617
ABCC6P2,0.32896453627720945
SEMA3F,0.3289501429375931
DGKA,0.3284063103728083
PAK7,0.3284032237687663
SENP5,0.32823765873798666
PGM2,0.3282040319316706
RFC4,0.3279150037192619
HES2,0.3277003174261239
KRT15,0.3276502276968801
CXCR7,0.32731998807518514
LGALS7B,0.32678642690649784
ATP11B,0.3257763887041977
FJX1,0.3256218564403774
C1orf210,0.325449730491047
LPCAT1,0.3251031905709757
ABCC6,0.32490146472886366
TFRC,0.3241557447455705
FAM84A,0.32373950269164437
SFN,0.3236887076219902
GJB4,0.32328260685230603
MBIP,0.3225772808160928
TESC,0.32247999899014623
PAPL,0.3223269404610444
ABCF3,0.3212628062350987
ACOX2,0.3212181287992565
GFOD1,0.3211146806756747
FSCN1,0.3208563812618475
GAL3ST1,0.3207897910042638
CAPN8,0.3202570433372847
BCL11A,0.3196713098120213
NKAIN2,0.3194599623414529
MGRN1,0.3191709517448866
CYP2S1,0.31914663475932664
SLC44A4,0.3186856503729794
ABCC6P1,0.3181316387644518
NDUFA4L2,0.31810244045803765
TMC5,0.3172555624105925
GALM,0.316919337362493
BTBD11,0.316839358901333
PRIMA1,0.3168040337950292
TMEM92,0.31661809592462586
EFCAB4A,0.3162610102301621
DLX1,0.3160038036931654
FLJ90757,0.31544164962685023
IRX4,0.3151946364326455
OPA1,0.31467678142122874
ANKRD57,0.31456763824117295
ERBB3,0.3141215477488778
MRAP2,0.31345077268028415
C4orf34,0.31311517248930104
CADPS2,0.3129801769201745
PIGX,0.31250261815178765
PCDH19,0.3123118091874358
NRARP,0.31172617777219697
C16orf74,0.3117186916057376
HS6ST1,0.3115245245033346
HOXA13,0.31088880519561984
VSTM2L,0.31081978349119654
SYNGR1,0.3099761329370556
QSOX1,0.3096723149535212
LRRC31,0.3095777994129653
RAB19,0.30942425819575614
SLC41A2,0.3092748008670925
BSPRY,0.3085910172916559
ZDHHC9,0.3077125772650643
C12orf56,0.3076119960625363
KRT9,0.3069258818889153
SMO,0.3064864274235357
PARL,0.3064180432161858
STAR,0.30630755212865707
C15orf42,0.3057947580952852
PITPNB,0.30546496717119015
ZFP64,0.30494765165066257
DST,0.30402903492189276
NIPAL4,0.3037787014905284
ARSE,0.3037031993905733
FXR1,0.3036482698674284
CDCA4,0.30314563292938324
HRAS,0.3030420395985042
PTGFRN,0.3025517490636522
PLCH1,0.30254609905487745
ZNF639,0.3024239577208775
FAM83F,0.3023136697445674
MCM2,0.3018752184262969
SOX2,0.3011887156698321
FAM83D,0.301037285375359
LGSN,0.30041469293224343
TJP3,0.3001869835979297
FAM107B,0.3000251171440937
GMPS,0.29979793683708783
DSC1,0.29971248000173195
ALPK3,0.29963296100393577
IQCD,0.2986659167876441
CCNJL,0.29819776943216525
PREP,0.29808643162218396
LPAR3,0.2979498504153334
JARID2,0.29782351041877214
PRNP,0.29761494711717823
LOC338651,0.29761375753232927
FAM131C,0.29759918153838405
DCUN1D1,0.297477204830626
SLC6A10P,0.29667501809487257
PLCH2,0.2962193516904871
SPRR3,0.2959556961270176
HOXD13,0.2957388108809463
DUSP9,0.2954641354259778
NFE2L2,0.29536630153732185
XG,0.2944312276893194
SLC6A2,0.2942857241562948
CALML5,0.29389919652005503
BTBD9,0.29388241728267717
LOC440925,0.29368246308669443
PHLDB2,0.2935721969870688
EPCAM,0.29348039199826303
SERPINB7,0.2933923436290946
RPS6KA2,0.2928576152917032
KPNA4,0.29258566035611067
CSDA,0.29136722912888313
REPS1,0.2912907784640087
FABP5,0.2910988191932477
ENPP4,0.2909220941522486
PPP1R9A,0.2905155269598453
PAK2,0.2903682371952281
ERGIC1,0.2897312111283879
CPA4,0.2896971433234035
NAA50,0.28926373019072
KRT7,0.2890511103645849
RANBP1,0.28875311711672025
KRT34,0.28869193906172697
SPRR1B,0.2884575529550491
PPP1R14D,0.28815812072727853
TMEM150A,0.28753007421829024
SDK2,0.2873637176928311
HGD,0.2871385631400805
CYB5R2,0.28631674032678894
RSRC1,0.28611932629271575
ALOX12,0.2860899968539299
MED12L,0.28558785722110064
PRICKLE3,0.2854299046285824
FAM162A,0.28526869246822273
C9orf125,0.2851978142998326
NTS,0.2849184420973423
BEAN,0.28481956730367924
TGM1,0.28476502770865675
LIMA1,0.28470696595394024
ABCC3,0.2846351888409094
UST,0.2845214884412918
RAPH1,0.28401841686062723
IGSF3,0.28334717540472104
SETD8,0.28333238110059844
KRT75,0.2827759374119971
DPP4,0.28247622624367275
S100A7A,0.2821493261864929
PI3,0.2819958683017436
NGFR,0.28190288456288337
CD55,0.281872419487189
TP53AIP1,0.28173624942936887
TTL,0.2815832991850285
PLA2R1,0.28145574684898816
BLCAP,0.281316605190191
LOC152217,0.28122436045529964
ZNF69,0.28102122482361197
MUC21,0.2808580878192455
FAM43A,0.28085219830477826
TMF1,0.280072353275712
RGMA,0.2798921965912957
CACNA1B,0.2796249102931505
DYNC1I1,0.2795880630915462
TRAF3IP2,0.2795012108734446
UPK1B,0.2794412305150873
LARP6,0.27918615955484394
GLTP,0.2790952581428641
ARHGAP23,0.2790610113449441
PRDM11,0.2789529425392393
TMEM62,0.27875295394347005
SPRR2D,0.2787097428572899
CENPW,0.2781916342379841
TPD52L1,0.27773509681607184
KCMF1,0.27764828933275665
WDR53,0.27682575609917565
MAP3K4,0.2767538115769701
NEK6,0.276673203630579
SH2D5,0.2766111863344969
FN3K,0.2766070616510777
SGMS2,0.27622598998328884
UGT1A6,0.27611435467209583
PTPRS,0.2760661794516789
CCDC125,0.2758925775779056
C17orf55,0.27571601431637444
DLX2,0.2756413877996592
PNKD,0.27558105742130257
C3orf23,0.2754083602003079
DIP2B,0.27534456374129096
ARHGEF4,0.2749782565100855
HKDC1,0.27473961653628004
HAS3,0.2745264174731551
HTR2C,0.2743380805402557
LIMCH1,0.27427673267998487
SNCA,0.27410918713840654
SH3GL3,0.27376144188147306
GPR116,0.27351628895165525
FXYD3,0.2733320998798985
MMP15,0.27332540094333424
MAPK6,0.27306586835580093
RAPGEF2,0.2727448340933771
TPCN1,0.2727337816380162
TNS4,0.2726439039896022
CDC45,0.27255424542052836
CD109,0.2723879239972239
CTSL2,0.2722823648531715
D4S234E,0.2722649140741857
ERBB2,0.27200674834816274
SLC9A3R1,0.271902105717876
JUP,0.2712911526208443
MRPS22,0.271279924313051
CDK6,0.2711014598885574
KRT18,0.2710616790434043
MMP24,0.2710269691210882
SBSN,0.2709343598946545
SERPINB4,0.27055290058270126
TTLL12,0.2700104621041555
TMEM45B,0.26966002696161784
NOSTRIN,0.26943310566409095
PLEKHB1,0.2693637955839046
DNAJC12,0.26907674816154165
MFN1,0.2686815796143263
TUBA1C,0.26867996026527924
EIF5A2,0.26858310499534327
METTL8,0.2685572488021003
GJB7,0.2681599201533962
ARL4D,0.2680190055850175
ELFN2,0.2675387171256923
LLGL2,0.26742544442611854
RAG1,0.26736964216825526
CLDN1,0.26734239786666764
UGT1A7,0.2672889726766084
ME3,0.2670275899845987
WNT3A,0.26682653434904746
C4BPB,0.26678817352184897
PADI3,0.26657585287530156
PIK3CA,0.26583047786894054
TTC39A,0.26582815681174266
SFTA3,0.26581051863330385
C3orf37,0.26577846068681554
SP5,0.2648880142415598
HOXA11,0.2645867523074889
SLC2A9,0.2644124834051417
HEPHL1,0.2643381302287506
SYT14,0.2642576041545116
MYNN,0.264071187768059
UGT1A9,0.26404492095848653
RAD51AP2,0.2638639590483732
SLC5A12,0.26381419523243377
UBXN7,0.2637061247447296
SPRR2G,0.26354883416751784
CENPP,0.2631658430639994
DPF1,0.26247747223434686
CNGB3,0.26219963590321627
PHF5A,0.26218622812156833
C3orf34,0.26211900019816886
SHROOM3,0.2614905676037548
MACC1,0.2613338306901019
EFCAB2,0.2610955881268096
RHOU,0.26108753092313614
FHOD1,0.26106178520926393
KREMEN1,0.2610482796067897
CPM,0.2606431226733297
FGFRL1,0.2606123763538792
MRPL47,0.2605630260280616
RNF152,0.26021863664938905
IPPK,0.26019212205436487
PDCD10,0.25997941908456185
ABCA13,0.259927422574694
KRT77,0.2596045061868817
PRKX,0.2594189605261878
MAGEA4,0.25925831928061044
SOX2OT,0.25896790088939603
EFS,0.2588961058121546
IGFL1,0.25859814526448205
C10orf95,0.25852549194004204
CDH8,0.2584907861059351
SPINK1,0.25843785418072157
CNTNAP3,0.25807625977669124
POLQ,0.25798313535549006
GDA,0.2577563431790723
B3GNT5,0.2576724381461169
UBE2S,0.2576687322893227
RAB17,0.2574550841980874
NRG1,0.2574440905911999
VANGL2,0.25741508010397574
SOSTDC1,0.2573934329439846
SERPINB3,0.25729744218047407
FZD10,0.25725068410465995
FMO6P,0.2570478361016583
ECE2,0.2570065185384936
TMEM53,0.2568843969299143
LRRC20,0.2567848507972048
EPOR,0.2566126829375241
HEY1,0.2565311856979526
YPEL1,0.2564054875371556
CEL,0.25613143967373225
PRSS8,0.2561182864726346
RAE1,0.25598560130412523
ULBP2,0.25559502553852986
RHOF,0.2554335661646769
FBP1,0.25534362117482856
C1orf74,0.2552539796000946
SLAIN1,0.2549766084949383
CNGA3,0.2548191843721112
RMND5A,0.25481736121140386
HOXD10,0.2546027856678641
RANGAP1,0.25370023135015624
B3GNT6,0.25369135676701665
SLC16A4,0.2534919729618919
LMO3,0.2531897903767815
FERMT1,0.25317411873019807
CHDH,0.25300048564602007
RTN4RL2,0.2528523548054313
ZWILCH,0.25274332983639614
RNF186,0.2525623141392274
KLHDC7A,0.2525556840421482
NHSL1,0.25239165907139827
CHST7,0.25237942119911505
CYB561D2,0.25211592570753444
TNFRSF10C,0.2519328522083074
FRMD5,0.25178088347046973
MICAL3,0.2517780162011431
TDRKH,0.2516104361044827
AHCYL2,0.251470732470708
ACVR1C,0.2512354682808558
CLDND1,0.2511902590283206
ARL6IP5,0.25111877661283116
SYNE1,0.25107408686231386
UMPS,0.25088411704562924
EMB,0.2506425838514535
HSD17B11,0.25058752116163463
FAM174B,0.2505344445931098
LY6G6C,0.25045275159211744
GHR,0.2503824932504266
NCBP2,0.25020209112425557
SLC43A3,0.25013012737835294
KIF12,0.2500775499642118
CSE1L,0.2499152546716341
TSPAN12,0.24962829905189324
SNCAIP,0.24952340339050263
C11orf86,0.2494476635051188
FGL1,0.24942000598638386
EIF2B5,0.24941611885000484
B3GNT7,0.2493754718742546
RNF7,0.2486583050394163
DNALI1,0.24854527083454683
LOC149837,0.24852741394128883
KIF13B,0.2478278892712056
FEM1B,0.24777776795889883
PRTG,0.2476137165632476
NTF4,0.24702731210890988
AQP7,0.24696312576858903
FZD7,0.24677105003722677
XAGE1D,0.24670179172315496
KPNA7,0.2465520864126684
SMCR7L,0.24648288979008395
DUSP11,0.2462532114801792
APOH,0.24618644449344532
ARHGAP12,0.245884272330456
KPRP,0.2457997022738505
CD63,0.2455550554815079
FOXL2,0.24552291855987898
EIF4G1,0.24551769030685658
FANCI,0.2454355182913723
ATP2C1,0.24532793870528916
LOC401052,0.24510395479006794
C6orf167,0.24489192949090863
GRK7,0.2442719483590826
NCAPD2,0.24423453046172727
TBPL1,0.24408217640076416
EYA2,0.24399891650704833
C2orf86,0.2435973576428807
SULT1A2,0.2435310037662398
UNC5CL,0.24349884801328386
SH3BGRL2,0.24336639902529508
UBXN10,0.24313186785539237
HTR7,0.2428307378998345
ADCY3,0.24273796715532417
SLC37A1,0.24250836917116916
C9orf7,0.24219197532568637
SENP2,0.24212464469868675
AGR2,0.24197741938094985
CISH,0.24191787974683543
ADM,0.24149466946774253
PRC1,0.2414031713952649
SOX21,0.24136427954783682
TESK2,0.2412174816341527
FOXA2,0.24090167674467883
NUP210L,0.24053889449624843
CSRP2,0.24051044176115302
FNBP1L,0.2403372576842508
C3orf26,0.24016349587287894
STL,0.23984062282978286
TFAP2A,0.23981264725275842
WBSCR26,0.23972542681365808
REEP4,0.23936736256058894
NRCAM,0.23894495048679193
MVP,0.23887329619292524
TMEM79,0.23882910828395149
TRIM7,0.23878795411380893
PCYT1B,0.2384009930502155
FGFBP1,0.23828477149888183
C11orf82,0.23824875560751618
SH3KBP1,0.2378952350665933
KREMEN2,0.237767777488277
NRP1,0.2371229928184377
CRIP1,0.23686057285953507
FSCN2,0.23651196728095353
GINS3,0.236486199030208
C1orf116,0.23648151063549777
MCM5,0.23647490011374134
CNBP,0.236147991337955
HECA,0.2361258776610843
TLE6,0.2359987364901869
TSPAN15,0.23590529065876528
NDRG4,0.2358456147934893
RND3,0.23570299576536946
GJB1,0.23507835943628802
RAD51,0.2350778030443661
IYD,0.2345840568277278
ARSD,0.2345454646745554
CHRNB4,0.23442053216674325
RPGRIP1,0.23434762830376502
RYK,0.23429807409935297
OIP5,0.23409706002044814
CACNA1D,0.2337333953318251
FEZ1,0.23346977671974922
TOPBP1,0.23346295960983174
MYO5C,0.23298376808306934
LOC285548,0.23275067040561725
C20orf72,0.2325539065506979
PAX6,0.2323118412885756
ABCC1,0.23226427264229102
KPNA1,0.23217710287361215
USP46,0.23202150455668427
TEC,0.23159029437886294
ZSCAN16,0.23147013918887988
EPB41L5,0.2310937142408022
DGKH,0.23084187035162917
FA2H,0.23078899843964057
GPR87,0.23064080941470866
POU6F2,0.23061127671769543
MAP6D1,0.23032611778550613
TPRG1,0.22993200668360436
SGK1,0.22981127195970016
ADAMTS20,0.2297541549742909
OR7A5,0.22943301372694336
ALG3,0.22936732733545806
SORBS2,0.22936045505570826
PAFAH2,0.22934084568558136
KIAA1524,0.2289894398860663
TP73,0.2289631026581284
C19orf21,0.22880774026523135
KRTDAP,0.2287707471914416
KDR,0.22869276093670463
EPHB3,0.22867157537019717
MLLT11,0.22849103316518024
UCK2,0.2284896802089455
TET3,0.22809956642793722
SMARCB1,0.2279571990128701
FCHO2,0.22780987550699394
EPHB6,0.22767957707136963
RAET1G,0.22760425926812572
S100A8,0.22735646005613158
SIGIRR,0.22723244722100464
SEMA6A,0.22707226814399
TUBB6,0.22691117668557456
SGSM1,0.22683870431736164
C3orf1,0.22676883568977224
LMNB2,0.22676805127171967
CACNA2D3,0.22670890704565136
LOC728643,0.22665039224218606
FBL,0.22657064743957683
LYSMD3,0.22657019595463287
ALS2CR4,0.22650658528048764
CLDN23,0.22646496760195461
CRYM,0.22645643682644268
CD46,0.2263711155948894
GPR109A,0.22586881041807036
LDLRAD3,0.22580834408943817
CRYAB,0.22577085801635588
EXOC6B,0.2255978807347266
LRP4,0.22469844420889226
ADAD2,0.22419583063745924
PRG1,0.22410388063767891
ACAD8,0.2239313072641195
CD44,0.2238020334293708
CATSPER1,0.22377812899069358
KAZ,0.22371988856546637
SDSL,0.22351184319054676
PES1,0.22349230845986048
MGLL,0.22330386673719466
ARMC8,0.22310901976302808
PIP5KL1,0.22293205042185757
KCNN4,0.22219159620413298
ZC3H8,0.222172476757021
GHDC,0.22205015526466934
GPD1L,0.2219929673439925
DNAJB3,0.22186609079439734
HPN,0.22181022381855944
FYCO1,0.22170981068536208
PPIF,0.22164507030680916
PTTG1IP,0.22163027249211872
AP3B2,0.22157367968121908
C20orf117,0.22157173634117844
DHX36,0.2215438475561203
TMEM8A,0.22134848060873447
THOC3,0.2213276795845104
GPNMB,0.22125434373664066
ACBD4,0.22078958534256765
GGTLC1,0.22063448033668656
LTA4H,0.2204760899695645
DUSP7,0.2202376966569417
SYTL3,0.22018536677413722
OAZ3,0.2201849425895095
RAB27A,0.22009528484143911
GJB3,0.21978718018559426
FKBP4,0.21978670996682503
C11orf54,0.21978548015339933
MPHOSPH6,0.21974375616078884
SELENBP1,0.21964242170482254
PSME4,0.21963623623346498
PHGDH,0.21913237488976733
HIST1H2BH,0.2189993012886355
RBPMS,0.21882311910780952
ZNF436,0.21875311480255463
SLC7A8,0.21869095858619542
PPARGC1B,0.21828010926136718
IL1A,0.21827202581454103
HMGCS1,0.21816415746286294
STS,0.21792597255764906
MGAT4A,0.21766785358967503
LCE1C,0.21751484393350323
DSP,0.21750855308262138
BTBD10,0.2174438555817019
CASD1,0.2173055255293025
PTPRE,0.21705661350397046
STEAP4,0.21696526665998486
LRBA,0.21662105078375835
CENPN,0.21659942507778357
WDFY2,0.21652941353943586
UNG,0.2164279108554614
RNASE4,0.21635727851652578
ALDH3B2,0.21633130526331104
FANCB,0.21627695925561705
CYB561,0.21620176484041354
ENTPD8,0.21612831241680674
AMTN,0.21587283589960146
RNF165,0.21574002878663195
HSH2D,0.21547622279255924
XKRX,0.21547472492069528
PART1,0.2152992645718448
HSPA4L,0.21506087819283057
FGFR3,0.2149903739905148
RIOK1,0.2148580723798854
MT1X,0.21469394464606775
TMED5,0.21468848201408863
NCS1,0.2145664350405818
CDKL2,0.2145059049867362
KATNA1,0.2143209234751865
UGT1A1,0.21429817132376158
GLB1L2,0.2140482083536007
ASAH1,0.21380091766739637
GJA1,0.21378985747662413
COBL,0.2135146314069692
CMTM8,0.21347456816953664
MAGEA9B,0.21342961714252093
TMPRSS6,0.21333873326200375
ADIPOR2,0.2131034695524085
CDH15,0.21303071779568114
UNC93B1,0.21243592135095443
NAB1,0.21212326032797696
SERPINE2,0.2119428181350778
CRCT1,0.21194149445863317
FBN2,0.21176054042007672
UGT1A3,0.2117120107353658
WDR47,0.2115855991223421
GDPD1,0.21150780623642335
MMP10,0.21142624512476832
TTK,0.2114234882247508
CXXC5,0.21140440238437008
TXNDC11,0.21112256993883644
LOC647121,0.2109860411292496
SPAST,0.2108913531978848
LRFN1,0.21088131687664463
EMILIN3,0.21059947391254052
MFSD4,0.21042777432751655
RHOBTB2,0.21018378703233864
FAM13A,0.2101489722497926
FAM110C,0.21000389772442005
TMEM133,0.21000382907247495
GALNT10,0.20991317367141749
C15orf23,0.20963679402306565
CABLES1,0.20963277810300374
MCM8,0.20961542522338023
CCDC149,0.20947376051057093
SLFN13,0.20944167292265506
TLE2,0.2093400942281039
WNT5A,0.20928698824991648
ADAM17,0.20927424400660669
RPH3AL,0.20915613497878016
CECR5,0.20909278895343414
MFSD7,0.20908432488871473
PGLYRP3,0.20901168523171382
CDC25A,0.20888697388555302
ERRFI1,0.2088360237863404
ADA,0.2086773633228345
ABHD14A,0.20845393275409027
COMMD2,0.2084265993607519
PLA2G16,0.20841820961739646
NCK1,0.20838842824122364
MPPED1,0.20817066402702694
PON2,0.20803122764142337
CLSTN1,0.2077322088246379
TMTC1,0.2076239863257517
ATG4D,0.20760704265884486
DRG1,0.207605268065494
CHP2,0.20750680664536647
KIF23,0.20720127370323754
C1orf135,0.20713526006700778
HOXA10,0.20711805712571044
KTELC1,0.20700720715418722
KRTAP5-1,0.20670710748510812
RARA,0.20666819805385278
RASSF9,0.20664480384483053
CD302,0.2065553635839415
DPY19L1,0.2065415186981616
LOC100132111,0.20642287713465451
LOC84740,0.20633454043445032
PWWP2A,0.20622996139995275
ACAD9,0.20605430092059848
DNAJB1,0.2060535022405205
GOLIM4,0.2057236002031881
DLL1,0.20572245348148518
GYS1,0.20564507624067835
ISM2,0.2056070020335324
MIA2,0.20556305981814188
C3orf17,0.20553667954576557
IGFBP2,0.205454810611572
C9orf167,0.20544600993045048
WASF1,0.2053078299009544
SULF2,0.20515419837568583
CCNB2,0.20511197673338288
ANKRD2,0.2049839175830171
HNMT,0.20485339063115846
KIAA1045,0.20483279752252795
GSK3B,0.20471863487458575
PGAM1,0.20446877811336434
LRRC27,0.20445641166593684
SHOX2,0.2044478100103454
HOPX,0.2043432597971405
C22orf9,0.2040729534991708
KIAA0182,0.20403267841912562
PRPF19,0.20391856718407944
ARPC2,0.20389480424211645
C11orf41,0.20383866667265
NCRNA00093,0.2038094191102348
SRCIN1,0.2037496461224725
PRMT1,0.2035473194395173
A4GALT,0.20340354147945267
FAM47E,0.20325434666900033
HPCAL1,0.20319225710074487
COL4A4,0.20306276958344652
MPPED2,0.2025525621155908
GLT25D2,0.20250381485633032
GTPBP8,0.20245684921838294
IL1F9,0.20242612827125767
GCC2,0.20234459987367986
C2orf15,0.2022668439473444
C6orf142,0.2021110321135905
FMO9P,0.20170710901758285
NUDT10,0.2016549330563883
RAB20,0.20155162982158667
AKR1C2,0.20150141540597552
SDR9C7,0.20149168225214345
PITX1,0.20146898335734204
DSC2,0.20124768786582256
HSD17B3,0.2012176014407836
TDRD10,0.2012146710559938
ORC6L,0.20105544433286918
EIF4A2,0.20101370985056416
TMEM158,0.20094159396251862
AKR1B10,0.20092951535596612
H2AFY2,0.2008849104442737
NKX2-5,0.20087039578175783
CEBPG,0.2008443124492144
RCN2,0.2005214329242214
RPL3L,0.20051676843999616
GPR109B,0.2004756433200317
TMEM201,0.20044733787440439
ISY1,0.20039853163488597
LOC729082,0.20036134065954558
KISS1,0.20000140346123116
NMNAT2,0.20000067093870233
ZNF254,0.19981595004520014
ATP8A1,0.1995856040788446
C22orf28,0.1994658050545255
GFM1,0.19935400741777345
C4orf44,0.1990117637130799
DDX49,0.19889374076228244
CENPO,0.1988616218203374
IL17RB,0.1988160823576965
DNAJB11,0.19876002597877046
RGS3,0.19848277342941825
GFPT1,0.198403690487658
UFD1L,0.19831849104714433
EFNA5,0.1981870627590526
MYO6,0.1980741226443619
NR3C2,0.1980613112908745
CLIC6,0.19801684177355208
KRT78,0.19798636840845055
SEMA6D,0.19795426116219475
SOAT1,0.19794700878935997
TCEA3,0.1978776417456775
C22orf23,0.19782753024168154
RASSF7,0.19772907971379086
KIF9,0.19765971811120117
LCE3D,0.19750921986220205
LRRC8D,0.19747132558285602
ACSM3,0.1974657013149203
C8orf73,0.19744763251995814
PLS1,0.19739497224510566
LRRC58,0.19739139120258864
MDH1,0.1973003746275679
ZIC2,0.19711433227952507
CORO6,0.19707726257426703
NSUN7,0.19706251849824238
PHF17,0.19686626539878382
CLCF1,0.19645331410369193
LOC220729,0.19640706991623696
CCDC68,0.19639433373944284
LOC284578,0.19636122477927806
C5orf4,0.1962796394005093
SLC47A2,0.19627304986219316
GPR161,0.19617696754971597
TCP1,0.196134795141515
DNAH2,0.19611803168054887
DEPDC6,0.19608833730224864
TP53TG3B,0.19598583574327483
HAL,0.19595950667124573
ARHGAP11A,0.19593812139542147
ACPL2,0.19583460373839431
TRIM8,0.19560707091260093
RIMS2,0.19556255803604178
FAM123B,0.19548856270430673
SKA1,0.19542798739617875
TMPRSS2,0.19537436084745602
RGS17,0.19525864015787997
PAM,0.19519877935967408
SLC10A6,0.195191965458484
RAD54L,0.19515147315885914
GALNT12,0.19510107867494283
RNF148,0.19507410916594117
GAPDH,0.19504081000328435
CSNK2A1,0.19501210427641416
MYC,0.19495340160346836
CHEK2,0.19478459696529407
FETUB,0.1946582348755848
CNTNAP2,0.1941366043252265
GALE,0.19412197152909078
TUSC2,0.19410720529264933
ARHGAP29,0.19394701538850567
MAP1LC3C,0.19349932409946302
IGF2BP2,0.19333919255149654
TSPAN4,0.19329365960987474
KANK2,0.19328344331012418
SPRR2B,0.1932457060908117
RAP2B,0.1931378333063751
HABP2,0.19309413761061708
SLC38A2,0.1927731279168015
SOX7,0.19274641763848288
TDG,0.19271913582844744
TOMM22,0.19263674521035482
IL1RN,0.19255824694076315
LOC84856,0.1922871859818448
LOC100125556,0.19205564514000573
DIRC3,0.19204126076334804
ADAMTS17,0.1920361485880572
ARNTL2,0.19187750158267686
MTMR1,0.19172963633567092
PIK3R4,0.19170704341686232
KLHDC5,0.191694468467254
TBL1XR1,0.19156079598211115
SUSD4,0.19145803262218825
ACCN2,0.19135931574285203
FAM149A,0.19127673582010976
PON3,0.19104241271490188
GPRC5A,0.19100740570248606
TMCC2,0.19100381893525864
MAP7D3,0.1910016438546877
LAMA1,0.1909622674518643
DHX35,0.1908396332532984
SNRPA1,0.1907719462281761
DNAH5,0.19058970275739223
PWP1,0.19052276808234267
FOXM1,0.19052114256803251
C20orf56,0.19049223413203786
SLC34A2,0.19048194097967203
DCUN1D5,0.19044347116496543
DMRT3,0.19039140319267361
ACAT2,0.19033693921070868
FOLR1,0.19025025938166906
MCM4,0.1902006919176561
C19orf46,0.1899681061801427
LOC90110,0.18978270312770223
TNFSF13,0.18973339239843007
HSPB1,0.18972020424318375
C1QL1,0.18958490749656756
ITGB8,0.18949425570017603
WDR43,0.18947361636164695
SLC9A4,0.18945515991939768
TSSK1B,0.1894492906801809
IL1F7,0.18928591373995132
CGB7,0.18917174335722842
LPHN3,0.1891050708950258
CDC42SE2,0.1890124656602509
TMEM144,0.1889091777149303
LOC201651,0.18885824229374779
RACGAP1,0.1888490467117337
SGPP1,0.1887776793051646
SRRM3,0.1886908355071966
NCAPH,0.18861896576543705
CNTN1,0.1886014664970062
C12orf11,0.18855754804485175
AMBP,0.18854851336161452
TSPAN13,0.18854455935288633
FEM1A,0.18853999511106428
ZNF620,0.18851694038401837
LOC388588,0.18848963652216652
EHBP1,0.18845209438312854
CCDC46,0.18837560488678723
RAB7A,0.18828925770307
ADCY6,0.1882603523847298
COPZ2,0.18795592758916277
PISD,0.18778221078221072
FGF12,0.18769902876721742
LHFPL1,0.1875971016473272
C3orf72,0.187547965515306
COL17A1,0.1874663679256069
CKAP2,0.18743773168323755
TCF20,0.187392411851886
ZNF750,0.18738111857959014
SVIP,0.1872982102999782
BHMT2,0.1872064090435102
C12orf48,0.1871507279473125
GPR133,0.18713162385878454
AFF2,0.1871012242031719
BLMH,0.18706787787027446
DDR1,0.18691110400371602
LTB4R,0.1868370087688284
ELOVL4,0.18680968855408764
C16orf89,0.18645477458885618
DKC1,0.18633486763656587
KRI1,0.1861161811473961
NFE2,0.1860713060100244
BIN1,0.1860050811569471
GNGT1,0.1858035780032212
ESYT3,0.18573822310934318
CYP2B7P1,0.18546279311519048
C20orf11,0.18535048735491622
ITGB4,0.18533710497664047
LRRN4,0.18533166823066616
NPBWR1,0.18521266392021152
GJB2,0.18508067455516305
HAVCR1,0.18497104552352786
SNAPC1,0.18471851371819448
UBA2,0.18447836498039882
CHST14,0.1844320385650018
C6orf114,0.18438301891764158
CHAF1A,0.18421221960801
TGFBR2,0.18417792605077646
ANG,0.18417432597303718
FOXJ1,0.18401853924750586
TMEM57,0.1840111112800927
PCNA,0.1839853818586029
ENPP5,0.18398244928653004
?|10357,0.1838730820775182
PPP2R2C,0.1838497105638837
DDIT4L,0.18367157924558225
C17orf63,0.18363002706874634
GCET2,0.18339620053995107
CLDN16,0.18337801937505332
RUFY1,0.18333259718453584
PFN2,0.18329566770334504
TG,0.18322679174051235
AQP10,0.18307232637373616
TROAP,0.1829309214602972
UBXN2A,0.18290694273320535
HOXC13,0.1828907834348307
LOC646214,0.1828758792952706
ZNF703,0.1827573307654204
VAX1,0.18263168846188407
ANXA8L1,0.18258885586959528
RCC2,0.18256353565906744
DISP1,0.18248054705515124
MNX1,0.18241415809936165
CITED4,0.18236715101668532
C6orf162,0.18222802472770108
VPS8,0.18222195408812644
SHROOM1,0.1821978144379087
EXT1,0.1821947222806771
DPYSL2,0.18218287902715172
GPX2,0.18212247812581633
NAPSA,0.18209873947072805
CRIP2,0.18207361128304528
CDCA5,0.18203401662854873
MCM7,0.18199392301836154
MTSS1,0.18178458291105182
C4orf31,0.18173756656422638
SHE,0.1816924054092767
XKR8,0.18158747057341584
MTA2,0.18157775335133272
NAP1L2,0.18127661695319197
VTA1,0.18108252104033698
CASC5,0.18090730741073105
WWC1,0.18086707884406572
HMGA2,0.18069703431450662
TMEM192,0.18069062265263744
KIAA1908,0.18066131995180168
CHKA,0.18064874923099436
ANAPC7,0.18056844101367023
TM4SF4,0.18050550283287775
CELF2,0.18033985385896342
HSD17B1,0.18019406215346
CENPM,0.18011459728371668
INPPL1,0.18011422401214025
HELLS,0.18005972123062913
ICAM1,0.18003092099023044
GRHL2,0.17981624212985345
DIRC2,0.17979726699032714
PRSS16,0.17969202904197415
HOXA11AS,0.1795715084341933
FAM173A,0.17956994811399574
DMGDH,0.17944504456479132
GGH,0.1793816466183594
ATP5B,0.17923474931425296
SLC1A5,0.17920112028675694
CCDC58,0.1791416685081056
MN1,0.17899965857460154
CORO1C,0.1788864491178179
PLA2G10,0.1788680751318492
GAB2,0.17885539111753218
TMEM106A,0.17877232022360667
PTER,0.1785429711524227
FOXA3,0.17843686026319738
XCL1,0.1784051175500312
KIAA0802,0.17840327906990558
PIR,0.1783888334575036
SMC6,0.17838763642084784
KIAA0319L,0.17836416772138705
NLRP12,0.1783344185205283
GEMIN8P4,0.17828764861748
RUVBL1,0.17826289110115945
CNOT8,0.17818124834595211
RFC5,0.17807621934515575
KLF5,0.1780430754963162
HAT1,0.17801908281703724
SLC4A4,0.17801178312791638
PRDM13,0.17795187524098113
JMJD7-PLA2G4B,0.17794475695361714
RNF133,0.177878956800437
IL12RB2,0.17784074542635073
CENPH,0.1777469384213827
CABP4,0.17772531877076767
SULT1C2,0.17772354368816123
BUB1B,0.1776806994876741
C18orf2,0.17756160643730548
ADD2,0.1775400669516904
TEX10,0.17752363467616014
LOC100130691,0.17751017502305774
B3GNT3,0.17750050606961512
HMGXB4,0.1774659002768291
FNIP2,0.17734632442370993
C1orf27,0.17732668509669322
LRCH3,0.17731823072342334
LYSMD4,0.17731701620504062
ANXA11,0.17710319181299752
NDUFB5,0.17705783405006179
SLC39A8,0.17698591058375515
SERPINB11,0.176596613279319
FOXP1,0.17654892845794892
MEIS3P1,0.17638475942837356
LOC100132215,0.1762931999911365
WASF2,0.1762887514428291
NFE2L1,0.1761791330695753
LTB4R2,0.17601508743671881
RHOV,0.17581827166517694
MSLN,0.17567051978402776
NOP56,0.17563061793945864
LOC651250,0.17561345165898612
GTF2H3,0.17543512497444116
LOC127841,0.17541234594544985
C21orf91,0.175343556843789
SHROOM2,0.17532660372867767
SPRR4,0.17528270419067687
CAPN2,0.17527240448429834
SLC44A3,0.17524367217679493
METTL7B,0.17523062513429413
B4GALT4,0.17520053826251256
FUCA1,0.1751143800627901
GEN1,0.17503629223994485
RBMS2,0.17500654776314042
ACO2,0.17495917758179302
ATRNL1,0.17493096184981807
AMOTL1,0.1749308187350196
USP5,0.17486992739008908
SOST,0.1748446866642397
CDCA3,0.17458893933911257
SGK2,0.17454266369964913
C6orf123,0.17452043674016246
CCDC112,0.17451034818001263
LINGO4,0.17448339619447636
CLDN12,0.1743950923244221
QSER1,0.17436210114235073
RNF185,0.17432961253757737
CARD18,0.17419645807218595
SLC7A1,0.17418218275254457
CHRNB1,0.17413651406787736
B4GALNT1,0.17412114333164241
WFDC10B,0.17410285763473415
DNAJC3,0.1740532110326757
NUP205,0.17403728720489214
PDXDC1,0.17403606596696014
MGC2889,0.17401748844420203
ARHGAP18,0.17400517295542467
RPA1,0.17396205438357187
KLRG2,0.1738665595954116
C8orf83,0.1738645323344146
PTN,0.17384883508853619
ATP13A3,0.17373159444233782
ZNF19,0.1735789702573554
RPTN,0.17344707992743533
CCT4,0.173285901693721
ITGA3,0.17308481568293962
IL1RAP,0.17296743028484537
TBX18,0.17293521421015448
RAD54B,0.1729072741662809
AGPAT2,0.1728757519962192
UBAC1,0.1728145256586247
ARHGDIB,0.1727517292021398
CAGE1,0.1725906280495643
GLYATL2,0.1724976461772504
TMCO4,0.17246817649026602
NUP50,0.17242317067115695
PGF,0.1724160405590816
COL4A3,0.17234361735542483
GAST,0.17230571841975462
TMEM61,0.17227463361525341
FNDC3A,0.17221502050703416
MTBP,0.17218591509225564
BLM,0.17214612817769842
FAM8A1,0.17206600132835
CERKL,0.17206008269502326
DUSP4,0.17192301724353007
RPL13P5,0.17189802048284078
NDRG1,0.1717811303509658
RAB11FIP4,0.17168191274405997
MAGIX,0.171621973647777
PPFIBP1,0.17151629106331648
C3orf59,0.17139866299479273
STARD10,0.17136458682825567
LRRC1,0.17136313128920294
SH3GL1,0.17127805786585087
SAE1,0.1712730854836206
CDK4,0.17126389527579255
XPOT,0.17126115039267298
MST1P9,0.17109185003683977
IBTK,0.1710544210213656
KRT33A,0.17104997594831073
PDE4A,0.17081046014243825
FRMD8,0.17078299902309074
APAF1,0.17077026687667393
PHC2,0.17066072309939617
CTPS,0.170577376096166
IKZF4,0.17053954694525647
NICN1,0.1703046772997266
KLHL21,0.17024501302314635
LOC100130776,0.17013449014292445
RRM1,0.17012528019272422
YPEL3,0.17011727468618168
C1orf130,0.1700917980700717
TSPAN8,0.1700726847286344
DDB2,0.17000182593075105
CD151,0.16999205209434573
WNK2,0.16998462591085645
CACNA2D1,0.1698825343960532
EPDR1,0.1698244003463971
RNF187,0.16980669500496373
TECR,0.16975657130227262
CARM1,0.1697516094282443
RNASE1,0.16975001317692834
SLC20A2,0.16963151291652176
GINS2,0.16954738008128473
SLCO3A1,0.16953709182282095
TMEM163,0.16948874171079817
P4HTM,0.16944953075354552
ORC1L,0.16941157771198892
ZNF556,0.16934043680425445
UBL3,0.16907974832962677
PARM1,0.16892963479492362
PAG1,0.1689223074680496
CSDAP1,0.16889197909059026
IFI16,0.16886924851009966
DBR1,0.16884530454288937
PLEKHG6,0.16881437600418675
MATN2,0.16876252646251658
ATAD3C,0.16856514039216478
SPSB2,0.16853226648900732
PRRC1,0.16833582733462255
KCTD6,0.16831465376049265
SYNRG,0.16828785832123677
PIAS2,0.16821944135560477
PRR5,0.16820837819249987
ACOT4,0.1682012101329509
GPRC5C,0.16817399968897404
ABP1,0.16810838548310922
TMEM82,0.1679993469601576
KCNH1,0.1679640053044389
ODZ4,0.16776481974385543
GRAMD1A,0.16773922544278763
SCHIP1,0.1676853026031998
MEMO1,0.16763176255183102
SH2D4A,0.16761754397312417
TGM5,0.16756298016195145
NUSAP1,0.16743826238536044
GRAMD2,0.16733765439282566
HECW2,0.16724859494235722
NME5,0.16720457790790316
TRAM1,0.16712451244051357
SREBF2,0.16711496388756059
PNO1,0.16703299589529194
PON1,0.16691891788719757
SLC1A6,0.16679135491390562
TPX2,0.166780016597179
RDH16,0.1667060844919234
HMHA1,0.16665269134019442
ATXN10,0.16664809038124576
PLXNA1,0.1665563604596034
VWA2,0.1664403298773194
ACSF2,0.16641959663740616
LASP1,0.16636612644395063
MARVELD2,0.16636038433828954
BIRC5,0.1662689857456296
DDX39,0.1661582133287068
PTPN14,0.16602528097013985
CHMP2B,0.1659017962869171
PLXND1,0.16588232098558317
GAS2,0.165852470728231
H2BFWT,0.16556278792682283
BRD4,0.16545067812908837
AK1,0.1654112563764032
TAT,0.1652266917976113
C20orf27,0.16509363570432928
GRAMD3,0.16495299500780752
QPRT,0.1649450299307853
ADSL,0.16484044588183144
KBTBD12,0.16482515211012128
ERF,0.16480718484487508
LOC151009,0.16440370621668846
KRT23,0.1643294109745111
TSHZ2,0.16406720664769672
C14orf33,0.16397152638282333
DPCR1,0.16386822553351602
MSL2,0.16378243396960468
KLC3,0.16365847840206696
ZSCAN5A,0.1634757890562156
HAUS2,0.16336535203634867
SLC7A5,0.16331395316674052
DLL4,0.16330739340510034
MAPK9,0.16329466548536037
CDKN2D,0.1632422894992865
FAM84B,0.1632199735662916
LOC388242,0.16318218692028785
SLC46A1,0.16312083278743403
SLC9A2,0.16307005889121007
TMBIM4,0.16299068634739447
DMRT1,0.1629694810592393
CDK5R1,0.16296880264084557
SPTB,0.16295907590221403
SMARCD1,0.16270177365700567
RAD51AP1,0.16268666531517334
SYTL2,0.16264147583576474
SPRR2F,0.16259147202198676
HYAL2,0.16255829608840416
ARHGAP11B,0.1624980197459296
SFXN3,0.162476489269586
EMX1,0.16236696492481315
GM2A,0.16236574382294838
CSNK1G1,0.16236026144926813
NRBP1,0.16233784410887503
EIF3D,0.16229047881765815
C18orf54,0.1622887770800839
DNM1L,0.16227352194988764
CCDC85C,0.16219978683570827
SNRPD3,0.16219093227573897
DND1,0.16213272644237126
BATF,0.16201418571913137
C11orf52,0.16194305640418685
AADACL2,0.16168243217364714
FGB,0.16154758303167488
ZNF131,0.16153376715707593
ULBP3,0.1614658998459528
KLK9,0.16145122389542227
SAMD8,0.1614373492505291
CTSO,0.1614005132202866
KEAP1,0.1613521096832265
CTNNA1,0.16130087054807193
NKPD1,0.16124002139295568
MAGEA11,0.1609313509754275
MAPK12,0.16092477050085635
C3orf74,0.16082086382815494
ASTE1,0.160818501389578
GCA,0.1605494359889405
OTX1,0.16054175818469935
RLN3,0.16044453054485414
TNPO2,0.1603967172521448
PRKCD,0.1603471267853231
RASEF,0.1603388348854612
HSPC159,0.16023473408810138
UNC13B,0.1601403005231316
SCD5,0.1599568616901072
ZNF341,0.15989465022368993
LCE3E,0.15989440202030883
CCDC86,0.15986887157335175
ZNF770,0.1598435410274994
ALDH1A1,0.1597787761281061
LIPH,0.15968235724376528
OCIAD2,0.15967568200055016
MRGPRX3,0.15965041735161642
TGM2,0.15960665533761936
FAM178B,0.1596035130413783
PPM1L,0.1595863474714268
SPC25,0.15957720948154078
GAN,0.15953538380433938
COPS2,0.15942071218439444
ZDHHC16,0.15937382231392144
IRX5,0.1593011748736692
BTD,0.15923733532490347
SAMM50,0.15919977431835738
HBS1L,0.1591714053667073
SEC24A,0.15909753855205633
DNAJC19,0.1590910070973347
SIL1,0.15902616782188547
C17orf76,0.1588932440467888
MBD2,0.15886721213597738
CD97,0.15874076616213195
CCNA2,0.15873049995104604
SNX21,0.15868154479206564
VRK1,0.1586737995287598
PAPOLG,0.15862515523193232
RAB15,0.15860049130294887
ALDH3A1,0.15835656881060944
CA12,0.15835000367401547
BCAS3,0.15825022346170403
MSH6,0.15822103761811382
TIMM44,0.1581036726568954
NUDT1,0.15806215887949165
HIST1H3F,0.1580381587648496
SLC26A9,0.1579785900058165
SLC1A4,0.15794758525456898
NEB,0.15791130232397663
WFDC3,0.1578922000865858
CAPN5,0.15786433015982182
RGN,0.15774387429010253
SYN2,0.15765748639089575
RFX7,0.1576054033689344
ACY3,0.15744343500296307
PBXIP1,0.1573598696903114
SERPINB12,0.15729383576804246
NTHL1,0.15729086583102359
RNASEH2A,0.15726825344675333
ATP10A,0.15724116190608614
CLCN2,0.15721730157777908
PNPLA2,0.15720427599699682
ENPP3,0.1571937026243177
TFDP2,0.15713230542065218
ADRA2B,0.15709523241938328
SCP2,0.15708599652344646
ECT2,0.1570769072466833
MYBPHL,0.15707243965478968
C19orf48,0.15698606548130045
RICH2,0.15695723951302273
PLK1,0.1569439373958415
PSG4,0.15666362352513738
C1GALT1C1,0.15662132228928488
TBX3,0.15660586709696842
MED30,0.15660115414618442
AHCY,0.15656558664427858
DOK1,0.15654428597107076
MEF2C,0.15653808976977726
C20orf112,0.1565233108906482
DHRS12,0.15643692548963106
CPEB4,0.1564232813665869
RPL35A,0.1563764796807056
RAN,0.15632152473191765
MKKS,0.15626926484971582
GLT25D1,0.15625494025877698
TTC7B,0.1561916907227527
CHODL,0.1561739451014323
CASK,0.15617075195624916
TMEM132A,0.15599671771239043
ZNF238,0.1559526077225319
GLI3,0.15591510135840167
MSI1,0.15590800009210828
NT5E,0.15583782790781256
BNIP2,0.15579841410231623
PARP3,0.15576715263893948
MGC4473,0.15568944540306137
SEPT5,0.15567058486517668
AURKB,0.15566327113866626
RNF213,0.15564864339222717
LOC730101,0.15559664284424146
CSK,0.15554625107668663
LRP12,0.1555151721149213
NRG4,0.1555021954423074
CASP6,0.15549357483301368
STRAP,0.15544256916664742
EPB41,0.155426257618989
KHSRP,0.15531456453056924
KCTD14,0.15525975831831731
GPI,0.15511000609301642
ASAP2,0.1549819278636703
SIM2,0.15496823188467654
MYCL1,0.15492506956946123
LOC441089,0.15488812238134286
GPR160,0.15487280393404454
PCDH1,0.1548340870728446
TMEM233,0.15467940779595565
DBNDD1,0.15464575249365467
CENPA,0.15452773124827582
SLC13A5,0.15450105637289158
EIF2C2,0.15426182384769793
VCX3A,0.15424419400561332
SLC22A18AS,0.15421452220509807
TREM1,0.1541681147874213
PTP4A2,0.1541625548032273
FAAH2,0.15409252630111211
RNF126,0.1539953104222983
CCDC109A,0.1539753426124197
VASN,0.15397267504807052
SUV39H1,0.15391702163620988
DZIP1,0.15384558188420713
MED10,0.15383391960956125
FHIT,0.1538295965642069
TP53I11,0.15366896288057164
CDK2AP2,0.15366750831964388
MMP3,0.1536011431696658
FAM176A,0.15349970664303103
SLC25A45,0.15346446630729552
PHYH,0.153457175574127
GORASP1,0.15339965747369477
ANKRD28,0.15333060519566463
C2CD4D,0.15326486345232354
C8orf4,0.1532088135517472
LOC283761,0.15318220277018646
NELL2,0.15317017890308415
TK2,0.15313447463380594
TRIM34,0.15312616447340102
OCEL1,0.15311837153609306
MAD2L1,0.15310761726488265
BRPF3,0.15310358067543012
SERPINB6,0.1529930190570385
DAGLA,0.15298057536371734
VWA1,0.15289322694353102
F11R,0.15281273188621528
C17orf68,0.15272215067267814
GDPD2,0.1526992994251807
B3GALNT2,0.15266701688843404
TAF4B,0.15264468091970498
C1orf183,0.1525150865856204
IL20RB,0.15250054423826964
TMEM14A,0.15246145573723435
SIPA1,0.1523972184841258
DRAM1,0.1523892373604818
DUSP14,0.15229008376386488
FBXO16,0.1522660323302123
DLC1,0.1522500554110104
YBX1,0.15224406468184123
METAP1,0.15217551897796935
MTERF,0.15216528854508207
UGT1A4,0.15209684989611405
CLDN9,0.15199312897300996
ZNF737,0.15197187801288883
CRYZ,0.1519330862912009
STARD7,0.1517768444688253
MALL,0.15175937690254013
FOXP4,0.15174820010356094
PSAT1,0.15173084383950938
CYP26A1,0.1516843734746726
PCDHA11,0.15158931292459996
CDC20,0.15150493689557737
SDHAP3,0.15150015446304166
CLEC2L,0.1514568610358641
SLC35A1,0.1514425634233005
GRID2IP,0.15143302213541926
GSDMC,0.15141761687868283
TIMELESS,0.15140590182851482
ADRA1B,0.15137087170839478
FAM109A,0.15134644375447825
CHAC2,0.15129522405367843
CREB3L2,0.15126106812345771
DUOX1,0.1511513265552745
CDC42BPA,0.15114866433355048
EPT1,0.15113922788203746
ProSAPiP1,0.1511153504754658
SLC37A2,0.15109035477997215
TMEM2,0.1509563012930188
SYNCRIP,0.1508472517348057
SLC26A1,0.1508204612560799
MXD1,0.15069119846889104
YWHAQ,0.1506716495048803
BCL11B,0.15066119104752454
ZNF658,0.1506450166972846
COX6B2,0.15061291265497231
ERCC6L,0.15060179384809935
C15orf21,0.15058473440707787
LAMA3,0.1505516062857499
NINJ2,0.15050102476960253
KRT1,0.15048403727424806
BCL2L10,0.15043973171126554
ZCWPW2,0.15042548262741
FAM57A,0.150333519193263
CDK1,0.15030800469943345
RAP1GAP,0.15030067085599486
RNF126P1,0.1502756375975435
CHCHD6,0.15021633119194014
RIPK3,0.15020307062342675
ZMYND12,0.15018930242541964
TRIP13,0.15005112649405744
RAB10,0.14998357689806494
KIAA1467,0.14991362860085122
PNPLA1,0.14991287774448775
RASD1,0.14989870330321678
ZSWIM5,0.149878419523547
CCNA1,0.1498704496065808
LOC145837,0.1498277057414545
SENP1,0.149767797774972
NPL,0.14973005486624616
TMEM219,0.14969943146837586
FZD5,0.1496868491608383
SPERT,0.1495744701609092
CBX6,0.14955430548822013
KBTBD11,0.14952439523772976
MAP3K7,0.14948942853658032
NUP37,0.14940135412399347
C10orf32,0.1493742304244399
WFDC13,0.1493426613360886
SNRPD2,0.149278877523687
IVL,0.14925032020536302
CRELD1,0.14919762715421173
DGKD,0.14910923032607698
GADD45G,0.1490344229773987
C3orf18,0.14896082656154097
C2orf89,0.14886319588018834
SR140,0.14884163156319785
RHPN1,0.14882452268327154
ARFIP1,0.14877111199441728
CLRN3,0.1487274559685152
LOC441455,0.14868325008544453
EPS15L1,0.14863041891232245
C5orf43,0.14856997942999117
CCPG1,0.14855258860706708
CYP4F3,0.1483266052024494
ACHE,0.14823183642944907
CYP4V2,0.14822914118560782
POU3F1,0.14821968536629007
PAEP,0.1481626840132011
LOC400794,0.1481593517826625
HLA-DMA,0.14799057090664816
HOXC8,0.14796411338399923
PRAME,0.14791413874513992
ACMSD,0.14790726495515036
APEX2,0.14781634886385206
ADAM8,0.14779996641278742
TUB,0.14777073180316208
TSPAN3,0.147769831093066
TAPT1,0.14775407322523462
C1orf88,0.14775084181539147
SDC1,0.1477503324958884
ICAM2,0.1476664989909027
CDK2,0.14756483166829704
PCDHA13,0.1473969734523799
SHMT2,0.14736364096817098
LOC728554,0.14733707138782887
SRGAP3,0.14733480840262972
TTF2,0.14726260795727444
LOC606724,0.1472126008524135
FOSL2,0.1471646934836229
OVGP1,0.14712339491427381
UPK3A,0.14709099180621915
PCDHAC1,0.1470506479404548
HNRNPM,0.1470474916844433
MSRA,0.1470076405300424
GNB1L,0.14698887951920656
BCMO1,0.14693834349551238
ZFYVE16,0.146904199016503
CEP97,0.1468690332052498
IGFL4,0.14682029451296189
DECR2,0.14679462644306987
NUP155,0.1466953290470516
WSB1,0.14653342542490672
XPNPEP1,0.1465159373592837
ANTXR2,0.14650737817399692
HTR1D,0.14645618813322997
FAM63A,0.14645482696066536
DTL,0.14634725906993462
DENND1C,0.14630360769062298
MRPS25,0.14629031615750085
ALDH2,0.14622674984886003
SNED1,0.14617723186025716
SMC2,0.14611302349123423
CDK2AP1,0.1460111222016255
C5orf45,0.14600935505388668
IGF1R,0.14599284038856997
DUS3L,0.14589740274035487
IGSF9,0.1458816301905089
C1orf110,0.1458421013993985
GLRX,0.14578871229396734
FDXR,0.14578163521085488
BID,0.14577584405755747
POFUT1,0.14576081561145884
ASL,0.14572130700228186
APOBEC3C,0.1456691642312051
RFTN1,0.14565507154840573
VAV3,0.1456529540052299
COG1,0.14564446331697223
PPP1R2,0.14563733672161977
GPRC5B,0.14563353163422402
HNF4G,0.14549954870063356
ARL6IP6,0.14543123658635387
NEO1,0.14535358668330603
CREB3L1,0.14534476884053912
DENND2D,0.14526263608675974
FLG,0.14525117349954164
FAM105A,0.14524952324911344
WNT7B,0.14513872597007682
CTDSPL2,0.14505327605479212
C2orf55,0.1450238112403531
HSPBAP1,0.14488685679081315
SPHK1,0.1448741592591015
PYROXD2,0.14468508832280025
KLHL30,0.1445904096504956
C17orf72,0.14451959891933808
LRRC26,0.14448801058246036
ALDH4A1,0.1444739077067149
KDM3A,0.14433630805005573
ONECUT1,0.14432377304840877
HS3ST3A1,0.14432332673174292
DAPK1,0.1443077374167314
SPINK13,0.1443045725946958
CXCL17,0.1441550426473173
LFNG,0.1441399697412521
RHOA,0.14411138925528322
RBPJ,0.1440920968022168
FLYWCH1,0.14405803105164403
TMEM194A,0.14397694351073395
ERMP1,0.14395024107618734
CAND1,0.14392837535102396
ESCO2,0.14392269466704355
C2orf67,0.14386751359647396
WTAP,0.14381466717574468
HEMK1,0.1437506430890998
SMARCA1,0.14374080548833865
NECAB3,0.14367293529740366
FAM131A,0.14365776679923412
DNAJB13,0.14357990532778628
TCTEX1D2,0.14348696658242885
MRPL3,0.14348387643116683
IFNAR2,0.14344366711609186
SMURF2,0.14341342096237933
GAS2L1,0.1433948331470185
SLC30A4,0.1433303439843617
RAB38,0.14332234740658195
LHX2,0.14330832175365105
HPGD,0.1432893125978267
PLEKHG3,0.14322495198991356
PPP2R2B,0.14307091829772156
LRRC4,0.14306395031142738
LASS2,0.14306180289213802
TWIST1,0.1430453380574809
LRRC28,0.1430194066596945
UGT1A8,0.14301301127857147
RFK,0.14298581149801387
UNC45A,0.14298133097451618
PDK1,0.14294520902526817
MST1R,0.14290821947450652
RASGRP3,0.1427980003966007
PDLIM1,0.14276017358677992
NEFL,0.14269970324406517
RQCD1,0.14269956215891744
SMC4,0.14265948898962622
FAM117B,0.14255695225554996
DEPDC5,0.14251144832451804
HK1,0.14246976144406331
RARB,0.14240523539409283
VIT,0.14239291577464513
FAM177B,0.14237286037084587
HIST1H3G,0.14222466062645414
FAM98B,0.14216011960841604
LHX5,0.14204700785062205
TFCP2,0.14199817765072908
SCIN,0.14187089762016086
CITED2,0.14181868483806953
CRB3,0.14179335006519223
RP1,0.1417744475539165
SHPRH,0.14175172530461091
FAM83E,0.1416306677628618
ESR1,0.14160657908819294
HDAC2,0.1416041730622117
OR7E91P,0.14150890074552278
LTK,0.14147480640343238
ARX,0.14145488433655035
DUOX2,0.1413935799962678
KIF11,0.14138622187988625
KIAA1486,0.1413717118935229
PLA2G12B,0.1413124032327008
ITPRIP,0.14130753934878584
MUC13,0.1412817388676125
PIF1,0.14115502329961604
AP1M2,0.14114218713136004
CLDN4,0.1411226081401324
TCIRG1,0.14109147057598043
WIZ,0.1410203972347111
CPD,0.14098238079757763
SPRR2C,0.1408910923054748
RARRES3,0.14086778025267957
NR2F6,0.14081810816552034
TMED6,0.14071975293418146
STK33,0.14065306012972864
DUOXA1,0.14065142668824535
CXADR,0.14055996835796855
RGS12,0.14054168754444438
FOSL1,0.1405413504586611
RTTN,0.14053542831886542
FZD4,0.14052839428729028
SERTAD2,0.1404981395881932
ZNF493,0.14037218784333347
TNFSF12,0.1403708013004647
VKORC1L1,0.14035557679803426
GINS1,0.1402659021368951
TTLL6,0.14024887088041116
RBKS,0.1402276190271757
PHLDB3,0.14021979591872186
MRPS36,0.14018949381222842
OAF,0.1400187104829134
SAMD10,0.13995542143644585
NKAIN1,0.1398522197244574
DKFZp434J0226,0.13974456606055913
SEMA3B,0.1397123116507669
HSPB3,0.1396406059294043
AIM1L,0.13963178147812222
HMGB3,0.13961135612787837
CLIC2,0.1396093285186832
PLEKHA9,0.13960526306297577
CFI,0.13955224662092203
EXOSC2,0.1395284884439955
SLC26A10,0.13952744644447787
VSIG1,0.13951443998299623
ELK1,0.13949212219618787
REEP5,0.13941672608961467
ATOH8,0.13941502649844312
TAOK3,0.13940558274003248
MAPKAPK3,0.13936455793916813
TRPA1,0.1393129724857871
KIAA1671,0.1391922036696034
WDR69,0.1391367611670329
EXO1,0.13911950584526797
B4GALNT4,0.139054287618569
QPCT,0.13905355980072034
PIK3R2,0.1388852834585673
LOC254559,0.13886306344616134
LMO4,0.13884274751088946
CLTCL1,0.1387988722894783
ZFYVE9,0.13878899417923823
SCARA3,0.1387871631928001
INCENP,0.13867858216016923
MFI2,0.13860356846615948
KCNJ2,0.13858040568354626
XRCC6,0.13855060808976793
GPR50,0.13851220057689362
SCPEP1,0.1384857081399322
PARD3,0.13847948345557873
RILP,0.13847268668764343
APOBEC3B,0.13844732976608626
DSCC1,0.13843530945027124
ADAL,0.13840502107175548
PVRL2,0.13838738850547497
CNTN5,0.138382295675798
WDR67,0.13819261833993768
ZBTB7C,0.13819076061603736
TOMM40,0.1381689300498845
C20orf70,0.138119347981437
AGT,0.13799677700558274
SH3RF1,0.13798648424049803
NAT1,0.1379029222410199
LEF1,0.13787963767376868
ST6GALNAC1,0.1378752168180442
C11orf75,0.13784407332987186
SLC25A36,0.13784153745632555
PPM1F,0.13770154968946788
STK39,0.13764757474901776
RAB5A,0.13763038617040346
ACOT7,0.13761908849118296
KIF7,0.1375834717581967
EDARADD,0.13751326566211586
SLC36A4,0.1371909495773804
SMAD5OS,0.13715851249664648
ITPKA,0.13705428214281834
ECSIT,0.13696551085627073
JUB,0.13690072755168872
DYX1C1,0.13669592455862362
DUSP6,0.13666276718406029
SUOX,0.13656333212939392
S100A12,0.13655943666996923
C12orf27,0.13648095226591928
C17orf53,0.13646817684376453
SPIRE2,0.13644977840909492
MKRN3,0.13644781206796575
PCDP1,0.1364471456200484
GTSE1,0.13642021507394542
GSTM2,0.13641159551503998
GPR77,0.13636279810214108
FAM105B,0.1362876390274986
C10orf108,0.1362855780241016
CHEK1,0.136283111474071
DOK4,0.13626539597330442
EHHADH,0.13625724331713876
POPDC3,0.13622877537522587
BBOX1,0.13621231520199117
E2F5,0.13618320761801547
SELO,0.13612970343111885
ARMC9,0.13608394687119385
CDCA8,0.1360688229583025
IRF7,0.13606157567008229
KIF18B,0.13605860081374324
ZNF429,0.13596728023671845
MAGI1,0.13593836372887586
RFWD3,0.1358988511591048
NDFIP1,0.13588318611915404
TCF15,0.1358021363320069
CALB1,0.13575266293838822
RPS6KA5,0.13568368795105615
USP39,0.1356513591962398
IPO13,0.135637026853357
SDC4,0.13562681158609005
SNX25,0.13555069878819634
C5orf53,0.13536906656572956
TCF4,0.1353526017898433
SRD5A3,0.13527091177750417
REEP6,0.13518723836537003
FAM132A,0.1351356161787572
TMEM20,0.135101698997635
MAPK10,0.135056202452688
SRF,0.135050409330666
UBE2L3,0.1349826313887543
PARD6B,0.13496007510466004
ESPL1,0.13492703152950178
ACO1,0.1349207828742774
GNPTG,0.13490955519440842
CROT,0.13490212774285804
CDCA2,0.13486306765135228
ATP6V1E1,0.13482673722283658
ATP2B1,0.13482642336245576
NPC2,0.13478655610813908
SYVN1,0.1347635538194581
SDHAP1,0.1347604715303843
DHX9,0.1347375842903141
PGAP3,0.13473182974375314
TLCD1,0.13468853259337019
IQCB1,0.13467288946781894
C9orf68,0.1346437339430891
GPR35,0.1346383993954278
MGC16703,0.13455574145703317
DTNB,0.1345189357139035
LGALS3BP,0.13440191490226341
ROR1,0.13425834336351802
PLAGL2,0.13424742506613804
FLJ42289,0.1341785448910555
ROBLD3,0.13416210245237267
PCBD1,0.13403987709289636
CEP68,0.13400444481667695
TC2N,0.13398235266782088
FAM69B,0.1339741554292979
AMIGO2,0.13394561644014058
SP9,0.13385847791245747
CSNK2A1P,0.1338109330804714
LACTB2,0.133786180104899
S100A11,0.1337269683300906
MAGED2,0.13371147040536485
PKMYT1,0.133644073184934
TFPI2,0.13361106381340002
TNFSF15,0.13360280606120598
CASC4,0.13346734650501887
LPAR5,0.1334546621505807
CLDN7,0.13340731807729667
NDE1,0.13339409521543405
CCNG2,0.13338300054132685
TFAP2C,0.1333252517447525
RPS6KA3,0.1332420373153124
CKMT1B,0.1331790656746473
POLR2H,0.13317649327603198
CEP152,0.1330607330311861
EIF4E3,0.13297604834998364
SHANK2,0.1328302868836191
ELF4,0.13281064234151113
ABHD14B,0.13274663014444515
UNC13D,0.1327214976972901
SIRT1,0.1325779413080536
TH1L,0.13252743294912378
DKK4,0.13235497335288463
ACP6,0.13232252244304962
GPC3,0.13231784852905373
CKLF,0.13227817455153026
TMEM41A,0.1320999867894625
HHIPL2,0.13207762003465762
TMEM154,0.13199538897677665
SMAD3,0.13194587860235119
GUSB,0.1319311894700051
WFDC2,0.13184489976149422
AKR1C1,0.13179438609071564
CCDC40,0.13170795082255465
CCDC103,0.13170394343857733
LAYN,0.13160353862671548
MAGI3,0.13152873935618178
PBK,0.1315247405615167
PAWR,0.13151380243939184
PSEN2,0.131438817633604
DCAKD,0.13143382639558499
KCNG2,0.1314181591649982
PHLDA2,0.13141007284776493
CSF2RA,0.13123213070144432
EIF4EBP1,0.13123073092828186
TEX101,0.13120361671056546
RAD23A,0.13120256013047432
PLA2G12A,0.1311976745232907
TSPAN14,0.13118058888416995
PUS7,0.1311318697751993
IL22RA1,0.1311148328239648
GEFT,0.13110611143044043
POMC,0.13104635820754768
BCL7A,0.13100358236315643
NPM3,0.13099554655455406
RUNDC1,0.13096296067074586
LRRC57,0.13094609595156556
LAD1,0.13094534546677425
PCBD2,0.1309380718908619
FAM177A1,0.13093204788756443
ADCY10,0.1308793677863765
GKAP1,0.1308519237168608
CKAP2L,0.13082926051817176
PKIB,0.1307517004873278
ATRN,0.13074752556675973
GMNN,0.13074518981257277
ZSCAN2,0.13069675856451238
DDX47,0.13064028655020915
EPGN,0.13064011656595792
LUZP6,0.13061555215620066
FAM20B,0.13057706323898366
A2M,0.13056945381904156
KIAA1984,0.13054910365380878
MANEAL,0.13051788192997077
CTSS,0.13050196927435306
MARCKS,0.13049751241386648
APPL2,0.13048154132570375
KIFC3,0.130472298094987
PTPRF,0.13038931690486602
SEC22B,0.13036310962942987
NMD3,0.13034393514118964
SNRPG,0.13031899623654397
CACHD1,0.13028058456986039
LIMD1,0.130246888703922
ARRDC2,0.13014894368090915
KRT19,0.13014385201353176
SLC1A7,0.13012804967414068
ARHGAP28,0.13012425796318286
KLHL32,0.13003240095818266
C11orf93,0.12998727286712228
JAG2,0.1299675184895822
ARF4,0.1299635978161366
LOC113230,0.12995077235211888
ORMDL3,0.12993517655429418
KIF25,0.12984911657986
EDAR,0.12984486565971623
TBX1,0.1297263189929066
VDAC2,0.12972121874801062
NCRNA00160,0.1296657343746572
CTBP2,0.12957130284818955
SPPL3,0.12946537115525014
ZMAT1,0.12937074947636817
ARPC1B,0.12935287782292848
MUCL1,0.1293396284979872
C6orf10,0.12931906714196476
COPS7A,0.1292274529495158
LGALS3,0.1291350598434701
LMOD3,0.12908688431007317
HTR3A,0.12905001551557824
PPM1J,0.1290229595022313
C9orf64,0.1290152009874665
ZNF75D,0.1290011053807688
ZNF672,0.1289269464473607
CNNM1,0.12891640760301545
C1orf127,0.1288778340863878
CXorf57,0.12886990802123774
LOC100128191,0.12885116740909383
SLC5A6,0.12883231056716826
KLHDC9,0.12876440350025706
FAM46A,0.12872893926053472
CYP2W1,0.12872191294397325
SLCO5A1,0.1287181437211703
FADS6,0.12869723035545835
PRKAR1A,0.12866780756925372
TRAF7,0.12864610017221947
FAM113B,0.1286026874659756
OR7C1,0.12855253676895567
ALDOC,0.1284825191257226
FAM54A,0.12847060712570418
RAB21,0.1284520912940804
PPP1R14C,0.12844159062157545
ZNF681,0.1283762817079681
NAA20,0.1283723812621829
GINS4,0.12837235205655026
NGFRAP1,0.12831290636877957
GCNT3,0.12829877997041866
TYSND1,0.1282889007956638
PGPEP1,0.12825578164228355
XPO1,0.12825105197302003
TOM1L1,0.12823687535092645
NOL10,0.1282288210589105
SEMA4G,0.1282282650610159
OSTF1,0.12822372616974845
TRIM16,0.12820764915857483
FLVCR2,0.12817749006779497
LRP8,0.12814161708373017
TRMT6,0.1281317201239845
MLF2,0.1281133226093784
PDCD6IP,0.12810584251217366
PARP4,0.1280933721556802
BAIAP3,0.1279735132848887
DDT,0.1279698429950882
TMPRSS11BNL,0.12795947220596127
NOD1,0.12795791747116064
MICAL2,0.12795348172771867
HMGA1,0.12791490130593092
MTMR14,0.12787560230055522
TANC2,0.1277890678730251
RASSF3,0.12777828577536257
RG9MTD1,0.12776592508098947
SEMA4A,0.12770332654882482
TLX3,0.12766029863986111
P2RX4,0.12758453807155765
KIAA1239,0.12748558749295738
CREG2,0.12741339543329994
ALDH7A1,0.1273789375079436
KLHDC1,0.12730514300118545
EGFL6,0.12728834469922778
SRRD,0.12722374070096676
TMEM50B,0.12719394728278566
C14orf162,0.12718541998443608
KIF18A,0.12714039580467065
UFC1,0.12708257992751393
TEAD4,0.12697581119909296
PRKAB1,0.12697448571278713
C6orf227,0.1269653651282276
DCDC2,0.12693324907798462
KDM2B,0.12692866367829433
KLF2,0.12687432445415883
AHSG,0.1268418858614789
SNRPB,0.12681238666725064
BMF,0.1268028788763064
CST3,0.12676655876646392
?|653553,0.12674320010360796
ATP2A3,0.12672332876585393
SERPINA11,0.12658087824843836
CFB,0.12652340400644246
FOXRED2,0.1265088364847279
TMPRSS4,0.1264621594045924
C8orf31,0.1264428239337835
QTRTD1,0.12641685218722643
NRN1,0.12641097432955337
ZNF365,0.12639583289975856
FBXO17,0.12634344286402563
GOT2,0.1263119473195771
WDR34,0.1262899806368603
ETNK2,0.12628074641532858
GAP43,0.1262688453474922
ZNF239,0.12622519086062794
TGM3,0.12622317938223188
PRPF4,0.12622238719309314
KLHL24,0.12620296793037156
SLC4A2,0.12618250235510545
CASP14,0.12611320176102986
ZFYVE28,0.12603328738232308
MEIS1,0.12600381927671012
MID1,0.12598229216500084
TRPS1,0.1258411520081712
STBD1,0.12581125842792376
CHRNA7,0.12579724457271868
PDK4,0.12575684751804822
FAM64A,0.12574567350527321
CHIA,0.12568757442468412
CCT7,0.12564133148894657
STC2,0.12563774199542585
LOC100216001,0.1255175527231622
TGIF2,0.12550959086925817
C10orf58,0.12549849588724304
SLC9A9,0.12548630242588202
MYO5A,0.12546124091184643
KIF2C,0.12543169601358706
CDT1,0.12542425554282655
PTPN18,0.12541126136127637
BAG4,0.12537621689546538
CARD8,0.12536358894263688
TNS3,0.12535147187292986
LOC154822,0.1253298613396998
PALM3,0.12529905118549453
XBP1,0.1252678916719095
KIT,0.12525727787007976
ZFYVE20,0.1252556484018497
FMNL1,0.12523455047631094
LRCH4,0.12517161098143537
ABI1,0.12516076163802434
FGF11,0.125136729948307
TMEM59,0.12509279594385525
C6orf170,0.12498905618330655
TFCP2L1,0.12490358991101422
CKS1B,0.12489824034229925
DUOXA2,0.12488242681056684
TPI1,0.12487443402040098
LCLAT1,0.1248732699380469
TARS,0.12485813869962395
CAPN9,0.12485406425072519
ARMC3,0.12479744194465683
DEFB126,0.1247540781761736
WWC2,0.12470077667553643
SEC22C,0.12468842463118267
ZNF281,0.1246881900340677
HK2,0.12468760453465802
POLA2,0.1246563685137926
PINK1,0.12460304888700449
MTFMT,0.12459975651080035
LOC440905,0.12457755255427669
SPATA13,0.12457716452711155
CLN3,0.12453576776314593
CTSA,0.1245140661907064
EPHA7,0.12443916384412658
GOLGA7B,0.12443648887124595
TTC22,0.12437050630508936
RIPK4,0.12429316228441847
DLG5,0.12427408033106138
KBTBD6,0.12426624825584738
CMAS,0.12426129111871706
PKN1,0.12425594633242433
MUC5B,0.1242295934946833
DHDPSL,0.12422628090068742
MRPL36,0.1242078684984102
FCGRT,0.12417986533661145
OTOP2,0.12417984318424542
TTC21A,0.12413555241281353
MRPS11,0.1240277566932493
IL17RC,0.12401542342412664
MPP7,0.12399915714138489
ATP8B5P,0.12399159212058766
DNAJC28,0.12396401783133645
PSMD11,0.12396183962940899
PTPRJ,0.12396101851815804
C10orf41,0.12395853955904541
TMC4,0.12394259156147654
NPPC,0.12389789160399249
MYEF2,0.12387123254164076
NME6,0.12384105986202022
XIAP,0.12383386266096177
CCDC48,0.12376556055918958
DNASE1,0.12375659772821633
PPP1R1B,0.1237094418191576
WDR75,0.12363377413833448
LOC151534,0.12361376604302926
C15orf61,0.12353466092668444
ANKK1,0.12352711470825725
PPT2,0.12348253386230561
EDC3,0.12343158812095446
BCL8,0.1234182095668815
TRAK2,0.12339077268908771
ZNF343,0.12338669209333605
EHD3,0.12334302814713147
STK35,0.12327375877221751
XRCC2,0.12316750169377863
TMEM135,0.12309670603298294
EPR1,0.12309313637556142
SDK1,0.1230873863310613
PPP4R4,0.12305659117904143
GNAI1,0.12302927795257235
HNRNPL,0.12302021086749375
CCL26,0.12301704527740709
LOC221710,0.12300882300504443
CMPK1,0.12300453710328015
PLEKHA1,0.12297420685840157
TRMT61B,0.12296816186280321
CA13,0.12290490149319182
GCLC,0.12287251963477058
CKM,0.12286587885498643
PTPRM,0.12284689018347475
C12orf41,0.12282401041192363
SBK1,0.12282320852690325
CLDN20,0.12281529257204102
KIAA0141,0.1227478770137538
CYFIP2,0.12272578840352344
SNORD1C,0.12266791822636605
CCT5,0.12266428881068078
PLEKHG5,0.12261141868658054
PCDHAC2,0.12251207496400592
PSG5,0.12249505900048456
ADAM11,0.12241993785673909
EML6,0.12240175604532189
GSG2,0.12239269288355066
C14orf72,0.1223655774014444
XRCC6BP1,0.12235193759589016
UNC119,0.12229783824723925
SPC24,0.12228482806926134
ZNF280A,0.12215429873651042
CHRNB2,0.12214664643568743
FGA,0.12212590167783986
MEF2D,0.12210034622683788
SAMD4B,0.12208834053396006
SLC2A12,0.12208008232457884
CYB5A,0.12205958416495004
TMEM19,0.12204051482197793
SLC22A3,0.1220246760756744
GPRC5D,0.12190503947827812
MALT1,0.1218411649868224
ZFP2,0.12172082227980029
PDHB,0.12165722476374137
PGAM5,0.12162537282335771
RPF2,0.12161848195178848
FAAH,0.12156263934537521
YPEL2,0.12151687099527708
ENOX2,0.12148771783003853
FICD,0.12141172077223641
ELK4,0.12138803852127478
GLI2,0.12130470615059886
FAM184A,0.12130127956820533
NUDT15,0.12125633917889751
CEACAM1,0.12124809045752713
RGS6,0.12123880123483526
CTSD,0.12117253503530175
ALG1,0.1211047458738056
DEPDC1,0.12109330784425498
BMP5,0.12093582872458916
PKM2,0.12093245080576319
SH3TC2,0.1209146572445785
FAM108B1,0.12090505452542144
BTG1,0.12089641380535629
C1QL4,0.12081490000810753
PPP1R2P3,0.12079284237796202
NR0B2,0.12077339443184508
DYSFIP1,0.12075821013934575
RNASEH1,0.12072250305423089
DDX1,0.12070629078351747
OLFM4,0.12070307453524101
DR1,0.1206869962185796
HDDC2,0.12067535724360165
CST6,0.12061971159227897
SEL1L3,0.12061157458116975
BDH1,0.12060984618860743
TXN2,0.12059444741897336
LONRF2,0.12051918174897694
NUP93,0.12046919800707404
GPR110,0.12046194769020609
TRANK1,0.12038391255790834
GDF15,0.12037259942253759
PI4K2B,0.12032794259274615
CTH,0.12028169406166125
PRIM1,0.12027947970715766
MBL1P,0.12025792937911763
RPL7,0.1202332018674025
NGB,0.12018413099149206
CIRH1A,0.12014481758366069
RSPH1,0.12009057816503564
GSTA4,0.12007893845832841
SLC4A10,0.12003437926746695
TUBA1B,0.11997933348849299
ZDHHC21,0.1199598763896517
HOXA3,0.11990034146536659
EXT2,0.1198814562915018
LOC648691,0.11981982502292811
CXCL16,0.11981407063477646
POLE3,0.11977756477609947
ARHGEF2,0.11976369518911663
GNS,0.11973842681012348
NCCRP1,0.11972531441074827
GPR81,0.11965928213301388
DYNLL1,0.11961459348097411
SDR42E1,0.11959065064785337
GFAP,0.11957184610499455
SYT1,0.11954700026704353
HORMAD2,0.11953465237928501
SOD3,0.11950821733850243
CAD,0.11950395651390981
TNNC1,0.11944238373581549
FAM86D,0.11943814878153436
LOC728758,0.11943197635460523
PRKCI,0.11942211880783782
FAM20A,0.11939377282542128
ZNF460,0.1193386084519595
FBLN1,0.11933059173047862
ALAS1,0.11932149693500199
TFIP11,0.1192556007884037
ARL10,0.1191906093885133
SYPL1,0.11914532732785454
PLP2,0.1190997948127917
TCHH,0.11904656326754154
PRDM16,0.11904275479716785
TMEM50A,0.11903781115546253
SFTA1P,0.1189697720309604
EGFR,0.11895306198382652
VRK2,0.11890615496798265
SIPA1L2,0.11890583547305038
CKMT1A,0.11889006021952526
TMLHE,0.11887833298143023
SSFA2,0.11882073938619814
ERBB2IP,0.11872315605990824
GABRE,0.1187148444455613
TULP1,0.11871105691862334
CCDC30,0.11868732300174674
LOC100129550,0.11864124349883415
RAMP1,0.1186325457351685
C7orf23,0.11862722335673807
VIL1,0.11856651171150757
FAM81B,0.11856502047608672
SSX2IP,0.11855279527323974
BACH2,0.11847314779096071
IMMT,0.11847198307566215
MTMR15,0.11845519555298947
DOPEY2,0.11845108972381038
HSD3B7,0.11839359134508615
FTHL3,0.118355354045566
MB,0.11829427334411513
NFIB,0.11826754431504126
ARID2,0.11823182707479771
LYPLA2P1,0.11819361570415766
PDPN,0.11812289861519497
TMEM44,0.11812090575062718
WDR55,0.11807876873559314
CD47,0.11807587220311883
ZNF543,0.11806849262796978
MAPK11,0.11806579565475807
TRIM59,0.11801682196069892
NOP2,0.11798965274509321
NDC80,0.11794381717774671
PIGM,0.11790793758750645
CASP10,0.11790088804679734
GPR152,0.11787665648969624
SOX13,0.11782943872650485
PTTG1,0.11782802258344713
NOX1,0.11781604608757706
NUBP1,0.11777197798881162
FAM83G,0.11772137051290794
LY6D,0.11769283316456812
EEFSEC,0.11767655183728293
BATF2,0.11767411056618055
MUC16,0.1176497640012067
AKR1B15,0.11758838566606294
UBR1,0.11751846981654569
ZNF763,0.11746689714723439
EPHA1,0.11744735900580466
PCBP4,0.1173850128420735
CYC1,0.11732118487410666
AKNA,0.11727486392413614
CEP76,0.11726357711242155
TRO,0.1172523560257046
MAP2K5,0.11724989641160004
PCSK1,0.11716834788579564
ATP12A,0.11714624980196066
CDH3,0.11713874367564248
NDUFAF4,0.11711420581779747
NUF2,0.11709518814022149
STOX2,0.11704840473870325
TIPIN,0.1170447608780046
STK32C,0.11698263627529361
GMPPB,0.11695026200076408
FARSA,0.11686094706321705
TRIM68,0.11685840868564439
CDC42SE1,0.11685012175966022
NOTCH3,0.11682997317038468
KCNMB2,0.11679961024578582
RNF125,0.11679113450698393
GABPB1,0.11677371217334244
LAT2,0.11675627823225782
RALGPS1,0.11674669801550128
SCNN1A,0.11673944264923836
MET,0.11673554076761933
GFER,0.11672187177766315
NRM,0.116718074730805
KLK8,0.11662126937735431
HDAC11,0.11661139461396385
ATR,0.11661055299960443
CKAP4,0.11660493333296734
CCND3,0.11656134794582722
EXPH5,0.11655421452167745
RBL1,0.11653630176314554
IFITM2,0.11653617742050121
WBP11,0.11647937766520043
RPL39L,0.11641582052470242
CPEB3,0.11640630049372798
PCSK9,0.11639836768064056
LINS1,0.1163933180183356
LRP5,0.11637366043955855
BRIX1,0.11636491249073821
C20orf194,0.1163611331052248
LRP1B,0.1162899915810773
C1orf131,0.11627571742496133
C6orf174,0.1162273684915847
RUNX3,0.1161739958082266
TRNP1,0.11606675937331792
AGR3,0.11599536049188995
C22orf30,0.11597567491950121
SLC3A2,0.11596221288157546
CNTD2,0.1159296078457004
YEATS4,0.11587662595199313
FAM25A,0.1158723233478783
LOC653501,0.11586143044768682
GALNS,0.11579843327058024
LYPD6B,0.11576242835601044
FRAS1,0.11573159153650575
BRIP1,0.11572562788611476
HOXA9,0.11572513412610083
ITIH5L,0.11564813290888505
SCN7A,0.11562715377631995
PITX3,0.11559487977310633
ANKRD20A3,0.11557816084182994
PSMB1,0.1155542973510179
C14orf34,0.11554851330586494
ARHGAP20,0.11551885323034358
SORBS1,0.1155177531688256
C6orf15,0.11551045429725099
MFN2,0.11550132646550744
CALB2,0.1154930930011862
NUDT13,0.11543335118066471
ALG1L,0.11540597310518161
TYRO3,0.11540268264772859
PYCR1,0.11539495897412226
SCARF1,0.1153714115537208
NEK8,0.11527122277253747
MAGEA6,0.11524648686896108
DDAH2,0.11523136818932307
ZNF33A,0.11520744963226347
PMS2L11,0.1151793833127554
LY6G5C,0.11516770265766003
WDHD1,0.11510332397468884
SLCO2A1,0.11507421433688746
ZNF326,0.11505851637726816
ABCD3,0.11503544515269498
SHISA4,0.11495332896174364
AAK1,0.11488582881367702
RASA1,0.11486014922428324
GRM4,0.11484876783265593
ISL2,0.11483827733967841
VMA21,0.11483626418574515
PODXL,0.11482682523255285
HNF1A,0.11479291710538125
TEX264,0.11479013774118357
SNCB,0.11478847957864663
TADA2B,0.11478840667715404
SPATA5L1,0.1146288129541581
C5orf36,0.11455257435214122
TSKU,0.11452216497554715
SLC25A12,0.1145174081352117
MAPRE2,0.11450956980525248
TWF2,0.11447878130156529
HDAC1,0.11446939168087389
GNA15,0.11443661451507148
SEMA3D,0.11442974000259505
NSDHL,0.1143696479686325
C10orf91,0.1143632870574875
C17orf60,0.11432847974268803
TENC1,0.11431895438402663
RBBP8,0.11420958509962072
LRP2BP,0.11418371464658392
NLGN1,0.11417614390715726
PRRG4,0.11412465088470311
NUP153,0.11411756434349833
NXT1,0.11406167883125888
BLVRA,0.11405222338731337
TMEM185B,0.1140018317296012
EIF2A,0.11395256165018601
CACNB1,0.11393338115068373
FAM114A2,0.11391941617316803
HYI,0.11391939413170506
XPNPEP3,0.11387130097314933
LOC286467,0.11384099922882884
NTN1,0.1138157199293982
C9orf103,0.11381302662441083
MXD4,0.11378042517756806
PPAN,0.11376646195035524
PGM5,0.11372062745304289
BIRC3,0.11364615642644252
MTERFD1,0.11363788134382197
TRAF3,0.11363278967054792
LSM4,0.11358595469493493
SPNS2,0.11355928909105223
BOLA3,0.11352865259681426
GLB1,0.11350707649392659
NSMAF,0.11348944168275761
TPI1P2,0.11346923892245322
PAPSS2,0.11345207007983671
GTF3C3,0.11344068723566035
ADORA1,0.11342362171674751
ELP4,0.11339724818154677
TMEM45A,0.11336166026027973
CD3EAP,0.11335400070365081
CCNB1,0.11334437204958468
AEBP2,0.11333541021032806
DLG3,0.1133165680681456
GBX2,0.11330483244414324
CENPI,0.11323900799220732
TAX1BP1,0.11322085675627996
CPNE4,0.11320928670493323
GTF3C5,0.11320167726782714
EIF3J,0.11318983151952001
NOTCH1,0.11317055574188536
TOP1,0.11316537101330522
TAF2,0.1131331285461588
IL17RE,0.11311538427626168
HOXA4,0.1130605549075682
S100P,0.11301857361224994
ALG10,0.11301749248215424
PSRC1,0.11297819171697483
FGD1,0.11297339192657553
UGT2A1,0.1129626063376074
CHSY1,0.11294979851516103
SV2A,0.1129125652008303
MYRIP,0.1128988051256538
FAM150A,0.11289379982986394
CDS1,0.11285772644553241
C1orf198,0.11283291085463634
MRPS12,0.11282600338528456
SLC16A12,0.11280968340890288
IQCA1,0.11279501431038942
LRRC8A,0.11272476337932791
ZBTB46,0.11271123776431602
LPCAT3,0.11270825401204113
OSBPL11,0.11270623024628994
NARG2,0.1127044179938333
SLC1A3,0.11268271451798152
SCEL,0.11265584105258329
TRIM28,0.11255196413265073
LPA,0.11250623545753374
SLC4A11,0.11247744518585236
ZDHHC8,0.11245120512398984
POLR3GL,0.1124329215144888
NOXA1,0.11241615822164897
SUSD1,0.11241282460925517
JOSD1,0.11235396448685742
MCCC1,0.11232630800565899
RNF212,0.11226177143969726
MTMR11,0.11224022274938507
RANBP10,0.11220664031963276
SCAMP4,0.11219499872704163
DKK1,0.11214348198666989
TMEM161B,0.11211159632032686
ANKRD13A,0.11210219557785236
PEX11B,0.11208568106298085
FLJ45445,0.11204081101017913
ST8SIA4,0.1120401259603244
ZNF396,0.11204001885586161
CSF2,0.1119651432174857
SH3RF2,0.11195463287408644
SF3B3,0.1119470704830896
GAK,0.11193849347142652
RSU1,0.11191717941589904
HTR7P1,0.11187015489320604
PARP8,0.11180400703608954
STXBP1,0.11178116189698879
DGUOK,0.11177602787929716
NAV2,0.1116661998922931
IGFALS,0.11161488043896331
SPATA7,0.11157803109156236
TCF19,0.11157277902675285
PRR11,0.11157259860577935
C6orf27,0.11155193539552431
HABP4,0.11153201536878495
SNX30,0.1115006026709865
ST13,0.11148378295683203
KIFC1,0.11145374123233939
CXorf23,0.1114305457490942
C20orf20,0.11142346729535975
R3HDM1,0.11139723512481314
PCDHA12,0.11137549105424498
HPS4,0.11136102051875525
RAB11FIP1,0.1113362663098576
C6orf126,0.11120771278294547
C6orf124,0.1112043422277976
GLB1L3,0.11118818334254837
TXNL4B,0.1111847891807436
NOS1,0.11114853297068614
CBLC,0.11114550531965145
C1orf97,0.11113497017416267
VAMP8,0.11113296854397484
CCRN4L,0.11110374247451289
CEP55,0.11109031747947393
FAM189A2,0.11104856553451056
KIAA1244,0.11102053946200248
CTTNBP2,0.11097808225517462
DHCR7,0.11096329194291614
MRPL4,0.11094831509215093
PPFIA3,0.11094706680637266
TIAM1,0.11092747417741836
KHDRBS2,0.1108601583529264
ABCA5,0.11084346168011837
TOP1P2,0.11080632723189303
BCL9,0.11078284564641555
RTN4IP1,0.11076393940406412
GNG11,0.11075712553614157
PKP3,0.11074798958917317
PSMD7,0.11074100116311497
ANKRD13B,0.110739720094235
CAPN14,0.11069225295239167
TINAGL1,0.11069211385552022
MLLT6,0.11066912050752606
PDE4D,0.11066615597748682
PHLPP1,0.11062522775300253
CRLF2,0.11062464673395225
IL6ST,0.11061888726406054
RASSF1,0.1106160481580804
SSRP1,0.11059291893392893
MYBL2,0.11057300877215107
MTUS1,0.11056926229139971
TMEM161A,0.11056435724637441
SLC12A6,0.1105601928462253
ENG,0.11055861103002727
BDP1,0.11055434674233712
PBLD,0.1105437040570619
CLSTN2,0.11054197248151557
H2AFZ,0.11053300019834829
MANF,0.11051643108526057
C12orf66,0.11049264280798701
KRTAP4-1,0.11048742372210085
AKR7A3,0.11042880054333584
AP3M2,0.11041633663605895
GNG7,0.11039715462465838
HHLA2,0.11038503285992769
TRPM7,0.11035210215110908
TMPRSS11B,0.11033277061304349
EFR3B,0.11033207036289829
FANK1,0.11031871905499381
USP38,0.11030127426183031
GRB14,0.11027053881311252
NRXN1,0.11024494743886094
RIPK2,0.11022643294262523
TBXAS1,0.11021947577812068
BRI3BP,0.11018741928366498
POP1,0.11015020204518845
FAM55C,0.11012268411128423
BOK,0.110103267207912
FOXA1,0.11009648157100572
TMEFF1,0.11006911929597404
CYP2B6,0.11004467029202127
VAMP5,0.1100336919814654
CD99L2,0.11002325310548577
FAM71E2,0.1100047447703784
DMP1,0.10997205267963424
SYT7,0.1099265784105741
TNIP1,0.10992633725155539
UGT1A5,0.10992405230879489
NADK,0.1098786152155383
TRPV3,0.10985358635047822
ESYT2,0.10981741537970989
C7orf68,0.10978811118772688
GYLTL1B,0.1097605344310122
KIF21B,0.10975657386916329
CXorf50B,0.10975155777013101
STAG1,0.10973787366860838
ITGA9,0.1097343065173874
FAM92A1,0.1097271127519198
ARHGAP42,0.10971046584019539
RAVER2,0.10970256387974417
TFPI,0.10964976154020235
MCM10,0.10963273155162809
TRIM16L,0.10962612489095615
FMN1,0.10961810528367363
TPRA1,0.10959308598936503
STK38L,0.10958313402203079
PECAM1,0.10958229067476923
POLA1,0.1095746628208791
TK1,0.10947392109713172
UAP1L1,0.10945152871677605
NCAPD3,0.10943519339592712
OVOL1,0.10942567225360436
TNFSF10,0.10935559380658541
PARD3B,0.10935170851754072
LRRC49,0.10928046459571829
WDR61,0.10926611577166141
KCNA7,0.1092571042758791
CAMSAP1,0.10925190196601227
DTX4,0.1092267181427491
FOXO1,0.10922263034262347
P2RY6,0.10920905988358096
CNO,0.10920069831104517
EIF4A3,0.1091732026793628
CNFN,0.10913568534527987
MTIF2,0.10911390756125629
OXCT1,0.10911213405899808
LRP10,0.10900621191324157
MYCT1,0.10890836011235853
ILF3,0.10886994293148074
GYG2,0.10886191846183844
PTPRQ,0.10885373414870718
ATP5G3,0.10884790947148654
EZH2,0.1088419232881579
DOCK5,0.10883322912473102
PTMS,0.10879816185940105
PLK1S1,0.10879444138690157
NOL12,0.10878383884628803
DHRS7,0.10877328269546219
FAM72D,0.10873996949762993
FBXO5,0.10868452763785881
SLC25A5,0.10865250848356177
SRI,0.10860420062324513
RARS2,0.10858040727010632
SLC38A10,0.10854756340870642
ANAPC5,0.10853728522267614
SPP2,0.10852134717244845
DSG2,0.10849592704720885
CYP4F11,0.1084896774606126
KRR1,0.10847334333545251
FIGNL1,0.108464392167226
FKBP9L,0.10842610993055758
ODF3L1,0.10840891668863407
SFPQ,0.10838389260952729
RGS20,0.10836283046200715
GPN1,0.1083027436210948
CDC6,0.10829857577110542
IL11,0.1082452900476959
RHPN2,0.10823039959761131
KRTCAP2,0.10821564784233935
SKA3,0.10818158712977044
RASSF4,0.10813131459802862
ZNF33B,0.10811685043859455
CGGBP1,0.10811556634455641
GSTM3,0.10807974870965627
RPLP1,0.10806316106964141
HAUS8,0.10806263537237137
SLC18A3,0.10804078775107129
EME1,0.10803134385950384
ANXA9,0.10802566209639929
TUBB,0.10796429973059324
NCAPG,0.10795416113208273
XRCC3,0.10793983152228927
C7orf41,0.10793340599676446
KRBA1,0.1078938639717692
RHOB,0.10788696569497802
SLC39A4,0.10786488670344764
CSAG3,0.10786018023654059
HJURP,0.10782727913906505
MRPS30,0.10781891641177827
GTF2E1,0.10778134840270663
CASP2,0.10776762774932037
C12orf75,0.10775821268099776
CMC1,0.10774778397008487
FLJ42875,0.10764445450584038
NUAK1,0.10760232133040441
ACOT1,0.10760021205845065
SRPRB,0.10759518500852851
SLC43A1,0.1075886547052865
CBARA1,0.10758796163107871
RYR1,0.10757262021772797
GGCX,0.10754249972125172
PDGFD,0.10747497109626103
LHFPL5,0.10746864200002555
DBF4,0.10743529404833664
C14orf19,0.10742325157130891
SRPK3,0.10741941865934643
HPRT1,0.10737397159470707
LOC401093,0.10729258983422614
CCDC107,0.1072719300734825
LYPD6,0.10725453006882685
TTBK2,0.10724972955733161
CAMK1,0.1072408463803309
AMMECR1,0.10723791053867843
MITF,0.10720425628139067
OSCP1,0.10719064127485112
IFNAR1,0.10716528761547968
GSTM4,0.10716041298481396
OR5M11,0.10715229096800982
FOXD3,0.10707970711676865
HRCT1,0.10707257658199179
LOC284551,0.10704214864992968
COL4A3BP,0.1070147358432642
TLR3,0.10698703923481921
KBTBD3,0.1069404086729631
FEN1,0.10694009294423948
EPS8L2,0.10692692350056646
NR2C2AP,0.10686265694757455
ZNF74,0.10686206786433139
ZNF665,0.10683671002465822
ANLN,0.10680865275690833
LCE1E,0.10678815861137336
SYCE1L,0.10677905293885896
ALOX12B,0.10677441711626957
KPNA2,0.10675106785758376
TMEM105,0.10672607332061183
SLC12A2,0.10672294221854087
PLCB2,0.10671984672831769
LINGO2,0.10670887706772834
SEPT10,0.10667855947104475
SEMA4B,0.10667458654852709
XRN1,0.1066475396343208
PHB2,0.1066202457106482
ATXN7,0.1065863309244691
OCIAD1,0.10656133348538416
LCE1B,0.10652429193606364
MTERFD2,0.1065098677447522
GPA33,0.1064730527469972
BOP1,0.10637690040364656
E2F2,0.10636628996743505
MTMR2,0.10634371675146213
C15orf59,0.10633535378315773
IRS4,0.10627547596944416
ZNF367,0.10626526257870644
PECR,0.10625053006939084
KIAA0090,0.1062382081816793
LOC84989,0.10617767864456733
GRAP,0.1061521552722568
TMEM59L,0.10613401436351404
MANBAL,0.10610483934664326
COX5A,0.10610329416934067
COBLL1,0.10609170318745842
FLJ35390,0.1060865543614959
RFC3,0.10605414793768343
WDR62,0.10604008381200697
MSGN1,0.10601707494075428
C2orf71,0.1059831237715643
TMEM41B,0.10591880469899703
CIR1,0.1059109557884861
LOC650368,0.10589728928204252
ENAM,0.10588425832787013
TMEM175,0.10587993515032332
DNAJC22,0.10585178634233583
IDUA,0.10584074682114673
FBXO38,0.1058291635042221
IL1F5,0.10576637410881357
CEACAM5,0.10573981406095777
ARL13B,0.1057071553509781
RTN4R,0.10567517148620609
SLC6A14,0.10564525314885902
TMEM17,0.10564272720162131
OSTBETA,0.10555395749104789
ITGA5,0.10554734734961327
GABRG2,0.10554535099049613
U2AF2,0.10552161211256085
TSPO2,0.10551929836959116
GDAP1,0.10548903041226862
NDRG2,0.10539666675818447
PHACTR3,0.10538087062362028
CMIP,0.10535032995454606
ATPBD4,0.10532574143092337
SFRS9,0.10532076081175289
AKAP2,0.10531443492110856
GPR132,0.10530171362136437
STXBP5L,0.10529742616192887
ZNF467,0.10528144936205003
ALDH16A1,0.1052731948719528
TMEM171,0.10524513063701793
NHEDC2,0.10523311787266178
FES,0.10522503684984312
KRTAP5-2,0.10522498477138609
KRT33B,0.10517296539705291
ADD3,0.10517055689097812
CGNL1,0.10516869878170756
MESP1,0.10516308360997532
FRY,0.10512168749853926
DAGLB,0.10510545556645301
CDK8,0.10497850318018795
KIAA0649,0.1049682111853175
TMEM48,0.10492051455489546
SPNS3,0.1048539192135717
TMEM185A,0.10481070693185761
DYSF,0.10476856502237727
C2orf24,0.10471065586176179
MOBKL2C,0.1046871276962067
IQCE,0.10465878910155677
INSIG2,0.10461941198627503
SQLE,0.1046185678519201
CISD3,0.10460982778325845
AKD1,0.1045417046384896
NPRL2,0.10452647751768486
DPY19L2P1,0.10452043673388171
LIFR,0.10451561421479212
GAL,0.10450185247190355
HIP1,0.1044816737935862
LOC285419,0.10439544262161751
ZNF626,0.10437805706115698
PGRMC2,0.10434403319516165
RUVBL2,0.10432927860939135
NAT10,0.1043167216054204
FAM72B,0.10426053724108308
NAT2,0.10421102135759044
DENND4C,0.10415901236852142
C2orf50,0.10415061138979087
MED27,0.10409685257681639
CUBN,0.10409555718067696
MOBKL1A,0.10408668069158801
TFAP2B,0.1040375680083405
NCAPH2,0.1040050133137848
SPOCK1,0.10398758332452551
ALPPL2,0.10398228966632528
INO80C,0.10393810732190381
B3GNTL1,0.10391194619013715
SECISBP2L,0.1038683211873927
CNIH2,0.10379772921149275
EFNA3,0.10379408882567859
CYP21A2,0.1037902088552024
PALLD,0.10377634868422482
NDUFA9,0.10376752735440485
SHISA3,0.10373152449084394
NFASC,0.10371763189122318
INPP5D,0.10368550940384577
PDCD7,0.1036672746206783
RAB40B,0.10357772638106584
TGS1,0.10356311975475674
KDELC1,0.10354565743465742
GLRX3,0.10353821931133554
DENND4A,0.10344565874313802
CCDC50,0.10343846574929455
C4orf48,0.10341256092901221
TRIM23,0.10340214112305705
AP2A2,0.10339691198805648
UBA6,0.1033819816619644
SGEF,0.10335500785503553
LSM7,0.10334224728918942
C11orf87,0.10332363097968202
FLJ33630,0.10327213468314599
CCDC138,0.10325841090532517
LCMT2,0.10321541680519097
C1orf226,0.10319279555473869
TEKT5,0.103163921098868
TRIM27,0.10315351189350777
NBR1,0.1031521433045528
AP2S1,0.10312021897405252
DUT,0.10311821261762114
ATG3,0.10307008580500492
SPCS3,0.10304756037225941
SLC25A17,0.1030386304936105
C18orf19,0.10301562882474712
ATAD2,0.1028869582297293
PLK4,0.1028645523275539
IL27RA,0.10286303012062235
SH3BP5,0.10286251446064841
KIAA1377,0.10284623080042248
IDH3A,0.10284437290177383
MLKL,0.10282356745307847
ARHGEF17,0.10281736255879129
KRT71,0.10280428085003805
SAMD1,0.10279702801405985
FBXL2,0.10277793064731731
PDE4DIP,0.10268278751483095
H3F3C,0.10266393866415731
AKAP5,0.10265312941912799
H1FX,0.10265277692971352
RHBDF1,0.10263663901409659
RAB30,0.10262939501928794
USP44,0.1026191768580373
IGF2BP3,0.10259372987535277
FAM118A,0.10257887501076596
C2CD2L,0.1025625978244805
DNAH7,0.10255318015267446
YIPF3,0.10254409469909709
HOXD9,0.10254128409218094
BUB1,0.1025221209996789
IFI27L2,0.10250789617725942
CD74,0.10248594571464545
HLA-DQB2,0.10246901606797125
LOC388692,0.10246222829217892
POLR2F,0.10245106950233385
ARHGAP6,0.10241509212010796
IMPACT,0.10237907711482959
PIP4K2A,0.10235032037610212
ZFR,0.10234293800757865
PAPD7,0.10232511237234249
RDH14,0.10230089857466683
AMHR2,0.10229535769721541
EXOC6,0.10228472181998952
TMEM56,0.1022674796409349
PPP3R1,0.10223394993656709
UBE2C,0.10222367793215997
UBE2G1,0.10219419487519647
PAQR9,0.10217494329683409
NEK4,0.10217203258315607
MAGEF1,0.102154281198737
LOC284023,0.10212818648347666
TFG,0.10207293922613309
C6orf35,0.10204894182544662
NIT2,0.1020315231812536
TRDN,0.10202812206801459
PCDH12,0.10197783725980675
MAGEA3,0.10197503907352383
FAM157A,0.10195816551482909
S1PR2,0.10194681100033852
GGTLC2,0.10194629784458974
USP27X,0.10194392651076532
DSE,0.10193786154997812
KIF4A,0.10191314313173522
RAD17,0.10189493376389099
VWA3B,0.10185759403479311
PRKDC,0.10184255704403836
LOC644538,0.10171872703262215
TRIM35,0.10169085367695198
ASF1B,0.10166465968150332
EMP1,0.10155325613935329
UBE2N,0.10150463759648014
DPM1,0.10141138175519455
ARPM1,0.10138732868206761
CENPF,0.10138171190676658
SLC5A2,0.10136704554504644
TSC22D2,0.10130888603587448
LOC646851,0.10129725381597739
SLC6A20,0.10127306852258712
TRAIP,0.10126239448408991
SNHG1,0.10124213852152891
BDH2,0.10119073786140778
ACTR3,0.10116439753277565
C15orf48,0.10115323758827
THUMPD1,0.10110902475974384
YWHAZ,0.10107133818215268
OIT3,0.10104082820268598
SDR16C5,0.10101097676595366
RFC2,0.10100543414474246
GPRIN3,0.10100101133025802
AGPAT6,0.10096467183888055
ANO10,0.10095862447011565
ACOXL,0.10094820070465117
ZXDC,0.10094300887789598
ZNF706,0.10094056286725225
PTS,0.10091174294102251
CD276,0.10083193257038449
PALM2-AKAP2,0.10081726120233873
LOC100126784,0.10078876308781858
THBD,0.10078410707211088
MFSD6L,0.1007508410684992
TNNC2,0.1007424740474835
ENC1,0.10070522146394263
RHOBTB3,0.1006512470627721
LOC100130581,0.1006391082283447
MOBKL1B,0.10063487757859253
TNK2,0.10062312549047737
NAE1,0.10062143292735044
PRR13,0.10060228984621505
SNRPD1,0.10057154568904207
SLC25A23,0.10057092081561536
SERPINA1,0.10055691924863679
DENND3,0.1005232129840329
HOXA7,0.1005031564094004
WDR60,0.10049678671603762
ROBO1,0.10048424207254175
STX1A,0.10046512941925814
RGS5,0.10046205666319766
COLEC11,0.10040036110023874
CAPN1,0.10036042069276539
EZR,0.10032058009095032
KIAA0114,0.10026977579894861
FAM91A1,0.10025738452131326
GDNF,0.10021940513640135
AK3L1,0.10019424453106178
KCNQ1,0.10017443169868752
LANCL1,0.1001726514231522
HLA-DPA1,0.10010330272918913
KIAA1107,0.1000885855207223
ATP5G1,0.1000627364309328
MBNL2,0.10001715652276619
DKFZP686I15217,0.09998474143666945
SFRS3,0.09997235746341533
FLJ46111,0.09994612474348241
TBP,0.09992298479506076
B3GAT1,0.09988809244922069
LAMC2,0.09987098965351693
ADNP,0.09984658928876973
C1orf228,0.09982685101322514
PA2G4,0.09980520131136593
CIITA,0.09980283465759379
KIAA1143,0.09979065990445717
YARS2,0.09978894155409518
OSTalpha,0.09976602974244753
AQP5,0.0997495862130117
FAR1,0.09973264913915124
VTCN1,0.09966332473744567
FAM115C,0.09963108080961523
SCML2,0.09959389057690789
TARBP1,0.0995845417526585
EEPD1,0.0995670368601851
STRBP,0.09954571759510254
SKAP2,0.09954474784728115
EIF4ENIF1,0.09952420512039842
POLD2,0.09951936352415969
PSMA4,0.09949010858623429
WDR5,0.09946729194714336
DUSP8,0.09945757842747245
METTL11B,0.09938791225192256
TRPC6,0.09937191842478531
CDC40,0.09931254808948356
OTUB1,0.09928449783020532
JMJD1C,0.09925138359573908
C14orf105,0.09925083235017654
FSD1,0.09922682245041944
ATP4A,0.0992205766295774
C18orf32,0.09915941888337226
TPST2,0.09913538222135768
FAM83A,0.09909073553621481
PTPN22,0.09908042949933026
SCN9A,0.09903667923346357
C9orf30,0.0990013180320884
C11orf9,0.09896066752219247
FAM18A,0.0989584771363579
BET1,0.09895825826983173
LUC7L2,0.09895547582187414
ALOX5,0.09893968270353137
MIA3,0.09890956996749593
RND1,0.09890176876523248
RNF146,0.09882847566717684
TUBGCP4,0.09882136721096436
PRPSAP1,0.09880525926276779
MMP12,0.09877720466740449
HAGH,0.09875986251033032
MTHFR,0.0987375573781214
C1orf68,0.09871797015090224
UGT2B4,0.09864096245655558
KLHL35,0.09860869993994052
ZNF711,0.09859309424553836
ASPG,0.09858937972540763
HRG,0.09854893241599104
JPH1,0.09854444633420086
ANKFN1,0.09852165759058837
TRIM36,0.09851996546847235
ABHD11,0.09850591197579384
TPST1,0.09849667047881633
MPRIP,0.098468459632472
LOC80054,0.09845815174434501
FAM120B,0.09844704711266415
TAF5,0.09842363734953986
SDHAP2,0.09840050370829893
GPR98,0.09839752355413021
FHOD3,0.09831948319140925
ZNF486,0.09830959855552379
HIST1H2AG,0.0982658452579809
ATXN2,0.09824200619958372
HCN4,0.09821889135363265
MRPL30,0.09819343282898811
STON1,0.09816819167684396
MDFIC,0.09814622483877251
C19orf2,0.09814550312481332
PLEKHF1,0.09803163164684099
FLG2,0.098018266314336
C6orf115,0.0979263674899752
DDX60L,0.09792391939807428
SLC29A1,0.09791807932592214
MGST1,0.09790453087222364
MRPL51,0.09787958387949354
SOHLH1,0.09787135894739496
ULBP1,0.0978478602729723
KSR2,0.09783400695123855
ATP4B,0.09782617454922933
LOC283404,0.09778936115178631
SLC38A1,0.09778464434445154
PCM1,0.09777847180561718
DEPDC1B,0.09775816537474623
FBXO30,0.0977527511527706
C1orf56,0.09772093437211544
PTPRU,0.09769736932657755
ATP13A5,0.09755690246043357
PAX9,0.09753091477714768
PNPT1,0.09748625010710768
WNT16,0.09747935236326914
CTXN3,0.09747321996000047
SLC34A3,0.09745153261776578
CP,0.09743821377038983
YWHAG,0.09742454366742063
EREG,0.0974134392384588
DIAPH1,0.09741056443751397
RNGTT,0.09740158891256234
ZSWIM7,0.09739817163855448
CLCA3P,0.09738044074725234
POLR1D,0.09733699587118484
STIL,0.0973360434799993
DNM3,0.09732319543179783
DCAF17,0.09728343781024608
SFRS2,0.0972591741846217
C7orf57,0.09725802047574013
KCTD11,0.09723823177042377
LOH12CR1,0.09723796681382726
NR2F1,0.0971920216642277
NIPAL1,0.09717598375701518
C8orf42,0.09717534800082082
NME1-NME2,0.09716685070634669
SLC44A1,0.09716099716123218
CACNA2D2,0.09715695682979412
UCN,0.0971566652225409
DNTTIP1,0.09706543087602992
AFF4,0.09705947164733592
HRC,0.09705739004860171
ARHGEF5,0.09701537108838423
SEC22A,0.0970146131058764
IMP3,0.09701160534294363
LOC729176,0.09700273015471877
FRAT1,0.0969760999785374
AADAC,0.09695117185078113
B3GNT8,0.09694753953751578
ZNF671,0.09693455421469475
MAPK1,0.09692300848748714
RAG1AP1,0.09690697891780056
RBM19,0.09688915297235258
C18orf55,0.09688326911715033
WDR4,0.09687713843266413
SP110,0.09686688775618255
NACA2,0.09684253859920057
UNC80,0.09681839209856183
MCF2L2,0.09677249670787563
LEPREL1,0.09671722035198076
IL20RA,0.09670668889908189
KLF4,0.09669537997135007
BCL2L13,0.09666708556985729
CN5H6.4,0.0966395114442795
TBX15,0.0966004861364194
IL17C,0.09658231005411942
ICK,0.09658023886244609
LYPD5,0.09657059635835509
LYPD2,0.09652851648418267
PALB2,0.09640144467477679
RRM2,0.09639108440762995
SLURP1,0.09637670452125223
RPAP1,0.09636571115063525
MIF,0.09632422470308337
CRYBB3,0.09631730188115607
SLC30A9,0.09627452892511175
HSBP1L1,0.09625020271451923
GLS,0.0962293898865527
PSMC2,0.09620276876806397
USP25,0.09618765296475879
OBFC1,0.09617916851383984
TUBD1,0.09617101184507913
LGMN,0.09607886963876919
NLRP10,0.0960334010112402
WRB,0.09601179982345812
RGS7,0.09600274331830971
DLGAP5,0.09596224606455275
SORT1,0.0959567290507701
C17orf50,0.09593301978687302
ETV4,0.09592373660324006
APOBEC3A,0.09590597879198379
APOL1,0.09580934372356104
ARHGAP26,0.09579843834451454
MDFI,0.09577056260088584
ATP1B1,0.09573998907634113
YDJC,0.09572270634865905
LOC440040,0.09564295336189053
ARSI,0.09558561838975087
L1CAM,0.09555609955136819
ZNF792,0.0955287182908684
SNRPN,0.09550266998778385
C4orf33,0.09548927982627359
SEPT6,0.09543176336831526
TSPAN9,0.09542771956249027
MDGA1,0.09535693301496935
ZNF43,0.09530841183746998
FGF9,0.09530229802928904
GNAQ,0.09528921385047165
KIF14,0.09527250489643346
CREB3L4,0.09524903696179725
ANXA5,0.09524419061887857
APBB1IP,0.09524046121307651
SPRY4,0.09523981022026164
ATAD5,0.09522918178610518
NUB1,0.09518694795918956
ALOXE3,0.09517483290293231
MFSD10,0.0951530704879383
SLC17A7,0.09511790028239514
NUP107,0.09505787939992918
COG2,0.09504995319643571
ANKRD42,0.09504898194951772
CAB39,0.09503387444385371
ALPP,0.09502913755600605
SLC38A9,0.09502858441157074
ARHGEF10L,0.09501030252896792
ANKS4B,0.09494095690169163
C17orf46,0.09491519343923323
ARID4A,0.09490230700011434
IGSF1,0.09488572906567523
CENPE,0.09487396150678853
C2orf62,0.09485183009602094
KIF15,0.09484102107827153
AHNAK,0.09480464709265515
C3orf57,0.09479886755412663
PP14571,0.09478836772949117
DHX34,0.0947819705084522
SUSD2,0.09475111615727526
NEIL3,0.09470119119405677
GNA13,0.09468937028677989
S100A13,0.0946828598634516
TFDP1,0.09468247395918253
ORAI2,0.0946807140944407
PRKAG1,0.0946330766777929
PPIL6,0.09460536491508156
AMY2B,0.09458124267290652
EWSR1,0.09455685148701314
LIPT2,0.09453262193117898
SLC33A1,0.09452805026135178
TLE4,0.09448416848950915
KMO,0.09442563216027318
YIPF5,0.09439764627538148
PTPRN2,0.09436207145136835
MYO1D,0.09435954263859332
PANK3,0.09434701763775669
SPRED1,0.09427838702107542
C9orf172,0.09427360323394512
SEMA3E,0.09426332099530704
MSLNL,0.09425135257966238
GSTO1,0.09424477313726988
C12orf34,0.09423656925508442
SLC12A7,0.09419335274797076
SLC25A37,0.09416497062887005
TERF1,0.09416078253958066
HIRA,0.09413762330225328
FANCD2,0.09413409104252017
COL2A1,0.09410837847517299
GLIS3,0.09410028240452122
LOC400759,0.093988604518353
ADAM15,0.09398788525381169
SNX27,0.09395210770256118
CENPQ,0.09394997657280399
MARS,0.09394479472635332
KCNJ14,0.09392842540349465
RIN1,0.09392547371157953
SP100,0.09391523522567033
RHOBTB1,0.09390718109506628
SLC2A13,0.09389722598264154
STARD3NL,0.09386635990430243
GMPPA,0.09386478573553615
CCDC34,0.09384998678002113
C6orf26,0.0938255767203387
AKR1C3,0.09382462835513682
TRIB1,0.09382257326293403
TNNT3,0.09380533452296885
BICD1,0.09379984663946178
TXNIP,0.09376676161305764
RNF130,0.09375948040031627
CHST3,0.09372649639251152
MSC,0.09372618931092291
STX3,0.09372332253993573
GLTPD2,0.09372009714405409
NHP2L1,0.09369846816415191
SPN,0.0936876264936313
OGDHL,0.09364267570532864
ZNF702P,0.09356337754961336
C20orf111,0.09355407208957355
OTUD6B,0.09353518869626055
LRG1,0.09349840966278772
GRHL1,0.0934827568813959
CCDC64B,0.09344298990924281
PLCB4,0.09340272231490179
C12orf23,0.09339016041661431
HIATL1,0.09338983126126844
DEK,0.09335952505024944
SLC25A16,0.09335854879672939
CADM1,0.09335826729142709
FBXO43,0.09332924738587141
UBE2E3,0.09329990907264524
RANGRF,0.09329868491677573
RAB33B,0.09327983762892203
C2orf44,0.09322739230088027
S100A3,0.09322660883963477
ABCF2,0.09321099735415482
ETV3,0.09319667586341998
GPR126,0.09318915925402962
C9orf96,0.09315621964096378
CLIC5,0.09314107835376821
UBA7,0.09313314831846092
POLR1A,0.09312336408866687
SAMD9L,0.09309850262404411
SH3D19,0.09307255874507354
MARK3,0.09306030563929682
TBC1D10A,0.09305427946444021
PYCR2,0.0930396994650877
ARHGEF19,0.09302884824076546
PLEKHA7,0.0930025816194922
FAM3B,0.09297937517655751
LMAN2,0.09296221774102262
SLC26A8,0.09295360834714275
SCCPDH,0.09295359501187196
MRPL35,0.09292002813116923
SEC16A,0.09291912477985415
APLP2,0.0929165767354607
SART3,0.09291462758081298
SERBP1,0.09291141228242414
DDN,0.0929000943468
CATSPERG,0.0928882622326961
C20orf7,0.09287585763181677
H2BFM,0.09286411306585773
CD82,0.09285118887283214
UFM1,0.09284228658242373
C5orf49,0.09283327066422144
TM7SF2,0.09283084571051396
ZNF280C,0.0928234997588062
PXMP4,0.09279629875037927
NF2,0.09279345810661656
TAGLN3,0.09277827189200562
TCHHL1,0.09277241413689047
SHROOM4,0.09275584484571536
MPHOSPH9,0.09274359665558303
FNBP1,0.09269659440817606
IL28RA,0.09269655750613888
AIM1,0.09269159457033257
MASTL,0.09268984196649016
CDAN1,0.0926462956153293
SIX2,0.09263745963177929
C9orf3,0.09263416830334557
PHPT1,0.09262629319769126
HOMER2,0.09261815556230278
TTC23,0.09258339899652322
ST7,0.09257118269238934
DOCK8,0.09246740649917864
CDKN3,0.09246675272455078
PRG2,0.09245763000261766
CCNL1,0.09244732795809144
SBNO1,0.09244201859232871
LOC100101266,0.09241413893547377
CPA2,0.09240908926088766
CARNS1,0.09238643253655104
GPSM3,0.09237519630074321
ALOX12P2,0.09236978539297294
ADAM29,0.09236257486300813
MELK,0.09235624086653922
ADRM1,0.09235618747363988
LOC100129066,0.0922833357176148
CRNN,0.09227286124911689
HOXD8,0.09223010758115512
C10orf118,0.09222883906810443
PCP4,0.09219481344705788
FAM160A1,0.092172713867506
NME3,0.09214995804444176
CACNB3,0.09213949309539401
KLK6,0.09211580067286772
AKTIP,0.09209402472190073
LPCAT2,0.09208505768866361
MAGED4,0.09202972692365848
PCSK1N,0.09198722957711435
GSTP1,0.09198253577799151
PEX5,0.09197809815571974
USP53,0.09196851300177344
IQSEC1,0.09196441861171296
FCHO1,0.09195866778574231
C14orf45,0.09192905281645769
ZNF440,0.0918989362077425
FAM23A,0.09189542126339308
KRT86,0.09188009546815028
SMOX,0.09186332051463547
FLJ43663,0.09185879222814143
PTBP1,0.09183533681029099
FGF2,0.09181679518363503
ISG20L2,0.09181510554781139
C19orf40,0.0917858218942235
VIPR2,0.0917782066163818
PCTP,0.09175819363949345
ACBD5,0.0917080648566022
MINK1,0.0916951997758222
BCL2L1,0.09169458459772364
DPYSL4,0.09165501198346467
RNF208,0.09160864505576059
CSNK1E,0.09160060600795829
C5orf24,0.09159267569827623
S100A9,0.09157736567696342
ASB9,0.09155144352979308
RECQL,0.09152900840845597
NFATC2,0.091498962137353
QRFPR,0.09148462416158158
EPS8,0.0914816994805271
ISOC1,0.09145576296932321
PNPLA7,0.09142595405631357
WDR89,0.09141564823375528
PRIM2,0.09139185347959307
TNS1,0.091348758880374
PSMD8,0.09134126254218808
HLA-H,0.09133376276489436
KCNK2,0.09131663381149321
MIER3,0.09130862891658925
SEPSECS,0.0913077023446761
PLA2G6,0.09130224315419422
ESAM,0.09127959516864208
NDUFB4,0.09127415216103413
PRRT1,0.0912682431702453
CBX2,0.0912678629108276
FKBP1A,0.09119738935834056
OPN3,0.09112771867569595
MYO7A,0.09110892377148738
AAAS,0.09107208877563468
RCCD1,0.09104357218477721
PSMB7,0.09103348661280834
PIGR,0.09101157646459607
TCTA,0.09098628484769263
FAM53B,0.09097094349616462
SLC30A10,0.09094515238466779
SMPD3,0.09090174903992232
XIST,0.09090117143591195
EHD1,0.09087951750145923
UQCRFS1,0.09086751778008537
TSHZ3,0.09086610265377511
PMAIP1,0.09086453190340847
SPACA4,0.09081545094032818
ELAVL1,0.09079065703266935
GGT3P,0.09078204889374454
ZNF540,0.09076664118221789
WDR12,0.09073678409415624
FAM58A,0.09066218290247668
UNC119B,0.09065766643554536
WNT4,0.090634368804717
ZNF320,0.09059482651312618
ADPRHL1,0.0905944497976277
FANCG,0.09058556903761934
TRIM10,0.09057921392421972
SLC7A2,0.09057871792926483
LAMB1,0.09057154470357237
KIAA0232,0.09055529186079657
CARD17,0.0905465416830956
CSNK1D,0.09052589561862315
PRMT3,0.09047500182772089
PSIMCT-1,0.09044592645470394
ZNF608,0.09044334801099545
DNAJB4,0.09041740571910571
C5orf32,0.09040818773940475
VEPH1,0.09039995070245004
RBM14,0.09038025786119044
KANK3,0.09037876628815059
C3orf67,0.09033564417697093
LTV1,0.09033238793127185
FOLH1,0.09032504255402621
PPM1K,0.09024677581453708
ME1,0.09022719907543601
CASP8,0.09019909751226149
ZDHHC5,0.09019049390228225
LRRC6,0.09018679931863226
C9orf85,0.0901865631405616
NIPSNAP1,0.09018408233058696
CAPN12,0.09016107008056969
GPR137B,0.09011817605535212
RRAGB,0.09011552077326537
CIT,0.09010142417211967
CAMK2N1,0.09007777687261397
BMP4,0.09004382479520258
KRTAP19-1,0.08999065350514882
TRIM5,0.08996757382867358
HIAT1,0.0899497515069988
CDH13,0.08993324917209322
SET,0.08991958925080157
SPCS2,0.08991572045033419
EIF5,0.08988116941738833
LOC441204,0.0898808008323505
NAGS,0.0898622109434529
OPHN1,0.089825277233821
GNAZ,0.08981558912648929
MKI67,0.0897763840088213
TNRC6B,0.08975911334437092
PAK1IP1,0.08974296570558556
SLC25A28,0.08973782926925529
NT5C2,0.08973305713468817
GABRP,0.08972888623159407
KIAA1370,0.08972227931823853
CHAD,0.08970148189807559
SEC31A,0.08969279055094558
FAM82A1,0.08968127944429027
FBLN5,0.0896294871214015
IFFO2,0.08962461657822648
USP54,0.08959691046647182
CCNE1,0.08954852329265191
MGP,0.0895470530515742
PRSS12,0.0895208784240828
PDE9A,0.08951446600234543
ZNF214,0.08950180246721517
PTPRB,0.08947945059213516
C15orf40,0.08946845186575347
FMO4,0.08946752075949686
PDCD2,0.08940714417631636
KLK5,0.08936813745470339
NUMBL,0.08935734906199667
FAM72A,0.08932555963985399
FZR1,0.08928010682945087
IFT122,0.08927651264263756
CPAMD8,0.08924685633904889
CYP8B1,0.08923964710437095
FGD4,0.0892333952617724
LOC100131726,0.08921989726705416
LAMB2,0.08921735383993694
CYTH3,0.08920055075306393
SNRPF,0.08917429429360642
GATA5,0.08917315601741603
NHLRC3,0.08915837669142077
DDX12,0.08914788277147431
HLA-DMB,0.08909263792863087
CASP4,0.08904709414305421
SAMD11,0.08903970812543788
C12orf72,0.08900926089993552
MGC57346,0.08900070489941674
SLC10A5,0.08896368789969968
SPATS2,0.08895425390880855
TPRKB,0.08893363721077481
P2RY14,0.08892827968600303
SP6,0.08890940155009407
TMEM98,0.08888569964067236
PCSK4,0.0888812539277433
TUBB3,0.08880641539596627
AMD1,0.08879228633183804
ZBTB42,0.08877994054901807
IRX6,0.0887783131909044
C1orf162,0.0887719828568778
ANKHD1-EIF4EBP3,0.08876303545111533
CLNS1A,0.08873837744819726
NCRNA00081,0.08867593915783864
FER1L6,0.0886599672486235
LOC154761,0.08863899283183103
MAGED4B,0.08862185367916878
C1orf111,0.08861439051992649
CEP63,0.08859262651392963
RPP25,0.08856312016578576
CTPS2,0.08856291723089198
APOBEC1,0.0885522853652058
MAL2,0.08852245472966556
GPR63,0.08848458722425988
TSPAN18,0.08848203035476498
ANXA1,0.08847571183078594
SIRT4,0.08846531324236556
C16orf13,0.0884382815836404
ENTPD7,0.08840350613341576
TRIM31,0.08838605139968832
VPS4B,0.08836241859898332
SPCS1,0.08835195787321992
SLC4A3,0.08833026561547407
ASPM,0.0883291840965528
SHISA7,0.08831794495972896
C1orf21,0.08826770383346741
TUFT1,0.08824300162348163
FXYD4,0.08821451060507435
NEIL1,0.08818713883773828
EIF5AL1,0.08818157638246484
GREB1L,0.088159768546862
C11orf84,0.08814810697244384
CD40LG,0.08812289846933327
VAV2,0.08811511913183528
CLASP1,0.08811081695840664
INHBE,0.08810835776047332
VLDLR,0.08810232286030761
PIK3C2G,0.08810203716672155
WSB2,0.08809780473595569
SLC15A1,0.08808178460736327
ZNF444,0.08807453589180851
ZNF382,0.08801798709863817
LOC100101938,0.08801399983613947
SLC25A1,0.08796274661355705
NPTXR,0.08793195065261317
OSBPL9,0.08791893318051967
EPAS1,0.08791829415535905
TGFBR3,0.08791437828424091
TXNDC15,0.08790840184591178
ELF3,0.08789319925118612
DRD2,0.08787865267657166
DPYD,0.08786837380398842
C10orf68,0.08786110376281095
ZNF473,0.08783856879105024
LOC648740,0.08782760239914918
MED7,0.0878129330335501
C6orf176,0.0878080862123878
C7orf59,0.0877988056324638
DCAF15,0.08779872354205727
DOCK10,0.08779448990261267
ITGB5,0.08777089740395137
HOXC6,0.08772655178112945
C1orf229,0.08772594007087253
TSC2,0.08772289220027857
RPUSD2,0.08770923520485115
CKAP5,0.08770492255477577
ATG7,0.08767444178224243
CDR2,0.0876718450772445
CORO7,0.0876665080541349
C20orf197,0.08764616395332706
FAM164C,0.08764522832264866
DAAM2,0.08762787375640571
SHISA9,0.08759731797694668
PFKM,0.08754639638483062
XKR6,0.08754305899436592
RRP7A,0.08751885319924328
FGF18,0.08751158555228096
SPRY1,0.08749062643402572
BPNT1,0.08746726585443612
KIAA0247,0.0874301284865669
ZNF148,0.08742944133466676
SLC30A5,0.08742537680600154
PPP1R12B,0.08742096653806926
AKAP6,0.08741944601127208
TIAF1,0.08741670315558775
PLDN,0.08741440840840041
TMOD1,0.08739486922695364
ASRGL1,0.08737546342529802
F8,0.08736691397770786
TRPM8,0.08735576328341987
GMIP,0.08735387139957886
TAB1,0.08734878001907105
PORCN,0.08732476640005789
MORN4,0.08731772481098177
FLT4,0.08729572378472554
C1orf105,0.08728400263562171
DGCR6L,0.08726976095671843
AIFM2,0.08724656738449102
RYBP,0.08722158281185867
ICAM4,0.08720343549930429
C16orf93,0.08719099001741903
SLC19A2,0.08717798365997563
CELF4,0.08716903411860158
CCDC59,0.08712909164942514
CRLF1,0.08710488352181613
ASCC2,0.0870892724876695
MIOX,0.08706657836960975
MRC1,0.08704491803999508
ACD,0.08704155005402198
NKX6-1,0.08703768187724814
C15orf54,0.08703183768771677
LOC442421,0.08702585775083767
CLDN2,0.08702170696787256
POLK,0.08701073924333434
DPH3B,0.08700437873296471
LIG1,0.0870016026679387
RBM9,0.0870011973999316
C3orf43,0.08699599943805066
CEP78,0.08697633264665904
C10orf11,0.0869726119049968
BEND7,0.08694280791634913
CATSPERB,0.08693687437046976
HLA-DRB1,0.08689708910762488
ANKRD27,0.08689632724712075
PKP2,0.0868859719581728
PSME3,0.08688168022527547
VPS13C,0.08687748121339878
BCAS4,0.08686767552814241
C1GALT1,0.08684999051814095
CADM4,0.08684099818967768
DIRAS2,0.08682179331412028
ZBTB10,0.08681763947327903
ADC,0.08680958216001804
ITGB2,0.08677783485540905
SAMD12,0.08677452405427306
TRMT12,0.08675158615905128
ERN1,0.08673908515947541
VSX1,0.08673097366504971
NKRF,0.08669800071424898
SLC25A20,0.08669167825245118
IRX2,0.08666708774333266
TM4SF18,0.0866206364574102
HSF2,0.08660730341753543
FAM71F1,0.08659444496078646
DNAJC6,0.08658973833257448
C2CD2,0.08658825257863749
RAB3B,0.08655892397178172
TMEM39B,0.08654838293171636
CCDC51,0.08654357689906428
CDK16,0.08651579234505816
FBXO32,0.0865125106013649
CXCL6,0.08650771591277943
CMTM3,0.08648569124264341
BANF1,0.0864732445897284
AURKA,0.08646871545970615
GTPBP3,0.08644964797351168
AUTS2,0.08644426460437421
PRRT4,0.08644300929609412
CCL23,0.0864331650098503
LYPLA2,0.08642756601550987
MEX3C,0.08641258565825662
SLC41A3,0.08639754715154034
DYNLT3,0.08639119537945289
FLJ44635,0.08637662112731813
HLA-DRA,0.08637462611406951
MBD4,0.08637077663513208
STMN1,0.08634208444718654
ZNF578,0.08633343236213857
HES6,0.0862966230695055
DSCAML1,0.0862954362909403
LOC388796,0.08628320430823895
CDA,0.08627548617520477
TNXB,0.08625172812811165
BEND6,0.08624283274102491
SGPP2,0.08623463145253607
SYT12,0.08621233410511855
SLC22A23,0.08619956077597966
ASB14,0.08618243603218924
RPS27A,0.08616370103605564
RECQL4,0.08612684818962638
KIAA1462,0.08609137018154618
PSMG1,0.08608719700648435
LUZP1,0.08606802651683926
C15orf29,0.0860466659130434
GPR158,0.08603328262102039
BANK1,0.086031116521553
PLXNB1,0.08600525833625504
MAP3K13,0.08600508076237921
CHD1,0.08599357951440229
ARHGEF15,0.08596937227465906
SLU7,0.08595197085185498
FLJ39582,0.08594220541257033
SMPD4,0.08593916102621044
MPP5,0.08593643351012117
SIAE,0.08593557417478825
AMY2A,0.0859346881577081
DNAJC1,0.08592987128140868
TCEAL1,0.08592482428498585
RRBP1,0.08591796153236252
TPM4,0.08590493486406597
MKI67IP,0.08589906927583722
BMP3,0.08589641552439682
CLIP2,0.08587207676610134
COX18,0.08586117555532687
SEC24C,0.0858545356042185
GXYLT1,0.08582975940567923
SLC16A3,0.08582251610523035
BCAS1,0.08582230436674963
TFAP4,0.08582050075038203
DIAPH3,0.08579861812328166
TIMP1,0.08578976488807104
HPGDS,0.08578266995077137
CNTNAP5,0.08578241204865114
AFG3L2,0.08578141105763772
CPLX1,0.08573328986809924
C3orf65,0.08572549715982915
PTGER2,0.08572492580217797
ITSN2,0.08566434461297999
VANGL1,0.08563545518852599
RBPMS2,0.08563295712782765
SNTB2,0.08562910974292447
S100A16,0.08559653387976834
PAR-SN,0.08553803841099512
SLC35C1,0.0855212535346425
MTL5,0.08548515586942139
C13orf29,0.08546648504370064
C1QL3,0.08545107512260208
NR5A2,0.08545071939242088
SSBP2,0.08544915141458247
ACAA1,0.08544624457477898
SHFM1,0.08543467602922496
IPCEF1,0.08542691596407519
TOM1,0.0854246574854337
HLA-DQB1,0.08541437513533008
FAM110A,0.085395010266966
TMCC3,0.08539389023902293
DALRD3,0.08537632195728748
CCT2,0.08535172422800165
CNOT3,0.08529855429485009
EPS8L3,0.08518520547093258
IL13RA1,0.08515285967707985
SEC23IP,0.08512718265820111
SAFB,0.08509995795132917
PDHX,0.08509744951888495
TMEM109,0.08508896145999538
EYA3,0.08505322340153605
LDB1,0.08504622366507199
CCDC77,0.0850408135141807
CENPL,0.08501755898740311
UCHL1,0.08501177699712884
C22orf31,0.08500458828321295
PHYHD1,0.08498051673377911
GALNT4,0.0849692200411992
ACY1,0.08495766594176311
TMEM170B,0.08494262026432219
ITGA1,0.08493672039147085
EFHD1,0.08493414494192973
LY6K,0.08493022795765226
GDF5,0.08491705577768847
DFNA5,0.08490986495225135
LGR5,0.08490325753063861
ERN2,0.08489984771477317
ALMS1,0.08489412213053937
STAT4,0.0848835204350342
INHA,0.08488172525219422
STRN,0.08488079653510489
RBM43,0.08487645791164398
SGSH,0.08486220694022675
PARP11,0.08484216383950191
JAKMIP3,0.08483667403011856
ZBTB5,0.08481118732231306
TSPAN7,0.08478155794186291
LOC728855,0.08477895392065453
STARD8,0.08477697892079798
TBC1D7,0.0847766957953227
HLA-DPB1,0.08474701046081555
SPATA6,0.08474369616694559
TMEM39A,0.08474187157089542
TMEM167A,0.08472824315921458
WIPF3,0.08472554457508419
IDH3B,0.08471203414842429
KDM3B,0.08467197065012468
KDM4A,0.08466688425878337
GUCY1B2,0.08466252045896099
ATG5,0.08463803817638738
SELPLG,0.08462986419807311
ARPC1A,0.0846173456478216
PSPH,0.08460338118457088
FAM189B,0.08459341421182062
SPINK5,0.08457880731463623
SLC10A7,0.08456798328593641
MPV17L2,0.08456369270048711
KLK7,0.08452087935203609
CCDC108,0.08451236859541508
DACT2,0.0845020004254269
CUL1,0.08449153436062967
SERPINB1,0.084487156042886
IL20,0.08446218525429684
WNT11,0.08445352802510404
CBFA2T2,0.08441747969779763
RFPL1,0.08440287745651821
CCDC21,0.08437737181946048
TKT,0.08437718681736155
MAGEA1,0.08437176187703403
KCTD12,0.08437026286094813
IVNS1ABP,0.08436386429004976
HCG18,0.08433803974955899
AGRP,0.08433708412447646
ZNF860,0.08433508675337051
POMT1,0.08432651428679948
S1PR4,0.08431907111344027
FOXK1,0.08429756037120108
HOXC11,0.08429449694033173
SLC17A5,0.084282125246613
ST8SIA2,0.08425036544552701
STX6,0.08422290551615362
OVOL2,0.08421641520804635
PPM1M,0.08420065909775826
MLLT3,0.08416721983782735
ZC3H7A,0.08415250580650738
CD93,0.08414718104821889
CES1,0.08414453158869119
OSBPL6,0.08410513619774998
STX18,0.08410223491240659
POLR3B,0.08409896044267887
KIAA1409,0.08408372703047236
LRIG3,0.08408139574790982
CNKSR1,0.08407622929765206
CANT1,0.08407566039635656
HPDL,0.08405432371066343
INPP4B,0.08397270156617273
C12orf74,0.08397040575999197
HIST1H4E,0.08396452863592092
LRIT2,0.08395347212914073
C13orf34,0.08395156317321732
MYO1C,0.08394001024454976
PSMA7,0.08392210485537117
CAV2,0.08391120955525604
TRPV6,0.08389365884814723
C9orf4,0.08389182330498719
GSK3A,0.08388156632563659
PDRG1,0.08387446323324585
ABCA3,0.08387054075269124
AGXT2L2,0.08386325750211403
C3orf63,0.0838440675963369
KIF20A,0.08381742789200375
HS6ST2,0.08379082406575708
COX11,0.08377661525923646
PI15,0.08376415172621028
PALMD,0.08376060479374559
POM121,0.08373965520742545
TBC1D12,0.08368092685463886
CCL15,0.08365454434470532
SLC39A14,0.08364517280702924
RPS27L,0.08361170779033746
LOC284900,0.08358974690504377
CHST2,0.08357730191567936
CREBL2,0.0835597651530454
TMEM189-UBE2V1,0.08355501972212259
PLA2G3,0.08354906206155938
SNHG4,0.0835293778083866
ACTN4,0.08351016492638326
VDR,0.08349521246086236
OSBPL7,0.08349002486615074
H2AFX,0.08346809225575098
ZNF117,0.08345054809099507
PITPNM1,0.08344923429555594
GIPR,0.08344677288827465
PRODH,0.08343090500213501
GBP3,0.08341715097865161
PSMC3IP,0.08339100050770736
MAF,0.08337565067318471
RTN3,0.08336694387951375
KDELR3,0.08335628684196328
HSD17B6,0.08334860681660136
KLHL25,0.08333376299211932
SERPINB10,0.08332042919815748
WDR78,0.08327612838028106
C4orf32,0.08327429494477495
ZMYND19,0.08326949130885851
C16orf70,0.08326173172951677
FAM40B,0.08326087533418419
RGNEF,0.08323319606720084
TBKBP1,0.08320427941270402
RAB37,0.08317434361056451
TMEM38B,0.08316428392782677
DVL2,0.08314804823528048
ZMIZ2,0.08314761635553339
DNAJB6,0.08314442495869209
ACAA2,0.0831418900094766
IGSF22,0.08312429766198336
CBWD3,0.08308871494709252
FAM81A,0.08308238987104795
ID2B,0.08307832404042986
AP1B1,0.08307322468666603
SIN3A,0.08304661960546461
ERC2,0.08301981528346855
CALCOCO2,0.08301903347806847
AFF1,0.08300740860289986
REN,0.08300425295057202
C20orf141,0.08299025868435456
KISS1R,0.0829878554179659
PLA1A,0.08296929295681209
TFF1,0.08296777899776549
FARSB,0.08293767469046505
C11orf49,0.08293436296736913
KLHDC2,0.08293001224266656
GPR115,0.08292028864763856
C1orf57,0.08290282896340669
MRPL42,0.0828900816288734
TNPO3,0.08288507298663447
SSR4,0.08288489026414014
SFXN1,0.08288124912582676
HSD17B10,0.0828637673373706
HIF1A,0.08283476825148742
MAMSTR,0.08279707672475523
TRIM15,0.0827936507107398
TM4SF19,0.08278309381998356
AGFG2,0.08272903920394975
CLEC16A,0.08269845655677228
SLC46A3,0.08264544722698745
TFF3,0.08262378031024924
EPHX3,0.0826048976434013
FAM125B,0.08260409461962182
C10orf2,0.08256014246157695
ASAP1,0.08255381212259025
C6orf97,0.08252207809427255
IRAK4,0.08251761888470757
CDH5,0.08249991655716542
ZWINT,0.08249601279757246
LYL1,0.08247448734952414
KAZALD1,0.08246626507617945
LPHN1,0.08237692867334324
LNP1,0.08236281610205136
AQP3,0.08235380675420159
STRADB,0.08233005712146224
FUT3,0.08231283416502358
KIAA1468,0.08228299231294989
CLCN1,0.08227307155928797
NDFIP2,0.08224667223161347
ASGR1,0.08223148837679334
HRASLS,0.08218088080629264
SNRPA,0.08217334625517897
VAMP2,0.08214160391551484
IL3RA,0.08213029343812797
WDR25,0.08212029423430674
SMAD7,0.08211156722110409
C5orf56,0.0821077287305714
ZW10,0.08208871245790979
SETBP1,0.0820870393011426
PDLIM4,0.08207903788050738
ADAP1,0.0820770108054574
SARS2,0.08207693554716056
MORC2,0.08206210215874192
C2orf58,0.08205680768424553
DAP,0.08205130494431871
C2orf66,0.08202873253077686
IKBKAP,0.08202223445995915
FGG,0.08199734094369956
ANXA2,0.08199096993750946
QRICH1,0.08198891975566647
MXRA7,0.08197854975243972
PWWP2B,0.08195167041227078
UHRF1,0.08194668112733837
C4orf52,0.08194637664993706
RASL12,0.08191982058402926
LOC729668,0.08191209708415899
MOAP1,0.08190596218041074
OSBPL10,0.0819035119793843
LOC100134868,0.08189386042103831
BCHE,0.08188502849647501
CNNM3,0.08186732727794971
NKX3-2,0.08185160459568062
MRPL37,0.08183449254987853
PIAS4,0.08182984611498115
SERPINE1,0.08182710200144344
MFNG,0.0817781814731075
ERP27,0.08176209378041453
C18orf10,0.08174178845926632
DGCR14,0.08173430871737208
HIST1H2AH,0.0817200202963602
CLCNKB,0.08168960098300199
ACSS1,0.08165877390527847
AAGAB,0.0816564896830046
ABCB6,0.08163380305225934
KDM5D,0.08162804259713291
NFATC4,0.08162736351155876
GPR172B,0.08162629842274699
GNG4,0.08162393807644465
ST7L,0.08161373935401649
LOC285033,0.08159402620422765
ALOX15B,0.08159397670536982
ZNF91,0.08158542896589942
NCOR2,0.08157003537034332
PHLDB1,0.08156886006474123
BCL6,0.08154738314657918
GUCA1A,0.08154453431233269
EFTUD2,0.08154243029857491
RPS17,0.08149949724258078
WDR6,0.08149940506761666
LOC339674,0.08148566680014538
SHC2,0.08148016320664665
CCDC159,0.08145146127616305
EIF3K,0.08143830659918971
ARID3B,0.08143339373154483
NEURL,0.08142999187625675
PDE4C,0.08142982317336152
ETV2,0.08140525729949222
B3GALT5,0.08140053407166081
BRCC3,0.08139688651882979
GGPS1,0.08137898506258981
HDX,0.0813593062290576
MAP4K2,0.08135789827877236
RASSF2,0.0813527974847032
HNF4A,0.08132646670923278
SMPDL3A,0.08130360469774499
TBRG4,0.08124600179852134
C1orf156,0.08122208025531341
PHF12,0.08121085444795079
LOC144438,0.08115760936161097
B4GALT6,0.08115536427616332
DIO1,0.08110903882370725
MSRB2,0.08108802278858296
PTPN13,0.08107175184468302
C12orf70,0.08105058956464047
UMODL1,0.08100765431339314
LOC284100,0.08100451554840972
IFT140,0.08095220335956023
DNAJC10,0.08094467870115062
CXXC4,0.08091430507640336
WDR70,0.08090337639834363
PTPN9,0.08089351680847942
C6orf62,0.08088439406962102
ABCB4,0.0808745567136876
DHX33,0.08086613320081812
MT1A,0.08086598265687915
STAMBP,0.08082523877883192
C7orf46,0.08081613640601279
C19orf10,0.08081311217845392
ABR,0.08080740748411187
PAK6,0.08080463272299052
SLC6A3,0.080798783253755
RNF170,0.08077147273062228
GIMAP1,0.08075088469045781
NCL,0.08074162961000689
SORD,0.08072941984388972
NTF3,0.08072853338154719
HOMER3,0.08072798070741674
TPK1,0.08071862255606795
RAPGEF3,0.08070530740207553
GRAPL,0.08068070013314024
TMEM9,0.08067069935954721
TOP1MT,0.08065868997007591
CBR3,0.08065239485313995
VTN,0.08065229077236455
PHF13,0.08065067758709764
MLF1,0.08062793546725618
IL1F8,0.08060048864143415
EFCAB5,0.08059420486377872
FAM171B,0.08059037111183186
UBTD1,0.08057557968318402
VEZT,0.08054772513539461
NIP7,0.08054481505464917
RALGAPA2,0.0805239370228161
S100A6,0.0805176238586109
FBXL17,0.0805120300747516
KNTC1,0.08050923954429924
LCN10,0.0805050748188641
FOXF2,0.08050024363011386
ANKS1B,0.08049704721119783
CCDC19,0.08049602360787597
LTBR,0.08047672519797977
GK,0.08047664984321673
SNRNP40,0.08044980038024888
CXADRP2,0.0804431494294022
S100A4,0.0804261239160867
CHRFAM7A,0.08040538152347411
CCNF,0.08039370489228778
SGOL1,0.08037279188010801
LOC647946,0.08036051044168
E2F4,0.08034015174393072
GOLGA2B,0.08033494709789121
MAGEA5,0.08032769708420917
GCSH,0.08031405864314244
FUK,0.08031091951097687
NOS2,0.08030430139587326
CHIC2,0.08029955841654626
KCNA3,0.08029302628286991
ORC3L,0.08028390656209618
GPX1,0.08026085480052098
FLJ23867,0.08025126845974663
INSL4,0.08020907231926572
LPAR6,0.08020389229933406
TP53TG1,0.08017130248091994
FERMT2,0.080148565739876
NNMT,0.08014758667357644
UPK3BL,0.08013398534930438
GPR137C,0.08013339530329328
TIGD4,0.08008739213341518
ZNF57,0.08007015208884864
UCP2,0.08006962618227816
SOX5,0.08006671431506171
ZNF610,0.08003716653312352
CDV3,0.0800355666724589
MFAP2,0.0799714019946724
GNAI2,0.07996673999144095
BDNF,0.07994675737540262
GCOM1,0.07994319431358178
ST6GALNAC4,0.07993876705800032
PDCD5,0.0799096350808488
CPOX,0.07990430048272446
VPS11,0.0798947278002204
GPR64,0.07988694534060323
LEPROTL1,0.07987652310241435
NDUFAF2,0.07986697420545566
RNF8,0.079855402615588
WDR77,0.07985356177886617
SH3TC1,0.07983119099855333
GLIS2,0.07981764655415574
REEP3,0.07981401289444602
DNAH17,0.07979333665526595
LMO1,0.07979319103539066
KIAA1609,0.07977196426966664
PL-5283,0.07971130045877518
FOXD2,0.07970964912802177
NAV1,0.07968729124311902
RAD21,0.07968606505557622
HIST1H3C,0.07965071930418632
G3BP1,0.07965070220961463
MDK,0.07964994675048322
SLC7A7,0.07964149310321068
ZMYND10,0.07963986449694019
RPS4Y1,0.07956049114939368
ALOX5AP,0.07955785877645762
SPATS2L,0.07953805487735797
HMGCR,0.07950975762920136
KL,0.07950370478702701
TNFRSF18,0.07949197212389249
TOP1P1,0.07948951227463932
ALAD,0.07946801048999091
HESRG,0.07940410057724306
KIF3C,0.07936890797002165
IL32,0.07936357081165495
LASS6,0.07935336161013298
PPME1,0.07934684021414033
PTP4A1,0.07934456729249391
SGOL2,0.07932215219533857
ADAMTSL2,0.07932148286520765
GCLM,0.07931877120737439
NCAPG2,0.07930014832843033
C2,0.07929256146410561
EIF4H,0.07927456948199584
CSNK2A2,0.07924492814453493
MARK4,0.07923485809748908
SOX6,0.07920620196170963
IDS,0.07916436594519694
FILIP1,0.07915882170148524
C8orf34,0.07913854244465438
SLC30A7,0.0791227757280889
STOML2,0.0791079650637496
PMS2L1,0.07910344964577351
ZNF491,0.07909425876706165
PDZD7,0.07907875734277373
LIN9,0.0790759427767908
PRKCZ,0.07905577670139209
SALL2,0.07903180587918347
ZNF384,0.07903144950293117
OLR1,0.07901575991647775
RIOK3,0.078986426205107
CELSR3,0.07898378151664064
C14orf37,0.0789768613962466
SCTR,0.07894551045201305
CCT6A,0.07893987569317501
ORM2,0.07892661390357318
C16orf80,0.07892630752917178
FLJ37453,0.07892246761998477
WDR54,0.07887508747441424
BAALC,0.07886625225653711
C15orf44,0.07885309389773938
MSI2,0.07884862737324815
RAB6B,0.07883136673364331
CTSZ,0.07882449581263697
THOP1,0.0788220876108081
MTMR7,0.07881684462252388
USP43,0.07878936501923244
GLCCI1,0.07878132670259132
WNT3,0.0787748675085294
ADAP2,0.07877317377070765
ZNF652,0.07873828806711672
SULT1A1,0.07872958637903373
MGC2752,0.07871775977023794
MMP14,0.07871140339578415
TSEN15,0.07870655497702718
EVI5,0.07869925679345863
WIPI1,0.07868453256741226
MMADHC,0.07865095324385293
CRBN,0.07864654401332181
PNPLA3,0.0785888882374175
RNF13,0.07855022686415289
LGI3,0.0785472025084675
GOLGA4,0.07854585416595428
RBMXL1,0.0785217167200206
KRT8,0.07851817627635185
ZNF845,0.07850494687541143
GIMAP2,0.07849223149257735
NFIL3,0.07846585964460873
LOC100128675,0.07844824152492377
PLEKHG7,0.07843421262488894
KBTBD10,0.07843122446617488
SDC3,0.0783997157821547
TCTEX1D4,0.0783754853750712
SYF2,0.07837350699743635
CYorf15B,0.07835540962765171
CACNB2,0.07835413073732014
MYD88,0.0783142097556425
RPAP2,0.07831375729048504
RPL22L1,0.07831039396837874
OR56B4,0.07829839986015641
NSF,0.07829438163910696
ZNF876P,0.07824362026607819
VEGFC,0.07823252769414249
TCFL5,0.07815262976531234
TP53I3,0.07810775364181197
UBE2O,0.07809166375699678
LOC152024,0.07808932832066269
TCF7L1,0.07807854546911185
CLDN6,0.0780614078531376
LRRC56,0.0780519358094881
TMSB10,0.07802863769056366
CSNK1G2,0.07802402010125087
FREM2,0.0780234737210312
PPP5C,0.07800874977751249
SSR2,0.07800688057749913
IFT57,0.07800612800333172
RAET1K,0.07800287752891066
SFRS7,0.07799657343852638
KLHL2,0.07798911771533693
LDLRAD1,0.07797713901038858
MYO1G,0.07795330323183701
ZNF835,0.07795205181794554
GRWD1,0.07794806854856853
DGKG,0.07794420203516973
SSH3,0.07793923980458857
XKR5,0.0779367425156199
ANKRD10,0.0779283679407716
SLC36A1,0.07792659978432973
CLEC14A,0.07792008347329382
PGD,0.07791737399111819
CORO2A,0.07790334029582063
HAUS6,0.07789122908054882
ARHGEF10,0.07788926998002926
DNAJC9,0.07786892111250768
MLEC,0.07784864546081026
CCL13,0.07783079085397517
EPM2A,0.0778145435177889
CLN6,0.07778883730968544
FRZB,0.0777880725428818
C4BPA,0.0777856838605633
GGT1,0.07777817392899587
KCNK9,0.0777736962519043
AKAP8,0.07777015672132495
BHLHA15,0.07775534992351439
SEC24D,0.07774591802348191
AP4E1,0.07773958815119078
CEBPZ,0.07771316552752514
MTIF3,0.07771198146226747
C4A,0.07770860934380242
TPBG,0.07769558627625087
ALKBH2,0.07766252334152872
CNTLN,0.07766070071953496
CCBP2,0.077659596314849
ESRP1,0.07765332560127837
ZBTB39,0.07762779696613904
MMAB,0.07762450084392172
ANO8,0.07762383234032387
INMT,0.07760179782881017
SATL1,0.07759211009343274
MOV10L1,0.07758957146850429
BAZ2B,0.0775876506246688
CCR6,0.07757622623695694
ODF2L,0.07757169589748619
MYO18A,0.07756451167404715
CRY2,0.07750781022798071
FIGNL2,0.07749662152498416
REPIN1,0.07749018003618612
PTGER1,0.07746748267204095
TTPAL,0.07745591206698149
C2orf42,0.07744897362356788
NDUFA2,0.07742700025413785
ANO5,0.07740985732070739
RPS7,0.07740925747603532
MYLK3,0.07739463050843769
DUSP23,0.07737602528832573
JAKMIP2,0.07737318500812192
ACTN1,0.0773657980927605
RASA4P,0.07734470330534195
?|100133144,0.07731461865329102
ANAPC1,0.077280784072816
FLJ35024,0.07725429832145314
EIF5A,0.07724305697065974
AZGP1,0.0772203890803923
GTF3C2,0.07717411043002333
KCNK7,0.07716716895822162
ARRDC1,0.0771530155751591
CXorf36,0.07714075640529201
OTOP3,0.07710253554610333
ATP2A2,0.07709339799330923
HEATR5A,0.07707239873008666
C11orf85,0.07706635863967294
DNM1,0.07704874492011805
ALDOB,0.07704777746364808
LCA5L,0.07698377618019174
COX7C,0.07696396573940721
C14orf184,0.07694860526742657
BBS9,0.0769095415371641
PIGQ,0.0768782421366305
FUT1,0.07686662360333515
TADA2A,0.07684143313480439
GTF2IRD2,0.07682370454575926
TRMU,0.07680964948852821
PLEKHG4,0.07679683592793751
HIPK2,0.07678924944570203
PLA2G4E,0.07678715333827472
TMEM108,0.07678703110735652
VCX,0.07678368752606184
ZNF697,0.07678295093889394
ERCC1,0.07675293995886467
EFHD2,0.07675161820047892
LOC100133161,0.07671655995161605
EML1,0.07671094489771951
GIMAP8,0.07668105196723969
NMB,0.07666906693839487
XPO5,0.0766581879718454
GIMAP4,0.0766560709278321
SIRT2,0.07664988609995799
SHH,0.07662891656104932
CELSR1,0.07659497379453284
USP10,0.07656527423494888
CLSPN,0.07654859483895901
BSCL2,0.0765009180588618
BTBD2,0.076497388365491
SLC16A14,0.07649599363355558
ANXA2P2,0.07649488914910531
SNX14,0.07648449361234046
SHISA2,0.07648052060138938
STX7,0.07644629963343587
HUS1B,0.07644321466671011
C7orf51,0.07641422270920045
C1orf201,0.07640281632156633
RPP40,0.0763947425334796
USHBP1,0.07638683411456623
OLFM1,0.07636302950671804
BBS1,0.07635278275715102
IRAK2,0.07631659672910303
NUP62,0.07631509723391108
SLC39A6,0.07630209586493357
FAM126B,0.07629122964763362
WNT9A,0.07627589211770233
G0S2,0.07625663557260187
TMEM130,0.07624596569815227
THSD1,0.07623365634355417
GAS8,0.07622453989866462
C10orf119,0.07620641173663446
DCP1A,0.07619579786877553
GPR149,0.07617096666304311
TDH,0.07616570555691134
MED21,0.0761477728182012
T,0.07614045292508168
ZC4H2,0.07613887806027522
ANKRD13C,0.0761029379327994
ATHL1,0.07607604116264767
AURKAPS1,0.07607082635320268
FANCC,0.07601640204263316
HSPB9,0.0759642301387427
SCNN1B,0.07596006696635962
PELI3,0.07594631778594406
GFOD2,0.07593814433893495
PIP4K2B,0.07591804753292457
C1orf96,0.07591293933125247
LTC4S,0.07590712318108633
MANEA,0.07590279233607997
DDX3Y,0.07589285864346935
ZYX,0.07589065257283378
TEX2,0.07587726301033049
ZNF389,0.0758578390653885
SYT14L,0.07585468433822913
WDR66,0.07584651808336866
UBE3C,0.07582222494260617
BATF3,0.07580269645261381
POLG,0.0757910836679527
LOC441177,0.07579041022461348
DMRTC1B,0.07575958777175779
LOC153684,0.07574772169950168
GDE1,0.07573453194518698
DENR,0.0757331361424715
EFCAB1,0.07568258747192672
P704P,0.0756762506783063
HOOK1,0.07567020745024491
CSTB,0.07566872601055015
C12orf36,0.07563196048199924
DNAL1,0.07561977038966206
SUMF1,0.07558967872293051
C3,0.0755748505582375
GRIN1,0.07556602122855711
POLE,0.07554866322434281
NLRC4,0.07554516584168652
ZNF317,0.0755283071053556
LONRF1,0.07551836398813566
C11orf90,0.07550803724316733
TCF21,0.07550576539897344
CBWD2,0.07549762573990779
TMEM69,0.0754786337041796
C1orf161,0.07546322176635335
EFHA1,0.07545657951655386
MRI1,0.07544876670178823
GLYR1,0.07544776621279134
NCRNA00095,0.07544728982992738
SH2D3C,0.07544092614533181
SCG5,0.07543832871666757
LAMA5,0.07539738363218837
SMAD6,0.07536780856121614
NCK2,0.07533187206809717
CCDC8,0.07532963233587814
SLC22A18,0.0753021781499312
PSMC4,0.07529574431235418
BRD8,0.07528814329878163
C8orf46,0.07528764020256125
SRXN1,0.07527644080135058
DOCK11,0.07527513442073809
C1orf123,0.07526104520898079
GTF2IRD2P1,0.07524303191708005
SEH1L,0.07524163601582436
FAM53A,0.0752346103381285
ORC5L,0.07521715691294587
SYTL1,0.07519081265417091
PMS2L5,0.07518315177716584
FRMPD4,0.07515225784039004
C4orf29,0.07510018120126263
PELI2,0.07507582023820131
RUFY3,0.07506427795594575
ESF1,0.07505856796089162
ACTBL2,0.07503297231222247
NOL11,0.07503089320756953
ZUFSP,0.07501231024199563
PTPRN,0.07500334558695784
EIF1AY,0.0749896980670583
FGF14,0.07498857215814254
MTHFD2,0.07497610366889043
KCNJ11,0.07496134545218194
C6orf218,0.07491687489864855
CHCHD1,0.07489910153170852
TIE1,0.0748977018174654
RYR3,0.07488208457800834
CYP2C18,0.07486523387521299
PBX1,0.07486172671863198
DGCR5,0.07485872071324183
CHST9,0.07485505525581168
MAFK,0.07484604695092849
C1orf190,0.07483690212731876
COL16A1,0.07479262312638274
GNPNAT1,0.07477389268893354
DNAJC15,0.07476981185088477
SUSD5,0.07476451217452032
SLC25A35,0.07475082939511107
GTF2A1,0.07471923338043066
POP7,0.07470136736048774
ZNF77,0.07469612109866434
TMEM86A,0.07469253391509914
DSG4,0.07468588843652015
NOS1AP,0.07467844164758156
PRMT8,0.07467395064161617
LASS4,0.07464995972530614
P2RX6,0.07463856000766168
CD34,0.07462063272833509
PDIK1L,0.07460464521528343
C6orf211,0.0745971429958885
WDR18,0.07459613039856909
ANKLE2,0.07459198521562044
SRPK2,0.0745698291656516
MARCO,0.07456959850095123
UBA52,0.07456643030037552
C1QTNF7,0.07455892351366418
TAS2R38,0.07455760891014233
MEGF10,0.07454643163219886
LRRC10B,0.0745444428327639
FLJ30679,0.07453656422580844
FAM69C,0.07452499233371988
LDB2,0.07449551456346448
PDSS1,0.07449454811695498
ZNF441,0.074457945750317
SLFN11,0.07444865955705501
WDFY4,0.07444452962200208
NCKAP5,0.07443840945472475
NNAT,0.07440725741949557
ARL14,0.07439691206423396
CGB2,0.0743948265378671
HMGCL,0.07439103479923675
GTF2H1,0.07437895540742055
PDAP1,0.07437848884401523
FKBP2,0.07432187398320159
TBC1D4,0.0742945014857251
CXorf21,0.07429414307166844
SLC38A5,0.07428653548700964
MARCH4,0.07427587148510185
CPB2,0.07427580122241678
CAPN13,0.07425104847673412
MLF1IP,0.07424755236464087
ODC1,0.07423743125268073
TRERF1,0.07422945456761365
SLC4A8,0.0742107189813034
CCR2,0.07418618411933393
CBX1,0.07416764025159932
C7orf50,0.07414802745094862
KPTN,0.07413125534213644
AKIRIN2,0.07413119062830162
CALY,0.07412765677518099
MPG,0.07412543560755395
C14orf28,0.07410504398167715
GANAB,0.07409677725180448
STX12,0.07409416836195841
PURB,0.0740742786738872
LRMP,0.07406779930671391
KNDC1,0.07406229979858824
CCR9,0.07406054885723926
DNAJC13,0.07405567946633945
CYFIP1,0.07405324536321728
SFRS13B,0.0740448924543962
CRTC1,0.0740408953092152
GMEB2,0.07401908494206605
EPB41L4A,0.07400732192179317
FAM167B,0.07400475042671043
LRRC69,0.07397358251675629
HOXB13,0.07397075526752314
GDF10,0.07396879468363426
ZNF141,0.07395991117627317
C16orf58,0.07394945700872058
SMS,0.07394833458656108
CXorf64,0.07393054420412633
MCM3AP,0.07392714748172169
RIPPLY2,0.07390340824472721
MND1,0.07389216018951847
UBE2D4,0.07387398755446759
LIG3,0.07385796228007645
TMEM149,0.07383424710639824
PPP1R13L,0.07383189246063718
C16orf63,0.07383093825920192
AP2B1,0.07381251875804709
TTLL7,0.07380236965888419
CLCN7,0.07379771231700379
GPR120,0.07379376362723558
SUN2,0.07378924177801274
RRAGC,0.07378196214950765
KCTD7,0.07377923721100237
NUMB,0.07377367939115381
ZNF804A,0.07376836861718425
MCM9,0.0736932135892138
CCR10,0.07367166547191085
RPN1,0.07366119809684625
SEMA3A,0.07365513160424629
KLK13,0.07365484396586287
MFSD1,0.07362536136793524
C1orf112,0.07362039349918643
TMSL3,0.0735784496001847
RB1,0.07356140164821114
TLE3,0.07355664890120148
C5,0.0735256230934645
DNAJC2,0.07351995201268686
LRRC7,0.07350761164373625
GLIS1,0.07350465147013675
PROCA1,0.07347086782781838
KIAA0101,0.07345356023620728
LOC285074,0.0734457039781232
PCCB,0.07343113674081547
ZNF85,0.07339454066377096
LHFPL2,0.0733939834962051
HGF,0.07335950359117815
PARP1,0.07334472019548949
C9orf84,0.07334001481699345
ERLEC1,0.07333881326506632
GCM1,0.07333805251043693
SLC35F1,0.07332587751442299
PXN,0.07326635339783549
OLFML2A,0.07325856181617035
DBI,0.07325718625246982
HECTD3,0.07323978266054995
APOL6,0.0732300070053887
LATS2,0.07321698340443321
NT5DC1,0.07321477614231636
DDTL,0.07320790369380406
IGFL3,0.07319973128617482
C12orf49,0.07318709636719989
C9orf116,0.07316349814879676
THOC4,0.07316153290433305
PLA2G1B,0.07313956816780048
PAPSS1,0.07311926957936925
PLAUR,0.07310681443941157
NTN4,0.07308711514071074
DEFB103B,0.07308374187147909
PGBD5,0.07307509523133394
LPCAT4,0.0730659302150951
MCM3,0.07302693131068073
FAM22A,0.07302084378583851
?|57714,0.07301752935116651
AKT1S1,0.07300256059552765
FAM35B,0.07300034304290692
TAF1B,0.07299600996347276
C3orf19,0.07296077822778452
ATP10D,0.0729597808932999
GLI4,0.07293122206043477
PRDM8,0.0729278281164501
MCOLN3,0.07291121001526812
HIST1H2AE,0.07291097570340528
UBE2D1,0.0728943665780972
ATP6V0E2,0.07288663854916133
HIST1H3B,0.0728852685860243
C1orf69,0.07287853420423855
UBE4B,0.0727765022505645
SPTLC3,0.07276078472464723
ZNF720,0.07275703274239272
LRRC8C,0.07275619949700776
C1orf168,0.07272479789864324
GNAL,0.07272013043801998
CTTN,0.07271952840200611
TUBE1,0.07271682654832558
GPR75,0.07269931806252701
UBE2M,0.07266104206102253
C8orf75,0.07265235024624393
PPP1R16A,0.07264935970332036
DNAH11,0.07262230501506065
KCNC4,0.07262201467583658
AKT2,0.07258963686609798
TMEM33,0.0725817962480415
MGAT4B,0.07256719378651887
F2RL2,0.07256271162425056
BEX2,0.07255125575659953
C9orf173,0.07254760663114153
HCST,0.07253595255794427
IL12B,0.0725333928818401
CAMSAP1L1,0.07252801573434875
NGRN,0.07250957150536451
RAB25,0.0724889199117294
EIF2S2,0.07247051211561469
CENPJ,0.07246908948615095
TUBGCP5,0.07246015442574415
HAPLN3,0.07242433005854765
LUZP2,0.07241389069441485
FBXL21,0.07240936457878511
REL,0.07240081766590231
CRLS1,0.07239999841337887
HIC2,0.07238829323788563
UBE4A,0.07236819885658428
UPF3B,0.07235188485442257
C6orf89,0.07234076524389017
PPM1E,0.07233467756956218
SECISBP2,0.07232712219520156
NRBF2,0.07232303776348915
CCDC12,0.07231467140122753
ETNK1,0.07230274768770706
ITGB1,0.07230229267456634
DAB1,0.07230148519636168
PTPN1,0.07229274515250328
ARMC6,0.07228453454567425
CDKN2A,0.07224898277937082
CSAG2,0.0722478764503638
BRI3,0.07222671097799731
RSPO3,0.07222393444084864
TMEM173,0.07221634119324201
SEC11C,0.07218817742166396
PLCD3,0.07217970571336323
RETN,0.07217585062749012
SH2B3,0.07217326080428893
ARHGEF3,0.07216924432669601
C17orf62,0.07214219025112206
DNAJA4,0.07213831000550909
HMGCLL1,0.07211277471823918
SERPINA4,0.07210013047972479
ZIC1,0.07210006452249763
PVRL4,0.07206697396306137
TOMM70A,0.07204481812237565
FAM60A,0.07204299327692958
P2RY12,0.07202708663759923
CCNT1,0.07201720329467243
NEDD1,0.07201511314146387
PHKA2,0.07200643390361082
BAT2L1,0.07198901455615958
APEH,0.07197783443320982
ZNF330,0.07196938464664143
PITPNC1,0.07196598877727427
CSF1,0.0719535379668425
HOMEZ,0.07195218444210681
SNAI3,0.07194210447865933
MAMDC2,0.07193039889055904
IP6K1,0.07192904378946015
LMBR1L,0.07191155955965864
LCN12,0.07189251714785225
C19orf51,0.07182827972927995
TMED7,0.07182789984228147
GPR78,0.07178291548798936
FAM50A,0.07178092437568201
H3F3A,0.07177136624520213
SLC39A13,0.07176532478283279
NLK,0.07175205793619159
TMEM184A,0.0717374345881692
PDK3,0.0717349603016878
ZFY,0.0717340794232508
CGRRF1,0.07170688303247275
PRG4,0.0716998761835541
PAQR3,0.07168598371661751
LYN,0.07167625556314489
BTN2A2,0.07166953038820609
POM121C,0.0716657722839881
GAS1,0.07165645807269178
ADAM10,0.07165550701791631
MAFG,0.07162572630678826
WDR19,0.07160705304249924
COIL,0.07158742311432162
ZNF695,0.07158313745890232
ACOT2,0.07158236227994291
DIS3L,0.07157975027571001
GRIP1,0.07157808615471298
TTLL11,0.07157374058959884
CARD14,0.07157004788243201
TNFAIP6,0.0715188451789741
SEZ6L2,0.07151154752959281
DOCK4,0.07149802158828428
SPIN4,0.07149305399686333
RNF123,0.07146429695700209
EXOSC3,0.07146386641043513
HARS2,0.07141930195349523
LIN7B,0.07141299836509582
VGF,0.07140860363351438
SNTN,0.07137283321006577
TRMT1,0.07136497978523507
CST5,0.07136364366148745
CTNND1,0.07135585996162713
LRRN3,0.07134905378892296
SLC45A3,0.0713488581161113
LOC100131551,0.07134429884350148
GIMAP7,0.07133875418022527
FAM169A,0.07132386462633378
FOXC2,0.07132076801363188
TDP1,0.07131197144269692
POLR2J3,0.0712858065203535
NCF4,0.07128383141248751
AGXT2L1,0.07126735858803074
ZNF418,0.07124787282451532
GPD2,0.07123366293891312
USP9Y,0.07120272881847112
C12orf32,0.07119217073232934
NUDT2,0.07118802168056663
GAS2L2,0.07117871959234383
PACSIN3,0.07117619482079857
TLL2,0.07116468306456594
PRRT3,0.07114371275549257
RGPD4,0.07114159797673231
GOLGA6L6,0.07111343541531984
MAK,0.07110873731320903
VAT1,0.0711023484572425
SERINC2,0.07109263106395555
ATP2C2,0.07108384276384838
COPB2,0.071077004155772
CHST11,0.0710715820823821
TEF,0.0710691991124306
HACE1,0.0710655311474303
SEC14L2,0.07106371474229742
MAPKAP1,0.07105601825527584
RNF19A,0.07100515803669885
MMRN2,0.07100283484238995
RBM38,0.07099790731606376
WDR41,0.07098991131760267
GPC4,0.07096670517603461
AMICA1,0.07095860523971785
SYNGR4,0.07094507453161389
NKX2-3,0.07093967542102053
SPTAN1,0.07092145699997864
SLC9A3,0.07091125123523605
MAGEB2,0.07090387194345986
TIGD5,0.07087799125417325
CTNS,0.07087674873394624
C16orf75,0.07085528242619626
DDX10,0.07083524394430812
ACADM,0.07079732476739066
B3GALT2,0.07077210605456091
NUDT12,0.07076941121022952
MS4A15,0.07076301230609121
GPR156,0.07076211606117082
CDH17,0.07074897467291133
WSCD1,0.07073734003754778
ZNF92,0.07073476609511548
SHARPIN,0.07070211614680008
C1orf126,0.07068216168848782
RHOJ,0.07066539307735341
EXOSC5,0.07066526934788837
DDX21,0.07066310727905813
S1PR1,0.07065759161148774
TTC1,0.07065200464548924
KIAA0495,0.0706269845220939
SIGLEC11,0.07062364499268224
PPP1R12A,0.07061477957032831
CEBPB,0.07060980302482216
REPS2,0.07060019758970125
NEK2,0.07058591543048867
ACCS,0.07057324576499005
PUF60,0.07057060948492645
RBP3,0.07055310630539832
SPOP,0.07054651736722363
GIT2,0.0705415091288006
CFL2,0.07052108381306965
PCMTD1,0.07051620891279534
CRIPAK,0.0705015726979692
RHBG,0.0704603449379275
RPSAP52,0.07045742757622768
USF2,0.07043116408635826
ZMAT3,0.0703978657925014
TYMS,0.0703940266800029
INA,0.07038930043558334
LYAR,0.07038354420997713
EIF2C3,0.07037770159568844
AIDA,0.07035946891755009
LRP2,0.0703241654149405
MAZ,0.07031023818829325
CORO1A,0.07030907637500908
LPL,0.07030063683453201
RAET1E,0.070290618629037
IFRD2,0.07025626138025284
SLC29A4,0.07025587696515471
SLC37A3,0.07024198771538649
CARD9,0.07023323771159962
SESTD1,0.07023107802004652
CANX,0.07021919942728094
RHBDL3,0.0702113021762058
CSRNP1,0.07021104005897322
LOC100190938,0.07020769539988243
SLC46A2,0.07020457105420914
FAM83H,0.07015582648142896
CRISPLD1,0.0701485845167337
C1orf25,0.07014616975666786
ZNF253,0.0701239860212417
SIRT3,0.07011988583670012
PIGN,0.07011341706954449
HSPH1,0.0701031155507374
PPP1R7,0.07008231686031823
IRX3,0.07006965470204886
LOC338758,0.07005497129590879
FIP1L1,0.07004842366787248
HERC2,0.07004315829344404
NAPSB,0.06999351677015715
STXBP6,0.06998525074966865
MAP1S,0.06997234889611345
GPBP1,0.06996799848997062
FOXO3B,0.06995785766583525
ACSM1,0.0699358310531911
MYO15A,0.06991568697123422
MIB1,0.06989865670148729
HAS2,0.06988050639903187
PATL1,0.06987615734487929
SLC24A2,0.06987023822061805
AATK,0.06984492140700949
CSGALNACT1,0.06984377825138091
CLTC,0.06984193481810948
PSMD14,0.06983594235079665
XPC,0.06981973782056344
TMEM195,0.06981491825505505
CXCR3,0.06980904532073556
PUM2,0.06980001831253735
CYBB,0.06976553139643218
FBXW11,0.0697234768108219
KCNC1,0.06972250780537954
C7orf70,0.0697092345347714
DNAJC4,0.06970444485612057
RALB,0.06969710464187674
PARVB,0.069669968764981
IFNE,0.06965855979079257
ADAMTS8,0.0696373752016659
TRHDE,0.06963111360133754
TBCD,0.06960958338644374
C1orf53,0.06960912342050066
GNG5,0.0696025246650443
PPP1R13B,0.06959734340717202
IK,0.06957335417571144
VENTX,0.06956502972653077
ZC3HAV1L,0.06951724994251629
FAM119A,0.0695144107071992
SNX20,0.06950672511670691
ERCC5,0.06949734116393529
C2orf54,0.06947311634997728
CCDC136,0.06946137029745166
UGT1A10,0.06945000286086196
PTTG3P,0.0694495274114546
CXCL1,0.06944618700654606
ENDOU,0.0694354906080461
DCBLD2,0.06942970584091404
IMMP2L,0.06942035990230806
ITGB1BP1,0.06942026672764594
DNMT1,0.06940990546433325
CASC1,0.06940635036972653
DGKZ,0.0694007849087482
PTGR2,0.06939697873439707
MYOZ1,0.0693890555837696
TMEM106B,0.06937443715743602
IQCK,0.06936911894880195
POF1B,0.06936078695515228
NAALADL2,0.06935742335139143
ARHGEF6,0.06935029017208831
SFTPB,0.06934156022296736
CCRL2,0.0693375256553434
GDF11,0.06933252194731844
PDXK,0.06932840305847193
ABLIM3,0.069322530476882
RC3H2,0.06931053208845614
DGKE,0.06930614708139712
RELL2,0.06930482991236814
KRT10,0.06930193458650304
GSTA1,0.06930019694043774
C10orf128,0.06928314764748535
KIAA0408,0.06927792699000222
TMEM183A,0.06927076807958525
GREM2,0.06924202184125604
ZYG11B,0.06924170051124912
ZNF318,0.06922492817332018
LAP3,0.06921635188904803
CNDP2,0.06919893230709008
USP40,0.06919743467247731
CX3CL1,0.06919639846956081
ZNF134,0.06919007063686836
FAM174A,0.06917648843679562
ZNF383,0.06916853717427832
EAF2,0.06915520435083976
PPARA,0.06915148175180155
F5,0.06914657590383401
IL17RA,0.06914574604401993
LTB,0.06913240054672745
ENTPD3,0.06912134786569309
HOXC10,0.06911637614363149
SUPV3L1,0.06911589185913236
LIMS1,0.06910127279415886
PCDHGB5,0.0691002969269177
FIGN,0.06904140390456766
XK,0.06903706834101314
KCNS3,0.06902700046501298
SIRT5,0.0690180876973583
SF3B5,0.06898426157626032
MSX1,0.06898219013960552
CHAF1B,0.06897128301505166
ZNF76,0.06896898324271804
SIX1,0.06895440886106873
RNF145,0.06894971356412055
ITGB3,0.06893329382738621
PDXP,0.06892996638010779
PDE7A,0.06892632445018597
ZNF18,0.06889846077626387
TNFRSF1B,0.06889622472124424
TTC25,0.06889240473848468
BARX1,0.06888162288537217
CELF5,0.06885737504788128
TGOLN2,0.06885546927088512
SBF2,0.06884984921917653
RDH12,0.06884145404343037
TBXA2R,0.0688228448992561
CCND1,0.0688070185608568
LOC642846,0.06880173678759725
ZNF584,0.06879931268447262
FAM135A,0.06879628307876676
GBAP1,0.06879106540748892
GATAD2A,0.06877979226761433
SULT1E1,0.06877414349278697
CTSL1,0.06875856089123648
C19orf52,0.06875824862188507
UBQLNL,0.0687553885928177
C14orf101,0.06871491457178594
SLC25A33,0.06871393059891097
CD4,0.06870011856307924
HIST1H1B,0.06865612540688998
SCARB2,0.06863225807271116
GOLPH3L,0.06863189361936031
CCDC6,0.06862584210572142
AOC3,0.06861105280596765
MCTP2,0.06860046582062664
ZNF100,0.0685991732710641
AQP2,0.06858599495128033
RER1,0.06857747892850312
CPSF6,0.06857054296569191
PRMT6,0.06856715740816739
RORA,0.0685579127685057
TMEM176B,0.0685483356460695
SRRT,0.06853882006908552
CSDC2,0.06853613732189595
C12orf73,0.06853286441868488
COPS5,0.06851400244056087
MRPL40,0.06851311953549978
GTF2A2,0.06850942346133886
CLDN19,0.06849772059110804
TANK,0.06848014216579655
PHC3,0.06847924212067515
MYOCD,0.06846051300541386
ZIC4,0.06845686920498995
TSTD1,0.06844683467025246
BOC,0.06844453887997262
ARRDC3,0.06843241272926616
RBP7,0.06840574779019179
GPR97,0.06836990651478042
RNPEPL1,0.06834578908419855
LOC100128542,0.06834385730505696
ITGA2,0.06830039529212087
BRP44L,0.06830034978902957
GPR155,0.06827203358871936
CYorf15A,0.06824372836159971
CIDEC,0.06823973980682747
CPS1,0.06821956118673443
HOXD1,0.06819444944189026
NOP16,0.06818697028901614
LOC284632,0.06816023384302869
TRAF4,0.06814466986963744
ZC3H6,0.0681400758073393
HAUS5,0.06812612819472912
POLD4,0.06812169811757139
MLLT4,0.0681022841763271
TXN,0.06809468550601387
ZNF462,0.06808119297539335
ITGA8,0.06804773923808391
ARHGEF16,0.06803283109400958
ANP32B,0.06802317841296338
PANK2,0.06801518837158663
ZCCHC4,0.0680030709802563
NCRNA00161,0.06797430208937563
UBE2J1,0.06797371698784227
C11orf48,0.06796419645611446
SLC9A7,0.06796400082949719
ZNF710,0.06793998374749949
ZMYND15,0.06793854181602652
APOO,0.0679370633166856
RIN2,0.06791806927783693
DMRTA2,0.06791572381058959
ZNFX1,0.06790964828136306
ASCL2,0.06788320219775534
RANBP3,0.06784988765776427
IREB2,0.06782216156651907
CFLAR,0.06780537100430145
C19orf18,0.0678048444690701
ANXA6,0.0678035623356109
NOG,0.06780009010060824
TMEM151B,0.0677987946406034
MYOF,0.0677972578384023
SRD5A1,0.06779428837703286
VSIG2,0.0677664364565825
THAP11,0.06775525986799155
KRT39,0.06775275902264245
PRSS45,0.06774674595795496
DEFB4A,0.06772237724145756
IFNGR2,0.06772116540640208
PPFIBP2,0.06769475866935863
PCBP1,0.06768220427600544
OSGIN1,0.06768212608434235
SALL1,0.06767403009771426
IGSF9B,0.06766260759655132
C19orf47,0.06765720488048543
CSF1R,0.06764538417458833
ZNF324,0.06763883698328287
APOBEC2,0.06761714081238121
FBXL15,0.06760310268497394
ATXN7L1,0.06759826927730288
HEXDC,0.06758850073402396
TEAD1,0.06757489918106027
NUP43,0.06756470771117355
LOC100272146,0.06756095664207543
STX2,0.0675551888150524
EEF1A2,0.06755477213704664
PLD5,0.06755154134511646
CMTM4,0.0675468875874209
HDAC7,0.06754559520557152
TNFRSF12A,0.06753474542438453
GPR84,0.06751170338426998
KHDC1,0.06749043709272391
LAMP2,0.06748359592585088
CTSB,0.06748236542771785
TACSTD2,0.06748159559647864
RPL17,0.06747277284285498
TRIB2,0.0674650705800639
TTLL2,0.06746472769202348
ADCY4,0.06743499920235417
ZCCHC24,0.06742995346242589
SKIL,0.06742226980173699
LOC645166,0.0673966810526933
PREX2,0.06738353316536062
CAPS,0.06737041584624207
TMPO,0.06736190072315093
SVIL,0.06733856866954074
WHSC1L1,0.06732756897259111
TBC1D2,0.06732034472890848
KRT2,0.0672846548218269
KDM1A,0.06727029533651238
PRSS21,0.06725352508443264
CAST,0.06719104022676092
PSMD10,0.06716674168909584
MGC45800,0.06716499018434806
SNX24,0.06714357982962828
SFRS12IP1,0.06714139260119714
LMBRD1,0.0671339936251579
HNRNPK,0.06712689786159723
INPP1,0.06711331772854258
IL4R,0.06711080183328662
PRKAG3,0.06708343244512509
SAMD4A,0.06707949494552187
METAP2,0.06707323533913483
TMEM80,0.06705875087797242
DLEU1,0.06705619095385526
SLC39A7,0.06702597826990468
KCNQ5,0.0670136492071937
PCDHA8,0.06697278057143495
YIPF1,0.06695574975916355
APOB48R,0.0669259523848213
VIM,0.06690330850055583
FAM46B,0.06690158412204242
BCL9L,0.06690154643303968
FUT6,0.066872156217534
ASNS,0.06686813038607727
ATP1A2,0.0668346774481754
SELT,0.06682653011467533
NSUN2,0.06682332844904673
RCSD1,0.0668136630315019
FCGBP,0.06681154365824846
SLC43A2,0.06679029750361412
BRAF,0.06678695006766115
TRIM39,0.06678651912349612
EPHX4,0.06675975654706151
CACNG4,0.06675251569550762
KRT82,0.06674629771207802
SOX17,0.06673846594005102
C12orf76,0.06672361267228132
FBF1,0.0667107398822768
ITPKB,0.0667090272815178
RHBDD3,0.06670679216060112
C12orf59,0.06669481963429355
EPS15,0.06669009522918168
KIAA1598,0.06668347697678476
ETS1,0.06668315234568185
CHERP,0.06668278665326446
FBXO22,0.06664008706439385
SNRK,0.06663231079867525
NRTN,0.0666313019078254
HLA-C,0.06662030096802014
CNOT6,0.06661531157374642
CBR1,0.06659178922175124
TPP1,0.06656941791307111
FOXN3,0.06656008819618689
LGALS12,0.0665557896899532
MID2,0.06655248925520933
B4GALT1,0.06653980263974815
SSH1,0.06653243804540815
LPXN,0.06652440858107844
GTDC1,0.06652323169158217
HLA-J,0.06652174982369385
INGX,0.06650089822674077
KRT32,0.06649872339286073
UPRT,0.06649134524980677
CPSF4,0.06648308300570503
C5orf39,0.06647368113983416
BCL6B,0.06647207448253371
UQCRC1,0.06646800036553918
C1orf230,0.066456658535501
CD37,0.06643307091946693
RCAN2,0.06643132003752672
ZNF541,0.06638279099726709
UBE2T,0.0663624921242099
NEUROD2,0.06634526183041377
C5orf41,0.06634200051073803
CHRNA9,0.06632721520625574
C10orf107,0.06631994605208866
GGT8P,0.06631639607835303
JAK1,0.06630893417879984
TBX4,0.06629848646818368
NOS3,0.06628481763202852
ATP8B1,0.06628086784038856
DOT1L,0.06627781532225088
PCBP2,0.06627681144081764
TMEM129,0.06626842855985864
C9orf66,0.06625968141301469
MRRF,0.06625961577343831
RPLP0,0.06625297001875881
PCDHA3,0.06623996640470337
TMEM126B,0.0662370917624517
STRN4,0.06622985211206883
RP1L1,0.06621262803825947
TMEM139,0.06620851653249585
ACRV1,0.06615904717520071
CYP2J2,0.06615899440488937
FZD9,0.06614870415515717
CLEC3B,0.06614008908589274
RNF157,0.06612566923821023
TMEM213,0.06612372798522652
PPP1R14A,0.06612224390063826
FBXL13,0.06610323723900217
ANKRD16,0.06609877940088309
SLC2A4,0.06608470512016824
LTBP1,0.06607454278177334
QSOX2,0.06607270391025502
RBM5,0.06606514495173434
C7orf49,0.06604860176330526
HIST1H3D,0.06602522223907674
MERTK,0.06599658854580688
TMPRSS3,0.06599369442331314
PSMD12,0.06598752232726551
VWA5B2,0.06598171319675993
TNFAIP8L2,0.06597892025602832
MYBPH,0.06597467996454147
RIOK2,0.0659629268680843
COCH,0.06595859191440455
KRIT1,0.06594673395177048
BRCA1,0.06594616110583386
SHCBP1,0.06594483383273757
C21orf128,0.06593789771972691
ICAM3,0.06592849336639116
CCR1,0.06589481541751982
GRB7,0.06588905794030867
RERE,0.0658862753849487
GALNT2,0.06586273519982895
KIF5B,0.06585428868316642
ALDH6A1,0.06585068137905346
LATS1,0.06584745925433844
ITIH5,0.06583669849419847
FSTL3,0.06583359970334174
FLJ45983,0.06582677440325886
DPH3,0.06581240280860219
ELTD1,0.06580435461932657
SMCR7,0.06579295402403655
PPP1R3B,0.06578559929841579
FAM19A3,0.06578079120059287
FAM195A,0.06576781608634623
NUDT3,0.06576614497617522
F10,0.06575393309563171
IGSF10,0.06574319166762377
NDUFA6,0.06573168524742302
DNPEP,0.06571722961614791
MMP20,0.06571146970836396
PTGR1,0.06570710412846735
PSMB8,0.06570275204294444
PAX3,0.06570087134715574
ROS1,0.0656808434832384
KIAA0892,0.06564991817564413
CYP2D7P1,0.0656488830468148
C1orf51,0.06563556094245893
PRKCH,0.0656175090664705
SLC39A1,0.06559949840333758
USE1,0.06556961728576506
KRT84,0.06555967622962643
DGKB,0.06555918387336834
C5orf15,0.06553859314161462
PIAS1,0.06551775823871502
ANKRD55,0.06551389379101724
MICAL1,0.06550533670000347
ACOT6,0.06550133066123494
ZNF227,0.06549964822048086
SAMD9,0.0654700903843058
DLD,0.0654454125953116
RNF26,0.06544462516560763
GOLGA6L1,0.06543533042245253
FGF5,0.06542777593349022
MFSD2B,0.06542310631845503
C4orf21,0.0654021039789202
API5,0.06537384281649078
LOC283174,0.06535329498845736
C5orf46,0.06534878837535997
C19orf33,0.06532727090912982
PMEPA1,0.06531785652489318
TNFRSF13C,0.06530932866429948
SIDT1,0.06529806260812042
DGCR8,0.06529545591606581
ADAMTS15,0.06524294527190161
TXK,0.0652407555566947
IFT20,0.06523794738348535
CCDC15,0.06523657289798278
HOXC9,0.0652332741625022
CASZ1,0.06523281008619855
POLR2G,0.06522295371882467
HMGB2,0.06521862359814577
PAMR1,0.06521767120486344
CNTFR,0.06521024628668166
ZFP91,0.06518538128658373
RASGRF1,0.06518172798960661
PMF1,0.06510337666402373
PRKY,0.0650801810245689
NOVA2,0.0650736084853305
C5orf38,0.06506980991371064
PAK1,0.06506867834143239
NSA2,0.06506835956001913
GPR1,0.06504741012939856
PLVAP,0.06503738633896013
UTY,0.06503309263076472
FRAT2,0.06500590653292641
LOC339535,0.06499155410135915
TTC5,0.06499004179034563
EGFL7,0.06498981967481762
SLC35F2,0.06495496999928264
ZNF519,0.06494150728731696
C10orf55,0.06494079083273564
LOC554202,0.06493693973010792
SMARCD2,0.06492972232986939
ZNF193,0.06492366857622034
RSPH9,0.06492253680374371
LOH12CR2,0.06491360107763959
ARSB,0.06490390507112638
ST3GAL3,0.0648947243317196
LMNB1,0.0648770183824084
MYH16,0.06487156276530526
SH3BP4,0.06485830357535499
C1orf38,0.06485570341284946
CUEDC1,0.0648412678715612
CAMK2N2,0.06483953959393371
STK17B,0.06481691093043561
ALG5,0.06481361487810798
FAM89A,0.06480585329727012
SORL1,0.06480194546873456
KLK10,0.06479597337461329
MPHOSPH10,0.06479421903254969
EDA2R,0.06478424267722112
LRFN4,0.06477943821240126
MED11,0.06476409976795591
MRPL13,0.06475480835168741
ACVRL1,0.06471099959041733
SMAP2,0.06470746840945359
CTBP1,0.0647065080904236
LOC643763,0.06470514474034368
C1orf66,0.06465257172091433
C20orf94,0.06460201001209162
CCR5,0.06459533768578636
LOC284440,0.06458475865106376
CYSLTR1,0.06457643491787589
PCGF5,0.06456985720966525
UBR5,0.06455770919484762
C12orf29,0.06454366974814543
NAB2,0.0645367359581329
PTH2R,0.06452753115694455
C21orf67,0.06452363132774748
SLC24A5,0.06451817095340696
NEDD4,0.06450832288835018
LBP,0.06450342746332044
KDELR2,0.06450325028718872
SNCG,0.06450167239427608
RFWD2,0.0644938747540898
EP300,0.06448219761160218
TBC1D23,0.06445802124567312
GPR144,0.06443838156139187
CCNE2,0.06443698629896905
FOXK2,0.06440523422273493
C16orf61,0.06438565505790571
C16orf62,0.06438557897506356
FAM149B1,0.06438344638378385
LEO1,0.06436405325864578
C3orf33,0.06433678425098247
MMP1,0.06433631257499413
IFIT5,0.06432076755493651
HTT,0.0643203346039407
MAFB,0.06431538537723253
PLEK2,0.06429881609881705
UTP18,0.06426979698111572
MIXL1,0.06425471965171817
PLEKHG2,0.06425028110569264
CIRBP,0.06424540081471637
ITPRIPL1,0.06423419859402711
HNRNPR,0.0642306740205367
TMEM176A,0.06421296679247733
SLC39A11,0.06420771935215941
TSSC1,0.0642066157764562
TM9SF3,0.06420047255613302
TMEM206,0.06419658441252124
BST2,0.06418805472308775
SPAG5,0.064186459104106
M6PR,0.06418177205712622
RASSF6,0.06417535094218849
PGAP2,0.06417077107611277
CLPB,0.06416982528695328
C9,0.06416878211225292
SPEF1,0.06412742279742732
AZI2,0.06409558781807687
C14orf176,0.0640937005394163
C9orf170,0.06409235007909214
EXOC3L,0.06408371589282959
GDPD5,0.06408081931700847
N4BP2L1,0.06407841258926918
EPS8L1,0.06403498363766703
LYRM2,0.06402019950286227
FAM10A4,0.0640190617843025
ROBO2,0.06401650556791408
C1orf187,0.06401599260539405
TMEM51,0.06398906378078424
GGTA1,0.06398262487116566
CCDC134,0.0639821069041921
PRUNE2,0.06397553546501611
OSBP2,0.06394648209969377
ROR2,0.06394362567462301
RABEPK,0.06386958091046899
GBA,0.06386454457022128
MUC20,0.06383595695722222
METT5D1,0.06380471020444842
PRKAG2,0.06379221769079897
DCTN2,0.06376344779736792
C1orf124,0.06376341494466124
ZNF496,0.06373444969856837
STAC,0.06373096624643894
WAS,0.06372140186646452
C11orf21,0.06369520427962605
GMPR,0.06369306020940058
HIST1H2BJ,0.06367473184080366
TOR3A,0.06366864019887639
TOB1,0.06366358463888071
GADD45B,0.06365503542150187
LOC115110,0.06365301314214397
C8B,0.06365297887626482
GATSL1,0.06364600439595919
SLC6A12,0.06362392595258001
TSPAN31,0.06362137423705223
TMEM180,0.06360161487128052
DHTKD1,0.0635948895095682
SH3BGRL,0.06359183840083991
TNFRSF14,0.06358957019078004
MPP2,0.06358414048002557
METRN,0.06358023317119296
SERPINA3,0.06356804427373952
MAPK15,0.06356427392825773
SLCO2B1,0.06356316991848227
ANKRD58,0.06356205972038395
AGPAT9,0.06355567007869768
UCN3,0.06353837313890119
GNAT1,0.06352304857685102
PVR,0.06352300049368295
ZNF154,0.06351713569980705
C2orf3,0.06351661918521213
NLRP3,0.06351620438422068
USP28,0.0635092188432668
KIAA1949,0.06350659805590386
CXCR1,0.06349986667025448
SCARB1,0.06349463839393707
KCTD3,0.06347585106910861
ANKRD56,0.06346591347934444
OTX2,0.06345789717933088
RCL1,0.06344813604077489
DGAT1,0.06343794116792258
TLX1,0.06342222299783445
NQO1,0.0634143564732145
TRNT1,0.06340631897254084
VAV1,0.06338844686492005
PDS5A,0.0633826598876104
SMAD1,0.06337160664278799
DHX29,0.06336333433556277
ERLIN1,0.06332959054091616
RGL1,0.06329201526196365
POLE2,0.06328146235193256
POLDIP3,0.06326247877392244
KRT4,0.06325826038223434
DOK7,0.06324682333130234
OSCAR,0.06324286993121217
ARMCX3,0.06323167961041626
INADL,0.06322231106143371
PRKAB2,0.06321511587266868
MYPN,0.0631994229550273
ARHGAP15,0.06318660066699318
TRIM25,0.06318452256438281
VDAC3,0.06318100087345924
IFI35,0.06315461243714034
HOOK3,0.06315449409582563
HSD17B4,0.06315382793212489
RPL19P12,0.06314514323347682
FCGR1B,0.0631398840823275
COMMD10,0.0631348634978181
MFAP1,0.06312701911469475
ZNF185,0.06311664841294624
GAPT,0.06311519253561504
SLC1A1,0.06310671288938605
NR3C1,0.06309257067116952
CRAT,0.0630829104877985
FAT4,0.06303725962662021
SLC4A1AP,0.06300001593675116
MBD1,0.06299426906298011
MORC4,0.06298953174416573
PIK3C3,0.06297936157075577
FABP5L3,0.06296123499717447
GATC,0.06296005692381214
PLCL2,0.06295005600140267
UGGT2,0.06294312564587559
PARP14,0.06294185281373905
NTNG1,0.0629335556492738
RLF,0.06292589795256559
PRKG2,0.0629128811215692
HS3ST3B1,0.06290378404469218
RBM28,0.06290374483783746
GAMT,0.06290130934630322
ECSCR,0.06287306620325768
BCL2L2,0.0628653947216351
UQCRH,0.06286413568504808
RGL2,0.06280491063469419
LOC341056,0.06280168965400625
ZNF498,0.06280160964396012
BRCA2,0.06278533655926678
GLRB,0.06277870440932772
OSBPL5,0.06275857333788723
SPAG4,0.06275502472802721
C21orf2,0.06275462850728925
TMEM156,0.06275067375346365
OSGIN2,0.06271471723064534
CHGA,0.06270358953803282
TNFRSF4,0.06269228102548723
RNF135,0.06264787207912927
TACC2,0.06264478975188183
ACYP1,0.06264224088728015
THAP7,0.06264207601436436
CNTNAP4,0.06263331904329758
SUV39H2,0.06263167389797
ZRANB3,0.06263167224506953
ZNF438,0.06260893543753657
SYN3,0.06260610383030818
PRKCA,0.06258182804786683
GABARAP,0.06256038670623035
MAPRE3,0.06255295913360132
SAAL1,0.06255148681683027
KAT2B,0.06255058027890625
FLI1,0.06254486110221297
KLHL11,0.06254278502550066
NFKBIE,0.06254120850610066
REV1,0.0625366643555853
CCDC57,0.06251810760221059
NCOA7,0.06250922719367102
TSN,0.06250060803080104
MST1P2,0.06249828754645889
PBX3,0.06247337076673251
PLEKHM2,0.06246079993384575
POU6F1,0.062435840476594714
OGFRL1,0.06243261310504515
C10orf82,0.06242744830910847
METTL5,0.06241993242106042
CBLN2,0.06241621462255364
CHST15,0.06241211919085386
C10orf114,0.06239699376035355
GTF2H2C,0.06238998080858655
C12orf39,0.06237984863374923
LPGAT1,0.06237116100424565
NUP54,0.062343292258149094
IL24,0.06234079674471508
STARD4,0.0623335887669421
SENP3,0.06233314443603877
GATA3,0.06233095867912747
TMED4,0.06231589218353804
ARF1,0.06231399552487396
PCDHA1,0.062307046627468075
C1orf31,0.06229741967496439
IFT88,0.06228964317779676
GFRA3,0.062285928172820755
KIAA1109,0.06228368815158541
FLJ35220,0.062265969479160854
KLRG1,0.062263052527767176
RMI1,0.062253635408492644
SFRP1,0.062253399872655706
LIF,0.062241014722112326
ACADS,0.06222944547865001
SLC9A5,0.06222016006606394
CLECL1,0.0622175617249517
VGLL3,0.062208854994061556
DPF2,0.06220392605338387
ICAM5,0.06219411471021245
G2E3,0.062193566650787374
NSFL1C,0.062192675357520655
NPAS1,0.06218582276212598
LEFTY2,0.06218333955330437
PDZK1IP1,0.06218294591094035
HOXB7,0.06215946482249315
BCL2,0.0621435151852146
STAMBPL1,0.06213803728662537
CNPY2,0.06211806516346534
KIAA0947,0.06210318347212753
WIPF1,0.06209744885322876
CCDC75,0.06208836717127418
TMEM205,0.062062363633865726
CDH6,0.06204156656357723
PGAM4,0.06204004563631367
LOC400696,0.062032996716717304
ARHGAP19,0.062019431961746585
NEU1,0.06199317707623501
PRSS1,0.061985138600139794
CDKN2B,0.06197226832204457
COL9A3,0.06197066729894772
CD33,0.061970107465207445
LY96,0.061954601188458976
CRABP2,0.06193159226853772
CYP24A1,0.06192573986826701
TRIM45,0.061923738056673366
CLEC5A,0.06191944612829709
MYO1F,0.0618999876552887
ATP8B4,0.0618968867027959
ANGPTL1,0.06187012696369121
TMEM115,0.06186946839735777
CD52,0.061869104682850784
TRIM40,0.06186433043589813
CASP8AP2,0.0618600131771511
C18orf25,0.06184563018957222
RAB40C,0.061832547219279985
SMG7,0.06181955059597067
MAPRE1,0.061809008065112706
MTMR9L,0.06180809744469543
COX7B,0.06179175782903306
TXNDC17,0.06178631537550328
KCTD2,0.061777043167137544
TRIM54,0.06177093448201367
ASB7,0.06176579211108151
INPP5B,0.06174574032866048
GIMAP6,0.061741550658055734
KLHL29,0.06173485247049238
BTN3A1,0.06172721683097656
EIF4A1,0.061720239451748884
NFKBIL2,0.06171364814955863
SLC25A32,0.061709625083069125
SPI1,0.061695835144127534
C10orf26,0.06169285183136345
EFCAB10,0.06167858975825847
CD1C,0.06167644652272855
C8orf79,0.06166843184233649
C5orf33,0.06166565257433263
APTX,0.06164586489978742
PPIH,0.06164399309024737
ALPK1,0.06163466967604042
OR7E5P,0.06162561122437879
GALC,0.061622428558072595
EMCN,0.06161458381512626
SPAG6,0.06160264799978139
COPS3,0.061600649664539736
HSD17B2,0.06155429288288955
PCDH7,0.06155241357271573
IFI30,0.061528878173955436
UBE3A,0.06152104438409103
FGL2,0.061519759362108614
APBB1,0.0615186464655439
INCA1,0.06150760013277247
KIAA0240,0.06150594668432579
GPC2,0.061501421852810434
TNFAIP3,0.061499934324946985
LMO2,0.06149036594441956
ILK,0.06148496571238959
ANKRD20B,0.061479929593169
CCDC94,0.061465369607112054
CCND2,0.06146044935112436
RNASE6,0.06145009914866336
AP1S3,0.06144836066925361
PRPH,0.061426745651515284
DPP10,0.06142079252012814
C1orf144,0.061415099588918304
PLD4,0.061395132228050216
C20orf96,0.06139081091357402
GPBAR1,0.061379383822529554
PTPN23,0.061345974105664024
C7orf65,0.0613311138924971
C15orf52,0.061307778503749064
WHAMM,0.061302851620006385
TNFSF12-TNFSF13,0.06130082764894175
RRP7B,0.06127811202133076
AGA,0.061271178238206506
FABP7,0.06126779462359253
C21orf99,0.06125131162594697
UNC5B,0.06123947139122861
LOC283070,0.06123922869219044
TRPC2,0.061236243842989466
PGBD4,0.061219806697554516
SULT4A1,0.06121764413875296
HLA-DRB5,0.06121495648542247
CLPX,0.061182728502394264
ILDR1,0.06117675217418673
ZBTB7B,0.06117115187683298
SECTM1,0.06116200658088891
FAM171A1,0.06115432583152697
DPYSL5,0.06114755738241231
C13orf37,0.061136195119730105
THRSP,0.06113138815476481
ZNF826,0.06113048916443042
SLC30A1,0.06112022114898028
LRRTM2,0.061114941913895576
NOB1,0.0610805165228911
CCNO,0.06107598353814659
WDR17,0.06107518658724
PBRM1,0.06106971356346835
HIST1H2BM,0.061060924059297916
LRRFIP1,0.061053371137828036
AIF1,0.06104691145373316
CNKSR3,0.06104649586667807
NAP1L4,0.061040447466330264
EML2,0.061033748127379425
RNASET2,0.061020760498073146
HIBADH,0.06101944186727151
SLC12A8,0.061018552012483344
FAM176B,0.061017541868938305
EIF3C,0.06101444373849434
GPR88,0.06096532039242513
PYGB,0.06096294645874986
C9orf128,0.06095836487796014
AKAP12,0.06095592908358215
APCDD1L,0.060930736566224525
SLC22A1,0.06092865642005907
HIST1H4D,0.06091818621495207
FAM190A,0.06090435898703834
PSMF1,0.06090354715168875
EGLN3,0.060896726903483515
MARVELD1,0.06088358864961618
ADNP2,0.06088347105557399
PHF20L1,0.060878098133650305
GABBR2,0.060849880598609914
FAM65C,0.06084689539503285
GNG2,0.060841221835130396
WDYHV1,0.06083974010976803
PRICKLE4,0.06080947025857323
ANP32E,0.06080333969296553
ALDH5A1,0.060800652387561396
KIAA0087,0.060798517647203475
SHC3,0.06079524082645288
PPP2R1A,0.06078687684946502
HAS2AS,0.0607866692529425
NSUN3,0.06077757361196531
BIN2,0.060770167922689765
RLN2,0.06076375675643682
SNX17,0.060747542280132995
PLTP,0.06074420287363197
FMO1,0.060737649567563924
CCDC160,0.06071120228758177
POLD1,0.06070892483764403
ZDBF2,0.060705581821932454
CMAH,0.06070003328546769
FSTL4,0.06069182390122434
MAGEA2,0.06068295403655131
RAF1,0.06066075682515259
CIC,0.06065977204630692
C4orf42,0.06065274263216791
ATP13A4,0.060651771704860066
GSDMB,0.06065168354375699
INF2,0.06064447761222331
ADD1,0.06062682038025678
CCNB1IP1,0.06062523108983857
WASL,0.06061768685807692
HLA-DOA,0.060612806200487784
OR10AD1,0.06059489593743068
MMP17,0.060593202187757725
CGB8,0.060587784616541795
TRIM38,0.060577489297116725
WBP2NL,0.06056238218123126
SLC35E3,0.060561484210654326
C3orf30,0.06055942288209579
EFNA1,0.06055799306869847
PADI1,0.060552303263587105
RNF2,0.060549088426365846
UBE2V2,0.06054105796520777
NLGN4Y,0.06051568200700406
URB2,0.06051394913103769
FKBP6,0.06050109449804714
JAKMIP1,0.06048427120416028
DENND5B,0.06045790579876466
TOP3B,0.06045224313879537
FCGR2A,0.06044679828700786
PTP4A3,0.06043340949362473
UTP14C,0.06040037244687666
NME7,0.06039949632878171
MAD2L2,0.06039685156528006
ZBTB33,0.060374243720809094
MNDA,0.060362273633445214
PPP1CC,0.06034978008427402
ZNF740,0.060347440479449725
RNPC3,0.060339670457945326
NUDT16L1,0.06033706911302776
PRRG3,0.06033375583891029
SYNJ1,0.06032869954415254
BCAR3,0.06031232953776839
CPSF7,0.06029618892457572
ZNF277,0.06028394659342494
DSPP,0.060272264638117745
ADAMTSL4,0.06026826648085926
WDR91,0.06026459508305446
CSMD1,0.06025308824906505
LY86,0.06024994740722095
EMG1,0.060247235759717035
PTGES3,0.06024268649509966
C20orf108,0.060222697512003466
LTBP3,0.060184433909972045
SRD5A2,0.06018315353475055
MNAT1,0.06017494326529401
DMC1,0.060171068870572594
PSG3,0.06016641359977454
GAB3,0.06015128968674766
ASB2,0.060151222953275456
DHRS11,0.060139661643860955
IL1F10,0.06013598827965858
C11orf67,0.06013396045228719
TTC3,0.06011033072865301
NLRC3,0.06010436672343541
FIGF,0.0601035331913729
C2orf49,0.060096785245634936
GDI1,0.060096716273340484
DOCK2,0.06009662061666068
PDGFRL,0.06008825333489176
HOXC5,0.060084884485637126
NMUR2,0.060068595445408636
PLEKHA2,0.06006291177140492
NAT9,0.06001819809389564
EVI2B,0.06000423192122952
MAP4K4,0.06000213907055207
ZNF592,0.059994854767848424
WARS,0.059970868361055474
FLJ39653,0.059969423116190426
DHRS7B,0.0599646023444408
ARF5,0.05996097305378877
ACTN3,0.05994864256229645
EPN3,0.059946924171928095
TECPR1,0.05994622945998429
DUSP3,0.059944429987506855
ANKMY1,0.05994418292191087
ETS2,0.059943467935036215
IGLON5,0.059941917684983456
TMEM132E,0.059928584183930905
RTDR1,0.059925354956406926
BTN3A3,0.059918263868907515
IGF2BP1,0.059908556255800514
XPA,0.05990699844920957
FAM155A,0.05990519206832691
NR1H3,0.059901812635104704
PAX1,0.05989389056073748
SPEN,0.05986190463477479
FAM161B,0.059859110162082514
MRPL18,0.05985807380484327
TWIST2,0.059853565928257836
LRRC36,0.05985030224823819
HSD11B2,0.059844475120788124
ITPR2,0.05982454305444003
BCORL2,0.05982309248857606
KIF3A,0.05981687065928655
DYNC1LI2,0.05981536089083354
ASPHD1,0.05979788883496668
F2RL3,0.0597957320354101
AKAP1,0.059783644685599394
EVPLL,0.059772589474794746
RAD50,0.059768026650951406
LOC152225,0.05976597370372759
CMTM1,0.059760118935454756
PHTF1,0.0597531537533536
GNB4,0.05975055797964338
DNA2,0.059738768739556775
RAB42,0.05970687423672258
TGM4,0.05970316647951228
MYO18B,0.05970006643522171
ZSWIM4,0.059690566104442504
NBPF4,0.05968891206409787
CASS4,0.05968285685940709
WSCD2,0.05968026649808084
PRAM1,0.05967927503842651
ZNF483,0.05967283895341509
SLC16A9,0.059668960958517335
SLC15A2,0.05966743936131726
HSPA12A,0.059663383541528
TLR7,0.05965750006991561
LOC158376,0.05964912137999019
LSM14A,0.059649039575023884
TMEM63C,0.05963377893044772
COL27A1,0.05962880223094073
SERPINA5,0.059609328647700924
RRAD,0.059608080772574526
FCN1,0.05960296768689274
MDH2,0.05959964441408346
LAMB4,0.05959593286134173
LST1,0.059585127772910966
LHCGR,0.059561687211977535
ATG16L1,0.05953666366598701
LOC649330,0.05952686401118798
CCNI2,0.05950332726043337
GPR65,0.05949174023425346
ALDOA,0.059491006460769776
KCNG3,0.05945779335000285
TARDBP,0.059451667295509
C6orf120,0.05944000055118507
TBCB,0.05942952987069578
HAUS4,0.05940636837634559
GIPC3,0.059391768169092356
LIN28B,0.059384938522663716
CPT2,0.059384069328750254
DNASE1L3,0.05938360495803188
C1QBP,0.05937651528346324
AGGF1,0.05936655310546216
SSTR1,0.059333018146132205
RRAS,0.05932623166747367
DYNLL2,0.05932102799674253
BTK,0.05927758876394501
GGT6,0.059267793191253644
ALKBH3,0.05926164540618528
NKX1-2,0.059252763773657145
HAPLN4,0.059248411702730326
P2RY13,0.05924523396811345
NBEA,0.05923429242102928
RASIP1,0.05923174478929796
C19orf50,0.05922565566310917
KIAA0494,0.059203919610632545
NUDT8,0.059201091509007674
AP2A1,0.059197955167580606
HSP90B3P,0.05918500057730273
PJA2,0.05918494633215243
CHTF18,0.05917879968910807
DUSP5P,0.05916006549335714
FN1,0.05915594119133253
EPB41L2,0.05915122962793002
THAP10,0.05914529763361532
ADRA2C,0.05913742561455172
NAA25,0.05913488828666983
DNAH12,0.05912075951206678
KRT79,0.059119077308649313
?|90288,0.05911807648240556
HEXB,0.05910732718472044
MRPL48,0.059103469360283545
SUMO1P3,0.059101421177751925
CX3CR1,0.05909324016137708
NCRNA00185,0.0590720146461505
ARHGEF12,0.059031021356082194
LOC653566,0.059010726199076505
AXL,0.05900645409335896
SLC27A2,0.05899783439097989
PGK1,0.058995517991604005
POU5F1B,0.05898771122688708
SUDS3,0.058986964413263177
MARCH7,0.05898075545689698
ZNF137,0.058979970972821184
PPIAL4G,0.058978068675618174
DPPA2,0.058962109819556636
TM6SF1,0.058948036647635656
FAM181A,0.058936572688859955
UCHL3,0.05893306490537574
PRR15,0.058931994235702057
BIK,0.05893022413349853
LAPTM5,0.058905880916002164
RNASE2,0.058903783409518996
RALGAPA1,0.05890364542906655
ATP6V0A1,0.05889350010096243
GALNT7,0.05888519931957644
HIGD1B,0.05887783459671456
MICALCL,0.05887757128383759
MRPL34,0.05886395891186376
RDH5,0.05885463058736856
ESRP2,0.058828351128031114
PAK3,0.058810381302698896
RAP1A,0.05880645607984049
MPDU1,0.05880442203543532
FOXB1,0.058803084454102074
RXRA,0.05877952254756477
MYL12A,0.0587647507266173
ZMYM3,0.05876423693870679
WDR31,0.05876128470013122
MT2A,0.05875640376586145
PREB,0.058742268292540555
SNORD116-28,0.058740339278431385
VWC2,0.05873856678981149
FOXJ2,0.058735224216010955
RPRM,0.05873223428008811
GLS2,0.05872962752206205
RARRES1,0.058723949920782066
RNF183,0.058716720391752374
AKR1C4,0.058713535489439646
C17orf75,0.05868851449463068
SLC27A1,0.05867959192697389
IMP4,0.058672874978693036
CKS2,0.05867095003463551
AMOT,0.05866923219093907
TACC3,0.058667911867378096
LOXHD1,0.05866305450174668
POTEE,0.058641073528902896
GYG1,0.058618491438737826
HOTAIR,0.058610538678073885
EIF3M,0.058600892989517275
PHF11,0.058575212009244315
PPIP5K2,0.05856984454645772
APCDD1,0.05854934430249329
BET1L,0.058526837735505266
ACTL8,0.058505456965893377
KIAA0430,0.05848332946683033
FBXO22OS,0.058478357691646866
HLA-F,0.058476765131242024
ZNF717,0.05846756561548737
GABPB2,0.058458958887504416
C9orf5,0.05845260597756087
UBA5,0.05844017505699511
JAGN1,0.05843591248556915
C17orf39,0.05841608069726432
TMBIM6,0.05841563161016406
PIK3R6,0.05840476184660242
SMAD2,0.05840066304748121
MAGEB6,0.05839481403633621
ZNF678,0.05838938588890304
ITGAM,0.05838019834279903
ORM1,0.05837874413178422
GABARAPL1,0.058375194142698886
ATAD2B,0.05837465200792503
MRAS,0.05837159075329841
AVPI1,0.05834807037256131
OR4C6,0.05833877125961656
GCKR,0.058325806944186806
SLC48A1,0.05831192602343868
FAM78A,0.05831070519734945
FLJ44606,0.058309188671751694
FUCA2,0.05828352605684052
SLA,0.05827261864475875
SLC7A10,0.058271566433874995
MTHFD1L,0.05826830302431284
NUP188,0.05826182445509874
GPX3,0.05825759222378224
SMC3,0.05825132161433008
PGLYRP4,0.058247658230143495
PREPL,0.05824649863371121
BTBD1,0.05823626495567217
ERI3,0.05822503371361939
CAPN10,0.05821817518330761
GSS,0.05820912423622946
LOC100132707,0.05819802985927241
PPP1CB,0.05819205520095613
SLC24A6,0.058189566661443134
STARD13,0.05816799653613723
RFX1,0.058160597773814514
CTNNB1,0.058160176704318556
LOC100233209,0.058155811174341744
EXOSC7,0.058148731648240255
LOC344595,0.058137396782582465
NDUFA11,0.05812825782214235
BAP1,0.05812028674113078
DKK3,0.058118998963978256
KIAA1549,0.05811484825600545
ACTR6,0.05810698590876521
PKP4,0.05810379416553408
FBXO11,0.0580883700006778
INVS,0.05808579182400309
DYM,0.05806599621160284
GCGR,0.05806578656301647
PDZK1P1,0.058061169509062496
C13orf15,0.05805279279249531
COPA,0.05804313830783199
LRRC45,0.0580312686557264
RAB11FIP2,0.05802791630355263
GPD1,0.05801372208071471
CIB2,0.058010909892348625
MAP2K6,0.05799658545729172
HMX2,0.05797803556912264
CBLN3,0.05796336331360809
MRTO4,0.0579562433237195
CPEB1,0.05795030259852148
SMNDC1,0.05792007040571336
NKIRAS1,0.05791970094856967
CERK,0.0579195100265222
MAP2K1,0.0579154147850164
CARD10,0.05791207752083635
LOC100190940,0.057910219271577336
DMRTC2,0.057900586468012515
EIF3B,0.0578909486224103
NPR1,0.057887399899871655
KIAA1033,0.05788435341658142
RCHY1,0.05788001743030535
ANO9,0.05786810098811793
EYA1,0.05786463378617676
HCN1,0.05784998268005758
BYSL,0.05784570156088663
HYAL4,0.05783930274141183
SLC25A4,0.05783297240000192
?|729884,0.05782430900866099
ID1,0.05781908213061166
PLIN5,0.05781114275499136
TUG1,0.057804687821635344
UPF1,0.05779934002272079
TMEM49,0.05779829906279204
NAGK,0.057784801822544564
SCN2A,0.057784330514431576
MAP1B,0.057781784284858216
AGBL3,0.05778063701545411
KCNN2,0.057777769798643124
PLA2G4A,0.0577742527240562
TCTN3,0.05777165393781148
ACE,0.05777157867822753
DOK2,0.057765590450792485
ETFA,0.05776212606195061
C3orf35,0.057760445022720826
MYBL1,0.05775891463955756
DCAF13,0.0577553774428888
BLID,0.057753844826185535
MEIS2,0.05775164182894622
SLC29A3,0.057750725060092115
SKIV2L2,0.05774923544200768
MYADM,0.05774082546404315
CALM2,0.05774062856801033
RNF180,0.05773188203360247
BBC3,0.0577296530055071
EIF1,0.05772504196925182
ANK2,0.05772041126031397
CCDC69,0.05771557104666692
MAP3K3,0.05771258542015887
FAM131B,0.05770950289609932
BAG3,0.05770158455315706
PTAR1,0.05769626185076327
WT1,0.057691191379382466
GLYCTK,0.057686870074038735
PTPMT1,0.057686344815014994
TATDN1,0.05764418371120571
ITGAL,0.05763449547428957
SUV420H2,0.05762659526153009
LOC348926,0.0576114727550368
TLR2,0.05760546843120258
PSMD3,0.05759695193939066
TRIM32,0.05759531276452259
C15orf57,0.057593559840846804
TTTY15,0.057583649330551386
GPAT2,0.05757955003628742
SERPING1,0.057570346823075894
HS3ST1,0.057557258635427225
NEXN,0.05755302413367185
RTKN,0.05752669247231714
HDAC4,0.05751901263747241
CHRAC1,0.057514994656362894
E2F6,0.05750742571373643
ADAM28,0.05749396619809306
CGREF1,0.05747912381034624
BMP1,0.05746450612273826
ZC3H12A,0.05746330286334441
GDF1,0.05745575750477068
GADD45A,0.05745260702983263
C19orf35,0.05743191713489929
HMSD,0.05743147704329114
TMEM84,0.05741918243029237
CEP72,0.05740412930929958
IP6K3,0.05739630611846225
TAPBP,0.05739581377915612
BTG4,0.05738186088243652
XPR1,0.057378041634193765
IL4I1,0.057370527429918994
RIBC1,0.05737012802121123
SF3A1,0.05736490128753705
RNF17,0.05735439725517297
GIT1,0.057348307891717624
CLEC18B,0.057343632228864225
XKR9,0.05734319967967934
MCL1,0.057343065645038556
MUSTN1,0.05733659246486042
LOC100133991,0.05733584036815319
DUSP2,0.05732948613289378
LOC285830,0.05731223295121899
IER5,0.05731097499212107
WWTR1,0.057305507546877354
FKBP11,0.05730218953032059
DUSP13,0.05729673665658418
SDCBP,0.05729150689162009
PLUNC,0.057291032766890085
SOX4,0.0572895363153846
TRABD,0.057288952657977274
AKR1B1,0.05727802506846157
AFARP1,0.057270336773128414
HIVEP3,0.05726435942879402
SURF4,0.05725965781121347
CYB5R1,0.057258462357778345
ACPP,0.05724610629777084
MAPK3,0.05723356413508044
BCL2L14,0.05720695029081897
C6orf186,0.05719232442032203
LRPPRC,0.05718314277190553
C21orf88,0.057174290713305535
EPB41L4B,0.057169425123433995
LHX1,0.057168941547824814
CTSH,0.05716112124385305
CCDC129,0.05715475535860148
EYS,0.05714385313083407
EAF1,0.05714314249135337
DPP6,0.05713793207972525
NKX3-1,0.05713367957933131
B3GNT1,0.05713262182510135
CD1E,0.057129172983215626
KCNH8,0.05711825421646524
ANKRD19,0.057096495743353314
C11orf45,0.05709243888683754
WNT7A,0.057076289854027504
TMEM88,0.05707129698293158
THPO,0.05707090208198241
CLIP4,0.05706586317862531
CRMP1,0.05705016365745773
FAM167A,0.057029283433582656
IL18BP,0.057014774283507916
RIN3,0.056998811441489855
CBX4,0.056997513588013304
FAF2,0.05699715326289242
C14orf147,0.05698764138122105
OR13A1,0.05698420989904978
TRIP6,0.05696459647775183
CCDC91,0.05696129153295218
MRPL11,0.056956168969924795
KRT81,0.056951497468983564
LOC90246,0.05694773082642508
KIF4B,0.05694269025905026
GLI1,0.05692888258845487
IL1F6,0.05692286913490273
LOC400027,0.05691518107186871
EPHA4,0.0569115505826005
RAPGEF6,0.05690890580101861
LRRC8E,0.05690842927499065
SAR1B,0.05687948704467961
TRAF2,0.0568322400883615
ITGB6,0.05681513548580917
COX4NB,0.056804361545227874
TRADD,0.05679844522319664
LMTK3,0.056789174031234395
PLAU,0.05677542195673605
NAAA,0.05677101415627925
POLR3G,0.05676438891366597
LOC91149,0.05674406246123017
NXPH3,0.05672971663377773
PCDHA9,0.056729267543226894
C3AR1,0.056710601532158844
MARCH9,0.05670556007975291
HDHD3,0.05670406528574786
CCM2,0.05669981886338371
SLC30A6,0.056674594278379495
ETV7,0.056667874132056296
FAM188B,0.05666771098194008
KLRB1,0.05666531772864013
ZBED3,0.05665805548166987
LGALS4,0.056656426920533846
MYH9,0.056649791675624776
TUSC3,0.05663683396760774
LAIR1,0.05661515707951184
C10orf81,0.05661031836232328
FKBP7,0.05660976641868232
PARVG,0.0565762361048543
FABP3,0.05655884644647254
FERMT3,0.05655731264864584
GPR27,0.05655597391512087
ROBO4,0.05654768654230511
USP19,0.0565371098811886
GOSR1,0.05651674019708899
TNFSF13B,0.05650881142313785
TTC4,0.05649492412431446
IGFBPL1,0.05649066197763391
ZNF837,0.056480896294309815
FCGR1C,0.05647658946979207
EMP3,0.056459818713575985
NFATC1,0.05645913836663065
CCDC135,0.05645770182827535
HRNR,0.056453230758365766
CAMLG,0.056452443510342946
PDE2A,0.05645122020791125
TRAF6,0.05644382646389973
HIST1H2BF,0.05641892810131458
NPR2,0.056404230942276284
ATP6V1A,0.05640421918587595
COLEC12,0.05640167275389174
IGFBP1,0.05638763211303163
HLA-DRB6,0.056336347848426324
CRADD,0.05633594025024863
ASPA,0.056330474039385396
C10orf12,0.056328453964239994
RPL14,0.0563216252896474
ITGB7,0.05631567220734148
TBL1X,0.05631252313763036
RS1,0.05630944055462497
CC2D1B,0.05630335830174795
RAB27B,0.05629420629553699
KCP,0.05627230245284494
NPEPPS,0.05625635499384118
TOP2A,0.05625256173470233
PAPD4,0.05624945418401638
CEACAM21,0.05623494858475388
CHD1L,0.05623130001350118
ZNF530,0.056208462314667786
BAHCC1,0.05620597337623974
CCDC130,0.0562057110400236
SLC25A26,0.05620397111680431
C1orf9,0.056203474896658494
KCNF1,0.05615467908207856
PQLC3,0.05615211665052629
SPOCK2,0.056146512740302426
CHMP4B,0.05611153405470743
POLL,0.05610920051473133
MKL2,0.05610398228473111
STEAP2,0.056098386050286254
LOC441869,0.05609023659340673
CTSW,0.056083642159166676
KIF20B,0.05607639957105686
KCTD21,0.056061828617152046
RNASE3,0.05605913818160197
MIER1,0.05604537897771818
KLRC3,0.05604238070441199
LOC100134229,0.05603702392045718
LCTL,0.056035399124973156
IMPG1,0.056025214548288856
CDK7,0.05602283450369991
FANCL,0.056021544096691134
PTPRH,0.056015126715313224
CR1L,0.05601004077259918
ADCY2,0.056008988804758776
OPRL1,0.05598459936814874
RAP1B,0.05598184035518964
DHRS9,0.05598079287026428
UBL7,0.055950210480628475
LASS5,0.055940198390812004
THSD7A,0.05593771012215636
ART3,0.05593328670890179
ELK3,0.05592181969568795
PHF16,0.05591592575829371
DNMBP,0.055909295129946496
HINT3,0.05590265185501741
OAS1,0.05589943529840031
GJA5,0.055893378463191985
ASPRV1,0.05589207979861604
L3MBTL4,0.055889665271070796
FOXQ1,0.055889641903064516
GALK1,0.05588203185363904
PTCD1,0.05586181778566608
PDE3A,0.05585487901328121
ARHGAP24,0.055849597140188584
CEBPA,0.05584949515779212
CEP192,0.0558355302862745
PPFIA4,0.05583464697480418
ZNRF3,0.05582071694754635
DNAJB9,0.05580142944447892
LOC646982,0.05580122847184609
SESN1,0.05580072068345179
NDUFA5,0.05579657423400583
FCRL6,0.05579371338871856
SCMH1,0.055792762412201755
CDH26,0.05578843961353238
C6orf168,0.0557854755651143
FAM3C,0.05575155927691462
SPAG1,0.0557446888876606
PPA1,0.05573255071153392
DGCR9,0.055728769238586676
DVL1,0.055704101684382855
TRAM2,0.055670614244780904
CRYGN,0.055669160049023614
FGD5,0.055656456011497026
POLR3F,0.055651425842998654
C1orf115,0.05563632389104261
SORCS2,0.05562029805264766
HNRNPA3,0.05561654471674604
DHX8,0.05561132916329953
PSCA,0.05561132252761109
TET2,0.05561074908110791
TBC1D8,0.05559747526232735
FXYD2,0.0555974699110739
STAP2,0.05559277736893619
EGF,0.05558726556333218
CCDC66,0.05558353693941109
CD164L2,0.05557828037659267
GVIN1,0.05557534994362687
LYST,0.055571426461819846
RAD51C,0.0555688949982712
C3orf16,0.055563538321105756
MUC15,0.05555512480669887
DIRC1,0.05555002433688828
GKN2,0.055547183917732106
QRICH2,0.05553848819526403
CES4,0.05553266579594516
LNX1,0.055531535859271425
HRH2,0.055531127551445784
HMGN5,0.05552680722236578
SMG5,0.055504959139998665
NMUR1,0.05549470921794445
WIPF2,0.05546568160141075
PARD6A,0.05546319234273842
PSTPIP2,0.05544789865559883
BECN1,0.05544421437619013
GALNT5,0.055441937896885944
ZBTB11,0.055424054421964034
VASP,0.05541532379035777
TBX21,0.05540587509101401
AGTR1,0.05539761914097411
DOK3,0.055388961857559704
TSPAN33,0.055367091488955356
HRK,0.055356135825227394
TRMT2A,0.055355427162607246
HIST1H2AD,0.05535196877692791
ARL8A,0.055337029216895636
HCG27,0.05532822285154823
C1QTNF1,0.055323702917554826
MYPOP,0.05532143982618559
TOX,0.05531188495195934
SETD7,0.05529519630256214
GPC6,0.05528344774057158
GCAT,0.055280719933490326
SCUBE1,0.055279714311337026
TGFB3,0.055273249910010244
S100A10,0.05526418786349837
FXN,0.05525027004711202
CDC7,0.05523760899880383
FNTA,0.055236700632338494
LOC100130331,0.05523100639177841
FBXL7,0.055230096859421346
OPA3,0.055218918485251844
FUT2,0.05520452015767288
SIRPB2,0.055202240358002835
FAM22F,0.055195556551358486
C6orf217,0.055161804805258396
ABCB1,0.055147685516523624
SPEG,0.055144833391760115
GK3P,0.05513915493958267
TEKT2,0.05513619256156763
CA3,0.05513191958799313
GPM6A,0.05512502543779278
LMF1,0.055124658487606275
TRA2A,0.05510449946932428
PSG9,0.055061033031223665
PLIN3,0.05506052640604254
PPP3CA,0.05505269919395337
ZNF786,0.055030630699318774
C10orf90,0.055027349434366636
ERI1,0.05502669811532083
PTPRD,0.055017727895156195
SACM1L,0.05498473374424576
TF,0.05498174744225761
CORO1B,0.0549808409342402
CXorf61,0.054979540978514214
UBA3,0.054977931780719774
ATRX,0.05496803635264541
HIST1H2BG,0.054954681632352176
NDUFAF3,0.05495123607691452
FCER1G,0.054939684246207134
DCTPP1,0.05492975662557817
SILV,0.05492347165144419
NCKAP1L,0.054918463648023434
TCF7L2,0.05488153065656278
C9orf135,0.05487900618706857
SAMHD1,0.05487798234392896
ACOX1,0.054872334219180065
CCDC64,0.05485690739857911
POLR3H,0.054845552277740406
RILPL1,0.05484500640608389
SLC35B1,0.05482951403681546
RUNX1,0.054807111787728936
EPHA2,0.05479716959173221
TNFSF14,0.054797038028610405
OR6C70,0.05478222390945869
CIAO1,0.05477185362369782
KIAA0664,0.0547648978745927
LOC100192426,0.05475049606568596
TROVE2,0.054749673609738876
JTB,0.05474818984528188
DPH2,0.0547230986899008
RAD51L3,0.05470961623764406
GOLGA3,0.05470634055418612
SV2B,0.054683501089815
ABCA7,0.054677797197794795
ABHD10,0.0546771355370957
KLK1,0.054672109871223
NLGN4X,0.054658263750017984
PCDHGA3,0.05465805402998821
SIK1,0.05462396556582775
TALDO1,0.05461832248069913
VWA5A,0.05459354575125926
GMFG,0.05459242702431156
MTCH2,0.05458835949789385
PARK2,0.05458657972087178
ZNF121,0.05457643257688317
AGK,0.05457633479150055
FAM200A,0.05457224764884832
TGFBI,0.054570296344249584
HSPC072,0.054566979052826106
AMY1A,0.05456662858899618
APOBEC3F,0.054562131849303974
SULT1C4,0.05455822894296839
CHMP6,0.05454341570147026
ATP8B3,0.054537990953425375
C2orf29,0.05451760585693965
IFT81,0.05451758922204308
HOXD12,0.054508620073720294
DAPK2,0.05450658861462983
PHKA1,0.05450314320230388
RAB3IP,0.05449433996705938
TRIML2,0.054493444715541704
ZNRF1,0.05449000336424547
C19orf73,0.05448820483314155
UBOX5,0.05448066763334245
FUT7,0.054478974652707055
MYOM2,0.054474799755982684
ADAM19,0.054473059400640414
VEZF1,0.05447067811786509
B4GALNT3,0.05446536925022317
LOC100133612,0.05446490637392182
AIFM1,0.05445829247800281
NR1H4,0.05444752186689417
THOC5,0.05444045149365422
IHH,0.05443347877812162
FBXL4,0.05442321304224654
CDC42EP4,0.05442202838784327
LOC387646,0.0544160523794399
AKR7L,0.054413865453049215
COL25A1,0.054412857797765515
CCDC154,0.05441137737440908
LOC644165,0.05441098835964384
AOX2P,0.05440121310998369
TANC1,0.05439498028821826
ADH1B,0.05439090960561954
SLC29A2,0.0543874956900855
PML,0.05437978545917315
COTL1,0.0543486547959826
PTPRK,0.054334832133237115
PCDHGA2,0.054327655209558304
G6PC3,0.05432663653094259
UTRN,0.054319164744704364
PSEN1,0.05431232099464352
TMBIM1,0.05430802235738945
ARL8B,0.054293583377593074
TLN1,0.054265258911259585
PCDHGB4,0.05426401142646719
TNFRSF10D,0.054252201491994785
THYN1,0.0542426596475472
PHF6,0.05424201764508076
POT1,0.0542278447849224
ZNF532,0.054223254906514855
RGS10,0.054205508315621063
C5orf25,0.054203528128652693
RFX5,0.05419162412193394
RETSAT,0.05418423957036617
XRCC4,0.054182728541747105
TRPV2,0.05418217175723568
MGC23284,0.054180160808269505
MOSPD1,0.054169403674533684
TTC38,0.05416586842886277
RNPEP,0.054165215696592314
ADM2,0.054157366379107924
PCSK5,0.05415406416372077
ZNF204P,0.054151650191432074
RPL18A,0.054124739590588666
TTYH2,0.05411667844999204
KLKB1,0.05410512268017508
HBEGF,0.054102664407900666
ZSWIM3,0.054101050369770746
KCNH5,0.05409408519964728
SGK196,0.05408461973960609
TXNRD2,0.05408280144332984
CDCP1,0.05408049655307089
CCNK,0.05406978106487964
MAN1A1,0.05406167746762948
KIAA0895,0.05405744990082784
TWF1,0.05403459359129472
PMVK,0.054034543484906314
DENND2A,0.05400541025191279
CAP1,0.054002684909780614
UQCRQ,0.05399263266080566
NTN3,0.05397126003002573
BAG5,0.05395572416938443
TOR1AIP1,0.05395570983062548
HLA-A,0.05395201493991195
CCDC110,0.05395134959311675
XDH,0.05394616264691861
SLC25A42,0.05391456845430876
LOH3CR2A,0.05391391040070325
CEP120,0.053909530792134126
APOL3,0.053909441623197725
CENPK,0.053907607761426266
CCDC121,0.05390090439455052
HS3ST4,0.05389823295432317
ELOVL7,0.05389682235307088
SOS2,0.05389431899003723
MARCKSL1,0.05388691625198646
CLEC2B,0.05387299544089791
PEX11A,0.05387050920955099
C15orf56,0.05386761893252034
EN2,0.05385621744562201
PEX26,0.05383785438691921
KIAA1804,0.053836391347682415
C1orf192,0.053822601116398305
FPR3,0.05379352307629649
PPP1R3C,0.05377881701204506
CPA6,0.053767278148583446
KIAA1274,0.05374986961988284
RIMKLA,0.05374339381085657
LOC200726,0.05374143048581491
TNFAIP1,0.05374007181631005
TMEM100,0.05373899274246066
PNMT,0.05373731462191994
EIF2AK1,0.05372567298623895
TXNRD1,0.05371801673688422
KIAA0319,0.05369234770963742
PSMB10,0.053687977911922403
ZBED4,0.05367558471585595
PCCA,0.05367247189965091
NRGN,0.05366579932380605
ZNF583,0.053646394648831745
GNAI3,0.05363212308660689
DOCK7,0.05362557455834491
DHX58,0.05361805689300169
ZNF551,0.05361182944468175
PDZD3,0.05359555932349143
CPEB2,0.05359553418572314
NOM1,0.05359287654063675
RAP1GAP2,0.05358583499335922
C21orf96,0.05355871172539766
TCEAL3,0.0535434473965622
DPY19L3,0.053542398437159695
LOC100127888,0.05353641650446794
SRGAP1,0.05353551187365969
FHL5,0.05353146117633603
ACSL4,0.05352125911231175
PLEKHG1,0.05351460009708884
RPS12,0.05350432269026594
PCP4L1,0.053502451397310684
CTCF,0.053502326149288265
MEFV,0.05349328061862957
PIH1D2,0.053483061150673625
HLA-B,0.05347065553679623
C12orf69,0.0534626815518782
COL5A3,0.053455816120070485
C13orf27,0.053454579946257456
RBM22,0.053449279730409145
HIST3H2A,0.05344803911796945
PYY2,0.053444840716079585
RPL23AP82,0.053430633258485676
DACH1,0.05342315121647189
LOC100009676,0.05341534078159354
PPP1R3D,0.05341102654844703
ANO2,0.05340775306835038
DDX18,0.05340686406157901
GSR,0.05340122190415754
FAM32A,0.053399981901427425
AFAP1L2,0.05338921268150913
SLFN12L,0.053387986859253264
SGCA,0.05338316434139036
USP4,0.05338068914826761
C16orf71,0.053375391989913326
C1RL,0.05337493541968375
TRIT1,0.053374480535163596
KYNU,0.05336657700279871
F12,0.05335938381558484
MYO19,0.053344934384791966
KDSR,0.05334492815692863
SLC5A9,0.053320476463551154
B3GALNT1,0.05329742771453567
PDK2,0.05329695172569122
CD300C,0.05329348837086896
SLC25A11,0.05324843798678663
SH3YL1,0.05322498529082188
CKMT2,0.053215484971554705
CDON,0.05320450987721124
MYEOV,0.053202046041534175
NUMA1,0.05319631302104779
ADH6,0.05318799888398953
INPP4A,0.05318458674275921
MVK,0.05318121944952652
HRH1,0.053177901347717244
NKIRAS2,0.05317336439770268
CCNJ,0.05316321971028428
PCDHA10,0.05315691082881852
GNGT2,0.053113962438180264
FAM168B,0.05311011693871304
KRT37,0.05310067826255133
SCARNA12,0.05309979135495928
PKD1L2,0.05309653096605018
IL1R2,0.05307504273979693
HMX1,0.05306423607324131
CHMP7,0.053052797304794085
G6PD,0.053052354839462704
SLC44A5,0.05305065010107651
FAM5C,0.05304057309919121
CCDC96,0.053037271255153826
SLC35D2,0.05303195342875748
KIF13A,0.05303133569792245
CDC42EP1,0.05302792192578964
DYNC2H1,0.053026603750203606
MORF4L1,0.05301283742658262
CCDC74B,0.053000507965405924
EFNA4,0.052995528674360345
FAM70B,0.05299263074186376
ZNF844,0.05299190159813517
PKIA,0.052982383664339466
CPSF3,0.05297937676492036
ECHDC2,0.05296690244411212
PHOSPHO2,0.052965144602125876
ALX1,0.05295161182369508
RND2,0.052950046120087024
GPR25,0.05293321387883241
CNN3,0.05293295251371532
CLINT1,0.052929059521843506
LCE1F,0.05292090057785578
SIGLEC10,0.05290854391857827
IL10RA,0.05290429519439963
SH3PXD2A,0.05290314866877861
ANP32A,0.05290048576714996
AIFM3,0.05289925561132048
ATG4C,0.05288655443263146
RPS6KA1,0.0528537560506257
PRSS3,0.052851148281740506
ORAI3,0.052843657338641346
ETHE1,0.05280944695866048
DEPDC7,0.05279562266271219
ELL,0.0527877508262144
SLC45A1,0.0527825952682745
TBC1D25,0.05277184389108934
SLC30A2,0.0527663599998747
TGFB1,0.05275022351002177
FAM69A,0.05275020459493565
DCTN1,0.05274902420011488
TMEM120A,0.0527385056567025
SLMAP,0.05272358949528492
ZNF44,0.05271886549744418
HSPA1B,0.052670826515194225
GRAMD1B,0.05265644282379326
C16orf48,0.0526497303597278
GPR26,0.052646384264239565
C10orf79,0.052642732264516254
SRGN,0.05263121436581454
COL21A1,0.052626412603506645
SLC16A5,0.05262462962481688
B3GALTL,0.05261146005355484
LRRC42,0.052589195485563234
GRRP1,0.05258052933433112
ALDH1L2,0.052571523720692674
SCXB,0.05256892861823025
PIGS,0.05256267753091323
POLR2A,0.05256128532425628
LOC100132354,0.05255797135189899
RGS7BP,0.0525539086676855
CCDC153,0.05255009133673631
NCOA1,0.052547734674724934
GOPC,0.05254187462557022
ZNF273,0.05253407261572588
MAGEA10,0.05253378209835824
FAM46C,0.05253286191284243
RCAN1,0.05252571577019238
TMEM132D,0.052511433697237826
PRDX1,0.0525112638619577
LOXL4,0.05249077196627275
BFAR,0.05247490035680837
SNAI1,0.05247303384901956
VEGFB,0.05246027929376605
C14orf143,0.052458419149916495
WDR64,0.052442671528093364
LY6E,0.052439678927386
NT5M,0.05243854732241572
FCGR2C,0.052420139138269664
FNDC8,0.05241573799445097
ASTN2,0.052413810686992524
TMEM66,0.05241155267183292
YY1,0.05240701675869538
PRR5L,0.05239667581418286
ATP7B,0.052392455349099316
PTCD3,0.052379856878282734
SLC35A4,0.052379675005461625
FYB,0.05237775393129023
DHX57,0.05237668639402378
FAM25B,0.05237425909700257
GBP1,0.05234406016454903
GRIA3,0.05233943114048427
TRIM21,0.05233087247758789
LRSAM1,0.052324667829385864
AHNAK2,0.05231366402291335
ELL3,0.05231192483492453
C9orf78,0.052295620224994836
INSL3,0.052288251265286724
SCGB2A1,0.05228007805848903
ZNF780A,0.052264124212916305
ACTA1,0.05226175775178178
ZNF350,0.052258321060764626
FCGR3A,0.052255768528402004
KDM5A,0.052250639041828854
SCN1A,0.05223381489255964
NECAP2,0.05220700396756467
DEFB1,0.052202822703062375
NDUFB9,0.05219953497801602
C1orf180,0.05219353732893382
EID2,0.0521906233431327
C19orf38,0.05218253877302883
KLHL5,0.05216213096817279
SYT17,0.05214758444889568
HSPB6,0.052143188412883686
ZNF524,0.052096827524327774
STK10,0.05209658698396585
RAB35,0.05208946519570228
HGSNAT,0.05206461607410593
CBLN4,0.05206422343610489
TSIX,0.0520631269553973
IL27,0.05205207749759382
DPAGT1,0.05204734462509132
BCL2L11,0.05204285461711444
NRD1,0.05203634556518181
GPR171,0.052033072228812594
GCHFR,0.052024889672667864
PION,0.0520197483469941
AVEN,0.05201323206636543
CD58,0.0519779397899826
DDO,0.0519673950804616
PSMA2,0.051966531188807674
KIAA0748,0.05195899541938178
GPSM2,0.05195564978950679
LOC541473,0.051951874619348845
CCL14-CCL15,0.05193617859862003
CPNE3,0.05192710169651554
ARRDC5,0.05191824471673545
PSD4,0.051913098046793726
PARP15,0.05190923946619531
RELN,0.051906440484958995
ABCA8,0.051902600495912804
C21orf7,0.051899062589046134
TAOK2,0.05189242913264462
GTPBP2,0.051857564296245585
FANCM,0.051853622780994736
CDCA7L,0.05183379288385076
ROBO3,0.051833192450739064
STAT5A,0.051816282271202586
C20orf3,0.051815774985819955
RASAL3,0.051810249144112294
EHD2,0.051801800401017825
HAVCR2,0.05180175943195223
NPY1R,0.05178642101160963
VPS72,0.05178259657016398
MRGPRE,0.051768683490173835
CHST10,0.05174137319106586
TEK,0.05173766947981856
ITGA10,0.051723024644336285
PHEX,0.05171707027376317
CLCNKA,0.05170284401196225
SLC7A11,0.051692845045032756
ZKSCAN2,0.051692511595344735
TFEC,0.05169029126607528
OTUD7A,0.05168940722077215
HSPA1L,0.051670195789027255
PLA2G5,0.05166497617225258
CXorf40B,0.05165656552894082
FHL2,0.051650611465653036
SLC38A4,0.05164624122985161
UGP2,0.05163884336872361
ZCRB1,0.0516363136441513
PARP10,0.05163332477929718
ADH5,0.05163139620613603
ZNF138,0.05162158517855096
TPD52,0.051614380198538756
DNAJC21,0.05161432261941321
IL2RG,0.05159629831135403
C7orf29,0.05159248308466022
ADO,0.0515887816118889
C20orf12,0.05156897431710466
MFHAS1,0.05156751478797349
TGFA,0.051564754043486115
RNF6,0.05155821182502805
SASS6,0.05155729381040731
TRIM52,0.05155214551619163
SLC35F3,0.05155053962282395
PDE12,0.05153987265211287
CHCHD4,0.051531664098027605
PIK3CG,0.051527417329142136
GCDH,0.051526344745931436
NUP133,0.051508085550904546
GZMB,0.05150322583748648
RGS14,0.051466694612321374
YES1,0.0514497590406395
ZNF880,0.05144672892913335
ZNF219,0.051442760159676075
PIGK,0.05143381055896359
RPL4,0.051419812860534445
CCL1,0.051419179671144365
ELP2,0.05141179570588523
NANOS3,0.05141157142500415
VAX2,0.0514057288429243
ZNF525,0.05137650527889002
NEK7,0.05137599430177022
NCKIPSD,0.05137400580749968
FOXO3,0.05136796859778068
ADAMTS1,0.051364430052362284
SNX15,0.05135780222365603
AGAP2,0.05134495466448223
MTCP1NB,0.051340791150553323
ZC3H15,0.05133192501154753
VCL,0.05133188158304457
ACAD11,0.05133018427384575
LY6H,0.05132285209295938
PRIC285,0.05131905860557192
FAM5B,0.051318764188139424
MUC6,0.051315467441884956
DHDH,0.051302518890780066
ZNF721,0.05129793259055556
SMPD1,0.05129079417014436
WIT1,0.05128300205570655
PIK3R1,0.05127450052519555
TICAM2,0.05127443980166389
DCLK2,0.05127348424714733
TBC1D14,0.05126890852714419
MAN2B2,0.051253533280361814
LOC100270746,0.05125237812951073
SLCO6A1,0.0512484046485469
DOC2B,0.05123904057982211
MAP7,0.05123815902551587
TSR1,0.051235711310384506
KIR2DL1,0.05122856958510501
PF4,0.05120933571475618
TTC13,0.05120305139608939
SPINK7,0.05118758640487621
ZNF575,0.05117193926595321
C11orf16,0.05116839626702357
BDKRB1,0.05116138298475218
ZNF732,0.051152854788318915
FAM65A,0.05113531588538134
FBLN7,0.051135309749221855
RPS6KA4,0.051126157831859004
FAM196B,0.051115485861473575
STK17A,0.051115153962997414
CYP4F2,0.0511099386977154
TRPM6,0.05109471372031969
ACAT1,0.05109360616211616
CHRM4,0.05109015318483578
EVI2A,0.05108772381891033
RBBP7,0.05108025842765814
CHADL,0.05106559996739396
MPP6,0.05105234967940115
GPR34,0.051044424458187104
FBXL20,0.051039627705773215
MGAT4C,0.0510379287535029
KIF22,0.05102773080012785
GTPBP1,0.05100836929286356
MMD,0.051007896620996904
FIBP,0.05100108565092859
MEGF9,0.05098940941036786
IFNA1,0.05096716775128118
C17orf87,0.05096491425790078
SARM1,0.05095113004727684
ZNF256,0.05094618679772819
ACTB,0.050932339006938866
PFDN1,0.05093174780868425
ALDH1A3,0.05093169111986619
KCNA5,0.05092797287421899
KRT38,0.05092663464947103
GIPC1,0.05089776469358442
GCNT2,0.050892578012658556
FKBP9,0.0508844019974293
AIF1L,0.050879408738227834
DDX42,0.050856259019742805
FAM198B,0.05085030608522378
FBXL8,0.05082075053075679
ZKSCAN1,0.05081916838988071
C1orf109,0.050807241508004176
HS3ST6,0.05080367047683836
ACTR8,0.050787503208263786
ABI3,0.05078574322526485
FCER1A,0.050784805402953
CD86,0.0507676613822746
UBQLN1,0.05076011737251341
HSPB7,0.05076008296911134
C1QA,0.05075552091184386
THSD4,0.05075116267543164
FNDC4,0.050744440878118593
SASH3,0.05073699700707401
ANXA2P3,0.05072869512286909
NDNL2,0.05072687230639965
RBX1,0.05072210322945713
ITPR1,0.05070448682971977
ZNF202,0.05068969226522695
HLF,0.05068737170126498
C9orf140,0.05068730120456086
ODZ3,0.050686501296034026
PIPOX,0.05068393503458264
KCNC2,0.050681180255890294
PRPF40B,0.05067788528058519
ATP5A1,0.050677415724528
FAM38A,0.05066516014463719
LILRB2,0.05065966505212414
CHORDC1,0.05065847540603971
RNF20,0.05065458165428435
INSIG1,0.0506492212342325
CPXM1,0.05063635263449436
SLAMF8,0.05060457993838067
CYP27A1,0.05059456741468314
RAB43,0.05058399347371069
WDR76,0.050578648174230814
SERPINI1,0.05057851730397956
IDH2,0.050577081774835976
CREB3,0.050574973065925656
AGFG1,0.050559651510209414
C8A,0.05055827828188028
PTPN2,0.05055696786853064
IL1B,0.05055657533564367
SEPW1,0.050551337362385276
WNT10B,0.05051344034211801
FAM196A,0.05050879291009405
ATL1,0.050501924223971095
TRY6,0.050501903103948455
RNF222,0.05050033844535756
ASH2L,0.05049546522867977
ZNF597,0.050492678240759224
FUT8,0.05049145301626036
RGS9,0.05049020696628523
ZFP36L2,0.050483664026273606
GPR82,0.0504823740431213
MEOX2,0.05046881458647605
CSRP1,0.0504632840488641
PPCS,0.05045007580392844
ZNF282,0.050446119487568976
LIMK1,0.05044416615192277
PPP1R16B,0.05044315575454327
TRNAU1AP,0.050433396309717785
EDNRA,0.05042715726952969
SLC28A2,0.05041514964465207
DICER1,0.05040286816597223
KRT72,0.05038317376768903
CELF3,0.05037955589323269
SLC22A2,0.050360585055255765
TMCO3,0.05034584575335758
MFSD8,0.050338607496398555
ESCO1,0.05032403224437162
GIMAP5,0.050293660209695376
GEMIN5,0.05028872987615653
DNAJB5,0.05028795700384919
ISL1,0.05028274645628969
DMXL2,0.05027536534148318
KHDC1L,0.05027495005718346
DUSP22,0.050266475511846216
C1orf133,0.05024453310924901
CTU1,0.050208547072274665
TMEM150C,0.05020726246795499
CXCR2,0.05020679369730003
ZFYVE27,0.05020198096113222
EID3,0.050200548238378696
STAB1,0.05019736883049999
APBB2,0.05019474694326445
ZNF746,0.05018780925009425
SELE,0.0501849792861456
KIF21A,0.05017404357031313
BTC,0.050173697852021575
GORASP2,0.050139497123554255
TIMP2,0.05012852363282671
UBXN2B,0.05011719356824059
MEOX1,0.05010718231628656
ZNF627,0.05010153728128409
LOC149620,0.0500867574696885
C19orf59,0.05008644180359987
TMEM229B,0.05007906369436829
GRLF1,0.050076474831274476
TM2D3,0.05007231278625531
TBC1D3B,0.05006735596331608
SCN2B,0.05006630299497302
C3orf15,0.05006607263769639
FAM53C,0.05005834531301605
COL12A1,0.05004950737633986
ZBTB41,0.05004601714762911
GGNBP2,0.05004464272490824
LOC146880,0.05000765837170215
HTR1F,0.05000580909428443
KRTCAP3,0.05000466868891853
KIR2DS4,0.050001515691246945
PPBP,0.049994805087687784
TMEM132B,0.04998661904529106
FBXL12,0.04997040526493278
SAPS1,0.049965577903129985
CSF2RB,0.04996024846618545
FLJ36031,0.04994877372398891
NOL4,0.04994073656127031
WDR48,0.049937169966405744
ELOVL6,0.049933004445531504
IL21R,0.04993081609082995
PSENEN,0.04992250648678479
LIPG,0.04992014595610992
LOR,0.04990560634379629
BUB3,0.04989484037017804
TSPYL1,0.049884788998716144
RTL1,0.04988415006662514
MYO15B,0.049881793352941455
TMEM140,0.04988168064198519
HLTF,0.049881172391780276
ANXA3,0.04987790360447726
PHLDA3,0.0498686703961099
FLT1,0.04985942066996922
FRMD4A,0.04985861760562007
NLRP7,0.04985383156619536
UBE2Z,0.0498482879803894
HAUS1,0.04983650901445886
RAB12,0.049831842349134285
SLC6A11,0.049820172140302446
GAR1,0.04981105868916444
KIRREL,0.04980055680953055
TMCO1,0.049800344309687314
GDPD3,0.04978648467224411
CLUL1,0.04977993835938918
SQRDL,0.04976603027182856
VSIG4,0.049753640973247394
CDH24,0.04975005530114159
ZNF442,0.04974861545612565
PAFAH1B2,0.04974755687757896
CTAGE1,0.049745362194723315
NIN,0.049741052146152986
ZNF347,0.0497380314088368
SYTL4,0.049729884788793
ITPR3,0.049728898049090836
C7orf60,0.04972414564595952
MMP28,0.049718350455203966
LETM2,0.04971660504457514
C17orf108,0.0496767786297575
EPYC,0.04966534294197614
SH3GLB1,0.04966501399337557
TNFRSF6B,0.04965908647004372
PDZD2,0.049645709374390064
N4BP2L2,0.04961368833192392
PVT1,0.0495920140015748
WBP2,0.04958909925945528
TNIP3,0.04958349963505479
BTG2,0.04958320716918706
SNX12,0.049580195499103565
PODXL2,0.0495801438112732
TIMM8A,0.049573765266292154
SUMF2,0.049566147167742
NME2P1,0.049545460668370234
AMOTL2,0.049545000399188424
SERPINA12,0.04953477863644475
RCOR2,0.049522205006477714
PTPRC,0.04951903481947623
KCTD5,0.04951641867624433
C7orf58,0.0495134120325732
GLRX5,0.04951295878173612
UBE2QL1,0.04950830909305869
CMPK2,0.04949290703154704
CLDN17,0.049492758229523884
SPA17,0.049492352860489607
RMND5B,0.049485489157446425
CD177,0.04946886446830034
MAP3K9,0.04946685417248743
CASP1,0.049465311746342396
ADK,0.04945373888704804
PLCL1,0.049439922831729086
ANKRD44,0.04939500743677921
EIF2S1,0.04938366794339126
ZNF16,0.04938207283444219
ATP6V1B1,0.04937729284434842
TNRC18,0.04937377192961673
SDF2,0.04936790714052926
MYOM3,0.04936765648059294
MACF1,0.04935059657626144
ACACB,0.049350419663179046
NCKAP1,0.04934641147272852
CD163,0.04933522139585276
HEATR1,0.04933337551236223
RRP8,0.04932236734498925
R3HDML,0.04931897535121523
FBXL16,0.049317642122981786
SLC25A30,0.049314995803902376
GEMIN4,0.049309142354964815
SP140,0.04930859483533462
C21orf57,0.04930376100781718
SVEP1,0.049291512742107926
PPM1G,0.04928596626887709
TBC1D22A,0.04928592486709684
DNAH6,0.049285492188826704
GSTA5,0.04928268827519668
GNRHR2,0.04927726265091422
MCM6,0.049263540629140075
CHML,0.049257383086009174
SFRS14,0.04920309656968432
PTCHD2,0.04920191443463058
ZBTB8A,0.0491983209863416
SEMA4F,0.049176468126197324
OR56A5,0.04916758198905215
SEMA7A,0.04916438070685793
HOXB5,0.04916347312207441
NAV3,0.04916294909102264
ATXN7L3,0.04916081108249284
C1QTNF6,0.049153818908908097
CYTH4,0.04914640474038115
N6AMT1,0.04914456662985009
C1orf95,0.04913695686490555
JAK3,0.04912881945001812
TTC37,0.04912173847230897
HIST4H4,0.04911734796648085
CA9,0.04910409407465777
LOC25845,0.04910252108715315
BLOC1S3,0.049095140371167134
WDR92,0.04908945313283734
USP7,0.049078387635328555
FAM103A1,0.049069904859126184
TUBG1,0.049069564949034146
CRISPLD2,0.04906269621706781
SNX3,0.049058752981328
MAT1A,0.049056939729037116
SEC13,0.049051948423974014
ASCL4,0.04904035018903603
TMEM134,0.049028765383057775
CR2,0.049019464861713075
PLEKHG4B,0.049012716719022395
OR2A7,0.049009566699351415
LDLR,0.04899972916114633
CYP4B1,0.04899595222338429
C1orf200,0.04898610222800963
GAL3ST4,0.04896853070166532
LOC100144603,0.04896481008920655
FAIM,0.048936960643546384
ALG14,0.04892506677671379
ACP2,0.04892448522225851
IL12RB1,0.04892296721408171
C12orf4,0.04892004553581637
ATP5EP2,0.048913278544166425
KIAA1211,0.04891284334870135
MGST3,0.04890820858765064
MSH2,0.04890587661185378
ZNF133,0.048891621827378356
OLAH,0.04888563378986787
DHRS13,0.04888355242591631
CD83,0.04887812295412045
HLA-DQA1,0.04887791223337262
TDRD7,0.048874483839896204
POC1B,0.048856614334629275
C9orf102,0.048856053157853636
RPL36A,0.04885271110319762
TBC1D17,0.04884758092219351
TNFSF8,0.04884448472625074
TINAG,0.04883795416144559
MAGEC3,0.04883399796654254
RDH10,0.04883379960797361
PUS7L,0.04883316218960581
MXRA5,0.048807502573272744
CEP135,0.04880732180069934
PHF8,0.04880658938313829
C21orf59,0.048786284509026424
C6orf64,0.04878291347994712
SPRYD4,0.04877308652458286
TTC39C,0.048768115322640554
BCAP29,0.04876726949947169
NPR3,0.048766453366397636
NOL8,0.04876500295235105
DNMT3B,0.04875064422844424
LOC100132287,0.04874826291362361
LOC283731,0.0487475756035911
TXNRD3IT1,0.048746667102935154
NR1D1,0.04873830430341677
NBPF3,0.04873525407121565
ARSF,0.04872602229875205
RNF182,0.04872111987322312
SRP19,0.04871797415920617
TMEM150B,0.04871587595317819
SLC37A4,0.04868176342412613
MIDN,0.048679461072539086
OR8S1,0.04867684177796373
GPR19,0.04867427945338076
FAM190B,0.04867091920844046
AGPAT5,0.04866992711355917
SAMSN1,0.04866515852348085
C1orf194,0.048656682861070666
CACNA2D4,0.048642083639951976
WRNIP1,0.04863614216134684
BCOR,0.048635189541772206
KRT80,0.04863283798554604
FCGR1A,0.04862491104681837
FAM117A,0.04861910413507557
ART4,0.0486188407468107
SRCRB4D,0.048613684527949806
FAM122A,0.0486133835002792
NCBP1,0.04860955800379375
C17orf101,0.048600385491297346
EXOC8,0.04859263200751161
ATG2A,0.048585895230045466
C6orf127,0.048583520912400764
PKIG,0.04858080088588499
TMEM30B,0.04855191082483472
GJA4,0.048545515006250234
NCAM2,0.04854324526766626
MYCBP2,0.04853982053555696
C12orf53,0.04852938855932905
RAB4A,0.048520551814530764
PDCL3,0.04851669437932007
HRASLS5,0.048509864965184446
PDLIM7,0.04850431441732976
GPR153,0.048502359849701714
BTN3A2,0.04850197279286342
PTGS1,0.048492041456509746
GBGT1,0.048486985141010595
SIRPA,0.0484802508989969
PLA2G4F,0.048477262469807256
CLMN,0.04847118344039408
C6orf208,0.04846598338198349
ACVR2A,0.04846449024958911
KIAA1715,0.04844482007778694
LCP2,0.0484435940610672
RIT1,0.04843856747082527
PSG6,0.048429702128348746
C8orf48,0.048428934792226735
GULP1,0.04841796579771736
CCDC13,0.04841592723724153
TMEM43,0.048413661938875314
MMACHC,0.04839705164674043
C1QC,0.04839588387935103
MARCH10,0.048381143966531204
PNLDC1,0.048372941028294564
FCGR3B,0.04836848169899001
IRAK3,0.04835677975017334
VAPB,0.048354861262162194
ANO1,0.048352585166935705
TMCO7,0.048351851815692404
LOC283922,0.04835051979221073
ZNF197,0.048341032086024055
DCHS2,0.048332831172591934
MAP9,0.04832704078744588
ST6GAL1,0.04832392181628105
KLF3,0.048319971398788276
KCNH7,0.048315130994272294
KLK12,0.04829487365831564
TYROBP,0.04828370679132825
TEAD3,0.04828022252295749
FCGR2B,0.04827234958290357
FBLIM1,0.048266100803637184
PADI2,0.04825607086799949
PLEKHH2,0.04823804055066706
LOC729234,0.048229083161089696
ZEB2,0.048216042175029235
IL18R1,0.04821074641995176
TRIM61,0.0482100848620403
HOXB8,0.04820955987195695
LOC100302401,0.04820200034856026
RCBTB2,0.048200679020797915
LIPK,0.04818713484763427
PDDC1,0.04818703631419794
KCNK17,0.0481867976781593
CISD2,0.04817664458908126
ZBTB47,0.048172245114047545
GMCL1,0.04817072955412583
GFPT2,0.048157198148867646
ILF2,0.048156895607976744
FCF1,0.04815501230220623
CD53,0.048152190913756436
MKX,0.048141200266620256
ASAM,0.04812395550742497
ARHGAP10,0.04811320390946623
C16orf54,0.04810980765241625
RHBDF2,0.04810400433949898
TULP4,0.04808663564867258
SRMS,0.04807339485702663
JDP2,0.048067512597468776
MAN2A1,0.04805943288705591
HEBP2,0.04804549473169847
DPM2,0.04804435021865608
DVWA,0.04803927641862101
SPR,0.04802959680709624
MAFA,0.04802035842222721
CAPS2,0.04802030526318503
ATP6V0A4,0.04801493534118676
ABHD12,0.048013343694825995
LOC100271831,0.04801145397425184
PIWIL2,0.04799087593427303
SIVA1,0.047979829931185346
PRICKLE2,0.047977657141213485
MTO1,0.047960971423964285
MEX3A,0.04795842710616968
ZNF771,0.04794920043297898
SPATA12,0.047947641780110205
TNFRSF10B,0.047945453185816826
TP53INP1,0.04793430934351162
ERO1L,0.0479083112202558
NUP210,0.04790799568105501
GIPC2,0.04789259866283712
TBC1D1,0.047890852557652915
SRPX2,0.04788946103567671
UAP1,0.04788692748428135
CLEC10A,0.04787762886611994
TET1,0.04786769990788769
LOC100130872,0.04786102480554434
CHRD,0.04785317826990287
COL3A1,0.04785309407539981
VGLL4,0.047830332102602055
SYT10,0.04782529868260982
SLC7A4,0.04782506936365559
ARHGEF9,0.04782427837495888
BRD1,0.04781770699686858
PDCD11,0.04781339857766943
CALHM2,0.04780822538921807
PRPSAP2,0.04780568504777145
HSPBP1,0.047803101548219956
ITPRIPL2,0.047790881031468106
SRC,0.047768050479717446
ANGPTL5,0.04775561418453697
ENPP2,0.047752337821232366
MCEE,0.04775104128413986
METTL14,0.04774368113932796
HMGB1,0.0477432129285772
C9orf53,0.04773439660267727
RPS5,0.0477259870521885
ARRDC4,0.047699674797529686
TADA3,0.047693773155353496
NOTCH2,0.0476879394020336
ADH1A,0.047686334589087165
MS4A14,0.04768172923354807
C4orf41,0.047673393119184164
DEGS2,0.04766684079298391
KIAA0513,0.04765722030795068
CLEC6A,0.04764991100725908
SLC26A11,0.0476480228237915
NETO1,0.04764438088136664
SLC22A5,0.047639711619690335
C7orf11,0.04763747763970185
CCNH,0.047632707538374404
OSGEP,0.04762288978855547
C5orf22,0.04760952700710241
RASGRP1,0.04760732136450746
DCBLD1,0.04760717706982601
RAB34,0.047604269031429086
LRRC66,0.04760117316187846
NOP10,0.047595651738640055
KRT85,0.04758517308595022
BEST2,0.047582204758155285
HEY2,0.04758185788572855
ELMOD2,0.0475751721368837
TMEM220,0.04757212083271939
EXOSC10,0.047568659050286594
STK11,0.04756842667210289
TNFRSF21,0.047544238301425186
SCAMP5,0.047542834757310776
IL1RL2,0.04753499096823382
NPSR1,0.04753431628450856
SOS1,0.047521629086009494
CD226,0.04751996390518934
TMEM170A,0.04751955246785642
FAM59A,0.047500349232673426
CSRNP3,0.0474898770497385
MPZL3,0.04748465646005763
CCDC3,0.04748024434923658
HIST1H2BI,0.04747408795978975
LPPR3,0.04746003987129922
TMEM184B,0.047451109067114715
LRRC37B2,0.04744935161237394
DTD1,0.047447992037809895
USP11,0.04744725570931766
TDRD6,0.04743480387019568
PCMT1,0.047432888960294455
ITIH3,0.047428534851499594
CXCL2,0.047401814031173016
HLA-DPB2,0.04740160803017893
NISCH,0.04740150192470053
ADAM12,0.04739128055041146
TLR8,0.04738575897947089
TRIM47,0.0473761163925771
UPP1,0.04736871450376457
LILRB1,0.047359871835193565
NSL1,0.04735763856886525
EPSTI1,0.04734031103231985
USP51,0.047337157217387286
AQP1,0.047326960515546614
ADAM20,0.04732577156930131
EDEM1,0.047323695892991055
ELN,0.047318157200185174
ELAVL2,0.04729399592938911
CAB39L,0.047279871758261295
SLC39A5,0.04727564917041597
OCA2,0.04727035306702611
ASB4,0.04726901691005271
SUB1,0.047262089240039405
DTNBP1,0.047258891214381545
VIPR1,0.047243054774947404
PIP,0.04723214234873124
RASGRF2,0.047230495848570836
EYA4,0.04722653881486189
ZNF708,0.04721591926607097
TRPV1,0.04721090181809574
AG2,0.04720308945626166
WLS,0.047194199464734306
RBM17,0.047190800209392654
LOC150622,0.047186363223906735
CYBA,0.04717824148262862
KCNJ15,0.04717380139154942
RPRML,0.047171227949010824
LLGL1,0.0471649452145198
SC5DL,0.047159787830078403
STAU2,0.04715775921303701
NPC1L1,0.04714971186779322
TXNDC3,0.047147349516544895
CTDSP1,0.04714434952688469
P2RY2,0.047136371510842316
DUS2L,0.047132242258158485
VBP1,0.04711078645275592
MOCS3,0.047105996236743095
IFIH1,0.04710422950063095
POLR2L,0.047101045258300035
STAC3,0.047094661856035794
PLAC9,0.04709300575121977
NALCN,0.04709146642540016
SCOC,0.04707744741206427
ABCE1,0.04707025543966835
EPHB2,0.04706278007093188
ATIC,0.04706176625455471
FEM1C,0.04704914504954949
RASD2,0.04703744744898093
CCDC56,0.04702674194845418
CAV1,0.047025697185356055
DNAJC5B,0.047024272268709505
CDK18,0.04702195032529285
PA2G4P4,0.047021944188233245
ZBTB16,0.04702105645724934
ZSCAN12P1,0.04701489038516313
CD160,0.04701133656567149
CD7,0.0470037161968845
PI4K2A,0.04699888615388616
SNX2,0.046995543502722156
MORC3,0.04699282461242353
CPNE8,0.046989286909349226
SLC7A6OS,0.0469889601114544
PLK3,0.046988584381942075
CHRDL1,0.04698735480666281
GTF2IRD2B,0.04698591311294093
C18orf26,0.046985186761765836
ATF4,0.046976689845478224
KIAA1324L,0.04695994878146637
ARHGAP9,0.046958286743325674
ZDHHC13,0.046955572009616864
MMAA,0.046953355834963954
ZNF17,0.04695229412248214
CCR4,0.046947017627015156
LRRC16B,0.046940077622557363
PABPC5,0.0469377440635582
CDNF,0.046925218812554854
PLXNC1,0.04690773285040485
SGSM2,0.046904410844207066
TEP1,0.04689500939098284
DIP2C,0.04688779729510302
STX19,0.04688762776297456
CDK20,0.04686727153992975
BCAM,0.04686073292338091
ARL15,0.04685862220093745
C1orf55,0.04685114792488622
TTC19,0.04684315084315081
SLC41A1,0.04683286352273937
SIGLEC9,0.04682828644034521
NRG2,0.04681608073169837
TBRG1,0.0468145754536111
PACS1,0.04680514302800757
CLCN4,0.04680471763423293
ZER1,0.04680245569034045
HNRNPUL1,0.046798255147770446
USP14,0.04679789698777525
FKBP15,0.04679666296283326
UGT8,0.046793600599682246
UGT2B7,0.04678868681484157
CDH22,0.04678520376634534
WFDC10A,0.046784256407808714
TOLLIP,0.04678142273857649
TMEM27,0.046772894818275235
NKD2,0.04675506020353535
PSME1,0.04675436919381024
C18orf56,0.04675075159389969
PHF1,0.04674444264629613
SCARA5,0.04674420608180255
P2RY8,0.04674352287536439
AIP,0.04674052601148961
PCGF6,0.04673106370452027
FAM54B,0.046720506861125694
WDR3,0.046711033021019754
ARAF,0.046703647070880296
NEURL1B,0.046680619122332845
S100Z,0.04668055442210713
NAA16,0.04666669101841833
LRRC50,0.04666382621504106
SPRED2,0.04666378831601689
C16orf3,0.04665383963189395
LEPRE1,0.04664765221373364
SDCBP2,0.04664494699016582
LOC440354,0.0466438132918397
BIRC7,0.046642939956286635
CNNM4,0.04663565830440017
EGLN1,0.04662939036328586
FGF7,0.046625348288478
ETAA1,0.0466247502359936
LGALS1,0.04661776820194506
BPIL1,0.04660317044377611
PEG3,0.04660195946432828
PSMB9,0.04659358096354466
FDFT1,0.04658775806020993
ELMO3,0.04657638375563681
MED15,0.046572335798441326
SMARCA2,0.04656899064687259
CCDC88A,0.046563197537331465
LYZ,0.04656309493413034
ZNF304,0.04656281053793515
LILRA3,0.04655725767496756
MXRA8,0.04654998338998175
FAM165B,0.046546439559681047
CDK3,0.046525460643507696
PTX3,0.046515557266104825
RELB,0.04650963237060749
ZNF84,0.04649987608978788
GHRL,0.04649889465845174
IARS,0.046482349652106444
NCR1,0.04647744863805692
APLF,0.046475868844393
ATP6V1E2,0.04647448890151232
VPS45,0.0464622338211999
AKAP9,0.04643556321390696
FAM155B,0.046434789127012106
LIN7C,0.04643215283036445
NFKB2,0.04643161493056394
TRAM1L1,0.0464289592164074
SCN5A,0.046427555363505194
PTPN21,0.04641142993985128
C2orf76,0.04640821938715697
C1orf61,0.04640345257945973
MRPS26,0.04639152689089337
CAMTA2,0.04637816527609776
LRRIQ1,0.04637613462734621
CD300E,0.04637548636740059
FXYD1,0.04637001739110088
PAOX,0.04636148134618744
ABI3BP,0.0463584100259764
ZDHHC6,0.04634274381075598
MPL,0.04631965928607367
IL2RB,0.04627592665910223
KCNB2,0.04627253330595027
RIMS3,0.04626930944551469
KRT83,0.046267959841186625
ITGA2B,0.04626174334158763
SLC13A4,0.04626158215154434
TAP2,0.046260639263191364
ZNF727,0.04625994399952467
CFHR4,0.04625738417423578
SLC19A1,0.046256035197554286
POLR2D,0.046250785472226746
ARSH,0.04624894802522439
ZHX2,0.046240324224134904
SERTAD4,0.04623168053826647
F2RL1,0.04621528200851103
PTAFR,0.04620626879481141
PHAX,0.04620516973661265
BTBD8,0.04620239214176197
MUTYH,0.04619604647809638
ZNF366,0.04617972304877609
C2orf77,0.04617764182877212
TM9SF4,0.0461693666201627
ZNF682,0.046166544041238475
SCML1,0.04616007380397442
SSC5D,0.0461476112949906
ARL1,0.046144683792777905
ALG8,0.046138559000739814
TSPAN32,0.04613195385118405
STIM1,0.04612979489495902
MMP13,0.04612804718570077
PID1,0.04610413138808937
TNRC6C,0.04608287266881917
PGM1,0.04607485848868121
NACAP1,0.04607472048165976
KLF8,0.04607162235793755
GEMIN8,0.046069641384739714
APOC4,0.046057294249873156
SCML4,0.04605671334447511
PEPD,0.04604769816119235
LITAF,0.04604305342642327
ZNF48,0.04603479895394662
ZNF395,0.046030464089796976
TCEB3B,0.04601362545384815
RPS19,0.04600828405383364
PIGZ,0.04600697334981285
CHN2,0.045989302030821765
CR1,0.04598045854303289
ZC3H12D,0.0459766920536367
AKAP7,0.045974805808913236
MSR1,0.045950442442478895
IL8,0.045944042140702204
FBXW5,0.04594132949358651
KCNIP1,0.0459300590513791
PRDX2,0.04592531265620803
CXCL5,0.045917864369289664
NEK10,0.04591615703244528
FAM49B,0.045915502210366034
TRIM2,0.0459127827621992
PTCH1,0.045911062314558194
ZNF749,0.04590968867311175
SLC35B4,0.045904636738032044
CYCS,0.045904044201309696
PLEKHO1,0.0458948573461552
SPSB4,0.04587559100652391
DHX32,0.045873205850179864
RANBP17,0.0458675319681147
CNTN4,0.04585305665068301
BCL2L12,0.04584898903660732
IGFN1,0.045844480646137574
NFAM1,0.045841323518470374
STAM2,0.04583799063473198
PPARGC1A,0.045828894115733924
FBXO2,0.0458190480282921
LOC148189,0.04581387448126265
C1orf186,0.04581175901145377
SPACA3,0.04580889825723646
RALGDS,0.04580436256781197
SPTBN1,0.045798935237985845
NRXN3,0.04579863156092328
CTNNBIP1,0.045795637058275114
PCDHB6,0.04577857187676721
ASGR2,0.045774314408504664
FZD8,0.04576611686559434
FGD2,0.045764291939164856
IRS2,0.04576047566138904
SLC30A3,0.04575524687106226
SLFN5,0.04575349284716994
CALCOCO1,0.045753072120273686
CETN3,0.04574857986926348
WDR1,0.04574452906205056
CDYL,0.045737774445037044
ARID4B,0.04573471185319376
LOC100188949,0.045731681345387326
CBR4,0.045730821229753166
CMKLR1,0.04572246329509904
SIP1,0.04571017471234958
LOC645431,0.045706549719859185
ACTR1A,0.04570634908014051
ZC3H7B,0.04568496037163293
RUNDC3A,0.045666974862459936
CNTD1,0.04566677240663597
SLC13A3,0.04563311832062479
PGC,0.04562815343843309
STK24,0.04562736695217822
CNTN6,0.04562561639918408
POLR2J4,0.04562334893921126
IMPA2,0.04559605032191305
MOSPD3,0.04559445844839467
SURF2,0.04559359357471286
ZNF415,0.04557696897842309
DIXDC1,0.045574754369755485
MAP7D1,0.04554724735709775
GBP7,0.04553653747414144
NIPAL2,0.045532033753848365
LRRK2,0.04553197752850253
CCL7,0.045529342096616014
NANP,0.045529283911597815
PGR,0.04552135335064251
BEST3,0.045507962114495155
PHACTR2,0.04550072776137899
CD70,0.045489242274082714
DDB1,0.04548000053320573
NRAP,0.04547972498220522
CD14,0.04547555117225715
NOLC1,0.045473802834506256
WWC3,0.045471738489367905
AREG,0.045470039543297265
C10orf46,0.04546079572811516
FAM38B,0.0454575696256581
C1orf122,0.04545721443577398
PLIN2,0.045454045464761964
C12orf47,0.04544958748209306
ASTN1,0.04544250537582988
EXOSC4,0.04544178654168419
ETV5,0.04544011363924326
ZNF623,0.04543113375823164
ZFP62,0.04541862395967925
AXIN2,0.04541813453106001
PLOD1,0.04541629661049436
TOMM20,0.0454094351942442
PNRC2,0.04540494436553191
OSMR,0.04540022938384162
KLC4,0.045391767128676236
DRD4,0.04537490874380572
B3GNT4,0.04537243871011927
TMEM85,0.04536913223700176
GRM5,0.045367720524786076
LIG4,0.045362019824644044
YIF1A,0.04536095692075921
CABYR,0.04534175078383409
MTX1,0.045333552869167425
C21orf84,0.0453122363451748
MAGOH,0.04530686268880401
CHI3L2,0.0453053715847504
SLC16A7,0.045297374098251166
YSK4,0.045296387955851565
TDRD5,0.04528427828140789
MGC87042,0.04528085128068926
GPIHBP1,0.04527784952206504
ARID5B,0.04527592769186338
ADRA2A,0.04527070717115426
C21orf63,0.04526988681174436
PRCC,0.045263149867667316
PODN,0.04525962645089614
GYPC,0.04525541408980312
ALCAM,0.045242003715522214
AGBL5,0.0452324115365255
CLIC3,0.0452316714078601
PGM2L1,0.04522733680040634
NEUROG1,0.045225848530358305
DSN1,0.045220854785764354
PLEKHH1,0.04521847740392815
PRAP1,0.04521616661567927
DCHS1,0.04521173319573
FGFR4,0.045206826692389894
CWC25,0.045206410806988506
LZTFL1,0.045206383896034284
MAT2B,0.04520071537641877
LOC339290,0.04519743365104382
LOC723972,0.04519646746595216
LGR4,0.04519020383159502
GOLGA7,0.04518958367056236
SH3BP2,0.04518464838183274
C10orf140,0.04518410035174897
LRRC17,0.045183863024913375
OGN,0.04517854755255249
MBD6,0.04517426177044777
DPF3,0.045164288439255115
TLN2,0.04516405464310822
ZNF621,0.0451533567326994
GBP5,0.04515309164218869
SIGLEC1,0.04515204388477778
CALCR,0.04514239277488577
HUNK,0.045139581680853524
POLM,0.04513056589588764
SNAPC5,0.04512613378337875
LOC493754,0.04512534960229975
LPIN1,0.04511044744704078
GPLD1,0.04510830804946727
C6orf41,0.045101179980232525
NBPF10,0.045099998412066994
DHRSX,0.04509125320759079
TMEM168,0.045085502587457776
DLG2,0.04507258175996521
EXD3,0.04507132890774781
PPP1R15B,0.04506698425800831
STK36,0.04504335573145428
WWP2,0.04502341764731199
GRPEL2,0.045018863197836455
EXOC3L2,0.04501711393815039
NUCB2,0.04501222447802408
BASP1,0.04500416170682455
ARRB2,0.04500154861468075
FANCA,0.04498822390047021
BVES,0.044987260493399475
EXTL3,0.04498670509814485
DZIP1L,0.04498641938229562
CASC2,0.044983731209642795
L2HGDH,0.0449769550832312
ALG2,0.044973232609302416
LRRC25,0.044958127958902666
IKZF1,0.04495523596367351
DOK5,0.04494456297503649
ENPP1,0.044931407373727444
CCBE1,0.04492814157931403
UCA1,0.04489932624992031
FAM102A,0.044897105029468094
YIF1B,0.04489695134563199
PFN4,0.0448907311486612
ISCU,0.04487660580495073
ZNF709,0.04486405197930473
PTGER4,0.04485237243328442
LOC29034,0.04484732965295346
AGPHD1,0.044841667080643494
ZFP57,0.044839083761778524
CCS,0.044839058339596796
PGBD1,0.044836096216754384
TPTE2P1,0.044814831273227655
GLE1,0.044801921001501974
LOC93622,0.04480047076227555
SHC4,0.04476517445531446
PLEC,0.04476111002672957
PRKAA2,0.04475928495625676
ATF7IP,0.04475491584417638
MPEG1,0.044738544567982264
RPL23AP64,0.04473384391768544
PSG8,0.04473064232317919
CLEC1A,0.04471609276055687
GLRA2,0.044711927861530706
RUNX1T1,0.044708062122645525
ZNF165,0.04470141907810682
DIAPH2,0.04469089046189571
TDGF1,0.04469021347464574
WISP2,0.04466426616235443
NUS1,0.04465956511740388
KLC2,0.044650422371205076
NMT1,0.04464556433243307
CDC25C,0.04463649794651344
AGRN,0.04463594582400535
SEMA4D,0.04461770072867075
CIB4,0.04459586627140975
SLC9A1,0.04458352108669134
CTNNAL1,0.04458309653174199
MYBBP1A,0.04458167774280192
C21orf125,0.04457088627434372
SAMD3,0.04456803743484098
ARHGAP30,0.04456299543678943
RSL24D1,0.04455791781742045
LOC100144604,0.04455391416714561
FARP1,0.0445515209756282
BZW1,0.044550670530376445
CDKN1A,0.04453941040371066
KLB,0.0445321893915999
SERF1A,0.04452474489443043
MS4A8B,0.04451265246311137
NECAB2,0.0444907512226733
OR9A4,0.04448901010215055
ACSL1,0.04448847030186614
MED1,0.04448634195878068
MPV17L,0.044486218922301694
GRTP1,0.04448581340945443
CXCL10,0.0444830169886915
ACADSB,0.04448077680255766
DCAF8,0.04447236100441894
PTPRG,0.04447007423825032
PGGT1B,0.04446205452622747
TMEM116,0.044452718264341655
AMT,0.044451678656926064
ZDHHC8P1,0.044448036165337254
COL28A1,0.044425188425502464
HOXB6,0.044409239292275395
KIAA0754,0.04440577713726502
SERINC1,0.044404031400380545
BCAP31,0.044399097797772076
LGALS9,0.044393047070328026
C20orf151,0.0443929774532979
IBSP,0.04439212637149323
UTS2,0.0443857188635149
TRPC4,0.0443817568727183
COL5A2,0.044381163379281205
CTXN1,0.04438084946058616
MEAF6,0.04436871321923421
MOCS2,0.04436852532644462
NUDCD1,0.04436775397180034
COL13A1,0.04436530561849918
C16orf59,0.04436380860643156
ASF1A,0.044361450812107156
C19orf66,0.044359986399154804
FGF13,0.044349926468292965
B4GALT2,0.044345630601659046
CCDC47,0.044345546235036025
MALAT1,0.04433728609017684
PPARG,0.04433139331774441
NLGN2,0.044313693823495995
CDR2L,0.04430812141655053
ATG12,0.04430273790544849
ANKRD11,0.04430069945464555
CD274,0.044296933935724196
MOSC2,0.04428724973114523
RBM4,0.04428686474478551
NSUN5P1,0.044286096490332126
SUGT1L1,0.0442772443390073
UPK2,0.044277173624304285
ZNF576,0.04426202331337938
USP34,0.044257392712228213
BTBD3,0.04424244332355157
FAM111B,0.04423295114155047
ERAL1,0.0442324458356527
IRF1,0.04423036525928753
SNRNP35,0.044223145702085
MPO,0.044222130457246205
CD2,0.044220465746050264
SOD2,0.04421569713652478
NEUROG2,0.044213030923950035
CCL17,0.044191797070142286
OPRK1,0.044190028977132347
SH2D3A,0.04417357122930813
RASGRP4,0.044172195042897024
ST5,0.044167368775946333
CALN1,0.04416449072322742
ZNF718,0.044161244871733125
NPFFR1,0.04415432004669492
LUC7L,0.04415032637772048
CRYBB2,0.04414733200524955
RPL39,0.044145463086313126
PRKD2,0.04412041443226351
SLC40A1,0.04411297003451007
ZNF598,0.044106720555142184
CLNK,0.044098840458739776
RNF215,0.04409624934107912
IL15RA,0.0440871314818037
CYTSB,0.04406310706418694
MAN2B1,0.04406040767168755
RPAP3,0.044052532253359
PRDM9,0.04405135889063195
GYPE,0.044040893951959016
MAP3K2,0.044020165267072524
SH3BGRL3,0.044015778419929714
C8orf33,0.044005356887856194
TBC1D3H,0.04400186378651055
CLEC4D,0.04399955208525118
COX6B1,0.04398776725501063
ATP2A1,0.04398738277278335
SAPS2,0.04398646760320319
FILIP1L,0.04398540551688598
IGSF6,0.04397856452499247
NHLRC4,0.04397278999539826
KLF14,0.04396677309659636
PAN2,0.04394920696415432
TTC21B,0.04393837097420662
C21orf45,0.043934374062004275
AHI1,0.04391528894384279
LOC100130932,0.04390927384348588
CNRIP1,0.043907593926475225
SNTA1,0.04390411195942594
CIDEA,0.04388209194708327
C14orf80,0.04387641080239275
EXOSC6,0.043867496634630604
ARID5A,0.043865912896212216
UPK3B,0.043863900199946584
IL23A,0.04385803708203103
ILKAP,0.04385776107169821
VASH1,0.04385516812458323
SFRS2B,0.04385330618941408
PRSS53,0.04385275839887359
NFYB,0.04384349640825302
LRRC52,0.04384015027896094
PSG2,0.04383687400575413
HHAT,0.04383652829610768
PARP12,0.0438347663339408
RAB8B,0.043831273501126124
RIMKLB,0.04382812465335182
C11orf53,0.043818817403965024
CDHR3,0.04381740154104386
TMEM214,0.04381506256341449
SFTPD,0.04381248604345029
ZMIZ1,0.04379656902780896
C1orf85,0.043779843143037483
CDHR2,0.04377511120460318
LOC399959,0.0437696971633605
SLC27A6,0.04376593680447128
NKTR,0.043764117342110644
MAEA,0.043756948065113155
THEG,0.04375262050481793
CD5,0.04375185357647033
MYOM1,0.043739440209244855
MMP23B,0.04373681638014797
TOMM5,0.04373603005073681
KLRC2,0.04373554073551895
RNF103,0.04372433025199632
AACS,0.04371987405685604
LOXL1,0.04371523376556896
AGTRAP,0.04371305436435695
C1orf177,0.04371175996482451
TIMP3,0.04370258038737798
SCN1B,0.04370156369853444
LOC389333,0.04368949109924467
PM20D2,0.043682078795322904
ARIH2,0.04367874387204876
BAIAP2L2,0.0436709023974466
SPOCK3,0.04366845480865563
PPOX,0.04366792764131364
SHC1,0.04366788140566787
SAA1,0.04366522205103117
CYP4F12,0.04365601346622793
MAMDC4,0.0436457736360647
C8orf47,0.04364271042871847
CD300A,0.04363651837044481
C1orf54,0.043611761813950094
MICB,0.04360809098662994
CECR2,0.043602688796030756
PPIP5K1,0.043597737121046906
NPC1,0.04358949103677054
C19orf29,0.043589349018397075
KIR2DL4,0.04356525548893894
DIO3,0.04354615792707663
C9orf139,0.04354513162800893
AK5,0.04354489137071049
SLC12A3,0.043542842014081914
ABCA12,0.04353938813883267
IL6R,0.04350501732585665
UBXN11,0.04350141400722958
LOC283392,0.0434936745545958
PPP1R11,0.04348570952159793
KCNJ10,0.043481580349140014
MRGPRX4,0.04348122133385459
CFHR5,0.043472872212176064
GMEB1,0.043471899105023755
CLDN18,0.04346109142830561
MRPL22,0.04345500203530613
RPS19BP1,0.04345280605910383
CLSTN3,0.04343757907748286
ZNF90,0.04343474831556366
MECOM,0.0434263562770423
PLA2G15,0.04342428869696531
ST6GALNAC3,0.04339701824410227
HIST1H4C,0.04339626218540846
ACRC,0.04339580466338028
IQCG,0.043395726178974664
PAK4,0.043391042378253246
ZDHHC19,0.043389349785933326
GOLGA6L9,0.04338293927805397
PROM2,0.04338132737418383
DDX19B,0.04337930641462382
GBP4,0.04337260956873537
CXorf65,0.04337199738958263
CFP,0.043368068109194455
NOTCH4,0.04335115772665295
PDE1B,0.04334534063555538
SLA2,0.043336068839170856
AHRR,0.04333389565567499
MTMR3,0.04332618286837903
RNF144B,0.04331952175353536
ZNF542,0.043316373787340774
OR1J2,0.04331013555492416
PCDHGA12,0.04330032855990072
CDC42EP5,0.04329938574610598
MYO3B,0.0432910960045071
C10orf54,0.043289456833443214
CFL1,0.04328682140839312
ZNHIT2,0.04328198709029071
TRAF3IP1,0.04327180558229717
ENTPD1,0.04326995234166099
MARCH2,0.04325080433310644
C15orf63,0.04324896693890476
DRAP1,0.04324377054951895
PIK3R5,0.043242318834669474
CBLL1,0.043223570930690285
DMWD,0.04321805065276152
FAM124A,0.04320589438132465
RAD21L1,0.043205283152305915
EIF2AK2,0.043197272764888606
AURKC,0.04317058111422694
TMEM217,0.04316721133980551
C19orf54,0.04316123120048137
C19orf57,0.04315698158796437
GALNT6,0.043151997728604424
TSPO,0.0431472592214784
DPY19L4,0.04314183930198793
ZNF676,0.0431356546379803
CDC27,0.04312848786147669
CARD11,0.043124553450211565
UGDH,0.043120235347311665
PFKP,0.043118663834617446
LOC100270710,0.0431146949965815
LRIG1,0.04310966280880545
C14orf50,0.04310916258105518
GOLGA8C,0.043094820312393
DCUN1D3,0.043071418763470294
TSSK6,0.043071371300540985
KCNMB4,0.04306933020081248
KLHL34,0.04306405212446736
PLSCR3,0.043055998406589524
GPR172A,0.04304612736794825
TCAM1P,0.043040201719421196
HK3,0.043035899360007235
GLB1L,0.043027834527003005
NDUFS6,0.0430270433641862
ALDH1A2,0.04301520161447719
PFKFB2,0.04300716276069416
KIAA0226,0.04300672487328241
LOC646471,0.043001556650695175
PDE1A,0.042999251445445946
C2orf88,0.042999247276549364
CTBS,0.04299548270691819
PHLDA1,0.042989791653685244
CCL8,0.042988966547095844
PPTC7,0.04298885067505531
EIF6,0.04296722151972167
FLAD1,0.04296580366340487
C16orf88,0.042958354679565776
PPIL5,0.0429531813397749
PAIP1,0.04295238709459495
LOC202781,0.042947441271265464
RBM20,0.04294454814745318
KLHL18,0.042943754975214736
LOXL2,0.04293646026471683
TCAP,0.04293555392216749
GPM6B,0.042924782656146625
NAGPA,0.042921190472872864
CST7,0.04291877146420301
TIMM8B,0.04291307458248775
C9orf95,0.042907337332959074
PCDHA7,0.04290002207031093
RAC2,0.042895674761195005
PPPDE2,0.04288831080797611
OR1J4,0.04288351696520204
NRF1,0.04287556812503897
ZNF815,0.042872248147062426
TIMP4,0.042864509551133474
PSMD1,0.04285446771543405
ZG16,0.042854253494323376
ST3GAL4,0.042851474698360946
PDP1,0.042851023968156286
RPL7L1,0.04285090837047097
RPS10P7,0.042849854213652616
DHRS3,0.04284618401187249
PYGL,0.04283200866749775
PCDHGA8,0.042831154378924034
FLT3,0.042825990714505775
CUX2,0.04282525476646415
LRRK1,0.042820770488901594
FGFBP2,0.042809170635411654
VCP,0.04280438947057777
BAT3,0.04279819791278267
NR2F2,0.04278876764172803
C17orf54,0.04278809609353873
FRMD7,0.04277871372378375
IL1R1,0.04277478683675571
PGBD2,0.04276987096925379
TMSB15B,0.04274470260271643
MAP2K3,0.04274443852808497
PTH1R,0.04274342178100892
ZNF684,0.04273633757719795
BRD9,0.042730074680081005
SRP9,0.04272753553301711
SIGLEC5,0.042715867593954
TBC1D3,0.042709461543614054
RPL23AP32,0.04270721744543789
GIN1,0.04270457537210855
AGPAT4,0.04270003403980075
MAP2,0.04268935529399532
ZNF558,0.04268797771099009
VSIG10,0.042686656457340065
ASPH,0.04268662775933582
ELAC1,0.042681125598342855
EXOC3,0.04267400976297318
RNASEN,0.04266716983643572
SLC8A3,0.04266251588296353
PRPS2,0.04265546984122039
LOC150197,0.04265341770750951
NCRNA00189,0.04264852723650317
MYH15,0.04264783314290317
TMUB2,0.0426418042693698
ZNF589,0.04264172667649698
ABI2,0.04263197143856054
IRF8,0.042629769933492545
C6orf125,0.042625510318366644
FAM101A,0.042620680776715776
SF3A2,0.04261404226926578
STAT3,0.04260447951184321
CDH23,0.04260057703228697
RUNDC3B,0.04260048815611415
ZNF662,0.0425945530601971
CCDC90B,0.042588192400334304
C5orf34,0.04257527603732283
GNA12,0.04256757191024742
RPRD1B,0.04256382538528232
SUMO3,0.04256117579009459
ALPK2,0.04255653361115134
LOX,0.0425558042028575
NT5C3,0.04255375189724615
CUL2,0.04254760533222879
PDCD1,0.04253030382777214
WDR86,0.042529135987601184
SLC27A5,0.04252870786883639
ST8SIA6,0.042516558323105476
C11orf92,0.04250897288040152
WHAMML1,0.042508093917853
FLJ16779,0.04250369801800721
SLC15A4,0.04250131688338329
SNORD17,0.04249909754995705
DLL3,0.04249874180980065
LETM1,0.04249838005552378
ZNF324B,0.04249369773279467
ESM1,0.04249286697400499
ZNF146,0.04248348571431425
LPAR2,0.042480020046978616
ADORA3,0.042469558686801655
TRIP10,0.04246534191771968
FUT9,0.04245443428165317
FAM107A,0.04245255527643248
MGAT5B,0.04245091184483045
KLF10,0.04244958222525134
PPP2R3A,0.04243516374891317
PTGIR,0.042422087279070646
NPHP1,0.042421870446442425
HYAL1,0.04241127532647138
CD6,0.042394943850182
ISCA1P1,0.04239490839754539
LANCL3,0.04238548162602856
TMEM65,0.04238173852545511
RBM3,0.04238152219866049
TRAF1,0.042372934906611585
GK5,0.04236987445678548
CYR61,0.042368384734887785
IGFL2,0.042358281797239855
SLC6A17,0.04234722498679482
ARHGAP4,0.04234680560316332
ACVR2B,0.042340641673577296
KLHL33,0.04233376897056041
TREM2,0.042333369590204534
MYO1E,0.042326711001849586
DCTN5,0.042324252208860984
ADCY5,0.04232106942930982
SPATA2L,0.04231508839524048
WHSC1,0.042306006869404146
MBD3,0.0422989950541365
TSPAN2,0.04229872768187172
PLEKHA3,0.04229737598756053
ISG20,0.04229164642085148
ZNF274,0.04229063372714772
ABHD6,0.04227753496184291
SLC5A10,0.04227477638172179
TMPRSS15,0.04226756789871287
GNPDA2,0.042265497192453406
CALCA,0.0422502203825475
GTPBP4,0.04224759018340675
KIAA1958,0.04224693865723833
UNC5C,0.042241786640641744
ZNF257,0.04223792264179974
ZC3H12B,0.042234164420738705
SLC35E4,0.0422164020344484
DNAI1,0.04220468723004802
FBXO33,0.04220051499419026
MMP25,0.04218513432406975
KIR3DL2,0.04217579810509678
RWDD2A,0.042169348524531185
TLX2,0.04216929873642656
DDX28,0.0421421152250209
SIRPD,0.042137752768457985
INO80D,0.04213724434948524
DPM3,0.04213406679914664
TBX5,0.04212891067023007
CDX1,0.04211827697825431
APOBEC3G,0.04211654931290957
C6orf150,0.042114273755038914
SLC25A24,0.04211105925086111
ANKRD24,0.04211003435686045
ZNF286A,0.042108150647798985
C9orf122,0.04210720025219285
C1orf93,0.042098551475704245
ZNF839,0.042096624598952935
TBC1D10C,0.042087449027202496
MCFD2,0.04207595213997529
TUBA8,0.04206567535373394
NT5C,0.04206349154368017
ZNF518B,0.04205784571030189
COMT,0.04205559249656858
XPO6,0.0420264745656923
DBF4B,0.042022136275640956
BAAT,0.0420121169476509
CT45A5,0.04200891026352801
FAM193A,0.04200581966273097
SGTA,0.042003886694386344
CCL22,0.04199914101179352
FOXC1,0.04199575583031985
PLEKHA8,0.04198782570032804
FAM35A,0.041983114715667846
NT5C1A,0.04196897142968476
SYNC,0.04195522889593986
LARP7,0.041947471226052316
GABRD,0.04194491212665458
TRPC3,0.04194441466753726
GABRA5,0.04194044916284268
DKFZp686O24166,0.04189261675848799
ZNF557,0.041889086976562684
ADAMTS6,0.04188899037048153
LOC92249,0.04188814529070706
SOBP,0.04188720244913086
TIMM17A,0.041880043378950405
KLK4,0.041878263780508684
PCDHA6,0.04187640576759137
UBQLN4,0.041875453654828684
NRK,0.04187515584230712
MEPE,0.04186519885693986
SERPINF2,0.04186158561653557
NBEAL1,0.04185805569504998
EMR3,0.04185514831009531
HOXB9,0.041847616871610566
GOLGA5,0.04184441894273538
KCNA6,0.04184379365841671
RNASEK,0.04182334533575856
TOMM34,0.041818629235888694
MTNR1A,0.041818128032665255
PMS2L4,0.041810568944044196
PROM1,0.041804031588924644
EMR4P,0.04180289611432695
EIF4EBP2,0.041801645914531074
ASNA1,0.04179818582180796
ZNF302,0.04179454327414959
NUP35,0.041789370441323616
ABO,0.04178370365829644
RAPGEF5,0.041771755400285125
LILRA6,0.04176876499997293
PRKRIR,0.041760260613902436
ZDHHC3,0.041759655243663284
MMP2,0.041757157518845955
AR,0.0417422478729972
ABCC11,0.04174091439765643
SAMD13,0.04173910696498565
CCBL1,0.04173865665118741
DERL1,0.041738092212351835
AMN,0.041729352204371004
SCARNA9,0.041724789644767446
LY75,0.04172461088770525
DUSP1,0.04172417306764486
AFF3,0.04172353608318047
CLK4,0.04172302666170258
CEACAM4,0.04172260811403269
C1R,0.04172033951234146
GOLGA2,0.04171543279442708
LOC100286793,0.04171456497436454
HMGN1,0.04170748053290029
DPP8,0.04170366900494356
GTF2IRD1,0.04170023181482321
ANXA13,0.04169715319165583
TPRN,0.04169711266144282
ZNF654,0.04169650836924123
IQUB,0.041685839967611125
GNL1,0.04167732194020536
SNUPN,0.041676357473670635
ZNF701,0.04167421691742485
ST6GALNAC6,0.04167368433254506
PKNOX1,0.04167160963068701
DYRK2,0.04167120688187377
TPP2,0.04166989934038906
GNASAS,0.04164891190329504
EEA1,0.0416433045066462
NCRNA00086,0.04162108134593989
ZNF507,0.04160104408448804
TM4SF5,0.041586119463436856
FAM21C,0.041585383137597166
LOC284233,0.04158074252818664
TNFAIP8,0.041567742958987526
KLF12,0.04156494108809296
SLC25A3,0.04155983213434647
PCK1,0.04155764511287959
TRUB1,0.04155650680921322
ELSPBP1,0.04154868288686221
DOCK1,0.04154531239813622
ABCD2,0.04154020870970187
PTPN7,0.04152470126247687
IRS1,0.04152252895943973
ASB8,0.04151410852265942
RAD9B,0.041494853754819656
C10orf25,0.04148286869807736
CCDC124,0.041476962448134674
TSC22D3,0.04147213033199686
RTN1,0.041472031326128055
TMEM203,0.041468549411199034
CTSE,0.04146268558276577
CNTN3,0.041462113206249
TMEM215,0.04146193288707525
BRF2,0.04143129400468658
HSD17B14,0.04141351764344105
RB1CC1,0.041393496651513796
LRRC2,0.04138926210139506
KILLIN,0.04137563181508411
ZAK,0.04136964526657314
C2orf80,0.04136924150603469
ZBTB38,0.04136628604501846
MLL3,0.041360146486828696
HCCS,0.04135812092169327
LOC253039,0.04135469259057743
LCE3A,0.041351848741295986
IFNG,0.041345965512160195
HHEX,0.041340793262417755
MFSD2A,0.04133386531502579
KCNE4,0.04133115749711633
WISP3,0.04132908874057434
DIABLO,0.04132513104448815
CPNE9,0.041322348066672294
PILRA,0.04131514784109874
STK11IP,0.04130884361268249
PIM1,0.04128731571644117
FCRLB,0.041285992475910624
SEC61A2,0.04128537547326762
UACA,0.04128264822563114
KLF13,0.0412823512751652
BUD13,0.04127576171430426
NEFM,0.04127340754120145
QRSL1,0.041267467962846
C4orf12,0.04126645560601853
LARGE,0.041265210106916014
CRYL1,0.04126509298505501
CASP3,0.04126387592833438
BBS12,0.04126351353500719
CCDC114,0.04126057440961092
COQ6,0.04126028052443183
NBPF9,0.041258823691051424
PREX1,0.041238402249625786
SYNJ2BP,0.0412354647498004
IGSF21,0.04122109829107702
TMEM165,0.04122044911508743
FOXI3,0.04122036636737179
PPM1D,0.04121723067179213
CXCL11,0.04121550320509008
ZNF416,0.04120570791503249
SYNM,0.0412030270574044
UGT2B11,0.04119879947511953
TMEM64,0.04119008564000365
NRAS,0.041180515560889634
PER1,0.0411744965227505
LAMA4,0.041172326928037704
SP1,0.0411688796201389
KLRC1,0.04115113672105173
KCNK15,0.04114688323590766
RCN1,0.04113903093302036
RNF122,0.04112935459080845
LRRCC1,0.04112924290299109
ZNF862,0.04112722058841806
MEPCE,0.04112281432967677
BAT5,0.04111037684541902
PANX2,0.04108927008187398
PLEKHO2,0.041086449413745646
FLNC,0.0410844602520924
ADAM33,0.041076628418365034
UBAP2,0.041073514936326674
GRK4,0.04106603640300125
UBASH3B,0.04106364332231281
GJD3,0.04106186660095646
SUN1,0.04105961548614535
C1QB,0.0410568777355714
TIMM50,0.041051156817618555
RAX,0.041039382317240046
C12orf24,0.04103309477313703
IL33,0.041032725015046734
PHF2,0.0410326544745345
TM7SF3,0.04102445591827672
CLEC4A,0.04101930043931136
DUSP16,0.041016601594256
ZNF799,0.04101257022067588
C1orf106,0.04100070932564912
ENO3,0.04099836352627171
C3orf36,0.04098582373525182
GJC3,0.04097806483809934
PRKCB,0.04097483899294049
TTC39B,0.040969829667291804
FAM126A,0.040958140511517915
ANGEL2,0.040949566109806955
FAM13C,0.04094613552542083
CCDC42B,0.040940221839227624
DTX3,0.040931017226168424
SNX10,0.04092839816638644
FAM133B,0.04092005188893813
CEACAM7,0.04091628803038472
GSG1,0.04091367688749667
MAP4,0.0409097029938138
ZNF469,0.04089907414234007
LSM14B,0.04089267098280005
SF3B14,0.040885901712583765
GPR183,0.04088144817124492
XRN2,0.04087758403775231
TRIM9,0.04087364688871234
DNAJC27,0.040849751008261014
ADARB1,0.04084648907538791
GUCY2C,0.040845902872490666
C17orf89,0.040835540517731785
DARS,0.040834318003171874
FAM160B1,0.04083055852671722
FAM108C1,0.040825337477999823
PRPF31,0.04082447133433635
ABCA6,0.040824257106820645
TCF3,0.040821849917580776
TGFB2,0.04081436552958664
PCDH20,0.0408104219751123
DPP3,0.040806943476632156
FHL3,0.04080680100792404
ATP1B2,0.040791644138023525
DDC,0.04079128276900804
SPINK4,0.04079075750933451
ZNF182,0.0407830397839087
CTDSPL,0.04077878745895787
GEM,0.04077003151475944
SP8,0.04076887303855681
NCRNA00158,0.04076185711227866
PDCD1LG2,0.04075553680392913
ZNF830,0.040753840529128206
CRTC3,0.040750840909374905
HIST1H2BO,0.04074535801693514
TMEM200A,0.040733459135768646
MIR155HG,0.040732945650846945
C12orf10,0.04073177744580482
C14orf118,0.0407293684649835
LSP1,0.040728739995499745
LOC92973,0.04071941040085561
SKI,0.040715255666060046
LIMS3,0.04071264161088027
KLC1,0.04071091339603966
TREML1,0.040704662464148535
B3GNT2,0.040704475487685875
PSMC3,0.04070088755708045
HSP90AB4P,0.04069237573422312
LAMB3,0.04068947938709103
DGCR6,0.04068365425262365
SEPT1,0.04068347153822586
CCDC102B,0.040683224039266844
AVPR1B,0.040677250293299834
IFFO1,0.040676237066216175
MRFAP1L1,0.040673349422805975
FOXL1,0.0406659203388461
THEM5,0.04065962754677671
PAXIP1,0.040655493916523414
SLC28A1,0.04065470024707088
WBSCR17,0.04064597771775811
LGI2,0.040641540343898476
BARD1,0.04063462782669714
PRRX2,0.04063369249635314
TSPYL3,0.040623657282575096
COL8A1,0.040623337680833004
SERINC5,0.040621052603385034
CREG1,0.04061999032944221
WNT1,0.04061855405981503
SGCZ,0.04060297400687496
DCLK1,0.0406006261571952
CHST12,0.04059930953087294
SLC25A18,0.040587950974715875
FPGS,0.040578063613770636
FAM119B,0.04057365985136405
KRT222,0.04056747560970667
ZRSR2,0.04055713452727459
GDAP2,0.04055639415396405
?|100134869,0.0405523953783368
DPP9,0.04054978426902682
EXTL1,0.04054026512114698
MFAP3L,0.040528213340003436
C1orf114,0.04052191561653513
ZNF699,0.040517962817536786
PLOD2,0.04051322892433073
ULK1,0.040508162239442216
GSTK1,0.04050110405264609
FAM114A1,0.040499263116711974
GLT8D1,0.04049127924146607
C16orf46,0.04048518821195814
VARS,0.04047963469204564
RHOC,0.04047921780241795
NT5C1B,0.040475917161242055
IL1RL1,0.040475474225620756
CLDN8,0.04047379874285509
DPEP2,0.04047323120047561
OSTM1,0.04046959664353349
PRDX3,0.04046877830586605
RIPK1,0.040464758575861785
SETDB1,0.04045687504291892
TTC32,0.040449040691287616
COX7A2L,0.04044156000548726
PYGO2,0.04044067834071272
GIP,0.04043950818358611
CSNK1A1L,0.04043751441448651
RAB32,0.04043075081990214
VCAM1,0.04042848484519608
PLAT,0.04042516626171069
KIAA1324,0.040420522466555656
PPP1R3G,0.040416790232195465
AQP12B,0.04041412949375383
FAM102B,0.04040166216010626
RNF43,0.04039467587390772
C1orf174,0.040387780906793375
TUBGCP2,0.04038630119186069
PDCD6,0.04038178726829876
DBP,0.04038170266398644
AGPAT3,0.04037378694781137
RASGRP2,0.040358091466680686
PDPK1,0.04034918765616761
AMACR,0.0403400358491432
MANSC1,0.040339381041286905
LRRC32,0.04033806006493051
CD28,0.04033639552464475
NXN,0.040333175335356984
PPAPDC1B,0.040320984111591955
UBR7,0.04031216083395377
TTTY14,0.040301915037916906
MEST,0.04029472663111627
RAB2A,0.040290174244083106
VOPP1,0.04027352620558933
C17orf86,0.04026648897958881
RBP5,0.040245584704832665
ACAP1,0.04024398904566473
MTERFD3,0.04023757011102707
NKAIN3,0.040227957827406645
TAGAP,0.040226967445984356
BTBD16,0.04021504216566025
FPR1,0.04021228705890892
DUSP5,0.04020068904375858
ABCC9,0.0401998284562283
FER1L4,0.040189943014481734
LOC646999,0.04018856886132354
STARD3,0.0401865345148956
ANKRD34B,0.040182402424391916
RGS22,0.04017636891348953
TMEM111,0.040170620134777846
KIF24,0.040164734401800746
TAL1,0.040159193890878846
CMBL,0.04014095691646659
PRTN3,0.04013699813004893
PPP2R5D,0.0401350383136616
KRT3,0.040127248014564625
PEF1,0.04012126968725129
SLC28A3,0.04011655945532719
C6orf223,0.040116445434952665
KCNMB3,0.040106572094787546
KLHL15,0.0401058256926183
CCR7,0.040100322466489424
PDHA1,0.04007471485851033
GLMN,0.040072199042388054
PTPLB,0.04006887566796757
HIC1,0.04005891227023956
OR2A9P,0.04005833035142399
FBXO6,0.04005589155127385
ZNF398,0.04003311246172825
LILRB3,0.04003121360578692
FCN2,0.040030974530227706
MCCC2,0.04002895042988737
LOC647309,0.04002746160621523
DUS4L,0.04002200394731468
SUCLG1,0.040015610511693674
TIRAP,0.04001540293293383
MT1L,0.0400118654984864
RLTPR,0.040011618882136696
SEPX1,0.040009258953979006
SPHAR,0.039997219629945104
REEP1,0.03999474128740527
PDE10A,0.03998641060339397
TRAF5,0.03998325155954361
SMTN,0.039977649582856205
CD248,0.039972522191050346
DNM1P35,0.03996948956766233
CSPG4,0.039958251446517205
CYP27C1,0.039936897884266624
NCRNA00201,0.03993220331307365
HSF1,0.039924779461493816
NSUN5P2,0.039913981083814457
EMID1,0.03990928781784399
ZNF506,0.03990166828560564
DLX4,0.03989794613064379
MTA1,0.03989345773642973
BRP44,0.03989035802856324
HDAC9,0.03988218523682779
GCH1,0.03987731426051199
C5orf30,0.0398747666580367
HCG26,0.03987074204397627
NACC1,0.03986459376541429
ZNF683,0.03986272247168132
CD80,0.039852696257807754
C9orf114,0.03984940014702442
TCF25,0.03984884300597958
SYBU,0.03984730689759256
PITPNM3,0.03983537351519862
BRMS1L,0.03983125226540424
S100A5,0.039829419282958856
KLHL31,0.03982294771918367
IL21,0.03982246861452078
PSORS1C2,0.03981444631005202
ADCK2,0.039800903411572844
MX2,0.039790182124687934
DHRS2,0.039789212260107655
ETV6,0.03978783809927137
TTC9,0.039770437996199774
ID3,0.03976859085057772
CIDEB,0.039767390840873516
ABCA1,0.03975784454455612
C22orf36,0.03975768069463924
CARD16,0.0397501528738945
FAM26D,0.039739346834475886
PPP1R1A,0.03973483905097918
ANK1,0.039728241940463524
DRP2,0.0397260173116901
CES2,0.039723480644831104
KIAA1755,0.03971966476139356
TBC1D24,0.03971837879547056
SYT8,0.03971637938739072
SYT11,0.03970955396569011
SSBP1,0.039708794702205515
RTN4RL1,0.03970298557128463
LOC646762,0.03969706591827196
BTN2A1,0.03969572320959868
ZNF781,0.03968479219013246
LOC729020,0.039684257080380446
SLC16A2,0.039678041914427684
SPATA19,0.03966774196969059
CDS2,0.03965955314019801
SAR1A,0.03965548786102455
BMS1P5,0.039654995373863244
SCNN1G,0.03965076423985435
GPBP1L1,0.03964520186297073
STON1-GTF2A1L,0.03963496558680317
DLAT,0.03963367288616899
C9orf72,0.03963039443427415
RNMT,0.039628241213204976
SOX12,0.03960886720714013
LEPREL2,0.03959777622427106
MICALL2,0.039595483075894916
ARIH1,0.03958986461303848
TRIM24,0.039589185866339645
NCRNA00162,0.03958566267412615
ATOH7,0.03956342858998729
ABL2,0.039540976230951846
ZNF208,0.039537700491998735
DBNDD2,0.03953109572611331
KCNB1,0.03953002280969093
PCOLCE2,0.039528474554147416
SUCNR1,0.03952795752285171
NFIX,0.039508662953280475
NANOS1,0.03950651181704895
TEX15,0.039501839897500196
BOD1L,0.03950182928997171
L3MBTL2,0.03949141033853718
TSNAX,0.03948592901544649
HERC4,0.03948191030114535
ITGBL1,0.039476495090044514
FAM159A,0.039469167150118584
CYP4F22,0.03946703440568131
MAGEC2,0.03944678229281486
ERBB4,0.039446063363300594
ANKRD6,0.03943752221732242
SYCP2,0.0394362124586885
KIF1A,0.03943427879649702
RNASE10,0.03943143100792406
XPNPEP2,0.0394216738019811
BPGM,0.03942017817031047
LUC7L3,0.03941702168022144
CHRNA5,0.039416320520022724
FBXO48,0.03941264547143891
P2RX7,0.039406868397211005
TNFSF4,0.039402443224922985
HDAC5,0.03940186011258191
ARHGAP17,0.03940150847019818
EDEM3,0.03939861440460015
CDO1,0.03939275481579748
FBXO28,0.039389678850463294
SCRN2,0.03937661771776156
GABRA1,0.03937366446817065
TUBA4A,0.039370493724343786
SDHD,0.03936520067010654
MFRP,0.03936440254548156
DCDC1,0.039363305195899236
PDIA3P,0.03936328164217779
FRYL,0.03935400329074235
TBC1D16,0.039352301334182355
RNF144A,0.039341038732318416
RFXANK,0.039340296518564466
GLIPR2,0.03933966244725735
COL1A2,0.0393318238949904
SAP130,0.03932868671380077
ILVBL,0.03932505887913538
KLHL7,0.03932350037018171
C17orf37,0.03932135534866686
TAS2R40,0.03931210482076279
ABCB11,0.03931127877280686
POC5,0.03930624224847957
NPAS2,0.039300669708566424
KLHDC7B,0.03928101255862343
CYBASC3,0.03926947724640939
RNFT1,0.039266735085666686
NUFIP2,0.039253069411036325
FAM179A,0.0392459487489933
ESPN,0.03923799545729777
LOC286367,0.039232845405066885
THOC6,0.039206177580346085
UBE2CBP,0.039205129875582695
LOC728875,0.0391896168563981
STAT1,0.039184843684629475
C12orf63,0.03918165873282698
NBPF7,0.03918154313983005
OSBPL8,0.03917673266822645
EMR1,0.03916957923734141
C1QTNF2,0.03916630008785544
ZNF174,0.0391565625156141
PMP2,0.03915603207280717
NCRNA00173,0.03912668887355755
ZNF248,0.03912526367129012
TRAF3IP3,0.03912206965088336
RHOH,0.03912129705596127
MAGEA12,0.03912040512894286
LOC143666,0.039116962591104754
PEBP1,0.039116037826249506
KIAA2018,0.03910988014537578
PLLP,0.03910543432951009
FCAR,0.03910233050758486
HPS5,0.039097018684634964
CSTF3,0.03909262710105832
JPH2,0.039086728501268556
LOC728989,0.03908286125078028
FAM124B,0.039079585681521464
CHST4,0.039076625764921
SCAI,0.03907420631362735
NTRK3,0.03906480266140585
CCDC92,0.039056900586578264
NARS,0.03904875083228512
PRKAR2B,0.039048365134991776
RSPRY1,0.03904678574765383
FHAD1,0.03904082722306145
PUS1,0.03903887972972802
ATP6V1D,0.03903874480836719
MAPK4,0.03903606715639683
ZNF449,0.03903408255807372
DCAF6,0.03902362189715088
SNN,0.03902314623891996
ARMC1,0.039013934263357336
GALNTL4,0.039012034798822606
GRAMD4,0.03900509077061636
PRDM1,0.03900279025993158
AGER,0.03899991091333201
MYH14,0.03898869115673613
MRPS7,0.03898816788925823
ITGAV,0.03896909034957921
PCDHGC3,0.038958822098744635
LIMS3-LOC440895,0.038957460064845316
RHBDL1,0.038950271937526225
ZMYM4,0.03894632416130186
DDIT4,0.03894422742036409
HTR3E,0.03894407646969792
CSTF2,0.038943667011746695
H3F3B,0.03893912948230776
CLP1,0.038928395787138734
PCDHGB7,0.038923875104715816
C20orf186,0.0389134458087265
EMR2,0.03891092958880289
FAM49A,0.0389093192984221
FAS,0.038907622819331494
PRKCSH,0.03890387410723858
GPT2,0.03890107922838992
UBTD2,0.03889574139934026
C4orf26,0.03889043791734294
RASAL2,0.03889001394744298
IL34,0.03888426081911023
GDF6,0.038882118094027994
CD84,0.03888191493359336
C2orf74,0.038880434727441265
AQP4,0.038870824265842256
MAP3K14,0.038870486128360006
SPRY3,0.03886646506928079
NEK3,0.0388577001541974
LRIG2,0.038853923297989305
HSPA14,0.03885184984709921
IL2RA,0.038840960815360384
GNE,0.038830991074844154
YBX2,0.03882573269175489
GJA9,0.03882312143689563
CARHSP1,0.038809041132698285
TNFRSF9,0.03880305172758329
COL23A1,0.03880273565406601
C14orf126,0.03880107481266104
PYGO1,0.03878978860391099
SARDH,0.0387846225150526
ERLIN2,0.03878271122314937
JKAMP,0.03878059789859372
SYT13,0.03877965801271932
SLFNL1,0.03876520459360775
PDE1C,0.03875899815705474
C5orf55,0.03875712102646547
AZIN1,0.03875703721503487
HOXA6,0.03874763601044843
CALU,0.038746287374845007
DDX41,0.03874116205302504
EMID2,0.038733138877456504
COL11A2,0.03872419869326795
LOC389493,0.038713329822419734
TH,0.03871076911944254
CLIC1,0.038708524600930536
SUSD3,0.03870680553314522
RPF1,0.03870550260289026
SEMA6B,0.038699575820353764
C19orf42,0.03869755877034356
NCRNA00110,0.03869000494268267
PROC,0.038680576108782984
SLFN12,0.038676101514354924
HOXA2,0.03866969722482369
APPBP2,0.03865694805303606
CPSF2,0.03865101890102197
CEACAM3,0.038649618817266945
ASAP3,0.0386483365435865
LCP1,0.038648200474596564
DNAH3,0.03864275606064737
UBAP1,0.03864195415321149
TRIM58,0.03863445572408969
TMSB4Y,0.038633704681892624
RAB23,0.038630972714205486
CLASP2,0.03862705912194344
FAHD2A,0.03861390649193097
DAXX,0.03861363045206789
CABC1,0.03859918512163853
C3orf38,0.038598865858868896
SLC10A3,0.03859705297062055
PMP22,0.0385947704981017
NYX,0.03858916297648003
PADI4,0.03857722239679859
KLK11,0.03857523144008111
FAM127C,0.03855998641034383
PSMB2,0.03855990890804286
STIP1,0.03855435643034211
PCYOX1L,0.03855419870738653
LDLRAD2,0.03853031620320498
UBD,0.03852586608051116
MESDC2,0.03852447978809196
NKAPL,0.03852329781985606
PCDHA2,0.03851835512246434
NCRNA00094,0.0385147210570901
CD69,0.03850983284176162
C11orf35,0.03850504755453111
BAI2,0.03850457366387862
C1S,0.03850039402054761
HSPA2,0.038494345918992826
BOD1,0.03849363234634056
NEGR1,0.03849331008053891
NTSR1,0.038492337933683014
CCDC71,0.03848215143574747
HGC6.3,0.038481904499616505
APPL1,0.03848161889519377
ENDOD1,0.03847346634784655
OR1F1,0.03846620017758532
TAP1,0.03846603645176817
SLC2A11,0.038460832180879194
SMURF1,0.03846044432894704
WEE1,0.03845997458537621
MESTIT1,0.03845557512676408
AMN1,0.03845233846740825
LNX2,0.038451069680468235
POLDIP2,0.03844783908286848
C8orf55,0.03844774971731365
EMILIN1,0.03844713739766171
NUDT21,0.03844641297112032
ZNF562,0.038444302528613264
RBBP4,0.03844296061256517
AHDC1,0.03843945168861098
TMED9,0.0384356319942677
VSTM1,0.038434102265684084
NFIA,0.03843192869910223
RIF1,0.038427716154214545
CRTAM,0.03841964166614018
DIRAS1,0.03841336693063107
CPXM2,0.038410811835626446
ABHD3,0.0384086333368077
NOMO1,0.03840688060312482
C4orf17,0.038401737123570596
MYF6,0.0384007738827158
IRF5,0.03839938262247869
NMI,0.038379045217367354
CENPT,0.038375709212920404
ZMYND11,0.03837563107088518
LPHN2,0.038372535446345
C5orf27,0.03833671406677877
RFNG,0.038335293015809825
KIR2DL3,0.03833494739390349
FNTB,0.03833011260307591
LRP11,0.03832854837380359
CRIPT,0.038325560490723436
IDO2,0.03832417748874032
DMKN,0.038308760205759414
GPX4,0.03830866029008356
C9orf43,0.03830326259774422
C12orf77,0.03829573477748877
OBSCN,0.03829316566840506
PFKFB4,0.038290088931206806
PHOSPHO1,0.03828799431874492
SNAP25,0.038287947136461685
CPT1A,0.038281133010057186
COL22A1,0.038269145409091584
SDCCAG8,0.03826486867352175
SIX4,0.038264283418315725
TMEM200C,0.03825910036732886
ACBD7,0.03825364957699895
CYP19A1,0.03824839387558336
TCF12,0.03823797570591241
SPATA8,0.038231299586921744
MYST1,0.038228407436545514
EDEM2,0.03822832077521314
CCL4,0.03821885472349894
OBSL1,0.03820238280297117
PPIB,0.03819948876017763
CGB5,0.03819710363723393
RPN2,0.038190757470823
SURF1,0.03818896374469845
TIGD6,0.03818834068669134
C2orf69,0.038183332137417245
NCALD,0.03818303499861848
ZNF790,0.0381800614328088
PROK2,0.03817382803383154
FAM26E,0.03817098340885309
IGFBP5,0.03816926670282325
GART,0.03816145650883567
KAAG1,0.03815457505316214
FAM19A1,0.03815254862943961
CSAD,0.038150651724567414
PDIA3,0.03814998446070237
C14orf145,0.038141082447510515
COL5A1,0.038139854506328556
C10orf57,0.0381254966176312
CECR6,0.03811816981332658
GALNT1,0.038109878451867626
GSDMD,0.03810324276890905
AHCTF1,0.03810134327430371
LHFPL4,0.038101261102383634
GCK,0.038100524370899766
KCNMB1,0.03809785729225045
SCN4A,0.038088353655725604
LOC440356,0.03808541950330986
LRRC4C,0.0380808440779015
VNN1,0.038080079002348444
PDZRN3,0.0380782588745283
SNX16,0.03807805815375562
LOC219347,0.03807569399718151
ARMCX5,0.038070774417691335
GOLGA8A,0.038063126585779664
GPR176,0.038051930349495985
PPP4R1L,0.03805136602302434
EDNRB,0.03803356548142049
C10orf10,0.03802550248057328
BNIPL,0.038020545553911864
GPR4,0.03801972818694286
CCDC137,0.03801902473122941
ACER2,0.038015667904504585
EIF3L,0.03801028554125091
NKG7,0.03800764365621032
C12orf61,0.03800677409740797
PAPPA,0.037997454184772315
CYP2U1,0.0379968199221778
FAIM3,0.03798875734308583
TXNL1,0.037986539621409715
HSDL2,0.0379862955195881
CAPZB,0.037971353638218894
GLIPR1,0.03795687573880406
ZNF691,0.037953751473119274
RNF138,0.03795312227281687
PIN1,0.03795040136921596
TMEM25,0.037938213046608854
LCN1,0.03793813370064957
SNX32,0.037917129504283796
CRLF3,0.0379155636442658
MOSC1,0.0379137992125471
C6,0.03790151474096604
PLS3,0.037900339908845004
BLOC1S2,0.037900040387599275
TTC14,0.037894958699133036
TDO2,0.037894533954317675
RNF115,0.03788840128585875
EFHB,0.037886476089513225
ADCY7,0.037877898900094964
ZNF638,0.03787277218981092
LXN,0.037870116897229265
MCHR1,0.0378667875800178
FADS3,0.03786358470439303
USH1C,0.03785741729107906
HOXB3,0.03784297350408542
CCDC24,0.037836940702114866
VMO1,0.03783569492491022
DDX11,0.03783405528352143
UBE2K,0.03783384686440737
PAQR8,0.03783191229889335
EIF3IP1,0.03782914555426577
CYTIP,0.03782523624272624
C20orf160,0.03782452294432788
PPP2R3B,0.03782334260690852
PENK,0.037802216953663745
WDTC1,0.03779939482960864
AKAP11,0.03779885190165589
RAPGEF4,0.03779823705896538
KCNK1,0.03778691426672969
PPP1R8,0.03778475973659901
ANKH,0.037773217896336884
POSTN,0.03777222444821258
FUT4,0.03776895342155247
CD300LF,0.03776675819752116
SCAND3,0.037766144929180984
OCM,0.03776081971754674
MAP6,0.03775453935184909
COASY,0.037749699052356055
TPM3,0.037747019130312455
PYDC1,0.03773967995517974
AQR,0.03772418469462149
INSR,0.03771801130322345
C14orf48,0.037707245845573445
EIF2AK3,0.03770199054814896
PLAG1,0.037701052864712044
CCDC43,0.03769725980827714
HIST1H1D,0.03769417934268918
MFAP3,0.037686055570316734
CACNA1A,0.03767566163241094
SCGB3A1,0.03767159474319169
GABRB2,0.03767141635139987
PRSS27,0.0376629320041864
CRYGS,0.037662326274745556
LAPTM4B,0.037662193523716254
MAOA,0.03765729395591212
C20orf134,0.037650553905955036
RBP4,0.037650270064001456
FRMD3,0.03764726034424278
PF4V1,0.03763938771601719
ISCA2,0.0376349777080884
SLC26A4,0.03761956380203348
CYP20A1,0.03761075239634212
ITIH4,0.037609008149512256
ZFYVE26,0.037605295833321575
KCNQ1DN,0.0376006671943686
JUND,0.03757862946193596
AP4B1,0.037571347197106676
KIAA0556,0.03756506150087558
S100B,0.03756224824571763
RBAK,0.03756178844518025
PAIP2B,0.037539515850613506
SHOC2,0.03753651290767936
FAT1,0.03752902983799838
LOC100132831,0.0375137517332106
UIMC1,0.037509531347921045
TTLL3,0.03750250220580481
FER1L5,0.03750001961013807
LOC100130238,0.03749507302613417
BCAR1,0.03749114180067951
RFPL3S,0.037490831534427366
SERPINB9,0.03748867217803773
SPOPL,0.03748577385662255
HDAC6,0.0374820670573684
FOXO4,0.037475049998413085
CD200R1,0.03747194683340105
KIAA1543,0.037471452242576635
COMP,0.03747019298712554
BRWD3,0.03746639855781231
TMEM178,0.03746554182346156
PIK3IP1,0.037459111744142
C5AR1,0.03745179709547488
LILRA1,0.0374500296159042
LRRC37A,0.037444359605435455
ZDHHC4,0.037431268438654366
PDIA6,0.03743026681191002
PEBP4,0.037423598670120656
ANKRD1,0.03742351457630899
C18orf8,0.03742104209987207
FBXL5,0.037419295037113984
SLC5A5,0.03741806947338926
UGT3A2,0.03741346260522795
PCNXL3,0.03741003335416293
HCN2,0.03741001517102899
TMEM132C,0.0374073799770367
GRB2,0.03740589566479938
FBXO42,0.03740462432334067
TNFSF11,0.03739929059828743
DNAH10,0.0373977725389952
STX17,0.037393688367036056
CCDC99,0.03739243289857769
NRXN2,0.03738951579160425
ST7OT3,0.037387172140143185
FAM73A,0.03738448822598438
POU2F3,0.0373752143284372
ITGA7,0.03736847434262766
SLC8A1,0.03736347059575841
PABPC1,0.03736199097779348
DEFA1B,0.03735744216662227
SUV420H1,0.0373497183156516
MYO1B,0.03734742204434586
PSMB4,0.03734609568322793
AMZ2,0.03734487562622462
RASL11A,0.037343227659989243
CD1B,0.037342639469825384
PRELP,0.03733816546018515
ARCN1,0.037327450425181645
ARPC4,0.0373232695984506
C21orf122,0.0373214501290627
SP140L,0.03732032871764068
SLC20A1,0.037318742582347554
KRT40,0.03731780435204352
INTS6,0.03730058949521457
ZNF454,0.0372961042951836
TAF7L,0.037293507429672135
AHCYL1,0.037291579969898556
ZNF518A,0.03728891971643258
LDLRAP1,0.037283175554930395
MUC4,0.03727224913109837
CBL,0.0372596117393505
RBM6,0.037259101248079664
KLK2,0.037258099201846175
WWP1,0.03725358228490757
JPH4,0.037249659585159946
CCDC84,0.03723955514574123
C19orf39,0.03723750980124866
STXBP4,0.03722893834325347
CAPRIN2,0.03722751845447371
LOC285696,0.03722551779482607
LEPR,0.03722468413118876
PANX1,0.03722393951421756
AVPR2,0.03722311892582706
C2orf27A,0.03722105648940108
HLA-E,0.037219638644691
MRPS2,0.037202963473132906
TNFAIP8L3,0.03720211601830273
PLEK,0.03719929453473208
ZFAND2B,0.037194242215307725
MMP8,0.03719080665510926
GUCY1A3,0.03718980573063025
GATA4,0.03718420200904458
BPHL,0.03717756259594614
IKBKE,0.037155794661569534
FXYD6,0.03713960042845051
MPP1,0.03713530650512798
CAPG,0.03713512762165173
TSNARE1,0.03713428190093867
C6orf70,0.03712928274186664
MMP11,0.03712082449162529
C2orf40,0.0371184459108281
CLEC18A,0.03711690245718542
MS4A6A,0.037116826938260544
TAF1A,0.03711478415250892
ARL4C,0.03711249820694628
RPL36AL,0.03710952385258108
LEPROT,0.037104115135905454
TMEM54,0.037101196160391633
HEPH,0.037094906467529956
HDLBP,0.03709447402517501
EPB49,0.03709399819946306
MYO10,0.037090709652755814
DKK2,0.03708790483825619
POP4,0.037085674672907895
LHFP,0.03708048586994182
SMYD5,0.03707961611357906
SOCS7,0.037076540508031816
ATF5,0.037076328333548986
AMPD3,0.03705731534905047
COPE,0.037049359711753875
ZCCHC3,0.03704644058600825
CSGALNACT2,0.03704274050218732
ERC1,0.03704196015950759
TSGA14,0.0370350937837579
DDX60,0.0370272525786801
MME,0.03702549899345961
TMEM26,0.037016289435768936
CPE,0.03701286920662992
BBX,0.037010959292096704
F2,0.03700676823804038
BST1,0.037005430243945855
CACNA1C,0.036993589345990195
NBN,0.036988985309140854
ALKBH6,0.03698576470317123
LYPLAL1,0.036984702446657615
AK7,0.03697895712482601
SLC38A7,0.036967509038658634
PTCRA,0.03695925248377224
PLXNA3,0.03695180881446986
FLNA,0.036945566736474894
GATA2,0.03694555666481227
LRRC8B,0.03693883673832914
MYO7B,0.03693296530373729
B4GALNT2,0.036932907951430755
C10orf67,0.03692952745151603
LOC100216545,0.03692457637630826
ERO1LB,0.036918731966002115
SLC14A1,0.036915091661534644
PRKAR2A,0.03689291949454046
NID1,0.036881928409196074
ZBTB24,0.03687933424824502
TRIM55,0.03687690055981003
RHOT1,0.036870642247799686
CCDC62,0.0368688308971439
SRL,0.03686848799672668
TSPAN1,0.03686275789312456
ERMAP,0.03686155020715226
CFTR,0.036860179901256375
HSPG2,0.036855689953852806
RSPO2,0.0368411746514488
ARHGAP39,0.03683189670128993
DMBX1,0.03682404051693504
SEMA3C,0.03682003034222809
FAM151B,0.03681774391508108
ZNF677,0.0368162347666266
BAK1,0.03681131344909111
MSX2,0.03680036654988206
CNIH4,0.03679955991362402
MUL1,0.03679089992160249
ORC2L,0.03677238552084484
CCL16,0.03676545251011802
CXCL14,0.03675198299264765
CLPTM1L,0.036747529760129904
RPS6KA6,0.03674061410671533
SNX22,0.03673686449042974
PLXNB3,0.03673331263629556
AFTPH,0.0367319997847126
ZDHHC7,0.03673178663417463
WFS1,0.03672883175584882
ADAMTS9,0.03672376882168273
GPR37L1,0.03671787034309542
FKBP5,0.0367127666199947
BACE2,0.03671103017627768
C3orf10,0.036708723089985254
INHBA,0.03669234314601906
FGF20,0.03669224045175481
C1QL2,0.03668807158593194
HAAO,0.036679972547133184
ZNF552,0.03667712493744752
SLC24A4,0.03666753688971724
ZKSCAN5,0.03666341273158582
KSR1,0.03666336364156101
MAML2,0.0366507849610545
HIVEP1,0.0366456994425651
SRP54,0.036644444204165794
THRB,0.03664204770967834
LOC572558,0.036633536674110415
SLC17A9,0.03663324614825118
RPL13AP6,0.036633223400124426
NEURL3,0.03658727995764338
FLII,0.03658652512072341
C1orf163,0.03657835019435861
LILRA2,0.03657787227723549
NCRNA00099,0.036572864738132184
MCF2L,0.03656201845217373
FGR,0.03655773906227269
TMX4,0.03655767922336306
C9orf89,0.03655186559095951
MGC16275,0.03654964645635594
FCHSD2,0.03654629668838543
C9orf100,0.036536946422505254
IQGAP2,0.03653026775848715
RAMP3,0.03652660776013692
MEX3B,0.03651416794215201
PIN4,0.03650111717559191
TPPP,0.03649479912205371
PRX,0.036492021546243474
LOC643387,0.036489201332842475
DMXL1,0.03648841270870761
ST18,0.03648835930772356
CD180,0.03648626353744035
TRIM22,0.0364771802293822
AHSA1,0.03645690345700139
KLKP1,0.036453525872336134
HLA-DQA2,0.03645059188074247
LOC400752,0.036442315472246245
NYNRIN,0.03644136706964855
LRRC46,0.03643990646739818
GTF2F2,0.036436641017220474
INTS8,0.036431025795496154
SEPT3,0.03642559166047227
RPSAP9,0.0364220209257139
TSGA10,0.03641458308110045
SYS1,0.036401671954493106
RBM8A,0.03640157849586927
NUDT16P1,0.036390743596179845
GML,0.036388268776220964
ELFN1,0.03638780259978632
LRRIQ4,0.03638516637101545
TMC7,0.03635728937395058
MIA,0.03634530294709587
MUC2,0.0363427266287382
MYCN,0.03632821716101967
USP20,0.03632390842405386
KCNN1,0.03631955809843388
ADAR,0.036312648150441204
PCNP,0.036307078192042444
NBPF22P,0.036305922438586546
TIGD1,0.03630407295138252
CD3D,0.03629823698968451
SIM1,0.036293515148595155
TMSB15A,0.036285480580332485
MS4A7,0.0362835824410237
PPAPDC1A,0.03627457377201715
MRGPRF,0.03627354930186051
LCK,0.036272054913016376
KIR3DX1,0.0362682862375705
SLC25A10,0.03624345479403877
ADCY9,0.036241044333370664
PRR16,0.03624056463567584
PYCRL,0.036235582429691535
IDO1,0.036233328836267134
P2RY10,0.03623069227124208
ZNF83,0.03622638120272742
SAA2,0.03622349096115586
NTAN1,0.03621723690039345
C9orf9,0.036214316895153476
COX5B,0.036212848121766374
CSF3R,0.03619985392810726
GTF2A1L,0.03619509180922377
ABCA4,0.036194732939568514
CSPG5,0.0361894984330202
SBNO2,0.03618868206881908
PLBD1,0.03618748577873989
JAK2,0.03618414459121641
HIST1H2AL,0.036182074780606324
SLC25A38,0.03618133746835033
SELL,0.0361790092163263
NAPEPLD,0.03617616670766905
PCLO,0.03616673338115536
C2orf65,0.036163243144083104
ACSS2,0.03615924102317766
FSTL1,0.03615797102923339
EDF1,0.03615688725755285
MTR,0.036156883365847416
MFAP4,0.036140026470562005
SEC23A,0.036126364788287964
FBXO8,0.036114282348130716
ZNF516,0.03611047747805025
ZBBX,0.03610928146962969
ISCA1,0.03610831708892253
C1D,0.03610659968684246
SH3PXD2B,0.03610269617498035
ERP29,0.036092362484894766
PTRF,0.03607780230371896
CAPNS1,0.03607622146619414
ZNF430,0.036071680209521444
PSTPIP1,0.03606864919114075
CLEC2D,0.036066032405426426
RASA2,0.03606479468582984
ANGPTL4,0.03606288924643023
PAH,0.0360512228099477
NCRNA00219,0.036047626735902526
CD207,0.036041845634731326
CHAC1,0.036034477864759745
GRIN3A,0.036029672578253395
HERPUD1,0.03602732540589363
RIMS1,0.036026950273037164
FUBP3,0.036019673858318835
BHLHE22,0.03601662071314681
ARHGAP22,0.036009349105357365
MRVI1,0.03600789833399212
GGT7,0.03600272550119469
ENAH,0.03598425863253566
MTA3,0.0359768038189092
LOC158696,0.035975380711838284
PRDX5,0.03596959495111039
CDHR4,0.03596000697241103
FGD6,0.035951388047568936
NUDCD2,0.03594497699070237
NASP,0.035944303878955586
OSR1,0.03594404498540285
SACS,0.03593689220974592
AGPAT1,0.03593508128638293
ABCD4,0.03593381268230149
DLGAP1,0.03593168673620021
CSAG1,0.03592841388453474
WWOX,0.035924313494880664
GALNTL1,0.035916611388674545
FAM26F,0.03591042150416605
CCNG1,0.03590411995517176
ADAMTS18,0.03590385660944737
ASXL2,0.03590096711160295
IL15,0.035897538782963465
GPR157,0.035893450181744634
CD163L1,0.03588495917367071
TTC27,0.03587650141036796
LRPAP1,0.03587268204303536
RHBDD1,0.035870350376626836
CSRP2BP,0.03586784087036118
ALDH3A2,0.03586556304886171
GPX8,0.03586364503335941
RHCE,0.03585943062127035
GJC2,0.035859126577478334
PICALM,0.03585257071669404
C12orf35,0.03584952832666217
GPR17,0.035849245791017795
HVCN1,0.03584760908888335
IGSF8,0.03584158490860578
CCL14,0.03584034226070437
SPATA1,0.0358400116226896
PPDPF,0.03583982648413671
MAST2,0.03582799400221769
PDE3B,0.03581267948813517
RWDD1,0.03580765312776957
CEACAM22P,0.03580320499863507
AMFR,0.03580213180318986
HDGF,0.03579914548682554
ADAM22,0.035791122972040436
ADORA2A,0.03578866072505248
KCNJ16,0.03578276731947546
NOXO1,0.035781717922145295
C17orf96,0.03578118125286941
KIR3DL1,0.03577461579433812
TAS1R3,0.03576539475969341
CCDC115,0.03576506087491042
RPL31P11,0.03574310729928765
C10orf27,0.0357422441646263
ZFX,0.03573574605599492
CASP12,0.03573156375636611
NRIP3,0.03572996217449759
P4HA3,0.035722999529912584
ZNF554,0.035720744535532416
C14orf138,0.03571884037983209
UBASH3A,0.03571502104106722
ART1,0.03571260221998893
CAMKK2,0.035708179024072945
SLC5A4,0.03570661059354883
LOC134466,0.03570607099732728
FKBP14,0.035702889425972974
UBE2MP1,0.035693223905343914
FMO2,0.035689777426118126
C17orf88,0.03568846022033375
CAMK2G,0.03568598546678165
ADAMTSL1,0.03568284214416985
KIAA1210,0.03567571190043258
ZFPM2,0.035674822486948504
LMOD1,0.035674096618489984
LRRN1,0.035673416426817484
TPRG1L,0.03567073941472626
C8orf38,0.03566779215864816
SOCS2,0.035658448633858905
TCP11L1,0.03564760344154674
TPT1,0.035640790432413985
CD247,0.03563987136024115
TAF6L,0.0356361390200788
THRA,0.035628640242741316
C6orf195,0.03562407934292053
PCGF2,0.03562270268640352
SFRS4,0.03560794779295769
PFKL,0.03560343368228443
ADRB3,0.03559961484035381
RNF175,0.03559658538164108
TLR9,0.03559326162148465
ZNF410,0.0355886173432832
AADAT,0.03558812392856841
NCF1B,0.03558603808937028
ZFP36L1,0.03558553217964304
CD3E,0.03558352588963593
KRT12,0.03557796342272722
PCSK7,0.035562719875470515
RHBDL2,0.03555062307566853
TUBBP5,0.03554667414016617
C9orf45,0.03554559959445829
HIST1H3I,0.03553826585026569
MON1A,0.03553226998770345
ADAM9,0.03552782424832319
ADAMTSL3,0.03552250484309435
ANKRD52,0.035521321374419455
FXYD5,0.035513677858087137
RBMS1,0.03550267382516154
CIAPIN1,0.035502333667515366
LAG3,0.035495690848730985
C15orf53,0.035494200492025306
LOC731789,0.03548999532217996
TMEM52,0.035473763417010584
HPCAL4,0.035470924639566415
CYB5R3,0.03547018258394463
CDH7,0.03546402783894016
CREB3L3,0.03545638065347645
CCDC142,0.03545393779912785
C2orf83,0.03544376021826065
OLFML1,0.03544209667516075
CHUK,0.03543723776345365
C11orf24,0.03543172731950517
RPAIN,0.03541424301320457
SYNJ2,0.03540929350335
CECR1,0.03540818711403515
NONO,0.03539180894133921
VAMP4,0.03539164598047259
ADSSL1,0.035388510213475076
FREM1,0.035379705745616156
MYL5,0.03537391593607329
KIAA1432,0.035372720000798684
GPR20,0.035370919534199234
BACE1,0.03537068174054424
NKAIN4,0.035366928109394145
MYL7,0.0353652320816893
CC2D2B,0.03536436919327761
RANBP3L,0.03536421454350442
MCAM,0.03536027162949718
ELAVL4,0.0353567700279409
PRSS23,0.03535552296777065
NUDT6,0.035353676186540346
ADAMTS16,0.03535133434115766
MPHOSPH8,0.03533957539486358
ZSCAN21,0.035335802433554095
TMEM123,0.03533112980574029
CCL11,0.035328244263882626
SSBP3,0.03532668036247261
PEX3,0.03532649880887854
MTMR12,0.035325040447728516
HMMR,0.035324258222556394
PLCB3,0.0353238148584316
C6orf105,0.03532244629737382
TADA1,0.035315081072962794
C6orf72,0.035313271728958914
TIMD4,0.03530928539152258
FRMPD2,0.03530694726649603
SLC23A1,0.03530427043372863
LILRB4,0.035298472847329815
OGFR,0.03529204667150413
CRYBB1,0.03528893418668412
FCN3,0.03528825969617849
ANKIB1,0.035283788765111394
RNF14,0.03528290421848133
NUP85,0.03528122994216493
BIVM,0.03527416438766936
GPRIN2,0.03527119950215345
CHP,0.035268687398978836
MTMR6,0.03526229493911707
DKFZp566F0947,0.03525995332182117
ZSCAN29,0.035258146455302876
NR4A2,0.035254268111659354
SPARCL1,0.035250905055249075
LCA5,0.03524863573876402
DPPA3,0.03524663192952146
NPTX1,0.03524375145669038
PHKB,0.03524218453585962
TBC1D2B,0.03522533263378099
COPS4,0.035218177830653695
PLN,0.03521685783501989
PTPRR,0.035212292023009135
CDK14,0.03520493367362208
KIF27,0.03518716379808782
PLAGL1,0.03517994696609561
SEC61A1,0.035179282768344096
ADAMDEC1,0.035160680128006196
PCOLCE,0.035160526029127295
KIF26B,0.03515229926027595
EBP,0.03515041501311678
MC1R,0.03514973620328273
LOC344967,0.035148618961910134
CAPN3,0.035146381808512546
CXorf30,0.03514571719296475
ALG1L2,0.03514421053990607
ZNF443,0.03514247211352953
LOC645676,0.03513497341671996
IL22RA2,0.03513422938985869
BNC2,0.03513039683261132
CLLU1OS,0.03512839925674083
CCDC120,0.035114643660068424
ADAMTS10,0.03511204713632599
HAND2,0.03510593982412068
LEMD3,0.0351045089646542
GATSL2,0.03510025697684001
KLHDC8B,0.03509754774266088
FAF1,0.03509706801311375
C1orf213,0.03509251675057801
TMEM138,0.03508632611708368
CABP1,0.03507954597949549
MESDC1,0.03507167624376571
ANXA10,0.03507000805220631
IL17RD,0.035069185359715295
ARHGEF35,0.035060309167551595
DCTD,0.03505901540112116
XKR4,0.03505847923722259
MFSD6,0.03505758707554056
TRAPPC1,0.03505457162001366
EHMT1,0.035047344317507535
SPOCD1,0.03504338644336181
SMC1B,0.0350432786652928
PDCL,0.03503586742790581
SPATA18,0.03503432859521397
CCL5,0.03503336684665393
SFTPC,0.03503310445401734
TMEM184C,0.035031869710025365
TP53,0.035026319718241355
IL11RA,0.03502556486503218
CCT3,0.03502272933886623
ENO2,0.035017308705438566
MTFR1,0.03501183422324425
VAMP3,0.03500310598027294
SPTBN2,0.03500281680303069
SLC31A2,0.03500189797652672
CXorf49B,0.034997009233732994
TBCK,0.034995374991878214
C6orf136,0.03499411471713941
FAM188A,0.034992920925078844
C11orf73,0.03498722973634114
ETF1,0.034986523005650555
MRPL12,0.034971945972994516
MSL3,0.03497027977834459
GPR31,0.03496165912905932
ZAR1L,0.03495253958342154
ICA1L,0.034949978191422836
ZNF321,0.034949966467218097
TMEM90A,0.034945441886322544
LOC654342,0.03494342216463933
HSPA5,0.034941074271629534
CCNB3,0.03493691644065975
FAM35B2,0.03493211757801521
RGS18,0.03493053643311481
NGEF,0.034929997688268793
TNFRSF11B,0.03492856209808046
ACOX3,0.03492377583556867
MATN4,0.03491805507585174
C2orf43,0.034916073058686214
TNIP2,0.034909056903739154
KHK,0.03490344947042511
C1orf128,0.03490315410158175
AIM2,0.03489453437595741
HSD11B1,0.03489156267658501
FAM134C,0.03489049677266189
RTF1,0.03488357566216192
GCNT4,0.03487162120480458
RASA4,0.03484616969524387
BMPR2,0.03484549124353997
C14orf49,0.03484369698509743
MKL1,0.034835942646168884
GNB5,0.034834390876848954
DDHD1,0.03483336904150129
SETDB2,0.03483154159201988
LDHD,0.034830750951086446
PRR5-ARHGAP8,0.03482348347260856
KCNH2,0.034813414160062124
APOL4,0.03480072530811176
RTP4,0.034792655097931016
ARVCF,0.03479222075267187
C10orf105,0.034791930762494386
HHIP,0.034790361618156136
SBDS,0.03478610617157215
CALM1,0.03477900049575169
ARHGAP31,0.03477726064672261
SNHG10,0.03477139010021938
BCO2,0.034769725727118395
ASMT,0.034767034341355946
FRMD4B,0.03476689272889955
GRIPAP1,0.0347541774486135
C14orf132,0.03475129763892069
SFXN4,0.03475098857196796
WNT6,0.03474814197017733
DDHD2,0.03474248480023017
PHF21B,0.034716704458236394
C7orf52,0.03470880798745284
AFAP1L1,0.03470605779981602
MLX,0.034699715212591006
SSB,0.034692205468347816
C5orf44,0.0346886747854029
GRK6,0.034684683388797315
PACSIN2,0.034681999397497915
COL6A2,0.03467839882787253
CDC42EP3,0.034674871337826686
LCE5A,0.03467428920064543
ZBED2,0.03467414300464667
SHANK1,0.03466947279542912
IL19,0.034668778176106696
MURC,0.0346645161375285
POLR3A,0.034664002798716224
OR1J1,0.034662925328437635
PLEKHA5,0.03466197621035091
GPR124,0.034656976804081724
CCT6B,0.03464819044767471
RPP21,0.034636517744675535
UBE2NL,0.03462631013818895
LYSMD1,0.03462138153305308
HSP90B1,0.03461927895565354
TMEM87B,0.03461584977068623
ZNF680,0.034610360339657566
PRKACA,0.03460378407425816
FOLR2,0.03459822109952633
OR10A3,0.034593500536228165
PSME2,0.034589212662168974
PDE6A,0.034571912131269825
POM121L10P,0.034559345583286306
SNRPE,0.0345549518733277
GBP2,0.03455007502809927
C19orf28,0.034547620949332586
SFMBT2,0.03454706556919807
CALD1,0.03453699267413803
RABL2A,0.03453564511658259
SEPT4,0.03453390198645682
OLA1,0.034529225204153004
EHD4,0.03452830518035417
LOC153328,0.03452503361535062
C10orf62,0.034519820771168115
GPR15,0.03451350823005468
LTF,0.034509434175946783
SEMA5A,0.03450629499300832
OLFML2B,0.03450448305810842
LHX6,0.03450217934075701
PRKCDBP,0.03449665000993423
MPDZ,0.03449097990833281
COQ4,0.03448331212655809
MARCH1,0.0344819779419554
ZNF833,0.034470885195399696
RSAD1,0.034466958375630415
ATP6AP1L,0.0344605811991155
FAM110B,0.034457228192370015
FLJ42627,0.03444799768938852
MS4A4A,0.034447059133135075
C2orf72,0.03444278119711264
RECK,0.034439368759006675
NEK11,0.03443904916456405
FBXO41,0.03443535929886596
YRDC,0.03443415594209366
SIGLEC7,0.03442744577208266
LOC389634,0.034417896330890325
QARS,0.03441747824418158
C6orf182,0.03441678168171719
C17orf82,0.03441616346399813
POLD3,0.03440652571294839
SFTPA1,0.03440272191729121
LTA,0.03440235753980628
ETV1,0.03439784552106033
HLA-L,0.034392373563371596
FAM22D,0.0343861500690372
LRRC47,0.03438577316535119
USO1,0.03438437944233012
ENHO,0.03438419922560356
ETFDH,0.0343765131068182
C11orf70,0.03436837006321345
GRAP2,0.03436805640850829
EPC1,0.03436563957296125
KCNE2,0.03434162392952849
COX8A,0.03433935004670567
ODF3B,0.03433576648911107
PTK6,0.034321617965271875
PIK3C2B,0.034318197591307435
F3,0.034317931838087734
CPT1C,0.034317496798643106
FGD3,0.03431423118155596
TMUB1,0.03429623035043351
TMEM119,0.03429266825742941
NHLRC2,0.034288943760467476
KDM4D,0.03428878664265015
TTYH3,0.034284555559095986
BACH1,0.03427987879134755
RFFL,0.03427573144916165
MRPS9,0.03427384630562016
ZDHHC15,0.03426873421828715
SLC25A29,0.03426850137886003
HOMER1,0.034267528565720386
CDKN2BAS,0.03426683405024874
ENPP7,0.03425954177318124
NIPBL,0.03424864784220867
C17orf69,0.03424779575941469
RASA3,0.03424740761878145
SPDYC,0.03424717190598967
NUDT19,0.03424311061859259
CDC37L1,0.034237865290793985
PATZ1,0.03423780706497272
TRIM69,0.034237181865382556
ZNHIT3,0.034230238472138116
RDH13,0.03422468535867394
WDFY1,0.03422466681241997
ITPKC,0.03421873229724665
LOC375190,0.03421717462615094
GALNTL6,0.03421255119409533
CYP4X1,0.03420957741676642
WDR85,0.034208538457735325
STXBP5,0.03420816127412557
ITK,0.034205633840652935
MST4,0.03420385018249175
FAM66C,0.0342017890450013
DNAJA1,0.03419280703495361
ENKUR,0.034191722521146745
AMIGO1,0.0341909045598805
WISP1,0.03418484284635904
RIC8B,0.03418102703724952
ARMC7,0.0341795215427119
FAM122B,0.03416941380926282
FAM185A,0.03416067745582781
ZFAT,0.03415974122538073
CHRDL2,0.03415835521053674
VWF,0.03415484160351668
ZBTB2,0.034147619278111226
AMBRA1,0.034141058336848655
NDUFA3,0.034133253928375636
TRIM46,0.034129617226784155
KLRD1,0.03412676694981996
AMIGO3,0.034126636008504144
LTBP2,0.03412513465982024
TNFRSF8,0.034123737225010664
KCNJ4,0.03411174978130687
EVX1,0.03410293538670807
GLDN,0.03410200424095007
NHLRC1,0.034101158610157244
DCAF12L2,0.03409707642534766
FAM111A,0.034096896132539065
STEAP1,0.03409248885258967
PLEKHF2,0.03409157873477481
CCDC28A,0.03409137037570177
ZNF286B,0.03408851514813932
SLCO4C1,0.03408179116060374
LPPR1,0.03408039390355886
ZNF853,0.03407586861379798
OLFM2,0.03407230591783132
LYNX1,0.034063280117875384
PPP2R5A,0.0340577580676127
RASL11B,0.03405454642152289
DOLK,0.03404481292311612
TEKT1,0.03404058089138531
GFI1,0.03403947474538682
RAB31,0.034020497174646946
VAPA,0.03401954783213024
KCNAB2,0.034012854416696624
UNC5A,0.034007967606080214
TICAM1,0.03400698484384573
ZNF673,0.034002541900808536
REM1,0.03400124729726711
MMP27,0.03399585993410385
AASS,0.033995362512074245
ORMDL1,0.033993335616129015
FAM128A,0.03398555060898626
C10orf116,0.033981891309933024
TRIM6,0.03398171550855496
SERPINA6,0.033976776672399955
SSTR3,0.03397168367297945
GMDS,0.033966218527654475
LRAT,0.03396568844473949
PTRH1,0.03396263694435926
RSPO1,0.03396140703715518
PRB3,0.03396118769871593
GUSBP3,0.03394915417410631
PEMT,0.033939457991702726
HDHD1A,0.03393727318928754
MTNR1B,0.033933350737371304
MAST3,0.03392969521541582
SYT5,0.03392637289949507
THUMPD3,0.033920813156035186
ZNF468,0.03391917546468568
HSPA1A,0.033915638474519505
PIGY,0.03391207958042595
APOE,0.03390869174754564
NOVA1,0.033905192987956086
ANP32C,0.03390394360318718
C6orf1,0.033902877701538846
CHST13,0.03390142541044478
C9orf156,0.03389174572549331
C13orf30,0.033886068119469544
MRS2P2,0.03387562433838767
OBFC2A,0.03387543735232277
MBLAC2,0.03387327937857682
C15orf17,0.03387322028824931
SETD2,0.03387101350181373
FLRT3,0.033861566704492314
MRPL46,0.03386106551028587
AP3S1,0.03385498909417452
CLK2P,0.03385227251244352
MT1H,0.03385144921382464
PPYR1,0.033848924565658196
PPAPDC3,0.0338379642202712
BEST4,0.03382617425501673
WDR52,0.03382400479135655
HNRNPA3P1,0.03382001131864313
GPR141,0.033809599592023676
DBC1,0.033807003904386713
GLUD1,0.033798845659588496
STK4,0.03379796498582983
METTL12,0.033797230499175414
DHRS1,0.03379284821654014
TBX6,0.03378957653925567
FASTKD5,0.03378767176679104
ST14,0.03378436873949614
UTP3,0.033781170364266234
TMTC4,0.03378013268411556
ABCD1,0.033772988565881165
FZD1,0.03377014960955969
SELK,0.0337673930537325
FAIM2,0.0337644077483605
CD1A,0.03375772684475543
OR2S2,0.03375509720246564
IFNGR1,0.03375361488699916
TFEB,0.03375154216814008
WRN,0.03374428682446226
DNAJC11,0.03374085809661571
VILL,0.03373958899468379
HEG1,0.03373901473448879
CROCCL2,0.03372606390955429
C6orf103,0.03372276292367727
EZH1,0.033722256802657204
ZP3,0.03371951690271033
TMED2,0.03371772752730478
FURIN,0.03371148540428829
SYAP1,0.03370567169861175
PRR12,0.033701548852388186
CECR4,0.03369916495861586
DDX54,0.03369206040562165
NAT8,0.03369001148383942
NOC3L,0.03368770660885872
C14orf73,0.03364932356878731
ZNF333,0.03364423463177572
SPATA20,0.03363780763035768
USF1,0.03363569250195984
LIN7A,0.033631928908774554
MTSS1L,0.03362869832761366
PAICS,0.03362719078512148
SUMO2,0.03362187459800296
CCDC55,0.033617222820279916
FAM65B,0.03361578036257967
RELT,0.03361532803490904
FLJ11235,0.03361164346614154
NCOA3,0.03360170400641742
IL18RAP,0.03360069115977004
TYW3,0.033592881430653275
PIGF,0.033589990716250614
MT1M,0.03358699209793414
PGPEP1L,0.033584085017039945
SPIN1,0.03357519565276354
FNDC3B,0.03356846990086436
NCF2,0.033560518496605
RARRES2,0.0335585665552915
ARSJ,0.033556817361699756
C8orf74,0.033549040772713146
ANGPTL2,0.0335473457247284
MXI1,0.03354483872283454
WTIP,0.03353591615593315
ZMPSTE24,0.03353099731231375
ZNF813,0.03353055311390181
EFNB2,0.03351793502673282
LOC342346,0.03350358563400823
STK40,0.03350160515357922
C7orf47,0.03350014199456352
BUD31,0.033484935229393886
TRIM62,0.03348222377349199
SMCP,0.03347782382926012
LOC284688,0.03346820945836988
TMEM9B,0.0334649464308145
C21orf49,0.03344804890363532
LRRC37B,0.03344796256569787
LILRP2,0.033446115472754064
PLA2G2F,0.03344574698012302
SNPH,0.03343957644499098
PSMC1,0.033432245618788166
CYP1B1,0.03343038530919259
FECH,0.03342547223643642
SPIC,0.03342489397112375
WDR65,0.033424458279730396
SDPR,0.033419881898759385
SYT16,0.03341596312084051
CXorf56,0.033412901763926646
ATP7A,0.03341036963390968
ZNF195,0.033405914688717696
LYZL4,0.0334024261320467
MAPK1IP1L,0.033402026348758045
ZNF521,0.03340138512761348
ATP6V1F,0.03339719889405373
TMEM198,0.03338530562989072
MDN1,0.033382404555188754
LRRC18,0.033381535197929975
DHDDS,0.03337386039963286
RHEBL1,0.03337152824994035
CHD2,0.03337006923920148
NKAP,0.03336388708288054
PIK3AP1,0.033353352877451725
FIZ1,0.033342744732089626
HNRPLL,0.033339691748710716
KLHL23,0.03333472104961633
SNORD116-20,0.03333076655268126
FPR2,0.03333057332116595
CDH2,0.03332893588146283
LOC100240735,0.0333237695120037
ATN1,0.033317429611394986
TRAP1,0.03331684567373482
LCN2,0.03331638079014484
HCK,0.03331524744289891
GTF2F1,0.033312490722219035
IPO9,0.033307273787220454
MPI,0.033298735213500734
TDRD1,0.03329731432414199
NCF1,0.033293871545490905
ALDH18A1,0.033291625770627255
MAPK8,0.03329160337552744
LOC729991-MEF2B,0.03329160144141941
KLHL38,0.03328707694900047
FASLG,0.03328341128880155
QKI,0.03327253664089064
DDIT3,0.03327010747307778
PDZD8,0.03326979122749421
PHTF2,0.033268845140816586
ARMCX6,0.03326594825246011
RPL6,0.03325814281223122
LNPEP,0.03325794540041777
SYK,0.03324732162008023
ABHD4,0.033243550153517286
SCD,0.033241928466171036
LPAR1,0.03323646919697938
INO80E,0.033219628328674325
CYYR1,0.03321127383637908
CEBPD,0.03320384262042974
ITM2A,0.033200802626664715
COMMD8,0.03319242513948933
GAL3ST2,0.03318431399102928
C15orf33,0.03318118454690433
LARP4B,0.0331680545552327
FAM128B,0.033167704413989384
A2LD1,0.03316731444898868
IDE,0.033158456715703666
ALS2CL,0.03315781944217319
MOCS1,0.033155540489566336
MGC42105,0.03315016035309642
CDR1,0.033149954206994105
C19orf60,0.03314873462915269
TRPM3,0.033148130738067265
HSPD1,0.033143818159803655
ZNF613,0.03314237063341035
GABRG3,0.033136401268088755
PRO0628,0.03313292826727298
NOX5,0.03313058629137304
PRRG1,0.033127349852580444
SH2D2A,0.03312467418756605
ABLIM2,0.03310449251925759
FMOD,0.0331029168443643
PPA2,0.0330939753720732
ENSA,0.03309040108948192
MAP3K5,0.03308993696471476
CCDC148,0.033085698249894435
ACBD3,0.033081159834449876
REP15,0.033080652186107416
CNN2,0.033079598736016264
MIAT,0.03307889298084056
GALNT3,0.033078855915866366
CTNND2,0.03307545823727402
AP4S1,0.03306718612690235
B4GALT5,0.03305659468799766
SAA4,0.03305381039103314
NOP14,0.03305258062852872
ST6GAL2,0.03304380866934227
CYP2R1,0.03302706383054913
PPP2R3C,0.03302386578957649
C3orf62,0.03301979646685219
C9orf169,0.033016172181464486
C8orf40,0.03301283014723659
DUSP19,0.033011260031932846
LOC286002,0.033008727668976
STXBP2,0.03300845083722869
CAMK1G,0.03299765110757461
LRRC16A,0.03299597089208549
GPX7,0.03299220201670296
GNG12,0.03299120405539234
GUSBP1,0.03298804081968981
CLEC4C,0.03298454756168418
FBLL1,0.032980159468544774
ABCG2,0.03297327901924069
CAND2,0.0329597649357605
SOCS5,0.032953754886570624
NIF3L1,0.03294689133406249
C2orf79,0.03294661113830136
SEPHS1,0.0329446176406598
TCF7,0.03293978307668689
NLRP11,0.032927736174608764
JAM2,0.03292158803130064
PSAPL1,0.03292157393754415
FAM3D,0.032918160514924785
GPR56,0.03291314915327947
TMEM128,0.03290922801111296
RPRD2,0.0329027558328702
ZNF266,0.03290049332196849
LBXCOR1,0.03289701070744555
FAM71E1,0.03289505371575884
PIGO,0.0328761216325884
CBX7,0.032866025372600104
ZRANB1,0.032852789665573374
KLF6,0.03285198961425917
TRIM41,0.03285095755184317
C8orf84,0.032850214501082
COX4I2,0.03284844526477384
KIAA0146,0.03284781645152003
FOXH1,0.03284450240508393
FAM133A,0.03283984214809553
PITPNM2,0.03283579582664606
C4orf50,0.032830673542163444
RHOD,0.03283005751188668
POLR1C,0.03282860364062297
LOC100132832,0.03282497174281073
C14orf128,0.03281506841312054
CLCN5,0.032814786332888604
TASP1,0.032801127625259024
SH2D1A,0.03279374216270878
PRR22,0.032792200316466624
SEPP1,0.03279165267313732
CD209,0.03278697523258451
CCDC132,0.03277770583369532
CCDC52,0.0327756166380599
SLC3A1,0.032764131956673326
GAS7,0.03275993640335901
OTUD1,0.0327485028358139
TIAM2,0.0327454430802315
PTCD2,0.03274447440498311
CRABP1,0.032744158015694
NCRNA00169,0.032743073884388914
MBOAT2,0.03274070712224271
KCNK13,0.03273665312319967
NBEAL2,0.03273507975550091
C10orf47,0.032730633844156753
RGPD6,0.032721958538053486
CDRT4,0.03271513500277005
GLP2R,0.032710256214093236
CCDC41,0.03270805788295665
PTPLAD2,0.03270478963482192
BHLHE41,0.03268616403832034
FOXP2,0.032684861855722634
GLG1,0.03268423459591447
DBT,0.03268369905234294
HCN3,0.03267915938712308
DBX2,0.0326787909173351
SYT9,0.03267139706481375
TIGD3,0.03267011617795487
C4orf19,0.032666746270934605
NIPA1,0.03266518851479704
UPK1A,0.032653674708868444
SERHL2,0.0326512023555465
RGS19,0.032640497766737005
CD40,0.032637741879990335
DMAP1,0.03263582533443574
KCNK12,0.0326303611035653
WDR63,0.0326278949873499
USP24,0.03262453524114913
HIF3A,0.03262105104376233
FAM104B,0.03261504340364297
C9orf144B,0.032614620707915695
TOX2,0.032607837200140675
SULF1,0.03260634930624938
UROS,0.03260314229218243
SLC25A15,0.03260312073303918
CEP170,0.032601426175560916
NDUFA8,0.03259311121518786
SLC2A5,0.0325928169099388
FBXO36,0.03259159551944668
CCDC150,0.03258723533868602
SAPS3,0.032580797522308975
TMEM97,0.03257450629309335
USPL1,0.032557172065049
PPL,0.03254193924481134
MRPL9,0.03253717142158394
KRTAP2-1,0.032534485447234536
DPEP1,0.03253133576081005
UFSP2,0.03252974088611548
SYNPO,0.032523518821150565
EVPL,0.032517541435347096
NANS,0.032513599957920546
MACROD1,0.032510218202419255
MNS1,0.03249472442582674
TSR2,0.032490895709831234
BRMS1,0.032487976703179364
VPS25,0.032473972100005966
CCDC89,0.03247371385683245
AQP6,0.032472669267239795
GABPA,0.03247181015858319
TSPAN11,0.032457332599003075
TCEAL6,0.03245430000834889
CENPV,0.032453583302893343
LOC401463,0.0324529362926169
CD8A,0.0324522262926899
C14orf139,0.03243610423390396
TDRD9,0.0324329719454548
KCNT2,0.03242662810681368
FAM198A,0.03242608690783291
REXO1,0.03241885043955084
ABL1,0.03241571761144619
ADAM2,0.032411282567533825
CHURC1,0.0324106660328035
WDSUB1,0.03240913301271735
LIX1L,0.03240811922262772
LYSMD2,0.03240746636640307
FAM116B,0.03240743667895718
PIPSL,0.03240483419569581
PNKP,0.03239542716889316
AQPEP,0.03238842571867316
DIO2,0.03237864191815572
MDM2,0.03237600194962723
NUDCD3,0.03237220742524716
KIAA1257,0.032358662559275574
IFI44L,0.03235655672340944
SLC5A8,0.032352933951238554
PCNXL2,0.03234555075684274
NR0B1,0.03233576278817635
CWH43,0.032333971754481966
GATAD1,0.03233279294510758
TMEM42,0.032322564174217534
LSM5,0.03232209722632152
CYP17A1,0.03231818436663069
PRCD,0.032317038817967325
PHF19,0.03231428708402034
GLTPD1,0.032310097608805134
ALOX15,0.03230427887538373
YWHAE,0.03229864986298939
SFRS1,0.032297538657540675
TXNDC16,0.03229685752739387
PIK3R3,0.03228910055621655
TP53RK,0.0322888404537699
APOM,0.032276905888985324
GPT,0.032275370608164065
TNFRSF11A,0.03226844920196429
SAMD5,0.032265914321299854
MLXIP,0.032261014176440825
GUF1,0.03225555063836432
DYDC2,0.032250335384666706
NCR3,0.03223909413280554
PRRG2,0.032235443497025534
CNOT4,0.032235350999868524
ZNF714,0.032231814073567455
OAZ1,0.0322277030456619
LOC285733,0.032225095849351834
SSTR2,0.03222479095957878
VPS41,0.03222395683162293
TNKS1BP1,0.03222150356156155
FOXG1,0.03219958670085717
TRMT112,0.03219835241299604
LOC729603,0.03219763341583695
IFITM4P,0.03219505830495784
MAPKAPK5,0.032188803117373724
LOC644936,0.03218647126429637
C1orf203,0.03218496301282209
BMP6,0.032161834771027825
L1TD1,0.032161066649339404
KIAA1310,0.03214873920319349
LOC100133331,0.03214688980774267
OGT,0.032138417509214694
TMC8,0.03213395645239492
RGL4,0.0321309294317041
EDDM3A,0.03212800261960736
PELO,0.032123295253646725
POLR2B,0.03211889668391956
LOXL3,0.032117710531705326
ZNF200,0.032117344476754746
CPZ,0.032114969078157966
ECE1,0.03211454869116175
LYPD1,0.03210799372021839
TNFRSF1A,0.032107091339233625
LRP6,0.0320993954473973
MPP3,0.03209126727760795
TTC16,0.03208453921773291
HIST1H2BB,0.03208079641903651
BOLA2,0.032079660610155006
EPM2AIP1,0.03207326188158207
HSD3B2,0.03207065277906039
KIF6,0.032065656717301605
GLA,0.03206460041131996
XYLT2,0.032057773021612355
F13A1,0.03205510522228045
UBE2Q2,0.03205489136476977
PDP2,0.03204781621401274
DNAH1,0.03204506141193568
NMT2,0.032042549288066366
EMD,0.0320419213956017
FAM135B,0.03203994768974901
EHF,0.03203772258564577
TXNDC2,0.03203405463921923
AFAP1,0.032032850795779784
ALDH1L1,0.03203163833085305
TMX2,0.03203136730701467
BCL10,0.032030821343228405
POTEF,0.03202791739241403
PLB1,0.03202023276625865
LY6G6D,0.03201514542604648
C20orf195,0.0320132468649592
C1orf170,0.03201213007807832
OPCML,0.0320071133177842
TAGLN2,0.031988230973254636
CLGN,0.03198122861224625
LOC653653,0.03197994172096056
NTNG2,0.03197931083524757
CIZ1,0.03197316922033552
ZNF564,0.03196853830890532
P2RX1,0.03196624104862917
BMP2,0.03196573757081158
KLK14,0.03196045052532696
LRRC59,0.03195663956330992
CA2,0.0319562180576723
LIMD2,0.0319550489733288
UBTF,0.03194705320651495
ADAMTS12,0.03193839633333924
AMMECR1L,0.03192438484354761
HOXB1,0.031922450105336744
PAPOLA,0.03190999040000507
TLR6,0.03190635222314575
C19orf53,0.03190357576225203
UBE2Q1,0.03190230480885143
KIAA1529,0.031898382045148804
AGBL1,0.031896310916815246
TIA1,0.03189417459389096
UBE2E1,0.03187964133032581
CDK5RAP3,0.03186733115653439
DAZAP1,0.031866720284967426
GPR114,0.031851111270017815
CD244,0.031847624451232126
SPON1,0.031837346585416974
CAMK1D,0.03183336362059998
C17orf104,0.03183156132633845
CRB1,0.031830983341114914
SF3A3,0.03183019503200393
CLIP1,0.03182885199124656
GPATCH2,0.03182736485640397
PRDM6,0.031822901674438055
PTPN6,0.0318215544338951
IL16,0.031821351325724834
HBXIP,0.03181916702219464
DDX58,0.0318174227783812
TLR4,0.03181722754467297
AVL9,0.031816251554134395
POLR3C,0.03181442514037447
CACNA1I,0.031810806557160315
CCL2,0.031792511687986746
SOX9,0.03179051569979832
OR52L1,0.031788221279858676
SERPINA10,0.03178364256768488
HSPA4,0.031777625176885635
URGCP,0.03177564210053068
SLC35B2,0.03177445682977519
SRY,0.031772629254800115
ZNF611,0.03176921250508384
CLEC4E,0.031757442039214545
MEIG1,0.03175344573318821
ZNF605,0.03174817485348427
SIGMAR1,0.031747410728778146
SPRY2,0.03174313251948177
KIAA0040,0.03173755784480972
COG8,0.0317334122435759
C1QTNF9,0.03173157602399822
C11orf80,0.03172208235631707
KIAA0922,0.03171582255833126
CD72,0.03171461024330343
UBE2L6,0.03171012540586327
ACER3,0.03170523775173248
MGC12916,0.03170277857798613
CSMD3,0.031693899236875885
GPR108,0.031686627876927845
KIR3DL3,0.03168174962774824
CASP5,0.031678510072198934
ABCC2,0.03167740657260158
GPR125,0.03167643152650217
TMEM167B,0.03167133701980898
KLRK1,0.03166043887514602
CSF3,0.03165912603474774
APOBEC4,0.031657526514569906
PEA15,0.03164763890266432
DFFA,0.03164260680573431
SLC17A8,0.03164093841951667
MORN3,0.031638855076646745
SLC15A3,0.031634978747470156
RGS4,0.031634683200465044
AAMP,0.031633512704337834
CLEC7A,0.03162718674702713
MGC16121,0.031627067829662556
SOX18,0.03162029521481775
SQSTM1,0.03161965321361906
CHD6,0.031612850380311995
SUZ12,0.03160861927632297
MCTP1,0.031606888986902885
GUCA1B,0.03160571159680103
MOXD1,0.031603760644245166
NUP160,0.03160242221893274
C12orf57,0.03159811275146172
RCC1,0.03159656236147858
DISP2,0.031596521346388566
DHRS4,0.0315887378540891
DIO3OS,0.03158776528632421
MAGOHB,0.03158610871732684
FLRT2,0.0315846789046986
RPL24,0.03158459237824295
KIAA1279,0.03158214015752881
ZNF7,0.03156724525077669
PIM2,0.03156603306421518
HSF4,0.031558633570477
MYLK,0.031557278095997426
FTSJ1,0.03154665447425639
PDGFA,0.03154408755181554
KCTD9,0.031540640660124096
PARP16,0.03153347047710978
IQSEC3,0.03153125898929421
GNL3L,0.03152789433090674
PTENP1,0.03152730462381704
GNB3,0.031526517215904305
ABCG1,0.03152556864759195
ANTXR1,0.031523391940274675
TRIO,0.031518797755575485
FBXO7,0.031505681582664986
SMARCC2,0.03150096062767529
CLEC4F,0.03149633788719763
ADAMTS2,0.03149456097211514
FAM109B,0.031482783430186345
RDH8,0.031478331312059404
HSD17B13,0.03146226847091736
BCL2A1,0.03145995559197451
NVL,0.03145734447899887
GSC,0.031456343726975665
RAD52,0.03145489055328825
AUP1,0.0314544412920122
ZNHIT1,0.03145179101974254
C2orf56,0.03145140385570871
ASXL3,0.031451064889700155
SLC26A5,0.031432167469970934
TM9SF1,0.031430567427772484
PRSS22,0.03142190896784273
AP1S2,0.03142171060030673
C6orf122,0.031408929057170604
FFAR1,0.03140330793697363
TMIGD2,0.03140039652023415
IQCF1,0.03139700099598929
DCLRE1C,0.03139582287241034
COL14A1,0.031393394838348854
CAMK2D,0.03139010905784298
POLR1B,0.03138947740774901
PCSK6,0.03138933333261689
CXCL9,0.03138417266684665
LEFTY1,0.03137255342690081
SMC1A,0.031371069927806715
LSM1,0.03136849186557108
COL6A3,0.03136693257706036
KEL,0.03136245440971833
C21orf71,0.031360107362746976
CPB1,0.03134354461922248
CACNA1F,0.03134113965377515
XIRP1,0.03133671086863612
RNF141,0.03133478180571005
LOC678655,0.03133435411903184
PIK3CD,0.03132864755879609
ACTA2,0.03132505532751509
GRIP2,0.03132490547278323
ZFP82,0.03132257468636513
FANCF,0.031322475089149426
KLF15,0.031318191478246486
MYL4,0.03131335966796552
CHMP4C,0.0313086978780565
ZNF114,0.031307393892892624
SPARC,0.0313041817258131
HIST3H2BB,0.03130033197186754
NLRX1,0.03129189322506339
CADM2,0.03128649647143093
SPIRE1,0.03127919048453853
ZNF831,0.0312605745788104
ZNF573,0.031252234085468795
SIGLEC14,0.031247069403482777
ZNF816A,0.03124553430174026
GPR111,0.03123670174344984
ZAN,0.031236623302063986
TCEAL8,0.03122491967635329
SCN8A,0.031212396876585263
DNAJC14,0.031207654423359
ADAM32,0.031198271808819063
CFHR3,0.03118533574990564
SFT2D3,0.031173162389689212
FXC1,0.03117079039130853
ZDHHC17,0.03116950610521088
GRAMD1C,0.03116563269681761
ATXN1L,0.031165305502891472
CORO2B,0.03116502599942263
CD96,0.03115758272992731
SLC23A2,0.031151083493577675
CDH1,0.031148015727680018
CD300LB,0.031147581599146188
TMEM204,0.03114628621818906
RPS2P32,0.03114124822519945
RASAL1,0.0311408252231823
MRP63,0.031140485883376715
ATE1,0.031137613935116548
LOC389705,0.031137331513243643
CDH11,0.03113676629474033
CCDC109B,0.031134186762917734
KIF5C,0.03112792174994605
PIGH,0.031125915601897963
RPL35,0.03112195759204215
LOC100129534,0.031120055365497827
FRMPD1,0.031119318131941253
GRIN3B,0.03111295598623631
CLK3,0.031111088109103697
BRSK2,0.03110459722847341
RAD23B,0.0310943975879897
CDSN,0.031092044524672537
SERPINB8,0.03108450856535745
VEGFA,0.03108321918114385
PSMD9,0.031081585510897097
ING1,0.031075958856842213
GNLY,0.031070109872002878
DACT1,0.031062885271388452
KCNH4,0.031054707938554624
PDGFB,0.03104435070739737
CTLA4,0.031043007497887423
ARNT,0.031034443647880862
CHPF2,0.03102712352924776
ZFP42,0.03102520968213249
DCLRE1B,0.03101377497433919
VWA3A,0.031010228559207344
ANAPC4,0.031006445779618513
SDHA,0.031005157814787472
SAP30L,0.031004385998377446
SATB1,0.03100276487688266
MAG,0.030998220449166648
TAS2R31,0.030988382231452293
C3orf70,0.030987569422422877
TMEM14B,0.030986903222618458
RFPL4B,0.030974081668080716
INSRR,0.030973234663129765
VKORC1,0.030969309261037803
KCNU1,0.03094918945645902
CDK13,0.03094660496412633
ITGAE,0.03094120928456752
NCRNA00087,0.030940867715875293
APP,0.03093262478204577
ACAD10,0.030932074801393622
ZSCAN5B,0.030931657475049792
FAM7A3,0.030931378081268317
DNAJC25-GNG10,0.030922281716268107
ZG16B,0.030921106820539335
PPM1H,0.030920986048544888
C21orf62,0.030917693616356365
PSIP1,0.030914856652432092
C18orf1,0.030914853264409056
C6orf191,0.03091002262256264
TTLL9,0.03090091377076082
KCNQ4,0.03089079800989125
DLEU2,0.0308901334938079
SHD,0.030889828793111404
SLC12A4,0.03087408365526299
C2CD4B,0.030873040071159156
KCNK6,0.030872267362962297
TP53BP2,0.03086963050003969
MSX2P1,0.030868867391155935
LOC285359,0.03086570804640495
LSM6,0.03086399122794344
WBP11P1,0.030863759412978944
RNASEL,0.030852186175889796
TRUB2,0.030849981832794377
TES,0.03084764032890962
MYB,0.03083543637751649
NUDT9,0.03083403203148431
LOC148696,0.030832728443858218
MTX2,0.030830127329076595
ATP5J2,0.030815599462869114
NAA40,0.030809908244890997
GNPDA1,0.030809692083438506
P4HB,0.03080900691927594
C10orf76,0.030805606966691365
RRP1,0.030796743420675024
CD22,0.03079484992863108
SP4,0.030792486951320485
CTRC,0.0307887459522108
ARAP2,0.030785626403399838
CDKN1B,0.030784382627346528
MGC27382,0.030783885093611643
NCRNA00119,0.030779727693493176
C5orf58,0.030773842356189556
ISM1,0.030771562187874482
CCDC7,0.030770829755528882
SLC4A9,0.030761760400642345
PLEKHM1,0.030757866237885727
SMARCD3,0.030757332384482302
S100A14,0.030754194954026436
TAGLN,0.0307531348495068
HSPE1,0.030749033086896832
ITGAX,0.030745747818236507
RARS,0.030740686645190952
USP15,0.03073217542291248
SCYL1,0.030725469204816298
BPI,0.03072161676663434
ANKRD46,0.030719708937525004
BEX1,0.030715566177728037
SMEK3P,0.030709987485825294
GMCL1L,0.030707646223670185
CDC42EP2,0.03070730095154593
MRPS27,0.030706442543983827
PEAR1,0.030701241838429483
SH2D7,0.030700591874041377
MMRN1,0.030697958414045205
CASKIN1,0.030688720044101784
TMEM30A,0.03068442703769535
SEC14L5,0.03068277229707648
PUS10,0.03068119162564882
UQCRHL,0.030677159568930835
PLEKHN1,0.03067553316410935
OGG1,0.03067201817511206
FLJ42709,0.030671945032181753
KCNA2,0.03066365900642074
C10orf125,0.03065738753911188
C9orf119,0.030656000299131493
PAR1,0.03065054633139316
SMARCAD1,0.030647297134667392
CETP,0.03064347134357765
RAI2,0.030633082021115362
SLC35E2,0.03063301888862076
CNPY4,0.030621107165983225
IGF2R,0.030621099848558316
SLC12A9,0.030619713491954397
LRRC61,0.03061751932020408
GTF3C4,0.03061690556481547
SIRPG,0.030613024302594598
POU2F1,0.03061079108549924
C17orf67,0.030606499741554213
ABCA10,0.030600597471824403
ACSS3,0.030596860357081552
TRIL,0.03059064186722578
ACBD6,0.030587636827136465
PRDX6,0.030586490816683815
TRAT1,0.030586139256456358
CTSK,0.030582207781132673
ABCB10,0.030570718912224574
SOD1,0.030569283919023905
PLXNA4,0.030564560206148287
FSTL5,0.030561652945318204
OXTR,0.030559909350347338
CACNG1,0.030559177174252692
IGDCC4,0.030554978079337415
U2AF1,0.03054076377340146
TM9SF2,0.03053984219318142
SRPX,0.03053729425543138
FMNL3,0.03053589200539874
HSD17B7,0.03053489004985592
RNF34,0.03053406332772953
C12orf43,0.030529439740831322
GPR179,0.030522975289692795
MAN1C1,0.03052027528889022
TRIM14,0.03051394592084001
THBS1,0.030513488164736584
MARVELD3,0.030494215911354785
CA5A,0.030488687788698256
DRD1,0.0304864435650779
HIPK1,0.030483681896192855
DHFRL1,0.03048329142191153
DKFZp686A1627,0.030478247267073506
SLAMF9,0.0304743772089396
NAT8B,0.030472908665706813
JAM3,0.03047046218770437
IL26,0.030466499747208425
C14orf167,0.03046508713523529
VPS16,0.030462231881901045
CCRL1,0.030462160859372218
DDA1,0.030451834089364502
BCDIN3D,0.03045104976318357
PRRX1,0.03044219564347854
GNL3,0.030437632409279474
SPATA5,0.030437600830393857
TERT,0.03042957614484292
ZNF687,0.030427769979242462
GFRA1,0.030418804923675713
RABAC1,0.030415980037418223
SLC45A4,0.030413002996651353
ADSS,0.030410604328556367
HTA,0.030406996402656893
CAPZA2,0.030406548126339302
FAM134A,0.03040568170756995
SCARNA17,0.03040283352338382
PLIN4,0.03039807304579307
LOC285205,0.030392760997975932
DCTN3,0.030391779036621908
F7,0.030390431958844236
SLTM,0.030387968943753462
KIAA1199,0.030384460264675534
PAQR5,0.03038442302338825
PDGFC,0.0303841627965
CCDC152,0.03037805841529989
FAM75A2,0.030373291902969245
DEF6,0.03037151873607012
FOXI2,0.03036981849498708
CHN1,0.030364110103461735
IFRD1,0.030359437984252377
CLDN11,0.030351771752784334
FBXO10,0.030350355461316578
PACSIN1,0.03034970626641868
RNF19B,0.030346573474487642
BTBD19,0.030338910307764585
FGF23,0.03033831941246201
ZNF70,0.03033809966307804
EML5,0.030337918897934548
TMEM72,0.030329797635286516
GPR37,0.030327734122663746
NAIP,0.030318032553946713
PCDHGB6,0.030314897377382986
SCLT1,0.030309739902105424
TUBB2B,0.03030696351822826
CD3G,0.03029665601737892
HCLS1,0.030289465756996387
SGPL1,0.030285542222696374
TTYH1,0.030284488638747963
ZFP37,0.030281492794135206
PLCB1,0.030278304327207475
C17orf106,0.030276622262707147
ZNF782,0.030275166412327203
SVOP,0.03026947140316854
MKLN1,0.030268067136765903
PYHIN1,0.030264745008116663
ZAP70,0.030256394063263563
SFRP2,0.0302519515316554
LOC728723,0.030239734334608283
PXDN,0.03023567432240078
IFT46,0.030235049331314393
C1orf172,0.030227650877883573
PRICKLE1,0.030224269526306753
GAS6,0.030223520625124557
ZNF777,0.0302178356688781
CROCC,0.030217291225281478
ELOVL2,0.03021492297995296
ZMYM5,0.030213623399780863
SNHG9,0.030205316654615698
C1orf35,0.030204759675783174
SCN3A,0.030203070994238405
GZMA,0.030200601778348855
MARS2,0.03019209636337548
ASCC1,0.03018934801504771
SCFD1,0.03018534923323856
IL10RB,0.03017800031909381
C20orf24,0.030175534775173936
REXO4,0.03016530662554952
CA4,0.030165123741326627
CS,0.030152934959785865
CD5L,0.030152678651062047
ANKRD54,0.03015128487881857
TSTA3,0.030150306863594233
CCL25,0.030145185858603693
BIRC2,0.030143474256300023
RNFT2,0.0301426263779607
SH3GLB2,0.03014120993120639
ADAMTS4,0.030138227822486444
TBC1D9B,0.03013516192818364
MRPS6,0.03013471570324621
C6orf222,0.03013245682452512
GPR83,0.03013240976713188
OR52N2,0.030125361121809063
RABGEF1,0.030120416791790314
NCR2,0.03011084085206242
BEND5,0.03010724961248256
ZNF107,0.03010538372741025
OPN1SW,0.03010299239960519
RPL36,0.0301026854285578
IFIT2,0.030102247983106362
DCC,0.030101021947999948
DAK,0.030097651634300553
SPINLW1,0.0300961938662314
KDM5B,0.030085852511526446
SIAH1,0.03008188359365172
MID1IP1,0.030069180422939233
ZNF189,0.030069035133568067
TAF13,0.030067411427802497
PIM3,0.03006227597146902
IPW,0.03006216497521717
FMO3,0.030061753098430944
RFXAP,0.030058220444362873
LYVE1,0.03005468107555258
SSPN,0.03004511611281273
PILRB,0.030043760737771298
LOC440957,0.030039545296616815
C15orf27,0.030036855583073514
MGST2,0.030034334984688722
ZYG11A,0.030029398589990448
SLC5A7,0.03002506689496914
COL6A1,0.03002032376113193
APOC1,0.030019296638441776
MGEA5,0.030017846219721082
KLRC4,0.03001576814497771
NPHP3,0.030008846615623756
GP9,0.03000572655061094
FAM9B,0.030001546823872134
SEPT2,0.030001506445727348
MEF2A,0.030000569657084458
GOLGA8G,0.029996195073543192
OMP,0.029986154969824458
POU2F2,0.029985629475489904
PPM1B,0.0299761459056909
DRGX,0.029976020039513853
CD59,0.029973297836702304
DAB2,0.0299665075407801
NT5DC3,0.02996493505408715
NOL3,0.02996291010460155
STAT5B,0.029956102938072163
CMTM2,0.02995566393314473
MRS2,0.02995481625818777
WDR38,0.029954053205587847
C4orf6,0.02995286749798521
C9orf6,0.029943858756176885
H6PD,0.02993329722473682
SLAMF7,0.029931775824034113
SGK269,0.029931691586207974
ZCCHC2,0.029926802899819218
ZNF207,0.02992444155867024
SYNGAP1,0.02992197505170167
NUDT17,0.029916348449837014
C22orf40,0.029915209018005696
BNIP1,0.02990919020227845
MMP7,0.02990824036463746
TRIM78P,0.029908087643106655
LSAMP,0.02990400495258248
LOC100128822,0.029903144740681113
DDX25,0.02990174254266552
TXLNB,0.02989828670516353
B2M,0.029897514930159158
ZNF224,0.029895535468227586
NAP1L5,0.02989354601008568
LYRM4,0.029892948981609855
C13orf33,0.029892512995667198
ZP1,0.029891275091699965
C17orf65,0.029891214829884005
KIF19,0.02988787016745028
LAT,0.02988562313826133
C7orf63,0.029882558327418603
NUP62CL,0.029876592886638638
BTNL9,0.02987401877003385
TPSG1,0.029867306076005185
ZBTB6,0.02986516792032841
APOL2,0.02985884095377216
PTPRCAP,0.02985556798005907
DUS1L,0.02985469782992547
KIAA1522,0.029844285380409213
DIRAS3,0.029842576407536212
LOC340017,0.029841939636081925
SLC35D1,0.029833820811006856
WDR74,0.029830593500453393
ZNF285,0.02982686923283139
MUTED,0.029826474719373774
CAMKK1,0.029825484009141714
CPA5,0.029821931818834045
TM2D2,0.02982146451979069
ANKFY1,0.029820124742524625
EPB41L1,0.029805689045045464
KLHL4,0.029803560061743232
ADORA2B,0.029799437324855495
C5orf23,0.02979291854790827
ITFG2,0.029791006761727506
NDUFA7,0.029787395520988264
CARD6,0.02978394172280455
PCDHGA11,0.029765378858005762
ZNF25,0.029754093958457607
MORN5,0.029737609111310095
EBNA1BP2,0.029735603833851165
C8orf41,0.029725574188457393
OR1G1,0.029724956118505088
HIST1H4L,0.029717777166144908
ADRB2,0.029717292107130304
WBP1,0.029714475022932625
TUBG2,0.029701640177517686
GPR18,0.02970107419456449
RPLP0P2,0.029697421268225933
MT1G,0.029695246253571218
LRFN3,0.029694312594959037
RAB6A,0.029692323762378674
C16orf11,0.029688848335292447
MBOAT1,0.029686659353256387
NTN5,0.02968222522005189
TMEM60,0.029677508564916955
ENDOG,0.02967359048188193
RHEB,0.02966975823137263
ZNF28,0.0296694783903931
FAM150B,0.029664651123827837
SUPT16H,0.029664576193458317
NFU1,0.029658563647772036
PDLIM5,0.029650881557026883
ZNF10,0.02964347713482463
CALR3,0.029641023444188303
C1QTNF3,0.02963905345561797
ANUBL1,0.02963611191331446
CCDC80,0.029632411735898395
LSM12,0.02962790726693392
ODF2,0.02962649515815451
CILP,0.029622086574273215
TYMP,0.029620120841963544
LOC285954,0.029614034316211704
TBCE,0.02961089159599474
CILP2,0.029610638244256346
SEPT14,0.029609318202865758
BPTF,0.029606273837089397
LMF2,0.02960532096420816
CMYA5,0.029604714825653272
MKNK1,0.029597483835149523
FDX1,0.029584361464230963
DCP2,0.02958124969316992
C19orf26,0.02957677334698406
TMTC2,0.029572565507820628
DARS2,0.029565013574848375
MC4R,0.029562693131976705
RAB26,0.029557570404342294
CDK10,0.029554532766908594
TMC6,0.02955173455123326
ADAM21,0.029548164732986496
CPNE7,0.02954374059009301
EMILIN2,0.029540608393580706
SYNGR2,0.0295376436657339
HSPA12B,0.0295375127110333
LETMD1,0.029535445088305176
SFXN2,0.029531841399930637
OR2A1,0.029530289795240507
TCOF1,0.02952821150645407
SKAP1,0.029515698680984692
WBSCR27,0.029488255099343337
IL7,0.029486424106613413
STIM2,0.029485275025392003
LOC401588,0.029480958462771385
ANKRD32,0.029480895605527444
YOD1,0.029476403290311492
MYST4,0.02947596943675901
SLC35D3,0.029472208095474305
TMEM90B,0.029468636124145964
HIST1H3J,0.029468303782997682
ZNF655,0.029467259707125125
TAF12,0.029452818716024863
APOB,0.029452448574561314
KIF2A,0.029452162377276013
HDAC8,0.02945034866069538
CACYBP,0.029450217277487752
AKT3,0.0294500341713664
HIST1H2AB,0.02944170369571617
CIB1,0.0294354984895275
THBS2,0.029434995885977706
TST,0.02942964323933285
CRYZL1,0.02942245412832688
SLC34A1,0.029421569366879282
CDC20B,0.029414490550414892
ZNF582,0.029413762599052488
RDX,0.029406713063277152
TRHR,0.029395550596832454
PCGF1,0.02939353171746088
NDUFS8,0.029389638300374023
HEXIM2,0.029388745566125907
C9orf109,0.029386365372231146
BAMBI,0.029384738562978442
CLDN10,0.029380611827156955
RNPS1,0.029369157317395554
PRF1,0.02936539448796871
INHBB,0.029363701511636628
TFAM,0.029357485264822823
C10orf93,0.029353116465885454
APOC1P1,0.02934876077966121
KLF9,0.02934801238406324
KCTD18,0.029344447603673787
NDUFC1,0.029338075728206642
SF4,0.0293309019678906
AWAT1,0.029321678746723742
TSFM,0.029304579307492275
MSMB,0.029300293662157906
LOC728276,0.029296875348335336
GDPD4,0.02929132080050867
SCN4B,0.029290306754209995
VASH2,0.029287248472922866
ZNF821,0.029287153243315583
AOX1,0.029284427403166956
USMG5,0.02927486558560465
PTGIS,0.029272584664934823
LOC100272216,0.029272046973234198
PGM5P2,0.029268559528804753
TMX1,0.029255511064712244
CA11,0.02925212383546648
H19,0.02925128526284917
MAN2A2,0.029247818561129808
CRP,0.029244466999231937
RAB11A,0.029243818841166475
ITIH1,0.029243463621294572
C17orf57,0.029239795166524515
PRCP,0.029235527997328176
CST9,0.02923296562200448
INTS1,0.0292325362027204
ATP5SL,0.029229546343980263
C9orf110,0.029228474917018788
ST3GAL2,0.02921919602339935
PAR5,0.029212634200435062
ZBTB20,0.029210460058829334
GPR174,0.029210308088527846
METTL4,0.029207668124960028
STOX1,0.029206695146401312
CASC3,0.029205903654909358
IFIT3,0.029200990870082162
CENPB,0.029199541360844204
LEKR1,0.02919167867129907
WHSC2,0.029191416737224783
RPIA,0.029188783093615677
NME4,0.029182060836279562
FDXACB1,0.029179036083478747
CNOT10,0.029173318136552315
KRT35,0.029159648748081492
ZNF571,0.029159204211136446
LOC100190986,0.02915814610926701
RAB18,0.02915283536123423
LAMC1,0.02915245518935036
FAM36A,0.029147953571090797
CBFA2T3,0.029147937900588974
RAB8A,0.029147131392559204
MTG1,0.029142986962558275
CLC,0.029134571976947465
IFITM3,0.029134560657997455
MYCBP,0.02913451108247871
SYNPO2,0.029129241475252816
MEP1A,0.029125378375070548
BTLA,0.029114673941405798
C15orf39,0.029112475595155264
ARMC4,0.02910886932662028
CCNYL1,0.029106677826088584
CFH,0.029099045275021346
SLC18A2,0.029093676826426867
PI4KA,0.029093218163960335
CACNG6,0.029092514577767032
SLAMF1,0.02907057932909289
RAD1,0.02906734566369571
YTHDF2,0.029066688768822756
CBWD5,0.029063824935282014
SYPL2,0.02906372079848621
RINT1,0.029062908949180948
ZDHHC2,0.029062827668144938
LRP1,0.029061263785698527
FLT3LG,0.029056934133300138
CXCR6,0.029050882179279525
AMZ1,0.02904315639592167
GALT,0.029041390692099302
KIN,0.02904070080482433
SDF2L1,0.029034264084180982
LOC90586,0.02902987321357715
ECHDC1,0.029029314773552452
BEND3,0.029027199204027774
PDE6G,0.029026426836464905
CSRP3,0.029025683254185544
CLDN25,0.02901932481008336
LOC144571,0.02901520903196858
TNNT1,0.029015021728862295
ZNF561,0.029010546294907017
CLIC4,0.029006565407251817
WBSCR28,0.029003140175142765
COL1A1,0.029000834976483304
ASZ1,0.029000569196324127
CHPT1,0.029000062632227826
GALNT9,0.028999402781212744
C2orf82,0.028996019260871735
BMP8B,0.028995016098198607
MYCNOS,0.02899363961487295
XCL2,0.028985059372487493
MS4A2,0.028983923932211608
NMNAT1,0.028979294960681547
TEX19,0.028975809433376545
RNMTL1,0.028961862216799684
ICOS,0.028961262037743286
CACNA1H,0.02894883112471236
SNX7,0.0289372092211878
PTDSS2,0.02893624380531618
FGFR1OP2,0.028932003097668624
GARNL3,0.02892682770529659
RGAG1,0.028920262975298566
GRASP,0.02891973719327208
CSTF2T,0.028917679167415607
IQGAP3,0.028915872686577807
EFTUD1,0.028910798288130975
HRH4,0.02890459497441074
VGLL1,0.028901596999268492
ADAM21P1,0.028895583362669956
SMU1,0.028892911613007378
NOP58,0.028890193292352
SEMG1,0.02888990627300407
KLHL12,0.028875048584398575
CASP7,0.02887303959777879
TARBP2,0.028870016348900993
STATH,0.02886949015722601
PIP5K1P1,0.028863261253493592
WNT5B,0.028859601043519336
HNRNPH1,0.028859540372276806
RPP38,0.028859533240548463
METTL2A,0.02884899638408675
C21orf58,0.028842920827833105
FAM192A,0.028839882902982263
GTSF1,0.02883816601427897
DIS3,0.028834952315322262
ZNF607,0.0288326566376346
KLHDC3,0.028830577773954664
NOSIP,0.028825877246537346
ITSN1,0.02882469256913638
TATDN3,0.028824339961813925
CFHR1,0.028822107291994838
KGFLP2,0.028821738550493546
IKZF5,0.02881941037523271
ARV1,0.028818867240474534
ST7OT4,0.02881657956782668
SNAP91,0.02881641837128947
DNAH8,0.02880658375437976
RBM16,0.028805983159225734
REC8,0.028798119460351244
RPRD1A,0.02879428286105146
PTEN,0.028788245279402765
TYK2,0.028778043822450656
SHQ1,0.02877770728016008
LGALS2,0.028774010600803843
ARHGEF37,0.028773806921991302
KCTD16,0.02877240524490128
CTSC,0.028770353119628736
GSPT2,0.028769693894125432
CPNE1,0.028763918570880585
DCP1B,0.02875826379061286
RASSF10,0.02875640941324031
APH1B,0.028749778331798804
LRP3,0.028747599682064248
ZCCHC18,0.0287452621575627
AIPL1,0.02874149314455731
NCRNA00152,0.028741397143029545
BMX,0.028741024113224937
SEC23B,0.028739193391958923
LYPD4,0.02873773948847398
DLX3,0.02872735551530038
ST7OT1,0.028725392550383973
MCRS1,0.028724628721405878
ADH4,0.028712775940934094
PRSS36,0.028707503334543947
ECM2,0.02870000437935341
ATL3,0.0286966871112734
ZSCAN20,0.028688609669028062
DTX2,0.02868132384603424
HSP90AA1,0.02867820064104703
TUT1,0.02867817780379459
ROGDI,0.02867587180262326
LILRA4,0.028672093130412506
IL28A,0.028670271887863738
TUBA1A,0.02867003233547855
APOA1BP,0.02866723227262653
AWAT2,0.028665217547815636
NACA,0.028664963520376525
GRIA1,0.028663127718280366
ADCY1,0.028647056102461252
GPER,0.028637236598868878
C13orf18,0.028629721130529973
GRIA2,0.028626351958890937
PKN3,0.028625408270362827
FYN,0.02862086836314708
PDX1,0.02862080837074967
ADH1C,0.028619142826453496
HIF1AN,0.028614290505044503
EFCAB6,0.028604053642776104
ZNF704,0.028593196529383545
DERA,0.028586897268562145
UCKL1,0.028585774333520983
C17orf64,0.02857810253536831
SEP15,0.028575098771397116
ADAMTS3,0.02857080400324484
PIK3CB,0.028566500597653775
LAMA2,0.028559902893369883
CDC14B,0.028554053416378643
CLEC9A,0.028550179571735536
GATS,0.028541769836559282
METTL2B,0.028537195184975755
PGM3,0.028534463996512306
GZMH,0.028531384888408826
NCOA6,0.02852622722345799
ITCH,0.028522577363673165
KCNMA1,0.028520380318022592
IL17REL,0.02851950997436235
FAM178A,0.028518757736415174
B4GALT3,0.028518244130469037
ZFP28,0.0285163857614231
HIST1H2BC,0.028515911463234917
SPP1,0.028499532891004296
C17orf47,0.02849321863789308
TTC36,0.028487213583239003
P4HA1,0.028486474686340472
RBM10,0.028484186537713313
POLRMT,0.028471573772721633
C5orf13,0.028462042811824014
SLC25A40,0.028459909622843987
PPARD,0.02845506434601381
OLIG2,0.028453344821994752
SLC39A12,0.028445670012644742
HDDC3,0.028441512480131142
BLNK,0.02844018588957887
SLC5A1,0.028437915007475098
VMAC,0.028430477536169
NES,0.028427251989738632
NT5DC2,0.028423081620566573
VPS13D,0.028422199663207796
FAR2,0.02841711129204882
ZNF292,0.028415861667853863
KLHL17,0.0284138890591134
CYP27B1,0.028401716396014305
ACSBG1,0.02839301033499462
HIVEP2,0.028391570214140016
TTR,0.028389609825215996
KIAA0467,0.028387442615304806
LOC147727,0.028384347358630782
TMEM106C,0.028380867354153815
LOC374443,0.028380834568315465
RASGEF1C,0.028378721340373503
FBXW4,0.02837210261644169
ANXA2P1,0.028371154856662303
POLR2I,0.028370004101688037
FAM104A,0.028366737948978038
FFAR3,0.028358463225142287
KCNK3,0.028352258683514736
XAGE2,0.02835086500023467
OR2L1P,0.02834985292611981
FAM122C,0.028345244577737898
LOC285456,0.02834077647290239
FSCN3,0.02834052453673404
ARID1B,0.028337597620054115
CHRNA4,0.02832964778114925
LOC440944,0.028327658682679065
TBL1Y,0.028325572977024854
PDGFRA,0.028324443223652972
CCDC88B,0.02832178672478194
CYP4Z1,0.02832098773895893
TSGA10IP,0.02831387376366731
SLC2A6,0.028310783925446253
CHRNA1,0.028293666437298665
PIGA,0.028291615509063922
TLK2,0.028283771154528476
GZMM,0.028274606521524526
KCNA1,0.028270830239027777
NAMPT,0.028266462481139152
KLF7,0.028248783231401557
PMS2L2,0.028233613007801327
LPIN3,0.028233591308613814
UCP3,0.028232986340690616
HCFC1,0.02822652247855154
RAMP2,0.028225034525196847
DSTN,0.028215661139007413
ZNF774,0.028210232601750023
TOR1A,0.028210191296595657
MOGS,0.02820839480049546
PTGES,0.028206862501737342
RFX8,0.02820381984822063
PHGR1,0.028196234427075167
ZNF385B,0.028189142009777624
VNN2,0.028188943391461604
CATSPER2P1,0.028183688748092954
SPG21,0.02818259977981582
ERI2,0.02817943016149498
TCP11,0.028170792748314393
PDXDC2,0.028165704210669648
KLHDC8A,0.028154738194671035
FLOT2,0.028153278486431402
FBXO18,0.028152042539224955
STRADA,0.02814639557470831
DOCK3,0.028145975391759354
MSH5,0.02814436737034658
TAF1,0.028144266559780702
FIBCD1,0.028143044749000416
DHX30,0.028142812352845565
ZNF667,0.02813857659146792
MAGEE1,0.028136376434868705
PTCHD3,0.028120558962905755
NEFH,0.028119978446548944
ZNF259,0.02811434639614299
ABTB2,0.02810630346205501
SH2D1B,0.02810559407466377
MKRN1,0.02810233014181258
KDELR1,0.028100963547750477
C6orf48,0.02810007341818295
SLPI,0.028092360945709487
TLR10,0.02808768090017691
ZNF595,0.02808264066146976
OLFM3,0.02808062973722169
EMP2,0.028075641984030387
PCYOX1,0.028068597651980057
USP36,0.028066714446575672
AHR,0.028066684579404602
PPAT,0.0280611569675392
ATXN2L,0.028060622146619956
LTBP4,0.028060092223707134
NDP,0.028059907253379004
OR51E1,0.028058988148656164
POMGNT1,0.02805521118534301
NFKBIB,0.028052487831199853
CDKN1C,0.02804695436075509
ABT1,0.028036031717173965
STAT2,0.028024979153382066
C6orf118,0.028022175067960956
C11orf74,0.028021002734028848
SCG3,0.02801895079542537
EMX2,0.02801869526851647
CST2,0.02801732841430299
DPYSL3,0.028015411938943177
FAM186A,0.02801389614464519
EPHX2,0.028011795687488118
MGC72080,0.028011357688868196
ZNF829,0.027994454393330526
PRUNE,0.027985299663690687
ISYNA1,0.02798330370233946
SIK2,0.027981595300927913
ATP6AP1,0.02797463402792113
PTPRO,0.027970393092162246
PYROXD1,0.027967881084727343
LMX1B,0.02796780886503795
ADARB2,0.02795930261458287
SH3D20,0.027957217516129815
MRM1,0.027957167350105873
RTN2,0.027951408817517075
CD300LG,0.027942480662920415
EPO,0.027939948303961775
PTGDS,0.027937579599181084
SNHG7,0.027932106524704497
RANBP6,0.02793203813768112
RBM18,0.02792572295043608
FAM20C,0.027923711995638423
IRAK1BP1,0.027920745027476775
ALG13,0.027919998555126776
BCR,0.02791689348848174
KIAA0284,0.027906418789291232
C13orf1,0.02789952135336567
PRKD3,0.02789761255150197
ABHD15,0.027894339115953095
POGZ,0.027892449972559605
ASB16,0.027892080386340546
ASNSD1,0.027885103920258596
C21orf82,0.02788316180437686
ADCK5,0.02788303977594017
MTOR,0.027881747765614178
FLVCR1,0.02788072643154914
CAMK2B,0.02787931133208994
ZBTB1,0.027875984958326192
LOC728392,0.02787406955913871
WNT10A,0.02787084396548347
CAPZA1,0.027868486637485226
CEP350,0.027867435137035698
PNMA6A,0.027866358602407153
FOXI1,0.02786325787941789
PHF10,0.027859760351184173
NDUFA4,0.027855116986057214
PRKCG,0.0278549035918362
CDC123,0.02785405702197683
LOC284232,0.027850926232032617
SPANXE,0.02785013239351647
INSM2,0.027846412968111946
LOC284798,0.02784344977480749
SNX8,0.027843381490651842
LOC441666,0.027842436803476596
IGF2AS,0.02784162194364392
CEMP1,0.02784041453977337
MRC2,0.027835120046523932
SELP,0.027830249897077212
HSF5,0.027828659810698115
SYDE1,0.027823946297430818
CADM3,0.027822926647981472
UTS2D,0.027822324414903635
HAGHL,0.027806805213609297
PRSS33,0.02778686216868487
NHLH2,0.027779525221415757
BGN,0.027778305363448632
ZNF157,0.027775791993034413
COL8A2,0.027773803750981416
BRD2,0.027771037334181983
USP21,0.0277690968634428
FMN2,0.02776858833742003
TMEM8B,0.02776171120230614
EBI3,0.02775854717861123
C16orf45,0.02775092357063927
MED29,0.027748580524886577
C1orf157,0.02774774869523146
IGFBP3,0.027744092020290895
SLAMF6,0.027735317621991593
RIMBP2,0.027722820424705266
ZFP3,0.027714108786677343
GAB1,0.027711965900462456
DOLPP1,0.027709345240666778
C4orf46,0.027707158362800573
ENPP6,0.027703378468530892
CD101,0.027692089746962124
MECR,0.027687250483195765
ACTR3B,0.027685472590051885
VWCE,0.02767590612047047
AGPS,0.027673932201917537
LOC643008,0.027671269017906213
MPST,0.02766891458364096
PSG1,0.02765558721796633
ACP1,0.027651301718385257
C9orf25,0.02765082876413117
ZNF664,0.027650044387943735
CT62,0.027639044728714465
DCST2,0.02763003287857001
CLEC18C,0.02762972322187275
HGFAC,0.02762823156942715
USP1,0.02762813507264202
LOC200030,0.02762642200215746
COX6A1,0.02762439302230524
RBP2,0.027622305870513047
SNX18,0.027621299994458764
HEYL,0.027616757929439406
ZBTB17,0.027615274130902548
SIRPB1,0.027600891748838455
PJA1,0.02760088273881145
MED28,0.027593535364585076
PARK7,0.027589680157359804
ACN9,0.027583942627878756
TMEM136,0.02757806862706651
MDM1,0.027577944449346112
KHDRBS3,0.027552920039566404
FAM100B,0.02755169819242261
STX10,0.02755075895584721
EI24,0.027549760808106068
CD99,0.027548207580255123
LOC728640,0.027540647113324795
RAPGEF1,0.027540478263892706
PAX2,0.027540323781949195
HNRNPA2B1,0.027530192201943863
IKZF2,0.027528422912908822
APBA1,0.027525574941068106
SGTB,0.02752486760407995
RRP12,0.027524424102672227
C9orf98,0.027518584851014508
CBY1,0.027517811640811914
TNFSF18,0.027515036988610745
GARS,0.027514407440730495
SLC22A16,0.027508344978253076
CAMK4,0.027502482263646207
FOXN4,0.02748453297166475
USP45,0.02748443665446982
CPLX2,0.027483732223297624
ADPRH,0.027477089292466242
ANO7,0.02747159284817501
RAB40A,0.027464914795431693
HMG20A,0.027464286626671275
ARHGAP1,0.02746246042122292
TMEM216,0.02746096662659965
SLC6A1,0.027456988292411826
SRP68,0.027454359528731185
C10orf28,0.02744785751043686
CNR2,0.02744501416537019
ANKRD12,0.027444398152119284
CCL21,0.02744397953288431
KIAA2022,0.027443380244837848
EGOT,0.02744293232429146
PGCP,0.027437826709025715
F8A1,0.02742700356383973
CRTAP,0.027421783463073893
CHCHD10,0.02742164404967295
FAM89B,0.027418144278503122
CYSLTR2,0.027417946424837723
NPFFR2,0.02741608433829266
MAP4K1,0.02741358336710383
HECTD1,0.027410179995083585
CDKN2C,0.027410086655897004
TAC4,0.027409848523064384
PLXDC2,0.02740860936586901
TSNAX-DISC1,0.027406802324447317
NGLY1,0.027404590529765297
CNKSR2,0.02740239445008668
SEMA5B,0.027400555356759126
CT45A1,0.027394806091438653
MTAP,0.027389342389492487
MEIS3,0.02738879744116811
ZFHX3,0.02738319217437812
MOGAT3,0.02738253586467184
TWISTNB,0.027382404469908656
SBDSP1,0.027376832198402867
HOXB2,0.02736782384747616
SMTNL1,0.027366092854129796
USH2A,0.027352598102741824
LILRB5,0.027343589450291698
LRRC70,0.02734035166893936
CLCN6,0.02733121927310389
LOC100130987,0.027320382486169595
C17orf66,0.027317399513889163
MTHFD1,0.02731670378476054
SPANXC,0.027315460672540395
TMEM194B,0.027308400923210206
MFGE8,0.02730613864254027
PTK2B,0.02730571918349422
NUPL2,0.027303230661348765
FAM82A2,0.027298883127860427
MGC12982,0.0272964117041949
NPDC1,0.02729116964406663
MYOD1,0.02728871186180547
C2orf61,0.02728515965979181
C2orf64,0.02728417482273743
DCK,0.02727799574638135
WDR45L,0.027274822420009205
DTWD1,0.027273311623789032
ATP6V1C2,0.027272362074122966
GLDC,0.027262152229957353
ZNF470,0.02726180608766772
TMED8,0.027261028658111575
KGFLP1,0.027255201201922347
ST8SIA1,0.027252202280162247
LOC100134368,0.027250979725168066
LIN54,0.027241102436793237
C2orf84,0.027236241001726707
PPP1R3E,0.027234546392088145
SPAG16,0.027230895689454734
MAOB,0.027223255700811532
HYDIN,0.02721584712180336
ALPL,0.027214130985701798
SLC25A27,0.02720958862287606
ERCC3,0.027209465864110865
MYOZ3,0.027199118269064515
ANKRD30B,0.02719798573723509
SEC14L1,0.02719634246371327
C5orf47,0.027191832313681337
PLA2G2D,0.027189563149074242
ZSCAN18,0.027180124399997247
CGA,0.027172944285583978
ZNF385D,0.027167522064800838
HES1,0.027165804568152253
IL28B,0.02716461649747024
GATM,0.027161274793383164
GMPR2,0.02716088182328884
ZBP1,0.027157813137882545
TTC30B,0.027157782920097497
PCDHB14,0.027144513237557257
LRRC48,0.02714230678370829
FITM2,0.02713567254362849
COQ10A,0.02713318629387818
B9D2,0.027123734972795518
HESX1,0.027120236487395012
ZCCHC8,0.02711952627827916
LARP4,0.027119294214702425
TMEM99,0.027118930165096526
ZFAND6,0.027118827781935497
COG3,0.027115926155546095
ZNF765,0.02711566301504549
RPS15,0.027113371635197423
TIMM13,0.027112547953436657
GGA3,0.027105568928594382
DPPA4,0.027105334940395326
DECR1,0.027104096357703104
GRM1,0.02709438745228079
PDE7B,0.02709334818198279
AQP9,0.027093306805033194
FLJ43390,0.027088663205769102
ZP4,0.027084957724028934
NR4A1,0.027077809244933373
KCNE1L,0.027071532736563767
RFPL1S,0.027068785194137874
SLBP,0.027065964521245364
RADIL,0.027057850998053107
KCNN3,0.027056194859992323
VPS54,0.027055810114250848
PEX19,0.027046660673375283
MMP9,0.027045660295758462
ZEB1,0.027044212486320426
PFN3,0.02704236424273474
KIAA1644,0.0270369031084134
TAX1BP3,0.027030896103409644
AKR1D1,0.027028838201766704
AKAP13,0.02702533950191087
MED13L,0.027022352605911144
ERVFRDE1,0.027021273196785867
KLHL26,0.027020531581595533
TRIM3,0.027013203909375935
RNF39,0.027008655329373448
GALNT14,0.027007593223273674
CHIC1,0.02700568541505009
DHX37,0.027002200700181982
LMBR1,0.026996063592610725
SATB2,0.026992588232342577
UBP1,0.026989705234304575
LOC645332,0.026989578184988282
SMOC1,0.02698663881669382
NAT6,0.02698577542628242
LOC220930,0.026969403795952047
RNF5,0.02696634871100269
C1orf65,0.02696452384519832
PTPRA,0.026963422566389457
BICC1,0.02695564356380782
ZC3H4,0.026954037010167117
KCNJ8,0.026953679245912663
ZNF615,0.026948900450802216
TPM1,0.026939608710075065
ZC3HAV1,0.026936935826403826
TMEM71,0.026936108865071022
ARMC10,0.02693574420376362
FAM71D,0.026935418071095316
NIPAL3,0.026934861636231336
AGAP5,0.026933750690275475
PCDHGA10,0.026933421229353046
C1orf87,0.026923434885426322
KCNAB1,0.02691759639301839
CDK5RAP2,0.02691266964474099
NLRC5,0.026912436546421017
PTPN11,0.026912055801746212
PBX2,0.026911272748689555
EVL,0.026906458227808818
PDGFRB,0.02688715906813237
CREBZF,0.026884891112685924
BZRAP1,0.026882003050668245
CCDC116,0.026876960217161707
CXorf42,0.026874374587347455
FADD,0.026874300059694926
C1orf158,0.02687201854828886
RHD,0.026871916100405457
ZNF534,0.026871236142804195
FAP,0.026866274348019026
C22orf29,0.02686486308465688
LCOR,0.026862607225556154
CLPP,0.026859044801412903
LZTS1,0.02685891033919802
XAB2,0.02685806750967404
GNG10,0.026855936047970014
BCKDK,0.026855061108075787
CTF1,0.02685440485719482
PHF21A,0.02685409415727772
NBPF6,0.026853983867612185
VCAN,0.026852960012122694
N4BP1,0.02684412181495178
PRELID2,0.02684404248541973
PKDREJ,0.026843349622469523
KIAA1530,0.026842558829538513
CA5B,0.026841733017657767
C7orf31,0.026830082079566546
PPP6C,0.02682847374843611
RPL10A,0.026827609363386292
MYLIP,0.02682268140768082
ACTR10,0.026822470996150285
SLK,0.026822299066058552
DDX23,0.026819094837699453
CXorf26,0.02681736695165266
MOGAT2,0.0268119463387855
TMEM232,0.02680949735780139
DARC,0.026807745651873847
RTN4,0.026803875477825027
MANBA,0.026802075504744713
STYXL1,0.026800467210392264
UBFD1,0.026796917922329192
TARP,0.026795473498501317
ALG11,0.026793893775081113
HLA-G,0.026790842521681894
BNIP3,0.026789974457501038
REST,0.026786087953780166
ZNF394,0.02678451559142486
EPHX1,0.026784505268144083
PCID2,0.02678108940691303
STMN4,0.026778545821487473
KLRF1,0.026775604380410663
AKR1CL1,0.02677463044822082
RPL32P3,0.026772856709335362
CDRT1,0.026771881977158424
DDX52,0.026768488178583325
RXFP4,0.026764138618416936
CCDC101,0.026760496949294887
CKB,0.02675924362740168
CFD,0.026758402370801463
GNB2L1,0.02675800728807062
MPZL2,0.026749129609858608
DEFA4,0.02674164474927374
C5orf20,0.026741072885742335
ACSM5,0.02673936021547078
C12orf51,0.026736507580936052
NELL1,0.026733265975817398
GOSR2,0.026729744121996545
CNOT1,0.02672962197426787
C11orf17,0.026726629050711798
VDAC1,0.02672335600425833
FIG4,0.02670991428380194
SCYL3,0.026703413523597178
CEP290,0.026702381410067196
ABLIM1,0.026697302158645988
RAB41,0.02669680873523726
PACS2,0.026695932724505128
CHMP1B,0.02668323016391545
NBR2,0.02668092726529526
ICMT,0.026680668750697818
MYBPC2,0.02667964544843438
NCRNA00120,0.026668736427789073
UBE2A,0.02666412368220944
TMEM74,0.026664002116527596
C7,0.026662615928793324
SDCCAG3,0.026662132078293495
RETNLB,0.02666108805965183
KIAA1191,0.026660751075119213
TTPA,0.026655001299915774
ODAM,0.026649989727713177
PPP1R2P1,0.02664826368652954
KIAA1826,0.02664322907938514
WAPAL,0.026642723580663417
MDS2,0.02664141541206402
HAS1,0.02663687226174105
NRL,0.026635637831282134
COMMD3,0.02663232325903569
FAM163A,0.02663038152486076
ZIK1,0.026626381576649767
ERAP1,0.02662489625375264
CSTF1,0.026606299410308443
OTUD4,0.026602063387163283
C10orf4,0.026592566151593024
PPP2R1B,0.026592199339559457
CBWD6,0.026586469411942964
LIN52,0.026585138571438002
LOC100286844,0.026582436759090052
CDC16,0.02658128750001901
HIST1H2AC,0.02657869226553822
OAS3,0.026576387386615514
CLDN14,0.026575945717915106
LACTB,0.02657517670096319
MT1E,0.02656859297046437
CYB5D2,0.02656808075395803
RTBDN,0.026566163740640653
CGB,0.02656530991876166
SPDYE8P,0.02655682880458096
HSD17B8,0.026555007857022556
CBS,0.02655143407506846
FDX1L,0.026548957478165505
HINT2,0.026548568512144027
PLXNA2,0.026544170446502213
SIDT2,0.02653385880203576
SLC35F5,0.026529579471489085
NOC2L,0.02652121878013988
ING4,0.026515441742568903
SCNN1D,0.026512656847816205
ZPLD1,0.026510813783243232
PTCH2,0.026504902407188183
ANO3,0.02650216270653689
PPWD1,0.02650213417974967
IKBIP,0.026500933580091254
GPRASP1,0.026500316016203437
TM7SF4,0.026500237331289325
SMOC2,0.026488880669800065
GOLGA6L5,0.02648475814754714
ZBED5,0.0264783691728941
PATL2,0.026477918832192082
TIFAB,0.02647156222215034
DMD,0.026467523276064237
SLC7A3,0.026466498315607295
CCNC,0.026464931559477975
PPP1R14B,0.026463028662530783
STRA6,0.026461229173385524
TNFRSF10A,0.026461052743279583
PIGW,0.02645582484674125
DDI2,0.026454164267534854
OR1M1,0.0264535165362727
LRRC55,0.026448116572167904
RCE1,0.026431400628298626
ITIH2,0.026430581087500547
ARHGAP25,0.02642648981331067
MCHR2,0.026425569161603664
PFDN2,0.026392770903780297
COX7A1,0.026389588541651392
CAMKV,0.02638292161120699
MINA,0.02638271282629894
TIGD2,0.026381173982898985
CD36,0.026377514513231323
TTLL5,0.026375136946869895
DGCR2,0.02636998032300271
RAI14,0.02635984930847892
VNN3,0.02635855058562339
NKD1,0.026352509237024944
OXT,0.026351581183893164
ZNF546,0.026346685509786107
CLPS,0.02634250582256456
USP30,0.026336726433672755
IL9R,0.026322138305034597
ZNF175,0.026320051065979774
PLD6,0.02631102448528466
OTUD7B,0.02630731013871169
FLJ37307,0.02630672890967243
C20orf30,0.026301731354565976
C1orf152,0.0263005511607993
SREBF1,0.026297854070303297
SSH2,0.02629573765796907
PGP,0.026294497144022846
ZNF648,0.02629373259732841
MRPS21,0.026287615713736036
SPATC1,0.026287099728249653
COL15A1,0.02628640872086557
CYB5R4,0.026285372582275725
LOC440563,0.02628335146906404
LDB3,0.026279874206821777
ZBTB32,0.02627911555994789
IPMK,0.026275863485257102
HIPK4,0.02627073535552713
AACSL,0.02626770510317289
HIST2H3C,0.02626766338033041
FLNB,0.02626675622496173
C18orf45,0.026265813854843383
LOC338799,0.026263265642919854
DNASE2,0.02625965163575652
F11,0.026258842364545416
BTNL3,0.026258703487316643
EPC2,0.026249166667990355
STAB2,0.026248668318244277
RGS13,0.0262352375027542
KDM1B,0.02622930188508182
DES,0.026223680578155554
GSTM5,0.026216986298983985
RNF160,0.026214152026559003
KLHL36,0.026214144181349385
KBTBD8,0.026211139799137275
BCCIP,0.026208079346309233
FMNL2,0.026201869606883928
TAS1R1,0.02618950411909587
LRRC33,0.0261867963878949
FAM123A,0.026185598664466535
RCN3,0.026183199046236925
FBN1,0.026182313268185174
CPT1B,0.0261793966020029
MED8,0.026170777789590836
ARL9,0.026169037017254676
MRPL50,0.026167902467661524
HSPA9,0.02616223157657088
EML4,0.026160703141040305
SPATA4,0.026160357075651938
ANKS6,0.026158298869958303
MXD3,0.02615534128811343
AP3B1,0.026154945166148382
BGLAP,0.026148426671928644
UVRAG,0.026146726723191172
RPL28,0.02614280638650435
IER5L,0.026140002262799684
OR56A3,0.026136912294797313
TRIM13,0.026134227250817318
MREG,0.026126226392202828
SIT1,0.02612331030211806
TMOD2,0.026117224529958495
RTP1,0.02611564781046085
TJP1,0.02611517136967804
RSPH4A,0.026111658803262817
PPHLN1,0.026108531289283518
MRE11A,0.02610376522566654
CMTM6,0.026088868404742203
DBH,0.026085708060496676
CBLB,0.026084443566850614
CBWD1,0.026083107512614657
DSCR9,0.026076844916154005
TMEM38A,0.02607278766477963
FLJ22536,0.02606824133221616
RPL23P8,0.02606774917861765
SPINK2,0.02606028511104686
GFRA2,0.02605760542057743
MYL9,0.026056844361619137
WNT8B,0.02605564735894831
MAN2C1,0.02605430481302675
PTK7,0.026053671594698003
NNT,0.02604965096805273
ENOSF1,0.026042511664314958
PCDHB4,0.026037971480116495
ZNF319,0.02603736379982478
RGPD3,0.02603609539079441
UBE2B,0.0260339653976549
RCOR3,0.026028207498165975
KPNA3,0.026027887729501667
PCDHGA6,0.026023664998265743
LOC154449,0.02601831234065823
LZIC,0.02601639530655524
DDX53,0.02601555085354724
CD81,0.026014969968689457
TUBA4B,0.02601005058075345
COQ7,0.026009885304899335
CDC26,0.026005675305966897
TRIM11,0.02600147230451566
PSPC1,0.025997965377178207
GLIPR1L1,0.025995338096710275
CCNY,0.02599271490265077
LCT,0.025992224486237198
NBL1,0.025985748453285887
ZNF3,0.02598476568218462
LOC221442,0.02597526360627556
DLEC1,0.025974142615514267
CCDC33,0.0259721864897512
CAT,0.02596294237506731
C10orf72,0.0259623792628272
HAMP,0.02595980041588105
CLUAP1,0.02595905902047327
CDH12,0.025945344475715542
SFTPA2,0.025942713316357287
SPIB,0.02593825366836702
FHDC1,0.025933685695336176
FCHSD1,0.02593330144311682
DNAL4,0.025927697402271195
SYT15,0.025917253424016403
SLCO1B1,0.025907518149772824
SNAP47,0.025904927340114573
TXLNG,0.025901874269972525
ZNF337,0.02590123252949561
GUCA2A,0.025899763352809614
C3orf71,0.025899643145704265
ZNF445,0.025895486878212567
CDC37,0.025894580473341394
KIAA1614,0.025887059626235567
OVCH2,0.025885839108604244
ACOT13,0.025875281867203382
SMYD2,0.025862142719226322
VCPIP1,0.02586129714199542
FBXO34,0.025852864586243838
HIST1H1T,0.025851463469750972
RASGEF1B,0.025848255082744465
SCGB1D2,0.025843185863780243
MFSD9,0.025832573848656407
CHCHD7,0.02583073512828285
WBP5,0.025826701471412656
MTDH,0.025825532269801263
C15orf58,0.025820287058488222
C6orf47,0.025808784555087647
COLQ,0.025803882786086352
TMEM14C,0.02580217627386027
GAS2L3,0.025800120851015157
SLITRK6,0.025794414505531056
LOC100133669,0.025790942420607726
VPS4A,0.025790359182987863
DCAF12,0.025790197736735326
NR6A1,0.025789882427661986
AP1G2,0.025787335525081494
NCOR1,0.025786514685654474
SLC11A2,0.02578251715363747
FATE1,0.02577796755483507
NAPB,0.025776371308016865
TTC24,0.025774820466897393
NF1,0.025770396185257054
C20orf85,0.02576575051042214
FIBIN,0.025754831647594317
SLC18A1,0.025749591872677963
HUS1,0.025741095046874524
ATG9A,0.025731041705757542
HIST1H3E,0.025725685551279152
DOCK9,0.025725159793056195
NPIPL3,0.025721441183440923
FOXD4L1,0.025719212765842162
NAA15,0.025707474007914854
UBE2W,0.025706308579618694
C17orf95,0.02570167958788713
PLA2G2C,0.025696282240619258
DNAH9,0.025694131826368368
RNF11,0.025692188778285528
DGKQ,0.025689092831471094
SLCO1B3,0.025684917679465076
YME1L1,0.02568293471912757
C10orf122,0.02568140674725963
FFAR2,0.025681314292307578
RPS6KC1,0.02567897024987055
LILRA5,0.025678286622597944
SERINC4,0.025661220533195223
KIAA0427,0.02566055247993874
VWA5B1,0.025655727137619214
ASB13,0.025649526759388145
FOXP3,0.02564718663572422
CHGB,0.02564405848331877
SFMBT1,0.025644022456376824
SOCS1,0.025643036407319023
RTP3,0.0256407729862058
PLEKHH3,0.025636655439781823
DCAF5,0.02563114447088176
YKT6,0.025631104599691215
ZNF514,0.025628508797953153
TRPM4,0.02562559197516366
OFD1,0.025625024900202877
POU4F1,0.02562080624739484
MFAP5,0.0256187986731493
LOC100124692,0.025616754096643383
BRD7,0.025604944560551197
SIGLEC15,0.025600211259193085
ZNF140,0.02559977843757185
SPG20,0.025592697204615718
TNFSF9,0.02559071024387823
NLE1,0.025584507172809214
LGALS14,0.025583782816225892
FBXW10,0.02558284350299319
ZNF329,0.02557903350477333
DNAJC7,0.02557484401199828
ZNF181,0.025568941477407733
PLXNB2,0.025564930878972887
NAT14,0.02556247278764604
HSCB,0.025560745865942865
ABCB9,0.02555654483671671
KIAA0528,0.025556393793119032
SBK2,0.02555509295830431
GP5,0.025542636148569168
LOC442308,0.025536456850215418
C12orf26,0.02553590818533782
POP5,0.025534265323138634
ARID3A,0.025527886746833282
KIAA0753,0.025524604895150547
KDELC2,0.025521850923210566
PRLR,0.025520886564789524
CSMD2,0.025514798782967765
FLOT1,0.02551102264028464
CXCR4,0.02550652407482516
ADPGK,0.025504761188101098
NARS2,0.025503519791825146
STRC,0.025495497669864992
LOC100128288,0.025491373653419722
FAM195B,0.025478320015795926
RPL34,0.025471379160682074
IFT27,0.025462377610506362
CYP7B1,0.025460272566217298
MAML3,0.025458336883436457
ELF2,0.02545672338525402
EID1,0.02545475154837465
C20orf43,0.025441782392838192
UQCRB,0.025435455741193092
NID2,0.02543218697256489
SNW1,0.025428347006068015
OSBPL3,0.025425646844717993
CXCR2P1,0.025424275057923326
THBS3,0.025414537880685564
NEU4,0.02541256719538668
TNFAIP2,0.02540913813865613
SMTNL2,0.025408398019781054
LRCH1,0.025399658646078137
GRIN2D,0.025394226436397604
SSU72,0.025387110455738493
HNRNPUL2,0.0253867071352953
PRPH2,0.02538615389149005
SSTR5,0.025381938141583855
ADRBK1,0.025381013490140904
GABBR1,0.025380547203378585
HOXC4,0.025376223397170286
EIF3A,0.02536957875077816
C20orf54,0.025368780505731915
PDPR,0.025367651223344678
?|553137,0.025367568881392345
LOC121838,0.02536420442509742
RNF5P1,0.02536401353249744
FAM76A,0.02536164594974723
MAPK8IP2,0.02535159489393844
FAM86A,0.025341962101079644
TRRAP,0.025340818836952227
AFP,0.025335305121451136
SLC6A16,0.025335237453484365
C5orf28,0.02532770576919696
NSMCE4A,0.025321987284595216
ZNF585A,0.025319050753214636
NOC4L,0.025306372875961575
EDDM3B,0.02530624522585847
CCDC36,0.025303840424655832
PSAP,0.02529713170237966
PUM1,0.025293091958884857
CLVS2,0.025291716701777767
TULP3,0.02528746590582938
SBF1,0.02528563057607682
USP32,0.02528512429768422
RAB33A,0.025280547017365047
NPW,0.02527841796055074
NSMCE2,0.025277808980190736
ZNF268,0.02527366420017167
CD68,0.025268764223134572
HNRNPA1L2,0.025266415701837987
MTF1,0.02526192088065274
SLC16A6,0.025259092653161598
KCNH6,0.025258712496308264
ABCF1,0.025258536215194007
PM20D1,0.02525780776404188
NENF,0.025247405940878005
KCNQ1OT1,0.025247326269808915
C2orf68,0.025245657620807205
POU5F1,0.02524262894599585
STAG3,0.025241227559966863
FLJ41941,0.025239640614161448
FLJ45244,0.025236995153532213
TBC1D29,0.02523532667221542
HS1BP3,0.025234215785250185
CD200,0.02523002896630437
C9orf21,0.025222471189368947
TMEM31,0.025206796173100555
SUMO1P1,0.025205981666392253
SPRED3,0.02520156009944629
NDUFA1,0.025193941537204414
ZNF764,0.02519242866986523
RHOG,0.025188079993688956
TMEM177,0.025184829720004145
E2F1,0.025183944579112324
LANCL2,0.025179786329552742
USP42,0.02517364912140939
SEPHS2,0.025169921899308823
EBF3,0.025167879942664236
LOC148413,0.025167272417424936
POFUT2,0.025166695673094992
MBOAT7,0.025162921500421598
EDN1,0.025161877206784877
CASP9,0.025155292971331296
SNX9,0.02515040394584049
LRRC43,0.02514965559616532
GPR143,0.02514702223262016
ATL2,0.02514360865263399
FAM13AOS,0.02513937363259325
FOXN2,0.025134874081219897
HS2ST1,0.02513404183373381
UBAP2L,0.025124608488956143
FAM120AOS,0.02511982677978389
MRO,0.025118963007505872
PITX2,0.025105303701320917
AJAP1,0.025099031979425118
LOC285768,0.02509818103160921
NDUFB7,0.02509712320130354
ZNF335,0.025096848945699215
APLNR,0.025094947874169316
C4orf36,0.025093516403469015
PSORS1C1,0.02508960073577332
ATP5L2,0.025081096353943014
FZD3,0.02508109206665556
CDADC1,0.025080081858985238
ANKRD29,0.0250789154070236
EFHA2,0.025078204142051558
GXYLT2,0.025075145912403098
HMGN3,0.025073399834340298
RNF4,0.025072478355824598
LCORL,0.025063440045855083
SOCS6,0.025052348965214518
RBM4B,0.02504793196832511
NCRNA00174,0.025045760133439725
RRN3P3,0.025044590052276695
ACSL3,0.025040768129434718
FAM157B,0.025037347787201354
TAF7,0.02503677864285138
TMEM164,0.02503593998832728
TRIP12,0.025035909598504495
MEGF8,0.02502617590476693
TGFBR1,0.02502562697316766
DNAJB12,0.02502555422311984
FAM162B,0.02502525168326669
RILPL2,0.025009501605650682
POLR2J,0.024989855116513388
CRISP3,0.024986140419210306
SCAPER,0.024977251469495337
MOBKL2B,0.024971009398222607
FBXO3,0.024968525122719055
C7orf42,0.024966660883870014
NPTN,0.02496386762764108
PPFIA2,0.024959821865886005
SLC25A21,0.02495901358957967
IFNA13,0.02495786858302232
GGT5,0.024955288342678645
LIPE,0.02495469197648287
MYO5B,0.024945717177077414
RSBN1L,0.024943786166024738
HPX,0.02493740452571689
SERGEF,0.024933405801745464
CDCA7,0.02493204641372327
HHIPL1,0.024928786950007706
IL25,0.024927954584994413
FH,0.024927861207135714
INPP5F,0.024927023514498443
CHRNA10,0.024925266496740938
NCF1C,0.024911849325615822
WDR83,0.024911684426327213
EDA,0.0249052028235776
DDX59,0.024903401594598123
PDZRN4,0.0249000193603075
TFB2M,0.024899449655111306
DNAH14,0.024894435172150585
ZNF643,0.024887694750315565
GATA6,0.024886505160366265
TFAP2D,0.02488533073340739
RALGPS2,0.024874287249911635
ABHD1,0.024874123019125508
LOC348840,0.024873882400966475
GOLGA1,0.02487359309511581
TRDMT1,0.02487131485940161
KRBA2,0.024867681537670824
MYO9B,0.024854959540988483
MBTD1,0.024854669713387522
CTHRC1,0.024846385502318154
NPPA,0.024842558938075413
IGBP1,0.02484022048142768
DAB2IP,0.024839874093814645
TULP2,0.024819823382323233
MTHFD2L,0.024817856345587835
C2orf85,0.02481739219090642
PCDHB2,0.02481264852635678
KCND3,0.02480882679727372
C11orf63,0.024804637576935948
TAS1R2,0.024803052812398644
KCNIP3,0.024800417495375673
CCDC60,0.024796646014182543
C8orf76,0.024796519696604954
KIAA0020,0.02479365405470226
IP6K2,0.024791788825161528
ZNF474,0.02478979830942252
SERPINF1,0.0247853175840684
C9orf46,0.024785057317739428
SLC2A8,0.02478161694631478
SLC2A10,0.024773363425422978
FAM136A,0.024766405351209855
LOC339047,0.02474716813197935
SEL1L,0.02474538889537723
SCARNA10,0.024741877266127112
SENP8,0.024739032853697884
SMARCE1,0.024734145850031582
MRPL24,0.024728187864838873
SPTA1,0.02472584975010908
INTS10,0.02472477498661024
TM4SF20,0.024721573466847984
PKHD1L1,0.02471381840884884
SRM,0.02470869839398796
LOC647288,0.02470795923199651
FBLN2,0.02470746645027794
BMPR1A,0.024703689917004314
ZNF362,0.024700680164013215
PIK3C2A,0.024698239591620215
RIMS4,0.024690479200810994
CLDN5,0.024676857919927145
MARCH8,0.02466827439040058
DHPS,0.02466643776227815
INPP5J,0.024660123865784984
POGK,0.02465751606598199
KLRA1,0.024656748700380746
TPM2,0.02465445934666984
RPL29,0.024650931449367905
EDN2,0.02465064069136141
FAM70A,0.02464484620408032
PROX2,0.024642236221140357
AP1AR,0.02463943993478031
ALMS1P,0.024638578394295587
NDUFS2,0.024634578367500964
ITLN2,0.024628911357842734
LOC145820,0.024617486708202057
SLC22A20,0.024604440741941725
PMM1,0.02460347920161329
TGIF1,0.024598179862456666
PLCE1,0.024597963428632352
STC1,0.024596602004698348
TRAPPC4,0.02459548873486858
SMYD1,0.02459221479749836
MFSD3,0.024589263987400165
SCARF2,0.02458730710619681
ZBTB26,0.02458675536074487
DGCR10,0.024574789424368537
SMUG1,0.024572870973632144
CYP3A5,0.024571437445400416
CCDC18,0.024566327862430504
PYCARD,0.02456517036339046
SPON2,0.0245602234059809
GCN1L1,0.024553596183051928
LOC100240734,0.024553556185791983
PODNL1,0.02454993531283432
ZNF628,0.024548231381477104
ATP9B,0.024532695993042784
ANKRD45,0.024530174213587278
RAB3IL1,0.024516740176736572
IMPDH1,0.024516624920873434
ZNF205,0.024501361559619843
DAO,0.024501026498591892
DHCR24,0.02449978181220755
PDE5A,0.02449611240556474
EFEMP2,0.024495378914533447
PHF7,0.024494575179655403
EPHA6,0.02449040232423462
MARCH11,0.024489543080952126
ICOSLG,0.024486924687300415
ATF6,0.02448214859895775
ANPEP,0.024479426468274633
MORF4,0.024478371795050424
ZNF510,0.024468914459940972
NUFIP1,0.02446794097847951
RNF40,0.02446783323327907
GATSL3,0.024467121461524518
CYP11A1,0.024460761779581123
SLC25A44,0.024457298366675564
LAIR2,0.024457034916704812
ASCC3,0.024456503287381245
CXADRP3,0.024455198494859304
PPY2,0.024454339709522974
RSAD2,0.02444929222215976
EXOSC8,0.024449138200104092
LYRM7,0.024446083904505516
LOC338588,0.024442840737040516
CDC34,0.024438020778337694
RRAGD,0.02443685499136333
AP1M1,0.02442034311957945
LOC401431,0.024417964286269564
LSS,0.0244165364865871
CD48,0.024411246507859936
SNX33,0.024408491833502247
CRIM1,0.02440828507376859
DNAJC5,0.024407065359263586
MAGI2,0.024405199836146037
ATP1A1,0.024393874706077765
FBXO46,0.024390167059646452
TAB3,0.024383378164321096
SDR39U1,0.02438299448279793
KCND2,0.024380440654251673
ASXL1,0.02437248180441266
ULK3,0.024370821124128816
TAL2,0.02437039323079186
CEP250,0.024369971003871407
METTL7A,0.02436113202389893
SPIN3,0.024358582066133748
TUBGCP3,0.024356402782329794
ABCA9,0.024356279749810483
MCOLN2,0.02435421651139703
CUL7,0.024346640118534567
FEZ2,0.024345951418221268
FAHD2B,0.02434260207611191
GPHN,0.024340622416882354
ZFYVE19,0.024333250936635843
LSMD1,0.024333098792129956
LOC400931,0.02432960752408439
CES8,0.02432910452208348
BOLA1,0.024327257035632197
COL6A6,0.024325918353999793
TINF2,0.024322190427330175
MGC3771,0.024319301855884667
ENOX1,0.024317850039421707
C8orf39,0.024315677186668376
FBXO39,0.024313715037333577
TRIM33,0.02431251052820905
COPZ1,0.024309331603376803
C14orf2,0.02430728801367148
BTBD7,0.0243034404843666
PDZD4,0.024302372266919208
C9orf171,0.02429906959699217
MFSD5,0.02429887414572059
SHISA5,0.02429691600869851
PPRC1,0.024295882372525085
DUSP18,0.02428614315376228
GPR12,0.024284962915787776
FUT5,0.024282661026042957
CDC14A,0.02427870383340338
TDP2,0.02427419809531194
ITGA11,0.02427280760490652
YWHAB,0.024270850089001286
RPGR,0.024269254043564333
ZNHIT6,0.024268802071456073
TSG1,0.024267760829065663
PLK2,0.024267665852850357
FLJ10357,0.02426435297930247
DNER,0.024252272882811867
HSD11B1L,0.024251583516310744
PNPLA4,0.02424885020414208
AGAP11,0.024244143055056927
ANKLE1,0.024238891662653923
CYP4Z2P,0.02423668546634225
DHX40,0.024230060438016787
HDAC3,0.0242233241969041
IWS1,0.024221961602951224
KCNC3,0.02420863808568412
CHRNA6,0.024208562710876538
MRPL2,0.024206417938850828
SPATA9,0.02419688743617933
NCRNA00230B,0.02419462993513182
XYLB,0.024192116784164924
SMAGP,0.02419161124483624
C1orf92,0.024190885989088206
COPS6,0.024190847710297163
JSRP1,0.024173332987905503
PRDM4,0.02416803386382251
ANKRA2,0.02416581044273741
TDGF3,0.024165729456629325
ARNTL,0.024157970536717605
C6orf81,0.02414968311788372
TMEM222,0.024142203111460946
CYP1A2,0.024136159369848056
TIGIT,0.024133407201150363
GALK2,0.024129768549288496
FAM120A,0.02412525285929424
CCDC104,0.024124345055589785
AZU1,0.02411868071470931
PIP5K1B,0.024111807310203986
DACT3,0.024109934329943183
LDOC1,0.02410421974362577
TAF11,0.02410394913918943
TCTEX1D1,0.024101937404153218
LOC100128640,0.024098954475044343
ZNF574,0.02409308224646739
GAL3ST3,0.024076952336446567
OXNAD1,0.024075196662789556
ZNF800,0.024074122294748725
OAT,0.024073897325718293
IDH1,0.02407235506769495
RAB39B,0.024071591718716607
CTNNBL1,0.024071243929143164
DCUN1D2,0.024071179269873545
NEK5,0.024069520565822962
SOX30,0.024068142632752695
SLC44A2,0.024062070134165798
QDPR,0.024061978149691673
IKZF3,0.024058281015230592
USP2,0.024050653147871155
FAM158A,0.024035561139248898
DDOST,0.024035352558897823
PCDH9,0.024034043074651467
C10orf75,0.024032902641451137
PLCG2,0.024030371435102078
GJC1,0.024025437526540735
LHPP,0.024024725450313745
ATOX1,0.0240239906738102
SNHG6,0.024009398852504697
SEPT8,0.023998448060595066
TRIM43,0.023987083316233924
C6orf132,0.023982062591975665
RAB11FIP3,0.02397788331969261
MRPL41,0.023977678020361607
FAM168A,0.023966042379466968
TEX261,0.02396564931335274
KAL1,0.023965644049370165
GPR55,0.02395719807278939
CTCFL,0.023955628430593574
DTYMK,0.023954393408035547
DEGS1,0.023951545854595756
RREB1,0.02394923627269705
COX7A2,0.023947549764993286
CDK5R2,0.02394084916479608
AGAP1,0.023940738630227637
TTC18,0.023937403382995416
MTMR4,0.023931376203585382
FAM189A1,0.023927362399701956
DDX50,0.023925131574803585
ENTHD1,0.023921121205588397
JMJD5,0.023919207748294403
ARID1A,0.023916558459582064
GOLPH3,0.023911240308353163
LOC728819,0.023910114604746596
TRIM56,0.02390829572769954
C14orf159,0.023904280633694642
ARSA,0.02389380499167406
TLL1,0.02389168537230189
HP1BP3,0.02388683595089064
IFT172,0.023882381552517755
C12orf65,0.023873440840162293
GRIK1,0.02386931918732854
ZNF778,0.023868363463415698
TIFA,0.02386559802142191
TMEM229A,0.0238595090628469
C9orf123,0.023851513456398802
GBA2,0.02384875213574622
GRN,0.023848376911694728
C9orf37,0.023844601047929143
ZBTB4,0.023833910402729114
CMTM7,0.023832226344797595
PXK,0.02381522997506096
TCTE3,0.023805711932348796
SASH1,0.023799319001017064
HRASLS2,0.023794212593121974
CTAG1B,0.02379288692757063
LASS1,0.023789694471590635
ZNF428,0.023786464969496993
CXorf41,0.02378355937012991
RPL18,0.02378265636837794
TSC22D4,0.023781411482619412
RHOQ,0.023778927125604088
ZFHX4,0.023778845959699008
CDH18,0.02377742707608551
HPR,0.023776476506362356
CSH2,0.023771791993860706
BLOC1S1,0.023766201517137046
ELP2P,0.023762300380554154
SCAF1,0.023761252466993357
CBX8,0.023747236807386232
N4BP2,0.023743151624931166
CHD4,0.023741175119697356
MOBKL3,0.023738551658874334
SART1,0.02373623319797366
POU3F2,0.0237340100143842
NUDC,0.02373295642453915
GOLGA6L10,0.023728694074020146
LOC121952,0.023727095356342535
C3orf42,0.02372698377774987
CCL18,0.023722967503235683
GRB10,0.02372176964606625
MMS19,0.02372105908767578
KLF16,0.023720211997921396
SF3B4,0.023714002556204303
LOC100189589,0.023706562983134595
NSUN5,0.023704831952311222
CACNG7,0.023703391147118353
ZNF232,0.023702317677938574
POU2AF1,0.023699066708160053
HBE1,0.023693896851438963
ATG16L2,0.023693831019953614
TNK1,0.023692704592942697
LEP,0.023690021921303286
STX4,0.023687780412434085
GPAA1,0.023682936394336288
FAM129B,0.02368012343936475
CA8,0.02367923659348052
APOA4,0.023678402581411042
CLPTM1,0.023678092960298474
KCNK10,0.023677976989532477
ZNF226,0.023670637516160976
LZTR1,0.023665203588358642
ZBTB8B,0.023664709373169633
SIGLEC16,0.023663683795740496
MAP3K11,0.023661410663670036
FKRP,0.02365560451542121
GSTM1,0.023653872852289724
CDH10,0.023651676601554483
IMMP1L,0.023648258469830107
FAM13B,0.023644411230007045
BRPF1,0.023643699282445592
DNMT3A,0.023642782992863213
TREX1,0.023639296890884377
HSPB8,0.023633558719757967
C15orf26,0.023629944949307716
CCK,0.023629033768414506
SHF,0.023624726254261985
TLX1NB,0.023621835837129766
C2orf81,0.02361455763380389
PCNX,0.023614501378601646
MMP19,0.02361286492618306
MED9,0.023607001982652597
ATPAF1,0.023603806758521976
ATPIF1,0.02360182520904274
EED,0.023600941958152995
ZBTB44,0.02359585556610508
WDR13,0.02358804762665295
TGFB1I1,0.023587861822732023
C1orf43,0.023579387253437847
PRDM12,0.02357934970686724
ADIG,0.023579050408305
CCDC67,0.023578638652780412
C9orf69,0.023569052006370963
ZMYND17,0.023567715121055315
DBNL,0.023563920681413792
TPSAB1,0.02355878453642371
CD8B,0.023558395563403063
C1orf89,0.02355760866612812
FITM1,0.02355153359181858
TMEM120B,0.023545345074197827
CLU,0.023544155569590372
MSMP,0.023541413326452407
SLC9A6,0.023538439746725915
STAP1,0.023532373478094476
KCNJ1,0.023527113989460238
C16orf72,0.023526599490943528
NLGN3,0.023525488582353225
SLC11A1,0.02352388756876672
SIKE1,0.02352178238890261
RBMY1A1,0.023517057675701322
GLRA4,0.02351427281687932
YAP1,0.023511549628464773
C22orf39,0.02351045187289608
KY,0.023507433412630396
RPL26L1,0.023501809932730013
BTF3,0.02350069106788952
PGBD3,0.023494612059529598
POM121L8P,0.023490063866205724
ADCYAP1,0.023485982474685096
HES5,0.02348187235807321
KAT2A,0.023480335485871168
MFF,0.02347969783585132
C7orf10,0.023474337312392193
CSDE1,0.02347161970831211
TBC1D8B,0.02347111140299308
ANK3,0.023470761521845143
GJA10,0.023465396652521214
E2F8,0.023464687339142053
C9orf82,0.02346284321274661
C14orf156,0.023453750497815735
PPAP2C,0.023452231319732952
UBE2G2,0.023451585557299807
DYRK3,0.023443337302817467
C7orf64,0.023432790962868315
TFAMP1,0.023429441899985585
UTP6,0.023422871205433786
MARCH6,0.023421937314653873
CHRNG,0.02341315771725282
MT1B,0.023412818270778797
DISC1,0.023410765845171273
FCRL1,0.023409032354824492
ARHGAP8,0.02339615695336289
TNFRSF19,0.023390834690941616
CYP2C19,0.023390458127573416
PCDHB11,0.023389501634068395
SUFU,0.023381562310728382
COL9A2,0.023381515818217048
CCDC117,0.023381383276953834
C1orf14,0.02338094532881685
ZZZ3,0.023378715419571847
RRS1,0.023373406987235824
MRPL19,0.02336891117309218
MPND,0.0233604980507751
ZNF606,0.023360034368904166
C21orf129,0.023355815550686797
C1orf212,0.02335285455132985
BCAS2,0.023346079363105895
FDPS,0.02333516863995742
UHRF2,0.02333398703182534
BCAR4,0.023330060038621734
INPP5E,0.023317617617249084
ANKRD22,0.02331399869702766
GPR89A,0.02331297739226267
NCEH1,0.023311219747486973
IFNB1,0.02331070577476924
C4orf22,0.023309626447591866
TRAPPC6A,0.023306870019127325
SFRP5,0.023306259433359656
TTC28,0.02330557282565686
DNAJA3,0.023305201060301126
TTLL4,0.023303013957021404
GNB1,0.02330176641898367
LRCH2,0.023301396754792567
VAT1L,0.023300874164998785
TAF9,0.023300041681646642
PDCD4,0.02329882406042537
KIFC2,0.023298806956127776
BFSP2,0.02329848125041972
PPP4R2,0.023296879852114476
SEC62,0.02329322679923307
GTF2E2,0.023287158682170885
THUMPD2,0.0232793438943185
C5orf51,0.023277844845225715
MED24,0.023270819657233013
NMBR,0.02326679685549744
ATP6V1B2,0.023266160831050903
FADS2,0.02326422245082737
MAMLD1,0.023261417143511626
NLN,0.02326071033550451
CREB5,0.023256843129081575
MRPL45,0.02325376845869469
LRIT3,0.023252492915816766
RGPD1,0.023250636821341646
FAM96A,0.023249722391496933
TPSB2,0.0232479640648093
ABCG8,0.023245259349090254
AQP11,0.02324428388972394
DAAM1,0.023243139933304714
ZNF512,0.023239431999617383
HSPA13,0.02323650996943958
ZRANB2,0.023234789922670186
MED26,0.023233119785706958
INTS7,0.023232032869823557
LOC388387,0.023223819944172323
ARFIP2,0.0232155953211098
NCLN,0.0232024937618993
AARSD1,0.023202189128816088
RPL7A,0.023200562491862725
KRCC1,0.023198420281600515
UBL5,0.02319558538683724
ARL6,0.02319484116645536
LOC81691,0.023189591956977774
ZNF490,0.02318863274638971
LGALS9B,0.023183789194158436
SCUBE2,0.02318070670821843
LOC100287718,0.023179595182259045
ATXN3,0.023174411222552014
ZNF22,0.023172961326921045
NUDT14,0.023170221014141165
WNK3,0.023160018339278395
RAB13,0.023151094806073847
MASP2,0.023150450182816713
WDFY3,0.023147097878002072
SPINT1,0.02314618330372807
THY1,0.02314583566649934
ZNF346,0.02313987119886719
PLOD3,0.02313963259537637
OR2T8,0.02313908647685388
OTOF,0.02313812535951475
ZXDB,0.02313709946477496
FAM169B,0.02313486087046047
TBL2,0.02312665442579898
NAGLU,0.023108231557073023
VPREB1,0.02310766919905955
BHLHB9,0.023106328745342946
WNT2,0.02310409834463098
LOC153910,0.023103045185255727
FBXW9,0.02309350290621666
ANO6,0.023088933987919263
ASB5,0.02308618638788097
MGC14436,0.023084864074501294
AK2,0.02308045816203362
KRT73,0.02307897839657307
RNF10,0.02307738054889102
SLFN14,0.023067163812909474
NRIP2,0.02306587958181713
PPAPDC2,0.023064642486341373
ATG4B,0.0230614793213149
EHBP1L1,0.023052491556226285
DCI,0.023050890762812946
SIN3B,0.023049356121632104
OR10Q1,0.02304293062221899
SENP6,0.023040690622979594
CYGB,0.02304038665800148
HYOU1,0.023034708904119645
P2RY4,0.023034469779116565
ZHX1,0.023030116249145915
C19orf23,0.02302694517230004
SLCO1C1,0.02302537543825797
AFMID,0.023007287097798784
LOC100130386,0.023003175261014197
VPS26A,0.02300076826008871
PDLIM3,0.02299822081360222
SNX6,0.022997985319750926
EFCAB7,0.022997645138505704
HOXB4,0.02299669650302246
SLC19A3,0.02298396956097995
C17orf90,0.022980548827811805
DUSP26,0.022976525451539328
ORAOV1,0.02297453860794266
CHKB-CPT1B,0.022967424217772408
HSP90AB2P,0.022959899715582308
ATP13A2,0.022950110711736096
TNFRSF13B,0.02294900658303104
FAM95B1,0.0229362319227081
EPN1,0.022932618794786704
PIGC,0.022929175959706366
C5orf40,0.022921848787267995
LRRC14B,0.022921429038457404
CALR,0.022920352733206167
LOC723809,0.02291543927829277
GPR146,0.022912109895239525
C22orf32,0.02291176061948275
RPS23,0.022910425790291327
CDHR5,0.022909755375281764
HS3ST5,0.02290091740127408
SMARCC1,0.022898072486757542
BAIAP2L1,0.02288170186179355
SPATA17,0.022867856306138256
MPZL1,0.022856464880696984
DYNC2LI1,0.022853657557194235
ISLR,0.022850264544218624
CCL24,0.022846867952076973
CSRNP2,0.022845004468171375
C6orf155,0.022843572954942864
NTRK1,0.02284316942532338
POLR3D,0.022833027345637268
FAM76B,0.022825126067716396
ARFGAP1,0.02282413484324233
ZNF431,0.02282170512793063
MDM4,0.022816921834665917
CCT6P1,0.02281614919022215
CLVS1,0.02281238565544603
KCNA10,0.022807774869163085
HOXA5,0.022803461959758114
RUNX2,0.022802097143362964
SLC25A25,0.022798946176199937
TRPC4AP,0.022788593717641848
BMPER,0.022785243699019513
IVD,0.02278484413829013
ARHGEF33,0.022782309947609203
KLHDC10,0.02277408166245333
UNKL,0.022763363442277838
DKFZp761E198,0.022762278415101554
PPAP2A,0.02276133829381887
ERGIC2,0.0227585559627228
CD1D,0.022757795090718062
GFI1B,0.022751174207871733
SEC31B,0.022750395901027846
FAM48A,0.02274981965448628
FAM183B,0.02274874763683171
C7orf25,0.022745058943390108
ACVR1,0.022739224827217436
LOC729678,0.022737540179914684
SPSB3,0.022734494491428087
BFSP1,0.02273172735598855
DCAF16,0.022731385812340472
C4orf38,0.02272499604014541
LYRM5,0.022724936662593894
C6orf134,0.022720325481202557
THAP9,0.022714121765540714
C7orf36,0.022705991626686732
BAT2L2,0.022702003478868294
IL29,0.02270154843044606
LOC116437,0.022701441877179616
SIPA1L3,0.022700888159473024
CCDC28B,0.02268917052679066
LOC100270804,0.022685127893604277
CYP2D6,0.02268429680307031
LMCD1,0.022683620057451864
LAX1,0.022683126338738657
ZNF426,0.022681718743980905
APH1A,0.02268171860095338
MYST3,0.022679930366063666
CXCL12,0.0226752382857994
ZNF675,0.022673347746484714
PLA2G4C,0.02267289954368873
LBR,0.022668063091194523
NOV,0.022659040771875975
ABCG4,0.022657617139317254
C2orf28,0.02265736408184537
C5orf62,0.022654334382171227
SCYL2,0.02265300540098069
ACTC1,0.022649543797562944
ZFAND1,0.02264512121360734
LOC202181,0.022641230827323878
RGSL1,0.02263824943268285
SNRPC,0.022630629007312643
ACCN3,0.022629184046271202
ZDHHC23,0.02262568612572523
GAGE4,0.022620349967295166
SNRNP200,0.02261529843454849
OSTC,0.022614658366356392
HNRNPH3,0.022614089872632984
MRFAP1,0.022603740952844807
TM4SF1,0.0226037140523628
SUCLA2,0.022603394322122293
ESYT1,0.022601054289255035
KCTD17,0.022600474169240683
TREH,0.022599040872065178
ZNF408,0.022590374756854423
TPTE,0.022588265706042287
HFE,0.02258702796289806
TMC1,0.02258622282901579
SBF1P1,0.022584498360528654
SIX3,0.0225834574082596
CYBRD1,0.022578762848125628
FTSJ2,0.0225769097326683
FCAMR,0.022576292858621144
RNF38,0.022575919769732576
AURKAIP1,0.022575856115025484
PRINS,0.022573733860374763
BLVRB,0.02257341193424302
RPL3,0.022561827726454424
LY9,0.02255871441053042
SMYD4,0.022553026789220425
MOV10,0.022550469879938983
BRF1,0.022548168720708202
ZNF79,0.022544238328607455
SF1,0.02254341737014239
POR,0.02254317886654014
GRIN2C,0.022542798444605276
MST1,0.022540784020490957
RPL19,0.022539846989756498
OPLAH,0.022536081031194588
PNRC1,0.022534534484798297
WDR36,0.02253036510923473
PINX1,0.022528166564530938
KIAA1407,0.02252110636698013
PSMG3,0.02251591766190373
TCEB1,0.02251542548451238
DDX31,0.02251519194141079
SPESP1,0.0225105884440248
THSD1P1,0.022507464556483402
C21orf15,0.022505878793422484
PARG,0.022505767776197495
MYO3A,0.022493942672088815
IQSEC2,0.02249007181610112
ZNF579,0.022483788000442345
SLC35A2,0.022480533923516312
TAF9B,0.022479213393489354
PSD3,0.022474012114015916
C14orf166B,0.022469833173619773
PIGG,0.022458600578263432
EBF2,0.022455990885577867
C10orf18,0.02244850405430421
F13B,0.022447354961468487
ZNF788,0.02244196285154474
REEP2,0.02243167784862189
C21orf119,0.022430299925264418
LRFN5,0.022429322823145054
CEP110,0.022425820672215723
TMX3,0.022424165251016287
CIB3,0.022424073007343077
ZNF580,0.022420187236078564
ZNF14,0.022418948283839814
ATP13A1,0.02241593103272403
PSMB5,0.02241511746344582
RAB6C,0.02241176033468626
TMEM101,0.022410529766368394
GLUD2,0.022396288140050243
ICT1,0.02238433020154363
KNG1,0.022383651567523994
CTR9,0.02237546715047653
SERPINH1,0.02237496760689724
HYMAI,0.022368296890993
C17orf71,0.02236499593260274
PLSCR4,0.02236490299775572
HDHD2,0.022364265309433664
GOLT1B,0.02236324405158229
SLC7A9,0.022358293929458452
PITRM1,0.02235067921202233
ZNF823,0.022349991935699684
BAGE,0.02234936943983561
TMEM181,0.022345707982539414
ZNF275,0.022344404972389938
ARPP19,0.02234372622975759
DDX56,0.0223428010253484
STAC2,0.022342177812595513
IL7R,0.022340260544401747
MGC70857,0.022338121439523687
PAQR4,0.022337794509354598
NPNT,0.022336990538812086
SPINT2,0.022327822266377324
HMCN1,0.022326334374835256
C20orf177,0.02231849550240684
GTPBP10,0.022316442849345204
LOC441454,0.022314502107383543
MPV17,0.02230688021712364
TCEAL7,0.022301982862256743
DEDD,0.022300172464784603
ANKRD33,0.022298808663228732
ESRRG,0.02229869765700069
CHMP5,0.02229177465398476
CCDC85A,0.02228914342873381
LOC93432,0.022286626866811533
RG9MTD2,0.022278737080048093
LIN28A,0.02227563008998076
RRP1B,0.022274709695274158
JMJD8,0.02227275255104063
FAT3,0.022272484690260892
NAA30,0.022271145688937954
DDX19A,0.02225800663679176
MLH1,0.022256409895722515
POLR2K,0.02225467123010703
MS4A3,0.022252040178038227
PSMC5,0.022250952312384636
BCAT2,0.02224419114452844
HN1,0.022235409747557996
HTRA3,0.022232336399178564
C1orf77,0.022229405234650324
YIPF2,0.022220431265993244
ZCCHC10,0.022210605068402466
KBTBD7,0.02220581907867161
ARHGAP21,0.02220308061012451
EXOC5,0.022202680687959934
SGCB,0.022197936080467346
SEPN1,0.02219511216125064
LRRC23,0.022190881745497694
EPHB1,0.022185734256678604
UGT2B15,0.022184564349454008
C16orf5,0.022184443214454667
TTC26,0.022171980107099174
RRN3P2,0.02215827476995412
GAS5,0.022152535123194858
PAGE2,0.022151696180420517
ARL5B,0.02214900655312503
AATF,0.02214673905071524
CLK1,0.022144016555329816
ZNF280B,0.022131132462926945
KITLG,0.022130246329376817
OR56B1,0.022126704159629494
SLC4A1,0.022117896082468006
GPR107,0.022109655810889486
ING3,0.0220965999193577
APOLD1,0.022088910721851585
C11orf83,0.022086174789098318
N6AMT2,0.022086070581646588
AP4M1,0.022079154708190135
C3orf66,0.022078171777634416
ZSCAN10,0.022074176016649582
ALG6,0.02206948135462995
GGA2,0.02206662763993047
UGGT1,0.02206304905432321
FMR1NB,0.02205896339127038
MSRB3,0.02205225404500707
CXXC1,0.022048335981002913
ZNF433,0.02204792298932128
XRRA1,0.022046930955848764
ERMN,0.02204298704110942
SUZ12P,0.022037138218467877
C9orf117,0.022036025708676774
NEU2,0.022035166087801036
TMEM141,0.022029246943499642
PPP1CA,0.02202918162375128
DYNC1H1,0.022022986710306405
ILDR2,0.02202166723888134
NCRNA00183,0.022020885321405507
FBXL14,0.022013882266607818
NFKB1,0.02201094681660871
CC2D1A,0.022009172122799337
UGT3A1,0.02200536439154707
IL2,0.022001604527294775
SLIT3,0.021987185316848113
C6orf203,0.02198490362315508
C19orf44,0.02198456669749138
C8G,0.021976774605215913
CERCAM,0.021976317199570276
MSN,0.021975661221839023
KLHL28,0.021975601840361958
SDS,0.02196687269837139
DDR2,0.02196560997774094
EBF1,0.02195331243002166
TXNL4A,0.02195099361892869
TAF6,0.02195022783428791
KIAA0368,0.021947614124165224
FRS2,0.02194705610110125
GLT8D2,0.02194555299642941
GOT1,0.021945262618086474
NPAS3,0.021944311692346233
GET4,0.02194312404173887
COG6,0.02194282919718148
WNT9B,0.021940501525768534
NKX2-8,0.021932838038851172
CAPRIN1,0.0219326396095017
HDGFRP2,0.021919054363149146
LRRN2,0.021912917168871678
SGCE,0.02191245834771899
C14orf86,0.021910447351336678
C9orf80,0.02190285651354184
IDI2,0.02189659061005537
DSCR3,0.02189657063524321
HBQ1,0.021889589818448425
BMP10,0.021884730642891877
CDC14C,0.021884435080737834
ADAMTS5,0.02188248929580119
LOC728613,0.02187508369191348
KATNB1,0.021872264431498253
ERAP2,0.02186959836228884
POLE4,0.021863428809198105
ANKRD26,0.021862575920423552
SPDYE1,0.021854265741918562
CABLES2,0.021848788046362096
EML3,0.021841095840075667
SERHL,0.021831632456951668
TMEM155,0.021829912612891057
CDC25B,0.02182696910099501
DCTN4,0.021825192292998508
LIAS,0.021819907128671663
BMP2K,0.02181524147082669
TTC29,0.021806221194408924
MYL12B,0.021798924355808526
BBS5,0.02179793808111615
DSEL,0.021797748760388338
TDRD3,0.021793386013796948
RAB5C,0.02179173659464775
MIR17HG,0.021789350006172353
HIST1H4I,0.02178503936038903
ZNF414,0.02178425134661228
TRIB3,0.021782274013823256
KCNJ12,0.021781309584905394
EAPP,0.021774829834160868
SNAPC2,0.021773037821835223
HFM1,0.02177296031579301
ERG,0.02176909702531207
SLC22A4,0.021766017497653285
LOC100302640,0.02176462102001357
TIMM16,0.021763495702133408
UROD,0.021755276134815052
SYDE2,0.021753031707593917
TAAR1,0.021750881149793455
LOC80154,0.021746564693141204
UCP1,0.021745684695051788
TWSG1,0.02174375907934298
C6orf201,0.021739861865501683
EIF4E2,0.02173641348203641
TMEM22,0.021733862731314762
SCAMP1,0.02173182199493207
ZNF98,0.02172982288478598
CALML4,0.0217292281971126
IFITM5,0.0217276171974993
MCART6,0.02172418149305268
OTUD3,0.02172360134651619
TIPARP,0.02172047612299088
SNX29,0.021717913316271608
GRIA4,0.021714925286874402
C11orf88,0.021712368625624808
RBM26,0.021710062373598748
CCDC146,0.021701801387385717
FAM40A,0.021701573344039937
C1orf182,0.021700848831907267
DUSP12,0.021700088132430954
MYBPC3,0.021694981474301864
SLC22A25,0.021678991291250973
SS18L2,0.02167757303556383
APOL5,0.021671390489999772
COX6C,0.02167011155589479
CCIN,0.021669232304197393
C19orf43,0.021668583375162996
DCAF7,0.021664441194390635
BAZ2A,0.021660549443032046
ARL2,0.02165929288850945
WDR8,0.021656159898300113
MAD1L1,0.0216556610578015
RBM27,0.021648716491427498
ARL3,0.02164780490603258
ZNF124,0.021644770586727174
ARHGAP36,0.021636244733927557
SMAD9,0.021633980482691932
RAGE,0.02162872395214823
ZNF513,0.02162689312533661
GPR137,0.021626139188984272
ZDHHC20,0.021619603850422626
C6orf154,0.021616891388908887
BCORL1,0.021616359852778187
MIB2,0.021613701015242584
XCR1,0.021613298896115272
UPF3A,0.021610233643150657
LLPH,0.02160948793029899
NDUFS4,0.021609140624106654
TMEM104,0.021608811027027434
KLHL14,0.021601734086583488
SPTLC1,0.021600164713578424
MRPL14,0.02159993462230701
DCLRE1A,0.021594841683523776
UHRF1BP1,0.02159229663323776
RSRC2,0.021585719906105416
TUBAL3,0.021585688669821718
CD300LD,0.02158517907118871
OTUB2,0.021584948502342535
TUBB2C,0.02158217686425113
TMEM68,0.021579069113468723
DHH,0.021575902776610187
C19orf77,0.021567485013855418
HEATR2,0.021567279404922368
PHIP,0.021565878680350998
SETX,0.021564095431485724
TSG101,0.021554517398668125
TBC1D3C,0.021552756303741837
COX15,0.02154527511851021
UBR4,0.021542508764094463
LOC441601,0.021532629088503022
CLCC1,0.02153009834821752
TBX10,0.021524089630575102
RNF149,0.02152366483556598
TBR1,0.021521581153395825
ANKAR,0.02152140188150211
ATF1,0.02152052486101079
NARF,0.021520227651520417
DMTF1,0.021516589634980373
GALNT11,0.02151640626209589
IRGQ,0.02151556297042982
GZMK,0.02151019430190539
MIPOL1,0.021508995880865626
TACO1,0.02150724213938276
LOC100130522,0.021504045012347307
IL5RA,0.021503023058710026
SOX8,0.021502517935429247
DTNA,0.021500381496470315
CHRNA3,0.02150016963828313
DONSON,0.021497887264693764
TRAPPC2,0.021493596514986082
LDHAL6B,0.021488956017217186
HIP1R,0.021486732752895935
IL17D,0.021480723106831405
REV3L,0.02147365989522111
LOC100133545,0.021471254447180118
ABCB8,0.021468037745732815
APLP1,0.021465440402407575
COL6A4P2,0.021464412167283155
PLAC4,0.021463569228807444
HSDL1,0.021446055848715756
CYB561D1,0.021438553954700408
PAQR7,0.02143599167930933
MYST2,0.021435150737564267
RLN1,0.021434267759110504
FBN3,0.021432274019984442
FNDC1,0.021424196343763413
AOAH,0.021419133830420906
WDR87,0.021415964922825315
FBXO44,0.021409887296550394
RUFY2,0.021408052364351046
NME1,0.021402134868221546
TRMT2B,0.021402010968615482
PFDN6,0.021387294733394985
PPIC,0.02138657154599343
CCNL2,0.021386468976125388
DLEU7,0.021384430009704535
SH2D6,0.021379475032528687
WASH7P,0.02137887959137621
LGALS8,0.021374381615376737
MAGEC1,0.021370145202316903
ISG15,0.02137000025358752
SLITRK4,0.021368322822365404
C8orf58,0.021366107456746445
FLJ35776,0.021364546140683664
PPIL1,0.02136045981102868
DTWD2,0.021352595564866603
ZFPL1,0.02134919434288838
SAMD14,0.02134168011937319
ACVR1B,0.021337664670434343
PHACTR4,0.02132646063403459
RNF219,0.02132236994257732
IFIT1B,0.021319113433515138
LOC643837,0.021317673209808607
DAD1,0.021315133257050214
ARHGAP5,0.021307129438743296
ZMAT5,0.02129517468899913
ALKBH8,0.021293994091768173
POLG2,0.021293816632594845
PRR7,0.02128882740499948
HERC6,0.021288762392402308
IRF9,0.02128596112566683
ZNF250,0.021285340964187053
C21orf34,0.021283927932590926
GPR150,0.021279674250666687
ANKHD1,0.021279270548964727
AK3,0.02127399505861196
SPANXB2,0.021272333180162053
ABTB1,0.02127061409562106
SLC2A7,0.02126215202490192
C21orf130,0.021260312823603956
AMDHD1,0.02125367086740151
GDI2,0.021253258935906783
TUBB8,0.02125117221267325
FABP4,0.021250619521948275
SEPT7,0.021247103207576064
PZP,0.0212453494385799
IARS2,0.021242453114345014
TP53TG5,0.021237700290731375
C11orf66,0.021235525867827582
ZC3H3,0.02123136914821803
NFXL1,0.021230374454413562
RAP2A,0.021227791835624156
LOC283267,0.021226366058451913
GP6,0.02122586361821892
SYN1,0.02122124064921791
C1orf50,0.021218987575243407
C17orf100,0.021215135459989386
CPLX4,0.021212012044781587
RAP1GDS1,0.02121038151869645
PATE3,0.021209773829367555
PIP4K2C,0.02120737248161836
GRK1,0.02119869718908713
NFYC,0.021196843782005995
ANAPC10,0.021196460737956106
DNAJC30,0.021194607812588688
IPO8,0.021193865148421715
LMAN2L,0.021192336130390885
CCDC151,0.021191166257691324
PTGDR,0.021189902913811495
EBPL,0.02117595735124833
PPIA,0.021174125138845305
RNF128,0.021172933173975093
GUCA2B,0.02117057551883231
GNA11,0.021167933455091787
ARPC3,0.021166586093108244
PVRIG,0.0211657429586112
ANGPT1,0.021164708904878093
TTTY10,0.02116379713524317
C8orf51,0.02116154164926175
WHAMML2,0.021157368370016687
STK31,0.02115370540135175
HPD,0.021149831455287843
ZNF775,0.021144389118430928
UBLCP1,0.021142631137884612
LOC283999,0.021141855252996652
DSCR10,0.021134935546276823
KARS,0.021133977106979965
KIAA1429,0.021131947533108517
C5orf52,0.02113149367413864
FBXO21,0.02113000451423572
PCDHGA7,0.021127123040970214
CNP,0.0211265528905927
ARAP1,0.021124775893213547
ZNF71,0.021121268234857337
KCNJ5,0.021117289103624915
TOP2B,0.02111581352891986
TNNI3,0.021115321319123925
RPS16,0.021113104088259147
UTP23,0.021111627772719913
SLC6A9,0.02110479490800556
KIAA0652,0.02110386874341782
LOC442454,0.02110243131540108
KPNB1,0.021100254820458283
RBM34,0.02109886870874411
ABCC13,0.02109501930445373
B3GAT2,0.021091775874597266
MRPL23,0.021084987658883284
ARF3,0.021082663256995617
MYBPC1,0.021079110930906975
CHM,0.02107702674100666
FBXO47,0.02107389479238655
GLYATL3,0.02106872158635333
GREM1,0.02106753357186047
DCXR,0.021059554707886546
IFNW1,0.02105671270857828
PNMA3,0.02105630907894814
CHIT1,0.02105295298827011
EXTL2,0.021051701197899515
HIST2H2AC,0.021050265179843666
OBP2A,0.021044852529973134
PI4KB,0.021044355846102623
EFHC2,0.021043106343049674
GNAO1,0.021041067423115168
CDKL1,0.021039677450043395
LOC400657,0.021036009844643145
GRIK4,0.02102836517178111
GATAD2B,0.02102471268646092
UXS1,0.02101671764201195
RLBP1,0.021006824689296526
ALPI,0.021002944059651446
HTR2B,0.020999753369763542
LRRC40,0.020999423037995246
CYP39A1,0.020998120542158268
ZCCHC6,0.02099575773578632
OR52E6,0.02099526337879597
C12orf62,0.020993872289969084
SSBP4,0.02098356887775174
OR10G2,0.020982698562798073
FAM170B,0.02098162058683013
CAPN6,0.020981307583146903
NDUFV3,0.020979337980386686
TDRG1,0.02096981704903998
PPPDE1,0.020969581559891648
CCDC82,0.020967656783250133
DCDC2B,0.02096738823873912
IGF1,0.02096380812540549
PSG10,0.020961029843239165
AMDHD2,0.020959738905743514
C10orf84,0.020950617800156095
GLCE,0.02094432993679197
C11orf51,0.020941941936629443
FOXJ3,0.020939365167904997
SLCO4A1,0.020936850177530365
NEU3,0.020935651724448105
BRDT,0.020932248617698098
MRPS28,0.020927932633883116
C20orf114,0.02092526459966272
DSCR8,0.020921995974307366
ASPSCR1,0.02092054857009906
PI16,0.020919377270592582
SF3B2,0.0209185051520538
VIP,0.020918018270192993
VWDE,0.020917727652867063
SERPINE3,0.02090917623393189
SRFBP1,0.020908802561504236
ASIP,0.020902566126028095
SLC35E1,0.02090116718878459
CELA2B,0.020900698212105738
PRKRA,0.02089841779840328
LOC100130015,0.02089800449724422
USP8,0.02089735133546735
PLRG1,0.02089547131822064
PIGP,0.020893468598648685
XRCC5,0.020886843529554576
TCN1,0.020884784267673463
ANXA4,0.020882622127147105
EVI5L,0.0208801584369535
ZC3H12C,0.020876936406705817
TOMM40L,0.02087552519632954
PTPN3,0.020875344154225393
ELOVL3,0.02086455917240492
RABL2B,0.020863229862744973
PLAC1,0.020857308432146983
TAPBPL,0.020856491518026175
FGFR1,0.02085629726337563
SNX11,0.020855173690317492
NT5C3L,0.02085228749355101
PRMT5,0.020851456871381194
OXCT2,0.020850191616855304
SLC22A15,0.02083859019104102
DCAF8L2,0.020830937075780244
GSDMA,0.020826663591459595
MSL3L2,0.020810170763849504
TUBB2A,0.020805634405260343
CLEC4G,0.020802972388446153
DAZL,0.02079594779667004
NUDT4,0.020789131706049263
PBX4,0.020783007372062068
MEX3D,0.020782487645181938
LRTM2,0.020780588533663248
KIAA1683,0.020777545611939854
MGMT,0.020766172336153365
NOD2,0.020764813301112697
PLCG1,0.020763922149664275
CCL3,0.020762236623242593
HACL1,0.020760117849847725
KLHL6,0.020753913526017197
KRTAP10-4,0.02074644621242885
C6orf164,0.020738386082110514
EOMES,0.020736602784538517
PICK1,0.02072914350195529
TNPO1,0.020728419248641692
HARS,0.02072728454667826
RCOR1,0.020727155885184194
ABCC4,0.020726521599042553
MGC23270,0.02071714718317928
LRRC4B,0.020715544084512018
HECTD2,0.020711346841272328
SYMPK,0.02070551004186392
ZNF484,0.02070331656139848
ASS1,0.020698202206339632
ZNF81,0.020696995403794292
DSCR6,0.02069635844207026
NFS1,0.02069484595901953
LOC220429,0.02068993166408617
OR52N5,0.0206872089071078
LOC284837,0.0206869054621423
JOSD2,0.020683581587359882
HERC3,0.020682932826056908
PUSL1,0.020679119930077226
QTRT1,0.020671467327872495
MBNL1,0.020671300259799078
SLC7A6,0.020670985867921515
LOC100131193,0.020666881025218957
ZNF32,0.02065826503042476
HEATR5B,0.02065728352171426
TARSL2,0.020654957745806925
FAM48B1,0.020652968904387222
CNST,0.020651829402273683
ZNF629,0.020635828560159608
INHBC,0.02063487336019286
HIGD2A,0.02063433797015922
VTI1B,0.02063217422015237
C8orf59,0.020632143752648033
AGL,0.020631909853676154
C15orf34,0.020631222017358394
OSR2,0.020630016610201796
ADCY8,0.02062824470578666
IPO11,0.020623236626272495
PRND,0.02061785070615015
NPB,0.020615771792643296
ADRB1,0.020615469793218395
ST6GALNAC5,0.020609235576967797
MINPP1,0.020599473641548075
UTP20,0.020594736205142898
CDH20,0.02059382691021487
NAP1L1,0.020587560359194325
ATP6V0A2,0.020582479174788573
RABIF,0.020576792630242802
OR5P2,0.02057399473316694
PALM2,0.020567044515321212
IGFBP4,0.02056575414505561
NFATC3,0.02056531585832817
ZNF45,0.020565173081170597
SERTAD3,0.020564692257874554
HBG2,0.020561687307081786
MKNK2,0.02056089521786094
C14orf79,0.02055669577080908
SLC2A14,0.020555408446106857
PTTG2,0.02055182860298976
APOOL,0.02055059375404752
RINL,0.02054801104236132
SRP72,0.020542275728101085
KCNJ6,0.020538265675193578
SHKBP1,0.020536056337013945
TOX4,0.020533177900813153
NDST3,0.02053261463106167
TRAPPC6B,0.020530882309684594
PAPOLB,0.020520812883406465
CAMP,0.020519171223005502
AQP7P1,0.020512692981981922
GOLGA8B,0.020509337148515615
LSM2,0.02050822289420148
GALNT8,0.020497215280433422
FBXW12,0.020496195743293807
WAC,0.020495483859029787
FAM134B,0.02049275107747498
ZNF679,0.020492471133976512
THRAP3,0.02048101931526236
PELP1,0.02047909131703928
MYL3,0.02047467430593175
FUT11,0.020474440145720814
NME2,0.02047315938484083
EEF1DP3,0.020465287956281844
PNOC,0.02046516706376537
C10orf35,0.02046091239707045
ATMIN,0.020460312278041293
NDUFV2,0.020455597440393207
RASGEF1A,0.020455400224143713
ENO1,0.02045218824116537
SPDYA,0.02044974630539329
LOC399744,0.020447978154604782
RNF216,0.020447039407102956
ASPN,0.020445789185606123
ONECUT2,0.020444112800315203
DDX5,0.02044386996173251
LOC100132724,0.02044343304504537
ZNF692,0.02044013468024909
PDIA4,0.02043772748502845
AICDA,0.02042820512390448
MPP4,0.02042548918599736
SYNE2,0.02042271152186901
SNX13,0.0204221246183477
CDK5RAP1,0.020421919380427332
FAM19A4,0.020419825526468423
DKFZP586I1420,0.02041685420780458
DMPK,0.02041460394501822
INPP5A,0.020407856964315022
MRPL55,0.02040775983554014
TSPAN5,0.020403421289626463
SETD3,0.020399411123387143
HPSE,0.02039920952304469
ANKS3,0.02039686657304447
ENTPD2,0.020393857230971233
SLC2A3,0.02039314623525375
CYTH1,0.020393006292017995
RNASEH2C,0.020385748725220598
TRIM74,0.020380875856479283
C14orf23,0.020379915177017333
TIAL1,0.020379694939463344
KRT36,0.02037731510427265
JMJD4,0.020373104754876758
BTNL8,0.020371279492439855
HNRNPA0,0.020369388532490942
TOE1,0.020369173116325707
SH2B1,0.020364784308199966
FOXF1,0.020364669319219774
KATNAL2,0.0203571819114504
LARP1B,0.020357164081535626
FRS3,0.02035302891624709
SFI1,0.020351413223671524
RNF181,0.020350747432503133
C21orf90,0.02035064890359267
PTPRT,0.02034774872185809
AGMAT,0.020345353173050553
PER2,0.02034346399714491
ACTL9,0.02034299321173986
NEBL,0.020342343449920454
NXPH1,0.020338001496095253
DDX26B,0.020337523396805845
ZNF296,0.020323086556006086
AASDH,0.02031868799397425
SGCD,0.02031350049590669
CLTB,0.02031309589553041
NR4A3,0.02030979893145227
SLC16A11,0.020304235067836428
TOR1AIP2,0.020303629150028233
TTC7A,0.020301025588919223
HIST1H1E,0.02029908644706791
FLJ37543,0.020297417475989468
FCRL4,0.020294016335911883
SERPINI2,0.020291333400464098
ERAS,0.020290475604479916
VPS33A,0.020290046123574074
VPS28,0.02027397671428755
PTK2,0.020270375835145762
MRPL38,0.020268453556983018
AGAP3,0.02026508277929538
FOXE3,0.02026406443539648
JMY,0.02025919049865675
TIMM10,0.020257129805888632
LAS1L,0.020252025700339942
RNF32,0.020247712299751437
FUT10,0.0202457382167513
OR2B11,0.020242553574349103
NUBPL,0.02023512939728292
ECHDC3,0.020235087250399558
ZMYM6,0.020228095592084487
WDR27,0.02022567885854049
IFI44,0.0202253102571521
TAOK1,0.02021603634016866
CAPN7,0.02021516194799119
SLC45A2,0.020211037541262106
SFRS17A,0.020198665663522793
C15orf62,0.020189256901385025
LOC285629,0.020188601857119872
ZDHHC14,0.020188486251424567
HBD,0.020186120042737937
SP7,0.0201861007910647
ZFAND2A,0.02018570240460561
CREM,0.020176358100501928
UNC45B,0.020174317703631837
C2orf73,0.020169244430303206
LONP1,0.020164662016947655
PDSS2,0.02016346012706175
MUT,0.020162774699264377
PABPC3,0.020161878208664455
CUTA,0.02015987031593874
NFIC,0.02015444072045232
FAM129A,0.020153001223881285
IGFBP7,0.020148071552984793
LARP1,0.020147565406761693
VPS18,0.02013988072759994
NCOA2,0.020136418144669516
HFE2,0.020135895943565962
SFRS12,0.02013424558998273
NOL9,0.020130425321938417
C20orf29,0.020130157332767098
SEC16B,0.020129747366278813
SLC25A39,0.020127417069791247
FAM129C,0.020125300864680742
MLST8,0.020121823112178087
ZNF622,0.020120350822643088
AEN,0.02011985063971639
MMEL1,0.020107434614634042
NPM2,0.02010494919639569
GRIN2B,0.020103961365521117
LEMD2,0.020098914845954687
MLL,0.020095257635618053
MRPL15,0.020090262899581518
SCRN1,0.02008097268902187
PROX1,0.020080774466045944
ARHGEF11,0.020079655446281132
INSM1,0.020077865686888154
AIRE,0.020076138069029126
STK16,0.020074331368432688
XIRP2,0.020070336149876137
USP33,0.020070157865072515
SAFB2,0.020070109502327578
MBD5,0.020069232361652905
ZNF132,0.020064298201393906
SIPA1L1,0.02006412923031614
MUS81,0.020062676271751477
C6orf94,0.020050617477352498
CETN2,0.020046572237072555
CNOT2,0.020045043425357435
COMMD4,0.020041562591824994
ZCCHC9,0.02003114338604854
TSHR,0.020029431129882484
CCR3,0.020025294980313954
CCDC83,0.020024343035191332
LAMB2L,0.02002064271756246
ARNT2,0.020019953066343996
STEAP3,0.020014010751972663
PET112L,0.020013758562261817
NUCB1,0.020001710611897715
RABEP1,0.019998343250215128
MGAT5,0.01999712809819193
SFRS11,0.01999387594207792
ZNF485,0.019989935937583577
GRIN2A,0.019981797681346076
RACGAP1P,0.01997543279725098
C9orf142,0.01997478997559172
HNRNPC,0.019973000773473745
SCAMP3,0.019970994808879487
FAM18B2,0.019965539324201167
HBA1,0.01996256420264662
CYLD,0.019961877068331555
DRD3,0.01995785935660097
STT3A,0.019945769364901136
IL17A,0.019944836512869078
SAP18,0.019941886861743186
APOA2,0.019940490791382076
DCN,0.01993746559736978
GNG13,0.019934345866973506
FAM7A2,0.019931168857113594
ATF3,0.019929137792306352
KTN1,0.01992081598041428
C12orf5,0.019918926546617737
TMEM212,0.019918498642192077
SCT,0.019900563241060175
ABAT,0.019900096888501025
SCO2,0.019896596560316043
SERP1,0.019890405882968053
TSC22D1,0.019889427209024903
RUNDC2A,0.019888049682856096
CUEDC2,0.019887291419954985
NIPSNAP3A,0.019886366310880272
PGA3,0.019880391042105473
ZNF167,0.019875783893169196
RSC1A1,0.019870915831373317
NUDT9P1,0.019869079352509162
ABHD13,0.01986855562704711
GIGYF2,0.019862846859184068
HEPACAM2,0.019858639932825207
ZNF283,0.01985787875813343
FLJ39739,0.019856589342286384
ZNF503,0.0198562704769493
IER3IP1,0.019855859827395822
ALS2CR8,0.019851306975048177
ZNF528,0.019849267800151543
OR10H1,0.019847559448660405
STX11,0.019845521326149
PRSS50,0.019845104179231736
PPCDC,0.019834344374079018
FEZF1,0.019833234397822322
PIWIL3,0.01982971934669935
KIAA1797,0.019829367405004166
HYLS1,0.019828111972399014
MAST4,0.019826286150930916
MYH7B,0.019824681729326225
MLXIPL,0.01981735383441428
CDC42,0.01981564309229198
COG7,0.019813728132404652
MTMR9,0.01981020436019933
ZBTB34,0.019805866093098288
S100A1,0.019802211163642763
EGR4,0.019785159974234762
CDK12,0.019783599041817534
PIP5K1A,0.019777689913372226
MRPS35,0.019769759085498002
EGR3,0.019769504872682583
C12orf68,0.01976514320472351
CALHM3,0.019764738885526604
SMARCA4,0.01975280460358496
LOC100128292,0.01974587664730364
SCGB3A2,0.019744479554043178
GYS2,0.019739127281544356
RNF44,0.01973782286307728
P2RX3,0.019730391029803597
DSCR4,0.019725495584285848
BMP8A,0.019723344813247258
HSPA7,0.019717635376913116
HGS,0.01971696172748194
C17orf107,0.019713139560337916
CPLX3,0.019711750515247848
TRAPPC2P1,0.019702456386757716
SLC8A2,0.019702176733713442
CPPED1,0.019700597628431574
KANK1,0.019699528303023423
ARHGAP27,0.019693807543838156
STT3B,0.01969063291139238
CBFB,0.019677027802501655
PER3,0.019674871436140152
VGLL2,0.019673384912258778
BAIAP2,0.0196730956320045
VPS37D,0.01967230731250945
LOC100134713,0.019670577746962875
STYX,0.019666734132940466
R3HCC1,0.0196625502007668
DNAJC17,0.019656123409652358
TMEM35,0.019655542887470158
SPAG17,0.01965220231290271
H2AFB1,0.01965096954316987
FLJ44054,0.019650755694953722
USP13,0.01964976174080949
FTHL17,0.019644391192538923
SNORA74A,0.019634753976143143
ARHGEF18,0.019632182571011382
HDC,0.019631602031988167
OPRD1,0.019628919030526347
LOC642597,0.01962247909199713
RXFP3,0.019622309498766016
SNAP29,0.01961674083128908
CNGA4,0.01961617424196641
KRT24,0.01961582523560055
ZNF41,0.01961438966079017
CHKB,0.019604057251467955
HAX1,0.019589788727407662
GPR182,0.019587423047037106
PRPF3,0.019576969982879593
KIAA0196,0.01957600199065779
GGA1,0.019575015145468343
MCAT,0.019574805555686456
RPTOR,0.019574523905625068
MBLAC1,0.019573326066256617
RBMX,0.019562472833956773
SETMAR,0.019560317384314466
NAA35,0.019558413138243063
RRM2B,0.019557980041204407
PRKRIP1,0.01955118114102726
FNDC5,0.019548979314422493
MED22,0.01954454272572415
CRTAC1,0.01954348331473511
COG5,0.019542653415115664
LOC92659,0.01954020788535745
LOC100131496,0.0195387979804137
SSR1,0.01953805075152586
SRPK1,0.019530221416248068
THNSL2,0.019529206567490555
CYP4F8,0.019528624905542736
FAM200B,0.01952485281505315
RNLS,0.01952239243028211
CPA3,0.01952161208580714
ITM2C,0.019521295697081414
KIAA1161,0.019517181549533316
LOC91948,0.019516577924973983
TNNT2,0.01951642318449898
ALKBH4,0.01950914033915776
COL18A1,0.019509071089683257
DLGAP2,0.01950775584125458
ETFB,0.019506086192062067
DHX38,0.01950351812788047
TTC15,0.01950122706912138
CRY1,0.01949921828765366
KIAA0895L,0.01949713936696476
C19orf36,0.019492080713144577
PSMD4,0.01949003434867508
LOC100133957,0.01948928054546983
HORMAD1,0.01948630823554914
MGAM,0.019485572333828572
MSTO2P,0.019484329108617745
CXorf38,0.019482239703969305
TCF23,0.019478731432883974
C20orf118,0.019473996829312338
PAGE2B,0.019471516967423393
COX7B2,0.019466419588965687
C1orf107,0.01946312939384493
SNORA81,0.019462510798699637
CCDC63,0.019453520517673593
TIMM22,0.01945238759023913
DDX55,0.01944973285828003
COL29A1,0.019449481218188184
ASB3,0.01944395705348327
RPE,0.019441187406467376
PLCXD1,0.019439387906919077
OR52N4,0.01943631178683515
GLRX2,0.01943629355815498
HTATIP2,0.019435198227476424
UBXN1,0.019434808355375012
MAGEL2,0.019433889472727128
NFKBIL1,0.019433800359303664
RAD9A,0.019433120493271328
ITGA4,0.019432896659591494
ZNF846,0.019429869708802987
TOMM20L,0.01942758428810482
GLT1D1,0.019425935513785984
NAT8L,0.01942555132809541
ZNF423,0.019423543267096974
GRIK5,0.019415609426604436
TMC3,0.01941328636091156
PARVA,0.019404914828104722
EGFL8,0.019400005652780123
FAM98C,0.019397147044297004
SYS1-DBNDD2,0.019395854630845904
TOP3A,0.019395605750339967
DCX,0.01939456529362434
LRRC15,0.019391996548891868
MECP2,0.019382421849688386
BZW2,0.019374681422878036
HTATSF1,0.019372894724441633
COL4A1,0.019368995939518782
EPB42,0.01936765835481127
PTGES2,0.019362896955038744
PPFIA1,0.019358844080204853
FOXRED1,0.01935601008026951
GSPT1,0.019353702527884063
TREML2,0.01934487405016443
IGLL1,0.01934301770661681
TBC1D9,0.019338409475087377
LOC100133308,0.019337825840604245
ZNF169,0.019334503364687016
COMMD5,0.019332665772846678
APOBEC3D,0.019330182136798373
TNNI2,0.019328304500600364
CNDP1,0.019327199970744877
PIN1L,0.01932583967305212
CCDC37,0.01932355230353861
TMEM47,0.019321467669321777
CASQ2,0.01931970385317617
C1orf26,0.019314887185532995
SPEM1,0.019314805903577745
C2orf47,0.01930514853903413
HDAC10,0.019297674508727672
HIST1H2AJ,0.019294578000713127
ZNF354B,0.019292155258155343
UNC50,0.019290956409904813
CNN1,0.019290436389871043
C17orf58,0.019289471386257577
C15orf50,0.019288104590318725
GKN1,0.019284384903184595
MAML1,0.019281382025778854
AGTPBP1,0.01928096603409639
TRPM2,0.01927904286408023
C9orf129,0.019278627121602627
ALG9,0.019267962506289028
RAD18,0.019264644283709394
UNK,0.0192539386160592
SLC14A2,0.019246444288163668
C10orf129,0.01924542166120471
FAM193B,0.019243980096508483
SUPT6H,0.019242947068751425
CALM3,0.019240048676568363
TAS2R46,0.019237025669710837
AKAP8L,0.019231591328587407
RMST,0.0192297598079423
RPL37,0.0192294055187394
GLTSCR2,0.01922874339407962
LOC340508,0.019226626240147458
MSTO1,0.019226261321596196
C1orf59,0.01922447515501146
C2orf70,0.019223066600735524
ACPT,0.019221260964936784
LOC100271836,0.01922069657310007
SEPT11,0.01921724689641716
TMIE,0.019214084736495742
C17orf42,0.019211859726344822
SCAND2,0.01921158498345367
SLC26A7,0.019211295913489128
ZNF511,0.019207735815947122
NXF1,0.01920628018717617
SHMT1,0.019203344851575536
LMOD2,0.01919945728788005
TSPYL2,0.019195597233178444
GPSM1,0.019193298776657524
OPN4,0.01919295976802292
ZNF618,0.019189897036622373
GAPVD1,0.019187418150997473
FBXW7,0.01918454626749056
OXSR1,0.019177046401901567
IL18,0.019177027603523866
CEBPE,0.01917584669628109
LOC100268168,0.01917179819087924
MATR3,0.01916948870256647
PCDHA5,0.019165629019724604
C5orf42,0.019157821732300153
PIGV,0.019156326443560082
NRN1L,0.019147036561419258
RPA2,0.019145273305379542
C1orf103,0.019145179401524593
MRPL44,0.01914384240023187
PEX11G,0.019134933360938997
MOGAT1,0.019130142537612024
NOL7,0.019123288998942035
ZNF471,0.019122349792144343
UOX,0.019117657869775602
DIMT1L,0.019115575328149816
PLBD2,0.019115228837464873
MAGEB10,0.019108592444963633
ZNF101,0.01910815515568913
SERPIND1,0.019104559057305914
MRPS16,0.019093348144822074
RAB1B,0.01908503929216983
PRAMEF11,0.019084634547718516
RGP1,0.01907407240454991
FSD1L,0.01906411768070115
EIF5B,0.01906144619062678
MAP3K6,0.01905639733596312
ZNF267,0.01905602510552612
TRIML1,0.01905446224591355
RBM15,0.019053535034505215
COBRA1,0.01905253905882027
NPHS1,0.019051650808798056
CENPC1,0.01904988264383511
CDKL5,0.019048263757301308
DDX4,0.019046692812137618
C17orf103,0.01904444371491804
SV2C,0.019032149795733738
ACADL,0.01902899844005918
SIX5,0.019023570204685706
CCDC155,0.01902210051669556
IMPAD1,0.019021946869957097
HEATR7B2,0.019021023015176657
HSD3B1,0.019017444576684767
TBC1D13,0.01901188836590073
SMYD3,0.01900784413390174
SH3GL2,0.019007500040643503
ARHGEF1,0.019003848246649146
TOMM6,0.018997426227555705
GLYATL1,0.0189956126296788
ROPN1L,0.018989176485719666
IMPA1,0.018985392493521797
ZNF26,0.018983454433931183
PRKCQ,0.018982473283988263
TCEA2,0.018978722627434587
C9orf41,0.018973394319382168
LOC283663,0.01896940700059293
C20orf26,0.018968154880247907
SLC47A1,0.018966916411198225
IL1RAPL2,0.018958126941679945
PKD1,0.01895782725935993
C18orf62,0.01895168787915068
ZNF791,0.018945046144975972
HSP90AB1,0.018941633299681588
PRKCE,0.01893117562130341
C8orf56,0.018926698498681147
OLFML3,0.018926149591190145
C20orf132,0.018924741505632343
IRF4,0.018915473281046088
C19orf69,0.01891512206148283
RPS4X,0.018913147655435805
PRL,0.018907133574734915
KIF16B,0.01890074501802676
PCDHGA9,0.018899956596689783
CCL27,0.018896501775358482
GRPEL1,0.01889469590735079
C19orf70,0.01889007568017326
TMEM159,0.018889021682185717
ESRRA,0.018888414336036267
CCNI,0.018884505434445795
RBMS3,0.01888420771499944
POC1A,0.018884138791484387
FAM82B,0.01888124888279807
ZBED1,0.018879990582117725
RPL15,0.018876728370410777
MGAT3,0.018873757542221585
SGIP1,0.018866372430049464
KATNAL1,0.018860683059599925
C1orf220,0.018851818428987647
MRPS5,0.01884621184539183
SON,0.01884525617429907
ROCK2,0.018840806955820084
PABPC1L,0.018840620599515103
ZFP14,0.018837649609184694
CCDC90A,0.018835901575980692
ELP3,0.018830389869931647
DOM3Z,0.018827877750412912
KIAA0664P3,0.0188276493703779
YIPF6,0.01882762373533626
NEAT1,0.018822087702171517
ATG4A,0.018810397779152756
FGFBP3,0.01879462396077187
LOC100133985,0.01879258622371729
FNDC7,0.01878741463116336
TACR1,0.018782342205593883
AKNAD1,0.018777174607068278
DERL3,0.01877486004259113
ADAMTS13,0.018773235722709582
SEMA3G,0.0187726523615206
TMEM187,0.018772577836487055
DPT,0.018765924312326758
C4orf43,0.01875839724772356
DCAF4L2,0.018757753804523002
NUP214,0.018756332749024614
PLCXD3,0.018753966385283715
LOC158572,0.018741295123107935
ABCA2,0.018738348867391473
FBXO15,0.018737908942304822
IQCH,0.018734269789952036
ELL2,0.018732198317765247
CLIP3,0.01873163471792971
VHL,0.01872979913219288
C9orf91,0.01872751717394253
PPP3CB,0.018725748674347
C7orf61,0.01872518986933362
MATN3,0.018724449010733658
ZNF271,0.018718758493517274
LOC91316,0.018715853302059954
WDR20,0.018715842805782847
GPR89C,0.018709979762628996
PSTK,0.018704508264350918
MGC16142,0.018703689315112595
TMEM95,0.018701540187238453
TSNAXIP1,0.018695948557833377
TTF1,0.018694095313846044
RPL30,0.01869357852189615
LOC284379,0.018691901067803027
KBTBD2,0.01869178648005409
WDR49,0.018690200065430217
ZNF646,0.01868888927819364
VPS37B,0.018681960181974707
U2AF1L4,0.01867878815474661
TNNI1,0.01866926029498011
ZFP106,0.01866448127731671
PRPF38B,0.01866258722149651
GSTO2,0.01866045686618945
COPG,0.01866038492331215
CG030,0.01865836671985592
LMNA,0.018649233965523343
NAALAD2,0.018648440632548648
CCR8,0.018645699266374504
CATSPER3,0.018644133332188326
SETD4,0.018642816121061747
CYB5B,0.018638183121710467
TCHP,0.018624022970818527
LOC100129387,0.01862385367595397
TAB2,0.018623268203928987
LYZL2,0.018616331495382943
FRK,0.01861630934221151
CDC42BPG,0.018614511835782457
TMEM88B,0.018611280080841792
RPL11,0.01861065937070711
OR1F2P,0.018604176161968664
C1orf125,0.01860339402830633
FLJ13224,0.018601850321651806
PRPF38A,0.018600967797106616
ERCC4,0.018600123124434778
CPNE5,0.0185981947352501
DHRS4L2,0.018597407005934877
TATDN2,0.018596775917688563
EFHC1,0.01859603297750296
ZNF569,0.018592599943661255
NCRNA00107,0.01859162014336156
DEM1,0.01859013804273672
OLIG1,0.018583905234443244
SLC26A6,0.018580693601882185
TMEM86B,0.018570371956997914
CWC27,0.018569755186273428
C16orf79,0.01856907809396687
TOPORS,0.018566648068838846
NAPG,0.018564252823176624
FAM75A3,0.018563634307416102
WFDC8,0.01855910438631958
HSPA6,0.018554858731312986
LOC339524,0.018552409041540992
GRM2,0.018546366447252965
TTLL1,0.01854121051287213
NHS,0.018540940252442597
MCTS1,0.018536938311400478
VPRBP,0.018535188585048483
FMR1,0.018524858436901718
SPHK2,0.018522574817984708
MTPAP,0.01852173209029239
MTMR10,0.018519658383772526
RBBP6,0.018518868768764733
SPINK8,0.01851584665352882
ZBTB40,0.01851494241849706
MYH3,0.018514431151807807
C10orf78,0.018512820543045108
NAP1L3,0.01850808915577182
MAGED1,0.018505167992387342
CCDC123,0.01850266277092531
ZNF527,0.01849200289628654
FAM183A,0.018488076810598678
ZNF879,0.01848777597400029
HOOK2,0.018485061243771632
DFNB59,0.018485023560813815
CHD3,0.018483642528777964
SLC25A31,0.018481613905479276
TCEA1,0.018480617742922326
ZBTB7A,0.018478185842015205
RRP15,0.018475118486250313
ZNF80,0.018474788794187715
CTGF,0.01847325852792183
ZNF180,0.018467504720858337
ZGLP1,0.018467320866285313
MDC1,0.018464542545028297
MRPS23,0.01846373301342885
SLAIN2,0.018460536208725585
PDE4B,0.018458516857755024
RPS6KB2,0.018455963306406104
EXOSC9,0.018454444118433555
FBXW8,0.01845388255226038
MTX3,0.018452219771734734
COMTD1,0.01844998036689056
CCDC23,0.01844985951534008
CSNK1A1,0.018448643293247524
ZNF619,0.01844067353776321
PRRT2,0.018440200711126693
GSTA2,0.01843423959775418
LOC284276,0.01843165650809513
RRAS2,0.01843032228617601
UTP11L,0.018430018856519056
MAFF,0.01842293291356929
MT3,0.018420399605372877
FADS1,0.018412249064937856
NADSYN1,0.01841037528818645
ZNF461,0.01840165567365278
TP53I13,0.018391829393431182
AADACL3,0.018381081874916005
TAS2R4,0.018376670101523475
LMBRD2,0.01837655650372378
DNAJC24,0.01837649562923346
FCRL5,0.018375099617289094
ZNF776,0.018374410043342837
TMEM127,0.018371948120296626
C11orf61,0.01836901230057757
C18orf21,0.01836816730972474
BEGAIN,0.018367530355667815
ZNF420,0.018365326953532463
SMCHD1,0.018358724237881367
HNRPDL,0.018357902272956705
ENY2,0.01835768155891238
PDC,0.018357477673088894
NR2C1,0.01835235742460892
FOXD4,0.018351040594177078
KLK3,0.018350587852871254
PAF1,0.018349732273535348
CYHR1,0.01834899393452075
SFRS16,0.018347213450687624
BARX2,0.018345850354560753
NRIP1,0.018345036154688674
CWF19L1,0.01834486844194916
VPS13A,0.01834001262428654
TTC9B,0.01833650703977929
IPO5,0.018335815323986995
FDPSL2A,0.01833561878919827
SNAPIN,0.018335606163847003
COL9A1,0.018333070701044483
USP48,0.018331319183963943
PEX1,0.01832581738247029
LUM,0.018321264269305127
RNF139,0.01831731906952199
IKBKG,0.018310191751422435
MAPKSP1,0.018309542844860978
DHX15,0.018306454733014906
ZNF567,0.018305859258477487
DRAM2,0.01830149899984715
ZNF560,0.01829482872604722
A1CF,0.01828615356013582
KIAA1147,0.018281080526437486
TNC,0.018278808242682756
RSBN1,0.01827806811874116
C1orf86,0.018274314479039076
RPS25,0.018268059527936312
VPS36,0.01826607340979411
TRIAP1,0.018265467080780487
DENND4B,0.018255199022603696
AEBP1,0.018253867034905336
LOC157627,0.018251297731129046
ZNF669,0.0182465113716645
ADAT2,0.01824316860604351
UQCR10,0.018234205691582187
ROM1,0.01823234882906143
PABPC1P2,0.018231072595796798
BBS4,0.01823074706853775
ANKS1A,0.018229051106348496
UCK1,0.018227772342378244
SPDYE5,0.018225272433049944
PEX5L,0.01822256105624527
RBM44,0.018215225729815595
APBA2,0.018214847129449683
ACSL6,0.018208490302722712
EFNA2,0.018207783818980097
ATP11C,0.01820491061686586
DSCAM,0.018204903553435133
POLH,0.01820187022465503
P2RX5,0.018200872817277575
PDIA2,0.01819916799131941
ZC3H13,0.01819646027686449
APC2,0.01819544221075906
MAL,0.018188909214897686
ATP5F1,0.01818578331310157
CRTC2,0.018185229409169588
ANKDD1A,0.018184991293026035
PRMT2,0.018182877566545103
RABL3,0.018177780375740197
THG1L,0.018176600882686664
SLC35C2,0.01817462261678645
SMPD2,0.018172690602035198
LRP5L,0.0181690709051308
TMEM110,0.01816039915684808
SRRM2,0.018159919108435275
NAA38,0.018140845203707807
EIF4EBP3,0.018131390800155224
NPTX2,0.018126631132601344
TGIF2LX,0.01812394496691668
C13orf36,0.018122598326058236
SGK223,0.018122567696277923
NCRNA00052,0.018102561299880852
LOC728743,0.018101985357945657
UBIAD1,0.018100207190138
TPCN2,0.018099857781663987
SLC16A8,0.01809865162803496
VAC14,0.01809246766802344
WFDC1,0.018088494125621343
TLR1,0.018087101763453035
ZNF641,0.01808026160936473
PHF20,0.018074417530676803
FAM41C,0.018072136263198105
MEN1,0.01806952967002885
PHKG2,0.018067962091316187
MAPT,0.01806531847543237
IL10,0.01806298367158569
ATP5G2,0.01806187234962123
IPO4,0.018057157657961686
XPO7,0.018056793474191916
C11orf46,0.018054146848989306
HES7,0.018053059239621437
HTRA1,0.018051639836956304
FCRL2,0.018048206982701088
RAB11FIP5,0.01804506306352202
IQCJ,0.018043558648299752
AGAP4,0.018043117712838768
SNRNP48,0.0180378700988667
CTAGE5,0.018037084494629717
PPIL4,0.018037073159320575
ARF6,0.01803603381809817
C17orf77,0.018034436514939637
SPTBN4,0.018034229727333567
ARPC5L,0.018029459544914347
C14orf109,0.018027284223903758
ARID3C,0.01802572689552085
SRPR,0.018024977670109382
GPC5,0.01802462291512407
INS-IGF2,0.018022164753524254
PCIF1,0.018017680587169453
XRCC1,0.018010304207517494
LIX1,0.018009637276002122
WDR73,0.018005921065808866
MOSPD2,0.018005721767779724
SLC1A2,0.018003214808903312
TMOD3,0.01799563644845326
ZNF434,0.017995015747652898
TJP2,0.01799254180355639
MRAP,0.017986260559840254
H2AFV,0.0179862277403035
DNAJC25,0.01797699088008538
OR6C2,0.017976318117376645
USP22,0.017974355458897556
C7orf54,0.017973687107255745
C13orf23,0.01796858464700456
OR7E156P,0.017963416083187557
MGC16384,0.01796293338073271
RENBP,0.017957968039543717
NLRP1,0.01795558465487078
MLLT1,0.017954652758094557
ACCN1,0.017950178148037763
ASH1L,0.017943385557074285
PIRT,0.017938995501162108
TGFBRAP1,0.017937845150094455
METTL10,0.017936095798067563
CCDC78,0.01793218941317312
PFN1,0.017929223546024466
PPP1R1C,0.017919334719130053
TMEM199,0.017918426961202886
C17orf73,0.01791302953174815
GBX1,0.017909841845813738
C19orf41,0.01789559492814546
FCRL3,0.017892470778883326
HSPB2,0.017880722454098233
ZNF24,0.01787960741988012
BRWD1,0.017878225635536045
EEF1D,0.01787779332534264
SIGLEC8,0.0178764773598218
DYDC1,0.01787618080162784
PRAF2,0.01787337031520015
HPS3,0.017873300043463776
CLEC2A,0.017872072629802695
LRTOMT,0.01786999384686477
LOC150776,0.017868575963542806
STOM,0.017862479777112417
TMPRSS9,0.017862047938470915
TPD52L2,0.01786067627856165
NPIP,0.01785947023872606
IFI6,0.017858565771523255
ID2,0.017848366888094817
POLR3E,0.017848215367495618
RPL29P2,0.017837896552216955
KDM4B,0.017834395315831916
TCEAL4,0.017830152413656385
ZNF213,0.017829763647954168
FAM175A,0.01782920847029423
NCRNA00182,0.017828377544486147
FAM101B,0.01782681253109034
PTPN12,0.017822752015886373
MEGF6,0.017821842691235004
CEACAM19,0.017819113341208066
ATM,0.01781680306376265
KCNH3,0.01781555836871099
ORMDL2,0.017815438797986725
FBXO31,0.017815234526675463
CCDC141,0.017811306430227637
DDX46,0.017807662586395028
C7orf43,0.017804482018090657
RNASEH2B,0.017798765044083707
C19orf76,0.01778004045745353
JAZF1,0.017774147697954826
GRM6,0.017772157651704992
FGF16,0.01777076479255792
GPATCH8,0.017768512152707566
ATAD3A,0.01776182458315571
ECH1,0.017758765476269325
ZNF555,0.017758595735586937
C12orf60,0.01775785385144051
PMS2,0.017756794244104784
CDC73,0.01775161607139801
PLA2G7,0.017748516663700156
RAVER1,0.01774592681852495
GPR45,0.01774297564952716
LOC100128788,0.017736386059554268
RPS15AP10,0.017732313588018994
PRKAR1B,0.0177278864805043
TSPAN17,0.017724962883769922
DMRTA1,0.01772250374593897
C21orf121,0.01772054923267331
TMEM81,0.017719522508742272
SULT2B1,0.017716730856925482
ZNF37B,0.01771641824276046
PFKFB1,0.017714833340332706
STK38,0.01771021372372268
CT45A2,0.017704864451019615
YPEL4,0.017694446055353166
C1orf52,0.01769323323690217
NCRNA00113,0.01768586998540518
ADCK4,0.017683701036237724
RPUSD3,0.01768268750935912
NET1,0.017673156205563458
CAMK2A,0.01767227754699495
COL10A1,0.017667319499998807
TXNDC5,0.01766324968650628
SLC22A17,0.017649307747837184
PANK4,0.017647847499604272
KCTD8,0.01764534919351489
NCRNA00204B,0.017640492874624932
RNF166,0.0176383856066727
LRWD1,0.017638383418687818
PFDN4,0.01763764051835968
LOC729467,0.017637608552407435
FASTK,0.017634830304611503
KANK4,0.017628237376844564
NFE2L3,0.017607307864132716
ZNF789,0.01759926785988309
USP18,0.017598553373369602
C4orf23,0.01759805209999109
MITD1,0.017593006841993518
CLEC4M,0.017592335633057555
YWHAH,0.01758975043957778
MARK2,0.017589532456985604
FAM48B2,0.017587309795634377
THOC2,0.017578367267943776
SEPT7P2,0.017576707496457497
C19orf45,0.017573418618629395
PPP3CC,0.017570917451269406
PDLIM2,0.017568461317825544
NDN,0.01756547082919354
ANAPC16,0.017559695657931314
TPTE2,0.01755880223967364
MT1DP,0.0175565249338836
ZNF397OS,0.01755547131441651
SRRM5,0.017554686860718795
DNASE1L1,0.017552543986229324
SFRS2IP,0.01755234335915482
VSIG10L,0.017550373665693182
GBAS,0.017547834773392546
HELB,0.017543720125373783
STARD6,0.017543562519177304
TRAK1,0.01754270844580974
JMJD6,0.017541068272755207
LY6G6E,0.017533872425838162
ATP6V1G2,0.017531304875170777
PTPLA,0.017529283033994928
PCDHGC5,0.017529028403093838
FCER2,0.017519367069144906
MAVS,0.017518524781503165
LOC339788,0.01751788141304741
HSFX2,0.017512914322845324
PCDHB17,0.01751173565390386
KLF17,0.017506786047646262
ALS2,0.017504348375467178
C17orf51,0.017501739581020068
LOC441208,0.017500558018087076
SPRYD3,0.017498983738269712
PSMB3,0.01749049515765547
PAPLN,0.017489334435330347
LPP,0.017486795743594543
LIPA,0.017486048177166622
CETN4P,0.017482877062619858
CFC1B,0.01746979236698216
NOL6,0.017468697344274593
METTL1,0.017467133357852126
NRBP2,0.01746268715129024
C16orf73,0.017457150303991087
GABARAPL3,0.01745689566285677
PIGU,0.017456872996128275
MTP18,0.01745234330714083
COQ2,0.017438561116818047
UBXN4,0.017429982997690684
ZNF345,0.017428148222926234
MYO9A,0.01742384709308638
SGCG,0.017413895927261412
TMEM169,0.017406101452051993
ACE2,0.017400100857941372
NCRNA00167,0.01739910353148925
TSPYL5,0.01739534997146507
CLLU1,0.017395123693891817
CLK2,0.017384004990449172
PDZK1,0.017376740032970017
ZNF841,0.017373741792680534
EIF2B2,0.0173720112840388
C6orf145,0.017370866352278237
EPHA8,0.017369831305147427
MSL1,0.017368997620257398
MTMR8,0.01736831035380676
INTS3,0.01736817146976505
RAB3A,0.01736796228775539
TNFAIP8L1,0.01736653714490679
DNAJC16,0.01736286788285278
KIAA0907,0.017360473248116324
TXNDC12,0.01735690585081787
XAF1,0.0173551452586872
TOR1B,0.017354982664240695
PTBP2,0.01735398755900498
PPP2R5B,0.01734915210729813
TNNI3K,0.017347326570931607
RAB3D,0.01734687884555541
INTS2,0.01734427249738937
LEAP2,0.017343061009459305
CORIN,0.01734255932231274
FAM113A,0.01734095363589905
FKBP3,0.017337884397671758
SGSM3,0.017336359977597776
RUFY4,0.017333702685148545
HM13,0.01733291235659265
CTRL,0.0173320141135576
ZBTB49,0.017329512910919522
MRPL21,0.017326464272907453
NDUFC2,0.017321453343585404
NAALADL1,0.017320798664032806
LIPC,0.017320649119647508
ABCG5,0.017318830761153568
POPDC2,0.017314580176158487
TBPL2,0.017312093504560748
C16orf68,0.017311228672513022
FBXO24,0.017305438529124133
GRM7,0.017305009037882974
SH3RF3,0.017298608484794545
NARFL,0.01729196243784964
IL31RA,0.017290312088690366
GPR128,0.017287827342064403
UBE2F,0.017286522847984282
LMTK2,0.01728540400688674
LOC100131434,0.017281568599131172
TRPV5,0.017278524741549384
SETD6,0.01727841752617596
TMPRSS13,0.017275413761090545
OTUD5,0.01726692218494391
ZNF487,0.017256027117200496
CCL19,0.0172556474070085
RPP14,0.017253032893719482
HARBI1,0.01725242095225663
TEKT3,0.017250159681782586
SEPT7L,0.017249590999449397
OR11H6,0.017247831704735105
TREML3,0.017246617979729102
NIT1,0.017235225743495557
MYL6,0.017233405843788754
IRAK1,0.01723318084201054
C5orf54,0.01723253712928822
LOC148824,0.017225339652463742
HLX,0.017225280163461927
C3orf31,0.017220604481404413
OSGEPL1,0.01721385314362286
TRIP4,0.017213516430333173
CXCL3,0.017211096204785795
ZNF642,0.01720948427756826
KIAA1217,0.01720935478428339
CCDC65,0.017203874724212444
POLR1E,0.01720235708774409
TGM6,0.017202320403963682
ENOPH1,0.017188785828366034
PRDM2,0.01718737214987778
URB1,0.017184730306119365
PRKACB,0.017184068073028667
MAGEB16,0.01718306586919341
DLST,0.017181169572737097
DAPK3,0.01718078326110476
HMG20B,0.01717221141135473
C2orf63,0.017169726468106886
ZCCHC14,0.017162683444937456
THAP5,0.017161451791805886
MED6,0.017159822077249913
RSPO4,0.01715792750411793
LOC729991,0.017157486630482565
MAGEB1,0.01715047432285348
LOC595101,0.01714794905153351
TCTN1,0.01714786077338575
C6orf59,0.01714614854052505
IL13RA2,0.01714066193864859
LOC100130093,0.017137504750925656
IFT52,0.017132994391661733
ORC4L,0.017130318380317453
TBX20,0.017128342700324498
RPL10,0.01712442931882146
CLDN15,0.017122542176931863
PPEF2,0.01711977409516614
CRIP3,0.017107720269806472
RABGAP1,0.017106549917898523
C17orf48,0.017104286093561617
PEX7,0.017104077080854825
GLUL,0.017102068731503113
LOC145783,0.017098613087039145
OMA1,0.01709637470038632
MYO1A,0.01709364763459738
EFEMP1,0.017090301804689366
WDR82,0.017085606791015333
C3orf64,0.017085506363587057
GPN3,0.017072447355927656
NGF,0.017063524353223173
OBP2B,0.01705984552170993
FBXW2,0.01705474172278834
MLL4,0.0170522962478714
SLC25A14,0.01705050517952712
ATP5D,0.017049634860132133
LMAN1,0.01704114025780888
ZNF585B,0.017038629880490253
PIGL,0.017032659092664867
MRPL53,0.01702976960975252
LOC728606,0.017028072157041097
RAG2,0.017027497847273778
MAST1,0.017018147642326658
PHC1,0.017017981925072756
LOC727677,0.017013558383668363
C4orf10,0.0170119521861392
RGS2,0.017003590703315734
UFSP1,0.017001408393282312
DERL2,0.017000040566557673
TEAD2,0.01699692474382766
C3orf52,0.016992894278904512
C17orf81,0.016990387688995506
ZNF700,0.016987629084855474
MRPL16,0.016980612078676915
FAM172A,0.016978415058670822
CHL1,0.016978267906087342
CCL4L2,0.01697577444156068
DNTTIP2,0.016973604346372136
PSD2,0.016966710187051783
ZNF480,0.016965327381191928
P2RX2,0.016959630572895155
PLXDC1,0.016956151764970517
OPTN,0.016955647719265228
RC3H1,0.01695531714745406
H1F0,0.016954611995423273
PRDM5,0.016954516685845772
ENTPD6,0.01695306305375047
FBXL19,0.016946131981068063
OOEP,0.016945172125289107
ZNF136,0.016942963218992132
HIBCH,0.016942829085244367
MLC1,0.016935183911208945
KIAA1012,0.016933908673144694
CIDECP,0.01693387044616978
BDKRB2,0.016933010368966758
SSNA1,0.016932486821053548
NGDN,0.016929992788053978
HTRA2,0.01692904777440879
NRG3,0.016925341485810055
PRPF6,0.016923734193213157
BMI1,0.016919538383262146
ART5,0.016917256802032626
HRNBP3,0.01691170335118677
C2orf16,0.01690928156069335
FTH1,0.016906782609917258
SNHG8,0.016902104292596025
SCFD2,0.01690011841494825
C17orf93,0.016892387364035946
DAPP1,0.016891537674858594
ARL6IP4,0.016891141786864187
GPR89B,0.0168909514523361
C2orf78,0.01688701817814826
TTC33,0.01688681644314548
FRG1,0.016882246464520266
TEX9,0.01688200346110724
MEGF11,0.016880081268900175
DGAT2L6,0.01687420198244922
CCDC88C,0.01687211062870393
SNHG11,0.016868106028458427
EIF2B3,0.016864649208755998
FAM153A,0.016845172867889526
TCL1B,0.016843159067587828
CHST8,0.016840906750526755
SKA2,0.016832610082092716
BET3L,0.01683175133278638
NLRP6,0.016828693497812748
LYRM1,0.01682303754727647
KCNIP2,0.01682039246727162
FLJ10038,0.016820236914040037
TRMT61A,0.016817277868617985
INTS5,0.016815617992212935
SLC26A2,0.016813419467436343
TBX2,0.01681013709994001
IGFBP6,0.016807799493030937
OR10J3,0.016806802896251975
MEI1,0.016803392458936313
ZNF331,0.0168018212829455
C11orf71,0.016796553160008974
BEX4,0.01679288961059191
NECAB1,0.016785726655813973
GGCT,0.016784867237417525
CCNT2,0.016780661367982973
?|390284,0.016779569586810022
C3orf14,0.016778209622328122
TRIM4,0.0167705029710553
KRTAP1-5,0.016767851893224193
RCBTB1,0.01676707979168416
SLC16A13,0.016758540599853693
RGS1,0.016758115225406576
PRELID1,0.016756171429526928
CAV3,0.01674865454936004
EIF2C1,0.016747821843721127
EFR3A,0.01673509587991625
CD27,0.016733159764612045
MAP1LC3B,0.01672746070689523
USP6,0.016723350779503824
HIST2H2AB,0.016718163749609886
ANAPC13,0.016711633279135187
PAPPA2,0.0167111448825633
HTR6,0.016706617668140706
C11orf57,0.01670625886387544
SYCP1,0.016705422948859655
RAB3GAP1,0.016696186849887697
PRR19,0.01669549585146163
ADAMTSL5,0.01669429307163262
WFIKKN2,0.016693457424132634
C6orf52,0.016689582212358493
CRCP,0.016684176605007782
ZNF143,0.01668237801143323
FAM100A,0.0166748936526223
NPAS4,0.01667164988731621
C4orf47,0.016666586230708467
DYNLRB2,0.016663850871651703
MIOS,0.016659188829904987
TERF2IP,0.016656848121122326
DET1,0.016649271976634395
UBR3,0.016647162810482355
ATXN7L2,0.016644949449381472
NCKAP5L,0.0166444754225344
LDOC1L,0.01663069450479229
TCL6,0.016630525708538953
SLC10A2,0.01663036992980723
SH3BP5L,0.01662639223604507
TRIP11,0.016624685006811715
OSM,0.016624172926056224
NAGA,0.016623086189154607
VARS2,0.01662205120613981
PHLPP2,0.016622043616147695
LOC399815,0.016619302411271072
MIIP,0.01661869551436721
PRY2,0.016616804177137973
PAX5,0.016613453099282097
FASTKD1,0.016613446865289087
RERG,0.01660926078589464
TLR5,0.016604838322564177
RIC3,0.016604748969581612
ARGLU1,0.016602709747781576
ARG1,0.016599743903217633
GPATCH3,0.016590080358746505
RPS4Y2,0.01658055172796786
GTF2B,0.016577938604169666
ELMO1,0.016577160340836825
FAM116A,0.016566652801923175
FBXO4,0.016565961654257298
BDNFOS,0.01656007608891239
SLC7A14,0.016558341996318067
SLC13A2,0.016557123561183638
C7orf69,0.016553301274268628
PKHD1,0.01655304922445228
ZNF295,0.016543951470255343
GCNT1,0.01654276847674686
SYNPO2L,0.016540461990845187
NUDT7,0.01653584366233148
ZADH2,0.016535637429044073
ZNF212,0.01653434240139512
GH2,0.016533488832508034
MRPS33,0.016527057817855233
KDM2A,0.01652365824680249
ANKRD26P1,0.01652225666607199
SLC25A34,0.016520802143471867
C22orf26,0.016515265809545106
ACTG2,0.016514378799630858
DHFR,0.016514222072088462
GPR162,0.016512110717314715
C8ORFK29,0.016509544768596073
RAB39,0.01650836136326411
CSNK1G3,0.016506306525559834
ACCN4,0.016505145481864526
C17orf80,0.01650486347081931
FOXR1,0.016500489169130782
FAM151A,0.01650038730135605
MOG,0.016497984368609466
UBA1,0.0164951001175615
GCC1,0.016492824010213847
HHATL,0.01649237501042073
GRM8,0.016490386037856585
C6orf57,0.016489950494359334
HMGCS2,0.01648798783806257
PMPCB,0.016479888952167728
C14orf149,0.01647504009302271
AMAC1L2,0.01647405706584704
FTSJD1,0.01646880958174743
FLJ37201,0.016466685396363534
C1orf58,0.016466123579287638
NSD1,0.01646546550356128
ZCWPW1,0.016465425387844165
TRAPPC3,0.01646135414527283
SELS,0.016452096364739675
KIAA0355,0.01644785286065575
LRRC34,0.016445455697870502
GOLGA9P,0.016444786030744486
ULK2,0.016444264071546536
ACTN2,0.016442933213180053
PEG10,0.01644181326884864
CYP2E1,0.0164418017645372
VAMP1,0.016441580492773958
SYCE2,0.01643900470329976
PCDH18,0.016438092105819833
SPAG9,0.01643776162723757
ACACA,0.016437506040284756
PKD2L1,0.01643378790189863
C9orf150,0.01641977862369969
UNC13A,0.01641861747947592
ATCAY,0.016415763250539273
DENND1A,0.01641527378403296
CH25H,0.016411346516212254
METTL13,0.016405153937459727
GPCPD1,0.016398286669851676
C22orf13,0.01639766137869709
ABCC12,0.016394513039821954
GPR62,0.016393832478472745
GFM2,0.016388114229532756
MAP4K3,0.016386430069979304
MIF4GD,0.016382057982657735
CACNA1G,0.016381079551642787
UNC13C,0.016378752505742725
KIAA0776,0.01637041210135551
FARS2,0.016367738837250158
TBCEL,0.016365449611115395
MIMT1,0.01635693272729216
C10orf71,0.016354139708647852
RPP30,0.01635204470804879
D2HGDH,0.016351444833152668
GAA,0.016350795046533285
ESX1,0.016349550654259817
VPS37A,0.016349132412141414
NDUFS7,0.01634533046070634
BCAN,0.0163429457490351
TRMT5,0.01634250249471593
HMGN2,0.01633628938061023
C21orf81,0.016324431605829973
TAF8,0.016318137565643275
CRELD2,0.016310512020035403
ZDHHC11,0.016309394271258798
LRRC3,0.016307644332023356
MSTN,0.01630636290976783
SPANXA2,0.016304448996395368
TTLL10,0.0162943675447356
LHFPL3,0.016293894189186073
C10orf88,0.016288500721111022
SCG2,0.01628656784893919
SDHB,0.016283595498149693
RBM41,0.01628272723923582
PABPC4L,0.01627378876473344
COL4A2,0.01626948444311938
DRD5,0.016265592154707686
ARL17A,0.01626497076960226
C1orf101,0.016264666743021492
SRGAP2,0.016264484603587207
C13orf16,0.016263933570590257
NXPH2,0.016259297268828955
USP12,0.01625819063596156
C6orf141,0.016257123741534985
ASB15,0.01624817220043027
TMEM70,0.016244695562914597
KIAA0125,0.016244075966287182
SP3,0.016232006223039393
LMX1A,0.016229829466700946
NLRP14,0.01622897282555019
PCK2,0.016220835395893744
ARL6IP1,0.016218921514604065
FIS1,0.01621411852116142
GPATCH4,0.016202226289176513
MGC21881,0.016199719607459237
ZNF570,0.016195645722740647
GTF2H4,0.016170581296025673
SFRS5,0.016168711453845207
HADH,0.016167769188437413
SRP14,0.01616520596594096
LOC147804,0.016164790376280266
MYH1,0.01616148757326236
PRSSL1,0.016152128328132877
ANKRD5,0.016145325835512026
MARCH5,0.016144862700041614
SIGLECP3,0.01614203617215892
RD3,0.01613709616541655
INE1,0.01613516323434504
BAZ1A,0.016132775682914127
ZNF616,0.01612867969143122
C6orf192,0.01611994461308715
CUL4B,0.01611944084884225
CADPS,0.01611935261037319
RPS6KL1,0.016118490200724145
OSTCL,0.016113982401613946
WDR46,0.016113811099502252
PTMA,0.016113366047049806
C9orf16,0.0161059729854697
ASAP1IT1,0.016103141177810008
NUTF2,0.016097473025852186
OXER1,0.016085852446004086
ARL11,0.016085316540683497
SMN2,0.016083581754349686
PTPLAD1,0.016075122979832022
ITM2B,0.01607346378296523
AGTR2,0.016071240962997637
OXA1L,0.016063767076212192
BAG2,0.01606340673383794
KNCN,0.016062664782741702
MBL2,0.016056233571972067
VCX3B,0.016052899630486697
APOF,0.01604963682465908
B9D1,0.016047273999667246
PPP2R5E,0.016046230032844073
ZFP92,0.016042871090294508
UBN2,0.016039976889955822
PGLYRP1,0.016038973686561275
THAP6,0.016036844728753
PLCXD2,0.016035678249924395
TTC9C,0.016032405980594553
CTAG2,0.01602879240686892
GPAM,0.016027505778258705
NEDD4L,0.01602650712829988
FTCD,0.016026154963330614
CDC23,0.01602368541662083
AQP7P3,0.016021804394554598
BAD,0.016020244298907655
PHRF1,0.016019678315555
BCL7B,0.016019248469350003
C6orf204,0.016018983110158633
ITGAD,0.016014827778988966
SPIN2B,0.016007078776416033
C14orf129,0.016004830391910377
KIAA1024,0.01600023575261278
LSM10,0.01599821355249239
THEM4,0.015998056183890472
CLEC11A,0.01599209651813675
FUNDC1,0.015988117103381428
TM6SF2,0.01598699842200357
KIAA1751,0.015981675503926023
TSEN2,0.015978698645819446
HPCA,0.015976814831788443
C7orf40,0.01597463881618672
HIST1H2BL,0.015973280981095055
NLRP8,0.015972106322261505
CYP26B1,0.015970685370461063
NXF3,0.01596926255811366
ODF3L2,0.01596613045529428
WIBG,0.01596452802990752
SMEK2,0.01595537817796826
GAB4,0.015954296601893816
GAGE12D,0.015945282714977044
FAM63B,0.015942340303970456
ZNF805,0.01593560291202949
HNRNPF,0.015932900243943473
BSN,0.01593113608465785
SYT3,0.015930779958348466
ZNF334,0.015929219493893275
IL17B,0.01592814004242431
ZP2,0.01592676571042765
UPB1,0.015926418193221704
HAUS3,0.01592325020045552
MAGEH1,0.015914225925632002
BLK,0.015909200689695157
CYP4A11,0.01589788660766232
AARS2,0.015896170009341622
ZCCHC17,0.015895714029618854
LHX9,0.015895305264910262
GADD45GIP1,0.01589525004654164
SAA3P,0.015894590529982384
OR2W3,0.01589374733824502
OR52K2,0.01589289323787656
MEF2B,0.01589159906549549
OR3A2,0.015887434453064744
NMRAL1,0.015880220212339532
DPY19L2P4,0.015878174728252894
PACRGL,0.01587411880972038
HCG2P7,0.015873951291032005
GPS2,0.015871402224951366
AXIN1,0.015867663478187122
FAM18B,0.015866139656012246
ZNF716,0.01586361876601476
AMELY,0.015847094387398175
PKNOX2,0.01583836236208284
BRSK1,0.01583373663987159
ASB1,0.015833734036327228
ZNF688,0.01583276570307549
TAS2R60,0.01582791228920684
TBCA,0.01582721168864913
ASMTL,0.015824451568607154
SYT4,0.015823107919093443
MGA,0.01581228926670432
FAM160A2,0.015806398510323547
VAMP7,0.015806090087838176
C14orf135,0.015801798040516766
C16orf7,0.01579872226907099
STK25,0.01579850132184815
PNMA1,0.015794010188656827
MRPL1,0.015789418810681695
ASCL1,0.015784141977234514
ARFGAP2,0.015779423049250382
ODZ1,0.015774117495052926
C19orf56,0.015770130881272836
SLC12A5,0.015768231567109794
MOBP,0.015763963707417294
PLD2,0.015758880407868114
XKR3,0.015755796988441685
SERF2,0.015752984482565756
C2orf18,0.015748276868811265
GPS1,0.015741721733116974
RNF138P1,0.015740733850852055
ABHD5,0.015737103622862052
SERINC3,0.01573541151395291
ZNF8,0.015734985003477725
VPS37C,0.015733357510988526
CHRM5,0.015733112644417912
TMCO6,0.015729680359164576
CNGA1,0.01572718337722054
OTP,0.01572442924995336
UBC,0.01572414951233808
LAPTM4A,0.015721552483529484
TMEM5,0.015721128522502452
ZNF689,0.01571823974343318
FAM171A2,0.01571453837473002
RAD51L1,0.01570797535286895
FAM58B,0.015703368351790287
BOLL,0.015701397085983053
MYH7,0.01570101291538031
UGT2B10,0.01569515306025554
ZNF492,0.015691471182251386
PLSCR2,0.01569129354928214
SYCP2L,0.015690150813079045
FLJ36000,0.015690078892612157
BIRC6,0.01568790897565181
TMEM67,0.015682796201552617
MYH2,0.015680055751308465
HCP5,0.015677945058892487
ZNF548,0.015675108711511808
PPP1R15A,0.01566944769016241
FAM22G,0.015666776284649755
NPY,0.015664662687302287
TRIM63,0.0156597406999773
CCDC45,0.015658249625312617
CRYBA4,0.015656701053363684
CXCR5,0.01565157994462127
TMEM91,0.015647970385334525
CHSY3,0.015629220476443904
HNRNPH2,0.015622778194328061
PLA2G4D,0.015622480341221013
MRPS18A,0.015619061055720904
PPID,0.015618279187425841
HIST1H4B,0.015615137993223211
C14orf4,0.015614875141077223
GPATCH1,0.015614329283978521
DEAF1,0.015608602050989125
ZFYVE21,0.01560684795276903
SLC25A46,0.015605869538596027
LHB,0.015602800263941908
EPB41L3,0.015601765423606256
C2orf60,0.015598432067801858
MORN1,0.015594437180066081
DKKL1,0.015592977460655227
C11orf68,0.01558954583303526
C2orf7,0.015588996753487105
KIAA0564,0.015588587336682457
RPL10L,0.015587516998279457
PSMA3,0.015587210294987863
C4orf39,0.015586614842517214
CNR1,0.015585043403454495
IDI1,0.015584684630513929
ZNF594,0.015581257707887293
EIF2AK4,0.015580945705142794
OSBPL1A,0.01557484901055573
RPE65,0.015567108054169656
ALK,0.015561623697826587
SLC32A1,0.015560172323104282
ARAP3,0.015555142540473235
C17orf49,0.01555326421222478
SCNM1,0.0155517114444046
RELL1,0.015542260680067945
TMEM146,0.015536216555764131
ZNRF2,0.015532794533707423
RAD54L2,0.015527973128280947
INTS12,0.01552487689968583
STAG3L1,0.015523841777120545
TPH2,0.015523071596882914
KRAS,0.015521480141828727
GBE1,0.015521355267752874
SUN3,0.015521230931109645
IL13,0.015516991353778974
AMPD2,0.01551257413625802
ZFC3H1,0.01551098067864609
ATAD3B,0.015507779867635942
MMD2,0.015506638398078696
ZNF772,0.015506043873413753
CLOCK,0.015499481521332719
DCPS,0.015496299935599794
CCDC85B,0.015494650107232371
MYH11,0.01549402592035242
PEX14,0.015493249148629153
GIGYF1,0.015492334316721677
OTOS,0.015489299397732687
FN3KRP,0.015479999517889826
POLB,0.015477573913559979
FNBP4,0.015475833758406384
LRRC37A3,0.015471114676647756
CARS,0.01546999105494214
DGAT2,0.015457362260543582
SAC3D1,0.015454020011140088
BAI1,0.015450658500989605
DDX17,0.015446624963713152
ZNF784,0.015443260176021422
NCRNA00105,0.015438706945120681
C12orf52,0.015437594403964836
C14orf93,0.015436040258321578
C6orf130,0.01543275638734032
BAT2,0.015430765389221515
SORBS3,0.015428893250301274
NCOA4,0.015428105027308434
PVRL3,0.01542788488755802
RAB40AL,0.015427372474016649
RABGAP1L,0.01542371873738676
PHACTR1,0.01541848418457981
LCAT,0.015417798580884873
SDF4,0.015417356115268526
NLRP5,0.015417029178990908
JHDM1D,0.01541165337943787
C14orf21,0.015406272072666417
TEX11,0.015403162596316683
SND1,0.015395634151720308
TDRD12,0.015388633947958712
KLF11,0.015380169061348524
PDE6B,0.015376353986605617
HMGB3L1,0.015376126527668685
ESPNP,0.0153747343807186
DBN1,0.01537403580427578
THBS4,0.015373620332891436
GSTCD,0.015363041386386481
B3GALT1,0.015361917537369959
SHB,0.015358794964041444
CDKN2AIP,0.015357123954784514
RPS15A,0.015355029276043467
OR51B2,0.015354387831081819
RAB36,0.015350778719589746
LOC150786,0.015347222466873176
RECQL5,0.015347038524070575
LOC96610,0.015343876569916228
YJEFN3,0.015342867478637359
AP1S1,0.015325460400991727
ZNF713,0.01532301970037431
TMEM186,0.015319261070208083
ANGPTL6,0.015307024972815756
RAB24,0.015306228223480366
SNAPC3,0.01530341524213525
EIF4G2,0.015294319149458791
SETD1A,0.015293514975755419
PSMB6,0.015287332249930145
?|8225,0.015285545019464433
ZNF236,0.015275870506783798
LOC222699,0.01527561070139363
NUP88,0.015270508239357574
NACAD,0.015270175419385915
ZNF501,0.015264698481423925
C17orf44,0.015260693184199581
SLN,0.015259434867830527
KIF17,0.015255408567570765
NPY6R,0.015252407307359812
PFAS,0.015249136924400655
PNPLA6,0.015247974008073437
TERC,0.015244238026631874
HSBP1,0.01524192115692648
PARP6,0.015240458364272352
C2orf34,0.015239714615107423
CNIH3,0.015239594219558804
POTEG,0.015239295216103595
TXNDC6,0.015227369772838926
MYH10,0.015223644958313935
SPTLC2,0.01522328139081849
GPRIN1,0.015223124734631662
GUCY2GP,0.015216500549440837
THAP4,0.015216410037940274
C19orf12,0.015215149617661222
ZNF30,0.015213749154212005
RPS10,0.01520853237263201
TMEM147,0.015207924524856926
RBM11,0.015202313619400616
FAM73B,0.015201805747904319
ZNF215,0.015199418320538489
ZNF600,0.015190573220119574
PKDCC,0.0151905390883008
G3BP2,0.015190470165487257
YTHDC2,0.015187302242616552
TARS2,0.015186651964372825
ZNF12,0.01518515705461356
ZNF446,0.015184541671940683
PEX6,0.015181118331601606
TSPAN6,0.015179860873822325
FOSB,0.015175529353146049
KCNJ9,0.015172257459445197
FKBP8,0.015170460895151063
KRTAP3-1,0.015167870753524295
EIF2C4,0.015167717237893473
CNIH,0.015165690192993297
STRN3,0.015164275232374177
DCAF11,0.01516409839390112
PQLC1,0.015158515973315278
SLIT1,0.015157744729664205
PSMA6,0.015156347040423445
ZBTB8OS,0.01515311969487366
ATP6AP2,0.01515296181039851
CALML6,0.015148649276384795
HMGXB3,0.015142308250657944
ITPK1,0.01513980969380405
DEC1,0.01513941833221438
C6orf165,0.015138611187504784
PSKH1,0.015137593854809053
ATP10B,0.01513381128627031
TAF1C,0.015129237958418303
LOC100128239,0.01512869624309064
RTKN2,0.01512651015406013
MCF2,0.015123576229042687
FTSJ3,0.015120807341398607
EGR2,0.015120253101172024
SLC6A6,0.0151191341095675
S1PR3,0.015118001358349268
NDUFV1,0.015117285165875106
COL24A1,0.015117101071458767
GNPAT,0.015116368139388076
VPS35,0.015112140248905474
SLMO1,0.015108723520933596
TREML4,0.015108668916335905
EPRS,0.01510778710829803
SFRP4,0.015106240921628834
YLPM1,0.015103202799881272
MAPKAPK2,0.015101057921726087
IFNK,0.015099395329598824
FHL1,0.015097384734158871
C2CD3,0.01509609631826591
CDK11B,0.01509403613816736
LSM11,0.015092442384750835
BAT1,0.015089474811314318
TCEAL2,0.015087742471184423
CELA2A,0.015083610377462807
NXT2,0.01507840862963984
COPB1,0.015074487509693165
GPR52,0.015073109875285505
IQCC,0.015061379804728884
HHLA3,0.015058615425948465
FXYD7,0.01505841355775304
ACP5,0.015054797832619949
FUZ,0.0150531137017366
IFT80,0.015052620559314465
RBM15B,0.0150506562482868
PRPS1L1,0.01504472663873338
FLRT1,0.015038122788293331
C9orf57,0.015035712737184645
MAGEA8,0.01503495889238422
ZBTB43,0.015033528386871763
FAM175B,0.015031346302412405
EXOC1,0.015031197496310397
OR1D4,0.015029404249590778
SLC38A3,0.01502590401385372
C16orf53,0.015022582240558484
CYP2F1,0.015021028109399061
LRRC19,0.015015358284697472
P4HA2,0.015013272927556928
PCDHB1,0.015012725871488256
UGCG,0.01501214602391827
MRPS10,0.015010556645265068
PDE6H,0.015007370591209695
MED4,0.015007069171833634
SNORA2A,0.015005489679022264
GAGE2D,0.015005199382570078
FAM86B1,0.015004834301397995
TSHZ1,0.015003610782339095
CYP2C8,0.014996470280111567
RRN3,0.014981637542615805
RPS14,0.014980212494112043
CD164,0.014974934760210603
ZNF767,0.014974245142749205
ANKRD40,0.01497223584378362
PNN,0.014968737221530689
BTNL2,0.014967738470434507
SEPT9,0.014967226150529821
RPL32,0.014960641219813277
PCDHA4,0.014958402370288696
DDX51,0.01495643160606432
IGJ,0.014952182125996086
FABP6,0.01494591259720547
KIR3DP1,0.014944529584877058
HBB,0.014938883530512675
POMZP3,0.014935986054591822
TLK1,0.014931313815542519
CCDC126,0.0149294015516778
ITFG3,0.014925676618164053
C17orf61,0.014924710154169147
DYRK1A,0.01492459358592014
PRDM10,0.014919831463790868
DCLK3,0.014912088711838264
TKTL1,0.014910243858133951
BCL3,0.014909716678215527
OR5E1P,0.014908096399854093
APOBEC3H,0.014907449786413375
AIG1,0.014903485582415586
PDE8A,0.01490061645323307
WASH2P,0.014899943810441027
NDUFB6,0.014899552605319551
PRSS42,0.014894941447958896
ARFRP1,0.014892445479242036
ZNF565,0.014892325121727812
KRTAP1-1,0.014889500589915458
MAT2A,0.014887427509721492
ENGASE,0.014887338408897399
C9orf79,0.014884065122795572
CCDC158,0.014874229298015901
THOC7,0.014873573694985655
CDK11A,0.014872990544409144
MED14,0.014863916833577972
PLA2G2A,0.014858774075399797
GLTSCR1,0.014853705457615987
NLRP9,0.014853476482461872
PABPN1L,0.014853167648678818
KIAA0317,0.014848396214492245
SNORD15A,0.014845151767394081
AKAP14,0.014843846220825432
LOC340074,0.014841848766504842
SELM,0.014840343304752803
FSIP1,0.014840304008282167
NCRNA00028,0.014835954654455832
LOC642852,0.01483388852253006
DNAJB2,0.014833190951740998
?|391343,0.014833163231251296
CABP7,0.01483009579288129
KHDRBS1,0.014829758496341739
OPN1MW,0.014825732388442625
PQBP1,0.014822786654811522
LOC644669,0.014820720995271854
KIDINS220,0.014818582340249003
NUP98,0.014816804288359249
IGF2,0.014805331415218947
GNPTAB,0.014799668948929538
UBE2Q2P1,0.014795729499337856
B3GNT9,0.01479236150804439
APC,0.014787375313295138
GAPDHS,0.014783483909663338
OR3A1,0.014780611408679716
MAP7D2,0.014777431172927295
RPA3,0.014776058433469524
TRPT1,0.014775755547117525
BRAP,0.014775029497136431
HPSE2,0.014773757605547834
TNKS2,0.014771678082165113
HMP19,0.014770899175643512
HINFP,0.014767826974123759
ANKRD36B,0.01476726632081344
SMPX,0.014765821642087156
CCDC140,0.014759312588803537
MAP3K1,0.014758919547878148
NOMO3,0.014756083362205817
ZCCHC5,0.014750408628135465
ALDH1B1,0.014740848974312189
ABCA17P,0.014739066429524852
LOC148709,0.01473653352065777
LOC285735,0.014733748797528638
C11orf95,0.014731773444774124
NXNL2,0.014727096649447722
ABCA11P,0.014726316437541994
RNF24,0.014723193558866102
METT11D1,0.014722538917750657
NCRNA00200,0.014721016500424858
SLC38A8,0.01471639534209991
CTNNA2,0.014715187267421959
C6orf108,0.014707446555359906
PROCR,0.014704585744241523
EIF3E,0.014703907196853874
PCDHB8,0.014701407375332745
HSD17B7P2,0.01470035921970782
RPL13A,0.014695636251613848
LOC641367,0.01468738055033536
DAZAP2,0.014685077618545157
CHCHD5,0.014684156011888641
PAN3,0.014673572447398208
OXR1,0.014669201863548543
TMEM143,0.01466893070584157
SUGT1,0.01466723753872484
LOC283867,0.014661748043443591
C14orf39,0.014652412246588278
MGAT1,0.014646906548107377
DOK6,0.01464432953366146
C13orf35,0.014641676033692937
MGC29506,0.01463815814552542
TM2D1,0.014631063336163307
FLJ45079,0.014628739455363055
POTEH,0.014628060259406635
ZDHHC1,0.014624797849057717
GPR113,0.014620740258019991
APOC2,0.014620479357651222
CAMTA1,0.014618183923318357
SNORA64,0.014608162464587123
SCGBL,0.014606895824768193
CDK17,0.014601417436705795
C1QTNF4,0.014600544989594282
EXD2,0.014590203580872818
TMEM190,0.014589462540881412
ZNF397,0.014588276219518945
AIMP2,0.014584628069925812
LOC100130557,0.01457935072890327
ZNF432,0.014568995717703473
NIPSNAP3B,0.014568701549917813
GPR85,0.014558190961677223
ZNF37A,0.014554548859745269
FAM92B,0.014552648673296566
ANAPC2,0.014537472839240671
FAM199X,0.014537192191142363
UBXN8,0.014533544344896503
C17orf97,0.014530635664102997
NFYA,0.014529359149742195
SMAP1,0.01451306660438783
NBPF15,0.014512122781221971
ZNF439,0.01450446673219862
ABHD2,0.014498343842105431
NAT15,0.014496980980316595
HNRNPU,0.014475459017420722
TAS2R10,0.014470683240683424
BMPR1B,0.014466084120399231
LRDD,0.014458799006441593
PDCD2L,0.014457756467770574
ATF7IP2,0.014457567581010182
ARMC2,0.014455569664093245
ZFR2,0.014454857579051064
RBBP5,0.014450074748039379
GP2,0.014446596470723286
CYP2A13,0.014444079330577207
UBE2J2,0.014442612968208703
RRH,0.01443670521990609
PRR3,0.014433155493162602
CEP170L,0.014432300425417271
PNPLA5,0.014426169758419564
TSSK3,0.014423626583923498
?|155060,0.014420640295722766
CARKD,0.01441834774626509
TCN2,0.014418066907189584
ATXN7L3B,0.014411219285865882
CEPT1,0.014400988910939279
HLCS,0.014399726896062634
KCNV1,0.014396571377281042
COL19A1,0.014394980854576725
GUCY1A2,0.014381941289099738
BAGE2,0.014379471098186295
CTAGE6,0.014367766119897585
NDUFAF1,0.014362972636677612
GOLGA8E,0.014352947625362966
LIMS2,0.014349325358753665
RALA,0.014342485297042093
ZNF563,0.014340217884561017
MDH1B,0.014335526411401208
OASL,0.014333718885247664
PHF15,0.01432834747309804
ANKRD13D,0.014327539001821623
TBK1,0.014321932527815752
PDE6D,0.014317478381398338
SNRNP25,0.014316775225140712
NUAK2,0.014315126634488135
WDR45,0.01431017844507915
DAG1,0.0143096312786859
KCTD10,0.014302559597492295
MTRF1,0.014301222512126005
ANKRD34A,0.014301071156524256
GPN2,0.014298350063261732
OGFOD2,0.014297498341228048
PSMA5,0.01429725562593351
OTOP1,0.01429628269957569
CHST6,0.01429393471357366
UTS2R,0.014293610642930544
TECPR2,0.014288695076571835
TRIM44,0.014288674734308221
RPL23,0.014285606947689518
CHD7,0.01428248785803333
GAGE12J,0.014280996078289107
C19orf25,0.014280580143838957
C12orf45,0.01426990017234752
MAPK8IP1,0.014267461516013033
POM121L1P,0.01426680379557012
PCDHGA5,0.014262935541062553
MC3R,0.014253041818232016
NDUFA13,0.014252635320532486
C7orf53,0.014250598313114423
DNAJC8,0.014243758848890823
MATK,0.014238568673044523
PLEKHA4,0.014237855397074374
CCDC72,0.014235314459301485
PAGE3,0.014230642616602738
UBXN6,0.014229096684575039
SLC4A7,0.014227046012302727
ARG2,0.014222450908983079
TMEM200B,0.014216155409827392
RFT1,0.01421351161744894
TRIOBP,0.014211031497710696
C7orf44,0.014203565911309652
STOML1,0.014201560483804183
CDK5,0.0141993600062134
KRTAP4-9,0.014195170397430585
TSEN54,0.014192239585951763
LOC100129726,0.014191619946009402
LOC285593,0.014185508027804751
SIGLEC12,0.014184156657453923
STAG3L3,0.01417943987754185
DCAF10,0.01417825896718185
C10orf50,0.014177572918958568
HELZ,0.014175472488548396
CCDC106,0.014175308427131893
MRPL20,0.014172488837168387
PCMTD2,0.014172156058629624
SERTAD1,0.014170521476069864
WASF3,0.014169903292764173
CCDC97,0.014167722560724443
NFX1,0.014166770432160043
RBM7,0.014166023900315088
FBXO40,0.014163311940638516
TNFRSF17,0.014160659509768731
PPP4C,0.014157895874689878
HEATR6,0.01415736490677179
PKN2,0.014148764523581004
COL11A1,0.014138530963022452
PBOV1,0.014134981714048145
BRD3,0.014129937995296623
ESR2,0.01412975525785266
MYL6B,0.014125114384774443
HIPK3,0.014119166928567548
OCRL,0.014117834428949464
ACAN,0.014117354542084936
HOXD3,0.014107854047022987
ASB11,0.014104650271116282
EIF2B1,0.01410317798636306
NHEDC1,0.014098657440344334
ASTL,0.014098330445087464
RFX2,0.01409641450245184
COX19,0.014094325272466087
C12orf71,0.014093733154698855
LPAR4,0.01409077034889198
RPL8,0.014089458887192945
CASKIN2,0.014083702242446856
C15orf28,0.014073983145194995
LOC402377,0.01407253213921973
MGC16025,0.014071827644529725
BAZ1B,0.014066944296673859
DYRK1B,0.014062657046418216
KALRN,0.014062035574543275
KDM4C,0.014060724961615957
MTM1,0.01406066159892186
HBG1,0.014060432417629574
LY6G6F,0.014056249986934099
TTC30A,0.014051540351591427
RPUSD1,0.01405016305235567
TUBB4Q,0.01404440223101539
UNC93A,0.014038687819479626
HSPB11,0.014038554512241489
GALNT13,0.014038222503017476
GON4L,0.01403673822561963
UBL4A,0.014029920851832228
MYO1H,0.014028532447749216
TUSC1,0.014025000542616345
REXO2,0.014020086100597006
TAS2R20,0.01401816413078835
TAZ,0.014016122392746985
PACRG,0.01401073855940858
RALY,0.014008697374909578
LOC284749,0.01400243583976127
ANKRD49,0.014000664653679282
RABGGTA,0.01399951461275105
RNF114,0.013999462074650018
HIGD1A,0.013993186881129705
RGS11,0.013991843723110062
ARSG,0.013990476170338544
MAS1,0.013989268927582814
ANKRD20A4,0.01398028722747012
IL23R,0.013979936959023383
TKTL2,0.013977409353887419
WBP4,0.013972585802120347
CAPSL,0.013967241354610487
PNPO,0.013965923013252566
ROPN1,0.013963304223051672
PKD2,0.013960773226981093
C16orf87,0.013955044572686861
RAB7L1,0.013949021154503135
ASPHD2,0.013946262498159138
OR4N3P,0.013944330173564268
FNIP1,0.013942475868229484
SAP30BP,0.013940622559015842
RBM24,0.013938856448642097
SCRG1,0.013936838978083878
DDX3X,0.013934380274062621
EIF4E1B,0.01392961119957455
NDUFB11,0.013927429730009063
PIGT,0.013925429189290173
KLHL8,0.013925368708172957
ZNF517,0.01392181366878641
UMOD,0.013920324711062172
RUSC2,0.013917184983024352
FAM3A,0.013913698349230423
THOC1,0.013910249574951792
YTHDC1,0.013900883544660292
KCNE3,0.013899927819076292
ZNF2,0.013898518718017772
RNF216L,0.01389622272693706
RGMB,0.013893947553290199
C10orf111,0.013892689192088473
POLI,0.013888681766159258
C8orf45,0.013887237819219774
FAM27C,0.013885473224527585
LOC284441,0.013884871804290329
EIF1B,0.01388196764222782
PIBF1,0.013879305534872169
ZC3HC1,0.01387599312260806
SIRT7,0.013867172280917595
CPVL,0.013867086772879235
HBP1,0.013860736460264486
CCDC111,0.013855634471624141
EPHB4,0.013851586423404293
RNF150,0.013849557077596672
C6orf147,0.013848274159087844
ACTR2,0.013845991625572361
RAB9B,0.013845816177425233
PKD1L3,0.013838503253405706
DDX20,0.013829558983747594
SPANXN3,0.013828854426313883
ARMCX2,0.01382673251579603
NOX4,0.01382473964682741
RG9MTD3,0.01382455564888613
CA10,0.013824552548103605
CHPF,0.013822384695921614
NCSTN,0.01382028276581191
OSBP,0.013820120659992217
GNG3,0.013818157419750603
TOR2A,0.013817309747468292
ATAD1,0.013809851610969062
RAB5B,0.013809022806318615
LOC100289341,0.013805377968594858
TFF2,0.013801612247999097
DNHD1,0.0138000979748478
STAM,0.01379905573097669
C11orf30,0.01379666339276417
C14orf43,0.013796202098908396
CYP11B1,0.013796187067310658
DKFZP434K028,0.013793014649975005
ITFG1,0.013790023184438291
FAM108A1,0.013787837259924695
ZNF260,0.01378776483699404
SVOPL,0.013785596261854275
HCG22,0.01378289710592041
RGS9BP,0.013782894475029311
KRT76,0.013780033986608337
LOC91450,0.013778242570317078
ISPD,0.01377732416286308
SLC31A1,0.01376850377847832
MASP1,0.013767789907149728
PLEKHB2,0.013765127408734297
APBB3,0.013763432438397897
ZNF660,0.013762762082817844
NPFF,0.013752691011464025
ELANE,0.013750711063273037
NUCKS1,0.013741812005438604
PTGS2,0.01374036047403583
RSPH10B2,0.013739778537406037
GANC,0.013735407447135858
CYP46A1,0.013733436161281034
C19orf20,0.013731945439794812
CELF6,0.013731299933746997
MRPL10,0.013728925527147285
SEMA4C,0.013722090708649817
TMEM37,0.013720542510780096
PDHA2,0.013718561044917768
OLIG3,0.013716846546097582
ARMC5,0.013713230835803445
FABP12,0.013711557574185712
AMZ2P1,0.013707431531940664
RGAG4,0.013703082198017937
TRAPPC5,0.013693963799056763
OGFOD1,0.013688548512983097
TNF,0.013687239426278227
TBC1D15,0.013685194617880921
TMEM209,0.0136627149698599
ERCC8,0.013661255634534188
SFXN5,0.013656992379743962
DIP2A,0.0136518668752916
C2orf39,0.013649729192855925
PROSC,0.013648598818909731
ZNF559,0.013647190286374766
MRPL49,0.013644931115998682
C13orf38,0.01363640419910507
NAPA,0.01363301877650226
PAGE5,0.0136241476440878
MSH3,0.013621532972909568
AP3M1,0.013618369690933625
GABRB3,0.013613222039139668
ADPRHL2,0.013612175859614752
LRRC37A4,0.013607847746337937
NCRNA00188,0.013607786741036893
KERA,0.013603642899708585
MGAT2,0.013600083149207387
PSD,0.01359713930696738
MTF2,0.013594605391329997
PHOX2B,0.013591735592640118
LOC283856,0.013591264607196575
MAGT1,0.013588094477141184
ANKRD50,0.013585649196068056
PTPDC1,0.013580972434812419
HBM,0.013572973667788115
RELA,0.013571448743800837
ZNF280D,0.013568184873264954
FLJ10661,0.013564526932330144
PDE8B,0.013560206133644843
ADHFE1,0.013558486531534882
SCRIB,0.01355807711767045
C7orf27,0.013557745629026324
ZHX3,0.013555099829629548
SRR,0.013554883210447547
ZDHHC18,0.013552537664080006
LOC400891,0.01354512052473224
AS3MT,0.013544761394945086
MAP2K7,0.013537629858271021
ZNF223,0.013530619184573607
UEVLD,0.013528622118027465
PLCD1,0.013528320497420612
TBCC,0.01352827033104634
LOC282997,0.013526427621245996
UBE3B,0.013522915973911705
KCNK16,0.013516078117277204
MED19,0.013512585956929684
TSKS,0.013511212284208561
C7orf34,0.013509001487069754
CCDC144C,0.013497505613895025
FGFR1OP,0.01349701144106008
RPS3,0.013496377547319582
MRPL43,0.013496135649613664
NFKBIA,0.01349508319367429
OAZ2,0.013490725844706092
INPP5K,0.013489260088551763
C5orf35,0.0134812745151447
CP110,0.013480346824493046
C14orf181,0.013471438509556751
LGI4,0.01347138276264309
INO80B,0.013466384357871782
PPY,0.013463769791271422
RSPH3,0.013462927013246593
DOHH,0.013457546853739968
CC2D2A,0.013455468863669422
C8orf80,0.013455084364763946
CASQ1,0.013454249936852555
KCNV2,0.013453617286516732
TPR,0.013452500757133437
LOC541471,0.013451281534422016
PHKG1,0.013449359496507924
TTLL8,0.013447701881801402
XYLT1,0.01344296748700175
C22orf25,0.013442203159042971
C10orf131,0.013441728863592788
LOC143188,0.013428762039326022
LYG2,0.013420714532794028
DNASE2B,0.01341764617568369
CCDC147,0.013415285404944258
KCNE1,0.01341479969867903
SSX1,0.013411118987947696
LOC145474,0.013407945370671415
MLYCD,0.0134059040141198
DAP3,0.013396585434782449
MYL1,0.013389657837841861
MSH4,0.013388465230013911
MACROD2,0.013388063165719366
RBM12,0.013383731172377353
POMP,0.013383269235117254
PQLC2,0.013367180001738999
NINJ1,0.01336699105051469
DPH5,0.013366070594217124
LSM3,0.013362638730338317
BAG1,0.013362342287502682
AKAP4,0.013360779737367622
NR1I3,0.013354135544940311
HUWE1,0.013351123098250914
SNORD116-4,0.013348810600565308
LRRN4CL,0.013345231387680581
NAF1,0.013344182411663606
NRSN2,0.013341042927903148
AES,0.013336503252615928
MOBKL2A,0.013334785151516327
IRX1,0.013325311013350874
BAHD1,0.013323579470073885
MIS12,0.013319857468758224
CCDC74A,0.013319703012437517
STRA13,0.01331772671043825
GTF3C1,0.013314027079770726
LOC84931,0.013307479972573066
ST3GAL1,0.013305158889701303
APOD,0.013305105675486
TSSK4,0.013304193275599103
LOC100272228,0.01330091359519064
THEMIS,0.013299881687501658
HNRNPD,0.013296592180781408
PPM1N,0.013295267504158395
UPF2,0.013287184657894309
TCP10L,0.013286462083247278
TMED3,0.013281537736258018
SNX1,0.013279529815717693
MMP23A,0.013278719341192251
SMEK1,0.013276928557485187
C10orf137,0.013276200345465823
ZFP30,0.013271052764058018
?|340602,0.013270791845066894
IL6,0.013260263158385414
IGSF5,0.01325857190315318
LIME1,0.013257470855884317
ZNF323,0.013252629090420236
CNTNAP1,0.013239080096831923
PEX10,0.013234816172911812
C1orf63,0.013234515716164224
IRGC,0.013233986562255221
FLJ45340,0.01323013041529044
C11orf20,0.013227427446317674
SUMO4,0.013223553201871465
DPY19L2,0.013217781625534109
EIF4E,0.013213335396461676
KIAA1712,0.013212029222627205
COPG2,0.01320926174618107
NCRNA00085,0.013205831066166284
NPHP4,0.01320354458858656
FLJ13197,0.01320195948778495
GRXCR2,0.013201533103604085
KIAA2026,0.013199573504677473
ANXA7,0.013192742275627197
SLIT2,0.013192242908526301
LOC100133050,0.013186632156147009
NUPR1,0.013182616135611863
TXNDC9,0.013175911827786744
AIMP1,0.01317541601791934
AQP8,0.013174530578973113
GNB2,0.013170902639824806
TSPY2,0.013168462260719263
SDAD1,0.01316819323529791
FAM166A,0.013166687009196036
HADHA,0.013157296683985107
ACADVL,0.01315041233686216
STMN3,0.013142610974636605
MAF1,0.013139812677806997
ZFP90,0.013139009179799412
EIF3G,0.013138187713224149
HCG9,0.013134493464708111
FLYWCH2,0.013119749522182325
PDZD11,0.013116677023938386
MED18,0.01311510203101249
RAC1,0.013111364592574618
FAM86C,0.013108467837558707
AVPR1A,0.013107438362966012
COX10,0.013105479662317744
HAO2,0.013102343518127836
CEACAM20,0.013094565680647484
C1orf84,0.013089958728786908
FLJ10213,0.013086476407628384
FAM125A,0.013082781792883615
ZNF264,0.013082205778926352
PCA3,0.013080912711527939
GOLGA8DP,0.013079054417588316
LCNL1,0.013076366737636912
SLC39A10,0.013073316935781374
PCF11,0.013072393197536352
C14orf68,0.013072096373275246
CPSF4L,0.013065721909344508
SLC6A7,0.01306318008284218
NCRNA00202,0.013058091921022268
NDST1,0.013056381841336114
CCDC61,0.013054571813739873
C6orf58,0.013054506607020008
ATP6V0E1,0.013052212484587704
TAF10,0.01304737470798173
C7orf30,0.01304640710929735
RORB,0.01304449373943324
IZUMO1,0.013043866556841146
RPS26P11,0.013043386119040636
PIWIL1,0.013042486646087705
DUSP15,0.013042093782703528
HERPUD2,0.013041822783266474
ANO4,0.013040121583459146
FLJ39609,0.013036079401040516
SMAD5,0.013033822394196325
PPP1R10,0.013031117291594858
C11orf1,0.013029385505634558
PRSS35,0.013024492361840879
PGRMC1,0.013023423504780968
NEK1,0.013016648994251175
HSF2BP,0.01301661398420872
VPS13B,0.01301530882101024
NDUFA10,0.013013793756171616
CDC42BPB,0.013013722678240367
FBXL6,0.01300822425298651
IAPP,0.013005614307940958
MRPS18C,0.013003842294323349
CNGA2,0.012998837000569408
CXorf40A,0.01299822406832802
LOC157381,0.012996993641961772
CCDC11,0.012993364300132579
CA14,0.012990937627438349
PTRH2,0.012990652402613977
SEC11A,0.012986548347633698
LOC550643,0.012981298321854014
SC65,0.012975082097138099
ZNF160,0.012968877961706357
APEX1,0.012964924741294773
LRRC37A2,0.01296404899579086
IFNA8,0.012963609084841114
?|391714,0.012952146005971953
NBPF1,0.01294904019613058
TFR2,0.012943958800497238
C9orf23,0.012942350396019897
RAB3GAP2,0.012942084331980385
MOCOS,0.012937135282073664
HIST1H2BA,0.012935436015215502
ANKRD36BP1,0.012931992445434378
ZNF668,0.012931036505217906
LIPT1,0.012929443211048027
SFRS15,0.012922055680771217
HCFC1R1,0.012921903951384634
USP47,0.012920950935791766
SLC22A9,0.012920614825872265
ZNF572,0.012917875967129058
ACOT9,0.012910549171065168
TMEM208,0.012909771821391108
SCN11A,0.012909065778854643
CREB1,0.012907894293426554
HCG4,0.012906523104061138
TXLNA,0.01290510680323328
GNG8,0.012904651406790467
PCP2,0.012901134278673568
HNRNPAB,0.012901017662834427
SEZ6L,0.012899810608544046
C2CD4A,0.01289663912798259
NDUFS1,0.012893042212131774
TUBB4,0.012882937473918476
PWP2,0.012878659488054191
PCDH8,0.012874695869371202
TRIM17,0.012873333154842992
PEX12,0.01287082525901748
ZNF577,0.012870348317951799
MS4A1,0.012869636043503475
GPR44,0.01286352350849336
CT45A3,0.012862346454259498
TRIM66,0.012849139409781205
LOC100129637,0.012842987050234405
SPATA2,0.012839571983555093
OMD,0.01283828917236629
KIAA1539,0.012833269502594046
GORAB,0.012831890792202566
OR5H6,0.012831020660450086
LOC151162,0.012830283169840575
DLGAP4,0.012810528382257318
CYB5RL,0.01280862972783858
COMMD6,0.012805814645093389
SETD5,0.012803729801320038
LOC654433,0.01279935035174702
ALS2CR11,0.012796203667717686
LOC283050,0.012794633766970612
RRN3P1,0.01278515820027544
CCL28,0.01278515538061933
HTRA4,0.012784754441612624
LOC440461,0.012784693903071518
KDM6A,0.012782492659237622
PRPF40A,0.012780250089604504
AVIL,0.012777772294435772
NACC2,0.01277674139141376
NMU,0.012776190189393357
CPXCR1,0.012768293992874337
COX17,0.012759870927941577
C11orf2,0.012755069820855466
CD24,0.012749997324267442
ZBTB3,0.012741607999771334
OR2A4,0.01273616602577621
CRHBP,0.012735947759305494
C3orf51,0.012732652004580724
SLC27A4,0.012731910893714985
BTRC,0.012726878946762263
USP6NL,0.012726421779343383
FAM180A,0.012725044098347474
HELQ,0.012723189265822766
SLC6A4,0.01271723457484009
KPNA6,0.01270747384357807
MRPS14,0.012699500631070632
NINL,0.012697962695312445
C21orf33,0.012697800142381118
C8orf22,0.012696021750695598
SPDYE6,0.012694493299904071
LCE2D,0.012693062944000274
MRPL27,0.012689705527282675
DLEU2L,0.012689396355941138
AHSP,0.012688789270988474
LCE2B,0.012686066366228613
INO80,0.01268573959483401
GUK1,0.012682727457686763
SYNGR3,0.012681504895754762
SCN3B,0.012677340654335428
FAM197Y2,0.012676774139301659
C18orf22,0.01267329577256857
BTBD17,0.012671904655666382
CINP,0.012668615763097907
MRPL42P5,0.012664236080960692
OR2T33,0.012660605444375098
IDH3G,0.01265299046330186
S100PBP,0.01265134932272691
MFSD11,0.0126512646572579
DOC2A,0.012647998275154981
CFDP1,0.012645021608565577
MAP4K5,0.012643989603677923
RPSA,0.012643015086683439
COX4I1,0.012638966973001077
EXOG,0.012636842269247203
HMHB1,0.012629212829958044
DPRX,0.012627358017113304
IAH1,0.01262361921836742
SGK494,0.012622802522973637
ATP6V1C1,0.012621543945875632
HLA-DOB,0.012611751802513413
DYRK4,0.01261021257388359
WDR5B,0.01260546285782475
TP53INP2,0.012604305187259529
LDHC,0.012598810502540761
ATPAF2,0.012595700760358972
NCRNA00181,0.012592567355988257
RPS20,0.012591162980985313
TUBGCP6,0.01258820052726067
TMEFF2,0.012578735378133098
SPG11,0.012578276044530858
DMBT1,0.012574118407239111
PARP2,0.012562332606902444
C4orf3,0.012562220686146036
RPS24,0.012555084578936527
UBE2R2,0.01255348874460149
RABL5,0.012552983861355472
AGXT,0.012552509791395395
GPRC6A,0.012550312020935114
POLR2E,0.012549787096193083
G6PC,0.012547518322675413
HIRIP3,0.012545368783216984
STAG2,0.012545272116364095
LOC388955,0.012540647011275951
SLC25A6,0.012532464893742502
ZFP41,0.012526229059788566
C6orf225,0.012523486597018399
COQ5,0.012522739681828694
ZNF814,0.012521020772673063
ERGIC3,0.012520714300146193
C4orf35,0.01251609690350898
TRAPPC10,0.012510849602472859
CALHM1,0.012508449344241303
PPBPL2,0.012506400281776438
ARL2BP,0.012505383657256428
DUSP10,0.012495084885063621
H2AFY,0.0124950198455267
MUDENG,0.01249436568242147
PCDH15,0.012492861495574234
CDK9,0.012487286766055058
PLG,0.012481690996226279
KIF1C,0.012473495466259312
BSND,0.012472202598351294
OXSM,0.012468675074129888
OBFC2B,0.012468532568859063
FAM66D,0.012466126927714554
IL22,0.012464365364806716
ZNF566,0.012454562531284418
FGF21,0.012452912833631698
SPPL2A,0.012452841643282146
ATP6V0D1,0.01244871163725372
TMEM182,0.012446739049196989
DPYS,0.012445918789977783
FTL,0.012445503996563939
TGIF2LY,0.012444233352426037
GPR68,0.01244393107354003
EXOC4,0.012441784730158823
GPR32,0.012433756638415455
GTF3A,0.012432115796042077
ADAMTS7,0.012418333562480066
CCT8,0.012417724388610791
LGTN,0.01241536483211163
LRRC39,0.012413408980988055
HCRTR2,0.012408142682438564
SHPK,0.012401245735933746
FBXO9,0.012399982005417596
FBXL18,0.012394800811249121
ANKMY2,0.012392865576891699
FAM55A,0.012391347076070206
NRSN1,0.012391345999315961
C3orf47,0.012382054729489713
OR5AU1,0.012378193673974091
PRSS30P,0.012374902212430983
MATN1,0.012361535871263244
RNF220,0.012358701272838155
ITPA,0.01235444515167323
EEF1E1,0.012353754424477306
PHF14,0.012352496995254255
SOX10,0.012349652219520366
MAB21L2,0.012340436078049645
GRK5,0.012331220890593799
PPAP2B,0.0123311066617458
C19orf62,0.012329477676605036
RWDD2B,0.012327962695633259
LOC90784,0.01232245266143724
TAS2R5,0.012316584941603982
PAIP2,0.012310998219430843
RAB22A,0.01230715046285716
APITD1,0.012303120215661992
HECW1,0.012301546041112122
SEC61B,0.012300004092438758
CTSG,0.012299983966616253
DHODH,0.012297818226380939
YY1AP1,0.01229431335482519
LOC100302650,0.012293559251251076
CXCL13,0.012293117477609358
PCDHGB2,0.012292443244059752
C1orf150,0.012291163221410155
HTR2A,0.012288823183145357
DTHD1,0.012285902089493022
OAS2,0.012283025686190014
CDH19,0.01228284647295724
NR2E1,0.012274415010449603
ADIPOR1,0.012268000302872216
LOC643677,0.012266433065846448
LOC100170939,0.012256923961214425
C22orf34,0.012255347298106433
PCOTH,0.012252947692953719
CYTSA,0.012247978363075968
SMAD4,0.012244762586480365
DNAI2,0.012242497362136296
ZNF407,0.012225650724836851
LOC285740,0.012223143629974589
TMEM131,0.012221753577356076
ME2,0.012221320712608638
FAM50B,0.012218099535006835
PCDH10,0.012209113158102771
TTC17,0.012207212414804828
FASN,0.012198267390609268
LOC389458,0.0121963189030837
C14orf1,0.012191957280267963
CPN2,0.012191608239822965
SAGE1,0.012190650699206882
RPL22,0.012182264121766425
BMS1,0.01217943783729198
KIAA1875,0.012174470938514058
ARHGEF7,0.012171605024720679
LOC388789,0.012164314400232114
LOC729156,0.012164049088656852
SLC35B3,0.012158869720099903
ALLC,0.012156420044089964
RPL27,0.012154754695740842
C15orf24,0.012147934947209853
CA7,0.012140463082831636
PIKFYVE,0.01214001362916595
GJA8,0.01213861874786936
TMEM121,0.012136851191410362
TFB1M,0.012136049091945465
NAPRT1,0.012135894071915823
SNORA65,0.012132700479567386
ZNF425,0.01212875049900737
LGALS9C,0.01212852143628609
NPLOC4,0.012126488612097348
HTR1E,0.012126221808672873
HIST1H1A,0.01211638120418701
PPP1R9B,0.012113046283772095
STUB1,0.012110994205056817
TRPM1,0.012105421042668074
ACTG1,0.012103270383046748
SDC2,0.012101960300844688
FAM173B,0.012100215257141271
OR2W5,0.012091713475462682
NLRP2,0.012090074577334412
CYB5D1,0.012086898239466553
ADI1,0.012076239883036168
CLEC12A,0.012073736385954562
ATP6V1G1,0.012073582980791317
HAO1,0.01206909444761701
MAN1A2,0.012065702637649908
SFRS8,0.012060304479272274
PCYT2,0.012057045068745371
METTL3,0.012054839462178711
HEXIM1,0.012054261267003518
TACC1,0.012050885005108801
GRXCR1,0.012048191093818416
C3orf24,0.01204456651129126
UBE2D3,0.01204333008763388
MRPS18B,0.012039277844074634
PGS1,0.012034236522119966
PHYHIP,0.012030298039841122
CEP57,0.012029329696461356
PARS2,0.012028559305359909
C14orf142,0.01202812431062412
BPIL2,0.0120243201473119
IRF2,0.012023847017347586
MRPS24,0.012020810124164387
CES3,0.012020259135624742
LOC401010,0.012019074769151625
CECR7,0.012017600133478136
PHB,0.012014828527978888
?|728603,0.012014462689460556
FAM9A,0.012012760504604782
IRGM,0.01201125873401713
ZNF287,0.012010942728596664
ELOF1,0.012009568051498404
LOC729799,0.012002778296356023
ETV3L,0.01200258666491329
NDEL1,0.011998515056398346
TTC31,0.011998157818880965
PKD1L1,0.011997629272420917
CUZD1,0.011995043741616532
RBMX2,0.01199264231793342
ZNF674,0.011986817158405622
FAM19A5,0.01198608784825496
FAM156A,0.011983085273461551
MOB2,0.011981925022759302
NUDT22,0.01197767467245424
CTSF,0.011977535762903356
SARS,0.011976384957150319
ROD1,0.011973213835718885
TMOD4,0.0119729108851983
CTDP1,0.011967060493136937
SEC1,0.011958692028129733
PXMP2,0.011958371552909335
TSPAN10,0.011954588073748567
SIK3,0.011952023570995488
ZPBP2,0.011950331347459304
APOC3,0.011940786662995693
DDX6,0.011935798848467866
FAM55D,0.011917315285001943
CSN3,0.011916263823051445
C9orf40,0.011898664806619948
ZNF529,0.011897481003772319
MIP,0.0118952195102642
SGMS1,0.011894639776399192
SLC5A3,0.011891114549472191
SLC2A4RG,0.011881191236438127
LGR6,0.011879581388118841
ATG9B,0.011875588932607737
SSSCA1,0.011870852828733718
PMS2L3,0.01186880532317809
GAGE2A,0.011865794792533581
VPS26B,0.011864665212147858
CD79B,0.011862324632816217
SRA1,0.011861050331765625
UPP2,0.011847974452455822
SLITRK1,0.011847856210373415
RPS9,0.011846186126415291
FAM153B,0.011845443127978512
COMMD9,0.011843644252910714
CHMP1A,0.011841146649704863
C19orf6,0.011840189633351181
RPA4,0.01183510989387173
FAM41AY1,0.011834933392029838
HMBOX1,0.011833364591881649
PEX13,0.011831147997132179
SOAT2,0.011830881122283731
ADAM6,0.011825097131566977
RWDD4A,0.011825094678632424
PPIAL4D,0.011824192817998312
ADAMTS14,0.011821592515017508
RPL26,0.011821139304714207
C6orf129,0.011817093607318165
CRB2,0.011812034905712891
ATRIP,0.011811485218216778
GDF9,0.011809769916418222
UBE2E2,0.011808908391186881
AANAT,0.011807261753407308
NLRP4,0.011799161608786902
EARS2,0.011797622999049502
BTBD12,0.011797050429214596
MIPEP,0.011792712895772996
SYT6,0.011785475316427523
C17orf56,0.011773872798160738
TMED10,0.011772401209537695
KIAA0391,0.011771597810746692
ERCC2,0.011769315927466321
CLEC17A,0.011767098412002264
SKIV2L,0.011759862319695656
BTF3L4,0.011750573209778912
SOHLH2,0.011748433503072689
RCAN3,0.011747760285415762
GDAP1L1,0.011739682015104932
RAB9A,0.011737647003601696
PNMAL2,0.011735262289536063
HEATR7A,0.011734253771729517
CYP2C9,0.011734073991864885
FPGT,0.01173337935737862
LCN15,0.011729989244343347
FKBP10,0.011725541637496489
DKFZP434L187,0.011721470693603448
TRMT11,0.011718919224891041
C20orf173,0.011718677895559975
ATP9A,0.011717925952571913
GTF2I,0.011715569301477189
SRRM1,0.011714632007567768
NANOG,0.011711130713794232
LOC145845,0.0117013747260058
SPAG7,0.011696439324435854
CCDC17,0.011694728651466708
SYT2,0.011687911544658106
MGC26647,0.011686863168433618
RPL13AP3,0.01168611821086557
PHYHIPL,0.011684586373976805
BAI3,0.01167777524009159
BSX,0.011675461631831899
C1orf104,0.011670994358844812
OR5B12,0.011668018832575792
MYH6,0.011665088895580942
PCDHGB1,0.011661468169980708
NFAT5,0.01165579980971359
ARFGEF1,0.01164649832156651
ZNF135,0.01164557090098941
PSMA1,0.0116414844434517
GRSF1,0.011640980579184584
TSTD2,0.011637183380828045
FAM21A,0.011636975688797754
RET,0.011632581021003608
C9orf163,0.011620976085435915
SLC39A9,0.011619083808225574
PSMD6,0.011616868792412928
LGI1,0.01161571922514637
LOC100133920,0.011611088341186815
MCART1,0.01160892221238724
LOC256880,0.011596341701727367
SOCS4,0.01159420433158422
C7orf16,0.011588726809071625
SMC5,0.011584042329398365
TEX14,0.011583624585011635
GABRR2,0.011577706441412776
ATP5C1,0.011568670818323695
CT45A6,0.011564949075230258
C7orf55,0.011563458624923627
OTOA,0.011561787154956931
LOC400940,0.011553055961839455
OR2C3,0.011552208547993737
TESK1,0.01155125323617044
BCLAF1,0.011550431438167471
E4F1,0.011549384987685424
BBS10,0.011543670649826821
CCDC53,0.011541675516254922
BCS1L,0.011541554918468862
CHCHD3,0.011539984958823178
KDM6B,0.011534826228683338
MYO16,0.011531089606555463
EIF4B,0.011526027360282276
RBM46,0.01152503864662035
LMLN,0.01152278063424623
C9orf24,0.011520108985178034
GPR173,0.011519507837547974
PELI1,0.011518963610194406
UHRF1BP1L,0.011509711094391861
THAP3,0.011506669782543716
ADAMTS19,0.011503491261473877
CBX5,0.011501943247141396
C20orf103,0.011501561970543053
TMEM18,0.011498632016504971
C2orf48,0.01149754550795967
SPDYE2,0.011492766487443124
CCDC113,0.01149137504819481
NOTUM,0.011483574077201174
KIAA1586,0.011481670035669812
MRPS34,0.011480832007378055
ARL5A,0.011478330885864658
C14orf53,0.011478056459998005
SEC63,0.011476839599122973
MX1,0.011469495386971193
PPP2R4,0.011467046054238985
ACAP3,0.011461089341615343
IGHMBP2,0.011457129275804123
ARFGAP3,0.011457055968907363
SCGN,0.011454636628150818
LOC388152,0.011453723498832545
UCHL5,0.011453018922445901
OR8A1,0.011441176470588246
AKR7A2,0.01143729923902691
PPP1R3F,0.011435679132463846
ZCCHC11,0.011434164792001912
RPL38,0.011430069385730303
NDUFAB1,0.011430001893967904
KCTD19,0.011424068660353589
HOXC12,0.011420904482323219
ZNF276,0.011419585272837656
KIAA0562,0.011414898049066946
RPL37A,0.01140793309746489
WDR93,0.011405649428909375
FAM27A,0.011397750085718852
CNNM2,0.011391261499345755
HNRNPA1,0.01138940993633904
REG1A,0.011382286494951288
CSNK1A1P,0.011380055897073858
CALCRL,0.011374012891953581
SHANK3,0.011366173934811243
ATP5H,0.011366103601926919
PCDHB3,0.0113655386205115
EXOC7,0.0113651641802656
RASSF8,0.011361257646273387
MORN2,0.011360646565223322
GTF3C6,0.01135283000887065
KIAA1328,0.011344789449279639
EFCAB4B,0.01134472953681777
DEXI,0.011344012857269891
STK19,0.011331105033772639
LOC100287227,0.011322409152726122
ZBTB45,0.011317356341904996
SIGLEC6,0.011317138807515737
SLC25A22,0.011315861312969251
GPHA2,0.011308121167192752
CD79A,0.01130791339061078
VPS24,0.011297665477081765
LMAN1L,0.011296190434294888
LCN8,0.011292831356235931
ZNF587,0.011286708627216587
SKP1,0.011280431077672466
C14orf64,0.011278852955921393
CRYBG3,0.011276822089792967
SDCCAG1,0.011273438063496885
FAM194A,0.011267956666714915
CORT,0.01126570757059027
ACSM2A,0.011259092617838223
CEP70,0.011258767893023058
HN1L,0.011251919931814274
NR1I2,0.011249902760116233
EDIL3,0.011248022948454546
C3P1,0.011245848098230636
C19orf61,0.011243458172924731
MRPL39,0.011230521025181643
CPSF3L,0.011229734914966353
GH1,0.011228551169835108
SFT2D1,0.011228000063786731
C9orf144,0.011223648646229354
NECAP1,0.011219282683894667
TMEM218,0.011214252422373507
PPIL2,0.011209584033243281
MBP,0.011205968682999985
ARHGDIA,0.011200603989032035
RBM42,0.011189315571607095
STRA8,0.011188930305594962
MTTP,0.011185923695902163
C20orf191,0.011182856243314858
PRPF4B,0.011177029628039493
LZTS2,0.011175607417198263
ACOT11,0.01117206314171058
TCERG1,0.011170630998310118
C12orf42,0.011169158659283383
BHLHE23,0.011163761864632818
FAM55B,0.011163484830097667
FAM46D,0.01116020406225855
ELF1,0.011158180106586616
TRPM5,0.011152590940243486
PRODH2,0.011148441186356129
PAGE1,0.011145942163324834
RBM45,0.011145931824778821
SP2,0.011144338891515539
C1orf216,0.011143524796582486
HAR1A,0.011130941193179247
SLC13A1,0.011130902075631253
PAAF1,0.011128416389945042
CACNG8,0.011127820846456507
CYP26C1,0.011126510672625595
ZDHHC12,0.011122999358542284
LOC100303728,0.011120944297947244
FLJ40330,0.01111769829837741
LARS2,0.011115040328008106
ID4,0.011113546396240386
LONP2,0.011107469856879588
SFRS18,0.011104907158120026
BTN1A1,0.011102711928663174
CYP1A1,0.011100634991113136
ZNF804B,0.011099828078334815
CCDC157,0.01109920650016371
MRPS31,0.011098427547568455
CHST1,0.011097628624440706
CYP3A4,0.01109672048051221
UBE2H,0.01109565649207119
CCHCR1,0.011090521151592168
LOC149134,0.011085802265964225
ZNF479,0.011084966545364517
ARHGAP33,0.011084381085999604
GHRLOS,0.01107736509878526
FAM154B,0.011075014991820897
SH3BGR,0.011072852622758426
TRH,0.011071625552432102
SNURF,0.011069678855452543
KIAA0831,0.01106639389183909
SEC14L3,0.01106531372652145
C6orf221,0.011061577781030809
SNX5,0.011052781460540074
C14orf119,0.011052713031339652
C17orf59,0.0110519281719164
ZFP161,0.011051401229853153
YPEL5,0.011048083830522214
PCDH17,0.011047632176809227
MTCP1,0.011045589473074116
KBTBD4,0.011044716097755538
PMS2CL,0.011041288453408274
CATSPER2,0.011039856132437137
THSD7B,0.011039196255696077
C1orf223,0.01102987583917561
NDST2,0.011024041287910973
LHX3,0.011019068924694366
SNAPC4,0.01101509501377992
NPM1,0.011013765791838624
AGAP6,0.011009169991082056
TNFRSF25,0.011008316375142631
NDUFA12,0.011006164066477466
MBNL3,0.011005839417159068
ZSCAN4,0.011004415747895006
FAM118B,0.011004395469921085
TBC1D3P2,0.010997023083094496
ZNF500,0.010996228235259723
HTR1B,0.010996207657606637
WDR37,0.010994827111845792
TMEM151A,0.010994362778458328
FKTN,0.010993216974811265
APBA3,0.01098735563818413
MTHFSD,0.010982168605009628
TAF15,0.010979252706440326
CNTF,0.010965923117257375
STX8,0.010964079303432902
PATE2,0.010962229415910003
HTR3C,0.010962102988262067
PAFAH1B3,0.01095886518219188
LINGO3,0.01095774069710127
RTCD1,0.010957247483281668
OSTN,0.010952432200817692
AHSA2,0.010949058777586724
DIS3L2,0.010944871669042016
NCAN,0.010936459275165754
LOC100132288,0.010929731614004602
SNX19,0.010926335680227604
ANKRD43,0.010924379514842925
ZNF581,0.010920007309459356
PFKFB3,0.010917121190513036
FBXO25,0.010913589889460831
CLEC4GP1,0.010911410142628584
DCAF4,0.01090839564592137
SLC16A10,0.010905542914504171
CTDSP2,0.010900142722195867
SNHG3-RCC1,0.010899288115498845
GFRA4,0.010890962843745095
LSR,0.010886268798877004
ACR,0.010881650932787396
KAT5,0.010878229733333102
RHO,0.010877618161914872
AKT1,0.010876953699246761
KLHL22,0.01087512459210166
HEMGN,0.010873202900704109
EIF4G3,0.01086955044496624
IFNA2,0.010862828740566613
TMEM231,0.010860893136283837
C17orf91,0.010852854307064522
PDF,0.010852136557191689
FGF1,0.010843486334689784
C1orf175,0.01084100933490627
SCRN3,0.010839554762233992
COPS8,0.010834464803271814
KCND1,0.01082103848439117
PSMG4,0.010815229825871815
LOC441294,0.010813590768258725
SURF6,0.010808281962099445
KIF26A,0.010804579391236635
SLC25A13,0.010802337691330141
EIF2B4,0.010798135158231323
KLHDC4,0.010794019996517107
GOLGA8F,0.010791394301824143
SNORA6,0.010788956743901896
METTL6,0.010780506488788819
C19orf22,0.010779484531694866
KIAA1731,0.010777297016181448
ZNF404,0.010775313876895428
RFPL4A,0.010770757629360387
DLGAP3,0.010762918786205328
TAS2R19,0.010757441806732129
TAF1D,0.010750547988970393
C8orf86,0.01074789930822766
ATXN1,0.01074504613910706
WBSCR16,0.010742998387516326
GAGE2C,0.010742285422390589
NFKBIZ,0.010737274840737967
PURA,0.01073668332457381
DENND5A,0.010736204711570736
APIP,0.010733172313298985
PSMD5,0.01072591438506374
WDR16,0.010721673500151758
SSX8,0.010719943096864951
MLL5,0.010704248955917452
OTUD6A,0.010696908195908857
TMPRSS5,0.010694330988077455
EIF3CL,0.010686754730814296
ATG10,0.010685824127164553
LDHA,0.010678972767248962
ABRA,0.010675873438295415
KRTAP4-7,0.01067228414642312
GRP,0.010669598164095052
ANKRD53,0.010669101217789122
PIGB,0.010667021622875375
TPMT,0.010664122342484456
MLL2,0.010660974152429854
RXRG,0.01066076738861548
SH2D4B,0.010659044792494026
CTXN2,0.010653058409155616
IFIT1,0.010650250399513896
EMX2OS,0.010647672055793788
CRH,0.01064598984531638
UQCR11,0.010644919852419511
ZNF391,0.01064342524671002
PPP1R12C,0.010643108251447505
ZDHHC24,0.010641873425412486
IFT74,0.010640123823569988
NDUFS3,0.010636384979931147
MUC12,0.010629681152632308
C14orf106,0.010628870906733853
EVC,0.010628521850357215
KCTD13,0.010626270239672183
DAZ1,0.010618799303770627
GCFC1,0.010618121133464622
C7orf26,0.010615477512215017
NFRKB,0.010614398217757552
SOLH,0.01060980264230956
GOLGB1,0.010608940911668347
KIAA0195,0.010607920518942979
THNSL1,0.01060448449476985
SNRNP27,0.01060415928614716
CST1,0.010602271598456043
LOC653786,0.01060222752230801
DPPA5,0.010598498337706248
HIST1H2BN,0.010597890810358751
RPL23AP7,0.010593443916364706
RNF121,0.010590945868583427
UBN1,0.01058987607342189
NSMCE1,0.010582158269921982
C19orf24,0.010578352976741454
LOC641298,0.010553323036949752
ARHGAP32,0.010546769840574214
ZNF738,0.010542306449691768
LENG8,0.010537224038600048
CHID1,0.010535323904510141
RICTOR,0.010532233128096636
C1orf151,0.010531569560152658
PMPCA,0.010527483035953461
ISLR2,0.01052707202952875
NRP2,0.010523239316353608
C20orf200,0.010518707085805032
CPA1,0.01051797994451849
KLHL10,0.010517509532421495
CHMP4A,0.010516345520077748
OMG,0.01051456983138621
LOC619207,0.01050671682233769
C1orf173,0.010502410268496179
GUCA1C,0.010501030263448672
FLJ40504,0.010500977857468617
LOC400804,0.01049845542736985
HINT1,0.010488839315347172
GHRHR,0.010476873280152338
RDM1,0.010469330912674766
NCRNA00092,0.010453251306579248
KCNJ13,0.01045310723376352
NOMO2,0.010450070300052352
DYNC1LI1,0.010444752372927593
PRAC,0.010442820361639064
OTOR,0.010440936388319739
PRDX4,0.010440883603982976
TUFM,0.010438583439891682
THAP8,0.010433986163910745
SNAP23,0.010431267374099553
URM1,0.010428937068794416
SPATA16,0.010427882802313737
RIC8A,0.010415100398797521
EHMT2,0.01040527751152808
GAGE8,0.010405196972553247
ZNF20,0.010404466280393055
NDUFB8,0.010398989666937473
DCAF12L1,0.010397239865499413
SLC12A1,0.010395324038076104
FAM45A,0.010391232162815471
ITLN1,0.010391078644592303
THADA,0.010382952202857523
ELMOD3,0.010381057729968574
EIF1AD,0.010380819258537578
PYGM,0.010379206465888878
CYS1,0.010377521590981572
USP3,0.010371455559016595
TYW1B,0.01036505664567912
LOC728190,0.010357953000671547
ECT2L,0.010356936215055469
BANF2,0.010354922476326677
CUL3,0.01035343533812381
ELMOD1,0.01035218689827992
PRPF18,0.010351935968000969
AOC2,0.010347765627081623
DNAJA2,0.010344376041702416
BCL7C,0.01034275039042808
NKX2-6,0.010339108006307466
ZNF747,0.01033582712872432
FASTKD3,0.010333881731826573
LRRTM4,0.010330044197922304
ING2,0.010324466561953308
SELV,0.010321850096278073
CCL20,0.010313862865093055
C12orf44,0.010306110107990402
GPKOW,0.010305189928687787
BEST1,0.010304274054541039
C22orf46,0.01029988488294886
FBRSL1,0.010294226416161064
ACLY,0.010291832066226624
LOC642929,0.01028156696998278
ROPN1B,0.010281397298726572
OR10H5,0.010272858969377865
ZNF787,0.010272149914090832
EIF3H,0.010270242987587535
PANK1,0.010253872527684013
ALKBH1,0.010244609750749513
FOLR3,0.01024098167203354
BTG3,0.010239161878429163
PDS5B,0.010234427066501193
STX5,0.01023263801625199
KCNQ2,0.010221506983132218
PPIE,0.01021701504738227
SPNS1,0.01021483811068102
METTL9,0.010205213299808495
TCTE1,0.010202125319962143
C4orf7,0.010201003285460374
CRAMP1L,0.01019181531773884
PIWIL4,0.010189769392492661
HCFC2,0.010183749500918854
F2R,0.010181672013172223
PTPN20B,0.01016954968520618
TNIK,0.010169410043251193
SCGB1A1,0.010167844968880643
HES4,0.010166417256404743
SYTL5,0.010165481059295977
FKBP1AP1,0.010163748635049295
C13orf26,0.010161423848335228
MAK16,0.010159225361250239
ACTR1B,0.010158852406261132
TSPY3,0.01015420528947264
CAPZA3,0.010153839937453068
PURG,0.010153468593905993
NETO2,0.01014632615730042
SNHG12,0.01014546147413236
SMG1,0.010145375659903153
CT47B1,0.010138384074975096
LALBA,0.010136363294001386
ADRA1A,0.010134903153105989
BLZF1,0.010131899746609056
SNHG3,0.010130065954962181
ALS2CR12,0.010124582808792507
LOC442459,0.010118470344980483
BASE,0.010116244849263274
RRP9,0.010115983441748456
OR13C9,0.010113531730997811
UTF1,0.010111025409005185
FARP2,0.010104366272699715
ZNF828,0.010104344071661499
TUSC5,0.010098930452626685
MYOZ2,0.010096095619911743
PCDHGB3,0.010095272076047976
NAP1L6,0.01009206878566789
ZMAT4,0.01008518439127004
C1orf204,0.010081106107517767
ELOVL1,0.010076659214410182
MBOAT4,0.010074791379007055
ALX3,0.010063709034351484
ACTR3C,0.01006346121010561
GALP,0.010060202885423674
TMPRSS7,0.010051497280409712
RP2,0.010047479106382531
AZI1,0.01004212173110598
TOM1L2,0.010041818654696956
TCL1A,0.010040108282011819
FAM163B,0.010038557937160386
ENTPD4,0.010037262962978211
GPR119,0.01003122400407548
OR12D2,0.010029447729169765
GTSF1L,0.010028947796522155
C19orf63,0.01002342060442099
FAM115A,0.010021407101605536
ZNF614,0.01001351463968995
DUSP28,0.01001094567800218
WDR35,0.010006726164356185
THAP2,0.010002667506130297
ZNF497,0.00999746412489211
C3orf50,0.009994551562588301
EFNB3,0.009994248712025406
VPS33B,0.009989970645467205
C4orf49,0.009985827195472726
B3GALT4,0.009982272402508277
ALX4,0.00998102777472749
RHOT2,0.009970640743598895
PEX2,0.009970223316126037
DPP7,0.009967540373348235
NEUROD1,0.009966902971344206
IRF2BP1,0.009965090594870246
C18orf16,0.009964092107918515
LOC643719,0.009961567160428637
CEND1,0.009959824497845268
PLSCR1,0.009958551890064166
CPNE2,0.009952333582821687
NR5A1,0.009950860849114713
ZBTB48,0.009950468736634806
EXOSC1,0.009948723331545367
NR1D2,0.009935074732689016
SNRNP70,0.009929358599416868
NODAL,0.009927983967447089
CYTL1,0.009927511829131045
HIST2H4A,0.009920230768926534
AMPH,0.009918723919346898
SPATS1,0.009917741738196992
SCUBE3,0.009916056235068148
GRINA,0.009914819278383809
LOC400927,0.009911976736330867
MT1F,0.009911761235359825
TMPPE,0.009911743171011771
BBS7,0.009908750687947164
FLJ33360,0.00990490199058588
PRKG1,0.009903281575101694
RYR2,0.009903065913172866
LOC728264,0.009902095465071835
FGF10,0.00989082796146221
SNORA74B,0.009879256062670505
VENTXP1,0.00987660019610266
HERC1,0.009875623363756626
SLC38A11,0.009874550030925402
RANBP2,0.009874138876472835
PLEKHM1P,0.009872284431909377
TEX12,0.009863779473655038
SPTY2D1,0.009863307391121245
SNORD22,0.009859899152273576
ZDHHC22,0.009859594762835159
MVD,0.00985528349920256
CCDC39,0.009853508725311511
CCDC102A,0.009852595012959665
CMA1,0.0098520020571316
RPL21P44,0.009848511958480818
FABP9,0.009842111766295045
GALR1,0.00984099093194834
ATP1A3,0.00983952322897651
RNU4ATAC,0.009837565918092341
OR52K1,0.00983618557169524
VSTM2A,0.009827379218846067
SCARNA2,0.009824445547024956
LOC400043,0.009822506459054746
HIST1H4J,0.00982050970818414
IRF3,0.009820105756350707
GPR3,0.009813039208233548
LAGE3,0.009812308991139823
SPTBN5,0.009812297077691743
PLGLB2,0.009804641268503642
A1BG,0.009802719686376313
ARC,0.009802679949218787
C14orf153,0.009801755175109419
ZFP112,0.009799678144746506
SLC35F4,0.009799153120500701
NUDT18,0.009795579475749034
VPREB3,0.00979300308750676
RPL23A,0.009792950995863957
NPPB,0.009791786029240261
RPPH1,0.009788659233951412
SFT2D2,0.009788631816447414
L3MBTL3,0.009779777921563742
C8orf30A,0.009769443320789519
TRIM67,0.009767887735186406
SOX11,0.009767366583138575
RGS16,0.009766660497599292
CREBBP,0.009758356228759105
SNF8,0.009753048535045716
MAP2K2,0.009752012528371653
PRH1,0.009742994740011826
CCAR1,0.009740957487056796
MS4A6E,0.009736492921157436
CYP51A1,0.009732539520707628
XPO4,0.009731205844959909
PARP9,0.009728874904350721
CDY2B,0.009722413846114775
KIF1B,0.009719692227521278
RBMY2FP,0.009714194282463388
SNX4,0.009704629623707148
CELF1,0.009692860889031723
RAB3C,0.009691523424564726
CYP3A7,0.009687371147786155
ARPC5,0.009684803902886579
NAA11,0.009682120020461224
WDR90,0.009680026316033756
TARM1,0.00967553973995875
RP9P,0.009672131152027927
ANKRD7,0.009669947518561468
MYOC,0.009669309663345567
RPL12,0.009668225912020986
CDK15,0.009665551818713316
RAP2C,0.009662310523240283
FLJ34503,0.00966218413246978
GIYD2,0.009659986160553791
RAB1A,0.009659688600991282
KRTAP10-6,0.009657558343426118
CRYGC,0.009647627733743187
GREB1,0.009644657084603128
FAM24B,0.009638276879238506
LRRC14,0.00963624677623846
STX1B,0.00962852799525487
ZNF707,0.009627547251367736
SAT2,0.009623114048247627
FAM160B2,0.009621968837707143
MZF1,0.009620837748634673
ELF5,0.00961880742195833
GGN,0.0096181885960329
KCNG4,0.009615556657986218
SPATA24,0.00961465280648613
DAND5,0.009614502447251427
FERD3L,0.00961173749125882
KIAA0586,0.009611040340066674
IRF2BP2,0.009599951353650832
TMEM55A,0.009598736212867788
TAF3,0.00959603764554735
ULK4,0.009588361021779837
PCNT,0.009585120996987653
SULT1B1,0.009584777599956792
RPS2,0.009584453281196
SH2B2,0.009580158978822518
CHFR,0.00957903267437491
BSG,0.009573466015568742
SYCN,0.00957008293603142
CCDC70,0.009563218599672733
GNRHR,0.009559959964332045
CXorf22,0.009554381946389575
FOXS1,0.009550609495825441
LOC100188947,0.009546273183965922
ZMAT2,0.009544968253283718
SNORA61,0.009539722114252037
TSPYL4,0.009536424516488213
LPPR4,0.009533823785672472
CHD8,0.009533475623551078
PTPN5,0.009530423169750104
HMBS,0.009530158408101086
UGT2A3,0.009527724307838976
ZNF263,0.009527261684458811
OR51M1,0.009526014893227948
MR1,0.009515699419804045
KIAA1841,0.00951276263296112
HTR4,0.009512036528050369
LBX1,0.009511430508137634
IL1RAPL1,0.009510024401324544
PIP5K1C,0.009492022228045847
NHEJ1,0.009488400645985995
ZC3H18,0.00948441909100798
SAP30,0.009477918963510397
RSL1D1,0.00947271386863787
AFM,0.00947036059286322
GP1BA,0.00946805126533671
FUNDC2P2,0.009461187659619202
SULT1A3,0.009461121293841758
SDHC,0.009458378397211276
WIF1,0.009453401617154565
C6orf163,0.009444444681515212
DGKI,0.009443801929085921
ZNF451,0.009442191623665505
MTHFS,0.009439440815176461
TRAFD1,0.009428479176707772
?|10431,0.009414754746835445
ZNF705D,0.00941389707659265
ZNF878,0.009404344619495703
KIAA2013,0.009401573566672452
PANX3,0.00940131840534668
ADRA1D,0.009397333775235167
OR7G2,0.009392394384768507
RNF207,0.009391287014989029
FAM45B,0.009382316079709237
OR2L2,0.009379890125559271
RPS13,0.009379853970677204
OR6S1,0.009374673426638773
CHCHD2,0.009370619328095192
KIAA1704,0.009365997328434685
ATG2B,0.009362969003516136
TCEB3,0.009356012086501565
IGDCC3,0.009354147524514913
FLJ46321,0.00935196261475416
NR2E3,0.009349200642350366
ECM1,0.00934896199686045
SCAP,0.00934842127517412
C6orf226,0.00934421145177324
ZNF99,0.009339455935718196
COQ10B,0.009339311027162468
?|645851,0.009336177755982066
KRTAP19-3,0.009334920122838012
MAGEB3,0.009334507081389021
ZBTB25,0.009334116995013174
B3GALT6,0.009332135422376401
ANKRD9,0.009327474301632263
RAB14,0.009318794695376973
BTBD6,0.009318653846258613
MARCH3,0.009318441867803047
FGF17,0.009313573495279564
SEZ6,0.009312647914450791
NEUROG3,0.009311840219121676
SNORD97,0.009295271343465958
CD38,0.009294991788674654
PMM2,0.009292732764655804
PTPRVP,0.009272391785908643
POM121L9P,0.009271031705477713
PLIN1,0.009269835225721184
ZNF768,0.009264016736946733
CHI3L1,0.009261871238181996
TMEM179B,0.009260833916417542
RSF1,0.009253960793768458
MED13,0.009247808583484384
MRPS17,0.00924477282269625
TACR2,0.009238506290416422
RPS3A,0.009233061853702304
SPSB1,0.009230917599579842
LOC253724,0.009230217280688489
REG4,0.009225979062135767
IPO7,0.009218066794579894
RFX3,0.0092150707405329
PGAM2,0.009212645621555425
SPG7,0.009211950752457267
RFC1,0.009210915729703891
C20orf202,0.009210001075038254
MED16,0.009202272533932306
GPR180,0.009197415310902306
RERGL,0.009194834192059166
HOXD4,0.009194025360280236
CUL4A,0.00919349166361908
DDI1,0.009187846246889175
ANGPT2,0.009185699523685524
ST20,0.009180292761542887
FAM166B,0.009172273595380847
ZFAND3,0.009169817268383965
C1orf83,0.009166110596797417
SNORA18,0.009163955445331641
FAM186B,0.00915903352072681
ZNF221,0.00915748277609315
TOMM7,0.009153322521831654
TAF5L,0.009153310885445054
TRIM26,0.009147413290107357
C11orf65,0.009145671610036207
TSSC4,0.009142389109198772
TSEN34,0.009141658633107877
BARHL2,0.009126965796541849
FBP2,0.009122473788264465
TSC1,0.009114014515092904
SS18L1,0.009106612255501663
SUGT1P1,0.009104873476487672
LRGUK,0.009104535424013472
HIST1H4K,0.00910236123665876
ROMO1,0.009100967724856772
RBM39,0.009100776423177461
OR2AE1,0.009099896382748447
C22orf27,0.009096906874118101
ZNF766,0.009094578414280075
C15orf38,0.009081790507771843
TSPAN19,0.009078011553164815
LCMT1,0.009075521956259948
NEK9,0.009071181551466533
RBL2,0.009063968019641797
ZNF593,0.009061224851973766
TCERG1L,0.009052555207965312
C20orf135,0.009050351355868761
RNF111,0.009049342530812365
SNORA49,0.009041830716217504
IFLTD1,0.00903058666618141
RPS6KB1,0.009030486750814257
ZNF229,0.009027710708793737
RBM23,0.009025465870720967
TRAPPC9,0.00902491076703274
SALL4,0.009024567771215358
C14orf180,0.009017056767706613
EID2B,0.009014408452563202
ZNF696,0.009007240735875143
RDBP,0.008994900627826137
METT10D,0.008993395808707996
FAM127A,0.008986925507354375
ZCCHC12,0.008985816390195816
OPTC,0.008984083634205536
CTTNBP2NL,0.008979973970496291
C16orf90,0.0089770884902805
EDC4,0.008971547210815231
LBX2,0.008963862615615494
NFKBID,0.008960828473833999
ABCB7,0.00895481570196988
TMEM191A,0.008953980145837983
MTRF1L,0.008953424896053174
SEC24B,0.008948645992173565
KIAA0100,0.008942609012889192
PNMA5,0.008930034361181257
ATP1A4,0.008925230583984001
AP1G1,0.008924673654701403
C1orf159,0.008920225603895783
PKD2L2,0.008918895218192172
ASB6,0.008898157852135533
SUPT5H,0.008896654909266747
SNORA47,0.008892837935331528
NCOA5,0.008892511054289377
WDR33,0.008877914759586873
QRFP,0.00887783367386557
LOC494141,0.008850019815890516
CBX3,0.008843576045664995
MAN1B1,0.008842759775802709
MYCBPAP,0.00884178846950294
CCDC42,0.008840729603259004
C20orf201,0.008835825502252955
PRMT10,0.008832674801420312
NSUN4,0.008828604274332357
GRIK2,0.00882766309277779
FOXD4L3,0.008827172221347863
TFPT,0.00882333665241336
CNPY1,0.008821177948837066
WDR59,0.008815088230362967
C2CD4C,0.008803503097609054
PPP2R2D,0.008799172188747269
DSTYK,0.008796780636522549
RNF169,0.008795443701422868
GMFB,0.008794698308849906
STAG3L2,0.008793273540318995
C14orf174,0.008791870800463545
LENG9,0.008789034279076605
SPHKAP,0.008788698189452509
ZNF311,0.008778406089690756
LOC440896,0.008776541835600525
UHMK1,0.008773557672222916
TTC35,0.008760581704720674
GSG1L,0.008760536893304296
MADCAM1,0.008741066799651902
LOC255167,0.008735653682237872
C9orf47,0.008712324750462309
UQCRC2,0.008710222864036917
MMGT1,0.008709457933094938
FSHR,0.008700916821453084
CCDC25,0.008695581030159863
ANGPT4,0.008692647290680594
MPPE1,0.008689675799818412
C3orf75,0.008686561101278148
AADACL4,0.008678175421265253
TMEM160,0.00867643449432212
HCRT,0.008669886663763775
ZIM2,0.008668215330195404
SWAP70,0.008661261803858003
LPPR5,0.008658848073234662
WDR24,0.008658322991793402
C20orf144,0.00865646798633483
BCKDHA,0.008654406569802896
ZCCHC7,0.008653790745981696
C18orf18,0.008653202551006803
ST3GAL6,0.008646751506843603
RPS8,0.008644510072441223
DNASE1L2,0.008643837136194233
YTHDF3,0.008638960128643871
HERC2P2,0.00863762343563201
DNAJB8,0.008636012219962543
CD320,0.008633609071079849
FAM27B,0.00862920462870817
L3MBTL,0.008620910092944101
CHCHD8,0.008611332669745795
RAB28,0.008589517589729376
LOC257358,0.008587119095132436
IFI27,0.008583646289204862
STXBP3,0.008582567565905199
C9orf11,0.008580073099882716
TCEAL5,0.008576878478908223
NPAT,0.008575861149293233
TAS2R14,0.008573474430200786
KPNA5,0.008565076034931177
NEURL4,0.008558881546727914
SEC14L4,0.00855638533712799
OR51E2,0.008555893403557665
VPS29,0.008554298287203966
PRTFDC1,0.008554075640378389
ZNF23,0.008549847042714845
RAI1,0.008548207148621754
LYPLA1,0.008547522407924554
POMT2,0.008545587528585702
ANKRD23,0.008531939164526428
CCDC87,0.008531203914733873
C3orf39,0.008529712290759994
ZFYVE1,0.008529512204004582
LOC650623,0.008527376295582074
C1orf91,0.008525992884392637
CPSF1,0.008521863024331838
ZC3H10,0.008515275903216086
KCTD4,0.008510718552736874
SLC25A19,0.00850811373114161
SCGB2A2,0.008506811762312137
TAF1L,0.008506138215548608
HBA2,0.008498566887217342
KDM5C,0.008497037547005476
PCDHB18,0.008496672411897659
CAP2,0.008494397251513235
IL12A,0.008488222382889979
DNAJC18,0.008486785869537052
PROZ,0.008483171146227838
DNLZ,0.00848316658113692
LOC100190939,0.008482982137789646
AGBL4,0.008479068810357279
PPIEL,0.008477621111753725
YAF2,0.008475570372763966
FOXR2,0.00847547001473339
NIPA2,0.00846583354647824
SFRS6,0.008465488497890868
JRK,0.008458632206618445
SARNP,0.008456149474812144
ZMYM2,0.008455109172883704
AKIRIN1,0.008452592284034133
CNOT7,0.008452525148247252
SSR3,0.008450492750787074
ACRBP,0.008443902109802713
PPP2R2A,0.00844055453695205
SYP,0.008440274841370506
PWRN1,0.008437033179400762
SNHG5,0.008427186323357682
RPS18,0.008423436943124082
CLCN3,0.008419322230414642
LCE2A,0.008418071338290962
PCDHB5,0.008414339720910304
FAM78B,0.008413657086221273
APLN,0.008412756651033197
RPS11,0.00840769005851623
RBM33,0.008405761610151451
CLEC12B,0.008404267815383183
STK3,0.008399084925262073
C14orf182,0.00839854282250078
ROCK1,0.008396968534950993
LOC653113,0.00839184061108834
ANKRD35,0.00838829524697898
TMEM223,0.00838689316663685
CD19,0.008386471943806557
GLOD4,0.008382472396368853
ZSCAN1,0.008380068395263363
TRPC1,0.008371801237403258
C17orf70,0.008369992612298252
B4GALT7,0.00836819652743481
IL5,0.00836812917807722
RRAGA,0.008366853084201925
LOC150527,0.008365847732394642
TUBA3C,0.008362860685755757
DNAJB7,0.008361968199882521
DAZ2,0.008360234493177921
C16orf52,0.008353782893583133
COL20A1,0.008352776667560685
FZD2,0.00835026039028146
LOC284788,0.008347807167593976
LHX8,0.008346115426306344
CUL9,0.008339513423652838
MRPL28,0.008337565941032663
ARL4A,0.008336213231597181
ZNF793,0.008316543001216656
ZACN,0.00831527638528225
HEPN1,0.008308715740246601
SLC25A43,0.008307264056626186
ZNF808,0.008306495425787833
MEA1,0.008303139746360742
TNKS,0.008299225945617238
PDE11A,0.008293558108135304
LOC285401,0.00828940687211521
AP3D1,0.00828748193535747
H2BFXP,0.008278589611110694
EBAG9,0.008276934271393407
RUSC1,0.008268659144950202
HMOX1,0.008268401443319149
CYTH2,0.008267625452240105
CFHR2,0.008266996638534455
EIF3F,0.008265477901129633
FAM57B,0.008260342318798582
MRPL17,0.008251523019584631
ECD,0.00824979715427073
NDUFB3,0.008243737621225586
KIAA1632,0.008240071427225144
RNF151,0.008237279155008891
SRBD1,0.008232994317928271
RFESD,0.00822938981948328
KIF3B,0.008221388111877137
PXDNL,0.008216980954922086
PAGE4,0.008212136525372253
OR1B1,0.008209142453986462
OR6B2,0.008207652606191196
CNOT6L,0.008201297783545345
TBX19,0.00819732727420021
RAB4B,0.008195694456973358
OR2B6,0.008191187374971128
RBMY2EP,0.008186261374720002
TRIM37,0.008182745064155195
AARS,0.008179345274022259
SPATA21,0.008174483953036585
FLJ25363,0.008158742662547458
RWDD3,0.008156023416092121
FCRLA,0.008147743056964462
AGAP7,0.008136811066547154
SFRS13A,0.008136707762550807
CSPP1,0.00813576557854875
AKR1E2,0.008119463940355353
KRTAP5-9,0.00811860561158232
OR9K2,0.00811111725602065
INSL5,0.008108692641928499
SPDYE3,0.008104271343364888
OGDH,0.008103945917071679
NPEPL1,0.008101280593500184
SPAG8,0.008099596204113902
LOC348021,0.008098195318643807
USP37,0.008096502018882209
C11orf31,0.008088516783637225
NBAS,0.008083455795050553
C8orf37,0.00806955401535931
PLEKHJ1,0.008067917362172534
HPS6,0.008065847463933807
PRLH,0.008065811948350956
OR51B4,0.008058158974097477
ZNF705A,0.008057529386679746
MMP26,0.008055483164800849
ZNF300,0.008051004286352397
LOC100288778,0.008050779569840528
BAT4,0.008050419856998536
FUBP1,0.00804693673300822
FLJ40852,0.00802208351335093
SEMA6C,0.008020646262143983
TPPP3,0.008020507413881207
LPPR2,0.00801569111074519
TTC23L,0.008006166576368027
ANKRD31,0.007989433847256377
C14orf169,0.007987146143575544
ACSM2B,0.007977009571859888
TIMM17B,0.007975482997229815
VPS52,0.007972661651500446
TMEM93,0.007969196301006025
ZNF883,0.007961735921237695
LOC168474,0.007952262913310198
LGALS13,0.007947095144854881
LOC389791,0.007947026526258245
CST11,0.007946857739729246
GSTT1,0.007937316155085755
PRAMEF5,0.007937001348694345
ATP5S,0.007930757533952261
PSMA8,0.007926642423481189
PASK,0.007924620702815702
HS6ST3,0.007922525372175039
GNRH1,0.007913138463165627
TCP11L2,0.007909983647533042
PROS1,0.007909661766804616
CCL3L3,0.007901598112579835
KLHL3,0.007897425707778514
PC,0.007896418727144338
RPL9,0.007896248833607542
VTI1A,0.00789140234876223
RCVRN,0.007887504096325658
HDGFL1,0.007885472015057701
NUDT16,0.007880437516879092
MYADML2,0.007876027966969814
MCART3P,0.007874644462773509
PTX4,0.007868847633016781
TMED10P1,0.00786490334697822
WFDC11,0.007864013817399686
DPCD,0.007856520682480059
GEMIN7,0.007852743789515126
FSCB,0.007852231626412595
ANKRD39,0.007846223880751122
CACNG3,0.00784465437445603
LOC90834,0.007841002382010642
TBC1D5,0.007835789972512509
RTEL1,0.007834228209999908
ENTPD5,0.007829922149374516
POTEC,0.0078200780791843
LOC550112,0.007799435796178107
ALKBH7,0.007792967818676474
MYEOV2,0.007789856323276794
DHRS4L1,0.00778943652492713
FGF3,0.007789191267938013
CNGB1,0.007789046697050466
LOC283314,0.007780262720769182
C4orf40,0.007773626001706936
NHP2,0.007773086493705898
KCNS1,0.007772022554528106
C16orf57,0.0077633517457941495
STAT6,0.007763229681564167
MDGA2,0.0077628657763377604
ZNF599,0.0077622702357908425
C1orf113,0.007761317226155245
PRDXDD1P,0.007755077723129153
SPAG11B,0.0077487074067511515
LOC150381,0.00774222823790401
INTS4L2,0.007740258799483457
INE2,0.007733083949772065
FUS,0.0077327860621207245
ZSCAN23,0.0077119178331899055
PABPC4,0.007699565386160652
LOC731779,0.007695134311152389
JUN,0.00769302541691784
TMC2,0.007687207130252561
NCRNA00116,0.007685466435260609
C15orf37,0.007676248421440804
ZNF211,0.007674477875401963
TRIM72,0.007672954837394613
LARS,0.007666682283986113
VN1R2,0.007666541713592455
ASAH2B,0.007661324135436732
TSPY4,0.007658703811165838
MCOLN1,0.007651272023653495
TPTE2P3,0.007648247228863045
CRISP2,0.00763716348982627
INSL6,0.007625074283737382
ZNF761,0.007624953064818598
SLC17A3,0.007622323891542753
GABRA2,0.007617681632231664
GBA3,0.007614825466551723
ZFAND5,0.007614496335435491
POLR3K,0.007610966660073686
RNH1,0.0076101146440254175
TMCO5A,0.007603493386940077
CDKL3,0.007597443833228142
PLCD4,0.007592754030222003
C9orf50,0.007592587829603211
NWD1,0.007592286080959371
CES7,0.0075906333118188835
OR8D2,0.007586988939185715
MIER2,0.007583844057605138
PROKR2,0.007575473094927008
PDIA5,0.007574347148223919
JUNB,0.007571590208286923
HES3,0.007570539907368282
PMS1,0.007568584198782675
LYZL6,0.007548806124303125
C16orf55,0.007541777722367824
NTM,0.007539206494901833
HIST1H4F,0.007531462879808834
OR9A2,0.007529690935698577
LOC100132247,0.007521096831969043
HSD17B12,0.0075169520894389245
C4orf27,0.007514640323793199
C8orf85,0.00749901233591545
SLC2A2,0.007490777871031227
MYSM1,0.0074894957788984445
LRRC24,0.007478328805119396
OR6W1P,0.007475706886099958
ZNF512B,0.007468161189071355
LOC151174,0.007465687031062757
TPD52L3,0.007462748831319482
YARS,0.007459282390171265
C17orf85,0.007458513274997699
ZNF544,0.0074461904249347646
TPSD1,0.007442605384824584
CSNK2B,0.007432247213790703
PRPF39,0.007423038244515399
FAM75A6,0.007422367315820769
TBL3,0.007420413715264014
DFFB,0.00741563058602438
IKBKB,0.007414975048471291
GBF1,0.007405370595729524
PRLHR,0.00740395100028398
SPEF2,0.00739251439881803
VRK3,0.007391253496631421
HBBP1,0.007389167186470044
FBRS,0.0073884245449964735
CLTA,0.007382687953195959
WBSCR22,0.00737839353558477
MAP3K10,0.007378365371694016
SUMO1,0.007376739407382412
OPRM1,0.007373437653560588
TRIM42,0.007373296543501505
LOC391322,0.0073714773135553835
PPP1R2P9,0.00736962836069778
RPLP2,0.007361800722522525
CCDC127,0.007358723872952384
SST,0.007358591589349531
SAV1,0.007352088313051492
BMP15,0.007350788074968788
CABIN1,0.007347565153826681
SMN1,0.007346494691266078
SNORA5B,0.007345731333296157
CLYBL,0.007341491768016267
SEC61G,0.007321655340790072
SCARNA18,0.007316724334314748
C14orf70,0.007313338473553615
WFDC6,0.007297164791139421
ZFPM1,0.007293068059834583
RPSAP58,0.007292833809322476
RBPJL,0.007287390716739714
C3orf79,0.0072842268755851855
CDKN2AIPNL,0.00728054406576246
KRTAP13-4,0.007278950160159022
KIAA1267,0.007277346774890633
NEDD8,0.00727709946811308
HIST1H2AK,0.007276031552846212
C13orf31,0.007265186578963499
ADAD1,0.007259494406444653
LAMP3,0.007250054015676671
EPHA5,0.007244736787111672
TMED1,0.0072373409653080124
C9orf86,0.007236652945309527
OR10J5,0.007222365173865332
SLC22A12,0.007212422472349489
TYRP1,0.007203580532655679
HCRTR1,0.007201693354276438
KRTAP17-1,0.007197981322529293
DCUN1D4,0.007196547034690034
EPPK1,0.007193713185234952
PCDHB13,0.00719153099039585
GNMT,0.0071837527481448974
RP9,0.007180021297823143
UBAC2,0.00717787510023221
NUBP2,0.007177424363927691
PCDHB9,0.007170993426127661
SLITRK5,0.00716535200076784
OPN1LW,0.007159636147868619
CARTPT,0.007150994619452723
PPEF1,0.007148905357175324
ERH,0.0071485086071740485
C1orf129,0.0071465140083461975
PGK2,0.007144306686050805
ZC3H11A,0.007143582772522626
MYH13,0.007140146607032505
GSN,0.0071371836276007275
COLEC10,0.00713545009152268
PSMD13,0.007134936442821288
PRR18,0.007132640944135303
RNF31,0.007129448376206728
BNIP3L,0.00712589346370951
EP400,0.0071253231621766725
RPH3A,0.007119373875983722
REXO1L1,0.007106174275425064
LOC374491,0.007104409422415966
ENPEP,0.007104070457838411
UTP15,0.007103819402678813
GAD1,0.007100444137930711
ELAC2,0.007096721206908872
NCRNA00112,0.007089709278561389
ZNF93,0.0070730564484544735
SAG,0.007072396726427714
AMPD1,0.007070153849043552
CT45A4,0.00706401126923075
AMH,0.0070564833626567455
NCDN,0.007056449586099258
FOS,0.00705338874631732
HIST1H3H,0.007048159751888977
CXorf58,0.007044066619294894
MBTPS2,0.007041186496778914
SETD1B,0.007040820975163697
DPY19L2P2,0.00703328561918134
CACNG5,0.007029653583839058
TAF4,0.007019182902755129
TREX2,0.00701198108811449
HSN2,0.00700793930062578
SNTG2,0.007003480627700267
ZNF586,0.007001610393682959
MUM1L1,0.006998052976780919
LRRTM1,0.006993550637449087
PTF1A,0.006980044183392486
PSG7,0.00697918384621725
GAGE1,0.006976978326902626
FAM75C1,0.006971722222423667
INSC,0.006965223150854669
GRPR,0.006965055089281138
NBPF14,0.006962636569599462
ZNF625,0.00696203958316839
DCAF8L1,0.0069556104165899805
GSTM2P1,0.006953711583742926
FBXL3,0.006940492883602784
CCDC81,0.006938243988501047
TAS2R30,0.006926935353735663
EBF4,0.006900870022454951
LOC347376,0.006900731089063036
OR52E4,0.006900137028271733
LOC349114,0.006898363113470844
MAP1D,0.0068958323134548135
APCS,0.006889134948564013
KRTAP12-2,0.006887649606731342
BTF3L1,0.006887634494057449
KRTAP3-2,0.006880266055082552
CSPG4PY2,0.006877787551489114
HIST2H3D,0.006865018783528316
SUPT4H1,0.006864991077389815
SUPT7L,0.0068649433774965575
P2RY11,0.0068590269226825925
C11orf10,0.006852959566521554
CWF19L2,0.006851864072159023
KCNIP4,0.006850740457502156
C22orf43,0.006849867697188151
ADAT3,0.006844390405514681
ZNF225,0.006844231894886042
ABHD8,0.00684377188423027
TUBA3D,0.00684192377939863
ORAI1,0.0068413830778150395
DULLARD,0.0068413712638114325
OR1Q1,0.006834202184740366
ACIN1,0.006833787379615772
C1orf141,0.00683224891825664
CHRM1,0.00683109188257131
SIX6,0.006826736904580457
NCRNA00115,0.006825163245754486
PMFBP1,0.00681719279623241
ZXDA,0.006803132662534611
SLC7A5P1,0.006802024949608014
SIAH3,0.0068013142377018635
C14orf102,0.006793308255654225
MCCD1,0.006784166572374394
ANKRD17,0.0067769397629683405
RPS6,0.006771780343269639
CTAGE4,0.006770645085363568
SCARNA6,0.006768579833290591
SDHAF1,0.006767659015413196
PIH1D1,0.00676756062133369
C7orf28A,0.006764087387163816
PRR14,0.006763556171451413
ZNF252,0.006763443838071201
ATP5I,0.006758014317936253
DYNLRB1,0.006747096227592406
PSMC6,0.006744869333731911
ASAH2,0.006742942206609837
LRRFIP2,0.0067427091967834085
SLC24A3,0.00673754820084334
PHOX2A,0.006731314193714582
C18orf34,0.006730919663671521
HAUS7,0.006726914133379619
MAP1LC3A,0.0067245373927670715
PRSS41,0.006723823106550001
AKAP3,0.006714183108791266
FAM120C,0.006713036362759
ERCC6,0.00670834538357712
LOC340094,0.006706274235603451
RANBP9,0.006701218085515663
PABPN1,0.006686206525877482
LQK1,0.006681594842332518
HRSP12,0.006679870686077715
GLIPR1L2,0.006671041197576849
KLHL9,0.006666961624555053
MDP1,0.006661944908172183
CAPN11,0.00665028447960923
TUBB1,0.006642780668381938
CLEC1B,0.006640314941701581
YIPF4,0.0066370504614158155
PPM1A,0.006627646352150944
ZBTB12,0.0066200848115543845
FLJ40292,0.006619906330413534
HSPA8,0.0066174142635468105
SLC36A2,0.006596242120281491
KIAA1430,0.006587983047260125
RXRB,0.00657157979320113
TNMD,0.0065521447597603364
CACNA1E,0.006549517815391224
ATP6V0D2,0.006548451616256266
ECEL1,0.00654479885099377
TMEM188,0.006544312963178671
RALYL,0.006538685404892414
SS18,0.006526711525399108
WIPI2,0.0065266109429899626
ZNF596,0.006523554122936691
PAX8,0.006522810793185849
LOC283332,0.006522601977851905
B3GAT3,0.006516697037002389
ZNF624,0.006514365661470185
CDX2,0.0065087875848690545
ERP44,0.006508176650752681
DLG4,0.006472099082439678
COQ9,0.00647187626492787
ALDH8A1,0.006467687943791094
ZNF233,0.006465167653656123
GALNTL2,0.006459265839735394
ARL16,0.006457688346487897
CARS2,0.006449459369049573
SPDYE7P,0.0064389351047311584
KRTAP8-1,0.006430646222226249
CBLN1,0.006417673335768688
FUNDC2,0.006416131098631523
SMCR8,0.006414484547420329
WASH3P,0.006411605357528142
C15orf51,0.006410806815701264
DCTN6,0.006407153710115319
LOC390595,0.006401738083288858
CALCB,0.00639493961779239
KIF2B,0.006392405063291118
MUM1,0.006391335298091388
BAX,0.006383969510522395
SNORA7B,0.006382823477778029
LRFN2,0.006377545043330695
MTCH1,0.006377469397207899
SSX3,0.006367994117922237
TEPP,0.006367873810781935
CST4,0.006367185229506808
ING5,0.006365063723130369
COPS7B,0.006364790767384952
ZNF354C,0.006360927981144938
PUS3,0.0063497076023391824
ALG10B,0.006346924787112955
BANP,0.006346481906560398
OR10A5,0.006346450734556755
CTAGE9,0.0063432702679739866
IL17F,0.006341455106350346
DPRXP4,0.006340935873492333
TBC1D19,0.006340884607938181
ZNF34,0.006340662684207343
RNF167,0.006337328425340815
NDUFB2,0.006331742374742142
TNR,0.006331430827478037
PPIG,0.006328132253969698
VWC2L,0.006317242801445912
SNORA8,0.006313801441911239
OR2Z1,0.006313742643243695
CDKL4,0.006312345965989936
FABP2,0.006308105312180304
ADAM5P,0.006301328641478098
DDX43,0.006299072265150299
GUCY1B3,0.006285449853895927
ZNF230,0.0062849845192154575
WFIKKN1,0.006282838993265532
NHLH1,0.00628045450835069
C9orf130,0.006279449654109009
ACTL6B,0.006258993649788402
BEND4,0.0062539598426346096
TACR3,0.00625101329961397
ZNF502,0.006241228336479189
INTS9,0.006239814016916673
MKS1,0.006237626497453918
MRPS15,0.006237497306452883
RASL10A,0.006235507455138456
ZNF568,0.00622883608706591
CSN1S1,0.006223644527082277
ZNF843,0.006217528200804125
AUH,0.006207057201720195
TJAP1,0.006197149425725727
EPN2,0.0061915964003808185
C14orf179,0.006189937173748453
STAG3L4,0.006181324481694287
GSTTP2,0.006180813569903788
TRIM65,0.006177189762992405
ZNF670,0.006171186412702607
AFG3L1,0.00616323658581019
NOTCH2NL,0.006152515858872633
PTPN4,0.006152279721436288
OR2L3,0.006145053572110207
GPR21,0.0061445836196734795
FAM21B,0.006136003380764784
WNK1,0.006134768874077653
PTOV1,0.006133421688642817
DOCK6,0.0061313321188627345
DTX3L,0.006129726495527824
GAGE2B,0.006123178891657281
FLJ26850,0.006119985460838166
PAQR6,0.006109708237693085
CELA3B,0.006103111255162432
OR6B1,0.006101715915996331
ZNF630,0.006096665172372159
NHSL2,0.00609536304598245
CNTN2,0.006095042675399075
PFDN5,0.006093163335250591
PSG11,0.006092103198337645
H2AFJ,0.006091313870571263
VIPAR,0.006085592761254611
ANKRD30A,0.006083876780895868
ADRBK2,0.006079266169953424
DENND1B,0.006073092156826769
RLIM,0.006071447758747927
HIST1H2BK,0.006067982071658389
HS3ST2,0.0060608252288926875
SNORA27,0.006053849697421061
BCAT1,0.0060514604556925694
ALG12,0.006049407251268272
TMCO2,0.006046914928388904
NUDT5,0.00604683280986527
RFX6,0.006044916427016791
SPPL2B,0.0060291933127861064
TAAR8,0.006024601756827909
SERAC1,0.006022928617294683
NCRNA00029,0.006001497071450437
KIRREL2,0.00599205231621375
ZMYM1,0.005989208984452933
LCE2C,0.005986541683970742
FKSG29,0.005985050106211922
LEMD1,0.005977398962963546
LPO,0.005977243218797564
RPL31,0.005973981695015063
BREA2,0.005964061066219417
TBC1D10B,0.005962055973986423
IQCF5,0.005961839887683147
ZZEF1,0.005958775518383094
C2orf14,0.005957005705227027
FBXL22,0.005955680478874245
LOC285501,0.005951090358473259
MLH3,0.005947555604571843
C1orf189,0.005946737055687697
CROCCL1,0.005944737065088394
RBMXL2,0.005944033957584281
C11orf94,0.005939685055996619
COMMD7,0.00593728571987143
METRNL,0.005933233160307186
LY6G5B,0.005930724959997295
BEYLA,0.005923750789921864
QPCTL,0.005917261645559656
RPL23AP53,0.00591563037116254
MYLK4,0.005913082774894083
RPL27A,0.005899858605589796
OR52E2,0.00589467219096795
OR5T3,0.005885803772509687
FAM127B,0.005880528713526785
SLC38A6,0.0058755539802377256
MAPK8IP3,0.005870893805688322
KIAA1919,0.005861680877877904
TMEM87A,0.005851096726810691
LOC100271832,0.005848950984674192
PPP2R5C,0.005848698974612386
STX16,0.005848015539316857
HIST1H2BD,0.005846356029566116
POU4F3,0.005844872023442165
UBE2DNL,0.005842003195859686
PARN,0.0058390763600101
INTU,0.0058340994820357634
MMP16,0.005832430444491955
GSTA3,0.005829040383252615
C2orf51,0.005826643614124504
SSX4,0.00580789816086765
PCDHB15,0.005807170880594994
ANKRD37,0.005804001430308232
KIAA1967,0.005803021021163258
FLJ36777,0.00580295140635796
C7orf4,0.0058027862395205855
LST-3TM12,0.0058021011375796495
DEFB132,0.00579905576188507
GHITM,0.005798751403013963
NBLA00301,0.0057928945393545
MGC15885,0.005790184407072468
RPS21,0.005786768110369084
PPP4R1,0.005785279310094255
CLRN1OS,0.005785254268239449
SF3B1,0.005780777625802086
TTTY6B,0.005772251020587955
REM2,0.005768241218684484
RGR,0.005766630003289117
OR5H2,0.005760483987787486
KRTAP5-6,0.005758970698061168
VPS39,0.005751316892077782
KRTAP1-3,0.005747505791750928
SLC22A11,0.0057473468334049505
FAM9C,0.005746379249625635
RPUSD4,0.005743319787129147
TUBA3E,0.0057347244581441685
HPVC1,0.00572107060056583
CDK19,0.005720094542038602
LOC285375,0.0057162021369695
HMX3,0.005707163971768519
ZNF354A,0.005701915647540825
TSPY1,0.005697956996361511
GALNTL5,0.005694215895628134
NXF2,0.005687241877057906
TLE1,0.00567717478925782
ZKSCAN3,0.0056752390336866935
ZNF142,0.005669434061731535
RASSF5,0.005660939847913193
KCNS2,0.0056570720246636765
THAP1,0.005655085899258225
BBS2,0.005646169348431227
TCEB2,0.0056441976117389825
MCM3APAS,0.005642477196435258
FXR2,0.005634609697600287
DRG2,0.005633685186994405
RFTN2,0.005631747645696717
C16orf42,0.00563065441629709
ANKZF1,0.0056291642156972915
LOC644172,0.005628878546766569
NCRNA00157,0.005626005797289727
MAEL,0.005622751951055339
CLN8,0.005621491173307306
SNIP1,0.005612481478211305
CLN5,0.005608648940209094
TCEANC,0.005607693363897307
SLC5A11,0.005607241604539585
PNP,0.0055993292644647774
ADAT1,0.005598286375270502
AP3S2,0.005597271361236228
PYY,0.005591598200534344
LOC100134259,0.00558948293247944
C11orf59,0.005584343268384034
C17orf98,0.005581066088694572
DEDD2,0.005578001994933749
PLEKHM3,0.005576369692383385
CELP,0.005573203132819504
DEPDC4,0.0055596239575334315
CUL5,0.005554982382530499
LOC100128842,0.005541838664778285
LOC646813,0.005540569576410871
OR52A4,0.005534977881014379
DKFZp434L192,0.00553245637673322
LACE1,0.0055311648068248325
OR14A16,0.0055269306927201575
C16orf81,0.005524427826953124
NR2C2,0.005522227529235732
TMEM55B,0.005520344085812851
OR10W1,0.005518845605764769
DUPD1,0.005516148639360584
ZNF644,0.005511845957792205
ITGB3BP,0.00550919189075304
TMEM196,0.005498136389412697
C21orf29,0.0054906623982895475
C12orf40,0.005489086977618439
TMCC1,0.005479051954695433
HIST1H2AA,0.005477562286926697
LIN37,0.005477413222911584
PRKAA1,0.005453369395963909
TNRC6A,0.005449422505006424
SLC17A4,0.005431918650672837
EXD1,0.005431325930939285
NDOR1,0.005421770598150798
GATA1,0.0054193091872799595
MCPH1,0.005415697045414114
LOC652276,0.005411796944915042
TCEB3C,0.005399440571180612
GRINL1A,0.005394133232764209
TTN,0.005389242297618494
LBH,0.005388875620306244
CTNNA3,0.005387746360691368
MRPL33,0.005384769803666603
HSFY2,0.005383434813481453
ANAPC11,0.005367304711398615
MED25,0.00536546222242557
KRTAP4-5,0.00536320541843769
RBMY1J,0.005361924691164742
LOC647979,0.005361563153194743
ST8SIA3,0.0053615330688916935
SLC27A3,0.005359731741501959
CNTROB,0.005355482051469277
TEX13A,0.005354395333405594
PRR24,0.0053423739295097115
RFPL3,0.005341371377889502
UBE2I,0.005333232685080407
TMEM8C,0.005330977951441693
PRAMEF13,0.005329840177865633
ATP6V1G3,0.0053198462710661
NEURL2,0.0052990289471101975
C1orf49,0.005297963047798873
CTU2,0.005287078434385444
G6PC2,0.005275644129805198
SNORA3,0.005270684023035439
C2orf52,0.005269792463827115
RMRP,0.005263102900245668
HERC2P4,0.005262693973674253
SLMO2,0.005251568138821996
AGAP8,0.005243819918628851
C20orf203,0.005224774416786144
CGB1,0.00522416413808604
SNORD115-26,0.0052071740172044976
IPP,0.005202519224428792
C17orf74,0.005199011017879509
TBC1D22B,0.005198569516113688
PTGFR,0.00518785831207026
ZNF417,0.005181668332091748
GRM3,0.005180059802086611
WDR44,0.005166770186026286
NCAM1,0.005165681290724312
CCDC9,0.0051648848182270874
ARGFXP2,0.005161065524993105
MAP3K12,0.00516045483425156
SCAMP2,0.005158075281481543
DNM2,0.005156069690729859
BTAF1,0.005154815271602941
SNORA39,0.005154554351846628
ST8SIA5,0.0051506109660840686
SESN2,0.005148612606320223
OR2B2,0.005144627148806755
USP9X,0.005138492618184892
MYOT,0.005138203450083626
RBMY1E,0.00513632749787968
ZNRD1,0.005130330790510512
POU3F4,0.0051285338974376505
KRTAP12-3,0.005126582278481012
DFNB31,0.0051257654105756134
TTC12,0.005124282642383293
NUPL1,0.005122684644826987
SERP2,0.005119296613841757
XAGE5,0.005106582370925242
METTL11A,0.005104009201067833
OR8K3,0.005100068945373725
WASH5P,0.005099748634198109
ANKRD36,0.005093162237790891
HIST1H4G,0.005089387042464276
FAM19A2,0.005067932000847413
FAM43B,0.005063563346632168
DGCR11,0.005051533064606982
C16orf82,0.005047610773047415
KIFAP3,0.005043055232458148
KRTAP10-10,0.005037946359600789
C6orf138,0.005037848244455388
KCTD20,0.005036041694832339
CA5BP,0.005035952403156928
KIAA1737,0.0050280066136720114
LRRC10,0.005025759381036945
PNPLA8,0.00501569773606358
PGA5,0.005012616958262341
EIF3I,0.005005893521186942
OR1N2,0.00499853120810847
HEXA,0.00499830336349797
DNMT3L,0.004994222035598438
FAHD1,0.004992098709311453
C7orf28B,0.0049913301163556426
SCLY,0.004990206071311661
ALAS2,0.004989137527232457
CDH4,0.0049863846863296155
LOC727896,0.004983115249507101
PTPN20A,0.004976440441549082
TTTY16,0.004976357704949456
GALR2,0.004975652260863456
VSIG8,0.004972957445444904
ATP5O,0.004971424050632909
TMEM207,0.0049707987620196134
FER,0.004968980386701915
TEKT4,0.004968141688248792
ZFP1,0.004965662217240298
LOC647859,0.00496351623816856
CDKAL1,0.004962173030557458
C20orf199,0.0049482002182853774
C9orf71,0.004946504272979306
SGK3,0.004938944332587326
HYAL3,0.004938789799890271
SSX2,0.004936227725199803
MAP1LC3B2,0.004935855391372835
AKAP10,0.004935835254183871
C8orf71,0.004935543169427565
ZNF547,0.004927797898662461
GAGE10,0.00492488757988309
USP35,0.004922211165607879
CXorf48,0.004918891803917161
SERPINC1,0.004913372014865495
RGS21,0.0049076240035600465
OR5AR1,0.004898734177215155
MED31,0.004898495009304385
PLAA,0.004897824760717915
IFI27L1,0.004896572569115518
XKRY2,0.004894632637121281
RAC3,0.004891013057908549
CHRND,0.0048905630816682396
PROKR1,0.004888104612606953
HERC5,0.004871465508484483
MBD3L5,0.004865020707918444
MYADML,0.004852358048084071
MRPL32,0.004848436389211604
TECRL,0.004848334560335258
COG4,0.004848234148024676
KRTAP26-1,0.004835576646373144
OR6N1,0.004835291916071397
WDR7,0.0048280588901093826
INTS4,0.004814398933384313
PNLIPRP2,0.004812970649369574
PIAS3,0.004812176143465457
TTTY4C,0.004811248646463094
LOC100133469,0.004809717064080927
KLHL1,0.004802526454547886
?|280660,0.004796224146390703
?|388795,0.0047942537252530166
SAMD7,0.0047926026619174635
FAM98A,0.004789834771501574
KTI12,0.0047885584686077134
IMPDH2,0.004786628737948077
TAC3,0.004783950761008062
LOC55908,0.004781631025371843
PKLR,0.0047766005015926274
MYLK2,0.004770119374857158
PNLIPRP3,0.004765348453953683
NPY5R,0.0047609711866366125
KRTAP11-1,0.004746473142373018
OR8D4,0.004746152166046746
MAPK14,0.004744389547966995
ESD,0.0047430983403565245
FLCN,0.004733769949759272
SRCAP,0.0047327727199164725
SORCS1,0.004727096255262139
ALDH9A1,0.0047175111133705054
GUCY2E,0.004716592486138283
CSTL1,0.004715821882859852
RIBC2,0.004713308055863539
TIMM9,0.004712836640738294
DDX24,0.004707927873966137
SNORA79,0.004696202531645563
WNK4,0.004692073253881231
ARFGEF2,0.00469107377563661
COX6A2,0.004685635242394739
UCKL1AS,0.004675001505329957
TELO2,0.004672624021313469
PCGF3,0.00467111188244229
CRNKL1,0.00466500041264248
FAM71F2,0.004663727724982637
ARMCX1,0.0046585812897824794
C22orf41,0.004655346200205201
FRG1B,0.004651340608944066
SNRPB2,0.004651100679743004
GNL2,0.004649314011055256
OR52R1,0.004645542477916509
SPINK6,0.004643962233137738
WDR11,0.004642911776918199
VENTXP7,0.004638254294651846
OR8G5,0.0046315970061934775
SCGB1C1,0.004624856926295615
CEACAM8,0.004623873982695435
RBCK1,0.0046159029879320095
SAT1,0.004615035577915665
KRT26,0.004613687900784277
OR10V1,0.004605129202678582
CDIPT,0.00460253651372322
CABP2,0.004597059143938656
GOLGA6C,0.004596329801871221
MS4A10,0.004575717619230279
TEX13B,0.004573418212620777
PRKD1,0.004563512076171576
KRTAP21-2,0.0045562248621534044
CHD5,0.004556053478662342
DPY30,0.004554304569143468
KRTAP10-2,0.004542933112672783
PRPF8,0.00454058036780512
CRK,0.0045361962284400864
DHX40P1,0.004532008938939779
LIPN,0.00453097977919805
SPRN,0.0045273363473771
GUSBL1,0.004520515103641009
LOC146336,0.00451141035804028
OR2AT4,0.004511239455768298
ZNF177,0.004506616443589841
KIAA0406,0.00450261997796938
C20orf106,0.0045011615888208255
PGA4,0.004497371897422956
PCDHB10,0.004484500835616924
OR4D1,0.004478502126870672
ATP8B2,0.004474944560620505
SCARNA5,0.004470453075566228
HEBP1,0.0044697594660864344
TP53BP1,0.004462638954641988
PLSCR5,0.004450109817732222
RNF113A,0.004441915201715993
EGFLAM,0.004440550622870348
AMBN,0.004431949937627523
OR2AG2,0.004431499936873699
IL9,0.004422440907136917
TMEM63B,0.004411543240482433
RGPD5,0.004404311642680618
LYZL1,0.004400734872218966
ECHS1,0.004394308096658639
RBMY1B,0.004392624208900088
TTTY20,0.004392405063291143
RNF25,0.004389699924139081
ISX,0.004389252890898931
BEX5,0.004387324137029539
POTED,0.004372995234047318
LOC100192378,0.004371338373671783
PMCHL2,0.00436541961679648
C21orf56,0.004364547559002981
HTR1A,0.004356887528224139
ATP6V0B,0.004354732908583622
PCDHB7,0.004354518685477219
UBQLN3,0.004352768716879317
GOLGA6B,0.004343972866344418
OR2J2,0.00434137431531569
SYCE1,0.0043319207394735505
JRKL,0.004330779723321898
LIPM,0.004329956326028754
UBL4B,0.0043260350459068475
UNC5D,0.0043156765545199925
C21orf70,0.004312038954256878
GPRASP2,0.004308979618836292
OR2M1P,0.004303797468354425
SC4MOL,0.004300757146533671
PRMT7,0.004300443070288064
LOC643955,0.004290277182865398
GSX1,0.004273993519954686
OR4D6,0.004262845790494025
RPL13,0.00425474134374595
RHAG,0.004253716432443775
C9orf93,0.004244281053648385
C2orf57,0.004234713510412654
DTX1,0.004232447210205841
CT47A1,0.00423033039111162
HMGN4,0.0042284780243815314
C20orf71,0.004227892053445848
GJD4,0.004217245837335005
RPL13AP17,0.0042149632257147485
TMEM107,0.004214959617804189
OR1A2,0.00421450302748576
PAPD5,0.004211306715868478
BTBD18,0.0041980124032049895
KBTBD13,0.004196409628358241
LAMP1,0.004196167751439598
ZNF653,0.004193163492733902
SLC7A5P2,0.004189163980225065
PPIAL4C,0.004188938346400384
EVC2,0.0041848711402153824
EEF1A1,0.00418441038110528
RHOXF2B,0.004182168019043384
FAH,0.004179720984674044
GNAS,0.004175559810039035
ACSF3,0.004173022131462382
FOLH1B,0.0041690822017014335
PRAMEF4,0.00416379828961052
LHX4,0.004160392222877594
SCARNA7,0.0041582506041522105
OR52W1,0.0041533253078512205
LOC728323,0.004143102506359602
APRT,0.004139450623235491
LOC727924,0.004138284007450627
WNT8A,0.004135299865404918
ASPDH,0.0041325676945141564
PTGER3,0.00413155833668671
LOC387647,0.00413075068423145
C15orf55,0.004123147669122357
C7orf33,0.004121717278698574
PATE1,0.004117130963637323
RAPSN,0.00410608657191796
SNORA70,0.004103852185626102
SPIN2A,0.004098881330671966
DYTN,0.0040925438463428315
TAAR9,0.004075417819626092
LOC144776,0.004074928517613473
ABCC10,0.004066597434747346
ATP2B2,0.0040644954417477204
C11orf58,0.004061324280420105
HAPLN1,0.004058909658683561
DDRGK1,0.004058592020933544
C11orf36,0.004057552389230458
MCART2,0.004053920749174854
ZNF187,0.004049108613710088
PGLS,0.004032448411702922
NOTO,0.004031692369877149
MBTPS1,0.004026410926883384
GNAT2,0.004025809073436698
SNORA29,0.004020490724232411
GCG,0.004020111349236886
CUTC,0.004018317506473034
THTPA,0.0040173164577995924
NR1H2,0.004015373125329477
TEDDM1,0.004006982266795207
NELF,0.004006002645604122
SHISA6,0.004002331037483536
MNT,0.00400204417791578
PMCHL1,0.003995304405145687
SLC17A6,0.003992130669509178
GTF2H5,0.0039910563433352905
IFNA21,0.003985908744601551
KIAA0913,0.0039857135364363815
TMEM211,0.003979558169503092
SNORA48,0.003971160076679811
KHNYN,0.0039688314609003334
C9orf44,0.003966576773016286
BHLHE40,0.003946607242941155
GRIK3,0.003943445239405611
SLITRK2,0.003939718275491265
RABEP2,0.003936803643967243
OR5B21,0.003933576278032483
OR52I2,0.003929545429220895
ACSM4,0.003923387160577594
ZNF526,0.003923006523351726
SNORA67,0.003921841737816739
FAM86B2,0.003919157757776035
C3orf32,0.003917226906459179
LOC100128076,0.003916108481733147
SLC30A8,0.003911647719371736
PI4KAP2,0.003910882174802325
NQO2,0.003907863349221779
PTH,0.0039064598071155586
SLC35A3,0.0038951519539313184
CCDC93,0.0038926041538650666
SLC23A3,0.003891562270515169
ACOT8,0.003889163798548902
UBE2D2,0.0038800850427512046
HIATL2,0.0038711735718668966
NDUFB10,0.003870433548578297
FAM179B,0.0038671416454969304
GSTT2,0.003857980088435941
PTH2,0.0038491744436778145
OR11H1,0.003848101265822763
GUSBL2,0.0038471742431261525
EME2,0.0038325568159674884
NEIL2,0.00382902956174298
CHRNE,0.0038159599887514235
NSUN6,0.003815681815590347
LOC642826,0.0038142146503373216
KCNRG,0.0038135139482897026
LRIT1,0.003810000392674594
MICA,0.0038033979769030485
LOC643923,0.003798720703749538
EIF1AX,0.0037971902362097187
C19orf55,0.0037942766343325497
MED12,0.0037927206534272475
STOML3,0.0037787331939283823
C3orf55,0.003777341544352598
TAS2R7,0.003776218256897791
MLLT10,0.0037750139384751715
SNORA38B,0.0037726698573616628
CCKAR,0.003770760616649483
KRTAP5-4,0.0037588121412471033
TIPRL,0.0037506902709843796
NKX2-4,0.0037477090289168894
GLYAT,0.0037433130083845607
MYT1L,0.0037376419091766353
PRAMEF18,0.0037336614412360795
KIF5A,0.0037306366328548456
PDCL2,0.00373047317705118
HILS1,0.003730245940939533
SLC39A3,0.0037299235353527214
C7orf72,0.003723947610643387
OC90,0.003721328934340687
ZGPAT,0.0037152843044174198
GYPB,0.0037057568428238217
ADCK1,0.0037037639868748255
PCDHGA4,0.0037011170416448337
OR11G2,0.0036949511102652706
PCDHB16,0.003693915899293275
LRRC41,0.0036818742150902016
C14orf115,0.003672377627353744
FAM194B,0.00367102016734606
SPAM1,0.003663078628845978
TPRX1,0.0036605622660010727
LIPJ,0.0036588846921978124
C20orf165,0.0036582759376118704
GLYCAM1,0.0036455696202531457
CCDC22,0.0036401104266160075
TRIM6-TRIM34,0.003630397414998336
BCKDHB,0.003627900975599361
APOA1,0.0036270497127202264
RIT2,0.0036248261040190523
ZSWIM6,0.0036159393578035644
ZC3H14,0.003609720568670666
OR14J1,0.003607594936708871
FAM170A,0.0036003923033624736
OR5T1,0.003594936708860751
LOC644145,0.0035944801834643493
LOC340357,0.0035769775255584642
SPANXN4,0.0035696202531645535
BIN3,0.0035685143977033746
DUSP27,0.0035589031144549147
LOC144486,0.0035525241830246666
MKRN2,0.003551871506008849
GPR135,0.0035464167019807077
C14orf166,0.0035458137915819307
SNORD115-13,0.0035443037974683487
C6orf106,0.003529855255769568
SNORA68,0.0035235584101806056
LOC728024,0.003519217423398449
TRYX3,0.0035189873417721335
PRB2,0.003512279257247288
C17orf102,0.003511584873575617
CT47A6,0.0035063291139240424
PRM3,0.00350613947436677
RPL13AP20,0.0034848848888191413
OSBPL2,0.003483152891246807
C22orf24,0.0034794254569500372
LOC730668,0.0034756744936659386
RHBDD2,0.003473317304231778
ZNF785,0.003469733552184808
USP50,0.003469714683358163
NRADDP,0.003460820152351538
SNORA51,0.003458173436614397
ISOC2,0.0034569644541953292
TPI1P3,0.0034568279136512024
SPANXN2,0.003450503505084955
ARL5C,0.0034501063661864137
GRID1,0.0034343614355131337
KRTAP10-11,0.0034317683377434504
FAM161A,0.0034147598873620955
OR2H1,0.003409002473163357
TMEM114,0.0034017794580703015
C3orf45,0.0033945864522108926
LOC100128977,0.003390497827291338
HIST1H2BE,0.0033898865055217216
YY2,0.003372759967499828
RNASE13,0.0033686067272651727
COX16,0.0033652545522493736
EGR1,0.0033624691667074663
SIRT6,0.0033585531685472276
PEX16,0.00335314597313927
C16orf86,0.0033527596794990307
NDUFB1,0.003340409874563257
CCDC73,0.0033348491146164626
N4BP3,0.0033195747645655
SCARNA8,0.003316455696202542
ZNF836,0.0033159274042737132
FKBP1B,0.0033128820668636393
SCAND1,0.0033083560062061104
POTEB,0.003303664782527929
TECTA,0.003299695409080779
TBC1D3G,0.003297525552085166
SNORA42,0.0032919799171686214
FKBPL,0.0032898602860929466
ZMYND8,0.0032884962517504886
MEG3,0.0032857531330680234
KIAA1009,0.0032794601891016424
GSTZ1,0.0032649202869210188
USP29,0.003263088074264825
FAM182B,0.0032589952454728103
MAP3K8,0.00325498931047193
ACSBG2,0.0032533180262651735
PCDHB12,0.0032449473474371036
CCDC163P,0.003238687553493405
ZNF251,0.0032369955819310566
LRRC30,0.003227848101265833
OR2M7,0.003227848101265823
OR2G6,0.0032158974570248517
FLJ12825,0.003214879942340495
LOC286135,0.0032147911835588433
OR2J3,0.003212795597712525
LYG1,0.003212547961715721
GRID2,0.003209183086816431
OR4N2,0.003202153020183914
SNORA31,0.0031978694838733913
CDYL2,0.0031957417481584317
CSTT,0.003189422598353836
RALBP1,0.003186433855278145
LOC100271722,0.0031842879138086638
ANGPTL7,0.0031785616291257843
UXT,0.003176237457335102
SSX7,0.003170154235582386
OR5K2,0.003169102490419509
OR1L4,0.0031684388872295108
CDC5L,0.0031667236719549216
DDX11L2,0.0031639227258802747
PRPS1,0.003160428052495996
GLO1,0.0031581226268171544
PRDM14,0.0031528760289164753
ZBTB22,0.003142204562616435
SNORA45,0.0031391802802662873
SSX5,0.003128624462517583
OR2W1,0.003126635915039691
NDRG3,0.003115137186397736
CELA3A,0.00311083799918966
PRDM15,0.003110601450110728
LRRC29,0.0031027296802503723
SCARNA4,0.003099299430703213
ZIM3,0.0030936386543501545
FGGY,0.00308417422736425
CLRN2,0.003074158442217954
C1orf64,0.003074021935296573
ODF4,0.0030733188616271687
ATP2B4,0.003071028369845551
FLJ14107,0.0030639709541502224
LCE1D,0.003062576346986295
CRHR1,0.003057361271973405
KRTAP10-9,0.0030512234801212254
SENP7,0.003044093149835844
ESRRB,0.0030419679958766225
C3orf77,0.0030274493537551924
LOC401397,0.0030261977571007176
RAB2B,0.003015852447142406
HADHB,0.003012801617793355
C8orf44,0.0030075366973245205
TNN,0.0030051542071053046
ZNF184,0.003003704915374139
C10orf110,0.002996202705876971
ABHD12B,0.0029957485630509816
OR6C76,0.002993574042289448
PMCH,0.0029903459504076317
OR4N4,0.002988650933182491
IFNA6,0.0029873417721518864
CHTF8,0.0029860781272987636
C22orf15,0.0029831065100407246
DZIP3,0.002976231981869709
UQCC,0.002975622629640654
CST9L,0.002974187561576724
UTP14A,0.0029739721374165977
PXT1,0.0029672429746960883
USP26,0.0029571426190139823
ALKBH5,0.002949663574129563
PLAC8,0.0029287175866127032
NLRP13,0.0029162570625467163
GLRA3,0.002915490674796745
IQCF6,0.0029119670099632005
ELMO2,0.0029103393194071024
C4orf14,0.0029079362539474367
DHX16,0.0029050432164474233
CCL3L1,0.0029007030968559396
ATP6V0C,0.002900084304986345
DEF8,0.0028935726003056932
OR7G3,0.0028862516575676313
MED23,0.002878233526528542
FASTKD2,0.0028765793292201028
GUCY2F,0.0028743337015213802
ARPP21,0.0028731608586414744
ESPNL,0.002865199285913723
OR3A4,0.002864519663708379
OR4F21,0.0028642159229480654
SPINT4,0.002859135549967599
KRTAP5-8,0.0028398365265678563
ASB18,0.0028331345721671424
DOPEY1,0.0028266641880167823
FSHB,0.002823703610888951
ATP8A2,0.002822928481904578
FGF8,0.002821586302262095
CACNG2,0.0028197876324499503
PPP2CB,0.0028195378442026874
PRKACG,0.0028135564378208885
HHLA1,0.0028132843939333856
LOC100129716,0.0027797503407096967
ATP1B4,0.002771026474711633
HMOX2,0.0027658512882183296
RGPD8,0.002757019563544986
OR6X1,0.002746835443037968
UBQLN2,0.0027466954375742576
TMED7-TICAM2,0.002730365672363898
SNORA44,0.0027295943295313567
EEF1G,0.002726897585945905
FAM138F,0.0027219771735416376
HIST1H3A,0.0026996727438858654
IFNA16,0.002695768943345321
C19orf71,0.0026876931901146294
MT4,0.002683712522262339
HSFYL1,0.0026835443037974754
CDRT15P,0.0026810558657087997
CDCP2,0.0026491347540458206
ONECUT3,0.002639205970410494
DCAF4L1,0.0026302551694325263
OR10P1,0.0026242552505389856
RASL10B,0.0026192724313743613
LOC285692,0.0026084251986919454
ADAM30,0.002607385963562953
ZFP36,0.0026015167755546456
KLHL20,0.0025936431942143695
RPL5,0.0025883233365647093
AKR1A1,0.0025859627972045847
FOXD4L2,0.002583665110868249
EEF1B2,0.00257577151493474
DGKK,0.002566637996359296
VCX2,0.0025653416284537266
HSPC157,0.002562236802941911
WEE2,0.002539918063261329
NAIF1,0.0025350172374103514
TTTY7,0.002530320135886108
PRSS54,0.002529463589835282
LOC349196,0.002523352812780266
CWC15,0.0025128640953056003
SPO11,0.0025105217049274115
OR7D4,0.0025082164267249104
E2F3,0.002506531588400362
FLJ43859,0.0025064733116386324
CXorf66,0.002493670886075947
CRX,0.0024848918138877705
SLC35A5,0.0024773644913557696
EP400NL,0.002469858445754992
GPR123,0.0024693214070829303
MBD3L2,0.0024669591160347065
OVCA2,0.0024651980534718273
MAP2K4,0.0024623707171057027
PLAC8L1,0.0024564384133820612
SNAR-G1,0.0024474742030804303
GRHPR,0.0024344505585364032
WFDC9,0.0024303797468354475
FRG2B,0.002429748289495225
PLAC1L,0.002428396900171579
PRSS37,0.0024247861888880657
OR4S1,0.00241772151898734
OR11A1,0.002415402286151117
OR51B5,0.002413187941854064
FTSJD2,0.002406701835236408
SLC9A8,0.002406492838148392
OR1E1,0.002400347001612826
CNPY3,0.0023972699820354877
OR3A3,0.002395667828579219
FGF4,0.002388250528802362
RBM25,0.0023853496576053197
KRTAP19-8,0.0023797468354430393
KRTAP2-4,0.0023797468354430367
IFNA4,0.00237938542231772
KLRAQ1,0.0023650320664472873
MC2R,0.0023638228062051723
GLRA1,0.0023464992702999666
YIPF7,0.0023434865657649
C16orf91,0.0023422048648778877
DPH1,0.002327550887201205
ZNF419,0.002322015817546434
MAX,0.0023058170758043076
ATF6B,0.00230493488220807
MUC17,0.0023042460936454194
LRRIQ3,0.0023005407638621573
GCM2,0.00228585406040771
TTTY1B,0.0022813773463136802
XKR7,0.0022777665798238787
BRE,0.0022724468529066056
NBPF16,0.002264709691046783
CCDC144A,0.002263929296901835
HIST1H4H,0.002250795671726408
C11orf64,0.002240506329113925
PRNT,0.0022405063291139247
C20orf196,0.0022397948941514693
?|652919,0.002233642950487123
C6orf153,0.002228035148579281
ATF2,0.0022199325509830786
ZCCHC13,0.0022151898734177225
ATXN8OS,0.002215189873417721
GEMIN6,0.0022108213787082856
SMARCA5,0.0022045464932681728
KRTAP21-1,0.0022025316455696214
PEG3AS,0.002199756869404143
TAS2R41,0.0021978468938909585
KRTAP10-8,0.002189873417721521
LOC255025,0.0021790871521501845
OR11L1,0.002177215189873419
C14orf165,0.0021695159150349826
CEP164,0.002153641429342035
OR4C15,0.002151898734177218
PATE4,0.002146719752916723
MEP1B,0.0021443181474975178
SEL1L2,0.002143551605939545
CT47A2,0.0021372463556059585
OR1L3,0.00211968422381606
EEF1A1P9,0.0021168919509479463
CCDC105,0.0021006465077703343
CHD9,0.002087878833358057
OR2H2,0.0020852983249700827
PALM,0.0020842982066095177
OR2M3,0.002075709367554631
CRYAA,0.0020752116963336617
LOC221122,0.002057237430109535
OST4,0.002052362337430097
CATSPER4,0.0020508387294055955
OS9,0.0020437700985338598
ADCYAP1R1,0.0020410912034923897
HAR1B,0.002038178622621279
CPNE6,0.002038061987281341
CDY1B,0.002037974683544307
KRTAP24-1,0.0020379746835443063
OR4A47,0.0020258130639673674
ZNF550,0.002020728729758878
EPHA3,0.0020156808670992628
SCARNA11,0.002012658227848104
F9,0.0020126027942074464
KCNT1,0.002003612373808631
LDHB,0.0020005406554961173
DCST1,0.001999696043496196
WDR88,0.0019955915689681123
FABP1,0.0019936676103528587
RNF214,0.0019919830558526434
WDR26,0.001985331004887144
SNORA11E,0.0019785718183382727
OR12D3,0.0019746835443038018
FLJ44082,0.0019746835443038018
MBD3L1,0.001974585580465918
OR5K1,0.0019612290078588803
CABP5,0.001960642876431131
CSH1,0.0019601255577896375
GADL1,0.001958491272155261
AASDHPPT,0.0019537992301119616
VCY,0.0019379725846069389
SNORD10,0.0019047186378088879
DAZ4,0.0018987341772151941
C13orf28,0.0018987341772151941
SLITRK3,0.0018979705679094288
TYW1,0.0018972722052553715
GABARAPL2,0.0018964324240954462
RPS28,0.0018958702821502509
FAM66E,0.0018920597137746112
TTLL13,0.0018821811644127297
ATP5J,0.0018633114319884401
FAM27L,0.001862651762744055
PI4KAP1,0.0018537677495950868
SNORA11D,0.001848685694685392
GCNT7,0.0018459353650111315
OR2T35,0.001835443037974687
CLDND2,0.0018313398566857397
SNORA5C,0.0018229351543581393
POLN,0.0018156093961951194
RSPH6A,0.001803652235741132
SLC24A1,0.001795677102831363
INTS4L1,0.001786353152180867
TTC8,0.0017831456285863831
ZNF609,0.0017797416981530554
KIAA0415,0.001778907820989501
NEDD9,0.0017782810425162482
OR14I1,0.001776907091281871
LOC100129935,0.001775648894785163
SLC10A4,0.0017754919596740585
KRTAP10-5,0.001773239126056325
KRTAP10-7,0.0017727018982191987
PRAMEF22,0.0017691493688764956
MADD,0.0017625796465722422
C16orf78,0.001743942804318859
ZNF35,0.0017419820261346127
ITGB1BP3,0.0017346290219376922
TCTN2,0.0017330772803559366
TGDS,0.001727286072593977
OR14C36,0.0017215189873417702
KRTAP4-4,0.0017183654875319574
JPH3,0.0017151827605762613
MRPL54,0.0017110237847248748
ZNF234,0.0017036219452289888
SNORA70B,0.0016962025316455732
SCGB1D1,0.0016940849694945062
PPP3R2,0.0016920242611562141
LOC285796,0.0016908193670180924
LOC285370,0.0016892906228355377
FAM187B,0.0016867459343809638
CCDC14,0.00168475167319688
C10orf53,0.0016841276995842587
LOC645323,0.0016833716778444897
ACER1,0.0016810385795135462
LOC100129055,0.0016794810573153057
ZNF217,0.0016720389714537747
PRHOXNB,0.00167088607594937
TBC1D21,0.0016708860759493697
DAZ3,0.00166891124574858
OR5AC2,0.0016582278481012693
OR2A25,0.0016579870032222494
RAX2,0.0016506458583124464
GTF2IP1,0.0016421472241928158
MTUS2,0.0016177162916897457
ZNF649,0.001612430141614387
POLR2C,0.001612259210892828
FOLR4,0.0015983813781138014
MGC34034,0.0015982251132388764
OR6C4,0.0015949367088607628
OR2T6,0.0015822784810126615
tAKR,0.0015625313505060344
LOC732275,0.0015576862645501936
ANGPTL3,0.0015570261443760014
DEFB125,0.0015569635540351881
STK32B,0.0015507654958471534
DUSP21,0.001533559625430371
SNORA66,0.0015314454960217488
C19orf30,0.0015235609274391394
OR4K13,0.001518987341772155
FLJ40434,0.001518987341772155
ZSWIM2,0.0015139852172316023
DNTT,0.0015128125313960726
OR52A5,0.001506573599427809
CLEC3A,0.0015044071964395752
NCRNA00159,0.0014934228334150354
GAGE13,0.0014880804645023438
PPIL3,0.001480986951223432
TOB2,0.0014687444113446416
SNORA4,0.0014588570081136996
LOC100131691,0.0014565405526413466
GUCY2D,0.0014475592377542084
OR8D1,0.0014453010290223234
OR13H1,0.0014450149049898672
KRTAP27-1,0.001443037974683547
OR5A2,0.0014303797468354458
NDUFS5,0.0014241814566964474
GPR142,0.0014178497686893256
KRTAP20-4,0.0014177215189873447
RING1,0.0014076773411525437
TFAP2E,0.0013990608443800701
SPACA1,0.0013969585453547015
DCT,0.0013942097467005612
PTCHD1,0.0013803924251014213
OR5W2,0.0013797468354430399
CTSL3,0.001377141149164103
C1orf70,0.001376879480461464
SNORA41,0.0013716191217295192
DYNLT1,0.0013673201725602434
OR6K2,0.0013670886075949373
NAA10,0.001365417774693178
TMEM126A,0.001358257797371041
NCRNA00176,0.0013520552115172581
KRTAP19-5,0.0013472444512892202
R3HDM2,0.0013427581246734657
C2orf27B,0.0013417721518987368
LELP1,0.0013414055916056136
UNCX,0.0013332099900305603
DEFA5,0.0013319364639691517
KRTAP19-4,0.0013291139240506355
OR8B4,0.001329113924050635
UGT2B28,0.0013156063451053893
MAD2L1BP,0.0013077237636080121
OR5K4,0.0013037974683544327
UROC1,0.0012906508013108557
DYNC1I2,0.001289425465244241
OR11H4,0.0012880932645725892
SERPINA13,0.0012786216024142313
MLNR,0.0012780854125884623
OR4M1,0.0012775654663996795
OR2T2,0.0012747843051162857
MOS,0.0012655704509818167
SNORA72,0.0012643747516360168
TRIM64,0.0012623316508453154
ZNF773,0.0012441638581354119
OR1N1,0.001243831516341665
LOC729375,0.001241741158815079
OR4F6,0.0012405063291139264
ABCC8,0.001234059083804319
MT1IP,0.001232189633619345
ELAVL3,0.0012279411157923557
SNORA59B,0.0012156189441135466
ZNF192,0.0012155189762823085
TTTY23,0.0012151898734177233
SCARNA20,0.0012151898734177216
DLK1,0.0012146898177881522
OR4D2,0.0012138127887130327
PRR23C,0.0011777635515472728
CCDC144B,0.0011707692953591131
PPT1,0.0011672040555586935
OR51A7,0.0011645569620253183
ZBTB37,0.0011623620143191534
SNORA11,0.0011521423021558196
FAM74A3,0.0011450397884581055
FAM47B,0.001137095174935937
C1orf227,0.0011296130275376748
SNAR-C4,0.0011265822784810142
KRTAP20-2,0.001126582278481013
LOC100128164,0.0011205339535845572
TYR,0.0011195968268969728
HRH3,0.0011178743626504147
RNF112,0.0011167906938737533
ATP5L,0.001116057110673216
C3orf20,0.0011041551237067886
KRTAP6-1,0.0011012658227848118
IFNA10,0.0010876786395384876
PPP2CA,0.001086574531762675
CCKBR,0.0010814026604706083
PPIAL4E,0.0010774635049415236
SPAG11A,0.0010679425623505692
FAM90A1,0.0010637986996882005
OR4S2,0.0010379746835443052
RXFP1,0.0010313146833669047
EVX2,0.001025876798148114
TRIM60,0.0010253164556962029
SNORA56,0.0010230383276437704
C10orf120,0.0010064305420318083
LCE6A,0.000984166661179873
ZSCAN22,0.000983203933835376
OR4E2,0.0009831203524778875
ATF7,0.0009804867033461893
ELOVL5,0.000977140669752416
MYLPF,0.0009645461254823924
DKFZP434H168,0.0009551278376235803
ZNF235,0.0009535863167570147
GDF7,0.0009414971263354565
OR2M2,0.0009367088607594949
FTO,0.0009363401489158915
C20orf107,0.000926896392357745
UPF0639,0.0009247477212094569
CYMP,0.0009218022260658933
ZSWIM1,0.0009190007094436222
RPL21,0.0009170300919826091
NPRL3,0.0009153068079095207
KCNA4,0.0009150428521258057
SNORA38,0.0009113924050632924
NTSR2,0.0009084583751466047
LOC100128554,0.000900585413085829
SNORA32,0.0008829160451878247
EFCAB3,0.0008614697038072898
HNRNPCL1,0.0008614507771087961
IFNA17,0.0008607594936708882
DEFB105A,0.0008607594936708869
MESP2,0.0008552075968479493
RBBP9,0.0008447051496561233
CPN1,0.0008263378972871826
FGF19,0.0008219197155800423
GPR151,0.0008126873910235547
DHRS7C,0.0008001544121087617
UBB,0.0007966887607074243
SNORA71A,0.0007820121998244158
EXOC2,0.0007802385959820412
LOC389033,0.0007754370241937533
SLC6A13,0.0007736924526549142
LOC613037,0.0007722823334575087
LRRC67,0.0007715238440040027
ZFP91-CNTF,0.0007600644988413535
OR4F15,0.0007594936708860765
KRTAP6-3,0.0007468354430379746
C15orf2,0.0007397186365651866
LOC407835,0.0007358667030639297
OR5B3,0.000734177215189874
KRTAP3-3,0.0007221930911330206
SNORA58,0.000721518987341772
RESP18,0.0007154083195954964
LCN6,0.0007131938126736207
OR4A15,0.0007088607594936714
OR51L1,0.0007088607594936713
TTTY5,0.0007053924167137543
PHF3,0.0006994609915481831
RNU6ATAC,0.0006964206100905785
CHRM2,0.0006844673554035597
BEND2,0.000681061685367001
RIMBP3,0.0006774845319937839
LOC339568,0.0006685405152433571
ZNF827,0.0006636657413658069
ZNRF4,0.0006595157047748399
SMCR5,0.0006584641698669653
TREML2P1,0.0006584229760355025
KRT27,0.0006527224457360335
MPZ,0.0006524016521619061
ACYP2,0.0006499924876986039
SNORA14A,0.000645988056861579
GPR139,0.0006455696202531646
C3orf48,0.0006448706413056395
OR5P3,0.0006446303065223781
CSN2,0.0006343676053056975
CCDC79,0.0006338757421138339
STH,0.0006260624306077738
TTBK1,0.0006257257041109403
NOX3,0.0006147975321148176
C1orf146,0.0006144837289399414
ST7OT2,0.000607744499388464
OR1D2,0.0005949367088607601
SULT2A1,0.0005940343757663429
AGBL2,0.0005867062523246061
GPR22,0.0005712841997160953
NDST4,0.0005682086298072919
MORF4L2,0.0005619038293740514
PWRN2,0.0005513253610596983
HTR3D,0.0005467482235762381
MAPK7,0.0005423231195100804
MAGEE2,0.0005308433959074711
KLF1,0.0005222170237713622
SCGB1D4,0.0005189873417721522
FKSG73,0.0005189873417721516
MRPL52,0.0005163489588140703
FAM71A,0.0004943645942257186
SNORA24,0.0004936767210718142
CRYGA,0.0004936708860759488
IER3,0.00047706116541187943
SLC22A14,0.00046563258628670934
SNORA75,0.00046072438737159387
TBC1D20,0.0004582179705973459
TMEM102,0.0004435746150618531
OR52A1,0.000443037974683544
GAGE2E,0.000439462364028045
EEF2,0.0004391993000442092
CISD1,0.0004356103993373851
FAM92A3,0.0004321922399480293
OR10J1,0.00043037974683544293
C14orf148,0.0004286670606278454
OR8B12,0.000416478303584738
IFITM1,0.0004119394338070985
SNAR-F,0.00040506329113924026
PGLYRP2,0.0004008896478914692
FLJ43950,0.0003959726526348824
PASD1,0.00039361783686158727
LEUTX,0.0003914954440031106
HIST2H2BF,0.00038611102864209967
HKR1,0.00038248653156804405
SCARNA27,0.0003797468354430377
OTOL1,0.00037911924813255473
BPIL3,0.00037505186409270976
PRH2,0.000344374877502525
CHMP2A,0.00034136250911171974
C9orf153,0.00032344805196180866
GAGE12F,0.0003165044452010145
LOC730811,0.0003164556962025316
FAM24A,0.0003164556962025315
OR13G1,0.00030450350701918843
OR2A12,0.000299971594118838
LCE1A,0.0002924441374688773
AVP,0.00028148398030983305
KRTAP9-9,0.0002668363794163083
DBX1,0.00025565295587467963
OR2Y1,0.0002531645569620252
IMPG2,0.00025140231129907166
DISC2,0.0002464570309798005
RIMBP3C,0.00024433009761796044
ACTR5,0.00024068176256965924
SNORA36A,0.00024050632911392327
CACNA1S,0.00023733552220398142
ZNF222,0.0002316188734414374
OR8B2,0.00022824597598893124
HSFX1,0.00022784810126582272
OR10Z1,0.00022784810126582272
OR4C13,0.00022784810126582272
OR4C12,0.00022784810126582272
ASCL3,0.00021951523197556177
SNORA16B,0.00021882419127988644
FGF6,0.00021518987341772144
MAS1L,0.00020383073670727196
DEFB109P1,0.00020253164556962046
SNORA28,0.00020253164556962032
DEFB135,0.0002025316455696202
HIGD2B,0.00020180023020186362
LOC284661,0.00019742382589342186
TAAR5,0.00018987341772151896
OR5M1,0.00017721518987341781
OR2M5,0.0001772151898734177
SNORA20,0.00016694852600040124
OR8H1,0.00016455696202531645
KIAA0174,0.00015207096883757782
HAPLN2,0.00014812677261921594
POU1F1,0.0001469051705642625
OR1L6,0.00014396555467713207
C10orf113,0.0001417049738476385
CEACAM16,0.00014050727328804728
KRTAP19-6,0.00013924050632911395
OR1S2,0.00013924050632911395
SNORA30,0.00013924050632911395
IGLL3,0.00013726483358965415
IQGAP1,0.00013408553176386855
OR5M3,0.0001265822784810127
REG1P,0.0001265822784810127
GC,0.00011598921183879231
MYT1,0.00010741823515549975
HYALP1,0.00010020576535610998
MAGEB18,9.234261681818765e-05
CT47A11,8.860759493670887e-05
NPHS2,7.661873023368392e-05
CD200R1L,7.629351522580775e-05
PHF23,7.42431004221545e-05
DDX27,6.755463720787838e-05
NPS,6.329113924050633e-05
TAS2R16,6.329113924050633e-05
OR6C1,6.329113924050633e-05
LOC100169752,6.329113924050633e-05
SCARNA15,5.817675066774992e-05
EEF2K,5.063325913636586e-05
DEFB118,5.0632911392405094e-05
ARGFX,4.330307247187326e-05
CSN1S2A,3.79746835443038e-05
OR2G2,3.7974683544303685e-05
LOC441046,2.3460643494577145e-05
DNAJB14,2.3151730968018037e-05
MUC7,1.4076549131863142e-05
CDY1,1.2658227848101267e-05
OR4C45,1.2658227848101267e-05
SNORD81,0.0
SNORD54,0.0
SNORD38B,0.0
SNORD115-3,0.0
SNORD50B,0.0
SNORD114-7,0.0
SNORD114-16,0.0
SNORD37,0.0
CT47A7,0.0
OR4C46,0.0
SNORD114-20,0.0
SNORD115-4,0.0
RNY4,0.0
SNORD87,0.0
SNORD113-4,0.0
RNY5,0.0
SNORD91B,0.0
SNORD109B,0.0
SNORD27,0.0
SNORD26,0.0
SNORD114-4,0.0
SNORD113-9,0.0
OR8K1,0.0
SNORD114-19,0.0
SNORD113-1,0.0
SNORD114-12,0.0
SNORD31,0.0
SNORD113-6,0.0
SNORD57,0.0
SNORD30,0.0
SNORD113-5,0.0
SNORD114-30,0.0
SNORD114-14,0.0
SNORD65,0.0
SNORD114-31,0.0
SNORD115-35,0.0
SNORD80,0.0
SNORD127,0.0
TTTY12,0.0
SNORD115-11,0.0
SNORD115-22,0.0
SNORD104,0.0
NMS,0.0
SNORD115-10,0.0
SNORD116-23,0.0
SNORD113-2,0.0
SNORD43,0.0
SNORD115-30,0.0
SNORD119,0.0
TTTY19,0.0
SNORD115-2,0.0
SNORD71,0.0
?|317712,0.0
PRR20B,0.0
SNORD32B,0.0
SNORD16,0.0
SNORD93,0.0
SNORD115-33,0.0
KRTAP23-1,0.0
SNORD99,0.0
HBII-52-27,0.0
SNORD77,0.0
SNORD98,0.0
CT47A10,0.0
SNORD18B,0.0
OR4K5,0.0
KRTAP22-1,0.0
SNORD48,0.0
SNORD115-6,0.0
SNORD76,0.0
SNORD115-5,0.0
SNORD55,0.0
SNORD92,0.0
TTTY13,0.0
SNORD44,0.0
KRTAP20-1,0.0
SNORD45B,0.0
SNORD115-8,0.0
TTTY17A,0.0
SNORD116-29,0.0
?|728045,0.0
SNORD115-25,0.0
SNORD73A,0.0
OR4K2,0.0
SNORD19,0.0
HBII-52-24,0.0
SNORD114-1,0.0
SNORD45A,0.0
OR10X1,0.0
SNORD114-17,0.0
SNORD61,0.0
SNORD88C,0.0
SNORD34,0.0
SNORD86,0.0
SNORD114-29,0.0
OR2T27,0.0
SNORD35A,0.0
SNORD35B,0.0
OR2T29,0.0
TEX28,0.0
SNORD46,0.0
SNORD114-13,0.0
SNORD114-8,0.0
RNU5E,0.0
SNORD114-10,0.0
SNORD8,0.0
SNORD19B,0.0
SNORD115-31,0.0
SNORD70,0.0
KRTAP20-3,0.0
TTTY21,0.0
SNORD36A,0.0
SNORD32A,0.0
SNORD115-7,0.0
SNORD124,0.0
OR10K2,0.0
SNORD105,0.0
SNAR-C2,0.0
PISRT1,0.0
SNAR-A3,0.0
SNORD116-18,0.0
PLA2G2E,0.0
SNORD56,0.0
SNORD116-19,0.0
OR5I1,0.0
SNORD116-15,0.0
SNORD69,0.0
DEFB112,0.0
SNORD63,0.0
SNORD102,0.0
DEFB113,0.0
SNORD116-10,0.0
SNORD96B,0.0
SNORD115-9,0.0
SNORD116-27,0.0
SNORD18C,0.0
SNORD116-13,0.0
SNORD115-40,0.0
SNORD47,0.0
SNORD9,0.0
SNORD2,0.0
PRR20A,0.0
SNORD5,0.0
SNORD7,0.0
SNORD115-41,0.0
SNORD67,0.0
C11orf40,0.0
SNORD6,0.0
SNORD115-38,0.0
SNORA11C,0.0
SNORD60,0.0
SNORD115-32,0.0
SNORD114-6,0.0
SNORD90,0.0
OR4C11,0.0
SNORD68,0.0
SNORD41,0.0
KRTAP19-2,0.0
SNORD88A,0.0
SNORD115-14,0.0
SNAR-A13,0.0
SNORD18A,0.0
VTRNA1-2,0.0
SNORD95,0.0
SNORD116-22,0.0
KRTAP25-1,0.0
SNORD114-5,0.0
SNORD49B,0.0
SNORA11B,0.0
DEFB116,0.0
SNORD91A,0.0
SNORA70C,0.0
DEFB114,0.0
SNORD33,0.0
S100A7L2,0.0
SNORD82,0.0
SNORD116-25,0.0
OR6P1,0.0
SNORD115-39,0.0
SNORD38A,0.0
SNORD52,0.0
SNORD115-1,0.0
SNORD114-28,0.0
PRAMEF3,0.0
SNORD126,0.0
SNORD78,0.0
SNORD116-1,0.0
SNORD125,0.0
SNORD29,0.0
SNORD116-24,0.0
SNORD58A,0.0
DEFB130,0.0
SNORD116-3,0.0
SNORD51,0.0
DEFB134,0.0
SNORD116-2,0.0
SNORD58C,0.0
OR5B17,0.0
SNORD114-9,0.0
SNORD62A,0.0
SNORD115-44,0.0
SNORD36C,0.0
SNORD105B,0.0
SNORD115-48,0.0
SNORD4B,0.0
SNORD116-14,0.0
SNORD114-22,0.0
SNORD84,0.0
TSSK2,0.0
SNORD59A,0.0
SNORD85,0.0
SNORD115-17,0.0
SNORD59B,0.0
SNORD114-23,0.0
TTTY17B,0.0
SNORD4A,0.0
OR8J1,0.0
SNORD116-8,0.0
HBII-52-28,0.0
SNORD114-26,0.0
SNORD11B,0.0
SNORD114-27,0.0
SNORD114-24,0.0
SNORD123,0.0
SNORD66,0.0
SNORD114-25,0.0
SNORD49A,0.0
SNORD116-16,0.0
KRTAP6-2,0.0
SNORD12B,0.0
OR51A2,0.0
SNORD111B,0.0
SNORD74,0.0
BSPH1,0.0
OR4P4,0.0
SNORD23,0.0
SNORD75,0.0
SNORD115-20,0.0
SNORD20,0.0
SNORD28,0.0
VTRNA1-3,0.0
SNORD45C,0.0
DUX4,0.0
SNORD114-3,0.0
SNORD114-2,0.0
SNORD114-11,0.0
SNORD53,0.0
VTRNA1-1,0.0
SNAR-A4,0.0
SNORD121B,0.0
SNORD50A,0.0
SNAR-G2,0.0
SNORD42B,0.0
SNORD121A,0.0
SNORD36B,0.0
SNORD12C,0.0
TTTY22,0.0
XKRY,0.0
SNORA35,0.0
SNORD116-26,0.0
SNORD114-15,0.0
SNORD24,0.0
SNORD114-18,0.0
SNORD72,0.0
SNORD96A,0.0
SNORD116-12,0.0
SNORD115-16,0.0
SNORD1B,0.0
SNORD116-11,0.0
SNAR-A2,0.0
TAAR2,0.0
SNORD1A,0.0
OR6Y1,0.0
SNORD25,0.0
SNORD113-7,0.0
SNORD21,0.0
OR51V1,0.0
SNORD11,0.0
SNORD114-21,0.0
SNORD88B,0.0
SNAR-H,0.0
SNORD115-37,0.0
DEFB128,0.0
LOC653545,0.0
SNORD79,0.0
SNORD12,0.0
DEFB110,0.0
SNORD116-5,0.0
DEFB127,0.0
OR5M9,0.0
SNORD117,0.0
HBII-52-46,0.0
PRR20D,0.0
HBII-52-45,0.0
SNORD111,0.0
SNAR-I,0.0
SNORD42A,0.0
SNORD110,0.0
SNORD56B,0.0
PRAMEF10,-7.588248760771065e-08
H1FOO,-1.500952022780199e-06
RHOXF1,-1.5471133614037235e-06
OR1L1,-1.1100174582381265e-05
OR5J2,-1.2658227848101267e-05
OR6C74,-1.2658227848101267e-05
EIF2S3,-2.2368739394559187e-05
OR51F1,-2.5316455696202533e-05
OR7A17,-2.5316455696202533e-05
OR5F1,-2.5316455696202533e-05
OR5H14,-2.531645569620256e-05
RGS8,-3.5687425356316656e-05
OR10C1,-3.79746835443038e-05
OR8J3,-3.79746835443038e-05
LCE4A,-3.79746835443038e-05
OR4X1,-3.79746835443038e-05
OR5R1,-3.79746835443038e-05
CPO,-4.971072027268298e-05
OR5AN1,-5.014760644340899e-05
LOC151300,-5.0632911392405066e-05
OR6K6,-5.06329113924052e-05
PRAMEF12,-5.8070744785536546e-05
LOC26102,-6.232583518547507e-05
TTTY3B,-6.329113924050633e-05
SNAR-C3,-6.329113924050633e-05
PRAMEF17,-6.329113924050633e-05
ZNF322B,-6.365646471933971e-05
OR4M2,-7.208129318497368e-05
CYP7A1,-7.383856828724217e-05
TTTY11,-7.59493670886076e-05
OR4B1,-7.59493670886076e-05
OR5AS1,-8.860759493670887e-05
OR10T2,-8.860759493670887e-05
RNASE12,-8.860759493670887e-05
OR10AG1,-9.094674485685018e-05
C5orf48,-9.135223580440628e-05
MLN,-0.00011392405063291126
OR5L1,-0.0001139240506329114
OR4D9,-0.00012658227848101267
LOC728410,-0.0001265822784810127
OR6F1,-0.00013442561914021317
GABRB1,-0.00013455570291891818
SNORA36B,-0.00013924050632911395
PRR20C,-0.0001518987341772152
OR4Q3,-0.00015541735543368035
FAM164A,-0.00016071871975922717
NPVF,-0.0001645569620253164
?|136542,-0.00016455696202531645
OR8B8,-0.00016455696202531645
SNAR-D,-0.00016455696202531645
FAM71B,-0.00016455910559841296
TRIM77,-0.00018613726183378188
DEFB136,-0.00018987341772151896
DEFB108B,-0.00018987341772151896
OR6C6,-0.000189873417721519
MRGPRG,-0.000189873417721519
HIST2H2BE,-0.0001906475606918557
C8orf77,-0.00019792848269546017
DCD,-0.00020253164556962005
OR52J3,-0.0002025316455696202
CT47A9,-0.0002025316455696202
VPS53,-0.00021085918683242449
GNAT3,-0.00021479240412806697
OR52E8,-0.00021518987341772138
OR8I2,-0.00022784810126582272
LOC100130274,-0.00022792614538223797
TSPYL6,-0.00023369827610918983
CCNDBP1,-0.000237148579960464
LOC402644,-0.00023725582944703592
SNORA19,-0.00025316455696202517
C7orf13,-0.00025342993140136153
SNORD15B,-0.00025400297658709583
PRAMEF14,-0.00027034616990477
OR2D3,-0.0002753355334967599
LDHAL6A,-0.00027749496171178745
CSHL1,-0.000291139240506329
OR5H15,-0.00029113924050632904
ODF3,-0.00029218962085023715
SLC22A8,-0.00030258294969857317
?|404770,-0.00030379746835443024
GPR112,-0.00030431984949743767
ATXN3L,-0.00030730048805491163
WRAP53,-0.0003129119263524822
OR51D1,-0.0003164556962025315
C21orf94,-0.0003182163470754025
KRTAP10-3,-0.00032817408410666383
SLC9A11,-0.0003315993486281073
OR51T1,-0.00035337206451910535
TTTY2,-0.00036052933640659643
TTTY6,-0.0003659533970251631
DEFB106A,-0.0003670886075949365
CETN1,-0.00036904202864522013
GFRAL,-0.0003757782775323596
RALGAPB,-0.0003769726966894002
DEFB129,-0.0003797468354430378
FAM96B,-0.000384184039979937
STYK1,-0.0003932624367907361
OR2A14,-0.0003947250517555694
SOCS3,-0.00039561312089146433
TBC1D26,-0.0004016018194078525
OR1S1,-0.00040506329113924026
RABGGTB,-0.0004063527277020669
MYH8,-0.0004069169718120827
FSD2,-0.0004115931863998137
OR2G3,-0.0004177215189873415
OR10A7,-0.0004177215189873415
CACNB4,-0.00042742497600973964
DEFB121,-0.00043037974683544277
C7orf66,-0.00043366945576771797
OR2T1,-0.000443037974683544
OR5L2,-0.000443037974683544
SERPINA9,-0.0004499037264394113
TAS2R1,-0.00045408176741206977
OR2T11,-0.00045569620253164587
LAMC3,-0.0004581067373179415
RTP2,-0.000463430612936297
TGM7,-0.00046935123019527724
LOC100287704,-0.0004810126582278471
P2RX6P,-0.0004810126582278478
SNORA40,-0.0004818804513106462
C20orf46,-0.00048693406902878416
DEFB122,-0.000493670886075949
C20orf166,-0.0005121628453695768
SNORA52,-0.0005156167116013422
SCARNA22,-0.000517052824618688
MYF5,-0.0005188690165372379
KRTAP10-12,-0.0005316455696202533
C3orf27,-0.000533223608419481
TRIM71,-0.000548336706201038
OR7G1,-0.0005569620253164556
SNORA46,-0.0005613425948489815
TFE3,-0.00056949948548337
SNORA36C,-0.0005696202531645569
BTN2A3,-0.0005912856192535035
GOLGA6D,-0.0005965511736412226
DEFA6,-0.0005972151290885295
RBMY1F,-0.0005992225970813225
C9orf131,-0.0006014973564596513
FAU,-0.0006114078009074001
OR51G2,-0.0006216418926529384
SALL3,-0.0006261849834480219
LOC645752,-0.0006304754346394786
TTTY18,-0.0006455696202531645
TMEM225,-0.0006455696202531646
LOC401387,-0.0006516010807917767
OR4F17,-0.000658227848101266
IL3,-0.0006615324560776204
COMMD1,-0.0006660547306207038
SNORA50,-0.0006696851721522892
C14orf104,-0.0006806072271138244
OR51F2,-0.0006835443037974683
OR9Q2,-0.0006835443037974686
MORC1,-0.000688796487311288
SSPO,-0.0007135491919729023
OR5D16,-0.0007215189873417726
CRYGD,-0.0007426431658408036
MAP3K15,-0.0007427564729258782
GLT6D1,-0.0007480471928397065
TBC1D28,-0.0007510446380816568
ATP6V1H,-0.0007520455642383296
C9orf70,-0.0007525625165679832
OR5B2,-0.0007575260370238308
KRTAP12-4,-0.0007594936708860763
OR5A1,-0.0007709509684504388
MS4A5,-0.0007721518987341779
C22orf42,-0.0007738350804047792
OR56A4,-0.0007805684784469315
OR2F2,-0.0007848101265822783
SCARNA23,-0.0007848101265822793
GZF1,-0.000786940039718098
SNORA80,-0.0007933098860654599
XAGE3,-0.0007952709896296323
NFATC2IP,-0.0008040294177231941
DEFB115,-0.0008101265822784827
psiTPTE22,-0.0008121578015144605
TRIM50,-0.000818864835911308
HIST3H3,-0.0008190589274585697
SNORD103A,-0.000822784810126583
SNORD89,-0.0008235477867148471
RPL41,-0.0008257919303265351
SLC22A10,-0.0008348256173314243
OR8U1,-0.0008354430379746843
OR51S1,-0.0008354430379746843
LOC401127,-0.0008367405591187925
FAM184B,-0.0008465963412739371
BARHL1,-0.0008555287867163774
C1orf185,-0.0008594953944515701
RBMY3AP,-0.0008607594936708861
OR52N1,-0.0008797530152125328
PDZD9,-0.0009081113852723997
SCARNA16,-0.000925575315728177
FEV,-0.0009290431568421741
PNMAL1,-0.0009312468111050112
SPATA3,-0.0009367088607594942
OR6C68,-0.0009367088607594948
OR4F5,-0.0009375602549174254
C20orf185,-0.0009425421859200195
NCRNA00235,-0.0009425977704699263
ZNF75A,-0.0009785697963624943
SNORA1,-0.0009870120144778068
CNBD1,-0.0009917922249239458
PCDHB19P,-0.0009923496501325797
ACTRT2,-0.001011234552364399
PPIAL4B,-0.0010126582278481026
CYP11B2,-0.0010253164556962029
TXNDC8,-0.001025316455696203
C2orf53,-0.0010305969461293423
EPX,-0.0010319246403673217
FAM74A4,-0.001045436784393221
KCNAB3,-0.001047008143533234
SCO1,-0.0010543788298295518
ZBTB9,-0.001063739015587406
FTMT,-0.0010644876667283605
ZNF358,-0.001065816224103254
SEMG2,-0.0010693897020058666
OR4A16,-0.0010757583793525392
KRTAP13-3,-0.0010759493670886092
OR5D13,-0.0010759493670886092
RAB11B,-0.001079113527506174
USP16,-0.0010812425122689105
RBM12B,-0.0010849711763684013
EGLN2,-0.001092422090471997
CCDC144NL,-0.0010958294311991259
KRTAP15-1,-0.001101265822784811
OR10H3,-0.0011139240506329124
RUNDC2C,-0.0011187404316540508
PAFAH1B1,-0.001120738741266998
KRTAP4-12,-0.0011233064517730384
HEATR3,-0.0011252743534151965
STMN2,-0.0011304368923594837
HTN3,-0.0011310686116430583
DEFB131,-0.0011355370531461022
KRTAP19-7,-0.0011392405063291157
PSMG2,-0.0011557740677124988
OR52B2,-0.0011599184262330903
FRMD1,-0.0011688593344791993
PROK1,-0.001174271145292523
RPGRIP1L,-0.001178791072528055
DACH2,-0.0011835119447030447
?|728788,-0.0011940076520620753
OR10G7,-0.001202531645569621
BMS1P4,-0.0012028487294821286
MYOG,-0.0012084587353574678
SNTG1,-0.0012172078645550026
SNORA84,-0.0012176314588422102
OR2M4,-0.0012257166838881399
OR10H4,-0.001227848101265817
ANGEL1,-0.0012311536727757117
RPS27,-0.0012499831303925588
INS,-0.0012535804559217316
OR2L8,-0.0012658227848101277
OR1A1,-0.0012658227848101288
LENG1,-0.001273569497397326
MON2,-0.0012880382604393771
CCDC38,-0.0013080235061873843
LIPI,-0.0013186608758926663
LOC339240,-0.001320852921809005
BPY2,-0.0013515327488062656
UBE2U,-0.0013609734247328066
TPO,-0.0013636276129324974
LOC388946,-0.0013692316596817654
FAM99B,-0.0013797468354430403
NEUROD6,-0.0013854698449284543
MON1B,-0.0013938837924943488
BHMT,-0.0014291728563057976
NCRNA00207,-0.0014317859145843701
HCG4P6,-0.0014477387763142202
PRR25,-0.0014500025749039547
CDX4,-0.0014556962025316445
KRTAP5-5,-0.001463338119430044
PPP1R3A,-0.0014703313645751553
ACOT12,-0.0014730033086388687
OR10H2,-0.0014770637613055653
PECI,-0.0014858650984716677
OR5M8,-0.0014962273781138507
DIDO1,-0.001509006165552397
OR9I1,-0.0015189873417721534
OR8H3,-0.0015189873417721543
LOC729121,-0.0015189873417721547
C4orf11,-0.0015316455696202554
SLC22A24,-0.001545115922176105
HEATR4,-0.0015459758729272925
SMARCAL1,-0.0015513491919102818
OR6B3,-0.0015659830532054064
VN1R4,-0.0015822784810126619
OR4K1,-0.0015856949078134914
OR6C65,-0.0015964489389340918
RPS29,-0.0016009661057090603
OR8H2,-0.0016075949367088632
OR8G2,-0.0016201645290031621
OR13F1,-0.0016374544073512781
IFNA5,-0.0016399358814415434
?|441362,-0.001645569620253168
OR7A10,-0.001645569620253168
GIF,-0.001646243336207311
RXFP2,-0.001648555596972781
TAS2R42,-0.001656256635608755
KRTAP7-1,-0.0016606775583496928
PNLIPRP1,-0.0016616356408656057
PRDM7,-0.0016643060164248705
SCARNA14,-0.00167088607594937
CER1,-0.001674319076370801
PCDHGA1,-0.0016757677478193664
ERICH1,-0.001683323825391081
SNORA15,-0.0016876146568483323
OR6Q1,-0.0017088607594936745
SERPINA7,-0.0017139234895558802
LOC286359,-0.0017161321833361386
CHAT,-0.00172180689173403
OR2D2,-0.001724154636609303
PCDHGC4,-0.001724477418122342
PRM1,-0.001732985873150065
ZKSCAN4,-0.0017393465213499117
C4orf37,-0.0017452322689143242
CELA1,-0.0017828927675144796
ZFATAS,-0.00178901622942333
ASB17,-0.0018040945675855751
OR5C1,-0.001810923292922087
CCDC122,-0.0018274245911108105
OR1E2,-0.0018339930803173506
OR10G8,-0.001835443037974687
RBMXL3,-0.001845017045864191
C20orf79,-0.001848101265822788
C13orf39,-0.0018525483614221868
OR2T12,-0.0018607594936708898
DMRTB1,-0.0018726018978133055
LOC150568,-0.0018843471597004367
OR4K17,-0.0018861119980224715
PVALB,-0.0018950254020664308
OPALIN,-0.0019005655318866152
LOC646498,-0.0019011542380665376
OR4C3,-0.001911449098098252
SPANXN1,-0.001913109198407409
POTEA,-0.0019153809248887578
OR9G9,-0.0019243059526078436
LOC390858,-0.0019337889921979723
GABRA4,-0.0019471390801326395
LOC100272217,-0.0019523973706780894
GTF2H2B,-0.001955896516333004
WFDC12,-0.0019818697646722338
MC5R,-0.00199721162336045
UBE2V1,-0.0020008475217252433
YTHDF1,-0.002003054315373258
OR10R2,-0.002012658227848099
GGNBP1,-0.0020138690148596553
FAM138E,-0.0020194730754357682
OR4F4,-0.0020239942998104255
HIST1H2AM,-0.0020413747455958497
FRMPD2L1,-0.0020470278333064615
ATP2B3,-0.002049468191351974
SNAR-E,-0.002050632911392408
KDM4DL,-0.0020550164188874328
PRAMEF9,-0.002060677712117817
CHST5,-0.0020728197552925204
TMEM11,-0.002082345569810693
BSDC1,-0.002097148542255488
BCYRN1,-0.002101740290304994
PRG3,-0.002105263845709728
SNORA54,-0.00210804970569342
KCNK4,-0.0021182393133077873
OR13C8,-0.002126582278481014
OR5H1,-0.0021392405063291164
COX8C,-0.0021431205804693337
OR5AP2,-0.002151898734177217
KRT25,-0.0021543500967809047
NCRNA00171,-0.0021615940519172953
GPR61,-0.002163180443490492
DUXA,-0.0021878115004199347
FAM154A,-0.002188362038425938
CST8,-0.002208564176502512
OR4C16,-0.0022151898734177225
TRAPPC2L,-0.0022201728810899214
TAS2R8,-0.0022291206789654366
?|100130426,-0.002229725240041199
OR7C2,-0.002240506329113922
OR4D11,-0.0022405063291139247
OR5D14,-0.002240506329113926
MED17,-0.0022434129616228544
OR10G3,-0.0022536585547037508
SNORA57,-0.002254093535140052
GDF3,-0.0022578125839906905
NKX6-3,-0.002260989526310301
PAX4,-0.0022644414593509725
SPACA5,-0.0022743667998451527
PCGEM1,-0.0022803370059161776
FLJ32063,-0.0022804577657124965
OR51A4,-0.0022911392405063286
FLJ46361,-0.0022997229646130376
ANKRD34C,-0.0023091076296700803
OR10A4,-0.002328569319397397
C9orf27,-0.002329081302754754
NHEG1,-0.002332507037122324
TAS2R3,-0.0023341028760749
SNORA23,-0.00235367984023367
OR10G9,-0.0023544303797468345
OR10K1,-0.002354430379746835
HCG11,-0.0023606628769634605
ZAR1,-0.0023649213892740512
OR5K3,-0.0023670886075949395
CWC22,-0.0024039570366761968
SUN5,-0.002405063291139239
POM121L12,-0.002405063291139241
OR4D5,-0.002408181394393608
OR4L1,-0.0024303797468354462
OR4K14,-0.002455696202531643
TCP10,-0.0024868668473296265
GAD2,-0.0024872863359027358
DEFB123,-0.002493670886075949
SNORA77,-0.0025063291139240493
RNF113B,-0.0025073412045644302
OR52M1,-0.0025181163457538504
OR1K1,-0.0025193367629317703
PSKH2,-0.0025285941848646673
HP,-0.002539976995317106
MUSK,-0.002548859311317177
TAS2R13,-0.0025529324996056662
SLED1,-0.002560427314221232
TMEM174,-0.002601800879261609
SULT6B1,-0.002602853330978025
ALB,-0.0026125019771662526
TECTB,-0.0026191626568876714
KIAA1383,-0.0026192607363736166
RNF41,-0.0026198779222553112
NCRNA00114,-0.0026214118196789776
OR13C4,-0.0026320981410721442
TAS2R9,-0.002644297444631812
ACCN5,-0.0026696307285869096
C20orf4,-0.0026793710561317805
TAS2R43,-0.002680835164393619
?|442388,-0.0027102716262648336
TAS2R39,-0.002721189283166837
OR4A5,-0.002721518987341767
WDR81,-0.0027232677048258432
ADAM3A,-0.002737057013483698
KRTAP4-8,-0.0027385224681721614
NF1P1,-0.0027400475625886677
KRTAP4-3,-0.002773043330483769
FAM138B,-0.002774714745576938
OR1I1,-0.002797468354430377
GABRR3,-0.0028139196401005613
SNORA69,-0.0028227848101265766
BPESC1,-0.0028281237358523236
OR6V1,-0.0028326715410272522
ZSCAN12,-0.0028372045903412462
PER4,-0.0028391694254452453
SSX6,-0.002881297803143438
SLC22A7,-0.0028835539652177123
MYL10,-0.0028839034097853785
CASR,-0.002896915456554933
PROL1,-0.00290782479329023
NCRNA00032,-0.0029204087924169465
SULT1C3,-0.0029255294309104207
OVCH1,-0.002929689888040173
ZNF780B,-0.0029303123363967104
POLR2J2,-0.00296625693893736
CYP2A6,-0.002966339218684333
UCMA,-0.0029743953353787325
OR5V1,-0.0029750028323943497
C19orf34,-0.0029798046601569074
C15orf32,-0.0029886810240156124
OR4F29,-0.003005444620097445
OR4X2,-0.0030253468944341695
POM121L4P,-0.003028153726363513
TERF2,-0.003036232739378244
GJD2,-0.003039551509144276
CTRB2,-0.003104505570929105
C17orf79,-0.003112456391518212
DEFB107A,-0.003139240506329102
MAGEB4,-0.0031406989751559147
TSHB,-0.0031447189842833062
OR2V2,-0.003149297590392597
PCNAP1,-0.003160152579358497
FRG2C,-0.003214330090151098
BIRC8,-0.0032151898734177264
OR6C75,-0.0032438022673402745
ITGB1BP2,-0.003252829662211161
OR52H1,-0.003257769000216292
FAM99A,-0.0032664261046448065
HTR3B,-0.0032723688094575525
APOA5,-0.0032749771783321803
CXorf59,-0.0032775976547332374
PRM2,-0.003281046505274676
PADI6,-0.00328691601921419
VSTM2B,-0.0032993038607202606
HMGB4,-0.0033235561528289236
RDH11,-0.0033246403272738723
LPAL2,-0.0033385573416957726
CMTM5,-0.0033495363140015008
TAC1,-0.003359314873406004
SPATA22,-0.0033804946316834624
KRTAP4-11,-0.003385364596262299
PRR4,-0.0033867461616693857
ASB10,-0.0033876983266618588
SNORA78,-0.003392405063291135
PLD3,-0.00339377462920177
OR11H12,-0.003395735253869593
C1orf100,-0.0033961404214743755
OR6M1,-0.0034045552833319613
IFNA7,-0.0034158007777678697
OR2C1,-0.003438333167587732
SCARNA1,-0.003457543862070862
NCRNA00164,-0.003520936558297243
C10orf40,-0.0035219235534965304
GK2,-0.0035237310463363284
LOC254312,-0.0035422696266609126
PRSS48,-0.003543760842344604
SNORD94,-0.003553859091030646
FAM182A,-0.0035592024078977312
CTRB1,-0.0035613519186081222
OR51B6,-0.003562870141484403
SCARNA3,-0.0035705294873872957
MS4A13,-0.003571463128470724
RBMY1A3P,-0.0035857595731167845
SYCP3,-0.003601353553763484
SMR3A,-0.003610738416697781
MED20,-0.0036242132682840597
PDILT,-0.0036306866689257986
UBR2,-0.0036349773784061295
RPS26,-0.003640915190098938
PRAMEF20,-0.003650669687143936
TMEM14E,-0.0036596905291023103
OR56A1,-0.0036605109571985445
SDHAF2,-0.0036642506992841245
SLC22A6,-0.0036700185942175347
HPS1,-0.003671348503055808
SMR3B,-0.003690286197132578
OR4K15,-0.003696202531645571
GABRA6,-0.0037276956300671266
TMEM30C,-0.0037356589243054323
RFX4,-0.0037371981643837277
MAPK13,-0.003742491494293426
SHOX,-0.0037432455426138164
OR10A2,-0.0037438713007049017
RAB9BP1,-0.0037594936708860876
OR51G1,-0.0037594936708860906
HIST1H4A,-0.0037966283668558532
LOC285045,-0.003806039238110121
KCNJ3,-0.0038132771537413217
FAM106A,-0.0038326232044976565
PRR21,-0.003848101265822779
OR8B3,-0.0038735318330385305
TMEM89,-0.003873541058774493
IL4,-0.0038992943243911214
NKX2-2,-0.003907218807444026
OCLM,-0.003925523658830624
OPN5,-0.003948647987668391
C3orf49,-0.003954421406246081
MYL2,-0.003961958567605761
SI,-0.003965211897061117
ATP5E,-0.003975146789271519
C15orf43,-0.003990754976089219
POM121L2,-0.004002450695522109
LOC360030,-0.004013473911139557
NCRNA00111,-0.004027966820967565
RMND1,-0.004047888160063057
CCBL2,-0.004054200295984563
SPANXN5,-0.0040756939383207996
LOC100240726,-0.004087175478744779
NPBWR2,-0.0040906942805843454
FAM47A,-0.00410960946670474
KRTAP5-10,-0.0041144387305233595
FOXD4L6,-0.004114676761007709
VSX2,-0.00412098965523048
C14orf178,-0.004128775531596542
SPDYE4,-0.004143808563574149
C22orf45,-0.004156585374783991
SNORA25,-0.004165726030098721
MTRR,-0.004165938198626504
C20orf152,-0.0041693825447200634
GNRH2,-0.004178986541270477
CCDC27,-0.004200231226375268
OR10G4,-0.004201587618474554
SLC25A2,-0.004203264638332369
C6orf25,-0.004208826700370747
ZNF735,-0.004215239329043961
C10orf96,-0.004229806358635572
USP49,-0.0042350491956509115
HIGD1C,-0.004243159475429492
PCDHGB8P,-0.004247135598429434
MAP1A,-0.004253120882164566
OR7E37P,-0.004253930326069274
PLP1,-0.004280245148066453
PITPNA,-0.004284563437945049
FAM153C,-0.004289922983071525
CA1,-0.004291549062386963
RFPL2,-0.004323405578911974
HTN1,-0.004323958288114642
SNORA53,-0.0043283205842876635
OR2F1,-0.004343198056722368
HPYR1,-0.004344157018550335
DAOA,-0.004354430379746845
GDF2,-0.004388507502060888
SNORA13,-0.004393360248768456
SCRT2,-0.004424730779088565
LOC162632,-0.004449915110356539
NEUROD4,-0.004451435371013079
SCN10A,-0.0044687491243101014
LOC100133893,-0.004507831079852376
SEBOX,-0.004518410371418389
LACRT,-0.00451853111594467
OR2B3,-0.0045189873417721405
CENPBD1,-0.004533881831228696
IFNA14,-0.004558721117713236
ASB12,-0.004579482569634815
TNP2,-0.004582827930211343
DEFB104A,-0.004585984632298628
FAM71C,-0.004593346272923218
DAD1L,-0.004615543627332878
ARSK,-0.004628810256222364
FLJ42393,-0.004634246080691839
SNORA12,-0.00467847879019191
LOC220594,-0.004679548580871332
C11orf34,-0.004681354833918746
PAR4,-0.004682523731672236
OR8K5,-0.00472151898734177
CRISP1,-0.004730808609972261
OR2T10,-0.004736191656136164
KLK15,-0.004782668168543409
OR5T2,-0.0047910274627494575
OR52B4,-0.004798196920241345
LOC283914,-0.004799465657493179
PRB1,-0.004827766892563853
PRSS38,-0.0048473089339254325
OR2L13,-0.0048477700549069205
LOC146481,-0.004863489024789932
GLP1R,-0.0048682213647963865
OR13C3,-0.0048762857710356496
PLGLA,-0.004900217066787927
DEFB109P1B,-0.004918754693865558
C14orf177,-0.004920015788882932
TAS2R50,-0.004926716984275235
TRIM49L,-0.004947509805232403
SUPT3H,-0.004951321860772395
ADIPOQ,-0.004958642326367257
CUX1,-0.004991881646672606
SNORA9,-0.004994914097057214
LRTM1,-0.005032840965510056
ACTRT1,-0.00505213727099137
TTTY9B,-0.00505981988770286
PRO0611,-0.0050660104482379495
OR2T4,-0.005074270690344245
SNORA5A,-0.0051040318380030664
NXF2B,-0.0051080176883283425
PNLIP,-0.005109279394394806
FRG2,-0.005123457473585788
KRT20,-0.005123783637704696
MRGPRD,-0.005149835266454773
PCBP3,-0.00517041722518411
PLK5P,-0.0051908708490252704
KRT28,-0.005194749549624793
LOC151658,-0.0052036760800022105
PCDH11X,-0.005220523936935783
SNORA37,-0.005227818451222171
HIST2H2BA,-0.005228517730512928
TRIM53,-0.005232373245579407
RNASE9,-0.005240044603469006
LOC100130264,-0.005240845443964932
PRAMEF16,-0.005254944293903936
PDYN,-0.0052672789344327155
KRTAP2-2,-0.00526975380869647
DEFB119,-0.005318328086611505
ANP32D,-0.005332979099462883
BRD7P3,-0.00533311011013247
TMPRSS12,-0.005340556334877679
PSMB11,-0.0053423239483225225
LOC285847,-0.0053749743633885955
CRYBA2,-0.005389664298203692
SNORA71C,-0.00540778557216318
LIPF,-0.005418840442458135
FAM180B,-0.005421054070302075
SLC6A18,-0.005438807200544442
SLC22A13,-0.005447684423396177
IER2,-0.005468296630252576
TMEM145,-0.005477907138869462
SHBG,-0.005497498249486426
CYLC1,-0.005531917391939196
FEZF2,-0.005547215652789046
SYNPR,-0.005547885100245029
C19orf75,-0.005556378557108814
SNAR-B2,-0.005601986231440736
SNORA34,-0.005608222868440178
SLC6A19,-0.005615337090101476
ARHGDIG,-0.005639870998585735
CEACAM18,-0.005667405350759642
TMEM179,-0.005682104965518328
SNORA71B,-0.005702430043521578
KBTBD5,-0.005728078894188293
CD2BP2,-0.005733085481160897
NOBOX,-0.0057540651945775685
MMP21,-0.005754496533904061
TTTY8,-0.005759493670886076
RNASE11,-0.005761427742005183
GTPBP5,-0.005764045853967422
SNORA55,-0.005773444910292492
GOLGA2P3,-0.005773789953805894
PPAN-P2RY11,-0.005776511429184999
A4GNT,-0.005810013175723154
SNORA22,-0.005838937785376556
HBZ,-0.00585408983255205
C1QTNF9B,-0.005862647368520086
PRAMEF6,-0.005926497760737039
HIST1H1C,-0.005928165093589266
SLC25A41,-0.005931053342511543
TCP10L2,-0.00595889931035039
USP17L6P,-0.005987184844297851
AQP12A,-0.006010535058692082
OR2T34,-0.006025316455696226
PRB4,-0.006033380692589791
GPR101,-0.00603759155431457
ZNF284,-0.006065986558849891
STAU1,-0.006074014954082891
OR6N2,-0.006126110263685205
OR10A6,-0.00618071994926378
SPINT3,-0.006190290421233046
ABCB5,-0.006191816010309712
LCE3B,-0.006202531645569614
SLC4A5,-0.006214880950393709
PRR23B,-0.006220047982548487
PRSS55,-0.006224216884838102
GPX5,-0.006226104879615386
KRTAP12-1,-0.006231261462391454
OR1C1,-0.006232088403310161
SNORA71D,-0.0062358541167237954
MAB21L1,-0.006241932132237535
AMAC1,-0.006254993580421781
ARR3,-0.006263182805484033
C21orf54,-0.006267503565111184
GYPA,-0.006271657070458313
OR2K2,-0.006284699859229207
SCARNA9L,-0.006298463300262866
GPR148,-0.006339776485346103
PSPN,-0.006353621219481135
CYLC2,-0.0064072512827946975
CCDC76,-0.0064260442728528485
OR51I1,-0.006439579575603941
IMP5,-0.006442833875229218
LUZP4,-0.0064450714347913
LOC392196,-0.006452564490186733
CDH9,-0.006455555688383124
SLC17A1,-0.006463317293391734
OR13D1,-0.006504586063803513
HEPACAM,-0.006517521235561387
VHLL,-0.00653942222895268
IL31,-0.0065459549396604455
LOC646627,-0.00658787697444156
ZIC3,-0.00660274288287486
REG3A,-0.0066490407158536005
SNORA21,-0.006682073819198693
MRGPRX1,-0.006699920097217092
LOC100128811,-0.006719885816336265
POU3F3,-0.006735934232250962
SSTR4,-0.006778020969393148
TNP1,-0.006782467270796458
OR1L8,-0.0067849255230435
POU5F2,-0.006809977559072763
ODF1,-0.006814541500932835
TFDP3,-0.006821513923011804
SNORA63,-0.006860392823686138
FLJ43860,-0.006961676967833077
CXorf51,-0.006988781941967703
CRYBA1,-0.007004011163858688
KRTAP9-2,-0.007030797657975308
C1orf94,-0.007047044429597302
LOC653544,-0.007048106075373684
OR52I1,-0.007063633934930881
LOC286094,-0.007115513048036406
CA6,-0.007119248405396468
KRTAP5-3,-0.0071277770306005
C1QTNF8,-0.007146989004993325
MTVR2,-0.007175479418015839
RNU11,-0.0071781872306817636
C18orf20,-0.007204448951338211
LCN9,-0.0072296102828305
LOC643486,-0.007235737736403957
ADAM18,-0.007245237954924861
LOC650293,-0.00725375509580505
FLJ25328,-0.00728960385466806
HULC,-0.007294058848778258
SNORA26,-0.007305759161455176
ZNF155,-0.0073061400674744315
CRYGB,-0.007322459659938155
LOC100128573,-0.007327699011590659
KCNK18,-0.007346743776457145
TAAR6,-0.007355955864673332
SMG6,-0.007368761467369421
TRPC7,-0.007371900709007965
H1FNT,-0.007381338869371875
POU4F2,-0.007386082573896629
GOT1L1,-0.007424580568786264
S100G,-0.007473888005259205
TPH1,-0.007508196827635899
OR4N5,-0.00751004352707754
SPRYD5,-0.00751837774305128
LOC100192379,-0.007547963958899612
PCDH11Y,-0.0075737031933540595
SOX14,-0.007581673848773918
DKFZp779M0652,-0.0075820339855380715
FOXD4L5,-0.007586748514807053
C15orf60,-0.007591140314716816
ARL17B,-0.007591884331321121
SNORA16A,-0.007601133784794108
C11orf42,-0.0076028216240865715
CLDN22,-0.007630921234045914
AMELX,-0.00765434788316791
LOC285780,-0.00768858035741784
HIST2H2AA3,-0.007704757374007118
OCM2,-0.007714072274827168
NXF4,-0.007716991071575924
SRRM4,-0.007748637270247459
CDH16,-0.007771016559905573
FAM138D,-0.007816181758803031
ASFMR1,-0.007846148411518495
OR2AK2,-0.00786407583655675
FAM106C,-0.007881260786517543
IQCF3,-0.007905733540262468
SPZ1,-0.007936047732820287
TPPP2,-0.008149480948438502
ACTL7A,-0.008150718572408702
GPR6,-0.008153260394849217
OR5M10,-0.008208732094449844
C22orf33,-0.008216725600632139
PRAMEF2,-0.008264884334146332
SLC10A1,-0.008296852827685577
ACTL7B,-0.008299469465081635
LOC286238,-0.008314808888968179
MLANA,-0.008324986295845906
GHRH,-0.0083390440095028
C17orf78,-0.008347129609319904
SOX3,-0.00834910078593276
LCE3C,-0.00835416639608071
ZNF322A,-0.008360432574110562
C12orf50,-0.008389364607576645
?|26823,-0.008395368554018779
ARL13A,-0.008408674413881498
LRRTM3,-0.008423415296924535
GHSR,-0.008461121256476002
GTF2H2,-0.008502407902447127
LOC144742,-0.008503484839390684
KRTAP5-7,-0.008519286212215371
CHRNB3,-0.008544733435878341
LOC150185,-0.008590524013214381
TSGA13,-0.008593087003030844
SLC36A3,-0.008625833555522133
AGXT2,-0.008633351666498626
VN1R1,-0.008798634232749252
KRTAP10-1,-0.008802390304579119
NPY2R,-0.008805397386591992
OTC,-0.00881754589646035
C15orf5,-0.008874365126526213
MEG8,-0.00891164715850606
OR9G4,-0.008916184673663532
SLC26A3,-0.008947722566011273
OR2T5,-0.009064556837448728
ATOH1,-0.009092232447293602
CCDC54,-0.009098177685749114
LOC285194,-0.009115399749700954
HTR5A,-0.009120315077750135
IQCF2,-0.009120970874594982
OR5AK2,-0.009161182328541797
OR9Q1,-0.009254155252336116
SNORA14B,-0.009285076803822737
PCSK2,-0.009286575048166462
LINGO1,-0.009309942287334125
C7orf71,-0.00932562113656801
PROP1,-0.009336935471418678
FGF22,-0.009353281024918033
FAM66A,-0.00938201558655404
TMIGD1,-0.009387847047027725
CYCSP52,-0.009388631483407505
SCARNA21,-0.009402395658756633
SLC9A10,-0.009413592280854963
PAX7,-0.009420599102860092
TIGD7,-0.009448524445701168
REG3G,-0.009466219202032984
ANTXRL,-0.009498213044030902
GDEP,-0.009511383974972856
CYP3A43,-0.009512599588962622
CFLP1,-0.00958243242252628
OR10S1,-0.009603232813015266
LECT1,-0.009616838731088775
OR6C3,-0.009636474026126435
C16orf92,-0.00964081767018676
WARS2,-0.009690993127194318
RNASE8,-0.009692735008713024
LOC100128023,-0.009697926001871804
C12orf12,-0.009716676641365647
C9orf106,-0.009738656811336049
KIRREL3,-0.009769517487577904
REG1B,-0.009801393109389264
CLCA1,-0.009850497794920969
OR2A5,-0.0098746892890797
CITED1,-0.009876984920611655
PRAMEF1,-0.00990813585065094
OR13C2,-0.009940593740928094
USP17,-0.009949247477228834
SORCS3,-0.009998307595724735
ZNF549,-0.010014191553058823
FTLP10,-0.010043284314103767
FLJ25758,-0.010051922836680006
CXorf27,-0.010059661224064684
OR6K3,-0.01022456674056866
CCT8L2,-0.010224585972584063
FAM75A5,-0.010227311941599692
PRO1768,-0.010240521263556863
OR51I2,-0.010251241213905868
LOC388428,-0.010263125475690135
SPINK14,-0.010281806340974552
FKSG83,-0.010292811081920235
CDRT15,-0.010299078066024482
CHRNA2,-0.010309332380448956
SCRT1,-0.01033364435794938
SLC6A5,-0.010344168715642027
MRGPRX2,-0.010344261100959581
VN1R5,-0.010363740948537935
EDN3,-0.010402243787779344
C20orf123,-0.010436417243135017
TSPAN16,-0.010439416609484263
ZPBP,-0.010463475337616874
C17orf105,-0.0105483046629882
PYDC2,-0.01054908564179014
OR51Q1,-0.010578860084286264
SKINTL,-0.010610896873607169
NCRNA00203,-0.010675780055933903
HAND1,-0.010737419717517068
OR6A2,-0.010740656101806459
LOC284009,-0.010890305296094305
OR2AG1,-0.010940001132957735
OR52B6,-0.011057930940356526
ZNF536,-0.011063300720913072
SNORA2B,-0.01115499684374896
FAM74A1,-0.011159193501302508
OR4D10,-0.011270878368841749
PSORS1C3,-0.01134989361429414
OR7E24,-0.011366533850877629
PRR23A,-0.011437090672450948
KRTAP9-8,-0.0114860952870235
RIPPLY1,-0.011531272389938396
SLC17A2,-0.01161391660872389
LENEP,-0.01164812047729843
MS4A12,-0.011666077184065203
NXF5,-0.011696646444770227
SNORA10,-0.011805000023475955
C3orf22,-0.01190736216539124
KRTAP13-1,-0.011966352342056756
C4orf51,-0.011989335089254519
GSC2,-0.012097419076657734
USP17L2,-0.012103271162480726
TMEM202,-0.012161971911006072
FIGLA,-0.0122728789539642
KRTAP5-11,-0.012402311482290375
OR2T3,-0.012436398255036535
OR13C5,-0.012508547468523677
SPINK9,-0.012700531807953708
TRPC5,-0.012718275742745574
SEPT12,-0.012752236147525475
NXNL1,-0.012803746723736766
NCRNA00051,-0.012860888319604196
MYH4,-0.012862936828015864
FAM90A7,-0.012889862402339861
C7orf45,-0.012905676899016755
LOC100130148,-0.01314376011903477
LOC126536,-0.013359464738860448
DPEP3,-0.013412723622880512
ACCSL,-0.013446828384930831
PDE6C,-0.013516273444881191
SDC4P,-0.013536605847920461
GALR3,-0.013603521088193357
LOC389332,-0.013651953589178692
FOXB2,-0.013674884766081537
TRIM48,-0.013779932038916635
OR7D2,-0.013794524399961218
TBX22,-0.013951227719980142
C6orf146,-0.013997047080939724
GPX6,-0.014044582921979897
CYP4A22,-0.01410362947491757
C14orf183,-0.014106572112225529
GOLGA6A,-0.014215483329847057
KRTAP4-2,-0.014244519913553575
FAM47C,-0.014342768926562832
FAM136B,-0.014575660222094743
C4orf45,-0.014720392258598116
ZNF645,-0.014766896821671812
SOX1,-0.014809584573373488
PRAMEF8,-0.014944933537541425
C8orf12,-0.015043900973793076
ARMS2,-0.01507362097790369
NKX6-2,-0.015131212991127997
FAM123C,-0.015226786001989533
OR13J1,-0.015386631827001465
OR5D18,-0.015663638993740677
C5orf60,-0.016026255635500027
OR6T1,-0.016117802342520977
ADAM7,-0.016202267827466338
NANOS2,-0.016318367480253643
GABRG1,-0.016327314492528687
LOC415056,-0.016374246235588658
LOC285627,-0.016450502753633987
KRTAP9-4,-0.016521334196763156
UBTFL1,-0.016523534931371115
HELT,-0.01660281296173346
LOC148145,-0.016805186066339264
LECT2,-0.01692641928118275
SNORA76,-0.01700782224913535
DNAJC5G,-0.01709186240103376
AMAC1L3,-0.017161975521674304
SLC7A13,-0.017370086560985307
BRS3,-0.01756463475312114
C21orf131,-0.017633645626316485
PLCZ1,-0.017774473283540704
PABPC1L2B,-0.018010005443089283
CRHR2,-0.01815194568584043
TRIM49,-0.018353466280758686
LRRC3B,-0.01835648374628116
GPHB5,-0.01866951646881202
LIM2,-0.01867259305819842
CXorf1,-0.018830289353084798
GSTTP1,-0.018865202525760745
KRTAP13-2,-0.01893753026240903
CYP2A7,-0.01931316055356212
PABPC1L2A,-0.019866169112159316
NCRNA00175,-0.02055254883702586
DEFB124,-0.020980749137626212
A2BP1,-0.0214633708473188
OR2A2,-0.02153471355559516
AAA1,-0.021930787869815203
DMRTC1,-0.023125375885040936
LOC729609,-0.023325060526030547
OR52D1,-0.023407502838044117
ZCCHC16,-0.023791169131693206
SNORA62,-0.02447330523702624
CLRN1,-0.025748653320440667
GSX2,-0.02600498958051068
RP1-177G6.2,-0.037880433592655555
