Gene,Importance
RNA5SP150,0.08658567747567623
RN7SL703P,0.08658567747567623
SOX2,0.0862525619183058
MCF2L2,0.0859946635502175
ATP11B,0.08590340885090324
DCUN1D1,0.08581286380084763
MCCC1,0.08577562411117835
RNA5SP151,0.08525749848636327
B3GNT5,0.08525749848636327
RN7SKP265,0.08496231255544141
LAMP3,0.08438642091775667
EIF2B5,0.08337956942312835
FXR1,0.08317912730037598
YEATS2,0.0830122217372327
AP2M1,0.0830122217372327
SNORA81|ENSG00000253092.1,0.0830122217372327
SNORA63|ENSG00000201229.1,0.0830122217372327
SNORA63|ENSG00000199363.1,0.0830122217372327
SNORA4|ENSG00000251730.1,0.0830122217372327
MIR4448,0.0830122217372327
HTR3E,0.0830122217372327
ABCC5,0.0830122217372327
PARL,0.0830122217372327
HTR3C,0.0830122217372327
CYP2AB1P,0.0830122217372327
DVL3,0.0830122217372327
KLHL24,0.0830122217372327
KLHL6,0.0830122217372327
LINC00888,0.0830122217372327
MAP6D1,0.0830122217372327
HTR3D,0.0830122217372327
CCDC39,0.08266305177341907
DNAJC19,0.08214145112009126
PIK3CA,0.08147127187733208
RN7SL229P,0.08116218301629091
KCNMB2,0.08069922980526885
U8|ENSG00000201810.1,0.08067961307218978
KCNMB3,0.08061665986116764
TTC14,0.08055179735571168
ZMAT3,0.08044542600076034
ZNF639,0.08038468340350019
SNORA25|ENSG00000201957.1,0.0801002013488968
MFN1,0.07982547133946281
GNB4,0.07982547133946281
PEX5L,0.07976677602399293
USP13,0.07937509187423439
snoU13|ENSG00000239096.1,0.07890351304543727
NDUFB5,0.07890351304543727
MRPL47,0.07890351304543727
ACTL6A,0.07890351304543727
ABCF3,0.07890101519268938
RNA5SP149,0.07884934315202544
EPHB3,0.07813157516790814
RNA5SP148,0.07811622759465513
VWA5B2,0.0780960758085638
ALG3,0.0780960758085638
ECE2,0.0780960758085638
MIR1224,0.0780960758085638
CAMK2N2,0.0780960758085638
VPS8,0.07801176553413784
MAGEF1,0.07801176553413784
CLCN2,0.0779994677630561
EIF4G1,0.0779994677630561
FAM131A,0.0779994677630561
SNORD66|ENSG00000212158.1,0.07798516776728022
PSMD2,0.07798516776728022
THPO,0.07781539263034894
CHRD,0.07781539263034894
POLR2H,0.07777341068134794
RNA5SP147,0.07757353177229274
LINC00501,0.07726747863308023
snoU13|ENSG00000271842.1,0.07650806099604336
MIR4789,0.07650806099604336
TBL1XR1,0.07618964250010561
RN7SKP52,0.07614454316328963
LINC00578,0.07597459624618068
C3orf70,0.07556005406851506
SNORA18|ENSG00000200288.1,0.07555510905225217
EHHADH,0.07432510384252554
snoU13|ENSG00000239146.1,0.07408206305177348
TMEM41A,0.07407896537643797
MAP3K13,0.07407351346784763
SPATA16,0.0735813069373846
ECT2,0.07348207994818426
snoU13|ENSG00000239141.1,0.07340351163740295
SNORA72|ENSG00000200355.1,0.07334284507399214
LIPH,0.073240599259374
RN7SKP234,0.0731749257261937
MIR548AQ,0.0728596640430296
RN7SKP40,0.07285530476901199
IGF2BP2,0.07270476056377695
C3orf65,0.07249831458301081
SENP2,0.07246232241168109
NCEH1,0.07245050618831043
TNFSF10,0.07235241407471023
ETV5,0.07231483364075408
GHSR,0.0722881851846636
DGKG,0.07218582672730593
TRA2B,0.0721205699722617
NLGN1,0.07163966807555715
RN7SL637P,0.07159636727165201
snoU13|ENSG00000238359.1,0.07129102659776684
PP13439,0.07129102659776684
PLD1,0.07129102659776684
TMEM212,0.07129102659776684
RN7SL141P,0.07129031694850825
NAALADL2,0.07100118728345874
DNAJB11,0.07073121471114177
CRYGS,0.07071308486222383
TBCCD1,0.07071308486222383
ADIPOQ,0.07022831556863465
SNORD2|ENSG00000238942.1,0.06981389166584538
RFC4,0.06981389166584538
SNORA4|ENSG00000263776.1,0.06981389166584538
SNORA63|ENSG00000200320.1,0.06981389166584538
SNORA63|ENSG00000200418.1,0.06981389166584538
SNORA81|ENSG00000221420.2,0.06981389166584538
AHSG,0.06973632305937674
FETUB,0.06973632305937674
MIR569,0.06965670153898132
ST6GAL1,0.06963995437969055
RTP1,0.06904677489756558
EIF4A2,0.06903793807465401
KNG1,0.06897966516945697
RPL39L,0.06888578026217607
HRG,0.06887023556412898
snoU13|ENSG00000239093.1,0.06876892750031684
TNIK,0.0686559918897227
MASP1,0.06862829304008683
SLC2A2,0.0685872432097548
RTP4,0.06854430098139988
MIR551B,0.06851704143844774
EIF5A2,0.06839019726559745
RPL22L1,0.06838882302417588
RNY5P3,0.06838877233494312
SST,0.06831625575534
RTP2,0.06831625575534
BCL6,0.06831625575534
EGFEM1P,0.0677490150800467
GOLIM4,0.06733126258430605
CLDN11,0.06720997451458018
SLC7A14,0.06691173596541869
FNDC3B,0.06629129221786052
SERPINI1,0.0662704946424297
TP63,0.06595798707424556
SKIL,0.0658665211697949
PRKCI,0.0658665211697949
PDCD10,0.06574228749243184
MIR944,0.06550222047000194
ZBBX,0.06542761718364994
RN7SL486P,0.06542734402500665
PHC3,0.06537852184565134
SERPINI2,0.06529951141211748
GPR160,0.06517200264710445
CLDN16,0.0651593922924205
CLDN1,0.06515384463750155
SAMD7,0.06513257205615251
SEC62,0.06513257205615251
RN7SKP222,0.06507377254614835
LRRC34,0.06504687345996261
MYNN,0.06504687345996261
TERC,0.06504687345996261
ACTRT3,0.06504687345996261
RN7SKP298,0.0649034201151772
RN7SKP296,0.06485079342729617
TMEM207,0.0647967164641444
LEPREL1,0.06478417369510421
LRRIQ4,0.06477963419270366
LRRC31,0.06477626617479346
IL1RAP,0.06471042649357232
CCDC50,0.06446763914898405
UTS2B,0.06445181002801983
OSTN,0.06432701876909641
LRCH3,0.06427388703440529
RPL35A,0.06423343358561655
LMLN,0.06423343358561655
IQCG,0.06423343358561655
FAM157A,0.06423343358561655
ANKRD18DP,0.06423343358561655
BDH1,0.06415292053629466
KIAA0226,0.06409928556477293
MIR922,0.06407513412874159
PYDC2,0.06398852452091632
MECOM,0.06387667813235294
FYTTD1,0.06386050610877929
GMNC,0.06378640683741416
snoU13|ENSG00000238902.1,0.06374236071021243
LPP,0.0637027669096023
MB21D2,0.06366487868612941
DLG1,0.06360409712353061
PIGX,0.06356916305868611
U4|ENSG00000272359.1,0.06356916305868611
NRROS,0.06356916305868611
SENP5,0.06356916305868611
CEP19,0.06356916305868611
NCBP2,0.06356916305868611
PAK2,0.06356916305868611
PIGZ,0.06356916305868611
MFI2,0.06356916305868611
snoU13|ENSG00000238491.1,0.06350447830254154
MIR4797,0.06350447830254154
TPRG1,0.06338741196270326
FGF12,0.06334505566670656
RN7SL447P,0.06265531943021449
HRASLS,0.062464886913221176
TFRC,0.062414077734078054
LINC00885,0.06222938768990096
ZDHHC19,0.06222938768990096
PCYT1A,0.06222561996672946
SLC51A,0.06222561996672946
TM4SF19,0.062221772372233426
TCTEX1D2,0.062221772372233426
UBXN7,0.06219594914675388
RN7SL434P,0.06219076577320951
RN7SL738P,0.06219076577320951
ATP13A3,0.062158831014310766
LINC00884,0.0621367534785339
GP5,0.06209182998975446
LINC00887,0.06209147194588583
CPN2,0.06209147194588583
LRRC15,0.06209147194588583
TMEM44,0.06209117173987287
ATP13A5,0.06207943065516525
HES1,0.06205947934913135
RN7SL215P,0.06205947934913135
OPA1,0.062017158563858546
ATP13A4,0.061998782650846684
SMCO1,0.06197097365898793
RNF168,0.06197097365898793
LSG1,0.06195140793865884
FAM43A,0.06191865518722937
TNK2,0.06188022055502306
SDHAP1,0.06188022055502306
RNU6ATAC24P,0.06188022055502306
RN7SL773P,0.06188022055502306
PPP1R2,0.06188022055502306
MUC20,0.06188022055502306
MIR570,0.06188022055502306
LINC00969,0.06188022055502306
APOD,0.06188022055502306
ACAP2,0.06188022055502306
MUC4,0.06188022055502306
RN7SL36P,0.06179882341276398
MIR3137,0.06179882341276398
XXYLT1,0.06179882341276398
WDR53,0.061760956142380204
FBXO45,0.061760956142380204
WDR49,0.0616765817461754
BCHE,0.061596778417651134
MIR28,0.06017789029535864
SLITRK3,0.05873089931147117
SI,0.05858676729418051
MIR720,0.057933988538601204
MIR1263,0.05559441010405366
snoU13|ENSG00000238398.1,0.054098001999408556
CT64,0.05369993382239051
OTOL1,0.051266291504111855
PPM1L,0.050195753459260736
SNORA72|ENSG00000207084.1,0.050006578910438124
B3GALNT1,0.04988338712846279
KPNA4,0.04986141064862894
ARL14,0.04981299503213675
KRT8P12,0.04976779028319627
MIR3919,0.04966302169580955
SPTSSB,0.049617381907996395
NMD3,0.049616865474753795
SCARNA7,0.04958691796008869
TRIM59,0.04958691796008869
SCHIP1,0.04956694265906982
IL12A,0.0493930309579275
IQCJ,0.049381531898172806
MLF1,0.04915926071458634
GFM1,0.04900470403323136
LXN,0.04900470403323136
IFT80,0.04892815122512561
MIR15B,0.048922678155435176
SMC4,0.048922678155435176
RARRES1,0.04887031912206354
RSRC1,0.04884204159532963
MFSD1,0.04861855791630417
C3orf80,0.048337132672822684
SHOX2,0.04824586432400569
ESRG,0.046983817125040274
LINC00880,0.046455230289932405
CCNL1,0.04644752308512733
LINC00881,0.04637320721883864
RN7SKP177,0.04632587498947491
LEKR1,0.0463102725308036
C3orf79,0.046222683768840006
snoU13|ENSG00000238565.1,0.04617918811602132
RN7SL821P,0.04617918811602132
GPR149,0.04581726683319767
PLCH1,0.04580016559544193
TKT,0.04579830560460235
PRKCD,0.04579830560460235
RFT1,0.04579830560460235
SLC33A1,0.045798186870246144
LINC00886,0.04576493306014765
GMPS,0.0457608633416599
TIPARP,0.04570132476353534
SSR3,0.04569898678043168
DUSP7,0.045650916415906066
LINC00696,0.045650916415906066
RPL29,0.04564779123457095
ACY1,0.04564779123457095
IQCF5,0.04564562764749278
IQCF2,0.04564562764749278
IQCF3,0.04564562764749278
IQCF6,0.04564562764749278
RN7SL504P,0.04564562764749278
AADACL2,0.0456186926380196
MME,0.045614266468326364
PBRM1,0.045596163570498886
C3orf33,0.04559450166998792
NT5DC2,0.04557572969253848
SMIM4,0.04555694544610507
TMEM110,0.045554765279815605
AADAC,0.045538858794802
SUCNR1,0.045538858794802
KCNAB1,0.04551872912515084
RAP2B,0.045475469420977306
RN7SL300P,0.04547344859524546
TLR9,0.04541952036341629
ALAS1,0.04541952036341629
TWF2,0.04541952036341629
PPM1M,0.04541952036341629
WDR82,0.04541952036341629
POC1A,0.04541930483366904
ABHD14B,0.045413709349846204
RRP9,0.045413709349846204
PARP3,0.045413709349846204
GPR62,0.045413709349846204
PCBP4,0.045413709349846204
IQCF1,0.045413709349846204
ABHD14A,0.045413709349846204
U8|ENSG00000201398.1,0.04539654775604145
GRM2,0.04535805293742174
MUSTN1,0.04533038223371711
ITIH4,0.04533038223371711
ITIH1,0.04532855852047115
MIR5186,0.04531001150747994
SPCS1,0.045300821499921214
GLT8D1,0.045300821499921214
GNL3,0.045300821499921214
SNORD19B|ENSG00000238862.1,0.045300821499921214
SNORD69,0.045300821499921214
SNORD19|ENSG00000222345.1,0.045300821499921214
SNORD19B|ENSG00000252787.1,0.045300821499921214
SNORD19|ENSG00000212493.1,0.045300821499921214
TNNC1,0.04525351272039985
MIR135A1,0.04522103404541044
GLYCTK,0.04522103404541044
MIRLET7G,0.04522103404541044
SEMA3G,0.04521795860170929
STAB1,0.04511379970654793
RNU6ATAC16P,0.045055076140027975
DHX36,0.04501240562463158
snoU13|ENSG00000271922.1,0.04501240562463158
P2RY1,0.04500971399702492
GPR171,0.04495831485587587
RNA5SP145,0.04495831485587587
NISCH,0.044876667246939034
IGSF10,0.04487258693760704
RAD54L2,0.04478734674591526
RNU6ATAC29P,0.04477602314457897
TEX264,0.04477602314457897
RNA5SP132,0.04477602314457897
MANF,0.04470704533585336
VPRBP,0.04460568003780058
RBM15B,0.04460568003780058
GMPPB,0.044601299713622464
AMIGO3,0.044601299713622464
RNF123,0.044601299713622464
MST1,0.044601299713622464
APEH,0.044601299713622464
MIR4271,0.044335612492162745
C3orf62,0.04432459796993883
TSC22D2,0.04425833730949505
SERP1,0.044217157371803886
EIF2A,0.044217157371803886
TMEM14E,0.04420259058632013
SELT,0.044116615678239685
FAM194A,0.044116615678239685
SIAH2,0.044116615678239685
FAM188B2,0.04409602290269169
CLRN1,0.04409581240001129
MBNL1,0.04391687670156337
RN7SKP46,0.04387461449942469
SNORA26|ENSG00000212608.1,0.043865042712545765
SNORD38|ENSG00000207109.1,0.043865042712545765
DCP1A,0.043865042712545765
SNORD63|ENSG00000251987.1,0.04381712170882095
ARHGEF26,0.04368148699093431
C3orf55,0.04362117120572821
CCDC36,0.04350429847119237
PFN2,0.04340918914367511
snoU13|ENSG00000243321.2,0.04338877038367624
ANKUB1,0.04336116365881725
TM4SF1,0.04331416542703973
COMMD2,0.04323944539560472
RN7SL321P,0.043098969718536606
FBXW12,0.043098969718536606
RNF13,0.04309499845631367
TM4SF4,0.043094782340228406
CP,0.0430590895057397
MIR2115,0.04304587972141732
SPINK8,0.04304587972141732
TM4SF18,0.0429301103034045
WWTR1,0.04291491481658197
VEPH1,0.04290868942590461
P4HTM,0.04288985477776083
WDR6,0.04288985477776083
DALRD3,0.04288985477776083
NDUFAF3,0.04288985477776083
MIR425,0.04288985477776083
IMPDH2,0.04288985477776083
MIR191,0.04288985477776083
ZNF589,0.04282940199617034
NME6,0.04282940199617034
HPS3,0.04280310701956272
CCDC51,0.04274465795672139
PLXNB1,0.04274465795672139
MIR1226,0.042678121769779545
DHX30,0.042678121769779545
UCN2,0.04259609747004897
ATRIP,0.04259609747004897
SHISA5,0.04259609747004897
TREX1,0.04259609747004897
PFKFB4,0.04259609747004897
PTX3,0.042592302774581266
RN7SL664P,0.04255268330706791
CPHL1P,0.04255080412023918
ARIH2,0.042458729432497934
PRKAR2A,0.042458729432497934
SLC25A20,0.042458729432497934
ARIH2OS,0.042458729432497934
IP6K2,0.042458729432497934
NCKIPSD,0.042458729432497934
CDC25A,0.04242161896531272
MIR4443,0.04242161896531272
CAMP,0.04242161896531272
DOCK3,0.04237936044265155
SMARCC1,0.04237545117177571
TMA7,0.042359251351397134
MIR4787,0.042344958397413125
COL7A1,0.042330658429305335
HLTF,0.042318768418984534
RNA5SP146,0.042312663342283695
CPB1,0.04229326110752478
GYG1,0.04229137500350838
SEMA3F,0.04225840924326668
MIR566,0.04225840924326668
CISH,0.042245451319058304
C3orf18,0.042245451319058304
HEMK1,0.042245451319058304
GNAI2,0.042240269726724226
HYAL2,0.042240269726724226
SEMA3B,0.042240269726724226
SLC38A3,0.042240269726724226
CYB561D2,0.042240269726724226
RNA5SP131,0.042240269726724226
CACNA2D2,0.042240269726724226
TMEM115,0.042240269726724226
NPRL2,0.042240269726724226
ZMYND10,0.042240269726724226
RASSF1,0.042240269726724226
GNAT1,0.042240269726724226
TUSC2,0.042240269726724226
HYAL3,0.042240269726724226
HYAL1,0.042240269726724226
NAT6,0.042240269726724226
LSMEM2,0.042240269726724226
IFRD2,0.042240269726724226
MAPKAPK3,0.04215640995307384
CPA3,0.04211939150691853
CELSR3,0.04210226471477018
TMEM89,0.04210226471477018
SLC26A6,0.04210226471477018
MIR4793,0.04210226471477018
QRICH1,0.042096572042044283
C3orf84,0.042096572042044283
KLHDC8B,0.042096572042044283
CCDC71,0.042096572042044283
LAMB2,0.042096572042044283
USP19,0.042096572042044283
QARS,0.042096572042044283
RN7SL182P,0.042096572042044283
AGTR1,0.042094013303769384
UQCRC1,0.042074488802336905
CSPG5,0.04195565383898463
RN7SL870P,0.04195565383898463
ELP6,0.04195565383898463
MIR711,0.041925192223751816
snoU13|ENSG00000251938.1,0.041802365580465344
C3orf67,0.04168761467182659
snoU13|ENSG00000239128.1,0.04163424160778135
KIF9,0.04163424160778135
KLHL18,0.04156467219087322
CCDC12,0.04151961432226799
PTH1R,0.04151961432226799
MYL3,0.04151961432226799
EXOSC7,0.04136420788639793
CLEC3B,0.04136420788639793
CDCP1,0.04136420788639793
SLC6A20,0.041358505752969725
SACM1L,0.041358505752969725
CCR9,0.041358505752969725
LZTFL1,0.041358505752969725
RN7SL145P,0.041358505752969725
RBM5,0.04124523837690759
BSN,0.041206411411999835
NICN1,0.0410104479366697
AMT,0.0410104479366697
RNA5SP130,0.0410104479366697
TCTA,0.0410104479366697
DAG1,0.041003777873574496
SNRK,0.040952823954044024
USP4,0.040949226006191934
GPX1,0.04094783085785948
P2RY14,0.04091703107019564
GPR87,0.04086329881089377
MON1A,0.04081712029180382
P2RY13,0.04081457614115846
TMEM158,0.04073886262348974
U3|ENSG00000202268.1,0.04073886262348974
MST1R,0.04070325806401754
RN7SL217P,0.04070325806401754
CAMKV,0.04070325806401754
LARS2,0.04066379441817906
CDHR4,0.040581065207647475
TRAIP,0.040581065207647475
UBA7,0.040581065207647475
MIR5193,0.040581065207647475
FAM212A,0.040581065207647475
RN7SL517P,0.040524520021012325
MED12L,0.04044653369134383
MIR564,0.040377772694152145
TMEM42,0.040377772694152145
ZDHHC3,0.040377772694152145
TGM4,0.040377772694152145
KIF15,0.04037571382576721
ZNF662,0.040355421686747
CYP8B1,0.040355421686747
ACKR2,0.040355421686747
HIGD1A,0.040352812092250875
P2RY12,0.04033611047180669
GTDC2,0.040224603053564484
ABHD5,0.04021766390456345
KRBOX1,0.040211156863741895
FAM198A,0.040211156863741895
KLHL40,0.040205912256621436
CCDC13,0.040205912256621436
HHATL,0.040205912256621436
KIAA1143,0.04005454730313658
ZNF502,0.04005454730313658
ZNF501,0.04005454730313658
TCAIM,0.03987781505769911
LINC00694,0.03987781505769911
ZNF445,0.03987096910850147
ZNF852,0.03982846999813598
ZNF197,0.03982748716384524
ZKSCAN7,0.03982748716384524
ZNF660,0.03982748716384524
ZNF35,0.03982748716384524
ITIH3,0.039799683726488996
NKTR,0.03975773982003965
RN7SL567P,0.03975773982003965
ZBTB47,0.03975773982003965
SS18L2,0.03975444393608187
SEC22C,0.03975444393608187
VIPR1,0.03975444393608187
XCR1,0.03932606129675608
FYCO1,0.03931416826081648
CXCR6,0.03931416826081648
CCR3,0.03928441532011889
CCR1,0.03928441532011889
CCR2,0.039284415320118886
CCR5,0.039284415320118886
LRRC2,0.03924483698970249
LUZPP1,0.039242118116325476
RTP3,0.039242118116325476
ACKR5,0.03924141804713259
PHF7,0.039034133167734124
BAP1,0.039034133167734124
DNAH1,0.039034133167734124
ZIC1,0.03857290892384497
SETD2,0.03845454616576177
NBEAL2,0.03839950869177451
IP6K1,0.03819577817271773
RBM6,0.038194917891598054
LRTM1,0.037933844945397886
ZIC4,0.03766993430887178
SFMBT1,0.03754149085794658
MIR3923,0.03753737049583016
FAM3D,0.03744264998302532
NEK4,0.037332841751669336
PLSCR1,0.03712718021860471
PLSCR5,0.03711918208373908
PLSCR2,0.03698338659023277
PLSCR4,0.036975698396807345
U3|ENSG00000251800.1,0.03677881975396682
SCARNA21|ENSG00000252409.1,0.036541779870330346
HESX1,0.03627942393531142
APPL1,0.03627942393531142
ASB14,0.03627942393531142
RN7SKP58,0.03627040753318925
DNAH12,0.03626806816177567
snoU13|ENSG00000238905.1,0.03626806816177567
PDE12,0.03626806816177567
ARF4,0.036266921730636156
TRAK1,0.036192775548008656
CCK,0.036192775548008656
LYZL4,0.03616867088607594
U8|ENSG00000212145.2,0.03614609447360298
PLOD2,0.0360794388592671
ABHD6,0.036068785868370694
RPP14,0.036068785868370694
DNASE1L3,0.036068785868370694
KCTD6,0.03606479710203915
ACOX2,0.03606479710203915
PXK,0.036064118740418136
PDHB,0.036064118740418136
FAM208A,0.035869917375554554
CCDC66,0.035869917375554554
LIMD1,0.035758711839166055
MAP4,0.0353431463523478
CACNA2D3,0.035118374720196896
RN7SL294P,0.03508325287431214
TOPAZ1,0.03485608500155817
RNA5SP144,0.034763240396615304
RN7SL92P,0.0347584037719979
MIR4273,0.0347584037719979
MIR1324,0.0347584037719979
LINC00960,0.0347584037719979
FRG2C,0.0347584037719979
FAM86DP,0.0347584037719979
ZNF717,0.0347584037719979
RN7SL482P,0.03469996383363471
SLC25A26,0.034670675105485216
DENND6A,0.03450332840711945
RNU6ATAC26P,0.03450332840711945
MAGI1,0.03447721170275832
CNTN3,0.03443470972557058
MITF,0.03432431580762345
SUCLG2,0.0343147679324895
SLMAP,0.0343118229133201
C3orf58,0.034211259377100005
PDZRN3,0.03415711737629459
PAQR9,0.034118068488829804
U2SURP,0.034118068488829804
LRIG1,0.03411031946955994
KBTBD8,0.03404169981916815
RN7SL418P,0.03403332520765078
SLC9A9,0.033978981581798476
RHOA,0.0339629183016335
UBA3,0.033788091233660805
MIR3136,0.033788091233660805
TMF1,0.033788091233660805
ARL6IP5,0.033788091233660805
LMOD3,0.03363323006107811
snoU13|ENSG00000238416.1,0.03357594361334866
TRPC1,0.0333103281813569
PCOLCE2,0.0333103281813569
CHST2,0.03329424962628741
PBX2P1,0.03329424962628741
EOGT,0.033288094184296686
RNA5SP135,0.033158289811454335
PLS1,0.03288649286174695
RN7SKP25,0.032882156424427794
LTF,0.032812262529865605
RN7SKP61,0.03276570184632752
RNA5SP143,0.03274616893179921
ATR,0.032674300917481566
RN7SL647P,0.03263466212091545
ANO10,0.03262234549107112
NEK10,0.03262091571642783
ZBTB38,0.03255790282101568
ACPL2,0.032467295692362536
TFDP2,0.03244262380514836
RASA2,0.03243781011286805
ATP1B3,0.03239704869920596
GRK7,0.03239067981403515
GK5,0.03237484537213546
RN7SL859P,0.03236484290546433
SLC4A7,0.03236484290546433
XRN1,0.03229227477817246
RARB,0.032288684311469154
RNF7,0.03226518644486198
SPSB4,0.032171460701893966
SPATA12,0.03214963077648826
IL17RD,0.03214963077648826
OXSM,0.032057837291209
NR1D2,0.03203107716985739
EOMES,0.03197665184782975
NKIRAS1,0.03197570178191583
RPL15,0.03197570178191583
UBE2E1,0.03197570178191583
MIR3938,0.03192361353124984
WNT5A,0.03191087260849278
LRRC3B,0.03190201903964856
SLC25A36,0.031895884361671525
CACNA1D,0.03184094687068633
LINC00693,0.031823110598296435
LINC00691,0.031820964536039345
THRB,0.03181558043031002
RNA5SP125,0.03180456114656345
RN7SL216P,0.03180456114656345
ARHGEF3,0.03180008104168808
RNA5SP126,0.031721958363845636
SNORD5|ENSG00000272166.1,0.0317218049307808
MIR4792,0.03171963594518259
TOP2B,0.031709760435192025
MIR4442,0.031709760435192025
ACTR8,0.031674962553966304
IL17RB,0.031674962553966304
CHDH,0.031674962553966304
LINC00692,0.031669567946437945
UBE2E2,0.031640924782927106
NGLY1,0.031609070814684635
NMNAT3,0.03160201240562463
RN7SKP124,0.03158783855847764
RBP1,0.03142104746133768
COPB2,0.03135687221083948
RBP2,0.03130482752813717
TRIM42,0.031148031323285395
MRPS22,0.031111291363776696
RN7SL724P,0.03109427152039071
CLSTN2,0.031005019405625587
HMGB1P5,0.03093075984238242
BPESC1,0.030917325773948175
PRR23C,0.03091159729433889
FAM107A,0.030677818374921353
PRR23B,0.030638934575766944
PRR23A,0.030638934575766944
UBP1,0.030598817333456544
RNA5SP128,0.030598817333456544
CLASP2,0.030598817333456544
PDCD6IP,0.030543399638336365
FLNB,0.030535501336242478
FAIM,0.03053197114709928
PTPN23,0.03052288075268483
SCAP,0.03052288075268483
snoU13|ENSG00000238350.1,0.03052288075268483
CEP70,0.030512290549833013
FOXL2,0.030505857587919964
C3orf72,0.030505857587919964
NME9,0.030459796794745857
CLDN18,0.030419079962951512
MRAS,0.030358320469280643
ESYT3,0.030358022958825677
SELK,0.030341856690374987
ROBO2,0.030328583522883736
STT3B,0.030299382267921515
RNY4P22,0.030292324859643623
FBXL2,0.03028595847467697
DBR1,0.030275693957169718
ARMC8,0.030254694209772937
PIK3CB,0.03022804457043421
GPD1L,0.030227696308126877
snoU13|ENSG00000238646.1,0.030227696308126877
DZIP1L,0.030160125178927247
A4GNT,0.030160125178927247
SNORA25|ENSG00000201701.1,0.0300664523963517
NCK1,0.030052308512728387
SOX14,0.030034996772292204
SUSD5,0.030011536278560222
CCR4,0.03000803843666268
TRIM71,0.03000803843666268
MIR4791,0.02999818670014299
CNOT10,0.029992727128733795
DYNC1LI1,0.02999264793231345
CMTM6,0.02999264793231345
CMTM7,0.02999264793231345
CMTM8,0.029974221565185255
IL20RB,0.02993386567122288
ZNF860,0.029882360317313676
OSBPL10,0.02987518232015419
SLC35G2,0.029706663111510278
RNA5SP142,0.02962935810715988
ROPN1,0.029616947804170568
FAM19A1,0.029609316939065322
SNORA5,0.029560703876318244
MYLK,0.029560703876318244
ADCY5,0.02950562509680231
CCDC14,0.029439021557004237
RN7SL751P,0.029412347838395258
PTPLB,0.029360354683825887
UMPS,0.029179214598499058
MIR544B,0.029179214598499058
MUC13,0.029072189915658714
HEG1,0.029072189915658714
RNA5SP137,0.02907215823488824
ITGB5,0.029024520916348655
STAG1,0.028979435291476074
MIR5002,0.028889075062305515
RNY4P4,0.028847354682982992
ADRA1B,0.028754385366652133
RNA5SP133,0.02875124816136738
RN7SKP45,0.02866444888469468
TTC1,0.02865463362068968
ZNF148,0.02861507648593282
C5orf52,0.028612334951986024
PWWP2A,0.02858276953295505
C1QTNF2,0.028523515931907467
CMC1,0.02849479118543843
MIR5092,0.028472032774382487
SLC12A8,0.028470919147299076
snoU13|ENSG00000238992.1,0.028444809654134384
SNX4,0.028444809654134384
SNORA68|ENSG00000252458.1,0.028403596955477974
RNF145,0.028403596955477974
THG1L,0.02839271879092098
LSM11,0.02839271879092098
SEC22A,0.028353038182992306
TMPPE,0.02829345317699747
GLB1,0.02829345317699747
RN7SL296P,0.02829345317699747
CRTAP,0.02829345317699747
AZI2,0.028253303150697604
PTTG1,0.02824371862723703
MIR146A,0.02824371862723703
MIR3142,0.02824371862723703
C5orf54,0.028239121835443057
SLU7,0.028239121835443057
EBF1,0.028205962189000455
RN7SL814P,0.028165725622889413
ERC2,0.028121209921229618
GABRA6,0.02806688536665213
CLINT1,0.028050148679615878
GABRG2,0.028030165593627237
UBLCP1,0.027949210224792676
RNU4ATAC2P,0.027948555488869504
IL12B,0.027948555488869504
U8|ENSG00000253004.1,0.02794340284599623
OSBPL11,0.027870380556745993
MIR548I1,0.027833772597349545
MSL2,0.02780078306997108
PPP2R3A,0.02779605938982288
GPR151,0.027744291521169803
RNA5SP196,0.027744291521169803
TCERG1,0.027744291521169803
RN7SL791P,0.027744291521169803
GABRA1,0.02772102793539939
SLC41A3,0.02770515204384315
U1|ENSG00000272020.1,0.027683054982806255
PDIA5,0.027681043499249085
FAM86JP,0.02767277924199115
ROBO1,0.027655056147669835
ALG1L,0.027618285756709594
PCCB,0.02756126470010383
ROPN1B,0.02755274711553711
FAM19A4,0.02750273405637293
KIF4B,0.027318576767786984
ITK,0.027307991870362317
HAVCR2,0.027307991870362317
MED7,0.027307991870362317
FAM71B,0.027307991870362317
SNORA24|ENSG00000207130.1,0.027258321370528693
RN7SL698P,0.027258321370528693
HAVCR1,0.027235575349192503
BTF3,0.027168273606099393
FOXD1,0.027168273606099393
RAB7A,0.02716624101972149
KY,0.027145827836874463
RNA5SP141,0.02714373965028489
C3orf27,0.02712652995824187
RPN1,0.02712652995824187
MIR1280,0.027104787628879454
COX17,0.02706417116064263
ZCWPW2,0.02704277349163815
EPHB1,0.027036995144404823
RPL32P3,0.02703476352886932
SNORA7B,0.02703476352886932
SEMA5B,0.027027167967821026
UTP15,0.027010895367559577
SEC61A1,0.02700509468328273
FNDC9,0.026993704986905294
CYFIP2,0.026993704986905294
NIPAL4,0.026993704986905294
RNA5SP138,0.02698755099905851
TXNRD3NB,0.02698755099905851
TXNRD3,0.02698755099905851
NUP210P1,0.02698755099905851
DNAJB8,0.02698611224653293
GATA2,0.02698611224653293
MRPL22,0.026975686108686156
RUVBL1,0.026928877174968717
MIR3141,0.02692451440419033
U3|ENSG00000200222.1,0.026915168579202647
ARHGAP31,0.026883858295433764
KBTBD12,0.026881023776278684
POPDC2,0.02688011996451754
GADL1,0.0268749908375856
TMEM39A,0.0268730833133862
PARP14,0.02687301684366441
WDR5B,0.02686456103874929
EEFSEC,0.02686381368762859
ABTB1,0.026849510642263652
PODXL2,0.026849510642263652
MGLL,0.026848133965972253
ACAD9,0.026845583354315954
KIAA1257,0.026845583354315954
HSPBAP1,0.026825801585845598
snoU13|ENSG00000238480.1,0.026825801585845598
RNA5SP139,0.02681869729144665
PSMD6,0.026817167869395492
GTF2E1,0.026802533757621014
DIRC2,0.02679607547374927
ADPRH,0.026794419960293428
PLA1A,0.026794419960293428
CD80,0.026794419960293428
ANKRA2,0.026791982485951233
TPRA1,0.026786736165384295
DTX3L,0.026754679739361437
PARP15,0.026754679739361437
RAB6B,0.026750203485924405
PRICKLE2,0.026747762924405533
FAM162A,0.026741946771574397
ADAMTS9,0.026733084112149523
POGLUT1,0.026725303079370905
MIR5682,0.02670380239647431
GABRB2,0.026691192378494273
CNBP,0.02666680509729931
ISY1,0.02666680509729931
snoU13|ENSG00000238874.1,0.02666680509729931
RAB43,0.02666680509729931
GP9,0.02666680509729931
EFCC1,0.02666680509729931
snoU13|ENSG00000252435.1,0.02666680509729931
C3orf36,0.026663964747817796
KPNA1,0.026658149710892337
SOX30,0.026625101953002068
MCM2,0.0266083699302506
TIMMDC1,0.02660343419551963
PARP9,0.02658344374460683
EFCAB12,0.026583331425824586
SLCO2A1,0.026564596255859
CD86,0.026559160058976614
RPL39P5,0.026554402312722776
ARHGEF28,0.02654604120129063
B4GALT4,0.026530519142225543
H1FX,0.026492817412175584
C3orf37,0.026492817412175584
COPG1,0.026492817412175584
CEP63,0.02647601392124392
SNORD112|ENSG00000252170.1,0.02645021980336603
FGF1,0.026427829004801423
SRPRB,0.026356333323977674
ILDR1,0.026350075079665986
CASR,0.026335826929479497
EAF2,0.026324483445103512
IQCB1,0.026324483445103512
SPRY4,0.0263067164993453
UPK1B,0.02629168837386126
C3orf30,0.02629168837386126
RYK,0.026275404866821974
TF,0.026223503325942338
RNA5SP140,0.026220674169917753
PCDH1,0.026204502673504985
TGFBR2,0.02619172281582134
CSTA,0.026189088648362207
U3|ENSG00000199927.1,0.02618269572326689
ACTBL2,0.02617456055430741
MAP3K1,0.02616699240749873
MIER3,0.026164489987274796
PLXNA1,0.0261630233250166
SETD9,0.0261614152373646
RN7SL271P,0.02616060823744103
PROK2,0.02616060823744103
GPR27,0.02616060823744103
EIF4E3,0.026159698022960587
CCDC58,0.026158057984603605
snoU13|ENSG00000238717.1,0.02615337826730231
SLC15A2,0.026152360762890955
EBLN2,0.02613207926004916
ANAPC13,0.026130099076594904
BFSP2,0.026105400095427864
TOPBP1,0.026089306463835622
SNORA33|ENSG00000201827.1,0.026088677762496824
CDV3,0.026088677762496824
RELL2,0.026080164229594038
HDAC3,0.026080164229594038
ARAP3,0.026080164229594038
FCHSD1,0.026080164229594038
MIR4270,0.0260732737856865
RN7SL110P,0.0260732737856865
LINC00698,0.026032769866062077
NDFIP1,0.026013926778699275
EAF1,0.026006912402277423
COLQ,0.026006912402277423
SH3BP5,0.026006912402277423
snoU13|ENSG00000238891.1,0.026006912402277423
METTL6,0.026006912402277423
TFP1,0.02599676948553143
PPP4R2,0.02598329488718248
PCDHGB6,0.025963220741960755
PCDHGA3,0.025963220741960755
PCDHGB1,0.025963220741960755
PCDHGA12,0.025963220741960755
PCDHGB7,0.025963220741960755
PCDHGB2,0.025963220741960755
PCDHGA10,0.025963220741960755
PCDHGA5,0.025963220741960755
PCDHGA9,0.025963220741960755
PCDHGA4,0.025963220741960755
PCDHGB4,0.025963220741960755
PCDHGA7,0.025963220741960755
PCDHGA6,0.025963220741960755
PCDHGB3,0.025963220741960755
PCDHGA8,0.025963220741960755
PCDHGA11,0.025963220741960755
PCDH12,0.02595317956132691
RNF14,0.02595317956132691
GNPDA1,0.02595317956132691
KIAA0141,0.02595317956132691
COL6A6,0.025924175991451755
CAPN7,0.025921868379967367
AMOTL2,0.02591715175839906
MIR4788,0.02591600943052009
PCDHA14,0.025909496398952417
FOXP1,0.025870045688427608
PCDHB5,0.025853482376691432
PCDHB4,0.025853482376691432
PCDHB17,0.025853482376691432
PCDHB6,0.025853482376691432
RNA5SP127,0.025819920498435286
PCDHA1,0.0258082714971628
PCDHA4,0.0258082714971628
PCDHA3,0.0258082714971628
PCDHA5,0.0258082714971628
PCDHA2,0.0258082714971628
PCDHA6,0.0258082714971628
PCDHA7,0.0258082714971628
PCDHA8,0.0258082714971628
PCDHA9,0.0258082714971628
PCDHA11,0.0258082714971628
PCDHA10,0.0258082714971628
PCDHB1,0.025737498635966832
PIK3R4,0.02573283408797186
ATP2C1,0.025731031312772563
COL6A4P2,0.025717643404119295
FGD5,0.0257067017220065
COL6A4P1,0.02570339932326942
DIAPH1,0.025699768884402348
PCDHGC3,0.025698566817644476
PCDHGC4,0.025698566817644476
PCDHGC5,0.025698566817644476
NPHP3,0.025685963681270883
RN7SKP212,0.025680869988270034
snoU13|ENSG00000238568.1,0.025679600041048876
ADAM19,0.02567662755524728
GXYLT2,0.025667544161018737
RNA5SP136,0.025667450462469283
GPBP1,0.025665783817682575
ALG1L2,0.025602494850149166
FAM86HP,0.025602494850149166
PIK3R1,0.02558495975102494
ZNF385D,0.02557236818778142
RN7SL295P,0.025571639659163672
FABP6,0.025571639659163672
CCNJL,0.025571639659163672
PCDHGB8P,0.025570065217102533
SHQ1,0.025545437103733228
MIR1284,0.025542456167937714
BTD,0.02554144829627568
MIR3134,0.02554144829627568
RN7SL4P,0.02554144829627568
PCDHB2,0.025538213389349633
ACAD11,0.025505880041539204
NR2C2,0.025492005177046865
MRPS25,0.025492005177046865
ZFYVE20,0.025492005177046865
PCDHAC2,0.025490908718900043
RN7SL863P,0.02548908059087247
PCDHA13,0.025482199367088596
PCDHAC1,0.025482199367088596
PCDHA12,0.025482199367088596
COL6A5,0.02548038885025327
ASTE1,0.02547136005062099
RN7SL169P,0.02544369984280627
RGS7BP,0.02544369984280627
RNF180,0.025443076159382877
FAM159B,0.025438385805474365
SREK1IP1,0.025437781214400677
ACPP,0.02541067950265234
RN7SL68P,0.025386999083507108
RYBP,0.0253808385191995
LINC00877,0.02537261332296159
ACKR4,0.025346832636335574
LINC00870,0.02534352680149918
FAM114A2,0.025332553869939135
TMCC1,0.02524978360070331
PAM,0.025205543674418313
RNA5SP188,0.02517291871375453
RN7SKP68,0.02517291871375453
SLCO6A1,0.02517223795670131
UBA5,0.02516147239608183
LINC00492,0.025149336261873125
LINC00491,0.025149336261873125
PRSS44,0.025133384645788053
PRSS45,0.025133384645788053
PRSS42,0.025133384645788053
PPP2R2B,0.025115976227383676
HTR1A,0.025071959066002184
RNA5SP187,0.02505245682651612
TMEM161B,0.02505245682651612
TRH,0.025019960007600327
PRSS50,0.024989910861945238
ALS2CL,0.024989910861945238
PRSS46,0.024989910861945238
TMIE,0.024989910861945238
TDGF1,0.024989910861945238
SNORD77|ENSG00000251967.1,0.024989910861945238
LINC00461,0.02497740657251666
DNAJC13,0.024973183249163786
SNORA70|ENSG00000206958.1,0.02494351000905534
CARTPT,0.0249429902438093
RHO,0.024880981894843494
H1FOO,0.024880981894843494
RN7SL752P,0.024880981894843494
snoU13|ENSG00000238701.1,0.02486075949367088
SPICE1,0.024832373022366773
GALNT15,0.024832272850128394
WDR52,0.024818301831008197
FER,0.024787006531414392
SIDT1,0.0247769958539319
MIR4446,0.024773399844608402
ANKRD28,0.024770631559980185
MIR563,0.024770631559980185
MIR3714,0.024762337267444492
PJA2,0.024756057774438223
U7|ENSG00000271841.1,0.02475219041398262
IFT122,0.024747230541405377
RFTN1,0.024738788909410336
OXNAD1,0.024714733771791533
LINC00690,0.024691388125591247
RN7SKP230,0.024687050844845206
MIR5704,0.024662474388840533
SNORD112|ENSG00000253076.1,0.02465826222677549
BOC,0.02465443588033471
DPH3,0.024640085138970227
ZDHHC23,0.024638420326382332
MBD4,0.02462543166758651
RN7SL582P,0.024608894576655556
CD180,0.02460623036179188
SLC9C1,0.024560048730241854
TUSC7,0.024511381795757615
SNORA58|ENSG00000249020.1,0.02450431109489458
MRPL3,0.02450431109489458
CPNE4,0.02449023876365143
PCDHB10,0.024488500354277184
PCDHB15,0.024488500354277184
PCDHB18,0.024488500354277184
PCDHB14,0.024488500354277184
PCDHB13,0.024488500354277184
PCDHB12,0.024488500354277184
PCDHB11,0.024488500354277184
NUDT16,0.024484779252855794
NUDT16P,0.024484779252855794
NEK11,0.02448413371130259
GTPBP8,0.024473208699179703
C3orf17,0.024473208699179703
POU4F3,0.02446293634805612
RBM27,0.02446293634805612
TICAM2,0.024449062032380894
CCDC80,0.0244382881449314
NREP,0.02440744594082555
MAN2A1,0.024407413829643766
TMED7,0.024405827537265005
KAT2B,0.02440163759504902
TAF9,0.02439670826226176
RAD17,0.02439670826226176
CD200R1L,0.024395114102819714
CD96,0.024390652964708204
7SK|ENSG00000249352.3,0.024388042014543546
RN7SL767P,0.02438441545940224
KIAA2018,0.02438441545940224
U8|ENSG00000212249.2,0.024382703414429826
MRPS36,0.024377520423736476
CDK7,0.024377520423736476
SNORA50|ENSG00000220986.1,0.024377520423736476
RN7SL103P,0.024377520423736476
snoU13|ENSG00000238334.1,0.024377520423736476
CCNB1,0.024377520423736476
SLC30A5,0.024377520423736476
CCDC125,0.024377520423736476
CENPH,0.024377520423736476
SGOL1,0.024369683151191132
MIR3135A,0.024369683151191132
CD200R1,0.024325253198935616
SLCO4C1,0.02429174846002844
PCDHGA1,0.024254521907513343
PCDHGA2,0.024254521907513343
RBMS3,0.02424962729468198
HGD,0.024239209495080478
BTLA,0.02421364994302259
CD200,0.02421364994302259
WDR36,0.02420720703363325
TSLP,0.02420720703363325
NDUFB4,0.02419918932210662
COMMD10,0.024190509219120308
NAA50,0.024183685256361786
ATP6V1A,0.024183685256361786
RAB5A,0.024173570473869244
PP2D1,0.02416672469758405
EFHB,0.02416483214089158
CETN3,0.02415620241126302
CWC27,0.024140481036746198
MARVELD2,0.024138665948469383
FEM1C,0.02412930530669389
ATG3,0.024126955283843374
PCDHB16,0.0241088556527956
PCDHB7,0.0241088556527956
PCDHB8,0.0241088556527956
C3orf20,0.024076213080168777
CCDC174,0.024076213080168777
SLC35A5,0.024066692674380014
GRAMD1C,0.024063947771918125
CCDC112,0.024051165957009537
RN7SKP122,0.02404500061011243
RN7SL782P,0.02404500061011243
MBLAC2,0.02402674298921978
NUDT12,0.0240128637394114
TMPRSS7,0.02400361712539482
RNA5SP124,0.023988161959701416
ATG12,0.023983327874432418
AP3S1,0.0239824094946342
FAXDC2,0.02397306760032318
CDO1,0.023965461212903542
KALRN,0.023947379943304654
THOC7,0.023906224829796454
C3orf49,0.023906224829796454
SATB1,0.023902844340332227
LYSMD3,0.02390170160770934
POLR3G,0.02390170160770934
ATXN7,0.023900222133670226
RABL3,0.023899883786128895
LARP1,0.02389063650237902
SLC25A2,0.023885341236683323
TAF7,0.023885341236683323
RGMB,0.02386654387643931
LINC00620,0.023862243828148257
WNT7A,0.023861896195910056
MIR378H,0.02384322949397013
CNOT8,0.02384322949397013
RN7SL439P,0.023836005625879036
MIR1303,0.023836005625879036
PLCXD2,0.023812090849049172
KCNH8,0.02379104719081066
GRIP2,0.0237701520745429
CHCHD4,0.023752308827951953
TMEM43,0.023752308827951953
LSM3,0.023752308827951953
XPC,0.023752308827951953
ABHD10,0.023744337333730294
TAGLN3,0.023744337333730294
snoU13|ENSG00000238400.1,0.023694660039664087
GEMIN5,0.0236907143070892
LINC00901,0.023688410675189394
ZBED2,0.023688277023211888
PHLDB2,0.02368740781805551
STARD4,0.023685824197702144
MIR4447,0.023681207061428882
RNA5SP134,0.023679559463148734
C3orf52,0.02367846253349348
GCSAM,0.023675129439704876
SNTN,0.02367429438646174
RN7SKP57,0.023673615526398618
LUCAT1,0.023664740545453495
P4HA2,0.02366409237813087
PDLIM4,0.02366409237813087
RN7SL255P,0.02362801122606913
MIR567,0.0236104797396491
ADAMTS6,0.02359540040226908
TBC1D5,0.023592696267004807
HDAC11,0.023586207277101492
MYRIP,0.023584484730036683
RN7SL411P,0.023584484730036683
NUP210,0.023583867656958676
SNORA64|ENSG00000202517.1,0.023549129337571195
NR1I2,0.023541170125256496
CTNNB1,0.02351877578364656
ARL14EPL,0.023483446685804914
AQPEP,0.023483446685804914
LINC00903,0.023475736815136726
PPWD1,0.023458701176697294
CENPK,0.023458701176697294
QTRTD1,0.02343353268769958
SREK1,0.023416338173003964
C5orf56,0.023402996229464033
IRF1,0.023402996229464033
SLC22A5,0.023402996229464033
MIR3936,0.023402996229464033
SLC22A4,0.023402996229464033
GPR156,0.02333622494945445
RN7SL397P,0.023311155571759556
RN7SL762P,0.023311155571759556
ZNF620,0.023304472439517013
ZNF621,0.023304472439517013
ENTPD3,0.023301268845043712
ZNF619,0.023295284772348324
RPL14,0.023295284772348324
DRD3,0.023286399872554844
ZNF80,0.023286399872554844
TIGIT,0.023286399872554844
MIR568,0.023286399872554844
GAP43,0.023286299236573438
GSK3B,0.023285085829473962
SYNPR,0.02328336884321344
MIR4796,0.023276544935266413
KIAA1407,0.023255192395770445
IL4,0.023240957446808496
IL13,0.023240957446808496
TMEM108,0.023239237949111372
MAATS1,0.02323454029932596
PVRL3,0.02322879943604327
EIF1B,0.02322718824139788
ALDH1L1,0.023195568216901954
RNU6ATAC15P,0.023195071538322037
PRELID2,0.02318052857873054
FBXL17,0.02317822391162611
IL5,0.02316666442230001
RAD50,0.02316666442230001
XIRP1,0.02314496264991662
CX3CR1,0.02313600165216821
CXCL14,0.023091069674814488
RN7SL815P,0.02307324391272771
KLF15,0.023066493586684975
GORASP1,0.02301031094007363
TTC21A,0.02301031094007363
CSRNP1,0.02301031094007363
RN7SL87P,0.023002700021046908
YIPF5,0.023002700021046908
HMGCR,0.022991955162421862
WDR48,0.0229905655150181
GRXCR2,0.022967563666977334
GCNT4,0.022934769820693274
NSA2,0.022933435368962293
FAM169A,0.022933435368962293
SNORA40|ENSG00000212363.1,0.022933435368962293
CCDC37,0.02292470178786939
HMHB1,0.02291749601611592
MOBP,0.022903297788210174
SLC25A38,0.022902018365260134
CCR8,0.022902018365260134
SNORA6,0.022902018365260134
SNORA62|ENSG00000202363.1,0.022902018365260134
RPSA,0.022902018365260134
POLK,0.02289668620231379
ANKRD31,0.022865596200352972
NR3C1,0.022859388436212727
H2AFY,0.022859096072703665
PLCL2,0.022842757020048555
TRPC7,0.022814085203982714
RNA5SP193,0.02279084836205341
ANKDD1B,0.02271076711910934
KIF3A,0.02269669404793965
CCNI2,0.02269669404793965
MIR5197,0.022668306323100493
SCN10A,0.02264662741088115
FLJ11235,0.022641792129015844
UROC1,0.02263223497712533
ZXDC,0.02263223497712533
CHST13,0.022610505487103156
C3orf22,0.022610505487103156
C3orf35,0.022578148060465344
PART1,0.022574360162597555
SRP19,0.022573510544581663
RN7SKP246,0.022569716467722992
PLXND1,0.022551548769801526
C3orf56,0.022541238878441713
GFM2,0.02247818035251313
PITX1,0.022476899241588806
EPM2AIP1,0.022470016672795145
RNA5SP129,0.022468309096495703
GOLGA4,0.022468309096495703
snoU13|ENSG00000238929.1,0.022468309096495703
LRRFIP2,0.02246753338336852
LARS,0.022464016465608215
KCTD16,0.022460254367238898
RNA5SP192,0.02243733503905196
SHROOM1,0.02243733503905196
LEAP2,0.02243733503905196
UQCRQ,0.02243733503905196
GDF9,0.02243733503905196
MIR5692C1,0.0224261826506637
FBXL21,0.022423017512888926
LECT2,0.022423017512888926
SLC22A14,0.022420627924665183
MLH1,0.022419157091982462
EXOG,0.022415112302105005
SCN5A,0.02241500148594398
XYLB,0.022414427256745934
ACVR2B,0.022414427256745934
PLAC8L1,0.022411716003241808
SH3RF2,0.022411716003241808
CHCHD6,0.022407129024109535
snoU13|ENSG00000238796.1,0.02240594532722866
ZRSR1,0.022405843714341435
RN7SKP227,0.022401794214388992
IL9,0.022393595324546805
SNORA13,0.02239023784876717
DEPDC1B,0.022368015433668998
TIMD4,0.02236141636830086
HSPD1P6,0.02234830023120282
DCLK3,0.02234830023120282
SEPT8,0.022345737947751125
SOWAHA,0.022345737947751125
C5orf24,0.022344532470959157
CATSPER3,0.022344532470959157
MIR4461,0.022344532470959157
PCBD2,0.022344532470959157
TXNDC15,0.022344532470959157
REEP5,0.022334884325909445
POC5,0.022313323819691075
RNA5SP186,0.022311809625482043
TRIM23,0.022307513037613348
TRAPPC13,0.022307513037613348
ACAA1,0.022298830889501218
DCP2,0.02225486138619713
MYD88,0.02225195565338721
TRANK1,0.02223931757393202
RNU6ATAC4P,0.02223931757393202
CAND2,0.022223847551571998
RPL32,0.022221190697958523
SNORA7A,0.022221190697958523
TMEM40,0.022207616313691978
HACL1,0.02216866028708136
RN7SKP117,0.022164854130354062
ABLIM3,0.022128669625082517
C5orf15,0.022124286291408547
VDAC1,0.022124286291408547
AFAP1L1,0.02212086756349238
RN7SKP145,0.022098910179704993
DAZL,0.0220952799144005
ADRB2,0.02208451339067725
SH3TC2,0.022084218264551085
LSAMP,0.02208125286133025
CBLB,0.0220142513153781
MIR584,0.021992793556591797
SMAD5,0.021982234991005475
DDX46,0.021980063291139225
CAMLG,0.021980063291139225
TGFBI,0.02197924340566292
SAR1B,0.0219768987341772
MIR3660,0.021966142583348183
TAMM41,0.021960116657250634
RAF1,0.021954721513897605
TCF7,0.02194436439536762
PMCHL2,0.021928179729495397
PCYOX1L,0.021924807228980336
GRPEL2,0.021924807228980336
snoU13|ENSG00000239140.1,0.02191693515139487
FBLN2,0.021896702171864055
SEC24A,0.021857089954214905
DLEC1,0.02184889209995757
PLCD1,0.02184889209995757
VILL,0.02184889209995757
MIR26A1,0.02184889209995757
PPARG,0.021846009375334034
SEMA6A,0.021845227962791928
TSEN2,0.021816035791177437
RNA5SP123,0.021815750764736144
MKRN2,0.021815750764736144
C3orf83,0.021815750764736144
SYN2,0.021803285947687486
FSTL1,0.021753116843021145
FBLL1,0.021748749351424915
PANK3,0.021748749351424915
MIR103A1,0.021748749351424915
PLK2,0.021748195333428776
GAPT,0.021748195333428776
MIR548AE2,0.021748195333428776
LRRC58,0.02173869600606249
FBXO40,0.02167336158747089
snoU13|ENSG00000238670.1,0.02167336158747089
RN7SL172P,0.02167336158747089
HCLS1,0.02167336158747089
ARGFX,0.02167336158747089
GOLGB1,0.02167336158747089
POLQ,0.021666423419124878
SNORA76|ENSG00000252904.1,0.02164244849270966
PCDHB3,0.02163965276971314
RN7SL147P,0.021636204465753584
RARS,0.021625353656984567
LRRC70,0.021548463296274415
STXBP5L,0.021541522355384656
TIMP4,0.021477714495121477
BDP1,0.021450510447373
C5orf64,0.021432859296809628
MCCC2,0.021273241069880384
DIMT1,0.02124520502220966
IPO11,0.021241713097286046
S100Z,0.021237597493926588
SNORA43|ENSG00000199815.1,0.02123308740010026
F2RL1,0.021217091804117107
snoU13|ENSG00000238688.1,0.021217091804117107
RN7SL208P,0.021217091804117107
RAD18,0.021214176805869626
SNORA47,0.02120487576183779
ZBED3,0.02120487576183779
CRHBP,0.02120487576183779
RNU6ATAC36P,0.02120487576183779
AGGF1,0.02120487576183779
GPR98,0.021197744204746963
ALCAM,0.021181451042684107
IQGAP2,0.02116521224907301
F2R,0.021164988492520125
CKS1B|ENSG00000268942.1,0.021135532903689625
ZBTB20,0.021134799127182774
ERCC8,0.02107386630804822
CKMT2,0.02106755049129609
F2RL2,0.021059370072028284
SNORA31|ENSG00000252337.1,0.021051039343718762
TMEM174,0.021036345512813664
SCN11A,0.02102449162031768
KIF2A,0.020999363237219803
NDUFAF2,0.02097977598886526
GBE1,0.020919908654911428
MIR585,0.02091972353568879
ARRDC3,0.020906472497222658
MYOT,0.02087963651143885
PKD2L2,0.02087963651143885
GTF2H2,0.020872919001737815
snoU13|ENSG00000238451.1,0.020872919001737815
RN7SL9P,0.020872919001737815
GUSBP3,0.020872919001737815
SERF1B,0.020872919001737815
SMN1,0.020872919001737815
RN7SL616P,0.020872919001737815
SMN2,0.020872919001737815
SERF1A,0.020872919001737815
RN7SL476P,0.020872919001737815
OCLN,0.020872919001737815
NAIP,0.020872919001737815
GTF2H2B,0.020872919001737815
snoU13|ENSG00000238740.1,0.020872919001737815
GTF2H2C,0.020872919001737815
ZCCHC9,0.02086712673478723
LINC00312,0.02085487039898488
OXTR,0.020850270662996422
CAV3,0.020850270662996422
SSUH2,0.020849932973813733
SMIM15,0.020843018225591047
COL4A3BP,0.020835260158462664
MAT2B,0.02082323066673499
ACOT12,0.02080622671517896
CAMK4,0.020805559471117244
TRMT10C,0.02079285888721557
PCNP,0.02074010948756561
MIR4804,0.020731326166411226
TNPO1,0.020731326166411226
IGSF11,0.020684880294142387
CCNG1,0.0206815353866653
MIR2277,0.020676838026349773
ZBTB11,0.02065115253639408
RPL24,0.02065115253639408
FCHO2,0.02065107878969765
TMEM171,0.02065107878969765
CEP97,0.02064795406135101
ENC1,0.020611627557912657
SNORA40|ENSG00000253065.1,0.020594021361371357
CSNK1G3,0.02058443575921924
STAC,0.020559203957924755
GIN1,0.020553558263924816
HEXB,0.020518456997048073
SLC22A13,0.02046316913222512
HINT1,0.020456293873868794
LYRM7,0.020456293873868794
ARPP21,0.02044643875913707
PPIP5K2,0.02044627442368724
NR2F1,0.02043994833376388
MAST4,0.020437111375613035
NXPE3,0.02042999308071146
NFKBIZ,0.02042999308071146
ZNF608,0.020391141364370043
HMMR,0.02038074104443191
NUDCD2,0.02038074104443191
ERBB2IP,0.020355498134099252
PDE8B,0.020340424285044553
OXSR1,0.020308345002564936
IMPG2,0.020305381442739506
snoU13|ENSG00000238312.1,0.020305381442739506
SNCAIP,0.020304132313063373
ZNF474,0.020304132313063373
SPZ1,0.02026892198087107
ELOVL7,0.02025320488405959
WDR41,0.020252551890210135
OTP,0.020252551890210135
DHFR,0.02024372535349357
MTRNR2L2,0.02024372535349357
FAM151B,0.02024312621190007
ANKRD34B,0.02024312621190007
ZFYVE16,0.02023249961872811
DTWD2,0.020214706818755725
TBCA,0.020212371606358963
MSH3,0.02020915488354869
RNA5SP189,0.020194956398285974
snoU13|ENSG00000239011.1,0.02019105360808899
MIR5706,0.020187562440304348
snoU13|ENSG00000238525.1,0.020176109460431184
CEP120,0.020169080110224325
SNORA31|ENSG00000251828.1,0.020168821760822717
C5orf30,0.020162183217521775
SCAMP1,0.02015858479307849
LOX,0.02012034099267732
APC,0.020103063658044425
SERINC5,0.020077132080296652
CTDSPL,0.020032460921663164
snoZ6|ENSG00000253067.1,0.020017631304445862
CSF2,0.020017631304445862
IL3,0.020017631304445862
SNORA51|ENSG00000207177.1,0.020010499378672657
SLC25A46,0.020010499378672657
RN7SL689P,0.020009073742685606
PPIC,0.020009073742685606
snoU13|ENSG00000239103.1,0.020009073742685606
PRDM6,0.01999292983631038
RN7SL711P,0.01999292983631038
LHFPL2,0.019969808847973388
TBC1D23,0.019943122769886166
NIT2,0.019943122769886166
SNORD61|ENSG00000238377.1,0.019943122769886166
TMEM30C,0.019943122769886166
DMXL1,0.019942653726656965
ITGA9,0.01994250191450066
BRD8,0.01993264847443972
KIF20A,0.01993264847443972
CDC23,0.01993264847443972
GFRA3,0.01993264847443972
FAM53C,0.019928036808515154
RN7SL682P,0.019928036808515154
KDM3B,0.019928036808515154
CDC25C,0.019928036808515154
SNX2,0.01992041125517367
snoU13|ENSG00000252295.1,0.01992041125517367
SNX24,0.01992041125517367
SV2C,0.019902488570393666
ARL8B,0.01987555641967602
RN7SL177P,0.019841683079146077
EPB41L4A,0.01981784462226035
GRIA1,0.019811452776595642
SRFBP1,0.019805965725076008
ATG7,0.019799261072536843
CADPS,0.01979782880647964
HSPA9,0.019780474100460094
MIR548F3,0.01977214136776258
ULK4,0.01975689962560171
LRRTM2,0.01974888683925958
AFF4,0.019737549186934062
ZCCHC10,0.019737549186934062
FTMT,0.019733534972059697
FKSG52,0.0197277735879731
SNORD63|ENSG00000222937.1,0.019726130653266317
SNORD63|ENSG00000206989.1,0.019726130653266317
SNORA31|ENSG00000252989.1,0.019720507006024478
TFG,0.019720507006024478
GPR128,0.019720507006024478
MIR582,0.01971212245148358
ETF1,0.019708616924283853
REEP2,0.019708616924283853
EGR1,0.019708616924283853
TMEM45A,0.019690239732996863
BHLHE40,0.019662633156984532
HSPA4,0.01965680557530935
ZMAT2,0.019652805165065842
HARS2,0.019652805165065842
HARS,0.019652805165065842
DND1,0.019652805165065842
WDR55,0.019652805165065842
TMEM232,0.019649439752311534
snoU13|ENSG00000239159.1,0.019628079316370464
CTNNA1,0.019620968767890067
THBS4,0.01961374824191281
MTX3,0.01961374824191281
IQSEC1,0.01960435678539888
EIF4EBP3,0.019584785743061304
SNORD45|ENSG00000200051.1,0.019584785743061304
APBB3,0.019584785743061304
CD14,0.019584785743061304
SLC35A4,0.019584785743061304
SNORA27|ENSG00000200235.1,0.019584785743061304
ANKHD1,0.019584785743061304
SRA1,0.019584785743061304
MIR3655,0.019584785743061304
IK,0.019584785743061304
TMCO6,0.019584785743061304
NDUFA2,0.019584785743061304
PFDN1,0.01958383160528381
CYSTM1,0.01958383160528381
SLC4A9,0.01958383160528381
IGIP,0.01958383160528381
PURA,0.01958383160528381
HBEGF,0.01958383160528381
PAPD4,0.019571724630268936
CMYA5,0.0195670150875847
JMY,0.01955573669181264
LNP1,0.019549208351988277
SENP7,0.01954630496425031
ARSB,0.01952562012530365
TOMM70A,0.019501963856892825
snoU13|ENSG00000239126.1,0.019489965056443414
MIR3921,0.01948913603863947
NEUROG1,0.01947040352791104
SNORA18|ENSG00000206592.1,0.0194662021054426
RNY3P1,0.0194662021054426
BHMT,0.0194662021054426
LRRN1,0.019440600093764644
VGLL4,0.01943176751085184
C5orf20,0.019423251196268896
TIFAB,0.019423251196268896
ZSWIM6,0.019399148650162408
RNA5SP194,0.019388169751712144
RAB3C,0.019364866136440007
DDX60,0.019357149608474674
snoU13|ENSG00000238744.1,0.019357149608474674
POU5F2,0.019344256067328737
snoU13|ENSG00000238745.1,0.019315119903314047
FSTL4,0.01931200154926848
AP3B1,0.019298922772024066
HAND1,0.01923653638373165
SAP30L,0.019233577510581565
snoU13|ENSG00000238605.1,0.019222033161588565
WNT8A,0.019222033161588565
NME5,0.019222033161588565
RN7SL655P,0.019211755201570143
MIR1294,0.019211755201570143
GALNT10,0.019199473647690896
MFAP3,0.019199017673939122
CMSS1,0.01911128861573528
ARHGAP26,0.019001808318264046
HOMER1,0.018978194391169066
RNA5SP170,0.018967921825809433
RN7SKP188,0.018959022531790996
MIR4445,0.018949034354768853
RN7SL867P,0.018935866039056056
WWC1,0.018903256263609166
BHMT2,0.01888994906874653
SLC25A48,0.01888243917566461
RN7SL776P,0.018843695242803868
FAM13B,0.018821994996077444
LINC00606,0.01882056327300423
DMGDH,0.018787495205216706
GRM7,0.018755303078561082
CNTN6,0.018719462972788564
CHL1,0.018719462972788564
RN7SKP144,0.018719462972788564
RN7SL120P,0.018719462972788564
SUMF1,0.018637047523872945
FILIP1L,0.018634461448709092
RUFY1,0.01860859290781475
HRH1,0.01856418294824778
HNRNPH1,0.01856291690007577
CNTN4,0.018545199158644686
MEF2C,0.018543089407663502
LINC00488,0.01852775889417629
GUCA1C,0.01852775889417629
DPPA2,0.01852775889417629
MORC1,0.01852775889417629
U3|ENSG00000221633.1,0.01852775889417629
TRNT1,0.018498332449025996
CRBN,0.018498332449025996
SNORA43|ENSG00000253049.1,0.018498332449025996
IL5RA,0.018498332449025996
C5orf60,0.01848249549265408
CBY3,0.01848249549265408
HMGB3P22,0.01847083523591188
MIR885,0.018456072503717662
CANX,0.018438551812117822
CDKN2AIPNL,0.01842328099010456
UBE2B,0.01842328099010456
RN7SL71P,0.018420715432305057
LMCD1,0.018404121431626466
SKP1,0.018384116602294793
MIR3661,0.018384116602294793
CDKL3,0.018384116602294793
PPP2CA,0.018384116602294793
RN7SL541P,0.01836071720560455
PHF15,0.018358743762510194
DPPA4,0.018327605148195644
TRAT1,0.018309921492024435
SETD5,0.018288631271566564
TLL1,0.01828790249471176
THUMPD3,0.018282378887461474
LINC00635,0.018270650293867093
RN7SKP60,0.018259087331134988
RNA5SP171,0.01825349900755422
DZIP3,0.018227010529878632
MYH15,0.01822325293221694
CD47,0.018160767812016865
LINC00636,0.018141552432829357
SRGAP3,0.01813269582312973
RETNLB,0.018101383426986466
TNFAIP8,0.018061011085777203
RNU4ATAC17P,0.018059268898615848
RN7SL174P,0.018049777891343675
COX7C,0.018040314898605955
MIR3607,0.018040314898605955
CCNH,0.018037699902910855
MIR4790,0.018029616597358678
RN7SL553P,0.018029616597358678
VHL,0.018012821442820334
IRAK2,0.018012821442820334
EGOT,0.018007166518617224
EFNA5,0.01799955765458631
BBX,0.017999438535025572
SNORA70|ENSG00000202379.1,0.017958049720761725
KIAA1524,0.017958049720761725
IFT57,0.017947815286825174
HHLA2,0.017886563576544542
SPARC,0.017878036971447
RN7SKP232,0.0178766847830828
GLRA1,0.01787633146934893
RNA5SP198,0.01787633146934893
RASGRF2,0.017874133430632343
SETMAR,0.017859880450070344
NMUR2,0.017827556726482806
VCAN,0.017807974133983037
snoU13|ENSG00000239191.1,0.01779008366120266
NDST1,0.017751733854434737
EDEM1,0.017751670246309945
SLC36A3,0.017747036090343612
SLC36A2,0.017747036090343612
DRD1,0.017737577605686325
snoU13|ENSG00000239026.1,0.017737577605686325
DCTN4,0.017726618046044185
MYOZ3,0.017726382503554936
RBM22,0.017726382503554936
SLC6A6,0.017700497146159375
SNORA51|ENSG00000207171.1,0.017694332946907813
ITPR1,0.01769395025889762
DDX60L,0.01767774792100836
TNIP1,0.01766905844070873
GM2A,0.01766460494290274
CCDC69,0.01766460494290274
NBPF22P,0.017656840205902295
snoU13|ENSG00000238642.1,0.017652868956512295
BRK1,0.017652868956512295
snoU13|ENSG00000238345.1,0.01763819774400639
CCDC54,0.017637621297260393
SGTB,0.01761271794094092
ARSI,0.017611738739760446
NLN,0.017611125591799403
MIR548AB,0.017600712740509047
TIGD6,0.01760057228101092
PDE6A,0.01760057228101092
SLC26A2,0.01760057228101092
HMGXB3,0.01759826919889383
snoU13|ENSG00000238369.1,0.01759826919889383
PDGFRB,0.01759826919889383
CSF1R,0.01759826919889383
CAMK2A,0.01759817759903689
SLC6A7,0.01759817759903689
CDX1,0.01759817323713895
RPS14,0.01758423697319178
TCOF1,0.01758423697319178
CD74,0.01758423697319178
TMEM167A,0.017571236879224756
ANXA6,0.01753893874939475
XRCC4,0.017528622982652193
SCARNA18|ENSG00000238835.1,0.017527033834655342
SYNPO,0.01752426087639253
SFXN1,0.017476203847925764
MIR378A,0.01743435779776498
RN7SL868P,0.01743435779776498
U3|ENSG00000221043.1,0.01743435779776498
SLIT3,0.017358506155172003
TENM2,0.01733154726117548
PPARGC1B,0.017313245339312062
LINC00882,0.01730627008303307
RN7SKP295,0.017201075308212268
HAPLN1,0.017201075308212268
SH3RF1,0.01714876265655258
RNY4P17,0.0171447487452339
MAPK9,0.01713413705689927
GFPT2,0.01713413705689927
NEK1,0.01711822013544505
LINC00883,0.017065017514353964
SLC6A1,0.016986440565858362
CNOT6,0.016921034577961458
SCGB3A1,0.016921034577961458
G3BP1,0.016898519561027368
ATOX1,0.016898519561027368
CLCN3,0.016872240526625566
FGD5P1,0.016788711089881395
TPRXL,0.016788711089881395
RNA5SP199,0.016751224065370815
PDE4D,0.016739611915409704
MSMO1,0.016683376422791527
MIR578,0.016683376422791527
CPE,0.016683376422791527
C4orf45,0.01668066387114475
CPLX2,0.016670069982230216
RN7SKP148,0.016667064475791412
SLC6A11,0.016653047978900208
KLHL2,0.016601933989188463
ZPLD1,0.016600244033675556
SPOCK3,0.016571601196489785
TRIM61,0.016571359500386136
FAM218A,0.016571359500386136
RN7SKP150,0.01657118893639093
C5orf45,0.016559915332937318
MGAT4B,0.016552222510395134
MIR1229,0.016552222510395134
SQSTM1,0.016552222510395134
LTC4S,0.016552222510395134
FNIP2,0.016541305796135906
TRIM60,0.01652748883591311
RAPGEF2,0.016522063722224412
TBC1D9B,0.016513980104913527
ZNF879,0.016497054684057644
ZNF354C,0.016497054684057644
GRM6,0.01647864271627859
CHD1,0.01644895237221942
CEP44,0.016373752285034314
ANXA10,0.016371627981867264
ADAMTS2,0.016351976784253795
MIR4276,0.016348677266926497
HPGD,0.016324892215362336
HRH2,0.016313600680778646
GALNT7,0.016301120960231792
FAT2,0.01629643859374436
C4orf27,0.016293886028590936
SLC36A1,0.016271061918124996
MIR548T,0.016258952160866428
HMGB2,0.016235725864863937
SPATA4,0.016189206201335685
FAM198B,0.016166928376862684
RNA5SP197,0.01616524346914934
SAP30,0.01615736212189149
SCRG1,0.01615736212189149
KIAA0825,0.01615135239365442
RN7SL253P,0.016141930810885396
EDIL3,0.016137790774736552
CBR4,0.016100385573835536
TMEM144,0.016093799070661753
GPX3,0.01608660237090618
TMA16,0.016073775732003602
WDR17,0.016061289490083033
NPY1R,0.016007908195882905
NAF1,0.016007908195882905
TKTL2,0.01600723692622429
NPY5R,0.01600723692622429
RN7SKP157,0.016002167242040666
ASB5,0.01600049097054807
U3|ENSG00000251979.1,0.015971176078692643
SNORA51|ENSG00000201516.1,0.015936513731439114
RN7SKP136,0.015922590310255603
CSDC2,0.01591546725520842
PMM1,0.01591546725520842
PALLD,0.015907053149679516
SPCS3,0.015887347437196685
snoU13|ENSG00000252388.1,0.015875740389880953
RN7SL629P,0.01587229916228765
DESI1,0.015866161139068746
DCBLD2,0.01584958341734008
ST3GAL6,0.01583734204460621
VEGFC,0.015823036589894812
ABI3BP,0.01579735119907147
OR5H1,0.015795599317774377
OR5H14,0.015795599317774377
OR5H15,0.015795599317774377
RNA5SP172,0.015790317809012445
AGA,0.015790317809012445
ZC3H7B,0.015786235680057725
XRCC6,0.015775179052951584
GABRR3,0.01575359775933565
ACO2,0.015750472321934623
POLR3H,0.01574793037115916
COL8A1,0.015732261861298953
CRYBG3|ENSG00000233280.2,0.015726066249993183
NEIL3,0.015712725578936108
MINA,0.015699651803375167
CYP4V2,0.015696814631638217
RASA1,0.015675839120603222
CRYBG3|ENSG00000080200.5,0.01567121847022347
OR5AC2,0.015651950500498595
OR5AC1,0.015651950500498595
HTR4,0.01562878949047974
MIR4280,0.015607679432190363
RN7SKP34,0.015607679432190363
LINC00973,0.01560045390890218
OR5H2,0.015595511587482363
OR5H6,0.015595511587482363
FBXO38,0.015594727764523534
SPINK9,0.015594727764523534
TEF,0.015522602751489983
MTNR1A,0.015521612124804221
OR5K2,0.01551682132990404
CLDND1,0.01551682132990404
GPR15,0.01551682132990404
OR5K1,0.015513380231804133
SPDL1,0.015505161273994041
OR5K3,0.015502956129404905
ARL6,0.015496068484118644
snoU13|ENSG00000238899.1,0.01549334342401606
CPOX,0.015491461281516157
FAM172A,0.015485918230587826
NRG2,0.015456412546983777
PSD2,0.015456412546983777
RN7SKP13,0.015414036677031557
MTHFD2P1,0.015389209626053278
RN7SL101P,0.015377417877432487
OR5K4,0.015355661873286948
OR5H8P,0.015355661873286948
HSP90AA6P,0.015354856853243674
ERAP2,0.015346504013097456
MGAT1,0.01533859451053107
OR2Y1,0.01533859451053107
FEZF2,0.015331331783569772
SMIM3,0.015314644081095738
TOB2,0.015304630472493707
ATP2B2,0.015293472310834435
ZNF300,0.015250533676424769
ZNF300P1,0.015250533676424769
IRGM,0.015250533676424769
SNORA31|ENSG00000253013.1,0.015246364126043629
FAM149A,0.015246364126043629
PHF5A,0.015245504353949488
MCC,0.01524477634016848
SSBP2,0.015235296229659273
TRIM36,0.015202143405993426
CASP3,0.015197579756629045
MLF1IP,0.015197579756629045
CCDC111,0.015197579756629045
BTNL8,0.015197159562457468
LNPEP,0.015196486044004311
ANKRD32,0.015178335991387102
FLT4,0.015178306803143226
FAM81B,0.015157694552333434
PGGT1B,0.015145379544627316
TMEM192,0.015145057116393976
NSUN3,0.015138942444536348
RIOK2,0.015113392767301921
KCNN2,0.015084417339863885
DHFRL1,0.015065407109445076
C3orf14,0.015004443933332792
WWC2,0.014998635017016364
U3|ENSG00000252048.1,0.014998635017016364
RN7SKP67,0.014998635017016364
snoU13|ENSG00000238319.1,0.014998635017016364
DCTD,0.014998635017016364
FAM92A1P2,0.014998635017016364
MIR378B,0.014995213053113228
GHRL,0.014994760029748555
LINC00852,0.014994760029748555
GHRLOS,0.014994760029748555
SEC13,0.014994760029748555
RHOBTB3,0.014971604515908336
GLRX,0.014971604515908336
TTC37,0.01497144352095955
GPR150,0.01497098468535552
ARSK,0.01497098468535552
SPATA9,0.014970936386870883
C5orf27,0.01497085186452277
DPYSL3,0.01496427453578005
RANBP17,0.014958234510326438
EPHA6,0.014958092537791332
STOX2,0.01495106260558723
RWDD4,0.01495106260558723
TRAPPC11,0.01495106260558723
MTRNR2L12,0.014947554550678564
ENPP6,0.014944127512670463
UBTD2,0.014921722185209848
SNORA57|ENSG00000212529.1,0.014921722185209848
HORMAD2,0.01491892723901108
MIR583,0.014917844277635792
CHADL,0.014901735568417987
RANGAP1,0.014901735568417987
RPS23,0.014894441629731877
MTMR3,0.014893255297472006
CAST,0.014888411931477835
ERAP1,0.014884662380705172
TATDN2,0.014881017188461512
CDKN2AIP,0.014873166760521975
ING2,0.014873166760521975
CLDN24,0.014871330460544013
snoU13|ENSG00000238596.1,0.014871330460544013
CLDN22,0.014871330460544013
MAML1,0.014868019469595572
STK32A,0.014861869545279204
ASCC2,0.01485879882433134
UQCR10,0.01485879882433134
TENM3,0.01485794995470458
ELL2,0.014857881708961403
snoU13|ENSG00000239116.1,0.014854179418749825
LINC00847,0.014837678602136879
ZFP62,0.014837678602136879
FRMD4B,0.014832546246229879
ATP6AP1L,0.014831808734296894
RN7SKP105,0.014824714021102964
C5orf50,0.014757051965356443
TSSK1B,0.014752270052795623
LINC00879,0.014737912385944373
MIR1305,0.014735168817177976
SPINK7,0.014724796855567102
STK10,0.014723291139240494
EFCAB9,0.014723291139240494
FBXW11,0.014723291139240494
LIX1,0.014697512278880331
CCRN4L,0.014682341955250661
RN7SL382P,0.014680919888187682
RNU4ATAC13P,0.01466732793715413
NHP2L1,0.01465393699195212
KLKB1,0.0146516131243431
LCP2,0.014644367088607578
C5orf58,0.014644367088607578
FOXI1,0.014643660892738171
MIR378E,0.014642528314457025
YTHDC2,0.014633634946886333
F11,0.014632545811817402
GALNTL6,0.014608040823404085
CDC42SE2,0.014598121294664318
SH3PXD2B,0.01459007493201337
U3|ENSG00000212211.1,0.014570130536304918
NPCDR1,0.014570130536304918
RNU6ATAC13P,0.014563739191843667
ZMAT5,0.014562668122814846
MIR3912,0.014556195869420405
FGF18,0.014556195869420405
NPM1,0.014556195869420405
SNORA70|ENSG00000206909.1,0.014556195869420405
RN7SL339P,0.014556195869420405
RN7SKP89,0.014535724508619043
PCSK1,0.014521371241464678
RAB33B,0.014513713080168784
SETD7,0.014513713080168784
TLX3,0.014501485676215871
ACA64|ENSG00000239005.1,0.01449897545952763
RNA5SP167,0.0144477870933567
DOCK2,0.01444458689922229
RN7SL378P,0.014430534714689063
LINC00971,0.014425374547133137
CABP7,0.014424981492747341
RAPGEF6,0.01442213186989264
RN7SKP237,0.014417394151025758
ACSL6,0.014417393045986202
NDUFC1,0.014416775789320536
MGARP,0.014416775789320536
RN7SL311P,0.014416775789320536
SGCD,0.014415888785050143
KCNMB1,0.014406615589606944
MGST2,0.014403875066686073
RN7SKP253,0.014403875066686073
KCNIP1,0.014402371752165223
GABRP,0.014391952031978692
RN7SL623P,0.014391898734177224
NAA15,0.014390392356564342
MIR4638,0.014387623647633229
BTNL3,0.014387623647633229
BTNL9,0.014387623647633229
GNB2L1,0.014387623647633229
OR2V1,0.014387623647633229
OR2V2,0.014387623647633229
OR4F3,0.014387623647633229
SNORD95|ENSG00000264549.1,0.014387623647633229
SNORD96A,0.014387623647633229
TRIM41,0.014387623647633229
TRIM52,0.014387623647633229
TRIM7,0.014387623647633229
BOD1,0.014381635118522515
FNIP1,0.014380724242909782
MIR4454,0.014379680213191219
snoU13|ENSG00000252387.1,0.014375479680213214
ATG10,0.014366453617365469
FAM196B,0.014356636621001591
CYTL1,0.014342588979589718
THOC5,0.014317489170508606
TMEM128,0.014313510954335699
OTOP1,0.014313510954335699
NSG2,0.014289814253880179
LINC00616,0.014277565518840865
FHIT,0.01427153931810872
ARAP2,0.014254017208953348
C5orf47,0.014249862718631639
CPEB4,0.014249862718631639
MEI1,0.014240174707809278
C22orf46,0.014236272091236294
RNU6ATAC22P,0.014236272091236294
STX18,0.014202927052604753
NSG1,0.014198499534356196
LYAR,0.014198499534356196
ZBTB49,0.014198499534356196
PCDH18,0.014196709104891169
LINC00290,0.014171800027418543
MIR548P,0.014167845741923712
ST8SIA4,0.014167845741923712
RN7SKP62,0.014167845741923712
TBC1D9,0.014162350259469424
ELMOD2,0.014147485329065422
UCP1,0.014147485329065422
LIF,0.014147299407034951
MGC20647,0.014147299407034951
RN7SL152P,0.014146503225180662
GPR125,0.01413659922256554
L3MBTL2,0.014126565855220732
MSANTD1,0.0141202297522983
SNORD112|ENSG00000252300.1,0.014081290314758224
SCOC,0.014080526456181184
RN7SL802P,0.01407427637905332
HTT,0.014072354284703466
CLGN,0.014067195305300931
RNF150,0.01405742276541055
ZNF330,0.01405742276541055
snoU13|ENSG00000238695.1,0.01405742276541055
FAM174A,0.014024987577706345
MIR4634,0.014020105077816378
MSX2,0.014020105077816378
snoU13|ENSG00000238383.1,0.01401897828076439
NIPSNAP1,0.01400421586356062
IL15,0.013992070420485942
AP1B1,0.013987345356021629
MFAP3L,0.013985763860584826
AADAT,0.013985763860584826
GBA3,0.013970597029801666
FAM86EP,0.01394286888614879
MCTP1,0.013925657439254207
CXXC5,0.013903472152271794
ADRA2C,0.01390252696311789
FSTL5,0.013901822496493063
RNF4,0.013886356896471
HGFAC,0.013861404631465027
LRPAP1,0.013861404631465027
DOK7,0.013861404631465027
IRF2,0.013857446419595108
ZNRF3,0.013843707167620735
NOP14,0.013833700125385654
GRK4,0.013833700125385654
MFSD10,0.013833700125385654
OSM,0.013833189184434852
C5orf48,0.013809517805811107
ALDH7A1,0.013809517805811107
PHAX,0.013809517805811107
CRMP1,0.01379440394990817
GRAMD3,0.01379126869965479
RNA5SP174,0.013786659081211754
FRG2,0.013786659081211754
HSP90AA4P,0.013786659081211754
TRIML2,0.013786659081211754
ZFP42,0.013786659081211754
RNA5SP175,0.013786659081211754
DUX4L2,0.013786659081211754
DUX4L6,0.013786659081211754
DUX4L5,0.013786659081211754
DUX4L4,0.013786659081211754
DUX4L3,0.013786659081211754
DUX4L7,0.013786659081211754
DUX4,0.013786659081211754
TRIML1,0.013786659081211754
FRG1,0.013786659081211754
RASGEF1C,0.01378158598254259
MARCH3,0.013755257451207823
ADD1,0.013751549111114583
LMNB1,0.013748809463772393
RN7SL28P,0.013742031485628109
RN7SL589P,0.013739374736612088
HAUS3,0.013735046070122315
MXD4,0.013735046070122315
MIR4800,0.013735046070122315
ZFYVE28,0.013735046070122315
TTC28,0.013733051958456546
RFPL1S,0.013716377269428943
EVC,0.013716014505194917
MSX1,0.013711971988533198
RGS12,0.013708663055976109
ELF2,0.013703523370592906
RFPL1,0.013685329062616809
SNORD79,0.013673142393638902
DDX4,0.013654702887487146
CCDC134,0.01364447769644516
THOC3,0.013642529920917518
LSM6,0.013642482392690572
SLC10A7,0.013642482392690572
ZNF827,0.013641173741315323
RN7SKP113,0.013628395427846024
GATSL3,0.013625834658770243
RFESD,0.013625621526762208
FAM153B,0.013617795535306858
RN7SKP275,0.013611148397300824
RNA5SP183,0.013581566797851557
CHEK2,0.01357631352784374
MIR4801,0.013564884380389988
C5orf63,0.013564137662730624
TTC29,0.013556468306843057
MARCH1,0.013546588155713395
NEFH,0.01354253003305651
MEGF10,0.013529404984042143
C4orf6,0.013528732044098287
EVC2,0.013528393867028773
MMAA,0.013502563767012464
C4orf51,0.013484052298467684
XBP1,0.013467555503433933
FAM193A,0.013445046226204044
INPP4B,0.013440495906053472
STK32B,0.013422154239960031
RN7SL162P,0.013419210936475804
snoU13|ENSG00000239084.1,0.013414164901034042
RNA5SP190,0.013414164901034042
C4orf50,0.013410651016872423
MIR378D1,0.013394767100053575
JAKMIP1,0.013382415832930107
HSD17B4,0.013370757501675075
SH3BP2,0.013364175082072974
FBXO8,0.013362734898824382
PRR16,0.013334941306545138
HSCB,0.013327387802071357
CCDC117,0.013327387802071357
EP300,0.013326443346711937
SHISA8,0.013313778460791837
SEPT3,0.013313778460791837
TNFRSF13C,0.013313778460791837
MIR378I,0.013313778460791837
CENPM,0.013313778460791837
LINC00634,0.013313778460791837
MIR33A,0.013313778460791837
SREBF2,0.013304396004367681
TNIP2,0.013298142107207337
POU4F2,0.013291686494717797
FAM170A,0.013286785824233522
snoU13|ENSG00000239067.1,0.013286785824233522
SLC38A9,0.013286352106764644
SNORD42|ENSG00000201209.1,0.013283076721387902
MIR5687,0.013275208486669618
ZNF366,0.013242039922103191
ATP10B,0.013238690950783828
SMDT1,0.013205447486553158
FAM109B,0.013200137501516553
snoU13|ENSG00000238498.1,0.013200137501516553
NAGA,0.013200137501516553
NDUFA6,0.013200137501516553
WBP2NL,0.013200137501516553
CYB5R3,0.013184317971533755
CYP2D7P1,0.013179285800946343
CYP2D6,0.013171840498240788
DTHD1,0.013160171656086852
HHIP,0.0131430081707708
PTPRG,0.01312613987981078
PTCD2,0.013094241201836117
RN7SL153P,0.013094241201836117
IL31RA,0.013088811367465761
IL6ST,0.013088811367465761
snoU13|ENSG00000238326.1,0.01308538981380667
MIR1281,0.013065548780487792
RN7SL757P,0.01305337140027093
MIR4803,0.013039463068576979
MAP1B,0.013039463068576979
MN1,0.013022729694475576
C22orf31,0.01301964700622282
RNF130,0.013018691016845442
MIR340,0.013008880085032384
NF2,0.01297291256869882
SNORD125,0.012947366106440508
RASL10A,0.012944346309177379
EIF4ENIF1,0.012936054788195924
POLDIP3,0.012909384412465313
ANKRD55,0.012868156132336566
RNA5SP184,0.012868156132336566
RRP7A,0.012860578380613039
SERHL,0.012860578380613039
SERHL2,0.012860578380613039
RRP7B,0.012860578380613039
RN7SKP80,0.012860578380613039
NFAM1,0.012860578380613039
PISD,0.012856946985145222
ATP5L2,0.012847361064629808
RN7SKP235,0.012828655618599902
ANAPC10,0.012828655618599902
ABCE1,0.012828655618599902
OTUD4,0.012828655618599902
PRR14L,0.01281396007708963
EWSR1,0.012806065981104266
RHBDD3,0.012806065981104266
GAS2L1,0.012806065981104266
EMID1,0.01280552725513621
PITPNB,0.012784966715706978
SFI1,0.012783106739745581
SMAD1,0.012768148052342417
MIR5688,0.012758464103900686
BPIFC,0.012750543020136338
RNU12,0.012740118510935693
A4GALT,0.012736433253932316
RN7SL20P,0.012722026155907123
RFPL2,0.012696006659647926
FBXO7,0.012674999387900012
RFPL3,0.012672530001643924
SLC5A4,0.012658108925816985
RTCB,0.012634139090104614
RFPL3S,0.012634139090104614
RNY5P4,0.012589017305693145
MRPS27,0.012536462979110074
GPM6A,0.01250012916559029
RNA5SP497,0.012396189590102859
PLK4,0.012382620925823998
RN7SL305P,0.012350456976365935
HSPA4L,0.012318559285757955
C4orf29,0.01228787989971258
MFSD8,0.012286247171772752
MAML3,0.01228336884321344
SLC12A2,0.012253523516761807
LHFPL4,0.012232031118403408
LETM2,0.012222601632690726
SYN3,0.012217879615671163
CTXN3,0.01221162964485823
PRRC1,0.01221162964485823
TCF20,0.012182881715934573
SLC25A31,0.01216684400415825
INTU,0.01216684400415825
snoU13|ENSG00000238910.1,0.012091507200044765
C22orf24,0.012091507200044765
YWHAH,0.012091507200044765
FBN2,0.0120438714140732
EMC3,0.01203291262856012
FANCD2OS,0.01203291262856012
CIDECP,0.01203291262856012
FANCD2,0.01203291262856012
ARFGAP3,0.012029163139555496
PACRGL,0.012019667682642359
WHSC1L1,0.012013266253790532
ADAMTS19,0.011939342320381416
KIAA1024L,0.011876243714124423
RNU6ATAC10P,0.011847305027721492
SLIT2,0.011846997169781973
LCORL,0.011845329362734438
RN7SKP284,0.011836670193283674
CC2D2A,0.011828586667535241
FBXL5,0.011828586667535241
CD38,0.011826013001652452
C1QTNF7,0.011823590962945465
PROM1,0.01182107576755403
FGFBP2,0.011818691996589976
MIR4460,0.011816127737476392
snoZ40,0.011804893046835971
CRELD1,0.011790366643591765
IL17RC,0.011790366643591765
PRRT3,0.011790366643591765
BST1,0.011762798627917568
FAM200B,0.011762798627917568
FGFR1,0.011759704042731125
NDST4,0.011755479296837063
LINC00613,0.011752504636152517
JAGN1,0.011748062326938284
IL17RE,0.011748062326938284
RNA5SP191,0.01173388025753734
CHSY3,0.01173388025753734
LINC00504,0.0117328580560317
LAP3,0.011720609274406752
MED28,0.011720609274406752
RN7SL315P,0.011720609274406752
RPS20P22,0.011715200135458934
DCAF16,0.011714941063042333
WFS1,0.011713075273869996
MIR4633,0.011703747213982455
ISOC1,0.011703747213982455
KCNIP4,0.011690517056425664
FGFBP1,0.01168709975879468
QDPR,0.011685352066681188
snoU13|ENSG00000238536.1,0.011680749074736423
CLRN2,0.011680749074736423
SNORA63|ENSG00000202449.1,0.011671773658345928
SLC27A6,0.011661014681455804
KREMEN1,0.011650406557099003
NCAPG,0.011641755823717851
MIR5091,0.01163843231777078
RPUSD3,0.011636103762856006
BOD1L1,0.011634006620224664
RNF44,0.011619835089047027
RN7SKP170,0.011607586793751096
SIMC1,0.0115908261416208
CIDEC,0.011587566134295879
NEURL1B,0.011581708079387402
MIR5003,0.011581708079387402
CPEB2,0.011577335705648364
DUSP1,0.011557032348804498
ERGIC1,0.011556355159660359
LDB2,0.011550485180232023
CDHR2,0.011519011754940613
GPRIN1,0.011519011754940613
KIAA1191,0.011517885697545253
ARL10,0.011517885697545253
NOP16,0.011517885697545253
HIGD2A,0.011517885697545253
CLTB,0.011517885697545253
MIR1271,0.011517885697545253
SNORA75|ENSG00000206780.1,0.011515469007557616
FAF2,0.011506216203019904
RN7SL684P,0.011504885685338667
FAT4,0.011503907539900934
TIMP3,0.01147894900682404
MTRNR2L13,0.011443983295024114
RNU6ATAC6P,0.011432724283102037
MIAT,0.011380830932914511
CRYBB1,0.011357901576458418
CRYBA4,0.011357901576458418
TTLL3,0.011357301628951369
ARPC4,0.011357301628951369
TADA3,0.011357301628951369
CAMK1,0.011357301628951369
OGG1,0.011357301628951369
BRPF1,0.011357301628951369
C22orf42,0.011338149680638156
RBFOX2,0.011318721546746608
TPST2,0.011318373714805931
PABPC4L,0.011314566714917823
PARVG,0.011295170974663862
CPNE9,0.011290074586126925
KIAA1644,0.01128010315569818
ZEB2P1,0.011275880166702957
TRMT44,0.01127557584561112
MIR874,0.011257074256697077
DEPDC5,0.011249682449301383
MTMR14,0.011244013958131642
UGT8,0.011242973226715025
CADM2,0.011242570003835838
APOL3,0.011233108483233403
EIF4E,0.011230146654148725
GPR78,0.011226403987617052
CPZ,0.011226403987617052
MIR4798,0.011225497711016339
SMIM14,0.011222985864636955
UGDH,0.01121558787928521
VGLL3,0.011209091864068484
ADH6,0.011208391336721808
MIR577,0.01120589206513646
SH3TC1,0.011200829200740265
ANKRD50,0.011198092093193907
HTRA3,0.011197077046215866
RN7SKP36,0.01119350699399909
KLB,0.011192085017335804
MIR5591,0.011192085017335804
LIAS,0.011191888065978685
RPL9,0.011191888065978685
MTTP,0.011186014438796984
TRMT10A,0.011186014438796984
MIR4274,0.011183940270443093
PSAPL1,0.011183940270443093
ABLIM2,0.011165082094261229
APOL1,0.011152099988896293
APOL2,0.011152099988896293
RN7SL349P,0.011152099988896293
ADH5,0.011150092265855158
MIR3684,0.011150092265855158
METAP1,0.011150092265855158
PCNAP1,0.011150040467480332
ADH4,0.011150040467480332
snoU13|ENSG00000238694.1,0.011149916635251068
MIR302A,0.011141849849460974
MIR302D,0.011141849849460974
MIR367,0.011141849849460974
LARP7,0.011141849849460974
C4orf21,0.011141849849460974
MIR302C,0.011141849849460974
MIR302B,0.011141849849460974
MIR4764,0.011126554296767056
PACSIN2,0.011125817036160503
PNPLA3,0.011122538732602324
APOL4,0.01111817815900511
SNORA76|ENSG00000253007.2,0.011115707884897233
SAMM50,0.011115113097230157
PNPLA5,0.011112333405516078
MIR574,0.011108343454804439
TLR6,0.011108343454804439
TLR10,0.011108343454804439
RNA5SP158,0.011108343454804439
TLR1,0.011108343454804439
TSPAN5,0.01110539026838033
PARVB,0.01110195483985275
USP17L29,0.011100566267354351
USP17L5,0.011100566267354351
USP17L24,0.011100566267354351
USP17L30,0.011100566267354351
USP17L19,0.011100566267354351
USP17L20,0.011100566267354351
USP17L21,0.011100566267354351
USP17L15,0.011100566267354351
USP17L13,0.011100566267354351
USP17L12,0.011100566267354351
USP17L25,0.011100566267354351
RNA5SP153,0.011100566267354351
USP17L26,0.011100566267354351
DEFB131,0.011100566267354351
USP17L27,0.011100566267354351
HMX1,0.011100566267354351
MIR548I2,0.011100566267354351
USP17L28,0.011100566267354351
USP17L11,0.011100566267354351
USP17L10,0.011100566267354351
USP17L22,0.011100566267354351
USP17L23,0.011100566267354351
FAM90A26,0.011100566267354351
USP17L18,0.011100566267354351
USP17L17,0.011100566267354351
ACOX3,0.011092071773718824
RNA5SP152,0.011092071773718824
RASD2,0.011084950310903839
RN7SL808P,0.011077205477678143
AACSP1,0.011073201710804852
APOL6,0.011067843659782367
MB,0.011067843659782367
APOL5,0.011067843659782367
RN7SL558P,0.011065493465061232
UBE2K,0.011064670165688998
ADH1A,0.011056622098481635
ADH1B,0.011056622098481635
RNA5SP185,0.011050561380437399
ARHGEF37,0.011044954609665321
LINC00955,0.011042276826342352
RNA5SP166,0.01103338459718442
AP1B1P1,0.011032567681775485
NPY6R,0.011026552227455596
HNRNPA0,0.011026552227455596
RNU6ATAC2P,0.01102635915692516
MIR548J,0.01100727943654729
PPAP2A,0.010994079437876733
ZNF354A,0.010991526619720342
KLHL5,0.010977144978472545
PROP1,0.010976532596016775
MIR95,0.010974230406003446
SPINK14,0.010971597589361908
SRRD,0.010967744625552039
ASPHD2,0.010967744625552039
TFIP11,0.010967744625552039
HPS4,0.010967744625552039
CLK4,0.010962952722455033
RN7SKP70,0.010962952722455033
ISX,0.010962822795303266
WDR19,0.010962618481738988
ZNF454,0.010958217767601267
ZNF354B,0.010957301882173347
RN7SKP169,0.010956934922879672
PRR7,0.010937218646044855
DBN1,0.010937218646044855
GRK6,0.010937218646044855
NEUROG2,0.010935808863996895
PDLIM7,0.010935058538903546
RFC1,0.010934914907909082
RN7SL646P,0.010934059129332827
RAP1GDS1,0.010933616818851601
PFN3,0.010928906553765078
SLC34A1,0.010928906553765078
F12,0.010928906553765078
AP1AR,0.010928298099647122
C4orf32,0.010928298099647122
TIFA,0.010928298099647122
SULT4A1,0.010927976061578441
FAM153C,0.010924416411053987
RMND5B,0.010924416411053987
NHP2,0.010924416411053987
N4BP3,0.010924416411053987
AFAP1,0.010923948994414104
EDNRA,0.010915944635040819
MIR548G,0.010915944635040819
PPP2R2C,0.010907851997408216
RGS14,0.010904471421782538
SLC5A1,0.010897574860740642
HNRNPAB,0.010889900779078648
PHYKPL,0.010888904249650784
MAN2B2,0.010888455984178286
S100P,0.010884796998276377
MRFAP1L1,0.010884796998276377
MRFAP1,0.010884796998276377
RNA5SP495,0.010883042561249771
MIR3909,0.010868698645347544
HMGXB4,0.010868698645347544
MIR145,0.010860685515298995
DRD5,0.01086029357192925
RNA5SP154,0.01086029357192925
SPINK6,0.010845612422025473
KIAA0232,0.010832919015292354
BLOC1S4,0.010832919015292354
ZFP2,0.010831635489120254
LMAN2,0.01082912112440778
RN7SL562P,0.01082912112440778
RPL26L1,0.010823826639579108
GRPEL1,0.010818761619609447
LINC00229,0.010818607398074685
SCGB3A2,0.010810654999220596
C5orf46,0.010810654999220596
SPINK1,0.010810654999220596
IL17B,0.010795370539170233
RN7SKP292,0.010786266945043208
BNIP1,0.010783067666822943
STC2,0.010782882742095126
TOM1,0.010779501165889407
BMPR1B,0.010779448994787793
KLHL3,0.010766721249141397
ANAPC4,0.010762523602107669
ZCCHC4,0.010756899995228459
MIR297,0.01075468119675544
MIR143,0.010750497372446753
ATP6V0E1,0.01074865604000626
CREBRF,0.01074865604000626
SNORA74B,0.01074865604000626
FAM153A,0.01074721562189486
SNCB,0.010740991633184992
DRG1,0.010734602607768453
ETFDH,0.010734267385741033
PPID,0.010734267385741033
U3|ENSG00000271817.1,0.010734267385741033
B4GALT7,0.010732305122334055
TMED9,0.010732305122334055
CCDC110,0.010728940523669156
FAM193B,0.010719759220057301
DDX41,0.010719759220057301
DOK3,0.010719759220057301
PDS5A,0.010706324997427194
WDR1,0.010706099337340746
MIR3138,0.010706099337340746
RNA5SP155,0.010706099337340746
RNA5SP159,0.01070118760934445
HMOX1,0.010699321979791251
MIR143HG,0.01069824750521151
SORCS2,0.010684072065684187
MCM5,0.010682926660004442
JAKMIP2,0.010666333763993154
TADA2B,0.010664804705862415
CCDC96,0.010664804705862415
TBC1D14,0.010664804705862415
RN7SL16P,0.010642300456866446
MIR573,0.01063777601638325
UNC5C,0.010633260241204038
RXFP1,0.010632396109189361
PRELID1,0.010631675811120242
RAB24,0.010631675811120242
MXD3,0.010631675811120242
SMARCAD1,0.01062447473210529
SLC2A9,0.010611905663569926
PPARGC1A,0.010610993369823681
RN7SL801P,0.010606521329205164
PDLIM5,0.010603930201689928
C4orf46,0.010600097534083905
SIL1,0.010592235188509885
TMEM156,0.010586930995105374
DHX15,0.010575757163413958
WNT7B,0.010566872059373587
SOD3,0.010557897529927644
CCDC149,0.010556519786772982
PATZ1,0.010551006529216348
PITX2,0.010545298416640411
FAM114A1,0.010543113431763795
HK3,0.010542250255612659
HPGDS,0.010536074330667878
MIR4281,0.010534767644475147
EIF4E1B,0.010534767644475147
TSPAN17,0.010534767644475147
UNC5A,0.010534767644475147
SEZ6L,0.010533706049750343
GLRA3,0.010518270838309059
LARGE,0.010510865459108872
MIR581,0.010492162361084925
ZNF346,0.010490769513003971
SPINK5,0.010486367472190268
TRAM1L1,0.010481485318398123
PROB1,0.010471686589550706
SPATA24,0.010471686589550706
ECSCR,0.010471686589550706
DNAJC18,0.010471686589550706
RNA5SP195,0.010471686589550706
RN7SKP64,0.010471686589550706
MZB1,0.010471686589550706
PAIP2,0.010471686589550706
SLC23A1,0.010471686589550706
UBE2D2,0.010471686589550706
TMEM173,0.010471686589550706
ADH1C,0.010459928320878456
C8orf86,0.01045718163299863
RNA5SP496,0.010453658795971078
PIK3IP1,0.010453658795971078
LIMK2,0.01044640753168754
RN7SKP28,0.01044595453492449
SNORA74A,0.010440512578687812
CDPF1,0.010437328976120623
PKDREJ,0.010437328976120623
FGFR4,0.010421238163780827
RNA5SP200,0.010416586114307638
MIR4459,0.010411428901635647
SPOCK1,0.010405932499582098
TBC1D10A,0.010405401926020892
MATR3,0.010395021362179846
SPINK13,0.010384700166219165
SNORA74|ENSG00000252213.1,0.010362290639274591
PDHA2,0.010359978378249958
CCDC157,0.010355614202514872
SF3A1,0.010355614202514872
SPRY1,0.010355567785727396
C22orf26,0.010353875228852092
LINC00899,0.010353875228852092
MORC2,0.010341500684266352
SEC14L2,0.010339911059367459
RNF215,0.010339911059367459
RNA5SP157,0.01032961443165765
CSNK1A1,0.010324505817670384
METTL14,0.010314519363328748
LGI2,0.010310136544157697
IL21,0.010297896410444547
BBS12,0.010297896410444547
RNF185,0.010297396989228054
UIMC1,0.010292429053243594
MIR3928,0.010285519580652474
PLA2G3,0.010285519580652474
INPP5J,0.010285519580652474
CHMP2B,0.01027963128315562
POU1F1,0.010270066705184091
MIR4802,0.010264962436966145
RBM47,0.010249327981887421
MAPK1,0.010242806812326798
MIR4795,0.010238673249645457
KCTD8,0.010236746947462745
ADAD1,0.010228471840029337
IL2,0.010228471840029337
CHRNA9,0.010224439641864777
RHOH,0.010221632191005458
SEPSECS,0.01021927092326697
PI4K2B,0.01021927092326697
TUG1,0.010217300044498305
NSD1,0.010216534260601236
ADAM29,0.010216491425071457
MIR3945,0.010216247615744767
ACSL1,0.010216247615744767
SNX25,0.010216247615744767
KIAA1430,0.010216247615744767
LRP2BP,0.010216247615744767
HELT,0.010216247615744767
MIR4455,0.010216247615744767
SLC25A4,0.010216247615744767
SHISA3,0.010202736393308364
SMTN,0.010197748777695992
RN7SL633P,0.010197748777695992
MIR3200,0.010192842769865396
RNA5SP493,0.010183807494673512
ITGA2,0.010180472508956862
SORBS2,0.010152492630483801
SNORA51|ENSG00000201863.1,0.010146119172584128
N4BP2,0.010146119172584128
COL23A1,0.01014088875717935
CEP170P1,0.010140324602080466
UFSP2,0.01013555574822266
ANKRD37,0.01013555574822266
C4orf47,0.01013555574822266
MIR4762,0.010114514636691142
GTSE1,0.010098282479150929
SKIV2L2,0.010079635962462752
MTFP1,0.010076674213653422
SEC14L4,0.010076674213653422
SEC14L3,0.010076674213653422
KIAA1658,0.010076674213653422
NBPF3,0.0100747411763889
ECE1,0.010073894054174163
SNX18,0.010069907752579932
FAT1,0.010052548683893391
TTC38,0.010048698697553043
DDHD2,0.010038746902146288
ATP8A1,0.010031169832227292
SNHG8,0.010021675648577519
ALPL,0.010012713776845787
GAL3ST1,0.010008807305557794
SEC14L6,0.010007643073237482
ARL15,0.00999378934542745
PHOX2B,0.009989140340523596
BEND4,0.009986972423289858
DCAF4L1,0.009979922677618666
SLC30A9,0.009979922677618666
PRSS12,0.009979878430881066
LINC00682,0.009979015364109733
NT5C3AP1,0.009977609976187475
OSBP2,0.009977560541479965
HAND2,0.009974899960535865
snoU13|ENSG00000238351.1,0.009970598371351908
RN7SKP82,0.009966658469849373
P2RX6P,0.00995136531427276
MRPL40,0.00995136531427276
MIR649,0.00995136531427276
MIR185,0.00995136531427276
MIR4761,0.00995136531427276
POM121L7,0.00995136531427276
MIR3618,0.00995136531427276
MIR301B,0.00995136531427276
P2RX6,0.00995136531427276
HIRA,0.00995136531427276
PPIL2,0.00995136531427276
PRODH,0.00995136531427276
MIR130B,0.00995136531427276
RIMBP3B,0.00995136531427276
RIMBP3C,0.00995136531427276
RIMBP3,0.00995136531427276
RN7SKP131,0.00995136531427276
RN7SKP221,0.00995136531427276
RN7SKP63,0.00995136531427276
RN7SL168P,0.00995136531427276
RN7SL280P,0.00995136531427276
RN7SL812P,0.00995136531427276
RTN4R,0.00995136531427276
SCARF2,0.00995136531427276
SCARNA17|ENSG00000252020.1,0.00995136531427276
RANBP1,0.00995136531427276
MIR1306,0.00995136531427276
POM121L4P,0.00995136531427276
PI4KA,0.00995136531427276
HIC2,0.00995136531427276
GSC2,0.00995136531427276
AIFM3,0.00995136531427276
ARVCF,0.00995136531427276
BCRP2,0.00995136531427276
C22orf29,0.00995136531427276
C22orf39,0.00995136531427276
CCDC116,0.00995136531427276
CDC45,0.00995136531427276
CLDN5,0.00995136531427276
KLHL22,0.00995136531427276
LZTR1,0.00995136531427276
CLTCL1,0.00995136531427276
COMT,0.00995136531427276
CRKL,0.00995136531427276
DGCR14,0.00995136531427276
DGCR2,0.00995136531427276
DGCR5,0.00995136531427276
DGCR6L,0.00995136531427276
DGCR6,0.00995136531427276
GP1BB,0.00995136531427276
GNB1L,0.00995136531427276
MED15,0.00995136531427276
MIR1286,0.00995136531427276
SCARNA17|ENSG00000252571.1,0.00995136531427276
PI4KAP1,0.00995136531427276
PI4KAP2,0.00995136531427276
SCARNA17|ENSG00000252143.1,0.00995136531427276
RN7SL389P,0.00995136531427276
SCARNA18|ENSG00000252024.1,0.00995136531427276
TRMT2A,0.00995136531427276
TUBA3FP,0.00995136531427276
TXNRD2,0.00995136531427276
UBE2L3,0.00995136531427276
DGCR8,0.00995136531427276
FAM230A,0.00995136531427276
FAM230B,0.00995136531427276
SCARNA18|ENSG00000252314.1,0.00995136531427276
GGT2,0.00995136531427276
GGT3P,0.00995136531427276
UFD1L,0.00995136531427276
USP18,0.00995136531427276
USP41,0.00995136531427276
YDJC,0.00995136531427276
ZDHHC8,0.00995136531427276
ZNF74,0.00995136531427276
snoU13|ENSG00000252402.1,0.00995136531427276
snoU13|ENSG00000252799.1,0.00995136531427276
snoU13|ENSG00000271796.1,0.00995136531427276
GGTLC3,0.00995136531427276
TSSK2,0.00995136531427276
FAM230C,0.00995136531427276
YPEL1,0.00995136531427276
TANGO2,0.00995136531427276
SCARNA18|ENSG00000252605.1,0.00995136531427276
SDF2L1,0.00995136531427276
SEPT5,0.00995136531427276
SERPIND1,0.00995136531427276
SLC25A1,0.00995136531427276
SLC7A4,0.00995136531427276
SMPD4P1,0.00995136531427276
SNAP29,0.00995136531427276
TMEM191C,0.00995136531427276
SNORA15|ENSG00000251940.1,0.00995136531427276
SNORA77|ENSG00000264346.1,0.00995136531427276
TMEM191A,0.00995136531427276
THAP7,0.00995136531427276
TBX1,0.00995136531427276
ENO2,0.009950862079910621
TCN2,0.009950567703187913
SLC35E4,0.00995024306148321
DUSP18,0.00995024306148321
PES1,0.009948720603833554
ARL13B,0.009946459532029153
ATXN10,0.009942898202649776
FBLN1,0.009938831033328753
KIAA0930,0.009930984113235033
UPK3A,0.009929984054176425
TMEM33,0.009929667144411392
NUP50,0.009926298797173059
MIR1249,0.00992435773766168
FAM184B,0.009919982627261932
PRR5,0.009916495068606422
RAP1GAP,0.009910142552615313
DDOST,0.009907740058465321
PINK1,0.009907740058465321
PDLIM3,0.009904473729842213
MYH9,0.009898550458378504
TLR3,0.009894364487601863
STPG2,0.009892175786207108
USP48,0.009891408653145119
snoU13|ENSG00000239034.1,0.009890831454829194
LIMCH1,0.009865243503413341
PEX26,0.009860681767710421
TUBA8,0.009860681767710421
NR3C2,0.009858977653278304
CERK,0.00985889324172686
MIR3619,0.009856680512628686
MOCS2,0.009852782111894519
RN7SL335P,0.009844324715486682
C1S,0.009836636491753752
HTR1F,0.009831745301112395
CDA,0.0098153898498094
TRMU,0.009814407031840148
MUL1,0.00981402889936605
FAM43B,0.00981402889936605
PHB2,0.00978008709673325
EMG1,0.00978008709673325
LPCAT3,0.00978008709673325
CAMK2N1,0.009772415756473191
CELSR1,0.00976429296281885
ARHGAP10,0.009737568188041045
RNA5SP160,0.0097349593999636
NUS1,0.009727327947942776
TMEM184C,0.009719412793024294
GRAMD4,0.009717227092727829
PAFAH2,0.009716332099682656
CGGBP1,0.009703817926096406
FLJ27365,0.00970218635330305
PPM1F,0.009696096698277423
FAM118A,0.009695403271846767
PRMT10,0.009694028939109933
ZNF654,0.009684592763073777
C3orf38,0.009684592763073777
EIF3D,0.00967891421899963
FOXRED2,0.00967891421899963
TXN2,0.009659403648656093
SCARNA17|ENSG00000252190.1,0.009652888200698512
SCARNA18|ENSG00000252691.1,0.009652888200698512
RNA5SP165,0.009645721266244038
RN7SL254P,0.009645721266244038
MIR4799,0.009645721266244038
PHF21B,0.009645018406598822
RIBC2,0.009641707187432333
SMC1B,0.009641707187432333
PELO,0.009633401054750955
TBCK,0.009625123277921813
NSUN7,0.009619660717673902
RAC2,0.009617352832739328
SSTR3,0.009617352832739328
C1QTNF6,0.009617352832739328
HSPG2,0.009617232687807693
LDLRAD2,0.009617232687807693
IFT27,0.009615174511490722
IL2RB,0.009613887182008108
CSF2RB,0.009612372496005906
NCF4,0.009612372496005906
PVALB,0.009610799434681093
RN7SL193P,0.009606585825149254
FST,0.009602625320105352
UCHL1,0.009600396513469455
SPSB2,0.00959732679049806
RPL13P5,0.00959732679049806
LRRC23,0.00959732679049806
CACNG2,0.009595753963377167
EXTL1,0.009593228577181846
SLC30A2,0.009593228577181846
ELFN2,0.009550147474499192
TMPRSS6,0.009549677399532993
STX19,0.009547594936708861
RN7SL797P,0.009544277977523738
DSTNP2,0.009536121021291718
snoU13|ENSG00000239056.1,0.009536057515054694
ATN1,0.0095277985856303
C12orf57,0.0095277985856303
PTPN6,0.0095277985856303
MIR141,0.0095277985856303
MIR200C,0.0095277985856303
SCARNA12,0.0095277985856303
ARSJ,0.009521331458040317
GRXCR1,0.009519323020956533
RN7SL186P,0.009510779977363788
CELA3B,0.009510779977363788
WNT4,0.009510779977363788
RN7SL768P,0.009510779977363788
RN7SL421P,0.009510779977363788
RN7SL386P,0.009510779977363788
LINC00339,0.009510779977363788
CDC42,0.009510779977363788
CELA3A,0.009510779977363788
MIRLET7B,0.009507135418027612
MIR4763,0.009507135418027612
MIRLET7A3,0.009507135418027612
DNAJB7,0.009483466860094115
USP53,0.009465324144481318
PLA2G6,0.00946482967423388
CYTH4,0.009447929212240372
MIR4418,0.009432698917488911
TEX33,0.009427341157674823
FABP2,0.009425421611139689
C4orf3,0.009425421611139689
GALNT8,0.009422450896994769
HSPB3,0.009418040657094357
ITGA1,0.00939785652105661
INTS12,0.009397341263789338
GSTCD,0.009397341263789338
MPST,0.009378588546147234
KCTD17,0.009378588546147234
RN7SKP214,0.009378588546147234
TST,0.009378588546147234
SYNPO2,0.009377830292682651
SEC24D,0.009376251886833813
ESM1,0.009362271272893354
CAMK2D,0.009342448749094326
NPNT,0.009342260179960349
MFNG,0.009330834459874636
ANK2,0.00932741443975622
MYOZ2,0.009319101542845187
ARHGAP8,0.009316687135343366
EPHA8,0.009310685544067719
C1QA,0.009310685544067719
C1QC,0.009310685544067719
C1QB,0.009310685544067719
CACNA1C,0.009296249508017721
FUT9,0.009296051484969576
TNIP3,0.009287718861833672
KIAA1109,0.009284502009825814
RN7SKP137,0.00928134169300265
NDNF,0.009280878104488336
RBX1,0.009279119105143447
snoU13|ENSG00000238887.1,0.009279119105143447
XPNPEP3,0.009279119105143447
ARHGEF38,0.009275461339026994
ZBTB40,0.00927337744849567
QRFPR,0.009268225530158705
PPA2,0.009260535814142634
RN7SL184P,0.009247746451860384
RN7SKP199,0.009246161084350854
SEPN1,0.009244123957588331
MTFR1L,0.009244123957588331
AUNIP,0.009244123957588331
PAQR7,0.009244123957588331
GZMK,0.00923981027789777
RN7SL704P,0.00923636087885792
MAFF,0.00923636087885792
TMEM184B,0.00923636087885792
RN7SL691P,0.009231106191931163
MAD2L1,0.009229815525692414
CABIN1,0.009222988121596986
GZMA,0.00922169093675289
CDC20B,0.00922169093675289
MAN1C1,0.009217286848080427
PDE5A,0.009215082456566853
SNORA31|ENSG00000252136.1,0.009212836154745552
TET2,0.009212836154745552
RN7SL89P,0.009212836154745552
C12orf4,0.009210184745840537
PPARA,0.009206175026281297
CBX7,0.009205514347583082
APBB2,0.009204016437698718
SNORA11|ENSG00000221245.1,0.009202135899276924
CRYBB2,0.009197448858809935
TACR3,0.009191586599562814
ADH7,0.009191342020684721
MIR4766,0.009189977039578101
ST13,0.009189977039578101
RGL4,0.009166943782985906
GUF1,0.009166694298196481
GNPDA2,0.009166694298196481
RAD51AP1,0.009165721849091571
BDH2,0.009162665853286572
SLC9B2,0.009162665853286572
GIMD1,0.009161649128158212
CXXC4,0.009160027451578451
MANEA,0.009144436770183131
MMP11,0.009130484187659283
C22orf15,0.009130484187659283
CHCHD10,0.009130484187659283
CRYBB3,0.009128999735416587
SLC25A17,0.009128870139998585
IGLL1,0.009126376181922
GUSBP11,0.009126376181922
C22orf43,0.009126376181922
ANXA5,0.00912553637756457
SNORA73|ENSG00000253090.1,0.009122777111812513
CENPE,0.009121335976818676
KDELR3,0.00911984451752969
DDX17,0.00911984451752969
RHD,0.00911150072560878
TMEM50A,0.00911150072560878
SYF2,0.00911150072560878
snoU13|ENSG00000238889.1,0.00911150072560878
C1orf63,0.00911150072560878
DYRK4,0.00910154196767517
YIPF7,0.009096242858743137
TMEM155,0.009096132428016573
EXOSC9,0.009096132428016573
BBS7,0.009096132428016573
CCNA2,0.009096132428016573
CSNK1E,0.009077429483812786
RN7SL268P,0.00907653980587933
SLC2A11,0.00907653980587933
MIF,0.00907653980587933
DHX29,0.009068504645385307
TRPC3,0.009067310790870696
GSTT2,0.00906633245603042
DDTL,0.00906633245603042
GSTTP2,0.00906633245603042
DDT,0.00906633245603042
GSTT1,0.00906633245603042
GSTT2B,0.00906633245603042
VPREB3,0.00906431048168109
ZNF70,0.00906431048168109
DMC1,0.00905217200809991
snoU13|ENSG00000238316.1,0.009051042585250342
EYA3,0.009050438489900501
RN7SL559P,0.009050438489900501
DERL3,0.009043068610658546
MCHR1,0.009038293729786909
snoU13|ENSG00000238569.1,0.009029633228760891
GCAT,0.009029633228760891
H1F0,0.009029633228760891
ANKRD54,0.009029633228760891
GALR3,0.009029633228760891
MIR658,0.009029633228760891
EIF3L,0.009029633228760891
MIR659,0.009029633228760891
SMPDL3B,0.009027830047841575
RPA2,0.009027830047841575
XKR8,0.009027649513599093
BAIAP2L2,0.00902523781571845
CCNO,0.009022832130604534
PTEN,0.009021051115189247
SMARCB1,0.009018033448914524
GABRG1,0.00901251932340092
DKK2,0.009008291393421766
TRIOBP,0.009007922977758936
PDGFB,0.009000569920211164
JOSD1,0.008993568373247792
CISD2,0.008981363428397149
snoU13|ENSG00000238948.1,0.008981363428397149
MIR4534,0.008977997657652094
SOX10,0.008977997657652094
SUSD2,0.008976051022823802
APOBEC3G,0.008972068765043398
APOBEC3H,0.008971852505104566
AIMP1,0.008965004321081795
NDUFS4,0.008964842535607274
APOBEC3D,0.00896300269903637
APOBEC3C,0.00896300269903637
APOBEC3F,0.008962794864809444
MIR449A,0.008960437879492364
MIR449C,0.008960437879492364
MIR449B,0.008960437879492364
FAM227A,0.00895982620564915
EPHB2,0.00895747724227002
MIR4253,0.00895747724227002
MIR4684,0.00895747724227002
PTAFR,0.008950686377302683
NCMAP,0.008950360026941261
RN7SL857P,0.008950360026941261
RCAN3,0.008950360026941261
snoU13|ENSG00000238986.1,0.008950360026941261
SRRM1,0.008950360026941261
PLN,0.00894686755988746
CEP85L,0.00894686755988746
SLC35F1,0.00894686755988746
CLIC4,0.008946735454842137
DNAL4,0.008944586901388262
NPTXR,0.008944586901388262
SUN2,0.008944586901388262
GTPBP1,0.008944586901388262
PITHD1,0.008944339904316844
RN7SL501P,0.008944138539200215
APOBEC3B,0.008938863034435874
APOBEC3A,0.008938863034435874
MIR4425,0.008938257289070039
RUNX3,0.008938257289070039
SLC16A8,0.0089296930513154
KCNJ4,0.008927184997739092
GPX8,0.008925470247249512
PICK1,0.008919318191392852
NR0B2,0.008918849858002863
MCIDAS,0.008912066446754846
POLR2F,0.008911218273683973
MIR4419A,0.008909344035773564
KDM1A,0.008909344035773564
LRP5L,0.008904651858659603
CRYBB2P1,0.008904651858659603
DAPP1,0.008903421280056925
C1orf234,0.008902844803044095
LACTBL1,0.008902844803044095
MIR3115,0.008902844803044095
DDIT4L,0.00890024909765644
TACC1,0.008896607369171798
ID3,0.008895685925967086
RPL11,0.008891846101501902
RN7SL532P,0.008891846101501902
TSPAN9,0.008889222000148049
RWDD1,0.008888456785382644
RSPH4A,0.008887290804108165
KPNA5,0.008887290804108165
ZUFSP,0.008887290804108165
ARID1A,0.008887228591069095
FAM26F,0.008886969635613397
FAM26D,0.008886969635613397
FAM26E,0.008886969635613397
TRAPPC3L,0.008886969635613397
MIR1255A,0.00888570260984506
CBX6,0.008885160355340342
SEL1L3,0.0088832818516702
SESN2,0.008882673573258717
ATPIF1,0.008882673573258717
MED18,0.008882673573258717
DNAJC8,0.008879535054889356
ASF1A,0.008879436139833973
PHF17,0.008873046866273177
CBY1,0.008870210333854779
TOMM22,0.008870210333854779
GAR1,0.008865675359666508
TCEB3,0.008858002874660625
PIGV,0.008857350173937784
RN7SL165P,0.008857350173937784
TEAD4,0.008847517235250051
GGA1,0.008842144779871407
SH3BP1,0.008842144779871407
LGALS1,0.00883557223222386
NOL12,0.00883557223222386
SMIM20,0.008822599580494023
LUZP1,0.008814841303457239
FAM83F,0.008809120359513301
C22orf23,0.008804694806672038
MICALL1,0.008804694806672038
SYNGR1,0.008802851237190427
MCM9,0.008801957731433323
snoU13|ENSG00000238802.1,0.008798595120031833
ADRBK2,0.008797815667562563
E2F2,0.008797343369185587
ASAP3,0.008797343369185587
HTR1D,0.008797343369185587
TCEA3,0.008797343369185587
C1orf213,0.008797343369185587
ZNF436,0.008797343369185587
HNRNPR,0.008797343369185587
RN7SKP210,0.008792835366685028
RN7SL490P,0.008792203127964658
AIM1L,0.008792203127964658
RN7SL679P,0.008789465481256607
WDTC1,0.008787153245354146
CD52,0.008780913723470583
ZNF683,0.00877722738730925
GRHL3,0.008770395161682303
STPG1,0.008770395161682303
IGLL5,0.008762384592889664
POM121L1P,0.008762384592889664
IGLC1,0.008762384592889664
IGLC2,0.008762384592889664
IGLC3,0.008762384592889664
IGLC7,0.008762384592889664
IGLJ1,0.008762384592889664
IGLJ2,0.008762384592889664
CES5AP1,0.008762384592889664
IGLJ3,0.008762384592889664
IGLJ7,0.008762384592889664
IGLJ6,0.008762384592889664
IGLJ5,0.008762384592889664
MIR650,0.008762384592889664
GNAZ,0.008762384592889664
GGTLC2,0.008762384592889664
IGLJ4,0.008762384592889664
PRAMEF24P,0.008762384592889664
snoU13|ENSG00000239066.1,0.008762384592889664
VPREB1,0.008762384592889664
BCR,0.008762384592889664
RAB36,0.008762384592889664
PRAME,0.008762384592889664
RTDR1,0.008762384592889664
TOP3B,0.008762384592889664
RN7SL263P,0.008762384592889664
ZDHHC8P1,0.008762384592889664
ZNF280A,0.008762384592889664
ZNF280B,0.008762384592889664
SLC9B1,0.008754460881500694
RN7SL385P,0.008753923716936216
PDXP,0.008753923716936216
CACNA2D4,0.008753850158069138
PPP3CA,0.008749998738717825
ENPEP,0.008749077321946002
EPHA3,0.008746111750415548
RN7SL275P,0.008745274769965937
FAM46B,0.008743495825478044
TAB1,0.008726454659983963
MGAT3,0.008726454659983963
CFI,0.008725514717096228
RNA5SP173,0.008724632349113023
SNORD65|ENSG00000212191.1,0.008724632349113023
TULP3,0.008718986072140476
PRDM5,0.008706996971344253
NRIP2,0.008701350888107365
FOXM1,0.008701350888107365
RHNO1,0.008701350888107365
KLLN,0.00870124811896964
TRIM63,0.008697191879218276
SNORD43|ENSG00000263764.1,0.008696990603133748
SNORD83A,0.008696990603133748
RPL3,0.008696990603133748
SNORD83B,0.008696990603133748
NIPAL3,0.008687627155127524
TMEM211,0.008683867374079175
SERINC1,0.008678119349005425
HSF2,0.00867744908432069
CCKAR,0.00867292099303954
LYPLA2,0.008671983168653698
GALE,0.008671983168653698
SH3BGRL3,0.008669415607296779
UBXN11,0.008669415607296779
CECR7,0.00866737695626454
LRTM2,0.008660119599304242
GRAP2,0.008659910339825144
RN7SL69P,0.0086595704836027
FAM184A,0.008658946045425971
MIR548B,0.008657417944940547
RBPJ,0.008655397226251475
ANO2,0.008652527201858731
SLC34A2,0.008651789161718514
DCP1B,0.008648283457968847
SLC9A1,0.008647158631834089
KCNA5,0.008645306171679593
ITFG2,0.008645080812056428
ATF4,0.008642324620007738
SMCR7L,0.008642324620007738
RPS19BP1,0.008642324620007738
LGALS2,0.008642015750483864
CDC42EP1,0.008642015750483864
MIR648,0.008641345224667845
LRIT3,0.008640826597529364
RRH,0.008640826597529364
SNRNP40,0.008636987300110406
STIM2,0.008630276435660096
GPR3,0.008629780500942628
CD164L2,0.008629780500942628
LINC00940,0.008625001587039598
CACNA1I,0.008624482572439857
SEC63,0.00861886196922874
RN7SL564P,0.008617257919247074
FABP7,0.008617257919247074
SMPDL3A,0.008617257919247074
RNA5SP215,0.008617167154237685
PGRMC2,0.008615627047908109
FUCA1,0.00861223327801579
HMGCL,0.00861223327801579
SRSF10,0.008611025087316083
PNRC2,0.008611025087316083
MIR378F,0.008611025087316083
IL22RA1,0.008609316955637183
C4orf17,0.008609152534936267
TMEM222,0.00860123215728521
RNU6ATAC27P,0.008597387808383733
IL17RA,0.008593450056214064
PLA2G12A,0.008591962787860301
CASP6,0.008591962787860301
RN7SL55P,0.008591962787860301
CCDC109B,0.008591962787860301
MIR576,0.008591962787860301
SEC24B,0.008591962787860301
ENTHD1,0.008591858048964047
OPRD1,0.008591451009255855
PHACTR4,0.008589597061458025
RAB42,0.008589597061458025
SNORD99,0.008589597061458025
TRNAU1AP,0.008589597061458025
snoU13|ENSG00000238821.1,0.008589597061458025
SNHG3,0.008589597061458025
RCC1,0.008589597061458025
SNHG12,0.008589597061458025
SNORA73B,0.008589597061458025
YTHDF2,0.00857995931035919
MKL1,0.008578212686587506
CECR5,0.008575645607006107
NTF3,0.008574905095031927
GGT5,0.0085701577752712
MIR608,0.008566464998251214
FAM178A,0.008566464998251214
FCN3,0.0085643078373283
MAP3K6,0.0085643078373283
SYTL1,0.0085643078373283
TBC1D19,0.00856260761580766
SNORD74|ENSG00000200999.1,0.008561566677449998
SGSM3,0.008557501949727047
snoU13|ENSG00000239091.1,0.0085567611010649
ADSL,0.008556329386613156
PKIB,0.008554120382330152
RNA5SP494,0.008543152320853219
BIK,0.008539697163916045
MCAT,0.008539697163916045
CECR6,0.008537128828545354
FBXL14,0.008536531261571383
MIR3649,0.008536531261571383
WNT5B,0.008536531261571383
LINC00942,0.008536531261571383
NDST3,0.008534087637166347
IFNLR1,0.008533659220786432
COX7B2,0.008531004816847773
UPB1,0.008529879823425384
RN7SL852P,0.008529722149841594
GMEB1,0.00852196615677316
SCARNA24|ENSG00000252777.1,0.00852196615677316
RNU11,0.00852196615677316
TAF12,0.00852196615677316
SNORD112|ENSG00000252566.1,0.008521768084998226
SCUBE1,0.008515788449653212
NDUFA9,0.00851485786473344
AKAP3,0.00851485786473344
PRMT8,0.008512483653492121
TSPO,0.008505917092041118
TTLL12,0.0085058713118319
POM121L9P,0.008505176087228977
ADORA2A,0.008505176087228977
SPECC1L,0.008505176087228977
KCNA6,0.00850495156355141
KAZALD1,0.008504937527441045
SEMA4G,0.008504937527441045
C10orf2,0.008504937527441045
LZTS2,0.008504937527441045
PDZD7,0.008504937527441045
TLX1NB,0.008504937527441045
HUG1,0.008504937527441045
TLX1,0.008504937527441045
MRPL43,0.008504937527441045
SFXN3,0.008504937527441045
SNORD112|ENSG00000252844.1,0.008504632420244239
LBX1,0.008504632420244239
RN7SKP278,0.008499546582128606
MICAL3,0.008494487642446204
C1orf172,0.008490210072717474
SNORD56|ENSG00000199783.1,0.00848821211235048
snoU13|ENSG00000238301.1,0.008486546432172075
CARD10,0.008478515494649732
PROS1,0.008477693389592119
GPRC6A,0.008474924420674865
FAM162B,0.008474924420674865
RFX6,0.008474924420674865
CECR3,0.008466382326459528
CECR1,0.008466382326459528
STX12,0.008461695394559671
FAM211B,0.008458091378758128
SGSM1,0.008454735346952421
ERC1,0.008450354512665086
PPP1R8,0.008448875572313505
SCARNA1,0.008448875572313505
THEMIS2,0.008448875572313505
CD9,0.008447097621979857
DPCD,0.008444928150975977
FBXW4,0.008444928150975977
BTRC,0.008444928150975977
POLL,0.008444928150975977
KCNMB3P1,0.008441077441077444
POTEH,0.008441077441077444
OR11H1,0.008441077441077444
XKR3,0.008441077441077444
TPTEP1,0.008441077441077444
HSFY1P1,0.008441077441077444
CCT8L2,0.008441077441077444
GAB4,0.008440821719302733
MIR3144,0.008439588904326702
EFCAB4B,0.00843952109493037
NFKB1,0.008425286328266585
RN7SKP91,0.00841963795940758
UBE2D3,0.008405340443730848
TRNP1,0.008402356584971715
VWF,0.008401314703604475
MDS2,0.008394078476846476
FRK,0.008392690127939724
ELOVL6,0.008364297697117579
KIAA1671,0.008364107825159747
MYO18B,0.008355245229787712
ZCCHC17,0.00835154877549179
CYP2U1,0.008350541406130858
COL25A1,0.00834740452733846
MANBA,0.008344695454053312
PIWIL3,0.008344175683391122
SERINC2,0.008340855593436891
GABRA4,0.00833760501848326
NUDC,0.008337314839752216
KCNA1,0.008335347815598687
PRH1,0.008333036839829108
TSPYL4,0.008332863217130851
TSPYL1,0.008332863217130851
MATN1,0.008332162175298759
LAPTM5,0.008332162175298759
MIR4420,0.008332162175298759
CBX3P4,0.008323863997054455
FKBP4,0.008323863997054455
COL10A1,0.008317356364372641
FABP3,0.008314794693095071
PLEKHG6,0.008313240353973317
PCDH7,0.008306526344349708
SGMS2,0.008301621676579742
HP1BP3,0.008289580845474081
MIR1256,0.008285532600907565
PANK1,0.008283680065412413
C12orf5,0.008282819978924098
MIR107,0.008282700421940922
STMN1,0.00827552784064061
MIR3917,0.00827552784064061
LINC00528,0.008274322838755585
GRIN2D,0.008273115851957075
U3|ENSG00000253091.1,0.00827207384531849
SYNGR4,0.008269932269602489
TMEM143,0.008269932269602489
EMP3,0.008269932269602489
CCDC114,0.008269932269602489
KDELR1,0.008269932269602489
RNA5SP214,0.008268859921662807
GUCD1,0.00825778780409686
SNRPD3,0.00825778780409686
NT5DC1,0.008253904640884754
FAM76A,0.008250222192297348
RFPL4B,0.008245515322224862
COMMD8,0.008243078301781129
ATP10D,0.008243078301781129
LTBR,0.008241887053565768
GJA1,0.00823929710816096
SIGLECP3,0.00823929710816096
PAPSS1,0.008238401708098217
HADH,0.008237613746123737
PARP11,0.00823199337744253
GGT1,0.008230752948712592
KIF20B,0.008229833705634147
RN7SKP238,0.008227388227224535
LEF1,0.008225550302475725
CFL1P1,0.008224497209678128
HS3ST5,0.008223110598296402
RN7SL391P,0.008222601348348844
TNFRSF1A,0.008222601348348844
GABRA2,0.008216987962351522
EGF,0.008213807127243147
RN7SKP84,0.008211705742969375
NOP2,0.008210473191727082
IFFO1,0.008210473191727082
GAPDH,0.008210473191727082
ACRBP,0.008207165801201071
ING4,0.008207165801201071
ADIPOR2,0.008204432919010183
MIR146B,0.008204112955110959
FBXL15,0.008204112955110959
CUEDC2,0.008204112955110959
PSD,0.008204112955110959
NFKB2,0.008204112955110959
ZNF384,0.00820302997600396
MPPED1,0.008180648705564592
SCARNA11|ENSG00000251898.1,0.008177596079377375
LPAR5,0.008177596079377375
RN7SL728P,0.008176706789498696
SLC39A8,0.008176706789498696
SNORD74|ENSG00000200891.1,0.008174390419581736
KLHDC7A,0.008173214255182115
U3|ENSG00000212598.1,0.008171008364539562
IFFO2,0.008162841461538017
TNRC6B,0.008162081575246132
MIR1290,0.008160442040590672
MIR4695,0.008160442040590672
SCNN1A,0.008159440346355525
RN7SL78P,0.008152117951383889
PAX7,0.00815124900974016
FGF6,0.008150816373170137
VAMP1,0.008145210949303608
SCARNA10,0.008145210949303608
NCAPD2,0.008145210949303608
MRPL51,0.008145210949303608
CHD4,0.008143366809288627
U4|ENSG00000272160.1,0.008141267857402379
GNB3,0.008139535695694677
CDCA3,0.008139535695694677
ALDH4A1,0.008139354493072447
TAS1R2,0.008139354493072447
AKR7L,0.008122615539812732
MRTO4,0.008122615539812732
AKR7A3,0.008122615539812732
EMC1,0.008122615539812732
TTLL1,0.00812126319042278
IFI6,0.008113318071640192
FGR,0.008113318071640192
ALPK1,0.008113203468402464
UBR4,0.008103830524509996
USP5,0.00810363051178853
TPI1,0.00810363051178853
UTS2,0.008091284635750538
LDB1,0.008081359438602756
PPRC1,0.008081359438602756
SNORD112|ENSG00000253068.1,0.008081359438602756
NOLC1,0.008081359438602756
NPM3,0.008079647861645053
FGF8,0.008079647861645053
HPS6,0.008079647861645053
C10orf76,0.008079647861645053
KCNIP2,0.008079647861645053
MGEA5,0.008079647861645053
PLA2G2E,0.00807775605697059
OTUD3,0.00807775605697059
PRR4,0.008068600417749126
CD27,0.008066785800439291
RERE,0.008062623107037438
TNFRSF9,0.008058010737635273
NBL1,0.00803374007602917
PITX3,0.008033212034618504
ELOVL3,0.008033212034618504
FGF23,0.008032975508804888
TAPBPL,0.008032931071696104
ETNPPL,0.008028361547455643
RNF186,0.008027932451455907
CECR9,0.00802112496970821
RN7SL843P,0.008012508638769298
GBF1,0.008012468536825594
MIR4464,0.008004303797468342
RNA5SP182,0.008003203644490501
RN7SKP215,0.007999112803853492
OSTC,0.00799569416908139
AKR7A2,0.007995223955453988
RN7SL85P,0.007995223955453988
PQLC2,0.007995223955453988
snoU13|ENSG00000239027.1,0.007992892926552652
PIANP,0.007992163198456125
COPS7A,0.007991360156418619
LINC00207,0.007990240625063339
PLA2G2F,0.007990219937421284
UBXN10,0.007990219937421284
PLA2G2C,0.007990219937421284
VWA5B1,0.0079881567773668
RN7SL277P,0.007987991496588957
CCND2,0.007981955359750138
GJA10,0.007980586066827286
DNAJC11,0.007972404375610932
snoU13|ENSG00000239166.1,0.007972404375610932
SLC45A1,0.007969904166850877
KIF17,0.007963067690996417
SH2D5,0.007963067690996417
PLA2G5,0.007961746048934517
PLA2G2D,0.007961746048934517
CLSTN3,0.007961406371011772
ERRFI1,0.00796124430821828
PARK7,0.00796124430821828
GPR162,0.007960009776163927
LEPREL2,0.007960009776163927
CD4,0.007960009776163927
RN7SL304P,0.007953088755777712
PLA2G2A,0.007953088755777712
CAMTA1,0.007950020384806198
DUSP5,0.007935749683907626
C1RL,0.007911230527024114
RBP5,0.007911230527024114
C1R,0.007911230527024114
THAP3,0.007907855763988156
PHF13,0.007907855763988156
MINOS1,0.007904120050838091
RN7SL729P,0.007898385425109178
HTR6,0.007897525917735775
TMCO4,0.007897434728341103
CAPZB,0.007889410061609843
RN7SKP110,0.007889016478769701
TBC1D32,0.007886363201133688
VAMP3,0.007879881915484107
PER3,0.007879881915484107
PTMS,0.007877896347269651
LAG3,0.007877896347269651
RN7SL380P,0.007877896347269651
MLF2,0.007877896347269651
RN7SKP143,0.007872293519045738
LINC00865,0.00787143211715065
TAS1R1,0.00786958144835276
snoU13|ENSG00000251737.1,0.00786642277017633
MAP3K7,0.00786629679504442
SMNDC1,0.007865925968986621
HES2,0.007860172331961646
DCBLD1,0.007860037133811525
GOPC,0.007860037133811525
ROS1,0.007859292200206551
ZBTB48,0.007856898660497191
KLHL21,0.007856898660497191
TAS2R8,0.007855695589096802
TAS2R9,0.007855695589096802
TAS2R7,0.007855695589096802
BID,0.007846887763347845
EIF4G3,0.00784475989463542
YBX3,0.007826118828462144
SNORD38|ENSG00000207199.1,0.007823318436270158
RN7SL450P,0.007819289627810318
ADD3,0.007819289627810318
BACH2,0.007817231073024932
PEX14,0.007815185943816527
MIR4252,0.007810278265720023
CATSPER4,0.007795645277928022
ZNF593,0.007795645277928022
FAM110D,0.007795645277928022
PDIK1L,0.007795645277928022
CNKSR1,0.007795645277928022
ATP6V1E1,0.007791594351357272
TAS2R10,0.0077893004695843635
MYOM3,0.007782506354154931
SLC25A18,0.007773711860686314
MXI1,0.00777311107558605
CEP85,0.007772868975491784
PRDM2,0.007756757686054344
SNORA77|ENSG00000221083.1,0.007755691781730295
MAN1A1,0.007739497441124923
PPP1R3C,0.007735917978521453
HECTD2,0.007735917978521453
GPR153,0.00772873618335102
HES3,0.00772873618335102
LINC00337,0.00772873618335102
ACOT7,0.00772873618335102
NOL9,0.00771853740243536
MIR551A,0.007714034506373291
ACAP3,0.00770540570393443
VWA1,0.00770540570393443
FAM41C,0.00770540570393443
PEX10,0.00770540570393443
FAM87B,0.00770540570393443
PLCH2,0.00770540570393443
PLEKHN1,0.00770540570393443
PRKCZ,0.00770540570393443
PUSL1,0.00770540570393443
RER1,0.00770540570393443
RN7SL657P,0.00770540570393443
RNF223,0.00770540570393443
FAM213B,0.00770540570393443
OR4F5,0.00770540570393443
FAM138A,0.00770540570393443
SAMD11,0.00770540570393443
SCNN1D,0.00770540570393443
FAM132A,0.00770540570393443
DVL1,0.00770540570393443
DDX11L1,0.00770540570393443
CPSF3L,0.00770540570393443
CDK11B,0.00770540570393443
UBE2J2,0.00770540570393443
PANK4,0.00770540570393443
GABRD,0.00770540570393443
CALML6,0.00770540570393443
MIR200A,0.00770540570393443
GLTPD1,0.00770540570393443
GNB1,0.00770540570393443
HES4,0.00770540570393443
HES5,0.00770540570393443
ISG15,0.00770540570393443
KLHL17,0.00770540570393443
LINC00115,0.00770540570393443
LINC00982,0.00770540570393443
MIB2,0.00770540570393443
MIR200B,0.00770540570393443
OR4F29,0.00770540570393443
MIR429,0.00770540570393443
MMEL1,0.00770540570393443
MMP23B,0.00770540570393443
MORN1,0.00770540570393443
MRPL20,0.00770540570393443
MXRA8,0.00770540570393443
NADK,0.00770540570393443
NOC2L,0.00770540570393443
OR4F16,0.00770540570393443
CCNL2,0.00770540570393443
CDK11A,0.00770540570393443
C1orf86,0.00770540570393443
TTLL10,0.00770540570393443
C1orf233,0.00770540570393443
TMEM52,0.00770540570393443
TMEM88B,0.00770540570393443
TNFRSF14,0.00770540570393443
TNFRSF18,0.00770540570393443
TNFRSF4,0.00770540570393443
ACTRT2,0.00770540570393443
TTC34,0.00770540570393443
C1orf170,0.00770540570393443
SSU72,0.00770540570393443
C1orf159,0.00770540570393443
B3GALT6,0.00770540570393443
AURKAIP1,0.00770540570393443
ATAD3C,0.00770540570393443
ATAD3B,0.00770540570393443
ATAD3A,0.00770540570393443
ANKRD65,0.00770540570393443
AGRN,0.00770540570393443
TAS1R3,0.00770540570393443
TMEM240,0.00770540570393443
SLC35E2B,0.00770540570393443
SKI,0.00770540570393443
C1orf222,0.00770540570393443
SDF4,0.00770540570393443
SLC35E2,0.00770540570393443
MARCKS,0.007700831438558392
snoU13|ENSG00000238563.1,0.007700831438558392
ARHGEF16,0.007697956568802877
CHD5,0.007686343107944781
CECR2,0.007683125777420053
C4orf19,0.007682374808362843
snoU13|ENSG00000239095.1,0.007672677910883368
CORIN,0.007671325193234019
LDOC1L,0.007668157689595011
PLEKHA2,0.007668015269917338
PCGF5,0.007667884287212244
ASCC3,0.007663578848862863
ESPN,0.007659827863758905
PLEKHG5,0.007659827863758905
TNFRSF25,0.007659827863758905
TPRG1L,0.007637267766805841
MEGF6,0.007637267766805841
TMEM57,0.007637212557727743
LDLRAP1,0.007637212557727743
RPL34,0.007635150521907742
RHCE,0.0076341138044076495
ANKRD1,0.007614105665704901
RPP30,0.007614105665704901
HTR7,0.007614105665704901
KCNK18,0.007602915009041593
CPT1B,0.007593200149258032
TYMP,0.007593200149258032
MIR3667,0.007593200149258032
MLC1,0.007593200149258032
MOV10L1,0.007593200149258032
NCAPH2,0.007593200149258032
TTLL8,0.007593200149258032
TRABD,0.007593200149258032
SYCE3,0.007593200149258032
SHANK3,0.007593200149258032
CHKB,0.007593200149258032
SCO2,0.007593200149258032
SBF1,0.007593200149258032
ODF3B,0.007593200149258032
RN7SL500P,0.007593200149258032
RN7SKP252,0.007593200149258032
RABL2B,0.007593200149258032
PPP6R2,0.007593200149258032
PANX2,0.007593200149258032
PLXNB2,0.007593200149258032
TUBGCP6,0.007593200149258032
MIOX,0.007593200149258032
DENND6B,0.007593200149258032
C22orf34,0.007593200149258032
BRD1,0.007593200149258032
ARSA,0.007593200149258032
ALG12,0.007593200149258032
ADM2,0.007593200149258032
ACR,0.007593200149258032
ZBED4,0.007593200149258032
MAPK8IP2,0.007593200149258032
CRELD2,0.007593200149258032
HDAC10,0.007593200149258032
IL17REL,0.007593200149258032
KLHDC7B,0.007593200149258032
LMF2,0.007593200149258032
MAPK11,0.007593200149258032
MAPK12,0.007593200149258032
PIM3,0.007593200149258032
snoU13|ENSG00000238538.1,0.007591854536995749
RN7SL24P,0.007591854536995749
CNR2,0.007591854536995749
USP45,0.007591819729553181
PNISR,0.007591819729553181
SLC18A2,0.007590329113924053
CLVS2,0.0075852275991497384
EMCN,0.007583061733337386
LAMTOR3,0.007563050571676008
KIAA1239,0.007555906494634161
C1orf174,0.0075430534384872
LIPJ,0.0075428131204629875
PTTG2,0.007540239054635243
RBP7,0.007538694291763067
TBC1D1,0.007535820685293005
C1orf127,0.007534759778566968
AICDA,0.007534394322207129
RN7SL574P,0.007533368679170256
SMIM1,0.007532811982238716
TAPT1,0.007529965273888202
PGM2,0.007529274017393191
RELL1,0.007528166931227704
MIR4716,0.0075279225614296305
RN7SL307P,0.0075279225614296305
GALK2,0.0075279225614296305
WASF2,0.007526976600724541
WRAP73,0.007523286279187929
KLF3,0.00751988613497459
UBE4B,0.0075055382816836425
CCDC27,0.007504818079395584
PDPN,0.00749662299897338
MIR1273D,0.007496426518913666
KIF1B,0.00749191730154286
RNA5SP41,0.0074891076366887105
COPS2,0.0074810716365754145
ADAM9,0.0074755994314829035
DFFA,0.007475221408467306
CORT,0.007475221408467306
LINC00502,0.0074746252904127775
ADAM32,0.007471910227663373
DHRS3,0.007471733887407104
HSP90AB2P,0.007467929797504831
snoU13|ENSG00000238999.1,0.007464616196359338
RN7SL731P,0.0074608488920980655
DFFB,0.00745319548456933
SECISBP2L,0.007450358662076182
LRRC47,0.007446462102635474
CEP104,0.007446462102635474
H2AFZ,0.007443715937819842
DNAJB14,0.007443715937819842
AGPAT3,0.007442538560534752
RN7SL577P,0.0074394329231880696
MAEA,0.007435448843290764
RNLS,0.007429327504243418
APITD1,0.007426071921525862
RNU6ATAC18P,0.0074247063851107424
VPS13D,0.007419406335499518
RNA5SP213,0.007411165032069777
MIR4535,0.007407109848158678
CASZ1,0.007406291291512556
UVSSA,0.0074038916728018265
CRIPAK,0.0074038916728018265
SCARNA16|ENSG00000252404.1,0.0074028135944553194
MIR3201,0.007394981516746953
PGD,0.00739363306366445
RN7SL721P,0.00739363306366445
MFAP5,0.0073905799677513526
BCL2L13,0.007389882183427877
CDK5R1,0.0073853937163682664
GRWD1,0.007383127013520711
SLC2A7,0.007372555665256907
ENO1,0.007372403393210616
CA6,0.007372403393210616
SCARNA11|ENSG00000253085.1,0.007365393967079757
SNORA59A,0.007359543773301309
MIR5697,0.007357883516796589
LZIC,0.007357883516796589
RN7SKP269,0.007357883516796589
NMNAT1,0.007357883516796589
CTNNBIP1,0.007357883516796589
C1orf200,0.007357687036736861
CLSTN1,0.007356321500321737
ISL1,0.007350089364819997
EID1,0.00734281901756817
SHC4,0.00734281901756817
SCML4,0.007342329783081481
EFCAB6,0.0073399373187041685
MIR4643,0.0073387230897163465
LIPF,0.007338646740866477
CLEC4E,0.007336166728032202
CLEC4D,0.007336166728032202
SCARNA11|ENSG00000252727.1,0.007336166728032202
HSPA12A,0.007333535541445921
SNORA33|ENSG00000202283.1,0.007327823787147255
PNLIPRP2,0.007322993758509582
C10orf82,0.007322993758509582
RAB28,0.007322981495906076
CARD8,0.007313373582608254
PRDM13,0.00730631779815758
C19orf73,0.007305934654118362
LIN7B,0.007305934654118362
PPFIA3,0.007305934654118362
MECR,0.007305133051509388
RN7SL451P,0.0073039890364126545
PRAMEF17,0.007290097896189756
PRAMEF21,0.007290097896189756
PRAMEF1,0.007290097896189756
PRAMEF19,0.007290097896189756
HNRNPCL1,0.007290097896189756
PRAMEF16,0.007290097896189756
PRAMEF15,0.007290097896189756
PRAMEF14,0.007290097896189756
PRAMEF13,0.007290097896189756
PRAMEF12,0.007290097896189756
PRAMEF11,0.007290097896189756
PRAMEF2,0.007290097896189756
PRAMEF22,0.007290097896189756
PRAMEF10,0.007290097896189756
PRAMEF3,0.007290097896189756
PRAMEF8,0.007290097896189756
PRAMEF4,0.007290097896189756
LRRC38,0.007290097896189756
PRAMEF20,0.007290097896189756
PRAMEF9,0.007290097896189756
PRAMEF18,0.007290097896189756
PRAMEF7,0.007290097896189756
PRAMEF6,0.007290097896189756
PRAMEF5,0.007290097896189756
RN7SL614P,0.007287312791343095
AADACL3,0.0072844097984605775
snoU13|ENSG00000238771.1,0.0072844097984605775
C1orf158,0.007280214949185339
CGB7,0.007277035082823876
LHB,0.007277035082823876
NTF4,0.007277035082823876
KCNA7,0.007277035082823876
CGB5,0.007277035082823876
CGB1,0.007277035082823876
RN7SL708P,0.007277035082823876
CGB,0.007277035082823876
SNRNP70,0.007277035082823876
CGB2,0.007277035082823876
CGB8,0.007277035082823876
AADACL4,0.007274374579409871
CDKN2B,0.007270055529773232
IFIT1B,0.007267751896228843
IFIT1,0.007267751896228843
HDAC2,0.007265021888892663
KIAA1598,0.0072625739744678515
FAS,0.00725333993072736
ACTA2,0.00725333993072736
STAMBPL1,0.00725333993072736
TMEM200B,0.0072479474352629735
EPB41,0.0072479474352629735
SRSF4,0.0072479474352629735
DRAXIN,0.0072478202993373755
TNFRSF8,0.00724628284286998
PIK3CD,0.0072421665856186425
MIR4324,0.007241381497171561
SLC6A16,0.007241381497171561
FBXO2,0.007239558312825733
MAD2L2,0.007239558312825733
FBXO6,0.007239558312825733
FBXO44,0.007239558312825733
HRC,0.00723475431876411
TRPM4,0.00723475431876411
DSE,0.007229173154542731
MCHR2,0.007228715595388414
NFXL1,0.0072274851573876945
RN7SL415P,0.0072273535118565595
FAM19A5,0.007226364132150748
CCNC,0.007220472278943925
TSTD3,0.007220472278943925
TNFRSF1B,0.0072144825452026854
MIR4632,0.0072144825452026854
SNORA70|ENSG00000252969.1,0.0072144825452026854
ENO4,0.00720839568083471
KCNJ14,0.007204935186829357
CYTH2,0.007204935186829357
TARDBP,0.007204678190222163
MASP2,0.007204678190222163
ZNF732,0.007203663682206447
ZNF876P,0.007203663682206447
ABCA11P,0.007203663682206447
GAK,0.007203663682206447
FGFRL1,0.007203663682206447
DGKQ,0.007203663682206447
IDUA,0.007203663682206447
CPLX1,0.007203663682206447
MFSD7,0.007203663682206447
ATP5I,0.007203663682206447
MIR571,0.007203663682206447
MYL5,0.007203663682206447
PCGF3,0.007203663682206447
PDE6B,0.007203663682206447
PIGG,0.007203663682206447
RN7SL358P,0.007203663682206447
SLC26A1,0.007203663682206447
TMEM175,0.007203663682206447
ZNF141,0.007203663682206447
ZNF595,0.007203663682206447
ZNF718,0.007203663682206447
ZNF721,0.007203663682206447
snoU13|ENSG00000271794.1,0.007202733037630834
SNORA48|ENSG00000212458.1,0.007202682056031859
RNF212,0.007202682056031859
CCL14,0.007200686125767074
CCL16,0.007200686125767074
CCL23,0.007200408731686325
CCL15,0.007200408731686325
NTN5,0.007199468557367902
DBP,0.007199468557367902
SEC1P,0.007199468557367902
CA11,0.007199468557367902
TMEM129,0.0071993123339217785
SLBP,0.0071993123339217785
FAM53A,0.0071993123339217785
TACC3,0.0071993123339217785
AGTRAP,0.007199093244524355
NPPB,0.007199053948512409
NPPA,0.007199053948512409
CLCN6,0.007199053948512409
MTHFR,0.007199053948512409
C1orf167,0.007199053948512409
MIIP,0.007198493980342178
RN7SL649P,0.007198493980342178
MFN2,0.007198493980342178
PLOD1,0.007198493980342178
KIAA2013,0.007198493980342178
ANGPTL7,0.007196146043628388
EXOSC10,0.007195237323352138
SRM,0.007195237323352138
PSMD11,0.007192674215977793
AIG1,0.007190590034807111
TRAPPC10,0.007186063784150642
CLEC6A,0.007185953429909988
RIMKLB,0.007179836979292311
DKKL1,0.0071749638517541415
TEAD2,0.0071749638517541415
CD37,0.0071749638517541415
TSKS,0.007173477189703511
SNORA18|ENSG00000252249.1,0.007168513677299428
ZNF705A,0.0071670010030090315
FAM90A1,0.007164369691352543
FAM66C,0.007164369691352543
FAM86FP,0.007164369691352543
LINC00937,0.007164369691352543
NECAP1,0.007162138313675206
C3AR1,0.007162138313675206
CLEC4A,0.007162138313675206
AHDC1,0.007161067331127869
CNGA1,0.0071590740980646906
RAD52,0.007158675390372356
TMED11P,0.0071582687491918776
C19orf68,0.007156211156490197
IFIT3,0.007155788273758449
IFIT2,0.007155788273758449
CTBP1,0.007149566052622556
SPON2,0.007148098890920753
snoU13|ENSG00000238991.1,0.007139829261112753
SCARNA22,0.007121895805131376
WHSC1,0.007121724284428828
AP2A1,0.007116351323470516
PTOV1,0.007115386482517567
MIR4749,0.007115386482517567
VIMP,0.0071151812500283625
PTPRU,0.007113612640927313
ZNF114,0.007109693566785166
MIR4689,0.007107934967901055
NPHP4,0.007100730840375759
KCNAB2,0.0071006265641434824
HIVEP2,0.0071004046778836245
DTWD1,0.007095810325634202
DHDDS,0.007092229744630182
LIN28A,0.007092229744630182
LIG1,0.0070842000456609435
VAX1,0.0070812269988271915
MIR3663,0.0070812269988271915
RPS6KA1,0.007080188991311258
MIR1976,0.007080188991311258
HMGN2,0.007080188991311258
RN7SL671P,0.00707964102036347
HTRA4,0.00707957443315049
TM2D2,0.00707957443315049
SIM1,0.0070794984494542005
SNRPA1,0.0070777829719830595
RNA5SP168,0.007070443519014834
RPS3A,0.007064211987520448
SNORD73A,0.007064211987520448
SNORD73,0.007064211987520448
B4GALNT3,0.007059136214543099
CCDC77,0.007059136214543099
FAM138D,0.007059136214543099
IQSEC3,0.007059136214543099
KDM5A,0.007059136214543099
NINJ2,0.007059136214543099
RNU4ATAC16P,0.007059136214543099
SLC6A12,0.007059136214543099
SLC6A13,0.007059136214543099
PTCHD2,0.007055181424775158
RN7SKP51,0.007053956895432776
RN7SKP18,0.007053956895432776
VGLL2,0.007053956895432776
FUZ,0.007053090525140479
MED25,0.007053090525140479
FGFR3,0.007046162818005982
FOXJ2,0.007042450135215772
SFRP2,0.007041908217540099
RNF175,0.007041908217540099
DCHS2,0.007033557120185003
UBIAD1,0.007032409385852458
CDKN2A,0.0070285690281489495
LMTK3,0.007028125871997161
SULT2B1,0.007028125871997161
VTA1,0.007024455310795017
NMBR,0.007024455310795017
GJE1,0.007024455310795017
GPR126,0.007024455310795017
AP3B2,0.007023383824585901
SPHK2,0.007022545090180361
SPACA4,0.007022545090180361
FAM83E,0.007022545090180361
RPL18,0.007022545090180361
NELFA,0.007018777558759042
MIR943,0.007018777558759042
NUCB1,0.0070092717079729095
TULP2,0.0070092717079729095
PLEKHA4,0.0070092717079729095
PPP1R15A,0.0070092717079729095
MIR3140,0.0070074904822771
TMEM154,0.007007471240671252
MIR4453,0.007007419013455374
FBXW7,0.0070044668013578976
MIR4417,0.007003522289488162
SLC35G3,0.006999804526531565
SLFN5,0.006999804526531565
SLFN13,0.0069985270040427835
RNA5SP394,0.006986287534189009
IFIT5,0.00698555045440596
SLC16A12,0.00698555045440596
RUVBL2,0.00698365084599579
C4orf48,0.0069807923200945815
GRIA2,0.0069806340163260615
HS3ST1,0.006978853800443416
RNA5SP156,0.006978853800443416
NAT8L,0.006978744626784153
EFR3B,0.006976510572534332
POMC,0.006976510572534332
RN7SL856P,0.006976222439049947
C1orf195,0.006973432750437533
U3|ENSG00000200492.1,0.006971254028729658
FAM227B,0.006966049447292256
CYP17A1,0.006961928541013433
C10orf32,0.006961928541013433
MIR572,0.006960801661893644
POLN,0.006960178170428253
NLE1,0.006956810929608422
FNDC8,0.006956810929608422
UNC45B,0.006956810929608422
RPE65,0.006953455494238582
snoZ6|ENSG00000266692.1,0.006949155798006179
snoZ6|ENSG00000264452.1,0.006949155798006179
snoU13|ENSG00000239020.1,0.006947446496023735
RCC2,0.006947191071946085
STX11,0.006946807741873315
SLFN12,0.006945705792900997
SLFN11,0.006945705792900997
LTV1,0.00694516373797107
PHACTR2,0.00694516373797107
ZC2HC1B,0.00694516373797107
PLAGL1,0.00694516373797107
FUCA2,0.006944549494754841
PEX3,0.006944549494754841
DNAJC16,0.00693892417343294
CASP9,0.00693892417343294
CTRC,0.00693892417343294
SCARNA21|ENSG00000251866.1,0.00693892417343294
AGMAT,0.00693892417343294
CELA2A,0.00693892417343294
CELA2B,0.00693892417343294
PIN1P1,0.006935939214305591
RN7SL538P,0.006935939214305591
WNK1,0.0069351496812344055
CPM,0.006934218302367865
GPR157,0.0069317734397998185
MIR34A,0.0069317734397998185
H6PD,0.0069317734397998185
SPSB1,0.006928843464821898
OR4F6,0.006927758690334084
DDX11L9,0.006927758690334084
FAM138E,0.006927758690334084
OR4F13P,0.006927758690334084
OR4F15,0.006927758690334084
OR4F4,0.006927758690334084
RN7SL209P,0.006927758690334084
TARSL2,0.006927758690334084
WASH3P,0.006927758690334084
snoU13|ENSG00000238502.1,0.006927758690334084
TM2D3,0.006927758690334084
DNM1P47,0.006927758690334084
TMEM51,0.006927744838051283
ZNF207,0.006925620690250127
MIR632,0.006925620690250127
C17orf75,0.006925620690250127
EFHD2,0.006924507449050256
SH3D19,0.006924009400898855
PADI1,0.00692219389634694
CTH,0.006917462240926637
RNA5SP221,0.006916631538378152
ADAT2,0.006916631538378152
DHDH,0.0069139862002486
C10orf99,0.006913624934974857
GHITM,0.006913624934974857
SLFN14,0.006912881296660315
DNAJC27,0.006910004125547621
SNORD14,0.006910004125547621
ADCY3,0.006910004125547621
CH25H,0.006909857884616591
LRIT2,0.0069087769493092884
LRIT1,0.0069087769493092884
RGR,0.0069087769493092884
LINC00858,0.0069087769493092884
CDHR1,0.0069087769493092884
FUT2,0.006905881383019204
MAMSTR,0.006905881383019204
IZUMO1,0.006905881383019204
RN7SL345P,0.006905881383019204
RASIP1,0.006905881383019204
FUT1,0.006905881383019204
FGF21,0.006905881383019204
BCAT2,0.006905881383019204
HSD17B14,0.006905881383019204
PADI6,0.00690382792276369
SLC2A5,0.0069004590447453605
GYS1,0.00689986935897111
FTL,0.00689986935897111
BAX,0.00689986935897111
PLRG1,0.00689916775287824
FGB,0.00689916775287824
FGA,0.00689916775287824
FGG,0.00689916775287824
LRAT,0.006897248021640613
NIPAL1,0.0068963646773175765
ARFIP1,0.00689575722591019
CCSER2,0.006891682561701635
PADI3,0.006891312142958887
MIR3972,0.006891312142958887
PCSK6,0.0068912091353463606
SLC25A33,0.006889433691492494
TMEM201,0.006889433691492494
GUCY1A3,0.006887805797861875
SDHB,0.006881984252123208
GUCY1B3,0.006881831945082091
PADI2,0.0068806580117200325
CLNK,0.006876786005324052
PNKP,0.006874067017003044
ZNF518B,0.006871935366203844
SNORD7,0.006867096555414842
PEX12,0.006867096555414842
TDO2,0.006867088607594935
ASIC5,0.006867088607594935
CTSO,0.006867088607594935
MRM1,0.0068656972826729844
DHRS11,0.0068656972826729844
LETM1,0.006865540963101934
GABRB1,0.006863896076648714
SFXN2,0.006860353036813378
WBP1L,0.006860353036813378
LRBA,0.006857228527928494
SLFN12L,0.006854353550821
NKAIN1,0.006853164556962028
CPSF6,0.0068513149685040095
PADI4,0.0068487742100273585
RNA5SP437,0.0068476641802632824
PET112,0.006843274371555412
GRID2,0.006842794301515876
A2ML1,0.006841080202633228
PDGFC,0.006837027361623917
TLR2,0.006831701920037381
SIGLEC11,0.006831359151425416
NUP62,0.006831359151425416
U3|ENSG00000221125.1,0.006831359151425416
TBC1D17,0.006831359151425416
ATF5,0.006831359151425416
VRK3,0.006831359151425416
ZNF473,0.006831359151425416
MIR4751,0.006831359151425416
IL4I1,0.006831359151425416
MIR4750,0.006831359151425416
SIGLEC16,0.006831359151425416
MAGOHB,0.006831323823048597
KLRAP1,0.006831323823048597
AKT1S1,0.0068295386967972115
LRRK1,0.0068255306788423025
SPOCD1,0.006825077967345442
PLA2G4C,0.0068227087085563605
COPRS,0.006819477912801429
PTP4A2,0.00681564326335928
PRDM16,0.006814435849351457
SLC7A11,0.00681313153549807
MIR4254,0.006810008648478654
KPNA6,0.006809071729957807
SKOR1,0.006804410163903831
snoU13|ENSG00000238858.1,0.006800072906320666
MIR5585,0.0067989032156616095
KHDRBS1,0.0067989032156616095
TMEM39B,0.0067989032156616095
EMX2OS,0.0067983196007589735
EMX2,0.0067983196007589735
PDZD8,0.006798124658851662
CCL3L1,0.006797900410968055
ZNHIT3,0.006797900410968055
RNA5SP439,0.006797900410968055
TBC1D3H,0.006797900410968055
PIGW,0.006797900410968055
TBC1D3G,0.006797900410968055
MYO19,0.006797900410968055
GGNBP2,0.006797900410968055
CCL4,0.006797900410968055
CCL4L2,0.006797900410968055
TBC1D3B,0.006797900410968055
CCL4L1,0.006797900410968055
CCL3,0.006797900410968055
CCL3L3,0.006797900410968055
CCL18,0.006797900410968055
TBC1D3C,0.006797900410968055
RN7SL301P,0.006797900410968055
Vault|ENSG00000252328.1,0.006792116607848525
RAD51D,0.006792116607848525
LIG3,0.0067918207561125125
ZNF830,0.0067918207561125125
CCT6B,0.0067918207561125125
FAM160A1,0.006789606784040463
TIGD4,0.006788581481328762
MND1,0.0067884275484819704
RFFL,0.006788191289279602
RNA5SP169,0.006788017977157465
PRSS48,0.006782803501972262
DCLK2,0.006782792506768928
MYRFL,0.006782516659686554
RN7SKP35,0.006780409296444424
FHDC1,0.006774903448370641
STYK1,0.006774194636739233
TBC1D22A,0.0067738896404741554
SUZ12,0.006773192852500876
NPY2R,0.006766410332087188
NT5C2,0.006763366391150864
UTP6,0.006759792729426782
CLPX,0.006759705927755485
PDCD7,0.006759705927755485
TAS2R13,0.006758809691043556
MAP9,0.006758236592990972
RN7SKP268,0.006751584535654316
RNY4P20,0.006751584535654316
snoU13|ENSG00000238939.1,0.006751584535654316
UBAP1L,0.00675127354121643
RASL12,0.00675127354121643
KBTBD13,0.00675127354121643
SLC51B,0.00675127354121643
MTFMT,0.00675127354121643
SIGLEC8,0.006749289650037221
WDR4,0.006747041217185256
CCT2,0.006746060507639676
RN7SL348P,0.006744738602449321
C21orf90,0.006736591050242336
RAB3IP,0.006734128781727485
GLRB,0.006732167496550481
LRRC3,0.0067317953938648796
LRRC3DN,0.0067317953938648796
FGF7,0.0067285559856330775
WLS,0.006726016779384401
MIR1262,0.006725285342328926
RN7SL21P,0.006723093201202598
ACTR1A,0.006723093201202598
TMEM180,0.006723093201202598
C10orf95,0.006723093201202598
AIRE,0.006718695376577476
DNMT3L,0.006718695376577476
RN7SL419P,0.006714424332384992
MDM2,0.0067110333143844585
BEST3,0.006706025977430012
SNORA24|ENSG00000206903.1,0.006701431769064528
PCGF6,0.006699659225088864
INA,0.006699659225088864
TRIM2,0.006699105265327994
TRPM2,0.006698565144734062
RRP1,0.006692713035349557
CSTB,0.006692713035349557
KIAA0922,0.006691429889076286
FHAD1,0.0066911557238363475
CNNM2,0.006689937657157185
ANKDD1A,0.006687184830709071
SPG21,0.006686194298651852
PEX5,0.0066856550664652166
FAM212B,0.006668488211919026
RAP1A,0.006668488211919026
ADORA3,0.006668131083233655
C1orf162,0.006668131083233655
TRIM8,0.006666240854720706
ARL3,0.006666240854720706
DDX20,0.006663392042265895
KAZN,0.006662187293778867
EFTUD1P1,0.006662032514473159
LIPA,0.006658785286141087
KCND3,0.006657190474300904
C21orf67,0.0066559164569767685
DEPDC1,0.006655422186560127
RN7SL446P,0.006651540015668165
snoU13|ENSG00000238702.1,0.006648202132612114
DIRAS3,0.006647905852042299
SIGLEC6,0.006647370372331973
RN7SL392P,0.006645667872991967
GADD45A,0.006645667872991967
GNG12,0.006645667872991967
CLCC1,0.0066454350883629896
AKNAD1,0.006644750198740292
GPSM2,0.006643178621659632
SPATA42,0.006643178621659632
CSPG4P5,0.006639836913490116
GOLGA6L4,0.006639836913490116
RN7SL417P,0.006639836913490116
RN7SL331P,0.006639836913490116
GOLGA6L5,0.006639836913490116
SGIP1,0.006635143912969903
PDE9A,0.0066295317079254215
RPS17L,0.006627230100052438
CPEB1,0.0066250192804039095
MTMR9LP,0.006621727337054801
EIF3I,0.006621727337054801
TMEM234,0.006621727337054801
DCDC2B,0.006621727337054801
IQCC,0.006621727337054801
CCDC28B,0.006621727337054801
TXLNA,0.006621727337054801
FAM167B,0.006621727337054801
WHAMM,0.0066215385248177385
CILP,0.006619179016157253
COQ3,0.00661900328671581
SUMO3,0.006617576816939117
UBE2G2,0.006617576816939117
RN7SKP19,0.006615127646683147
PDXK,0.006614093723388589
RN7SL524P,0.006609620008442898
PFKL,0.006608683403443398
C21orf2,0.006608683403443398
IGSF21,0.0066074535312359755
CLEC2A,0.006606472350958348
KLRF2,0.006606472350958348
LINC00898,0.0066027561806015315
SLC16A4,0.006602748190264553
MAB21L2,0.006602680080814752
BANK1,0.006600794505790475
MIR3117,0.0065997838439746485
PTTG1IP,0.006598605482030711
ITGB2,0.006598605482030711
ADAMTSL3,0.006597183518596593
RN7SKP274,0.006596395312069694
AS3MT,0.006596368330570024
C10ORF32,0.006596368330570024
C21orf33,0.006594539738639922
KCNA3,0.0065938936663511106
KCNA2,0.0065938936663511106
GOLGA6L9|ENSG00000196648.6,0.006591903258645331
RN7SL256P,0.006591903258645331
GOLGA6L9|ENSG00000197978.8,0.006591903258645331
UBE2Q2P2,0.006591903258645331
RPS17,0.006591903258645331
RN7SL61P,0.006591903258645331
RN7SL410P,0.006591903258645331
UBE2Q2P3,0.006591903258645331
GOLGA6L10|ENSG00000205281.6,0.006591903258645331
GOLGA6L10|ENSG00000254374.2,0.006591903258645331
CSPG4P8,0.006591903258645331
RNF207,0.0065855416623786375
ICMT,0.0065855416623786375
LINC00163,0.0065837319042405555
NDUFV3,0.006579915196109
RBM15,0.006577312691673224
FBXL7,0.006573916464125652
MIR887,0.006573916464125652
RNA5SP178,0.006573916464125652
CSF1,0.006572460276519632
MIR186,0.006571503430658127
ZRANB2,0.006571503430658127
TMEM98,0.006571067813444353
C9orf53,0.0065633071420569886
FAM207A,0.006560208217283588
CD53,0.006558957410987097
PRH2,0.0065585600230651546
APOLD1,0.006553931182028877
MIR613,0.006553931182028877
SPACA3,0.006552978593013677
RDM1,0.00655272901600384
LYZL6,0.00655272901600384
IL12RB2,0.00655095223279349
ALX3,0.006549343280028563
STRIP1,0.006549343280028563
UBL4B,0.006548799083936571
WDR78,0.0065471858778063455
LOH12CR1,0.006547021725002567
SLK,0.0065451603232773116
RPL22,0.006543819251483641
TP73,0.006543362244100634
HHLA3,0.006542977385494622
MIR936,0.006540558182095468
COL17A1,0.006540558182095468
TAS2R20,0.00654018151536808
TAS2R50,0.00654018151536808
ALDH1A3,0.006539638089964645
CBS,0.0065394151025752875
USMG5,0.00653598937907997
PDCD11,0.00653598937907997
MIR1307,0.00653598937907997
CALHM2,0.00653598937907997
CALHM1,0.00653598937907997
TAF5,0.00653598937907997
LRIF1,0.00653458762974259
PKNOX1,0.006526993826775575
CALHM3,0.006526751136426209
SNORA31|ENSG00000252433.1,0.0065267165572240335
CLEC12A,0.006526526455910913
CLEC1B,0.006526526455910913
ICOSLG,0.006526305679875525
NEURL,0.0065255520002936674
SLC35D1,0.006525270058569551
LOH12CR2,0.006522476181956439
INSL5,0.006521738418458412
TCTEX1D1,0.006521738418458412
MANSC1,0.006521071173918425
IL23R,0.006516640193012048
RNU4ATAC4P,0.006516640193012048
C1orf141,0.006515739542906425
PWP2,0.006514799946216931
LINS,0.0065144532544217605
ASB7,0.0065144532544217605
GUSBP5,0.006514287830652987
ATP5F1,0.006514244609039093
WDR77,0.006514244609039093
IGDCC4,0.0065013507255325745
PRED58,0.006499196455440096
PRED57,0.006499196455440096
HSF2BP,0.006498780276982772
CABP5,0.006497184241901537
FAXC,0.006495388825166269
SIGLEC22P,0.006495338793745352
LRRC10,0.006490268868271147
SNORA25|ENSG00000200536.1,0.006489952212780665
RRP1B,0.006489368241101783
CHI3L2,0.006488965857363939
SLC6A17,0.006488523698039187
SCARNA15|ENSG00000252690.2,0.006488138695513579
FSD2,0.006488138695513579
LAMTOR5,0.006487015701553432
DENND2D,0.006485184828266454
CEPT1,0.006485184828266454
DRAM2,0.006485184828266454
KCNA10,0.006483743847856023
SMARCA5,0.0064812376202312135
CLEC9A,0.006480586321016582
CLEC12B,0.006480586321016582
SIGLEC7,0.006479493670886082
KLK13,0.006479493670886082
SIGLEC9,0.006479493670886082
CTU1,0.006479493670886082
KLK14,0.006479493670886082
SIGLEC17P,0.006479493670886082
LINC00162,0.0064790598208511975
CD33,0.006475812360387185
CHIAP2,0.006475786108261015
CHIA,0.006475786108261015
FKSG62,0.006475463585398652
PIFO,0.006472220490116604
PGCP1,0.006472220490116604
RBM46,0.006472003580104855
snoU13|ENSG00000238486.1,0.0064719372665664
LINC00085,0.0064719372665664
MIR125A,0.0064719372665664
SIGLEC14,0.0064719372665664
MIR99B,0.0064719372665664
MIRLET7E,0.0064719372665664
OVGP1,0.006471795336919737
KLRF1,0.00647173799880655
UST,0.00647143077669475
CD69,0.006471350761144196
GYPB,0.006469630129545194
GYPA,0.006469630129545194
GYPE,0.006469630129545194
GAB1,0.006469232330880703
MIR3139,0.006469232330880703
MTOR,0.006468022831676082
SIGLEC10,0.0064678302308264985
TAS2R64P,0.006467716458149944
TAS2R46,0.006467716458149944
TAS2R42,0.006467716458149944
TAS2R43,0.006467716458149944
TAS2R31,0.006467716458149944
TAS2R30,0.006467716458149944
TAS2R19,0.006467716458149944
TAS2R14,0.006467716458149944
CLECL1,0.006466129400860819
BCL2L14,0.006465324127349444
NANOGNB,0.006463840889757874
NANOG,0.006463840889757874
RNA5SP54,0.006461892101787347
AKAP13,0.00646126952462236
RAB11FIP2,0.006458951732383746
RNA5SP325,0.006458136342839703
CTTNBP2NL,0.006457714263039442
WNT2B,0.006457714263039442
GFRA1,0.006451901991011136
OBFC1,0.006451052609038789
KCNC4,0.0064505546832041745
PROK1,0.006445066858407335
CYMP,0.006445066858407335
IGLON5,0.006444813104988825
VSIG10L,0.006444813104988825
ETFB,0.006444813104988825
LIM2,0.006440762472077429
CLDND2,0.006440762472077429
NKG7,0.006440762472077429
snoU13|ENSG00000239111.1,0.006437845436972448
POU3F2,0.006436370021913222
FBXL4,0.006436370021913222
SERBP1,0.006436356788445482
MIER1,0.006436277693200332
TIAL1,0.00643253060587945
PPAPDC1B,0.0064310903931901085
HEY2,0.0064304535061191935
ETV6,0.006429809252437635
CD163L1,0.006425605931719198
RGS10,0.006424349543835937
LINC00500,0.006421596037424318
LINC00499,0.006421020913593827
LINC00498,0.006421020913593827
LYZ,0.006412390989096781
YEATS4,0.006412390989096781
SNORA70|ENSG00000252014.1,0.006411390909172499
RN7SL205P,0.006411390909172499
STXBP3,0.006411153916712529
GSTM5,0.006410686650756487
EPS8L3,0.006410686650756487
GSTM1,0.006410686650756487
GSTM2,0.006410686650756487
GSTM4,0.006410686650756487
GSTM3,0.006410686650756487
snoU13|ENSG00000238761.1,0.0064097059640490376
ARHGEF10L,0.00640693550990293
C19orf48,0.006406627451927724
CLEC11A,0.006406627451927724
GPR32,0.006406627451927724
ACPT,0.006406627451927724
SNORD88B,0.006406627451927724
SNORD88C,0.006406627451927724
SNORD88A,0.006406627451927724
ZNF175,0.006406015334088214
SIGLEC5,0.006406015334088214
SFR1,0.006404861979563823
snoU13|ENSG00000238594.1,0.00640171665553128
AKAP7,0.00639923630772373
IYD,0.0063985204981431
LIPK,0.006394015707936433
LIPN,0.006393495430971972
LIPM,0.006393495430971972
LINC00313,0.006393041092473655
LINC00319,0.006393041092473655
LINC00322,0.006393041092473655
CRYAA,0.006393041092473655
SIK1,0.006393041092473655
DNAH5,0.006392090363730881
KLK11,0.006388056589724503
KLK10,0.006388056589724503
KLK12,0.006388056589724503
RN7SKP139,0.006385416402425108
CHSY1,0.006378112097460756
FRS2,0.006377792402784082
CLEC4C,0.006371725937305579
SIGLECL1,0.006371222635889792
AMPD2,0.006369089661974862
GNAT2,0.006369089661974862
MIR197,0.006369089661974862
CCDC147,0.006368827207564433
snoU13|ENSG00000238620.1,0.006368827207564433
MIR609,0.006368827207564433
GSTO2,0.006368827207564433
GSTO1,0.006368827207564433
WDR96,0.006368827207564433
ITPRIP,0.006368827207564433
DPPA3,0.006366450617675804
GDF3,0.006366450617675804
APOBEC1,0.006366450617675804
LDLRAD1,0.006365799834048346
MIR4781,0.006365799834048346
TMEM59,0.006365799834048346
RN7SL804P,0.006363695416200148
LRP6,0.00636082086689682
FAM71E1,0.006360692459807617
SPIB,0.006360692459807617
MYBPC2,0.006360692459807617
EMC10,0.006360692459807617
TCEANC2,0.0063589969928617325
GNAI3,0.0063582340836814836
CDCP2,0.006353783050568179
MARCKSL1,0.006349175773776765
LCK,0.006349175773776765
HDAC1,0.006349175773776765
ARG1,0.006340750869508475
FAM154B,0.006337371078365848
FAM151A,0.006336140388044413
PPP2R1A,0.006335460159112436
MRPL37,0.006330538048243679
C1orf191,0.006330538048243679
CYB5RL,0.006330538048243679
FREM3,0.0063281921285246266
XPNPEP1,0.006327743469014059
C10orf91,0.006327497602159837
PPP1R14C,0.006326429392609716
USP38,0.006324688756838028
SH3PXD2A,0.006324500920765246
RAB32,0.006322852501184594
TSPEAR,0.006322461471478972
EMP1,0.006317127693130545
C12orf36,0.0063096774414745605
TSSK3,0.0063040988547317664
FAM229A,0.0063040988547317664
SSBP3,0.006302596966968554
LRRC27,0.006297119039442993
PWWP2B,0.006297119039442993
RN7SL681P,0.006295328802887929
NUDT9,0.006295328802887929
SPARCL1,0.006295328802887929
HSD17B11,0.006295328802887929
MTHFD1L,0.006293772949636899
STRAP,0.006290723526517563
CLEC2B,0.006288522940929296
PTPRO,0.00628821608707893
ACSM4,0.006285543338877388
MIR5705,0.006281289763141282
HSD17B13,0.006281289763141282
SNORD112|ENSG00000252646.1,0.006278787022815403
TM6SF1,0.006278172526195641
MIR4515,0.006278172526195641
HDGFRP3,0.006278172526195641
ZNF137P,0.00627774480373469
BTBD1,0.006277473290213781
CLEC1A,0.006276763395116449
NAPSA,0.006270503982928715
POLD1,0.006270503982928715
RN7SL324P,0.006270503982928715
GPRIN3,0.0062643995588942125
KLK9,0.00625623827252421
KLK8,0.00625623827252421
JOSD2,0.006256041426927506
ASPDH,0.006256041426927506
SNORD11|ENSG00000238819.1,0.006252648396214828
RN7SL676P,0.006252022847895542
RN7SL46P,0.006252022847895542
ZNF766,0.006247491753318642
ZNF480,0.0062473547842165885
MIR643,0.0062473547842165885
KLKP1,0.0062473507073715654
KLK2,0.0062473507073715654
KLK15,0.0062473507073715654
KLK4,0.0062473507073715654
KLK3,0.0062473507073715654
RN7SL234P,0.006245038733093773
EPS8,0.006244131986560343
FBXO42,0.006242686693719338
DPYSL4,0.00623676451433376
ULBP2,0.006236052173808363
RAET1G,0.006236052173808363
JAKMIP3,0.006235852743010745
PRB1,0.006233918038971512
PRB2,0.006233559179592245
RNU6ATAC31P,0.006232400539129289
PRB4,0.006232240294694091
PRB3,0.006232240294694091
ANKRD22,0.0062304605558107665
KLK6,0.006230040208488469
KLK7,0.006230040208488469
KLK1,0.006229333752053335
FAM204A,0.00622673043433056
PTPLAD1,0.006223075537717407
LRRC4B,0.006221038577988318
STK32C,0.006215852979834463
NANOS1,0.006214377615470587
EIF3A,0.006214377615470587
IZUMO2,0.006211246047795139
SMLR1,0.006207513234117649
MIR4451,0.006206317415007367
KLHL8,0.006204756025146805
ZNF701,0.0062034504799625585
MIR4311,0.006196241123803646
RSPH1,0.006196239945126905
NAPSB,0.006194990335951381
KCNC3,0.006194990335951381
RNA5SP40,0.006194545217277827
RN7SKP101,0.006194471220922858
EPHA2,0.0061942514514133455
RN7SKP162,0.006193291687809436
AJAP1,0.0061925300828254305
RNA5SP222,0.006190335973284597
RN7SKP56,0.006188364189300375
DSPP,0.006186532135687149
DMP1,0.006186532135687149
PKD2,0.006185287991177884
SPP1,0.006185287991177884
SLC15A5,0.006184132354914502
CLEC2D,0.006183531607480674
HAS1,0.006180206520085857
FPGT,0.006179725694352689
ADGB,0.006177017757620882
DIO1,0.006174590564294508
LRRC42,0.006174590564294508
HSPB11,0.006174590564294508
YIPF1,0.0061742139364087435
IGDCC3,0.006173517894545119
PIF1,0.00617285992104619
RNA5SP353,0.006172686067720839
HSPB7,0.0061723699351947225
FAM131C,0.0061723699351947225
C1orf64,0.0061723699351947225
CLCNKA,0.0061723699351947225
CLCNKB,0.0061723699351947225
SUMO4,0.006169974177937485
TAB2,0.006169974177937485
LINC00867,0.006167130195201833
TIGD2,0.006166168694685049
NANOGP1,0.00616488706626207
SLC2A14,0.00616488706626207
SLC2A3,0.00616488706626207
HOMER2,0.006163744614340509
RN7SKP161,0.006163023374934441
MIR614,0.006160449552230616
GPRC5A,0.006160449552230616
GPRC5D,0.006160449552230616
GSG1,0.006160449552230616
HEBP1,0.006160449552230616
HTR7P1,0.006160449552230616
KIAA1467,0.006160449552230616
SNORD88,0.006160449552230616
KLK5,0.006159487714072981
UBASH3A,0.006155247240755736
MIR4637,0.006154893999634729
U2AF1,0.006153058552098267
RSG1,0.006151989582702443
ANO7P1,0.006151989582702443
ARHGEF19,0.006151989582702443
C1orf134,0.006151989582702443
CD163,0.006150064116399824
TMEM132E,0.006146681062489931
TMPRSS3,0.006146455072644493
CLEC7A,0.006144795158772275
LARP1B,0.006142489594924408
ATP8B4,0.006140543748951601
SNORA75|ENSG00000212440.1,0.006136006119624701
SNORA75|ENSG00000212432.1,0.006136006119624701
EPB41L2,0.006135944033725022
DDX47,0.00613273653606155
C5orf49,0.006130189958907777
FASTKD3,0.006130189958907777
MTRR,0.006130189958907777
TAF13,0.006130164902753286
TMEM167B,0.006130164902753286
C1orf194,0.006130164902753286
SCARNA2,0.006130164902753286
WDR47,0.006130164902753286
MEX3B,0.006129708274635216
TNNI3K,0.006126353250002205
RN7SKP134,0.006124436002578267
RSC1A1,0.006123913062287484
DDI2,0.006123913062287484
MIR5692B,0.006121244621812054
HERC6,0.006120436958632191
HERC5,0.006120436958632191
HERC3,0.006120436958632191
PIGY,0.006120436958632191
PYURF,0.006120436958632191
RN7SKP244,0.006120436958632191
NAP1L5,0.006120436958632191
PPM1K,0.006118730972600546
ABCG2,0.006116973147214339
RPL30P11,0.006113553766611344
ARHGDIB,0.00611159263271939
VN1R4,0.006110237298969309
VN1R2,0.006110237298969309
ZNF677,0.006110237298969309
ANKH,0.006108366231613263
ZNF525,0.0061079544806017525
IBSP,0.006107076543163343
C19orf81,0.00610686315036813
MEPE,0.006106529873606233
ZNF28,0.006103942427320765
ZNF320,0.006103942427320765
ZNF468,0.006103942427320765
ZNF600,0.006103942427320765
ZNF611,0.006103942427320765
ZNF816,0.006103942427320765
ZNF888,0.006103942427320765
ZNF321P,0.006103942427320765
snoU13|ENSG00000238652.1,0.006102491116619684
ATXN7L2,0.006101872374679011
CYB561D1,0.006101872374679011
AMIGO1,0.006101872374679011
SYPL2,0.006101872374679011
PSMA5,0.0061015152459936335
PLEKHO2,0.006098331256623146
FAM90A27P,0.006096334935110889
FAM90A28P,0.006096334935110889
BIRC8,0.006096334935110889
ZNF845,0.006095456050039379
DERA,0.00609340146131361
SLC24A1,0.0060914376865287626
DENND4A,0.0060914376865287626
snoU13|ENSG00000238311.1,0.0060914376865287626
RNU6V,0.00609087507865334
GPR61,0.00609087507865334
M6PR,0.006082983126594977
PHC1,0.006082983126594977
MYH14,0.006081440557721745
LINC00987,0.006081215164480791
A2MP1,0.006081215164480791
SH3GL3,0.006080448128001321
EFTUD1,0.006079430122674787
CT49,0.006078861902683382
STARD5,0.006074674289709915
TMC3,0.006074674289709915
IL16,0.006074674289709915
SYT3,0.0060733853218184084
KIAA1324,0.006072202350246867
DUSP16,0.006071420244936028
CREBL2,0.006071420244936028
C17orf102,0.006066290811914666
CCL11,0.006066290811914666
CCL13,0.006066290811914666
CCL1,0.006066290811914666
CCL2,0.006066290811914666
CCL7,0.006066290811914666
CCL8,0.006066290811914666
RNA5SP438,0.006066290811914666
RSPO3,0.006063262770285223
CDKN1B,0.006061998573720814
ERP27,0.006061988288053537
GPR19,0.006061086577889932
SARS,0.006059663165293889
IGSF5,0.006058815401344524
VWA9,0.006058505711639395
snoU13|ENSG00000238715.1,0.006058505711639395
RNF146,0.0060583833099762275
PCP4,0.00605606988158819
LRRIQ3,0.0060540221233892156
RN7SKP248,0.006048590976592886
PSRC1,0.006043348619952716
MYBPHL,0.006043348619952716
SORT1,0.006043348619952716
ZNF702P,0.006041592950656879
KLF2,0.006041514048692731
ACTL8,0.0060399686117114364
STXBP5,0.006039446964056046
MIR1272,0.006039069323303011
ZNF813,0.006038145894921865
ZNF761,0.006038145894921865
TPM3P9,0.006038145894921865
ZNF765,0.006038145894921865
AP4E1,0.0060381395348837194
U8|ENSG00000202269.1,0.0060357521178999425
ZC3H12D,0.006034050211572378
PPIL4,0.006034050211572378
SNORA2|ENSG00000202343.1,0.0060336108151706124
KATNA1,0.0060336108151706124
MTAP,0.006033009809726519
PLBD1,0.006023807891163921
BNIP3,0.0060233567394110225
CCDC172,0.006020040384740648
SLC37A1,0.006018700505082003
SULT2A1,0.0060177506912559315
TPRX2P,0.0060177506912559315
KLRG1,0.006017552657973922
PZP,0.00601720668334117
EPM2A,0.006016960439734681
U3|ENSG00000251836.1,0.006010520364931251
H2AFJ,0.0060085131039400936
HIST4H4,0.0060085131039400936
HENMT1,0.00600832874701889
PRPF38B,0.00600832874701889
FNDC7,0.00600832874701889
FAM102B,0.00600832874701889
CENPW,0.006008278061152121
SF3B5,0.0060052677097256054
GRIN2B,0.006004429694035689
FAM45A,0.006004119772307848
SNORA19|ENSG00000222588.1,0.006004119772307848
SNORA19|ENSG00000207468.1,0.006004119772307848
PRDX3,0.006004119772307848
SFXN4,0.006004119772307848
CCSER1,0.0060021443567948776
LRP11,0.006000349109469894
RAET1E,0.006000349109469894
CELSR2,0.005994796124870322
FAM105A,0.005993225530001833
TMEM244,0.005990019801530787
RHBDL3,0.005987006656613204
MIR4511,0.0059854250283009145
RAB11A,0.0059854250283009145
TFF1,0.00597973436428258
ATF7IP,0.005975842396149043
GUCY2C,0.005973394407339846
KLRB1,0.005966554727473566
PNLIPRP1,0.005961124259070285
PNLIP,0.005961124259070285
ZNF622,0.005954163437526908
MESDC2,0.005950950652448864
FAM105B,0.005950831003526328
TRIO,0.005948976523974769
FBXO30,0.005947744509923098
SHPRH,0.005947744509923098
OSTM1,0.005945724551687766
SNX3,0.005945724551687766
NR2E1,0.005945724551687766
PCDH10,0.005945351488911656
PLEKHG1,0.00594420869523346
LATS1,0.005936696822501906
MYO10,0.00592963632710468
PNLIPRP3,0.005927057776233801
MIR4514,0.00592361875186377
MESDC1,0.00592361875186377
C15orf26,0.00592361875186377
FAM103A1,0.005909140453886415
C15orf40,0.005909140453886415
CSPG4P12,0.005906333227076877
RN7SL428P,0.005906333227076877
TMEM52B,0.005905739603046317
GABARAPL1,0.005905739603046317
OLR1,0.005905739603046317
FAM134B,0.005900275553259271
LRRC53,0.005899901927243688
MIR4712,0.0058997341901185826
U6|ENSG00000271819.1,0.0058997341901185826
NUP43,0.005899498606571682
PCMT1,0.005899498606571682
RN7SL494P,0.005897953521980928
GABPB1,0.005897953521980928
SLC27A2,0.005897953521980928
HDC,0.005897953521980928
TINAGL1,0.005895384766055382
RNA5SP217,0.0058807823023109395
SLC10A6,0.005877746862500163
MMRN1,0.005875675089776336
RN7SL322P,0.005868943845757812
C4orf36,0.0058678033668090115
PPP2R2D,0.005865691347645382
TFF2,0.005863253725759167
CRYZ,0.0058629718325920906
TYW3,0.0058629718325920906
ZNF808,0.005861603000635449
ZNF880,0.005861603000635449
ZNF528,0.005861603000635449
ZNF534,0.005861603000635449
ZNF578,0.005861603000635449
GRM1,0.005861562855104252
C1orf173,0.005860152811038892
MIR4297,0.00585971746930172
PRELID1P1,0.005857105572230199
KLRD1,0.005854941064248105
ZNF665,0.0058466402620675475
ZNF415,0.0058466402620675475
ZNF347,0.0058466402620675475
ZNF160,0.0058466402620675475
DPP8,0.005845158316491151
EIF2S3L,0.0058447243070486755
TNFAIP8L3,0.0058442566970856695
PRR24,0.005843485362259668
CCDC9,0.005843485362259668
SORCS1,0.005842791447399608
TFF3,0.005840761987902962
WBP11,0.005837935598008692
PRMT6,0.005832892769756817
SHANK1,0.0058328343034623
CASC2,0.005831102331505209
FAF1,0.005827435727716305
DHX34,0.0058217846976879135
KLRC3,0.005820831020172809
KLRC2,0.005820831020172809
KLRC1,0.005820831020172809
KLRC4,0.005820831020172809
KLRK1,0.005820831020172809
ARHGAP24,0.005813480855496836
ACOT11,0.0058085090113406445
MCMBP,0.005807839263899354
RN7SL846P,0.005807839263899354
SEC23IP,0.005807839263899354
MIR4682,0.005807839263899354
MGP,0.005805930030034148
TCERG1L,0.005805656534558495
C5AR2,0.005805593528266497
MIR378C,0.005801204248617537
MIR2113,0.005801000093387332
SLC8A2,0.0057954740473781146
MEIS3,0.0057954740473781146
ZNF610,0.005795100911549865
INPP5A,0.005792471373932818
ZNF541,0.005790591841686348
NAPA,0.005790591841686348
EBF3,0.005789120318291077
RNA5SP326,0.005787491374178909
BBC3,0.005785230292163028
KPTN,0.005784638509654937
MGST1,0.005784068156045342
GLRX3,0.005783892434666252
LINC00959,0.0057829155368201626
snoU13|ENSG00000238974.1,0.005779684203586504
RNA5SP212,0.005779684203586504
SAE1,0.00577398642450926
NBPF4,0.00577351556289366
SLC25A24,0.00577351556289366
SLC25A24P1,0.00577351556289366
TBC1D2B,0.00577098479161739
SIGLEC1,0.005767839081566973
ADAM33,0.0057669546256606035
RN7SKP48,0.005763218605957081
NBPF5P,0.005761529994496425
NBPF6,0.005761529994496425
ZNF14,0.00576041538650609
SMCO3,0.005755437689427698
ART4,0.005755437689427698
A2M,0.005753716846742759
LINC00612,0.005753716846742759
C5AR1,0.005749942301205465
GPAM,0.005748339014699169
TMEM82,0.005747990517144412
SLC25A34,0.005747990517144412
FBLIM1,0.005747990517144412
PLEKHM2,0.005747990517144412
RNA5SP50,0.005747747747747749
LMO3,0.005747495849437858
PPM1J,0.005743666885371825
FAM19A3,0.005743666885371825
MOV10,0.005742664042204762
RHOC,0.005742664042204762
LINC00663,0.005742345663840077
DMRTA2,0.00574223138607888
INPP5F,0.005740740259402697
MIR3191,0.005735200998928868
CDC25B,0.00573436549045707
MIR4681,0.005734287682270683
RNA5SP179,0.005722695829386618
PTPN13,0.005721893277655769
CMBL,0.005718352995206527
ASIC2,0.005717310263972594
BSPH1,0.005716002500390683
HNRNPD,0.005709343071441226
SNORD42|ENSG00000202440.1,0.0057092544835324905
LGR6,0.005706005925127929
snoU13|ENSG00000239046.1,0.005706005925127929
snoU13|ENSG00000238571.1,0.005706005925127929
PTPRVP,0.005706005925127929
ZNF506,0.005704518454794975
IRX1,0.005703796898420709
TMEM160,0.005702357069729728
RN7SL533P,0.005702357069729728
ZC3H4,0.005702357069729728
NPAS1,0.005702357069729728
RNA5SP400,0.005699133153040135
SNORD74|ENSG00000200206.1,0.005699133153040135
C1orf168,0.005695850754015162
C20orf27,0.005691653275770725
SPEF1,0.005691653275770725
CENPB,0.005691653275770725
MIR1827,0.005691220475274808
SH2D7,0.005691220475274808
SNORA63|ENSG00000199633.1,0.005691220475274808
MARCH6,0.005688693705330233
RNU4ATAC8P,0.0056883202189531345
MIR4452,0.005681795903748458
ANKRD33B,0.005681613959173342
S100A9,0.005681180948562103
S100A8,0.005681180948562103
S100A12,0.005681180948562103
GINM1,0.005680086042855967
PRKAA2,0.005675857097546203
CRABP1,0.005675703606206746
CTNND2,0.005674224139142156
WDR61,0.00567420230542216
DNAJA4,0.00567420230542216
IDH3A,0.00567420230542216
ACSBG1,0.00567420230542216
CIB2,0.00567420230542216
PPP1R12B,0.00567244815513061
HDDC2,0.0056680843746997325
AP5S1,0.005666117895345218
HSPA12B,0.005665811400724204
FOXI2,0.005662147280671626
MIR4725,0.0056603691983122375
RNU6ATAC7P,0.0056603691983122375
MIR193A,0.0056603691983122375
MIR365B,0.0056603691983122375
BAG3,0.005657357107581939
GFRA4,0.00565729522875445
COMP,0.0056568334428665394
UBE2T,0.005655750067330991
MARCH11,0.005655274729906291
BAG4,0.005654800326332905
LOR,0.005654163363133478
PRR9,0.005654163363133478
SNORD101,0.005652129414073061
SNORA33|ENSG00000200534.1,0.005652129414073061
RPS12,0.005652129414073061
SLC18B1,0.005652129414073061
SNORD100,0.005652129414073061
ZNF101,0.005647077137356117
C10orf85,0.00564706417487588
SMOX,0.005645486428856029
MAVS,0.005645486428856029
RNF24,0.005645486428856029
PANK2,0.005645486428856029
MIR103A2,0.005645486428856029
VNN1,0.005644238570739179
VNN3,0.005644238570739179
UPF1,0.005643003686030238
SYT2,0.005640254960050273
LSM4,0.005636643140840644
GPN2,0.005635723844415681
GPATCH3,0.005635723844415681
C12orf60,0.005635681665455243
snoU13|ENSG00000238975.1,0.0056330607520256905
CAPZA1,0.0056330607520256905
JUND,0.005632505643340856
MIR3188,0.005632505643340856
KIAA1683,0.005632505643340856
ELF3,0.0056316500583535435
ST7L,0.005631599161452419
ARHGAP18,0.0056311094498775445
ROPN1L,0.005627876199440836
RNA5SP220,0.00562527742351281
CEACAM18,0.005623227175586211
SIGLEC12,0.005623227175586211
ASXL2,0.005621742653230541
PGLYRP3,0.005620596428235107
HADHB,0.00561773025214568
SDHAP3,0.005613993726342248
NDUFS6,0.005613993726342248
MRPL36,0.005613993726342248
IRX4,0.005613993726342248
LPCAT1,0.005613993726342248
MIR4277,0.005613993726342248
GPR37L1,0.005611136547266371
ARL8A,0.005611136547266371
PTPN7,0.005611136547266371
U6|ENSG00000272262.1,0.005610597899272818
SNORA70|ENSG00000253042.1,0.005610597899272818
MIR588,0.0056079467117544
ATPAF1,0.005604648527361939
ELSPBP1,0.005603500546960458
PGLYRP4,0.005603336036914516
RNPEP,0.005603236376694507
ZDHHC18,0.005600995985345414
SFN,0.005600995985345414
CLRN3,0.005600750731193235
RAB10,0.0055984105651809
KIF3C,0.0055984105651809
NPS,0.005596872742773912
SNORA70|ENSG00000206637.1,0.005595919741448973
TIMM17A,0.005595919741448973
GLTSCR2,0.0055929838265840505
EHD2,0.0055929838265840505
LELP1,0.005592943956888511
ARMC6,0.005592765094150937
CDC73,0.005590537035169894
PEF1,0.005588629630536449
HCRTR1,0.005588629630536449
NECAP2,0.005584352049324117
KDM5B,0.005582404165544481
CEP152,0.005579670753759985
MIR548AP,0.0055734146366543625
RERG,0.005571972242412602
RN7SKP73,0.005569392279677876
PTPRE,0.005568998590898864
FERMT1,0.005568494980055955
LINC00933,0.005561400792268296
TMEM59L,0.005559362231048385
UBA52,0.005559362231048385
CRLF1,0.005559362231048385
KXD1,0.005559362231048385
C19orf60,0.005559362231048385
SHISA4,0.005556109165993354
LSM1,0.005555661311591487
UBE2Q2P1,0.005551568407334297
PCAT6,0.005551355597450398
GAREML,0.005549145848596136
FKBP8,0.005548841329256802
LMOD1,0.005547562617829259
RN7SL155P,0.005546881161242402
KLHL26,0.005546881161242402
SSBP4,0.005545206732005611
ISYNA1,0.005545206732005611
HADHA,0.005544624013274392
NTNG1,0.005544593483107704
ECHDC1,0.005543747765944778
KIAA0408,0.005543747765944778
SOGA3,0.005543747765944778
C6orf58,0.005543747765944778
ATRN,0.0055434324770457415
MIR1301,0.005543280077239931
DNMT3A,0.005543280077239931
SUGP2,0.005542795096722586
AFF1,0.005541038903645054
STX7,0.005539653078648588
TAAR9,0.005539653078648588
ULBP1,0.0055390415077072
RAET1K,0.0055390415077072
GRIK2,0.0055390036132181575
TAAR8,0.005538592481426291
SEPW1,0.005538439232813155
CRX,0.005538439232813155
SNORD23|ENSG00000221803.1,0.005538439232813155
TPRX1,0.005538439232813155
CENPO,0.005537026081457377
ULBP3,0.0055367056682682275
RAET1L,0.005536237436216678
MAPK10,0.00553046148408333
MIR1276,0.005529846065255172
KLHL25,0.005529846065255172
ELL,0.005528016687144622
SLC23A2,0.0055250252858062305
TAAR5,0.005524597901078097
TEX38,0.00552137846628061
ARRDC2,0.005518244420950372
DTNB,0.005518196790739258
GLTSCR1,0.0055172119942478726
RN7SKP79,0.005515194432887443
PAPD7,0.005515194432887443
EFCAB14,0.0055147603775936894
ENOPH1,0.005510295883615173
HNRNPDL,0.005510295883615173
MRPS26,0.005509774989163211
GNRH2,0.005509774989163211
OXT,0.00550678447736098
MAST3,0.005504060348029835
IL12RB1,0.005504060348029835
MIR4724,0.0055039715189873365
RN7SL45P,0.0055039715189873365
SLC25A42,0.0055003114552676
TMEM161A,0.0055003114552676
MAP2K1,0.00549831570529498
CHGB,0.005498171978510346
NR2C2AP,0.005497739806269115
MEF2B,0.005497739806269115
RFXANK,0.005497739806269115
MEF2BNB,0.005497739806269115
FOSL2,0.005496421830955174
CCT5,0.0054957231837882885
BNC1,0.005495277986875347
LCTL,0.00549378591108019
PDE6H,0.005492316606552652
ATP13A2,0.005491561838458778
SNORA48|ENSG00000252774.1,0.005490771598941914
EXD1,0.005489203276247203
ADRA1D,0.005488635617302056
PARP16,0.005487715932925094
SAG,0.005487459667411273
CHP1,0.00548659126097696
COPE,0.005483955767637228
DDX49,0.005483955767637228
CDS1,0.005483256885249126
MKI67,0.005483232880605322
TRMT6,0.005481533699083579
WDR11,0.005481298573025231
LINC00575,0.005480417150619127
PTGER3,0.005478091528724429
PSMA6,0.0054778767492754165
FGF2,0.005474201698181994
NUDT6,0.005474201698181994
U1|ENSG00000233421.3,0.00547189447666053
CROCCP3,0.00547189447666053
NBPF1,0.00547189447666053
MST1L,0.00547189447666053
MIR3675,0.00547189447666053
U1|ENSG00000228549.2,0.00547189447666053
CROCCP2,0.00547189447666053
CROCC,0.00547189447666053
MFAP2,0.00547189447666053
ESPNP,0.00547189447666053
IPO9,0.005471617739473918
CRLS1,0.005471279264763184
SCLT1,0.005469241277500526
C4orf33,0.005469241277500526
SNORA70G,0.005463488695397672
MIR5191,0.005461455247329203
C2orf70,0.005459611568523764
GPN1,0.00545837437109131
RN7SL498P,0.005456190972419858
MCM8,0.005456190972419858
SLC6A3,0.005455565382832473
OTOF,0.005455181916540123
THEMIS,0.005453880589393424
SUFU,0.005450521488989004
DRC1,0.005448932856567585
EPT1,0.005448932856567585
GPR113,0.005448932856567585
NUP107,0.005448337094967667
THAP9,0.005448284347500842
RN7SKP96,0.005447725874603166
FNDC4,0.005447409405611549
GCKR,0.005447409405611549
C2orf16,0.005447409405611549
CCDC121,0.005447409405611549
IFT172,0.005447409405611549
ZNF512,0.005447409405611549
KRTCAP3,0.005447409405611549
SNORA36|ENSG00000206731.1,0.005447409405611549
NRBP1,0.005447409405611549
SEC31A,0.00544019824005355
ADCY2,0.005440164934779008
RN7SL514P,0.005440082490837998
snoR26,0.005439333768263795
SNX17,0.005437987298106369
PPM1G,0.005437987298106369
ZNF513,0.005437987298106369
DNAJC5G,0.005437987298106369
EIF2B4,0.005437987298106369
GTF3C2,0.005437987298106369
UCN,0.005437987298106369
MPV17,0.005437987298106369
TRIM54,0.005437987298106369
ARMC2,0.0054357225820422395
SHANK2,0.0054310955218029155
RN7SL552P,0.005429887591786915
TMEM9,0.005428537383477393
AQP10,0.005426579544522516
LINC00326,0.005424878062942747
TMEM150C,0.005424843002539518
DAP,0.005423748577529879
USP50,0.005423650279658521
RNA5SP395,0.005423650279658521
USP8,0.005423650279658521
TAAR2,0.005423538894751629
TAAR3,0.005423538894751629
TAAR1,0.005423538894751629
PROKR2,0.005422914413566326
CERS1,0.005421510415178448
GDF1,0.005421510415178448
LRRN4,0.005421224314656131
CRTC1,0.005420447466925742
TAAR6,0.005418485148987399
C20orf196,0.005418098069521738
ZWILCH,0.005412939765239435
SNORD18B,0.005412939765239435
SNAPC5,0.005412939765239435
MIR4512,0.005412939765239435
RPL4,0.005412939765239435
SNORD18C,0.005412939765239435
SNORD16,0.005412939765239435
SNORD18A,0.005412939765239435
TRPM7,0.005411280541654399
RN7SL354P,0.005410574035914041
HOMER3,0.0054095208160699565
RN7SL70P,0.0054095208160699565
RRAS2,0.005409212014441691
RPS10P7,0.00540800790017058
TAS2R1,0.005404566721203255
KCNK3,0.005404010460383005
CENPA,0.005404010460383005
SLC35F6,0.005404010460383005
NR5A2,0.005402941365182078
WDR72,0.005402338650167449
PRKG2,0.005400958718034531
MIR1231,0.0054006418888589616
SNORD123,0.005400611383794026
HECA,0.0054004377975534375
SLC5A6,0.005399697250510657
ATRAID,0.005399697250510657
TCF23,0.005399697250510657
snoR442|ENSG00000252834.1,0.005399624977853029
SPPL2A,0.005397215189873417
SUPT7L,0.005396388353848176
SLC4A1AP,0.005396388353848176
MED10,0.005395174941154335
BTAF1,0.00539451001634546
FGFBP3,0.00539451001634546
TNKS2,0.00539451001634546
BASP1,0.005393513017021165
UBE2QL1,0.0053895981397363455
CYP4F22,0.005388603536367038
GIGYF2,0.005388208416883426
KCNJ13,0.005388208416883426
BMP3,0.005387675453274796
SESN1,0.005387071166848499
RBKS,0.005386228779638165
MIR575,0.00538466838592831
CACNA1S,0.005384114428179911
ASCL5,0.005384114428179911
NSUN2,0.005383804763505999
KIAA0947,0.005383425757584397
SRD5A1,0.005383286123823794
ADAR,0.005383112642127869
TDRD10,0.005383112642127869
UBE2Q1,0.005383112642127869
IL6R,0.005383112642127869
CHRNB2,0.005383112642127869
SHE,0.005383112642127869
CAD,0.005382895624202502
SLC30A3,0.005382895624202502
EYA4,0.005382200092904423
TTC40,0.005381824963588349
ATP8B2,0.005376492376294599
KIF21B,0.00537446264402057
CALML4,0.0053738196468867735
CSNK1G1,0.005370999158110785
KIAA0391,0.005368496271303007
RCN2,0.005366199138294479
RN7SL278P,0.005366199138294479
ARNT2,0.005364816090653885
PREB,0.005361513941516961
C2orf53,0.005361513941516961
ABHD1,0.005361513941516961
RASSF2,0.005360822981842382
SNORA31|ENSG00000252096.1,0.005360822981842382
PTRHD1,0.005360509593121105
MIR3668,0.005359477540347566
LINC00927,0.0053561681868194
DPYSL5,0.0053548961481920026
SNORD112|ENSG00000251881.1,0.005354492077039353
FAH,0.005354492077039353
TMEM200A,0.005354040422180376
HAX1,0.0053509096487470865
SNORD59|ENSG00000252682.1,0.0053509096487470865
UBAP2L,0.0053509096487470865
SNORA58|ENSG00000201129.1,0.0053509096487470865
CALR3,0.0053506040243030345
C19orf44,0.0053506040243030345
IGFN1,0.00534820667467163
COPS7B,0.0053479181281467
PDE6D,0.0053479181281467
EMILIN1,0.005347657330273504
KHK,0.005347657330273504
AGBL5,0.005347657330273504
TMEM214,0.005347657330273504
MAPRE3,0.005347657330273504
CGREF1,0.005347657330273504
OST4,0.005347657330273504
IRX2,0.0053476253711693305
C5orf38,0.0053476253711693305
IKZF5,0.005347378953475974
C10orf88,0.005347378953475974
PSTK,0.005347378953475974
ZFAND6,0.0053473300496663205
SLC35E3,0.005347158512081321
CTDSPL2,0.005344833618653707
RNA5SP177,0.005343049456069351
EIF3J,0.00534219700850963
LINC00862,0.00534178590087901
ZNF281,0.00534178590087901
MYO1D,0.005341733336208574
snoU13|ENSG00000252058.1,0.005341723988458285
GLRX2,0.005339718970842994
ABRACL,0.005338694255991038
C2orf82,0.005338109398377208
LACE1,0.005336768627210596
GPCPD1,0.005334727154109872
LINC00654,0.005334727154109872
LINC00658,0.005334727154109872
CEP57L1,0.005333086973013766
SLC5A9,0.005329623533408701
LINGO1,0.005325412086499598
MEGF11,0.0053233079000268415
SPON1,0.0053208444193609036
DIS3L,0.005318827402242444
SCARNA14,0.005318827402242444
TIPIN,0.005318827402242444
B3GALT2,0.005317335630940704
SCARNA6|ENSG00000251791.1,0.005314271531397375
ATG16L1,0.005314271531397375
FAM173B,0.005314188122506392
RAP1B,0.005311224116484962
FOXO3,0.0053054983562021325
RNA5SP176,0.005304655218598071
AMD1,0.005303797468354436
SNORA40|ENSG00000212587.1,0.005303797468354436
HYKK,0.005298049337268234
PSMA4,0.005298049337268234
IREB2,0.005297236989583428
ADAMTS16,0.005295496383770557
NR1H2,0.005294989670160839
NPPC,0.00529452717795979
MIR1273G,0.005291496929833279
MIR5095,0.005291496929833279
SNORA51|ENSG00000207147.1,0.005290669356086444
RN7SL347P,0.00529009584265311
CASC4,0.00529009584265311
LINC00222,0.005288532787369328
ZNF259P1,0.005288532787369328
PTMA,0.005287327493621217
MGC4771,0.005287327493621217
KIAA0101,0.005285475169249625
RN7SL595P,0.005285475169249625
SAMD3,0.005284627975350578
FAM13A,0.005284123198597614
CRTC2,0.005281995668194652
DENND4B,0.005281995668194652
ITGA11,0.0052802630432045574
CLN6,0.0052787521912196255
RN7SL844P,0.00527846207030454
MIR1471,0.005278437556260507
GATAD2B,0.005272445039839857
RN7SL79P,0.005271751054852309
PPIB,0.005270958807207373
SNX22,0.005270958807207373
SNX1,0.005270958807207373
FAM96A,0.005270958807207373
PIK3R2,0.005270286024516393
FAM24A,0.005269493552474212
NAV1,0.005269413864272029
WDFY3,0.005269290343714174
PRNT,0.005267959490168087
PRND,0.005267959490168087
PRNP,0.005267959490168087
HMG20A,0.005265267509177467
SNORA25|ENSG00000252993.1,0.005263755844452046
U3|ENSG00000252241.1,0.005260621087269361
ZYG11B,0.005260079883949684
MIR1273F,0.005260079883949684
ECHDC2,0.005260079883949684
ZYG11A,0.005260079883949684
RN7SL62P,0.0052596427081056385
S100A13,0.005259595434896854
S100A1,0.005259595434896854
CHTOP,0.005259595434896854
SNORA26|ENSG00000212517.1,0.0052586770816457915
CDS2,0.0052586770816457915
TMEM230,0.0052586770816457915
RNA5SP474,0.0052586770816457915
PCNA,0.0052586770816457915
NDC1,0.005257430206346457
SNORA58|ENSG00000201003.1,0.005257430206346457
CPEB3,0.005257379214657698
MIR3713,0.005253421629014181
CUZD1,0.005251169317118798
FAM24B,0.005251169317118798
VNN2,0.005250942660910322
MIR4760,0.005249869635724973
PIK3AP1,0.005247912110183163
snoU13|ENSG00000252071.1,0.005246581413700293
AHCYL1,0.005244654071147668
MYEOV,0.005244342792009132
PKP1,0.005242629499955118
FGD4,0.005241867824551082
C15orf27,0.005239431429054036
SLC27A3,0.00523931857603291
RN7SL372P,0.00523931857603291
INTS3,0.00523931857603291
snoU13|ENSG00000238511.1,0.00523931857603291
C15orf43,0.005239275494520606
EPS15L1,0.005238242717848901
DMBT1,0.005238007838865138
C10orf120,0.005238007838865138
U3|ENSG00000253052.1,0.0052373978397041695
NPR1,0.005236174523759626
LRIG2,0.005236127117003331
PRDM9,0.005235814565850871
SNAPIN,0.005234108866227422
ILF2,0.005234108866227422
ZNF83,0.005233661474400717
RNA5SP356,0.005233413131803086
TNNT2,0.005230043091839489
PHLDA3,0.005230043091839489
TNNI1,0.005230043091839489
LAD1,0.005230043091839489
L3MBTL3,0.005229664482562227
TM9SF3,0.005228726323878369
RNA5SP324,0.005228726323878369
NMB,0.005228682520634673
WDR73,0.005228682520634673
SCAND2P,0.005228682520634673
ZSCAN2,0.005228682520634673
RN7SL214P,0.005228614175981235
SEC11A,0.005228553486711654
ISL2,0.005228052844134368
SCAPER,0.005228052844134368
MKNK1,0.0052276840890586275
MOB3C,0.0052276840890586275
ETFA,0.005226527509763672
AGPAT9,0.005224491962810107
SLC24A5,0.0052223647894921515
MYEF2,0.0052223647894921515
CTXN2,0.0052223647894921515
SLC12A1,0.0052223647894921515
RN7SL146P,0.005222269578106421
CHERP,0.005222269578106421
SLC45A2,0.005220912978223316
C1QTNF3,0.005220912978223316
AMACR,0.005220912978223316
CSRP1,0.005217892090851968
RAI14,0.00521739585988163
SLC35E1,0.005216747882008073
CAPRIN2,0.005216316440049441
RN7SL749P,0.005215664981165376
TMEM221,0.005215573172783882
MVB12A,0.005215573172783882
BST2,0.005215573172783882
DDX59,0.00521340708897423
SPATA5,0.005213350393290615
PTPN22,0.005213183792028143
CAMSAP2,0.0052122155106829535
PPAP2B,0.005211245977435881
S100A16,0.0052109218604283825
S100A14,0.0052109218604283825
RN7SKP217,0.005210243807134261
RPS27,0.0052101654652438
RAB13,0.0052101654652438
U3|ENSG00000252669.1,0.0052101654652438
JTB,0.0052101654652438
NUP210L,0.0052101654652438
CREB3L4,0.0052101654652438
SLC39A1,0.0052101654652438
MIR1278,0.0052093603057773216
GRK5,0.005207197882376902
SIN3B,0.005206935742800721
INPP5D,0.005204889550757018
SCARNA5,0.005204889550757018
HAUS8,0.00520240852027068
CAPN3,0.005202181763654761
FBN1,0.00520197126891271
PYROXD2,0.005201052166114961
MIR4685,0.005201052166114961
HPS1,0.005201052166114961
MIR1287,0.005201052166114961
SCD5,0.0051990428908760085
RN7SL835P,0.005197601898023835
RN7SL823P,0.005197601898023835
PRLHR,0.005195503479130599
PDE8A,0.005195232626657546
DAPK2,0.005194740434096018
DGKD,0.005194446512782331
ATRNL1,0.005194069466952827
C1orf43,0.0051925405461233955
GPR25,0.005191436218480458
C1orf106,0.005191436218480458
CPAMD8,0.005190512722158287
KCNN3,0.005188485174350616
FAM175A,0.005188396162830419
PBXIP1,0.005186167385090208
FEM1B,0.005184033393702842
C1orf189,0.005182449201532229
F2RL3,0.005180847386191966
S100A3,0.005179180602260683
S100A6,0.005179180602260683
S100A5,0.005179180602260683
S100A4,0.005179180602260683
DUT,0.005177136632398149
MYOM2,0.005176540613467725
MIR5698,0.0051759849085490865
MIR422A,0.005175680859225162
SPESP1,0.005175060288805168
RXFP3,0.005175037521592611
HTRA1,0.005172680015630362
SLC28A2,0.00517141714671299
RN7SL359P,0.005170976092773196
snoU13|ENSG00000239170.1,0.005170976092773196
NFKBIA,0.005170376001632246
CTSS,0.0051689137888080924
MRPS18C,0.005168379359056032
MYO9B,0.005167987958790645
NR2F6,0.005167885122375334
USE1,0.005167885122375334
OCEL1,0.005167885122375334
BICD1,0.00516703551452963
CHRNB4,0.005165420724120549
RN7SKP156,0.0051632960750968085
HORMAD1,0.005162187531326616
HMX3,0.005161720997975152
BUB3,0.005161720997975152
HMX2,0.005161720997975152
MED26,0.005160938972472019
ZNF592,0.005158513873297285
KIF14,0.005154588951319439
HERC1,0.005152093016304759
SORD,0.005151192722456178
BRIX1,0.005148084274912923
DNAJC21,0.005148084274912923
RAD1,0.005148084274912923
CKS1B|ENSG00000173207.8,0.005144687159204484
PYGO2,0.005144687159204484
SHC1,0.005144687159204484
MIR4258,0.005144687159204484
FLAD1,0.005144687159204484
LENEP,0.005144687159204484
OPALIN,0.005143821619476275
TLL2,0.005143821619476275
BLNK,0.005143821619476275
ZNF518A,0.005143821619476275
DNTT,0.005143821619476275
ADAMTS12,0.005143610001982271
PMVK,0.005143332330881888
TARS,0.005141149151870413
LOXL4,0.005139790145344391
KNCN,0.005137026341531987
TTC23L,0.005136210460736838
CACUL1,0.00513447700128556
S100A2,0.005132915949002562
MIR4458,0.005131318350124858
ZBTB7B,0.005130865480128684
PGLS,0.0051301301348092
LINC00941,0.005127609748973829
SKINTL,0.005127033312050799
PDE4C,0.005126810869503109
NEU2,0.005126613318765086
NGEF,0.00512658848653782
SLC8A1,0.0051261151544220425
TMEM62,0.005125301460756984
EPB42,0.005125301460756984
CCNDBP1,0.005125301460756984
DCST2,0.005125118091818485
DCST1,0.005125118091818485
LRRC25,0.005124644969568821
MIR3189,0.005124644969568821
ARPP19,0.005124550150422885
FAM214A,0.005123823579497075
RGS2,0.005123259608245715
RNA5SP74,0.005123132168171374
RN7SKP126,0.005122828806863486
ADAM5,0.005120627729061586
FBXL22,0.005120300489690597
MMS19,0.005120134942282192
EXOSC1,0.005120134942282192
RRP12,0.005120134942282192
PGAM1,0.005120134942282192
ZDHHC16,0.005120134942282192
SZRD1,0.005119815815673443
SPATA21,0.005119815815673443
EHD4,0.0051194846739225485
CORO2B,0.005119458998770009
LCE2B,0.005117137970734486
LCE2C,0.005117137970734486
LCE4A,0.005117137970734486
LCE2A,0.005117137970734486
C1orf68,0.005117137970734486
ARMS2,0.005115161454571288
RN7SL431P,0.005112283675533805
TPM3,0.005112283675533805
MIR190B,0.005112283675533805
GDF15,0.0051101180101151555
DNM1L,0.005107944509861643
C19orf33,0.0051068461203444835
YIF1B,0.0051068461203444835
PGPEP1,0.005106637711803872
KPRP,0.005106621343710216
PSTPIP1,0.005105271005357381
RN7SL270P,0.005103901524247308
LRRC37A17P,0.005103901524247308
GANC,0.005103315131143236
SLC27A1,0.005101373333582642
USP3,0.005100384080821368
SIPA1L3,0.0050995546439258745
DUOX1,0.00509887288040287
SNORA11|ENSG00000261709.2,0.00509887288040287
SHF,0.00509887288040287
DUOXA1,0.00509887288040287
DUOXA2,0.00509887288040287
DUOX2,0.00509887288040287
ZNF106,0.005098635460532067
MIR3145,0.005096416498226444
HEBP2,0.005096416498226444
MDM4,0.005096407504185515
ARNT,0.005094201179220106
PBOV1,0.005092273088002525
KIAA1244,0.005092273088002525
TUBGCP4,0.005091469129168897
RN7SL487P,0.005091469129168897
LCE1E,0.005091341553435212
LCE1D,0.005091341553435212
LCE1C,0.005091341553435212
LCE1F,0.005091341553435212
S100A7,0.005090290498279132
RN7SL44P,0.005090290498279132
S100A7L2,0.005090290498279132
SYT6,0.005086994958081165
LEMD1,0.005086434508610853
MIR135B,0.005086434508610853
GABPB2,0.0050863353716512835
LCE1B,0.005085703523464951
FIG4,0.005085064698912496
MFSD4,0.005084051874675005
CDK18,0.005084051874675005
NWD1,0.005083961982696157
CTTN,0.005083923872431667
HELQ,0.0050836310925223204
HPSE,0.0050836310925223204
IPO8,0.005082690512327037
AK9,0.005080598929310231
SLC16A1,0.005079973632533409
C5orf17,0.005079455951273689
COPS4,0.005077902113397785
RN7SL32P,0.005077463390419463
RABIF,0.00507683946282517
LCE6A,0.005075493707338848
LCE1A,0.005075493707338848
COQ2,0.005075455409984397
IFI30,0.00507311483841473
MPV17L2,0.00507311483841473
RAB3A,0.00507311483841473
SMCP,0.0050727202583286885
FCER1A,0.005071459374445096
LINC00905,0.005068640690829199
LINC00661,0.005068640690829199
SETDB1,0.005066277745483024
SORBS1,0.005065606869725745
SNAP23,0.005065446661751657
ADAM3A,0.005063506642106179
CYP4F12,0.005062325842376055
OR10H2,0.005062325842376055
CYB5R1,0.00506087106327473
ADIPOR1,0.00506087106327473
KLHL12,0.00506087106327473
TMEM183A,0.00506087106327473
CMPK1,0.005060602510558286
RNA5SP88,0.005060312732688014
KCNK6,0.0050600289411202705
MIR5001,0.005059518490940689
EIF4E2,0.005059518490940689
TIGD1,0.005059518490940689
CHRNG,0.005059518490940689
snoU13|ENSG00000238718.1,0.0050595014268253755
OR10H1,0.005058535982272772
OR10H5,0.005058535982272772
OR10H3,0.005058127038773547
FOXE3,0.005057597572619335
FOXD2,0.005057597572619335
USHBP1,0.005057064861731764
CYP4F8,0.00505674328809594
CYP4F23P,0.00505674328809594
CYP4F3,0.00505674328809594
CATSPERG,0.0050567358350075125
snoU13|ENSG00000238838.1,0.0050567358350075125
GGN,0.0050567358350075125
PSMD8,0.0050567358350075125
SPRED3,0.0050567358350075125
RASGRP4,0.0050567358350075125
FAM98C,0.0050567358350075125
CYP4F11,0.005055716174190905
CYP4F2,0.005055716174190905
TRDN,0.005054710527898807
PIK3C2B,0.005054321634773365
NUAK2,0.005049713230215214
PERP,0.005048730011882162
MLLT11,0.005048342461716988
THEM5,0.005048263480693695
C2CD4D,0.005048263480693695
LINGO4,0.005048263480693695
TDRKH,0.005048263480693695
RORC,0.005048263480693695
ENTPD1,0.005047466243318331
C10orf131,0.005047466243318331
CCNJ,0.005047339576595368
MIR3157,0.005047339576595368
OR10H4,0.005046985705998148
RN7SL663P,0.005046044479411061
SELRC1,0.005044939689605151
FAM159A,0.005044939689605151
MAGI3,0.005044245509389236
KLHDC8A,0.005044012759121142
ADAM15,0.005043609675782908
EFNA4,0.005043609675782908
OPTC,0.0050432414251376225
PRELP,0.00504307735219079
CTSE,0.005041718170580968
RSBN1,0.005041457396271517
SNORA25|ENSG00000200991.1,0.0050403876179047425
MDM1,0.005039955873496516
RGS21,0.00503899702713247
CRTAC1,0.005036743161540146
GOLPH3L,0.005034927838684305
AGBL1,0.005034730956107894
NKD2,0.005034711813016142
R3HCC1L,0.005033862722490151
FAM63A,0.005033184843344051
PRUNE,0.005033184843344051
BNIPL,0.005033184843344051
C1orf56,0.005033184843344051
CDC42SE1,0.005033184843344051
RPF2,0.005033013581223631
snoU13|ENSG00000238775.1,0.005033013581223631
GTF3C6,0.005033013581223631
CDC27,0.00503252032520325
LIN54,0.005031770213001694
RGS13,0.005031712996260075
PDLIM1,0.005031151569400699
SPRR1B,0.00503102435349476
SPRR2D,0.00503102435349476
SPRR2B,0.005030611221988318
S100A7A,0.005030310486553487
SNCA,0.005030151450294544
RGS1,0.005028970979574228
MIR4457,0.005028912737448635
PIP5K1A,0.005027297056741788
CTSK,0.0050271760407151304
KIAA0040,0.005026240910527977
TNN,0.005026240910527977
C15orf39,0.005026186612887538
CERS2,0.005025512201487671
PRSS56,0.00502477041449492
CHRND,0.00502477041449492
PSMB2,0.005024474384744936
RYR1,0.005023869399682485
SNORA40|ENSG00000252083.1,0.0050238220994674515
NRD1,0.005023528428792243
SPRR2A,0.005022752610170934
PPFIA1,0.00502238504535221
TRIP13,0.005022241663294564
PDCD6,0.005022241663294564
LRRC14B,0.005022241663294564
ZDHHC11B,0.005022241663294564
C5orf55,0.005022241663294564
CCDC127,0.005022241663294564
BRD9,0.005022241663294564
AHRR,0.005022241663294564
CEP72,0.005022241663294564
EXOC3,0.005022241663294564
PLEKHG4B,0.005022241663294564
SDHA,0.005022241663294564
SLC9A3,0.005022241663294564
TPPP,0.005022241663294564
ZDHHC11,0.005022241663294564
MIR4456,0.005022241663294564
PIAS1,0.0050179732348200855
ZBTB21,0.005017401188323431
UBR1,0.005017350394241935
SLCO1B1,0.005017307809757481
DPF1,0.005016681886511469
MIR549,0.005016451825184835
PSMD4,0.005016342996357756
EFNA3,0.005016014921337946
CC2D2B,0.0050153013401339295
SPRR4,0.005015301054396662
PLVAP,0.005015130976198042
AVPI1,0.005015060673360298
MORN4,0.005015060673360298
MARVELD1,0.005015060673360298
ZFYVE27,0.005015060673360298
SFRP5,0.005015060673360298
PI4K2A,0.005015060673360298
UBTD1,0.005015060673360298
ANKRD2,0.005015060673360298
HOGA1,0.005015060673360298
C10orf62,0.005015060673360298
TPM4,0.005013414297805966
JMJD7,0.005013026853436962
PLA2G4B,0.005013026853436962
SPTBN5,0.005013026853436962
MIR4310,0.005013026853436962
RNA5SP393,0.005013026853436962
RBBP5,0.005012565095576994
TUFT1,0.005012296737779965
ZBTB24,0.005008966733535897
GOLGA7B,0.0050080306702358504
LINC00866,0.0050080306702358504
SNORD112|ENSG00000252946.1,0.005007709940385849
NFASC,0.005007709940385849
SEMA5A,0.00500736243864635
TGM5,0.005006916415709691
TGM7,0.005006916415709691
LCMT2,0.005006916415709691
ADAL,0.005006916415709691
WDR64,0.005004445277433367
PPP2R3C,0.005004317014463481
COPB1,0.005003749075644877
COLGALT1,0.005003702110951153
FAM129C,0.005003702110951153
ANXA9,0.005002915425954707
DSTYK,0.005002541734898994
RN7SL572P,0.005001825259738583
RGS18,0.005001694938054062
SLC26A9,0.005000340317003329
PM20D1,0.005000340317003329
RAB7L1,0.004997770336874709
SNORA72|ENSG00000201944.1,0.004997770336874709
NUCKS1,0.004997770336874709
RPRML,0.004995414679885193
MIR5089,0.004995414679885193
SLIT1,0.004994283108570269
LCOR,0.0049930291080129375
ABHD8,0.00499230596638184
ANKLE1,0.00499230596638184
BABAM1,0.00499230596638184
ANO8,0.00499230596638184
DDA1,0.00499230596638184
GTPBP3,0.00499230596638184
MRPL34,0.00499230596638184
MIR607,0.004992218440985975
MIR4636,0.00499117081431729
FMOD,0.004991074431692336
BTG2,0.004991074431692336
CHIT1,0.004991074431692336
FRAT2,0.004990571773587453
FRAT1,0.004990571773587453
ARHGAP19,0.004990571773587453
C2CD2,0.004990307414104886
SRP54,0.004989826674689989
PFN4,0.004989677577290672
FKBP1B,0.004989677577290672
MFSD2B,0.004989677577290672
SF3B14,0.004989677577290672
FAM228A,0.004989677577290672
FAM228B,0.004989677577290672
TP53I3,0.004989677577290672
ZSCAN29,0.004989509790445717
ZNF687,0.004989222128052536
TERT,0.004989020226947604
BAI2,0.00498763558014838
COL16A1,0.00498763558014838
FAR2,0.004987146705750242
CHRM5,0.0049871355917377866
PPP1R14A,0.00498683319518397
SPINT2,0.00498683319518397
SLC50A1,0.004986813206842192
DPM3,0.004986813206842192
SNHG5,0.004986417581296926
CNTN2,0.004986154335695267
SNORA31|ENSG00000253059.1,0.00498518348145393
STIL,0.004984401267580053
EFNA1,0.004984379983778519
SNORA26|ENSG00000212624.1,0.004983331244516856
CACYBP,0.00498180304709917
MRPS14,0.00498180304709917
PLA2G4D,0.004980131705549375
ANP32A,0.004978242762922142
MIR4312,0.004978242762922142
RN7SL480P,0.00497770001184716
SNORA44,0.004977569389385558
CGN,0.004977569389385558
DARS2,0.0049774059940431836
IVL,0.004977274729414042
SPRR1A,0.004977001333564201
SELENBP1,0.0049766216171060725
PSMB4,0.0049766216171060725
RFX5,0.0049766216171060725
MRPL33,0.0049756624592870655
MIR4263,0.0049748324115593216
DYRK2,0.004974359912422389
snoU13|ENSG00000238630.1,0.004974178288299968
THBS3,0.004972235132581807
TRIM46,0.004972235132581807
KRTCAP2,0.004972235132581807
MUC1,0.004972235132581807
MIR92B,0.004972235132581807
RNY4P25,0.004971618473053801
POGZ,0.004971618473053801
SPRR2G,0.0049713207753506305
TTBK2,0.004971228460394609
CDAN1,0.004971228460394609
snoU13|ENSG00000239025.1,0.004971228460394609
PLAC8,0.004969610097037185
MYO5A,0.0049674178350456915
THEM4,0.004966657857244834
S100A10,0.004966657857244834
ITM2C,0.004966370956226987
SPRR2F,0.004965290877995584
SPRR2E,0.004962818164420267
DCDC2C,0.004962739593296982
ZNF836,0.004960768883384238
CYP4A22,0.0049589793754649435
SNORD81|ENSG00000212278.1,0.004958632566950832
RPTN,0.004958273717849404
TCHHL1,0.004958273717849404
TCHH,0.004958273717849404
S100A11,0.004958273717849404
PI4KB,0.0049582220764111
RN7SL444P,0.0049582220764111
YARS2,0.004957848837209297
RNA5SP180,0.004957645167771757
HPSE2,0.004956847138364388
ADAMTSL4,0.00495666675779862
MIR4257,0.00495666675779862
BSDC1,0.0049532107012888885
C1orf21,0.004953060786007841
NXNL1,0.004952994409438516
KIR3DL3,0.00495272038423951
KIR2DL1,0.00495272038423951
KIR3DL2,0.00495272038423951
KIR3DL1,0.00495272038423951
KIR2DS4,0.00495272038423951
KIR2DL4,0.00495272038423951
KIR2DL3,0.00495272038423951
FCAR,0.00495272038423951
SLC6A19,0.004950059558073396
MIR4635,0.004950059558073396
SLC12A7,0.004950059558073396
SLC6A18,0.004950059558073396
FAM72A,0.004949210621019852
SNORD60|ENSG00000252692.1,0.004949034594983656
AVPR1B,0.004949034594983656
SMIM7,0.004947591242949889
OAZ3,0.004946730337522363
MRPL9,0.004946730337522363
SNORD77|ENSG00000212415.1,0.004946182781650132
ZMYM4,0.004945288024483443
LINC00853,0.004945173062166482
PDZK1IP1,0.004945173062166482
TAL1,0.004945173062166482
VPS45,0.004943209606522624
PLEKHO1,0.004943209606522624
RNA5SP75,0.004943170972133124
SCARNA20|ENSG00000251861.1,0.004943170972133124
NLRP2,0.004941766593950174
OPN3,0.004941697182895532
CHML,0.004941697182895532
ZBED6,0.004939005022609568
LAX1,0.004939005022609568
ATP2B4,0.004939005022609568
SNORA77|ENSG00000221643.1,0.004939005022609568
PSMA1,0.004938976249510638
TFAP2E,0.004935359736332195
NCDN,0.004935359736332195
NLRP7,0.00493520821464797
MRAP2,0.0049350612515456325
KIAA1009,0.0049350612515456325
PDE3B,0.004934786745834971
NCR1,0.004934707999277464
SNORA40|ENSG00000253047.1,0.004934703957860588
ENSA,0.004934703957860588
FAM177A1,0.004933109110055666
PLA2G4F,0.004933060092218873
MIR548K,0.004932363720604215
RNY5P1,0.004930411437677698
KIAA0319L,0.004930411437677698
snoU13|ENSG00000238430.1,0.004929247331844128
KLHL20,0.004929247331844128
ANKRD45,0.004929247331844128
LRRN2,0.0049284512838165566
RN7SKP160,0.00492823126085877
CENPL,0.00492823126085877
APH1B,0.004927766901299695
RAB8B,0.004927766901299695
CA12,0.004927766901299695
EPHX3,0.0049277245968574485
C1orf186,0.0049277080627747995
IAPP,0.004926610425578808
LINC00302,0.004924819179022635
LCE2D,0.004924819179022635
CLPTM1L,0.004923620332955276
C10orf12,0.004921901520845122
STARD9,0.004921607707398745
HAUS2,0.004921607707398745
LRRC57,0.004921607707398745
LILRB4,0.004920961339836133
PLEKHA6,0.004920424496565534
PPP1R15B,0.004920424496565534
MCL1,0.004920031713918587
RN7SL600P,0.004920031713918587
RN7SL473P,0.004920031713918587
C1orf138,0.004920031713918587
LCE3E,0.004919205450905695
LCE3C,0.004919205450905695
LCE3D,0.004919205450905695
LCE3B,0.004919205450905695
LCE3A,0.004919205450905695
KISS1,0.004918996729827416
GOLT1A,0.004918996729827416
FH,0.004918360677796686
KMO,0.004918139615351342
ETNK2,0.00491795622036895
REN,0.00491795622036895
SOX13,0.00491795622036895
NOTCH3,0.004917567625481644
LILRA2,0.004917475058164754
ZC3H11A,0.0049150498349266976
RIIAD1,0.0049140291561485215
CELF3,0.0049140291561485215
ZNF343,0.004913593835993397
SNORA31|ENSG00000252920.1,0.004913512741765471
SPRR3,0.004913512741765471
SNORD119,0.00491313587408458
SNRPB,0.00491313587408458
SNRPE,0.004912796701663253
GAS5,0.004912730361131793
SNORD78|ENSG00000208317.1,0.004912730361131793
ZBTB37,0.004912466648051625
SNX27,0.004911134197871765
SERPINC1,0.004911000713576568
RNA5SP67,0.004911000713576568
ATAD1,0.004909707494931651
C4orf22,0.004909034982380854
TNFSF18,0.004908545855050877
LINC00303,0.004907558949163682
NCL,0.004907059181405627
NMUR1,0.004907059181405627
LINC00471,0.004907059181405627
C2orf57,0.004907059181405627
SNORD82,0.004907059181405627
SNORD20,0.004907059181405627
SNORA75|ENSG00000206885.1,0.004907059181405627
MFGE8,0.004905551725655286
HAPLN3,0.004905551725655286
GBAP1,0.004905502243364843
SCAMP3,0.004905502243364843
MTX1,0.004905502243364843
FAM189B,0.004905502243364843
GBA,0.004905502243364843
RN7SL327P,0.004905408794729917
RN7SL489P,0.004905408794729917
GOLGA6D,0.004905408794729917
GOLGA6C,0.004905408794729917
DNM1P34,0.004905408794729917
ACAN,0.00490485060944308
PODN,0.004903294716133779
SLC1A7,0.004903294716133779
HIPK1,0.004903256360686642
DCLRE1B,0.004903256360686642
snoU13|ENSG00000251817.1,0.00490218571605857
TNFSF4,0.00490218571605857
CHRNA3,0.0049018087589589535
CHRNA5,0.0049018087589589535
BCL2L15,0.004901561149052345
AP4B1,0.004901561149052345
SOBP,0.004900296090612219
RN7SKP106,0.00490005381501673
RN7SL610P,0.004899478778853319
C2orf44,0.004899478778853319
LINC00568,0.004899405515913164
ECM1,0.004899405515913164
CRCT1,0.004899192874696601
CRNN,0.004899192874696601
LCE5A,0.004899192874696601
GP6,0.004896131204639036
TMEM38A,0.0048955897465039495
GLIS1,0.004894358854425512
PGBD4,0.004894298174366148
EMC7,0.004894298174366148
PEAK1,0.004893921796360827
HRNR,0.004893433335459746
FLG,0.004893433335459746
ANO1,0.004891552667375506
FLG2,0.004891337300610887
B2M,0.004891210835489984
PATL2,0.004891210835489984
SNX14,0.004889976672148077
SYNCRIP,0.004889976672148077
HTR2B,0.004889918736536274
snoU13|ENSG00000238674.1,0.00488983949964047
KIAA1551,0.004889445519155549
PHTF1,0.004888742628986657
RNA5SP72,0.004888453081357345
FASLG,0.004887642715313974
SUCO,0.004887642715313974
C21orf128,0.004887016274864378
SUB1,0.004886673463030615
MIR555,0.004886328081095294
RN7SL204P,0.004885306150321884
HCN3,0.004885040082869328
CLK2,0.004885040082869328
MTHFS,0.004884785447665265
ST20,0.004884785447665265
C15ORF37,0.004884785447665265
C15orf37,0.004884785447665265
BCL2A1,0.004884785447665265
ASH1L,0.0048837490469116965
PRDX6,0.0048836947753785
SLC9C2,0.0048836947753785
PKLR,0.004883685254546735
FDPS,0.004883685254546735
RUSC1,0.004883685254546735
TMCC2,0.004883592422137538
NT5E,0.004882321822376894
RN7SL499P,0.004880749436618844
RC3H1,0.004879064283941419
RNF2,0.004878752554274041
TRMT1L,0.004878752554274041
MIR554,0.004876406849477358
SNAP91,0.004875106759978073
CPT2,0.004873939351787453
MAGOH,0.004873939351787453
C1orf123,0.004873939351787453
RNA5SP68,0.004873743484735659
snoU13|ENSG00000238474.1,0.004873257391787206
CCDC162P,0.004873257391787206
C6orf183,0.004873257391787206
GON4L,0.004871494837375044
AP1M1,0.004871482372633124
BEND5,0.004871151672694397
TSPAN3,0.004871055636415322
INSM2,0.004870220324155732
UMODL1,0.004870043916300699
ACTN4,0.004869767768583431
MFF,0.004868514194420549
TM4SF20,0.004868514194420549
MIR4465,0.0048682981514176415
VPS39,0.004868233758557851
MIR627,0.004868233758557851
TMEM87A,0.004868233758557851
IQGAP1,0.004867800969265075
FADD,0.004867257898769811
ZNF774,0.004867155170216212
GABARAPL3,0.004867155170216212
PTPRC,0.004864907244654082
snoU13|ENSG00000238805.1,0.004864899921930305
RRP15,0.004864524915878866
CAHM,0.004864211055502613
MICAL1,0.004863797937612183
SMPD2,0.004863797937612183
RN7SL643P,0.004863662727701506
ATP6V1G3,0.004862833369162475
IVNS1ABP,0.004861856631512539
SWT1,0.004861856631512539
PLB1,0.004861547192024771
HNRNPU,0.004860581682573551
COX20,0.004860581682573551
U3|ENSG00000212610.1,0.004860368931261011
snoU13|ENSG00000238872.1,0.004860313508314712
TGFB2,0.004859167200769109
CDKN2C,0.004859132292456981
TARS2,0.004858906477355232
CYB5R4,0.004857655487144188
RIPPLY2,0.004857655487144188
PID1,0.00485732643825157
PIGC,0.004855392156862746
C1orf94,0.004854883106064722
C2orf72,0.0048544086515479755
SPATA3,0.0048544086515479755
MIR626,0.004852042926875395
HMGB1P24,0.004850706052420037
ALOX12,0.004850466792916713
ATP13A1,0.004850403506615868
MEX3A,0.004849799357823531
NHSL1,0.004849206175215831
MX1,0.0048481477654352895
SNORA31|ENSG00000252762.1,0.004848092801611588
TMEM81,0.0048458660913161915
SYT11,0.004845777401099059
GPR55,0.004845729788119017
FTH1P10,0.004845136197939086
RN7SKP133,0.004845136197939086
DNM3OS,0.004843922177652222
MIR199A2,0.004843922177652222
MIR214,0.004843922177652222
SLC41A1,0.0048427649540828946
CHI3L1,0.0048419280211982295
MYBPH,0.0048419280211982295
ADORA1,0.0048419280211982295
MYOG,0.0048419280211982295
PPFIA4,0.0048419280211982295
SPG11,0.004841188241991041
EIF3K,0.004840284353531241
MAP4K1,0.004840284353531241
LST3,0.00483933317932091
SLCO1B7,0.00483933317932091
SLCO1B3,0.00483933317932091
RPRD2,0.00483919159884931
ADAMTS7,0.0048376538576232085
MORF4L1,0.0048376538576232085
RN7SL736P,0.004833579284579291
STMN1P1,0.004831521510576559
MIR181A1,0.00482986633619545
MIR181B1,0.00482986633619545
BRMS1L,0.00482860248050121
EDEM3,0.004828558498018299
SNORD112|ENSG00000252790.1,0.004828558498018299
CDC40,0.0048280266298598926
VAV3,0.004826635336921092
PSMD1,0.004826075080239131
B3GNT7,0.0048258888385346475
MIR4777,0.0048258888385346475
ARMC9,0.0048258888385346475
LMNA,0.004825576485526732
C1orf51,0.004824084959279203
APH1A,0.004824084959279203
C1orf54,0.004824084959279203
MRPS21,0.004824084959279203
RALGAPA1,0.004823651335759953
H3F3C,0.004822104062408008
SNORA25|ENSG00000252204.1,0.004822104062408008
ENTPD7,0.004821589920706636
NEK7,0.004820521250900987
GBX2,0.0048198297750821
ARHGEF33,0.004818139127299254
ALOX12P2,0.004816571979135524
MIR1266,0.004815655332917073
FAM129A,0.00481483970358993
MRPL46,0.004814072194435083
C10orf129,0.004812393916619522
MIR761,0.004812004451244955
ACADSB,0.004811742409719068
PAPPA2,0.0048084817730323255
snoU13|ENSG00000238526.1,0.004807666019629817
CA14,0.004807666019629817
ANP32E,0.004807666019629817
RN7SL513P,0.004806777723804899
UGT1A1,0.004805882352941181
C1orf105,0.0048054573095060804
TNFAIP8L2,0.00480531785305277
TMOD4,0.00480531785305277
VPS72,0.00480531785305277
SCNM1,0.00480531785305277
LYSMD1,0.00480531785305277
NDUFAF1,0.004804406150645907
SEMA6C,0.0048036410251736834
SSR2,0.004802380366532708
PRLR,0.004801942627361024
TMTC1,0.0048017440225035235
RNASEL,0.004800092342435008
MYBBP1A,0.00479920263131666
LHX4,0.0047978502080443875
ARHGEF2,0.004797602014623646
RIT1,0.004797602014623646
RXFP4,0.004797602014623646
SCARNA4|ENSG00000252808.1,0.004797602014623646
SNORA42|ENSG00000207475.1,0.004797602014623646
KIAA0907,0.004797602014623646
DMBX1,0.004792758861052368
LINC00505,0.004792758861052368
ANKRD34C,0.004792594268321524
TMED3,0.004792594268321524
OTUD7B,0.004791960946921718
SNORD112|ENSG00000252354.1,0.004791852817076197
UCHL5,0.004791521701581656
snoU109|ENSG00000238754.1,0.004791521701581656
TROVE2,0.004791521701581656
TSPAN11,0.004790693307881273
SLCO1A2,0.0047906838417070925
VANGL1,0.00478897452234188
MSTO1,0.004786742123921236
NGRN,0.00478480446167835
MIR3121,0.004783923523938279
RASGEF1B,0.0047834939417408405
TRMT11,0.004783226170181358
IL22,0.004782263284385186
IL26,0.004782263284385186
UBXN2A,0.0047819694203327335
RTF1,0.004778640570152106
CASQ2,0.004776822930659928
DET1,0.004775358258650289
LGALS7,0.004774273310948457
CAPN12,0.004774273310948457
IFNL2,0.00477309880723247
ABHD17C,0.004772835778526173
AP2B1,0.004772723939158366
TCTN3,0.004771239898328843
ALDH18A1,0.004771239898328843
KIAA1199,0.004771063712650049
C1orf100,0.004770811106946162
DNAJB3,0.004769992553983621
UGT1A3,0.004769992553983621
UGT1A4,0.004769992553983621
UGT1A5,0.004769992553983621
UGT1A6,0.004769992553983621
PRPF3,0.004769408827040669
UBQLN4,0.004766975603977004
RAB25,0.004766975603977004
LAMTOR2,0.004766975603977004
ISG20,0.004766780585828076
MIR1179,0.004766780585828076
AEN,0.004766780585828076
SNORD112|ENSG00000251801.1,0.004766403238122441
AGXT2,0.004766281539376435
DESI2,0.004765837201926124
ME1,0.004765182224941675
SEMA6D,0.004764852697408077
GPATCH2,0.004763769828553109
SCARNA20|ENSG00000252722.1,0.004763547579683367
PPCDC,0.004763547579683367
RNA5SP48,0.004763115275321414
RN7SL290P,0.004763115275321414
UGT1A7,0.004762589972697942
UGT1A10,0.004762589972697942
UGT1A9,0.004762589972697942
UGT1A8,0.004762589972697942
TNR,0.004760278056803945
USP40,0.004760021097046416
SLC25A28,0.0047587885594615855
PYROXD1,0.004758346543881591
OVCH1,0.004757366065720498
MIR497HG,0.004757088275357988
BCL6B,0.004757088275357988
SLC16A11,0.004757088275357988
C17orf49,0.004757088275357988
RNASEK,0.004757088275357988
SLC16A13,0.004757088275357988
GPX7,0.004752290205273927
WASF1,0.004751052227493745
GRID1,0.004749703045775265
ABCG1,0.004748163265306126
RPS6KA2,0.004747141991969914
RAB3B,0.004746651630467173
DMRTB1,0.004746175905886491
GMIP,0.004744131743885951
LPAR2,0.004744131743885951
CPLX3,0.004742192898493607
SCAMP5,0.004742192898493607
RPP25,0.004742192898493607
COX5A,0.004742192898493607
FAM219B,0.004742192898493607
MPI,0.004742192898493607
ULK3,0.004742192898493607
LMAN1L,0.004742192898493607
SCAMP2,0.004742192898493607
DAP3,0.004741886978155681
YY1AP1,0.004741886978155681
LGALS7B,0.004741842397336297
C1orf143,0.0047418282326550255
MMRN2,0.004738498563982554
SNCG,0.004738498563982554
ADIRF,0.004738498563982554
AGAP11,0.004738498563982554
FAM25A,0.004738498563982554
FAM35A,0.004738498563982554
LINC00863,0.004738498563982554
NUTM2A,0.004738498563982554
RN7SL733P,0.004738498563982554
GLUD1,0.004738498563982554
NUTM2D,0.004738498563982554
RNA5SP492,0.00473808834926376
LRRC37B,0.004734401049706698
IFNL4,0.004734062012672285
IFNL3,0.004734062012672285
NSFL1C,0.004732580438127778
snoU13|ENSG00000238851.1,0.004732284165105606
PRSS35,0.004731920914757731
MIR1273C,0.004731897980711272
U8|ENSG00000238963.1,0.004731897980711272
snoU13|ENSG00000239063.1,0.004730481092144741
ORC1,0.004730481092144741
CC2D1B,0.004730481092144741
PRPF38A,0.004730481092144741
ZCCHC11,0.004730481092144741
GOLT1B,0.004729734753434077
C12orf39,0.004729734753434077
GYS2,0.004729734753434077
RNASET2,0.004729407014736781
NKAIN2,0.0047292381961427845
DARC,0.004727803578278263
PTPRA,0.004727199633642013
LGALS4,0.004726587898116024
CCL5,0.004725838625929575
C17orf66,0.004725838625929575
PAQR6,0.00472328694717081
RHBG,0.00472328694717081
TSACC,0.00472328694717081
CCT3,0.00472328694717081
SMG5,0.00472328694717081
PMF1,0.00472328694717081
VHLL,0.00472328694717081
BGLAP,0.00472328694717081
TMEM79,0.00472328694717081
C1orf85,0.00472328694717081
MIR346,0.004722627025493735
IFNG,0.004722287261286313
CPN1,0.004720902542623353
DOCK10,0.004720669570437739
ECH1,0.004720299526545757
SAMD4B,0.004720032593883029
IFNL1,0.004720032593883029
GMFG,0.004720032593883029
PAF1,0.004720032593883029
RN7SL566P,0.004720032593883029
LRFN1,0.004720032593883029
snoU13|ENSG00000238342.1,0.004719425943743987
KIAA1024,0.004719400713632012
PRAP1,0.0047185341213113454
CALY,0.0047185341213113454
ZNF511,0.0047185341213113454
CYP2C8,0.004717926004420866
MRPS11,0.004717690716810667
MIR184,0.004716521506647884
RN7SL281P,0.004716312634686082
RN7SL497P,0.004716294956801279
SNORA26|ENSG00000252236.1,0.00471524910918519
SEMA4A,0.00471524910918519
SLC25A44,0.00471524910918519
TGM6,0.004714497807814536
GAS2L2,0.004713844111650555
MMP28,0.004713844111650555
C17orf50,0.004713844111650555
PBX4,0.004713829830813974
RN7SL654P,0.004708147619896602
CYP4Z2P,0.004706353715755119
CYP2C9,0.004705723108509744
STK35,0.004705442960648914
MAPKBP1,0.004703984084787239
C5orf28,0.0047038257865375434
TAF15,0.004702773662672173
RGS8,0.004702693930542034
RGS16,0.004702693930542034
DHX9,0.00470171564929989
NPL,0.00470171564929989
BRE,0.0047015707751021825
MYL4,0.0047009136336089085
snoU13|ENSG00000252088.1,0.0047009136336089085
CYP4X1,0.004698223396341347
CYP4A11,0.004698223396341347
SIRPD,0.00469788823333822
RHCG,0.004697567773494488
ARHGAP35,0.004695970121825983
SIRPB2,0.004695293953898368
RECQL,0.004694824386008236
KBTBD11,0.00469481369786913
NRG3,0.004694616609040919
snoU13|ENSG00000239136.1,0.004694401716776843
MRPL45P2,0.004693875567447657
TSEN15,0.004693231116657761
COLGALT2,0.004693231116657761
MIR4439,0.004692664358977635
ERGIC2,0.0046898734177215256
RN7SL96P,0.004689720378530906
MORN2,0.004689720378530906
DHX57,0.004689720378530906
QKI,0.004689434469097266
GGT6,0.004689152463536996
C1orf101,0.004688479763174838
RPAP1,0.004687397321797913
ITPKA,0.004687397321797913
LTK,0.004687397321797913
RNA5SP322,0.004687085593731155
MTMR11,0.004686961751920606
LINC00928,0.004684940702618042
TICRR,0.004684940702618042
KIF7,0.004684940702618042
RNF217,0.004684147853321155
OIP5,0.004683313831861854
NUSAP1,0.004683313831861854
CEP170,0.004683116596022794
PDE10A,0.00468246390573246
PLXNA2,0.0046821464908019216
ASTN1,0.004681739415792563
POLR2A,0.004681351539918279
MAP1S,0.00468117952925775
FCHO1,0.00468117952925775
SUPT5H,0.00468098874329825
RPS16,0.00468098874329825
RNASEH1,0.0046806250854026735
ADI1,0.0046806250854026735
NHLH2,0.004678205433289055
RPS7,0.004678190333039347
SNORA73|ENSG00000252531.1,0.004678190333039347
EXO1,0.004678123468181421
SH3GL1P1,0.004677527786353813
UNC93A,0.00467631797348726
TCP10L2,0.00467631797348726
C6orf123,0.00467631797348726
GPR31,0.00467631797348726
TCP10,0.00467631797348726
TTLL2,0.00467631797348726
C1orf61,0.0046751054852320695
UNC13A,0.004674458591092225
RN7SL788P,0.0046734892593843815
SMTNL2,0.00467338449782385
ALOX15,0.00467338449782385
CNNM1,0.004672520076675596
NMNAT2,0.004672161498690296
snoU13|ENSG00000238588.1,0.00467165452073535
GOT1,0.004671050742689225
SNORA3|ENSG00000251778.1,0.004670999741668815
MED29,0.004670129696780931
AKT3,0.004669670232500024
AMN1,0.004669069872576651
MAB21L3,0.0046688563665354165
FUOM,0.004668709819111129
GPR6,0.004668126070437227
MAP1LC3C,0.004667704699018668
LINC00271,0.004667393620499331
GPR52,0.0046661470712877455
C2CD4A,0.004665562478268631
FGF10,0.004662413275564246
SNORD45|ENSG00000231297.2,0.0046620933553649865
ZFP36,0.004661509198905466
PLEKHG2,0.004661509198905466
MIR4530,0.004661509198905466
DDX11,0.004661287270280498
COLEC11,0.0046610725332604614
CTSH,0.004660063342553645
RASGRF1,0.004660063342553645
C1orf216,0.004659472845475457
CLSPN,0.004659472845475457
ITGB3,0.004659399906235347
KATNBL1,0.0046593462206505265
DERL2,0.004658187979667099
DHX33,0.004658187979667099
C1QBP,0.004658187979667099
CIB3,0.004657329123434363
FAM32A,0.004657329123434363
SNX7,0.004656358076221955
ADSS,0.004655897081014575
RASL10B,0.00465558766152808
LHX9,0.004654826186471752
PPIL6,0.004653922408230782
CD164,0.004653922408230782
OLFML3,0.004653807148718043
VPS16,0.004653347735956571
SNORA75|ENSG00000212533.1,0.004652479603852135
TRIP4,0.004652251134729788
DOPEY2,0.004652074199655008
THBS1,0.004650555437539834
KIFAP3,0.0046494638592767205
RN7SL269P,0.004649276561207451
NOP10,0.004649268371924473
RNA5SP355,0.0046470695227199595
ONECUT1,0.004647013564645489
RN7SKP66,0.004645071443128551
DYNC2LI1,0.004645071443128551
SYDE1,0.004644622882990284
RGL1,0.00464401534164416
ZNF841,0.004643521768485439
ZNF649,0.004643521768485439
FPR1,0.004643521768485439
FPR2,0.004643521768485439
FPR3,0.004643521768485439
HCCAT3,0.004643521768485439
ZNF350,0.004643521768485439
ZNF432,0.004643521768485439
ZNF577,0.004643521768485439
ZNF613,0.004643521768485439
ZNF614,0.004643521768485439
ZNF615,0.004643521768485439
SFT2D1,0.004643330317689373
PRR18,0.004643330317689373
SCAF8,0.004641885171790238
ILVBL,0.004641829423659078
TGM3,0.004641359232309792
MIR488,0.00464088731655974
FAM5B,0.00464088731655974
PLA2G4A,0.004640566670719459
HES7,0.004640101000033224
FRRS1,0.004640047178752702
NARG2,0.004639976449808656
OR7E94P,0.004639890150993175
LINC00989,0.004639890150993175
CBR3,0.004639341831464176
RN7SL73P,0.004639341831464176
RNA5SP60,0.004639168584579976
snoU13|ENSG00000252771.1,0.004638454724690672
PDYN,0.004637740386474172
SPNS2,0.004636778630519288
FGF19,0.004635419041334228
ORAOV1,0.004635419041334228
CCND1,0.004635419041334228
T,0.0046345375971049855
RN7SL366P,0.004634149452627317
METTL18,0.004633957139958486
CBR1,0.004633657738521847
THUMPD2,0.0046326524206016005
PGLYRP2,0.0046322529619629805
NCF2,0.004631969682424317
ARPC5,0.004631969682424317
SMG7,0.004631969682424317
APOBEC4,0.004631969682424317
FBXO39,0.004631017641782122
XAF1,0.004631017641782122
TEKT1,0.004630864812784481
ZNF616,0.004630300157836611
FANK1,0.004630274065022626
CLCA1,0.004630098452883263
SLC22A15,0.004629249794658814
ZFP36L2,0.004629205256523482
SF3B4,0.0046291476428721124
INO80,0.004628929804372846
C1orf53,0.004628160868667193
HSH2D,0.0046265442372252705
RAB8A,0.0046265442372252705
TRAPPC12,0.00462615047911984
TBX18,0.0046252852244190274
DHX32,0.004624928641186658
CASP14,0.00462470633612679
RNA5SP164,0.004624429599421878
POLG,0.004624300738420236
SHBG,0.004624206784278548
FXR2,0.004624206784278548
SAT2,0.004624206784278548
snoU13|ENSG00000251860.1,0.004624206784278548
MIR1913,0.00462369249403725
OR1I1,0.004623210257489156
TYRO3,0.004623077923152376
RORA,0.00462302872282266
RNY4P13,0.004622481697106981
FHL5,0.0046224795990490305
SSR4P1,0.004621681878986979
LAMC1,0.004620568591686442
LAMC2,0.004620568591686442
CHAF1B,0.004620010972770725
CLDN14,0.004620010972770725
RNA5SP81,0.00461973414838095
RN7SKP12,0.00461973414838095
ATAD2B,0.00461920766225686
SETD4,0.004619146002105593
MYOC,0.004619008412804949
VAMP4,0.004619008412804949
METTL11B,0.004618930371942753
FAM60A,0.004613542937045294
NPHS2,0.004612605401857717
SCARNA20|ENSG00000253060.1,0.004612230563923275
TMEM178A,0.004611652161629795
MEF2D,0.004611392101290129
C2CD4B,0.00461133455210238
SOX15,0.004610950529917936
MPDU1,0.004610950529917936
TNFSF13,0.004610950529917936
CD68,0.004610950529917936
SENP3,0.004610950529917936
TNFSF12,0.004610950529917936
SNORD10,0.004610950529917936
SNORA67|ENSG00000264772.2,0.004610950529917936
SNORA48|ENSG00000209582.1,0.004610950529917936
EIF4A1,0.004610950529917936
MPC1,0.004610757624470088
HNRNPL,0.004610053527023419
PKP2,0.004610018293452199
AXDND1,0.004609687966479511
ZNF609,0.0046082554360302435
C15orf54,0.004608144751146481
RN7SL374P,0.0046076589682123624
SOAT1,0.004607602940646799
CCR6,0.004606966885238546
FGFR1OP,0.004606966885238546
MIR3939,0.004606966885238546
DLL1,0.004603591108585615
SELE,0.004602245235605367
PRDM15,0.004601405321622317
TIAM2,0.004600557564798073
RN7SL383P,0.004599000368136383
RN7SL148P,0.004598406428111455
ZBTB18,0.004598406428111455
ANGPTL1,0.004598058244656363
FANCI,0.0045972451572152545
RLBP1,0.0045972451572152545
U3|ENSG00000221455.1,0.004597101272978364
LINC00925,0.004594925379052893
PCAT4,0.00459400161426856
SNORA75|ENSG00000212620.1,0.00459400161426856
NEGR1,0.004593588290659036
FAM120B,0.004592230106095838
EMC4,0.0045914441376035545
MIR181A1HG,0.004591235708600331
MIR202,0.004590209839076789
SCP2,0.004589518496493271
BAZ1A,0.004589231519757616
TOR3A,0.0045889657711594
FAM20B,0.0045889657711594
SNORA67|ENSG00000201619.1,0.004588961769190443
SNORA67|ENSG00000212338.1,0.004588961769190443
METTL13,0.004588474925470982
TNK1,0.004588032825010801
TMEM95,0.004588032825010801
PLSCR3,0.004588032825010801
KCTD11,0.004588032825010801
RN7SL136P,0.004587982832618025
MORC3,0.004587661069894567
CPXM1,0.004585991001856262
C20orf141,0.004585991001856262
TMEM239,0.004585991001856262
RN7SL531P,0.004585869343809111
WAPAL,0.004585833067404172
PRRX1,0.004585638140130177
DENND1B,0.004584617913731833
UTF1,0.004584589506049595
VENTX,0.004584589506049595
ETNK1,0.004583330014100101
LINC00272,0.004580788202111079
TEDDM1,0.004580788202111079
GLUL,0.004580788202111079
ZNF670,0.004580106302201977
MIR4644,0.004579579355050955
RWDD2A,0.004579231838056264
SLC13A5,0.004577939466427458
MED31,0.004577926176949401
C17orf100,0.004577926176949401
TXNDC17,0.004577926176949401
MIR4520B,0.004577926176949401
SNORA62|ENSG00000201542.1,0.0045766601474076865
RN7SL503P,0.0045766601474076865
CCL28,0.004576586526208483
TPBG,0.00457575496832256
NSRP1,0.004575385104276581
RN7SL467P,0.004574797708700529
AGT,0.004574797708700529
RN7SKP283,0.0045744687455379655
CLEC10A,0.004574344662613381
MIR423,0.004574073244164869
MIR3184,0.004574073244164869
CCDC105,0.00457405004850567
ADAM8,0.004573763127420838
TUBGCP2,0.004573763127420838
ZFYVE9,0.004572779842219267
C17orf78,0.004572556244415234
ALOXE3,0.004572470846207516
MIR4314,0.004572470846207516
snoU13|ENSG00000238676.1,0.004572470846207516
ALOX15B,0.004572470846207516
ALOX12B,0.004572470846207516
GUCY2D,0.004572470846207516
SIM2,0.004571315595668232
ZNF648,0.004569716252725703
SHCBP1L,0.004567558548303781
RNA5SP71,0.004567558548303781
SLC19A3,0.004567129481791821
LDHB,0.004566279776841311
KCNJ8,0.004566279776841311
SLC12A6,0.004566152673472699
MIR548AI,0.0045651774839198305
ATOH1,0.004564599031718509
GTF2H5,0.004564124016117288
SERAC1,0.004564124016117288
GK2,0.004563182865129836
IQCA1,0.004559674946145104
ASB18,0.004559674946145104
AATF,0.004559120490465694
LHX1,0.004559120490465694
TIMM50,0.004558288469666961
SLC2A4,0.004557560051828967
YBX2,0.004557560051828967
MIS12,0.004557354064919096
PMCHL1,0.004556956869215499
ZNF133,0.004555369873833423
SCARNA16|ENSG00000252765.1,0.004555184397312494
CYP4F24P,0.004553482627228105
S1PR1,0.0045528254596769084
snoU13|ENSG00000238296.1,0.0045528254596769084
RSPO4,0.004552202624436481
SLC28A1,0.004552195172817022
MIR579,0.004552190411463205
TRAX,0.004551879706777762
TSNAX,0.004551879706777762
LINC00582,0.004551879706777762
FMO1,0.004551038723875818
snoU13|ENSG00000238661.1,0.004550543546827036
SMOC2,0.004550281501641163
DAB2,0.0045497097386231694
CNKSR3,0.004549589361060878
MIR552,0.004549243041596497
MIR548A2,0.004549092461604139
IFI16,0.0045487428121861765
CACNA1E,0.004548655777573594
C9,0.004548004984000227
RN7SKP55,0.004547888853647056
EFCAB2,0.004547773516719052
PGM3,0.004547586268436011
snoU13|ENSG00000238859.1,0.004547456648301054
RN7SL425P,0.004547456648301054
snoU13|ENSG00000252609.1,0.004546974834237495
PRRC2C,0.004546898656136356
SRGAP2,0.004546412198213139
IKBKE,0.004546412198213139
FMO4,0.004546360174187207
CDK19,0.004545455862853504
ALLC,0.004545154718574928
DYRK3,0.004544702789817093
EIF2D,0.004544702789817093
ABHD2,0.004544431257806951
U3|ENSG00000252189.1,0.004544414601283544
LINC00603,0.004544122561096484
ST8SIA1,0.004543477972240585
SNORD63|ENSG00000252112.1,0.004542467196023511
BLMH,0.004542467196023511
MIR2909,0.004542174588623846
SEC16B,0.004541686509762802
SNORA32|ENSG00000207503.1,0.0045404320370317315
PELP1,0.0045398185986245355
ARRB2,0.0045398185986245355
BCCIP,0.004539684936095531
U3|ENSG00000201346.1,0.004538921669940856
SELL,0.004536542633723021
U3|ENSG00000201368.1,0.00453638320165378
RHOU,0.004534840169844583
snoU13|ENSG00000238985.1,0.0045344245713827905
RN7SL837P,0.0045344245713827905
CHRNB1,0.004534409781055854
STAT5A,0.004534313115377237
RN7SL58P,0.004533925020612052
TPD52L1,0.004532837129682848
HMGCS1,0.004532529096933146
NIM1,0.004532308215104925
RNY4P11,0.004532227557107526
RN7SKP74,0.004532227557107526
SDIM1,0.004532168945845517
NNT,0.004531815478718891
PCED1A,0.004531149168528173
ECEL1P2,0.0045305849781683465
ALPI,0.0045305849781683465
ALPPL2,0.0045305849781683465
ALPP,0.0045305849781683465
THBS2,0.004530565171555255
VPS13C,0.004530395722327158
CYP4B1,0.0045297870652629725
RALGPS2,0.0045292083705182895
DACT2,0.004528688493947531
FRMD1,0.004528688493947531
KIF25,0.004528688493947531
EIF5A,0.004527951094720757
GPS2,0.004527951094720757
NEURL4,0.004527951094720757
ACAP1,0.004527951094720757
CAPN9,0.004527063972119852
RAB11FIP5,0.004526414108128987
C15orf61,0.004526014641240048
AKAP8L,0.004525419700706351
AKAP8,0.004525419700706351
LDB3,0.004525396234443139
OPN4,0.004525396234443139
OXCT1,0.004524137256545671
DHCR24,0.004524067258092081
SLC4A11,0.0045238651152784
RPS27L,0.004523583878511311
LACTB,0.004523583878511311
TPM1,0.004523583878511311
METTL20,0.004523305752975315
RN7SL361P,0.004522275113648536
RGSL1,0.004521254759978245
snoU13|ENSG00000239033.1,0.00452017273644813
VAMP2,0.0045195255656334124
PER1,0.0045195255656334124
SNORD118,0.0045195255656334124
TMEM107,0.0045195255656334124
MLLT4,0.00451943221156363
EXTL2,0.004518970492217616
SLC30A7,0.004518970492217616
STAR,0.00451841779848429
MAP2K5,0.004518115642661207
AGFG1,0.004517776399145775
RASSF5,0.004515071740388978
C1orf147,0.004515071740388978
IPCEF1,0.004515061784207355
RN7SL276P,0.004515016520394906
BROX,0.004515016520394906
TBP,0.004514490044636512
PSMB1,0.004514490044636512
DLL3,0.004513922953257281
LINC00473,0.004513761056322761
ZBTB4,0.004513625037376663
SLC35G6,0.004513625037376663
SELP,0.004512615305373897
ACACA,0.00451254051439168
FAM5C,0.004512512829284982
RN7SL14P,0.004511691712913882
MIR5703,0.004511679929371617
MIR5702,0.0045113936823819355
MRPL44,0.004509828291712864
WDFY1,0.004509828291712864
FGF5,0.004509459220032682
PRDM8,0.004509459220032682
ZMYM6,0.004508846272251495
ZMYM6NB,0.004508846272251495
SNORD112|ENSG00000252728.1,0.004508846272251495
STAT5B,0.004508798191585623
ZMYM1,0.004508520309302617
SNORA25|ENSG00000272237.1,0.004506422234776288
MMP21,0.00450612152464887
C10orf137,0.00450612152464887
PYHIN1,0.00450501148131328
MIR4432,0.004504544410940864
MIR4484,0.004504102247153905
UROS,0.004504102247153905
snoU13|ENSG00000239054.1,0.004503652266677203
DISP1,0.004503652266677203
FAM177B,0.004503652266677203
DPH5,0.004502984477347886
ZFR,0.004501648118256736
TOR1AIP1,0.004499501875293009
RN7SL230P,0.004499501875293009
ABL2,0.004498933475269832
SPHKAP,0.004498910486028766
DOPEY1,0.004498865476053893
MYADML,0.004498651632266261
CDH18,0.004497831132194714
SNORA48|ENSG00000212391.1,0.004497534775000312
NES,0.004497170352954044
MROH9,0.004497061761538346
IRS1,0.004496940821826814
SPATA6,0.004496309900542497
OBSCN,0.004494356873898414
LINC00851,0.004493342478850992
SPEN,0.004493160371375658
snoU13|ENSG00000238818.1,0.004493160371375658
ZBTB17,0.004493160371375658
FKBP1A,0.004492777773481893
LPPR5,0.0044922696219568264
SNORA63|ENSG00000201791.1,0.004492042084705668
ANXA2,0.004490860939043001
RABGAP1L,0.0044902608177391275
TOR1AIP2,0.004489572868528561
IFRG15,0.004489572868528561
EBF4,0.004489545862916389
MGA,0.004488976259557714
AFAP1L2,0.004488789892357714
SLC19A2,0.004487583698824707
BLZF1,0.004487583698824707
CCDC181,0.004487583698824707
ACBD6,0.004486700960339897
SDCCAG8,0.004485919283373215
C6orf118,0.004485891272327599
TTLL7,0.004485703975127688
GCLM,0.004485469901785915
FAM64A,0.004484933054254298
AIPL1,0.004484933054254298
SIRT2,0.0044841821323705
RINL,0.0044841821323705
DENND5B,0.004484032654863542
SPEF2,0.004483685894712996
RN7SKP229,0.004483179505465124
RNA5SP70,0.004483179505465124
FBXO17,0.004483142499894634
LINC00112,0.0044830414035488585
C1orf198,0.004482910390962987
RNA5SP79,0.004482910390962987
PSMF1,0.00448024326685894
TMEM74B,0.00448024326685894
C20orf202,0.00448024326685894
ARHGEF11,0.004479679094026904
C17orf59,0.004479145486561016
MIR3676,0.004479145486561016
ARHGEF10,0.0044789343676838265
MYZAP,0.004477723107690726
ERAL1,0.004477530862263447
LINC00111,0.00447732186568371
C2CD5,0.004476474602555016
AVP,0.004475059164606329
RN7SL555P,0.004475059164606329
CD81,0.004474515271605869
TSSC4,0.004474515271605869
TRPM5,0.004474515271605869
RPL26P30,0.004474515271605869
SFPQ,0.004474104054616899
F5,0.0044738524091214186
MIR765,0.004473694762646832
RN7SL612P,0.004473694762646832
LRRC71,0.004473694762646832
PEAR1,0.004473694762646832
PDC,0.004473663591046024
SNX6,0.004473555790950581
RN7SL839P,0.004472145902917141
PPAPDC1A,0.004471256759371468
C20orf194,0.004471246530361761
RN7SL613P,0.004471126648059916
LINC00479,0.004471049899515178
LILRB1,0.004471026722925455
snoU13|ENSG00000238564.1,0.0044698790908768524
snoU13|ENSG00000239100.1,0.00446963941105831
MLK4,0.004469613336100161
TUBG1,0.004469021009071552
RNA5SP226,0.004468474059231235
ABCC2,0.004467860430160194
STAT3,0.004467769117691577
RNA5S9,0.004467247836885115
TRIM17,0.004467247836885115
RNA5S3,0.004467247836885115
RNA5S1,0.004467247836885115
RNA5S17,0.004467247836885115
RNA5S16,0.004467247836885115
RNA5S15,0.004467247836885115
RNA5S14,0.004467247836885115
RNA5S13,0.004467247836885115
RNA5S12,0.004467247836885115
RNA5S11,0.004467247836885115
RNA5S10,0.004467247836885115
MIR4666A,0.004467247836885115
HIST3H3,0.004467247836885115
HIST3H2BB,0.004467247836885115
HIST3H2A,0.004467247836885115
BTNL10,0.004467247836885115
RNA5S4,0.004467247836885115
RNA5S2,0.004467247836885115
RNA5S7,0.004467247836885115
RNA5SP18,0.004467247836885115
RNA5SP19,0.004467247836885115
RNA5S5,0.004467247836885115
RNF187,0.004467247836885115
SNORA51|ENSG00000206878.1,0.004467247836885115
TRIM11,0.004467247836885115
RNA5S8,0.004467247836885115
RNA5S6,0.004467247836885115
TLN2,0.004467208846558042
ALG14,0.004466953213986379
SPRTN,0.004466548215626698
TRIM67,0.004466548215626698
C1orf131,0.004466548215626698
EXOC8,0.004466548215626698
GNPAT,0.004466548215626698
RNA5SP80,0.004466548215626698
FBXO27,0.004466297643968029
PTCSC3,0.004465758854366454
TTC13,0.004465537128020374
ARV1,0.004465537128020374
FAM89A,0.004465537128020374
MIR1182,0.004465537128020374
LINC00609,0.004465068405574738
ZFP30,0.0044647157167141995
ZNF781,0.0044647157167141995
ALPK3,0.004464384536032566
UBOX5,0.004464048022967499
LPPR4,0.004463371174624563
DIS3L2,0.004461738359894033
ZNHIT6,0.004461206417943589
RN7SL755P,0.004460307434336683
PALMD,0.004459036626719172
NDUFAF4,0.004458208571612157
RN7SL509P,0.004458208571612157
SPATA17,0.0044575830565170916
PTHLH,0.00445745443617902
ITPA,0.004457029390084327
GHDC,0.004456409342128721
SCARNA3,0.004456060381707797
CUTC,0.004454353535268241
COX15,0.004454353535268241
LILRA1,0.004453669983528511
SNORD112|ENSG00000252853.1,0.004452512087121156
IL10,0.004452512087121156
MAPKAPK2,0.004452512087121156
TMIGD1,0.0044517576191579495
ZNF607,0.00445125950069543
ZP4,0.004451128646174304
ABCC9,0.004450308423151786
snoU13|ENSG00000238389.1,0.004449094152285579
RN7SL440P,0.004449094152285579
PTGER4,0.004449055588593438
TTC33,0.004449055588593438
PHF12,0.004447706479508708
TBKBP1,0.004447516499829492
TBX21,0.004447516499829492
LINC00083,0.00444719602044205
TEX35,0.00444719602044205
SNORA63|ENSG00000199552.1,0.00444710729759579
CMAS,0.004446715685103016
CRIM1,0.004446379679749775
FBXO47,0.004446369827193538
NAA11,0.004446227139398001
INSRR,0.0044456382729887904
SH2D2A,0.004445513725990525
SEZ6,0.00444532131219451
GALM,0.004444836709280048
ADAM10,0.004442117461251991
FMO6P,0.004441832243362626
MIR1295A,0.004441832243362626
FMO3,0.004441832243362626
MTRNR2L11,0.004440974078867811
ZNF669,0.004440087271608849
C1orf229,0.004440087271608849
GPR63,0.004439658163593138
ATL2,0.0044392140913455305
USH2A,0.004439179158646978
SNORD116|ENSG00000202498.1,0.004438921592042597
KCTD3,0.004438921592042597
RN7SL602P,0.004438021165166039
THADA,0.0044373164858887565
MIR4677,0.004437131762828826
MIR4732,0.004437096597317956
FLOT2,0.004437096597317956
DHRS13,0.004437096597317956
RN7SKP207,0.004436884550448652
FAM110C,0.004436603272009049
ACP1,0.004436603272009049
FAM150B,0.004436603272009049
SH3YL1,0.004436603272009049
RN7SL346P,0.004436055980580712
RNA5SP121,0.004435209615038392
FKSG48,0.004435124318646896
RNF19B,0.004435124318646896
TRIM69,0.004434681314296111
ADC,0.004434594628854966
CDKL4,0.004433448054599547
SNORA67|ENSG00000252473.1,0.004433448054599547
CRYBA1,0.004433433747462871
NUFIP2,0.004433433747462871
MIR137HG,0.004432951686120536
HLX,0.004431922257464297
RN7SKP98,0.004431542868455892
SNORA26|ENSG00000212187.1,0.004431542868455892
MIR3122,0.004431542868455892
INTS7,0.004431542868455892
DTL,0.004431542868455892
AK2,0.004431212763260358
HCRT,0.004430029904768948
KCNH4,0.004430029904768948
SNORA31|ENSG00000252238.1,0.004428756001745971
EXOC6B,0.004428407154057674
RN7SKP21,0.004427748369773688
TRIM62,0.00442733289871607
FNDC5,0.0044265044095543405
YARS,0.0044265044095543405
S100PBP,0.0044265044095543405
TMEM54,0.0044265044095543405
HPCA,0.0044265044095543405
RN7SL420P,0.004425271165493463
SNORA42|ENSG00000207502.1,0.004425271165493463
FMO2,0.004425084674335483
HMCN1,0.004424548226001839
SDCBP2,0.004424444994316548
RNA5SP73,0.004424408735324729
SYNC,0.0044242136143858345
SLC22A18,0.004423909833307015
PHLDA2,0.004423909833307015
KCNQ1DN,0.004423909833307015
CDKN1C,0.004423909833307015
SLC22A18AS,0.004423909833307015
CTDNEP1,0.00442338948137812
ACADVL,0.00442338948137812
DVL2,0.00442338948137812
MIR324,0.00442338948137812
PHF23,0.00442338948137812
GABARAP,0.00442338948137812
DLG4,0.00442338948137812
CLDN7,0.00442338948137812
ELP5,0.00442338948137812
MIR4424,0.004423192210567594
CGNL1,0.0044228358623959055
C1orf220,0.004422603921129189
RNA5SP69,0.004422603921129189
C1ORF220,0.004422603921129189
MIR596,0.0044218532994722455
CLN8,0.0044218532994722455
AVEN,0.0044214597160848095
RASAL2,0.004420127691642659
DCAF8,0.004419632252204633
SERPINE2,0.004418378013180865
FAM110A,0.004418340125113084
PLCXD3,0.004417605414436617
MYB,0.004417333041013266
CNN3,0.004417321785476353
KCNK1,0.0044169006940121295
MIR4427,0.0044169006940121295
TMEM242,0.004416753315250152
DDRGK1,0.0044151574254666995
MIR3123,0.004414929404188651
REL,0.00441340210919443
KIAA1522,0.004412035276434694
RN7SKP247,0.004411602433093964
SERTAD4,0.004411479481938414
CCNB2,0.004410647116269728
VWA2,0.004410279680545472
C10orf118,0.004410279680545472
MIR2110,0.004410279680545472
TDRD1,0.004410279680545472
snoU13|ENSG00000238577.1,0.004410058713974557
FAM160B1,0.004410058713974557
RN7SL384P,0.004410058713974557
ABLIM1,0.004410058713974557
CD55,0.0044096751732878555
ADRB1,0.004409514189210515
FASTKD5,0.004409493141843389
C15ORF31,0.004408544420613897
ZNF695,0.004407677594840592
RNF111,0.004407516436071047
FSIP1,0.004407214362538258
SLC22A3,0.004407017925611338
EFHD1,0.004406713674377273
CAB39,0.004406568562494916
TMEM56,0.0044054931121188
SEMA4B,0.004405261562777052
RNU6ATAC35P,0.004404705983239875
SMIM12,0.004404438528820556
TFB1M,0.004404385171790235
MIR3916,0.004403921624591502
RNA5SP82,0.004403921624591502
FAM63B,0.00440323628224718
RAD51,0.0044031426916758196
SEPP1,0.004402576954662599
OCLM,0.00440250552756126
CR2,0.004401718796451318
TSHB,0.004400665777425847
TSPAN2,0.004400665777425847
GJA4,0.00440064468227667
GJB3,0.00440064468227667
GJB5,0.00440064468227667
GJB4,0.00440064468227667
PRKAA1,0.004400529550024069
MIR562,0.0044004719861526235
G0S2,0.0044004115528098265
SIRPA,0.004400249762223265
CLDN20,0.004400248643761302
SIX3,0.0044001758716212674
LAMB3,0.004400026581361876
SIX2,0.004399904138644206
MIR4260,0.004399591196986218
CAMK1G,0.004399591196986218
MIR190A,0.004399264364769039
ZNF793,0.004398165189170962
CIB1,0.0043973760164962026
GDPGP1,0.0043973760164962026
RIPK4,0.004396934022916236
MYO5C,0.004396552451016555
LINC00604,0.004395721122532783
COL11A1,0.0043938185865613774
NYAP2,0.0043936185160111906
RN7SKP95,0.004392605987542699
ASGR1,0.004392079471078776
ASGR2,0.004392079471078776
CCL20,0.004391939459029926
ETV3L,0.0043918521961281015
ARHGAP29,0.004391575508800591
CRP,0.004391123140528503
CYR61,0.004389518099045081
SNORD81|ENSG00000199934.1,0.004389518099045081
AHI1,0.004388854913092474
PEA15,0.004388477276248276
DMRTA1,0.004388444366208458
SSH2,0.0043876725359478655
CRABP2,0.00438740799470219
NGF,0.004386250850480702
PET117,0.004385940845128969
CSRP2BP,0.004385940845128969
snoU13|ENSG00000238521.1,0.00438587502511553
snoU109|ENSG00000238410.1,0.00438587502511553
EVA1A,0.00438587502511553
KLHL29,0.004385871948918289
PAPOLG,0.00438565809009229
RN7SL632P,0.00438565809009229
IDH2,0.004385284279041838
HBS1L,0.004384666274342378
PRCC,0.00438407799715484
WDR87,0.004383393978561095
ISG20L2,0.004382681284231432
HNRNPLL,0.004382195462492822
SNORA17|ENSG00000212589.1,0.004382003851131656
DCLRE1A,0.004382003851131656
NHLRC2,0.004382003851131656
RN7SL774P,0.004381913020366117
TTLL13,0.004381701227301438
RHBDD1,0.004381340267951608
ZNF826P,0.004381133542947234
ZNF682,0.004381133542947234
ZNF626,0.004381133542947234
ZNF66,0.004381133542947234
ZNF737,0.004381133542947234
ZNF486,0.004381133542947234
ZNF430,0.004381133542947234
ZNF85,0.004381133542947234
ZNF90,0.004381133542947234
ZNF253,0.004381133542947234
ZNF93,0.004381133542947234
RBBP4,0.004381073323554449
EIF2AK4,0.0043805918992069325
C5orf34,0.004379964885452953
PAIP1,0.004379964885452953
PAK4,0.004379634442742948
CMPK2,0.004378941164383939
RN7SKP69,0.0043785911745754585
snoU13|ENSG00000251709.1,0.00437779963191391
ZNF573,0.004377496171623655
OR10Z1,0.004377228555892743
DUSP23,0.00437637799102654
ZRANB1,0.004376156484569984
CCDC91,0.00437589559202653
GCFC2,0.004375671567471234
MMACHC,0.0043741330291012515
PRDX1,0.0043741330291012515
SPTA1,0.004373877937866237
SNPH,0.004373595570780132
RAD21L1,0.004373595570780132
PRR15L,0.004373171979377727
PNPO,0.004373171979377727
MIR152,0.004373171979377727
COPZ2,0.004373171979377727
SP2,0.004373171979377727
NFE2L1,0.004373171979377727
CDK5RAP3,0.004373171979377727
NAP1L4,0.004373125819900142
CARS,0.004373125819900142
SNORA54,0.004373125819900142
PIPOX,0.004373076983331244
RNA5SP51,0.004373005958990299
COX5BP2,0.004372700383477765
MRPL19,0.004372552873653586
U3|ENSG00000221638.1,0.004372552873653586
snoU13|ENSG00000239018.1,0.004372552873653586
BCAN,0.00437242590213036
HAPLN2,0.00437242590213036
HHAT,0.004372158097236793
PLCB2,0.004370947535132196
C15orf56,0.004370947535132196
ANKRD63,0.004370947535132196
PAK6,0.004370947535132196
RNA5SP392,0.004370947535132196
C15orf52,0.004370947535132196
LINC00984,0.004370947535132196
CBX1,0.004370885072920228
PHGR1,0.004370770249027882
U3|ENSG00000200318.1,0.00437044824798726
COL4A4,0.004370105690057761
TTC31,0.004369893827214106
PTRF,0.004369683865750375
ODF2L,0.004369577688948104
SYCN,0.004369533148821984
NCCRP1,0.004369533148821984
SIRPB1,0.004369269194188189
SARS2,0.004368344596018487
PLEKHH3,0.004368046180030381
TUBG2,0.004368046180030381
CNTNAP1,0.004368046180030381
CCR10,0.004368046180030381
GALNT2,0.00436725885274795
MYO1E,0.0043668689927153295
PDE7B,0.004366180876883256
NLRP3,0.004365713010326095
CCDC163P,0.004365657992430419
NRAP,0.004365462924966058
NOX3,0.004364786769138034
GTF2A2,0.004364607426721053
MIR4296,0.004364555074850091
SPR,0.004364106992705044
EMX1,0.004364106992705044
CASQ1,0.0043640235363449345
UBE2G1,0.004362909066746398
MRPS30,0.004361951689179627
PLA2G4E,0.004361925096407328
PEX19,0.00436173916213285
ZNF131,0.004361407980064004
MIR548AD,0.004361041989733977
SNORA57|ENSG00000212567.1,0.004360464984566589
MIR5000,0.004359169571332481
GUSBP1,0.004358838846064606
HABP2,0.004357673853341322
PPP1R14D,0.004357373329078461
ZFYVE19,0.004357373329078461
DNAJC17,0.004357373329078461
CRYZL1,0.004357046287737306
SOS1,0.004356487584825684
DLGAP3,0.004356381630176927
LINC00487,0.004355733512131033
OR6K2,0.004355083492054812
MIR4428,0.0043546402674569
IQGAP3,0.004354336210065218
TTC24,0.004354336210065218
snoU13|ENSG00000238843.1,0.004354336210065218
SNORA25|ENSG00000252290.1,0.004353610818212248
MIR4466,0.004353590265220013
TMEM256,0.004353579853151269
FGF11,0.004353579853151269
TMEM102,0.004353579853151269
SPEM1,0.004353579853151269
NLGN2,0.004353579853151269
C17orf74,0.004353579853151269
RMDN3,0.004353319386826453
EGR4,0.004353032700421932
FBXO41,0.004353032700421932
PRADC1,0.004353032700421932
CCT7,0.004353032700421932
SMYD5,0.004353032700421932
NOTO,0.004353032700421932
CD1C,0.004352334344897973
ACTG2,0.004351538311223052
CCT4,0.0043514181194802
RNA5SP224,0.004351141500904158
C1orf27,0.004350872926883087
POLE4,0.004350521092678499
MIR760,0.004350248221615706
DNTTIP2,0.004350248221615706
GPR88,0.004349741991196113
CDC14A,0.004349729354030209
CYB5D2,0.004348895312136611
MLLT6,0.004348106889202547
CISD3,0.004348106889202547
RNA5SP440,0.004348106889202547
PIP4K2B,0.004348106889202547
PSMB3,0.004348106889202547
MIR4726,0.004348106889202547
MIR4734,0.004348106889202547
PCGF2,0.004348106889202547
CLCA2,0.004347175956769558
CTBP2,0.004347065678415909
SLC35A3,0.004346885991701594
RNA5SP397,0.004346743858960521
AGL,0.004345992965310979
snoU13|ENSG00000239144.1,0.004344665461121162
MIR3692,0.00434452606992164
CASP7,0.004343942359291637
PLEKHS1,0.004343942359291637
FCRL5,0.004342495132035002
FCRL4,0.004342495132035002
UFL1,0.004342221936644603
DBT,0.004341877461614613
TRMT13,0.004341877461614613
LRRC39,0.004341877461614613
RTCA,0.0043418269129509935
ZNF496,0.004341712937446771
TMEM61,0.004341655469910193
MMS22L,0.00434163721647497
BSND,0.004341570610282161
SNORD29,0.004341199335123379
SNX11,0.004341135228389744
CENPF,0.004339984784461822
DLGAP2,0.004339728582199124
RCAN1,0.0043388120385621015
EDARADD,0.004338538881698292
APOA1BP,0.004337671214150969
GPATCH4,0.004337671214150969
snoU13|ENSG00000239035.1,0.00433765606268489
LINC00926,0.00433765606268489
C15orf57,0.004337156803649726
AKR1A1,0.004336656344506622
snoU13|ENSG00000238559.1,0.004335892162772275
RN7SL376P,0.004335892162772275
CASC5,0.004335892162772275
MTFR2,0.004335679586444046
BCLAF1,0.004335679586444046
SLTM,0.004335669661839817
C2orf83,0.0043354132118016185
RPUSD2,0.004335289390017607
LRRC37A11P,0.004333924725438484
GPR176,0.004333776548594117
SIKE1,0.004332073789050051
SYCP1,0.004332073789050051
EFCAB5,0.0043316953026015115
SLC35D3,0.004331002465488928
MIR2116,0.004330445631299329
LDHAL6B,0.004330445631299329
STAMBP,0.004330377575612829
RNA5SP76,0.00433032400680315
LGALS8,0.004330098397357411
MRPL24,0.00432980045140692
RRNAD1,0.00432980045140692
MRPS12,0.0043297067955436275
NFKBIB,0.0043297067955436275
HIAT1,0.004329615198298195
SASS6,0.004329615198298195
BCL11A,0.004328189429537898
RSAD2,0.004326929419970914
VCAM1,0.004326738136860512
BCL2L10,0.004326184935005956
SNORD78|ENSG00000212378.1,0.004326145944594688
GNB5,0.004325730828177324
RFWD2,0.004325689626323509
GUCY1B2,0.004325276862343227
MIR553,0.00432521325217465
BUB1B,0.004325048162725008
7SK|ENSG00000271765.1,0.004324336798864572
PLIN2,0.004324292668500737
RRAGA,0.004324292668500737
RN7SL158P,0.004324292668500737
HAUS6,0.004324292668500737
SCARNA8,0.004324292668500737
EIF4EBP1,0.004324144530588576
RN7SL173P,0.004323670210770373
ZNF124,0.0043235482996303925
PGBD5,0.004320821983656464
NASP,0.00431568606146213
VIT,0.004314124469079796
CD1B,0.004313809831922301
SNAP47,0.004313691716071145
PRSS38,0.004313651658388082
snoU13|ENSG00000252638.1,0.004313067508882749
snoU13|ENSG00000238472.1,0.004312900853712735
HSD11B1,0.004312473074913608
SNX9,0.004312216277865739
SYNJ2,0.004312047451471794
IL22RA2,0.004310816996103684
SEMA4F,0.004310463121783879
TPR,0.0043103449828656906
PRG4,0.0043103449828656906
FAM222B,0.0043100130028825715
PAPL,0.004309315949929054
PLXDC1,0.004308552035944648
DAW1,0.004308441094852898
OR6K6,0.004307564255619042
OR6K3,0.004307564255619042
SASH1,0.0043072945785153334
BMF,0.00430622628798354
DISP2,0.004306090368636908
LINC00594,0.004306090368636908
KNSTRN,0.004306090368636908
IVD,0.004306090368636908
ETV3,0.004305045976068745
GUCY2GP,0.004304598472173993
GPR137B,0.004303722508457974
RN7SL561P,0.0043029700826612395
ARL5C,0.004302911786041651
CACNB1,0.004302911786041651
SNORA18|ENSG00000252601.1,0.004302571925644689
MRGPRG,0.004302561864150689
MRGPRE,0.004302561864150689
TSSC2,0.004302535003189742
ZNF195,0.004302535003189742
DENND4C,0.0043023071205936505
DOK1,0.004301630588184208
AUP1,0.004301630588184208
HTRA2,0.004301630588184208
LOXL3,0.004301630588184208
LBX2,0.004301630588184208
DQX1,0.004301630588184208
M1AP,0.004301630588184208
PCGF1,0.004301630588184208
TLX2,0.004301630588184208
OR10R2,0.004301561697848978
OR10K1,0.004301561697848978
OR10K2,0.004301561697848978
OR10T2,0.004301561697848978
MAP7,0.004300701183511615
SH3BP4,0.004300637567435011
TEX36,0.004300471322013433
ZNF571,0.0042981216369996755
ZNF540,0.0042981216369996755
CDH10,0.0042973329792089475
COMMD1,0.004297188250960463
CD1E,0.004296112007241949
SNORD72,0.00429484892249313
RPL37,0.00429484892249313
SRSF7,0.004294267109991147
GEMIN6,0.004294267109991147
CR1L,0.004293805425892355
C1orf132,0.004293715185771599
MIR29C,0.004293715185771599
MIR29B2,0.004293715185771599
CD46,0.004293715185771599
MROH7,0.004291952027117519
DSTN,0.004291409448982558
ZNF710,0.004291048602043335
U3|ENSG00000221673.1,0.004290810517238919
EPRS,0.004290810517238919
CYP1B1,0.004290443226653136
OR6N2,0.004289769223525406
OR6N1,0.004289769223525406
SRXN1,0.004289584992615385
SCRT2,0.004289584992615385
PAPSS2,0.004288419258561713
SLC44A3,0.0042872106767531375
SNORA70B,0.004286988906173851
CWC25,0.004286606796416784
MIR4727,0.004286606796416784
SNORD28|ENSG00000212295.1,0.004285955394816157
GRAMD2,0.0042852717969092055
XPO1,0.004284726944776045
PKM,0.0042827261724770966
CELF6,0.0042827261724770966
PARP6,0.0042827261724770966
EHBP1,0.00428260478064058
CALCOCO2,0.004282407871772756
U3|ENSG00000200538.1,0.004281941463218922
C15orf62,0.0042819203630819385
GCHFR,0.0042819203630819385
SPINT1,0.004281553509781366
RHOV,0.004281553509781366
TLR5,0.004281459128691162
RN7SKP112,0.004279648965334521
AURKB,0.0042795641051197745
CSDE1,0.0042791883050736805
DCTN1,0.004277842673209287
WDR54,0.004277842673209287
RTKN,0.004277842673209287
C2orf81,0.004277842673209287
INO80B,0.004277842673209287
WBP1,0.004277842673209287
MOGS,0.004277842673209287
STAC2,0.004277724668080015
RN7SL333P,0.004276823827948721
FCRL6,0.004276624958610907
RPL19,0.004276529699880226
HPDL,0.004276498071385888
SENP8,0.004276487185429617
FAM161A,0.00427646671666692
RRBP1,0.0042746315811352876
XPR1,0.0042743684053441955
TRAF3IP3,0.0042733022300845995
CCDC142,0.004272462383568188
MRPL53,0.004272462383568188
ADAP2,0.004272005190575959
KCNH1,0.004271677784540976
RNF135,0.0042715211487901715
BFSP1,0.0042710398869281446
FAM81A,0.004269939395638541
MIR4733,0.004269127835918549
RNF144A,0.004267655821649306
SNORA70|ENSG00000206886.1,0.004267212170684798
RN7SL138P,0.004267116296176905
LHX8,0.004266422039435888
RN7SL707P,0.004265838894549674
LASP1,0.0042649736544658114
SNORA21|ENSG00000252699.1,0.0042649736544658114
RPL23,0.0042649736544658114
SNORA21|ENSG00000199293.1,0.0042649736544658114
ACSL5,0.00426360128160611
LINC00672,0.004263435660100435
FAM46A,0.004262599521402693
RNU6ATAC37P,0.004262356777099477
ALMS1,0.0042618103654167684
ALMS1P,0.0042618103654167684
NAT8,0.0042618103654167684
DUSP11,0.0042618103654167684
C2orf78,0.0042618103654167684
TPRKB,0.0042618103654167684
SCYL3,0.004261731610058524
SELV,0.004261405847914718
EID2B,0.004261405847914718
RPS6,0.004261141614167257
FGF3,0.004260898490635532
IL20RA,0.004260211008927303
SRP14,0.0042595527662541745
C17orf98,0.0042587317029280985
FYB,0.004257987143544872
HDGF,0.004257870240328124
C1orf204,0.004257748494044528
SLAMF8,0.004257748494044528
IRF6,0.00425730758302092
SNORD103A,0.004256582899997935
SDC3,0.004256582899997935
C1orf74,0.00425546521966287
MARC2,0.004255003501617411
MARC1,0.0042549606246694875
DONSON,0.004254378187351834
KPNB1,0.0042532598447310955
DHX58,0.004251546537404499
KAT2A,0.004251546537404499
RAB5C,0.004251546537404499
HSPB9,0.004251546537404499
OR10J3,0.004251111050356483
OR10X1,0.004250858918628276
OR6Y1,0.004250858918628276
OR6P1,0.004250858918628276
SLC1A6,0.004249499381908346
SNORD86,0.004249109449449241
SNORD110,0.004249109449449241
SNORD56|ENSG00000229686.1,0.004249109449449241
NOP56,0.004249109449449241
MIR1292,0.004249109449449241
SNORD57,0.004249109449449241
IDH3B,0.004249109449449241
SNORA51|ENSG00000271798.1,0.004249109449449241
DISC1,0.004248260710362503
YOD1,0.0042478235635519486
snoU13|ENSG00000238401.1,0.0042478235635519486
PFKFB2,0.0042478235635519486
C4BPB,0.0042478235635519486
C1orf116,0.0042478235635519486
MAP4K3,0.004246942904574156
U6|ENSG00000272292.1,0.004246721325865973
RANBP3L,0.004246708011213997
snoU13|ENSG00000238348.1,0.004246413242693211
VSIG8,0.00424561275604281
SNORD64|ENSG00000212161.1,0.00424561275604281
CARD6,0.004245447852065812
ZDHHC14,0.004244979213819668
ABCA4,0.004244589628419766
PIGM,0.004243373947805697
TRUB1,0.00424322895293412
SUCLA2,0.004242892661694026
LIPC,0.004242688459938976
SEPT2,0.004242545165123917
snoU13|ENSG00000238798.1,0.004242126124924375
KCNJ10,0.004241897610216501
STRN,0.004241671942675295
MED11,0.004241164158277684
CXCL16,0.004241164158277684
LAMA2,0.004240347000641511
TEFM,0.004239977353219515
FBXO4,0.0042399456290884464
C5orf51,0.0042399456290884464
SLC6A4,0.004238922470987182
NLRP1,0.004237772302741572
PFAS,0.004236220472440947
CORO6,0.00423606193729697
OR7C2,0.004235814615879534
RNA5SP396,0.004235810308815901
NPR3,0.004235148528870386
CD34,0.004234878627037584
B4GALNT2,0.00423400670023471
FLJ30594,0.004233741544018627
ARL4C,0.00423319944624133
TCF7L2,0.0042324015909593095
C1orf112,0.0042316692436875376
OPRM1,0.004230632157926464
RMND1,0.0042305605786618445
ZBTB2,0.0042305605786618445
C6orf211,0.0042305605786618445
AKAP12,0.0042305605786618445
SNORA7|ENSG00000206976.1,0.004230487190679246
C6,0.004229994619545214
IARS2,0.004227905270529724
TIAF1,0.004227742354931699
DGUOK,0.004226671298608254
TXLNB,0.004225200437463247
RNA5SP78,0.0042228108476205705
NUP133,0.0042228108476205705
ABCB10,0.0042228108476205705
TAF5L,0.004222450328472998
URB2,0.004222450328472998
TRAF5,0.004222399577646616
IGF2BP1,0.004222311380368716
SLC30A1,0.004220807503371815
RD3,0.004220807503371815
LINC00467,0.004220807503371815
SFXN5,0.004220586826034313
NADK2,0.004218661682666436
OR2G3,0.004218433003402557
OSBPL7,0.004218104844786017
SP6,0.004218104844786017
MRPL10,0.004218104844786017
LRRC46,0.004218104844786017
SCRN2,0.004218104844786017
ACER2,0.004217544078105122
NRXN1,0.004216902407884924
RN7SL834P,0.004215971935155916
PARS2,0.004215914916019748
TTC22,0.004215914916019748
TTC4,0.004215914916019748
WNT3A,0.00421591091171287
MIR3941,0.004215528846619476
CCDC19,0.00421543592968259
ECT2L,0.004215373480254279
CCDC28A,0.004215373480254279
MIR378G,0.004215275837613632
TMEM78,0.004214604029802914
ACTA1,0.004214604029802914
RN7SKP276,0.004214604029802914
RAB4A,0.004214604029802914
SPHAR,0.004214604029802914
CCSAP,0.004214604029802914
RNA5SP210,0.004214586035693521
TMEM18,0.004214562552017991
ADAM18,0.004213717270502271
SORCS3,0.004211149638493704
HNF1B,0.004210848624240142
WNT9A,0.004210282807242431
MIR5008,0.004210282807242431
MIR4687,0.004209972131753015
LMBRD1,0.0042094312083317395
KDM6B,0.004209003120069288
NEK2,0.004208957686295375
ZDHHC6,0.004208852867830421
CDH12,0.004208842858969438
TECTB,0.004208841030335552
RNA5SP77,0.0042085503124499315
snoU13|ENSG00000238767.1,0.00420794725504764
ASH2L,0.004207601093933588
DIEXF,0.00420702297912904
SLC30A10,0.004205266242026078
MIR320B2,0.004204734818138113
ZNF678,0.004204724803717352
ALDH8A1,0.004204424033324488
ZBTB8OS,0.004203658934101157
RICTOR,0.004203148981961317
DENND2C,0.004202670028868294
NUDT15,0.004202464988234977
OR10J4,0.004202060797161548
OR10J1,0.004202060797161548
SAMD13,0.004201838044043695
CDC42BPA,0.004201650376542219
AGO1,0.004200630195034496
C7,0.0042004276045648934
FLRT3,0.0042002535556453675
BRD4,0.004199628039181683
RNA5SP42,0.0041986355779632745
MIR1203,0.004198579710726402
JMJD4,0.004198575949367091
TACR1,0.004198251085427753
SMAP1,0.0041978658809321496
ADCK3,0.004197759774074667
DDX52,0.004197259727041144
IGSF9,0.00419720953969252
SLAMF9,0.00419720953969252
TAGLN2,0.00419720953969252
CADM3,0.004196839854100316
BANF2,0.004196478975702019
C1orf115,0.004194661343572984
CAPSL,0.004194183445190155
PUM1,0.004194148072952282
RCOR3,0.004193861852498032
OR7A17,0.004193148219100839
SYT14,0.004193017351213115
HDLBP,0.0041919231565978755
SNORA36B,0.004191326469845599
MIR215,0.004191326469845599
snoU13|ENSG00000238576.1,0.004191326469845599
OR2C3,0.004190401792831412
OR2W5,0.004190401792831412
OR2G2,0.004189736768986207
DPYD,0.004189206557059019
MIR548H3,0.0041886441410013625
MYO9A,0.004188548112744841
GJB7,0.004188500805116962
FBXO28,0.00418765021631148
SNORD103B,0.0041871698191385835
SNORD85,0.0041871698191385835
IQCH,0.004186779092441421
UGT3A1,0.004186395944836177
OR2B11,0.004185427778865912
ARF1,0.0041843905223521915
C1orf35,0.0041843905223521915
MIR3620,0.0041843905223521915
MRPL55,0.0041843905223521915
GUK1,0.0041843905223521915
C1orf145,0.0041843905223521915
C1orf148,0.0041843905223521915
GJC2,0.0041843905223521915
IBA57,0.0041843905223521915
RN7SKP211,0.004183893746924899
snoU13|ENSG00000238945.1,0.004182901432426072
TESK2,0.004182901432426072
SLC25A11,0.0041828765075251715
RNF167,0.0041828765075251715
PFN1,0.0041828765075251715
HK2,0.004181408391645046
MTRF1L,0.00418139692585895
PPP2R5A,0.004181298489179267
NBPF18P,0.004181022887098833
ZSWIM5,0.004180977345575055
C1orf177,0.0041808496390950385
OR7A5,0.0041806960218030995
BCAS2,0.00418059789272988
IL19,0.004180205264588558
RN7SKP49,0.004180109357474754
SNORA72|ENSG00000201898.1,0.004179989184425566
DEGS1,0.004179989184425566
BPNT1,0.0041798306836967605
ZNF570,0.004179198921030079
VMO1,0.004178949466759691
ZMYND15,0.004178949466759691
GLTPD2,0.004178949466759691
TM4SF5,0.004178949466759691
LINC00324,0.0041787036114156635
CTC1,0.0041787036114156635
RPAIN,0.0041782565759942505
OR10J5,0.00417816599988457
APCS,0.00417816599988457
MIR1202,0.004176925105485232
FOXB1,0.004176761942143162
UOX,0.004176687106893451
EGLN1,0.004176665635289711
OSBPL5,0.004176632593612626
snoU13|ENSG00000239129.1,0.004175904765287964
BMPR1A,0.0041758454707825675
PTPRR,0.00417364321781836
SOCS7,0.004173405350083506
ZBTB8A,0.004172221618587134
RNA5SP391,0.004171679980336735
SNORA70|ENSG00000252657.1,0.004171176185006695
IRF2BP2,0.004170566513395001
LINC00184,0.004170566513395001
KIAA1614,0.004170245264137371
BNIP2,0.004169187565125158
SMIM8,0.004168207943820725
GHR,0.00416703197122873
REPS1,0.00416686934377852
TBC1D3F,0.004165774423744163
TBC1D3,0.004165774423744163
OAZ2,0.0041654913269189705
RBPMS2,0.0041654913269189705
EZR,0.004165352321925672
EZH1,0.004164847955768944
C1orf228,0.0041642853262345856
MED4,0.004164257004019435
DEFB129,0.004163876495286997
DEFB127,0.004163876495286997
DEFB128,0.004163876495286997
SOX12,0.004163876495286997
C20orf96,0.004163876495286997
DEFB132,0.004163876495286997
TBC1D20,0.004163876495286997
DEFB126,0.004163876495286997
DEFB125,0.004163876495286997
RBCK1,0.004163876495286997
NRSN2,0.004163876495286997
TRIB3,0.004163876495286997
ZCCHC3,0.004163876495286997
TARBP1,0.004163766932377014
FEZ2,0.004162762420283356
RN7SL464P,0.004162041514413806
OR7C1,0.0041613291500697674
MINPP1,0.00416112099055594
HEATR5B,0.004160846285759808
FAIM3,0.0041599175709132645
FCAMR,0.0041599175709132645
PIGR,0.0041599175709132645
IL24,0.0041599175709132645
IL20,0.0041599175709132645
C17orf96,0.004159566212485031
MIR5584,0.004159395882001408
TMEM53,0.004159395882001408
LYPLAL1,0.004158795698133678
PDCD2,0.004158646549081475
ZBTB41,0.004157526018285514
CRB1,0.004157526018285514
IER5,0.004157262241261263
LSMD1,0.004156869490942314
TMEM88,0.004156869490942314
CYB5D1,0.004156869490942314
TNFAIP3,0.004156552777232881
UBE3D,0.004154674493607147
CFL2,0.004154590249615003
NRAS,0.004154135930839111
RN7SL432P,0.004154135930839111
AMPD1,0.004154135930839111
SAMD5,0.004153678323164256
LZTS3,0.0041526182322215175
BEST4,0.004151387153438005
SNORD38A,0.004151387153438005
RPS8,0.004151387153438005
PLK3,0.004151387153438005
BTBD19,0.004151387153438005
TCTEX1D4,0.004151387153438005
SNORD38B,0.004151387153438005
SNORD55,0.004151387153438005
SNORD46|ENSG00000200913.1,0.004151387153438005
LINC00276,0.004151265822784808
PROX1,0.0041510875443404645
SYCE1,0.00415094270244432
SPRN,0.00415094270244432
CYP2E1,0.00415094270244432
FRG2B,0.00415094270244432
MTG1,0.00415094270244432
CCDC17,0.004149825247641299
KLHL32,0.004149445262936346
RN7SL458P,0.004149438505530591
MARK1,0.004148940224770493
SULT6B1,0.004148062272275589
NDUFAF7,0.004148062272275589
CEBPZ,0.004148062272275589
FBXO5,0.0041474344484629284
MUTYH,0.004147190380471197
TOE1,0.004147190380471197
RNA5SP225,0.004147065250150697
CHST14,0.004146574241510945
PRDM1,0.004146478172384486
UGT3A2,0.004145464842975672
ATP1A4,0.004145322045122462
MIR580,0.004144133888369718
LMBRD2,0.004144133888369718
PTGS2,0.004143133039858866
OR7A10,0.004142197225455253
HDAC1P2,0.004142184723419868
SPRYD7,0.004141528769228971
TMEM206,0.0041408284560591705
NENF,0.0041408284560591705
SNORA16B,0.0041408284560591705
BATF3,0.00414067997244805
RN7SL512P,0.00414067997244805
FAM71A,0.00414067997244805
NR2E3,0.0041403849297866665
ATF3,0.004140152030719617
SKP2,0.004139427406337605
CCDC42,0.004139306953719393
GPR179,0.004138332330497277
RNA5SP47,0.00413767407326923
PTCH2,0.00413767407326923
UROD,0.00413767407326923
EIF2B3,0.00413767407326923
HECTD3,0.00413767407326923
HOXB1,0.004136873357539771
HOXB2,0.004136873357539771
PLD5,0.0041360945708514615
RNA5SP399,0.004135970725021828
COPA,0.004135744077182687
AGPAT4,0.004134404568067047
FKSG68,0.0041335564133867875
RANGRF,0.004133366557028476
SLC25A35,0.004133366557028476
CCDC152,0.004133350324243206
COA6,0.0041316911606951315
MIR4671,0.0041316911606951315
NEK8,0.00413144660985086
KTI12,0.004131142963514514
TXNDC12,0.004131142963514514
MIR4422,0.004129149489952622
ZNF569,0.004129116733868136
RHOG,0.0041288117382399375
C4BPA,0.0041287054519273895
HJURP,0.004128480479455708
MSL3P1,0.004128480479455708
ABI3,0.004127720716564025
GNGT2,0.004127720716564025
MTHFD2,0.0041272206179299616
NPEPPS,0.004127088808200774
MIR4421,0.004127076610327647
HOXB3,0.004126792914602099
HOXB4,0.004126792914602099
MIR10A,0.004126792914602099
TCF15,0.004125878614012976
TNNT3,0.004125873063113833
PACRG,0.004125299711066064
RGS17,0.004125222272453285
AOC4P,0.004125052869502833
AOC2,0.004125052869502833
CNTD1,0.004125052869502833
PSME3,0.004125052869502833
WNK4,0.004125052869502833
BECN1,0.004125052869502833
AOC3,0.004125052869502833
COA3,0.004125052869502833
TATDN3,0.004123695097153661
NSL1,0.004123695097153661
CC2D1A,0.0041229867363626
COL24A1,0.004120803723443626
ATP5G1,0.004120308331160106
SNORA68|ENSG00000212565.1,0.004120308331160106
AGO4,0.0041193024392893966
ANXA2R,0.004119188400872206
RPL23A,0.0041182009023687195
SNORD42A,0.0041182009023687195
SNORD4A,0.0041182009023687195
SNORD4B,0.0041182009023687195
PROCA1,0.0041182009023687195
TLCD1,0.0041182009023687195
SNORD42B,0.0041182009023687195
RAB34,0.0041182009023687195
HOXB6,0.004117464743525448
HOXB5,0.004117464743525448
NTRK1,0.004116964383469346
RNA5SP97,0.0041161473825911425
TET3,0.0041161473825911425
SNORA27|ENSG00000201807.1,0.0041160640323213565
PEX7,0.0041160640323213565
RNA5SP95,0.004114992423430725
PEX13,0.004114992423430725
SKAP1,0.004114651246765235
C20orf78,0.0041141277462534535
VPS18,0.004113187571921752
CPT1C,0.004113036013601765
ABCD3,0.004112178977455897
F3,0.004112178977455897
CR1,0.004111929088889235
SRCIN1,0.004111137665960003
TRIP12,0.004110924285251436
FBXO36,0.004110924285251436
SNF8,0.004110157676182073
UBE2Z,0.004110157676182073
TMEM181,0.0041100898156415785
DYNLT1,0.0041100898156415785
MIR3918,0.0041100898156415785
SYTL3,0.0041100898156415785
LINC00864,0.004109682590948178
PTPRB,0.004109018025795094
PIH1D1,0.004108451522428486
ALDH16A1,0.004108451522428486
GIP,0.0041079811029308515
snoU13|ENSG00000238804.1,0.0041079811029308515
RNA5SP219,0.004104848202996702
ST6GALNAC3,0.004104531537243476
ZNF385C,0.00410441103751719
LINC00671,0.004104202829406604
SNORA40|ENSG00000212149.1,0.004104202829406604
G6PC,0.004104202829406604
RNY4P2,0.004104202829406604
RPL27,0.004103813709865697
PTGES3L,0.004103813709865697
RUNDC1,0.004103813709865697
SNORA69|ENSG00000212206.1,0.004103704442008043
ARHGEF15,0.004103704442008043
TRAF4,0.0041035139115177385
RNA5SP181,0.004103239600147254
ARL11,0.004100206118337541
TULP4,0.004099847681075689
RNA5SP402,0.004098852573707475
SP110,0.004098752052912063
SLC4A5,0.004096493475476047
SYNRG,0.004096404410979087
SP100,0.004095960263849735
FLVCR1,0.00409571831009153
C1orf227,0.00409571831009153
RPS11,0.004095671189488601
SNORD34,0.004095671189488601
SNORD33|ENSG00000199631.1,0.004095671189488601
SNORD32A,0.004095671189488601
RPL13A,0.004095671189488601
SNORD35B,0.004095671189488601
FLT3LG,0.004095671189488601
MIR150,0.004095671189488601
SNORD35A,0.004095671189488601
AGO3,0.004095285308125535
RN7SL102P,0.004094886098442892
KPNA3,0.004094302050702777
EBPL,0.004094302050702777
RN7SL668P,0.0040941777477941374
LINC00364,0.004093691403689756
SMAD6,0.004093364093925598
MROH2A,0.004092823451032646
MOB1A,0.0040919947022168245
MGC10955,0.0040919947022168245
BOLA3,0.0040919947022168245
EIF2AK2,0.004091588714512727
GPATCH11,0.004091588714512727
PSMB6,0.004091079437855077
PLD2,0.004091079437855077
EAPP,0.0040897591051759245
AAGAB,0.004089342961959217
SMAD3,0.004089342961959217
MIR4327,0.004088288096397277
RNY4P16,0.004088123812736349
BAHD1,0.0040880048221820335
RN7SKP203,0.004087559294493799
RNY4P9,0.004086697797910864
RNY4P30,0.004086697797910864
ELTD1,0.004086018910558762
GREM2,0.004084185371832693
SMIM11,0.004083516660715724
SNORA11|ENSG00000221398.1,0.004083516660715724
KCNE1,0.004083516660715724
KCNE2,0.004083516660715724
FARP2,0.0040827091442340235
C6orf163,0.004081954197790395
SPTLC3,0.004081695107484128
RN7SL37P,0.004081163693901037
AARSD1,0.004081062059491297
TOMM20,0.004081013552170491
RAMP2,0.004080672939950387
VPS25,0.004080672939950387
SIRPG,0.004079969357604057
ASB1,0.004079950719044039
TRAF3IP1,0.004079950719044039
PCSK9,0.00407912119889422
CHD3,0.004078618627881325
SCARNA21|ENSG00000252835.1,0.004078618627881325
TRAPPC1,0.004078618627881325
CNTROB,0.004078618627881325
KCNAB3,0.004078618627881325
SLC16A14,0.004078273207682081
ST6GALNAC5,0.0040773225601926965
MAP3K5,0.004074768562252033
RN7SL183P,0.00407357315382207
ZNF780A,0.004072990589753284
DNMBP,0.0040724928332959804
MLNR,0.004072420900632324
CDADC1,0.004072420900632324
IL7R,0.00407236994874409
SUPT6H,0.004072240412332374
SDF2,0.004072240412332374
C1orf185,0.004071869740781268
COL4A3,0.004071402573242672
RND2,0.0040708772784640865
U8|ENSG00000212144.1,0.004070250501535678
ADPRHL2,0.004068402419369444
COL8A2,0.004068402419369444
TEKT2,0.004068402419369444
ANKFY1,0.004068354430379739
GABRA5,0.004067857932899104
RPL29P2,0.0040673543473360805
EFNB3,0.0040673543473360805
WRAP53,0.0040673543473360805
RNY4P19,0.004067167930999811
MAP10,0.00406636277806021
ZNF667,0.004065369026990512
ZNF471,0.004065369026990512
LARP6,0.004063916939268956
THAP10,0.004063916939268956
UCA1,0.004063468494664902
RNA5SP390,0.004062863463192826
NCSTN,0.004061878594016275
NHLH1,0.004061878594016275
C1orf95,0.004060356913956099
RN7SL299P,0.0040596384950251484
A3GALT2,0.004059560674381126
ZNF362,0.004059560674381126
AGXT,0.004059453330280526
FAM98A,0.00405932016621187
ACKR3,0.004057978761510609
NDUFAF5,0.004057375927205413
BMP2,0.0040571397618668825
DNAH2,0.004056926435172553
NOSIP,0.0040564865554893635
MIR5088,0.0040564865554893635
SCAF1,0.0040564865554893635
RRAS,0.0040564865554893635
BCL2L12,0.0040564865554893635
PRR12,0.0040564865554893635
ADM5,0.0040564865554893635
IRF3,0.0040564865554893635
FCGRT,0.0040564865554893635
PRRG2,0.0040564865554893635
PRMT1,0.0040564865554893635
RCN3,0.0040564865554893635
RCBTB1,0.004056187625912678
AQP9,0.004055984206247824
RN7SKP218,0.0040556556150275185
RRAGD,0.004054787091291318
UBE2J1,0.004054787091291318
EPS15,0.004053813964741721
NUP155,0.004052947250534277
LINC00486,0.004051233966845781
TTC27,0.004051233966845781
SNORD112|ENSG00000252502.1,0.004051233966845781
MIR558,0.004051233966845781
MIR4765,0.004051233966845781
EVA1B,0.004050501620760216
LSM10,0.004050501620760216
STK40,0.004050501620760216
OLIG3,0.004050298652792519
GPBP1L1,0.004049895496533278
TMEM69,0.004049895496533278
TRIM33,0.004049864115288664
ODF4,0.004049642845277254
CERS3,0.004049633055847451
IFNGR1,0.0040488889534799274
C19orf57,0.0040478531955657465
RPL26,0.004047290607661386
KRBA2,0.004047290607661386
RNF222,0.004047290607661386
RPS6KC1,0.004046887824756347
CEND1,0.00404688387555832
PDDC1,0.00404688387555832
TALDO1,0.00404688387555832
DLX3,0.004046640855383255
PHOSPHO1,0.004046420188970686
C17orf107,0.004045848699292337
CHRNE,0.004045848699292337
RN7SL784P,0.004045848699292337
RN7SL171P,0.004045848699292337
MINK1,0.004045848699292337
RAMP1,0.004045721170095622
SNORD39|ENSG00000263723.1,0.004045721170095622
RBM44,0.004045721170095622
BTF3L4,0.004045575825266809
SNORD112|ENSG00000252476.1,0.004045539100989701
TAC4,0.004044283736885391
DLX4,0.004044283736885391
CITED2,0.004043882033937997
CPNE8,0.004042211615290808
EID2,0.004041158706146696
MIR4269,0.004041065646158375
ASF1B,0.004041033073467586
SAMD1,0.004041033073467586
PRKACA,0.004041033073467586
C19orf67,0.004041033073467586
TRAPPC3,0.0040407815867152
MAP7D1,0.0040407815867152
RN7SL131P,0.0040407815867152
ZNF582,0.004040566536462156
ZNF542,0.004040566536462156
ZNF583,0.004040566536462156
FAM84A,0.004040386809365998
GP1BA,0.004039635868301274
MROH2B,0.0040383456517429864
MIR4715,0.004038009094260785
NGFR,0.00403764368392545
NXPH3,0.00403764368392545
PEG3,0.0040374019795001315
ZIM2,0.0040374019795001315
MIMT1,0.0040374019795001315
ZSCAN20,0.004036430886800307
BIRC6,0.00403639190418375
FAN1,0.00403631745192376
LRRC49,0.004035353587884719
ATP10A,0.004035030109376924
TTC39A,0.004034989252448047
MIR2467,0.004034894623796595
MTMR10,0.004034268339321719
MIR3605,0.004033547020155375
RN7SKP16,0.004033547020155375
ALG10B,0.004033151625383745
ALG10,0.004033151625383745
RNA5SP358,0.004033151625383745
RNA5SP359,0.004033151625383745
SYT10,0.004033151625383745
LYRM2,0.004032657556917298
ANKRD6,0.004032657556917298
SYNE1,0.004032545961422544
RASGRP3,0.004031559418338604
MIR211,0.004031317428316471
DLL4,0.004029838895281939
CHAC1,0.004029838895281939
TRABD2B,0.0040293049209796945
snoU13|ENSG00000238618.1,0.004028524058408913
RNF11,0.004028524058408913
FCRL3,0.004028150474428164
VTI1A,0.004027951299307254
TEX19,0.0040265622726611385
SECTM1,0.0040265622726611385
CD7,0.0040265622726611385
ANGEL2,0.004026442456413875
VASH2,0.004026442456413875
SLC17A7,0.004026415401522245
PTH2,0.004026415401522245
CCDC155,0.004026415401522245
SNORA14B,0.004025919866981335
RBM34,0.004025919866981335
MLPH,0.00402577437608348
LPGAT1,0.004024615283088137
ATP1A2,0.004024587400096599
IGSF8,0.004024587400096599
KCNJ9,0.004024587400096599
RN7SKP164,0.004024421032401219
RUNX1,0.0040224889035015655
NLRC4,0.0040223873121200855
SLC30A6,0.0040223873121200855
MGMT,0.004022355999778066
TTC25,0.004021081348372053
DNAJC7,0.004021081348372053
CNP,0.004021081348372053
RAB3GAP2,0.004020943947382929
SNORA2|ENSG00000199959.1,0.004020891564840695
PRKACB,0.004020891564840695
ANGPT4,0.004020288167367283
RAB17,0.00402000675977715
PRLH,0.00402000675977715
LINC00562,0.004019997200391943
CATSPER2,0.004019672659840361
CKMT1A,0.004019672659840361
CKMT1B,0.004019672659840361
CATSPER2P1,0.004019672659840361
STRC,0.004019672659840361
snoU13|ENSG00000238494.1,0.004019672659840361
snoU13|ENSG00000238535.1,0.004019672659840361
ATP1B2,0.004019325538699393
TP53,0.004019325538699393
EMR2,0.004018871675498273
LTBP1,0.004018147867655603
PALM3,0.0040179256713847675
LIN28B,0.004017706982153241
LINC00577,0.004017706982153241
HACE1,0.004017706982153241
KCNMB4,0.004016720940634816
SLC1A3,0.004015869509812251
LPHN2,0.004015748932839022
ARHGAP23,0.004015624560673457
ZNF329,0.004014685294289216
RN7SL11P,0.0040141762087936685
ZNF292,0.004013977725097283
RN7SL344P,0.004013767730386767
SRD5A2,0.004013752148773248
OMG,0.0040130174825046645
RN7SKP209,0.004012417810976423
CGA,0.004012417810976423
CSF3R,0.004011395121421196
MRPS15,0.004011395121421196
SNORA63|ENSG00000201448.1,0.004011395121421196
OSCP1,0.004011395121421196
VIP,0.004010627637130801
MYCT1,0.004010627637130801
RARS2,0.004010558773538481
C6orf164,0.004010558773538481
ORC3,0.004010558773538481
C6ORF165,0.004010558773538481
C6orf165,0.004010558773538481
SLC35A1,0.004010558773538481
TMEM92,0.004010401412265047
XYLT2,0.004010401412265047
RN7SKP270,0.00400942615747984
RN7SL831P,0.00400942615747984
RNA5SP94,0.004009358211011278
CAB39L,0.004009182164358989
EVI2B,0.004008856727043443
USP24,0.004008713645989942
DNM3,0.004008628748848476
CD1A,0.00400847241704675
C2orf71,0.004007072162459829
CLIP4,0.004007072162459829
RN7SL129P,0.004006418817900934
ZNF274,0.004005796826693113
ARID1B,0.004005443791440632
ESF1,0.0040044095216988885
CSMD1,0.004003190331634118
SLC52A3,0.004002404831313839
SH3D21,0.0040021323409572445
AIM2,0.004001228481283249
MEMO1,0.0040007533228349
SPAST,0.0040007533228349
DPY30,0.0040007533228349
RNA5SP223,0.003998598553345387
RN7SL761P,0.003997093338044788
IGF2R,0.003996090731055803
MNDA,0.003995982768786339
SP140,0.003995170513152816
SNORA70|ENSG00000207098.1,0.0039945625969408805
ZNF652,0.003994553551726208
LRRFIP1,0.003994265092292768
DNASE2B,0.00399411421960632
ADAMTS17,0.003993321078257813
SPATA41,0.003993321078257813
PHB,0.003992958735380844
C1orf111,0.003991087295294859
C1orf226,0.003991087295294859
SH2D1B,0.003991087295294859
SEL1L2,0.00399063995098359
HDDC3,0.003988899620734682
UNC45A,0.003988899620734682
GCNT3,0.003988638070832847
FAM124B,0.00398825159880876
MYT1L,0.003985399902749666
SMYD2,0.0039835791345475225
OSBPL9,0.003983026088502063
ZSCAN18,0.003982755352038735
MIR556,0.003981147837286943
RNA5SP91,0.003980986612491536
C2orf54,0.0039805165778083
RNA5SP92,0.003980445662583497
PPP1R9B,0.003979678629460982
SGCA,0.003979678629460982
HILS1,0.003979678629460982
COL1A1,0.003979678629460982
MYO18A,0.00397899618627892
FCRL1,0.003978512826050788
LPAR3,0.0039780613235828105
ZNF544,0.003977461646152944
ZNF460,0.003977080824693826
FCRL2,0.003977035984157515
TCEB2,0.003976242412224165
KCTD5,0.003976242412224165
TBC1D24,0.003976242412224165
ATP6V0C,0.003976242412224165
CEMP1,0.003976242412224165
MIR3178,0.003976242412224165
PDPK1,0.003976242412224165
CCNF,0.003976242412224165
ATP6C,0.003976242412224165
AMDHD2,0.003976242412224165
NTN3,0.003976242412224165
PDPK2,0.003976242412224165
PRSS27,0.003976242412224165
SRRM2,0.003976242412224165
C16orf59,0.003976242412224165
PRSS33,0.003976242412224165
SPATA1,0.0039762162116516505
GNG5,0.0039762162116516505
RPF1,0.0039762162116516505
snoU13|ENSG00000238628.1,0.003974909983450372
NIPBL,0.003974556112479821
GABRB3,0.003974531153987958
MIR3133,0.00397404027518835
MAP1A,0.003973071031202131
PPIP5K1,0.003973071031202131
CTBS,0.003972551321133922
C1orf180,0.003972551321133922
SSX2IP,0.003972551321133922
LRRC37BP1,0.00396983087376059
RN7SL316P,0.00396983087376059
SUZ12P,0.00396983087376059
CRLF3,0.00396983087376059
AKIRIN2,0.003969162342890364
FES,0.003968262375690764
WDR70,0.003967732820976493
RCCD1,0.003967322001637157
EGLN3,0.003967195932821113
CNR1,0.003966956657870019
snoU13|ENSG00000239135.1,0.0039668699472406735
TBC1D29,0.003966722372351015
ERICH1,0.003966207261505024
LPAL2,0.003965683221657798
LPA,0.003965683221657798
ZNF18,0.003965355478206406
SETDB2,0.003964191305765482
PHF11,0.003964191305765482
NKIRAS2,0.003963283402348648
DTYMK,0.00396318647172342
THAP4,0.00396318647172342
BOK,0.00396318647172342
CXXC11,0.00396318647172342
ATG4B,0.00396318647172342
GAL3ST2,0.00396318647172342
RNA5SP122,0.00396318647172342
D2HGDH,0.00396318647172342
PDCD1,0.00396318647172342
NEU4,0.00396318647172342
ING5,0.00396318647172342
CD1D,0.003962795281653271
MRPL45,0.003962764790894627
IBTK,0.003962385941763209
SLC22A2,0.0039615773697314885
SLC22A1,0.003961375793705598
WIZ,0.003961373012235113
MIR1470,0.003961373012235113
RASAL3,0.003961373012235113
PLG,0.003961139915811902
MYADM,0.003960738648207643
VPS33B,0.0039607337183579705
PRC1,0.0039607337183579705
SV2B,0.0039607337183579705
SMURF2P1,0.003959922609176337
MIR4753,0.00395971000500608
ZNF547,0.003959238891010017
PARK2,0.003959189417393751
SCO1,0.003958886465599827
ISM1,0.00395852833435451
DLEU1,0.003958007755639134
DLEU2,0.003958007755639134
DLEU7,0.003958007755639134
KCNRG,0.003958007755639134
TRIM13,0.003958007755639134
MIR3613,0.003958007755639134
RNA5SP28,0.003958007755639134
RNA5SP29,0.003958007755639134
RNASEH2B,0.003958007755639134
PSME4,0.003957995543545255
PUS10,0.0039578467237077666
MIR4441,0.003956775586301638
MIR4440,0.003956775586301638
TWIST2,0.003956775586301638
LINC00444,0.003955232934055896
STK25,0.003954731298858472
MBIP,0.003954077483697739
YIPF4,0.003953854969326138
PTBP2,0.003953194991576893
CDH6,0.003952354872633499
FAR1,0.003951576231556881
MRPL27,0.0039510973138879475
EME1,0.0039510973138879475
RNU6ATAC34P,0.003950959240090627
GOSR1,0.003950330678424122
MIR4675,0.003949835401716229
SLAMF6,0.003949686050432428
KCNQ1OT1,0.00394918914938918
LINC00652,0.003948710274157673
SCP2D1,0.003948710274157673
PIGK,0.00394864703839524
RNA5SP491,0.003946054655152018
TCF21,0.003945874633157555
TBPL1,0.003945874633157555
MDN1,0.0039439633000849855
PODNL1,0.0039432982269621344
LINC00838,0.003943027530601159
HTR1E,0.003943010019233346
SNORA31|ENSG00000199477.1,0.003942714345769142
SNORA31|ENSG00000253051.1,0.003942714345769142
TPT1,0.003942714345769142
UAP1,0.003942286136096456
HLCS,0.003941897213161853
U3|ENSG00000252683.1,0.003941753061763923
ZIM3,0.003941753061763923
DUXA,0.003941753061763923
USP29,0.003941753061763923
ARID4B,0.003940780769505822
ECI1,0.003940614293111234
MLST8,0.003940614293111234
MIR940,0.003940614293111234
E4F1,0.003940614293111234
DNASE1L2,0.003940614293111234
PGP,0.003940614293111234
BRICD5,0.003940614293111234
MIR3677,0.003940614293111234
RNPS1,0.003940614293111234
IPP,0.003939841783060401
UHMK1,0.00393961596996291
MIR210,0.003939395528824857
MIR210HG,0.003939395528824857
RASSF7,0.003939395528824857
C11orf35,0.003939395528824857
USP34,0.003939169291028335
CSNK2A1,0.003938393575215646
RNU4ATAC18P,0.003938153264352121
HDAC4,0.003938142587686303
snoU13|ENSG00000238938.1,0.003937656445884926
ANKRD13B,0.003937544677715577
RN7SL367P,0.003937480032168863
HS3ST6,0.003937480032168863
ZNF692,0.003937296450321365
OR2T29,0.003937296450321365
OR2T10,0.003937296450321365
OR2T11,0.003937296450321365
OR2T12,0.003937296450321365
OR2M5,0.003937296450321365
SH3BP5L,0.003937296450321365
OR2T1,0.003937296450321365
OR2T27,0.003937296450321365
PGBD2,0.003937296450321365
OR2T2,0.003937296450321365
OR2T33,0.003937296450321365
OR2M3,0.003937296450321365
OR6F1,0.003937296450321365
OR2T34,0.003937296450321365
OR2T35,0.003937296450321365
OR2T3,0.003937296450321365
OR2T4,0.003937296450321365
OR2W3,0.003937296450321365
OR2T8,0.003937296450321365
OR2T7,0.003937296450321365
OR2T6,0.003937296450321365
OR2M4,0.003937296450321365
OR2M7,0.003937296450321365
OR2M2,0.003937296450321365
OR1C1,0.003937296450321365
OR14A16,0.003937296450321365
OR14A2,0.003937296450321365
OR14C36,0.003937296450321365
OR14I1,0.003937296450321365
OR2L8,0.003937296450321365
OR14K1,0.003937296450321365
MIR3124,0.003937296450321365
OR2T5,0.003937296450321365
OR11L1,0.003937296450321365
TRIM58,0.003937296450321365
ZNF672,0.003937296450321365
OR2AJ1,0.003937296450321365
OR2AK2,0.003937296450321365
OR2G6,0.003937296450321365
LYPD8,0.003937296450321365
OR2L13,0.003937296450321365
OR2L2,0.003937296450321365
OR2L3,0.003937296450321365
OR2L5,0.003937296450321365
OR13G1,0.003937296450321365
FRA10AC1,0.0039370271706882926
ADAM12,0.003936415658996239
PDE6C,0.003936393641218356
ENPP3,0.003933784813574751
CTAGE9,0.003933784813574751
OR2A4,0.003933784813574751
C2orf74,0.003933498334904548
ENPP1,0.003932884841504919
MIR548H5,0.003932884841504919
RN7SKP245,0.003932884841504919
CTGF,0.003932884841504919
KIF2C,0.003932847105267921
TDRP,0.003931857242538756
ZNF596,0.003931857242538756
FBXO25,0.003931857242538756
OR4F21,0.003931857242538756
RPL23AP53,0.003931857242538756
MAGOH2,0.003931794935626504
TRPM1,0.003931510535932655
KCNT2,0.003931410427471413
CPD,0.003931112217323281
MAN2A2,0.003930732387105544
AHSA2,0.003930141876056193
SLC2A12,0.0039299047267384365
SYNJ1,0.003926873899884397
PAXBP1,0.003926873899884397
VANGL2,0.003926681308533297
ANO7,0.0039263020748154746
TTC9B,0.0039258609374652415
CNTD2,0.0039258609374652415
AKT2,0.0039258609374652415
MAP3K10,0.0039258609374652415
ESRRG,0.003925430299336831
DCAF15,0.003925257760501454
FURIN,0.003924965514897279
MIR4717,0.003924706128609356
ABCA3,0.003924706128609356
ABCA17P,0.003924706128609356
THRAP3,0.0039242996323862345
CCDC170,0.003923715340566612
SPERT,0.003923043045982002
SIAH3,0.003923043045982002
SPNS3,0.003922376617153808
KIAA1841,0.003921420920370207
RN7SL526P,0.00392137096774193
ZSCAN1,0.00392137096774193
LINC00670,0.003917787760902817
snoU13|ENSG00000238864.1,0.003917092850145414
C21orf58,0.003916798625659382
DIP2A,0.003916798625659382
MCM3AP,0.003916798625659382
PRMT2,0.003916798625659382
S100B,0.003916798625659382
PCNT,0.003916798625659382
YBEY,0.003916798625659382
OCA2,0.0039167948551624455
NPW,0.003915936808011368
ZNF598,0.003915936808011368
RN7SL219P,0.003915936808011368
PREP,0.0039156528156729445
CFHR5,0.003914465281553888
MIR4735,0.003914465281553888
CFH,0.003914465281553888
CFHR4,0.003914465281553888
CFHR3,0.003914465281553888
CFHR1,0.003914465281553888
CFHR2,0.003914465281553888
snoU13|ENSG00000238981.1,0.003913428938028785
MAP3K4,0.0039122140268471476
PNLDC1,0.003910852160602673
AIRN,0.003910852160602673
MAS1,0.003910852160602673
COL19A1,0.003910289334994116
SOX11,0.003909153319286234
CASP8AP2,0.00390912521805251
RN7SL690P,0.003908926570615755
snoU13|ENSG00000238747.1,0.00390861083776893
PCNXL2,0.0039078593796058585
LGALS13,0.003907293497363795
MYH3,0.0039052608222706893
GIPC2,0.0039049661162211973
ZNF264,0.0039047218714206057
AURKC,0.0039047218714206057
ZNF805,0.0039047218714206057
ZNF543,0.0039037893917589377
TRAPPC2P1,0.0039037893917589377
ZNF304,0.0039037893917589377
RNA5SP89,0.0039031019447503764
KIF1A,0.003902893620732886
SPATA20,0.0039025456879776986
CACNA1G,0.0039025456879776986
RLN3,0.0039020536016924397
IL27RA,0.0039020536016924397
DMAP1,0.0039006356277503126
ERI3,0.0039006356277503126
TTK,0.0039002577492507923
ELK4,0.0038999884359127227
BCKDHB,0.003899223397593593
CYP26B1,0.003898928370441421
NEXN,0.003898030057317274
ITPKB,0.003897692677455536
WTAP,0.0038970046446016858
SOD2,0.0038970046446016858
RFX1,0.0038966632335515014
SNORD115|ENSG00000212428.1,0.0038966154602433365
FAM73A,0.003896150280214234
KIRREL,0.003896043498833855
LINC00929,0.0038953176846503617
MIR641,0.0038949161308980914
RNA5SP476,0.0038947059923925952
ASPM,0.003894531628708845
F13B,0.003894464185603427
CNOT2,0.0038939734527645552
TASP1,0.0038939596396772255
FAM124A,0.003893668557055179
NCOA1,0.0038929867833209235
CYSLTR2,0.003891069945818725
SNORD109A,0.003889895538896402
CHAD,0.0038890599610824773
ACSF2,0.0038890599610824773
MIR519C,0.003888951185675568
MIR520C,0.003888951185675568
MIR519A2,0.003888951185675568
MIR520B,0.003888951185675568
RN7SL317P,0.003888951185675568
MIR519D,0.003888951185675568
MIR519B,0.003888951185675568
MIR520A,0.003888951185675568
MIR520F,0.003888951185675568
MIR522,0.003888951185675568
MIR520H,0.003888951185675568
MIR523,0.003888951185675568
MIR516B2,0.003888951185675568
MIR516B1,0.003888951185675568
MIR524,0.003888951185675568
MIR525,0.003888951185675568
MIR526B,0.003888951185675568
DPRX,0.003888951185675568
MIR1323,0.003888951185675568
MIR526A2,0.003888951185675568
MIR371A,0.003888951185675568
MIR371B,0.003888951185675568
MIR372,0.003888951185675568
MIR526A1,0.003888951185675568
MIR373,0.003888951185675568
MIR498,0.003888951185675568
MIR516A1,0.003888951185675568
MIR516A2,0.003888951185675568
MIR520D,0.003888951185675568
MIR519E,0.003888951185675568
MIR517A,0.003888951185675568
MIR519A1,0.003888951185675568
MIR518E,0.003888951185675568
MIR518D,0.003888951185675568
NLRP12,0.003888951185675568
MIR518C,0.003888951185675568
MIR517B,0.003888951185675568
MIR518B,0.003888951185675568
MIR518A2,0.003888951185675568
MIR518A1,0.003888951185675568
MIR520E,0.003888951185675568
MIR520G,0.003888951185675568
MIR517C,0.003888951185675568
MIR527,0.003888951185675568
MIR518F,0.003888951185675568
LGALSL,0.003888609455528746
SFTA3,0.0038885334356220376
KIAA0100,0.0038880498809374603
SNORA48|ENSG00000212604.1,0.0038877669902912613
SERTAD1,0.003887624858178904
LINC00945,0.0038873016887319123
OLIG2,0.0038868253350451075
RNF220,0.003886234403578349
RPS4XP16,0.0038859129179136588
RN7SL320P,0.0038859129179136588
ZNF135,0.0038855473079390966
MIR5693,0.0038848182781549448
SERPINE3,0.0038848182781549448
INTS6,0.0038848182781549448
SGK494,0.003883788695325229
B3GAT2,0.003883772420271058
MFAP4,0.0038831407081269483
MAPK7,0.0038831407081269483
RNF112,0.0038831407081269483
LRRC56,0.0038818157446907685
HRAS,0.0038818157446907685
ZNF331,0.0038816013628620066
KCNQ1,0.003880952527043696
GABRR2,0.0038807320850801573
OLIG1,0.0038804816981428
TMEM220,0.003879895660268108
ADPRM,0.003879895660268108
PHC2,0.0038786421832273906
MBOAT2,0.0038771324598921766
LINC00462,0.003876625587660769
NOXO1,0.003876419781648322
TBL3,0.003876419781648322
GFER,0.003876419781648322
SYNGR3,0.003876419781648322
MTERFD2,0.0038763560440039637
ITGA3,0.003875845052057219
AGAP1,0.0038757346056800678
TBCE,0.003874557498390897
SNED1,0.003874257242228979
LINC00675,0.0038740509035019898
SPACA1,0.0038735306676216555
U3|ENSG00000212165.1,0.0038733243166499827
FUBP1,0.0038729398120860127
MYH8,0.0038726708914877703
DNAJB4,0.0038709835694736927
EGFLAM,0.0038697805359197792
SNORD17,0.0038695932323169267
MGME1,0.0038695932323169267
CDH9,0.003869261057577029
GPC1,0.0038692201179690157
MTMR12,0.0038680103981055154
ECEL1,0.0038676051294059322
GOLPH3,0.0038652823095930555
B3GALNT2,0.0038652470857469725
SNORD109B,0.0038644021138011598
PTGFR,0.0038638340443563667
RN7SL700P,0.0038633851941842668
RN7SKP291,0.003863381670627417
MIR548S,0.003863078678748165
LRRC59,0.0038624195069108785
RN7SL178P,0.0038622499494309678
MYCBPAP,0.003861988204377229
RSAD1,0.003861988204377229
EPN3,0.003861988204377229
IFI35,0.003860840802945347
VAT1,0.003860840802945347
SNORD112|ENSG00000251863.1,0.0038599788679086564
SNRPN,0.0038597271721764826
LGALS16,0.00385905764054192
ZNF333,0.0038589775101388764
RNA5SP23,0.0038582648064307496
KIAA0753,0.0038582000888296684
SLC45A3,0.003856347349600153
IFI44L,0.0038562798892524527
IFI44,0.0038562798892524527
MED23,0.003853504546410627
RN7SL363P,0.003853389453648339
MIR587,0.003853122064677727
PASK,0.0038526913725618504
PPP1R7,0.0038526913725618504
CRTC3,0.003852593534645135
ELOVL4,0.0038525769333989353
MIR149,0.0038515193144277597
KIDINS220,0.0038512752853643592
MIR4433,0.0038509877977024745
MR1,0.003850685255885639
OVOL2,0.003850375174076607
snoU13|ENSG00000238816.1,0.0038493229475524
STX6,0.0038488656615970032
PDZD2,0.0038487620751985713
C5orf42,0.003846513850073972
RN7SL127P,0.0038458496261386406
PAQR3,0.003845488472050689
EFCAB13,0.003845464921051144
AQP12A,0.0038451193318723453
AQP12B,0.0038451193318723453
LPHN1,0.0038446376879351413
ZNF671,0.0038441419238173023
ZNF776,0.0038441419238173023
ZNF586,0.0038441419238173023
ZNF552,0.0038441419238173023
MIR4714,0.0038428527323247927
AFTPH,0.003842355137404721
DUSP28,0.003841532288838732
RNPEPL1,0.0038410689170182808
snoU13|ENSG00000238354.1,0.003840186702518958
ZNF527,0.00384010733502859
ALDOC,0.003839962714625892
GPR75,0.0038394285623982666
MIR3682,0.0038394285623982666
ATAD5,0.003838861249309007
ZNF780B,0.003838240528575561
ELAC2,0.0038381348685399062
LINC00846,0.003837482419127992
TCP10L,0.003837482419127992
SNORA33|ENSG00000252045.1,0.003837482419127992
RNA5SP490,0.003837482419127992
MIR1180,0.0038357725731602093
COX10,0.003835637683343387
SPAG5,0.0038351453816267704
GCSAML,0.003834901554058846
C17orf112,0.003834605508636082
SNORA20|ENSG00000207392.1,0.0038339461106150544
SNORA29,0.0038339461106150544
MRPL18,0.0038339461106150544
TCP1,0.0038339461106150544
ACAT2,0.0038339461106150544
COPS8,0.003831756336002376
POPDC3,0.003831081987744331
BVES,0.003831081987744331
RNA5SP435,0.0038307184099489223
GPR35,0.00382911392405063
CAPN10,0.00382911392405063
ZNF497,0.0038290738202181613
snoU13|ENSG00000238615.1,0.0038290672237925546
snoU13|ENSG00000238888.1,0.0038289219688654058
GGPS1,0.0038288546806836835
PNPT1,0.0038279829264084783
LRRC28,0.0038270788073111284
SNORD18|ENSG00000238503.1,0.003825056664896158
RN7SKP5,0.003824332890706848
LINC00563,0.003824332890706848
LRRC63,0.003824332890706848
snoU13|ENSG00000238483.1,0.003824332890706848
KLF13,0.003822534572873333
SNX5,0.0038225062875433826
BMP2K,0.0038223924451915234
RN7SL288P,0.0038223510806536733
MSRB1,0.00382205770565489
RPL3L,0.00382205770565489
NDUFB10,0.00382205770565489
MIR3681,0.003821759320126423
C21ORF59,0.0038202984762491232
C21orf59,0.0038202984762491224
DPPA3P2,0.003820104845927634
TSPYL6,0.0038194630130058927
ACYP2,0.0038194630130058927
C2orf73,0.0038194630130058927
TP53BP1,0.0038183361710402122
RPS2,0.003818284474116183
SNORA10,0.003818284474116183
SNHG9,0.003818284474116183
RNF151,0.003818284474116183
SNORA64|ENSG00000207405.1,0.003818284474116183
SNORD64|ENSG00000270704.2,0.003818183605751509
SNURF,0.003818183605751509
SNORD108,0.003818183605751509
HIF3A,0.0038172810551519642
GOT1L1,0.0038169277500987677
RTN4,0.003815989239547862
GAD2,0.00381555077438885
CLDN8,0.0038151320593962992
snoU109|ENSG00000239197.1,0.003815018226828423
MIR548AJ1,0.003814502308549048
DDR2,0.0038132918986734238
RN7SL861P,0.0038132918986734238
NPAS3,0.0038131451042647856
LINC00307,0.00381231235800065
EVI2A,0.003812311437128604
RAB26,0.0038121040861067955
NTHL1,0.0038121040861067955
CASKIN1,0.0038121040861067955
TSC2,0.0038121040861067955
SNORD60|ENSG00000206630.1,0.0038121040861067955
SLC9A3R2,0.0038121040861067955
TRAF7,0.0038121040861067955
MIR4516,0.0038121040861067955
MIR1225,0.0038121040861067955
PKD1,0.0038121040861067955
DROSHA,0.003812052443066265
C5orf22,0.003812052443066265
MIR3175,0.0038118996972108855
QRSL1,0.0038096569307152104
SEC23B,0.0038091372035501223
LINC00493,0.0038091372035501223
RN7SL638P,0.0038091372035501223
ADAM2,0.0038086668069145617
TMC2,0.003808059867844914
FAM179A,0.003807297727964476
CLDN17,0.0038061556718597873
MIR3125,0.0038059526959549994
EVA1C,0.0038058602906704203
MIR5096,0.003805520752983981
PDIA6,0.003804957060893071
NEK3,0.0038046184481734624
snoU13|ENSG00000238756.1,0.0038043837608053195
LINC00930,0.0038040679675174437
FAM174B,0.003803804549484354
ST8SIA2,0.0038026460766291607
C15orf32,0.0038026460766291607
ARNTL,0.0038018839528071204
DTD1,0.003801533952734297
ASAP2,0.0038005774877121626
RAB11FIP4,0.0037997733781403088
INSM1,0.0037996259595719784
C6orf99,0.0037994567541812657
OSTCP1,0.0037994567541812657
ZNF750,0.0037992461443328977
DUSP14,0.003796922886593299
ESR1,0.003796460113934741
COG2,0.0037953211994107886
SPTBN1,0.0037947470724885015
RBP4,0.003794581932357597
FFAR4,0.003794581932357597
SCARNA21|ENSG00000251805.1,0.0037944046289401824
ITSN2,0.0037944046289401824
PRKCG,0.003794147456494083
ASB3,0.003793286872422129
MIR759,0.0037932819396084907
FLYWCH1,0.0037923397629093807
LINC00310,0.0037918303175499004
ZNF324B,0.0037910480954325343
ZNF132,0.0037910480954325343
ZNF324,0.0037910480954325343
MZF1,0.0037910480954325343
RNA5SP473,0.0037910480954325343
CHMP2A,0.0037910480954325343
MIR4754,0.0037910480954325343
ZBTB45,0.0037910480954325343
UBE2M,0.0037910480954325343
TRIM28,0.0037910480954325343
SLC27A5,0.0037910480954325343
ZNF446,0.0037910480954325343
RPS5,0.0037910480954325343
RN7SL693P,0.0037910480954325343
ZNF584,0.0037910480954325343
ZNF837,0.0037910480954325343
RPL23AP79,0.0037910480954325343
RN7SL525P,0.0037910480954325343
BRCA1,0.003790437133508608
CLHC1,0.0037884363478360907
LGALS17A,0.0037876938221619062
KIAA0226L,0.0037873591213308183
CSNK1A1P1,0.0037872917396307615
U3|ENSG00000212511.1,0.0037872917396307615
LGALS14,0.0037864841716535747
CLIC6,0.003786422113149055
YJEFN3,0.003786186555241493
ANTXR2,0.003785728493497373
CILP2,0.0037856130433001544
ZG16B,0.0037848151496885645
SNORA3|ENSG00000221719.1,0.0037848151496885645
PRSS41,0.0037848151496885645
PRSS30P,0.0037848151496885645
PRSS22,0.0037848151496885645
FLYWCH2,0.0037848151496885645
PRSS21,0.0037848151496885645
PIGS,0.003783885825291389
RNA5SP22,0.003783366840094689
LINC00371,0.0037825567989938588
snoU13|ENSG00000238462.1,0.003782344448710117
ADAM17,0.003782344448710117
IAH1,0.003782344448710117
CPSF3,0.003782344448710117
ITGB1BP1,0.003782344448710117
SOST,0.003782208028287436
RNA5SP331,0.003782122604746165
MIR4510,0.0037817081102716724
EFEMP1,0.0037816248027143953
ID2,0.0037809115438063342
SPTSSA,0.003780394140713434
B9D1,0.0037797278107312973
C15orf41,0.0037794766598288894
TRIB2,0.003779219338153077
ZNF548,0.0037787012834444448
SP140L,0.003778261490528813
UNC119,0.003777815202406315
C20orf26,0.003777071071846589
SNORD18|ENSG00000200677.1,0.0037764997125061235
RN7SL699P,0.003775236213364365
SYNM,0.003775182622340683
ABCC3,0.003774639411021291
NF1,0.003774556705414848
LINC00309,0.0037739386527258765
ZNF587B,0.003773647806358322
MIR4279,0.003773072403623404
COL6A3,0.003770745428973276
SLC25A21,0.0037705076077228002
RBBP9,0.0037704142503793303
MIR3192,0.0037704142503793303
POLR3F,0.0037704142503793303
WDR93,0.0037699964027859997
PEX11A,0.0037699964027859997
RNA5SP93,0.0037696950140256487
PSPN,0.0037693122449510104
ALKBH7,0.0037693122449510104
CLPP,0.0037693122449510104
RN7SKP151,0.003769276250369536
RPL31P11,0.0037689410163642646
FCGR3A,0.0037689410163642646
FCGR2C,0.0037689410163642646
HSPA6,0.0037689410163642646
FCGR3B,0.0037689410163642646
FCGR2B,0.0037689410163642646
FCGR2A,0.0037689410163642646
COL9A1,0.0037685234537779455
CD300LG,0.003768479716593947
MPP2,0.003768479716593947
PTGFRN,0.0037684420112772724
KHSRP,0.0037681620876978718
MIR3940,0.0037681620876978718
SLC25A41,0.0037681620876978718
SLC22A16,0.003768103949546
RN7SL617P,0.003768103949546
RN7SKP168,0.00376768823999951
RN7SKP208,0.0037676183234397666
MIR216A,0.0037676183234397666
MIR216B,0.0037676183234397666
MIR217,0.0037676183234397666
BLM,0.0037676114782283577
PPP5C,0.0037671343700713426
SNORD92,0.003766974021091076
SNORD53,0.003766974021091076
PPP1CB,0.003766974021091076
SPDYA,0.003766974021091076
TRMT61B,0.003766974021091076
WDR43,0.003766974021091076
RNA5SP55,0.0037663000514988818
FCRLB,0.003766015680770858
RN7SL466P,0.003766015680770858
FCRLA,0.003766015680770858
DUSP12,0.003766015680770858
NBR1,0.0037660105772842132
MYH13,0.0037657551371623765
DMRTC2,0.0037644155332428025
LYPD4,0.0037644155332428025
FNDC1,0.003764224561614132
PVRL4,0.00376332425051566
KLHDC9,0.00376332425051566
PFDN2,0.00376332425051566
ARHGAP30,0.00376332425051566
F11R,0.00376332425051566
USF1,0.00376332425051566
TSTD1,0.00376332425051566
GTF2F1,0.0037629181503911887
CHD2,0.0037626037031477065
MEF2A,0.0037608985670625453
DKFZP779J2370,0.0037608985670625453
LYSMD4,0.0037608985670625453
DNM1P46,0.0037608985670625453
RN7SL484P,0.0037608985670625453
CD244,0.0037598278213692303
ZNF551,0.003759070757743687
CLC,0.0037568018509043146
SDHC,0.003756477203342725
C1orf192,0.003756477203342725
PGPEP1L,0.0037564540663877844
ANXA3,0.0037560292668571997
ATP1A3,0.003755083282153588
TMEM17,0.0037543614579423215
SMEK2,0.003753950504476074
SNORA12|ENSG00000212175.1,0.003753950504476074
ITLN2,0.00375359439599263
ITLN1,0.00375359439599263
CCDC88A,0.0037535607256276456
MTIF2,0.0037535607256276456
PRORSD1P,0.0037535607256276456
SMYD3,0.0037534763359730653
MIR5009,0.0037532169573234486
ANPEP,0.0037532169573234486
MIR5094,0.0037532169573234486
MESP2,0.003753165973188012
VPS36,0.003752227126104828
RNY4P24,0.003752227126104828
THSD1,0.003752227126104828
ZNF587,0.003751700704501259
ZNF814,0.003751700704501259
CTSF,0.00375168128177686
ACTN3,0.00375168128177686
RTN4IP1,0.003751042738292258
SAMD14,0.003750772332443988
PIGP,0.003750747832553109
AIM1,0.0037507296372500812
PDK2,0.003749909727376683
SLC5A3,0.0037491332742078513
SPAG9,0.0037490471223093798
RN7SL18P,0.00374900155689434
RN7SL709P,0.00374892633393708
ERO1LB,0.0037489196391594817
ZNF154,0.003748476054366214
ACKR6,0.0037482123029091707
RIPPLY3,0.0037481367561812387
TADA2A,0.003747459638191745
HTR2A,0.003747122069576925
ESD,0.0037469754234407166
MYEOV2,0.0037460449852266126
OTOS,0.0037460449852266126
CACNG7,0.003745987248326975
ALDH1A2,0.003745259784969017
SNORD112|ENSG00000252932.1,0.003744037375552922
ZNF17,0.0037440306616934376
ZNF749,0.0037440306616934376
ITSN1,0.003743642169588093
PELI1,0.0037424979436926006
MIR4786,0.0037424579421930014
EME2,0.0037423406153947866
MEIOB,0.0037423406153947866
HAGH,0.0037423406153947866
FAHD1,0.0037423406153947866
MRPS34,0.0037423406153947866
NME3,0.0037423406153947866
IGFALS,0.0037423406153947866
SPSB3,0.0037423406153947866
NUBP2,0.0037423406153947866
PRX,0.0037422498943293792
ACA64|ENSG00000238934.1,0.003742184675858849
UFC1,0.003742184675858849
PPOX,0.003742184675858849
NDUFS2,0.003742184675858849
NIT1,0.003742184675858849
DEDD,0.003742184675858849
B4GALT3,0.003742184675858849
USP21,0.003742184675858849
ADAMTS4,0.003742184675858849
SRSF12,0.0037412672283535626
PM20D2,0.0037412672283535626
RN7SL336P,0.0037412672283535626
PNRC1,0.0037412672283535626
GABRR1,0.0037412672283535626
ZNF546,0.0037412182153900926
LRRC8C,0.003740915321722176
WDR27,0.0037408782712616733
C6orf120,0.0037408782712616733
RN7SL601P,0.003740168090875145
C6orf57,0.0037396441102614045
WFIKKN2,0.0037392174366587113
PPFIBP1,0.003737975737957284
MIR802,0.003737934634405361
PRR21,0.003737524395163486
OR6B3,0.003737524395163486
AKAP10,0.0037358057154382534
LINC00160,0.0037340015499870826
FBXL20,0.003733679546080787
HIPK4,0.0037336516429000454
ANKRD40,0.0037333095949768384
LINC00483,0.00373301871652391
LUC7L3,0.00373301871652391
RNA5SP477,0.003731845108187311
CCDC87,0.0037317841032643365
OSMR,0.0037309921091566714
C8B,0.0037304768359925984
SH3BGRL2,0.003729922395670259
SGK1,0.0037296165573316086
MBTD1,0.003729041705951981
MIR4525,0.003728193656336391
LSS,0.003727833348086513
RNA5SP21,0.0037275565765117085
METTL24,0.003727403609607729
RN7SL847P,0.0037273435873342977
ITGB1,0.0037273435873342977
ADRB3,0.00372549296280523
TOB1,0.003724994483339691
SLAMF7,0.003724499002105152
ZDHHC24,0.003724474182495363
FN3K,0.003724046995489595
FN3KRP,0.003724046995489595
CCS,0.0037237559650372828
MYCNOS,0.003723042864127779
MYCN,0.003723042864127779
RN7SL104P,0.003723042864127779
RN7SL599P,0.003722802088083592
ARL4D,0.003722801390002669
TMEM106A,0.003722801390002669
LINC00910,0.003722801390002669
LINC00854,0.003722801390002669
MYH2,0.003722682526883181
HMGB4,0.0037217505159495234
PLIN1,0.0037216747722000508
CD48,0.00372146127044014
PIRT,0.0037210806305843216
CD84,0.00372107851625035
SLAMF1,0.00372107851625035
GDNF,0.0037209436133486774
MED1,0.003720889168808239
MLLT10,0.0037202380132505017
RPS27A,0.003720110032651969
RBM4,0.003718788057718562
RBM14,0.003718788057718562
C8A,0.0037182765758669314
snoU13|ENSG00000238631.1,0.003717878591887646
PELI3,0.0037177831210380916
IGF1R,0.003716916252892644
KIF2B,0.003715550963911013
CHAC2,0.003715343162818627
OR6B2,0.0037149881703899927
PSMC4,0.00371490623122956
RN7SL864P,0.003713951426820845
NDUFA10,0.0037137288893250007
LIFR,0.003713594751767225
MIR3942,0.003713153549807372
PCSK2,0.0037112593965298183
RGMA,0.003711140883328473
WSCD1,0.0037105309006145973
MESP1,0.0037085321950653055
TMX4,0.0037083023082650716
SNORD112|ENSG00000252495.1,0.0037082772873444467
TFB2M,0.0037082772873444467
SCCPDH,0.0037082772873444467
CNST,0.0037082772873444467
SNORA25|ENSG00000252011.1,0.0037082772873444467
RN7SL516P,0.003706893383346486
BBS1,0.0037064931968057747
HSD17B7,0.0037062361593351027
LINC00574,0.0037062114338674637
LINC00242,0.0037062114338674637
C6orf70,0.0037062114338674637
DNER,0.003705570514038012
DENND1C,0.0037054817664336076
CRB3,0.0037054817664336076
SLC25A23,0.0037054817664336076
RN7SL547P,0.003705256502426368
MICU2,0.0037045514355640956
HKR1,0.00370395200831706
snoU13|ENSG00000238807.1,0.0037014850991727278
OTX1,0.003700903983311073
UACA,0.0036997463190441447
RN7SL413P,0.0036981239737752195
RNY1P6,0.0036981239737752195
HAO1,0.0036971525406321354
ETV4,0.0036970991984137448
MYH1,0.0036967599482630818
FAM135A,0.003696590173840425
CCDC104,0.0036965827257682228
MEOX1,0.0036962262171828415
ERLEC1,0.003694135495187975
MRPS6,0.0036939162184264165
RNPC3,0.0036932674958969794
AMY1B,0.0036932674958969794
AMY1C,0.0036932674958969794
AMY2A,0.0036932674958969794
AMY1A,0.0036932674958969794
AMY2B,0.0036932674958969794
DPP3,0.0036930997186745023
TTC23,0.0036927724323114796
FGF9,0.003692577436248319
KCNK2,0.003691652292928123
LINC00649,0.0036910828025477674
DDO,0.003690426935635369
FAM49A,0.0036903650785027465
TOM1L1,0.0036886196312864816
snoU13|ENSG00000238878.1,0.00368660359483144
SCARNA16|ENSG00000251942.1,0.0036836043553153484
KIAA1217,0.0036835344338342325
MIR4723,0.0036832153152024046
SARM1,0.0036832153152024046
SLC46A1,0.0036832153152024046
VTN,0.0036832153152024046
SEBOX,0.0036832153152024046
RNA5SP332,0.003682606358676665
BTBD10,0.003682082291918626
MEIS2,0.0036820483314154227
NTSR2,0.003681911953212623
LPIN1,0.003681911953212623
UTP18,0.0036817538967682467
DZANK1,0.003681270395543637
MPZ,0.0036807344020073395
CD5L,0.0036804532435133932
TOMM40L,0.003680066101041036
PCP4L1,0.003680066101041036
NR1I3,0.003680066101041036
FCER1G,0.003680066101041036
MIR5187,0.003680066101041036
APOA2,0.003680066101041036
NAA20,0.0036797705774301174
RNA5SP211,0.0036797004293957166
LINC00237,0.0036794246637982934
B3GNTL1,0.003679270333187834
PLK1S1,0.003678589096048719
C15orf38,0.003677545170527774
AP3S2,0.003677545170527774
RNA5SP218,0.003677483137762172
SNORA74|ENSG00000252305.1,0.003677039104289182
CRNKL1,0.003676625805457327
ALG11,0.0036764466130215514
UTP14C,0.0036764466130215514
A1BG,0.003675406871609401
MARCH5,0.0036753733188291163
IDE,0.0036753733188291163
KIF11,0.0036753733188291163
HHEX,0.0036753733188291163
RN7SL644P,0.0036753733188291163
SMCO2,0.003673432483300735
YWHAQ,0.003671837741093008
SLC13A2,0.003670537504699835
GALNT18,0.0036693353758499403
UTRN,0.0036692998755442742
SNORD39|ENSG00000264379.1,0.00366798308805873
MIR3650,0.003667721518987346
RIN2,0.003667173827191281
SLC35F3,0.0036662630709961503
METRNL,0.003666166521169793
C17orf105,0.003664874331613002
MPP3,0.003664874331613002
PLD3,0.0036635169406687277
HNRNPA1L2,0.0036632818231574506
VN1R1,0.0036624937589943922
DYSF,0.003662289374903793
LY9,0.0036613141834729228
snoZ178,0.0036611115569018487
AK5,0.0036602956029146098
MIR4295,0.0036593659541610405
FAM169B,0.0036578114776618658
DUSP3,0.0036569450767835014
TAGAP,0.0036561231457234384
RSPH3,0.0036561231457234384
RNY3P2,0.003655818769679422
ZDHHC21,0.0036554890678941335
NRP1,0.0036549954046037492
RAB40B,0.003654458569765748
ARNTL2,0.0036542421670295593
RNA5SP20,0.003653346799759136
FMN2,0.0036532804747994654
LCA5,0.003652963836829629
LEUTX,0.0036526495517341076
ITM2B,0.0036525226438872353
CLCA3P,0.0036522233533739265
FOXN1,0.0036515501629276834
CLCN7,0.0036509733284859716
CCDC154,0.0036509733284859716
C16orf91,0.0036509733284859716
RN7SL408P,0.00365035202808833
C19orf47,0.003649437721074058
RFX2,0.003649280014555668
FGF4,0.0036486614117102077
ZNF606,0.003648568558871092
MIR320B1,0.0036479167760911798
SLC1A4,0.0036471855006839833
MIR4262,0.0036466476994841024
SPATC1L,0.0036454679872401394
LINC00458,0.00364508691528812
CD2,0.0036447686328063425
DDX1,0.0036445754332590915
SNRPB2,0.0036435457377882673
KNDC1,0.003642868774650185
RN7SKP257,0.003642050888633165
ZZZ3,0.003641494645821321
RN7SL370P,0.003641494645821321
USP33,0.003641494645821321
OTUD1,0.0036409136067299653
snoU13|ENSG00000238515.1,0.0036409136067299653
CT62,0.003640826238728715
MOXD1,0.0036399525531966297
MIR2117,0.003639238814505022
FREM1,0.0036385065848357
NOS1AP,0.00363777480080075
MPDZ,0.0036377419767293197
GRIK5,0.003636369631794369
CA10,0.0036358903889747063
FTCD,0.003635619420429545
GNPTG,0.0036343490762468194
TSR3,0.0036343490762468194
UNKL,0.0036343490762468194
BAIAP3,0.0036343490762468194
CER1,0.0036342795038997577
EMR3,0.003634151190278249
TBCD,0.003633984431834716
CYP4Z1,0.0036333049348492635
ZZEF1,0.003632918037144091
REP15,0.0036312454198936094
RN7SKP15,0.0036312454198936094
KLHL42,0.0036312454198936094
MANSC4,0.0036312454198936094
MRPS35,0.0036312454198936094
FAM213A,0.0036301859769582337
ZNF8,0.0036301259989500088
FAAH,0.003629964144075624
SH3GLB1,0.00362958836749198
RN7SL341P,0.003629357052825251
OAT,0.003629271066118119
DHX8,0.0036289322221432704
ACER1,0.0036275179996361146
RN7SL211P,0.00362745443575606
snoU13|ENSG00000238696.1,0.00362745443575606
CSMD2,0.0036270632991229844
ACSBG2,0.0036260104488862366
STXBP4,0.003625980460992197
ROCK2,0.0036251439630192533
C2orf50,0.0036251439630192533
PQLC3,0.0036251439630192533
MIR4522,0.0036245683275777053
ATP5O,0.003624157749853143
RN7SL740P,0.003624157749853143
RN7SL231P,0.0036233466188233168
ZDHHC20,0.003623299297349927
FCGBP,0.0036232842428422056
CLCA4,0.0036225888861143645
ZNF417,0.0036221194874023234
C19orf18,0.0036221194874023234
ZNF256,0.0036221194874023234
ZNF418,0.0036221194874023234
SNORA73|ENSG00000222145.1,0.0036220425617031152
OTOR,0.0036207518022657076
GPR26,0.0036204031996967777
GREM1,0.003619884064829055
RN7SKP14,0.0036185730907340135
TMEM199,0.0036180246584785044
RNGTT,0.003617988036447477
KSR1,0.003615934879131718
TMCO5B,0.003615742039048072
FMO9P,0.0036143821902467166
TAF1B,0.0036132272433251136
ZSCAN22,0.003612611561570318
NOL10,0.003611370843478673
TUBB4A,0.0036096223325449055
TNFSF9,0.0036096223325449055
GABRG3,0.0036087657508085355
ZC3H13,0.003607855174392615
NUF2,0.0036078381466273
RGS5,0.0036078268345380695
RNA5SP61,0.003607136239227449
NME1,0.0036070232100944917
snoU13|ENSG00000238815.1,0.0036070232100944917
NME2,0.0036070232100944917
SNORD112|ENSG00000252740.1,0.0036061271931312994
RNA5SP62,0.0036061271931312994
PAX9,0.003605960874568467
LCP1,0.003605466325911001
SNORA75|ENSG00000212580.1,0.0036044626328753902
C21orf119,0.0036044421003281753
SNORA80,0.0036044421003281753
RN7SL109P,0.0036044421003281753
WSB1,0.00360405413000444
PTH,0.0036034722782122648
CKAP2,0.0036024769135816854
LINC00345,0.0036024769135816854
ASB17,0.0036004677140317374
CHST15,0.0035993587971919773
snoU13|ENSG00000238371.1,0.0035972863584505877
PHF10,0.003596788989481271
RN7SL479P,0.0035965348327628957
KLF17,0.0035965348327628957
ENTPD4,0.0035954314749031347
FBL,0.0035921781495406083
DYRK1B,0.0035921781495406083
IDO1,0.0035911679742217525
ANKMY1,0.003590116205856132
VSTM2A,0.003589460214380937
TMEM204,0.003588756320851375
KRT15,0.003588430458474151
KRT19,0.003588430458474151
KRT36,0.003588430458474151
KRT13,0.003588430458474151
KRT32,0.003588430458474151
KRT35,0.003588430458474151
LINC00974,0.003588430458474151
MYH4,0.0035878797062468583
PRED60,0.003586835574177347
SNUPN,0.003586751150422179
IFT140,0.0035866686496788627
PTX4,0.0035866686496788627
TELO2,0.0035866686496788627
C1orf137,0.0035865230579337124
AP1S3,0.0035863356731394807
LRCH1,0.0035856629316608677
TIAM1,0.003584839540733524
LINC00924,0.0035840799204647452
KRT9,0.003583032013900992
KRT16,0.003583032013900992
KRT14,0.003583032013900992
RNA5SP25,0.0035828771809784435
RABAC1,0.0035823032121644256
PYY,0.003581387852222085
ATP6V1C2,0.003580711321935493
RN7SKP254,0.0035805393555038744
HERC2,0.0035804682565804113
MIR3177,0.0035783895737625452
MSH4,0.003578359623662251
NBR2,0.0035782384050835965
ATP7B,0.0035754020472092475
DYDC1,0.003575205880494536
DYDC2,0.003575205880494536
TSPAN14,0.0035746793319151636
STK38L,0.0035745311816279095
RNA5SP52,0.0035740765640306523
HTR1B,0.003573887465422512
SH2D4B,0.003573356641883782
RN7SL398P,0.003572722145632285
KRT17,0.0035713522541317767
KRT42P,0.0035713522541317767
DOCK5,0.003569714759037824
CCDC70,0.003569416463847771
SERTAD2,0.003568180596292735
IL17D,0.003567672833495615
N6AMT2,0.003567672833495615
MLLT1,0.0035674888883112867
KCNF1,0.003566522747471772
HMGN3,0.0035657512188576276
C1orf110,0.003564679594134882
BEND3,0.0035630619045489134
C6orf203,0.0035630619045489134
RPL21P122,0.003563002083609337
HNRNPA1P30,0.0035608831811363463
snoU13|ENSG00000238893.1,0.0035608831811363463
RN7SL842P,0.0035605512943778944
NDUFB7,0.0035605512943778944
RN7SL337P,0.0035605512943778944
CLEC17A,0.0035605512943778944
PTPN9,0.0035597789469157207
U6|ENSG00000272445.1,0.0035591609621782832
MIR1915,0.003558073121123212
U3|ENSG00000251749.1,0.003558073121123212
CASC10,0.003558073121123212
ZNF420,0.003556759718456287
GOLGA8G,0.0035555609916649625
GOLGA8H,0.0035555609916649625
GOLGA8F,0.0035555609916649625
GOLGA6L7P,0.0035555609916649625
RN7SL628P,0.0035555609916649625
GOLGA8J,0.0035555609916649625
GOLGA8M,0.0035555609916649625
GOLGA8Q,0.0035555609916649625
FAM189A1,0.0035555609916649625
RN7SL673P,0.0035555609916649625
RN7SL196P,0.0035555609916649625
RN7SL238P,0.0035555609916649625
RN7SL796P,0.0035555609916649625
CHRFAM7A,0.0035555609916649625
snoZ278,0.0035555609916649625
WHAMMP2,0.0035555609916649625
ULK4P3,0.0035555609916649625
GOLGA8R,0.0035555609916649625
GOLGA8T,0.0035555609916649625
HERC2P9,0.0035555609916649625
ULK4P2,0.0035555609916649625
U8|ENSG00000252602.1,0.0035555609916649625
U8|ENSG00000238519.1,0.0035555609916649625
U8|ENSG00000207432.1,0.0035555609916649625
U8|ENSG00000207430.1,0.0035555609916649625
TJP1,0.0035555609916649625
RN7SL82P,0.0035555609916649625
NDNL2,0.0035555609916649625
RN7SL719P,0.0035555609916649625
RN7SL469P,0.0035555609916649625
APBA2,0.0035555609916649625
ARHGAP11B,0.0035555609916649625
RN7SL829P,0.0035555609916649625
TBC1D3P5,0.003555485127987368
JUP,0.0035553593620837997
LATS2,0.0035553567199136816
U3|ENSG00000221044.1,0.0035539844007031985
NAGS,0.0035539844007031985
TMEM101,0.0035539844007031985
MIR4654,0.003553969859626424
RNA5SP323,0.0035536244066455723
CCDC85A,0.0035533421938798377
ODC1,0.003553201895315877
SNORA80B,0.003553201895315877
PPY,0.0035529874281764397
FAM215A,0.0035529874281764397
ATG5,0.0035521816433331838
RN7SL47P,0.0035521816433331838
COX11,0.003550958895865512
TMPRSS2,0.0035509332252203546
HELLS,0.0035505556517009458
TBC1D12,0.0035505556517009458
ZSWIM4,0.0035499555171637285
MIR23A,0.0035499555171637285
RN7SL619P,0.0035499555171637285
MIR27A,0.0035499555171637285
NANOS3,0.0035499555171637285
MIR181C,0.0035499555171637285
MIR181D,0.0035499555171637285
CYP26A1,0.0035482378609572726
CYP26C1,0.0035482378609572726
DUSP10,0.0035473668128616844
SLC25A37,0.0035469833169337883
FP15737,0.0035469833169337883
FNDC3A,0.0035469717461592107
SKIDA1,0.0035465673108267515
CYP2C18,0.003546482520767402
WDFY2,0.0035463940936033378
DHRS12,0.0035463940936033378
CAMKK1,0.0035448353765905813
ESRRAP2,0.003544698544698543
MIPEPP3,0.003544698544698543
SAP18,0.003544698544698543
SNORD27|ENSG00000252128.1,0.003544698544698543
SKA3,0.003544698544698543
MRP63,0.003544698544698543
RN7SL80P,0.003544698544698543
SCARNA20|ENSG00000251818.1,0.003544382128086223
SNORA70|ENSG00000202389.1,0.003544382128086223
PTPRK,0.0035441947832503843
SNORD45A,0.003543880051104448
SNORD45B,0.003543880051104448
SNORD45C,0.003543880051104448
RNY4P28,0.0035436510423194206
KIF16B,0.0035428013662021445
LINC00434,0.0035423037556920234
snoU13|ENSG00000238809.1,0.003541946917903055
B3GNT2,0.003541946917903055
RN7SL51P,0.003541946917903055
MIR5192,0.003541946917903055
SLC24A3,0.0035413606036041622
RNA5SP63,0.00354087340640943
GORAB,0.0035408515535097795
TCTE3,0.003540590443756024
KIF26B,0.0035405201524516677
MYOF,0.003540103960640825
CEP55,0.003540103960640825
RN7SL651P,0.003539828666410951
PPY2,0.0035395882942724647
ZNF395,0.0035395730577374197
CAPN8,0.0035394655779988388
ELP3,0.0035385765232142123
LECT1,0.0035384696004564886
RALGAPA2,0.0035384424069193387
KRT37,0.003536923111528489
KRT38,0.003536923111528489
RHOD,0.003535973972361984
RNA5SP96,0.0035353177056413054
U3|ENSG00000221040.1,0.003532910134131916
SNORA40|ENSG00000251704.1,0.003531477155430004
NEFL,0.0035299889372536622
RGS7,0.0035288060616023775
UQCRH,0.0035284764853950484
LRRC41,0.0035284764853950484
LINC00570,0.003527910190674568
RN7SL674P,0.003527910190674568
E2F6,0.003527910190674568
RNA5SP85,0.003527910190674568
MIR4429,0.003527910190674568
GREB1,0.003527910190674568
RNA5SP84,0.003527910190674568
RN7SL607P,0.0035278044522042717
LGI1,0.0035275384444224717
ATF6,0.003526814596865123
TDRD3,0.003526277311275431
ANTXR1,0.0035260816247935055
KRT33A,0.003525485157089113
KRT33B,0.003525485157089113
IFT88,0.0035243953788257555
ZNF773,0.0035236827806984067
ZNF419,0.0035236827806984067
ZNF772,0.0035236827806984067
EBLN1,0.003522908316230719
GJA3,0.003520501138952164
SNORA67|ENSG00000207027.1,0.0035193764836032346
C1orf65,0.003518750000000001
ENKUR,0.003518142141865075
THNSL1,0.003518142141865075
SUSD4,0.003517646568954031
PRED62,0.0035167153521583915
FAM134C,0.003516074254068715
RN7SKP285,0.0035152689208781023
BRF2,0.003514836346097603
C12orf71,0.003514490270404209
CYP2C19,0.003513919106012655
SUGT1,0.0035132579506946273
PYY2,0.0035132065421732022
GPR123,0.003512985903969055
DMXL2,0.0035127894594756725
OLFML2B,0.003512237502012499
DIAPH3,0.003510793959142743
RGS4,0.0035096039637560646
C17orf85,0.0035095850360477086
OLFM4,0.003506858966147683
MAST2,0.0035068542764527953
COL6A2,0.003506263544238227
LINC00424,0.003505388299692097
RAD54L,0.0035051248619184724
SYT12,0.0035046410777273196
U3|ENSG00000252709.1,0.0035046410777273196
Vault|ENSG00000252283.1,0.0035044844278731635
RNA5SP31,0.0035042925178593795
LINC00639,0.003503648778197332
P2RX1,0.0035016977308216187
ATF7IP2,0.0035014240506329075
LURAP1,0.0035003938718965602
POMGNT1,0.0035003938718965602
TSPAN1,0.0035003938718965602
C11orf86,0.003500349460278011
LOXL2,0.003500069489612694
SPATA8,0.003499264978714126
AHCTF1,0.0034981471418772665
DPH6,0.0034972031820683395
KLHL30,0.00349571238571787
PIK3R3,0.003495314282609876
DNM1P35,0.0034948858179107457
ODF3L1,0.0034948858179107457
CSPG4,0.0034948822340410274
SNX33,0.0034948822340410274
UBE3A,0.0034944755318708685
HEATR1,0.003494172773706421
LMO4,0.003493309771229899
FMN1,0.003492345912693717
CLEC14A,0.0034920964927036484
MIR3152,0.0034914367240384894
RN7SL375P,0.003491320967539795
SLC4A1,0.0034906068571770414
RN7SL510P,0.0034901049357053773
UBE2Q2,0.0034901049357053773
TNFRSF10A,0.003490096340399039
MIR3163,0.003488880623551573
PC,0.003488880623551573
UBTF,0.0034888322460794076
CHMP7,0.003488389675511306
TNFAIP1,0.003488050664243638
TMEM97,0.003488050664243638
KRT18P55,0.003488050664243638
IFT20,0.003488050664243638
PABPC3,0.003487947051238189
SCLY,0.003487857959988465
ESPNL,0.003487857959988465
UBE2F,0.003487857959988465
CPB2,0.0034878322200943552
RN7SL766P,0.003487124661175291
RN7SKP241,0.0034859158062268
LMX1A,0.0034852394683599812
PRTFDC1,0.003485090377077785
NRG4,0.0034850230084435977
FBXO22,0.0034850230084435977
PLEKHH2,0.0034844314079422404
ATP1A1,0.0034821797065707036
ATP1A1OS,0.0034821797065707036
RCBTB2,0.003481191868626831
RAB11FIP1,0.003481022920269069
SPAG16,0.0034802943870752834
RXRG,0.003480042646576392
RN7SL618P,0.0034799063733653153
BMI1,0.0034771421881241273
COMMD3,0.0034771421881241273
GOLGA8B,0.0034769900435282926
SNORA18|ENSG00000252425.1,0.0034769900435282926
LPCAT4,0.0034769900435282926
GOLGA8A,0.0034769900435282926
LGALS9,0.0034769160635221954
ZNF644,0.00347609727674419
UBE2I,0.003475785217745753
RN7SKP258,0.0034753695777555143
NEFM,0.003475308950818036
LRRC52,0.0034745166909876603
POLDIP2,0.0034741117307933297
SNORD112|ENSG00000252372.1,0.0034717268517854825
RN7SL319P,0.0034717268517854825
ADAMTSL1,0.003471584251586074
BLVRB,0.0034708599363751634
RNA5SP303,0.0034704893871985248
PLCE1,0.003470353911194623
SHISA6,0.003469122907658255
TMCO1,0.003468181921018993
XPO4,0.0034676044106423834
TP53BP2,0.003467274250650988
LSM12,0.003466998547743353
MIR4313,0.003466935217970954
NLK,0.003466830899862138
GNG4,0.003466821427007141
LRRC8B,0.0034666400230081657
GJD2,0.0034663131035172876
U3|ENSG00000200545.1,0.003464952273384665
CSNK2A3,0.003464664462898757
CLTC,0.003464341381384545
snoU13|ENSG00000239015.1,0.003463666301382116
FYN,0.0034636663013821157
KIAA1919,0.003462989779487408
U3|ENSG00000221496.1,0.0034623958579114763
RUNDC3A,0.0034623958579114763
RN7SL507P,0.0034623958579114763
LRPPRC,0.003462364376130197
ATP6V0A1,0.003461985759493672
ABCG8,0.003461771021699818
ZNF585B,0.0034610320459686145
TNNT1,0.003461009567428592
MIR4713,0.003460589267502552
ELAVL2,0.0034605791521452145
ABCG5,0.003460053119349004
NCOA7,0.0034596972604593345
CYS1,0.003459472109301462
GRHL1,0.003459472109301462
KLF11,0.003459472109301462
CEP68,0.003458420200596169
RAB1A,0.003458420200596169
EXOC6,0.0034583718510789556
RRM2,0.003457799771762741
SNORA26|ENSG00000212558.1,0.003457799771762741
SNORA2|ENSG00000206647.1,0.003457799771762741
MIR4261,0.003457799771762741
C2orf48,0.003457799771762741
SLC25A39,0.0034577333497279933
NBAS,0.0034573097191285935
SNORA59B,0.003456480971890985
MIR5007,0.003456459193243294
ARHGAP21,0.0034563041533420043
ALDH9A1,0.0034561571701677567
CAPN2,0.0034557701311822863
SLC16A10,0.0034554306257547963
ACADM,0.0034547340115399193
MAPK8IP3,0.0034546165625585264
GKN2,0.0034541084344268656
SNORA51|ENSG00000206898.1,0.0034538398026852084
LINC00583,0.003453202915228231
FAM171A2,0.0034525922947316653
GRN,0.0034525922947316653
ITGA2B,0.0034525922947316653
SLITRK5,0.0034521690400843934
SNHG14,0.0034520592035386004
NID1,0.003451750212032283
LAMA4,0.003451651048888488
PTPN14,0.0034514105592109673
ATXN7L3,0.0034504753897331795
ASB16,0.0034504753897331795
TMUB2,0.0034504753897331795
C17orf53,0.0034504753897331795
WISP3,0.0034499066287963483
TUBE1,0.0034499066287963483
FAM229B,0.0034499066287963483
SPTBN4,0.0034490584191675397
DHX40,0.0034473627594321975
CYP19A1,0.0034460338052672668
FBXO16,0.003446010782727481
NUTM1,0.003444433882023315
KRT31,0.0034434231761973576
KRT34,0.0034434231761973576
AP2S1,0.0034430379746835417
SLC35G1,0.003442997799643992
PIPSL,0.003442997799643992
ILKAP,0.0034420195500330128
HES6,0.0034420195500330128
FAM132B,0.0034420195500330128
PER2,0.0034420195500330128
MGST3,0.0034413411612990827
LINC00558,0.0034409254306012192
DBIL5P2,0.003440336279423681
EPHA7,0.003439319899807668
RN7SL832P,0.003438615220375171
RN7SL66P,0.0034385994436059403
KRT40,0.003438379004549312
MIR921,0.003438069139489372
ZNF585A,0.0034380252602593457
BMP10,0.003437447004016715
SLC47A1,0.0034371199304239083
RNA5SP98,0.0034361322955158975
U3|ENSG00000212538.1,0.00343530898971731
WDPCP,0.0034345786187159407
HDAC5,0.003434477303920429
RN7SL117P,0.0034339261393057778
IDO2,0.0034338277926862413
MIA3,0.003431221889753802
CIB4,0.0034304567246258117
OR1E2,0.0034291836938104285
RNY4P26,0.0034280217810522162
RNA5SP305,0.0034255507391792216
OXER1,0.0034242760227237747
CLDN23,0.0034215328272881144
HAAO,0.003418690275199562
RABGGTB,0.0034186422911615423
ANKFN1,0.0034174155950971986
XRN2,0.003417102118018746
BTBD8,0.0034154818060991147
RPAP2,0.0034143234493587194
RN7SL824P,0.0034143234493587194
GLMN,0.0034143234493587194
RN7SL258P,0.003414115801682225
LINC00378,0.0034130425700797926
NTPCR,0.0034106428075565314
DNAJC1,0.003409819883105372
AIDA,0.003409430510167196
HIGD2B,0.0034090003993757245
BBS4,0.0034090003993757245
KIAA1107,0.0034086990582492755
ACTBP12,0.0034078085296569464
C1orf146,0.0034078085296569464
PBX1,0.00340777253650976
MIR3126,0.0034075327772766736
RN7SL448P,0.003406543813463709
GFPT1,0.003406238915182777
ADPGK,0.0034060773089440305
CD58,0.0034056452424692414
MIR548AC,0.0034056452424692414
RN7SKP181,0.003405318396716901
TGFBR3,0.0034049226813615053
HPCAL1,0.00340482232851921
TPTE2P6,0.003404642429343778
EML6,0.0034037557502400915
Vault|ENSG00000251900.1,0.003402440845634141
NTRK3,0.0034020029703914646
COX7A2L,0.00340185870918096
RN7SL635P,0.0034013387016804003
RN7SL583P,0.0034012684373494273
OR1E1,0.0033987109206285956
OR3A3,0.0033987109206285956
GKN1,0.0033982966964288728
RASGRP1,0.0033981382465033193
FAM98B,0.0033981382465033193
ADAM28,0.0033960685556723015
TSPAN4,0.003395712717343367
CHID1,0.003395712717343367
FOXK2,0.003395301363529296
PSMC3IP,0.0033950242992766715
FAM78B,0.0033950209839255217
TRAF3IP2,0.0033949629869839413
C6orf3,0.0033949629869839413
COL6A1,0.0033939295584865226
ADAM7,0.0033934557462350547
ZNF850,0.0033922842411385342
TPSB2,0.0033922012537043744
TPSG1,0.0033922012537043744
TPSD1,0.0033922012537043744
TPSAB1,0.0033922012537043744
PRSS29P,0.0033922012537043744
CACNA1H,0.0033922012537043744
C1QTNF8,0.0033922012537043744
HN1L,0.0033921847286027475
AQR,0.0033908790713964073
MED21,0.0033908208077857876
TM7SF3,0.0033908208077857876
MIR31,0.003390548351686049
LINC00923,0.0033902846755191375
PTRH2,0.003389235018023599
RNA5SP304,0.0033882820714131573
REV3L,0.00338790982689985
THSD4,0.0033874774727754454
SYT5,0.0033871956616417726
DNAAF3,0.0033871956616417726
TNNI3,0.0033871956616417726
snoU13|ENSG00000239137.1,0.0033871956616417726
ZNF829,0.003386984925329102
CNRIP1,0.003386640534134487
ARMC3,0.00338639045375867
ZNF345,0.003386274041501006
snoU13|ENSG00000238403.1,0.0033856353976742357
RNY1P7,0.0033852338219426833
ATP12A,0.0033852338219426833
SPRY2,0.0033844774789245453
ASUN,0.0033844468813100047
ACA59|ENSG00000251775.1,0.003383572953473538
UGP2,0.0033828644130975195
WDR45B,0.0033826474975791436
IMPG1,0.0033824939130878175
G6PC3,0.003382441984507047
SNORA40|ENSG00000252049.1,0.003382065444461278
PTF1A,0.003382065444461278
C10orf115,0.003382065444461278
MSRB2,0.0033815695835227237
IGSF3,0.0033811686840979505
LYSMD2,0.0033810104085428
NFU1,0.0033809461070966455
SERTAD3,0.0033803558319058544
snoU13|ENSG00000239176.1,0.003380322039659209
MAU2,0.0033802409489724857
QSOX1,0.0033787247226720637
NEK5,0.0033787014618980303
STC1,0.0033781791497806955
PSEN2,0.003377327324089448
UTS2R,0.0033768672025772297
ADAMDEC1,0.003376339064836589
PDGFRL,0.003374685887335332
RAD51C,0.003374058003058609
RNA5SP434,0.0033735605834080847
DNASE1,0.003371327371966085
SPDYE4,0.003367797554943428
SSTR1,0.0033659978342234723
IMP3,0.0033649992115486597
ACTC1,0.003364026617301246
NCAN,0.003363015602320959
HAPLN4,0.003363015602320959
SUGP1,0.003363015602320959
TM6SF2,0.003363015602320959
STIM1,0.0033627028730500584
SIPA1L2,0.0033606472089767843
CRAMP1L,0.0033596853620649785
FGFR1OP2,0.0033590724328997966
ANP32BP1,0.003358795533064782
COMMD4,0.003358795533064782
NEIL1,0.003358795533064782
MAN2C1,0.003358795533064782
MIR631,0.003358795533064782
SIN3A,0.003358795533064782
HS2ST1,0.003358094026281731
NOC3L,0.0033580245005933556
GFI1,0.0033574099678940995
NOG,0.0033562057413388485
FBXO48,0.003356129629441949
PROKR1,0.003356129629441949
ARHGAP25,0.003356129629441949
APLF,0.003356129629441949
ACLY,0.003355757497371071
ZSCAN5C,0.0033555571165652795
ZSCAN5D,0.0033555571165652795
ZSCAN5A,0.0033555571165652795
GALP,0.0033552227482824995
ZSCAN5B,0.0033552227482824995
RN7SL399P,0.0033550208346220254
NT5C3B,0.003354953354064861
LEPREL4,0.003354953354064861
KLHL10,0.003354953354064861
RN7SL871P,0.003354953354064861
FKBP10,0.003354953354064861
CCDC103,0.003354945482218994
GFAP,0.003354945482218994
FAM187A,0.003354945482218994
HCN4,0.0033544190499389588
NEO1,0.0033544190499389588
RN7SL485P,0.0033531359491971373
RN7SL853P,0.0033531359491971373
GOLGA6B,0.0033531359491971373
MIR630,0.0033530339809262647
ARIH1,0.0033530339809262647
TPTE2P1,0.0033529040237900974
CENPJ,0.0033529040237900974
RNF17,0.0033529040237900974
PCTP,0.0033522989428072833
SNORA74|ENSG00000272025.1,0.003352202197119488
TMEM202,0.0033521729155277825
FAM196A,0.0033520328341833136
RNA5SP64,0.0033515146887478655
SPAG6,0.0033511292314614537
C15orf53,0.0033495592939280974
RN7SKP219,0.003349040187692544
NSUN4,0.003347607794136288
MIR4503,0.0033471525380386123
MIR3174,0.0033451116127698305
ZSCAN4,0.0033446952823470884
MIR1537,0.003344511648834717
C11orf21,0.0033441662928361047
TSPAN32,0.0033441662928361047
TRPM8,0.003343791523882785
TAF1A,0.0033431333700238474
HFM1,0.0033430778141205686
OR1A1,0.0033429814944018112
OR1D4,0.0033429814944018112
OR3A2,0.0033429814944018112
OR1A2,0.0033429814944018112
YPEL5,0.003342114460935334
LBH,0.003342114460935334
SNORA64|ENSG00000207187.1,0.003342114460935334
RN7SKP37,0.0033419649867081685
SPP2,0.003341129624449258
RN7SL364P,0.0033411102303650382
SNORD112|ENSG00000252356.1,0.0033409725113248043
POU2F2,0.0033409725113248043
DEDD2,0.0033409725113248043
ZNF574,0.0033409725113248043
ZNF526,0.0033409725113248043
GSK3A,0.0033409725113248043
MIR4323,0.0033409725113248043
MDH1,0.003339674256263648
EVI5,0.0033395056561957006
SPRED1,0.0033384415351928854
CEP350,0.00333820433950754
TNFRSF10D,0.0033376972810104373
ZNF770,0.003337674488417472
RNU105B,0.003337474153064832
CCDC140,0.003337066433444656
RYR3,0.0033370531181402393
WAC,0.0033365855908360966
KRT24,0.003336472116471439
KRT223P,0.003336472116471439
RNY4P31,0.0033355579228808957
RNY3P5,0.0033355579228808957
CD101,0.003335513561918384
DOCK1,0.003335280492512748
HHIPL2,0.0033350614566134643
SLC1A5,0.0033347198274100882
RN7SKP220,0.0033331026744892987
COASY,0.0033330809222423133
MLX,0.0033330809222423133
PGAP2,0.003333043260067592
TNFRSF10C,0.0033328218897839194
TNFRSF10B,0.0033328218897839194
TMEM100,0.0033327749804409356
OR3A1,0.0033315791222299778
PDSS2,0.0033289238269893157
LINC00844,0.0033276655872828973
HCFC1R1,0.003327464563362528
TNFRSF12A,0.003327464563362528
LINC00514,0.003327464563362528
CLDN6,0.003327464563362528
CLDN9,0.003327464563362528
CCDC64B,0.003327464563362528
THOC6,0.003327464563362528
GPATCH8,0.0033274091010298697
ASCL2,0.0033261102767646413
PNMAL2,0.0033255305587108074
PNMAL1,0.0033255305587108074
snoU13|ENSG00000238686.1,0.0033251792492619177
SLC25A3P1,0.003324840223068073
TIPRL,0.0033248379543217785
DNAH9,0.003323604699617384
NFIB,0.003322631377061755
C19orf53,0.0033222624598085553
MRI1,0.0033222624598085553
ARRDC4,0.003322142540311728
OR3A4P,0.0033210472108707945
CD276,0.003320613735692573
C10orf113,0.0033202572967314494
ATP2A3,0.003320190039536195
NR2F2,0.003319908455152367
MIR1469,0.003319908455152367
DCAF6,0.0033175586249024284
GPR161,0.0033174511600547454
EFTUD2,0.00331698741488347
HIGD1B,0.00331698741488347
RN7SL405P,0.00331698741488347
AAK1,0.0033161448990415947
LYRM9,0.0033157949490802943
PLCB4,0.003314916827828343
GAST,0.003313863318131464
HAP1,0.003313863318131464
RNA5SP442,0.003313863318131464
FKRP,0.003313505650848649
snoU13|ENSG00000238690.1,0.0033131957099935966
KLHL11,0.0033128286162549428
SV2A,0.003312286721694607
ADCY10,0.0033122645671428996
CD247,0.003311102249974542
BAI3,0.003311072460472114
CREG1,0.003310912772479944
LINC00441,0.0033100800218523576
EYS,0.003309794176464593
CDC7,0.0033096863397600925
ULK4P1,0.0033093018066305798
GOLGA8O,0.0033093018066305798
GOLGA8N,0.0033093018066305798
GOLGA8K,0.0033093018066305798
RN7SL539P,0.0033093018066305798
RN7SL286P,0.0033093018066305798
RN7SL185P,0.0033093018066305798
SNORA18|ENSG00000206849.1,0.0033093018066305798
CHRNA7,0.0033093018066305798
ARHGAP11A,0.0033093018066305798
U8|ENSG00000206987.1,0.0033093018066305798
GBAS,0.0033092485956441728
MPZL1,0.003309091526113952
RCSD1,0.003309091526113952
PLEK,0.003306959491643944
RPS4XP5,0.0033049249717353978
KRT39,0.0033047843715029576
NUP98,0.0033047157370975264
MIR548AT,0.0033045349231464703
MIR5010,0.0033045349231464703
C15orf60,0.0033042789851891064
RCVRN,0.003304187118805508
LSP1|ENSG00000269099.1,0.003303376404642225
PAX2,0.003302016047272834
LINC00564,0.0033011179550934276
BCL10,0.003299840235959199
MIR1255B2,0.0032997109761201734
SNORA81|ENSG00000238390.1,0.003298786919831226
SOD1,0.003298786919831226
ZNF444,0.003298419477654927
ZNF787,0.003298071060284636
HEXA,0.003297965449750884
SCG3,0.003297805807186992
SLC44A5,0.003297199982108509
ZNF568,0.003296410458140744
RHOBTB2,0.003296403773563931
SLCO3A1,0.00329571921749137
PDE4B,0.003295420536921675
PHIP,0.003295125687704073
DHRS7C,0.003294878802474284
MEGF8,0.0032945191645816886
TMEM145,0.0032945191645816886
POGK,0.003294250065044509
DBF4B,0.003293930763581258
RN7SL819P,0.003293930763581258
ADAM11,0.0032938377128120936
GJC1,0.0032938377128120936
MPC2,0.0032933762061515075
PAX3,0.003293201862164243
NLRP8,0.003293151069838012
MCTP2,0.003293061875572766
RN7SL303P,0.0032923789351967663
MOGAT1,0.003290907050451032
FARSB,0.003290907050451032
FAM154A,0.003290774974956745
GPR124,0.003290254139450872
NLRP5,0.003289694994310121
XCL2,0.0032888881347496006
TDRD15,0.0032885371022274815
EIF1,0.003288440018219752
ART5,0.0032881548670912796
TRPC2,0.0032881548670912796
LRP8,0.0032881189696379594
PCBP3,0.0032876443762519724
TMOD2,0.00328714979902813
NPTN,0.0032863127423516693
RN7SKP272,0.003285872760345269
BRDT,0.0032821971282126798
RN7SL235P,0.0032821971282126798
SNORA66|ENSG00000207523.1,0.0032808814224352914
RPL5,0.0032808814224352914
FAM69A,0.0032808814224352914
SNORA51|ENSG00000207022.1,0.0032808814224352914
RN7SL692P,0.0032808814224352914
SNORA66|ENSG00000251795.1,0.0032808814224352914
SNORD21,0.0032808814224352914
TADA1,0.0032805567810318837
RN7SKP6,0.003280478564729697
CHRM3,0.0032800609676759775
VPS54,0.0032795623068842387
PAQR4,0.0032782594567448992
KREMEN2,0.0032782594567448992
PKMYT1,0.0032782594567448992
snoU13|ENSG00000238722.1,0.0032782197975368696
STRN4,0.003277900809832395
MIR320E,0.003277900809832395
RNA5SP216,0.0032761898611162335
HINT3,0.0032761898611162335
TH,0.0032759698465019203
MIR4686,0.0032759698465019203
INS,0.0032759698465019203
RNA5SP328,0.003275782080717364
GLDN,0.003275710150578918
EPHX4,0.0032738877599188462
CHRNA10,0.003273564003865273
ART1,0.003273564003865273
RNA5SP308,0.0032727955019056522
SNORD78|ENSG00000212168.1,0.003272379697581636
RN7SL653P,0.0032719326144379423
TDRD5,0.0032709584733204376
RDH13,0.003270765253796761
EPS8L1,0.003270765253796761
FAM163A,0.0032699488693566808
NAGLU,0.003269543964737792
RHOT1,0.003269317677104155
ZNF383,0.0032685483077874093
OR1G1,0.003267191601049873
HSD17B1,0.0032670236211573217
RN7SL606P,0.0032669938732082576
GALNT14,0.003266509816121905
ZNF326,0.003266383048657046
ACBD3,0.003265060193110458
MIXL1,0.003264976784643307
ERF,0.0032647387359908304
MXD1,0.003264610000236477
SNRNP27,0.003264610000236477
PLXDC2,0.0032632418986492774
BARHL2,0.0032630476112217076
RRM1,0.003262429749461633
RN7SKP27,0.003262344744016967
CUBN,0.0032623425756302684
TRDMT1,0.003262333393020296
C15orf59,0.0032616647453200765
PRKD2,0.003260380318866398
snoU13|ENSG00000238455.1,0.0032590406451510354
LINC00601,0.003258369398107701
MIR938,0.003257349025790246
SNORD115|ENSG00000212411.1,0.003257260975844963
MIR604,0.003257260975844963
ILDR2,0.0032533681745681568
SCAF4,0.0032530580574488817
ACTR2,0.0032525253732056587
TIA1,0.00325159296399803
PCYOX1,0.00325159296399803
SNRPG,0.00325159296399803
NEUROD2,0.003251010802512528
ANP32AP1,0.003250813028468502
U3|ENSG00000199666.1,0.0032507965084357026
PTMAP5,0.0032500188366485867
TMCO5A,0.00324866563340604
EFCAB4A,0.0032479145358493403
CD151,0.0032479145358493403
POLR2L,0.0032479145358493403
GMCL1,0.003247276302054303
U3|ENSG00000222666.1,0.0032471016893010907
RN7SKP39,0.003246212804139184
NTN1,0.003246123789783581
RN7SL576P,0.0032459975594531813
RN7SL242P,0.003245796293422596
LRRC40,0.003245796293422596
RNA5SP66,0.003245223470322729
ATP1B1,0.003245223470322729
GLP2R,0.0032451658990913603
PPHLN1,0.003244868466829022
LINC00626,0.0032444683883666443
DPT,0.0032444683883666443
MIR4431,0.003244115365985456
SNORD112|ENSG00000252359.1,0.003242505740885274
RHOB,0.0032424949197383916
RNA5SP86,0.0032424949197383916
FZD2,0.0032422310915852215
POU2F1,0.0032420928496283926
NOS2,0.0032413301542493045
C10orf126,0.0032413155500396217
snoU13|ENSG00000239052.1,0.003239203774864374
PPM1B,0.003239203774864374
MIR603,0.003238682476682863
RNA5SP475,0.0032379251456804256
OGFOD3,0.0032375355205373274
RPL29P30,0.0032373113232932334
SNORD36|ENSG00000253094.1,0.003237081233278283
LINC00621,0.003237081233278283
KIF18B,0.003237046834446066
RN7SL151P,0.00323703496713009
TEAD1,0.0032369767341986853
NDFIP2,0.003236884098407198
GBP1P1,0.0032364238732160207
GBP6,0.0032364238732160207
SCG5,0.0032356233072409588
MIR557,0.0032349407812128747
TBX19,0.0032337699799775944
ANKRD36BP1,0.0032337699799775944
SFT2D2,0.0032337699799775944
TIGD7,0.0032329712442939655
ZNF75A,0.0032329712442939655
NAA60,0.0032324933224944803
LYZL1,0.0032324728198204603
PTCHD3P1,0.0032323638056024908
SDC1,0.003232147286248263
FAM194B,0.0032319880353736744
RNA5SP27,0.0032319880353736744
COG3,0.0032319880353736744
SLC25A30,0.0032319880353736744
SVIL,0.0032315797418040163
MAEL,0.00322983337292564
RNA5SP65,0.00322983337292564
SLX4,0.00322959452578544
CLUAP1,0.00322959452578544
NLRC3,0.00322959452578544
C16orf90,0.0032292729335465327
R3HCC1,0.003229087795956264
U2AF2,0.0032280588375785003
C2orf42,0.003227992766726946
DACT3,0.0032277908981703197
ERLIN1,0.003226811111432956
CHUK,0.003226811111432956
XCL1,0.003225698804312162
LINC00205,0.003225635124369306
COL18A1,0.003225635124369306
LINC00315,0.003225635124369306
LINC00334,0.003225635124369306
SLC19A1,0.003225635124369306
POFUT2,0.003225635124369306
LINC00316,0.003225635124369306
snoU13|ENSG00000238325.1,0.003225367925702194
GPA33,0.003225367925702194
LINC00837,0.0032252862671435334
RN7SL140P,0.003225193746165322
MUC2,0.0032250049262932705
VIM,0.00322491884868436
PTPRH,0.0032232006631169297
LINC00052,0.0032200050417645065
NEBL,0.0032199923784337232
SNORD60|ENSG00000199321.1,0.0032184170781098687
LIN9,0.003218375282496532
TGFA,0.0032178282710556643
RBM26,0.0032172310493700246
PRICKLE1,0.003217109061089043
DPH2,0.00321704652352582
ARTN,0.00321704652352582
IPO13,0.00321704652352582
ATP6V0B,0.00321704652352582
C10orf90,0.0032165884416631126
ZNF597,0.0032159983205738577
OR2C1,0.0032159983205738577
MTRNR2L4,0.0032159983205738577
ZNF174,0.0032159983205738577
ZSCAN32,0.0032159983205738577
LAMP5,0.0032142436127404216
TMOD3,0.00321382131501589
U6|ENSG00000272337.1,0.00321382131501589
LEO1,0.00321382131501589
MAPK6,0.00321382131501589
LEFTY2,0.0032135177322429325
SDE2,0.0032135177322429325
MTA3,0.0032131576365110564
MIR3164,0.003213076890655951
KRT23,0.0032130586124872753
DUSP27,0.0032129811879956067
snoU13|ENSG00000238708.1,0.0032125447193197625
CD70,0.0032122507598276603
KCNS3,0.003210351114611567
GAS7,0.003209788885220884
KRT20,0.0032093415584634657
SNAPC3,0.0032083459956958322
RNA5SP33,0.003207103488110273
SNORD75|ENSG00000221300.1,0.0032069963693454975
CPXM2,0.0032051690846273896
DSCAM,0.003204890092679602
DDAH1,0.003204069593918427
PCBP1,0.0032039302327938326
SGPP2,0.003203487842637281
CDK12,0.0032032064511412664
ZNF833P,0.0032021974034159547
SPRED2,0.0032014490339773443
RN7SL64P,0.0032013788477094824
ZNF713,0.0032013788477094824
MRPS17,0.0032013788477094824
OTUD7A,0.003201296798606918
SNORA36C,0.003200879691094648
RN7SL604P,0.003200879691094648
FAM136A,0.0032002175580126556
RNA5SP209,0.003199956658635765
snoU13|ENSG00000239132.1,0.003199956658635765
EPN1,0.0031991907725593236
snoU13|ENSG00000239094.1,0.003199072180098738
snoU13|ENSG00000238545.1,0.003199072180098738
GBP4,0.0031978291643477946
GBP5,0.0031976498799167787
RFPL4A,0.0031969822560024737
RFPL4AL1,0.0031969822560024737
RN7SKP109,0.0031969822560024737
C10orf112,0.0031960074011836365
MIR548F2,0.003195670296128141
NLRP11,0.0031952570280560284
snoU13|ENSG00000238799.1,0.0031952004417764384
MYO6,0.0031939653524035313
NLRP4,0.0031933407325194225
EMP2,0.003192783829668659
KLF6,0.003192077788596774
PUM2,0.0031908307261184175
TTC32,0.0031898603635161045
LINC00954,0.0031898603635161045
LINC00210,0.0031896787273966243
LINC00263,0.003188992845349477
CWF19L1,0.0031885409726848746
PKD2L1,0.0031885409726848746
SCD,0.0031885409726848746
BLOC1S2,0.0031885409726848746
SNORA12|ENSG00000212464.1,0.0031885409726848746
BAMBI,0.0031869677695271735
RNU4ATAC6P,0.0031869677695271735
MIR3664,0.003185914958139678
RN7SL833P,0.0031848932096319076
ECSIT,0.0031848932096319076
ZNF653,0.0031848932096319076
WDR35,0.003184673492565628
PNPLA2,0.003184143607195402
MRPL23,0.003182413060014431
H19,0.003182413060014431
IGF2,0.003182413060014431
MIR483,0.003182413060014431
SRP9,0.003182235585229552
NDUFB8,0.0031816238449729173
HIF1AN,0.0031816238449729173
WNT8B,0.0031816238449729173
SEC31B,0.0031816238449729173
SNORA31|ENSG00000252349.1,0.0031815908735739924
SLC3A1,0.003181009832730558
PREPL,0.003181009832730558
C17orf104,0.0031806447753654757
CCDC43,0.0031806447753654757
PTPLA,0.003178408929169936
RNA5SP401,0.003178317688956806
RN7SKP50,0.003178127886130276
GNRH1,0.003177715515084812
KCTD9,0.003177715515084812
CDCA2,0.003177715515084812
ADCY9,0.0031776567101222436
APOB,0.0031773935973473852
RPLP2,0.0031772997974119505
SNORA52,0.0031772997974119505
SLC25A22,0.0031772997974119505
PIDD,0.0031772997974119505
HEXDC,0.003177237983801114
TMC8,0.003176597600358293
C17orf99,0.003176597600358293
SYNGR2,0.003176597600358293
TK1,0.003176597600358293
TMC6,0.003176597600358293
TPCN2,0.003175858048019783
PIK3R6,0.003175450939219945
MRGPRF,0.0031752887445207537
CCDC24,0.0031742362979222
B4GALT2,0.0031742362979222
SLC6A9,0.0031742362979222
NLRP9,0.0031734050773402286
CA4,0.0031730048060651145
PPP2R2A,0.0031728345646892748
TNRC6C,0.0031724253353133895
LRRTM3,0.0031712540237871074
SNORD65|ENSG00000212229.1,0.0031699939588923625
UBE2U,0.003168562488395712
MIR2276,0.003168394896242992
HSPBP1,0.003167456693687743
MSRB3,0.0031672037082938007
MUC6,0.0031669028159630667
SDAD1P1,0.0031668195438145953
RSU1,0.003166756197113905
CCDC130,0.0031665245430819032
KCNG3,0.0031661631263911875
LPAR6,0.0031657755927383996
CD97,0.0031654149674275717
MFSD6L,0.0031648979061700104
ANKRD13C,0.003164847923917621
MTMR6,0.0031646819653148753
IRAK1BP1,0.0031640341951066782
GSDMA,0.0031637134550607563
RNA5SP208,0.0031623343963809564
DDX39A,0.003162321910915734
RN7SKP140,0.003162029473509175
PPP1R1B,0.003160772427444346
GPR158,0.003160610411941173
MRAP,0.0031598588428746093
URB1,0.0031598588428746093
PSMD3,0.0031596814917701807
LINC00970,0.003158749265024016
RN7SL67P,0.0031574458367521416
NDUFA13,0.003156654576898136
TSSK6,0.003156654576898136
RDH14,0.003156376326633627
CALM3,0.0031552369433934533
PTGIR,0.0031552369433934533
GNG8,0.0031552369433934533
EBF2,0.0031543447685440057
RNA5SP258,0.0031542224668256666
SLC47A2,0.0031540209289967424
HNRNPA1P57,0.0031535394600164086
QRFP,0.003153296192549793
FIBCD1,0.003153296192549793
AP2A2,0.0031516829156149413
ARL6IP1,0.0031511328348024677
MFHAS1,0.003150631846781144
ANXA4,0.003150240023242225
MSL1,0.0031493682132835437
RPS19,0.0031493058731644134
LBR,0.003148550479995869
AEBP2,0.0031476049740701505
RN7SL274P,0.003147558637720313
OR51B6,0.0031471913507705733
CAMKMT,0.0031468326175406857
USP43,0.003146822454689611
MUC5AC,0.00314599187396196
MUC5B,0.00314599187396196
H3F3A,0.0031452220849733704
GDF7,0.0031441880501803647
C2orf43,0.0031441880501803647
HS1BP3,0.0031441880501803647
NARF,0.0031439740453143255
C17orf62,0.0031439740453143255
C1QL1,0.003143733991114536
snoZ247,0.0031436951049812504
FLJ45079,0.0031434222002215757
GTF2B,0.003143240790196126
PAQR5,0.003142735752058488
RN7SL438P,0.003142735752058488
SNORA77|ENSG00000221376.1,0.003142735752058488
NME7,0.0031420685286365495
LAPTM4A,0.0031419340240458455
MATN3,0.0031419340240458455
PKN2,0.003141914832425079
THRA,0.003141799144121596
NR1D1,0.003141756968773369
TECR,0.003140345673781398
DNAJB1,0.003140345673781398
MIR639,0.003140345673781398
TMEM63A,0.0031395264782164882
PYCR2,0.0031395264782164882
EPHX1,0.0031395264782164882
LEFTY1,0.0031395264782164882
ASPRV1,0.0031393655008394917
snoU13|ENSG00000239072.1,0.0031393655008394917
RN7SL470P,0.0031393655008394917
SRSF11,0.0031375806380101517
C19orf43,0.0031366232174564715
KRT25,0.003136350089130568
NT5C1B,0.0031348804017214166
WDR83OS,0.0031343012503183974
ZNF490,0.0031343012503183974
FBXW9,0.0031343012503183974
WDR83,0.0031343012503183974
DHPS,0.0031343012503183974
ZNF791,0.0031343012503183974
MAN2B1,0.0031343012503183974
TNPO2,0.0031343012503183974
ST8SIA6,0.003133781444700025
CACHD1,0.00313232708249145
MIR4794,0.00313232708249145
TBC1D30,0.003132203409145945
ZNF263,0.003131418348336322
RNY3P10,0.0031313974591651536
CCDC151,0.003131094547555501
RN7SL669P,0.003131094547555501
ELAVL3,0.003131094547555501
snoU13|ENSG00000238349.1,0.003131094547555501
PRKCSH,0.003131094547555501
DYX1C1,0.0031306870239107215
RN7SL677P,0.003129717990990276
LINC00330,0.003128257632166785
TBC1D21,0.00312823076552679
LOXL1,0.00312823076552679
STOML1,0.00312823076552679
ZFP28,0.003125694376150268
ZNF470,0.003125694376150268
RNA5SP306,0.003125352125557914
TIMP2,0.0031236212338320735
STAM,0.0031230102432014233
snoR442|ENSG00000251959.1,0.0031230102432014233
RN7SL854P,0.0031229023033097583
GNS,0.003121875685547167
snoU13|ENSG00000238592.1,0.003121875685547167
CCBL2,0.0031216706320896697
OR51B5,0.0031213309606151146
OR51B2,0.0031213309606151146
OR51B4,0.0031213309606151146
HIVEP3,0.0031212607992149193
PYGO1,0.0031209031101467606
BRSK1,0.0031208390115062
OSR1,0.003120394585115592
MIR4757,0.003120394585115592
GLCE,0.0031200421468852986
TSEN34,0.0031199915337444973
SOX8,0.003119072734579061
SSTR5,0.003119072734579061
LRRC3C,0.0031185014817605634
DUSP8,0.0031180433701476014
PSPH,0.0031172020553061125
SLC35B1,0.0031168228230525046
SPOP,0.0031168228230525046
FAM117A,0.0031168228230525046
KRT12,0.003116148097329456
KRT10,0.003115996266075835
TMEM99,0.003115996266075835
ALDH3A2,0.00311535769855344
SLC16A9,0.003115172210774218
TNFRSF19,0.0031148648648648613
C1QTNF9B,0.0031148648648648613
ANKRD20A19P,0.0031148648648648613
MIPEP,0.0031148648648648613
CEACAM6,0.0031147859922178956
CEA,0.0031147859922178956
CEACAM5,0.0031147859922178956
CEACAM3,0.0031147859922178956
ZSCAN10,0.0031147324977890472
ZNF205,0.0031147324977890472
C21orf54,0.003113919367603739
TOLLIP,0.0031134783383847393
ELOF1,0.00311262528112153
CNN1,0.00311262528112153
AFMID,0.00311244372156613
IFNAR2,0.0031122522092190096
KRT26,0.0031110617503331836
KRT27,0.0031110617503331836
KRT28,0.0031110617503331836
RN7SL157P,0.0031092614515982153
U3|ENSG00000207119.1,0.0031092590022404718
RPLP1,0.0031092590022404718
LRRC7,0.0031080775659789567
TMC4,0.0031079565163710365
MBOAT7,0.0031079565163710365
TTC39B,0.0031078529581398196
PARN,0.003107820064706894
LAMC3,0.0031075731014217818
RASSF3,0.0031071974974145053
CCT6A,0.003106945254785238
SNORA15|ENSG00000207168.1,0.003106945254785238
SNORA22|ENSG00000206603.1,0.003106945254785238
SUMF2,0.003106945254785238
SNORA31|ENSG00000252582.1,0.0031066622580182223
IL10RB,0.00310644525304748
IFNAR1,0.00310644525304748
RBMXL1,0.0031046236707740196
GBP3,0.0031045116180046357
GBP7,0.0031045116180046357
GBP1,0.0031045116180046357
GBP2,0.0031045116180046357
RAB27A,0.0031043815924824626
PPP6R1,0.0031043004256873473
TMEM86B,0.0031043004256873473
ZNF382,0.0031042667078773237
SNORD62B,0.003104029546262731
SNORD62A,0.003104029546262731
RNA5SP87,0.003103873394713534
ZNF134,0.0031038540450727867
ZNF530,0.0031038540450727867
ZNF211,0.0031038540450727867
LINC00948,0.003103597291728001
ZNF213,0.003103110511599648
CASP16,0.003103110511599648
MIR628,0.003102737709743893
CCPG1,0.003102737709743893
PIGB,0.003102737709743893
NUP214,0.003102170427534917
PPAPDC3,0.003102170427534917
FAM78A,0.003102170427534917
AIF1L,0.003102170427534917
CASC3,0.0031012658227848058
FAM83G,0.003100868342200211
SNORD3C,0.003100868342200211
SNORD3D,0.003100868342200211
SNORD3A,0.003100868342200211
GRAP,0.003100868342200211
GRAPL,0.003100868342200211
MED24,0.0031000061857177365
NUPL1,0.0030992855075133515
SNORA40|ENSG00000212455.1,0.003098911714408794
MIS18A,0.0030979592664719265
CSF3,0.0030977905740908365
SNORD124,0.0030977905740908365
RSL24D1,0.0030969725435198944
CNOT3,0.0030967446071716257
LENG1,0.0030967446071716257
C2orf91,0.003095934863744157
CCDC106,0.0030954972674524816
ZNF581,0.0030954972674524816
ZNF580,0.0030954972674524816
MNS1,0.003095190276439042
TEX9,0.0030946932168153963
PRRC2B,0.003094627895515029
BCAS3,0.003094554741283586
OR1F1,0.0030925034387895437
ZNF200,0.0030925034387895437
MEFV,0.0030925034387895437
MIR640,0.003092025213515379
KIF23,0.0030918365901810236
KAT7,0.003091605797544835
C15orf65,0.003090823694403192
RN7SL591P,0.0030906435894064548
ZWINT,0.003090578219699201
snoU13|ENSG00000239000.1,0.0030895819372556434
snoR442|ENSG00000252203.1,0.0030895819372556434
snoU13|ENSG00000238465.1,0.00308940823544912
WDR92,0.0030872629256336773
PNO1,0.0030872629256336773
PPP3R1,0.0030872629256336773
SNORD41|ENSG00000209702.1,0.003086363149753963
NSUN6,0.003086109925023989
C10orf67,0.0030858002756736945
ACBD4,0.0030856333681849066
PLCD3,0.0030856333681849066
HEXIM1,0.0030856333681849066
NMT1,0.0030856333681849066
DCAKD,0.0030851630410876373
FIZ1,0.003084898635833601
SBK2,0.003084898635833601
ZNF579,0.003084898635833601
SGK110,0.003084898635833601
ZNF524,0.003084898635833601
LINC00299,0.0030848171559270847
ACP5,0.003084195598508325
ZNF627,0.003084195598508325
FANCL,0.003084099423151024
NLRP13,0.0030838084266426903
ARHGEF1,0.003083777203931861
RNA5SP398,0.003083622479471808
IFLTD1,0.003083289944262831
PML,0.0030831409626371252
KLHL1,0.003082829185755104
SSC5D,0.0030827182174517753
BRSK2,0.0030816497921573416
CD79A,0.003081286368657693
BFAR,0.0030789479791861066
LHCGR,0.0030785476191190517
GTF2A1L,0.0030785476191190517
C1D,0.0030780122120421267
RN7SL716P,0.0030767055186531347
TRIM37,0.0030767055186531347
SKA2,0.0030767055186531347
MIR454,0.0030767055186531347
PPM1E,0.0030764047290805056
METTL16,0.0030753579853151293
RN7SKP165,0.0030741779301195903
ZNF233,0.0030740665124086982
RN7SL98P,0.0030735694988313117
RNFT1,0.0030710440217513917
PSIP1,0.0030707859029232274
CYTH1,0.0030707508771261644
SNORA70|ENSG00000207244.1,0.0030706050185774687
UCK1,0.003070353294944816
POMT1,0.003070353294944816
ABL1,0.003069592179224034
SH3GL2,0.003069286343077434
ZNF567,0.00306872813610756
LINC00159,0.003067911189548849
KRT222,0.0030678657586782777
SMARCE1,0.0030678657586782777
TMEM235,0.003067736840864621
BIRC5,0.003067736840864621
MIR4778,0.003067308439017688
PLEKHA5,0.003066931674247796
ITGAE,0.0030665337718861108
RPS9,0.0030661778971937926
MOB2,0.003065960721021667
ALK,0.0030642899171708384
ZNF71,0.003062878096067658
SMIM17,0.003062878096067658
ZNF835,0.003062878096067658
PPP5D1,0.003062588358352879
GSG2,0.0030615967307884013
MIR3169,0.0030591343944521053
SEPT4,0.0030591085806939006
C17orf47,0.0030591085806939006
MTMR4,0.0030591085806939006
HSF5,0.0030584590864702545
SH2D3A,0.0030570566558676513
C3,0.0030570566558676513
GPR108,0.0030570566558676513
TNFSF14,0.0030570566558676513
TRIP10,0.0030570566558676513
PPP1R12C,0.003056505429972316
OSCAR,0.0030558067342007353
TFPT,0.0030558067342007353
NDUFA3,0.0030558067342007353
PRPF31,0.0030558067342007353
LINC00277,0.0030556265242132176
MIR4659A,0.003055097635168289
TUB,0.0030543731595327438
PARP1,0.003053865982452445
PCAT2,0.0030527817571217274
RAD51AP2,0.0030521602534256333
ZNF461,0.003051798985655882
TMEM236|ENSG00000184040.7,0.003051688911539326
SLC39A12,0.003051688911539326
TMEM236|ENSG00000148483.7,0.003051688911539326
MRC1L1,0.003051688911539326
MRC1,0.003051688911539326
DEFB1,0.0030514312985611227
MIR301A,0.0030509462338638967
CEACAM7,0.0030504640412043257
RN7SKP196,0.0030503503090962662
MIR935,0.003048772098984636
CACNG8,0.003048772098984636
VAV1,0.0030484842412299754
RNF43,0.0030473670149061237
ZNF564,0.0030470410607956744
ZNF709,0.0030470410607956744
PKDCC,0.003046637491985359
FN1,0.003046417105362726
LINC00958,0.0030463866268913447
ENAH,0.0030461725443157108
LMF1,0.0030457554751858497
C21orf62,0.0030454247204527397
RNY3P4,0.0030448352964175724
RNF126P1,0.003044547933594978
GATAD2A,0.0030442300235733327
RN7SL437P,0.0030441932452600746
ATP6V1E2,0.003043700424740804
U3|ENSG00000212195.1,0.0030436911539808015
UCK2,0.0030431862933128747
PGS1,0.003042736251561651
PNMT,0.0030422990625825963
TCAP,0.0030422990625825963
STARD3,0.0030422990625825963
DEFA4,0.003041154851428626
DEFA6,0.003041154851428626
TGFB1,0.0030411093364105203
RN7SL459P,0.003040120235904546
ARHGAP5,0.0030397662322417317
MIR3671,0.003038949443540369
AK4,0.003038949443540369
MMP25,0.003038568735874502
IL32,0.003038568735874502
SFMBT2,0.0030379151907886895
TSSC1,0.0030377134820172816
USP32,0.003036440352896048
ZNF365,0.00303595861074256
SNORD2|ENSG00000238707.1,0.0030353772198911675
MIR4264,0.003034349594297684
ADARB1,0.0030341025598486977
NOMO3,0.0030335603180571243
NPIPA5,0.0030335603180571243
NPIPA3,0.0030335603180571243
NPIPA2,0.0030335603180571243
NPIPA1,0.0030335603180571243
ABCC6,0.0030335603180571243
XYLT1,0.0030335603180571243
C16orf45,0.0030335603180571243
KIAA0430,0.0030335603180571243
FOPNL,0.0030335603180571243
NPIPA8,0.0030335603180571243
MIR484,0.0030335603180571243
MPV17L,0.0030335603180571243
NOMO2,0.0030335603180571243
PKD1P5,0.0030335603180571243
NOMO1,0.0030335603180571243
MYH11,0.0030335603180571243
NDE1,0.0030335603180571243
NPIPA7,0.0030335603180571243
RPS15A,0.0030335603180571243
PDXDC1,0.0030335603180571243
ABCC1,0.0030335603180571243
RRN3,0.0030335603180571243
RN7SL90P,0.0030335603180571243
PLA2G10,0.0030335603180571243
PKD1P6,0.0030335603180571243
NTAN1,0.0030335603180571243
ABCC6P1,0.0030335603180571243
NPIPP1,0.0030335603180571243
KIAA1462,0.0030330905040714022
EML4,0.003032836915771409
PCM1,0.0030320702440853053
NAT2,0.0030307640040065863
MAP2K4,0.0030297010982047535
USP36,0.0030296485306648985
PARP4,0.003028964706179893
RN7SL849P,0.003027767648880325
REG1A,0.003027758164340006
REG3A,0.003027758164340006
REG1P,0.003027758164340006
REG1B,0.003027758164340006
REG3G,0.003027758164340006
NOX5,0.0030266732001892086
MYO3A,0.003026612115440416
snoU13|ENSG00000238552.1,0.0030266112037024306
PTER,0.0030266112037024306
C1QL3,0.0030266112037024306
CACNG6,0.003024484528506
TARM1,0.0030240670950748725
MICALCL,0.0030240291327367046
AKAP6,0.0030239637106579025
LURAP1L,0.0030231315078166165
MIR548F1,0.003022848277564263
TMEM247,0.0030227713707340446
RN7SL817P,0.0030227713707340446
ST5,0.0030227345679873833
DDC8,0.0030221221454720263
ARL5B,0.0030206333246098525
DNAJC6,0.0030205354900011984
LEPR,0.0030205354900011984
LEPROT,0.0030205354900011984
LAIR1,0.0030204983332059506
TEX14,0.00302045676487388
WDR16,0.003019861349381163
VEZF1,0.003019650655021835
SRSF1,0.003019650655021835
MSGN1,0.003019616119332839
GEN1,0.0030194899286805203
ADD2,0.0030189889181392506
NAT14,0.0030189072619733336
ZNF628,0.0030189072619733336
HUNK,0.0030188351996105174
PIK3R5,0.00301869239802794
SMC6,0.0030181540483266646
FIGLA,0.0030180620142818853
RN7SKP163,0.003016785218045303
RNY4P8,0.0030162234506182885
WIPF2,0.0030162234506182885
RAPGEFL1,0.0030162234506182885
SHPK,0.0030158942157546783
TRPV1,0.0030158942157546783
CTNS,0.0030158942157546783
EMC6,0.0030158942157546783
P2RX5,0.0030158942157546783
TAX1BP3,0.0030158942157546783
TRPV3,0.0030158942157546783
SPATA22,0.0030158942157546783
ASPA,0.0030158942157546783
VSTM1,0.0030153450881019715
LINC00589,0.0030143473009201535
EFR3A,0.0030135408034130244
MSI2,0.003013367604517901
EPAS1,0.003013159405194883
SNORA62|ENSG00000201157.1,0.003012804667318813
ZNF638,0.0030126550751138907
XDH,0.0030124411000278704
RN7SKP159,0.0030124265866217615
LINC00362,0.003012407751331799
SCARNA16|ENSG00000252329.1,0.0030110457147464317
LILRB2,0.0030110443478925547
LILRA6,0.0030110443478925547
LILRA4,0.0030110443478925547
LILRA3,0.0030110443478925547
LILRB3,0.0030110443478925547
LILRB5,0.0030110443478925547
LILRA5,0.0030110443478925547
MIR4752,0.0030110443478925547
FRAS1,0.003009956090264267
AGPAT5,0.0030084789609370124
SNORA67|ENSG00000212395.1,0.003007224360693987
FKBP9L,0.00300721837486506
DYNLL2,0.0030060527334033514
OR4D1,0.0030060527334033514
OR4D2,0.0030060527334033514
EPX,0.0030060527334033514
VSNL1,0.0030047517307700633
ANGPT2,0.0030041435848029902
NUBP1,0.0030039940759700053
ZIK1,0.0030031279771872274
AKR1E2,0.0030031217283715615
PARVA,0.003002765459969364
XKR5,0.003002118625168378
RNA5SP441,0.0030020244167149298
IZUMO3,0.0030015778687867414
ISOC2,0.0030012868964160748
TMEM238,0.0029997808342348137
RPL28,0.0029997808342348137
MEIS1,0.002999713263361627
ZNF549,0.0029993236806081674
ZNF550,0.0029993236806081674
ZNF416,0.0029993236806081674
STX8,0.002998333161959294
CAPZA3,0.002997655293645926
PLCZ1,0.002997655293645926
PPM1H,0.00299642411987923
ZNF865,0.0029962151758243286
ZNF784,0.0029962151758243286
SH2D4A,0.002995548240090446
SGCG,0.002995014906407309
CACNA1A,0.0029937207216186603
RN7SL160P,0.002993707142519351
ATP6V1B1,0.002993707142519351
TEX261,0.002993707142519351
VAX2,0.002993707142519351
snoU13|ENSG00000239064.1,0.002993707142519351
ANKRD53,0.002993707142519351
ECHS1,0.002993659667084446
ANKEF1,0.002992441605829607
FMNL1,0.0029922142255336837
MPO,0.0029912940135979234
LPO,0.0029912940135979234
AMER2,0.002990724817456514
NAT1,0.0029905575829286745
CAPN13,0.0029901903595247856
CUEDC1,0.0029900595139387923
MIR4737,0.0029889663575441675
LSP1|ENSG00000130592.9,0.0029885141695213326
C11orf89,0.0029885141695213326
LCLAT1,0.002988181117009211
MCPH1,0.0029874800403207817
FAM13C,0.002986878618388781
PAX1,0.0029843861071272636
SOCS3,0.0029839143860641605
RN7SL236P,0.0029839143860641605
PHYHIPL,0.0029831611645835692
CDC6,0.002982342587541962
TMEM190,0.0029817586647747202
SUV420H2,0.0029817586647747202
COX6B2,0.0029817586647747202
TMEM150B,0.0029817586647747202
IL11,0.0029817586647747202
FAM71E2,0.0029817586647747202
SLITRK6,0.002980923184147073
SACS,0.002980578906211813
SLC24A2,0.0029786703209764924
ROR1,0.0029782249661930013
BICC1,0.0029780551466980745
LRLE1,0.0029778280300800136
SPAG11A,0.0029778280300800136
DEFB103B,0.0029778280300800136
DEFB104A,0.0029778280300800136
DEFB104B,0.0029778280300800136
SGK223,0.0029778280300800136
SPAG11B,0.0029778280300800136
DEFB107A,0.0029778280300800136
DEFB107B,0.0029778280300800136
ZNF705B,0.0029778280300800136
ZNF705G,0.0029778280300800136
DEFB106B,0.0029778280300800136
DEFB106A,0.0029778280300800136
MIR548I3,0.0029778280300800136
DEFA5,0.0029778280300800136
DEFB103A,0.0029778280300800136
DEFB105B,0.0029778280300800136
FAM90A24P,0.0029778280300800136
FAM86B3P,0.0029778280300800136
FAM85B,0.0029778280300800136
FAM66E,0.0029778280300800136
DEFA3,0.0029778280300800136
DEFA1,0.0029778280300800136
DEFA1B,0.0029778280300800136
ALG1L13P,0.0029778280300800136
FAM66B,0.0029778280300800136
DEFB4B,0.0029778280300800136
DEFB4A,0.0029778280300800136
DEFB105A,0.0029778280300800136
OR1D2,0.002976012492109375
OR1D5,0.002976012492109375
RARA,0.0029753920901540217
FILIP1,0.0029748588218797413
TUBBP1,0.0029746156977533086
ETAA1,0.002973904247321359
CD207,0.002973807084193767
CLEC4F,0.002973807084193767
LAIR2,0.0029736135036775332
KIR3DX1,0.0029736135036775332
AKIP1,0.0029727436394847394
ATIC,0.002972651309602313
IGFBP4,0.0029723161014232747
TOP2A,0.0029723161014232747
snoU13|ENSG00000238932.1,0.0029713393517993287
MIR4736,0.0029703627954968423
SUPT4H1,0.0029703627954968423
BZRAP1,0.0029703627954968423
MIR142,0.0029703627954968423
COL12A1,0.0029683098142695066
LINC00327,0.002968213919163284
LINC00352,0.002968213919163284
ASCL3,0.0029676217325164326
C11orf16,0.0029676217325164326
MRGPRD,0.0029652409983136297
SNORD75|ENSG00000221711.1,0.0029647958116867496
snoU13|ENSG00000239024.1,0.002964424067244761
RN7SL608P,0.002964424067244761
CLUH,0.002964424067244761
PAFAH1B1,0.002964424067244761
RN7SL33P,0.002964424067244761
ZFP14,0.002964301268632604
TRAP1,0.002962711249699413
RTKN2,0.0029620846148372486
SENP6,0.0029617799278493758
RN7SL12P,0.0029617228596068874
STON1,0.002961653280368196
SHISA7,0.0029613987271526684
FOXN2,0.0029612992460268635
RN7SKP224,0.0029612992460268635
RNA5SP90,0.0029586711777401845
CAPN14,0.0029586711777401845
EHD3,0.0029586711777401845
MIR4729,0.002957722354513935
YPEL2,0.002957722354513935
MCEE,0.002956167536295852
PAIP2B,0.0029551239812727567
MPHOSPH10,0.0029551239812727567
ITPR2,0.002954971293606569
PSMD12,0.002954427523433671
SNORA8|ENSG00000207410.1,0.002954427523433671
RNA5SP447,0.002954427523433671
OR51Q1,0.002953899875768053
FSHR,0.002953358494210048
TTYH1,0.0029530357993262316
CDC42EP5,0.0029530357993262316
LENG8,0.0029530357993262316
LENG9,0.0029530357993262316
MIR5695,0.0029521649602266852
FARSA,0.0029521649602266852
SYCE2,0.0029521649602266852
GCDH,0.0029521649602266852
KLF1,0.0029521649602266852
DNASE2,0.0029521649602266852
GDPD1,0.0029519279776078905
MAP3K14,0.0029518066989466687
PRR11,0.0029512846221331026
SMG8,0.0029512846221331026
TNNI2,0.002950594442103722
CTSD,0.002950594442103722
FAM99A,0.002950594442103722
SYT8,0.002950594442103722
MIR4298,0.002950594442103722
FAM99B,0.002950594442103722
IFITM10,0.002950594442103722
MKS1,0.002950426547270285
MIR4500,0.0029499368972272476
OR10A6,0.0029492903297838164
OR10A3,0.0029492903297838164
NLRP10,0.0029492903297838164
EIF3F,0.0029492903297838164
DNAJC12,0.002948166633092284
RN7SL394P,0.002948166633092284
SFTPC,0.0029477660479311544
LGI3,0.0029477660479311544
REEP4,0.0029477660479311544
MNT,0.0029476859696335456
GJD3,0.0029476238408808423
INTS10,0.0029475219512766623
MIR1253,0.00294557958736171
RN7SL605P,0.00294557958736171
LEPROTL1,0.002945073371198164
SPTBN2,0.002945005987828155
LRFN4,0.0029444869064795196
RCE1,0.0029444869064795196
RN7SKP191,0.0029441882407819694
UBE2S,0.0029440733924331595
snoU13|ENSG00000238931.1,0.0029439390133353693
RN7SKP201,0.00294393077226991
RPUSD1,0.002943866787221212
PRR25,0.002943866787221212
MSLN,0.002943866787221212
MSLNL,0.002943866787221212
MIR662,0.002943866787221212
GNG13,0.002943866787221212
CHTF18,0.002943866787221212
MIR4711,0.0029426232702091867
RAP1GAP2,0.002942190770457489
FGF17,0.002941940038802998
HR,0.002941940038802998
NUDT18,0.002941940038802998
DMTN,0.002941940038802998
FAM160B2,0.002941940038802998
PSAP,0.002941167180932485
C10orf54,0.002941167180932485
SEPT9,0.0029406595478867546
NPM2,0.002940411267323758
XPO7,0.002940411267323758
snoU13|ENSG00000238466.1,0.002940411267323758
SLCO1C1,0.002940325497287524
RAVER2,0.0029400862687975673
SPATA32,0.0029398488862721994
PSMD13,0.002939411827365211
SIRT3,0.002939411827365211
RNH1,0.002939411827365211
SIGIRR,0.002939411827365211
ANO9,0.002939411827365211
RN7SL838P,0.002939411827365211
ATHL1,0.002939411827365211
B4GALNT4,0.002939411827365211
BET1L,0.002939411827365211
RIC8A,0.002939411827365211
PKP3,0.002939411827365211
PTDSS2,0.002939411827365211
IFITM1,0.002939411827365211
IFITM2,0.002939411827365211
IFITM3,0.002939411827365211
IFITM5,0.002939411827365211
NLRP6,0.002939411827365211
ODF3,0.002939411827365211
SCGB1C1,0.002939411827365211
PKN1,0.0029380788129250613
SLC5A10,0.002936688477139775
C10orf105,0.0029362269896417987
IFNA13,0.0029358812733696967
RAD23B,0.002935829515600234
LRRC20,0.0029352268033722853
IFNA6,0.0029351437343487353
BARHL1,0.0029346124375517232
U3|ENSG00000251944.1,0.002933763409844793
MRPL1,0.0029333151046274154
CCAT1,0.002932384749066487
TYSND1,0.0029313718344307015
PPA1,0.0029313718344307015
SAR1A,0.0029313718344307015
NPFFR1,0.0029313718344307015
VDAC2,0.0029302582667217313
COMTD1,0.0029302582667217313
OR10AB1P,0.002929988974641674
CNOT6L,0.0029289603203963184
MYPN,0.0029285687856899128
CTNNA3,0.002928446053225736
C11orf80,0.002928305465068274
LINC00665,0.0029274954691692803
RN7SKP202,0.002927409441664852
LINC00707,0.002927071034350201
RN7SL429P,0.0029269425663714264
GOLGA6A,0.0029269425663714264
KLHL9,0.0029267477959589714
IFNA5,0.0029267477959589714
RN7SL220P,0.0029267269909266946
MTRNR2L5,0.002926393443265206
MIR942,0.002925477512702511
TTF2,0.002925477512702511
RERGL,0.0029241637702627677
MRRF,0.002923651195499299
LINC00566,0.002923576423576424
C1QTNF9,0.002923576423576424
PGAP3,0.0029221668006905515
CYP2J2,0.002921952061276068
PTGS1,0.002921457102672293
OR1J4,0.0029214402250351624
OR1J1,0.0029214402250351624
OR1J2,0.0029214402250351624
OR1L8,0.0029214402250351624
OR1N2,0.0029214402250351624
OR1N1,0.0029214402250351624
ULK2,0.0029207862891373147
C10orf40,0.002919883019965499
ASAP1,0.002919059867670965
ISLR,0.0029187895569620205
STRA6,0.0029187895569620205
ISLR2,0.0029187895569620205
CUL3,0.0029167028386183486
SNORA30|ENSG00000200063.1,0.002916389694269615
ZNF44,0.0029157447091265514
COL13A1,0.002914781700235669
PPM1D,0.0029144520408853998
PRDX2,0.0029143829872275745
JUNB,0.0029143829872275745
BEST2,0.0029143829872275745
MIR5684,0.0029143829872275745
ASNA1,0.0029143829872275745
CYP11A1,0.002911409358047012
RN7SL34P,0.002910488245931278
PPP1R21,0.002909628233938691
KLF4,0.002908976919903597
ZFP82,0.002907798648477778
MIR3924,0.002906804691410998
JUN,0.002906140557627519
RN7SL713P,0.0029055915260582064
TACSTD2,0.0029055915260582064
OMA1,0.0029055915260582064
RAB40C,0.002902988748241907
WDR24,0.002902988748241907
FAM173A,0.002902988748241907
HAGHL,0.002902988748241907
CCDC78,0.002902988748241907
NARFL,0.002902988748241907
C16orf13,0.002902988748241907
FBXL16,0.002902988748241907
STUB1,0.002902988748241907
FAM195A,0.002902988748241907
WDR90,0.002902988748241907
WFIKKN1,0.002902988748241907
RHOT2,0.002902988748241907
JMJD8,0.002902988748241907
RHBDL1,0.002902988748241907
METRN,0.002902988748241907
FGL1,0.002902863770289188
KIAA0368,0.002901447018165348
EPHA4,0.002900821382955523
ASAH1,0.002900081420345717
SMC3,0.0028993356597884485
RN7SKP94,0.0028985361045086866
MRPS23,0.0028985361045086866
BARD1,0.002898485552757032
ALDH3A1,0.0028973820272348337
MAST1,0.0028970890001534556
HECTD1,0.002895701680590069
RBM4B,0.002895345843057596
PEBP4,0.0028942901156368142
snoU13|ENSG00000239125.1,0.002893548422056526
RPL27A,0.002893514577198442
SCARNA20|ENSG00000252778.1,0.002893514577198442
TRIM66,0.002893514577198442
SNORA3|ENSG00000200983.1,0.002893514577198442
SNORA45,0.002893514577198442
OR2K2,0.002893400110956722
HNRNPUL1,0.0028932071966845095
SH3BGR,0.0028924302120881874
PDCL,0.0028923600562587976
OR5C1,0.0028923600562587976
OR1K1,0.0028923600562587976
H2AFY2,0.002891809810733981
AIFM2,0.002891809810733981
PAOX,0.002891002689352542
MIR3944,0.002891002689352542
TSC22D1,0.002890846421065713
SCARNA20|ENSG00000252577.1,0.002890205103905776
NTNG2,0.0028900297299782394
PLEKHM1P,0.0028885180971241686
ZNF441,0.002888511038364303
TTF1,0.002888429828056522
SETX,0.002888429828056522
JAK1,0.0028883685862585366
HOOK1,0.0028882441022900604
DOK2,0.002888188433592947
GPR33,0.0028877584958816767
C9orf171,0.0028875226039783036
GIPC1,0.0028874068530148757
SPATA13,0.0028871450564488506
LRRC8D,0.002886316358864597
RN7SL227P,0.0028838649789029547
RBM18,0.0028838649789029547
MIR4478,0.0028838649789029547
LHX6,0.0028838649789029547
MORN5,0.0028838649789029547
NDUFA8,0.0028838649789029547
HNRNPH3,0.0028838313565234773
DTD2,0.0028832083534801067
MTUS1,0.0028831471599529025
NNAT,0.002882545394365539
BLCAP,0.002882545394365539
SLC18A1,0.0028816383585351484
EFCAB3,0.002879225558290212
METTL2A,0.002879225558290212
OR52D1,0.0028789175032736796
FOXD3,0.0028786079274645848
SHKBP1,0.0028784537607617223
RN7SL758P,0.0028784537607617223
LTBP4,0.0028784537607617223
OR1B1,0.00287759212376934
C17orf64,0.002877429544890456
GFRA2,0.002876947793843781
LACC1,0.002876286487625408
OR1L1,0.0028753980309423346
OR1L3,0.0028753980309423346
TACO1,0.0028747839913168104
HOOK2,0.0028746025345005423
RTBDN,0.0028746025345005423
OR1L6,0.0028740478199718693
OR1L4,0.0028740478199718693
RUFY2,0.002873947971693416
CCDC33,0.002873739828209762
PAFAH1B3,0.0028733169165190606
PRR19,0.0028733169165190606
ARID5B,0.00287254373570669
CALR,0.0028725398179242235
GADD45GIP1,0.0028725398179242235
RAD23A,0.0028725398179242235
RGS9,0.0028725179828716406
snoU13|ENSG00000238612.1,0.002872260914686685
RN7SL660P,0.00287136065468388
DLEU2L,0.0028710096654769542
RN7SL488P,0.0028710096654769542
EFCAB7,0.0028710096654769542
ALG6,0.0028701838879159358
SEPT14,0.002869739478957915
IFNA14,0.0028692497684470503
TNS4,0.0028680698873637007
RN7SL449P,0.0028674571149558768
FAM49B,0.0028663771776976776
ITGB3BP,0.0028663210224123773
AKR1C1,0.002865553327484646
ZNF536,0.002865509095335045
MBOAT4,0.0028655026465418156
RNA5SP472,0.002864781579180315
MIR548E,0.0028647802150164716
ADRA2A,0.0028647802150164716
SHOC2,0.0028647802150164716
BBIP1,0.0028647802150164716
PPP6R3,0.0028642579394626963
MIR4680,0.0028640541009190205
PDCD4,0.0028640541009190205
RN7SL686P,0.002863978238252122
PTGER1,0.0028633822524486707
OR51I1,0.0028629553772286185
DAND5,0.002862112036201034
ZNF493,0.002861470934912172
BMP1,0.002859353023909989
ZNF799,0.002859253352824567
ZNF443,0.002859253352824567
ZNF442,0.002859253352824567
ZNF563,0.002859253352824567
INSC,0.002859141872199749
RN7SL475P,0.0028585384589693077
SMURF2,0.002858355430089356
ACE,0.0028565940369702164
MMD,0.0028526592696775516
LRRTM1,0.002852595853971752
RNA5SP443,0.002852564297774573
KIF1C,0.0028518724541194023
RIC3,0.0028516810182406863
LINC00517,0.002851005614197401
TET1,0.002850833429864471
KCTD4,0.0028494536821724228
CCDC122,0.0028492304035181563
MIR548V,0.0028480719779286423
MACROD2,0.0028477759676973774
CIC,0.002847089615644938
snoU13|ENSG00000238663.1,0.002846771665459581
OOEP,0.0028467436613254763
DPPA5,0.0028467436613254763
snoU13|ENSG00000238464.1,0.0028467436613254763
KHDC3L,0.0028467436613254763
DDX43,0.0028467436613254763
NACC2,0.0028456889031316206
MIR629,0.0028456028640838735
OR52N2,0.002845388297835807
ZNF529,0.00284384158248922
TRIM34,0.002843245396539763
TRIM6,0.002843245396539763
OR52B6,0.002843245396539763
MIR4438,0.0028430531083462117
HEATR5A,0.0028418741667621634
OR52N5,0.0028415351964669604
OR52N1,0.0028415351964669604
OR52N4,0.0028415351964669604
OR56B1,0.0028415351964669604
TRIM22,0.0028415351964669604
RPL12P38,0.002840813195243578
ZNF112,0.002840537237106453
MIR548D2,0.002840379699230223
RN7SL756P,0.002840379699230223
AXIN2,0.0028394799605828782
STRBP,0.002838852320675111
MCU,0.0028380062683738654
GPR21,0.0028371420534458566
snoU13|ENSG00000238556.1,0.002836900701079371
HMGN1,0.002836900701079371
CAND1,0.0028367037952170076
DCAF7,0.0028352907012724926
RN7SL781P,0.0028350305898989497
RWDD3,0.002833945648664604
ZNF227,0.0028328796334104634
FNBP1L,0.002832746067265623
MIR3148,0.0028326000923098067
FAM183CP,0.0028326000923098067
GSR,0.0028324871600985922
LINC00593,0.0028322132719601034
MIR600HG,0.0028321350210970516
C21orf88,0.002832022801575991
B3GALT5,0.002832022801575991
MRC2,0.0028314394390200944
SNORA12|ENSG00000212342.1,0.0028313527002068258
ATP6V1B2,0.0028295965120536007
LZTS1,0.0028295965120536007
TLK2,0.0028295066671109826
RN7SL414P,0.0028291657217093726
DUPD1,0.0028290248386339104
DUSP13,0.0028290248386339104
LMO1,0.0028288487572048627
PBLD,0.002828729193660923
ATOH7,0.002828729193660923
MICU1,0.0028285024741449795
LINC00556,0.002828426439111513
GJB2,0.002828426439111513
TMEM66,0.002828328308668281
SMIM2,0.002828263018849577
SERP2,0.002828122551959244
RN7SL63P,0.0028280678517136008
ZNF823,0.0028275596980360876
OC90,0.0028272694907090215
SRBD1,0.002827194610803586
ZNF223,0.002827083616895786
CCDC8,0.0028268363004962556
WEE1,0.0028263160754060947
RNASEH2A,0.002826296424505645
COX7A2,0.0028261788213698436
DDIT4,0.002825809664957843
snoU13|ENSG00000238387.1,0.0028253599174227193
RN7SL56P,0.0028253599174227193
ASCC1,0.0028252346590863053
ANAPC16,0.0028252346590863053
APPBP2,0.0028233308513278756
ZNF232,0.002822749770049497
USP6,0.002822749770049497
SLC52A1,0.002822749770049497
ZFP3,0.002822749770049497
ZNF594,0.002822749770049497
LINC00331,0.0028221925264569677
VWC2L,0.002822098390426877
snoU13|ENSG00000238970.1,0.0028216417594513336
CISD1,0.0028216417594513336
DSCR9,0.002821530899492792
RN7SL678P,0.002821530899492792
HTR5A,0.002821375499729963
BCAR3,0.002820956213887313
C21orf49,0.0028207681602653322
TFAM,0.00282072449656379
UBE2D1,0.00282072449656379
LINC00702,0.0028195796819214516
KCNH6,0.002818076653924339
OLFM3,0.0028174876596011827
PSD3,0.0028168920858252476
CCDC6,0.0028168069865567697
LINC00489,0.0028166742341623626
MIR4523,0.002816404568156375
RNA5SP292,0.0028149032720324783
ZNF462,0.0028149032720324783
RN7SKP77,0.002814767570619012
MIR4316,0.0028142281309666904
TLE3,0.0028134381792609612
IPMK,0.00281332289064815
LINC00529,0.002813300040947858
HLF,0.002812716146795154
TBX4,0.002812602053689168
MIR633,0.002812463998552801
NFIA,0.0028117046858822385
RNA5SP469,0.0028107114110954667
TRIM5,0.0028097350906955503
RNA5SP53,0.002809144094496956
RNA5SP279,0.0028087159758418134
DMRT3,0.0028087159758418134
DMRT2,0.0028087159758418134
OR51I2,0.0028085548577329485
KIF5B,0.0028083655684161377
ZNF284,0.0028083628238283207
MIR4268,0.002808361283891134
CCR7,0.002808284925405868
GRIN2A,0.0028080789989592637
MPP7,0.0028075567260181095
OR52E6,0.0028072899853705782
ZNF136,0.002807162290367713
SNAP25,0.002806418589404273
RN7SL404P,0.0028059420834900344
MYSM1,0.0028058064247785167
DNAJC28,0.0028057685006421954
SNORA70|ENSG00000207274.1,0.0028056297225134883
MTF2,0.0028056204980906893
LINC00664,0.002805291193502976
NOL6,0.0028046107064563994
ZNF225,0.0028044099632503054
MRPS16,0.002804295536820618
DNAJC9,0.002804295536820618
FAM149B1,0.002804295536820618
ADAMTS20,0.002803785426006659
KCNK12,0.0028032836915771434
SEC23A,0.0028019931331702912
NUBPL,0.002801906699721344
C10orf107,0.002801275310525857
SNORA72|ENSG00000252158.1,0.0028010377345907096
FBXO11,0.002800108635089697
U3|ENSG00000252543.1,0.0027995603155507778
MIR4660,0.0027995603155507778
ERI1,0.0027995603155507778
PPP1R3B,0.0027995603155507778
ZNF738,0.0027992499721151234
TEKT5,0.0027989621522404562
TXK,0.002798380584654137
RN7SL99P,0.0027980927513197493
RNA5SP354,0.0027979270240775216
OIT3,0.0027961806652251004
CSGALNACT1,0.002795948479570437
RNA5SP293,0.002795340556267226
RN7SL409P,0.0027948595884052735
VRK2,0.0027943798511376175
TMEM41B,0.0027934698755908084
LPL,0.002792071134581035
ZNF180,0.0027918169547661168
RN7SL659P,0.0027910958160540164
TTC3,0.0027907536629864383
SRC,0.0027901356632733126
LINC00284,0.002790023609242723
SMIM18,0.002790005008298059
SNORA70|ENSG00000206661.1,0.0027894622545447515
RN7SL318P,0.0027894622545447515
RBM20,0.002788849761534636
RN7SKP288,0.002788849761534636
RNA5SP327,0.002788849761534636
ZDHHC2,0.0027881840919874224
VPS37A,0.0027881840919874224
CNOT7,0.0027881840919874224
WRB,0.002787668870674833
DCTN6,0.002787126601663206
CCDC7,0.0027863604208371584
NODAL,0.0027840002591575743
EIF4EBP2,0.0027840002591575743
MARCH10,0.0027829868466778705
RPP38,0.002782964421977655
DDX5,0.0027828773546731654
CEP95,0.0027828773546731654
RNA5SP330,0.002782807419089222
RNA5SP256,0.002782771689150007
TAL2,0.002782753429595234
FKTN,0.002782753429595234
SEMA7A,0.0027826910036166347
UBL7,0.0027826910036166347
TSR1,0.0027819927572344553
SGSM2,0.0027819927572344553
LRRC37A3,0.0027817776741041883
SNORA23,0.0027817189112837497
LINC00114,0.0027814987255551787
QPCT,0.0027799103480522684
SNORD77|ENSG00000212279.2,0.0027797920433996356
SPAG7,0.0027792124742674475
CAMTA2,0.0027792124742674475
INCA1,0.0027782795322149746
RN7SL825P,0.002778270293050768
ZNF714,0.0027782503971711145
DR1,0.002777665519967046
TTLL11,0.002777372714486641
ELAVL4,0.0027771805929428343
PIK3C2G,0.0027769694450218243
CDC42EP3,0.0027763545087762043
LINC00211,0.0027763545087762043
RMDN2,0.0027763545087762043
DAB1,0.002776141158419639
OR52E4,0.002775489879599168
OR52E8,0.002775489879599168
OR56A3,0.002775489879599168
RN7SL328P,0.0027731652362944672
ZBTB26,0.0027729901547116796
OR51M1,0.0027727428398750943
GTF2E2,0.0027724378234826545
NEUROG3,0.0027715737025510476
TMEM5,0.0027709296660655184
NUFIP1,0.00277029354245517
RN7SL49P,0.00277029354245517
KIAA1704,0.00277029354245517
RABGAP1,0.002770244725738401
LINC00351,0.0027694017480409915
DNAJB12,0.002769159438599899
IPO7,0.0027689737599826156
SCIMP,0.002768560290832643
SNORA36|ENSG00000200294.1,0.0027685277420086314
RNA5SP446,0.0027685243810131326
GHRH,0.002768116372524471
LCA5L,0.0027681076245749574
RAPGEF1,0.0027670852109327243
EMB,0.002766794506670248
FAM175B,0.0027667630169420036
METTL10,0.0027667630169420036
PAXIP1,0.0027657476855032738
RBPMS,0.0027656337837051945
SNORA31|ENSG00000253028.1,0.0027638813388211527
SPOCK2,0.0027636604387861682
EPC1,0.0027635462604795346
EEF1A1,0.0027629354851045882
MB21D1,0.0027629354851045882
MTO1,0.0027629354851045882
ZNF790,0.002762637856671205
FAM53B,0.0027623604134050673
RHOQ,0.0027621003530640406
SLC17A5,0.0027617212895330564
MIR559,0.0027614703815387557
TMEM30A,0.002761383481841243
ETS2,0.0027605148433753122
KAT6B,0.0027595058188974396
RC3H2,0.0027588016877637196
SNORD90,0.0027588016877637196
ZBTB6,0.0027588016877637196
U3|ENSG00000221332.1,0.0027586587122515834
PITPNC1,0.0027567230471148858
ZNF763,0.0027552742616033764
RN7SKP3,0.0027537921170667124
GTF2F2,0.0027537921170667124
7SK|ENSG00000271818.1,0.0027537921170667124
EPN2,0.0027528112408868235
NAGK,0.0027523310934000067
RNA5SP99,0.0027521293602746576
MIR744,0.0027518844253205505
AGBL4,0.0027510659799884064
PRKD3,0.00275090085928116
TTC18,0.002750759250710654
CD109,0.002750200772496076
CREBBP,0.0027501225111390927
KHDC1,0.0027496239499279736
RN7SL329P,0.0027494824719177403
CCDC18,0.0027490815270031057
TMED5,0.0027490815270031057
RNA5SP309,0.002748077198098301
HEXIM2,0.002747845455993793
KHDC1L,0.002747214679975015
STOM,0.002746571026722928
MIPOL1,0.0027464135021097054
FAM107B,0.0027457473037561454
TSPAN15,0.002745353087722837
UBQLN3,0.0027447268831088567
UBQLNL,0.0027447268831088567
ADK,0.0027442487096272007
TACR2,0.0027433701464504986
HK1,0.0027433701464504986
HKDC1,0.0027433701464504986
SUPV3L1,0.0027433701464504986
VPS26A,0.0027433701464504986
SRGN,0.0027433701464504986
LINC00466,0.002743280165820569
RNA5SP49,0.002743280165820569
PNOC,0.0027424357787449024
RNA5SP261,0.0027409581304771165
OR52H1,0.0027402350323152283
MIR634,0.0027398469968247315
ZNF143,0.0027397240180366145
RPS6KB1,0.002739458617332032
MANBAL,0.0027394051524037054
RN7SKP119,0.002739384979798915
PCBD1,0.0027391336038290514
SGPL1,0.0027391336038290514
TBATA,0.0027391336038290514
ADAMTS14,0.0027391336038290514
PRF1,0.0027391336038290514
RN7SL518P,0.0027390566664237045
CAMSAP1,0.0027388354090675544
BCYRN1,0.002737828250163094
EPCAM,0.002737828250163094
RN7SKP123,0.0027374948509847146
RN7SL130P,0.0027371310626283503
PGM1,0.0027369118725357423
TMEM80,0.0027360291551663985
EPS8L2,0.0027360291551663985
DEAF1,0.0027360291551663985
GGTLC1,0.002735800886610053
CEACAM20,0.0027353171362460866
C10orf11,0.002734205560549737
IFNGR2,0.0027341489421857453
TMEM50B,0.0027341489421857453
EGR2,0.0027340882554626822
MIR4463,0.002733431488775861
PIP4K2A,0.002731581135906441
DYRK1A,0.002731111403690257
LINC00353,0.002728248380048227
MIR4728,0.002728132081943886
KCNQ3,0.0027267433681533444
STX10,0.002724933644897765
IER2,0.002724933644897765
NACC1,0.002724933644897765
MIR5194,0.0027237039837001153
CRYL1,0.0027222163741151056
MIR4499,0.0027222163741151056
GJB6,0.0027222163741151056
RNA5SP251,0.0027217585027987214
C17orf67,0.002721704591855676
EGR3,0.0027215443240668474
snoU13|ENSG00000238506.1,0.0027200739968271186
SNTG2,0.002719048691265199
PXDN,0.002719048691265199
TPO,0.002719048691265199
PALD1,0.0027190083983251916
LINC00964,0.002716606712593749
snoU13|ENSG00000238983.1,0.002714788989042489
KANK4,0.0027143214989479346
STK33,0.0027142558486138004
ENO3,0.002713845210459466
MIR4662B,0.0027136146649924774
RNA5SP464,0.0027134862361614088
ZNF433,0.0027134862361614088
RNA5SP465,0.0027134862361614088
ZNF844,0.002711363611194172
ZNF878,0.002711363611194172
RNA5SP466,0.002711363611194172
PXMP4,0.0027112776411842726
ABCA12,0.0027111308088942723
RNA5SP467,0.002710865255767081
ZNF625,0.002710865255767081
ZNF20,0.002710865255767081
ZNF788,0.002710865255767081
L1TD1,0.0027100185921200637
DENND1A,0.0027094458509142097
IFNE,0.002708744983019454
ZNF566,0.0027085320108458976
NSMCE2,0.002708119817649123
IFNA8,0.0027077758910500492
LRP5,0.0027073656466806086
MSH2,0.0027065928620026336
GEMIN2,0.0027060035635287994
ECD,0.002705718473885821
SNORA11|ENSG00000221164.1,0.002705718473885821
NUDT13,0.002705718473885821
P4HA1,0.002705718473885821
EN2,0.002705300732777489
LINC00433,0.0027040009041591354
ZNF572,0.002703889096277192
SQLE,0.002703889096277192
BTBD16,0.002702852320675104
ZNF700,0.002702780823283166
NOL11,0.0027023534927332364
SNORA38B,0.0027023534927332364
TBC1D3P2,0.00270188659484626
MILR1,0.002701748539709894
PLEKHF1,0.002701513676197218
BLACE,0.00270114949875207
INSIG1,0.00270114949875207
DUSP4,0.002701029156150875
ACTN2,0.0027007214397082495
MAT1A,0.0026987387293649434
RN7SL180P,0.0026979726796032212
ZNF224,0.0026969029309015045
RN7SL53P,0.0026969029309015045
C19orf12,0.0026967281136584913
OR51J1,0.002696156881158741
UBXN8,0.0026954250760700114
LINC00700,0.0026947262892333436
CCNE1,0.0026945676949632603
AP4S1,0.002694399803237088
SWAP70,0.002694362789209513
RNY4P18,0.002693479511179651
INADL,0.0026924980238914324
PRTG,0.0026922731356693597
RTN2,0.002691350778095369
FOSB,0.002691350778095369
VASP,0.002691350778095369
PPM1N,0.002691350778095369
HBE1,0.002691297073771267
PAK7,0.002690903863567354
MSH6,0.002690756777793648
SUPT20H,0.002690612768100352
CSNK1A1L,0.002690585299974823
MIR5047,0.0026900090925969116
MIR3064,0.0026900090925969116
POLG2,0.0026900090925969116
POP4,0.0026870933654952614
SNORD98,0.002686874403276974
CCAR1,0.002686874403276974
snoU13|ENSG00000251926.1,0.002686874403276974
RNA5SP264,0.0026867768467825895
MTSS1,0.002685747333174963
LHPP,0.0026842156859832635
DCLRE1C,0.0026840126169060995
HSPA14,0.0026840126169060995
SUV39H2,0.0026840126169060995
CDNF,0.0026840126169060995
DGKE,0.002683614421058277
MIR606,0.0026834997610891073
PLA2G12B,0.0026834228236837588
CEACAM22P,0.002682682273944012
MCFD2,0.0026817663841594377
TTC7A,0.0026817663841594377
ATG4C,0.0026817458821964623
ERBB2,0.002679877860191529
ABCB4,0.0026793712616497425
UBAC1,0.0026787729886592233
ZNF100,0.0026782476840477402
TP53I13,0.002678040384776593
GIT1,0.002678040384776593
ABHD15,0.002678040384776593
CST1,0.0026779113033879886
CST2,0.0026779113033879886
RN7SKP280,0.0026776641878569173
RNA5SP26,0.0026771808547165067
KIAA1324L,0.002674611737902881
C12orf66,0.0026742165887457723
TAOK1,0.002673760010333247
DSCR3,0.0026727230550278704
VSTM2B,0.002672321744710983
RN7SKP1,0.002671824570238288
PDE3A,0.0026713587347613984
RN7SL17P,0.002671273008678349
U6|ENSG00000266839.2,0.002671273008678349
ADO,0.002671234501547527
DMRT1,0.002671154959874246
ZNF260,0.002670669720001688
SNORA31|ENSG00000252537.1,0.002669999954086954
CTDSP2,0.0026689989017975838
AQP3,0.0026687522867517507
POM121L12,0.002667655987079647
TAF3,0.0026674608546132994
SNORA62|ENSG00000272015.1,0.002666979215502421
PPP2CB,0.0026669496485811493
RNA5SP34,0.0026667735459766956
LINC00559,0.0026667735459766956
ZNF503,0.0026667274067235128
PLEKHA1,0.002666559263521288
RN7SL800P,0.0026665301983709484
CBFA2T2,0.0026664513260548205
MIR622,0.0026663878510753045
SCT,0.0026663256241870503
DRD4,0.0026663256241870503
IRF7,0.0026663256241870503
CDHR5,0.0026663256241870503
PHRF1,0.0026663256241870503
COCH,0.0026642648920738674
TEX15,0.0026632991818843978
ADARB2,0.0026622930231020945
RNA5SP302,0.002660179152720578
CROT,0.0026597842800374447
SVEP1,0.0026590136692844035
ITIH5,0.0026572393530849272
ITIH2,0.0026572347767191105
KIN,0.0026572347767191105
ATP5C1,0.0026572347767191105
C16orf11,0.00265716294956801
CAPN15,0.00265716294956801
AXIN1,0.00265716294956801
ARHGDIG,0.00265716294956801
DDX11L10,0.00265716294956801
DECR2,0.00265716294956801
WASIR2,0.00265716294956801
ITFG3,0.00265716294956801
HBA1,0.00265716294956801
NPRL3,0.00265716294956801
TMEM8A,0.00265716294956801
SNRNP25,0.00265716294956801
RHBDF1,0.00265716294956801
RGS11,0.00265716294956801
RAB11FIP3,0.00265716294956801
POLR3K,0.00265716294956801
PIGQ,0.00265716294956801
PDIA2,0.00265716294956801
NHLRC4,0.00265716294956801
HBA2,0.00265716294956801
MPG,0.00265716294956801
MIR5587,0.00265716294956801
MIR3176,0.00265716294956801
LUC7L,0.00265716294956801
WASH4P,0.00265716294956801
HBZ,0.00265716294956801
HBQ1,0.00265716294956801
HBM,0.00265716294956801
MRPL28,0.00265716294956801
NME4,0.00265716294956801
RNU4ATAC15P,0.002656882336714987
MIR4676,0.0026566648039715868
CALM2,0.0026566515193513275
C2orf61,0.0026566515193513275
RNA5SP445,0.002655985642265819
APOH,0.0026547383855165868
AKR1C2,0.002654478849647689
CHMP4B,0.00265382729936272
KRT80,0.0026535396155649323
ZNF235,0.0026532515023654285
PLAC9,0.0026528306087399024
EIF5AL1,0.0026528306087399024
TMEM254,0.0026528306087399024
SFTPD,0.0026528306087399024
ANXA11,0.0026528306087399024
NUTM2E,0.0026528306087399024
LINC00857,0.0026528306087399024
SFTPA2,0.0026528306087399024
SFTPA1,0.0026528306087399024
MBL1P,0.0026528306087399024
NUTM2B,0.0026528306087399024
C20orf144,0.0026526150583889743
ACTL10,0.0026526150583889743
NECAB3,0.0026526150583889743
B4GALT1,0.0026519539032089944
RPN2,0.0026508781831220784
E2F1,0.0026475760880717777
MTMR7,0.0026473737545323005
HHLA1,0.0026472459444833087
ZNF483,0.002646546853766167
MRPL21,0.002645747445978027
B3GNT3,0.0026456725779208717
LINC00333,0.002645649676009655
RTN4RL1,0.002644227382969532
RPS11P6,0.0026438003743621766
C12orf56,0.0026438003743621766
TRMT1,0.0026425790380888827
LYL1,0.0026425790380888827
MIR548Q,0.002642470489387198
ERCC1,0.002641809582142371
PFKFB3,0.0026410148532962623
GNA13,0.002640804337787592
GRIK1,0.0026402810393875145
ERG,0.002639631646094639
ATXN8OS,0.0026394981801784365
SRGAP1,0.0026394100234474927
NFIX,0.002637614957193278
RN7SL454P,0.0026373556227342267
ACBD7,0.002636345688535048
C10orf111,0.002636345688535048
OLAH,0.002636345688535048
SLC5A5,0.002636247777366569
MEIG1,0.002636061027625878
SNORA68|ENSG00000207166.1,0.002635396289628271
RPL18A,0.002635396289628271
SCPEP1,0.002634144631286323
OR5P3,0.002633169097480014
RN7SL289P,0.0026329170157848233
SRR,0.0026321339579387978
SNORD91B,0.0026321339579387978
SMG6,0.0026321339579387978
SNORD91A,0.0026321339579387978
PIP4K2C,0.0026320761805675975
LARP4B,0.002631860144047641
MROH8,0.0026312479578370247
SLC16A6P1,0.002631149999285919
AMZ2P1,0.002631149999285919
CNPY1,0.002630795828952545
ZNF234,0.002630767660269495
ZNF226,0.002630767660269495
TM2D1,0.0026306792246974645
C17orf82,0.0026302264580288603
TBX2,0.0026300503187169466
KIAA0196,0.002629625230483819
DNAH17,0.0026294226515233645
GATA3,0.0026290855505825697
METTL22,0.002627671888986262
MKX,0.0026274753867791853
SOHLH1,0.0026273844299160745
SNORD38|ENSG00000200733.1,0.002627260397830025
RNA5SP294,0.002627042901569174
GSDMC,0.0026269986877729317
RN7SKP132,0.0026266455696202537
SCFD1,0.002626142077358014
NUP88,0.0026257207023274776
UGCG,0.002624284252798089
POLR2M,0.0026235991292429266
LINC00705,0.0026234605501094512
LINC00704,0.0026234605501094512
VCL,0.0026232590445852268
DKK3,0.0026224891827246154
SLC7A2,0.0026208623527551114
RN7SKP195,0.0026207499605584283
LINC00477,0.002619368930761335
TMEM38B,0.0026175497741873933
RN7SL201P,0.0026173310270723635
TRMT112,0.0026167802818802635
TEX40,0.0026167802818802635
ESRRA,0.0026167802818802635
PRDX5,0.0026167802818802635
PRSS55,0.0026166079153981765
DNAJC25,0.002615881062537849
GNG10,0.002615881062537849
C9orf84,0.002615881062537849
LRRC37A5P,0.002615311009655266
PRKCE,0.002613847762825368
ZNF431,0.0026134763852755784
FAM83D,0.0026132636760432836
INSL3,0.002612904213194725
RNA5SP444,0.0026127505819738056
JAK3,0.0026122642060711684
MIR4668,0.0026115903966448255
MUSK,0.0026108116636891555
TRIM25,0.0026105522352970305
MIR3614,0.0026105522352970305
COIL,0.0026105522352970305
WDR63,0.0026104171537356807
SYDE2,0.0026104171537356807
MIR4423,0.0026104171537356807
BRWD1,0.002609625367600053
CHST3,0.0026078118696575498
CYP2A7,0.002607519071636297
CYP2A6,0.002607519071636297
RN7SKP78,0.002606766614496097
MIR3155A,0.002606766614496097
RNA5SP299,0.0026064177492175185
G2E3,0.0026061779083319625
IGSF23,0.002605578807676602
C17orf72,0.002604684097870614
SNORD104,0.002604684097870614
ERN1,0.002604684097870614
SNORA76|ENSG00000266402.2,0.002604684097870614
ICAM2,0.002604684097870614
OR56B4,0.0026040509076423303
OR56A4,0.0026040509076423303
OR52L1,0.0026040509076423303
FAM160A2,0.0026040509076423303
OR56A1,0.0026040509076423303
RNA5SP329,0.0026040509076423303
OR52B2,0.0026040509076423303
OR52W1,0.0026040509076423303
C11orf42,0.0026040509076423303
CNGA4,0.0026040509076423303
AKR1C3,0.002603909963942024
LINC00708,0.0026035997693511603
DMTF1,0.002603534679484043
TMEM243,0.002603534679484043
CYP2G1P,0.00260291097093244
MKKS,0.0026016352785965496
CCDC124,0.0026013979981690267
RNA5SP468,0.0026000873748855675
UNC13C,0.002599991522325423
FSD1L,0.002598679523340135
C9orf69,0.0025970820203314988
SAMD8,0.002596528283925096
FAM69B,0.0025957601167903984
SNHG7,0.0025957601167903984
LCN10,0.0025957601167903984
LCN6,0.0025957601167903984
snoU13|ENSG00000239130.1,0.002595473891544194
FAM188A,0.002595473891544194
OPA3,0.0025954357787759184
ZNF341,0.002595031712071866
CCDC88B,0.002594979659706582
MIR1237,0.002594979659706582
RPS6KA4,0.002594979659706582
RN7SL412P,0.0025948994787788598
DOCK8,0.0025948994787788598
CBWD1,0.0025948994787788598
C9orf66,0.0025948994787788598
FAM138C,0.0025948994787788598
FOXD4,0.0025948994787788598
KANK1,0.0025948994787788598
EXOSC8,0.0025939707464463133
ALG5,0.0025939707464463133
SNORA14,0.0025932159953138026
RALY,0.0025931810495194757
DKFZP667F0711,0.002592895649706655
PLCB1,0.002592620556790057
C1orf87,0.002592554245571848
CRIPT,0.002592526017823995
USP1,0.0025914743439876256
IFNA2,0.0025909274124386824
PCAT1,0.0025906771799628987
GDI2,0.002589486257173453
ZHX2,0.0025883196380649264
PDIA3,0.002586057613117565
WDR76,0.002586057613117565
MFAP1,0.002586057613117565
SERINC4,0.002586057613117565
MIR1282,0.002586057613117565
HYPK,0.002586057613117565
SERF2,0.002586057613117565
ELL3,0.002586057613117565
FRMD5,0.002586026534728546
RABEP1,0.0025848427929767233
RN7SL493P,0.002584195367524261
ZNF43,0.002584189725703229
C10orf68,0.0025835164587064813
MCOLN2,0.0025834752791601247
MCOLN3,0.0025834752791601247
EDC3,0.0025831854656419534
CLK3,0.0025831854656419534
snoU13|ENSG00000238901.1,0.0025827096826471726
KIF27,0.0025826447656967263
IL15RA,0.002582630861180521
PTGR1,0.0025825685972118303
FBXO18,0.0025823974665238852
PVR,0.0025823153441313917
RBM17,0.0025819627117713287
DOCK7,0.0025818711343634326
SNORA40|ENSG00000212273.1,0.0025791302502258437
GCOM1,0.0025782310731274705
RN7SL38P,0.0025772851814232214
TRAPPC6B,0.0025770606463742032
RNA5SP252,0.0025763632964802678
ARMC4,0.002575710267229256
PNN,0.0025752231188577576
CCDC97,0.0025751261249217197
DPH1,0.0025749426891258833
SIRT1,0.0025747571344571438
U8|ENSG00000239148.1,0.0025747475113838307
AQP7,0.0025740969060056617
ZNF438,0.0025737919920750915
ARID3B,0.002573739828209765
MIR4282,0.0025736898797914525
FAM208B,0.0025728465910651033
FRMD3,0.00257262787058812
PARP8,0.0025721942823472206
ZNF708,0.0025721796328842597
DHX35,0.002572119194468783
snoU13|ENSG00000238608.1,0.0025715878533481957
ANKRD16,0.0025691351583880225
RN7SL122P,0.0025666542159507523
ZBTB8B,0.0025666542159507523
CCDC3,0.002566488983163686
ATP8A2,0.0025654983157977593
FGGY,0.0025651275182649157
GLT6D1,0.002564844438262157
LCN9,0.002564844438262157
OPTN,0.0025647672437937043
MCM10,0.0025647672437937043
ORMDL3,0.0025644439320920615
LYZL2,0.00256363122665169
SVILP1,0.00256363122665169
MICAL2,0.002563146013061363
RASEF,0.0025628534248195883
CD3EAP,0.0025627126718388445
POU5F1B,0.002561964512741144
LINC00595,0.00256182582352596
PAEP,0.0025615894653869303
OBP2A,0.0025615894653869303
LGALS9B,0.002561344192016907
KRT16P3,0.002561344192016907
NOS2P3,0.002561344192016907
RNA5SP318,0.0025605506779654407
AP3M1,0.0025604269706876823
EML2,0.0025603279116192565
MIR330,0.0025603279116192565
RN7SL836P,0.0025603279116192565
SLC22A11,0.002560244697104496
WDR37,0.00255913232199711
IDI1,0.00255913232199711
IDI2,0.00255913232199711
LINC00200,0.00255913232199711
TP53TG1,0.002559119976841497
snoU13|ENSG00000238355.1,0.002558940485565078
GSDMB,0.0025589161497843378
OVCA2,0.0025587295258978687
HIC1,0.0025587295258978687
MIR132,0.0025587295258978687
MIR212,0.0025587295258978687
MIR3686,0.0025580888165965435
CTAGE5,0.0025575913519369697
TCF12,0.002557136877354542
MIA2,0.002557044342300571
LINC00977,0.002556689414522883
ZNF429,0.002556500484754142
ZNF45,0.0025559281240907445
STK24,0.0025558996189115595
SNTA1,0.0025551113627640624
OPN1SW,0.002554465137559361
LHX2,0.002553794655414908
KCNV1,0.0025534046019434287
RN7SL624P,0.0025532476161998687
ZNF404,0.00255323320122373
CEACAM19,0.002552878726010617
RNY1P4,0.002551081752566102
PDS5B,0.002551081752566102
LINC00440,0.0025508259870403917
RNA5SP300,0.002550772946194497
ZPBP2,0.0025507172620888555
KCNT1,0.002550136783048181
SOCS5,0.0025500071396772866
PRKCQ,0.002549571194523003
RN7SKP167,0.002549054125799872
ZNF69,0.002548659793053295
ZNF440,0.002548659793053295
ZNF439,0.002548659793053295
ADCK4,0.0025472175782182954
RN7SKP185,0.002546598762911544
GKAP1,0.002546558588900148
CALD1,0.002545825338445333
VSTM2L,0.002545702705563873
TMEM114,0.0025456956870169986
RBM33,0.0025445051275250195
KCNK4,0.002544095179074345
SMPD1,0.00254381615005804
HPX,0.00254381615005804
PRKCDBP,0.00254381615005804
APBB1,0.00254381615005804
GPR4,0.0025433935619980958
CKM,0.0025432262601515344
KLC3,0.0025432262601515344
PPP1R13L,0.0025432262601515344
ERCC2,0.0025432262601515344
IFNA17,0.0025429101917601436
IFNA7,0.0025429101917601436
IFNA16,0.0025429101917601436
IFNA10,0.0025429101917601436
MIR4286,0.0025428483683170456
RN7SL625P,0.00254277781124239
RN7SL377P,0.00254277781124239
TYW1B,0.00254277781124239
CEACAMP3,0.002542727675712949
CEACAM4,0.0025424814066886668
snoZ6|ENSG00000252200.1,0.002542026790980444
FLNC,0.002541796269564568
CCDC136,0.002541796269564568
ATP6V1F,0.002541796269564568
ACTR3B,0.002541555482409185
C9orf152,0.002541341558382065
TXN,0.002541341558382065
TXNDC8,0.002541341558382065
TMEM91,0.002541207844020238
BCKDHA,0.002541207844020238
B9D2,0.002541207844020238
PINLYP,0.0025409917880313973
KCP,0.0025409450578291956
OR5P2,0.0025405670738815928
SOX7,0.0025395814417205277
C19orf54,0.0025393276106716878
SNRPA,0.0025393276106716878
ITPKC,0.0025393276106716878
C8orf12,0.002539256529402342
SOX5,0.0025385838391935303
AKAP1,0.0025383499123189895
MIR4293,0.0025382937792408715
MIR1265,0.0025382937792408715
CCKBR,0.0025381979024293104
APOE,0.0025381930266321876
APOC1,0.0025381930266321876
TOMM40,0.0025381930266321876
APOC1P1,0.0025381930266321876
snoU13|ENSG00000238656.1,0.002537218418476034
RN7SL293P,0.0025371557264683357
RN7SL511P,0.0025363311279921266
RN7SKP120,0.0025342753509314873
SLC35G5,0.002533888799871814
TDH,0.002533888799871814
MTMR9,0.0025336751588954753
MIEN1,0.0025334000641065273
ANGPTL3,0.002533139174000754
CNOT4,0.0025329614010945133
GART,0.0025329165053649583
OR52B4,0.0025327330306036087
STIP1,0.0025324080468978757
MICU3,0.0025322446443825654
PTPN3,0.002532209981887495
MIR3927,0.002532209981887495
EXOSC5,0.002530111665411869
ZNF155,0.0025298506193003937
BNC2,0.0025291154699363864
CTNNBL1,0.00252907460339065
RNY1P3,0.0025285695808895045
RN7SL741P,0.0025285695808895045
SHISA2,0.002528344645698957
IL2RA,0.002528279798053706
NFX1,0.0025278971404051847
PALM2,0.0025276806482315605
ST3GAL1,0.0025276025660312526
RPA1,0.002527559055118108
TVP23A,0.0025264410503190696
SNAI2,0.002526388689723504
PINX1,0.0025262199789919757
NEK6,0.0025260478199718734
GPR144,0.0025260478199718734
PSMB7,0.0025260478199718734
NR5A1,0.0025260478199718734
NR6A1,0.0025260478199718734
RN7SL302P,0.0025260478199718734
MIR181A2HG,0.0025260478199718734
MIR181A2,0.0025260478199718734
HSD17B3,0.0025258491413914486
PVRL2,0.002525770155619077
ZNF230,0.0025245621795744284
INTS2,0.0025238240320668783
MIR601,0.0025236118143459932
CRB2,0.0025236118143459932
FGF20,0.0025236024362373663
ZNF283,0.0025235328478744193
PSMG1,0.0025233039253292427
MAP3K3,0.002522119020220284
MX2,0.0025220898753261357
FERMT3,0.0025215455082905586
LINC00445,0.002521000326429949
MIR26A2,0.0025209034159875145
PTPLAD2,0.002520848341394809
TTI1,0.002520378688202288
ERCC6L2,0.0025202142860749413
RNA5SP289,0.0025202142860749413
LINC00092,0.0025202142860749413
RNA5SP301,0.0025200892549689397
NUMBL,0.0025198771996173576
LINC00476,0.0025197497639520756
DKFZP434H0512,0.0025197497639520756
CYP1A1,0.0025192868444846323
MIR4513,0.0025192868444846323
CYP1A2,0.0025192868444846323
CSK,0.0025192868444846323
SNORD112|ENSG00000252298.1,0.0025191795301866874
LINC00410,0.002518620234576855
LINC00560,0.0025180926009644375
RP1L1,0.0025178612757926966
C8orf74,0.0025178612757926966
HERC4,0.0025178402011464163
MIR4755,0.0025174672903944175
FAM3B,0.002517318843938197
CCDC57,0.0025168680163278794
BLK,0.002515698160907263
LINC00208,0.002515698160907263
TMEM245,0.0025148927873243233
MIR32,0.0025148927873243233
ZNF576,0.0025144219862982633
IRGQ,0.0025144219862982633
CST5,0.0025141982232192136
CDRT15L2,0.0025140677685036774
RN7SL845P,0.0025134939073690006
PHLDB3,0.002513152186993623
RN7SL60P,0.002513037408741911
SLC15A1,0.002513037408741911
USP54,0.002511799768377912
PPP3CB,0.002511799768377912
ZNF428,0.0025117905267456114
SRRM5,0.0025117905267456114
CTNNAL1,0.0025113677761643533
FAM206A,0.0025113677761643533
RNY4P29,0.0025112737341772187
KL,0.0025108855318994633
GRB7,0.0025099421354222353
snoU13|ENSG00000238746.1,0.002509550473863057
STARD13,0.0025094437996445577
ANKRD26,0.0025089310829817164
CHMP5,0.002508796395623254
IFNB1,0.0025086746595314085
LINC00423,0.0025084237060679746
AXL,0.0025080424427072687
DENND2A,0.00250738660998488
LINC00709,0.002506559935000785
FAM167A,0.0025053677295305272
SHH,0.0025051211335840947
SNORA25|ENSG00000199196.1,0.002504606289216935
ITGA8,0.002504435867417867
RN7SKP206,0.0025030032622424957
IRGC,0.002502407445215737
SMG9,0.002502407445215737
PLAU,0.002502008471213258
C10orf55,0.002502008471213258
ZNF222,0.0025019424027947898
BEND7,0.0025017561741573807
DPP6,0.0025014332782605066
GGACT,0.0025014280593861475
GTPBP4,0.0025011879711949094
PHYH,0.0025011776697290667
SEPHS1,0.0025011776697290667
UCMA,0.0025011776697290667
C1orf52,0.002500611800899818
COX7A1,0.002500330153556525
NUP205,0.0024994023784274543
MASTL,0.0024991279887482433
ACBD5,0.0024991279887482433
LRRC37A6P,0.0024991279887482433
TANC2,0.0024988059442938994
ADCK2,0.0024985459429163635
NDUFB2,0.0024985459429163635
RAB18,0.0024983579465541503
TBK1,0.00249819229224181
snoU13|ENSG00000238892.1,0.002497994384845333
SNORD112|ENSG00000252565.1,0.002497734515480072
PIGF,0.0024972351249723497
ALDOB,0.002496654935800013
CADM4,0.002494019667891658
CALN1,0.002493463194945453
ABAT,0.0024933334583065805
RN7SL743P,0.0024933334583065805
ZNF146,0.002493291560713131
ZNF565,0.002493291560713131
TMEM186,0.0024929210465884644
CNTLN,0.002492870476921106
BCAM,0.0024928372124676753
IKZF3,0.0024916211641520776
TMEM246,0.002490545460053622
PPP1R14B,0.0024901568603616785
FKBP2,0.0024901568603616785
DNAJC4,0.0024901568603616785
VEGFB,0.0024901568603616785
NUDT22,0.0024901568603616785
TRPT1,0.0024901568603616785
PRPF18,0.0024900299812215623
MTR,0.0024898173603348657
ADCY8,0.0024896960157927733
ARMC4P1,0.002489539381153306
PTCHD3,0.002489539381153306
MIR3197,0.002489011633137675
PCDH15,0.0024882340852799
ZCCHC24,0.0024875166974111015
YME1L1,0.002486420534458509
EXOC3L2,0.0024858076992876907
BAG1,0.0024857173506604925
ZNF280D,0.002485390615010869
EIF2S2,0.0024848621883419683
CALU,0.002482675525899514
SNORA25|ENSG00000200075.1,0.002482481614991962
BNIP3L,0.002481519546666949
MSS51,0.002481296111826488
ANXA7,0.002481296111826488
SIX5,0.0024812792069325356
DMPK,0.0024812792069325356
RN7SL81P,0.002481160625266427
RN7SL287P,0.002481153149102965
SEC24C,0.0024802716295342394
BMS1P4,0.0024802716295342394
CHCHD1,0.0024802716295342394
RNA5SP320,0.0024802716295342394
AGAP5,0.0024802716295342394
RMRPP1,0.0024802716295342394
FUT11,0.0024802716295342394
GLUD1P3,0.0024802716295342394
SYNPO2L,0.0024802716295342394
MYOZ1,0.0024802716295342394
SPATA31D1,0.0024798082199425225
PLCB3,0.002479183817801081
BLOC1S3,0.0024780154031123812
TRIM16L,0.002476922345203395
NDUFB9,0.0024766490198074665
MIR2053,0.002475783725737233
CEACAM16,0.0024756079578966486
SPATA31D3,0.002475009068164697
SPATA31D4,0.002475009068164697
SPATA31D5P,0.002475009068164697
SNORD95|ENSG00000200969.1,0.002475009068164697
METTL1,0.0024744985838968878
METTL21B,0.0024744985838968878
MARCH9,0.0024744985838968878
CYP27B1,0.0024744985838968878
GPR137,0.002473758073695084
BAD,0.002473758073695084
TLE1,0.0024737203678173707
IKZF2,0.0024734510052733935
TSFM,0.0024725825096815254
MIR3170,0.0024723235676960506
RN7SKP8,0.0024723235676960506
ZSWIM8,0.002472221547332697
KCNJ12,0.00247198056514512
LINC00614,0.0024712587904360066
CEP112,0.002471034265507778
EPB41L4B,0.0024706633896548324
FRRS1L,0.0024706633896548324
PPIF,0.0024700273519496175
ZNF221,0.0024700047638491936
AKAP2,0.002469901716775332
MAP3K8,0.002469893520118102
RN7SL241P,0.002469893520118102
MTPAP,0.002469893520118102
NUDCD1,0.0024697435263400977
PKHD1L1,0.0024697435263400977
ENY2,0.0024697435263400977
RPL35,0.0024697102672292578
ARPC5L,0.0024697102672292578
WDR38,0.0024697102672292578
MIR920,0.002469188221767264
TMEM141,0.002469039861845502
CASC8,0.0024689259012510194
ZNF208,0.0024674403789158796
RNF113B,0.002467339508385371
TVP23B,0.002466750918961524
RYR2,0.002466283621876946
SUSD1,0.002465247277577204
APOC4,0.0024646820324633364
KDM2A,0.002464641274509531
N4BP2L1,0.002464328461064164
GRAMD1A,0.0024639879739810906
SNORA16|ENSG00000212293.1,0.0024637934786551114
CEACAM21,0.002463404422991678
RNA5SP288,0.0024633635558513134
SNORA71|ENSG00000201393.1,0.0024630829995583967
ATP5SL,0.0024626480252742354
B3GNT8,0.0024626480252742354
SON,0.0024625840899296634
LRMP,0.002462345399762716
POM121,0.0024622017227581344
C19orf69,0.0024616348041457624
LINC00379,0.002461523448391239
RN7SL368P,0.0024614723696747024
NEDD4,0.0024614451256020475
snoU13|ENSG00000238513.1,0.0024614451256020475
RPRD1B,0.0024608797241504454
OLFML2A,0.002459932489451479
MIR181B2,0.002459932489451479
RN7SL771P,0.0024594890884031472
GNA14,0.002459329463027371
GTF2IRD2P1,0.002459129671540069
NCF1B,0.002459129671540069
TRIM74,0.002459129671540069
STAG3L3,0.002459129671540069
NSUN5,0.002459129671540069
NSUN5P2,0.002459129671540069
PLAUR,0.002458591375164471
TBXAS1,0.002458569066830228
PARP12,0.002458569066830228
JHDM1D,0.002458569066830228
NBEA,0.002458389249573831
HEATR6,0.002456811878297499
MT1HL1,0.0024563338800706073
AGAP2,0.0024558927229639898
TSPAN31,0.0024558927229639898
C8orf4,0.002455612511769009
HIPK2,0.0024554247785427007
RMI1,0.002455144397033572
HNRNPK,0.002455144397033572
RPS24,0.002452969387408478
RN7SL445P,0.00245269868292192
ASB13,0.00245269868292192
ZNF189,0.002452500088360186
MRPL50,0.002452500088360186
USP22,0.0024523309039764705
NRON,0.002450954464166089
SNORD116|ENSG00000252985.1,0.002450954464166089
MVB12B,0.002450954464166089
SERPINF1,0.002449656134755303
SMYD4,0.002449656134755303
TLCD2,0.002449656134755303
SERPINF2,0.002449656134755303
WDR81,0.002449656134755303
MIR22HG,0.002449656134755303
TRIM32,0.0024493441846971313
MIR23B,0.002448263713895673
MIR27B,0.002448263713895673
MIR3074,0.002448263713895673
RN7SL811P,0.002447777220303018
CDK4,0.00244729206404254
LCN8,0.002446620911890901
LCN15,0.002446620911890901
HPN,0.0024465811545540126
NUAK1,0.0024463067209902632
SCN1B,0.002446274884446256
BRIP1,0.0024462180033418884
AVIL,0.002445901970984335
SCG2,0.002445607199966256
CCDC171,0.0024445876486382766
FAM133B,0.002444586822158803
TSHZ3,0.002443040740904662
TRIM21,0.0024424282685255143
RFXAP,0.002441801925349841
PRKCA,0.0024414955655738127
RN7SL735P,0.0024404958559656495
N4BP2L2,0.00244038573138443
LIMD2,0.002439330922242318
MARK2,0.0024386481590557988
CCDC144NL,0.0024384631121339997
RN7SKP32,0.0024382718823015904
NRBF2,0.002438259901839595
RN7SL872P,0.002437468714124278
EGLN2,0.0024373761924163058
RCOR2,0.0024372923172669776
SPECC1,0.0024370712263310813
LYPD3,0.0024368307926137677
PRPF8,0.0024367719857802538
FABP5P3,0.002435863594093043
SCAI,0.0024339180042436716
HSDL2,0.002433825512920349
C9orf147,0.002433825512920349
APPL2,0.002433240345864009
RNA5SP470,0.0024325373993095522
ZNF728,0.0024302045560721714
MIA,0.0024298767895025238
RAB4B,0.0024298767895025238
SLC44A1,0.0024293208280062096
PPP6C,0.0024292096585469664
XRCC2,0.002428730757799941
LINC00701,0.0024285069019841137
ZMIZ1,0.002428088119116397
CYB561,0.0024275420600451234
MIR302E,0.0024275042975464914
CCDC144CP,0.002427256646951523
MTRNR2L1,0.0024262984273110857
C17orf51,0.0024262984273110857
MTND1P15,0.0024262984273110857
FAM27L,0.0024262984273110857
UBBP4,0.0024262984273110857
RAB19,0.0024260545879466605
SLC37A3,0.0024260545879466605
RNA5SP247,0.0024260545879466605
RNA5SP248,0.0024260545879466605
snoU13|ENSG00000238868.1,0.0024260545879466605
IFNA4,0.0024259673767623737
KCNJ16,0.0024259048965265297
SNORD112|ENSG00000252256.1,0.002425755997317091
C9orf64,0.0024239055461209537
FBXW10,0.0024238909612235627
RN7SL568P,0.0024237565635746106
BNIP3P1,0.002422621027359553
MIR4468,0.002422378026641852
RN7SKP223,0.002422378026641852
AKR1D1,0.002422378026641852
CREB3L2,0.002422378026641852
snoU13|ENSG00000239145.1,0.002422378026641852
MKRN1,0.0024219691281649994
LINC00457,0.002421851764535205
GOLGA1,0.0024218115330520433
SPINK4,0.0024216415851901745
CST3,0.0024214709181220916
C12orf75,0.002421418388066334
GAPVD1,0.0024211478062244247
HSPA5,0.0024211478062244247
RABEPK,0.0024211478062244247
FAM187B,0.002421031484005114
PMM2,0.0024207115039436866
PHYHIP,0.002420275460875028
BACE2,0.0024198289517089835
OR52K2,0.0024184722765699935
NAA40,0.0024173547748969214
COX8A,0.0024173547748969214
OTUB1,0.0024173547748969214
UQCRFS1,0.0024172540276179524
C9orf163,0.002416830344277195
MED27,0.0024167162464353853
ZNF229,0.0024138130628415673
PPP1R16B,0.0024133723216614956
DMWD,0.0024119623655914015
RNF20,0.0024119503365260817
CST4,0.0024119176057967886
U8|ENSG00000251740.1,0.0024116249839174174
OR52K1,0.002411028401386853
TMEFF1,0.0024104658853943183
LSR,0.002409227440677725
SLC16A3,0.0024087741722673504
snoU13|ENSG00000238947.1,0.0024087741722673504
CSNK1D,0.0024087741722673504
ZNF730,0.0024085029307735636
TRIM50,0.0024081152635911725
FKBP6,0.0024081152635911725
CEBPD,0.002407913318098953
DNAH6,0.002407103109084398
OR52R1,0.0024069652103486223
OR51F2,0.0024069652103486223
SNORA62|ENSG00000201980.1,0.0024069652103486223
OR51F1,0.0024069652103486223
TMTC4,0.0024068893961402787
OR51E1,0.002406815058832093
OR51D1,0.002406815058832093
OR51E2,0.002406815058832093
OR51C1P,0.002406815058832093
SNORD112|ENSG00000252559.1,0.0024061069312979314
EBAG9,0.0024061069312979314
SEC61G,0.0024054607104504354
LYPD5,0.002405077469261835
SQRDL,0.0024039574364133572
OR52M1,0.0024038939293286863
RNA5SP287,0.0024033659167216953
RN7SL340P,0.002402814353368151
GOSR2,0.0024027972423146505
PCDH9,0.002402033269269005
ZNF285,0.0024006125402155115
USP7,0.002400367421348866
CARHSP1,0.002400367421348866
C16orf72,0.002400367421348866
SUCLG1,0.0024003240995535994
RN7SL720P,0.002399986461788398
INIP,0.0023992660569136684
RNA5SP250,0.002399240698072026
snoU13|ENSG00000238557.1,0.002399240698072026
COL27A1,0.002399093005145744
ORM1,0.002399093005145744
ORM2,0.002399093005145744
AGTPBP1,0.0023988542286932637
PHF2,0.002398625054561329
MAB21L1,0.002397410322440249
TRIM68,0.0023951123406346394
C11orf40,0.0023951123406346394
OR52I2,0.0023951123406346394
OR52I1,0.0023951123406346394
MACROD1,0.002394588857647722
SYBU,0.002392666882425027
WDR31,0.002392583204816947
RNF183,0.002392583204816947
PRPF4,0.002392583204816947
MYO1C,0.002391866839429876
INPP5K,0.002391866839429876
PITPNA,0.002391866839429876
C9orf43,0.0023912344189786915
POLE3,0.0023912344189786915
SLX4IP,0.0023911986221313423
ALAD,0.002391010469631961
HDHD3,0.0023906949046433885
BSPRY,0.0023906949046433885
KCNJ6,0.0023903738970767474
ABCA5,0.0023903443292092154
SNORA40|ENSG00000212266.1,0.002390225566388924
RN7SL627P,0.002389320342173033
RFC3,0.002389249573827576
FOXA1,0.0023886561820739035
ZAR1,0.002387849424137445
FRYL,0.002387849424137445
SLC10A4,0.002387849424137445
SLAIN2,0.002387849424137445
OCIAD2,0.002387849424137445
OCIAD1,0.002387849424137445
CWH43,0.002387849424137445
TEC,0.002387849424137445
WDR62,0.002387718287697212
MIR455,0.002387366202989726
USP16,0.002387143211715064
RWDD2B,0.002387143211715064
FXYD3,0.0023870832689416844
TLDC2,0.0023870540658669157
SAMHD1,0.0023870540658669157
BIN3,0.002386633357318766
MBL2,0.002386614639038742
KIF12,0.0023863533411715623
SRGAP2B,0.002386252921389297
NBPF11,0.002386252921389297
HIST2H3C,0.002386252921389297
HIST2H2AA3,0.002386252921389297
HIST2H2AA4,0.002386252921389297
HIST2H2AB,0.002386252921389297
HIST2H2AC,0.002386252921389297
HIST2H2BA,0.002386252921389297
HIST2H2BE,0.002386252921389297
HIST2H2BF,0.002386252921389297
HIST2H3A,0.002386252921389297
HIST2H3D,0.002386252921389297
NBPF12,0.002386252921389297
HIST2H4A,0.002386252921389297
HIST2H4B,0.002386252921389297
HYDIN2,0.002386252921389297
ITGA10,0.002386252921389297
LINC00623,0.002386252921389297
LINC00624,0.002386252921389297
LIX1L,0.002386252921389297
NBPF10,0.002386252921389297
HFE2,0.002386252921389297
GPR89C,0.002386252921389297
GPR89B,0.002386252921389297
GPR89A,0.002386252921389297
ACP6,0.002386252921389297
ANKRD20A12P,0.002386252921389297
ANKRD34A,0.002386252921389297
ANKRD35,0.002386252921389297
BCL9,0.002386252921389297
CD160,0.002386252921389297
CHD1L,0.002386252921389297
FAM72B,0.002386252921389297
FAM72C,0.002386252921389297
FAM72D,0.002386252921389297
FCGR1A,0.002386252921389297
FCGR1B,0.002386252921389297
FCGR1C,0.002386252921389297
FMO5,0.002386252921389297
GJA5,0.002386252921389297
GJA8,0.002386252921389297
GNRHR2,0.002386252921389297
TXNIP,0.002386252921389297
BOLA1,0.002386252921389297
PEX11B,0.002386252921389297
PDE4DIP,0.002386252921389297
PPIAL4C,0.002386252921389297
PPIAL4B,0.002386252921389297
PPIAL4A,0.002386252921389297
POLR3GL,0.002386252921389297
PRKAB2,0.002386252921389297
POLR3C,0.002386252921389297
PIAS3,0.002386252921389297
RBM8A,0.002386252921389297
RN7SKP88,0.002386252921389297
RN7SL261P,0.002386252921389297
RNA5SP57,0.002386252921389297
PDZK1,0.002386252921389297
PDZK1P1,0.002386252921389297
NUDT17,0.002386252921389297
PPIAL4G,0.002386252921389297
NOTCH2NL,0.002386252921389297
NBPF9,0.002386252921389297
NBPF8,0.002386252921389297
NBPF24,0.002386252921389297
NBPF20,0.002386252921389297
NBPF16,0.002386252921389297
NBPF15,0.002386252921389297
NBPF14,0.002386252921389297
RNA5SP58,0.002386252921389297
RNA5SP59,0.002386252921389297
RNF115,0.002386252921389297
SEC22B,0.002386252921389297
PPIAL4D,0.002386252921389297
ABCA10,0.002386225361877095
AMBP,0.002385946160541146
CLIP3,0.00238517259304008
THAP8,0.00238517259304008
SORBS3,0.0023849814028437935
KIAA1967,0.0023849814028437935
C8orf58,0.0023849814028437935
PDLIM2,0.0023849814028437935
KCNN4,0.0023837138741436468
TRHR,0.002383488667231517
SNORA26|ENSG00000212590.1,0.002383287687868107
SEC16A,0.0023832139927730607
CLYBL,0.00238304816163293
PMPCA,0.0023827617548604473
INPP5E,0.0023827617548604473
SDCCAG3,0.0023827617548604473
MIR624,0.0023820722153435935
SLC22A12,0.0023814955484516196
SMAD9,0.0023814069308985284
NDST2,0.002381362520955315
CAMK2G,0.002381362520955315
MURC,0.002380978828899338
RN7SKP87,0.002380978828899338
HCN1,0.0023800802187407917
NOTCH1,0.0023797815750048862
ABCA1,0.002379724101556822
CAPNS1,0.002379463043875299
ALKBH6,0.0023793703198977203
SYNE4,0.0023793703198977203
SDHAF1,0.0023793703198977203
POLR2I,0.002379367510080219
TBCB,0.002379367510080219
OVOL3,0.002379367510080219
HAMP,0.0023785610924570424
USF2,0.0023785610924570424
MIR4289,0.0023780435731501335
SLC28A3,0.0023774920440112475
RN7SL30P,0.0023766564587193993
ERLIN2,0.0023766194783804424
RNA5SP119,0.0023764814352394323
SNX30,0.0023763010693581272
FAM46C,0.002375638434323282
NDEL1,0.0023755169333800254
IFNA1,0.002374090297658057
NR4A3,0.002373980702135287
DENND5A,0.0023738849350790456
LINC00323,0.00237263118291589
AGBL3,0.002371525548765566
RGS3,0.0023710026314048226
ZFAT,0.0023709706520819844
IDNK,0.0023704422530789375
DOCK9,0.0023701207790794636
ANK3,0.002369714965340241
TRIM45,0.0023692436881070367
FBXO46,0.0023689884760219626
SRL,0.002368247598248112
STX17,0.0023681741755994636
APBB1IP,0.002368037974683542
SLC39A14,0.0023678537766922392
PPP3CC,0.0023678537766922392
PIWIL2,0.0023678537766922392
PURG,0.002367544357415097
MAPKAP1,0.0023672453658345424
MIR1296,0.002367171907330715
APLP2,0.0023670681001379088
ST14,0.0023670681001379088
POM121C,0.0023667489561932527
MMP12,0.0023663202253207415
UPF3AP2,0.002366299387663603
MIR4673,0.0023659552293896703
MIR4480,0.0023659499639582552
LGI4,0.0023657623737338286
FXYD1,0.0023657623737338286
RNY4P14,0.0023645523840043928
JMJD1C,0.0023644536698334126
SNORA25|ENSG00000251744.1,0.002364397883249074
snoU13|ENSG00000238852.1,0.002362286143284486
ARL2BPP3,0.0023613820294666977
C9orf92,0.0023606006800347837
SNORD116|ENSG00000212553.1,0.002360560349760802
VTCN1,0.002359816440935377
IGHMBP2,0.0023592316743181146
FAM120A,0.002359023020135501
MIR4740,0.0023585499547920372
PMS2P3,0.0023584689177546555
POLR3A,0.002358265832049191
OR13D1,0.002357954132111161
NIPSNAP3A,0.002357954132111161
NIPSNAP3B,0.002357954132111161
FAM225B,0.002357692914548054
ZFP37,0.002357692914548054
FAM225A,0.002357692914548054
ZNF883,0.002357692914548054
CRK,0.0023573540649190973
OR13C9,0.0023565446311654323
APBA3,0.0023561128443587718
NRIP3,0.002355299614277177
SLC31A1,0.0023547052266723657
CDC26,0.0023547052266723657
LINC00411,0.002351845912958176
PITRM1,0.0023513079719185595
MIR5691,0.0023512794045743453
MIR4674,0.002350574288381789
CCT8,0.002349768027951199
RN7SL642P,0.002349509576512691
MIR3186,0.0023494970614828144
MIR3920,0.0023492150185268493
RNU6ATAC3P,0.002349183431283909
ELF1,0.0023483004097328724
LINC00264,0.002348132911392404
TMEM105,0.0023478978300180762
LINC00482,0.0023478978300180762
TTC6,0.002347091164812683
JAG1,0.0023460578393149334
RN7SL807P,0.002345382707258647
RNA5SP307,0.0023443635724331928
SLC31A2,0.0023438436833559824
FKBP15,0.0023438436833559824
UBQLN1,0.0023436606586464646
DNAJC15,0.002343456863597873
EPSTI1,0.002343456863597873
LINC00400,0.002343456863597873
DTX3,0.0023430668747471232
SLC26A10,0.0023430668747471232
ARHGEF25,0.0023430668747471232
FAM216B,0.002343035685673088
C8orf47,0.0023424367698348784
RPL30,0.0023424367698348784
RN7SL284P,0.002342392865194045
DGKI,0.002342381974627142
RN7SL116P,0.0023423678790167797
MAP3K7CL,0.0023423067376902077
SERTM1,0.0023419571081858973
PTBP3,0.002340926967252759
AVPR1A,0.0023402251301293175
PTPRN2,0.0023399340602720375
TRAPPC6A,0.002339597227893473
MIR2278,0.0023390962746474837
OR13C5,0.002336543358067802
OR13C2,0.002336543358067802
KRT16P1,0.002336146272855137
TBC1D28,0.002336146272855137
USP32P2,0.002336146272855137
CCDC144B,0.002336146272855137
FAM106A,0.002336146272855137
KRT17P2,0.002336146272855137
LGALS9C,0.002336146272855137
RN7SL639P,0.002336146272855137
STRADA,0.002335845799769853
CCDC47,0.002335845799769853
RN7SL57P,0.002335294031433054
RNA5SP295,0.002335294031433054
RN7SL430P,0.002335294031433054
EGFL7,0.0023350905584251496
MIR126,0.0023350905584251496
AGPAT2,0.0023350905584251496
DLG5,0.0023345706424228213
snoU13|ENSG00000238488.1,0.002333520157637411
DNPEP,0.002333122189800727
RIMS1,0.0023319886750350384
CHRM2,0.0023317788141239168
PIGL,0.0023304014893631465
U3|ENSG00000212479.1,0.002329694331481376
STRN3,0.002328742198657874
PBX3,0.002328654846348932
XRCC1,0.0023277329749103954
ZNF575,0.0023277329749103954
SLC46A2,0.0023275004708026
RN7SL156P,0.0023270728219403625
SLC38A10,0.0023262601717902306
FUT6,0.002326224678464761
FUT3,0.002326224678464761
RN7SKP242,0.0023257555216226926
ETHE1,0.002325308515947553
SNORA31|ENSG00000253041.1,0.002325029158861517
BAAT,0.002325029158861517
MIR4471,0.00232458077593661
FUT5,0.002322892496495117
GIPR,0.002322478562678647
SNRPD2,0.002322478562678647
MIR642A,0.002322478562678647
QPCTL,0.002322478562678647
MIR31HG,0.0023220761337381804
LRFN5,0.0023219868582496487
KDM4A,0.0023216267306674933
MRPL17,0.0023215862964209395
LINC00554,0.0023208172197174077
ZIC2,0.0023208172197174077
ZIC5,0.0023208172197174077
CNTNAP2,0.00232075073741128
NKPD1,0.0023207289823510735
RBL1,0.0023207118820998303
CAPS,0.0023202877054676265
NDUFA11,0.0023202877054676265
VMAC,0.0023202877054676265
RANBP3,0.0023202877054676265
KCNE4,0.002319601871451846
ZNF491,0.0023190968873595804
AKNA,0.002319086234177214
TAF10,0.0023190175621750474
TRIM3,0.0023190175621750474
ARFIP2,0.0023190175621750474
DNHD1,0.0023190175621750474
RRP8,0.0023190175621750474
DCHS1,0.0023190175621750474
ILK,0.0023190175621750474
TIMM10B,0.0023190175621750474
TPP1,0.0023190175621750474
DES,0.002318767890953014
TSPAN10,0.0023187415235081327
SOHLH2,0.0023177566925029563
CCDC169,0.0023177566925029563
STK36,0.002317708711920607
C17orf89,0.0023171733725135604
ENTHD2,0.0023171733725135604
RFX7,0.0023169517964454654
RN7SL7P,0.0023169318125042214
FZD9,0.0023169289814041947
TMEM165,0.002316873869801087
WRN,0.002315562069104185
PYCR1,0.002313966024315988
MAFG,0.002313966024315988
MYADML2,0.002313966024315988
CEBPG,0.0023134543462866226
PRKD1,0.002313427554201306
RN7SL620P,0.002312915740910604
SNORA40|ENSG00000252352.1,0.0023128345218620446
GAS1,0.00231226928788629
MIR193B,0.0023119393146635646
PROSC,0.002311799294997767
ZCCHC6,0.002311712985880302
RN7SKP264,0.002311712985880302
ISCA1,0.002311712985880302
C9orf153,0.002311712985880302
U3|ENSG00000252440.1,0.002311444514406063
RNA5SP45,0.0023109719343124696
EDN2,0.0023109719343124696
NUTM2F,0.0023100269485510404
COX6C,0.0023099692403645827
LRFN3,0.0023096699869343453
TMEM9B,0.0023094366273700233
snoU13|ENSG00000238414.1,0.002309061181434601
MIR4291,0.0023088930218435107
FGFR2,0.0023079175209484775
MIR365A,0.002307752520830974
ZNF286B,0.002307296656406915
SNORD77|ENSG00000212414.1,0.0023072845053652194
U8|ENSG00000238840.1,0.0023070834377741595
MYH10,0.0023070121939223177
HIATL1,0.002306876624978649
PTPRN,0.002306725786855794
DNAJB2,0.002306725786855794
STK16,0.002306725786855794
TUBA4B,0.002306725786855794
ATG9A,0.002306725786855794
ANKZF1,0.002306725786855794
TUBA4A,0.002306725786855794
ABCB6,0.002306725786855794
ZFAND2B,0.002306725786855794
GLB1L,0.002306725786855794
ZNF624,0.002306318242660199
SLC39A3,0.0023059634759453915
DIRAS1,0.0023059634759453915
KCNMA1,0.0023058917511782208
ACSL3,0.0023057710838244798
RN7SL442P,0.0023056897477187295
CCDC108,0.002305663146453998
LINC00608,0.002305663146453998
CRYBA2,0.002305663146453998
FEV,0.002305663146453998
IHH,0.002305663146453998
MIR375,0.002305663146453998
MIR3131,0.002305663146453998
NHEJ1,0.002305663146453998
RN7SL764P,0.002305663146453998
CDK5R2,0.002305663146453998
CNPPD1,0.002305663146453998
SLC23A3,0.002305663146453998
FAM134A,0.002305663146453998
SNORA41|ENSG00000207516.1,0.002305481204409763
ABTB2,0.0023050219018383757
TRPC6,0.0023040812611107584
CST9,0.002304020405286229
INPP5B,0.0023033962786193534
RELB,0.0023033863027993266
OXLD1,0.002303223892405059
CCDC137,0.002303223892405059
PDE6G,0.002303223892405059
ARL16,0.002303223892405059
ZMYM2,0.002302530334741741
MIR4473,0.002302475094822463
SPEG,0.0023024509956628978
GMPPA,0.0023024509956628978
RN7SKP213,0.0023024509956628978
STK11IP,0.0023024509956628978
CHPF,0.0023024509956628978
TMEM198,0.0023024509956628978
MIR3132,0.0023024509956628978
OBSL1,0.0023024509956628978
INHA,0.0023024509956628978
SLC4A3,0.0023024509956628978
ASIC4,0.0023024509956628978
ZNF556,0.002302095132113214
ZNF555,0.002302095132113214
ZNF554,0.002302095132113214
CLPTM1,0.002301975013400402
APOC2,0.002301975013400402
USP32P1,0.002301562064724787
KRT16P2,0.002301562064724787
KRT17P1,0.002301562064724787
SLC35D2,0.0023008184677838777
ZNF367,0.0023008184677838777
SYNDIG1,0.00230072815966102
MIR4524B,0.002300482502798993
ABCA6,0.002300482502798993
ABCA9,0.002300482502798993
FBP2,0.0022997836524775587
PCAT7,0.002299769419087924
FBP1,0.002299612851801947
LTN1,0.002299146571968613
CHST8,0.0022989178542976024
ABI1,0.002298864275668074
FUNDC2P2,0.0022986913716137713
LINC00571,0.0022983542014787016
C17orf70,0.0022978808770343527
FSCN2,0.0022978808770343527
ACTG1,0.0022978808770343527
USP32P3,0.002297422291010264
TTLL4,0.0022973350917089796
SUGT1P3,0.002296985373223155
MIR320A,0.002294731988122142
POLR3D,0.002294731988122142
SNORA70|ENSG00000253027.1,0.0022937139875686217
BCL3,0.0022937139875686217
CBLC,0.0022937139875686217
TM9SF2,0.0022928144277386854
MIR4306,0.0022928144277386854
RGS22,0.0022924206557330606
MIR595,0.0022923868271064983
CLOCK,0.002291418964737794
ACTR5,0.0022913378162123447
MRPL12,0.002290588268535258
HGS,0.002290588268535258
TLE2,0.0022904967244931056
TLE6,0.0022904967244931056
ENOX1,0.0022901687000709617
snoU13|ENSG00000238598.1,0.002289433521860135
RESP18,0.0022894258626597833
RN7SKP38,0.0022893462511638834
TPTE2P5,0.0022890882871334723
NAA35,0.0022889753199915167
REEP1,0.002288909293631537
GOLM1,0.0022884614477995447
SPATA5L1,0.002288026561527291
ADAM22,0.002288019234849021
RNA5SP321,0.0022873037882039787
SYT9,0.002287096942230556
CDK6,0.00228598824801941
NOTUM,0.002285668287157493
PDSS1,0.0022855309423347406
SNORA57|ENSG00000223027.1,0.0022855309423347406
DPY19L2,0.002283785901303997
GPR18,0.002283778226338921
RN7SKP9,0.002283778226338921
EFCAB1,0.002283491304401417
TNFRSF13B,0.0022834172459011938
U8|ENSG00000201809.1,0.0022833857342045532
ENTPD6,0.0022832024782353253
S1PR4,0.002283058111267876
GNA15,0.002283058111267876
SLC16A6,0.002281652542204051
AMZ2,0.002281652542204051
SCUBE2,0.002280442223067311
TBC1D27,0.0022798874824191276
KCNJ2,0.002279406159172847
KIAA1958,0.0022778447929232
LRRTM4,0.002277597704156098
MKL2,0.0022772028704302564
EZH2,0.0022770621151160532
SLC25A15,0.0022766177581431575
RN7SL350P,0.0022759284347871646
MIR29A,0.002275799695691807
MIR29B1,0.002275799695691807
GALNTL5,0.002275684761871285
POLR1A,0.0022755471021621773
MIR4779,0.0022755471021621773
IMMT,0.0022755471021621773
MRPL35,0.0022755471021621773
PTCD3,0.0022755471021621773
SNORD94,0.0022755471021621773
MIR5006,0.002274759081649003
SNORA31|ENSG00000251858.1,0.002273830252857116
B4GALNT1,0.002273741402231086
SNORA42|ENSG00000200385.1,0.0022730852832118626
ANAPC11,0.0022728576890900056
ALYREF,0.0022728576890900056
SIRT7,0.0022728576890900056
PCYT2,0.0022728576890900056
NPB,0.0022728576890900056
AES,0.002272804350562036
BCAT1,0.0022719740746747295
C12orf77,0.0022719740746747295
WNT6,0.002271624039902664
WNT10A,0.002271624039902664
CNFN,0.002270773785218457
GATSL1,0.00227064831996819
snoU13|ENSG00000239045.1,0.0022704469846829382
LINC00689,0.002269539492918283
ESYT2,0.002269539492918283
MIR5707,0.002269539492918283
NCAPG2,0.002269539492918283
VIPR2,0.002269539492918283
WDR60,0.002269539492918283
RXFP2,0.002269368343672678
ZNF724P,0.0022691149270330315
C15orf48,0.0022689459707224335
MIR147B,0.0022689459707224335
SLC30A4,0.0022689459707224335
HMGN2P46,0.002268822514256597
SLC32A1,0.0022688208886068183
RN7SKP173,0.0022688208886068183
CTSL3P,0.0022686504848841377
RNF25,0.00226796537246065
ZNF142,0.00226796537246065
U3|ENSG00000252805.1,0.00226796537246065
PLCD4,0.00226796537246065
RQCD1,0.00226796537246065
BCS1L,0.00226796537246065
LMBR1,0.0022677945410793207
MIR621,0.002267406780048987
CCDC144A,0.0022665090333408087
MGAT5B,0.0022665002028981734
MIR3153,0.002266401609321921
CKS2,0.002266401609321921
CASC1,0.0022663206921765956
MRVI1,0.0022661202786257413
NSUN5P1,0.0022657647955464247
CNIH4,0.0022654760659363664
MIR490,0.0022651918121604987
CAMK1D,0.0022644097095192777
RN7SL775P,0.002263825190077257
SPG20,0.0022638183181974214
ANGPTL5,0.0022637264666195505
ST3GAL3,0.002263690499232249
MMP1,0.002263603311272465
MMP3,0.002263603311272465
NPLOC4,0.0022633137432188
RN7SL515P,0.002262938631629545
IGFL4,0.002262893584683094
SRD5A3,0.0022625310804701617
LYRM5,0.0022623004458404805
QSOX2,0.0022621018711388836
GPSM1,0.0022621018711388836
DNLZ,0.0022621018711388836
DKFZP434A062,0.0022621018711388836
CARD9,0.0022621018711388836
LHX3,0.0022621018711388836
URI1,0.0022620441267593187
RNA5SP404,0.0022616846081385694
RNA5SP403,0.0022616846081385694
TUBD1,0.0022615223779385183
KMT2C,0.0022613072392536136
COL5A1,0.0022607873139518717
CALCB,0.0022599884727478345
SPG20OS,0.0022598178605179407
CCNA1,0.0022598178605179407
FAM71F2,0.0022596187382639223
RNA5SP242,0.0022596187382639223
METTL2B,0.0022596187382639223
RNA5SP243,0.0022596187382639223
HILPDA,0.0022596187382639223
FAM71F1,0.0022596187382639223
ARHGDIA,0.002259572784810121
RBFOX3,0.002259271474128753
UFM1,0.0022590610479089886
C9orf170,0.002258944440515758
SNORA26|ENSG00000212421.1,0.0022589208683968594
BAZ1B,0.0022588267690110075
NTRK2,0.0022586505806635507
TBL2,0.0022583821677609594
BCL7B,0.0022583821677609594
ZNF169,0.002258065587459434
DFNB31,0.0022580498417721514
RNU6ATAC39P,0.0022578063663034973
SNORD45|ENSG00000252438.1,0.0022578063663034973
ARHGAP33,0.0022577810871183936
PRODH2,0.0022577810871183936
BLOC1S6,0.0022575538283324736
WBSCR22,0.0022572147309301914
DNAJC30,0.0022572147309301914
VPS37D,0.0022572147309301914
ZNF57,0.002256873927760002
LDHAL6CP,0.0022565919366832193
RN7SL198P,0.002256451931332441
MIR205HG,0.0022547365493914883
PTCH1,0.0022543233759012415
NMRK1,0.0022538213295155477
C9orf41,0.0022538213295155477
RNY4P1,0.0022538213295155477
C9orf40,0.0022538213295155477
MLXIPL,0.0022534743436394764
LINC00674,0.002253447444647645
RN7SL622P,0.002253447444647645
C17orf58,0.002253447444647645
LRRC37A16P,0.002253447444647645
KPNA2,0.002253447444647645
SHISA9,0.0022534435481299624
ZNF257,0.002253256885392718
ZNF676,0.002253256885392718
ZNF729,0.002253256885392718
EIF3M,0.0022527631210343766
TRIM73,0.0022519964875074576
STAG3L1,0.0022519964875074576
RHBDD2,0.002251275763801448
BPTF,0.0022511006721570785
FARP1,0.0022509986008119875
snoU13|ENSG00000238530.1,0.0022499060522151925
KIAA1456,0.0022499000939376463
RN7SL113P,0.0022497365601976326
ZYX,0.002249562020381472
FAM131B,0.002249562020381472
MMP7,0.0022492075221144186
SNAPC4,0.0022491697887339537
TACC2,0.002249118950976777
PRKAG3,0.0022489520704180965
CYP27A1,0.0022489520704180965
snoU13|ENSG00000238583.1,0.002248709617258691
DCLK1,0.002248113131587089
ERCC4,0.0022479632509707394
ZNF77,0.0022473090502023573
GCGR,0.0022472027576853474
PPP1R27,0.0022472027576853474
SLC25A10,0.0022472027576853474
FAM195B,0.0022472027576853474
MTERF,0.002247148445421492
FAM120AOS,0.0022468876321332983
AGK,0.002246498806791946
TMEM123,0.002246455267836109
MTPN,0.00224602293356457
MRPS31,0.0022457664751527927
CYP2R1,0.0022456473748314423
GPR183,0.0022454715237035195
OS9,0.0022448500086700175
AKR1B1,0.002244386435940999
CTSL,0.002244037432524811
ERP44,0.00224393470434682
RNA5SP30,0.002243458174110336
PRKDC,0.0022429712172953023
PLD6,0.0022424359784477222
MPRIP,0.0022424359784477222
FLCN,0.002241732743567271
OR6V1,0.002241658999820224
OR6W1P,0.002241658999820224
C7orf34,0.0022415886190046224
TRPV5,0.0022415886190046224
OR51T1,0.0022415619397755907
OR51H1P,0.0022415619397755907
OR51S1,0.0022415619397755907
PAPPA,0.0022406641116082117
WDR91,0.002240662384598742
STRA8,0.002240662384598742
CCL24,0.0022406595864537114
MIR548O2,0.002240648170037184
snoU13|ENSG00000239171.1,0.002240590335452581
MIR30B,0.0022405796284288592
MIR30D,0.0022405796284288592
RN7SKP262,0.0022404750320794615
ABCA8,0.0022400839897522913
IGFL1,0.002239638628011436
RN7SL569P,0.0022389372329580503
FAM182B,0.0022379390767149165
RMRPP5,0.0022373986972961373
ZNF287,0.002237149826399504
FAM180A,0.002236212895106964
SNORA73|ENSG00000252054.1,0.0022361713581875373
P4HB,0.002235835782097643
NCOR1,0.002235342478784048
LUZP6,0.0022351871239279612
FHL3,0.0022351386871411775
UTP11L,0.0022351386871411775
POU3F1,0.0022351386871411775
OSTF1,0.0022349639247593815
ATP6V1G1,0.0022343947784810147
C9orf91,0.0022343947784810147
SLC13A4,0.002233682448368686
CLASRP,0.0022333236922099735
LYST,0.0022329777460187777
TNFSF11,0.0022328976583422993
MAT2A,0.00223278021905949
MIR1183,0.0022322527755005597
MIR599,0.00223199683687561
MIR875,0.00223199683687561
RN7SL830P,0.0022315690518353365
RILP,0.0022314495498189277
SCARF1,0.0022314495498189277
REEP3,0.0022313930666431397
PROSER1,0.0022312816169569915
NHLRC3,0.0022312816169569915
ELMOD3,0.00223072079753394
LINC00856,0.0022304707820357175
KEL,0.002230213367455204
OR9A2,0.002230213367455204
FREM2,0.0022290750108727993
TLE4,0.0022286614438232705
KRIT1,0.00222756008029319
MIR638,0.0022273381031003496
TGOLN2,0.0022272665661004355
RETSAT,0.0022272665661004355
CCL26,0.0022268995625952708
EBNA1BP2,0.002226877784148549
WDR65,0.002226877784148549
C1orf210,0.002226877784148549
TMEM125,0.002226877784148549
RNA5SP46,0.002226877784148549
C7orf13,0.0022266560995017897
RNF32,0.00222548646774405
GATSL2,0.002225172310955
EPHB6,0.0022249470370722876
TRPV6,0.0022249470370722876
RNA5SP291,0.0022246652893094417
WIPI1,0.00222445743337198
MIR635,0.00222445743337198
PRKAR1A,0.00222445743337198
FAM20A,0.00222445743337198
MIR548F4,0.002223942683874341
PEPD,0.0022236462113835514
ZNF507,0.0022236351464990697
NMT2,0.002223307131669779
FBXO33,0.0022219186230227326
LRRD1,0.002221861379620455
CYP51A1,0.002221861379620455
FLRT1,0.0022218023805025485
MVK,0.0022215420023014945
RN7SKP250,0.002221542002301492
S1PR3,0.0022210967301159543
C9orf47,0.0022210967301159543
C7orf55,0.002220791077553237
ST3GAL5,0.002220790975273828
GTF2IRD2B,0.0022207651269136454
WBSCR16,0.0022207651269136454
RN7SL251P,0.0022206729192628056
SH2D6,0.0022206729192628056
CAPG,0.0022206729192628056
MIR4255,0.002220510479352563
GEMIN7,0.0022195142008075873
PPP1R37,0.0022195142008075873
ZNF296,0.0022195142008075873
NSMCE4A,0.0022194467172567977
CIITA,0.0022192915925654737
DEXI,0.0022192915925654737
PRRT4,0.0022189777656401264
RBM28,0.0022189777656401264
MARK4,0.002218955582777549
RAX2,0.00221888599646285
MATK,0.00221888599646285
QTRT1,0.0022180150431113533
ILF3,0.0022180150431113533
ANKRD18B,0.002217920139710922
RN7SL542P,0.0022178160041128802
TEX26,0.0022174310610678814
C7orf73,0.002217381743636302
GGCX,0.002217306136726354
VAMP8,0.002217306136726354
RN7SL126P,0.002217306136726354
PEX1,0.0022172295321422563
MSANTD3,0.00221622999904066
GATAD1,0.0022161391670315884
MIR4739,0.0022160657775768494
BHLHA9,0.0022158144788863416
IGFL3,0.002215082119686041
IGFL2,0.002215082119686041
C9orf3,0.002215075518336401
NSF,0.002214929927667274
AKAP9,0.002214904791434608
SF3A3,0.0022142214844020204
MRPL54,0.0022142095397068243
MIR623,0.002213793884057423
UBAC2,0.002213793884057423
PTENP1,0.002213486531608676
TRBV30,0.0022125249833444384
snoU13|ENSG00000238856.1,0.002212218851344284
NVL,0.002212218851344284
CCDC73,0.0022117040233121644
ADORA2B,0.0022113645474496693
SSH3,0.00221129120943401
ANKRD13D,0.00221129120943401
ADRBK1,0.00221129120943401
snoU13|ENSG00000252679.1,0.002211230161279962
snoU13|ENSG00000239154.1,0.002211230161279962
KIAA1377,0.002211230161279962
C11orf70,0.002211230161279962
STOML3,0.0022108956897933046
DCUN1D5,0.0022108687271091723
CASP2,0.002210378266340957
CLCN1,0.002210378266340957
RN7SL481P,0.002210378266340957
TRPM6,0.002210105792355924
HIP1,0.002209904566240308
ZNRF4,0.0022091675640530713
RN7SL626P,0.0022083832821992405
MIR1273A,0.0022083320339631738
OR51A2,0.0022082647034735066
OR51A4,0.0022082647034735066
snoU13|ENSG00000238946.1,0.002207807568357748
SNORA51|ENSG00000201465.1,0.002207713376267675
snoU13|ENSG00000238984.1,0.002207713376267675
NPAP1,0.00220760674580636
SSBP1,0.0022075195019898557
TAS2R3,0.0022075195019898557
SNORA25|ENSG00000201245.1,0.00220726669056198
snoU13|ENSG00000238305.1,0.00220726669056198
DAPK1,0.00220695596767463
PRPSAP2,0.0022069514937796014
SNX31,0.0022064099111230805
N6AMT1,0.002206235561410544
HCST,0.002205894997119932
TYROBP,0.002205894997119932
RN7SL105P,0.002205687896607856
OR51G1,0.002205379974337742
OR51G2,0.002205379974337742
OR51A7,0.002205379974337742
MMP26,0.002205379974337742
IMPDH1,0.002205358377874167
ATE1,0.0022051841512783924
SP4,0.00220497992191082
IFNW1,0.002203920963260265
OR51L1,0.0022036236565989333
MIR3689A,0.002203027773913851
MIR3689D2,0.002203027773913851
MIR3689E,0.002203027773913851
MIR3689F,0.002203027773913851
FCN2,0.002203027773913851
MIR3689C,0.002203027773913851
MIR3689B,0.002203027773913851
MIR3689D1,0.002203027773913851
TAS2R40,0.002203025143731338
TAS2R39,0.002203025143731338
RN7SL535P,0.002203025143731338
PIP,0.002203025143731338
TMEM139,0.002203025143731338
GSTK1,0.002203025143731338
ARHGAP27,0.002202884832730565
RN7SKP125,0.002202500620501365
NOTCH2,0.002201491428339837
GALNT11,0.0022010935737363344
FCN1,0.0022007372374460983
PRSS1,0.0021995812315599135
PRSS3P2,0.0021995812315599135
PRSS3P3,0.0021995812315599135
MTRNR2L6,0.0021995812315599135
TRBC2,0.0021995812315599135
TRBV2,0.0021995812315599135
TRBV9,0.0021995812315599135
TRBV19,0.0021995812315599135
TRBV27,0.0021995812315599135
TRBV28,0.0021995812315599135
NFKBID,0.002199556048834622
SNORA31|ENSG00000252888.1,0.0021995454278752745
LPPR1,0.002199325433091143
ENPP7,0.0021987511301989095
RN7SL306P,0.0021974527488818943
IRF5,0.0021974527488818943
snoU13|ENSG00000238522.1,0.0021972389424921067
CHAT,0.0021961746933695774
C10orf53,0.0021961746933695774
SLC44A2,0.0021960704457897615
PPP3R2,0.0021959475493933452
EPHA1,0.002195875934240472
TAS2R41,0.002195848431301096
TAS2R60,0.002195848431301096
FBXW2,0.002195633622528799
MIR30C2,0.002195399441661248
RNF19A,0.0021948822822531523
CACTIN,0.002193973597228567
MBNL2,0.0021928966449551437
LINC00472,0.002192798959807258
snoU13|ENSG00000239173.1,0.002192292043399633
MIR30A,0.0021922253241041714
CUL1,0.0021912124223840684
CALCR,0.0021911842070459282
KCNU1,0.0021911766969567883
RBM48,0.0021907110297337534
DGKH,0.002190692883466476
ABHD12,0.0021897950826968637
BARX1,0.0021885781792647975
snoU13|ENSG00000238440.1,0.002188457451203283
OR2A5,0.0021884535784761974
OR2A25,0.0021884535784761974
HS3ST3A1,0.002187383274538286
MMP13,0.0021872737689819905
snoU13|ENSG00000272310.1,0.0021856190279002895
GRIN3A,0.002185541244010443
AKAP11,0.0021851534781513957
KRAS,0.002184680955185491
CSTL1,0.0021846507922457306
CST11,0.0021846507922457306
CST13P,0.0021846507922457306
CST8,0.0021846507922457306
CST9L,0.0021846507922457306
SAMD9L,0.0021843863242939775
SAMD9,0.0021843863242939775
SFTPB,0.002184119280295581
MIR3665,0.0021840405665391905
SLAIN1,0.0021840405665391905
NCLN,0.0021834880008478547
EEF1DP3,0.002183243984652351
CELF5,0.002182865356463908
GATM,0.0021827628506360655
OR2A12,0.0021822860443209842
OR2A2,0.0021822860443209842
MIR21,0.002182204210798245
WTAPP1,0.002181568463663824
FBXO43,0.0021815470537372263
POLR2K,0.0021815470537372263
SAFB,0.00218144543552025
FRY,0.0021808341447581933
ANKRD46,0.002180662537032049
OR52J3,0.002180372921766513
OR52E2,0.002180372921766513
TAS2R5,0.0021798554050386164
TAS2R4,0.0021798554050386164
GINS1,0.002179433495344407
ACVRL1,0.002179220026155403
ANKRD33,0.002179220026155403
LBP,0.002178740381384048
SAMD12,0.0021785570095233576
MIR4500HG,0.0021785231065275575
UBE2V2,0.002178444424474284
XPOT,0.002178121180522907
ACVR1B,0.002177955437115993
NIPAL2,0.002177358479061488
RAC3,0.0021764245896784998
STRA13,0.0021764245896784998
DCXR,0.0021764245896784998
ASPSCR1,0.0021764245896784998
LRRC45,0.0021764245896784998
SMC2,0.0021758793538161486
WEE2,0.002175879219849908
KIAA1147,0.002175879219849908
RNA5SP44,0.0021758022400424136
NR4A1,0.002175777876477407
C12orf44,0.002175777876477407
OR7E47P,0.002175777876477407
RN7SKP7,0.0021756034050337838
OXGR1,0.0021756034050337838
LINC00359,0.0021756034050337838
SNORD112|ENSG00000252154.1,0.0021756034050337838
HSD11B1L,0.0021756019261637265
C19orf70,0.0021756019261637265
RPL36,0.0021756019261637265
TEX10,0.002175483330219688
RN7SKP2,0.0021754389177558553
LINC00598,0.0021754389177558553
ANKIB1,0.002174855181291566
PPFIBP2,0.0021744491326769794
PYGB,0.002174259823034059
OR2F1,0.002174045476110257
OR6B1,0.0021737360680422696
OVCH2,0.002173688597176641
CYB5R2,0.002173688597176641
MIR4474,0.002173122400950508
C13orf45,0.002173089858835593
LINC00561,0.002173089858835593
OGFRL1,0.0021719759837852317
C7orf33,0.0021719230855269263
OR2F2,0.0021717661700094196
ARL17A,0.0021712138336347246
LRRC37A4P,0.0021712138336347246
STH,0.0021712138336347246
SPPL2C,0.0021712138336347246
ARL17B,0.0021712138336347246
RN7SL730P,0.0021712138336347246
RN7SL656P,0.0021712138336347246
RN7SL199P,0.0021712138336347246
MAPT,0.0021712138336347246
LRRC37A,0.0021712138336347246
RN7SL739P,0.0021712138336347246
LRRC37A2,0.0021712138336347246
KANSL1,0.0021712138336347246
CRHR1,0.0021712138336347246
FAM215B,0.0021712138336347246
PLEKHM1,0.0021712138336347246
ZEB1,0.002171176606327171
MMP27,0.0021709074942706033
ARHGAP40,0.0021707556389660063
RN7SL571P,0.0021707520144504167
TRPV2,0.002170739993341353
WDYHV1,0.002170583275939865
PRRG4,0.0021704716438945633
MIR147A,0.002169694345753513
C8orf49,0.0021686950867158823
NEIL2,0.0021686950867158823
FAM211A,0.0021679100674697805
RNY3P6,0.0021675149502914577
LINC00449,0.0021675149502914577
MMP20,0.002167076292060234
WNT9B,0.002166130764014469
VPS53,0.0021653254526597244
NXN,0.0021653254526597244
DBIL5P,0.0021653254526597244
MIR3183,0.0021653254526597244
C17orf97,0.0021653254526597244
TIMM22,0.0021653254526597244
FAM57A,0.0021653254526597244
DOC2B,0.0021653254526597244
GEMIN4,0.0021653254526597244
GLOD4,0.0021653254526597244
FAM101B,0.0021653254526597244
RNMTL1,0.0021653254526597244
RPH3AL,0.0021653254526597244
MIRLET7DHG,0.0021648843299869047
snoU13|ENSG00000238792.1,0.0021648843299869047
MIRLET7D,0.0021648843299869047
KCNJ15,0.0021646350992342526
PRR26,0.0021635356542856654
MIR5699,0.0021635356542856654
RNY4P5,0.00216336951100767
DERL1,0.00216336951100767
RN7SKP83,0.002162296408036558
C10orf35,0.002162270219232244
NAPB,0.0021619013897494943
KCNS2,0.00216140459988781
MMP10,0.002161304054488214
BACH1,0.002161124157550069
TEX2,0.0021610327093505607
KRT86,0.0021609605941717855
KRT85,0.0021609605941717855
KRT84,0.0021609605941717855
KRT83,0.0021609605941717855
KRT81,0.0021609605941717855
MMP8,0.0021609212019961916
U3|ENSG00000199370.1,0.002160242746525459
RN7SL72P,0.002160242746525459
GJA9,0.0021597667174763063
MYCBP,0.0021597667174763063
GZF1,0.0021591409059763525
EGFR,0.0021589057157916365
SSTR2,0.0021578147754004705
CYC1,0.0021577736830836456
ZSWIM7,0.002157721654878141
CDC123,0.0021575735871406706
RN7SL232P,0.0021575735871406706
PTPDC1,0.0021575541343252414
GH1,0.0021569238033140735
CD79B,0.0021569238033140735
STRIP2,0.00215673645420658
MCM4,0.0021567258068657404
MIRLET7F1,0.0021565245858083623
MIRLET7A1,0.0021565245858083623
DNAH14,0.0021559726809439123
LINC00366,0.0021559640167555572
TNPO3,0.0021558072147287973
TRAF1,0.002155663312473329
PHF19,0.002155663312473329
PRSS58,0.002155610545350719
TAS2R38,0.002155610545350719
CLEC5A,0.002155610545350719
OR9A4,0.002155610545350719
MOXD2P,0.002155610545350719
MGAM,0.002155610545350719
RNA5SP37,0.002155206376516438
OLFM1,0.0021547085825566834
CTAGE15,0.002154325868577204
FAM115C,0.002154325868577204
FAM115A,0.002154325868577204
CTAGE6,0.002154325868577204
MIR489,0.0021540295015767623
MIR653,0.0021540295015767623
RAP2A,0.002154026580522829
SNORA71A,0.0021539452482098407
SNORA71D,0.0021539452482098407
SNORA71B,0.0021539452482098407
SNHG17,0.0021539452482098407
SNORA71C,0.0021539452482098407
SSPN,0.002153841490096431
ZC3HAV1L,0.0021537775521786153
NDUFS5,0.002153388561203525
ZBED5,0.002153122416894925
CTNNA2,0.002152937589629511
FAM135B,0.0021523800946572115
TSTA3,0.0021514582226656157
RRAGC,0.0021514162635032147
DBC1,0.002151386219541831
SNORA70C,0.002150994575045208
DSCR10,0.0021506610768972484
BHLHE41,0.0021504462802946077
AKIRIN1,0.0021501809265027498
snoU13|ENSG00000238407.1,0.00215008707336558
MATN2,0.002149807321772641
GPAA1,0.0021490602028171155
FZD1,0.0021488579308394
LCN1,0.0021484072889136193
C9orf116,0.002148291371076183
PPP1R26,0.002148291371076183
MRPS2,0.002148291371076183
AHCYL2,0.0021472383499260505
GPI,0.0021470440161104718
ZAR1L,0.0021467421291788322
VOPP1,0.002146520905255077
SPAG1,0.0021464668944108185
RNF181,0.0021464113158872833
USP39,0.0021464113158872833
VAMP5,0.0021464113158872833
C2orf68,0.0021464113158872833
TMEM150A,0.0021464113158872833
ZNF214,0.002146366619784339
NLRP14,0.002146366619784339
RBMXL2,0.002146366619784339
ATOH8,0.002144588006383774
ANKRD27,0.002143738381871292
MIR1288,0.002143667149079
CXCL12,0.0021436508746184094
SNORA72|ENSG00000207067.1,0.002143533084558915
KRT6C,0.002143330372344362
KRT6B,0.002143330372344362
KRT82,0.002143330372344362
KRT75,0.002143330372344362
PLXNA4,0.0021421062525048646
YAP1,0.0021406353744993487
RN7SKP128,0.0021404726447541034
HMG20B,0.002140015499870832
GIPC3,0.002140015499870832
OR2A14,0.0021398455709953986
NINL,0.0021398422617458024
MIR661,0.00213939598098027
EIF3H,0.0021393158919429177
CSRNP2,0.0021390924568805976
BIRC3,0.002138884426738634
BIRC2,0.002138884426738634
SCN4A,0.002138858286305284
KHDRBS3,0.002138631558174284
BRCA2,0.0021383126181339124
NFIC,0.0021382932920003435
C19orf71,0.0021382005577303925
MFSD12,0.0021382005577303925
DPYSL2,0.00213802397407528
PNMA2,0.0021379890162518942
FGD3,0.002137389580427556
KRT6A,0.002137149307868828
KRT5,0.002137149307868828
CSHL1,0.0021370933291364096
TTC19,0.002136998308159564
POP1,0.002136307651032903
HRSP12,0.002136307651032903
DDX42,0.0021362464494757605
SMARCD2,0.0021362464494757605
CSH2,0.0021362464494757605
GH2,0.0021362464494757605
RN7SL805P,0.0021362464494757605
CSH1,0.0021362464494757605
PSMC5,0.0021362464494757605
TCAM1P,0.0021362464494757605
FTSJ3,0.0021362464494757605
RNA5SP298,0.0021359370581679657
ZMYND11,0.0021359370581679657
TUBB8,0.0021359370581679657
RNA5SP297,0.0021359370581679657
QSER1,0.0021351048498658514
DEPDC7,0.0021351048498658514
LINC00511,0.0021351016437728076
ZNF91,0.0021350397918150563
MIR320D1,0.002134850184265343
OSGIN2,0.00213445203197868
U3|ENSG00000221461.1,0.0021342739924478066
C8orf76,0.0021342739924478066
MIR4663,0.0021342739924478066
FAM83A,0.0021342739924478066
ZBTB44,0.0021342418136794956
GRM8,0.002133863589449925
CCDC30,0.002133433305399962
SNORD111|ENSG00000252230.1,0.0021331575860848023
KIAA1875,0.0021314905047070906
MAF1,0.0021314905047070906
SHARPIN,0.0021314905047070906
PDCD2L,0.0021310967513499157
RN7SL154P,0.0021310967513499157
UBN2,0.002129472767713941
RFK,0.0021288306564702787
TTC26,0.002128528071232934
KLF14,0.002128206674209349
KRT7,0.00212814913514447
KRT121P,0.00212814913514447
HS6ST3,0.0021280431241645775
RASSF8,0.0021272122902377248
H1FNT,0.002126865875141119
ZNF641,0.002126865875141119
FAM220A,0.0021263775341599706
ADIG,0.002125301270495154
EPPK1,0.002123803169091642
PSMD5,0.002123773289716965
ARHGAP12,0.002123521283782846
UTP23,0.0021234980235858643
DSCR4,0.002123007425943684
MIR937,0.00212247515644637
ZNF623,0.00212247515644637
NRBP2,0.00212247515644637
PUF60,0.00212247515644637
SCRIB,0.00212247515644637
FAM83H,0.00212247515644637
CCDC166,0.00212247515644637
MAPK15,0.00212247515644637
MIR4664,0.00212247515644637
ZNF707,0.00212247515644637
RNY3P7,0.00212232523790036
SCEL,0.00212232523790036
MIR3659,0.002122293698554335
LINC00592,0.0021219495644878702
EMC2,0.002121101690085552
FAM76B,0.002121099989565183
PDCD5,0.002120654266619457
SNORA68|ENSG00000201388.1,0.002120654266619457
EVPLL,0.0021202871372565024
B3GALTL,0.0021201635170509563
MPL,0.0021194548582013878
TIE1,0.0021194548582013878
NMU,0.002119374434900541
snoU13|ENSG00000238733.1,0.002119134175796503
RNA5SP479,0.002119051600064261
PPIH,0.0021184139725664896
ENGASE,0.002117933431283905
LINC00347,0.002117268532238263
LUC7L2,0.0021165325409162852
RN7SL228P,0.002115811968613363
CDK5RAP2,0.0021157818944673567
LINC00861,0.0021152923579757913
KRT2,0.0021152071458533836
KRT73,0.0021152071458533836
KRT71,0.0021150837713129534
CENPV,0.0021147495872317025
EXOSC4,0.0021145631256934087
OPLAH,0.0021145631256934087
SPATC1,0.0021145631256934087
PARP10,0.0021140730471736046
GRINA,0.0021140730471736046
PLEC,0.0021140730471736046
MEN1,0.0021139608656436165
WDR26,0.0021138254150912363
MIR4742,0.0021138254150912363
MLLT3,0.002113401384636475
U3|ENSG00000221345.1,0.0021129488699376635
OR51V1,0.0021129184904767587
OR52A1,0.0021129184904767587
OR52A5,0.0021129184904767587
PYGM,0.0021127336986200484
RASGRP2,0.0021127336986200484
SF1,0.0021127336986200484
GTPBP10,0.002112436178488085
C7orf49,0.0021124273366648822
TMEM140,0.0021124273366648822
AARD,0.002112344230378435
C12orf80,0.0021116231154538942
SCGB1B2P,0.002111061011773038
PRCD,0.0021109179379729523
CYGB,0.0021109179379729523
LSM14A,0.0021109061033902825
LINC00398,0.0021107415641696842
RN7SL866P,0.0021106849750611037
DOHH,0.0021106849750611037
C19orf77,0.0021106849750611037
FZR1,0.0021106849750611037
SMO,0.0021102532000241165
TSPAN33,0.0021102532000241165
HBBP1,0.0021101884629034806
HBB,0.0021101884629034806
HBD,0.0021101884629034806
HBG1,0.0021101884629034806
snoU13|ENSG00000238581.1,0.002109869842868985
USP37,0.002109682214725324
SAFB2,0.0021096084686185656
RMI2,0.002109489764025631
DNAJB6,0.0021093650044722114
PRM2,0.0021092944210032837
SNORA48|ENSG00000212228.1,0.0021092944210032837
PRM3,0.0021092944210032837
TNP2,0.0021092944210032837
PRM1,0.0021092944210032837
SOCS1,0.0021092944210032837
DSCR8,0.002109238827231714
GCNT1,0.0021083849073537373
RN7SKP30,0.002108258928571427
PDCL2,0.002108258928571427
FAM182A,0.0021081134378495648
NCOR1P1,0.0021081134378495648
PCA3,0.002107683749976627
RNA5SP227,0.002107499062096179
BPGM,0.0021072562253724946
PRUNE2,0.0021072069629601915
NUGGC,0.002106502881240687
FAM171A1,0.0021060158677176687
TBC1D31,0.002105908756263803
CPED1,0.0021051384783347593
WTIP,0.0021049836239709664
SEC61A2,0.002104837858064393
MIR3610,0.0021048187795396876
RAD21,0.0021048187795396876
UBA2,0.0021045133663804556
NANOS2,0.00210449276348623
THEG5,0.002103799681331324
DYNC2H1,0.002103570969607405
RFNG,0.002103499627699179
C12orf54,0.002103463696900619
KIAA1429,0.002103235028538492
ZC3H3,0.0021030343469416865
NAPRT1,0.0021030343469416865
EEF1D,0.0021030343469416865
MROH6,0.0021030343469416865
GSDMD,0.0021030343469416865
7SK|ENSG00000254144.2,0.0021030343469416865
AZI1,0.002102811369801083
MEGF9,0.002102225856919354
NBN,0.002101467077503884
SLC43A2,0.0021012724675238343
SVOPL,0.0021010331106726355
CYLC2,0.002100926494654503
HSPH1,0.0021005038189837568
CALCA,0.0020994769237461393
LONP1,0.0020985188044781297
ANP32D,0.0020982062511248453
C20orf203,0.002097284005748017
TIGD5,0.00209695787932576
PYCRL,0.00209695787932576
C9orf139,0.002096222929864124
snoU13|ENSG00000238824.1,0.002096222929864124
ABCA2,0.002096222929864124
NPDC1,0.002096222929864124
ENTPD2,0.002096222929864124
SAPCD2,0.002096222929864124
UAP1L1,0.002096222929864124
MAN1B1,0.002096222929864124
SNORD62,0.002096222929864124
DPP7,0.002096222929864124
FUT7,0.002096222929864124
GRIN1,0.002096222929864124
RN7SL754P,0.0020961293434687855
RNA5SP471,0.002095913184916346
MAP4K2,0.0020956638053222206
RPTOR,0.0020954566003616613
COG1,0.002094901702699675
EXD3,0.002094069784572148
CD8B,0.002093775824752413
KIAA0355,0.0020937389351155192
SNORD38|ENSG00000252408.1,0.002093661612648953
MIR4287,0.002093162095070058
EXOC4,0.0020931390394169796
CLEC2L,0.002092992678602273
KLRG2,0.002092992678602273
PRSS37,0.002092977052731335
OR9A3P,0.002092977052731335
SMG1,0.0020928162814512186
NDOR1,0.0020921886155275777
TMEM210,0.0020921886155275777
SSNA1,0.0020921886155275777
C9orf169,0.0020921886155275777
TOR4A,0.0020921886155275777
NRARP,0.0020921886155275777
FAM166A,0.0020921886155275777
ANAPC2,0.0020921886155275777
RNF208,0.0020921886155275777
MIR3621,0.0020921886155275777
LRRC26,0.0020921886155275777
RNF224,0.0020921886155275777
SLC34A3,0.0020921886155275777
TMEM203,0.0020921886155275777
TPRN,0.0020921886155275777
TUBB4B,0.0020921886155275777
C9orf173,0.0020921886155275777
NELFB,0.0020921886155275777
OR52A4,0.0020920792800007337
SCARA5,0.002091643928358941
CLIC3,0.002091589327583479
C9orf142,0.002091589327583479
MAFA,0.0020913931824365463
PTGDS,0.002091378231466894
LCNL1,0.002091378231466894
C9orf141,0.002091378231466894
EIF3E,0.0020907011804864135
C8orf22,0.0020899992178232017
NOXA1,0.002089306422794632
snoU13|ENSG00000272272.1,0.002089306422794632
ENTPD8,0.002089306422794632
NSMF,0.002089306422794632
SNORA27|ENSG00000199474.1,0.0020889104996333267
ZHX1,0.0020888539910228704
ABR,0.0020883639271745747
C8orf31,0.0020881023023204604
LY6E,0.0020881023023204604
CLDN19,0.002087937194019319
GEM,0.0020877745975789778
DAB2IP,0.0020873970535422457
KRT1,0.002087386186986455
LINC00868,0.0020871971253910685
C1orf50,0.002086608153604141
LEPRE1,0.002086608153604141
ALOX5AP,0.0020864919137949575
CCDC23,0.002086125935400403
ERMAP,0.002086125935400403
ZNF691,0.002086125935400403
ESRP1,0.002086005311191154
snoU13|ENSG00000238409.1,0.002085574196861119
MIR548H2,0.002085574196861119
CEBPA,0.002085033637248828
GRIK3,0.0020850273224043703
RNF103,0.0020849347412605778
LINC00841,0.002084326712549144
FBXW5,0.0020840162544009783
LCN12,0.0020840162544009783
C8G,0.0020840162544009783
XKR6,0.0020835835976311446
KDM3A,0.002083142038871036
LINC00840,0.0020827336435763222
RMND5A,0.0020825648761505014
CD8A,0.0020825648761505014
U3|ENSG00000207215.1,0.0020818455647423242
GUCA2A,0.002081706581984446
GUCA2B,0.002081706581984446
NRTN,0.002081024849137497
RN7SL142P,0.002080893399369552
MAMDC4,0.0020807240612097655
MIR4292,0.0020807240612097655
KIAA1984,0.0020807240612097655
RABL6,0.0020807240612097655
C9orf172,0.0020807240612097655
PHPT1,0.0020807240612097655
EDF1,0.0020807240612097655
MIR548X2,0.002080335540979095
CYP2S1,0.0020802954560957283
RN7SL718P,0.0020802954560957283
GOLGA6L6,0.0020801534330648235
NBEAP1,0.0020801534330648235
OR4M2,0.0020801534330648235
NIPA2,0.0020801534330648235
RN7SL536P,0.0020801534330648235
NIPA1,0.0020801534330648235
GOLGA6L1,0.0020801534330648235
RN7SL759P,0.0020801534330648235
CT60,0.0020801534330648235
RN7SL495P,0.0020801534330648235
MIR1268A,0.0020801534330648235
HERC2P3,0.0020801534330648235
HERC2P2,0.0020801534330648235
GOLGA8S,0.0020801534330648235
GOLGA8DP,0.0020801534330648235
TUBGCP5,0.0020801534330648235
GOLGA6L2,0.0020801534330648235
GOLGA8EP,0.0020801534330648235
OR4N4,0.0020801534330648235
POTEB2,0.0020801534330648235
RN7SL400P,0.0020801534330648235
RN7SL545P,0.0020801534330648235
CHEK2P2,0.0020801534330648235
CYFIP1,0.0020801534330648235
DKFZP547L112,0.0020801534330648235
RN7SL584P,0.0020801534330648235
RN7SL106P,0.0020801534330648235
WHAMMP3,0.0020801534330648235
snoU13|ENSG00000238960.1,0.0020801534330648235
snoU13|ENSG00000239083.1,0.0020801534330648235
POTEB,0.0020801534330648235
GOLGA8I,0.0020801534330648235
GSN,0.0020791780190938065
CACNA1B,0.002078820227477913
FAM157B,0.002078820227477913
TUBBP5,0.002078820227477913
CCDC132,0.0020787737360140777
KCNQ5,0.0020780965373971973
CNIH3,0.0020776580080871985
SCGB2B2,0.0020775399442329837
MYH16,0.002077457068710635
GATA4,0.0020773829317135544
MYC,0.0020773189861134135
SHC3,0.002077208172144882
U6|ENSG00000272393.1,0.0020766832683067615
CHCHD3,0.0020766832683067615
LPAR1,0.0020764647377938513
MIR598,0.0020763703724494082
TIMM13,0.0020753664659632094
TMPRSS9,0.0020753664659632094
LSM7,0.0020753664659632094
SPPL2B,0.0020753664659632094
NRXN2,0.002075213066874465
FOXA3,0.0020747924322852863
IRF2BP1,0.0020747924322852863
MYPOP,0.0020747924322852863
NUPL2,0.002074031874834997
MIR4479,0.0020739397648160953
SLC7A10,0.0020735233911657954
snoU13|ENSG00000239123.1,0.002073520639270003
GLYR1,0.002072608388832532
KIAA1549,0.0020719867059108897
YBX1,0.0020714853678474904
GRASP,0.002070977373109283
IPO5,0.002070728614435472
ZMYND12,0.0020702538996456876
RIMKLA,0.0020702538996456876
PPCS,0.0020702538996456876
SNORD46|ENSG00000201009.1,0.002069969604647615
RNA5SP56,0.0020698988726626484
OR9A1P,0.0020697319434102752
CDH17,0.002069618587169843
TBXA2R,0.0020691135266180448
RNA5SP161,0.002068778254972875
OR8S1,0.0020687394673836595
ASXL1,0.002068120273202455
RSPH6A,0.002067527562270314
snoU13|ENSG00000238422.1,0.002067343315838218
CACNG1,0.0020672376622232983
CACNG4,0.0020672376622232983
SRI,0.002066798670532497
TUSC5,0.002066733114056944
SNORA71|ENSG00000201811.1,0.0020661217912814225
SNHG11,0.0020661217912814225
SNORA60,0.0020661217912814225
MIR378D2,0.002065943402827528
PDP1,0.002065943402827528
IFNA21,0.002065765325374776
UBB,0.0020655639128396453
GALNT12,0.002065396636253933
LINGO3,0.002065192191774468
TRAF2,0.002064648185704272
TMEM74,0.0020643558808016867
FOXJ3,0.002064011526191213
RN7SL680P,0.002063970381675545
RN7SL194P,0.002063970381675545
PSPC1,0.0020624478399741313
RN7SL166P,0.0020624478399741313
MPHOSPH8,0.0020624478399741313
LINC00350,0.0020624478399741313
ZMYM5,0.0020624478399741313
snoU13|ENSG00000238665.1,0.0020624478399741313
PODXL,0.0020620497887930884
IQUB,0.002062032055215265
CHMP6,0.00206199706148282
MALSU1,0.0020603787741944437
ABCB1,0.0020597242062088982
SCARA3,0.002059081987840989
SNHG16,0.002059031325217751
SNORD1B,0.002059031325217751
IGF2BP3,0.0020589726132084615
KCTD12,0.0020589306125904892
IRG1,0.0020589306125904892
HYI,0.0020588953086637584
LAPTM4B,0.0020583156508377854
CHMP3,0.002057799348505718
GRHL2,0.0020572852444077395
MRPL41,0.0020570810149246966
PNPLA7,0.0020570810149246966
TCP11L1,0.002056069603254647
STEAP4,0.002055741460999931
UBE3C,0.002055368530134574
RN7SL826P,0.0020550347757114103
TLR4,0.0020527128599739345
SMU1,0.002052655775891131
SOX9,0.0020524532317687913
ZNF484,0.0020521855838311533
WDR3,0.0020512989603700895
GDAP2,0.0020508373422667464
ATP6V0A4,0.0020507214075477414
TMEM213,0.0020507214075477414
snoU13|ENSG00000238900.1,0.00205048598963283
RAD54B,0.00205013555421193
FSBP,0.00205013555421193
ANKRD19P,0.002050124126073493
ASB15,0.0020499696755819246
VPS13B,0.002049085007158351
RN7SL402P,0.0020488936343584442
MTDH,0.00204882502865784
RHBDL2,0.00204871748786813
ASAH2B,0.002048325360726193
PBK,0.002047647867386085
HIPK3,0.00204742302505581
HEPACAM2,0.0020467211163457716
RN7SL75P,0.002046457261440123
FBXL3,0.0020461124517260985
CLN5,0.0020461124517260985
LRGUK,0.002045688789896112
SLC35B4,0.002045688789896112
KRT74,0.00204508591230688
KRT72,0.00204508591230688
SPAG17,0.002045080305063623
SCN8A,0.0020450454676039626
RSPO2,0.0020449201374554476
LINC00525,0.0020440803849234666
C7orf69,0.0020440803849234666
RN7SKP59,0.0020438270104519212
ST6GALNAC1,0.0020437540088751593
AKR1B15,0.0020435288401176093
AKR1B10,0.0020435288401176093
RN7SL810P,0.0020433747748002003
LINC00446,0.0020433747748002003
OLFML1,0.0020433453143720347
NUDT5,0.0020432776408038436
SNORA63|ENSG00000252448.1,0.0020432593207442744
C17orf103,0.0020432578954097907
APLP1,0.002043094171033589
KIRREL2,0.002043094171033589
RNF216,0.002042981027075342
MTF1,0.00204252887874386
KRT77,0.0020424161669997795
RN7SL164P,0.0020411008933071332
LYVE1,0.002041003224189732
RNF141,0.002041003224189732
SLC16A5,0.002040964209700908
ARMC7,0.0020405091296068108
LINC00293,0.0020397784168228635
TMEM11,0.002039560158547499
MIR4658,0.002038768116965076
ZNF3,0.002038768116965076
COPS6,0.002038768116965076
MCM7,0.002038768116965076
MIR106B,0.002038768116965076
GPC2,0.002038768116965076
GAL3ST4,0.002038768116965076
MIR25,0.002038768116965076
AP4M1,0.002038768116965076
MIR93,0.002038768116965076
C7orf43,0.002038768116965076
LAMTOR4,0.002038768116965076
MBLAC1,0.002038768116965076
CNPY4,0.002038768116965076
TAF6,0.002038768116965076
COPS3,0.0020386235621054913
MFSD11,0.002038295393556999
TG,0.0020373314505054614
RNA5SP273,0.0020372061482821
SLC25A40,0.0020371883176578723
C16orf96,0.0020369712874343947
CDIP1,0.0020369712874343947
SRSF2,0.0020369143769717103
JMJD6,0.0020369143769717103
METTL23,0.0020369143769717103
MIR636,0.0020369143769717103
ZKSCAN1,0.002036653235711846
HPYR1,0.0020366104311456447
CNTRL,0.00203657980158782
HMOX2,0.0020362435495964383
TRPC4,0.002036096203965602
YWHAE,0.0020353566563673185
HSPB6,0.0020349822279042977
IGFLR1,0.0020349822279042977
LIN37,0.0020349822279042977
C19orf55,0.0020349822279042977
PSENEN,0.0020349822279042977
U2AF1L4,0.0020349822279042977
RN7SL456P,0.002034683096903669
ZSCAN21,0.002034490353148463
AATK,0.0020341659132007213
BPIFB1,0.0020341073687946912
PCCA,0.0020339970049566875
LINC00474,0.0020335924769900905
TSPYL5,0.0020330591943872075
GATS,0.0020323754718952333
SLC2A1,0.002031829341801552
KLHL38,0.002031805875507632
RN7SKP155,0.002031425891181986
STAG3,0.0020306813080074666
PVRIG,0.0020306813080074666
RNF219,0.002029883954484949
C1orf109,0.0020298512831154456
RSPO1,0.0020298512831154456
GNL2,0.0020298512831154456
CDCA8,0.0020298512831154456
DHRS7B,0.0020295691088096143
GPNMB,0.002029387653017271
POU4F1,0.0020292207028585717
AZGP1P1,0.002028967378874342
ZNF618,0.0020284919023931293
TRIM24,0.002028282715717571
CDK14,0.002028212997666361
SNORA40|ENSG00000252188.1,0.0020278828442008793
DPH7,0.0020276886929652604
GLIS2,0.0020276283097369853
TINCR,0.0020271816648718944
SEC61B,0.0020270836594244983
ALG2,0.0020270836594244983
RN7SL794P,0.0020270836594244983
RNA5SP290,0.0020270836594244983
RN7SKP225,0.0020270836594244983
FAM104A,0.0020263631399126247
C1orf122,0.002025889188628346
YRDC,0.002025889188628346
MANEAL,0.002025889188628346
snoU13|ENSG00000238871.1,0.002025889188628346
U8|ENSG00000202537.1,0.00202570560328808
EPHA10,0.002025681676696409
MIR182,0.0020256782206837342
RNA5SP244,0.0020256782206837342
MIR183,0.0020256782206837342
MIR96,0.0020256782206837342
ANXA13,0.0020255301968793754
ZMYND19,0.0020255204378817598
CDCA7L,0.002025502646973002
PAM16,0.0020252723503726908
FAM183A,0.0020252400064687814
FAM91A1,0.0020251027145130234
GPS1,0.0020248793963633343
FASN,0.0020248793963633343
DUS1L,0.0020248793963633343
HELZ,0.0020242792703172546
DNAJA3,0.0020241623663976253
COPG2,0.002024025451230888
TSGA13,0.002024025451230888
NOVA1,0.002023850111659763
CPSF4L,0.0020238321944662263
KCTD15,0.0020235930999380385
CYP11B1,0.00202352201909747
GML,0.00202352201909747
LYNX1,0.00202352201909747
LY6D,0.00202352201909747
CYP11B2,0.00202352201909747
WWP1,0.0020230703602458493
LINC00904,0.0020228775341041617
SYMPK,0.0020224638174311505
TGFBR1,0.0020224586348098744
MEST,0.0020223549482002194
CEP41,0.0020223549482002194
CPA1,0.0020223549482002194
RNA5SP246,0.0020223549482002194
MIR335,0.0020223549482002194
SNORA40|ENSG00000222966.1,0.0020213312973743664
AZGP1,0.0020213312973743664
TRA2A,0.0020210479512012087
RALGAPB,0.0020201184445681752
TFAP4,0.002020101001190844
UBN1,0.0020192593246004804
MRPS28,0.0020192417641475982
ZNF302,0.0020189513808975827
MIR1825,0.002018895739942404
SNORA19|ENSG00000251974.1,0.002018670339520344
ZNF492,0.0020186303729474325
RN7SKP294,0.002017494687715913
UBE2H,0.0020173434391082116
EDNRB,0.0020173151009694754
EHMT1,0.0020169985154629842
OAZ1,0.002016460332916029
C19orf35,0.002016460332916029
CCDC25,0.002016422870976344
snoU13|ENSG00000238624.1,0.002016422870976344
ESCO2,0.002016422870976344
MIR3622B,0.002016422870976344
MIR602,0.0020160277113576526
MIR548H4,0.002015889461050817
SMURF1,0.002015782373704271
ADRA1A,0.0020154517913683325
RN7SL181P,0.0020153447013285908
PSAT1,0.0020152665332909543
CEP78,0.0020152665332909543
LINC00189,0.0020142925329820352
VASN,0.002014135756185772
CORO7,0.002014135756185772
CDC42BPG,0.0020139283457174927
ATG2A,0.0020131061438117023
GPHA2,0.0020131061438117023
FRMD8,0.0020131061438117023
FOSL1,0.0020131061438117023
FIBP,0.0020131061438117023
FAU,0.0020131061438117023
FAM89B,0.0020131061438117023
EHD1,0.0020131061438117023
EHBP1L1,0.0020131061438117023
EFEMP2,0.0020131061438117023
DPF2,0.0020131061438117023
ARL2,0.0020131061438117023
CTSW,0.0020131061438117023
CFL1,0.0020131061438117023
CDCA5,0.0020131061438117023
CDC42EP2,0.0020131061438117023
CCDC85B,0.0020131061438117023
CAPN1,0.0020131061438117023
AP5B1,0.0020131061438117023
BATF2,0.0020131061438117023
SNX15,0.0020131061438117023
C11orf85,0.0020131061438117023
KAT5,0.0020131061438117023
KCNK7,0.0020131061438117023
MIR192,0.0020131061438117023
MIR4489,0.0020131061438117023
ZNHIT2,0.0020131061438117023
VPS51,0.0020131061438117023
RNASEH2C,0.0020131061438117023
MIR4690,0.0020131061438117023
ZFPL1,0.0020131061438117023
MRPL49,0.0020131061438117023
TIGD3,0.0020131061438117023
MUS81,0.0020131061438117023
RN7SL309P,0.0020131061438117023
RELA,0.0020131061438117023
POLA2,0.0020131061438117023
NAALADL1,0.0020131061438117023
PPP2R5B,0.0020131061438117023
NEAT1,0.0020131061438117023
RN7SL114P,0.0020131061438117023
TM7SF2,0.0020131061438117023
SAC3D1,0.0020131061438117023
SLC22A20,0.0020131061438117023
SNX32,0.0020131061438117023
LTBP3,0.0020131061438117023
MALAT1,0.0020131061438117023
MAP3K11,0.0020131061438117023
SPDYC,0.0020131061438117023
SLC25A45,0.0020131061438117023
SSSCA1,0.0020131061438117023
SYVN1,0.0020131061438117023
PCNXL3,0.0020131061438117023
SIPA1,0.0020131061438117023
SCYL1,0.0020131061438117023
OVOL1,0.0020131061438117023
RNA5SP319,0.0020118186089572348
DNA2,0.0020118186089572348
C10orf10,0.0020104608913338634
ARRDC1,0.0020103275425057336
C9orf37,0.0020103275425057336
FOXO1,0.0020097553533666972
MIR4704,0.0020093891121240525
PPL,0.0020091114247489683
MTRNR2L8,0.0020090507803182385
IKZF1,0.002008733733456107
PCDH8,0.0020086995574378963
NOM1,0.002008125233379746
SEMA4D,0.0020078993306841394
SCARNA24|ENSG00000252274.1,0.002007708314609854
PCDH17,0.0020076986804394574
DBF4,0.0020075355349692364
CHD6,0.0020071372613697223
NPHS1,0.0020070751204709237
CD300A,0.002006280428432326
CD300E,0.002006280428432326
CD300C,0.002006280428432326
TTYH2,0.002006280428432326
CD300LB,0.002006280428432326
CD300LD,0.002006280428432326
DNAI2,0.002006280428432326
GPR142,0.002006280428432326
GPRC5C,0.002006280428432326
KIF19,0.002006280428432326
RNA5SP448,0.002006280428432326
RPL38,0.002006280428432326
C17orf77,0.002006280428432326
BTBD17,0.002006280428432326
snoU13|ENSG00000238459.1,0.0020059161858969636
TRRAP,0.0020059161858969636
TMEM130,0.0020059161858969636
MIR3609,0.0020059161858969636
PTPRZ1,0.00200532362006164
LINC00469,0.0020046738072054524
RNA5SP245,0.002003000521367186
NOVA2,0.002001553922235837
PGLYRP1,0.0020015312372396923
MIR769,0.0020015312372396923
CCDC61,0.0020015312372396923
CSTF3,0.0020013882120961416
WT1,0.002001370567533437
OR1Q1,0.002001204375076808
MIR3150B,0.002001033387302524
PLEKHF2,0.002001033387302524
TMEM209,0.002000985986926805
CEP135,0.0020005255424954773
RN7SKP47,0.001999825175651222
KIAA1211,0.0019988952305605764
RN7SKP180,0.001998885417488313
PSCA,0.001998646074912871
JRK,0.001998646074912871
PHF20L1,0.0019981091940439624
ZC3HC1,0.0019979890122751825
CLU,0.001997756942877269
GPIHBP1,0.001997499449360611
BUD31,0.001996946389892228
PDAP1,0.001996946389892228
snoU13|ENSG00000239133.1,0.001996946389892228
RN7SL426P,0.0019969083237437635
CPA5,0.0019967902224145326
snoU13|ENSG00000239044.1,0.0019967902224145326
snoU13|ENSG00000238336.1,0.0019967902224145326
SLC25A16,0.0019963468237662227
LINC00849,0.0019963468237662227
C17orf80,0.001996205332138456
LRRC6,0.001995275976891481
CPSF4,0.0019946510390797434
VWC2,0.0019946443825647068
CBX4,0.001994422468354429
POFUT1,0.001994306373769815
PRSS3,0.0019942934974772715
VSX1,0.001993914792857269
COBL,0.001993693074030111
CATSPERD,0.001992608245118556
PARD3,0.0019923203333072495
CBX2,0.001992088607594935
TYRP1,0.0019915988030537184
ZNF99,0.0019915460716430785
GNAQ,0.0019904268646111865
GLI4,0.001990075534768018
ZFP41,0.001990075534768018
VMP1,0.0019900246491001464
LY6K,0.0019893564645064327
SLURP1,0.0019893564645064327
THEM6,0.0019893564645064327
LYPD2,0.0019893564645064327
SNORA4|ENSG00000201133.1,0.0019892859916351433
SNORD65|ENSG00000212264.1,0.001989098083897232
RN7SKP277,0.0019887888321020297
WNT16,0.0019884412539767516
FAM3C,0.0019884235203989314
CBX8,0.001988195072332728
ATAD2,0.0019878028952131175
CD22,0.0019876452324421516
MIR5196,0.0019876452324421516
snoU13|ENSG00000238587.1,0.001987321971572023
RUNDC3B,0.001987321971572023
KIF3B,0.0019872702082224074
MXRA7,0.0019870930582645
FFAR1,0.0019869512075190708
CCNG2,0.0019867129743897137
RORB,0.001986514900231997
LINC00338,0.001986049114447659
KPNA7,0.0019859545691000508
DIP2C,0.0019856517906152787
MNX1,0.0019855007858927205
ST6GALNAC2,0.0019852506119670656
SEC14L1,0.0019847204586807693
KMT2B,0.0019844898073870113
WBP7,0.0019844898073870113
ZBTB32,0.0019844898073870113
SLC29A2,0.0019844602575787925
CPA2,0.0019844476522516315
SSMEM1,0.0019844476522516315
CLDN12,0.0019841227635952192
C9orf129,0.0019837539584375073
ARPC1A,0.001981763570049344
TBC1D4,0.001981080864955382
USP15,0.001980677463286916
ARC,0.001980675796483683
MIR1250,0.0019805097197106675
MIR338,0.0019805097197106675
MIR657,0.0019805097197106675
C5,0.001980502070595803
CXCL13,0.001980369168929163
FUBP3,0.0019798136076967245
PRDM12,0.0019798136076967245
EXOSC2,0.0019798136076967245
ZSCAN25,0.0019792442080726947
ZNF655,0.0019792442080726947
CYP3A5,0.0019792442080726947
AASS,0.001978790640926967
ZNF337,0.0019784471861703096
RN7SL666P,0.0019784232794202578
GPR42,0.001977948552241532
FFAR3,0.001977948552241532
TNFRSF11B,0.0019776135796898352
RNA5SP275,0.0019771826857030747
NAA16,0.001976970018368648
MYCBP2,0.001976475734868688
SLC1A1,0.0019760040069210444
NACA2,0.001975595817034295
LINC00599,0.001975347411291707
MIR548AA1,0.00197533124895048
MIR491,0.0019748406297125593
SPATA6L,0.0019740976838782125
LINC00152,0.001973940228678865
PLGLB2,0.001973940228678865
RGPD1,0.001973940228678865
PLGLB1,0.001973940228678865
WNK2,0.001973929138486103
RN7SL822P,0.00197261810578662
ZNF792,0.0019723542055943492
MIR1227,0.0019722128383972857
PLEKHJ1,0.0019722128383972857
SF3A2,0.0019722128383972857
AMH,0.0019722128383972857
JSRP1,0.0019722128383972857
MIR4321,0.0019722128383972857
DOT1L,0.0019722128383972857
ARPC1B,0.001972012002833184
CEACAMP10,0.0019712864661313024
PSG9,0.0019712864661313024
PSG3,0.0019712864661313024
PSG4,0.0019712864661313024
PSG5,0.0019712864661313024
PSG6,0.0019712864661313024
PSG7,0.0019712864661313024
PSG8,0.0019712864661313024
PSG1,0.0019712864661313024
TEX101,0.0019712864661313024
PSG11,0.0019712864661313024
PSG2,0.0019712864661313024
PSG10P,0.0019712864661313024
CD177,0.0019712864661313024
WBP4,0.0019705755766141714
MIR3168,0.0019705755766141714
KBTBD6,0.0019705755766141714
RN7SL597P,0.0019705755766141714
LY6H,0.0019702719510773102
RN7SL187P,0.001969966468003373
GGTA1P,0.001969966468003373
ZNF599,0.0019696241258741255
ARSG,0.0019695050205995545
KBTBD7,0.0019693381906496638
MTRF1,0.0019693381906496638
CPA4,0.0019675936598912576
INTS8,0.001967222917279954
NCKAP5L,0.0019671842703155138
BCDIN3D,0.0019671842703155138
PTCD1,0.001966967722531185
ATP5J2,0.001966967722531185
CUL2,0.001966840614200683
ACTL7A,0.0019660837098070564
ACTL7B,0.0019660837098070564
SUSD3,0.0019654025983139923
NINJ1,0.0019654025983139923
C9orf89,0.0019654025983139923
TFPI2,0.001964385325037539
TNFSF15,0.0019641927027003662
NRF1,0.0019641249720696143
MIR1269B,0.0019637716858069147
DUS3L,0.001963662961984684
PRR22,0.001963662961984684
LEP,0.0019633943486634165
TNFSF8,0.0019629467800686994
C8orf37,0.001962678466293791
NUP85,0.0019612280579061436
snoU13|ENSG00000238436.1,0.001960987804173169
KRT76,0.0019608902706837383
KRT3,0.0019608902706837383
KRT4,0.0019608902706837383
KRT79,0.0019608902706837383
RGPD2,0.0019608141492315416
NPTX2,0.0019606998321836946
RNU6ATAC17P,0.0019606366501094923
RAB14,0.0019605858353384264
RNU6ATAC40P,0.001960392329430207
SNORA67|ENSG00000207094.1,0.001960115974824978
SPIDR,0.0019592416848828046
ARHGEF5,0.001958724963730497
ARHGEF35,0.001958724963730497
OR2A9P,0.001958724963730497
OR2A1,0.001958724963730497
OR2A7,0.001958724963730497
CTAGE4,0.001958724963730497
CTAGE8,0.001958724963730497
OR2A42,0.001958724963730497
NOBOX,0.001958724963730497
OR2A20P,0.001958724963730497
LINC00545,0.001958712841108761
MEDAG,0.001958712841108761
MIR4652,0.001958530857920425
NDUFA5,0.001957932406694778
FOXG1,0.001957296298677163
LRRC4,0.0019571627694173767
LMOD2,0.0019571095686839184
COL22A1,0.0019566290852427097
MED13,0.0019564800044196765
C14orf23,0.001955624931873638
POT1,0.001955342941567505
SMKR1,0.0019553078371773816
ZNF181,0.001955071036558377
ASIP,0.0019537613956843946
FAM84B,0.0019537286253608734
NALCN,0.0019535599815711556
FANCC,0.001953556328467436
FAM200A,0.0019532886232116694
ZKSCAN5,0.0019532886232116694
ZNF789,0.0019532886232116694
ZNF394,0.0019532886232116694
MAG,0.0019531884404107944
MIR3611,0.0019529591005513147
DPY19L3,0.0019528940205364245
NANP,0.0019528316331072324
MIR597,0.001952097148355625
LINC00703,0.0019520375871867703
LINC00619,0.0019519968047959674
GPR37,0.0019515163982394056
MIR4290,0.0019507925647166185
TPD52,0.0019495757721290285
KCTD2,0.0019495211157163665
MDGA2,0.0019493616975395159
SDC2,0.0019490083161613249
AQP6,0.0019480517261996257
AQP5,0.0019480517261996257
RACGAP1,0.0019480517261996257
AQP2,0.0019480517261996257
FAIM2,0.0019480517261996257
SNORA43|ENSG00000201733.1,0.0019480509925898064
NPAS4,0.0019480509925898064
INVS,0.0019479019941301982
MAP2K3,0.001947390359289094
BRAF,0.001946905688475536
CSTF2T,0.001946185881237538
CREM,0.0019458668230989747
DPY19L4,0.0019439149739966656
C7orf72,0.001943800685607783
EXOC1,0.0019435211347197088
CCNE2,0.0019433967471298229
snoU13|ENSG00000238791.1,0.0019433967471298229
RN7SKP174,0.0019421888214302904
RNA5SP274,0.001942067155625426
ZC3HAV1,0.0019417143421140727
SLC10A2,0.0019412703503178723
TMEM67,0.001940814485873016
RBM12B,0.001940814485873016
FAM92A1,0.001940814485873016
NT5C,0.0019405420353982288
HN1,0.0019405420353982288
NMRAL1,0.001939377232832005
MRPL11,0.0019389568508519886
CSNK1G2,0.0019387887579569321
RN7SL226P,0.0019387887579569321
BTBD2,0.0019387887579569321
DNALI1,0.00193805353807844
LANCL2,0.0019380155990282527
IKBKAP,0.0019379243990608264
ELOVL1,0.0019378644202355222
SZT2,0.0019378644202355222
MED8,0.0019378644202355222
CDC20,0.0019378644202355222
ZNF286A,0.0019376295209169916
TBC1D26,0.0019376295209169916
RNA5SP436,0.0019376295209169916
KRT78,0.001937535470180371
PTPRF,0.0019372539254340457
FER1L6,0.0019361020712474265
GGA3,0.001935915098957966
MRPS7,0.001935915098957966
SEC14L5,0.0019353930519413697
GRM3,0.0019349635810763054
CORO2A,0.0019342865553639793
snoU13|ENSG00000238739.1,0.0019340074959338072
RN7SL590P,0.001933731925751739
SUMO2,0.0019336561997342413
RN7SL491P,0.001932732968993663
UQCRB,0.001932213472671968
MTERFD1,0.001932213472671968
UBALD1,0.001931655125773682
MGRN1,0.001931655125773682
RN7SL850P,0.001931655125773682
ITPRIPL2,0.0019316530755579887
LINC00381,0.0019312911392405038
U6|ENSG00000272507.1,0.0019309926860511533
MIR548AK,0.0019309926860511533
DHTKD1,0.0019309926860511533
FIGNL1,0.0019304657251578128
ALDH1A1,0.001929715886808319
NUPR1L,0.0019296906048383669
DDC,0.0019296059419341254
SECISBP2,0.00192906392273481
CCNY,0.0019290244017715434
BPIFA2,0.0019288769043161631
BPIFA4P,0.0019288769043161631
TPTE2,0.0019287954214223715
NOV,0.0019283135820647387
RGCC,0.0019281163296519166
SNORA32|ENSG00000206776.1,0.001928087966371386
snoU13|ENSG00000238298.1,0.001928036610738121
RN7SL665P,0.001928036610738121
CYP2B7P1,0.0019278747945320964
SFTA1P,0.001927200268132207
RNA5SP286,0.001926994296946242
ASS1,0.0019260823008741476
SNORD93,0.0019259403354221982
TOMM7,0.0019259403354221982
AANAT,0.001925744168730193
RHBDF2,0.001925744168730193
TUSC3,0.0019257180432587322
SYT17,0.001925541097689782
CLEC19A,0.001925541097689782
RHPN1,0.0019252780974299939
CHCHD2,0.0019251977936181777
snoU13|ENSG00000238673.1,0.0019251977936181777
PHKG1,0.0019251977936181777
TMC7,0.0019247690583801141
COQ7,0.0019247690583801141
DECR1,0.001924376804352655
BPIFA1,0.0019231403397282861
BPIFA3,0.0019231403397282861
IL6,0.001922611124234044
GNGT1,0.0019223149171577556
NDRG1,0.0019219068310632277
ANGPT1,0.0019214498639132506
OSR2,0.001921166742897196
RNY3,0.0019203583252190857
RNY1,0.0019203583252190857
RNY4,0.0019203583252190857
STMN4,0.0019196534203201846
ZNF782,0.0019188317422936232
MIF4GD,0.0019183404433876466
SLC25A19,0.0019183404433876466
FAM86B2,0.0019183356898196033
DEFB130|ENSG00000232948.1,0.0019183356898196033
FDFT1,0.0019183356898196033
CTSB,0.0019183356898196033
RNA5SP253,0.0019183356898196033
RNA5SP254,0.0019183356898196033
FAM86B1,0.0019183356898196033
FAM66D,0.0019183356898196033
FAM66A,0.0019183356898196033
DEFB136,0.0019183356898196033
DEFB135,0.0019183356898196033
ZNF705D,0.0019183356898196033
DEFB134,0.0019183356898196033
USP17L2,0.0019183356898196033
DEFB130|ENSG00000233050.1,0.0019183356898196033
RNY3P3,0.0019179966978536062
RN7SKP85,0.0019175284676475664
TRMT12,0.0019174245766450603
TENC1,0.0019172958768228583
EIF4B,0.0019172958768228583
IGFBP6,0.0019172958768228583
SOAT2,0.0019172958768228583
SPRYD3,0.0019172958768228583
TBC1D16,0.001916596971066906
TMEM26,0.001916536255984151
TMEM65,0.0019153686044275516
HEY1,0.0019147227653711118
RN7SL41P,0.001914650370236179
COLEC10,0.0019129271855035988
LINC00645,0.0019128979219904538
TNC,0.0019123441515180354
LINC00607,0.0019118389217142073
PRR20E,0.0019117245342727492
PRR20D,0.0019117245342727492
PRR20A,0.0019117245342727492
PRR20C,0.0019117245342727492
PRR20B,0.0019117245342727492
TUBAL3,0.001911615020001097
UCN3,0.001911615020001097
RN7SL594P,0.001911577560576121
RN7SKP72,0.001911336764501323
WASL,0.001911151228404935
WNT3,0.0019092699143332037
GDF6,0.0019086418163085095
snoU13|ENSG00000238329.1,0.0019085347873407023
GADD45G,0.0019079780426306306
KIAA1279,0.0019079487818623195
NCALD,0.0019077586841330608
RNU6ATAC33P,0.0019066727058804603
CDC42EP4,0.0019063401721629578
COX14,0.0019058519391630634
GPD1,0.0019058519391630634
GIMAP4,0.0019053008763388528
PWRN1,0.0019052195490689959
CDK1,0.0019044169077563297
FZD8,0.001903644001590275
MIR4683,0.001903644001590275
CCDC40,0.0019007233273056043
LINC00475,0.001900576330956082
RN7SL150P,0.0019003496503496523
HABP4,0.001899970562260822
KIAA0195,0.0018993461081194445
HBG2,0.001899198044620474
C20orf112,0.0018988601297310935
SGTA,0.0018983596413140226
THOP1,0.0018983596413140226
FAM126A,0.0018981283608220207
UPF2,0.0018976965422882125
UPP1,0.0018974972345886217
FBXO32,0.0018963325575319997
RN7SL373P,0.001896255093636206
DDX21,0.001896255093636206
EPS15P1,0.0018956528250812662
PROSER2,0.0018954559854547437
ECHDC3,0.0018954559854547437
MIR4669,0.0018954385200603459
MIR3678,0.0018951220365060455
GDA,0.0018948124418236541
EIF4A3,0.0018945496157323682
GAA,0.0018945496157323682
CARD14,0.0018945496157323682
EXT1,0.0018938656280428415
FOXB2,0.0018937559598377052
AAED1,0.0018937129399890689
LALBA,0.0018930618122379118
ZNF510,0.001892838218596243
MED30,0.0018925564632958885
SNORA31|ENSG00000252852.1,0.0018925564632958885
BICD2,0.0018923217277647692
CEACAM8,0.001892166870831634
U3|ENSG00000201329.1,0.0018920460672177445
RN7SKP41,0.0018920460672177445
POTEA,0.0018920460672177445
HGSNAT,0.0018920460672177445
SGK196,0.0018920460672177445
RN7SL573P,0.0018917999721797198
ATP5H,0.0018917999721797198
B3GNT1,0.001891565132447491
RIN1,0.001891565132447491
BRMS1,0.001891565132447491
MIR5680,0.0018913716759886197
ICT1,0.001890902768117959
CDR2L,0.001890902768117959
C16orf62,0.0018902417448088394
snoU13|ENSG00000238394.1,0.0018898568380381184
FBXL18,0.0018898568380381184
CDC14B,0.001889473905546914
TMEM72,0.00188945043044253
SGSH,0.001889328096745027
UBR5,0.001887722622902563
RRM2B,0.001887722622902563
RFX3,0.0018873608576090454
LONRF1,0.0018864081045873733
TATDN1,0.0018863615796201395
RNF139,0.0018863615796201395
OR13C8,0.0018860723088068797
SPTLC1,0.0018854443537987874
snoU13|ENSG00000238996.1,0.0018854443537987874
STOX1,0.0018851737255071973
PTN,0.0018851635855242632
HYAL4,0.0018851183361647936
LGALS3BP,0.0018850813743218795
C1QTNF1,0.0018849316229656422
LINC00587,0.0018848885849385125
SLA,0.0018845172311659883
WISP1,0.0018845172311659883
TMEM229A,0.0018840188543399372
SPAM1,0.0018840188543399372
CCP110,0.0018838938660404585
BPIFB4,0.001883731515037014
LETMD1,0.0018835663660682269
CELF2,0.0018831558793955979
MET,0.0018827384465081888
GJD4,0.001882703572828602
OGDHL,0.00188265575966997
MYOCD,0.0018826363097327677
CD300LF,0.0018823967172068416
MIR1207,0.0018822649647990816
STK3,0.001882252599877649
DDX50,0.0018820525186405421
TSPY26P,0.0018818393647413109
MIR5692A2,0.0018817994509058996
MIR548C,0.0018816998435884035
PTDSS1,0.001881470169757635
PEMT,0.0018812280451429221
AZIN1,0.0018808399492819513
SLC39A11,0.0018803727163919084
ABRA,0.0018801964446288975
AMPD3,0.0018795176848012839
COL28A1,0.0018794404717280353
C9orf57,0.0018793144995534884
MKLN1,0.0018791885687044448
snoU13|ENSG00000239065.1,0.0018783109433624498
PLAGL2,0.001877848960032977
LINC00710,0.0018776830438515496
KLHL7,0.0018774666870458115
BOP1,0.0018772391957386353
HSF1,0.0018772391957386353
ADCK5,0.0018772391957386353
FAM203B,0.0018772391957386353
FBXL6,0.0018772391957386353
RPL8,0.0018772391957386353
ZNF251,0.0018772391957386353
FOXH1,0.0018772391957386353
LRRC14,0.0018772391957386353
KIFC2,0.0018772391957386353
MIR939,0.0018772391957386353
ZNF252P,0.0018772391957386353
SCXA,0.0018772391957386353
SCRT1,0.0018772391957386353
PPP1R16A,0.0018772391957386353
RECQL4,0.0018772391957386353
ZNF250,0.0018772391957386353
VPS28,0.0018772391957386353
RN7SL395P,0.0018772391957386353
SCXB,0.0018772391957386353
DGAT1,0.0018772391957386353
CPSF1,0.0018772391957386353
CYHR1,0.0018772391957386353
TMEM249,0.0018772391957386353
C8orf33,0.0018772391957386353
C8orf82,0.0018772391957386353
ZNF16,0.0018772391957386353
MFSD3,0.0018772391957386353
COMMD5,0.0018772391957386353
TONSL,0.0018772391957386353
MIR1234,0.0018772391957386353
GPT,0.0018772391957386353
SLC52A2,0.0018772391957386353
SLC39A4,0.0018772391957386353
LRRC24,0.0018772391957386353
ZNF7,0.0018772391957386353
ZNF517,0.0018772391957386353
ARHGAP39,0.0018772391957386353
ZNF34,0.0018772391957386353
RASD1,0.001877001841320314
MED9,0.001877001841320314
PRSS51,0.0018769794797968136
BPI,0.0018760907702312312
NPTX1,0.0018751045433996365
STMN2,0.0018746926920745978
AOC1,0.0018739474196689384
CSMD3,0.001873946409738878
FFAR2,0.001873561022211607
TRIM14,0.0018735438832583415
VWA8,0.0018730236086331887
SNORD81|ENSG00000202023.1,0.0018729188751013274
ATP6V0E2,0.00187246218760143
ZNF862,0.00187246218760143
RNA5SP482,0.0018717517132404726
HCK,0.0018717517132404726
CLEC16A,0.001871300862304884
CALB1,0.0018712497752324826
SYK,0.0018710737531445908
SLC11A2,0.0018710460274123724
BPIFB3,0.0018703891360229933
PWRN2,0.0018694298054655564
ZNF30,0.0018675676814790903
CDH23,0.0018673994738244537
BAIAP2,0.0018671394665461085
RNA5SP272,0.0018663887617982491
CFTR,0.0018659005960899827
C9orf123,0.0018652869343024924
POSTN,0.001864595320291527
snoU13|ENSG00000238372.1,0.0018641417672456103
PMS2,0.0018638771950059126
ZNF815P,0.0018638771950059126
RSPH10B,0.0018638771950059126
RN7SL556P,0.0018638771950059126
CCZ1,0.0018638771950059126
OCM,0.0018638771950059126
KLHDC10,0.0018635929157620197
CHRNA2,0.0018635359607191465
EPHX2,0.0018635359607191465
CYP2B6,0.0018621896907795854
RNU6ATAC8P,0.0018617192866254549
snoU13|ENSG00000238533.1,0.0018617192866254549
snoU13|ENSG00000238496.1,0.0018616247585090612
OXR1,0.0018615358269233517
HMCN2,0.0018601976295849964
ZNF467,0.001859780590717301
SSPO,0.001859780590717301
C6orf106,0.0018593673979621966
ODF1,0.0018590232822605416
GNG7,0.0018585981929921122
RN7SL237P,0.0018584191582354072
GNA11,0.0018580563215146438
USP6NL,0.0018572195975262028
snoU13|ENSG00000238651.1,0.0018571197131377714
RN7SL550P,0.00185711925755703
MROH5,0.0018570538172999556
PTP4A3,0.0018570538172999556
LINC00051,0.0018570538172999556
TSNARE1,0.0018570538172999556
SNORD5|ENSG00000238854.1,0.0018570538172999556
GPR20,0.0018570538172999556
MIR589,0.001856942562209856
PVT1,0.001856281513345789
ABCA13,0.0018559343276099728
SNORD83,0.001855272267284332
MSRA,0.0018548480938066446
ADM,0.0018541878284827544
HIATL2,0.001853522015223519
GTF3C4,0.0018533803974738106
DDX31,0.0018531894916059871
snoU13|ENSG00000238979.1,0.0018531120876237928
OR2AG2,0.0018527738709173292
OR2AG1,0.0018527738709173292
OR6A2,0.0018527738709173292
CYP3A7,0.0018524623824768714
LPIN3,0.001852220144591601
EMILIN3,0.001852220144591601
DBX1,0.0018519872942793498
MIR4694,0.0018518978960689906
TSEN54,0.0018512798097769041
LLGL2,0.0018512798097769041
CASKIN2,0.0018512798097769041
FAM203A,0.0018511441714408065
MIR4780,0.0018510570385430996
SMYD1,0.0018510570385430996
KRCC1,0.0018510570385430996
FABP1,0.0018510570385430996
THNSL2,0.0018510570385430996
A1CF,0.0018504597471488652
PACSIN1,0.0018498730239974808
CD248,0.0018492007373407534
SNORA40|ENSG00000237002.2,0.0018491160369988344
BIN2,0.0018489247284832746
CELA1,0.0018489247284832746
SMARCD3,0.001848877637130802
RPS10,0.001848815593721788
PKD1L1,0.0018485971326907054
SUN3,0.0018485971326907054
C7orf57,0.0018485971326907054
NUDT16L1,0.0018482299063496987
ANKS3,0.0018482299063496987
ROGDI,0.0018482299063496987
SMIM22,0.0018482299063496987
SEPT12,0.0018482299063496987
C16orf71,0.0018482299063496987
ZNF500,0.0018482299063496987
MIR1205,0.0018480748210570898
NT5M,0.001846650631552484
SPDEF,0.0018465713667005083
U6|ENSG00000272028.1,0.00184655139130195
SAP30BP,0.0018451779844744348
KRT18,0.0018450539146741653
KRT8,0.0018450539146741653
ACTB,0.0018445294253337566
MIR1293,0.001844411418029004
LIMA1,0.001844411418029004
CYP3A4,0.0018441797312187137
GJC3,0.0018441797312187137
TRIM4,0.0018441797312187137
OR2AE1,0.0018441797312187137
CYP3A43,0.0018441797312187137
CANT1,0.0018438517179023498
PTK2B,0.001843170643306048
TRIM35,0.001843170643306048
TM9SF4,0.0018425650802374773
TNFRSF17,0.0018423420115887446
CPNE3,0.001842180028129396
RMDN1,0.001842180028129396
RN7SKP86,0.0018421236909054455
RN7SL521P,0.001840784160986693
ZNF786,0.001840784160986693
PDIA4,0.001840784160986693
ZNF425,0.001840784160986693
ABCF2,0.0018406309639727367
MIR671,0.0018406309639727367
CHPF2,0.0018406309639727367
TBC1D2,0.001840502123722616
BRI3,0.0018403717233940594
GPR107,0.0018399623795351215
COMMD7,0.0018377359462755283
MROH1,0.0018374251438729899
ANXA1,0.0018364778091201578
RNY5,0.0018364375202856206
ST7,0.0018362731782796927
TCF3,0.0018362180315164014
SNIP1,0.0018361458117175074
EIF2AK1,0.0018354250165796848
USP42,0.0018354250165796848
RN7SL851P,0.0018354250165796848
ANKRD61,0.0018354250165796848
RNY4P15,0.001834848385474736
RN7SL200P,0.001834312487520353
snoU13|ENSG00000238484.1,0.001834312487520353
snoU13|ENSG00000239059.1,0.001834312487520353
ZNF282,0.0018325738396624482
RN7SL207P,0.001832335205825127
SGPP1,0.0018311424862057792
MREG,0.0018306871164370038
SNORD112|ENSG00000252557.1,0.0018304057124310306
ZNF783,0.0018304057124310306
ZNF212,0.0018304057124310306
GVINP1,0.0018296504662186784
SDK2,0.0018296374777722003
BET1,0.0018294857062244822
GNG11,0.0018294857062244822
NCS1,0.0018292543900721074
MOGAT3,0.0018289570739399923
AP1S1,0.0018289570739399923
NAT16,0.0018289570739399923
MIR4653,0.0018289570739399923
VGF,0.0018289570739399923
ZC3H12A,0.0018284540361070754
BAIAP2L1,0.0018284100360613977
C9orf62,0.0018277692771363687
ZNF706,0.0018276696349720349
C7orf63,0.0018269203026660063
KLF10,0.0018267315744183996
TMEM75,0.0018262696425843045
RN7SL519P,0.0018260555417666385
TMPRSS12,0.0018260555417666385
HIGD1C,0.0018260555417666385
METTL7A,0.0018260555417666385
MIR4730,0.001826003051537068
ENDOV,0.001826003051537068
C7orf65,0.0018258145021987043
NAGPA,0.0018246298828268578
C16orf89,0.0018246298828268578
ALG1,0.0018246298828268578
GRIN2C,0.0018240854082626214
PRKAG2,0.0018238987341772147
GIMAP6,0.0018215722168127243
RN7SL492P,0.0018214850813743197
CTSV,0.0018208965894276482
NUTM2G,0.0018208965894276482
RGL3,0.001820856098912912
CYTH3,0.001820434287109772
RN7SL292P,0.001820227648409679
MEAF6,0.001819926679117383
MIR5581,0.001819926679117383
NUDT3,0.0018197109503092135
MIR4508,0.0018194425265311343
COL15A1,0.0018183949488427334
MIR5004,0.001818211986647128
SYNGAP1,0.0018171264332258069
LINC00687,0.0018163576224779572
RN7SKP111,0.0018163576224779572
BTBD3,0.0018163576224779572
SNORA84,0.0018161749870610662
IARS,0.0018161749870610662
RN7SKP100,0.001816153640821032
RELN,0.0018155309650804577
FOXA2,0.0018154162431858122
RPIA,0.001814875057388338
FOXI3,0.001814875057388338
EIF2AK3,0.001814875057388338
TEX37,0.001814875057388338
MAGEL2,0.0018142258023270692
RIMS3,0.001814031373586794
GBX1,0.0018139513145082773
ASB10,0.0018139513145082773
IQCA1P1,0.0018139513145082773
NAMPTL,0.0018134072123818757
ZBED6CL,0.001812627069133398
LRRC61,0.001812627069133398
snoU13|ENSG00000239049.1,0.001812426488270915
TMEM176A,0.001812414151249595
GIMAP5,0.001812414151249595
TMEM176B,0.001812414151249595
BAI1,0.0018123080584295623
HUS1,0.0018123062168627431
GADD45B,0.001812016861532516
LMNB2,0.001812016861532516
ZNF398,0.0018120064913988976
MIR593,0.00181165166997102
TECPR1,0.0018115931380472744
BHLHA15,0.0018115931380472744
LMTK2,0.0018115931380472744
RN7SL474P,0.0018113624207847746
TNKS,0.0018103988423353206
KIAA1755,0.0018102664730880282
STEAP1B,0.0018092345315344114
PLOD3,0.001809134611308471
CLDN15,0.001809134611308471
ZNHIT1,0.001809134611308471
FIS1,0.001809134611308471
NFYC,0.001808800482218206
EVPL,0.0018086165994216344
CDK3,0.0018086165994216344
TEN1,0.0018086165994216344
FOXE1,0.0018085958198410417
GRB2,0.0018083514889920245
SNORD97,0.0018082329805453334
EIF4G2,0.0018082329805453334
CTR9,0.0018082329805453334
NDN,0.001808211226185911
TMEM151A,0.0018074780412240504
YIF1A,0.0018074780412240504
TP53INP1,0.0018072235475140182
DAGLB,0.0018068466883884526
RAC1,0.0018068466883884526
FADS6,0.0018066629572958696
AIMP2,0.0018064754476514514
SNORA42|ENSG00000207217.1,0.0018064754476514514
FLJ20306,0.001806392549234449
KDELR2,0.001806392549234449
GRID2IP,0.001806392549234449
TMPRSS5,0.001806163516208581
CXCL17,0.0018060886529649295
LIPE,0.0018060886529649295
USH1G,0.00180499374043678
OTOP2,0.00180499374043678
MIR4436A,0.0018044686386392958
RNA5SP285,0.0018043951786279582
ZFAND5,0.0018043951786279582
MIR4307,0.001804329369645826
OTOP3,0.001803832243705662
HID1,0.001803832243705662
RAB3D,0.0018036051628375282
TMEM205,0.0018036051628375282
DKFZP761J1410,0.0018036051628375282
EPOR,0.0018036051628375282
SWSAP1,0.0018036051628375282
CCDC159,0.0018036051628375282
FNBP1,0.0018021323249638127
RABL5,0.0018020947261623175
COL1A2,0.0018015917567222022
CASD1,0.0018015506108689707
RIPK2,0.0018014934488119016
GRM4,0.0018009528121739468
RN7SL326P,0.0018008909275349554
MIR30C1,0.0018008909275349554
MIR30E,0.0018008909275349554
C6orf1,0.0018002412965895055
HMGA1,0.0018002412965895055
EFCAB8,0.0017998614522325093
RNA5SP239,0.0017997808881371844
CERS5,0.0017993588320037333
GIMAP8,0.0017979019798766642
GIMAP7,0.0017979019798766642
RAB37,0.0017975587703435783
PFKP,0.0017975132230445196
GIMAP2,0.0017963258682246034
GIMAP1,0.0017963258682246034
VPS13A,0.0017961361554138717
ASIC1,0.00179581703365847
SMARCD1,0.00179581703365847
C9orf85,0.0017953893621746246
FRMD4A,0.0017953693202604815
HMGB1,0.0017947027288700845
USPL1,0.001793434216660093
FNTA,0.0017930341611721418
NDUFAF6,0.0017926613273704442
RARRES2,0.0017923115871470296
HAS2,0.0017922721774537005
MYL10,0.0017915839585268688
MAL2,0.001791198339724294
RLF,0.001790578958290103
PCSK5,0.0017901371846756546
CHIC2,0.0017899610081374357
ADAMTS13,0.0017892921093034862
KRBA1,0.0017888244076598525
C9orf78,0.0017886895772614762
TOR1B,0.0017886895772614762
TOR1A,0.0017886895772614762
PMS2CL,0.0017883506444794223
CTTNBP2,0.001787873739612659
snoU13|ENSG00000238753.1,0.00178787014014467
GSX2,0.00178787014014467
SERPINE1,0.0017877862078117925
LINC00535,0.0017875400475628413
ANKRD36BP2,0.0017874773179423274
TMEM71,0.0017873381820140083
USP20,0.0017870852341595625
RN7SL860P,0.0017868424108698198
EIF3G,0.0017860396560280259
SNORD105B,0.0017860396560280259
P2RY11,0.0017860396560280259
LINC00421,0.0017859523146707688
CAPZA2,0.0017855612059058574
C8orf48,0.001785202562168339
MIR4497,0.001785086306098964
GLTP,0.001785086306098964
RN7SL441P,0.001785086306098964
TCHP,0.001785086306098964
GIT2,0.001785086306098964
ROR2,0.0017848013544216103
snoU13|ENSG00000238918.1,0.001784658401248482
CDK5RAP1,0.0017842462028179011
DAZAP2,0.0017840820650836787
SMAGP,0.0017840820650836787
GXYLT1,0.001783294753890963
FAM86A,0.0017829319748893686
SUN5,0.0017827433602986217
BPIFB2,0.0017827433602986217
BPIFB6,0.0017827433602986217
SNORD121B,0.0017824509962296557
DNMT3B,0.00178174432784295
ANKRD13A,0.0017810759493670882
C12orf76,0.0017810759493670882
KLF16,0.0017809616543793764
MIR1909,0.0017809616543793764
ONECUT3,0.0017809616543793764
REXO1,0.0017809616543793764
ATP8B3,0.0017809616543793764
UBE2R2,0.0017806378615373723
RNU4ATAC11P,0.0017806378615373723
RN7SL615P,0.0017804499745801429
RN7SKP249,0.0017803667571465642
MKRN3,0.0017800613732259305
MIR605,0.00177998346712426
ZMPSTE24,0.0017788420834197979
TMCO2,0.0017788420834197979
COL9A2,0.0017788420834197979
C20orf187,0.0017784501127176098
FMNL3,0.0017778119430351261
CACFD1,0.001777636766116355
SLC2A6,0.001777636766116355
MON2,0.0017769724527560056
PECR,0.0017766862926310893
TPK1,0.001776662226897188
MARCH4,0.0017761636258536587
ACTR3C,0.001775779292437517
TMBIM6,0.0017756389416169385
SMARCAL1,0.0017754367382823981
DNAH11,0.0017754255304367158
LINC00365,0.0017753639456369677
SNX8,0.0017745385898970134
MRPS33,0.0017742733109484558
EIF3B,0.001774026192924201
CACNB2,0.0017734402114609861
FASTK,0.0017733255436546578
TMUB1,0.0017733255436546578
ASIC3,0.0017733255436546578
AGAP3,0.0017733255436546578
SLC4A2,0.0017733255436546578
CDK5,0.0017733255436546578
INTS1,0.001773132869254497
RN7SL314P,0.001771751550653764
RPL37A,0.0017717330730383537
STEAP1,0.0017710600381868325
STEAP2,0.0017710600381868325
ZNF804B,0.0017710600381868325
C7orf62,0.0017710600381868325
DPY19L2P4,0.0017710600381868325
TNP1,0.0017706496644202359
UGT2B4,0.0017697021925858944
SNORD121A,0.001769594650199487
TMC5,0.0017693974683544295
SBF2,0.001769188071369376
PPAPDC2,0.0017688947576116312
REPIN1,0.00176853229470951
ARHGAP44,0.0017677928695642108
MIR3683,0.0017677222398431408
CCZ1B,0.0017677222398431408
DYNLRB1,0.0017676606374454262
KDR,0.0017676395795660003
LINC00427,0.001767243165765794
LINC00426,0.001767243165765794
HEATR2,0.0017671518493265741
PRKAR1B,0.0017669871573171019
RBFOX1,0.0017668917018284105
MIR4705,0.0017667468948713376
MIR2681,0.0017667468948713376
RNY1P2,0.0017667468948713376
CCDC26,0.0017663740258473822
OR13F1,0.0017662978779174562
OR13C3,0.0017662978779174562
OR13C4,0.0017662978779174562
RN7SL563P,0.0017662183544303804
NACAP1,0.0017662183544303804
ABO,0.001766127297061729
SLITRK1,0.0017657843229429296
OBP2B,0.0017655182725585213
FAM222A,0.0017643613348676632
ZNF775,0.0017642973060694588
ATF1,0.0017639833429855777
ABCB8,0.0017638377150275882
KCNH2,0.0017638377150275882
ATG9B,0.0017638377150275882
NOS3,0.0017638377150275882
LINC00845,0.0017636005867800312
IGFBP5,0.0017634880911586224
RNA5SP120,0.0017634880911586224
IGFBP2,0.0017634880911586224
KATNAL1,0.0017632626452760431
LINC00572,0.0017625718825012495
LINC00544,0.0017625718825012495
HTR3B,0.001762498013340098
RNA5SP249,0.0017617562372371103
HTR3A,0.0017615341628599672
MMP16,0.001761144870254616
IQCK,0.0017602442646593643
KNOP1,0.0017602442646593643
VSTM4,0.001760123668992438
FAM170B,0.001760123668992438
USP28,0.001759960215533371
REXO4,0.001759336856193632
C9orf96,0.001759336856193632
RNA5SP361,0.001758812275598183
ETV2,0.0017579342221722696
COX6B1,0.0017579342221722696
RN7SL765P,0.0017579342221722696
UPK1A,0.0017579342221722696
RBM42,0.0017579342221722696
SPINK2,0.00175774186256781
RN7SL357P,0.00175774186256781
NECAB1,0.0017577173325270536
ABHD17A,0.0017558411440718917
ZNF853,0.0017556226752400434
ZDHHC4,0.0017556226752400434
C7orf26,0.0017556226752400434
TMEM55A,0.0017552432507864158
MICALL2,0.0017545517369246082
MAP1LC3A,0.0017542495886574956
GPATCH1,0.0017542461494202024
WDR88,0.0017542461494202024
LRP3,0.0017542461494202024
ACOX1,0.001754162232552926
XRCC5,0.0017536993385323088
TMEM169,0.0017536993385323088
FXYD5,0.0017514519731943433
FXYD7,0.0017514519731943433
RCL1,0.0017508450188850068
FTSJ2,0.0017504154797822297
NUDT1,0.0017504154797822297
ATP4A,0.0017501510276907524
RSPH10B2,0.001749664802052996
TMOD1,0.0017493460616510418
TDRD7,0.0017493460616510418
INSL4,0.0017490464465793
INSL6,0.0017490464465793
IPPK,0.0017490284832057015
DIRAS2,0.001748955796030828
PTPRS,0.0017489283506678503
LINC00261,0.0017486568617840414
NOL8,0.0017486337359755117
ZNF98,0.001747780323265171
ELFN1,0.001747580441268181
MIR4655,0.001747580441268181
FDXR,0.001747155376269299
RN7SKP43,0.0017458004935912718
AK3,0.0017453438684189302
RHOBTB1,0.0017452160825628903
MAFK,0.0017450521667312783
TMEM184A,0.0017450521667312783
PSMG3,0.0017450521667312783
TTC12,0.0017444924660729747
TMEM147,0.00174368844743534
GAPDHS,0.00174368844743534
SBSN,0.00174368844743534
DMKN,0.00174368844743534
TMEM104,0.001743284879677283
C1GALT1,0.0017430113030189437
TSPAN16,0.001742138097985321
GRB10,0.0017414604111427913
MBD3,0.0017414171121223527
UQCR11,0.0017414171121223527
MYO15B,0.001741163717742496
YAF2,0.0017406150193134112
TMEM64,0.0017403028206276216
C19orf80,0.001739860501162487
RN7SL298P,0.001739860501162487
DOCK6,0.001739860501162487
HOXB13,0.0017396954493549407
PRAC,0.0017396954493549407
TTLL6,0.0017396954493549407
RN7SL125P,0.0017396954493549407
MIR3185,0.0017396954493549407
FAM186B,0.0017396752914383001
NXNL2,0.0017387301609284552
MAPRE1,0.0017383794491294979
TMEM8C,0.001738196047540379
P2RY2,0.0017381464618668788
snoU13|ENSG00000238402.1,0.0017377913574858162
SLC30A8,0.0017367735602276725
VAV2,0.0017365914320828261
ANKK1,0.0017363407519059106
LINC00656,0.0017362997336555104
LINC00395,0.0017358700933384468
MAML2,0.001735457486173875
UNC5B,0.0017341447026183463
RN7SL424P,0.001733442585895115
FSCN1,0.0017334022952048662
HOXB7,0.0017328925629874383
HOXB9,0.0017328925629874383
MIR196A1,0.0017328925629874383
HOXB8,0.0017328925629874383
MED22,0.001732215208107683
SURF6,0.001732215208107683
ZNF12,0.0017320003225026225
FBF1,0.001731849305477761
MRPL38,0.001731849305477761
TRIM16,0.001731707399933413
SLC7A13,0.0017317060407133248
CEACAM1,0.0017315485912617408
SLC26A5,0.001731037364784543
MIOS,0.0017304368759364333
CAP1,0.0017298803347859208
PPT1,0.0017298803347859208
LINC00470,0.001729498936006843
UNCX,0.001729440914224072
UGT2A2,0.0017293484403254986
UGT2A1,0.0017293484403254986
snoU13|ENSG00000238514.1,0.0017288052137735684
COG7,0.0017287833513717032
RN7SKP23,0.0017287833513717032
SNORA75|ENSG00000212593.1,0.0017287833513717032
KIT,0.001728755085895116
ZNF746,0.0017287088607594956
ZNF777,0.0017287088607594956
MIR4301,0.0017284248734946233
DRD2,0.0017284248734946233
ITGB4,0.001728365619973421
GALK1,0.001728365619973421
SURF4,0.0017283167219164937
SNORD36B,0.0017283167219164937
SNORD24,0.0017283167219164937
SNORD36C,0.0017283167219164937
SURF2,0.0017283167219164937
SNORD36A,0.0017283167219164937
RPL7A,0.0017283167219164937
SURF1,0.0017283167219164937
RNU6ATAC41P,0.0017275461748904996
PABPC1,0.0017275461748904996
GALNT6,0.0017272530992824854
RECQL5,0.0017268725085670294
SMIM6,0.0017268725085670294
SMIM5,0.0017268725085670294
RAPGEF5,0.0017258708610651805
RN7SL167P,0.0017257575690539288
PLEKHA8P1,0.001724550322789174
GBGT1,0.0017242285993530472
JAK2,0.0017241012905338184
SCAMP4,0.0017231294489000548
ADAT3,0.0017231294489000548
DIRC3,0.0017229000737271636
FGF22,0.0017227414676431738
RNF126,0.0017227414676431738
POLRMT,0.0017227414676431738
SNORA40|ENSG00000252138.1,0.0017224807844351913
KRTDAP,0.0017219292206971167
TMEM2,0.0017219157102262262
WIF1,0.001721735513408946
NAT9,0.0017210286548894132
SLC9A3R1,0.0017210286548894132
MIR3615,0.0017210286548894132
PSKH2,0.0017208735747137778
ATP6V0D2,0.0017208735747137778
ANP32B,0.0017201059758610584
HEMGN,0.0017201059758610584
C9orf156,0.0017201059758610584
ABHD17B,0.0017199920655423123
C10orf128,0.0017197746573247273
PDGFA,0.0017195624462692319
FAM20C,0.0017195624462692319
SLC4A8,0.0017191038316119302
U8|ENSG00000239142.1,0.0017189622694417763
SCFD2,0.0017189255943192347
TGM2,0.0017189139936179493
SNX19,0.0017185502103805417
RLN2,0.0017184014813465668
RLN1,0.0017184014813465668
TMEM178B,0.0017179758074713056
LINC00094,0.0017175220361111405
BRD3,0.0017175220361111405
MIR644A,0.0017143757431968068
DLC1,0.0017136833568068
NUDT19,0.0017136048287155884
KIAA1432,0.0017132207468416461
AKR1C7P,0.0017131623650610997
GDE1,0.001712982278481012
ADAMTSL2,0.0017129087666706768
FAM163B,0.0017129087666706768
RALGDS,0.001712573256165916
RNA5SP277,0.0017123756145058964
RN7SL396P,0.0017123756145058964
DSCC1,0.0017123756145058964
TMEM168,0.0017121002035074921
MIR4738,0.0017117001188894285
H3F3B,0.0017117001188894285
MAD1L1,0.0017113317264744038
FOXO6,0.0017112953733515643
ZBTB16,0.0017109012514675622
MIR4748,0.0017099839385396384
COL26A1,0.001709759468235735
NNMT,0.0017096400428605835
PPTC7,0.0017094029288559636
MKNK2,0.0017085163179195726
MIR4703,0.0017082931739810239
YTHDC1,0.0017079142179023518
MIR4731,0.001707484865162356
TVP23C,0.001707484865162356
TEKT3,0.001707484865162356
SNORA74|ENSG00000252129.1,0.001707484865162356
RN7SL792P,0.001707484865162356
PMP22,0.001707484865162356
snoU13|ENSG00000238806.1,0.001707484865162356
HS3ST3B1,0.001707484865162356
CDRT8,0.001707484865162356
CDRT7,0.001707484865162356
CDRT4,0.001707484865162356
CDRT1,0.001707484865162356
CDRT15,0.001707484865162356
FCHSD2,0.0017070012174580144
DNAJA1,0.001706654870678668
MIR4661,0.0017056249745614383
LRRC69,0.0017056249745614383
CYP2A13,0.0017048932971803481
CEP57,0.001704751049501135
RNA5SP345,0.001704751049501135
MTMR2,0.0017046868352825011
RN7SL789P,0.001704196910684252
TNS3,0.0017029995974045659
SPDYE3,0.0017023071688544915
PEG10,0.0017019894020038006
SGCE,0.001701827757580386
ENPP2,0.0017016202769135713
OTUD6B,0.0017012582638981759
RN7SL777P,0.0017012582638981759
ATG16L2,0.0017012252408509982
PNKD,0.0017004988322136046
VLDLR,0.0016997928653624836
RALGPS1,0.0016997610041895542
NANS,0.0016995416123470335
CENPP,0.0016990973446669676
ECM2,0.0016990973446669676
OMD,0.0016990973446669676
ASPN,0.0016990973446669676
OGN,0.0016990973446669676
MIR4670,0.0016990973446669676
SCMH1,0.0016988488510563226
ST6GALNAC6,0.0016985436320034522
XPA,0.0016983346650405872
TRPV4,0.001697896160740796
RNA5SP43,0.0016973147956007475
DPM2,0.0016959867432647564
PIP5KL1,0.0016959867432647564
ST6GALNAC4,0.0016959867432647564
DEC1,0.001695618364103283
ATP2A2,0.0016952187586668824
SARDH,0.0016950793008252817
MIR339,0.0016945709518110873
ZFAND2A,0.0016945709518110873
COX19,0.0016945709518110873
GPR146,0.0016945709518110873
CYP2W1,0.0016945709518110873
GET4,0.0016945709518110873
GPER,0.0016945709518110873
ADAP1,0.0016945709518110873
C7orf50,0.0016945709518110873
BCAR4,0.0016938087283061554
RNA5SP373,0.0016929038591044492
FAM109A,0.0016929038591044492
RHEB,0.0016927750730282376
RN7SL76P,0.0016927750730282376
P2RY6,0.0016926696797362729
PRPSAP1,0.0016925314724064468
SPHK1,0.0016925314724064468
GTF3C5,0.0016921289964953723
CEL,0.0016921289964953723
snoU13|ENSG00000238657.1,0.0016921289964953723
CELP,0.0016921289964953723
snoU13|ENSG00000238428.1,0.0016920728288624266
CXCR1,0.0016920728288624266
HAUS5,0.0016920243330195693
GPBAR1,0.0016919254538988694
ARPC2,0.0016919254538988694
AAMP,0.0016919254538988694
MIR3907,0.00169190782213567
CRYGN,0.00169190782213567
DPY19L2P2,0.0016913007507969651
RUNX1T1,0.0016901525150741664
PILRA,0.001689699765923024
STAG3L5P,0.001689699765923024
PILRB,0.001689699765923024
TP53INP2,0.0016896837866893252
C8orf87,0.001688477930958294
SLC29A3,0.0016875541876192124
DBH,0.001687151041723648
IFT81,0.0016870235606195694
CDC37L1,0.0016865553619161593
CCM2L,0.001685865837670108
RNA5SP481,0.001685865837670108
FABP5,0.0016858455398899967
NUB1,0.0016858033106134365
WDR86,0.0016856994482310937
CTPS1,0.0016844264102677208
SLFNL1,0.0016844264102677208
RN7SL540P,0.001684220491182519
RNA5SP478,0.0016840797385979862
GABBR2,0.0016838219835058276
CACNG5,0.001683784613246553
U3|ENSG00000252299.1,0.001683665484862754
snoU13|ENSG00000238763.1,0.0016834949780191982
DACH1,0.0016834753794154667
RN7SL387P,0.0016832760726392785
TCTN1,0.0016832760726392785
LSMEM1,0.001683272548722904
IFRD1,0.001683272548722904
MAP2K6,0.0016828940646023375
ZNF696,0.0016827254116086616
SCARNA20|ENSG00000252800.1,0.0016822595477658801
WDR89,0.0016822415161022787
U3|ENSG00000200693.1,0.0016822415161022787
RGS9BP,0.0016820782066035223
CCDC63,0.0016798803803175389
MYL2,0.0016798803803175389
LMX1B,0.0016794280386464792
CCDC180,0.0016788889356154641
TNS1,0.0016783925876800961
ASZ1,0.001678142744601972
FICD,0.0016780840046029923
SART3,0.0016780840046029923
TAF2,0.0016780671859785736
RN7SKP153,0.0016780671859785736
POU6F1,0.0016779156352462131
YWHAZ,0.00167788849986534
RN7SL685P,0.0016774745914071494
CUX1,0.001677405783310792
MIR4672,0.0016767897203301145
AK1,0.0016767897203301145
ENG,0.0016767897203301145
UGT2B11,0.0016763647151898746
UGT2B7,0.0016763647151898746
UGT2B28,0.0016763647151898746
UGT2B17,0.0016763647151898746
TMPRSS11E,0.0016763647151898746
UGT2A3,0.0016763647151898746
UGT2B10,0.0016763647151898746
UGT2B15,0.0016763647151898746
ZBTB43,0.0016758777090602642
ZBTB34,0.0016758777090602642
FAM102A,0.0016751081995513236
RNA5SP296,0.0016738663984919233
MIR4718,0.0016733299263568951
ZPBP,0.0016729317114692853
ZNF675,0.0016728406140109832
NXT1,0.0016723413602789754
LINC00358,0.001672219913882765
DDX6,0.001671701247366072
TFCP2,0.0016716392430168889
ARPC3,0.0016713751438434986
GPN3,0.0016713751438434986
KCNV2,0.0016712722158291771
PTGES2,0.001671057078062469
ASTN2,0.0016704660020163554
AHCY,0.0016700762231201547
CYP2F1,0.001669964455808595
SPIN1,0.001669483837908207
UNK,0.001668025736065455
HYOU1,0.001667938129002157
FOXR1,0.001667938129002157
RN7SL529P,0.001667938129002157
SLC37A4,0.001667938129002157
TRAPPC4,0.001667938129002157
MIR3656,0.001667938129002157
RPS25,0.001667938129002157
CCDC84,0.001667938129002157
VPS11,0.001667938129002157
snoU13|ENSG00000238418.1,0.0016677275796983474
U6|ENSG00000271932.1,0.001666825889658468
snoU13|ENSG00000238687.1,0.0016662067019919578
RN7SL416P,0.0016661988891932095
AGFG2,0.0016661988891932095
SNORA26|ENSG00000212224.1,0.0016636581190709277
SIRT6,0.0016635799527222777
RN7SL84P,0.0016635799527222777
EXOC7,0.001663401963670365
MIR4492,0.001663385473542816
CXCR5,0.001663385473542816
BCL9L,0.001663385473542816
UPK2,0.001663385473542816
RN7SL688P,0.001663385473542816
MIR3960,0.0016632439100854595
FPGS,0.0016632439100854595
CDK9,0.0016632439100854595
GRIP1,0.0016631669036345838
NYAP1,0.0016628500919083898
C7orf61,0.0016628500919083898
TSC22D4,0.0016628500919083898
MEPCE,0.0016628500919083898
RN7SL161P,0.0016628500919083898
PPP1R35,0.0016628500919083898
ZACN,0.001662439176435954
GALR2,0.001662439176435954
UBAP1,0.0016620650112468588
NAT10,0.0016620391128893222
UBE2O,0.0016616233885358826
U6|ENSG00000271923.1,0.0016613785557986894
CDK20,0.0016613785557986894
SPATA31C1,0.0016613785557986894
SPATA31E1,0.0016613785557986894
TUSC1,0.0016603503388313526
ORC5,0.001660110049428983
SLC26A7,0.001659178523458714
LDLR,0.0016588861078006448
ACACB,0.0016587514384349834
LINC00348,0.0016586493472065728
KIAA0020,0.001658414524996803
WNT2,0.001658405735309484
MIR199A1,0.001658275583210717
C19orf38,0.001658275583210717
TMED1,0.001658275583210717
ZHX3,0.0016581718382435325
CAPRIN1,0.001658089883765051
snoU13|ENSG00000238736.1,0.0016579651362097097
C2orf62,0.0016579651362097097
TMBIM1,0.0016579651362097097
RN7SKP231,0.00165793712169226
PPP2R5E,0.0016574164232392111
LEMD3,0.0016571879531733877
C10orf25,0.0016570965493768119
RASSF4,0.0016570965493768119
RNA5SP232,0.0016569313738484988
INTS9,0.001656684837845328
HMBOX1,0.001656684837845328
FOCAD,0.0016563228305076984
MIR4651,0.0016556576342582692
SNORA14A,0.0016556576342582692
POR,0.0016556576342582692
DEPTOR,0.0016547587043191294
APTX,0.001654483988996918
SUN1,0.0016543477043580797
UBALD2,0.0016531403141179912
QRICH2,0.0016531403141179912
CXCR2,0.0016524610017012214
ZCWPW1,0.0016523293341653552
RELT,0.0016520432725716152
ALKBH2,0.0016519735327963185
RNA5SP372,0.0016519735327963185
UNG,0.0016519735327963185
USP30,0.0016519735327963185
SSH1,0.0016519735327963185
SVOP,0.0016519735327963185
DAO,0.0016519735327963185
MIR619,0.0016519735327963185
LINC00534,0.0016518830715780792
ZFP69B,0.001650959396831986
SMAP2,0.001650959396831986
RNA5SP255,0.0016498166453734055
C9orf9,0.0016496287835522552
ELP4,0.0016477674097563366
EBI3,0.0016477381043159941
ANKRD24,0.0016477381043159941
ZFP69,0.0016475755689285482
EXO5,0.0016475755689285482
ZNF684,0.0016475755689285482
YIPF2,0.001647526759740769
CARM1,0.001647526759740769
snoU13|ENSG00000239134.1,0.001647090085430248
COG6,0.0016470621037128368
LCN2,0.001646758492087085
C9orf16,0.001646758492087085
RND1,0.001646455115549874
DDX23,0.001646455115549874
MDH2,0.001646416314379638
snoU13|ENSG00000238935.1,0.001646416314379638
AP1M2,0.0016463670773758027
CDKN2D,0.0016463670773758027
MAP2K2,0.001645765022113768
SNORD112|ENSG00000252883.1,0.0016455357993869209
ARHGEF17,0.0016449942462600682
TRIQK,0.0016448805986638232
APOA1,0.0016435496357362954
APOC3,0.0016435496357362954
APOA4,0.0016435496357362954
RNF157,0.0016432146011186328
SRP68,0.0016428578849850197
SNORD112|ENSG00000251911.1,0.0016421895710220138
ACP2,0.0016420462257802737
DDB2,0.0016420462257802737
UNC5D,0.0016414959723820457
ZAN,0.0016411986774227238
EPO,0.0016411986774227238
NCOA6,0.001641189571148706
FAM168A,0.001640869342850631
RUFY4,0.0016407286730806836
TUBA3C,0.0016405546367104992
ZC3H7A,0.0016405125688856606
RNY4P6,0.0016397352487298202
STARD10,0.0016393183346953303
MIR4692,0.0016393183346953303
TDRD12,0.0016391685845799783
NAIF1,0.001638986038898911
C19orf52,0.0016388445857154074
TECRL,0.001638844496306257
RNA5SP24,0.0016383521378158428
MYO1H,0.0016380149597238207
FOXN4,0.0016380149597238207
ITCH,0.0016376992195185937
MIR4494,0.0016373404737241527
SNORA64|ENSG00000199566.1,0.0016373404737241527
NCBP1,0.0016372976155431308
TSTD2,0.0016372976155431308
PMPCB,0.001636172657889018
DNAJC2,0.001636172657889018
STYXL1,0.0016359878148361295
ISCU,0.001635966628308401
SNORA40|ENSG00000264043.2,0.001635966628308401
CORO1C,0.001635966628308401
SELPLG,0.001635966628308401
TMEM119,0.001635966628308401
ZFR2,0.0016358471862132058
SWI5,0.0016357084983978757
COQ4,0.0016357084983978757
SLC27A4,0.0016357084983978757
TRUB2,0.0016357084983978757
TRIB1,0.001635552594566586
RN7SKP75,0.0016348540327390812
DNM2,0.0016345849291835575
LINC00355,0.001634293567808586
UBE3B,0.0016341772151898745
KCTD10,0.0016341772151898745
MMAB,0.0016341772151898745
HOPX,0.0016330357142857119
WBP2,0.0016330339139688562
TRIM65,0.0016330339139688562
TRIM47,0.0016330339139688562
PIGU,0.001632865766893557
RNY1P5,0.0016323459612947973
LINC00402,0.0016323459612947973
MIR26B,0.001632084811087725
SLC11A1,0.001632084811087725
CTDSP1,0.001632084811087725
VIL1,0.001632084811087725
GPRC5B,0.0016316514671427564
UNC13D,0.0016312294566053535
NR1H3,0.0016308291240321503
TNRC6A,0.0016299538625340134
REXO1L1,0.0016294604699301667
REXO1L11P,0.0016294604699301667
REXO1L10P|ENSG00000270416.1,0.0016294604699301667
REXO1L10P|ENSG00000255940.1,0.0016294604699301667
PDE2A,0.0016288391166294088
SLC7A9,0.0016283858546516782
RN7SKP22,0.0016283858546516782
RNA5SP260,0.00162805137207798
KCTD1,0.0016279597190951268
POLR2J3,0.001627642542714109
SPDYE2,0.001627642542714109
ALKBH4,0.001627642542714109
LRWD1,0.001627642542714109
MIR4467,0.001627642542714109
MIR5090,0.001627642542714109
POLR2J2,0.001627642542714109
UPK3BL,0.001627642542714109
POLR2J,0.001627642542714109
RASA4B,0.001627642542714109
RASA4,0.001627642542714109
SPDYE2B,0.001627642542714109
KCNQ4,0.0016275158411620313
CITED4,0.0016275158411620313
TFR2,0.0016265554542194542
FSTL3,0.0016263544526066637
RN7SL5P,0.0016252618158637655
U3|ENSG00000212551.1,0.0016238631998775482
PSMC2,0.0016233873677493347
ACTL6B,0.0016229892392357042
SLC38A4,0.001622821166103534
GPHB5,0.0016228001370406457
THEGL,0.0016227509041591291
RN7SL592P,0.0016223654264160587
CXCR2P1,0.0016223324330645365
SNORA48|ENSG00000252824.1,0.0016212442504313076
HVCN1,0.001620230336373285
PDE4A,0.0016198825154717879
RNA5SP259,0.0016198343034894863
MIR4288,0.0016198343034894863
ZBTB7A,0.0016196288317828246
AK8,0.0016195772397689559
TMEM120A,0.0016195721934801532
FZD3,0.0016193908035356814
RN7SL477P,0.0016192065920818141
MEX3D,0.0016192065920818141
C2CD2L,0.0016184433814745876
DPAGT1,0.0016184433814745876
H2AFX,0.0016184433814745876
HINFP,0.0016184433814745876
HMBS,0.0016184433814745876
GIGYF1,0.0016180959292065365
GNB2,0.0016180959292065365
KDM4C,0.0016179429294401458
U3|ENSG00000265369.2,0.0016163875764978817
EXTL3,0.0016152391511903672
MIR548AS,0.0016152382856797038
SLC13A1,0.0016147947693038848
PCED1B,0.001614664154449424
AMIGO2,0.0016143063654699003
MIR4285,0.0016142784132461045
SH2B2,0.0016142784132461045
FBXL12,0.0016133091401333512
SNORA70|ENSG00000200237.1,0.0016133091401333512
FABP9,0.0016124575486261192
PMP2,0.0016124575486261192
SMARCA2,0.0016121033115969819
SCNN1B,0.0016120899215978277
C8orf56,0.0016119676675498042
BAALC,0.0016119676675498042
MIR3151,0.0016119676675498042
SCNN1G,0.0016116628706583133
CERCAM,0.0016115320567889912
ODF2,0.0016115320567889912
KANK2,0.0016114025136747011
SPC24,0.0016114025136747011
URM1,0.0016111167659428967
GLE1,0.0016107829046744686
ATP6V1C1,0.0016106828328917731
APOA5,0.0016105736448416028
ZNF259,0.0016105736448416028
BUD13,0.0016105736448416028
LHFPL3,0.0016105397622095798
SH2D3C,0.001610159968405324
FOXJ1,0.0016099257129993574
GLCCI1,0.001609758793599539
PTRH1,0.0016093945303752688
LRSAM1,0.0016093945303752688
SNORA65,0.0016093945303752688
FAM129B,0.0016093945303752688
RPL12,0.0016093945303752688
ZNF79,0.0016093945303752688
SLC2A8,0.0016093945303752688
STXBP1,0.0016093945303752688
MIR3911,0.0016093945303752688
TTC16,0.0016093945303752688
C9orf117,0.0016093945303752688
TOR2A,0.0016093945303752688
GLIS3,0.0016092830588342816
TMEM260,0.001609198466793403
SNORD37|ENSG00000206775.1,0.0016082478648772273
PIAS4,0.0016082478648772273
SNX29,0.001608170013658076
NAPEPLD,0.001607789765555956
NMRK2,0.0016076759569925237
RN7SL202P,0.0016076759569925237
DAPK3,0.0016076759569925237
EEF2,0.0016076759569925237
MIR637,0.0016076759569925237
ZNF32,0.0016067526366364917
ARAP1,0.0016059318534550275
KIF13B,0.0016051895654316404
FABP4,0.0016048248773626987
NDUFS7,0.0016043624850134782
GAMT,0.0016043624850134782
RNA5SP162,0.0016034075497287502
CST7,0.0016028529064499308
AASDH,0.001602655967450269
PAX6,0.0016026535203620444
POP7,0.001602402324392852
RCN1,0.0016005972442434385
SPTAN1,0.0016005146349308496
SNTG1,0.0015994143971359129
SLC25A25,0.001599085545842818
PLCG1,0.001598551498909962
ALOX5,0.0015982106679200648
ZMAT4,0.0015978449628622255
TAS2R16,0.0015977918148898193
snoU13|ENSG00000239055.1,0.0015976075990081888
RN7SL560P,0.0015976075990081888
ZER1,0.0015976075990081888
ZDHHC12,0.0015976075990081888
KCNK9,0.0015971678147207087
snoU13|ENSG00000239153.1,0.0015968131411784603
ORAI2,0.0015966901684846008
RHPN2,0.0015966683632822876
C19orf40,0.0015966683632822876
CEP89,0.0015966683632822876
NAV2,0.0015966182347987622
CPPED1,0.0015965424169342797
LINC00662,0.0015960618846694772
RNU6ATAC42P,0.0015960449804414264
THBD,0.0015958098794585254
SSTR4,0.0015958098794585254
CD93,0.0015958098794585254
PRKRIP1,0.0015955466078603573
MIR548O,0.0015955466078603573
RPSAP58,0.0015948946456313146
WDR34,0.001594309701112736
FABP12,0.0015940991160966443
ITGBL1,0.0015939472276698164
SMCR8,0.0015937359064812898
TFEC,0.001593668909551414
MIR4305,0.0015935426309039154
ANKS6,0.0015933765086841357
PHLDB1,0.0015931628138281782
LRP12,0.0015927748748896134
LINC00442,0.0015923944192444354
GP2,0.001592309630654249
CDC37,0.0015921062976649075
RN7SL212P,0.0015921026901287996
HSPB1,0.0015921026901287996
snoU13|ENSG00000238691.1,0.0015918516981393114
RNA5SP32,0.001591479886009674
CRYM,0.0015913645453538106
ANKS4B,0.0015913645453538106
C8orf17,0.0015911684915086027
FAM185A,0.00159095824733099
RN7SKP198,0.0015908114197940495
GGT7,0.0015901773976919199
C9orf106,0.0015900844535623078
ICA1,0.0015900060551887203
SRRM3,0.001589794030173106
TBC1D13,0.001589277353213009
CCBL1,0.001589277353213009
ENDOG,0.001589277353213009
C9orf114,0.001589277353213009
MIS18BP1,0.0015881327031065145
CREB3L3,0.0015878116897971594
RN7SL8P,0.0015870913772004927
PKN3,0.0015861911722194865
SET,0.0015861911722194865
HMGA1P4,0.0015861911722194865
PPAT,0.001586087251356237
KMT2E,0.0015858789682371454
MOSPD3,0.001585618807478037
PCOLCE,0.001585618807478037
FBXO24,0.001585618807478037
ANGPTL2,0.0015852628750341006
ACSS1,0.0015852549493396311
MIR548AW,0.0015848841796374854
snoU13|ENSG00000238408.1,0.0015842973474159494
PHF14,0.001583455990579925
MIR4698,0.0015833229940012644
APMAP,0.0015832916884044052
CEP164,0.0015824835555828967
UNC93B1,0.0015823426471446047
FAM86C2P,0.0015823426471446047
RN7SL59P,0.0015823426471446047
NDUFV1,0.0015823426471446047
GSTP1,0.0015823426471446047
DOC2GP,0.0015823426471446047
C11orf72,0.0015823426471446047
ALDH3B2,0.0015823426471446047
ACY3,0.0015823426471446047
NUDT8,0.0015823426471446047
TBX10,0.0015823426471446047
MIR1181,0.0015819190637179465
RN7SKP104,0.0015781727126579314
SGK2,0.0015781105977591878
KCNE3,0.0015776991092959663
ARFGAP2,0.001576834547749216
RN7SL772P,0.001576834547749216
PACSIN3,0.001576834547749216
RN7SL94P,0.001575550467303179
UBL5,0.001575550467303179
PIN1,0.001575550467303179
ATCAY,0.0015752869071221577
ZW10,0.001575003460633368
CLDN25,0.001575003460633368
ATF4P4,0.001575003460633368
RSU1P2,0.0015747127181964056
RNA5SP484,0.0015740336582763482
DCAF12,0.001573738063379528
YWHAG,0.0015730522268658151
RNA5SP346,0.0015722409959625287
JRKL,0.0015722409959625287
CEP164P1,0.0015715424885330393
IMMP1L,0.0015710440510949967
LINC00871,0.0015707658867152568
WSCD2,0.0015695409223202283
RNA5SP263,0.0015690968890622044
PTGES,0.0015688004299168803
PRRX2,0.0015688004299168803
CNGB3,0.0015684233064106289
ETV1,0.0015681321769341814
LINC00963,0.001568035523059
MIR1260B,0.0015677981747108335
CCDC82,0.0015677981747108335
CIZ1,0.001566420070762305
ALKBH5,0.0015662474925641566
RN7SL159P,0.0015662193595964407
SNORD22,0.0015661287818790795
KRI1,0.00156601204047937
MIR1238,0.00156601204047937
ATG4D,0.00156601204047937
OR13A1,0.0015658017147765768
SNORA30|ENSG00000202189.1,0.001565099049490472
ERBB4,0.0015648542574920943
MPZL3,0.0015642267919672268
MPZL2,0.0015642267919672268
CD3E,0.0015642267919672268
CD3D,0.0015642267919672268
SP7,0.0015628412757508093
AAAS,0.0015628412757508093
C12orf10,0.0015628412757508093
PFDN5,0.0015628412757508093
ESPL1,0.0015628412757508093
TMEM252,0.001562780843849608
LYRM1,0.001562419914325081
RN7SKP129,0.0015622492674568587
RPA3,0.0015611018659973828
LRRC18,0.0015608075628905614
CAV1,0.0015604491793187766
FEZF1,0.0015600512145727418
TOP3A,0.0015599806322196866
TREH,0.0015598587036211042
ASB6,0.001559794141990248
AGPAT6,0.00155964948951753
HS3ST2,0.001558673709472498
IFT46,0.0015586128756068906
ARCN1,0.0015586128756068906
PEX2,0.001558282686360848
PRPF40B,0.0015582790331207332
MIR4691,0.0015582220148165416
TCIRG1,0.0015582220148165416
NDUFS8,0.0015582220148165416
FAM186A,0.0015571385234825303
LINC00448,0.001556551817221861
MIR548A3,0.0015563671376704975
RAB1B,0.0015563366753452708
KLC2,0.0015563366753452708
CNIH2,0.0015563366753452708
ZNF277,0.0015558255950046448
MSMB,0.0015522404121658905
snoU13|ENSG00000238625.1,0.0015517377506395755
ZNF22,0.001551383328741147
FAM122A,0.0015503886467740135
TSRM,0.0015502580161425503
TMEM25,0.0015495998482448158
TTC36,0.0015495998482448158
TOP1MT,0.0015495516276923967
GSPT1,0.0015492927785987155
RSL1D1,0.0015492927785987155
DNAJC3,0.001549189017002966
DZIP1,0.001549189017002966
snR65|ENSG00000251901.1,0.001549189017002966
DOLPP1,0.0015487088764498888
LRCH4,0.0015481608439195027
SAP25,0.0015481608439195027
PRSS57,0.0015480156922016888
MUC12,0.0015478163639289905
CADM1,0.0015473337742436578
RNU4ATAC3P,0.0015472111642885883
SNORA2B,0.0015466995044956238
SNORA2A,0.0015466995044956238
SNORA34,0.0015466995044956238
C14orf28,0.0015466699251837082
ZNF681,0.0015460732573204052
LINC00161,0.0015454825835016985
EPHB4,0.0015454614761249953
RN7SL750P,0.0015454614761249953
SRRT,0.0015443376807461099
SLC12A9,0.0015443376807461099
ACHE,0.0015443376807461099
TRIP6,0.0015443376807461099
UFSP1,0.0015443376807461099
POLD4,0.0015443271953017152
PLK5,0.0015441394869720728
ADAMTSL5,0.0015441394869720728
FAM189A2,0.0015438152682315718
SIX1,0.0015432153243565808
RNA5SP276,0.0015418045609508332
RN7SKP239,0.001541642293923582
CLCF1,0.001541642293923582
SULT1E1,0.0015415122061482823
PAICS,0.001541229656419527
SRP72,0.001541229656419527
RNA5SP262,0.0015412072265294304
MADD,0.0015411702868100869
CDK8,0.0015411701101629574
KMT2A,0.0015410943804440873
ARL9,0.001540924502712476
FANCM,0.001540893639126115
LLGL1,0.0015406156187314111
FLII,0.0015406156187314111
SMCR7,0.0015406156187314111
AP3D1,0.001540536810080575
IZUMO4,0.001540536810080575
PPFIA2,0.0015403581439360104
PDGFRA,0.0015403141952983722
RN7SL252P,0.0015399922998474633
C11orf84,0.0015391971638456991
PAG1,0.001538326300984528
RPAP3,0.0015381203959916076
RNY3P9,0.0015380793510613939
LINC00332,0.0015380793510613939
LINC00459,0.001538079220445833
SULT1B1,0.0015370987793851723
WDR5,0.0015368604719551968
ATL3,0.0015366688523132642
RHOJ,0.001536644848353711
UMOD,0.0015361973847168395
NPFF,0.0015357046827169719
TARBP2,0.0015357046827169719
MAP3K12,0.0015357046827169719
RXRA,0.001534393522542363
GFI1B,0.001533877542545902
ACN9,0.001533720496218987
DLX6,0.0015325449004123368
DLX5,0.0015325449004123368
LHFP,0.0015317294203015413
RN7SL596P,0.0015305842344494945
GPX4,0.0015300730154143678
TSC1,0.0015299834124189323
RN7SL192P,0.0015299282550013129
IMPA1,0.0015295015608383946
FSCB,0.001529361711563139
LITAF,0.0015293510353766677
KCMF1,0.0015289594660488348
PCDH20,0.0015286841318276495
GPR139,0.001528117778885795
OLFM2,0.0015280396307656868
SNORD127,0.0015272422396692645
PRPF39,0.0015272422396692645
LRRC8A,0.0015266834815422065
FAM73B,0.0015266834815422065
SH3GLB2,0.0015266834815422065
NUP188,0.0015266834815422065
DOLK,0.0015266834815422065
PHYHD1,0.0015266834815422065
ACSS2,0.001525528899484147
ZNF767,0.0015252839987017202
RN7SL478P,0.0015251739147046437
MIR4665,0.0015243644527688706
RANBP6,0.0015243644527688706
ERMP1,0.0015243024330341896
C16orf52,0.001523952490753003
RRN3P3,0.001523952490753003
RRN3P1,0.001523952490753003
VWA3A,0.001523952490753003
snoU13|ENSG00000238954.1,0.001523952490753003
snoU13|ENSG00000239172.1,0.001523952490753003
IGSF6,0.001523952490753003
EEF2K,0.001523952490753003
UQCRC2,0.001523952490753003
METTL9,0.001523952490753003
SCARNA6|ENSG00000252798.1,0.001523952490753003
NPIPB3,0.001523952490753003
NPIPB4,0.001523952490753003
NPIPB5,0.001523952490753003
OTOA,0.001523952490753003
PDZD9,0.001523952490753003
POLR3E,0.001523952490753003
RN7SL245P,0.001523952490753003
SMG1P1,0.001523952490753003
CDR2,0.001523952490753003
SDR42E2,0.001523952490753003
snoU13|ENSG00000238712.1,0.001523952490753003
RNU6ATAC,0.001523731726603191
SP1,0.001523449780756187
AMHR2,0.001523449780756187
PRR13,0.001523449780756187
ZFAND1,0.001523246772552115
SLC10A5,0.001523246772552115
RTN3,0.0015224936375457026
C11orf95,0.0015224936375457026
RNA5SP316,0.0015224068120367519
TIMM23B,0.0015224068120367519
AGAP7,0.0015224068120367519
FAM25D,0.0015224068120367519
SNORA74|ENSG00000223182.1,0.0015224068120367519
AGAP8,0.0015224068120367519
FAM21D,0.0015224068120367519
WFDC11,0.0015222734127363303
FKBP3,0.0015222656155376168
PLA2G16,0.00152185461375179
HRASLS2,0.00152185461375179
WASF3,0.001521113176504352
PPP1R9A,0.001520486226425628
ZNF704,0.0015203337792871596
ZBTB10,0.0015202079974386232
CRAT,0.0015201798119505888
SLC38A2,0.0015187824787274253
SLC38A1,0.0015187824787274253
PPP2R4,0.0015181322151310325
MTRNR2L7,0.0015175718599065402
CALML5,0.0015171892980437279
TMC1,0.0015168310781318213
TMSB10,0.0015164973832902412
TRABD2A,0.0015164973832902412
SND1,0.0015164155511786343
C19orf25,0.0015160423921080405
REEP6,0.0015160423921080405
PCSK4,0.0015160423921080405
HM13,0.0015160045571910323
UBE4A,0.0015156241188202038
RN7SL86P,0.001515352395014635
ATP5L,0.001515352395014635
KLHL28,0.0015151743214045685
PWP1,0.0015151515151515147
SMARCA4,0.0015150236542641612
TTLL9,0.0015142727100973844
RNA5SP241,0.0015141283414493972
RNA5SP240,0.0015141283414493972
ING3,0.0015141283414493972
PIP5K1B,0.0015139279201714178
CHRAC1,0.0015129880185600487
RN7SL13P,0.001512747867028355
RN7SL308P,0.0015123980881159035
WFDC10B,0.0015120786995301472
PCBP2,0.0015120428973277105
DCAF4L2,0.001511940641235399
ACA64|ENSG00000238685.1,0.0015117638965327453
LMO7,0.0015116998710094556
GPR12,0.0015114484710342484
PON2,0.001510746415167536
PON3,0.00151073172021995
PON1,0.0015105289299433026
snoU13|ENSG00000238654.1,0.0015099820762966758
snoU13|ENSG00000238384.1,0.0015099734609246612
MAN1A2,0.001509328977814073
MYO15A,0.001508345515761101
LINC00415,0.001507203476090198
ADAMTS8,0.0015070856874864482
ADAMTS15,0.0015070856874864482
CDH22,0.0015070260699216415
LINC00972,0.0015065327770313291
GNA12,0.0015061256781193496
TJP2,0.0015059113347803503
TRPS1,0.0015058292313827899
IMPA1P,0.0015058231278515322
LINC00536,0.0015055812127218007
RN7SKP54,0.001505298497558992
MUC17,0.001505298497558992
RN7SKP130,0.0015049389692585902
GCC1,0.0015045805831509723
ARF5,0.0015045805831509723
FSCN3,0.0015045805831509723
PAX4,0.0015045805831509723
FIP1L1,0.0015044920795340996
KCNH3,0.0015042932153969133
MCRS1,0.0015042932153969133
GARNL3,0.0015042689456091127
SCIN,0.0015040692309910353
ZP2,0.0015038966658048427
TMEM159,0.0015038966658048427
SBNO2,0.0015033948319130765
RN7SL549P,0.0015032993841714258
NET1,0.001502537810290974
MLANA,0.0015022048015678575
GPHN,0.0015021097046413513
TTYH3,0.0015014894524179934
TRIM56,0.0015010066157099813
DCUN1D3,0.0014998203936328193
FUT4,0.0014996749155181683
CHMP4C,0.0014991709832710143
ZBTB1,0.0014986097283458991
AKAP5,0.0014986097283458991
ZBTB25,0.0014986097283458991
ZNF800,0.0014985937272788523
RAD9A,0.0014984498935398578
PPP1CA,0.0014984498935398578
LINC00028,0.001498228077105844
DSCAML1,0.0014979569445939772
HEPN1,0.0014971674074985514
HEPACAM,0.0014971674074985514
ROBO4,0.0014971674074985514
KIAA2026,0.0014967222570221833
PIWIL4,0.0014966809275743878
ERI2,0.0014964373602689262
KBTBD4,0.0014961795688739647
PTPMT1,0.0014961795688739647
NDUFS3,0.0014961795688739647
FAM180B,0.0014961795688739647
C1QTNF4,0.0014961795688739647
ANKRD49,0.0014960147050560666
GPR83,0.0014960147050560666
MRE11A,0.0014960147050560666
MIR548L,0.0014960147050560666
PDZD3,0.0014950448856965613
CCDC153,0.0014950448856965613
MTCH2,0.0014944430092712208
FXYD2,0.0014938298188678855
FXYD6,0.0014938298188678855
IL10RA,0.0014938298188678855
TMPRSS13,0.0014938298188678855
SNORD37|ENSG00000212377.1,0.0014935515938763358
SNORA68|ENSG00000251715.1,0.0014935515938763358
SOWAHB,0.001493412315033556
LINC00900,0.0014933222593065403
MYLK2,0.0014933016161997846
FOXS1,0.0014933016161997846
DUSP15,0.0014933016161997846
AMOTL1,0.0014930447974442736
IQCE,0.0014929254539653295
SRCRB4D,0.0014927719898026857
LINC00657,0.001491895267961376
SHFM1,0.0014918310786385383
SMCR2,0.0014908929930137636
PPP1CC,0.0014908630194838525
SNORA64|ENSG00000199470.1,0.001490214382514924
AMICA1,0.0014898564990694758
SCN4B,0.0014898564990694758
TMPRSS4,0.0014898564990694758
SCN2B,0.0014898564990694758
SLC35C2,0.0014893648282097642
APBA1,0.0014886888552454003
SPATS2,0.0014879255114188597
PDK4,0.0014879104666233624
ARL4A,0.0014875400074969027
SEMA3D,0.0014866501661834413
U3|ENSG00000253014.1,0.0014863457562156424
ASB4,0.0014863234122843838
TROAP,0.001486079400042558
C1QL4,0.001486079400042558
DNAJC22,0.001486079400042558
RN7SL107P,0.0014859038569288608
LINC00238,0.001485804572829888
UCHL3,0.0014855421726493838
RN7SL246P,0.0014854022264230186
TOP1,0.001483538645585787
ROBO3,0.0014835196948490383
LINC00494,0.0014829186672486532
IER5L,0.0014824287165647427
TCF7L1,0.0014807448934437094
MRPL13,0.0014803918802237062
CELF1,0.0014801839460185304
RN7SL652P,0.0014799732564737887
HECW1,0.0014788761910464357
PRDM4,0.0014784097758781297
ASCL4,0.0014784097758781297
RN7SL10P,0.0014781574502951344
ANKRD30A,0.00147711556493202
CTHRC1,0.0014768239132568008
FXN,0.0014767100132536848
DAZAP1,0.0014763930054285661
UGGT2,0.0014761326607344266
CABP2,0.0014757539951800462
MIR4701,0.001475214292007738
ADCY6,0.001475214292007738
SLC46A3,0.0014747018992347664
PAN3,0.0014743648359569752
CNN2,0.0014727553594647785
ABCA7,0.0014727553594647785
NXPE2,0.0014726558694905414
MIR204,0.0014723423155248736
DGKB,0.0014717225472078246
CARD11,0.0014717111211573243
MIR592,0.0014707449166699174
SNORD58,0.0014706502986243622
POMP,0.0014704368807296581
ABCG4,0.0014700668030412558
NLRX1,0.0014700668030412558
DAOA,0.0014697504197400445
LINC00343,0.0014697504197400445
LINC00344,0.0014697504197400445
PDRG1,0.0014695910550813274
XKR7,0.0014695910550813274
MIR5708,0.001469109121470961
SESN3,0.0014690447332300531
GNLY,0.001468772251940515
CMKLR1,0.0014686122556238142
CACNB3,0.0014684299517921664
RNA5SP117,0.0014682294920269582
PELI2,0.0014677671133367324
GLDC,0.001467591587643189
RN7SL123P,0.001467591587643189
TPD52L3,0.001467591587643189
C9orf38,0.001467591587643189
UHRF2,0.001467591587643189
snoU13|ENSG00000252110.1,0.001467591587643189
RN7SL25P,0.001467591587643189
DEFB115,0.0014675901276128005
CNBD1,0.0014668388110808605
LINC00906,0.0014665619190935633
ACA59|ENSG00000252870.1,0.00146605759519305
MIR4648,0.0014660531910988608
LFNG,0.0014660531910988608
SLC25A13,0.0014655623903389505
ACSM3,0.0014653574166706863
NELL2,0.0014640733372953355
BRAT1,0.0014629246351194503
snoU13|ENSG00000238857.1,0.0014629246351194503
DBX2,0.0014620306544770008
SNORA20|ENSG00000206649.1,0.0014616651229803438
DNAJC24,0.0014605971864828744
FOLR4,0.0014604079208238683
AMZ1,0.0014601209312839064
SNTB1,0.0014598667020322023
KEAP1,0.0014592490724351984
DCAF13,0.0014591060739868578
KANSL2,0.001458989775239887
RPL7,0.0014587092495397518
RDH10,0.0014587092495397518
PGM2L1,0.0014586814548977923
MIR548AL,0.0014586814548977923
MOB3A,0.0014582899602597205
FBXO34,0.0014582856380791487
SNORA9|ENSG00000199282.1,0.0014577824905560354
RN7SL570P,0.0014577809164034565
PTAR1,0.0014566103810044354
MTBP,0.0014565765786102474
IL33,0.0014562171683029544
RAI1,0.0014558622120771935
FAM179B,0.00145582539558644
USP31,0.001455241776531907
MUC3A,0.001454018980282755
NCOA4,0.0014533232892559767
SLC25A32,0.0014526972328525235
CD3G,0.001451092278429742
THUMPD1,0.0014510746894418254
CHKA,0.0014507204106632419
TMEM106B,0.0014504075816820208
CNTFR,0.0014503682155305704
TWF1,0.0014502478621224737
PUS7L,0.0014502478621224737
IRAK4,0.0014502478621224737
RNF6,0.0014485945128768182
ENDOD1,0.0014485724376520073
SCARNA15|ENSG00000252193.1,0.0014484367575242306
ZCRB1,0.0014484223199505036
SNORA74|ENSG00000252917.1,0.0014484223199505036
FEZ1,0.0014482219617037917
CKAP4,0.001448207207700879
TCP11L2,0.001448207207700879
MIR591,0.001447710968014975
TSPAN12,0.0014461410678095617
CARNS1,0.0014456058868948726
TBC1D10C,0.0014456058868948726
BORA,0.0014455431108754706
DIS3,0.0014455431108754706
MYBPC3,0.001445449478277697
POLR3B,0.0014453668694175028
PALM,0.001444771674020072
ZP3,0.001444661882377214
RPP25L,0.00144445186644846
DCTN3,0.0014442793048551035
ARID3C,0.0014442793048551035
IL11RA,0.0014442793048551035
SIGMAR1,0.0014442793048551035
GALT,0.0014442793048551035
PPP1R36,0.0014437419997155457
HSPA2,0.0014437419997155457
SRSF8,0.001443623929428574
MIR4299,0.0014416673385471278
RN7SKP228,0.001441509760387534
DCDC1,0.00144032666746759
CLMP,0.0014391660461653035
CWC15,0.0014374714046057637
PSMC3,0.001437247478029327
RFX4,0.0014366905949184437
CCNT1,0.0014361487436173933
snoZ185,0.001435764364392064
CAV2,0.001435764364392064
PRMT3,0.0014356346853881409
MAMDC2,0.0014348925961217547
PRKACG,0.001434761999197072
SNX16,0.001434127474186135
DNAH3,0.001433879203230568
RPS15,0.0014336849156644771
AAR2,0.0014334716500636678
STAU1,0.0014321984577331571
UHRF1,0.0014321517310385092
SOX6,0.001431896776719297
EI24,0.001431547133225499
SNORA25|ENSG00000251735.1,0.0014310089327847293
snoU13|ENSG00000239089.1,0.0014307063141337738
S1PR5,0.0014306222811643707
PLEKHG3,0.0014301557388707157
LARP4,0.001428978792642234
MIR4487,0.0014289010763681325
DTX2,0.001428525957471893
POMZP3,0.001428525957471893
UPK3B,0.001428525957471893
snoU13|ENSG00000238501.1,0.0014283800025572152
RNA5SP360,0.0014283387566655875
COL14A1,0.0014278006964000543
LINC00681,0.0014271796862425803
ANO6,0.0014271174814353962
SPI1,0.0014271047227926085
HMHA1,0.0014267011924739691
POLR2E,0.0014267011924739691
CCDC146,0.0014266338544966935
MTHFD1,0.00142646849665766
RNA5SP278,0.0014256078552217074
MIR151A,0.0014256078552217074
PTK2,0.0014256078552217074
TUBA1A,0.0014253590140269965
NRGN,0.0014247555767465917
VSIG2,0.0014247555767465917
ESAM,0.0014247555767465917
MSANTD2,0.0014247555767465917
ARRDC5,0.0014245780590717294
TUBA1C,0.0014245768609205255
KDM4B,0.0014243930115626156
MIR3617,0.0014242880276734446
CFD,0.001424033962725467
R3HDM4,0.001424033962725467
ELANE,0.001424033962725467
KISS1R,0.001424033962725467
MED16,0.001424033962725467
PRTN3,0.001424033962725467
ARID3A,0.001424033962725467
C11orf54,0.0014238058162028514
SLC18A3,0.00142350019001054
RN7SKP279,0.0014234841144111006
RN7SKP121,0.0014234841144111006
PGBD3,0.0014232768786557452
SLC39A13,0.0014220911057393794
RNA5SP486,0.0014218102016805298
SNORA7|ENSG00000201316.1,0.0014217211673699002
WFDC6,0.001421689402867388
DPYS,0.0014205157634446703
SYPL1,0.0014204798200321625
ACSM1,0.0014199947458435852
TBX15,0.0014198780081041693
MZT1,0.0014192299025780361
ZFPM2,0.0014192205563156029
MIR548H1,0.00141865666334803
CALML3,0.0014181598991725585
RAPSN,0.0014179675513696257
CCNI,0.0014178684343523372
TXNDC16,0.0014178444958090053
SCARNA9,0.0014175690102180875
TAGLN,0.0014174344145890016
RNF214,0.0014174344145890016
SIDT2,0.0014174344145890016
SCARNA11|ENSG00000252992.1,0.0014174344145890016
BACE1,0.0014174344145890016
PCSK7,0.0014174344145890016
THSD7A,0.0014170138295758405
SHMT1,0.0014169966106384443
SNORA25|ENSG00000207112.1,0.0014169429215864116
MIR1304,0.0014169429215864116
SNORA1|ENSG00000206834.1,0.0014169429215864116
SNORA32|ENSG00000206799.1,0.0014169429215864116
SNORA40|ENSG00000210825.1,0.0014169429215864116
SNORA8|ENSG00000207304.1,0.0014169429215864116
SNORD6,0.0014169429215864116
SNORD5|ENSG00000239195.1,0.0014169429215864116
SNORA18|ENSG00000207145.1,0.0014169429215864116
DCSTAMP,0.0014165166888503618
RN7SKP226,0.001416328761327179
RN7SL461P,0.0014160627322966682
CCDC65,0.0014155537490806286
FKBP11,0.0014155537490806286
CLDN10,0.001414588294272465
APC2,0.0014140055739176034
PRSS23,0.0014129766202376727
KDM4E,0.001412785050929901
KDM4D,0.001412785050929901
PRPH,0.001411498800890275
TAF1D,0.0014113322042333214
RBM7,0.0014108156328344896
REXO2,0.0014108156328344896
C11orf71,0.0014108156328344896
TICAM1,0.001409816845386869
PLIN3,0.001409816845386869
RNU6ATAC12P,0.0014093638145465648
SEPT11,0.0014092474407343414
TES,0.001409168814960597
DRG2,0.001407981767482339
CDC34,0.0014078916660183855
HCN2,0.0014078916660183855
ODF3L2,0.0014078916660183855
MADCAM1,0.0014078916660183855
TPGS1,0.0014078916660183855
GZMM,0.0014078916660183855
BSG,0.0014078916660183855
CARM1P1,0.0014078404296125812
SCAF11,0.0014060177762888865
ZMYND8,0.0014059486136226654
COMMD6,0.001405858347931365
GPR152,0.0014054378980198113
CABP4,0.0014054378980198113
CDK2AP2,0.0014054378980198113
CORO1B,0.0014054378980198113
TMEM134,0.0014054378980198113
PTPRCAP,0.0014054378980198113
PITPNM1,0.0014054378980198113
AIP,0.0014054378980198113
OTX2,0.0014051697373439922
RNA5SP462,0.0014048799190940343
SHC2,0.0014048799190940343
NTMT1,0.0014048200899844272
C9orf50,0.0014048200899844272
MAFB,0.0014032786110224679
FZD4,0.0014027818663526655
SOGA1,0.0014015908920680105
SLC45A4,0.0014015785954693274
RPS6KB2,0.001401395628424823
LINC00935,0.0014010480693790054
ERCC6,0.0014008047044258756
SMC5,0.0014005794633917478
MIR17HG,0.0014000299945536188
KIF24,0.00139994210836868
TXNDC11,0.0013996283251531997
NUDT2,0.0013989512708326368
RN7SKP114,0.0013986114271343551
SPINT3,0.0013982890620363375
PARG,0.0013981086643619102
BMP8B,0.0013968845541951986
CASC7,0.001396643590875982
RN7SL769P,0.0013965603631964918
ANAPC7,0.0013965603631964918
OXCT2,0.0013955592446565671
HTATIP2,0.0013949808492271245
HEYL,0.0013948260358303927
RNA5SP35,0.0013936382807528663
CPQ,0.0013929152896111265
MIR486,0.001392717243476112
snoU13|ENSG00000239086.1,0.0013924425259845385
CCL27,0.0013920321075893707
FAM205A,0.0013911999153891539
CCL19,0.0013911999153891539
CCL21,0.0013911999153891539
RNA5SP371,0.0013907428717555316
OCM2,0.0013907004493714928
SPTB,0.001390175650689803
MTERFD3,0.001389491661643561
CRY1,0.001389491661643561
C12orf23,0.001389491661643561
RIC8B,0.001389491661643561
RNY4P27,0.0013891151773405188
RNY3P8,0.0013891151773405188
DDHD1,0.0013878762306610388
CA1,0.0013870702336858858
U1|ENSG00000271739.1,0.0013865178437811507
DPP9,0.0013860054019188904
C14orf39,0.001385327886765174
NT5C1A,0.001385261119181019
HPCAL4,0.001385261119181019
HSD3B2,0.001384749663552495
SLC7A1,0.001384081936411843
RN7SL443P,0.0013838374296526567
SNORD36|ENSG00000252227.1,0.0013832043305332315
LINC00391,0.001382410479981907
RN7SL585P,0.001382410479981907
SOX21,0.001382410479981907
RNA5SP229,0.0013813990201937234
ITGB7,0.0013813704806817256
ZNF740,0.0013813704806817256
CSAD,0.0013813704806817256
RARG,0.00138134462645818
MFSD5,0.00138134462645818
RN7SL522P,0.001381043006208572
MIR5692A1,0.0013808372005537006
MIR5692C2,0.0013808372005537006
PREX1,0.0013804161210533954
TAC1,0.001380366962231041
ASNS,0.001380366962231041
ADCYAP1,0.0013799054110446545
VSTM5,0.001378045158649254
snoU13|ENSG00000238437.1,0.001378045158649254
MED17,0.001378045158649254
RN7SL195P,0.001378045158649254
TYK2,0.0013777672323745094
KIAA1161,0.001377734544604388
C9orf24,0.001377734544604388
DSN1,0.0013775956857164258
snoU13|ENSG00000238463.1,0.0013773890838450935
C20orf24,0.0013771852295708196
TGIF2,0.0013771852295708196
DNAI1,0.0013770081159613903
RN7SKP24,0.0013770081159613903
ENHO,0.0013770081159613903
snoU13|ENSG00000238679.1,0.0013760448074185852
SIX6,0.0013759308756535022
ZNF703,0.0013758293012062996
RNA5SP36,0.0013751847196731028
GID4,0.001375126236425259
ATPAF2,0.001375126236425259
LRRC48,0.001375126236425259
LRRC17,0.001375079413932238
PI15,0.0013738015187607438
SNN,0.0013736889507193417
PPIE,0.0013734910424016043
FBXL13,0.0013733796028315118
ARMC10,0.0013728035871096729
AP5M1,0.001372699209636931
EXOC5,0.001372699209636931
ICAM1,0.0013718651372722052
KIAA0754,0.0013717036729611954
FEM1A,0.001371613722486495
SCAND1,0.0013706725439735254
FGL2,0.0013704395750136326
TGDS,0.0013702662628887559
DCT,0.0013702662628887559
GPR180,0.0013702662628887554
CA13,0.0013701674002663052
C8orf59,0.0013701674002663052
C2CD4C,0.0013699654775604145
AREGB,0.0013697326926624457
FAM19A2,0.001369595271687756
PPP1R3A,0.0013689804239362762
PABPC4,0.0013688981116414195
SNORA55,0.0013688981116414195
PDILT,0.001368434315002763
RPL10L,0.0013684310238901375
IKZF4,0.0013681976027780864
RPS26,0.0013681976027780864
UBAP2,0.0013678317357469687
E2F5,0.0013677979800329097
IFT52,0.0013665962477600476
MYBL2,0.0013665962477600476
SLC16A7,0.0013665425332781648
CKAP5,0.0013658572289675388
ARFGEF2,0.001365522091275036
CNBD2,0.0013648519173732622
CCDC81,0.0013646677408859225
MYL9,0.0013630529548348455
TOX2,0.001362522828893506
MACF1,0.0013613834128795741
SIAE,0.0013611516987864683
SPA17,0.0013611516987864683
OR10P1,0.0013606304378219658
C9orf135,0.0013603082003302168
SLC36A4,0.0013602155854430397
CCDC67,0.0013602155854430397
LINC00557,0.001360181012132334
RN7SKP99,0.0013601562985106396
FAM219A,0.0013597018580987041
TIMM23,0.0013596524031800291
SNORA74|ENSG00000223111.1,0.0013596524031800291
SGMS1,0.0013596524031800291
RNA5SP317,0.0013596524031800291
RMRPP4,0.0013596524031800291
LINC00843,0.0013596524031800291
FAM21A,0.0013596524031800291
ASAH2,0.0013596524031800291
AGAP6,0.0013596524031800291
MIR4294,0.0013595941792544897
RAVER1,0.00135945294736485
ICAM3,0.00135945294736485
ENOSF1,0.0013591264431770803
CLUL1,0.0013591264431770803
RN7SKP146,0.0013591264431770803
C18orf56,0.0013591264431770803
TYMS,0.0013591264431770803
YES1,0.0013591264431770803
CETN1,0.0013591264431770803
SLC29A4,0.001358787296564192
TNRC18,0.001358787296564192
OPRK1,0.0013573517594969258
ATF7,0.0013573386253590892
AKR1C4,0.0013567749922292832
SMCR5,0.0013565054990661957
ACTR10,0.001355811905296422
RN7SL598P,0.001355811905296422
MIR3167,0.0013555334609543892
LIG4,0.0013554668639922762
RNA5SP39,0.0013554668639922762
ABHD13,0.0013554668639922762
MIR5681A,0.0013554537866053758
snoU13|ENSG00000238475.1,0.0013553363703963273
GUSBP2,0.0013543455106362202
ATP5G2,0.0013533239267913876
MIR1267,0.0013532471220543433
ATP6V1D,0.001352879656677126
MPP5,0.001352879656677126
SNORA25|ENSG00000202377.1,0.00135148818179508
BCL2L1,0.0013512643915062233
WBSCR17,0.0013510390281810589
RNF213,0.0013508137432188042
SLC26A11,0.0013508137432188042
MSR1,0.0013508072660123865
WFDC10A,0.0013507338041662763
WFDC9,0.0013507338041662763
ZNF558,0.0013506153776540984
MBD3L1,0.0013506153776540984
FOXP2,0.001350455068521813
MIR3666,0.0013503446211708377
DNAJB13,0.001349435466386486
UCP2,0.001349435466386486
UCP3,0.001349435466386486
ADAMTS10,0.0013453609122068752
MUC16,0.0013450541229937647
WARS2,0.0013447575518399492
LY96,0.0013444793203206292
TMEM70,0.0013444793203206292
TCEB1,0.0013444793203206292
RN7SL243P,0.0013440174804098854
COX4I2,0.001344010671613166
TJP3,0.0013431341642821347
HDAC9,0.001343125565099457
GDF11,0.0013424443177785183
CD63,0.0013424443177785183
GTSF1L,0.0013416061235823175
ALDH3B1,0.0013411654902875782
LACTB2,0.001341000862029854
RDH5,0.0013405998946043893
BLOC1S1,0.0013405998946043893
ITGA7,0.0013405998946043893
METTL7B,0.0013405998946043893
ACSM2B,0.0013397080190221907
ACSM2A,0.0013397080190221907
PANX1,0.0013394162927526224
HEPHL1,0.0013394162927526224
RN7SKP271,0.0013393889670260998
C12orf61,0.0013388604461006769
MIRLET7I,0.0013388604461006769
ZGLP1,0.0013387405119851615
ICAM5,0.0013387405119851615
FDX1L,0.0013387405119851615
WDFY4,0.0013387095599481425
HOXA7,0.001338663683924733
HOXA9,0.001338663683924733
HOXA10,0.001338663683924733
MIR196B,0.001338663683924733
HOXA11,0.001338663683924733
HOXA13,0.001338663683924733
HOTTIP,0.001338663683924733
NCAM1,0.0013382845529475228
FAM71D,0.0013382334379169836
SNORD112|ENSG00000252434.1,0.0013376547687431036
ZNF248,0.0013368899168502517
MRPL4,0.0013367297881245709
LINC00676,0.0013366407190768107
GSS,0.0013364457988227357
OR2Z1,0.0013361500435515425
ACTL9,0.0013361500435515425
RNA5SP312,0.0013358371783316993
FAM25G,0.0013358371783316993
RN7SL248P,0.0013358371783316993
ANXA8,0.0013358371783316993
GPRIN2,0.0013358371783316993
LINC00842,0.0013358371783316993
NPY4R,0.0013358371783316993
FAM25E,0.0013358371783316993
FAM35BP,0.0013358371783316993
RN7SL453P,0.0013358371783316993
RBP3,0.0013358371783316993
ANTXRLP1,0.0013358371783316993
PTPN20A,0.0013358371783316993
AGAP10,0.0013358371783316993
AGAP4,0.0013358371783316993
FAM25B,0.0013358371783316993
ASAH2C,0.0013358371783316993
RNA5SP311,0.0013358371783316993
BMS1P1,0.0013358371783316993
ANTXRL,0.0013358371783316993
ANXA8L1,0.0013358371783316993
FAM21C,0.0013358371783316993
FAM21B,0.0013358371783316993
C10orf43,0.0013358371783316993
ZFAND4,0.0013358371783316993
RNA5SP310,0.0013358371783316993
ANXA8L2,0.0013358371783316993
ZNF488,0.0013358371783316993
SYT15,0.0013358371783316993
RNA5SP313,0.0013358371783316993
BMS1P2,0.0013358371783316993
AGAP9,0.0013358371783316993
CHEK1,0.0013352130232834227
ACRV1,0.0013352130232834227
STT3A,0.0013352130232834227
MIR4747,0.0013341160740681021
ICAM4,0.0013338961097725168
OR10A2,0.0013335989998437233
PIP5K1C,0.0013335758281196953
PLTP,0.00133252647375516
C10orf71,0.0013321728743936694
KIAA1731,0.0013321681128243806
BTC,0.001332027395415163
PTGER2,0.0013311570162469148
PCIF1,0.001331110583567194
HOXA5,0.0013306974218574713
SIX4,0.001330601644056682
C11orf49,0.0013304285427251064
RNF169,0.0013300172890156395
CSE1L,0.0013293515689412662
RN7SL223P,0.0013285395873904602
BBS9,0.001328410866709914
SBSPON,0.0013278332361382691
TERF1,0.0013278332361382691
KLF12,0.0013277872975512688
TRAM1,0.0013270240687809085
snoU13|ENSG00000238450.1,0.0013270240687809085
PATE2,0.0013267791512705214
PATE3,0.0013267791512705214
JPH1,0.0013263009845288316
SLA2,0.0013261208898209885
NDRG3,0.0013261208898209885
DENND3,0.0013260286934940995
PATE1,0.0013258096269804756
HOXA6,0.0013257615909113068
HNF4G,0.0013235419084581122
GDAP1,0.0013233965672990052
GDPD5,0.0013233796412112323
MIR4322,0.0013233334464542287
S1PR2,0.0013233334464542287
DNMT1,0.0013233334464542287
CHRNB3,0.0013204007079981178
CUX2,0.0013200641718357994
MAPK8,0.0013199639489366289
NSMCE1,0.0013195827287737004
EVX1,0.0013193170474756699
SNORD43|ENSG00000212277.1,0.001318454217463575
MIR4696,0.001318454217463575
SS18,0.0013184117439465094
RIMS2,0.001318319566616605
STK11,0.0013179835084526107
RN7SKP297,0.0013177398642450946
CHRDL2,0.0013177398642450946
DYNC1I1,0.0013176283111338272
CRISPLD1,0.0013171932352234916
PTPRT,0.0013166373024693036
MISP,0.0013164778938839846
ZNF334,0.0013164104882459316
AZU1,0.001316378004317449
CGRRF1,0.00131612339840188
C16orf82,0.0013159003352178902
MARCH8,0.0013158227848101272
UBE2W,0.0013157152985031962
RNA5SP238,0.0013139285684032795
RNA5SP485,0.0013137553307841642
RN7SL222P,0.00131319580273339
TRAPPC9,0.0013129943275997527
BMP8A,0.0013126527048315853
GRIFIN,0.001312437704182043
CHST12,0.001312437704182043
EFCAB10,0.0013120525885920494
SMAD7,0.0013117535391939095
ZNF408,0.0013117311059444906
snoU13|ENSG00000238595.1,0.001311562360093646
NAA30,0.0013112886200136618
C14orf105,0.0013112886200136618
ARID2,0.0013110395090141927
CREB3L1,0.0013103676913803497
BMPER,0.0013099486553810181
HAO2,0.001309860269478117
ANKRD26P1,0.0013096126497796413
SERINC3,0.001309422393212307
SREBF1,0.0013091817112817299
MIR33B,0.0013091817112817299
RNA5SP456,0.001308624063076682
GPC5,0.0013086203810254392
ARHGAP1,0.0013071213295444794
ATG13,0.0013071213295444794
RPL41,0.0013069766945649085
ZC3H10,0.0013069766945649085
PA2G4,0.0013069766945649085
ESYT1,0.0013069766945649085
NDUFA4,0.0013069692338744522
ZNF519,0.0013065284180835746
SNORD56|ENSG00000201151.1,0.0013058974058446642
OSER1,0.001305374737360379
RPS3,0.001305265088974501
KLHL35,0.001305265088974501
SNORD15B,0.001305265088974501
SNORD15A,0.001305265088974501
snoU13|ENSG00000238566.1,0.0013051871405894747
C7orf71,0.0013049069045164086
U8|ENSG00000251909.1,0.0013046120537197605
RN7SKP243,0.0013042588793827112
RNA5SP282,0.001304020935326895
DLGAP4,0.0013035188375402611
MIR548AH,0.0013025310579081616
MIR4450,0.0013025310579081616
KDM8,0.0013017011057187152
C7orf76,0.0013016343720701903
INHBA,0.0013015340533081767
TMEM198B,0.0013012271060301335
ORMDL2,0.0013012271060301335
DNAJC14,0.0013012271060301335
SARNP,0.0013012271060301335
ZBTB7C,0.0013008512452737148
PIBF1,0.001300396315196498
JPH2,0.0012997584001740432
IGKJ4,0.001299476590311424
IGKJ5,0.001299476590311424
RNA5SP100,0.001299476590311424
IGKJ3,0.001299476590311424
SLC9B1P2,0.001299476590311424
IGKC,0.001299476590311424
IGKJ1,0.001299476590311424
IGKJ2,0.001299476590311424
ZNF322,0.0012990447981600362
GCH1,0.0012987936817050755
CA2,0.0012987562724222723
C2CD3,0.001298677473691234
TOM1L2,0.0012980895068133067
RN7SKP266,0.0012980730108499094
snoU13|ENSG00000238395.1,0.001297652227770677
NCOA3,0.0012974080771549132
RNA5SP352,0.0012970556418577693
TBRG1,0.0012970556418577693
RAB21,0.0012959049209070154
WFDC2,0.0012958108302881792
C19orf66,0.0012957417087887568
STAU2,0.0012953443563971513
MAX,0.0012946415872564356
FNTB,0.0012946415872564356
MIR4706,0.0012946415872564356
PAAF1,0.0012945831457113804
CD40,0.0012944670063672649
DRGX,0.0012944531033779521
HARBI1,0.0012940325497287554
RNA5SP344,0.001293360128527987
CHMP1B,0.0012932435268074845
L3MBTL1,0.0012932403574761396
EPB41L1,0.00129307767208449
RNF133,0.0012920879722834817
RNF148,0.0012920879722834817
MIR5589,0.00129153670022033
C3P1,0.00129153670022033
SAMD4A,0.0012913826679649483
PROCR,0.0012912857477730896
SNORD67|ENSG00000252427.1,0.0012908493355147997
MIR5582,0.0012908493355147997
F2,0.0012908493355147997
SNORD67|ENSG00000212135.1,0.0012908493355147997
ZFC3H1,0.0012902123477746216
SENP1,0.0012897600216981674
PFKM,0.0012897600216981674
EED,0.0012892683947136046
SMARCC2,0.0012890855457227135
MYL6,0.0012890855457227135
MYL6B,0.0012890855457227135
RN7SL770P,0.0012890855457227135
SNORD50|ENSG00000199857.1,0.0012890265975576797
RN7SL239P,0.001288534769822607
FZD6,0.0012884131832008685
WFDC8,0.0012880107166778278
SYT16,0.001287652466348574
NFS1,0.001287040292754079
OR2AT4,0.0012868197661813517
TMEM215,0.001286517888434146
GRIN3B,0.0012861048443560336
TMEM259,0.0012861048443560336
WDR18,0.0012861048443560336
WDHD1,0.0012859654410287348
PLAT,0.0012858213646058817
UVRAG,0.0012851575746457397
ZNF423,0.0012841026680689089
CPNE1,0.0012822250872532193
RBM12,0.0012822250872532193
RN7SL806P,0.0012814765916150104
RNF170,0.0012814765916150104
SNX10,0.001281251469062715
ARRB1,0.0012812022258912753
TBX20,0.001281082241088354
MDFIC,0.0012810589653741123
IRS2,0.0012810272228623155
HOXA2,0.0012806855537527589
HOTAIRM1,0.0012806855537527589
HOXA4,0.0012806855537527589
HOXA1,0.0012806855537527589
SMUG1,0.0012806685412077576
SNORD105,0.0012791549660863192
PPAN,0.0012791549660863192
ANGPTL6,0.0012791549660863192
CBX3,0.001278471610656856
HNRNPA2B1,0.001278471610656856
snoU13|ENSG00000238849.1,0.0012782559489169613
RN7SKP10,0.0012781897199688939
MACC1,0.0012760523991757428
BZW2,0.001275997400542493
HOXA3,0.0012757497228065944
RBMS2,0.0012756449608076904
MIR548AO,0.001275551948140085
SNORA31|ENSG00000251802.1,0.0012752132194428821
PSMC6,0.0012749314543965616
STYX,0.0012749314543965616
GNPNAT1,0.0012749314543965616
RN7SL588P,0.0012749314543965616
GPR137C,0.0012747805282972468
AKR1CL1,0.0012741240527765565
AP3M2,0.001274070489470765
RN7SL609P,0.0012718796073691342
SLC12A5,0.0012717618930536572
MMP9,0.0012717618930536572
ZNF335,0.0012717618930536572
TPBGL,0.0012716932672904061
RB1,0.0012710864078718672
NAAA,0.0012708532810958167
PHF20,0.0012706738031984183
SRSF6,0.0012698990662338462
THAP2,0.0012693572613111635
TMEM117,0.0012691430340601374
LINC00484,0.0012689180122556684
TBPL2,0.0012685623097015526
DGKZ,0.0012684950773558376
CHRM4,0.0012684950773558376
MDK,0.0012684950773558376
MIR4688,0.0012684950773558376
ARF3,0.0012680776526148682
AUH,0.0012680055463613175
NFIL3,0.0012678683782856954
PTBP1,0.0012678538726630013
MIR3187,0.0012678538726630013
LPPR3,0.0012678538726630013
MIR4745,0.0012678538726630013
OR6C2,0.0012676564533301794
OR6C76,0.0012676564533301794
HSD3B1,0.001267396123864694
LRP1B,0.0012673136427566805
INSR,0.0012668373435888547
CHURC1,0.0012663241359692782
GPX2,0.0012663241359692782
RAB15,0.0012663241359692782
OR6C75,0.0012663013669165335
OR6C65,0.0012663013669165335
SLC35F4,0.0012662618754047156
LINC00643,0.0012657758392584312
LINC00644,0.0012657758392584312
HDAC7,0.0012656900566403017
SLC48A1,0.0012656900566403017
ERBB3,0.0012656787594616642
NUP54,0.001265538757953483
THEG,0.0012652691230431862
CTIF,0.001265150291634344
RAD9B,0.0012648972468699779
SNORD50|ENSG00000202335.1,0.0012648972468699779
VPS29,0.0012648972468699779
FAM216A,0.0012648972468699779
OR6C68,0.0012647957153458166
OR6C70,0.0012647957153458166
MIR326,0.0012642773358238428
TMEM19,0.0012640499628684546
KIAA0087,0.001264045806550688
SLC22A8,0.0012636074440279359
SLC22A6,0.0012636074440279359
RN7SL259P,0.0012636074440279359
HNF4A,0.00126336384819287
C20orf62,0.00126336384819287
R3HDML,0.0012632836965918417
MIR3646,0.0012632836965918417
MRPL48,0.0012628653068939278
CA3,0.001262854468174178
ACSM5,0.0012627185434191703
FITM2,0.001261815204758717
SOSTDC1,0.0012616212703435799
PARM1,0.0012613427735661787
KCND2,0.0012613130901724552
KCNH5,0.00126109758306333
SNX21,0.0012609010826896815
MIR4308,0.0012606180739092158
GLS2,0.0012602825904974495
EMR1,0.0012601602611580502
EMR4P,0.0012601602611580502
ZNF557,0.0012601602611580502
MBD3L5,0.0012601602611580502
MBD3L2,0.0012601602611580502
MBD3L3,0.0012601602611580502
MBD3L4,0.0012601602611580502
RNU6ATAC9P,0.0012596907312097212
GNAL,0.0012596310996964746
OR8B12,0.0012593988238973394
OR8A1,0.0012593988238973394
RN7SKP33,0.0012592563291139232
LRP4,0.0012587760842733766
KANK3,0.0012582149914335454
LLPH,0.0012577875619152448
TMBIM4,0.0012577875619152448
LINC00349,0.0012577414970442295
LINC00388,0.0012577414970442295
LINC00387,0.0012577414970442295
MTUS2,0.001257466285329069
GDF2,0.0012574476385208337
OR9K2,0.001257218499214035
FGF14,0.0012572034098857268
ANGPTL4,0.0012559812671802347
MIR4999,0.0012559812671802347
XKR9,0.0012552373984846437
PCNXL4,0.0012551187654445493
DHRS7,0.0012551187654445493
NAMPT,0.0012550507260904067
RN7SL83P,0.001254871613119297
SPRYD4,0.0012547322493087433
SDAD1,0.0012547106000579766
CXCL9,0.001254373867186699
CXCL10,0.001254373867186699
HOXC13,0.001253920802330655
HOTAIR,0.001253920802330655
HOXC12,0.001253920802330655
GDAP1L1,0.0012533248601640824
WIBG,0.0012527021068367338
MNAT1,0.001252550977524498
TRMT5,0.001252550977524498
GSAP,0.0012525250143676043
MTNR1B,0.0012523810248296033
OR2AP1,0.0012522073927492103
CDKL2,0.00125182055358884
LRRC72,0.0012515624999999983
ID1,0.0012514126719681236
MIR3193,0.0012514126719681236
MIR1200,0.0012512201387105042
EPPIN,0.0012511806150219996
RNF41,0.0012509561682856171
NABP2,0.0012509561682856171
SLC39A5,0.0012509561682856171
ANKRD52,0.0012509561682856171
COQ10A,0.0012509561682856171
CS,0.0012509561682856171
RN7SKP205,0.0012508086416105515
SULF2,0.0012497954165319434
MOGAT2,0.0012496372642217442
OR6C4,0.0012495187292300728
RN7SL786P,0.0012490813473202027
RN7SL365P,0.0012487583482413659
TAX1BP1,0.0012487583482413659
MC2R,0.0012487136158022224
SLC13A3,0.0012471368294153097
OCSTAMP,0.0012471368294153097
SCARB2,0.00124701344936709
MIR4708,0.001246675437348882
ANKMY2,0.0012463748869801074
C7orf60,0.0012461392090025289
PTPRD,0.0012459122874312733
CDK2,0.00124585139218997
DGKA,0.00124585139218997
PMEL,0.00124585139218997
ME3,0.0012457900628605849
LRRCC1,0.0012456580010815003
RN7SL19P,0.001245652987613993
USO1,0.001245604171973869
G3BP2,0.001245604171973869
TAF1L,0.0012454722035770947
HOXC6,0.0012449473673525311
HOXC9,0.0012449473673525311
MIR615,0.0012449473673525311
HOXC4,0.0012449473673525311
HOXC8,0.0012449473673525311
MIR196A2,0.0012449473673525311
HOXC11,0.0012449473673525311
HOXC5,0.0012449473673525311
HOXC10,0.0012449473673525311
MFSD2A,0.0012433810610776785
TP53RK,0.0012431585292344775
ZNF562,0.0012429314093979076
PRPS1L1,0.0012427130424954788
SNORA25|ENSG00000252550.1,0.0012421655193449491
MIR4743,0.0012420181149539699
SNORA63|ENSG00000199473.1,0.0012417636754068707
AHR,0.0012417636754068707
TTPAL,0.0012411504044793312
COLEC12,0.0012406176102378666
NPIPB1P,0.0012402905806588903
TIMELESS,0.0012398924431140752
MIP,0.0012398924431140752
SERPINH1,0.0012390776226769626
OR10A4,0.0012388862843152552
OR2D2,0.0012388862843152552
OR2D3,0.0012388862843152552
RNA5SP483,0.0012387319633276042
FAM47E,0.0012383843806509955
MAP6,0.0012381603597894188
SEPT7P9,0.0012381437041145784
VDR,0.0012380595141571885
SMCHD1,0.0012380136234999884
LINC00113,0.0012376730606878808
ERO1L,0.0012374961919109201
RDH8,0.0012368600682593851
RN7SL132P,0.0012366857748571762
ATP5EP2,0.0012366117464883645
PDX1,0.0012366117464883645
LINC00543,0.0012366117464883645
CDX2,0.0012366117464883645
TECTA,0.0012365479411292541
XRRA1,0.001236484270331271
GPR85,0.001236247015014714
SNORD56|ENSG00000200753.1,0.001236124634858812
ITGB8,0.001236124634858812
OR10A5,0.001236099390529768
KCNG1,0.0012358875063747249
RNF125,0.0012352291038018458
SUOX,0.0012350322101889594
RAB5B,0.0012350322101889594
SLC22A24,0.0012346691777886422
LINC00567,0.0012344062589773536
SOCS4,0.0012343356362343734
MAPK1IP1L,0.0012343356362343734
DPY19L1,0.001234074791820437
RNA5SP271,0.0012338313151064016
NCOA5,0.0012338126446624314
DPY19L2P1,0.0012337854051575853
PKIG,0.0012336447795544703
GYLTL1B,0.0012336347197106697
RN7SKP289,0.001233207799985788
SNORD81|ENSG00000223213.1,0.001233207799985788
HIBADH,0.0012328270247468204
FRG1B,0.0012326862352069
PLEK2,0.0012325723971293614
EIF2S1,0.0012325723971293614
SUV420H1,0.001232508895759199
LGALS3,0.0012324229919166649
DLGAP5,0.0012324229919166649
OR10A7,0.001232393273765204
SRPK2,0.001232095771829722
CDKN3,0.0012318897698644542
RPL13AP3,0.0012309933385882773
LINC00520,0.0012309933385882773
KTN1,0.0012309933385882773
RN7SKP53,0.0012295415096735922
NPC1L1,0.0012291211351357348
SPCS2,0.0012284012385828573
CPS1,0.0012281483179676967
MIER2,0.0012281032199231395
TPX2,0.0012279196651953136
CBX5,0.0012276298559580963
RN7SL390P,0.0012276298559580963
TRGV9,0.0012271425180541533
TRGJP,0.0012271425180541533
TRGV10,0.0012271425180541533
TRGV2,0.0012271425180541533
TRGV5,0.0012271425180541533
TRGV1,0.0012271425180541533
TRGV3,0.0012271425180541533
TRGV4,0.0012271425180541533
TRGV11,0.0012271425180541533
TRGJP2,0.0012271425180541533
TRGJP1,0.0012271425180541533
TRGV8,0.0012271425180541533
TRGC1,0.0012271425180541533
TRGC2,0.0012271425180541533
TRGJ1,0.0012271425180541533
TRGJ2,0.0012271425180541533
HNRNPA1,0.0012271223087308278
MIR148B,0.0012271223087308278
RN7SL744P,0.0012271223087308278
NFE2,0.0012271223087308278
COPZ1,0.0012271223087308278
HSD17B7P2,0.0012267308909948143
CCDC59,0.001226532238634468
CNPY2,0.0012264291848698686
PAN2,0.0012264291848698686
WFDC13,0.001226105793280031
RNU6ATAC38P,0.001226105793280031
SPINT4,0.001226105793280031
CADPS2,0.0012259478141050453
PXDNL,0.0012259361814345965
CCDC158,0.0012259324141048824
snoU13|ENSG00000252706.1,0.0012249208261562883
RP9,0.0012249208261562883
MIR548N,0.001224794909395962
EFNB2,0.0012247795196499668
ARGLU1,0.0012247795196499668
SNORA17|ENSG00000212461.1,0.0012247491526748695
MEOX2,0.0012238132911392416
USP47,0.0012235131285441708
C11orf73,0.0012220418945509232
RN7SL225P,0.0012220418945509232
ZNF37A,0.0012219794768211583
DIP2B,0.0012214794852437715
RNA5SP413,0.0012214274651159499
ARHGAP23P1,0.0012214274651159499
HERC2P8,0.0012214274651159499
HERC2P5,0.0012214274651159499
HERC2P4,0.0012214274651159499
RNA5SP422,0.0012214274651159499
RNA5SP423,0.0012214274651159499
ZNF267,0.0012214274651159499
SLC6A10P,0.0012214274651159499
TP53TG3B,0.0012214274651159499
TP53TG3C,0.0012214274651159499
TP53TG3,0.0012214274651159499
RNA5SP406,0.0012214274651159499
LINC00273,0.0012214274651159499
TP53TG3D,0.0012214274651159499
RNA5SP407,0.0012214274651159499
RNA5SP420,0.0012214274651159499
RNA5SP410,0.0012214274651159499
RNA5SP409,0.0012214274651159499
RNA5SP408,0.0012214274651159499
RNA5SP417,0.0012214274651159499
RNA5SP419,0.0012214274651159499
RNA5SP418,0.0012214274651159499
RNA5SP421,0.0012214274651159499
RNA5SP415,0.0012214274651159499
RNA5SP416,0.0012214274651159499
MSC,0.0012207271334316733
U8|ENSG00000200191.1,0.0012207271334316733
PPM1A,0.0012205902129877114
NEU3,0.001219356470594776
TBCEL,0.0012188898503173347
NPY,0.0012183807098509012
NUDCD3,0.0012182601315745677
ART3,0.0012181004166703273
CXCL11,0.0012180477106556924
snoU13|ENSG00000239098.1,0.0012178856385233324
MRPS24,0.0012177442616403552
GMFB,0.001217570053013092
RHEBL1,0.001217454418766689
KMT2D,0.001217454418766689
PRKAG1,0.001217454418766689
DDN,0.001217454418766689
WNT1,0.001217454418766689
WNT10B,0.001217454418766689
AREG,0.0012170990023922686
ZNF485,0.0012169871394309443
H2AFV,0.0012168123675656492
PURB,0.0012168123675656492
MIR4657,0.0012168123675656492
MPPE1,0.001216596671562877
SLC9A8,0.00121621812120886
SPATA2,0.00121621812120886
ATG14,0.00121596652292855
RN7SL496P,0.0012158271743831037
MIR4488,0.0012158218644348592
SYT7,0.0012158218644348592
LRRC10B,0.0012158218644348592
USP2,0.0012157889172967065
ATP6V1H,0.001215271183438308
PKNOX2,0.0012147990957702035
ARHGEF12,0.0012144772852740902
PRDM10,0.0012143371268511101
OGDH,0.0012141664540321062
PPIA,0.0012141664540321062
ZMIZ2,0.0012141664540321062
URGCP,0.0012138419552025204
OR6C3,0.0012132921734094501
OR6C1,0.0012132921734094501
AP5Z1,0.0012128870931283932
MIR4656,0.0012128870931283932
PAPOLB,0.0012128870931283932
RADIL,0.0012128870931283932
NFE2L3,0.0012122721189917287
TUBA1B,0.0012121220918979555
EPDR1,0.0012121171723346361
GPR141,0.0012121171723346361
CNIH,0.0012108545462975852
FOXK1,0.001210448688969258
LINC00957,0.0012101726222833635
RASA4CP,0.0012101726222833635
snoU13|ENSG00000238781.1,0.0012100615958408674
NXPH1,0.0012097644953302038
WIPI2,0.001209403254972875
POLR2J4,0.0012093988173820438
DFNA5,0.00120921510849183
UBE2D4,0.0012087109908030926
HNRNPM,0.0012084902885713953
RN7SL272P,0.001208064822941658
URAD,0.001208064822941658
UBE2C,0.0012079874859046845
DNTTIP1,0.0012079874859046845
TNNC2,0.0012079874859046845
WFDC3,0.0012079874859046845
SDK1,0.0012078901985226329
TMED4,0.0012074767858529603
DDX56,0.0012074767858529603
CAT,0.0012073474631807692
LMBR1L,0.0012072542871520875
DHH,0.0012072542871520875
ZNF890P,0.0012068824835645632
SNORD65|ENSG00000238936.1,0.0012067528645925206
MIR625,0.0012066597923481698
GVQW1,0.001205611556944207
PTPN20B,0.001205208571543875
RNA5SP315,0.001205208571543875
GLUD1P2,0.001205208571543875
RN7SL527P,0.001205208571543875
RNA5SP314,0.001205208571543875
FRMPD2,0.001205208571543875
BMS1P5,0.001205208571543875
FAM25C,0.001205208571543875
NACAD,0.0012050194699297753
SNORA5A,0.0012050194699297753
SNORA5B,0.0012050194699297753
SNORA5C,0.0012050194699297753
SNHG15,0.0012050194699297753
TBRG4,0.0012050194699297753
MYO1G,0.0012050194699297753
CCM2,0.0012050194699297753
RAMP3,0.0012048170048480687
CHRM1,0.001204813386211766
MIR148A,0.0012044089118437
RAB11B,0.0012040559495933296
MARCH2,0.0012040559495933296
SFRP4,0.0012040175973103311
NME8,0.001203874529746674
MPP6,0.0012037354148935091
LIPT2,0.0012036657160487641
OR6C6,0.0012034158600148937
PANX3,0.0012033416901220692
C11orf24,0.001202992475062705
SP8,0.0012021592630160208
TPP2,0.0012010565176463171
NFRKB,0.001200901309760913
ABCB5,0.001200425183064931
THAP1,0.001200380299137096
AOAH,0.0012003433621527776
RN7SL505P,0.0012002371220667318
SNORD27|ENSG00000251699.1,0.0012001851683210382
SPDYE1,0.001200176948934425
LINC00551,0.001200083616876936
snoU13|ENSG00000238982.1,0.0012000093014857757
MYO1F,0.0011996555468829528
PRAM1,0.0011996555468829528
ZNF414,0.0011996555468829528
LINC00314,0.0011994553015313757
FAM155A,0.0011993527693453224
ANLN,0.0011986623182798093
FLT1,0.0011981897802446455
SNORD74|ENSG00000200897.1,0.0011980677471509157
MIR3166,0.0011977924050632915
RAB38,0.0011977924050632915
FAT3,0.0011976668999513186
MCAM,0.0011976257502730942
FERMT2,0.0011974709116481274
RN7SL783P,0.001196815026541444
FUT8,0.0011968069975821353
GPC6,0.0011964435409506245
LINC00555,0.0011961814959532595
POTEC,0.0011957353047664038
C19orf82,0.001195452254431821
TRPC4AP,0.001195134656456741
CYP4F35P,0.0011946905096048733
ANKRD20A5P,0.0011946905096048733
LINC00167,0.0011945013745118403
SNRPD1,0.0011944403653558091
KIRREL3,0.001194330261524233
ZSWIM3,0.0011941677193993909
ACOT8,0.0011941677193993909
GDF5OS,0.0011941221284575729
CEP250,0.0011941221284575729
GDF5,0.0011941221284575729
DBNL,0.0011940974494946703
PGAM2,0.0011940974494946703
AEBP1,0.0011940974494946703
POLD2,0.0011940974494946703
POLM,0.0011940974494946703
MIR4649,0.0011940974494946703
RNA5SP230,0.0011940974494946703
RPSAP52,0.001193652540818198
BTBD11,0.0011935959619858842
CARS2,0.0011932249624083495
ING1,0.0011932249624083495
CARKD,0.0011932249624083495
CCDC15,0.0011931777147916774
DEFB116,0.0011928876904316167
SNORA51|ENSG00000200113.1,0.001192767284350034
DGAT2,0.0011927530672715052
ELF5,0.0011923093505328884
ABCC4,0.0011922468354430376
PLIN4,0.0011916438227310595
SEMA6B,0.0011916438227310595
MIR4746,0.0011916438227310595
CHAF1A,0.0011916438227310595
PLIN5,0.0011916438227310595
RN7SL121P,0.0011916438227310595
C19orf10,0.0011916438227310595
LRG1,0.0011916438227310595
RN7SL528P,0.0011916438227310595
HDGFRP2,0.0011916438227310595
TNFAIP8L1,0.0011916438227310595
UBXN6,0.0011916438227310595
SLC17A3,0.0011911296127343326
TMEM106C,0.0011909756386100452
COL2A1,0.0011909756386100452
TRAPPC8,0.0011907324372902042
KIAA0895,0.0011902928658058776
PRDM14,0.0011901320357455085
TMEM218,0.0011899970815340251
KRT18P59,0.0011898585780640185
CTSC,0.0011886235081374332
PCMTD1,0.0011885795754219377
TMEM196,0.0011881357368896924
SMCO4,0.0011866403967867598
YKT6,0.0011865590920689163
MYL7,0.0011865590920689163
GCK,0.0011865590920689163
RNF114,0.0011862082118853892
snoU13|ENSG00000239157.1,0.0011862082118853892
SNAI1,0.0011862082118853892
CHD7,0.001186123888552808
AGO2,0.0011860937293880812
OSBPL3,0.0011856788750351822
C14orf182,0.001185552459396686
KCNB2,0.0011855411747973264
GDF10,0.0011855203863382646
RNF138,0.0011852828609181668
MIR4699,0.0011852359357983253
CBX3P2,0.0011845781321984073
NDC80,0.0011845781321984073
snoU109|ENSG00000238575.1,0.0011845781321984073
snoU13|ENSG00000238425.1,0.0011845781321984073
ITGAX,0.001184263093001089
MMP19,0.0011841626964068683
ENDOU,0.0011830552293456197
RAPGEF3,0.0011830552293456197
MIR3616,0.0011828059071729972
TOPORS,0.0011825588214260162
NDUFB6,0.0011825588214260162
RNA5SP38,0.0011825372200280836
PPEF2,0.0011823957231850664
SNX13,0.0011819931057866179
GAREM,0.0011818221610634348
SDHAF2,0.0011815900403124367
PPP1R32,0.0011815900403124367
RN7SL23P,0.0011815900403124367
AGR3,0.0011813319394213383
WBP11P1,0.0011811491712102602
SEPT7,0.0011807626151450021
CXADRP3,0.0011807150812560988
LINC00308,0.0011801240880463895
RCHY1,0.0011799529745224982
THAP6,0.0011799529745224982
RN7SL97P,0.0011797512126128125
COA4,0.0011795917346275084
SNORD31,0.0011795080803353104
MIR199B,0.0011790391752815328
MIR3154,0.0011790391752815328
GOLGA2,0.0011790391752815328
CHRNA6,0.0011786774742456494
TMEM136,0.0011783897857145635
POU2F3,0.0011783897857145635
PAFAH1B2,0.001178112391118219
MIR4469,0.001178019972279721
TMEM189,0.0011779905218772214
CEBPB,0.0011779905218772214
UBE2V1,0.0011779905218772214
ROMO1,0.0011778174975256566
snoU13|ENSG00000238549.1,0.0011778174975256566
FER1L4,0.0011772737927801236
ABHD3,0.0011763157508296847
PHF21A,0.0011761282333516796
BAZ2A,0.0011761091803860885
GOLGA7,0.001175857884721356
ZNF812,0.0011755447070174684
CAMK2B,0.0011753486282297353
OAF,0.0011752496994992291
TRIM29,0.0011752496994992291
GLI3,0.001175127779107587
LINC00460,0.0011744200722576027
NPSR1,0.0011743083171027518
SLCO2B1,0.0011741925584963547
DDX58,0.001173253236072373
DEFB124,0.0011725148709845485
REM1,0.0011725148709845485
AAMDC,0.0011717505267312643
ZNF33A,0.0011711581833690034
JAZF1,0.0011709060901748624
ZNF487,0.001170648027470794
SOX17,0.0011695052575640093
EYA1,0.0011693661812077507
PP13004,0.0011684067801019033
DUSP6,0.0011684067664304186
HAL,0.0011682515323818217
RN7SL88P,0.0011682515323818217
LTA4H,0.0011682515323818217
TWISTNB,0.0011677017405063287
TWIST1,0.0011677017405063287
FERD3L,0.0011677017405063287
MIR3146,0.0011677017405063287
SFRP1,0.0011676733346544415
EEPD1,0.001167658926928242
ZFHX4,0.00116762718260094
ERGIC3,0.0011673080429233746
C20orf173,0.0011673080429233746
BLVRA,0.0011672833068926884
GRM5,0.001166779023508136
LANCL1,0.0011666421034819685
MYL1,0.0011666421034819685
RN7SL636P,0.0011664724881523512
TRPA1,0.0011664179616479725
IGFBP1,0.0011661655887018948
IGFBP3,0.0011661655887018948
SHROOM3,0.0011656193206203533
C7orf31,0.0011653874721465703
NPVF,0.0011653874721465703
U3|ENSG00000202233.1,0.0011653874721465703
RNF26,0.0011653361105999455
MFRP,0.0011653361105999455
C1QTNF5,0.0011653361105999455
ACA64|ENSG00000252119.1,0.0011653361105999455
C4orf26,0.0011653124149017468
CPSF7,0.0011648944329567977
METTL4,0.001164433560757301
PHF2P2,0.001164290860857746
DEFB118,0.0011636810195283652
CASC9,0.001163596131950563
TMEM45B,0.001163313975504495
DKK4,0.0011631972479597761
VDAC3,0.0011631972479597761
RN7SKP187,0.0011626761850155344
LINC00443,0.00116245237181946
SLC2A10,0.0011623756781193471
RNA5SP480,0.0011621982149093433
MIR499A,0.001162098895660782
C8orf46,0.001162002483124741
MYH7B,0.0011616040266708354
THY1,0.0011614207911294528
COL4A1,0.0011608767909948934
RRS1,0.0011605811082728006
ADHFE1,0.0011605811082728006
MIDN,0.0011601445078734769
ATP5D,0.0011601445078734769
C19orf26,0.0011601445078734769
CIRBP,0.0011601445078734769
AGMO,0.0011601271083893619
PUS7,0.0011585542658990903
RINT1,0.0011585542658990903
ZFHX3,0.0011581391222051337
RP1,0.0011569486672416438
PVRL1,0.0011559001906760599
COA1,0.0011558842454431504
RSF1,0.0011556789691076984
NOX4,0.0011546051938751858
ADA,0.0011544893484247332
OR10AD1,0.001153681908284834
DKFZP779L1853,0.001153681908284834
C12orf68,0.001153681908284834
MIR550A3,0.0011533561579294533
FAM118B,0.0011533530206122862
SRPR,0.0011533530206122862
FOXRED1,0.0011533530206122862
RN7SL351P,0.0011533530206122862
RPUSD4,0.0011533530206122862
RNA5SP228,0.001153067845163186
POC1B,0.0011527857858834622
SULF1,0.0011526665889332235
RN7SL675P,0.0011525675029596548
RNA5SP270,0.0011525675029596548
CYCS,0.001152550606272388
ATXN7L1,0.0011517687322837096
PHLPP1,0.0011516056974035004
RN7SKP29,0.0011515458519260483
SLCO5A1,0.0011515458519260483
ST3GAL4,0.0011515227961871972
ZNF25,0.0011514460939503182
DNM1,0.0011511079556933148
ASB8,0.001148421833206856
FAM83C,0.0011477249049330624
WISP2,0.001147189827616806
SEPT7P2,0.0011469508203996062
U3|ENSG00000212422.1,0.0011467514191833967
HERPUD2,0.0011464133937251863
CBLN1,0.001146306644196937
RBAK,0.001146230786618447
RNF216P1,0.001146230786618447
RASGEF1A,0.0011455815226770923
CPVL,0.0011451801363193779
MOCS3,0.0011446294609106973
DPM1,0.0011446294609106973
PPP1R17,0.0011443823224550037
RNA5SP237,0.0011440542873524854
LINC00651,0.0011433783744563396
RN7SKP115,0.0011432136049176487
GTSF1,0.001142910072782271
RARRES3,0.001141629899645481
SPATA25,0.0011397025782766824
NEURL2,0.0011397025782766824
ZSWIM1,0.0011397025782766824
CTSA,0.0011397025782766824
CNTN1,0.00113950028339316
TAF4B,0.0011392541849846649
MYBL1,0.0011380959856150024
VCPIP1,0.0011380959856150024
C8orf44,0.0011380959856150024
TMEM135,0.0011380629967618502
STK17A,0.0011378953616081842
OR6C74,0.0011377874989658325
DEFB122,0.0011377233510239376
MIR617,0.00113767831318848
C7orf10,0.0011370424683056594
NCF1,0.0011369085095102387
GTF2IRD2,0.0011369085095102387
MIR4759,0.001136906457708762
CHN2,0.0011362911078305114
PRR15,0.0011362911078305114
GPR84,0.0011362764305218596
ZNF385A,0.0011362764305218596
MYO16,0.001135663979679661
TMEM216,0.0011353479953265639
AMBRA1,0.0011351190364895648
U3|ENSG00000252921.1,0.001135101345158986
RN7SL250P,0.0011350907913497737
AHNAK,0.0011340679973247776
MYCL,0.0011334080376288293
ZNF33B,0.0011331370681948545
PPME1,0.0011331004041515882
P4HA3,0.0011331004041515882
SNORA7|ENSG00000206913.1,0.0011331004041515882
ZNF215,0.0011328020003125467
ELMO2,0.0011326439119951782
ZNF37BP,0.0011322198053073111
GINS4,0.0011321825195384043
THOC1,0.001131749234736292
ROCK1P1,0.001131749234736292
USP14,0.001131749234736292
DEFB123,0.0011316432795745101
LGR5,0.0011314791756238396
SPAG4,0.001130567276136899
GLYCAM1,0.001129505750510085
HNRNPF,0.0011288169585736132
FXYD4,0.0011288169585736132
ATP2B1,0.0011284628280982527
GALNT4,0.0011284628280982527
B4GALT5,0.0011280997732050278
RN7SL197P,0.0011280997732050278
TCEB3CL,0.0011280225788259958
TCEB3C,0.0011280225788259958
TCEB3B,0.0011280225788259958
TCEB3CL2,0.0011280225788259958
WIPF3,0.0011250903037346486
snoU13|ENSG00000238906.1,0.0011250903037346486
SCRN1,0.0011250903037346486
FKBP14,0.0011250903037346486
PLEKHA8,0.0011250903037346486
C7orf41,0.0011250903037346486
ESR2,0.001124761769307353
TUBB6,0.0011242108882818947
STAP2,0.0011242038216560488
TMIGD2,0.0011242038216560488
FSD1,0.0011242038216560488
RNA5SP343,0.0011230772224167939
CCDC126,0.0011229501590962762
KITLG,0.0011228610965733218
MPND,0.001122120992233063
SH3GL1,0.001122120992233063
RALYL,0.0011212709962941931
UBL3,0.0011207133424924315
KATNAL2,0.0011206304491142409
LACRT,0.0011205729193101421
DCD,0.0011205729193101421
AQP1,0.0011205421365078347
GARS,0.0011205421365078347
CRHR2,0.0011205421365078347
FAM188B,0.0011205421365078347
GHRHR,0.0011205421365078347
INMT,0.0011205421365078347
CCDC89,0.0011205310280950943
CREBZF,0.0011205310280950943
TIRAP,0.001120285317148215
snoU13|ENSG00000238855.1,0.001120285317148215
DCPS,0.001120285317148215
U3|ENSG00000221400.1,0.0011200865306219606
CLNS1A,0.0011200085611202846
DKFZP434E1119,0.0011200085611202846
VKORC1,0.0011193246527148085
RNA5SP453,0.0011189714745317122
RNA5SP269,0.0011186733700296093
LPHN3,0.0011186255210108994
FAM138F,0.0011183804850511327
OR4F17,0.0011183804850511327
PPAP2C,0.0011183804850511327
WASH5P,0.0011183804850511327
MIR550A1,0.0011182335019003053
ZNRF2,0.0011182335019003053
RBM39,0.001117332786372872
RNU6ATAC11P,0.0011171674611534636
COL5A3,0.0011162684869169492
MPLKIP,0.0011157709228183038
EDEM2,0.0011157472521748201
ZNF733P,0.0011156116265245237
RN7SL855P,0.0011156116265245237
LINC00297,0.0011149831268090326
ARHGEF18,0.0011134880419015536
CENPC,0.0011132770117540697
SYNE2,0.0011126079256906227
TNFSF13B,0.0011121895795285178
CREB5,0.0011120143229575651
TMEM229B,0.0011119315518049726
MYF6,0.001111670029101426
MYF5,0.001111670029101426
MCMDC2,0.0011116036133746242
RN7SL338P,0.0011114692746207009
SGK3,0.0011101365718607745
TMEM68,0.0011098207985224804
CIDEA,0.0011098203452951751
LINC00936,0.0011083711069518264
RNA5SP365,0.0011083711069518264
NEUROD4,0.0011082054992097236
STAT2,0.001107624275205769
IL23A,0.001107624275205769
APOF,0.001107624275205769
SGCZ,0.0011075016480987798
TYR,0.0011072783384008067
RNA5SP362,0.0011065210335435998
STARD3NL,0.0011059187701391974
CLVS1,0.001105643834662595
snoU13|ENSG00000238388.1,0.001105190730150573
CSGALNACT2,0.0011051519641975076
RN7SKP193,0.0011048964339516632
METTL21D,0.0011048964339516632
C14orf183,0.0011048964339516632
CBL,0.001104206227707151
OMP,0.0011041677090108577
CAPN5,0.0011041677090108577
MMP24,0.001103922487888733
TCF24,0.0011028555934525417
ZNF239,0.0011023340653324052
SNORD87,0.0011021163643628784
SNHG6,0.0011021163643628784
KIAA1211L,0.00110137979669903
TGS1,0.001100978333783442
SNORA1|ENSG00000199405.1,0.001100978333783442
MMD2,0.0011008080922242324
UBA6,0.001099731577757687
STAP1,0.001099731577757687
SLC38A6,0.0010987358582547446
RN7SL705P,0.0010987005500444336
UQCC,0.0010986938063239041
snoU13|ENSG00000238309.1,0.0010986186895392811
CCDC94,0.0010982255637077053
KDELC1,0.0010980315850920045
BIVM,0.0010980315850920045
RNY5P8,0.0010980315850920045
ERCC5,0.0010980315850920045
METTL21EP,0.0010980315850920045
SNAPC1,0.0010975955341977026
PPP1R42,0.0010975468440055363
RNA5SP268,0.0010975468440055363
COPS5,0.0010975468440055363
ZNF254,0.0010972816775348402
ZNF726,0.0010972816775348402
EIF6,0.0010970464135021095
TRIL,0.0010967522065521264
FLT3,0.0010965836467576814
SLC3A2,0.0010964971055697405
TMEM133,0.0010964841825697725
LMO2,0.001095913433650129
ITGA5,0.0010957437089521174
INTS4,0.001095412017811578
AQP11,0.0010953675444594544
MIR5694,0.0010952702946373856
GTF2I,0.0010948870037775858
STAG3L2,0.0010948870037775858
RN7SKP261,0.0010945394654621405
CDK17,0.0010939520814668277
ELK3,0.0010939520814668277
C19orf24,0.0010937205261851602
PAK1,0.0010936025082970598
ARHGAP42,0.001093148279037891
DAXX,0.0010928067185978607
ZBTB22,0.0010928067185978607
GDPD4,0.0010926296537193622
NXPE4,0.001092432355552822
NXPE1,0.001092432355552822
snoU13|ENSG00000238724.1,0.001092432355552822
ZNF668,0.001092154800333683
MIR5579,0.0010918791659022794
MUC19,0.001091803131731523
RNA5SP265,0.0010917815896689814
POLD3,0.0010913677223528633
ADAMTS1,0.001091216083764378
NCKAP1L,0.0010906530102626046
PDE1B,0.0010900236517007902
CALCOCO1,0.0010894399723894296
SCGB1A1,0.0010893561668210868
RGS20,0.001088868948574315
HMGA2,0.001088796692208911
LINC00640,0.0010887417514694319
STK31,0.0010881935277689003
EYA2,0.0010881931886678722
ISPD,0.0010881837703435795
ADCY1,0.0010879082158358627
C16orf78,0.001087860011910642
RTN1,0.0010876185322842467
ADAMTS5,0.0010875281301212496
RN7SL672P,0.001087413500727657
MIR645,0.001087413500727657
snoU13|ENSG00000239073.1,0.0010872858878944096
LINC00317,0.001087267354488179
LNX1,0.001087247966140497
LINC00967,0.0010867923451257945
CRH,0.0010867923451257945
PTPN1,0.0010865428070335516
snoU13|ENSG00000238666.1,0.001086020172598115
FAM221A,0.0010858480734760787
EML3,0.0010857114807610916
snoU13|ENSG00000238361.1,0.0010852900215553604
SNORD74|ENSG00000201502.1,0.0010852900215553604
METAP2,0.0010847888373413282
RN7SKP97,0.0010842840145075048
MIR4504,0.001084183224284566
FGD6,0.00108399492606424
CSPP1,0.0010836413454540267
MIR383,0.0010836032917194449
AMDHD1,0.0010835647059867113
SNRPF,0.0010835647059867113
CCDC38,0.0010835647059867113
RN7SL798P,0.0010831336881934946
MRPL42,0.001082753053675503
RN7SL737P,0.001082753053675503
SOCS2,0.001082753053675503
RN7SL630P,0.001082753053675503
BRD2,0.0010826480127665006
UBE2N,0.0010820700238616946
NUDT4,0.0010820700238616946
B3GAT3,0.001080594194272814
ROM1,0.001080594194272814
ADCYAP1R1,0.0010798253604296874
MTA2,0.0010795449664676637
TUT1,0.0010795449664676637
EEF1G,0.0010795449664676637
MIR3654,0.0010795449664676637
LINC00839,0.0010791641551135206
snoU13|ENSG00000238869.1,0.0010786892660121076
CCDC168,0.0010786892660121076
TXNDC9,0.0010785422736371217
TRIT1,0.0010775070899910078
UBXN2B,0.001077112188672226
EPB41L3,0.0010770175719703018
CRADD,0.001076530385956201
SYTL2,0.001076417921290162
snoU13|ENSG00000238693.1,0.0010757549441747006
CYP7A1,0.0010756424294117095
SIK3,0.0010753290165136297
ACSS3,0.001074628198032529
MIR618,0.0010744853689453853
ST18,0.001074411040787621
LYN,0.0010738178829774567
TEX30,0.0010734881910882301
LINC00283,0.0010734881910882301
RAB12,0.0010733367419618934
BANP,0.0010732001414806187
MEP1B,0.0010721357579206268
B3GNT6,0.0010721190996369867
PICALM,0.0010721147142215277
GNRHR,0.0010719428119349034
MIR708,0.0010699204482913875
LRRC30,0.0010697967125461027
NOD1,0.0010689480792788243
GATA6,0.0010689461383624021
RNU6ATAC20P,0.0010689461383624021
PLEKHH1,0.0010689260341159093
KCNB1,0.001068174754222602
LRRC9,0.0010680106577907788
ARHGAP28,0.0010676521700993884
GGCT,0.0010674592455319262
FADS2,0.001067451235450401
EHF,0.0010668825233677097
VWDE,0.0010668637451523258
PPP1R1A,0.0010665089886613952
NEUROD6,0.0010664698307001274
PGR,0.001065615027094178
CDKL1,0.001065088277793458
MAP4K5,0.001065088277793458
ZNF846,0.0010648921368689584
FADS1,0.0010645428496045453
FEN1,0.0010645428496045453
TMEM258,0.0010645428496045453
MYRF,0.0010645428496045453
DAGLA,0.0010645428496045453
MIR611,0.0010645428496045453
MIR1908,0.0010645428496045453
RN7SL483P,0.0010642935076685647
CCDC41,0.0010639076401763484
BEST1,0.0010633770409321575
FTH1,0.0010633770409321575
DDX27,0.0010633316161318788
DCAF5,0.001062946637575416
TSPAN8,0.0010629198237787072
RN7SL323P,0.0010628294144807335
TCEA1,0.0010627074494498482
FADS3,0.0010625364315210114
ACO1,0.0010602016734606319
SOS2,0.0010598114541729641
PLXNC1,0.0010595433457816286
ELMO1,0.0010589698485109608
EIF1AD,0.0010587744533947054
USP44,0.0010584611427000078
RN7SKP263,0.001057951087968921
TMTC3,0.0010577914186617955
7SK|ENSG00000232512.2,0.0010576862522828916
RPLP0P2,0.0010575479975702092
PGAM1P5,0.0010574765153060768
NTN4,0.0010574765153060768
SF3B2,0.0010566743383199086
snoU13|ENSG00000238752.1,0.0010566743383199086
SKAP2,0.0010566404266455544
NDUFC2,0.0010557223306260188
THRSP,0.0010557223306260188
KCTD14,0.0010557223306260188
GRIK4,0.0010556523509535735
PRSS53,0.0010556490515396613
ZNF646,0.0010556490515396613
CCDC129,0.0010554515812797116
IMPA2,0.0010545045617498681
PIK3CG,0.0010538010010145793
snoU13|ENSG00000238922.1,0.0010537996818472935
RNA5SP236,0.0010537896965021006
SLMO1,0.0010537471857989093
AFG3L2,0.0010537471857989093
INCENP,0.0010533817655251976
PREX2,0.0010531417236310696
SNORA48|ENSG00000212626.1,0.001052997154787668
ANKRD12,0.0010521618088584783
DEFB121,0.0010513113374439676
STX4,0.0010513039062783355
KCNIP3,0.001051022395326192
CNTN5,0.0010506201253036686
GAL3ST3,0.0010505638665132342
ZNFX1,0.0010501251103915215
SNORD12,0.001049915366499853
SNORD12B,0.001049915366499853
ZFAS1,0.001049915366499853
SNORD12C,0.001049915366499853
SNORD37|ENSG00000212270.1,0.0010496479954902884
FLJ00273,0.0010488093634976189
TRIM55,0.001048617869935635
RN7SL330P,0.0010485350341071403
THTPA,0.001048300118438055
AP1G2,0.001048300118438055
JPH4,0.001048300118438055
ACTN1,0.0010480058926967174
ITGAM,0.0010479354328080126
MIR3685,0.0010477100760203312
MIR331,0.0010477100760203312
snoU13|ENSG00000238772.1,0.0010476837686597509
SLC4A4,0.0010472536166365313
LINC00265,0.0010471992278852226
DNAJC5B,0.0010468910992821737
OR8B3,0.0010468756686437145
OR8B2,0.0010468756686437145
PARD6B,0.001046217250515166
VEZT,0.001045776303300719
AGR2,0.0010456685126582267
MIR3976,0.0010455042208434803
TMEM200C,0.0010455042208434803
RN7SL696P,0.0010454241131206353
SCGB2A1,0.0010441411978377323
SCGB1D1,0.0010441411978377323
PTGDR,0.0010437545941625133
ARHGAP22,0.0010435868117677145
NCAPH,0.001043198161335817
TESPA1,0.0010429435708992736
OTOGL,0.0010419896280600017
PTPRQ,0.0010412418989127125
SLC26A4,0.0010406599333064154
RAB30,0.0010402332055255013
RNA5SP363,0.0010400903393976166
ATP5S,0.0010398361054358525
L2HGDH,0.0010398361054358525
TSPAN13,0.0010397688743218766
SHD,0.0010394561799564612
ARG2,0.0010392909949871994
VTI1B,0.0010392909949871994
PIGH,0.0010392909949871994
RN7SL369P,0.0010392909949871994
RN7SL213P,0.0010392909949871994
RDH11,0.0010392909949871994
RDH12,0.0010392909949871994
U3|ENSG00000252792.1,0.0010392909949871994
SCGB1D2,0.0010392079864029898
RAB2A,0.001039007321637004
snoU13|ENSG00000238995.1,0.0010387800479717071
ASRGL1,0.0010385944028912073
C14orf144,0.0010381920958546708
CCDC90B,0.0010379991946355724
SNORA3|ENSG00000221148.1,0.001037759506084969
C9orf131,0.0010373406499685778
PCF11,0.0010372288460528387
KAT6A,0.0010368345472165747
SNORD112|ENSG00000252592.1,0.0010366125671866522
MIR5700,0.00103526917584026
TMCC3,0.00103526917584026
C11orf82,0.00103452212125987
PRCP,0.00103452212125987
PLAG1,0.0010342866933247348
SCGB1D4,0.0010340170698932983
SCGB2A2,0.0010340170698932983
CATSPER1,0.0010339873417721515
BANF1,0.0010339873417721515
CST6,0.0010339873417721515
SNORA73|ENSG00000199977.1,0.0010336940879320951
RN7SL233P,0.0010336940879320951
DKK1,0.0010329107997913989
CCDC71L,0.0010328678700320195
GANAB,0.0010324156169275434
INTS5,0.0010324156169275434
FAM205CP,0.001032299241404074
XRCC6BP1,0.0010322958210508063
CDHR3,0.001031915464855686
OR8D1,0.0010317354353352013
OR8D2,0.0010317354353352013
CA8,0.0010316339233259744
PROM2,0.0010310627970178312
SNORD23|ENSG00000221139.1,0.0010305478868689222
STX1B,0.0010301766348699728
HSD3B7,0.0010301766348699728
SETD1A,0.0010301766348699728
RNA5SP233,0.0010294999668632769
MYO7A,0.0010294421811771952
ZNF720,0.0010293591357942858
COG5,0.0010292045618186295
CHCHD7,0.0010275553851916998
OR8B8,0.0010268056589724523
OR8B4,0.0010268056589724523
NPFFR2,0.0010265483725135623
RALA,0.0010261702364601514
RET,0.0010250962608535218
PLGRKT,0.0010240429612581516
COL4A2,0.0010238904316634278
MUCL1,0.0010236212479571237
BCAP29,0.0010232298105077695
snoU109|ENSG00000238832.1,0.0010232298105077695
PRKAR2B,0.001023173338378177
NR2C1,0.0010230367328111557
NPBWR1,0.0010230078318973382
KIF5A,0.0010227356800184965
NDUFV2,0.0010225907903177842
TEKT4,0.0010221371012066334
ANKRD20A8P,0.001021928526532672
EIF5B,0.0010211564078271595
CBLL1,0.0010210471626990296
NDUFA12,0.0010208950767704181
ZFYVE26,0.0010207769843845814
KRT19P2,0.001020703786823734
MIR492,0.001020703786823734
snoU13|ENSG00000238433.1,0.0010206504127426334
NSMAF,0.0010206504127426334
BCKDK,0.0010199611982055121
KAT8,0.0010199611982055121
PRSS8,0.0010199611982055121
PRSS36,0.0010199611982055121
MYOM1,0.0010197853366386604
C8orf34,0.001019709417506734
SNORD54,0.001019107854838382
RPS20,0.001019107854838382
PIEZO2,0.0010186666745478912
NID2,0.0010186421681931622
ADAMTS3,0.001017981464737794
RNA5SP281,0.0010175658964276277
IL36G,0.0010175643823657808
GPR22,0.001017514830993035
PIAS2,0.0010173328218897838
DUS4L,0.001017272000835788
FAM150A,0.0010172567246835415
TMEM127,0.0010172157711927211
CIAO1,0.0010172157711927211
ITPRIPL1,0.0010172157711927211
SNRNP200,0.0010172157711927211
MOS,0.001016935715716935
SNORA3|ENSG00000221093.1,0.001016935715716935
DLD,0.0010169162264193567
MTFR1,0.001016905227405703
CAAP1,0.001016898094872779
PDE7A,0.0010164942274485155
RN7SL149P,0.0010160786368312922
EMILIN2,0.0010160120000877533
SPIRE1,0.0010160051692974681
SDCBP,0.0010157954850648237
SLC26A3,0.0010157331353043996
LAMB1,0.001014911465818832
U3|ENSG00000238297.1,0.001014911465818832
RIMS4,0.0010145503781438024
GUCY2EP,0.001014501274868413
LRRC32,0.001014501274868413
MIR548AG1,0.0010142744122965662
FAM205B,0.0010141423152886238
TRPM3,0.0010138593509601238
C14orf166,0.0010135218605275128
PUS3,0.0010133903176181372
HYLS1,0.0010133903176181372
DDX25,0.0010133903176181372
TSKU,0.0010132669568552904
DHRS2,0.0010126736427795164
MIR5586,0.0010126094400042579
PDCD1LG2,0.0010123562215892813
CD274,0.0010123562215892813
FAM181B,0.001012136491762522
NKAIN3,0.0010118538114889915
RAB6A,0.0010104929315165984
RNA5SP347,0.001010031557833983
DNAJB5,0.001009757383966242
KIAA1045,0.001009757383966242
RNA5SP489,0.0010096448139051597
CDON,0.0010086713065329137
MIR1269A,0.00100787839208548
TMEM126A,0.001007628533878792
MIR4470,0.001007420043866565
SNORA62|ENSG00000202374.1,0.0010071654611211588
POLB,0.0010071168012792421
KIFC1,0.0010066887226697343
MIR548Y,0.001006324921532404
LINC00648,0.001006324921532404
SNORA31|ENSG00000252580.1,0.001005421301623833
DOCK4,0.0010046494127764788
POLR2G,0.0010045332995297718
ZBTB3,0.0010045332995297718
ACER3,0.001004419539367255
RN7SL135P,0.0010030671859785766
YTHDF3,0.0010030671859785766
SDR16C5,0.0010028255232154594
SDR16C6P,0.0010028255232154594
RNA5SP267,0.0010023610590530372
MIR320C1,0.0010021770096038031
SNORA81|ENSG00000252677.1,0.0010021770096038031
TEX29,0.0010018194099728525
PTGIS,0.0010014843254404313
U3|ENSG00000199856.1,0.0010006411462989962
PSMA3,0.0010003839838991573
ARID4A,0.0010003839838991573
OR10D3,0.0009994351297917703
ASPH,0.0009990853964476686
PPP2R1B,0.000998858375882876
ZNF2,0.0009977366829298534
LAMB4,0.0009970325654743233
SNORA70|ENSG00000252258.1,0.0009964652392339265
LPIN2,0.0009964652392339265
SLC37A2,0.0009963239512027228
snoU13|ENSG00000238714.1,0.0009962127886762415
PATE4,0.0009961614752598189
RN7SL100P,0.0009961232578954097
MAL,0.0009960849969982161
LINC00966,0.0009957740993184016
CTF1,0.0009956560751406569
SLC14A1,0.000995546718418635
CHST10,0.0009952450224721544
MRPS5,0.0009949068319480032
ZNF514,0.0009949068319480032
PACS1,0.0009948604588928365
EFNA2,0.000994837428642345
METTL21C,0.0009944649834606881
NMS,0.000992777066099254
RN7SL611P,0.000992777066099254
snoU13|ENSG00000238328.1,0.000992777066099254
PDCL3,0.000992777066099254
ALX1,0.0009922623570621052
TMEM126B,0.0009919136223348701
GGH,0.0009915124959428735
LINC00968,0.0009907596969459347
FAM65C,0.0009904348078461991
DCTN2,0.0009901710883763945
LAT2,0.0009898684472132017
MIR590,0.0009898684472132017
HBP1,0.0009896458350392627
GNG2,0.0009896168433526822
MIR4502,0.000989525569932226
CHAMP1,0.000989525569932226
UPF3A,0.000989525569932226
CDC16,0.000989525569932226
MIR548AR,0.000989525569932226
LINC00519,0.000989457532470071
ZBTB9,0.0009892725944941137
PIH1D2,0.0009892235701471565
C11orf57,0.0009892235701471565
TIMM8B,0.0009892235701471565
RN7SL54P,0.000988925634495252
ANKRD42,0.0009888859709018332
RN7SL360P,0.00098865174312989
GTF2IRD1,0.000988447710252501
MIR4697,0.0009884305404697772
MITD1,0.0009881431512362608
LIPT1,0.0009881431512362608
ZNF559,0.0009879639370595364
CYB561A3,0.0009878805489469623
TMEM138,0.0009878805489469623
DAK,0.0009878805489469623
ZCCHC2,0.000987711671030187
DAAM1,0.0009869248578499661
TTPA,0.0009868841285296962
RN7SKP135,0.0009867547919595477
TOMM5,0.0009866114108692536
SNORA20|ENSG00000206947.1,0.0009865498595592523
TRHDE,0.0009854516926959757
GPR135,0.0009840108929949534
L3HYPDH,0.0009840108929949534
MUM1,0.000983547061581315
SPATA19,0.000983502567678616
TTC9C,0.0009833094897472622
LRRN3,0.00098299018654769
ZNF561,0.0009827306634409086
ORAI3,0.000982626858617392
LRRIQ1,0.0009825694534536758
RN7SL31P,0.0009819000509535165
KCNK15,0.0009815508189776072
IP6K3,0.0009813501372045693
NCAPD3,0.0009811254235179128
MYL12A,0.0009804367856437715
CLIP2,0.0009803167870634233
RFC2,0.0009803167870634233
RN7SL575P,0.000979895092576151
NPAS2,0.0009784831838808435
VWCE,0.0009769355102337317
ANK1,0.0009763014520450514
TAF6L,0.0009759330689411679
TMEM223,0.0009759330689411679
TMEM179B,0.0009759330689411679
NXF1,0.0009759330689411679
SYS1,0.0009755967000440824
TP53TG5,0.0009755967000440824
DNAJB9,0.0009748586079055328
SNORA70|ENSG00000201376.1,0.0009747953414143989
TMX1,0.0009747953414143989
YAE1D1,0.0009744608188871166
NT5C3A,0.0009742434619120412
PYGL,0.0009741469181728991
ABHD12B,0.0009741469181728991
LRRC19,0.0009732898606316335
RN7SL119P,0.000972999402401264
TSGA10,0.00097277462693265
PPP1R12A,0.0009720858402813715
LIN7A,0.0009719117673314163
snoU13|ENSG00000238629.1,0.0009714148177096143
CLUHP3,0.0009713312125831156
VPS26B,0.0009709195166905588
THYN1,0.0009709195166905588
GLB1L3,0.0009709195166905588
ACAD8,0.0009709195166905588
B3GAT1,0.0009709195166905588
GLB1L2,0.0009709195166905588
CDK13,0.0009703894174269195
OR8D4,0.0009703571520271166
OR4D5,0.0009702330517540959
snoU13|ENSG00000239013.1,0.000970041771729533
ARFGEF1,0.0009699998572916816
MLN,0.0009698426573426582
LEMD2,0.0009698426573426582
CYYR1,0.0009697436205720372
CCDC83,0.0009692897226812935
YWHAB,0.0009688009892997603
ESCO1,0.0009686774941995329
OR10S1,0.000968384385618065
MATN4,0.0009680681746617882
RBPJL,0.0009680681746617882
FBXL19,0.0009680628451854147
ZSCAN16,0.0009676981602189049
ZKSCAN8,0.0009676981602189049
ZNF165,0.0009676981602189049
ZNF192P1,0.0009676981602189049
ZSCAN12P1,0.0009676981602189049
SEMA3A,0.0009676939396082335
PABPC1L,0.0009676788668853654
TOMM34,0.0009676788668853654
WFDC12,0.0009672494833084285
WFDC5,0.0009672494833084285
KCNS1,0.0009672494833084285
FAM183B,0.0009670892262766518
PLEKHB1,0.0009667895243019089
MGAT4C,0.0009665164495439662
SNORA51|ENSG00000206853.1,0.00096596828507427
CPA6,0.0009657043369057979
CTAGE1,0.0009650915259344431
RP9P,0.0009649939195716879
STK4,0.0009649766129078421
snoU13|ENSG00000238907.1,0.0009640409062048299
DISC1FP1,0.0009638741848868417
LYPLA1,0.0009628993991770251
IGSF9B,0.0009620356856777689
EXD2,0.0009612393352170696
C11orf30,0.0009612275757019857
DLAT,0.0009611805982444905
ROCK1,0.000960672320796178
RN7SL662P,0.000960672320796178
ANKRD30B,0.000960672320796178
ZNF121,0.0009601935455998634
ZNF426,0.0009601935455998634
MS4A10,0.0009600345731333277
C11orf1,0.0009596793416216077
C11orf52,0.0009596793416216077
DIXDC1,0.0009596793416216077
RNA5SP351,0.0009596793416216077
HSPB2,0.0009596793416216077
CRYAB,0.0009596793416216077
FDXACB1,0.0009596793416216077
SLPI,0.0009588450154291823
XKR4,0.0009581551960209007
SNORA70E,0.0009580300085788828
GAL,0.0009577999976361837
C12orf50,0.0009575341833674261
KLF5,0.0009574232884883017
JAM3,0.0009567136824477571
ATL1,0.0009561258151131575
STARD7,0.0009557470679707594
ZNF317,0.0009556566102193443
DDB1,0.0009555055118682233
FRMD6,0.0009553151770873302
NCOA2,0.0009552731371771832
C12orf29,0.0009552194041558352
VPS41,0.0009547186854250981
OR1M1,0.0009546356941663569
OR7G1,0.0009546356941663569
OR7G3,0.0009546356941663569
OR7G2,0.0009546356941663569
TMPO,0.0009543210586881466
ZNF202,0.0009540743403428612
GRAMD1B,0.0009540743403428612
OR6X1,0.0009540743403428612
SCN3B,0.0009540743403428612
PENK,0.0009539953661596128
RN7SL210P,0.0009535903733523225
GPAT2,0.0009535903733523225
ADRA2B,0.0009535903733523225
ASTL,0.0009535903733523225
FAHD2CP,0.0009535903733523225
DUSP2,0.0009534508567193238
TSPAN19,0.0009534444094371448
DEFB119,0.0009533794864016332
SNORA40|ENSG00000212134.1,0.0009533794864016332
PKIA,0.0009531747560713058
ZFP36L1,0.0009527795809441396
RN7SL224P,0.0009527795809441396
C14orf37,0.0009515253429373435
ARHGEF7,0.0009514142483352274
SIGLEC15,0.0009510721500454056
ITPR3,0.0009509659644153322
LINC00336,0.0009509659644153322
GGNBP1,0.0009509659644153322
BAK1,0.0009509659644153322
ANKRD7,0.0009505953574262272
PSTPIP2,0.000950553218303463
ATP5A1,0.000950553218303463
HAUS1,0.000950553218303463
MNF1,0.0009500254492343114
SBP1,0.0009500254492343114
MIR3934,0.0009500254492343114
BMS1,0.0009500106286017122
ALG9,0.0009486645506893653
NIN,0.0009481988088017836
snoU13|ENSG00000238732.1,0.0009478295812913305
ANKRD10,0.0009468281964548688
LINC00346,0.0009468281964548688
HOOK3,0.000946095358825126
OR6T1,0.0009459521914396506
OR7D2,0.0009449864820533729
PLAA,0.0009444674594041681
MRPL39,0.0009441448835197368
THAP5,0.0009441133164330893
OR6M1,0.0009437269451647984
LINC00515,0.0009437266889181061
MIR155HG,0.0009437266889181061
RAB20,0.0009433110155827416
CHP2,0.0009428543714881561
MRPL15,0.0009424325054230856
RNU6ATAC32P,0.0009424325054230856
OR7D4,0.0009423564213074531
ARHGAP32,0.0009411084549099418
C18orf25,0.0009411012472895076
OR7E24,0.0009399780545468943
OR7E19P,0.0009399780545468943
ZNF699,0.0009399780545468943
RNU105C,0.0009395372879042603
SEMG1,0.0009393052001213718
WBSCR28,0.0009384733912121418
TRIM9,0.0009381119144975681
CACNA2D1,0.00093722183181073
NARS2,0.0009372064063863751
GAB2,0.0009372064063863751
SEMG2,0.0009371182064361724
ZNF266,0.0009370906437709977
ZNF560,0.0009370906437709977
RN7SKP11,0.0009368737513373388
MIR1255B1,0.0009368689788910947
ZNF177,0.0009367286569156457
USP35,0.0009364698164918325
SLC20A2,0.0009360040186520202
MIR1252,0.0009356731496059704
C19orf45,0.0009350291091726729
IL7,0.0009349936537340056
PNPLA8,0.0009348775297379347
ZC2HC1A,0.0009346992098612963
SNORD112|ENSG00000252380.1,0.0009346790054969994
ALG8,0.0009336846728151103
ANKRD62,0.0009333219055612867
ITGAD,0.0009332350277243894
ARMC5,0.0009331908454282353
ZNF843,0.0009331908454282353
COX6A2,0.0009331908454282353
L3MBTL4,0.0009327935013639213
LOXHD1,0.0009327502876869954
ARHGAP17,0.0009314833279816119
SLC5A11,0.0009314833279816119
PSMG2,0.0009312653686197925
U8|ENSG00000200496.1,0.0009307135337766733
MIR4493,0.0009299389769002349
KCTD21,0.0009292095417577005
PAWR,0.0009284381639320838
TMPRSS11D,0.0009279639466546121
FLJ14082,0.000927893153511895
TRIM43,0.000927893153511895
LINC00342,0.000927893153511895
DBNDD2,0.0009278148956025389
SDC4,0.0009277547819017675
RNA5SP385,0.000927091514319811
VWA5A,0.0009268835425920714
JKAMP,0.0009264634135523767
CCDC175,0.0009264634135523767
APP,0.0009262801328813351
SIAH1,0.000924468772570036
RNA5SP266,0.0009243637440117508
BRD7,0.000924046409278476
snoU13|ENSG00000238544.1,0.000924046409278476
SC5D,0.0009236982541590462
OPCML,0.0009231914077483711
TMEM30B,0.0009227142064652783
NAPG,0.0009225108391432731
OR10G7,0.0009222190840544003
OR10G8,0.0009222190840544003
RN7SKP65,0.0009208831859430088
SLC6A15,0.0009208026762051267
SNORD14D,0.0009189668010373075
HSPA8,0.0009189668010373075
SNORD14E,0.0009189668010373075
SNORD14C,0.0009189668010373075
SNORD112|ENSG00000238966.1,0.0009186648460680183
ANKRD36C,0.0009184845005740525
RNF165,0.0009181570509850432
IL21R,0.0009181568019212464
PSMA2,0.0009181514105991867
MRPL32,0.0009181514105991867
C7orf25,0.0009181514105991867
MIR3943,0.0009181514105991867
CEP290,0.0009173370041681401
IL4R,0.0009169477254232345
POU6F2,0.0009168275239120508
AMPH,0.0009167563755150541
RNA5SP364,0.0009160527246720084
snR65|ENSG00000252576.1,0.0009158183387976264
SNORD112|ENSG00000252572.1,0.0009158183387976264
CUTA,0.000915530671859785
PHF1,0.000915530671859785
BARX2,0.00091552605791161
KBTBD2,0.0009154078313833423
PCLO,0.0009146867828446659
TMEM225,0.0009145676603247175
BHLHE22,0.0009142146384381379
PIGT,0.0009116929735671463
OR10G4,0.0009105065858731126
OR10G9,0.0009105065858731126
MKRN9P,0.0009098197394527566
PI3,0.0009097235342275954
LINC00596,0.0009092934052354244
RNA5SP405,0.0009084411970373748
MIR548W,0.0009084411970373748
RN7SL50P,0.0009078576769506776
KIAA1468,0.0009077846900295394
TRIM72,0.0009077256735999144
C16orf98,0.0009077256735999144
PYDC1,0.0009077256735999144
PYCARD,0.0009077256735999144
FUS,0.0009077256735999144
APIP,0.0009076235019249542
TMTC2,0.0009072958640853168
TBC1D10B,0.0009067558044155537
CYP7B1,0.0009055589633016724
SNORA1|ENSG00000201541.1,0.0009051389117211909
FAHD2A,0.0009050618378409799
SORL1,0.0009049595351732704
CACNG3,0.0009049087621239534
RNA5SP163,0.0009045433996383364
LINC00533,0.0009004137838980245
CCNYL2,0.0008986761879514879
TMPRSS11A,0.000898092789330923
IGJ,0.0008980758363471978
CEP76,0.0008977961998517089
IL18,0.000896597291047241
BCO2,0.000896597291047241
TEX12,0.000896597291047241
SDHD,0.0008964760196208798
IL1RAPL2,0.0008962562332182561
KLF9,0.000895729731766124
UTP3,0.0008949112793851723
snoU13|ENSG00000238314.1,0.0008944738197110814
TNFRSF11A,0.000894035981072702
MIR5100,0.0008938857876667445
TGFB1I1,0.0008928910685488313
MUC7,0.0008927893309222429
CD2BP2,0.0008910860967447521
AMBN,0.0008909668851717909
ENAM,0.0008909668851717909
SLC9A7P1,0.0008907710011507472
RN7SL179P,0.0008907710011507472
RNA5SP366,0.0008905235903337164
NOS1,0.0008903721682847901
MIR663A,0.0008875284878772082
PSMA8,0.0008871811847357126
PRKRIR,0.0008871210731419889
FBN3,0.0008865986008591591
CCL25,0.0008865986008591591
FOLH1B,0.0008852209271560071
AMTN,0.0008846688517179031
NAA38,0.0008845201421968228
FOXD4L1,0.0008839268010310801
CBWD2,0.0008839268010310801
MTL5,0.0008833871101183082
IFT74,0.0008830072880705777
SETBP1,0.0008825599220543358
WNT11,0.000882479167014116
HIF1A,0.000881743465323537
IGFBP7,0.0008813291139240509
TSGA10IP,0.00088085155350978
PNPLA6,0.0008802708843989921
SLC25A3,0.0008801553509781348
SNORA53,0.0008801553509781348
LONRF2,0.0008800928605581712
MCOLN1,0.0008800417003222545
ZNF358,0.0008800417003222545
SMIM19,0.000878433146515113
FLI1,0.0008775455930346512
ST8SIA5,0.0008771384733410037
MIR4319,0.0008766160355203496
PHF3,0.000876051124927317
AHSP,0.0008751463538560069
RB1CC1,0.000875043952180025
C12orf74,0.0008745886297712337
PLEKHG7,0.0008745886297712337
LSM5,0.0008741077915415655
MIR550A2,0.000874074926479989
LINC00668,0.0008736068416615658
DCUN1D4,0.0008734374999999987
EPYC,0.0008718165931892205
EEA1,0.000871404114145818
CTSG,0.0008713194453968196
GZMH,0.0008713194453968196
CD5,0.0008707742149946413
PGA5,0.0008707161739332307
PGA3,0.0008707161739332307
PGA4,0.0008707161739332307
LUM,0.0008706989080393523
DDX18,0.0008701686194098557
RN7SL723P,0.0008696486502766576
RPL6P27,0.0008696486502766576
RN7SL282P,0.0008696486502766576
STX5,0.0008689508218491796
LRRK2,0.0008687527905506866
MIR4490,0.0008682458119229641
WDR74,0.0008659447190984145
SNHG1,0.0008659447190984145
FAM110B,0.000865200249014319
SNORA31|ENSG00000251999.1,0.000865058176703746
ZNF716,0.00086479671612945
MIR3147,0.00086479671612945
ETS1,0.0008638900853035639
SNORD112|ENSG00000252077.1,0.0008631371572201716
KIAA0586,0.0008627191356390017
DACT1,0.0008627191356390017
GRSF1,0.0008616890822784828
RUFY3,0.0008613952305605804
snoU13|ENSG00000238318.1,0.0008613952305605804
PEX11G,0.0008608923466079973
KCNJ1,0.0008589759525468219
KCNJ5,0.0008589759525468219
C11orf45,0.0008589759525468219
TP53AIP1,0.0008589759525468219
DDI1,0.0008584042961258139
GABPA,0.0008575629186846741
ATP5J,0.0008575629186846741
TIMM9,0.0008574228059954444
TOMM20L,0.0008574228059954444
snoU83B,0.0008570338549600178
VPS37C,0.0008568760190163592
SOGA2,0.0008563457358394059
MIR4741,0.0008555728845526102
MYLPF,0.000855422011529886
SEPT1,0.000855422011529886
ZNF48,0.000855422011529886
PLK1,0.0008550608661913775
SLC22A25,0.0008537240498370473
PAX8,0.000853083963899426
ZSCAN23,0.0008529343062445802
IL36A,0.0008520122217372344
IL36B,0.0008520122217372344
IL1F10,0.0008520122217372344
IL36RN,0.0008520122217372344
ITFG1,0.0008519418426931043
TBC1D15,0.000850717225128844
PROL1,0.0008506955814767574
GMPR,0.0008497309659045373
C2orf15,0.0008495366248049987
MRPL30,0.0008495366248049987
SAV1,0.0008493773174785826
RN7SL452P,0.0008493773174785826
IKBIP,0.0008489585730724973
RN7SL745P,0.0008477413558839701
RNA5SP235,0.0008464889328901797
SCAND3,0.0008458043202598412
IMPAD1,0.0008457301608537128
ELN,0.0008455000331367222
MIR4303,0.000845149597238205
MIR4495,0.000845149597238205
SART1,0.0008450402761795153
LIMK1,0.0008449201404997012
EIF4H,0.0008449201404997012
POLR1E,0.0008447093803674783
CD320,0.000844660709743955
RPS28,0.000844660709743955
NDUFA7,0.000844660709743955
DCK,0.0008442585895117556
MOB1B,0.0008442585895117556
RNA5SP463,0.0008439703625859772
NUCB2,0.0008437132976640976
SOX1,0.0008430338337789133
REST,0.0008427582504520793
C11orf34,0.0008425269619834982
C16orf58,0.0008408332781054607
SLC5A2,0.0008408332781054607
METTL25,0.000840725715952958
RBBP6,0.0008391583100443851
JAM2,0.0008389584863446399
MIR5580,0.0008387773867984369
BMP4,0.0008387773867984369
SVIP,0.0008384766219445867
snoU13|ENSG00000238865.1,0.0008378735596497963
MYH6,0.0008373930267988575
MIR208B,0.0008373930267988575
EFS,0.0008372697073475255
SLC22A9,0.0008365453105662982
ZNF629,0.0008358319886934721
IL25,0.0008351218935701737
TRNAI2,0.0008350632430639374
snoU13|ENSG00000238537.1,0.0008348989880671723
GSX1,0.0008348356566226213
MIR208A,0.0008347365202847644
CMTM5,0.0008347365202847644
LINC00667,0.0008337047905067587
LINC00526,0.0008337047905067587
STXBP6,0.0008330922242314649
RNA5SP425,0.0008328304006479319
CLEC4M,0.0008328186008032608
POLR2B,0.0008325582052441231
snoU13|ENSG00000238579.1,0.0008325582052441231
TRIM64B,0.0008324991992870186
TRIM49C,0.0008324991992870186
TRIM77,0.0008324991992870186
TRIM49,0.0008324991992870186
TRIM49D1,0.0008324991992870186
FBXO10,0.0008309830694398335
NOA1,0.0008307640144665463
APAF1,0.0008305953261059708
CERS4,0.0008304568868417577
snoU13|ENSG00000238800.1,0.0008302071346375142
snoU13|ENSG00000238541.1,0.0008299446202531653
SMR3B,0.0008298111993134532
ZNF107,0.0008286979492941698
CABS1,0.0008284279406949052
C18orf42,0.0008283753122965245
RNA5SP424,0.000827822845771662
PHKB,0.000827822845771662
snosnR66,0.0008275896676744741
LYG1,0.0008275895229479361
LYG2,0.0008275895229479361
SMR3A,0.0008270785577976274
snoU13|ENSG00000238528.1,0.0008268122997897347
FKBP9,0.0008265710811183819
CCDC179,0.0008264869800372203
MYH7,0.0008255646360920064
PIK3C2A,0.0008252696942015718
SNORD44,0.0008251710064209905
RN7SL188P,0.0008246933315933702
RPL36AL,0.0008241710942980668
MGAT2,0.0008241710942980668
LRR1,0.0008241710942980668
U3|ENSG00000251793.1,0.0008240992567498972
MIR4639,0.0008240992567498972
MYLIP,0.0008240992567498972
HRASLS5,0.0008238870827181973
PDZRN4,0.0008235775873365335
CRYGEP,0.0008231541904811064
CRYGC,0.0008231541904811064
CRYGD,0.0008231541904811064
C2orf80,0.0008231541904811064
CRYGA,0.0008231541904811064
CRYGB,0.0008231541904811064
ADNP,0.0008230424402727464
snoU13|ENSG00000239038.1,0.0008207321245295909
RNF40,0.0008192341906936806
CNEP1R1,0.0008189244096417082
PAPD5,0.0008188737260467212
HIST1H2BJ,0.0008185914064480923
SLC22A17,0.0008183941238281441
MOG,0.0008179910923581844
ZFP57,0.0008179910923581844
C12orf40,0.0008178473474547263
SNORD56|ENSG00000207299.1,0.0008168692818648972
TPH2,0.0008162044301005626
ZP1,0.0008157203745594792
PTGDR2,0.0008157203745594792
EVI5L,0.0008156186153368847
KIF21A,0.0008155598207089298
LUZP2,0.0008154881066042463
ZBTB14,0.0008153929557951613
TMPRSS11GP,0.0008151248869801091
TMPRSS11F,0.0008151248869801091
ADCY7,0.000814882392941464
MIR620,0.0008137817682268667
snoU13|ENSG00000239087.1,0.0008132872275508107
RASA3,0.0008130565109670841
HGF,0.0008121256919187236
RBBP8,0.0008111392405063295
HIST1H2AH,0.0008109408827602375
HIST1H4I,0.0008109408827602375
HIST1H2BK,0.0008109408827602375
HIST1H2AG,0.0008109408827602375
MIR3143,0.0008109408827602375
PRSS16,0.0008109408827602375
MIR4693,0.0008094679689005984
NRCAM,0.0008094059196079592
N4BP1,0.0008093789992524139
SLC5A8,0.0008091714614499414
ZNF688,0.0008090252367530581
PPP1R3E,0.0008088779728337526
BCL2L2,0.0008088779728337526
ZNF747,0.0008072922483277045
ERN2,0.0008069914711119428
HEATR3,0.0008066167433256037
RNY4P3,0.0008066167433256037
snoU13|ENSG00000239031.1,0.0008066117441895426
GPX5,0.0008064169873862674
GPX6,0.0008064169873862674
RN7SL108P,0.0008059456478524612
NTM,0.000805777397558514
LINC00354,0.0008056026439676088
RN7SKP90,0.0008031884814476477
C11orf58,0.0008031884814476477
BTG1,0.0008029902513017515
HOMEZ,0.0008029612083250902
PLEKHA7,0.0008025088085606147
PABPN1,0.0008016997531041817
LGALS12,0.0008004886609178718
CLEC4G,0.0008002548974121752
DNAAF2,0.0008001766394347522
TMPRSS11BNL,0.0007997202757685363
FTLP10,0.0007997202757685363
TMPRSS11B,0.0007997202757685363
GTF3C1,0.0007996347625956853
SEMA3E,0.0007991859570599305
KHNYN,0.0007991757751964549
CMA1,0.0007991757751964549
SDR39U1,0.0007991757751964549
MIR1261,0.0007982091880074086
RN7SL463P,0.0007969992638886885
C11orf44,0.0007960729838143238
LAMA1,0.000795974625846634
MIR1343,0.0007957351774566301
SNORA70|ENSG00000252526.1,0.0007956521922766645
LINC00240,0.000794905940665459
NELL1,0.0007943589729263076
RN7SL537P,0.0007942981879726007
CLLU1,0.0007939423238980644
CLLU1OS,0.0007939423238980644
CD209,0.0007938181787691684
ZBTB5,0.0007935749029343419
IMMP2L,0.0007921037012781004
TIMM44,0.0007911350481146794
CTXN1,0.0007911350481146794
SNAPC2,0.0007911350481146794
TGFBR3L,0.0007911350481146794
MAP2K7,0.0007911350481146794
LRRC8E,0.0007911350481146794
RN7SL115P,0.0007911350481146794
SLC22A10,0.0007909581812900174
MIR762,0.0007897471050128429
RNA5SP450,0.0007895035930124177
TXNDC2,0.0007895035930124177
RNA5SP449,0.0007895035930124177
RN7SL862P,0.0007895035930124177
F13A1,0.000787109600861079
TWSG1,0.0007859967335708745
RNY1P8,0.0007858174829345875
DCN,0.0007856439551861505
PHKG2,0.0007855649220365621
C16orf93,0.0007855649220365621
ZNF768,0.0007853415641980497
ITGAL,0.0007853415641980497
MIR4518,0.0007853415641980497
OR7E14P,0.0007852614293792677
C18orf8,0.0007842381766795091
GGA2,0.0007838574684929988
EARS2,0.0007838574684929988
UBFD1,0.0007838574684929988
NDUFAB1,0.0007838574684929988
PALB2,0.0007838574684929988
DCTN5,0.0007837466137335192
RN7SKP166,0.0007836134513074523
HELB,0.0007836134513074523
PTPRM,0.0007825093749488287
NPC1,0.0007821400970361823
CHORDC1,0.0007814624500424738
C12orf63,0.0007796609557900225
ELAVL1,0.0007795528674561385
PSD4,0.0007785545698185398
TCP11,0.0007771586929734422
SLC14A2,0.0007771359161232568
TOX,0.000776196488987827
APCDD1,0.0007757900678868768
MIR4300,0.000775680149825261
ZNF391,0.0007752091825788485
POM121L2,0.0007752091825788485
ZNF680,0.0007751548718764598
PCP2,0.0007744688938514373
XAB2,0.0007744688938514373
PET100,0.0007744688938514373
CAMSAP3,0.0007744688938514373
NAALAD2,0.0007743047722493783
PDHX,0.0007740747766702329
CD6,0.0007736270529229126
KERA,0.0007733242715147401
RNA5SP348,0.0007732029152282319
RIOK3,0.0007724699586801061
TENM4,0.0007713872906277958
STXBP2,0.0007712882660547641
RETN,0.0007712882660547641
C19orf59,0.0007712882660547641
TRAPPC5,0.0007712882660547641
FCER2,0.0007712882660547641
IL1RN,0.0007710133618180792
RN7SL706P,0.0007708052787503359
ZNF273,0.0007703090145541461
NTS,0.0007686790913042336
RN7SL1,0.000766799612064025
RPS29,0.000766799612064025
RNA5SP384,0.000766799612064025
ZNF764,0.0007666524168013131
ZNF138,0.0007649228872294103
ZNF469,0.0007631212976606845
AFF3,0.0007626713370318693
MAGI2,0.0007613973552082606
ZNF479,0.0007604543776958268
VAPA,0.0007591659400463032
CCDC86,0.0007589662447257403
ZNF117,0.0007588804810060309
MED13L,0.0007577682922840407
LINC00622,0.0007577050376234394
NEDD1,0.0007576261892253582
ZNF184,0.0007568410992568914
ZFHX2,0.000756685584213053
LONP2,0.000755650164932862
ARMC1,0.0007551952963338207
IKBKB,0.0007537365836723896
SNORA22|ENSG00000199571.1,0.0007535588581501458
MTM1,0.0007515682594749785
RNA5SP336,0.0007514953247529658
NKD1,0.000751483415360045
SNX20,0.000751483415360045
ODAM,0.0007513986211573252
ZNF785,0.0007511176483374745
BCL7C,0.0007510176260142563
MIR4519,0.0007510176260142563
STATH,0.0007509606690777588
FDCSP,0.0007508561256781208
CSN2,0.000750500113019893
CSN1S1,0.000750500113019893
FBXW8,0.000750298465966702
TESC,0.000750298465966702
C4orf40,0.000750251469258591
CSN1S2AP,0.000750251469258591
HTN1,0.000750251469258591
snoU13|ENSG00000239077.1,0.0007496657946412009
ACTR6,0.0007490563866513235
DEPDC4,0.0007490563866513235
GOLGA2B,0.0007490563866513235
RN7SL176P,0.0007490563866513235
ZNF689,0.0007488062718729382
RPS13,0.0007487494018878581
SNORD14A,0.0007487494018878581
SNORD14B,0.0007487494018878581
SLC15A3,0.0007480670797098393
TMEM132A,0.0007480670797098393
TMEM109,0.0007480670797098393
PRPF19,0.0007480670797098393
HTN3,0.0007480193264014476
ANKS1A,0.0007479361585030272
SLC17A2,0.0007476469266776383
SSR1,0.0007468888157485072
SLC6A5,0.0007464918186669023
RN7SKP171,0.0007451313054978273
LINC00588,0.0007450962531987133
RAB31,0.0007443037974683548
DHCR7,0.0007436156184897995
RNU4ATAC,0.0007429457867672033
ANKS1B,0.0007408095532130733
SNORA38|ENSG00000201042.1,0.000740580789277737
DCTPP1,0.0007399383070246047
SNORA42|ENSG00000199787.1,0.0007399383070246047
ZNF771,0.0007399383070246047
CD83,0.0007390884653983822
C11orf31,0.0007385913664394669
CTNND1,0.0007385913664394669
BTBD18,0.0007385913664394669
SEPHS2,0.0007376277086951674
HRK,0.0007371904948811034
FBXO21,0.0007368511431655375
CSN3,0.0007367964511754085
RNF182,0.000736512520133117
SLC17A1,0.0007353967329760366
SLC17A4,0.0007353967329760366
OR2J3,0.0007350188675038631
OR2J1,0.0007350188675038631
OR2B3,0.0007350188675038631
OR2W1,0.0007350188675038631
OR2J2,0.0007350188675038631
ZSCAN12,0.00073383795688639
DRAP1,0.0007335270425776743
C11orf68,0.0007335270425776743
HCG9,0.0007329348335677495
MIR4782,0.0007320728407775311
SLC35F5,0.0007320728407775311
WASH2P,0.0007319705003805784
RABL2A,0.0007319705003805784
FAM138B,0.0007319705003805784
RPL23AP7,0.0007319705003805784
NGDN,0.0007318675446326477
RNU6ATAC30P,0.0007309854076821373
SRCAP,0.0007307536786650912
LRRN4CL,0.0007304062249098884
UBXN1,0.0007304062249098884
SNORA57|ENSG00000206597.1,0.0007304062249098884
METTL12,0.0007304062249098884
C11orf83,0.0007304062249098884
C11orf48,0.0007304062249098884
GZMB,0.0007298974670614539
PIGN,0.0007298297023995358
VCP,0.0007297530074512969
CCT6P3,0.0007296760700163412
LINC00404,0.0007296403365520237
LINC00403,0.0007296403365520237
RALBP1,0.0007280176169579062
LINC00158,0.0007274887152800474
TMEM194A,0.0007272440899369969
NAB2,0.0007272440899369969
LINC00173,0.0007270630948876452
EPHA5,0.0007261552231172471
C14orf164,0.0007256784496689636
SNORA31|ENSG00000252291.1,0.0007252349324115094
MIR4770,0.0007239014895378444
POLE2,0.0007235564896825235
RING1,0.0007232752896827977
SLC39A7,0.0007232752896827977
HSD17B8,0.0007232752896827977
RXRB,0.0007232752896827977
COL11A2,0.0007232752896827977
RNY4P10,0.0007232752896827977
IRAK3,0.0007222104624416124
CRTAM,0.0007210919257711684
RNU6ATAC5P,0.0007209906193490052
RN7SL816P,0.0007208822725646384
PRKG1,0.0007188996349499837
NEURL3,0.0007182734664739771
DDX10,0.0007171550043907556
ADTRP,0.0007168323603645259
SNORA67|ENSG00000207419.1,0.0007168323603645259
EML1,0.0007151433129916004
C12orf49,0.0007148914074510181
MAP1LC3B2,0.0007148914074510181
HIST1H2AA,0.000714224803891454
HIST1H2BA,0.000714224803891454
SCGN,0.000714224803891454
RNFT2,0.0007137302521832982
TRIM38,0.000713243688078525
ZDHHC5,0.0007129422265498208
HCG24,0.0007129210612472227
SNORA30|ENSG00000206755.1,0.0007128619456008143
ZFP91,0.000711108141597221
FTO,0.0007110015577922246
TMEM170B,0.0007107826137217497
RDH16,0.0007106554534419975
BCAS4,0.0007103750522416697
DNAJA2,0.0007100451550817962
GPT2,0.0007100451550817962
C16orf87,0.0007100451550817962
C12orf55,0.0007098711083526998
SRRM4,0.0007091473608789111
HS3ST4,0.0007086638220141858
TAF11,0.0007079694721923229
SNRPC,0.0007079694721923229
UHRF1BP1,0.0007079694721923229
SLC17A8,0.0007077387802071348
snoU13|ENSG00000238748.1,0.0007077387802071348
NAV3,0.000706893015203085
RN7SL508P,0.0007064564923174906
TMX2,0.0007057773450178509
snoU13|ENSG00000238520.1,0.0007039227087713009
GAS2L3,0.0007037917146144995
NR1H4,0.0007037917146144995
GNAI1,0.0007032487094264903
RNA5SP337,0.0007020553207300459
SLC35B3,0.0007018422480585669
SNX29P2,0.0007017402656417889
U3|ENSG00000212182.1,0.0007005471813451403
ZKSCAN3,0.0006996896620764864
ZSCAN31,0.00069902226869258
KLHDC2,0.000697580431033758
PRR14,0.0006958402469332571
FBRS,0.0006958402469332571
IRX3,0.0006952541953572743
PRKCH,0.0006952364360575384
ZNRD1,0.0006948312236286966
RNF39,0.0006948312236286966
TRIM31,0.0006948312236286966
PPP1R11,0.0006948312236286966
SCYL2,0.0006925086306098962
HCG17,0.0006921513165236218
HIST1H1C,0.0006917600025674053
HIST1H1A,0.0006917600025674053
HIST1H3A,0.0006917600025674053
HIST1H4A,0.0006917600025674053
HIST1H4B,0.0006917600025674053
HIST1H3C,0.0006917600025674053
HIST1H2BB,0.0006917600025674053
HIST1H2AB,0.0006917600025674053
HIST1H3B,0.0006917600025674053
FER1L5,0.0006911670990545508
MIR1251,0.0006909689265787324
TRIM40,0.000690928270042199
TRIM10,0.000690928270042199
SNORA48|ENSG00000252228.1,0.000690928270042199
MED19,0.0006907172995780586
MIR135A2,0.0006904544365891112
CLDN4,0.0006900119670039566
WBSCR27,0.0006900119670039566
RMST,0.0006899665581506767
ZBTB42,0.000689393730243085
AKT1,0.000689393730243085
LRRC16A,0.0006892797051150968
DPP10,0.0006891519419363204
SH3RF3,0.0006883940738797433
LMAN2L,0.0006881444465725284
UTP20,0.0006880011690138273
KLHDC1,0.0006879295454608961
INTS4L2,0.0006872864193357004
SNORA15|ENSG00000207062.1,0.0006872864193357004
ZNF92,0.0006872864193357004
SNORA63|ENSG00000200130.1,0.0006872864193357004
SNORA63|ENSG00000252102.1,0.0006872864193357004
INTS4L1,0.0006872864193357004
SNORA22|ENSG00000207344.1,0.0006872864193357004
PPP4R1,0.0006866145973606249
FANCG,0.0006850620567375882
NOD2,0.0006849079213784914
ACTR3,0.0006831685825468521
ABCC11,0.0006830670332780015
GC,0.0006824338833634732
PPP4C,0.0006816149541923886
SLX1B,0.0006816149541923886
PRRT2,0.0006816149541923886
QPRT,0.0006816149541923886
RN7SKP127,0.0006816149541923886
SEZ6L2,0.0006816149541923886
SLX1A,0.0006816149541923886
SULT1A4,0.0006816149541923886
SPN,0.0006816149541923886
SULT1A3,0.0006816149541923886
MVP,0.0006816149541923886
TAOK2,0.0006816149541923886
TBX6,0.0006816149541923886
TMEM219,0.0006816149541923886
YPEL3,0.0006816149541923886
snoU13|ENSG00000239193.1,0.0006816149541923886
snoU13|ENSG00000239114.1,0.0006816149541923886
PAGR1,0.0006816149541923886
KIF22,0.0006816149541923886
MAZ,0.0006816149541923886
MAPK3,0.0006816149541923886
ALDOA,0.0006816149541923886
ASPHD1,0.0006816149541923886
BOLA2B,0.0006816149541923886
BOLA2,0.0006816149541923886
C16orf54,0.0006816149541923886
C16orf92,0.0006816149541923886
CDIPT,0.0006816149541923886
CORO1A,0.0006816149541923886
DOC2A,0.0006816149541923886
FAM57B,0.0006816149541923886
GDPD3,0.0006816149541923886
HIRIP3,0.0006816149541923886
INO80E,0.0006816149541923886
KCTD13,0.0006816149541923886
snoU13|ENSG00000238639.1,0.0006816149541923886
ZG16,0.0006816149541923886
CCDC101,0.0006814629509180959
NUPR1,0.0006814629509180959
OSGEPL1,0.0006807612129548054
ANKAR,0.0006807612129548054
KIAA0556,0.000680712463101013
PGBD1,0.0006803741852239133
RN7SL221P,0.0006796080663956496
NRN1,0.0006796080663956496
MIR3127,0.0006792540873713725
CNNM3,0.0006792540873713725
CNNM4,0.0006792540873713725
RN7SL869P,0.0006781528887631714
STOML2,0.0006777398105754549
PIGO,0.0006777398105754549
LINC00392,0.0006764850171989902
DRAM1,0.0006763932270261386
RNA5SP118,0.0006763030487583414
SLC2A13,0.000676185947801479
RNA5SP457,0.0006761296417474508
RNA5SP280,0.0006752077739419522
GNAT3,0.0006749649954034369
SNORD59A,0.0006741488931275657
ATP5B,0.0006741488931275657
RNA5SP367,0.0006737766452956323
ARL1,0.0006737766452956323
SPIC,0.0006737766452956323
SEMA3C,0.0006733950922848455
RANBP9,0.0006724119543549051
NOL7,0.0006724119543549051
RN7SKP204,0.0006721986595240243
SIRT5,0.0006721986595240243
HSFX1,0.0006721646092996487
TMEM185A,0.0006721646092996487
MAGEA9,0.0006721646092996487
HSFX2,0.0006721646092996487
CXorf40B,0.0006721646092996487
MAGEA11,0.0006721646092996487
MAGEA8,0.0006721646092996487
MAGEA9B,0.0006721646092996487
RNU4ATAC9P,0.0006715613698010858
RN7SL35P,0.0006714829219998587
OR9I1,0.0006713972736124628
AQP8,0.0006706177843106455
ZKSCAN2,0.0006706177843106455
RNF152,0.0006705209809526065
CD36,0.0006704928930061521
LPXN,0.0006704903862776351
CUL4A,0.0006704901019438942
PCID2,0.0006704901019438942
PROZ,0.0006704693974207323
F10,0.0006704693974207323
ZNF311,0.0006677591425179351
SLC7A5,0.0006672170243991956
LINC00301,0.0006671527157995288
snoU13|ENSG00000238790.1,0.0006669152973696338
CA5A,0.0006668205301187711
REV1,0.0006664197231858558
TFCP2L1,0.0006657774565323227
SCUBE3,0.000664871104270872
PPARD,0.000664871104270872
ZNF76,0.000664871104270872
DEF6,0.000664871104270872
F7,0.0006646824831969846
BTN2A2,0.0006645834034431536
BTN3A1,0.0006645834034431536
BTN2A1,0.0006645834034431536
BTN2A3P,0.0006645834034431536
BTN3A3,0.0006645834034431536
BTN3A2,0.0006645834034431536
GMDS,0.0006645823631514326
snoU13|ENSG00000239186.1,0.0006634592054728067
HNRNPUL2,0.0006632415996173486
GNG3,0.0006632415996173486
BSCL2,0.0006632415996173486
FBXO31,0.0006628674229647139
ZNF804A,0.000661636453114537
CLDN3,0.0006615773911931388
HIST1H2BH,0.0006601809104204571
HIST1H4G,0.0006601809104204571
HIST1H3F,0.0006601809104204571
HIST1H4F,0.0006601809104204571
TRIM26,0.0006576711204875807
TRIM15,0.0006576711204875807
MIR3182,0.0006569880391646789
ABCD2,0.0006566187513409123
SYCP3,0.0006559628838109864
GNPTAB,0.0006559628838109864
RNA5SP368,0.0006559628838109864
RNA5SP369,0.0006559628838109864
CHPT1,0.0006559628838109864
snoU13|ENSG00000238940.1,0.0006559628838109864
LINC00917,0.0006558776784607209
GPR182,0.0006554216519276332
HBCBP,0.0006554216519276332
ZBTB39,0.0006554216519276332
TAC3,0.0006554216519276332
MYO1A,0.0006554216519276332
FAM214B,0.0006552849223449142
UNC80,0.0006551519909260804
CD44,0.0006549981036362781
TENM1,0.0006549700151971535
PTS,0.0006549409742695478
MAP1LC3B,0.0006546416461022266
HULC,0.0006533544091908785
GLI2,0.0006531991593325721
LRRC66,0.000653130650994573
MS4A15,0.000652641140070011
OR10Q1,0.0006526344096348515
PDGFD,0.0006524996803477811
OR10W1,0.0006522656114942083
ABT1,0.000651785757210095
C16orf95,0.0006517048381402176
SNORA48|ENSG00000212383.1,0.0006513120628865386
OR1S2,0.0006512283667236511
OR9Q2,0.0006512283667236511
OR1S1,0.0006512283667236511
FANCE,0.0006507566201216623
RPL10A,0.0006507566201216623
TEAD3,0.0006507566201216623
LY86,0.0006505822073173979
MCUR1,0.0006505410305421784
MCF2L,0.000649873573005442
snoU13|ENSG00000238626.1,0.0006491550564660691
LRIG3,0.0006481821860008102
OR5B2,0.0006481704154741551
OR5B3,0.0006481704154741551
OR5B12,0.0006481704154741551
OR5B21,0.0006481704154741551
OR5B17,0.0006481704154741551
RN7SL371P,0.000646553048799225
GAN,0.0006465050785538777
MXRA5,0.0006461849078305392
MIR5689,0.0006460654588966158
SDR9C7,0.0006459655511242128
MIR1275,0.0006457936596841015
PDE1C,0.0006454494310190519
FLJ14816,0.0006454175426041044
KANSL3,0.000645012449288736
ARID5A,0.000645012449288736
BCMO1,0.0006447474016414809
ZDHHC7,0.0006447144817969873
ARL6IP6,0.0006446909355924118
KIAA0513,0.0006446109937035652
FAM92B,0.0006446109937035652
CCDC53,0.0006445741319159045
IGF1,0.0006445741319159045
RN7SL793P,0.0006445741319159045
PMCH,0.0006445741319159045
PARPBP,0.0006445741319159045
NUP37,0.0006445741319159045
RN7SL457P,0.0006444587542908162
MIR320C2,0.0006440250607339213
MYBPC1,0.0006439941914625469
HIST1H4H,0.0006439783276524347
HIST1H3G,0.0006439783276524347
HIST1H2BI,0.0006439783276524347
OFCC1,0.0006435067979371779
SHCBP1,0.0006420683084345947
LAMA3,0.0006418393908873027
CXorf28,0.0006409812445505304
STAT6,0.0006402548985607756
DLG2,0.0006400971742743877
snoU13|ENSG00000239079.1,0.0006398225693285662
MIR1208,0.0006375597945535555
OR8K3,0.0006374692093550148
MIR4720,0.0006371800363351677
MAS1L,0.0006365123611936197
OR10C1,0.0006358680254078506
CCDC141,0.000635456101723053
CCDC177|ENSG00000255994.1,0.0006348926022878031
CCDC177|ENSG00000267909.1,0.0006348926022878031
KIAA0247,0.0006348926022878031
SRSF5,0.0006338571735934288
C11orf53,0.0006337761571248039
ZSCAN9,0.000633690018019624
ZKSCAN4,0.0006335899090120385
NKAPL,0.0006335899090120385
MS4A18,0.0006334878975396925
SLC1A2,0.0006331926863572436
HSD17B6,0.0006330963528119766
LINC00485,0.0006330803514347823
LTB4R,0.0006328260995987343
LTB4R2,0.0006328260995987343
CIDEB,0.0006328260995987343
SYCP2L,0.0006321737811999295
WDR46,0.0006321709304424727
B3GALT4,0.0006321709304424727
RGL2,0.0006321709304424727
PFDN6,0.0006321709304424727
HCG25,0.0006321709304424727
VPS52,0.0006321709304424727
RPS18,0.0006321709304424727
TAPBP,0.0006321709304424727
TMEM131,0.000631845002253558
DHRS1,0.0006294027565084202
NOP9,0.0006294027565084202
SLC8A3,0.0006290660232584935
MIR3690|ENSG00000265658.1,0.000629018693611521
LINC00685|ENSG00000226179.1,0.000629018693611521
LINC00106|ENSG00000236871.2,0.000629018693611521
ARSH,0.000629018693611521
ASMTL|ENSG00000169093.10,0.000629018693611521
ASMT|ENSG00000196433.6,0.000629018693611521
CD99P1|ENSG00000223773.2,0.000629018693611521
CD99|ENSG00000002586.13,0.000629018693611521
CRLF2|ENSG00000205755.6,0.000629018693611521
CSF2RA|ENSG00000198223.9,0.000629018693611521
DHRSX|ENSG00000169084.8,0.000629018693611521
GTPBP6|ENSG00000178605.8,0.000629018693611521
GYG2,0.000629018693611521
IL3RA|ENSG00000185291.6,0.000629018693611521
LINC00102|ENSG00000230542.1,0.000629018693611521
ARSD,0.000629018693611521
ARSF,0.000629018693611521
ARSE,0.000629018693611521
P2RY8|ENSG00000182162.5,0.000629018693611521
PLCXD1|ENSG00000182378.8,0.000629018693611521
PPP2R3B|ENSG00000167393.12,0.000629018693611521
RN7SL355P|ENSG00000265350.1,0.000629018693611521
RN7SL578P,0.000629018693611521
RNA5SP498|ENSG00000223274.1,0.000629018693611521
SHOX|ENSG00000185960.8,0.000629018693611521
SLC25A6|ENSG00000169100.8,0.000629018693611521
XG,0.000629018693611521
ZBED1|ENSG00000214717.4,0.000629018693611521
snoU13|ENSG00000251848.1,0.000629018693611521
AKAP17A|ENSG00000197976.6,0.000629018693611521
ZNF697,0.0006279831944125453
UBASH3B,0.0006278712261163665
PRPF40A,0.0006273756790423342
MKI67IP,0.000626932960089674
TSN,0.000626932960089674
snoU13|ENSG00000238341.1,0.000626932960089674
LINC00518,0.0006265474468407703
TFAP2A,0.0006265474468407703
SMOC1,0.0006262185872814512
LINC00035,0.0006261635855945297
RN7SL265P,0.0006261635855945297
ABHD11,0.0006261635855945297
SNORD32B,0.0006259745007540088
OR2H2,0.0006259745007540088
UBD,0.0006259745007540088
ASCL1,0.0006259475405045031
PAH,0.0006259475405045031
GABBR1,0.0006248092126308075
TBC1D7,0.0006240241077849868
CDH20,0.0006219038311363403
MYLK3,0.0006200267359886416
DSEL,0.0006200066900230632
DYNLRB2,0.0006197411242239364
INSIG2,0.0006195583784347918
RN7SL111P,0.0006195583784347918
GFOD1,0.0006194027197825478
MIR139,0.0006191510871267675
PIH1,0.0006179625105896499
RPGRIP1,0.0006174870486842748
RNU6ATAC21P,0.0006169753086419751
ACADL,0.0006167778091292315
MIR4775,0.0006163687130867868
FZD5,0.0006163687130867868
RNASE3,0.0006162906146546161
RNASE2,0.0006162906146546161
RN7SL189P,0.0006162906146546161
SYT1,0.0006145051703857144
ADPRHL1,0.000614424841286891
DCUN1D2,0.000614424841286891
TULP1,0.0006143812693505653
JPH3,0.000614277752173124
PRIM1,0.0006132304491069889
NACA,0.0006132304491069889
MIR5683,0.0006131812804113234
OR2H1,0.000612443449252844
snoU13|ENSG00000238834.1,0.000612441378949979
STX1A,0.0006124060986044586
MIR4284,0.0006124060986044586
TMEM179,0.0006122020070952311
C14orf180,0.0006121467912703759
snoU13|ENSG00000238896.1,0.0006112074446563791
C11orf63,0.0006111772569662026
UBR7,0.0006110021714299089
MOAP1,0.000610994374554117
C14orf142,0.000610994374554117
TMEM251,0.000610994374554117
IRX5,0.0006105017935925455
CRNDE,0.0006105017935925455
HTR5BP,0.000610457574808784
CCDC93,0.000610457574808784
RNA5SP451,0.0006104034721652046
KANSL1L,0.000609706969428604
RAB3IL1,0.0006096428508377015
GALNS,0.0006073049632798968
SNAI3,0.0006073049632798968
ZFPM1,0.0006073049632798968
ACSF3,0.0006073049632798968
APRT,0.0006073049632798968
CBFA2T3,0.0006073049632798968
CDH15,0.0006073049632798968
CDT1,0.0006073049632798968
CYBA,0.0006073049632798968
CTU2,0.0006073049632798968
ZNF778,0.0006073049632798968
IL17C,0.0006073049632798968
LINC00304,0.0006073049632798968
MIR4722,0.0006073049632798968
MIR5189,0.0006073049632798968
MVD,0.0006073049632798968
PABPN1L,0.0006073049632798968
PIEZO1,0.0006073049632798968
RNF166,0.0006073049632798968
TRAPPC2L,0.0006073049632798968
ZC3H18,0.0006073049632798968
SLC22A31,0.0006073049632798968
RN7SL247P,0.0006072624984017387
KLHDC4,0.0006071983622546893
COX8C,0.0006066671084896289
BTBD7,0.0006066671084896289
OR14J1,0.0006066418072671958
RNU4ATAC5P,0.0006056314492208719
RNU4ATAC10P,0.0006056314492208719
MS4A8,0.0006056290127245883
UHRF1BP1L,0.0006055926352128883
ABCC12,0.0006050396387949107
PRL,0.0006042710630435707
MIR4710,0.000604026614027578
ZNF736,0.0006033556401868066
CLASP1,0.0006029120355765702
CCNYL1,0.0006028088794271015
MOB3B,0.0006021352768188206
E2F7,0.000602069782368471
MAP3K2,0.0006010518680825111
ERCC3,0.0006010518680825111
NETO2,0.0006009501291078255
CMAHP,0.0006005254012717824
snoU13|ENSG00000238321.1,0.0005998601736013664
CABYR,0.0005991384481464627
MIR100,0.0005986574132096767
MIRLET7A2,0.0005986574132096767
SMIM13,0.0005985395834537514
HCG18,0.0005970405532114433
FBLN7,0.0005964259121370085
TMEM87B,0.0005958039507686936
SERPINB5,0.0005953639554658267
MS4A13,0.0005951085020887544
MS4A12,0.0005951085020887544
ZNF727,0.0005949897414990334
SERPINB1,0.0005945417413251641
SNORA48|ENSG00000212214.1,0.0005945289122300398
FLJ00104,0.000594138200838169
OR10G2,0.000593985366393274
MIR4491,0.0005932526933538954
BTN1A1,0.0005931242698563028
ZNF679,0.0005929546140052565
RN7SL42P,0.0005925799946548748
IDH1,0.0005920015251833971
PIKFYVE,0.0005918903138938626
LRP1,0.0005917345818160809
MIR1228,0.0005917345818160809
NXPH4,0.0005917345818160809
CDH7,0.0005914518342162891
snoU13|ENSG00000238453.1,0.0005899854113555649
POU2AF1,0.0005891350210970466
HCG11,0.000589109981875611
HMGN4,0.000589109981875611
AVL9,0.0005890244214294841
ADSSL1,0.0005887732424112729
SIVA1,0.0005887732424112729
INF2,0.0005887732424112729
IRF8,0.0005887140944498519
RNA5SP452,0.0005882916179934517
KHDRBS2,0.0005878004694969122
RNA5SP234,0.0005876783820097588
ADAM21P1,0.0005870253164556937
TMCO3,0.0005864426782335938
SLC10A1,0.0005861333237709304
SNORA11|ENSG00000221060.1,0.0005861333237709304
MIR125B1,0.0005852263232652388
MYO5B,0.0005844669113664039
GREB1L,0.0005840273691412907
FMNL2,0.000582399035563592
LAMP1,0.0005819575609036498
GRTP1,0.0005819575609036498
RPE,0.0005816778367868026
ADAM21,0.0005797235270914747
ADAM20P1,0.0005797235270914747
ADAM20,0.0005797235270914747
OSBPL1A,0.0005795627157652479
BLID,0.0005791583114007616
OR12D1P,0.0005791024996572678
HIST1H1D,0.000578675436419295
HIST1H3E,0.000578675436419295
OR5AU1,0.0005786739657838149
SYNJ2BP,0.0005782443432423692
COX16,0.0005782443432423692
SNORA28,0.0005781959609624089
BSX,0.0005778554121234909
TUBB2B,0.0005777550396784978
C6orf52,0.0005774881060193177
GCNT2,0.0005774881060193177
GCNT6,0.0005774881060193177
PAK1IP1,0.0005774881060193177
TMEM14C,0.0005774881060193177
TMEM116,0.0005774651632805044
NCR3LG1,0.0005769552829614136
RNA5SP350,0.0005768944505129702
RNA5SP203,0.0005767013207338413
KCNJ11,0.0005759656792378948
RASSF9,0.0005759543519512424
ABCC8,0.0005759004306407396
GRHPR,0.0005756390456533356
RBMS1,0.0005753663698438705
MAP2,0.0005751545611246282
CNOT11,0.0005742811443790657
RNF149,0.0005742811443790657
SNORD89,0.0005742811443790657
MIR5696,0.0005742811443790657
CREG2,0.0005742811443790657
TMEM132D,0.0005738451708144685
TMEM14B,0.0005729026230274027
MAK,0.0005729026230274027
RPL31,0.0005721243965810485
SALL2,0.000571766304777256
snoU13|ENSG00000238801.1,0.0005697792035142461
snoU13|ENSG00000238322.1,0.0005697715467244941
HIST1H1T,0.0005694368670312991
C11orf93,0.0005693257512476177
C11orf92,0.0005693257512476177
SPATA33,0.0005689101141548475
AFG3L1P,0.0005689101141548475
SPATA2L,0.0005689101141548475
PRDM7,0.0005689101141548475
FAM157C,0.0005689101141548475
CENPBD1,0.0005689101141548475
RPL13,0.0005689101141548475
SNORD68,0.0005689101141548475
GAS8,0.0005689101141548475
FANCA,0.0005689101141548475
ZNF276,0.0005689101141548475
DPEP1,0.0005689101141548475
DEF8,0.0005689101141548475
DBNDD1,0.0005689101141548475
CPNE7,0.0005689101141548475
TCF25,0.0005689101141548475
CHMP1A,0.0005689101141548475
MC1R,0.0005689101141548475
CDK10,0.0005689101141548475
SPG7,0.0005689101141548475
VPS9D1,0.0005689101141548475
SPIRE2,0.0005689101141548475
URAHP,0.0005689101141548475
TUBB8P7,0.0005689101141548475
TUBB3,0.0005689101141548475
C16orf3,0.0005689101141548475
FOXL1,0.0005688041534267498
MTHFSD,0.0005688041534267498
FOXC2,0.0005688041534267498
HIST1H2BC,0.0005687675076449089
HIST1H2AC,0.0005687675076449089
RIPK3,0.0005685269544652705
ADCY4,0.0005685269544652705
RN7SL548P,0.0005664683616677867
PKD1L2,0.0005649774259141622
PLEKHD1,0.0005646685713612007
SLC39A9,0.0005646685713612007
ERH,0.0005645428143630201
GALNT16,0.0005645428143630201
FENDRR,0.000563404004097862
FOXF1,0.000563404004097862
OOSP1,0.0005633406205860386
C7orf66,0.0005626374743404763
MIB1,0.0005622931465506252
MED6,0.0005614488829920731
DHRS4,0.0005612149678601045
snoU13|ENSG00000238925.1,0.000560290461121158
NYNRIN,0.0005602419214143085
CBLN3,0.0005602419214143085
MIR5093,0.0005602323133968721
MRGPRX2,0.0005600797879027432
WRNIP1,0.0005600591487967948
BPHL,0.0005598372116711269
TUBB2A,0.0005598372116711269
CMIP,0.000559439164099497
HIST1H4C,0.0005589196722889789
HFE,0.0005589196722889789
EN1,0.0005586961517912837
DHRS4L2,0.000558082498759848
RN7SKP240,0.000557920217862728
OR11A1,0.000556354247589452
GMNN,0.0005555041055570576
CXorf40A,0.0005544455253484948
OR10G3,0.0005542375827683745
ALDH5A1,0.0005541974793575975
GPLD1,0.0005541974793575975
MRS2,0.0005534272575979148
KAAG1,0.0005534272575979148
HDGFL1,0.0005531430090913688
RN7SKP273,0.0005527185204223693
KIAA0319,0.0005525745120782683
OR9Q1,0.0005522905822016486
BTG4,0.0005518269828010876
EIF5,0.0005517165219551896
PSMG4,0.000551504729977072
VWA3B,0.0005498896712769843
C16orf46,0.0005491090990551845
GCSH,0.0005491090990551845
ATMIN,0.0005491090990551845
CMC2,0.0005478289982226263
CENPN,0.0005478289982226263
IGSF22,0.0005475879432128133
TMEM86A,0.0005475879432128133
PTPN5,0.0005472158892230239
PTGES3,0.0005467718628980995
RN7SL809P,0.0005467718628980995
snoU13|ENSG00000239058.1,0.0005462425893286339
SNORA40|ENSG00000252693.1,0.0005462425893286339
ELAC1,0.0005448754593711671
RNY5P5,0.0005446659850815373
MRGPRX1,0.0005439936974261669
LCMT1,0.000543502729377565
LYRM4,0.0005434319788836849
EQTN,0.0005426748497634577
TSG101,0.0005423653703945347
LDHAL6A,0.0005423653703945347
RN7SL332P,0.0005422228055926995
KIF18A,0.0005422044808086753
FLJ00325,0.0005420929135948181
OR6Q1,0.0005414313534566689
TDP2,0.0005413879579495589
ACOT13,0.0005413879579495589
C6orf62,0.0005413879579495589
UEVLD,0.0005404514115446495
SPTY2D1,0.0005404514115446495
SHMT2,0.0005399687879313333
LRRC55,0.0005397070756247972
MIR4640,0.0005392229254571062
VARS2,0.0005392229254571062
GTF2H4,0.0005392229254571062
RN7SL175P,0.0005392229254571062
SFTA2,0.0005392229254571062
RREB1,0.0005387597318924537
snoU13|ENSG00000251762.1,0.0005387597318924537
RN7SL554P,0.0005387597318924537
RN7SL26P,0.0005376759316632729
MPEG1,0.0005372296055135772
DTX4,0.0005372296055135772
ZC3H12C,0.0005371982693996443
FAM71C,0.0005368124280782498
GRIA4,0.0005366092655657645
ANKRD11,0.0005354507311472902
MS4A3,0.0005350282943330361
PLAC1L,0.0005350282943330361
VPS35,0.0005345789742939885
RN7SL134P,0.0005337710970464136
MRPL16,0.0005333099421518075
FAM65B,0.0005326496086998386
ME2,0.0005316795971144649
MERTK,0.0005313852015465864
RN7SL77P,0.0005307759888119894
TTC9,0.0005307759888119894
NFATC4,0.0005304088239285077
C11orf88,0.0005302212512583259
MIR34B,0.0005302212512583259
MIR34C,0.0005302212512583259
LAYN,0.0005302212512583259
NAP1L1,0.0005301732979547002
PHLDA1,0.0005301732979547002
CPT1A,0.0005297220153884343
RN7SL650P,0.000529579696139163
GIF,0.0005285507363723872
TCN1,0.0005285507363723872
METTL15,0.0005282059712439426
UNC13B,0.0005281779823551991
RNASE1,0.0005280831275988483
RNASE6,0.0005280831275988483
EDDM3B,0.0005280831275988483
RAB2B,0.0005278401799718021
TOX4,0.0005278401799718021
DPCR1,0.0005272796530707956
HCG21,0.0005272796530707956
MUC21,0.0005272796530707956
APLNR,0.0005271299902629017
CRISPLD2,0.0005262750822457986
MIR4486,0.000526245358975718
SNORA1|ENSG00000207407.1,0.000526245358975718
RNA5SP516,0.0005260551013023392
CARD18,0.0005260125511362422
CASP1,0.0005260125511362422
CARD17,0.0005260125511362422
CARD16,0.0005260125511362422
CWF19L2,0.000525961682623317
ORC6,0.0005252108531279485
C12orf79,0.0005247443073456782
MS4A2,0.0005241558932282523
MS4A6A,0.0005241558932282523
METTL3,0.0005235373330587299
TTC39C,0.0005231388610663932
RN7SL65P,0.0005229740947227229
OLA1,0.0005229740947227229
SERPINB9,0.0005227828834556761
SERPINB6,0.0005224697994335585
RNA5SP201,0.0005224601660790305
RIPK1,0.0005224601660790305
ITPK1,0.0005224525013254236
ELOVL2,0.0005221795591543702
ZNF521,0.0005221361682802923
PTH2R,0.0005220045313717866
MAP3K9,0.0005217574497077465
BBS10,0.0005211841696056954
RN7SKP172,0.0005211841696056954
GCM2,0.00052057320586319
SNORD112|ENSG00000251824.1,0.000519932027356753
LYPD6,0.0005193451532107109
OSBP,0.0005192100553139455
EDDM3A,0.000517520279542038
MIR3159,0.0005175056548784174
LDHA,0.0005175056548784174
LDHC,0.0005175056548784174
EDAR,0.0005165352472200867
PPP1R3G,0.0005164778529179416
MIR3691,0.0005164778529179416
LINC00311,0.000516425206298626
SMAD4,0.0005161674633103495
CYB5B,0.0005149020536765966
DNAAF1,0.0005147116494912726
SULT1A2,0.0005139290538850239
SIK2,0.0005123369530296206
SERPINB12,0.0005117241494860499
SERPINB13,0.0005117241494860499
RN7SL586P,0.0005112878214144067
RMRPP2,0.0005105340731749592
RPP40,0.0005105340731749592
NQO2,0.0005102258058301043
CYLD,0.0005081012658227858
TBC1D8,0.0005076137539715273
TEK,0.0005072548267484991
CSRP3,0.0005072426518861595
E2F8,0.0005072426518861595
ZDHHC13,0.000507217508639496
DDR1,0.0005069092827004248
LINC00243,0.0005069092827004248
RN7SKP186,0.0005069092827004248
HIST1H2BG,0.0005067551915280893
HIST1H2AE,0.0005067551915280893
MS4A4E,0.0005066844799510581
RND3,0.0005064121867893374
RN7SL334P,0.0005060311114575061
RN7SL557P,0.0005055179057308459
RN7SKP158,0.0005054523535536162
PXDC1,0.0005047107103635616
FAM50B,0.0005047107103635616
WFDC1,0.000504433647791889
USP10,0.000504433647791889
TLDC1,0.000504433647791889
RNA5SP433,0.000504433647791889
TAF1C,0.000504433647791889
KLHL36,0.000504433647791889
KCNG4,0.000504433647791889
COTL1,0.000504433647791889
ATP2C2,0.000504433647791889
ADAD2,0.000504433647791889
DSP,0.000503958259842326
COX4I1,0.0005031203907986498
MGAT4A,0.0005026556649767423
ELMOD1,0.0005026344535115334
C6orf222,0.0005025642773997787
PSORS1C2,0.0005024847632442605
AASDHPPT,0.0005019919038745734
KBTBD3,0.0005019919038745734
SLN,0.0005005595536421855
RNA5SP370,0.0005002009242515584
NFYB,0.0005002009242515584
PNPLA1,0.000499646894375149
C6ORF50,0.0004993882819875527
C11orf87,0.0004992878408190352
MSANTD4,0.0004985274904153008
snoU13|ENSG00000238683.1,0.0004982721080930232
NQO1,0.0004982721080930232
ZC3H6,0.0004981516359336011
snoU13|ENSG00000238951.1,0.0004981516359336011
ZC3H8,0.0004981516359336011
OR5M3,0.0004980404089581308
OR5M9,0.0004980404089581308
MYO3B,0.0004974270712803003
RN7SL502P,0.0004971873310572236
PXT1,0.0004971873310572236
ETV7,0.0004971873310572236
snoU13|ENSG00000252668.1,0.0004970088434194546
AQP4,0.0004969017845174044
FRMPD1,0.000495457899226065
CNGA3,0.0004951320173332572
MYO7B,0.0004939585042643179
CXCL2,0.0004937037103348674
SLC20A1,0.0004929700845341884
IL1A,0.0004911742805834194
RNA5SP349,0.000490800831030863
MIR320D2,0.0004906750506164512
SPANXB2,0.0004906750506164512
SPANXB1,0.0004906750506164512
SALL1,0.0004903335534242985
RGPD8,0.0004902632385791272
ZAP70,0.0004902124826564294
JARID2,0.0004901788668575382
HIST1H4E,0.0004901423016463983
SNORD39|ENSG00000264997.1,0.0004895425046584838
ZCCHC14,0.0004895336498783513
MIR610,0.0004894430464050683
TPPP2,0.0004886614597360634
RNASE13,0.0004886614597360634
RNASE7,0.0004886614597360634
HIST1H3D,0.0004882890709026239
HIST1H2AD,0.0004882890709026239
HIST1H2BF,0.0004882890709026239
HIST1H4D,0.0004882890709026239
HIST1H2BE,0.0004882890709026239
HSBP1,0.00048714568944857063
OR8U1,0.00048695228821811097
OR5R1,0.00048695228821811097
ALKBH8,0.00048631101544261026
TMEM182,0.000485868959477749
MFSD9,0.000485868959477749
MIR2114,0.0004858586464561623
C6orf201,0.0004855258848236121
CDH2,0.0004852612486423931
FAM217A,0.00048474558310694817
PRPF4B,0.00048474558310694817
TERF2,0.0004837058981955294
MIR4645,0.0004835221470820565
STMND1,0.00048352046360014713
ANKRD29,0.0004833674178275384
SNORA73|ENSG00000252114.1,0.0004825581395348815
GUCY1A2,0.0004822629527297641
NLGN4X,0.00048185098594629594
LIMS2,0.00048179564139371074
GPR17,0.00048179564139371074
CXCL5,0.0004812334759696586
PPBPP2,0.0004812334759696586
CXCL3,0.0004812334759696586
RN7SL218P,0.0004812334759696586
PF4,0.0004812334759696586
PPBP,0.0004812334759696586
ZDHHC17,0.000480778985403998
CSRP2,0.000480778985403998
AKTIP,0.0004806488624385495
RBL2,0.0004806488624385495
ANKRD36,0.000480373206993271
FAHD2B,0.000480373206993271
RN7SL313P,0.000480373206993271
COX5B,0.000480373206993271
ANKRD36B,0.000480373206993271
CASP12,0.00048032191736811666
CASP4,0.00048032191736811666
CASP5,0.00048032191736811666
ABCF1,0.0004801251570941773
PPP1R10,0.0004801251570941773
PRR3,0.0004801251570941773
MIR877,0.0004801251570941773
GNL1,0.0004801251570941773
MRPS18B,0.0004801251570941773
AJUBA,0.00047992855687144535
C14orf93,0.00047992855687144535
RN7SL381P,0.00047886392302351477
COA5,0.0004785293242562507
SNORA62|ENSG00000252443.1,0.00047789434062671306
BIN1,0.00047769560163758853
CYP27C1,0.00047769560163758853
C2orf76,0.0004774552340057534
DBI,0.00047743734251762883
AHNAK2,0.00047640213685241873
EPGN,0.0004763803851638417
EREG,0.0004763803851638417
CHCHD5,0.0004760106872235139
NRG1,0.00047583289292072925
SNRNP48,0.00047544511623201063
RPGRIP1L,0.0004752199098905796
ACTR1B,0.0004748681131828681
KSR2,0.0004742061206822884
U3|ENSG00000199851.1,0.00047398278125069577
GTF2IRD1P1,0.000473698890256856
C14orf169,0.0004736016444877247
MTHFD2L,0.00047352254792587176
CHD8,0.00047339871041333453
STAG3L4,0.0004727410007691294
ATAT1,0.00047258463651322013
DHX16,0.00047258463651322013
NRM,0.00047258463651322013
PPP1R18,0.00047258463651322013
MDC1,0.00047258463651322013
TUBB,0.00047258463651322013
C6orf136,0.00047258463651322013
MIR1538,0.00047255977857024696
POLR1B,0.0004721913188209037
RNA5SP426,0.0004721135404679719
SLC22A23,0.000471705001825485
RN7SL435P,0.000471383334548135
IWS1,0.0004711494981927661
REG4,0.0004710752063547809
TTL,0.00047083351583373714
SUPT16H,0.0004707910204210966
LINC00638,0.0004704112198556077
CEP170B,0.0004704112198556077
TEX22,0.0004699763952348714
MTA1,0.0004699763952348714
WWP2,0.0004698892526745812
ANG,0.00046956364530880736
RNASE4,0.00046956364530880736
MIR3162,0.0004695408861569369
EEF1E1,0.0004695084101058005
NOB1,0.0004693570944159078
RBM25,0.0004693461718778206
BEGAIN,0.000469285638902165
GRK1,0.0004692279494918785
LINC00454,0.0004692279494918785
TMEM255B,0.0004692279494918785
GAS6,0.0004692279494918785
SERPINB4,0.000468773299600401
SERPINB3,0.000468773299600401
SERPINB11,0.000468773299600401
RNA5SP338,0.0004686924673626664
OR5AK2,0.00046826923076922995
SCARNA17|ENSG00000267322.1,0.00046820709051434434
NFATC2,0.00046807566760686956
PSEN1,0.00046805690793032934
SCARNA18|ENSG00000252139.1,0.00046801641539441393
SCARNA17|ENSG00000251992.1,0.00046801641539441393
ACAA2,0.00046801641539441393
RBM43,0.0004679870260340434
NMI,0.0004679870260340434
IGSF1,0.0004676901236702499
OR13H1,0.0004676901236702499
PTPN12,0.0004671833675129059
PLD4,0.0004669981916817328
TMEM37,0.00046614184968167874
PMS2P4,0.00046612592865977236
RABGGTA,0.00046552756196702313
BCL2,0.0004654391006040104
NT5DC4,0.0004648504226709325
CKAP2L,0.0004648504226709325
CDYL,0.0004644529217964258
UNC50,0.0004642715111808944
MIR5011,0.0004639663034101526
MAMLD1,0.0004636917498216905
RNA5SP202,0.0004630320020037353
RIOK1,0.000463019325058588
CAGE1,0.000463019325058588
TGM1,0.00046158812339186603
snoU13|ENSG00000238885.1,0.00046152811471668543
C13orf35,0.000461480528689999
KDELC2,0.0004613372528861183
EXPH5,0.0004613372528861183
ECI2,0.0004613365316070346
INPP4A,0.0004605862789169939
SNORD8,0.0004602620364062685
SNORD9,0.0004602620364062685
DSG2,0.0004600268648795057
PMAIP1,0.0004599332260466419
CUL5,0.00045954882306324787
snoU13|ENSG00000238841.1,0.00045941506760164284
RABGEF1,0.00045941506760164284
RAB39A,0.00045915526141061016
SLC35F2,0.00045898926942106226
C11orf65,0.00045876705433828036
ATM,0.00045876705433828036
GLYATL1P2,0.00045834446901042356
ATP4B,0.0004579423945342665
CRIP2,0.00045769777618265143
SERPINB7,0.00045705273308218464
HCG22,0.0004568050697193538
MUC22,0.0004568050697193538
GINS2,0.0004567849498149158
GSE1,0.0004567849498149158
TTR,0.00045655795783144113
OSBPL8,0.00045655309772575344
MIR616,0.0004563898040575685
MBD6,0.0004563898040575685
DDIT3,0.0004563898040575685
RN7SL312P,0.0004563898040575685
MARS,0.0004563898040575685
ARHGAP9,0.0004563898040575685
PROC,0.00045634565368472525
MIR4783,0.00045634565368472525
TRIM39,0.00045619432723863597
RPP21,0.00045619432723863597
LINC00032,0.0004561130290244216
MMADHC,0.00045609549935438516
MC4R,0.00045607570917301075
MAF,0.0004559826346230844
OR5V1,0.0004550378863189505
OR12D3,0.0004550378863189505
OR12D2,0.0004550378863189505
CHST11,0.00045502493287303414
UNC79,0.0004546904055544944
MS4A4A,0.00045433442694388165
ACA59|ENSG00000252000.1,0.0004537393618903236
RN7SL297P,0.0004535134501807383
C9orf72,0.00045332054724459795
KIAA1033,0.00045326227921164644
TRNAI6,0.0004526828031440787
VPS4B,0.00045185936047047545
RECK,0.0004513551888760874
GLYATL1,0.00045092203406302484
PPP2R5C,0.0004507336802727617
SCTR,0.0004482414158130914
CDH13,0.00044740845108342153
LINC00524,0.0004469752388977165
NIP7,0.00044604596679202724
PDF,0.00044604596679202724
TMED6,0.00044604596679202724
COG8,0.00044604596679202724
DTNBP1,0.0004448236352549007
OR4D11,0.0004442325291349806
OR4D9,0.0004442325291349806
RN7SKP192,0.000443757703345838
OR10V1,0.000443757703345838
snoU13|ENSG00000238567.1,0.0004430733205204665
VPS4A,0.0004428919556491522
KIF5C,0.0004425453357464014
NFAT5,0.0004425025715574401
RRN3P2,0.00044238755190873907
TFDP1,0.00044185264073252786
RFC5,0.00044135627826733865
WSB2,0.00044135627826733865
VSIG10,0.00044135627826733865
PEBP1,0.00044135627826733865
KCNC2,0.0004413407069886542
TINF2,0.0004411732444112933
MIR4721,0.00044007104618001543
SNORA43|ENSG00000252461.1,0.00044007104618001543
SULT1A1,0.00044007104618001543
NPIPB9,0.00044007104618001543
CD19,0.00044007104618001543
RABEP2,0.00044007104618001543
snoU13|ENSG00000238699.1,0.00044007104618001543
SH2B1,0.00044007104618001543
EIF3C,0.00044007104618001543
snoU13|ENSG00000238684.1,0.00044007104618001543
LAT,0.00044007104618001543
snoU13|ENSG00000238352.1,0.00044007104618001543
NPIPB8,0.00044007104618001543
NFATC2IP,0.00044007104618001543
SPNS1,0.00044007104618001543
MIR4517,0.00044007104618001543
TUFM,0.00044007104618001543
ATP2A1,0.00044007104618001543
ATXN2L,0.00044007104618001543
AMOT,0.00043991812888738907
NUMB,0.000439292656331483
SULT1C2P1,0.00043907187470598204
MS4A6E,0.0004389610280777171
MS4A14,0.0004389610280777171
MS4A7,0.0004389610280777171
snoU13|ENSG00000238645.1,0.00043871906569778723
RNA5SP427,0.00043871906569778723
OR9G1,0.0004384980525803313
TAOK3,0.0004384360619022561
RDX,0.00043821885240634856
snoU13|ENSG00000238368.1,0.00043800152077648876
RN7SKP142,0.0004378739726590497
PAPLN,0.0004378574537869082
OR8K1,0.00043729714378448585
RN7SL342P,0.0004371628275646698
COX18,0.00043670320976491885
RNA5SP116,0.0004361706775547791
BCL2L11,0.00043548168905208377
SUDS3,0.00043502518587691636
CXCL6,0.00043500796734284624
CXCL1,0.00043500796734284624
PF4V1,0.00043500796734284624
POU5F1,0.00043499179559306465
LIMS1,0.0004349116159340077
SULT1C3,0.00043478371004045894
SULT1C2,0.00043478371004045894
KLHL14,0.00043469125906552924
SULT1C4,0.0004345521129614766
FAM178B,0.0004345274600706306
OSGIN1,0.00043423604000087035
MLYCD,0.00043423604000087035
DIO3OS,0.0004342137956738366
NPIPB11,0.0004341171761645052
ANKRD39,0.00043379499774738806
SEMA4C,0.00043379499774738806
ANKRD23,0.00043379499774738806
RNA5SP432,0.00043344081570404483
NECAB2,0.00043344081570404483
MBTPS1,0.00043344081570404483
SLC38A8,0.00043344081570404483
HCG27,0.0004331809657759061
SLC26A8,0.0004331120538084267
HIST1H1E,0.0004326017135018346
HNRNPA1P48,0.0004321113574645518
SLC41A2,0.0004319871408479001
HSDL1,0.0004318667073356709
MS4A5,0.0004317876132892528
MS4A1,0.0004317876132892528
CDYL2,0.000431556454908446
SFT2D3,0.0004312491886718962
RGPD4,0.00043079589783673956
GACAT1,0.00043079589783673956
OR8J1,0.00043029049010061667
ALDH1L2,0.0004300692275375823
C12orf45,0.0004300692275375823
TMEM177,0.0004293539681829683
PCDP1,0.0004293539681829683
ALB,0.000429260849909585
CRCP,0.0004292246448061258
WDR33,0.00042922049105350283
HIST1H4L,0.0004290339568176965
HIST1H3I,0.0004290339568176965
HIST1H2BO,0.0004290339568176965
HIST1H3J,0.0004290339568176965
HIST1H2AM,0.0004290339568176965
GCC2,0.00042898153654461537
SNORA3|ENSG00000221639.1,0.00042842450271247793
ANKRD17,0.00042842450271247793
BLOC1S5,0.0004279952200081496
SERGEF,0.00042799273565618113
TNFAIP6,0.0004279284709664468
RN7SL124P,0.0004279284709664468
WDR25,0.00042756137299435493
TRAJ11,0.00042746427843572084
OR6J1,0.00042746427843572084
TRAC,0.00042746427843572084
TRAJ8,0.00042746427843572084
TRAJ7,0.00042746427843572084
TRAJ6,0.00042746427843572084
TRAJ10,0.00042746427843572084
TRAJ12,0.00042746427843572084
DAD1,0.00042746427843572084
TRAJ13,0.00042746427843572084
TRAJ14,0.00042746427843572084
TRAJ16,0.00042746427843572084
TRAJ17,0.00042746427843572084
TRAJ61,0.00042746427843572084
TRAJ18,0.00042746427843572084
TRAJ19,0.00042746427843572084
OR4E2,0.00042746427843572084
ABHD4,0.00042746427843572084
TRAJ5,0.00042746427843572084
TRAJ9,0.00042746427843572084
TRAV34,0.00042746427843572084
TRAV30,0.00042746427843572084
TRAJ58,0.00042746427843572084
TRAV29DV5,0.00042746427843572084
TRAV27,0.00042746427843572084
TRAV25,0.00042746427843572084
TRAV24,0.00042746427843572084
TRAV23DV6,0.00042746427843572084
TRAV22,0.00042746427843572084
TRAV21,0.00042746427843572084
TRAV20,0.00042746427843572084
TRAV19,0.00042746427843572084
TRAV18,0.00042746427843572084
TRAV17,0.00042746427843572084
TRAV16,0.00042746427843572084
TRAV14DV4,0.00042746427843572084
TRAV10,0.00042746427843572084
TRAJ1,0.00042746427843572084
TRAJ21,0.00042746427843572084
TRAJ20,0.00042746427843572084
TRAV36DV7,0.00042746427843572084
TRAJ40,0.00042746427843572084
TRAJ41,0.00042746427843572084
TRAJ42,0.00042746427843572084
TRAJ43,0.00042746427843572084
TRAJ44,0.00042746427843572084
TRAJ45,0.00042746427843572084
TRAJ46,0.00042746427843572084
TRAJ47,0.00042746427843572084
TRAJ48,0.00042746427843572084
TRAJ49,0.00042746427843572084
TRAJ4,0.00042746427843572084
TRAJ50,0.00042746427843572084
TRAJ52,0.00042746427843572084
TRAJ53,0.00042746427843572084
TRAJ54,0.00042746427843572084
TRAJ56,0.00042746427843572084
TRAJ59,0.00042746427843572084
TRAJ3,0.00042746427843572084
TRAJ39,0.00042746427843572084
TRAJ38,0.00042746427843572084
TRAJ29,0.00042746427843572084
TRAJ22,0.00042746427843572084
TRAJ23,0.00042746427843572084
TRAJ24,0.00042746427843572084
TRAJ25,0.00042746427843572084
TRAJ26,0.00042746427843572084
TRAJ27,0.00042746427843572084
TRAJ28,0.00042746427843572084
TRAJ2,0.00042746427843572084
TRAJ37,0.00042746427843572084
TRAJ30,0.00042746427843572084
TRAJ31,0.00042746427843572084
TRAJ32,0.00042746427843572084
TRAJ33,0.00042746427843572084
TRAJ34,0.00042746427843572084
TRAJ35,0.00042746427843572084
TRAJ36,0.00042746427843572084
TRAV35,0.00042746427843572084
TRAV2,0.00042746427843572084
TRAV39,0.00042746427843572084
TRDC,0.00042746427843572084
TRAV3,0.00042746427843572084
TRDV3,0.00042746427843572084
TRDV2,0.00042746427843572084
TRDV1,0.00042746427843572084
TRDJ4,0.00042746427843572084
TRDJ3,0.00042746427843572084
TRDJ2,0.00042746427843572084
TRDJ1,0.00042746427843572084
TRDD3,0.00042746427843572084
TRDD2,0.00042746427843572084
TRDD1,0.00042746427843572084
TRAJ57,0.00042746427843572084
TRAV40,0.00042746427843572084
TRAV7,0.00042746427843572084
TRAV41,0.00042746427843572084
TRAV4,0.00042746427843572084
TRAV5,0.00042746427843572084
TRAV6,0.00042746427843572084
snoU13|ENSG00000238988.1,0.0004273973979844025
KDSR,0.0004273973979844025
HIST1H2BD,0.0004271679576799534
LINC00565,0.00042702605738708705
LINC00453,0.00042702605738708705
LINC00452,0.00042702605738708705
DYNC1H1,0.0004267182474497151
ANO5,0.00042628419132334223
OR2B2,0.0004257865069922589
ZNF23,0.00042540625485692503
STAC3,0.00042471533437373626
NDUFA4L2,0.00042471533437373626
SALL4,0.00042460665973256925
PTPN4,0.0004246037780859072
TPST1,0.0004236463472011311
RANBP2,0.0004235005898488115
CCDC138,0.0004235005898488115
MYOD1,0.00042318065161598746
KCNC1,0.00042318065161598746
GAS2,0.0004231268807835364
VRK1,0.0004230116992121269
C6orf15,0.00042293373045420603
CNTF,0.00042288442381982087
snoU13|ENSG00000238914.1,0.00042197289349188064
IL37,0.00042192314361553027
LYPD6B,0.00042092107924227094
SLC25A51,0.00041958121988204213
ASL,0.00041900756046549297
CDCA4,0.0004189441887226689
MIR4449,0.00041821880650994627
SNORA26|ENSG00000212588.1,0.00041821880650994627
DIO3,0.0004180666178926841
SNORD56|ENSG00000200112.1,0.0004178882313014295
IL1B,0.0004173930182646426
RN7SKP102,0.00041665262919324703
FDX1,0.00041549936815952376
MARCO,0.0004154083554451865
U8|ENSG00000212594.1,0.00041525106398524104
NCK2,0.00041487359865673883
STX3,0.0004147076552139835
GPR45,0.00041446217315231284
KCTD20,0.0004144193725921852
SNORD33|ENSG00000252022.1,0.00041390738914481574
PLEKHM3,0.000413900616825472
IMPACT,0.0004136999942549665
ANO4,0.00041325770983274086
RN7SL472P,0.00041324213519594317
LINC00632,0.000412947513604728
CDR1,0.000412947513604728
C14orf79,0.00041246911364796896
snoU13|ENSG00000238972.1,0.00041233906740236105
DCAF4,0.00041233906740236105
TMEM185B,0.00041186802045593205
RALB,0.00041186802045593205
ATP8B5P,0.0004116392853936631
HEATR4,0.000411351833820193
RNA5SP102,0.00041089591626783465
C21orf91,0.0004104453416424655
SLC17A6,0.0004102204503993558
OTOG,0.0004101635564835331
USH1C,0.0004101635564835331
snoU13|ENSG00000238760.1,0.0004100858899271901
RNA5SP101,0.0004100858899271901
CNTNAP4,0.0004098452883262996
MIR3922,0.0004093648967066696
GLYATL2,0.0004086186091336858
RPL13AP17,0.0004085170780001423
STEAP3,0.0004083076143191525
GRIA3,0.00040807087151580176
PATL1,0.00040796261651967694
USP46,0.000407747513562387
B4GALT6,0.00040774157189638164
IFNK,0.0004077023398542381
PHACTR1,0.00040719077034983235
SLC5A7,0.0004071295713282825
ZFYVE1,0.0004068709654152721
MIR3652,0.0004068624764827307
TDG,0.0004068624764827307
C12orf73,0.0004068624764827307
HSP90B1,0.0004068624764827307
RN7SL353P,0.00040657916898798784
IER3,0.00040657916898798784
FLOT1,0.00040657916898798784
GORASP2,0.00040608390218039507
FAM111A,0.0004058691092268193
TGFBRAP1,0.0004053206994549208
RNASE8,0.00040481614676573613
BMP6,0.0004047105343035514
TXNDC5,0.0004047105343035514
POU3F3,0.00040440106824152737
HSP90AA1,0.0004043868972847577
UXS1,0.0004037460827525328
C2orf40,0.0004037460827525328
C2orf49,0.00040373798616256403
RN7SL734P,0.00040370868449742734
SNORA26|ENSG00000212490.1,0.00040333691229656437
RNA5SP431,0.00040242108195636685
IL8,0.00040214193209556025
ARHGEF40,0.00040167297729757175
NDRG2,0.00040167297729757175
GTF2A1,0.000400608888150476
SNORA79|ENSG00000221303.1,0.000400608888150476
ST6GAL2,0.0003992806015734137
RNA5SP335,0.00039915742186735884
GABRE,0.00039912748046035964
HCG20,0.0003988896518663426
ATP11A,0.00039882605353672043
C1QL2,0.0003986790117934707
RN7SL468P,0.0003986790117934707
FANCF,0.00039853163439484155
SBK1,0.000398278881272827
KCTD7,0.0003982059293359288
DCDC2,0.00039765907600896667
GYPC,0.00039753087169091
MAGEC2,0.000397351270303045
GLT8D2,0.0003969623906332775
HCFC2,0.0003969623906332775
HNRNPC,0.0003968219768381371
INHBB,0.0003967556768200837
PLGLA,0.00039599843671971757
RN7SKP44,0.00039486995702166483
LRRC37A7P,0.00039486995702166483
CD99L2,0.0003947939019192968
SNORD46|ENSG00000251830.1,0.00039453234243692583
NEMF,0.00039414630328878965
STON2,0.0003938195158530907
SNORD74|ENSG00000201025.1,0.0003935722549665389
ARHGAP20,0.00039221229840005116
CCHCR1,0.0003920241443975651
TCF19,0.0003920241443975651
PHTF2,0.0003916498126016552
MIR3194,0.0003910502162659607
LINC00174,0.00039097668102561743
STAG2,0.0003904502389846768
KIF13A,0.0003901561579150997
OR2B6,0.0003895867059351316
WDR20,0.0003894372198261101
XPNPEP2,0.000389360679378305
UTP14A,0.0003893179511830373
ZDHHC9,0.0003893179511830373
SASH3,0.0003893179511830373
ARMC12,0.0003891857140769821
LINC00605,0.0003887470148944659
BTG3,0.00038855196562586546
EPB41L5,0.0003883929232363601
snoU13|ENSG00000238769.1,0.00038776860122994173
C12orf42,0.00038775184028348606
CCT6P1,0.0003875592059688228
SNORA15|ENSG00000206785.1,0.0003875592059688228
SNORA22|ENSG00000206634.1,0.0003875592059688228
MDH1B,0.0003872496256548542
FASTKD2,0.0003872496256548542
ATP9A,0.00038711756295392786
RSBN1L,0.0003858539000070721
YPEL4,0.0003842056150600433
MIR130A,0.0003842056150600433
CLP1,0.0003842056150600433
GPR132,0.00038419617637828086
SERPING1,0.0003840676728334935
IRX6,0.0003840522275010424
RN7SL841P,0.0003840522275010424
EVL,0.00038369515957810077
DEGS2,0.00038369515957810077
MIR151B,0.00038369515957810077
MIR342,0.00038369515957810077
EXOC3L4,0.0003833013541681022
LINC00677,0.0003833013541681022
TNFAIP2,0.0003833013541681022
RASSF6,0.0003824533447919841
PSORS1C3,0.0003817920768870169
CD8BP,0.00038164665523156196
STAM2,0.00038151496885674197
CACNB4,0.000381423117770316
snoU13|ENSG00000252265.1,0.0003810005437431498
DSG4,0.0003809888573671876
DSG1,0.0003809888573671876
EDN1,0.0003809226915620023
RGPD3,0.0003799024397304798
SLC25A52,0.00037963740619862
DSG3,0.0003791723319098416
OR5T3,0.0003785445976778126
OR5G5P,0.0003782254138266793
RN7SKP293,0.00037767131266561144
HIVEP1,0.0003776275598797898
ALDH6A1,0.0003769289418185208
AFM,0.00037684787522603995
LRTOMT,0.0003756557336544468
LAMTOR1,0.0003756557336544468
FOLR3,0.0003756557336544468
ANAPC15,0.0003756557336544468
snoU13|ENSG00000238768.1,0.0003756557336544468
RAD51B,0.0003754573059193673
NT5DC3,0.00037520777394195194
DIO2,0.0003746303508961754
OR9G4,0.00037398571892242774
NEDD8,0.00037362299854895706
GMPR2,0.00037362299854895706
AFP,0.00037335556057866245
FAM111B,0.0003726847914996311
ZNF219,0.0003725638060233522
TMEM253,0.0003725638060233522
DANCR,0.0003723666365280298
VCX,0.0003722586548726537
HDHD1,0.0003722586548726537
VCX3A,0.0003722586548726537
VCX2,0.0003722586548726537
MIR4767,0.0003722586548726537
MIR651,0.0003722586548726537
STS,0.0003722586548726537
PNPLA4,0.0003722586548726537
ELMSAN1,0.0003720292834216928
FOLR1,0.0003718481220724414
NPIPB6,0.0003717616450692943
RIF1,0.0003716467177588339
MIR3165,0.00037093523159068985
ZNF839,0.00037090885247711573
CINP,0.00037090885247711573
snoU13|ENSG00000239061.1,0.00037090885247711573
PTP4A1,0.000370857002281166
TMEM60,0.0003707432289088471
TUBGCP3,0.00037047897326269595
SPACA7,0.00036994065566048665
C16orf97,0.00036913365516284564
RN7SL163P,0.0003689451931838741
MDP1,0.00036886558585437506
TSSK4,0.00036886558585437506
CHMP4A,0.00036886558585437506
MIR4505,0.00036807133326121044
PRKX,0.00036796472043185976
RNA5SP374,0.00036663356032937616
DCAF17,0.0003662491439680104
METTL8,0.0003662491439680104
IL27,0.0003661780157102108
APOBR,0.0003661780157102108
snoU13|ENSG00000238703.1,0.0003661780157102108
CLN3,0.0003661780157102108
EIF3CL,0.0003661780157102108
NPIPB7,0.0003661780157102108
CCDC176,0.00036606756702529253
RN7SL3,0.000365632450229322
GLYAT,0.0003643593543736895
SNORA72|ENSG00000207249.1,0.0003638498213377661
ADAM30,0.0003635383596990102
ACAT1,0.00036328150099595156
NPAT,0.00036328150099595156
SNORA25|ENSG00000200652.1,0.0003632210937109116
TMEM241,0.0003631484104197528
MRPS9,0.0003630396443591052
LINC00340,0.00036227918265290356
HCCAT5,0.00036186003885198677
C16orf47,0.00036186003885198677
GLIPR1L2,0.0003608214609634232
LDOC1,0.0003606426231666974
GUSB,0.00036045406726168235
APLN,0.00035986754259466965
snoU13|ENSG00000238330.1,0.0003596911176025148
CCIN,0.00035941628434027777
snoU13|ENSG00000238978.1,0.00035909582803848774
CLPB,0.0003588187552505311
ANKRD9,0.00035880968485567594
SGCB,0.00035879859855334324
SPATA18,0.00035879859855334324
MBD5,0.0003575670604889735
IDS,0.00035711581142560935
RNU6ATAC28P,0.0003569863680623177
CRIP1,0.0003562870118575955
C14orf80,0.0003562870118575955
ACVR1C,0.00035551195071798316
7SK|ENSG00000260682.2,0.00035548892466606414
SDR42E1,0.00035548892466606414
MTMR1,0.00035530142732173527
LINC00893,0.00035516727151986154
MIR140,0.0003545796436486574
ACOT1,0.00035440333225143794
ACOT4,0.00035440333225143794
ACOT2,0.00035440333225143794
BRPF3,0.00035361214878166326
SNORA48|ENSG00000212181.1,0.0003533928995631909
ACOT6,0.0003533304482671618
NRSN1,0.00035330080872010864
COQ6,0.0003531952107901509
C16orf74,0.0003531649678100595
MIR1910,0.0003531649678100595
SEL1L,0.000352935101324194
SNORA20|ENSG00000201660.1,0.00035271467177647344
LINC00641,0.0003524658988292336
MIR4309,0.0003518559419129489
RN7SKP267,0.0003514293005279127
C21orf37,0.0003503315250150713
INPPL1,0.00035018322830324426
FOLR2,0.00035018322830324426
PHOX2A,0.00035018322830324426
LINC00919,0.000350106491484535
METTL17,0.00034988672549547716
SLC39A2,0.00034988672549547716
ACVR2A,0.00034958536908780846
RNASE9,0.0003487625655146133
RBM24,0.00034748004529637836
SAMSN1,0.0003471837117406741
RN7SL546P,0.0003469624394351387
ARF6,0.00034676668781495157
JAG2,0.00034663804646411307
NUDT14,0.00034663804646411307
BTBD6,0.00034663804646411307
BUB1,0.0003466118198471776
XPO6,0.00034630509831390323
RN7SKP92,0.000345735996175836
PTGR2,0.00034518464423528183
ZNF410,0.00034518464423528183
FAM161B,0.00034518464423528183
HIST1H3H,0.00034480993154024784
HIST1H2AI,0.00034480993154024784
HIST1H2AJ,0.00034480993154024784
HIST1H2BL,0.00034480993154024784
HIST1H2BM,0.00034480993154024784
LINC00894,0.0003446684130888339
MAPK4,0.0003444305498843036
OR4D10,0.000344416369040388
HSD17B2,0.00034441605246443883
SH2D1A,0.0003436075317929078
MOK,0.0003433429764507226
NEDD4L,0.00034227406053294204
PCNX,0.00034206350629325253
CCDC11,0.0003415850006805476
LINC00116,0.00034049725215784055
MIR4267,0.00034049725215784055
MIR4436B1,0.00034049725215784055
LIMS3|ENSG00000257207.4,0.00034049725215784055
RGPD6,0.00034049725215784055
RGPD5,0.00034049725215784055
NPHP1,0.00034049725215784055
MIR4436B2,0.00034049725215784055
MALL,0.00034049725215784055
LIMS3|ENSG00000256977.6,0.00034049725215784055
LIMS3L,0.00034049725215784055
FTSJD1,0.00034044765430181104
THOC2,0.00033930459862201536
RN7SL29P,0.00033930459862201536
FHL2,0.0003375249146900149
ATXN7L3B,0.0003373245903116965
PACS2,0.000336931332461298
CDH24,0.0003363006951835313
snoU13|ENSG00000239155.1,0.0003358931082981718
KRR1,0.0003357359742666742
TYW1,0.0003353993694833316
RN7SL43P,0.0003353993694833316
SBDS,0.0003353993694833316
TECPR2,0.00033500821335394316
HIST1H1B,0.00033465799379766426
HIST1H2AL,0.00033465799379766426
HIST1H2AK,0.00033465799379766426
HIST1H4K,0.00033465799379766426
HIST1H4J,0.00033465799379766426
HIST1H2BN,0.00033465799379766426
SERPINB2,0.00033360420209602317
PNMA1,0.0003328600021638039
RNA5SP428,0.0003326504820726058
BEAN1,0.0003326504820726058
LINC00920,0.0003326504820726058
CDH5,0.0003326504820726058
LY6G5C,0.0003325503339908041
HSPA1L,0.0003325503339908041
LSM2,0.0003325503339908041
C4A,0.0003325503339908041
LST1,0.0003325503339908041
LTA,0.0003325503339908041
LTB,0.0003325503339908041
LY6G5B,0.0003325503339908041
ATF6B,0.0003325503339908041
LY6G6C,0.0003325503339908041
HCP5,0.0003325503339908041
LY6G6D,0.0003325503339908041
LY6G6E,0.0003325503339908041
LY6G6F,0.0003325503339908041
MCCD1,0.0003325503339908041
MEGT1,0.0003325503339908041
MICA,0.0003325503339908041
HSPA1A,0.0003325503339908041
HCG23,0.0003325503339908041
C4B,0.0003325503339908041
DDAH2,0.0003325503339908041
CFB,0.0003325503339908041
C6orf47,0.0003325503339908041
C6orf25,0.0003325503339908041
CLIC1,0.0003325503339908041
CSNK2B,0.0003325503339908041
CYP21A1P,0.0003325503339908041
CYP21A2,0.0003325503339908041
DDX39B,0.0003325503339908041
C6orf10,0.0003325503339908041
DOM3Z,0.0003325503339908041
EGFL8,0.0003325503339908041
EHMT2,0.0003325503339908041
FKBPL,0.0003325503339908041
GPANK1,0.0003325503339908041
GPSM3,0.0003325503339908041
C6orf48,0.0003325503339908041
MICB,0.0003325503339908041
MIR1236,0.0003325503339908041
MIR3135B,0.0003325503339908041
VWA7,0.0003325503339908041
SNORD52,0.0003325503339908041
SNORD84,0.0003325503339908041
STK19,0.0003325503339908041
TAP1,0.0003325503339908041
TAP2,0.0003325503339908041
TNF,0.0003325503339908041
TNXB,0.0003325503339908041
VARS,0.0003325503339908041
ZBTB12,0.0003325503339908041
MIR4646,0.0003325503339908041
ABHD16A,0.0003325503339908041
AGER,0.0003325503339908041
C2,0.0003325503339908041
AGPAT1,0.0003325503339908041
BTNL2,0.0003325503339908041
BAG6,0.0003325503339908041
AIF1,0.0003325503339908041
ATP6V1G2,0.0003325503339908041
SNORD48,0.0003325503339908041
SNORD117,0.0003325503339908041
SNORA38|ENSG00000200816.1,0.0003325503339908041
SLC44A4,0.0003325503339908041
MSH5,0.0003325503339908041
NCR3,0.0003325503339908041
NELFE,0.0003325503339908041
NEU1,0.0003325503339908041
NFKBIL1,0.0003325503339908041
NOTCH4,0.0003325503339908041
PBX2,0.0003325503339908041
PPP1R2P1,0.0003325503339908041
PPT2,0.0003325503339908041
PRRC2A,0.0003325503339908041
PRRT1,0.0003325503339908041
PSMB8,0.0003325503339908041
PSMB9,0.0003325503339908041
RNA5SP206,0.0003325503339908041
RNF5,0.0003325503339908041
SAPCD1,0.0003325503339908041
SKIV2L,0.0003325503339908041
APOM,0.0003325503339908041
HSPA1B,0.0003325503339908041
TXNRD1,0.0003322134153554974
MIR299,0.0003321527678621302
LIN52,0.00033212329789658346
RNA5SP104,0.0003320812322047273
CXADR,0.0003320592059683778
RN7SL310P,0.000332026053155023
PSMB11,0.00033201523969112856
PSMB5,0.00033201523969112856
snoU13|ENSG00000239068.1,0.00033188291139240483
TLK1,0.00033122141957717393
ACMSD,0.0003310701240632284
DYTN,0.00033089727651495376
MIR539,0.0003307000825671544
MIR409,0.0003307000825671544
MIR655,0.0003307000825671544
MIR410,0.0003307000825671544
MIR412,0.0003307000825671544
MIR541,0.0003307000825671544
MIR487A,0.0003307000825671544
MIR134,0.0003307000825671544
MIR544A,0.0003307000825671544
MIR889,0.0003307000825671544
MIR485,0.0003307000825671544
MIR369,0.0003307000825671544
MIR543,0.0003307000825671544
MIR381,0.0003307000825671544
MIR381HG,0.0003307000825671544
MIR654,0.0003307000825671544
MIR376C,0.0003307000825671544
MIR376A1,0.0003307000825671544
MIR300,0.0003307000825671544
MIR495,0.0003307000825671544
MIR496,0.0003307000825671544
MIR494,0.0003307000825671544
MIR1193,0.0003307000825671544
MIR382,0.0003307000825671544
MIR323B,0.0003307000825671544
MIR154,0.0003307000825671544
MIR656,0.0003307000825671544
MIR377,0.0003307000825671544
MIR487B,0.0003307000825671544
MEG9,0.0003307000825671544
U3|ENSG00000206761.1,0.00033066283422625764
TRMT10B,0.000330589583518663
snoU13|ENSG00000238458.1,0.0003304396947268925
SPTLC2,0.00033014072178830765
MIR3679,0.00032982859364458607
MMP2,0.0003293296626504889
ISM2,0.00032864260705628526
RN7SL587P,0.00032864260705628526
OR8H1,0.00032758040299010006
OR5T1,0.00032758040299010006
TMEM248,0.0003275700315821801
HMSD,0.00032729898761428615
CAPS2,0.0003272267383233915
SLITRK4,0.00032661414813413004
PRKCB,0.00032632736172461603
OR5M10,0.0003260183382018826
OR5M11,0.0003260183382018826
OR5M8,0.0003260183382018826
SERPINB10,0.00032586556934774137
SERPINB8,0.000325685710781977
OR5AP2,0.00032520691333982475
OR5M1,0.00032520691333982475
OR5AR1,0.00032520691333982475
OR5AN1,0.0003251010309612317
RNF122,0.00032501423858219696
SNORA70|ENSG00000252505.1,0.00032501423858219696
EFCAB11,0.0003245876828638143
CLEC18A,0.00032418172555560105
CLEC18C,0.00032418172555560105
PDXDC2P,0.00032418172555560105
PDPR,0.00032418172555560105
U3|ENSG00000199727.1,0.00032409363470996044
BRF1,0.0003237752898483544
GCA,0.00032359287505132555
DNAL1,0.0003232265858848179
RN7SKP255,0.00032260268750864643
EMC8,0.0003225169010712581
ERICH2,0.00032191220977754114
SP5,0.00032191220977754114
MIR431,0.0003210217219907978
MIR433,0.0003210217219907978
MIR665,0.0003210217219907978
RTL1,0.0003210217219907978
MIR337,0.0003210217219907978
MIR493,0.0003210217219907978
MEG3,0.0003210217219907978
GPR148,0.000320940092541631
SNORD112|ENSG00000251918.1,0.0003208913527976589
MIR432,0.0003208913527976589
SNORD113|ENSG00000200150.1,0.0003208913527976589
MEG8,0.0003208913527976589
MIR136,0.0003208913527976589
MIR370,0.0003208913527976589
SNORD112|ENSG00000251769.1,0.0003208913527976589
SNORD112|ENSG00000251949.1,0.0003208913527976589
SNORD112|ENSG00000252144.1,0.0003208913527976589
SNORD112|ENSG00000252873.1,0.0003208913527976589
MIR127,0.0003208913527976589
MIR1197,0.0003203027223169519
MIR380,0.0003203027223169519
MIR323A,0.0003203027223169519
MIR758,0.0003203027223169519
RN7SL407P,0.0003201872937481131
RN7SL279P,0.0003201872937481131
DDX19B,0.0003201872937481131
RN7SL695P,0.0003201258616962457
CYBRD1,0.0003200344621909984
CYTIP,0.0003197554313918523
ADAM1A,0.00031966280182959406
AMN,0.00031941780157588846
GLIPR1,0.0003193371753054711
EPC2,0.0003191885458854286
AHSA1,0.0003184271982671089
SNORA46|ENSG00000212371.1,0.0003184271982671089
OR4D6,0.0003177352867335617
NHLRC1,0.00031692866478442213
TPMT,0.00031692866478442213
LINC00305,0.0003165210993173557
CDC42BPB,0.0003164433797560719
RN7SL356P,0.00031596612984083317
MPHOSPH6,0.0003150672791456787
RN7SKP190,0.0003150672791456787
DCAF10,0.00031484398302468404
SYNDIG1L,0.00031434136356604
SKA1,0.00031430345719340937
SEPT10,0.00031372023170993376
SOWAHC,0.00031372023170993376
LINC00615,0.0003134653263984861
SAAL1,0.0003125788420548933
SAA3P,0.0003125788420548933
MRGPRX3,0.0003125788420548933
TPH1,0.0003125788420548933
ABCD4,0.00031188588157356916
VRTN,0.00031188588157356916
CALB2,0.0003118627481928098
DUSP26,0.00031184034316265906
RN7SL621P,0.00031184034316265906
GLIPR1L1,0.00031128987736109596
CXXC1,0.0003112409827140302
RNA5SP458,0.0003110878589900613
POTEI,0.00031074148814012767
CFC1B,0.00031074148814012767
POTEJ,0.00031074148814012767
CFC1,0.00031074148814012767
CYP4F30P,0.00031074148814012767
ORC4,0.00031036628280581866
TTI2,0.0003102933404483494
RNA5SP513,0.00031020669764460825
RN7SL523P,0.0003100800218523591
SLC25A47,0.0003100800218523591
MIR345,0.0003100800218523591
WARS,0.0003100800218523591
CCDC79,0.0003099773592672633
CMTM4,0.0003099773592672633
DYNC1LI2,0.0003099773592672633
CNTNAP5,0.0003096540963431792
ENTPD5,0.00030958563237044515
YY1,0.0003093040147503426
MIR770,0.0003092543502958122
DLK1,0.0003092543502958122
MIR2392,0.0003092543502958122
LINC00523,0.0003092543502958122
ARL5A,0.0003087057607853286
CD72,0.0003084967561970397
MIR4667,0.0003084967561970397
TESK1,0.0003084967561970397
MARK3,0.00030845059724510866
GLIPR2,0.00030782986015145475
GLG1,0.0003073254681732764
MIR891B,0.00030676623258355353
MIR890,0.00030676623258355353
MIR892B,0.00030676623258355353
MIR892A,0.00030676623258355353
MIR888,0.00030676623258355353
snoU13|ENSG00000238853.1,0.00030663418135637324
SNORD113|ENSG00000201036.1,0.0003065693657228335
SNORD113|ENSG00000201710.1,0.0003065693657228335
SNORD113|ENSG00000222095.1,0.0003065693657228335
SNORD112|ENSG00000252009.1,0.0003065693657228335
SNORD113|ENSG00000201500.1,0.0003065693657228335
SNORD113|ENSG00000222185.1,0.0003065693657228335
MIR379,0.0003065693657228335
MIR411,0.0003065693657228335
AFF2,0.00030641842859345216
VSX2,0.00030625691719987554
RNF144B,0.00030613005618193573
RN7SL530P,0.00030608237566890885
MAK16,0.0003057113390424497
SNORD13,0.0003057113390424497
DPF3,0.0003053932705831468
AMER1,0.0003048053713476452
ASB12,0.0003048053713476452
RN7SL799P,0.0003048053713476452
RN7SL2,0.00030439837782392253
CYP4F31P,0.00030374990657507464
MIR4784,0.00030374990657507464
POTEE,0.00030374990657507464
MZT2A,0.00030374990657507464
TUBA3D,0.00030374990657507464
ACIN1,0.0003034198025347296
snoU13|ENSG00000238376.1,0.00030322296482123464
UBE2NL,0.0003026388736733424
IRF4,0.00030259329903859145
DUSP22,0.00030259329903859145
EXOC2,0.00030259329903859145
HUS1B,0.00030259329903859145
OACYLP,0.00030229385343357064
SERPINA11,0.00030208995255601146
RCOR1,0.000300808911834128
FSIP2,0.0003005363404053016
U8|ENSG00000212581.1,0.0003005363404053016
OR4K15,0.0003004926108374383
OR4K14,0.0003004926108374383
OR4N2,0.0003004926108374383
POTEM,0.0003004926108374383
POTEG,0.0003004926108374383
OR4M1,0.0003004926108374383
OR4K5,0.0003004926108374383
OR4K2,0.0003004926108374383
OR4Q2,0.0003004926108374383
OR4K13,0.0003004926108374383
snoU13|ENSG00000238492.1,0.0003004926108374383
OR11H12,0.0003004926108374383
MED15P6,0.0003004926108374383
OR4L1,0.0003004926108374383
OR4K1,0.0003004926108374383
MED15P1,0.0003004926108374383
LINC00516,0.0003004926108374383
OR4Q3,0.0003004926108374383
SLC10A3,0.00030036411369318086
RN7SL697P,0.00030036411369318086
FAM3A,0.00030036411369318086
RN7SL742P,0.00030036411369318086
OR5A2,0.00030029479174259195
OR5A1,0.00030029479174259195
OCRL,0.0003001335256102123
SMARCA1,0.00030006943331731034
SLC25A29,0.0003000260738386272
NUP153,0.0002997986108851365
RNA5SP204,0.0002997986108851365
FAM8A1,0.0002995491342437432
VAMP7|ENSG00000124333.10,0.0002992216060282008
WASH6P|ENSG00000182484.10,0.0002992216060282008
SPRY3|ENSG00000168939.6,0.0002992216060282008
WASIR1|ENSG00000185203.7,0.0002992216060282008
IL9R|ENSG00000124334.12,0.0002992216060282008
RUSC2,0.0002988102533758808
SNTB2,0.00029862514966950976
TANC1,0.0002984808310480707
FUT10,0.0002984175932434728
UNC93B6,0.00029748786063725355
CXorf64,0.0002972818025462045
MIR3925,0.00029705193331417513
SRSF3,0.00029705193331417513
SPANXN2,0.0002969919695113644
RPPH1,0.0002966167054475977
PARP2,0.0002966167054475977
RNA5SP514,0.00029642151364631813
LHX5,0.00029609753252056204
SDSL,0.00029609753252056204
SDS,0.00029609753252056204
PLBD2,0.00029609753252056204
MALT1,0.0002959623375687516
SNORD28|ENSG00000252284.1,0.0002959623375687516
SLIRP,0.0002953149326473959
ALKBH1,0.0002953149326473959
SNW1,0.0002953149326473959
C14orf178,0.0002953149326473959
DSC3,0.00029486804200988754
G6PD,0.0002946552337091773
SSRP1,0.00029370075122332425
snoU13|ENSG00000238692.1,0.00029370075122332425
P2RX3,0.00029370075122332425
PRG3,0.00029370075122332425
PRG2,0.00029370075122332425
SNORA70D,0.0002928626863275061
PHLPP2,0.0002928626863275061
MARVELD3,0.0002928626863275061
TAT,0.0002928626863275061
SNORD71,0.0002928626863275061
CALM1,0.00029255669095909346
LINC00642,0.00029255669095909346
NRDE2,0.00029255669095909346
PSMC1,0.00029239292178327584
KCNK13,0.00029239292178327584
FAM166B,0.0002918049069123663
LINC00618,0.00029170960901521106
CHST4,0.0002916055053793148
CKB,0.00029140343519139125
MIR873,0.0002910701956271573
MIR876,0.0002910701956271573
SLC43A3,0.000290687434430688
TRAF3,0.0002901323710083158
TRMT61A,0.00028922052660605463
SAA1,0.00028911653399451626
RNA5SP334,0.00028911653399451626
RNA5SP333,0.00028911653399451626
SAA2,0.00028911653399451626
SAA4,0.00028911653399451626
MRGPRX4,0.00028911653399451626
RNU3P3,0.0002890340437808787
HPS5,0.0002885619209186975
GTF2H1,0.00028814052372873696
MIR4709,0.00028708114991133835
RNASE11,0.00028690889160920476
ESRRB,0.0002868567204010258
MTMR8,0.00028644603067126456
CCNT2,0.00028582955475785644
RNASE12,0.0002854911175800682
KLHL33,0.0002854845538114137
RNA5SP382,0.0002854845538114137
RNU6ATAC23P,0.00028500036428496205
ATP11C,0.00028500036428496205
CXorf66,0.00028500036428496205
RN7SL727P,0.00028500036428496205
MIR505,0.00028500036428496205
SNORA18|ENSG00000252719.1,0.00028500036428496205
snoU13|ENSG00000238485.1,0.00028500036428496205
RN7SKP259,0.00028495212593313734
RNA5SP341,0.00028495212593313734
ANKRD30BL,0.0002848732374048847
MIR663B,0.0002848732374048847
RN7SKP103,0.0002848732374048847
TDP1,0.0002845235305245969
STAB2,0.0002842029797244294
MEX3C,0.0002836595969543352
FBXO3,0.00028319374896134953
CD59,0.00028293663360748664
SNORA40|ENSG00000212579.1,0.0002829325787425544
MIR5690,0.0002829325787425544
SPATA7,0.00028276160008132
ST8SIA3,0.00028270362452861527
MBD1,0.00028254729821695625
RN7SL748P,0.00028246014776861473
STK38,0.00028246014776861473
TNKS1BP1,0.0002824094281972956
RNF38,0.0002813802443203788
KCNH7,0.00028128760422059854
SLC6A2,0.000281276234517237
MCF2,0.0002812657688166667
CAPNS2,0.0002809010369522698
LPCAT2,0.0002809010369522698
snoU13|ENSG00000238860.1,0.0002808819792676807
FMR1NB,0.0002806116054643419
FMR1,0.0002806116054643419
SLC24A6,0.0002804226631444733
FKBP5,0.0002801799167258522
RNA5SP106,0.0002797411312027141
DSC2,0.0002796354911868428
MAGEC3,0.000279534493259371
SPANXD,0.000279534493259371
SPANXC,0.000279534493259371
SPANXA2,0.000279534493259371
SPANXA1,0.000279534493259371
MAGEC1,0.000279534493259371
TPCN1,0.0002793560053666212
APEX1,0.00027921615474740753
OSGEP,0.00027921615474740753
RN7SL747P,0.0002785801868080368
GPATCH2L,0.00027852609181723293
RNASE10,0.0002780543676957536
PNP,0.0002780543676957536
TMEM55B,0.0002780543676957536
GRP,0.0002778901352292615
CPLX4,0.0002778901352292615
RAX,0.0002778901352292615
LMAN1,0.0002778901352292615
UBL4A,0.0002778312807963003
LAGE3,0.0002778312807963003
PLXNA3,0.0002778312807963003
ZC3H14,0.0002776621667791412
PTPN21,0.0002776621667791412
SLC15A4,0.00027669079331504723
OR2S2,0.0002762868848371607
RPS2P45,0.00027609279022905567
SOX4,0.0002758594295664841
R3HDM2,0.00027585110687243497
MAPKAPK5,0.00027533386250017393
APOPT1,0.00027533049103884506
BAG5,0.00027533049103884506
RASL11B,0.00027461290687160904
COL4A5,0.00027451988236798416
CES1,0.00027409170370058333
CES1P1,0.00027409170370058333
MIR514A1,0.0002740121390077503
MIR514A3,0.0002740121390077503
MIR514A2,0.0002740121390077503
TGFB3,0.0002738964621876029
RN7SKP149,0.0002732225198936345
CLEC3A,0.0002731535281344138
OR6S1,0.00027315123251165686
OR4C12,0.0002728847736979638
KCNK10,0.0002726446180648696
TEP1,0.00027252767448958224
MIR506,0.0002725189336293463
MIR510,0.0002725189336293463
MIR513B,0.0002725189336293463
MIR513A1,0.0002725189336293463
MIR513A2,0.0002725189336293463
MIR508,0.0002725189336293463
MIR507,0.0002725189336293463
MIR514B,0.0002725189336293463
RN7SL191P,0.0002724883832719124
MIR513C,0.0002719971983938368
GAD1,0.00027176088541321357
MYLK4,0.0002716391707753274
ALDH2,0.00027108196051672676
ACAD10,0.00027108196051672676
EXOSC3,0.0002706422258386927
MIR4265,0.0002695897215850015
RN7SL352P,0.00026947382617575183
OR5T2,0.00026816827997021444
OR5L2,0.00026816827997021444
OR8H2,0.00026816827997021444
OR5W2,0.00026816827997021444
OR8K5,0.00026816827997021444
OR8I2,0.00026816827997021444
OR8H3,0.00026816827997021444
TRIM51,0.00026816827997021444
TRIM48,0.00026816827997021444
OR8J3,0.00026816827997021444
TRIM51HP,0.00026816827997021444
OR10AG1,0.00026816827997021444
OR4C16,0.00026816827997021444
OR5L1,0.00026816827997021444
OR5J2,0.00026816827997021444
OR5I1,0.00026816827997021444
OR5F1,0.00026816827997021444
OR4A15,0.00026816827997021444
OR4A16,0.00026816827997021444
OR4A5,0.00026816827997021444
OR4C11,0.00026816827997021444
OR4C15,0.00026816827997021444
OR4C46,0.00026816827997021444
OR4C6,0.00026816827997021444
OR4P4,0.00026816827997021444
OR4S2,0.00026816827997021444
OR5AS1,0.00026816827997021444
OR5D13,0.00026816827997021444
OR5D14,0.00026816827997021444
OR5D16,0.00026816827997021444
OR5D18,0.00026816827997021444
CLTA,0.0002677159913769257
GNE,0.0002677159913769257
RNA5SP389,0.00026749306351199937
TMEM121,0.00026749306351199937
IGHJ6,0.00026749306351199937
LINC00226,0.00026749306351199937
KIAA0125,0.00026749306351199937
IGHJ3,0.00026749306351199937
IGHA1,0.00026749306351199937
IGHG3,0.00026749306351199937
IGHJ4,0.00026749306351199937
IGHJ5,0.00026749306351199937
IGHG2,0.00026749306351199937
IGHJ2,0.00026749306351199937
IGHA2,0.00026749306351199937
LINC00221,0.00026749306351199937
IGHD,0.00026749306351199937
IGHG4,0.00026749306351199937
IGHM,0.00026749306351199937
IGHJ1,0.00026749306351199937
IGHE,0.00026749306351199937
IGHG1,0.00026749306351199937
ADAM6,0.00026749306351199937
U3|ENSG00000253009.1,0.00026738917508430235
PSMD7,0.00026616697991440507
NPIPB15,0.00026616697991440507
CLEC18B,0.00026616697991440507
NEB,0.00026531305751423007
ZNF19,0.0002652393823427067
CMTM3,0.0002641195842338167
OR4C13,0.0002632928602776033
MIR891A,0.0002628649485474906
FOXC1,0.0002626726778798915
KDM1B,0.00026211200166260587
ANGEL1,0.00026201810379025795
RFWD3,0.0002618968996514406
VASH1,0.0002618693425655468
CES3,0.0002617680354018721
DSC1,0.00026126779251121
TTN,0.0002608267313707741
SPANXN3,0.0002606041291119317
AP1G1,0.00026018792380336415
MST4,0.0002595203760081194
RTN4RL2,0.0002594490425186615
MIR5590,0.0002593047421122241
KIAA1549L,0.00025885622655621304
ATP8B1,0.00025874666730718034
CYP46A1,0.0002585469422216154
C11orf91,0.00025852635275599626
snoU13|ENSG00000239188.1,0.0002585126831260139
LINC00911,0.0002583351364996926
OR11H6,0.00025826460520572296
OR11H4,0.00025826460520572296
OR11H7,0.00025826460520572296
BCORL1,0.00025802488917374395
MIR122,0.00025779069488145965
IST1,0.0002577199973371115
OTUB2,0.0002567823073294539
DDX24,0.0002567823073294539
IFI27L1,0.0002567823073294539
IFI27,0.0002567823073294539
IFI27L2,0.0002567823073294539
SLC43A1,0.00025654008438818457
CHD9,0.00025541148859220406
GLI1,0.00025536096179411657
INHBC,0.00025536096179411657
INHBE,0.00025536096179411657
MIR4266,0.00025524813097222413
GABRA3,0.0002551863114359402
GPR65,0.000254946252650661
TMLHE,0.00025467326519277466
ISCA2,0.00025372785008469017
NPC2,0.00025372785008469017
ELF4,0.0002530417134006311
MIR767,0.0002527555886834525
TTLL5,0.00025209753995231654
SOX3,0.00025193678171775115
RN7SKP189,0.0002518377649240409
TTC5,0.0002511626075227333
EML5,0.00025110897144486774
SNORD126,0.0002502108610679886
CCNB1IP1,0.0002502108610679886
SNORA79|ENSG00000222489.1,0.0002502108610679886
snoU13|ENSG00000238591.1,0.0002497762572699288
PDP2,0.00024899145826901226
NAE1,0.00024899145826901226
CA7,0.00024899145826901226
RAB44,0.0002488737148172849
CDKN1A,0.0002488737148172849
EID3,0.00024802634173272045
GPR112,0.0002473710049037383
TOX3,0.0002465823812472219
IRF2BPL,0.0002464973493454532
SCN3A,0.000246356358263056
REC8,0.00024438587716261133
XIRP2,0.000243280987410153
RN7SKP107,0.0002431802844501162
FOXR2,0.00024308373162126105
AMER3,0.0002429659525605198
SH2B3,0.000241539304425244
RNA5SP517,0.0002414279209543762
C2orf88,0.00024128392977155097
RNA5SP231,0.00023912522139619014
GALC,0.00023828132720799065
LINGO2,0.00023753228487405681
USP25,0.000237286000362188
SEC11C,0.00023724929743232145
C14orf119,0.00023643164890952285
SP3,0.00023570563978417316
HIBCH,0.00023516310173793655
TMEM63C,0.0002347091492661137
PAMR1,0.00023448434226011223
TTC8,0.00023447510567347257
FOS,0.00023402052449729912
GLT1D1,0.00023362637846889554
LIPG,0.00023327800865838283
SNORD58B,0.00023327800865838283
SNORD58A,0.00023327800865838283
SNORD58C,0.00023327800865838283
MIR1539,0.00023327800865838283
RPL17,0.00023327800865838283
ALPK2,0.00023305070496961185
MGAT5,0.00023296891282667976
SRPK1,0.00023293769268608642
KIAA1737,0.00023256338129756118
MIR933,0.00023198056277677883
ATP5G3,0.00023198056277677883
ARHGAP15,0.00023147743743356827
ERP29,0.00023137625738949558
CASC16,0.0002309602352640331
RN7SL506P,0.00023048370834356351
SP9,0.00023044774194682735
HCG16,0.00022998846211728607
HCG15,0.00022998846211728607
TMEM257,0.00022939258719606564
SLITRK2,0.00022939258719606564
BRAP,0.0002293585788745889
RNA5SP388,0.0002290787623066108
IFT43,0.00022822981450279045
U7|ENSG00000272215.1,0.0002276883039800945
ADAM23,0.0002276563704558784
DEK,0.00022750628262659
TMX3,0.00022738742134413938
CCDC102B,0.00022737956884547397
DCAF11,0.00022686699242045687
PCK2,0.00022686699242045687
VKORC1L1,0.00022583737740523277
SCN2A,0.00022581997121930936
C6orf195,0.0002256878074658666
SNORA11B,0.00022542407414179462
RPS6KA5,0.00022542407414179462
DCAF12L2,0.00022376215999781476
DIAPH2,0.00022342417979850153
CHTF8,0.00022237725477725637
HAS3,0.00022237725477725637
METTL21A,0.00022235902976093356
SETD3,0.0002222391219324443
U6|ENSG00000272439.1,0.0002222391219324443
CCNK,0.0002222391219324443
HERPUD1,0.00022209043237740274
SLC12A3,0.00022209043237740274
ASB2,0.00022186010065766704
LYPD1,0.0002215020009920012
FA2H,0.00022124380847550972
RNA5SP383,0.00022105728906160214
EMC9,0.00022105728906160214
FITM1,0.00022105728906160214
PSME1,0.00022105728906160214
RNF31,0.00022105728906160214
IRF9,0.00022105728906160214
PSME2,0.00022105728906160214
ZC4H2,0.00022092994109537692
MBOAT1,0.00022047302230571858
FAM45B,0.0002200929338247089
MIR4506,0.0002198796942065326
FAM181A,0.0002198796942065326
PRIMA1,0.0002198796942065326
C18orf32,0.0002197400812283166
PPP4R4,0.00021876863940619085
SPANXN1,0.00021853564859894144
LINC00521,0.00021826574091761484
HYDIN,0.0002178305991396842
ZNF532,0.00021781279273652734
U8|ENSG00000199713.1,0.00021781279273652734
FBLN5,0.00021779525623694302
GABRQ,0.00021774592515880456
CDH19,0.00021768542807344915
RN7SL112P,0.00021755338313356851
C14orf159,0.0002167884775124463
YLPM1,0.00021623315575054712
PLCG2,0.00021582992383399786
TC2N,0.00021578241570133084
SLC25A14,0.00021399882497463105
SCRN3,0.00021360136693620365
GPR155,0.00021360136693620365
TMED10,0.00021328181713600993
RNU4ATAC14P,0.00021328181713600993
OAS2,0.000213044057966183
GPR119,0.00021288789189766706
CETP,0.0002125844630537687
CLPSL1,0.00021224813828103325
CLPSL2,0.00021224813828103325
CLPS,0.00021224813828103325
RN7SL603P,0.0002121504599585768
CHN1,0.0002120832002250861
CHRNA1,0.0002120832002250861
ZDHHC22,0.0002120478560352003
snoU13|ENSG00000238438.1,0.0002119055764625377
FJX1,0.00021140962714199832
RN7SKP81,0.00021127256188854208
MIR99A,0.00021114906948885916
MIRLET7C,0.00021114906948885916
CDH16,0.00021106436340836025
RRAD,0.00021106436340836025
FAM96B,0.00021106436340836025
CES2,0.00021106436340836025
CABLES1,0.00021075377417185774
SNORA7|ENSG00000222604.1,0.00021008453363692857
FCF1,0.00021008453363692857
SPANXN4,0.00021005089185232358
DDX26B,0.0002092931141248857
ZNF75D,0.0002092931141248857
LINC00086,0.0002092931141248857
RNA5SP515,0.0002092931141248857
SAGE1,0.0002092931141248857
ZNF449,0.0002092931141248857
CT45A6,0.0002092931141248857
CT45A5,0.0002092931141248857
CT45A4,0.0002092931141248857
CT45A3,0.0002092931141248857
CT45A2,0.0002092931141248857
CXorf48,0.0002092931141248857
CT45A1,0.0002092931141248857
ZSCAN30,0.00020857528790853923
ZNF397,0.00020857528790853923
TIMM10,0.0002084144758195378
SMTNL1,0.0002084144758195378
UBE2L6,0.0002084144758195378
TRIM44,0.00020826372743190327
GOLGA5,0.0002080551098975356
ZCCHC7,0.00020781401449228206
RBM19,0.00020768510803438001
ACYP1,0.00020694278607951818
PMFBP1,0.00020689704689216484
CIR1,0.0002064032637653452
HRCT1,0.0002063424991535818
LINC00961,0.0002063424991535818
MLKL,0.00020632077517052826
KIF26A,0.00020623800781303657
MIR3657,0.0002061499126821977
MAP3K19,0.00020558993009635383
CHGA,0.0002050681423626154
ACOXL,0.00020463584184375903
LTBP2,0.00020386054131675538
CDH11,0.00020373175472108095
ONECUT2,0.00020362693055988974
ZFP64,0.00020353878849099528
CCER1,0.00020316813486040365
CDH1,0.00020296645780536716
LRRC16B,0.0002027689071858245
RNA5SP380,0.0002026727665956674
NEK9,0.00020196835244695166
NRL,0.00020158901158093577
CPNE6,0.00020158901158093577
MAGEA10,0.00020092495997232857
RNA5SP429,0.00020058796997848708
LHFPL5,0.00020010130478616451
SIT1,0.00019918746433930304
AREL1,0.0001988266048895416
ID4,0.0001985938948456498
RMRPP3,0.00019814501175922602
MIR4785,0.00019814501175922602
RPRM,0.00019809900138131206
CEP192,0.00019773371656210196
RN7SL865P,0.00019725738396624516
WDR59,0.000197231533830324
U3|ENSG00000200042.1,0.00019685571422136113
CATSPERB,0.00019685571422136113
SMEK1,0.00019685571422136113
FECH,0.00019637306944010496
NARS,0.00019637306944010496
TMEM163,0.00019632813862281563
ACTRT1,0.0001962492880278173
TTC7B,0.0001953201546206894
MLH3,0.0001951215642094642
EIF2B2,0.0001951215642094642
XIAP,0.00019484661795084095
RN7SL128P,0.00019459324949205832
E2F3,0.00019459324949205832
VMA21,0.00019457655292511288
GSG1L,0.00019439276208278787
ZC2HC1C,0.0001943242267611817
CYP4F29P,0.0001937966254091802
TEKT4P2,0.0001937966254091802
POTED,0.0001937966254091802
ANKRD20A11P,0.0001937966254091802
RN7SL52P,0.0001937966254091802
SNORA70|ENSG00000252199.1,0.0001937966254091802
ANKRD30BP2,0.0001937966254091802
MIR3648,0.0001937966254091802
TPTE,0.0001937966254091802
MIR3687,0.0001937966254091802
BAGE2,0.0001937966254091802
SNORA70F,0.00019359458131683308
MIR3935,0.00019346535794548568
CAP2,0.00019309853604214378
FATE1,0.0001928672455812716
CNGA2,0.0001928672455812716
LINC00393,0.00019284246227639602
DHRS4L1,0.00019188052274505678
CPO,0.0001916329391952255
KLF7,0.00019161705186814936
MIR2355,0.00019161705186814936
ZNF821,0.00019130471996880544
ATXN1L,0.00019130471996880544
FLVCR2,0.0001911071089972173
BATF,0.0001911071089972173
RNA5SP387,0.0001911071089972173
C14orf1,0.0001911071089972173
CCDC42B,0.0001905900784160128
DDX54,0.0001905900784160128
RASAL1,0.0001905900784160128
DTX1,0.0001905900784160128
IQCD,0.0001905900784160128
C12orf52,0.0001905900784160128
CREB1,0.0001904413896644978
GNAO1,0.00019017114538714055
MIR4330,0.00019005402021142728
GPR50,0.00019005402021142728
JDP2,0.00018952036780660588
RBMX2,0.00018776219639818242
CTRL,0.00018757847072141488
RPS6KA6,0.00018726780641148343
MIR203,0.00018722305812845702
ASPG,0.00018722305812845702
RD3L,0.0001861251556271814
KCNK16,0.00018534559127507386
KCNK17,0.00018534559127507386
snoU13|ENSG00000238337.1,0.000184992757730336
SLC24A4,0.00018444451271967623
FKSG61,0.0001840012184390439
NOXRED1,0.0001840012184390439
SAMD15,0.0001840012184390439
VIPAS39,0.0001840012184390439
CPSF2,0.00018324456749611151
FOXQ1,0.00018277999732014093
NDUFB1,0.00018272479356311978
PRRG3,0.00018253287546647056
ARHGEF39,0.0001819461761163144
CCDC107,0.0001819461761163144
RMRP,0.0001819461761163144
KIF6,0.00018168958234316343
DOK6,0.00018152882914010014
ATXN2,0.00018145287290788104
HHIPL1,0.0001813435476561482
CCDC85C,0.0001813435476561482
FKSG63,0.00018133941637814353
CSRNP3,0.00018120111019604153
INPP1,0.0001811698446464966
MFSD6,0.0001811698446464966
PASD1,0.00018059740621227324
PMS1,0.00017928694019695414
MSTN,0.00017928694019695414
ORMDL1,0.00017912031148460545
DCAF12L1,0.00017850285287881256
AUTS2,0.00017840455356384188
MAPRE2,0.0001782456726685341
snoU13|ENSG00000238822.1,0.00017780458516486678
STX2,0.00017780458516486678
GPR68,0.00017723944599029113
MRO,0.00017707907989655383
SLC9A6,0.0001767856246269202
MMGT1,0.0001767856246269202
RNA5SP376,0.0001767524870277962
MIR125B2,0.00017656553479338362
MAGEA4,0.00017627237783889485
PDE1A,0.00017608651567869803
RGS6,0.00017608271330563508
ZNF891,0.0001754399177995235
P2RX2,0.0001754399177995235
ZNF605,0.0001754399177995235
ZNF140,0.0001754399177995235
ZNF84,0.0001754399177995235
ZNF10,0.0001754399177995235
RNU4ATAC12P,0.0001754399177995235
RNA5SP379,0.0001754399177995235
PXMP2,0.0001754399177995235
POLE,0.0001754399177995235
PGAM5,0.0001754399177995235
ZNF26,0.0001754399177995235
LRCOL1,0.0001754399177995235
GOLGA3,0.0001754399177995235
ZNF268,0.0001754399177995235
CHFR,0.0001754399177995235
ANKLE2,0.0001754399177995235
ANHX,0.0001754399177995235
CES4A,0.00017491509725223723
RN7SL543P,0.00017491509725223723
LGMN,0.00017447771382633344
HSPA13,0.0001736789230460124
ADCK1,0.00017315795708386822
FIGN,0.0001729452417051582
IPO4,0.00017262701320354369
HECW2,0.00017262408711393956
MIR452,0.0001721050370709213
MIR224,0.0001721050370709213
MUC8,0.0001720507620220887
SCN7A,0.00017165248636434138
ERMN,0.00017150766472102594
ZDBF2,0.000171287512332683
GPR1,0.000171287512332683
RN7SKP200,0.000171287512332683
RN7SKP260,0.000171287512332683
RNA5SP111,0.00017122134793020984
snoU13|ENSG00000238734.1,0.00017117973645186627
PGF,0.00017111416999551621
snoU13|ENSG00000238662.1,0.00017108097572984723
OR11G2,0.00017053327338424398
CES5A,0.00017048508355180692
FOXF2,0.00017005340574419346
GPR39,0.0001696869703198832
snoU13|ENSG00000238570.1,0.00016899039931511165
DHX38,0.0001689618529979824
AIFM1,0.0001689550859573873
MIR1260A,0.00016875833964441795
POMT2,0.00016875833964441795
GSTZ1,0.00016875833964441795
TMED8,0.00016875833964441795
RN7SL137P,0.00016875833964441795
NGB,0.00016875833964441795
CCDC178,0.00016870980185099631
RN7SKP152,0.00016848133504884102
SCN9A,0.00016788051617668053
RNY4P7,0.00016785277488627103
HP,0.00016782742304903144
HPR,0.00016782742304903144
TXNL4B,0.00016782742304903144
DHODH,0.00016782742304903144
PKD1L3,0.00016782742304903144
CD226,0.00016782098397043324
TM9SF1,0.00016738696443849662
PHGDH,0.00016734258271077865
RN7SKP118,0.00016711948132139487
KCTD19,0.00016711948132139487
PLEKHG4,0.00016711948132139487
LRRC36,0.00016711948132139487
LRRC29,0.00016711948132139487
TPPP3,0.00016711948132139487
FHOD1,0.00016711948132139487
ZDHHC1,0.00016711948132139487
SLC9A5,0.00016711948132139487
TMEM208,0.00016711948132139487
SLC38A11,0.00016705097502565998
TSHR,0.00016702215077614945
snoU13|ENSG00000238295.1,0.00016658425632911614
CCDC88C,0.00016639349658855118
LINC00637,0.00016515470250027243
SNORD51|ENSG00000202275.1,0.00016515470250027243
ZNRF1,0.00016468704658027791
COBLL1,0.00016356483065343947
AARS,0.00016281771308233108
EXOSC6,0.00016281771308233108
RTTN,0.000162654039848814
TANGO6,0.00016262951077133779
RNA5SP110,0.00016261375299350109
RPS6KL1,0.00016217288338642158
DLST,0.00016217288338642158
PROX2,0.00016217288338642158
SCN1A,0.00016185767333624362
GALNT3,0.00016174337120934465
NADSYN1,0.00016141776313222667
SOCS6,0.00016109401011401848
PPP1R13B,0.00016084172426661204
ZFYVE21,0.00016084172426661204
XRCC3,0.00016084172426661204
RIN3,0.00016051658598620214
NPR2,0.00016008220451808116
SPAG8,0.00016008220451808116
FAM221B,0.00016008220451808116
HINT2,0.00016008220451808116
CKLF,0.0001596017289286814
CMTM1,0.0001596017289286814
TK2,0.0001596017289286814
CMTM2,0.0001596017289286814
RAB3GAP1,0.00015846794508470326
C2orf27A,0.00015828560169047916
C2orf27B,0.00015828560169047916
RN7SL701P,0.00015828560169047916
FLRT2,0.00015808522018185357
ARHGAP36,0.00015776292470833048
RAN,0.00015731345914444148
RGP1,0.00015425234039855696
MSMP,0.00015425234039855696
GBA2,0.00015425234039855696
CREB3,0.00015425234039855696
TLN1,0.00015425234039855696
TPM2,0.00015425234039855696
RN7SL22P,0.00015425234039855696
CA9,0.00015425234039855696
OR13J1,0.00015354170548820747
snoU13|ENSG00000239041.1,0.00015272936134490587
E2F4,0.0001525573736750019
ELMO3,0.0001525573736750019
MIR328,0.0001525573736750019
EXOC3L1,0.0001525573736750019
HSF4,0.0001525573736750019
KIAA0895L,0.0001525573736750019
NOL3,0.0001525573736750019
B3GNT9,0.0001525573736750019
FBXL8,0.0001525573736750019
TRADD,0.0001525573736750019
NRXN3,0.00015094167644612842
PUS1,0.00015058268771101023
ULK1,0.00015058268771101023
ANAPC1,0.00015021043703692037
SIPA1L1,0.00015001801137648778
CDH8,0.00014948543789235363
HMGB3,0.00014896494706340499
C14orf2,0.00014842457406863117
KCNK5,0.00014840865180452034
TMEM194B,0.0001479829594370167
RAB33A,0.0001477621438783692
ZNF280C,0.0001477621438783692
ATXN3,0.0001474425389917081
TRIP11,0.0001474425389917081
SNORD61|ENSG00000206979.1,0.0001463590161282226
RBMX,0.0001463590161282226
IKBKG,0.0001460683781939156
CCDC74A,0.00014555942844330012
ENOX2,0.00014538332690756386
MIR548A1,0.0001438208760948461
SAP130,0.0001436956198464997
B3GALT1,0.00014282414617331008
TMEM8B,0.00014218845755584446
DLX1,0.0001418207524245011
METAP1D,0.0001418207524245011
DLX2,0.0001418207524245011
WIPF1,0.00014099739347071672
SNORA27|ENSG00000252459.1,0.0001408718477087628
SFSWAP,0.00014079372017968914
RNA5SP378,0.00014079372017968914
MMP17,0.00014079372017968914
ARHGEF6,0.0001402865255981839
RN7SL683P,0.00013960492255108147
TDRD9,0.000138963101909797
LCAT,0.00013873623546361902
PSMB10,0.00013873623546361902
SLC12A4,0.00013873623546361902
ZC3H12B,0.00013839827590477963
LAS1L,0.00013839827590477963
SERPINA10,0.00013828149060671487
SNORD112|ENSG00000251700.1,0.00013775529069552403
RNU6ATAC25P,0.00013775529069552403
GPR133,0.00013714732678939427
KLC1,0.00013707080747803007
POLR2D,0.00013637563769123225
AMMECR1L,0.00013637563769123225
FAM127B,0.00013629212668269633
TTC21B,0.00013620710373064468
RNU6ATAC19P,0.00013497859939896252
ATP6AP1,0.00013496283006048776
FAM50A,0.00013496283006048776
GDI1,0.00013496283006048776
RN7SKP179,0.00013451935947922947
MIR4437,0.00013440889872444386
RNU6ATAC14P,0.00013414482579401042
BOD1L2,0.00013336535921023912
MIR934,0.0001329560225605439
C16orf86,0.0001322012966965105
ENKD1,0.0001322012966965105
RLTPR,0.0001322012966965105
ACD,0.0001322012966965105
PARD6A,0.0001322012966965105
FAM65A,0.00013205721930636955
HSD11B2,0.00013205721930636955
AGRP,0.00013205721930636955
CTCF,0.00013205721930636955
ATP6V0D1,0.00013205721930636955
MAP7D3,0.000132013210526022
LINC00892,0.00013190721390675663
CD40LG,0.00013190721390675663
HAT1,0.00013158371440563502
FHL1,0.00013120707834265899
snoU13|ENSG00000239080.1,0.00013120707834265899
SNORA32|ENSG00000201384.1,0.00013112174979263872
SYCE1L,0.00013072251198358397
RNA5SP112,0.00013056316120503588
CXorf51A,0.0001303146473779364
CXorf51B,0.0001303146473779364
SNORA36A,0.00013026838979936388
SNORA56,0.00013026838979936388
SMIM9,0.00013026838979936388
F8A1,0.00013026838979936388
RAB39B,0.00013026838979936388
DKC1,0.00013026838979936388
F8A2,0.00013026838979936388
MTCP1,0.00013026838979936388
CTAG1A,0.00013026838979936388
VBP1,0.00013026838979936388
H2AFB1,0.00013026838979936388
F8A3,0.00013026838979936388
GAB3,0.00013026838979936388
H2AFB2,0.00013026838979936388
H2AFB3,0.00013026838979936388
CTAG2,0.00013026838979936388
FUNDC2,0.00013026838979936388
MPP1,0.00013026838979936388
CMC4,0.00013026838979936388
F8,0.00013026838979936388
CLIC2,0.00013026838979936388
CTAG1B,0.00013026838979936388
BRCC3,0.00013026838979936388
BRS3,0.0001298988569101429
RNA5SP113,0.00012934766111161785
PPP1R1C,0.00012934766111161785
SSFA2,0.00012934766111161785
PSKH1,0.00012844499331069112
SNORD56B,0.0001284211143596753
MIR4419B,0.00012736446662480516
CD302,0.00012657765868982906
MARCH7,0.00012657765868982906
ADAMTS18,0.0001260280480201106
NEUROD1,0.0001253953869091121
UBE2E3,0.00012500597086219327
EEF1B2,0.00012305523045643766
NDUFS1,0.00012305523045643766
SNORA41|ENSG00000207406.1,0.00012305523045643766
SNORD51|ENSG00000207047.2,0.00012305523045643766
RAP2C,0.00012241627944239796
RNA5SP103,0.00012239385155192464
RN7SL714P,0.00012203909565531777
CERKL,0.00012100154939047494
MIR548AE1,0.00012083914219538729
GPR101,0.00011970644515232815
FLJ20373,0.00011900833025743407
MIR548I4,0.0001186832430295
LY75,0.00011860389910376203
CDCA7,0.00011829683969273241
SNORA70|ENSG00000251893.2,0.00011829143301062394
RN7SL455P,0.0001181239210904999
RFX8,0.00011804213619355674
FARS2,0.00011691039053619021
RN7SKP216,0.00011679831877800677
HAUS4,0.00011657061660741139
MIR4707,0.00011657061660741139
RN7SL267P,0.0001159236413599555
FAM9C,0.00011567100063004689
GFOD2,0.0001156015231038378
RANBP10,0.0001156015231038378
EVX2,0.00011519895897139783
HOXD12,0.00011519895897139783
HOXD13,0.00011519895897139783
MAP4K4,0.00011478168356601588
NAB1,0.00011404091215731782
PDK1,0.00011400799699560118
RN7SL634P,0.00011368957784991688
SNORA19|ENSG00000251822.1,0.00011359356347774773
HOXD11,0.00011330857764191739
HOXD10,0.00011330857764191739
CBFB,0.0001132746728759566
MON1B,0.0001124579373093991
SNORD56|ENSG00000200377.1,0.00011238989153325568
CIRH1A,0.00011219129142478864
AMFR,0.0001120896640479429
WDR75,0.00011165234585455435
ITGA6,0.00011095058210174917
FBRSL1,0.00011094912500605223
C1GALT1C1,0.00011092317765168031
TMEM255A,0.00011082893535970767
ATP1B4,0.00011082893535970767
ZBTB33,0.00011082893535970767
LAMP2,0.00011082893535970767
RN7SKP233,0.00011056319361436984
CUL4B,0.00011014939883337909
MCTS1,0.00011014939883337909
snoU13|ENSG00000272179.1,0.00011014939883337909
SNORA49,0.00010928286327061606
FOXN3,0.00010744849785984124
TMSB4X,0.000107282516441116
ZNF271,0.00010724262299647829
ZNF24,0.00010724262299647829
MIR374A,0.00010717420034278391
MIR545,0.00010717420034278391
ST3GAL2,0.00010705142141417831
TEX41,0.0001068177727845379
DDX19A,0.0001067918320197029
MIR4719,0.00010678415292739277
C14orf177,0.0001060490121612746
KIAA1715,0.00010582325374192865
C14orf64,0.00010537981742560447
WDSUB1,0.00010518802550124914
Vault|ENSG00000252485.1,0.00010428158864953489
EP400,0.00010402347492071283
TLR8,0.00010396825810079641
LINC00087,0.00010365353610300611
LINC00633,0.00010365353610300611
SNORA40|ENSG00000208308.1,0.00010363530449020771
FAP,0.00010303919770072866
GCG,0.00010303919770072866
ITGB6,0.00010278720600567192
C6orf100,0.00010237502020522963
RN7SL471P,0.00010237502020522963
DYM,0.00010226132449384286
OR4N5,0.0001022077235865725
RNA5SP381,0.0001022077235865725
C16orf70,0.00010210537545630554
TBX5,0.00010074657377424532
U3|ENSG00000212539.1,0.0001006557298296991
CENPT,9.939281671297646e-05
TSNAXIP1,9.939281671297646e-05
HOXD4,9.836723807960679e-05
HOXD8,9.836723807960679e-05
HOXD9,9.836723807960679e-05
MIR10B,9.836723807960679e-05
HOXD1,9.836723807960679e-05
HOXD3,9.836723807960679e-05
GSC,9.78858771290346e-05
CBLN2,9.733344814718975e-05
RNA5SP460,9.733344814718975e-05
MIR548AV,9.733344814718975e-05
NETO1,9.733344814718975e-05
BCL11B,9.680843799082388e-05
OR4K17,9.651037239541273e-05
TTC30A,9.626434279943864e-05
DYNC1I2,9.595511078710551e-05
RN7SKP178,9.537010037906718e-05
MIR106A,9.51068613285277e-05
MIR18B,9.51068613285277e-05
MIR363,9.51068613285277e-05
MIR19B2,9.51068613285277e-05
MIR92A2,9.51068613285277e-05
MIR20B,9.51068613285277e-05
CDKAL1,9.490526154595078e-05
OAS3,9.398004758057223e-05
TFPI,9.288231210238309e-05
CEBPE,9.253583329265578e-05
SLC7A8,9.226350283763281e-05
CNGB1,9.198106983576702e-05
HCG14,9.14162087606515e-05
TRIM27,9.14162087606515e-05
UGGT1,9.075321159664955e-05
RN7SL206P,9.075321159664955e-05
CT47A3,9.060652355065287e-05
CT47A2,9.060652355065287e-05
CT47B1,9.060652355065287e-05
CT47A8,9.060652355065287e-05
CT47A10,9.060652355065287e-05
CT47A11,9.060652355065287e-05
CT47A6,9.060652355065287e-05
CT47A5,9.060652355065287e-05
CT47A4,9.060652355065287e-05
CT47A9,9.060652355065287e-05
CT47A12,9.060652355065287e-05
GLUD2,9.060652355065287e-05
CT47A7,9.060652355065287e-05
CT47A1,9.060652355065287e-05
TAZ,9.053700173481718e-05
FAM127A,9.03983799253559e-05
FAM127C,9.03983799253559e-05
SMIM10,9.03983799253559e-05
TCL6,8.98311554637611e-05
USP12,8.972260176854085e-05
ITGA4,8.946099507104744e-05
CCBE1,8.880099092420093e-05
MUC15,8.858493024942331e-05
BDNF,8.839511349342066e-05
MIR4744,8.71593517589406e-05
RNA5SP109,8.674010462230534e-05
PAK3,8.60335325374836e-05
SERPINA1,8.528222741147752e-05
DPP4,8.458037406854255e-05
snoU13|ENSG00000238306.1,8.437452618724611e-05
NRIP1,8.43036940091961e-05
DCC,8.410423122792446e-05
FUK,8.339633784261735e-05
COG4,8.322111500134674e-05
SNORD111B,8.322111500134674e-05
SNORD111|ENSG00000221066.1,8.322111500134674e-05
IL34,8.223143043490971e-05
SERPINA9,8.221805522527168e-05
SERPINA12,8.221805522527168e-05
SERPINA4,8.221805522527168e-05
SERPINA5,8.221805522527168e-05
SERPINA3,8.221805522527168e-05
NUDT7,8.168968721797726e-05
RNA5SP488,8.15514407339261e-05
BAZ2B,8.143305922572505e-05
FRZB,8.113167780408848e-05
TMEM170A,7.966132438490461e-05
SNORA76|ENSG00000252122.1,7.966132438490461e-05
INO80D,7.850977227971812e-05
IL1R2,7.793603578174826e-05
EDC4,7.77709169496747e-05
NUTF2,7.77709169496747e-05
THAP11,7.77709169496747e-05
NRN1L,7.77709169496747e-05
TBX3,7.77442514637101e-05
RHOXF2,7.709945956469433e-05
NKAPP1,7.709945956469433e-05
MIR4527,7.699517340527772e-05
RHOXF1,7.651540006273112e-05
RHOXF2B,7.651540006273112e-05
IFIH1,7.599897940380238e-05
FRMD7,7.593868503979174e-05
SLC25A12,7.523361389091146e-05
CYP4F43P,7.477598143711485e-05
TUBA3E,7.477598143711485e-05
SMPD4,7.477598143711485e-05
PTPN18,7.477598143711485e-05
CCDC74B,7.477598143711485e-05
IMP4,7.477598143711485e-05
CCDC115,7.477598143711485e-05
POTEF,7.477598143711485e-05
MZT2B,7.477598143711485e-05
VAT1L,7.432440976744895e-05
RNF121,7.408977536652075e-05
CDSN,7.404880895925124e-05
U3|ENSG00000212321.1,7.397464714393556e-05
SCARNA4|ENSG00000252829.2,7.376831977822361e-05
ATXN1,7.255437615998806e-05
HMGCS2,7.245856017724125e-05
DNAJC10,7.153882393781196e-05
SNORA48|ENSG00000212445.1,7.008264677346653e-05
TEPP,6.936515336775578e-05
SLC7A6,6.906051353272025e-05
SLC7A6OS,6.906051353272025e-05
MOSPD1,6.902611421972505e-05
FAM122C,6.902611421972505e-05
snoU109|ENSG00000252040.1,6.892098423318986e-05
snoU109|ENSG00000252640.1,6.892098423318986e-05
PRPS2,6.871423438809798e-05
RN7SL534P,6.86507805356344e-05
FZD10,6.86507805356344e-05
PIWIL1,6.86507805356344e-05
RNA5SP377,6.838326249313984e-05
DNASE1L1,6.819875858338687e-05
SNORA70|ENSG00000207165.1,6.819875858338687e-05
ESRP2,6.788911639015049e-05
PLA2G15,6.788911639015049e-05
GTDC1,6.779596311061976e-05
NFATC3,6.679884093335447e-05
CDH3,6.579942176462476e-05
LINC00341,6.577834261811441e-05
MMP14,6.553293630125816e-05
MRPL52,6.553293630125816e-05
RBM11,6.451677717500613e-05
VAC14,6.424837513263416e-05
SF3B3,6.40504382193468e-05
LDLRAD4,6.364147807185701e-05
SLC9A4,6.321514644896562e-05
MIR4772,6.321514644896562e-05
IL18RAP,6.321514644896562e-05
STK39,6.30567276136888e-05
RN7SL710P,6.283371499080899e-05
CLMN,6.242958446550615e-05
LINC00629,6.193549826779188e-05
MIR503,6.193549826779188e-05
MIR542,6.193549826779188e-05
MIR503HG,6.193549826779188e-05
MIR450A2,6.193549826779188e-05
MIR450A1,6.193549826779188e-05
MIR450B,6.193549826779188e-05
NRP2,6.184117499031298e-05
IL1R1,6.164101005276017e-05
TLR7,6.129685653140528e-05
TTC30B,6.09405742343284e-05
ZCCHC5,6.064829624213714e-05
RPL21,6.025548480239023e-05
RASL11A,6.025548480239023e-05
SNORD102,6.025548480239023e-05
SNORA27|ENSG00000207051.1,6.025548480239023e-05
RAPGEF4,6.019396028011373e-05
CALCRL,5.999886473292756e-05
SCARNA13,5.989170139525201e-05
SNHG10,5.989170139525201e-05
GLRX5,5.982152951312503e-05
MTX2,5.8588769879908524e-05
OSBPL6,5.8164610252348065e-05
MYL12B,5.7845029945374914e-05
HDX,5.771397050284472e-05
CCDC160,5.7606444188723316e-05
HAUS7,5.74501487457207e-05
BGN,5.74501487457207e-05
snoU13|ENSG00000238546.1,5.705206778164258e-05
SNORA37,5.6815506929594267e-05
POLI,5.6815506929594267e-05
STARD6,5.6815506929594267e-05
C18orf54,5.6815506929594267e-05
MBD2,5.6815506929594267e-05
PRMT7,5.5756557065861734e-05
snoU13|ENSG00000238343.1,5.5756557065861734e-05
SLC9A2,5.5315514833069386e-05
ZCCHC16,5.5140887448402454e-05
snR65|ENSG00000253036.1,5.4462212568345875e-05
LPAR4,5.402804325451583e-05
C14orf132,5.3568435128045546e-05
CYLC1,5.351384684909417e-05
C14orf166B,5.2363951098130225e-05
RBM45,5.219731408092489e-05
DPEP3,5.1758880390942557e-05
DPEP2,5.1758880390942557e-05
DUS2L,5.1758880390942557e-05
DDX28,5.1758880390942557e-05
COL3A1,5.171141511040434e-05
SYNE3,5.135802084105026e-05
GLRA2,5.065592635212805e-05
WWOX,5.027774575748244e-05
ZFP90,5.012022233831699e-05
EP400NL,4.9201471500662e-05
DDX51,4.9201471500662e-05
GALNT9,4.9201471500662e-05
NOC4L,4.9201471500662e-05
TEX28,4.907949156008206e-05
TEX28P1,4.907949156008206e-05
OPN1LW,4.907949156008206e-05
TEX28P2,4.907949156008206e-05
TKTL1,4.907949156008206e-05
OPN1MW2,4.907949156008206e-05
OPN1MW,4.907949156008206e-05
SH3BGRL,4.881620315809644e-05
PHF6,4.879682904999397e-05
RN7SL325P,4.8630079946701576e-05
HPRT1,4.8278670690818964e-05
ATF2,4.822963590376281e-05
FKBP1C,4.790166390839724e-05
SERPINA6,4.6930842505448706e-05
PTPN11,4.67532960463696e-05
FAM122B,4.609737184171868e-05
FLNA,4.606499957124294e-05
EMD,4.606499957124294e-05
LIPI,4.5562922778113804e-05
HS6ST1,4.512579803765499e-05
SNORD45|ENSG00000200706.1,4.5117353231915806e-05
RBM23,4.4535902719591555e-05
PRMT5,4.4535902719591555e-05
MIR4526,4.385936455826068e-05
DICER1,4.3849629453479e-05
MIR3173,4.3849629453479e-05
RN7SL648P,4.3712701592086874e-05
MIR421,4.3712701592086874e-05
MIR374B,4.3712701592086874e-05
RIMBP2,4.357843834447328e-05
GTSCR1,4.346807325213911e-05
RN7SL795P,4.266262524735365e-05
MIR3672,4.244871235268509e-05
TXNL4A,4.243238320735671e-05
PARD6G,4.243238320735671e-05
KCNG2,4.243238320735671e-05
RBFADN,4.243238320735671e-05
RBFA,4.243238320735671e-05
ADNP2,4.243238320735671e-05
CTDP1,4.243238320735671e-05
PQLC1,4.243238320735671e-05
HSBP1L1,4.243238320735671e-05
NFATC1,4.243238320735671e-05
GLS,4.220137018002606e-05
ZNF319,4.197479879372184e-05
RN7SL190P,4.10518400274401e-05
PNMA6D,4.10518400274401e-05
MAGEA2,4.10518400274401e-05
MAGEA3,4.10518400274401e-05
PNMA6C,4.10518400274401e-05
CSAG4,4.10518400274401e-05
MAGEA6,4.10518400274401e-05
ZFP92,4.10518400274401e-05
PNMA6B,4.10518400274401e-05
PNMA6A,4.10518400274401e-05
PNMA5,4.10518400274401e-05
CETN2,4.10518400274401e-05
CSAG3,4.10518400274401e-05
NSDHL,4.10518400274401e-05
CSAG1,4.10518400274401e-05
PNMA3,4.10518400274401e-05
RN7SL667P,4.10518400274401e-05
MAGEA12,4.10518400274401e-05
ZNF185,4.10518400274401e-05
ZNF275,4.10518400274401e-05
MAGEA2B,4.10518400274401e-05
MAGEA1,4.10518400274401e-05
CSAG2,4.10518400274401e-05
snoU13|ENSG00000239037.1,4.10518400274401e-05
FLJ00418,4.0820432281239666e-05
MTSS1L,4.0820432281239666e-05
RN7SKP17,4.059378268239278e-05
ZCCHC13,4.055846944886125e-05
ATP9B,4.011929696748753e-05
TCL1A,3.93664258731537e-05
TCL1B,3.93664258731537e-05
MLTK,3.910011987069231e-05
PLAC1,3.903464973696067e-05
LINC00617,3.8372324209690525e-05
SMAD2,3.79323217694513e-05
LHFPL1,3.7822978991953386e-05
ATP2B3,3.765806294153753e-05
MIR4329,3.745281988421882e-05
CHST6,3.670173483798297e-05
HMGN5,3.637701770789896e-05
LRP10,3.598480559769693e-05
REM2,3.598480559769693e-05
RN7SL266P,3.55474107066998e-05
GABARAPL2,3.539963463457049e-05
CHST5,3.539963463457049e-05
TMEM231,3.539963463457049e-05
PKP4,3.5329791910358225e-05
LINC00508,3.526456687708783e-05
LINC00507,3.526456687708783e-05
IL18R1,3.4706993508043835e-05
IL1RL1,3.4706993508043835e-05
RPL10,3.332102030989256e-05
RNA5SP430,3.255574414054944e-05
snoU13|ENSG00000238572.1,3.1091081803518635e-05
SLC16A2,3.0641480992008694e-05
RN7SL641P,3.0641480992008694e-05
RN7SL790P,3.0641480992008694e-05
MIR5190,2.9789981119712748e-05
TFDP3,2.9587335455321005e-05
FAM58A,2.9564448783319477e-05
DUSP9,2.854862434944372e-05
MIR504,2.7906395736175353e-05
FGF13,2.748327662180879e-05
FRMPD4,2.7107811757902426e-05
AGPS,2.6611173469954655e-05
SKOR2,2.6375500067513556e-05
HS6ST2,2.6141153102441934e-05
SNORA4|ENSG00000202183.1,2.6008138947707245e-05
SNORD41|ENSG00000212302.1,2.5936346550120523e-05
OXA1L,2.5936346550120523e-05
TMSB15B,2.5909730213526868e-05
TREX2,2.369707323830326e-05
CHIC1,2.3124228594392118e-05
LGSN,2.2976584514918663e-05
NAA25,2.2912177933387263e-05
IL1RL2,2.2863613451940634e-05
snoU13|ENSG00000238776.1,2.1952103792012216e-05
GSKIP,2.1515478747667584e-05
LINC00922,2.1444092547128107e-05
SNORA77|ENSG00000221498.1,2.1274749253028107e-05
DUSP19,2.1274749253028107e-05
OAS1,2.0533149295268437e-05
ASNSD1,2.0278714292854324e-05
NUP35,2.001636519173318e-05
TXNL1,1.9652679364922375e-05
RN7SKP108,1.9648126995514537e-05
POF1B,1.9478405506480366e-05
SATL1,1.9478405506480366e-05
UBE2DNL,1.9478405506480366e-05
ZNF711,1.9478405506480366e-05
APOOL,1.9478405506480366e-05
H2BFWT,1.9225163022630758e-05
H2BFM,1.9225163022630758e-05
RN7SL393P,1.9020868567513317e-05
snoZ5,1.9020868567513317e-05
PAPOLA,1.876708003103314e-05
AK7,1.8755384717345345e-05
ZCCHC18,1.84579976985033e-05
COL4A6,1.841963943229814e-05
RLIM,1.8388502281785e-05
PLEKHB2,1.8364420624564187e-05
snoU13|ENSG00000238481.1,1.788974078130808e-05
snoU13|ENSG00000238543.1,1.788974078130808e-05
SLC38A7,1.758087201125053e-05
MAP2K4P1,1.708932518155046e-05
FIBIN,1.695035300250284e-05
CCDC148,1.681927567221406e-05
RPH3A,1.6807500673309557e-05
NLRC5,1.6023838190381776e-05
PLEKHA3,1.5960374243259578e-05
FKBP7,1.5960374243259578e-05
DFNB59,1.5960374243259578e-05
PRKRA,1.5960374243259578e-05
MAPK14,1.465023061450029e-05
MAPK13,1.274102502909987e-05
SLC25A53,1.2499680347780917e-05
GPC4,1.2398815069371865e-05
POU3F4,1.1966238449190149e-05
CDX4,1.1413215075060667e-05
NCKAP1,1.122627357145523e-05
LGR4,9.95780590717222e-06
KIAA2022,9.888595205154365e-06
PFKFB1,8.78633212446972e-06
MIR1245A,7.4010680243282035e-06
RN7SKP31,6.709618737207935e-06
NOL4,6.4070822606991965e-06
PSORS1C1,6.4057199139083624e-06
CXorf30,4.835318121252972e-06
RN7SL687P,4.548123033489149e-06
PNCK,4.548123033489149e-06
SLC6A8,4.548123033489149e-06
ACA64|ENSG00000239008.1,4.413224482525644e-06
RN7SL520P,4.369485508467222e-06
TERF2IP,4.369485508467222e-06
KARS,4.369485508467222e-06
ADAT1,4.369485508467222e-06
IER3IP1,4.064082774907643e-06
SNORA43|ENSG00000202216.1,3.446662963720407e-06
CWC22,3.446662963720407e-06
SNORA8|ENSG00000207100.1,2.9373265064768605e-06
SMPD3,2.8327692672121824e-06
CCDC167,2.441794198760399e-06
ZNF385B,1.5698541234261488e-06
CYB5A,1.5364722388011067e-06
DTNA,1.344014959469554e-06
BBOX1,6.346112439498077e-07
HDHD2,6.010076807189662e-07
C16orf80,2.737173700071834e-07
snoU13|ENSG00000238339.1,-1.2044318414354228e-06
RN7SL465P,-2.8516869668905028e-06
USP26,-3.074191182405135e-06
MIR3129,-3.2617096248829783e-06
NUMA1,-3.5085164099232524e-06
SLC40A1,-3.782471770319857e-06
SNORD36|ENSG00000251846.1,-4.036912685271873e-06
PLXNB3,-4.036912685271873e-06
IDH3G,-4.036912685271873e-06
SRPK3,-4.036912685271873e-06
SSR4,-4.036912685271873e-06
PDZD4,-4.036912685271873e-06
MECP2,-6.025685846399018e-06
BCAP31,-7.338342095368478e-06
RNA5SP107,-7.670782649665368e-06
MT1DP,-7.899387257257205e-06
MT1X,-7.899387257257205e-06
MT1B,-7.899387257257205e-06
MT1M,-7.899387257257205e-06
MT1JP,-7.899387257257205e-06
MT1A,-7.899387257257205e-06
MT1E,-7.899387257257205e-06
MT1F,-7.899387257257205e-06
MT1G,-7.899387257257205e-06
MT1H,-7.899387257257205e-06
RN7SKP93,-8.227276365591102e-06
IL18BP,-8.260228404680152e-06
SLC4A10,-8.503929317628816e-06
MIR1468,-8.514490771638201e-06
RPL6,-9.631138342760477e-06
DIRC1,-9.854991463666569e-06
CHDC2,-9.934075513502268e-06
KAL1,-1.0166158564865132e-05
VCX3B,-1.0166158564865132e-05
SESTD1,-1.0208436869645758e-05
BDKRB2,-1.0853251102282077e-05
SNORA51|ENSG00000206961.1,-1.1675021714305212e-05
SLC5A12,-1.2003785002778647e-05
SNORA8|ENSG00000212586.1,-1.245855351412802e-05
MIR1258,-1.3555704972666265e-05
NR4A2,-1.399845642639512e-05
MIR361,-1.5041049645312149e-05
LRP2,-1.6189833736755877e-05
GPC3,-1.701524677686672e-05
MBNL3,-1.7416907349632624e-05
CHM,-1.7511827132079756e-05
HRH4,-1.8840980157740564e-05
MIR4666B,-1.9382911392404937e-05
COL5A2,-1.977547910453703e-05
RN7SL813P,-2.103532046788205e-05
RN7SL95P,-2.103532046788205e-05
DAPL1,-2.1627593438693356e-05
FAM104B,-2.3123032616702452e-05
ZSWIM2,-2.3255813953489767e-05
SALL3,-2.35452144613435e-05
BBS5,-2.3839441997450962e-05
FASTKD1,-2.3839441997450962e-05
KLHL41,-2.3839441997450962e-05
CTRB1,-2.4531233467171786e-05
CTRB2,-2.4531233467171786e-05
BCAR1,-2.4531233467171786e-05
snoU13|ENSG00000238811.1,-2.6099251186330513e-05
MMP15,-2.61952325157037e-05
USB1,-2.61952325157037e-05
PRIM2,-2.735883434698898e-05
snoU13|ENSG00000252525.1,-2.809125074855096e-05
UPP2,-2.9779244678550906e-05
SSB,-3.036122259956677e-05
U3|ENSG00000252981.1,-3.036122259956677e-05
METTL5,-3.036122259956677e-05
GOT2,-3.0613160965976835e-05
PAGE2B,-3.19246310807484e-05
PAGE2,-3.19246310807484e-05
ZNF396,-3.287474944693679e-05
INGX,-3.4146756974416595e-05
STAT1,-3.447718768147945e-05
ANO3,-3.4835888652156175e-05
TBR1,-3.5121470659308535e-05
SPIN4,-3.596435565572227e-05
BDKRB1,-3.66531130975805e-05
SLC7A7,-3.796619188877336e-05
SH3KBP1,-3.96933232521347e-05
FBXO15,-4.02780831527249e-05
TAF1,-4.0656555227457366e-05
CEP128,-4.26901149869559e-05
LDHD,-4.296125815113119e-05
ARHGAP4,-4.350682025677984e-05
NAA10,-4.350682025677984e-05
FAM168B,-4.358685048717289e-05
GEMIN8,-4.368937094179212e-05
TRAFD1,-4.409619355417887e-05
AVPR2,-4.455115731426568e-05
MIR3929,-4.467432887328236e-05
ACRC,-4.52857690832372e-05
CXCR3,-4.52857690832372e-05
RENBP,-4.665254505407012e-05
HCFC1,-4.665254505407012e-05
OGT,-4.671206145332304e-05
ABCD1,-4.686314734071603e-05
MIR187,-4.797492965372237e-05
CXorf23,-4.860179173769535e-05
CXorf49B,-4.9264872901481757e-05
CXorf49,-4.9264872901481757e-05
GPM6B,-4.9482163406215376e-05
TMEM187,-5.010862392618919e-05
XIST,-5.0452227063415614e-05
OFD1,-5.0919319780080594e-05
TRAPPC2,-5.0919319780080594e-05
RAB9A,-5.0919319780080594e-05
DKFZP434O1614,-5.1139708318875815e-05
ATXN3L,-5.3739930955121316e-05
LIN7C,-5.38059676121637e-05
RNA5SP339,-5.38059676121637e-05
SNORA46|ENSG00000207493.1,-5.465223487831667e-05
SNORA50|ENSG00000206952.2,-5.465223487831667e-05
SAYSD1,-5.4674207419448755e-05
CCDC34,-5.506952392824546e-05
CFDP1,-5.552231172484276e-05
TCEANC,-5.7089596925786614e-05
TRPC5,-5.735645715256671e-05
IRAK1,-5.834064419100136e-05
MIR718,-5.834064419100136e-05
LANCL3,-5.913507217948395e-05
TIMM21,-5.941200489995814e-05
RN7SL143P,-6.114652222920634e-05
ZFP1,-6.131137681199546e-05
GULP1,-6.150527680867845e-05
MT4,-6.154799177887574e-05
MT1L,-6.154799177887574e-05
BBS2,-6.154799177887574e-05
MT3,-6.154799177887574e-05
NUDT21,-6.154799177887574e-05
OGFOD1,-6.154799177887574e-05
MT2A,-6.154799177887574e-05
RNMT,-6.282399807952982e-05
FAM171B,-6.285790458840063e-05
GLP1R,-6.649717784233633e-05
XK,-6.744720630153004e-05
LINC00678,-6.74869394739546e-05
GJB1,-6.912982427158534e-05
UBR3,-6.949675825872099e-05
HDAC8,-7.036105891341721e-05
WDR7,-7.12896019984183e-05
SNX12,-7.140902802155939e-05
SLC7A3,-7.150711380015393e-05
C18orf21,-7.164245223426191e-05
ZRANB3,-7.3737326028087e-05
FOXO4,-7.403669440601433e-05
IL2RG,-7.403669440601433e-05
CXorf65,-7.403669440601433e-05
RN7SL746P,-7.403669440601433e-05
MED12,-7.403669440601433e-05
NLGN3,-7.497883412146229e-05
TSIX,-7.583837528651443e-05
SNORA73|ENSG00000201816.1,-7.605024860087432e-05
FAM46D,-7.747107831967565e-05
USP51,-7.794484068338853e-05
snoU13|ENSG00000239121.1,-7.809588751656801e-05
ZMYM3,-7.857703347306406e-05
NONO,-7.857703347306406e-05
ITGB1BP2,-7.857703347306406e-05
VGLL1,-8.002301495972365e-05
HTATSF1,-8.002301495972365e-05
FTX,-8.011543147417734e-05
PSMD10,-8.032528670053483e-05
NABP1,-8.074805367193431e-05
SDPR,-8.079826261795778e-05
CITED1,-8.120469985751884e-05
RN7SL551P,-8.243814848551361e-05
ITGAV,-8.40252839570377e-05
RGAG4,-8.435635079604502e-05
BAG2,-8.440984296565763e-05
RAB6C,-8.536286291007136e-05
PAGE3,-8.751367401156298e-05
PAGE5,-8.751367401156298e-05
MTRNR2L10,-8.751367401156298e-05
JPX,-8.804489231213987e-05
U3|ENSG00000199769.1,-8.880634769859904e-05
TEX11,-8.909544262498307e-05
PIN4,-8.911092985318245e-05
RN7SL264P,-8.915739153777993e-05
RPS4X,-8.915739153777993e-05
RN7SL388P,-8.915739153777993e-05
ERCC6L,-8.915739153777993e-05
GPR174,-8.942506369235047e-05
P2RY10,-8.974603301971911e-05
ACVR1,-9.066390505211409e-05
RAB23,-9.075449365676151e-05
PGM5,-9.07842881378036e-05
G6PC2,-9.113835870710527e-05
ABCB11,-9.113835870710527e-05
TEX13B,-9.12255031761589e-05
VSIG1,-9.12255031761589e-05
SEH1L,-9.146883454768261e-05
RPS27P25,-9.185490406455708e-05
MID2,-9.197074712753516e-05
ABCB7,-9.200962273112057e-05
MAGEH1,-9.217017570163004e-05
MIR561,-9.304823575130786e-05
RNA5SP114,-9.304823575130786e-05
RN7SKP20,-9.335117600195977e-05
EGFL6,-9.335117600195977e-05
BRWD3,-9.770643283124813e-05
DHRS9,-0.00010175081235753373
PLA2R1,-0.00010176848284718315
UBXN4,-0.00010340307953901354
ABCC13,-0.00010360659031545088
TBX22,-0.00010401328419856191
RN7SKP281,-0.00010518021452900083
GALNT5,-0.00010518021452900083
RN7SL401P,-0.0001052460365299448
MUM1L1,-0.00010562246275229173
PDE11A,-0.00010740784137339207
ASXL3,-0.00010812703640984525
STAT4,-0.00010839180686487324
RRAGB,-0.00010920179167009337
PTPN2,-0.00010931677706946283
PIH1D3,-0.00011119694914051282
RBM41,-0.00011119694914051282
NUP62CL,-0.00011119694914051282
PRDX4,-0.00011131313131313223
FRMPD3,-0.00011162007299568977
ZNF451,-0.00011187872556239337
MDGA1,-0.00011323502420619188
DNAH8,-0.00011394028953970765
IL1RAPL1,-0.00011461667675397837
TBC1D8B,-0.00011482762480106388
CXorf57,-0.00011482762480106388
RNF128,-0.00011482762480106388
MIR548AN,-0.00011482762480106388
TBL1X,-0.00011509278784018563
MORC4,-0.0001154909738127285
CLDN2,-0.0001154909738127285
RIPPLY1,-0.0001154909738127285
TSC22D3,-0.0001161188350171844
NCBP2L,-0.0001161188350171844
PRPS1,-0.00011707427598048723
GRB14,-0.00011914343552596137
RN7SKP42,-0.00011988856917051298
ALAS2,-0.00012062710691402552
GPR143,-0.00012223197887615663
L1CAM,-0.00012281581256060284
LCA10,-0.00012281581256060284
COX6A1P2,-0.00012347185857432402
PPIL1,-0.0001236089551761118
CPNE5,-0.0001236089551761118
UPRT,-0.00012367584198897267
ZDHHC15,-0.00012367584198897267
MAGEE2,-0.00012367584198897267
SNORD30,-0.00012422562764916986
RN7SL93P,-0.00012422562764916986
U3|ENSG00000201674.1,-0.00012448151618082374
CD82,-0.00012548640842519922
NHSL2,-0.00012615778033499565
RAB27B,-0.00012645257367953843
NUP93,-0.00012656787230364442
RN7SKP76,-0.00012712256869404194
LINC00680,-0.0001280738081181021
MIR548U,-0.0001280738081181021
C18orf63,-0.00012852446315083992
NEDD9,-0.00012906600065433938
TMEM35,-0.00012936657299749898
TRMT2B,-0.00012936657299749898
XKRX,-0.00012936657299749898
ARL13A,-0.00012936657299749898
PIK3C3,-0.0001295608407753264
SHROOM2,-0.00012977311657071447
ARMCX2,-0.00012982030988166837
PGK1,-0.00012991573033707885
TAF9B,-0.00012991573033707885
ATP7A,-0.00012991573033707885
MTCH1,-0.0001301089209430239
PI16,-0.0001301089209430239
RNA5SP454,-0.00013011948668119347
NOX1,-0.00013141870117816873
DYNAP,-0.0001315735113972141
DLGAP1,-0.00013352139647175844
FGD2,-0.00013435033837714048
GPD2,-0.00013446189822581366
TANK,-0.00013524317121918982
SETD6,-0.00013556693110005654
SIRT4,-0.00013594754083391257
PXN,-0.00013594754083391257
RN7SL423P,-0.00013710939694822205
FAM47B,-0.00013828776609952164
HECTD4,-0.00013879163300116687
P2RY4,-0.00014082783707813616
RNA5SP507,-0.00014082783707813616
RN7SL581P,-0.00014082783707813616
AWAT1,-0.00014082783707813616
ARR3,-0.00014082783707813632
PDZD11,-0.00014082783707813632
RAB41,-0.00014082783707813632
KIF4A,-0.00014117322849111776
RNY4P23,-0.00014117322849111776
C6orf89,-0.00014156347815815772
ARMCX3,-0.00014191652272551588
ARMCX6,-0.00014191652272551588
ARMCX1,-0.00014191652272551588
ARMCX4,-0.00014191652272551588
FAM69C,-0.00014205693585031982
RNA5SP459,-0.00014252636129993476
RPA4,-0.00014431724578479435
TAF7L,-0.00014561860321225155
KIAA1210,-0.0001460215005774025
CXorf22,-0.0001466865227103496
RN7SL362P,-0.00014692887127016897
CYSLTR1,-0.00014804970843407803
MC5R,-0.00014893305418440424
TPGS2,-0.0001497384403772571
TRO,-0.00015022994664344765
KCNJ3,-0.000150230216320163
CSNK2A2,-0.00015208121242388852
RN7SL645P,-0.00015208121242388852
NDRG4,-0.00015281112541057687
NKRF,-0.00015292624626400347
CXorf56,-0.00015292624626400347
SEPT6,-0.00015292624626400347
MIR766,-0.00015292624626400347
UBE2A,-0.00015292624626400347
SOWAHD,-0.0001530560372644397
RPL39,-0.0001530560372644397
SNORA69|ENSG00000206622.1,-0.0001530560372644397
APEX2,-0.00015342799098073246
CCDC135,-0.00015352663221989584
GPR97,-0.00015352663221989584
WNK3,-0.0001536596119929446
FGD1,-0.0001540921572567135
TSR2,-0.0001540921572567135
DRP2,-0.00015477583851091807
CENPI,-0.00015477583851091807
SNORA11|ENSG00000221750.1,-0.00015495166655504083
PGRMC1,-0.00015542730584487734
R3HDM1,-0.00015552774104162715
MAGT1,-0.00015564997866590838
RN7SL460P,-0.00015564997866590838
COX7B,-0.00015564997866590838
PGAM4,-0.00015564997866590838
GINS3,-0.00015599008854997129
CCDC113,-0.00015599008854997129
PRSS54,-0.00015599008854997129
LONRF3,-0.00015650679773055687
MIR4529,-0.00015697163307953264
ZEB2,-0.00015705288883318682
TMEFF2,-0.00015719197293949662
SLC39A6,-0.00015776160747735097
FAM120C,-0.00015798506463063353
NXF5,-0.00015821723234493726
ZMAT1,-0.00015821723234493726
CNOT1,-0.00015901058373830792
PHKA1,-0.00015973836792100714
U3|ENSG00000202482.1,-0.00015973836792100714
FAM226A,-0.00015973836792100714
INO80C,-0.00015976056287958892
GALNT1,-0.00016006683238034246
snoU13|ENSG00000238863.1,-0.0001603750301647549
CNDP2,-0.00016077448325790903
EPG5,-0.00016103034426885018
BTK,-0.00016128283791796736
RPL36A,-0.00016128283791796736
HNRNPH2,-0.00016128283791796736
TIMM8A,-0.00016128283791796736
GLA,-0.00016128283791796736
ITM2A,-0.00016257030484448864
MOCS1,-0.0001636767075670958
MIR5188,-0.00016476798066722298
UBC,-0.00016476798066722298
MSI1,-0.00016490509182636804
PLA2G1B,-0.00016490509182636804
BEX2,-0.00016605308722914363
TCEAL7,-0.00016605308722914363
WBP5,-0.00016605308722914363
NGFRAP1,-0.00016605308722914363
RPRD1A,-0.00016624691337768685
CCDC68,-0.00016718948910720346
ZIC3,-0.00016772568287808163
RN7SL48P,-0.00016793007145188773
GPR64,-0.00016793007145188773
PHKA2,-0.00016793007145188773
ARHGEF4,-0.0001683708849006281
RN7SL240P,-0.00016892011871844998
WWC3,-0.00016908357941329408
CLCN4,-0.00016908357941329408
RNA5SP205,-0.0001697881544801479
MAGEE1,-0.00017035951019059615
CHST9,-0.00017069071640752906
SLC25A43,-0.00017071871286631637
SLC25A5,-0.00017071871286631637
RN7SL118P,-0.00017071871286631637
RPL22P19,-0.00017148588921232183
ABCB9,-0.00017268872194781213
SNORD112|ENSG00000252961.1,-0.00017369047576491043
RN7SL15P,-0.00017450463703919198
DDX3X,-0.00017450463703919198
TMEM31,-0.00017558037890631629
MORF4L2,-0.00017558037890631629
GLRA4,-0.00017558037890631629
ZNF236,-0.00017635340749264677
GPR56,-0.00017772901019957348
NR0B1,-0.00017830113257827988
LINC00630,-0.00017993706979647575
RAB40AL,-0.00017993706979647575
ITIH6,-0.0001802848659388732
DLG3,-0.00018043761826900132
MAGEB4,-0.00018143904063957234
MAGEB3,-0.00018143904063957234
MAGEB2,-0.00018143904063957234
GDPD2,-0.0001824879204864878
RN7SKP26,-0.00018330204739753171
RN7SL285P,-0.0001838888170108301
MIR4318,-0.00018406985456673148
RN7SKP182,-0.00018502299450091173
SERPINA7,-0.00018529822042296054
CXorf21,-0.0001861492338441028
MAGEB16,-0.00018661317369886505
CNDP1,-0.0001873283772017971
CAPN6,-0.00018950154414691493
DCX,-0.00018962065990128077
DHX37,-0.00019014514035630252
FSHB,-0.00019064711701884964
FAM9A,-0.00019129878241081432
PBDC1,-0.0001914040721085346
ZNF516,-0.00019207636897685196
MOB4,-0.00019222723566587847
HSPE1,-0.00019222723566587847
HSPD1,-0.00019222723566587847
COQ10B,-0.00019222723566587847
PABPC1L2B,-0.00019290163322712968
PABPC1L2A,-0.00019290163322712968
NAP1L2,-0.00019290163322712968
DMRTC1,-0.00019290163322712968
NAP1L6,-0.00019290163322712968
LINC00684,-0.00019290163322712968
ZFAND3,-0.00019300507286257654
MLIP,-0.00019443355869126153
RS1,-0.00019478660688627646
CERS6,-0.0001948247203594204
LINC00908,-0.00019483378131616668
PPEF1,-0.0001951520968241435
LINC00683,-0.00019537920642893105
CSTF2,-0.00019598399650343952
SNORA9|ENSG00000202231.1,-0.00019598399650343952
BEX4,-0.0001963916485954923
ARL14EP,-0.00019705656037814198
TCEAL8,-0.00019713550859851799
TCEAL5,-0.00019713550859851799
MIR4774,-0.00019742161907155322
TCEAL4,-0.0001975263502950236
RAB40A,-0.0001975263502950236
TCEAL2,-0.0001983702690881922
NRK,-0.0001984729941342772
DAAM2,-0.00019906406171343156
TMSB15A,-0.00019946581514146617
NXF4,-0.00019946581514146617
GPRASP1,-0.00019946581514146617
ARMCX5,-0.00019946581514146617
AGBL2,-0.0001995512580350511
MAGEB1,-0.00019964690206528864
CHRDL1,-0.0002002277725644473
ELP2,-0.00020040963545725767
MIR1277,-0.0002004675008786567
U3|ENSG00000252175.1,-0.0002012563346951523
TCP11X1,-0.0002020135966607084
BEX5,-0.0002020135966607084
NXF2,-0.0002020135966607084
TCP11X3P,-0.0002020135966607084
TCEAL6,-0.0002020135966607084
LINC00909,-0.00020205644376832053
NCKAP5,-0.00020215265671189283
MIR3978,-0.00020232246668390593
MIR652,-0.00020232246668390593
TMEM164,-0.00020232246668390593
ACSL4,-0.00020270015078311494
KCNE1L,-0.0002035252452767712
SCML2,-0.00020433398526322196
BHLHB9,-0.00020435330935587878
GPRASP2,-0.00020435330935587878
RNA5SP501,-0.00020462686253997886
TCP11X2,-0.00020492656019770853
NXF2B,-0.00020492656019770853
CELF4,-0.00020565582646498912
NXT2,-0.00020571000252757944
RNA5SP511,-0.00020659135609460994
GNL3L,-0.00020811845600875008
ZC3H15,-0.00020845251914841908
SNORD112|ENSG00000252078.1,-0.0002091410507778422
KCNA4,-0.00021012489113247715
CCDC60,-0.00021075549873874168
RNA5SP499,-0.00021087358468397735
SYTL4,-0.00021104611091499173
MIR4462,-0.0002111911130635211
FHOD3,-0.00021119519258077507
RN7SL462P,-0.00021148375309930793
FAM27C,-0.00021148375309930793
ANKRD20A4,-0.00021148375309930793
CBWD3,-0.00021148375309930793
FAM27E2,-0.00021148375309930793
SNORA70|ENSG00000252617.1,-0.00021148375309930793
FAM27E1,-0.00021148375309930793
SNORA70|ENSG00000252724.1,-0.00021148375309930793
FAM27D1,-0.00021148375309930793
SNORA70|ENSG00000252878.1,-0.00021148375309930793
SPATA31A1,-0.00021148375309930793
SPATA31A2,-0.00021148375309930793
SPATA31A3,-0.00021148375309930793
RNA5SP284,-0.00021148375309930793
SPATA31A4,-0.00021148375309930793
SPATA31A5,-0.00021148375309930793
SPATA31A6,-0.00021148375309930793
SPATA31A7,-0.00021148375309930793
FAM27B,-0.00021148375309930793
FAM27A,-0.00021148375309930793
ZNF658,-0.00021148375309930793
CNTNAP3,-0.00021148375309930793
CBWD5,-0.00021148375309930793
CBWD6,-0.00021148375309930793
CBWD7,-0.00021148375309930793
SNORA70|ENSG00000252133.1,-0.00021148375309930793
RNA5SP283,-0.00021148375309930793
RN7SL422P,-0.00021148375309930793
RN7SL544P,-0.00021148375309930793
PGM5P2,-0.00021148375309930793
MIR4477A,-0.00021148375309930793
MIR1299,-0.00021148375309930793
FOXD4L6,-0.00021148375309930793
FOXD4L5,-0.00021148375309930793
FOXD4L4,-0.00021148375309930793
FOXD4L3,-0.00021148375309930793
ANKRD20A1,-0.00021148375309930793
FOXD4L2,-0.00021148375309930793
FAM95B1,-0.00021148375309930793
ANKRD20A2,-0.00021148375309930793
RN7SL565P,-0.00021148375309930793
RN7SL787P,-0.00021148375309930793
RN7SL640P,-0.00021148375309930793
ANKRD20A3,-0.00021148375309930793
RN7SL722P,-0.00021148375309930793
FAM74A6,-0.00021148375309930793
FAM74A5,-0.00021148375309930793
RN7SL763P,-0.00021148375309930793
FAM74A4,-0.00021148375309930793
FAM74A3,-0.00021148375309930793
FAM74A2,-0.00021148375309930793
FAM74A1,-0.00021148375309930793
FAM27E3,-0.00021148375309930793
RN7SL343P,-0.00021148375309930793
CNTNAP3B,-0.00021148375309930793
ATG2B,-0.00021177874025877738
CIAPIN1,-0.00021285127062484386
COQ9,-0.00021285127062484386
POLR2C,-0.00021285127062484386
DOK4,-0.00021285127062484386
CX3CL1,-0.00021285127062484386
CCL22,-0.00021285127062484386
PLLP,-0.00021285127062484386
CCL17,-0.00021285127062484386
LRFN2,-0.00021324375174011935
TNMD,-0.00021445021601358458
TSPAN6,-0.00021445021601358458
SRPX2,-0.00021445021601358458
LINC00669,-0.00021505178365937853
CDKL5,-0.00021513407342720696
GUCY2F,-0.0002186064618844126
TCF4,-0.00021865347200538483
FAM210A,-0.00021926438243289627
FAM199X,-0.00021976217874952134
RGAG1,-0.00022028570349474132
GNG5P2,-0.00022028570349474132
CXorf58,-0.00022059240616472504
RNA5SP508,-0.0002209700739372113
TMEM132C,-0.00022106337896736115
TDRG1,-0.00022126447287381903
LINC00951,-0.00022126447287381903
NOSTRIN,-0.00022246912600469917
SPC25,-0.00022246912600469917
TDGF1P3,-0.0002232548815669836
SCARB1,-0.00022470016563518044
snoU13|ENSG00000238313.1,-0.00022473622838196924
U8|ENSG00000200026.1,-0.00022473622838196924
WDR44,-0.00022475188422937692
DMRTC1B,-0.00022573122075834467
NCAM2,-0.00022755657844265523
MID1,-0.00022772133347350013
PLP1,-0.0002288020912132074
TCEAL1,-0.0002288609275976275
TCEAL3,-0.0002288609275976275
KIAA1586,-0.00022895969097805886
GPR114,-0.00023317358483317647
CCDC102A,-0.00023317358483317647
SMIM21,-0.00023457855809598047
TMEM233,-0.0002358665007818638
RN7SKP197,-0.0002358665007818638
RN7SKP183,-0.00023609812986331776
RNA5SP461,-0.0002365089940039953
PCDH19,-0.0002376103069902131
TMEM47,-0.00023792234978575763
RN7SL283P,-0.00023895448686940196
UBQLN2,-0.00023925198675074237
RAB9B,-0.00023949350278212178
NKAP,-0.00024013937232575895
AKAP14,-0.00024086325436512506
APOO,-0.0002416352987501481
snoU13|ENSG00000238895.1,-0.00024205429973541827
MIR3612,-0.00024205429973541827
TGIF1,-0.00024236557488537376
SPIN3,-0.00024418342781703785
LNX2,-0.00024444355708181964
USP9X,-0.0002464294453960977
FAM9B,-0.000246458231558378
TM4SF2,-0.0002464746850537514
RNA5SP502,-0.00024781984827923687
ICOS,-0.00024786825722434056
RNA5SP509,-0.00024859839259011026
ATRX,-0.0002488532925615136
MAGEB10,-0.00024897401732178404
FAM192A,-0.00024909330773631845
CPNE2,-0.00024909330773631845
MIR3161,-0.0002498347737136566
MIRLET7F2,-0.00024997209385394875
MIR98,-0.00024997209385394875
SNORD96B,-0.00025019212683757874
NYX,-0.0002515043251947803
SPIN2A,-0.0002521627708317147
SPIN2B,-0.0002521627708317147
SAT1,-0.0002524128283993689
ACOT9,-0.0002524128283993689
RNY1P1,-0.00025244046905988424
HCCS,-0.0002528580546901165
POLR1D,-0.00025324894514767906
GK,-0.00025345436375749354
OR4X1,-0.0002548357629665817
MTIF3,-0.0002552196888019279
SERPINA13P,-0.00025524355181321084
SF3B1,-0.00025604226542064634
SNORA4|ENSG00000202434.1,-0.00025604226542064634
KIAA1328,-0.00025699170960286673
RN7SKP71,-0.00025700803483257056
PGAP1,-0.00025759180074451767
BEX1,-0.0002583169431976746
RNF113A,-0.0002587491752863528
UPF3B,-0.0002587491752863528
NDUFA1,-0.0002587491752863528
HSPB8,-0.0002592565731850879
FAM47A,-0.00025974225623916425
MOCOS,-0.0002598368567998664
KYNU,-0.00026225089297295877
NXF3,-0.00026368786457545444
GTF3A,-0.00026479788097805173
DYNLT3,-0.0002653821987924113
FAM155B,-0.0002660927470154172
DCAF8L1,-0.00026657366920305943
IRS4,-0.00026678174146528496
LUZP4,-0.00026688761128055855
LRCH2,-0.00026688761128055855
RBMXL3,-0.00026688761128055855
IL13RA2,-0.00026688761128055855
SNORA35|ENSG00000271907.1,-0.00026688761128055855
AMMECR1,-0.0002672243338083312
PHF8,-0.0002676562186055847
RNA5SP505,-0.0002676562186055847
DDX53,-0.000268221156890983
PTCHD1,-0.0002696695423267239
CYBB,-0.0002711596223986266
snoU13|ENSG00000238327.1,-0.0002714979224205109
MIR1911,-0.0002725089045081798
MIR548AX,-0.0002726479900402552
OR4X2,-0.000273286382407296
HTR2C,-0.00027339213266582344
OR4B1,-0.0002734800234053049
LINC00890,-0.0002740269670012262
RN7SL661P,-0.0002740269670012262
RNA5SP512,-0.0002740269670012262
CTLA4,-0.00027433546090673396
LINC00478,-0.00027524278347063123
TRPC5OS,-0.0002763571489253254
ALG13,-0.0002763571489253254
MAP7D2,-0.00027840391229282894
MIR1298,-0.0002790134258934447
RN7SKP147,-0.0002796914989278543
AMELX,-0.0002798365742525445
MIR448,-0.00027989665405108864
ESX1,-0.0002805600306866134
FGF16,-0.0002820766960603045
TSHZ1,-0.0002822514146875735
PRRG1,-0.0002833758694248858
KATNB1,-0.00028409942183208094
RN7SKP194,-0.0002841881419469813
RPGR,-0.00028486759432372035
SNORA31|ENSG00000252050.1,-0.00028486759432372035
OTC,-0.0002850898029239594
ARHGAP6,-0.0002864247931899616
MIR1912,-0.00028764760021957075
MIR764,-0.00028764760021957075
SNORA35|ENSG00000208839.1,-0.00028764760021957075
AGTR2,-0.000288250176439271
DOK5,-0.000288978011725222
FTSJD2,-0.0002891453094811557
MIR3128,-0.0002906775502450929
SNORA25|ENSG00000252296.1,-0.0002911481422136757
ZFX,-0.0002916557984912431
HNRNPA3,-0.0002924712771515648
BEND6,-0.00029249815892953807
EDA,-0.00029492384854219093
TEX13A,-0.00029506134461349947
SYTL5,-0.0002958630888527914
CXorf27,-0.0002958630888527914
MIR548AJ2,-0.0002958630888527914
EFNB1,-0.00029601496597303267
SRPX,-0.0002963343243326085
KIFC3,-0.0002965895776108797
FTHL17,-0.00029748939213966347
SNORD74|ENSG00000201666.1,-0.0002976282478347757
EIF1AX,-0.00029784360936658676
MIR23C,-0.00029805564933054005
MAP3K15,-0.00029829000929069814
PDHA1,-0.00029829000929069814
snoU13|ENSG00000252447.1,-0.00029851864636523483
FNBP4,-0.00029851864636523483
ANKRD44,-0.000299488284406143
HUWE1,-0.0002997845645524952
TAB3,-0.00030097194216895443
GALR1,-0.00030169012620427806
ZNF407,-0.0003018902366100377
ZNF645,-0.0003021738137905058
GPR34,-0.0003023884413757826
LINC00269,-0.00030334573950957814
ARL2BP,-0.00030384948199145925
RSPRY1,-0.00030384948199145925
CA5BP1,-0.00030399276832122907
TMEM27,-0.00030399276832122907
MCM6,-0.0003040471442887466
RN7SKP141,-0.0003040471442887466
DARS,-0.0003040471442887466
CXCR4,-0.0003040471442887466
PFDN4,-0.0003045494422860013
SNORA7|ENSG00000200620.1,-0.0003052259481115889
MBP,-0.0003053638102176502
MIR676,-0.0003056236335911523
AWAT2,-0.0003056236335911523
IGBP1,-0.0003056236335911523
OTUD6A,-0.0003056236335911523
DGAT2L6,-0.0003056236335911523
SHB,-0.00030589429466556454
PJA1,-0.00030603647219412455
RN7SL406P,-0.00030617312364147767
CCDC150,-0.0003068264409756196
SCARNA16|ENSG00000252923.1,-0.0003068264409756196
GTF3C3,-0.0003068264409756196
C2orf66,-0.0003068264409756196
RN7SL144P,-0.0003087047692110978
NUP160,-0.0003090973382781975
LCT,-0.00031022405849941143
KLHL13,-0.00031046564195298285
7SK|ENSG00000271814.1,-0.00031051839961576515
SNORA68|ENSG00000201407.1,-0.0003106896903043539
TMEM217,-0.00031072982375224544
SNORD112|ENSG00000252687.1,-0.00031072982375224544
PIM1,-0.00031072982375224544
TBC1D22B,-0.00031104199066873944
snoU13|ENSG00000238375.1,-0.00031104199066873944
ZXDB,-0.00031120602624834905
POLA1,-0.0003118985138904573
BRI3BP,-0.0003130428827430337
SPOPL,-0.0003141635029624544
RNA5SP340,-0.0003144435136580072
MSL3,-0.0003148631483154999
PRKAB1,-0.00031534282224834654
MTRNR2L9,-0.00031661301643391574
KLHL15,-0.00031733684323568244
MIR4756,-0.0003197086797287328
TSPAN7,-0.00031974285101296515
ARHGEF9,-0.0003203395949804715
snoU13|ENSG00000238507.1,-0.0003216167106930707
MIR548F5,-0.0003234547400162471
ARX,-0.0003241106610530262
RN7SL91P,-0.0003241106610530262
SNORA25|ENSG00000199392.1,-0.00032559381216304726
ZNF664,-0.00032585520083094725
DNAH10OS,-0.00032585520083094725
CCDC92,-0.00032585520083094725
DNAH10,-0.00032585520083094725
RPS6KA3,-0.00032709117439450063
RN7SL39P,-0.0003277044073448432
snoU13|ENSG00000238445.1,-0.0003277044073448432
TSPAN18,-0.0003277100714645755
TINAG,-0.00032835484917967487
PSMD14,-0.00033036323057963326
PLCL1,-0.00033139395459861774
RN7SKP184,-0.00033172688585910543
CASK,-0.0003317759877253541
TSPYL2,-0.0003334951889804196
GPR173,-0.0003334951889804196
HSD17B10,-0.00033404214944299183
RIBC1,-0.00033404214944299183
SMC1A,-0.00033404214944299183
IQSEC2,-0.00033573047127899306
SCARNA23,-0.00033716815865052365
CD28,-0.0003393169846114275
RAI2,-0.00033968802225303583
SCML1,-0.0003407761220680594
CBLN4,-0.0003412438029733057
snoU13|ENSG00000238582.1,-0.00034184782021208656
ZADH2,-0.0003449036627661796
SNORA35|ENSG00000239182.1,-0.0003452365677178935
IL13RA1,-0.0003452365677178935
KDM5C,-0.00034571249972093713
KLHL34,-0.0003457400671323906
FANCB,-0.0003469598637698423
ASB9,-0.00034935986486036045
BMX,-0.00034935986486036045
PIR,-0.00034935986486036045
FIGF,-0.00034935986486036045
ACE2,-0.00034935986486036045
PIGA,-0.00034935986486036045
ASB11,-0.00034935986486036045
TMEM132B,-0.00034997411067411166
STARD8,-0.00035054158360420636
snoU13|ENSG00000238969.1,-0.00035421156595737146
ZCCHC12,-0.00035499104607505754
NFYA,-0.0003551222091293356
ZXDA,-0.00035552463423530584
XAGE3,-0.00035606009867613107
FAM156B,-0.00035606009867613107
FAM156A,-0.00035606009867613107
FAAH2,-0.00035713760843417895
SMPX,-0.00035828834278800546
MIR4768,-0.0003587409290140422
snoU13|ENSG00000238764.1,-0.0003587409290140422
NFE2L2,-0.000358859480884797
YY2,-0.00035954389289016207
BEND2,-0.0003611598586028238
LINC00939,-0.00036126075508697664
NHS,-0.00036229453029950134
MOSPD2,-0.0003682880023618848
SNORA11|ENSG00000221716.1,-0.0003688355323376413
MAGED2,-0.0003688355323376413
NAP1L3,-0.00036906157988776276
COL21A1,-0.0003697463747250073
MID1IP1,-0.000371184141968309
SLC39A10,-0.00037188468851167026
EIF2S3,-0.000372744470113971
SNORA16|ENSG00000201467.1,-0.0003730969289272323
PHEX,-0.00037362032164910814
CNKSR2,-0.0003783948254640478
MBTPS2,-0.00037906769697869006
U3|ENSG00000212434.1,-0.0003791797945862514
RN7SL436P,-0.0003792446154021757
SNORA64|ENSG00000252441.1,-0.00038143900153945944
SMS,-0.00038153884786157013
GRPR,-0.0003843866252894698
OR4S1,-0.00038461732750165375
DCAF8L2,-0.00038516162543314974
TP53I11,-0.0003859467837768021
TREML4,-0.0003870644779359858
TREM1,-0.0003870644779359858
RNA5SP207,-0.0003870644779359858
TREML2,-0.0003870644779359858
TREML3P,-0.0003870644779359858
GPR82,-0.0003874191445213054
TREM2,-0.00038748070049131095
ADCY10P1,-0.00038748070049131095
TREML1,-0.00038748070049131095
BMP5,-0.0003884821892334746
F9,-0.00038901046712125944
SYAP1,-0.000389869011986354
CTPS2,-0.000389869011986354
LINC00944,-0.00039179309987713687
ZRSR2,-0.00039376533402356415
AP1S2,-0.00039376533402356415
SPPL3,-0.00039635599359463147
PLS3,-0.0003966437330009545
PDK3,-0.00039732296516990984
YIPF6,-0.000397894550775303
OR4C3,-0.00039881205457308673
RILPL1,-0.00039989841458264256
MIR3908,-0.00039989841458264256
MAGEB17,-0.0004002898366350181
RN7SL658P,-0.0004008420461335537
PAX5,-0.0004024762473342945
CARF,-0.00040347014391616714
WDR12,-0.00040347014391616714
RNF10,-0.00040347673237378884
RN7SL712P,-0.0004047537485606281
MIR325,-0.0004047799386432863
OARD1,-0.0004048158074576952
RN7SL170P,-0.0004048639738799468
UNC5CL,-0.0004052179684402057
CYP24A1,-0.0004056063834231526
U3|ENSG00000252536.1,-0.00040662302778735597
TFAP2C,-0.00040662302778735597
GLO1,-0.00040920301817598943
MIR3937,-0.0004102503895660332
DNAH7,-0.0004114717265143973
MIR4476,-0.00041183179295050857
HNMT,-0.0004131646932918886
FAM133A,-0.0004140171628457107
RBBP7,-0.00041416939500995463
AACS,-0.00041615163433254967
KLHL23,-0.0004190058660080249
NCR2,-0.0004212223500831107
OR4A47,-0.00042148488968777687
OR4C5,-0.00042148488968777687
REPS2,-0.0004226394208661129
MPPED2,-0.0004250906877045233
APOBEC2,-0.00042512353091718024
RNF8,-0.00042602347157734226
TXLNG,-0.00043167393154038323
SBNO1,-0.0004316923673967876
MAGEB6,-0.0004321657025352041
MAGEB18,-0.00043232579816566085
S100G,-0.00043318564941913196
MIR548AM,-0.00043318564941913196
ATG4A,-0.00043360367762875944
RNA5SP500,-0.00043467688207861246
PCYT1B,-0.000437432553381921
CA5B,-0.0004389603942842953
LINC00943,-0.00043937491048903033
RNA5SP510,-0.0004395035890194513
RN7SL379P,-0.0004395035890194513
MIR548M,-0.0004395035890194513
TSPO2,-0.0004395450799962876
CXorf67,-0.0004399388529072717
NDP,-0.0004434329525133834
FAM47C,-0.000444753463467886
RN7SL273P,-0.0004451303367184219
snoU13|ENSG00000239161.1,-0.00044562053355666633
FAM101A,-0.0004459200328725854
SLC6A14,-0.000446587396251647
PABPC5,-0.0004468599315487822
STK17B,-0.0004512505119000652
RNA5SP105,-0.0004532815284271429
TRIAP1,-0.0004599422446952999
COX6A1,-0.0004599422446952999
COQ5,-0.0004605357774708647
RAPH1,-0.00046059224210022394
SNORA9|ENSG00000206897.1,-0.0004636575315885001
TMED2,-0.0004636575315885001
LINC00907,-0.0004637555301973254
SNRNP35,-0.00046603166269075746
RILPL2,-0.00046603166269075746
SETD8,-0.00046603166269075746
MIR3973,-0.00046609169016855693
C12orf65,-0.000467441303032724
MPHOSPH9,-0.000467441303032724
NUDT10,-0.00046757569028055317
ATP6AP2,-0.00047006101977924955
THSD7B,-0.00047067096880946296
CXorf38,-0.0004707178725337341
MED14,-0.00047350489263220033
RNA5SP375,-0.00047435253564050156
RTFDC1,-0.0004747673841033403
NBEAL1,-0.0004748658056308045
APCDD1L,-0.0004750078303209002
snoU13|ENSG00000238294.1,-0.00047502048538498165
BTBD9,-0.00047590647624580213
CDK2AP1,-0.0004760817705539256
FAM83B,-0.00047813438147998856
BMP15,-0.000478509476927197
MYO1B,-0.00047973907318657683
SNORA1|ENSG00000202059.1,-0.00047984046773259884
LDLRAD3,-0.00048152840797295333
SAMD10,-0.0004833131414407264
PRPF6,-0.0004833131414407264
RGS19,-0.0004833131414407264
RTEL1,-0.0004833131414407264
UCKL1,-0.0004833131414407264
SLC2A4RG,-0.0004833131414407264
ZBTB46,-0.0004833131414407264
ZNF512B,-0.0004833131414407264
TPD52L2,-0.0004833131414407264
TNFRSF6B,-0.0004833131414407264
TCEA2,-0.0004833131414407264
ZGPAT,-0.0004833131414407264
OPRL1,-0.0004833131414407264
PCMTD2,-0.0004833131414407264
STMN3,-0.0004833131414407264
GMEB2,-0.0004833131414407264
ABHD16B,-0.0004833131414407264
ARFRP1,-0.0004833131414407264
C20ORF135,-0.0004833131414407264
C20orf201,-0.0004833131414407264
DNAJC5,-0.0004833131414407264
LIME1,-0.0004833131414407264
LINC00176,-0.0004833131414407264
MIR1914,-0.0004833131414407264
MIR647,-0.0004833131414407264
MYT1,-0.0004833131414407264
NPBWR2,-0.0004833131414407264
SOX18,-0.0004833131414407264
FAM210B,-0.00048454025734072625
HMGCLL1,-0.0004858222682648956
CXorf61,-0.0004864688620802099
KLF8,-0.0004871254991259709
GATC,-0.00048821495017748807
SRSF9,-0.00048821495017748807
DYNLL1,-0.00048821495017748807
MIR1178,-0.0004906861010603675
RNA5SP487,-0.0004914878875217891
CASS4,-0.0004920921668317079
NUDT11,-0.000492189069720715
NFKBIE,-0.0004942261219792847
TCTE1,-0.0004942261219792847
RN7SL670P,-0.0004956150068973421
ABI2,-0.0004956150068973421
CYP20A1,-0.0004956150068973421
CIT,-0.0004967583979180682
HELZ2,-0.0004989959755469219
AARS2,-0.0004999568469505159
TSHZ2,-0.000502585093211077
HCAR2,-0.0005033378324152756
HCAR3,-0.0005033378324152756
HSP90AB1,-0.0005046231300345212
MIR4647,-0.0005046231300345212
SLC35B2,-0.0005046231300345212
TMEM151B,-0.0005048935558112756
DDX55,-0.0005062891646026189
MC3R,-0.0005067752049329427
CCDC64,-0.0005071566355822891
snoU13|ENSG00000272464.1,-0.0005071566355822891
DOCK11,-0.0005078046984396193
MGC4294,-0.0005124636562378391
AURKA,-0.0005137481452421691
MARS2,-0.0005143313570609033
BOLL,-0.0005143313570609033
DST,-0.000514737428573736
VENTXP1,-0.0005158957172640028
SNORD59|ENSG00000252517.1,-0.0005165077847387715
TCTN2,-0.0005188903219915315
GTF2H3,-0.0005188903219915315
ATP6V0A2,-0.0005195295111344471
RN7SL820P,-0.0005222118509937353
TRIM49B,-0.0005251375482523913
RAB22A,-0.0005270739277206022
EIF2B1,-0.0005299848192578562
RNA5SP455,-0.0005312749040902941
ANKRD60,-0.0005315253465114728
SPATS1,-0.0005329545454545437
XAGE5,-0.0005335124907909703
CAMKK2,-0.0005352295944573181
CHST1,-0.0005388099543614907
SPANXN5,-0.0005390239546357673
SSX2B,-0.0005390239546357673
RN7SKP154,-0.0005403261783866799
ACCSL,-0.0005405796966854587
ACCS,-0.0005405796966854587
MORN3,-0.0005416500211160706
RFTN2,-0.0005417396854443322
SSX2,-0.0005444823968030705
RNA5SP504,-0.0005444823968030705
KDM2B,-0.0005468320188104243
ORAI1,-0.0005468320188104243
MIR4642,-0.0005478078250863042
CDC5L,-0.0005478941311852684
MIR4532,-0.0005514064521844217
ANAPC5,-0.0005525447717752354
PHF16,-0.000554760015549864
RAB35,-0.0005564084418623224
CXorf31,-0.000559643311694882
CENPVP1,-0.0005627330163195136
RNF34,-0.0005637305817762625
CRY2,-0.0005638278940268081
GFRAL,-0.0005650717854385901
SLC9A7,-0.0005654175875694847
HCRTR2,-0.0005698200162624025
ENPP7P8,-0.0005708608479218118
VAPB,-0.0005723980397305744
ZNF705E,-0.0005737061532979813
DEFB108B,-0.0005737061532979813
RNA5SP342,-0.0005737061532979813
ACADS,-0.0005741907503431451
C20orf85,-0.0005760933184425399
SLC35C1,-0.0005773127816527447
KRBOX4,-0.0005788376532047399
MIR1257,-0.0005819665510854875
MAOA,-0.0005825787723764402
OASL,-0.0005827464587780096
ZNF182,-0.0005841095454183573
ZNF630,-0.0005841095454183573
SSX6,-0.0005841095454183573
snoU13|ENSG00000238473.1,-0.0005841095454183573
SPACA5,-0.0005841095454183573
SPACA5B,-0.0005841095454183573
GCNT7,-0.0005845120998231446
FAM209A,-0.0005845120998231446
FAM209B,-0.0005849676821300993
ZNF81,-0.0005857880211235823
PTPRJ,-0.0005888593434085165
CHODL,-0.0005888965605421317
GALNT13,-0.000589459548706661
CCDC173,-0.0005913680036602109
PHOSPHO2,-0.0005913680036602109
PPIG,-0.0005913680036602109
SPATS2L,-0.0005921273423568299
ZNF674,-0.000592455852476948
CSTF1,-0.0005926587973259836
IGFBPL1,-0.0005942137544042796
XAGE2B,-0.0005950370425511934
SNORA72|ENSG00000206901.1,-0.0005967573591154154
SLC29A1,-0.0005991093418867044
SNORA70|ENSG00000201945.1,-0.0005997192133407926
HNF1A,-0.0005998790106265201
CHST7,-0.0006030322818297486
SETD1B,-0.000603079397787965
HPD,-0.000603079397787965
EFHC2,-0.0006043663905435569
C12orf43,-0.0006046101516932823
SHROOM4,-0.0006052033799924075
MAGEB5,-0.0006052255213781049
MIR548X,-0.0006076753640635019
TMPRSS15,-0.0006088298857672124
SNORD45|ENSG00000200422.1,-0.000609213655542768
CAPN11,-0.0006097972392462323
MELK,-0.0006101006333168455
MAPK8IP1,-0.0006151152444099992
C11orf94,-0.0006151152444099992
PEX16,-0.0006151152444099992
CLIP1,-0.0006236488568787028
RN7SKP287,-0.000625522575608687
HCAR1,-0.0006265733073769379
RAE1,-0.0006271936054364927
MIR4641,-0.0006280067158071765
DMD,-0.000628068912017242
NXPH2,-0.0006294082935098868
RN7SKP286,-0.0006294082935098868
MIR4700,-0.000630600038807911
PPP4R1L,-0.0006311301921355106
RSRC2,-0.000633054068553036
P2RX7,-0.0006340870438643567
KLHL31,-0.0006342411456335506
MIR3915,-0.0006357080124813788
RP2,-0.0006366577379208979
DGKK,-0.0006382358850713257
PTK6,-0.000638676525880435
SRMS,-0.000638676525880435
DENR,-0.0006403533802832986
SNORD66|ENSG00000212532.1,-0.0006410876115930112
MIR4540,-0.0006420738006363536
LRRC1,-0.0006420969185526143
MIR4325,-0.0006427622509086345
MAOB,-0.0006432917344125783
FOXP4,-0.0006436347478338149
RBM3,-0.0006438588415803602
ZCCHC8,-0.0006455524991154084
SNORA9|ENSG00000252192.1,-0.0006455524991154084
NCOR2,-0.0006457507244166541
GCN1L1,-0.0006472189565237242
RPLP0,-0.0006472189565237242
C20orf195,-0.0006504379551879229
RHOF,-0.0006525150951364569
TMEM120B,-0.0006525150951364569
CABP1,-0.000652686306514021
MLEC,-0.000652686306514021
UNC119B,-0.000652686306514021
SPO11,-0.000653133920987035
DEFB113,-0.0006532882623705424
RNA5SP503,-0.0006535499631070323
PPDPF,-0.0006553369260976719
DEFB114,-0.0006579948216340637
MTRNR2L3,-0.0006590104580078254
IL31,-0.0006592037529533967
B3GNT4,-0.0006592037529533967
VPS33A,-0.0006592037529533967
LRRC43,-0.0006592037529533967
DIABLO,-0.0006592037529533967
VPS37B,-0.0006594263277442324
CCDC62,-0.0006594263277442324
HIP1R,-0.0006594263277442324
SYT4,-0.0006622972260980295
RN7SL74P,-0.0006672045993242232
RIT2,-0.0006675050767939541
BCAS1,-0.0006693347815794223
SYT13,-0.0006695083096529757
ALX4,-0.0006699087549186143
EEF1A2,-0.0006713595410173915
FOLH1,-0.0006716353824199253
GSPT2,-0.0006723746888966195
FUNDC1,-0.0006724974404318668
ARL6IP4,-0.0006740078300669997
OGFOD2,-0.0006740078300669997
TFE3,-0.0006763277744290367
P2RX4,-0.0006763305977559915
RBM38,-0.0006770132709473475
FAM86C1,-0.0006787483777337966
MAGED1,-0.0006787606711804528
CCDC120,-0.0006798104614560275
WDR45,-0.0006798104614560275
PRAF2,-0.0006798104614560275
RN7SL139P,-0.0006816299421784622
GRIPAP1,-0.000682595494831778
KCND1,-0.000682595494831778
ALDH1B1,-0.0006830275349079995
PSMD9,-0.0006845544509251132
WDR66,-0.0006845544509251132
BCL7A,-0.0006845544509251132
MLXIP,-0.0006845544509251132
BMP7,-0.0006861037905080689
RN7SL262P,-0.0006879478936440926
GPKOW,-0.0006879478936440926
PRICKLE3,-0.0006879478936440926
PLP2,-0.0006879478936440926
MAGIX,-0.0006879478936440926
OTUD5,-0.0006904985153930263
ALS2CR11,-0.0006906303541746582
FOXP3,-0.0006919691692898417
CCDC22,-0.0006919691692898417
DACH2,-0.0006920004486599018
WAS,-0.0006942680976128136
SUV39H1,-0.0006942680976128136
PIM2,-0.0006945895564038986
SLC35A2,-0.0006945895564038986
HDAC6,-0.0006948351304891351
GATA1,-0.0006948351304891351
MIR4498,-0.000695095364737304
SYP,-0.0006968220480878682
CACNA1F,-0.0006968220480878682
AOX2P,-0.0007008536264507276
ERAS,-0.000701984685107044
TIMM17B,-0.000701984685107044
PCSK1N,-0.000701984685107044
PQBP1,-0.000701984685107044
PCDH11X,-0.000702956167740188
GLOD5,-0.0007036702163284407
NTSR1,-0.0007039088718998465
POP5,-0.0007040040634166938
WDR13,-0.0007109252627675402
GPR115,-0.0007116283084004614
C11orf96,-0.0007145258504601736
FTCDNL1,-0.0007161903972324476
OGFR,-0.0007176978457339377
TAF4,-0.0007194914428151671
PRDM11,-0.0007212893596257069
LINC00686,-0.0007229644483435664
TDRD6,-0.00072310414269275
PLA2G7,-0.00072310414269275
RN7SL717P,-0.0007240815342118833
LINC00659,-0.0007244099093453642
EXT2,-0.0007250062687482018
CASP8,-0.0007253471423091669
MRGBP,-0.0007271727172717248
ELOVL5,-0.0007296604026097159
FAM201A,-0.0007299517160381045
HNRNPKP3,-0.0007332330701424569
MEP1A,-0.0007342520138089757
ANKRD66,-0.0007379775604142687
MIR4475,-0.0007380917618214611
snoU13|ENSG00000238920.1,-0.0007399810382821715
AKAP4,-0.0007402639622197896
CCNB3,-0.0007404381180718617
RNU4ATAC7P,-0.0007409360477551564
SNORD70|ENSG00000212534.1,-0.0007410995520675829
SNORD11|ENSG00000238317.1,-0.0007410995520675829
SNORD70|ENSG00000212309.1,-0.0007410995520675829
RN7SL753P,-0.0007410995520675829
SNORD11B,-0.0007410995520675829
NOP58,-0.0007410995520675829
CLCN5,-0.0007419097350218709
PMEPA1,-0.0007422479823082209
CASP10,-0.0007423117248433697
ANKRD18A,-0.00074273783113663
PKHD1,-0.000743160927463485
BCOR,-0.0007432929329165182
MIR532,-0.0007454538066115382
MIR188,-0.0007454538066115382
COL9A3,-0.0007498962554483267
GPR110,-0.0007499338319907951
MRPL14,-0.0007521317606444169
MIR660,-0.0007532734043695718
MIR362,-0.0007532734043695718
MIR502,-0.0007532734043695718
MIR500A,-0.0007532734043695718
MIR501,-0.0007532734043695718
MIR500B,-0.0007532734043695718
PSMA7,-0.0007577028588934831
MDFI,-0.0007580425165715637
TAF8,-0.0007583715573754356
TYW5,-0.0007598215261473979
C2orf69,-0.0007598215261473979
ALKBH3,-0.0007612999990712968
PCGEM1,-0.0007634594342399803
C6orf223,-0.0007635155350978119
LSM14B,-0.0007646432997730143
CCND3,-0.0007659663486386061
TMEM237,-0.000766591350070977
MPP4,-0.000766591350070977
BYSL,-0.0007669153690178562
ICA1L,-0.0007682223225730436
MIR4769,-0.0007687364433940875
SYN1,-0.0007687364433940875
TIMP1,-0.0007687364433940875
RN7SL40P,-0.0007700507903587881
ZBP1,-0.0007720443306894794
GCLC,-0.0007724152921621268
MIR548AG2,-0.0007726782804862738
MRPS18A,-0.0007752186421173732
SATB2,-0.0007770018955309921
RGN,-0.0007784946456446024
BMPR2,-0.0007786563149494977
KLHL4,-0.0007820456546809272
GPR116,-0.0007825258918296899
TNFRSF21,-0.0007833486766398165
KNTC1,-0.0007836863174844586
RN7SKP256,-0.0007843290070085869
STRADB,-0.0007863930443677272
PCK1,-0.0007876859898949312
CTCFL,-0.0007876859898949312
TMEM63B,-0.0007880376882982974
TCFL5,-0.0007893999526534905
TRAK2,-0.0007910522951029273
SLC25A27,-0.0007915247410817025
VEGFA,-0.0007933141542002273
ALS2,-0.0007933413409713882
LINC00029,-0.0007941401735110192
SLC17A9,-0.0007941401735110192
BHLHE23,-0.0007941401735110192
C2orf47,-0.0007971668783280123
RN7SL291P,-0.0007978301174686325
LINC00320,-0.0007981869326173133
OPN5,-0.0008002272727272736
DIDO1,-0.0008024787288855441
GID8,-0.0008024787288855441
RN7SKP116,-0.0008038262370540856
PGK2,-0.0008056616800920602
MIR222,-0.0008074671265599525
MIR221,-0.0008074671265599525
API5,-0.0008086811212766838
TTC17,-0.0008087433190784194
CRISP3,-0.000809136939010357
CRISP2,-0.0008097583429229007
PTCHD4,-0.0008105235903337176
TBC1D25,-0.0008118326912493093
snoU13|ENSG00000239017.1,-0.0008118326912493093
TRAM2,-0.0008119244501591062
EFHC1,-0.000812557502229749
KLC4,-0.0008126126683521804
CYP39A1,-0.000813964326812427
PAGE1,-0.0008162927613475079
ALS2CR12,-0.0008166960746707575
GPR111,-0.0008171403912543159
CD2AP,-0.0008198388952819345
DEFB112,-0.0008203624856156506
DEFB110,-0.0008203624856156506
C20orf166,-0.0008258428374482994
CDH26,-0.0008271434738410537
C20orf197,-0.0008271434738410537
CFP,-0.0008275714740897371
DEFB133,-0.000827897008055236
SNX18P3,-0.0008314863630431937
SUMO1,-0.0008317322390730554
ARAF,-0.0008320793384120732
SNORA31|ENSG00000251838.1,-0.0008325222656649054
GUCA1B,-0.0008341578102193886
FAM217B,-0.0008357382573700398
PPP1R3D,-0.0008357382573700398
RBM10,-0.0008390782956290008
NDUFB11,-0.0008390782956290008
ACA64|ENSG00000252016.1,-0.0008410740140774401
CENPQ,-0.0008415304948216353
MUT,-0.0008415304948216353
PAQR8,-0.0008416919653031178
ELK1,-0.0008427678649016593
RSPH9,-0.0008433457997698483
MAD2L1BP,-0.0008433457997698483
RN7SL244P,-0.0008434138669352668
ICK,-0.0008443254619169932
DLK2,-0.0008462629459148422
YTHDF1,-0.0008471654760412715
CRISP1,-0.0008483831990794014
HAR1B,-0.0008486304326635161
HAR1A,-0.0008486304326635161
TGIF2LX,-0.0008490395403585238
FAM126B,-0.0008492940041511992
MIR5685,-0.0008495333702848158
YIPF3,-0.0008499798619102395
POLR1C,-0.0008499798619102395
GTPBP2,-0.0008499798619102395
LRRC73,-0.0008499798619102395
XPO5,-0.0008499798619102395
SCARNA15|ENSG00000252218.1,-0.0008499798619102395
TJAP1,-0.0008499798619102395
POLH,-0.0008499798619102395
UXT,-0.0008507009819540591
GLYATL3,-0.0008516542002301507
MCM3,-0.0008533626319210153
IL17F,-0.0008533626319210153
CFLAR,-0.0008550749577086836
GCM1,-0.0008579796916895728
U3|ENSG00000251930.1,-0.00085812599705701
RN7SL580P,-0.000858289183812997
ORC2,-0.0008592042564387427
NDUFB3,-0.0008608296547490299
MIR206,-0.0008617189192535025
MIR133B,-0.0008617189192535025
SNORD77|ENSG00000212347.2,-0.0008640524189047384
MIR133A2,-0.0008640848895016063
FTSJ1,-0.0008646314221891271
PORCN,-0.0008646314221891271
EBP,-0.0008646314221891271
RCAN2,-0.0008656070195627163
LRRC4C,-0.0008657323688969289
UBA1,-0.0008657344379109577
USP11,-0.0008657344379109577
INE1,-0.0008657344379109577
CDK16,-0.0008657344379109577
RN7SK,-0.0008657788931998944
GSTA4,-0.0008657788931998944
HRH3,-0.0008659146927350948
MTG2,-0.000866265613903161
CPXCR1,-0.0008672276617400404
CXorf36,-0.0008676780912072914
DUSP21,-0.0008682672262266495
ENPP5,-0.0008689470655926343
ENPP4,-0.0008689470655926343
ZNF217,-0.0008694740360111947
RPL7L1,-0.000869834832765714
C6orf226,-0.000869834832765714
TBCC,-0.0008701048149637629
snoU13|ENSG00000238729.1,-0.0008711221504504243
RN7SL785P,-0.0008711221504504243
MRPS10,-0.0008714294151229404
HSD17B12,-0.0008717424276309624
SSX5,-0.0008727907809887729
C6orf141,-0.0008734666283084012
snoU13|ENSG00000238770.1,-0.000873914177607865
FAM117B,-0.000874581728733026
FZD7,-0.0008750417219453206
TRERF1,-0.0008769134285208066
PTK7,-0.000877880864730482
U3|ENSG00000221252.1,-0.0008779061755615494
RUNX2,-0.0008803653624856119
MRPL2,-0.0008813540732157968
RHAG,-0.0008822439585730735
NKAIN4,-0.0008823884920137558
MIR3196,-0.0008824831850273615
BIRC7,-0.0008824831850273615
SYCP2,-0.0008829120886772204
SNORA11E,-0.0008844660194174741
SNORA11D,-0.0008844660194174741
MAGED4B,-0.0008844660194174741
MAGED4,-0.0008844660194174741
GSTA2,-0.0008853516595500983
IL17A,-0.0008854035073898257
CDH4,-0.0008876634315703611
GLTSCR1L,-0.0008886660910796187
SSX7,-0.0008931852449244368
CXXC1P1,-0.000894758566752599
MIR4326,-0.0008951274874322853
ARFGAP1,-0.0008951274874322853
TMEM14A,-0.0008969841399354562
SS18L1,-0.0008971132556293589
CDK15,-0.0008990729619021225
NPEPL1,-0.0008999261951511599
STX16,-0.0008999261951511599
GSTA3,-0.0008999299422375158
CUL7,-0.0009002921994830964
RN7SL403P,-0.0009002921994830964
PTCRA,-0.0009002921994830964
CNPY3,-0.0009002921994830964
GNMT,-0.0009002921994830964
PEX6,-0.0009002921994830964
PPP2R5D,-0.0009002921994830964
MEA1,-0.0009002921994830964
KLHDC3,-0.0009002921994830964
RRP36,-0.0009002921994830964
ABCC10,-0.000901211162255464
PPP1R3F,-0.0009018444225588734
SLCO4A1,-0.0009029802392683526
PITPNM2,-0.000904880936349762
ZNF318,-0.0009048935558112755
snoU13|ENSG00000238611.1,-0.0009085435304109644
MIR4533,-0.0009088579744050334
CUL9,-0.000909065017261217
DNPH1,-0.000909065017261217
TTBK1,-0.000909065017261217
SLC22A7,-0.000909065017261217
CRIP3,-0.000909065017261217
TFAP2D,-0.0009120710379056701
GAGE1,-0.0009120731106798369
TFAP2B,-0.0009127467951851592
RN7SL133P,-0.0009138864574916959
MIR4304,-0.0009138864574916959
FBXO9,-0.000914732106431526
GAGE10,-0.0009155780204501355
NELFCD,-0.0009159432398936095
SUPT3H,-0.000917672536028255
GNAS,-0.0009178928019384212
GAGE12H,-0.0009187353358630489
GAGE2C,-0.0009187353358630489
GAGE12C,-0.0009187353358630489
GAGE12D,-0.0009187353358630489
GAGE12E,-0.0009187353358630489
GAGE12G,-0.0009187353358630489
GAGE2E,-0.0009187353358630489
GAGE2D,-0.0009187353358630489
GAGE2B,-0.0009187353358630489
GAGE2A,-0.0009187353358630489
GAGE13,-0.0009187353358630489
GAGE12J,-0.0009187353358630489
GAGE12F,-0.0009187353358630489
GAGE12I,-0.0009187353358630489
GAGE12B,-0.0009187353358630489
SRF,-0.0009198216340621371
PRPH2,-0.0009232969326085061
CLIC5,-0.0009237917146144984
GSTA5,-0.0009246261345101642
GSTA1,-0.0009247075469314539
TFEB,-0.0009273269793772966
MIR646,-0.0009343805266602605
MIR296,-0.0009361713386528519
MIR298,-0.0009361713386528519
TRIM64C,-0.0009400512727686039
USP49,-0.0009469259995669034
XAGE1D,-0.0009519805288725306
XAGE1C,-0.0009519805288725306
XAGE1E,-0.0009519805288725306
OSBPL2,-0.0009523972650429584
EDN3,-0.0009530183398086646
SLMO2,-0.0009565498321984096
ATP5E,-0.0009565498321984096
TUBB1,-0.0009565498321984096
CTSZ,-0.0009565498321984096
NIF3L1,-0.0009579998245973066
RN7SL694P,-0.0009579998245973066
PPIL3,-0.0009579998245973066
ZNF831,-0.0009584158415841583
CLK1,-0.000959490747507822
BZW1,-0.000959490747507822
RNA5SP115,-0.000959490747507822
SSX9,-0.000961437894450294
SSX3,-0.000961437894450294
SSX4,-0.000961437894450294
SSX4B,-0.000961437894450294
SSX1,-0.000961437894450294
COL20A1,-0.000962643606132763
CHRNA4,-0.000962643606132763
KCNQ2,-0.0009633092423166343
SGOL2,-0.0009721694390037144
SLC38A5,-0.0009746333985228479
XAGE2,-0.0009754466289613079
XAGE1B,-0.0009754466289613079
XAGE1A,-0.0009754466289613079
ZNF41,-0.000976852388262896
CXorf24,-0.000976852388262896
FRS3,-0.000977020577705657
PRICKLE4,-0.000977020577705657
TOMM6,-0.000977020577705657
PGC,-0.000977020577705657
PAGE4,-0.0009917337716884398
USP27X,-0.0009925086174434436
AOX1,-0.000998257666559479
SNORA8|ENSG00000206977.1,-0.000998734458446646
GUCA1A,-0.001001137961897457
MED20,-0.0010022076669319612
MIR670,-0.001012729247608305
ADRM1,-0.001023589700742226
PRR5L,-0.0010288968917879528
LINC00610,-0.0010298717482425757
COMMD9,-0.0010298717482425757
ZNF157,-0.001033083017119022
SNORA11C,-0.001033083017119022
UBR2,-0.0010357754535560318
PHACTR3,-0.001040194399186752
PARD3B,-0.0010440787623066101
LAMA5,-0.0010458704098257915
TRAF6,-0.0010671726777846016
RAG1,-0.001086657882027463
AR,-0.001091565655522744
GATA5,-0.0010977816769018665
C6orf132,-0.001103282252326486
RBBP8NL,-0.0011066382587625843
CABLES2,-0.0011066382587625843
MIR586,-0.0011117462600690427
RPS21,-0.0011215913996462925
MIR4758,-0.0011230340755594534
MSN,-0.0011791097941231145
VSIG4,-0.0011791097941231145
MIR223,-0.0011791097941231145
RAG2,-0.0011873641913565324
C11orf74,-0.0011873641913565324
HEPH,-0.0011903844962520911
KCTD18,-0.0011929875147775435
KDM6A,-0.0012022988368518275
MIR1587,-0.0013277750730282395
EDA2R,-0.0013626773287628794
RN7SL732P,-0.0014160751806488003
OPHN1,-0.0014345428973277052
