Gene,Importance
RN7SL703P,0.08685186071725262
RNA5SP150,0.08685186071725262
SOX2,0.08652807197871056
RN7SKP265,0.08517864856873311
ATP11B,0.08496440771039551
DCUN1D1,0.08484208895960359
MCF2L2,0.08476284479238538
RNA5SP151,0.08468007772349026
B3GNT5,0.08468007772349026
MCCC1,0.08459147576069055
EIF2B5,0.08355817293476582
LAMP3,0.08351799608566475
MAP6D1,0.08310804128356408
SNORA63|ENSG00000201229.1,0.08310804128356408
HTR3D,0.08310804128356408
HTR3E,0.08310804128356408
SNORA63|ENSG00000199363.1,0.08310804128356408
LINC00888,0.08310804128356408
SNORA4|ENSG00000251730.1,0.08310804128356408
PARL,0.08310804128356408
MIR4448,0.08310804128356408
KLHL24,0.08310804128356408
KLHL6,0.08310804128356408
HTR3C,0.08310804128356408
AP2M1,0.08310804128356408
DVL3,0.08310804128356408
CYP2AB1P,0.08310804128356408
ABCC5,0.08310804128356408
YEATS2,0.08310804128356408
SNORA81|ENSG00000253092.1,0.08310804128356408
FXR1,0.08299644612156978
DNAJC19,0.08186529899607167
CCDC39,0.08186501175708585
PIK3CA,0.08075516537362196
ZNF639,0.08029908900184456
KCNMB3,0.08029908900184456
ZMAT3,0.08028789794567799
PEX5L,0.08000647695751957
KCNMB2,0.07999280494501629
RN7SL229P,0.07989005787020732
U8|ENSG00000201810.1,0.07988311907745588
SNORA25|ENSG00000201957.1,0.0798715056110164
MFN1,0.07977061714140886
GNB4,0.07970847214204248
ABCF3,0.07953735092437456
USP13,0.07934222553892518
TTC14,0.0792359752749186
VPS8,0.07903567113952215
EPHB3,0.07886158178566899
MAGEF1,0.0788373354359979
VWA5B2,0.07876160572225119
ALG3,0.07876160572225119
MIR1224,0.07876160572225119
CAMK2N2,0.07876160572225119
ECE2,0.07876160572225119
NDUFB5,0.07875545261260763
snoU13|ENSG00000239096.1,0.07875545261260763
ACTL6A,0.07875545261260763
MRPL47,0.07875545261260763
RNA5SP149,0.07857507497782353
THPO,0.07853155545542873
CHRD,0.07853155545542873
EIF4G1,0.07849387645907555
FAM131A,0.07849387645907555
CLCN2,0.07849387645907555
POLR2H,0.07849387645907555
PSMD2,0.07846976528069168
SNORD66|ENSG00000212158.1,0.07846976528069168
RNA5SP147,0.07781266104391654
RNA5SP148,0.07735548640542939
LINC00501,0.07700448599709951
MIR4789,0.07675277171540816
snoU13|ENSG00000271842.1,0.07675277171540816
C3orf70,0.07599069852578809
LINC00578,0.07594953323664835
TBL1XR1,0.07593571197251517
RN7SKP52,0.07593438278818951
SNORA18|ENSG00000200288.1,0.07538404415595396
EHHADH,0.07476123118514247
snoU13|ENSG00000239146.1,0.07468618014390112
LIPH,0.07466106081299903
TMEM41A,0.07466106081299903
RN7SKP234,0.07457894143985581
MAP3K13,0.07451788907506234
RN7SKP40,0.07421843116824596
ETV5,0.0740470452401402
MIR548AQ,0.07397304459244451
DGKG,0.07391686121006465
IGF2BP2,0.07389763872657386
SENP2,0.07386897959758383
C3orf65,0.07360339054645808
NAALADL2,0.07352478576617792
RN7SL637P,0.07315676208445386
TRA2B,0.07314024865884737
DNAJB11,0.07291442249475505
TBCCD1,0.07289085481758918
CRYGS,0.07289085481758918
NCEH1,0.07258826825868397
GHSR,0.07250396361639513
ECT2,0.07249175595950498
SNORA72|ENSG00000200355.1,0.07249175595950498
snoU13|ENSG00000239141.1,0.07212754537390346
TNFSF10,0.07195483589360896
SPATA16,0.07186600019712472
KNG1,0.07147440616155787
ST6GAL1,0.0714596837555089
FETUB,0.07143938553385622
AHSG,0.07143938553385622
ADIPOQ,0.07138818940876644
HRG,0.07135566663381256
SNORA81|ENSG00000221420.2,0.07116927387674074
SNORA63|ENSG00000200418.1,0.07116927387674074
SNORA63|ENSG00000200320.1,0.07116927387674074
SNORA4|ENSG00000263776.1,0.07116927387674074
RFC4,0.07116927387674074
SNORD2|ENSG00000238942.1,0.07116927387674074
EIF4A2,0.07116927387674074
RN7SL141P,0.07094827727010322
snoU13|ENSG00000238359.1,0.07071097844299574
TMEM212,0.07071097844299574
PP13439,0.07071097844299574
RPL39L,0.07066791793976429
PLD1,0.07063934892496586
RTP1,0.0704815392630349
NLGN1,0.07014788993224255
snoU13|ENSG00000239093.1,0.0701330000985624
MASP1,0.06996889933963195
RTP4,0.06992787203784796
BCL6,0.06973454893623018
SST,0.0696495825178469
RTP2,0.0696495825178469
TP63,0.06926421199363572
LEPREL1,0.06891716816152975
TPRG1,0.06880803142732429
MIR569,0.06873394348150544
TNIK,0.06810729502541499
MIR944,0.06792947156474848
SLC2A2,0.0677096943157657
RN7SL486P,0.06770748370200365
EIF5A2,0.06752603032905753
RPL22L1,0.06752465608763597
RNY5P3,0.067524546260965
IL1RAP,0.06734022613029952
CLDN16,0.06730013376325314
CLDN1,0.06729492966868955
TMEM207,0.06694705509637999
RN7SKP296,0.06694087100998303
MIR551B,0.06674763802255675
CLDN11,0.06667655200574468
PYDC2,0.06664103574998942
CCDC50,0.06664103574998942
OSTN,0.0665929851733994
UTS2B,0.06654104560622909
RN7SKP222,0.06634689176440774
SLC7A14,0.06627024682840285
EGFEM1P,0.06610764421790734
snoU13|ENSG00000238902.1,0.06592119513946576
GMNC,0.06588623083313383
FNDC3B,0.06577596336840583
IQCG,0.06564332220643158
ANKRD18DP,0.06564332220643158
FAM157A,0.06564332220643158
RPL35A,0.06564332220643158
LMLN,0.06564332220643158
LRCH3,0.06549414460565602
BDH1,0.0654914124555199
MB21D2,0.06528070076848519
KIAA0226,0.06510194059776794
FYTTD1,0.06509051899835848
MIR922,0.06507618071851135
DLG1,0.06507090921109157
CEP19,0.0650372365623381
NRROS,0.0650372365623381
SENP5,0.0650372365623381
PIGZ,0.0650372365623381
PAK2,0.0650372365623381
U4|ENSG00000272359.1,0.0650372365623381
PIGX,0.0650372365623381
NCBP2,0.0650372365623381
MFI2,0.0650372365623381
GOLIM4,0.06491320032103168
MIR4797,0.06477344636502842
snoU13|ENSG00000238491.1,0.06477344636502842
SKIL,0.06467795440785117
PRKCI,0.06467795440785117
HRASLS,0.06410860296790825
RN7SL434P,0.06402178008394742
UBXN7,0.06402178008394742
RN7SL738P,0.06402178008394742
PHC3,0.0640116444431928
SEC62,0.06393811971107129
TERC,0.06393735937257986
MYNN,0.06393735937257986
LRRC34,0.06393735937257986
ACTRT3,0.06393735937257986
GPR160,0.06393537967643367
TM4SF19,0.06389026781681367
PCYT1A,0.06389026781681367
SLC51A,0.06389026781681367
TCTEX1D2,0.06389026781681367
TFRC,0.06387099679413026
ZDHHC19,0.06381805312269333
SAMD7,0.06377986511031938
WDR53,0.06377947251875596
FBXO45,0.06377947251875596
RNF168,0.06377046083000074
SMCO1,0.06377046083000074
SERPINI1,0.06370974500499849
LRRC31,0.06368028611255815
LRRIQ4,0.06368028611255815
LINC00885,0.06367732260303399
RNU6ATAC24P,0.06362807229181126
PPP1R2,0.06362807229181126
MUC20,0.06362807229181126
MIR570,0.06362807229181126
LINC00969,0.06362807229181126
APOD,0.06362807229181126
RN7SL773P,0.06362807229181126
ACAP2,0.06362807229181126
SDHAP1,0.06362807229181126
TNK2,0.06362807229181126
MUC4,0.06362807229181126
PDCD10,0.0634830881007026
FGF12,0.06348042273861834
ATP13A5,0.06342287459651207
OPA1,0.06333199755428494
ATP13A4,0.06333086558482331
ATP13A3,0.06326171629705526
RN7SL447P,0.06323151667382755
LINC00884,0.06323091350761806
RN7SL36P,0.0632173849577508
MIR3137,0.0632173849577508
LPP,0.06320869965477555
TMEM44,0.06317916790604927
GP5,0.06317144517522118
LRRC15,0.06317108713135254
CPN2,0.06317108713135254
LINC00887,0.06313717762280906
LSG1,0.06306188925978562
FAM43A,0.06303198984257088
ZBBX,0.06301026175356586
SERPINI2,0.06283752411258632
MECOM,0.06271881577023757
HES1,0.0626182453647089
RN7SL215P,0.0626182453647089
MIR28,0.06074076716532409
BCHE,0.06001147266301519
WDR49,0.0593595671290628
RN7SKP298,0.05886083038604837
XXYLT1,0.05875912543153044
SI,0.057602176820940355
SLITRK3,0.057596111009419824
MIR720,0.057517706030610606
MIR1263,0.0550219934948818
snoU13|ENSG00000238398.1,0.053408583376747705
CT64,0.0523921854099491
OTOL1,0.05097218557916303
NMD3,0.0498758118386708
ESRG,0.04968342300661073
B3GALNT1,0.04966454012181095
SNORA72|ENSG00000207084.1,0.049640191978444506
SPTSSB,0.04962176036374867
KRT8P12,0.04957624407084116
MIR3919,0.04957549468129905
MIR3938,0.04952714971628107
IQCJ,0.049512371944202764
PPM1L,0.04947151758399056
ARL14,0.04943851357040611
KPNA4,0.049311459765921016
MANF,0.049221705265164346
VPRBP,0.04910037342205359
RBM15B,0.04910037342205359
RN7SL504P,0.04904808567047022
IQCF2,0.04904808567047022
IQCF3,0.04904808567047022
IQCF6,0.04904808567047022
IQCF5,0.04904808567047022
LINC00696,0.04904127569984146
DUSP7,0.04904127569984146
RPL29,0.049038355903274176
ACY1,0.049038355903274176
RAD54L2,0.04895221757249677
RNU6ATAC29P,0.048941110215822384
TEX264,0.048941110215822384
POC1A,0.048802926727835115
TWF2,0.04880261482078341
TLR9,0.04880261482078341
ALAS1,0.04880261482078341
PARP3,0.04879770228471917
ABHD14A,0.04879770228471917
IQCF1,0.04879770228471917
RRP9,0.04879770228471917
GPR62,0.04879770228471917
PCBP4,0.04879770228471917
ABHD14B,0.04879770228471917
RNA5SP132,0.04871697034283786
GRM2,0.04871697034283786
MLF1,0.048699803530831635
DOCK3,0.048609086156509475
GFM1,0.048559319655336976
LXN,0.048559319655336976
SCARNA7,0.04851532740183563
SCHIP1,0.048476187936793064
RARRES1,0.048417474529175705
RSRC1,0.04831910802997555
IL12A,0.048273341940554056
MFSD1,0.04817558449577594
SHOX2,0.04815621824917902
MIR4787,0.04814174301312101
C3orf18,0.04797207819476701
HEMK1,0.04797207819476701
CISH,0.04797207819476701
CACNA2D2,0.047933752131844365
MAPKAPK3,0.047910029738693724
AADACL2,0.04788722950405571
IFT80,0.04785663364113506
MIR15B,0.04785063852479725
TMEM110,0.04781017728279054
AADAC,0.04779015128125967
SUCNR1,0.04779015128125967
SNORD19|ENSG00000222345.1,0.04778709164962565
SNORD19|ENSG00000212493.1,0.04778709164962565
SNORD19B|ENSG00000252787.1,0.04778709164962565
SNORD69,0.04778709164962565
GLT8D1,0.04778709164962565
SNORD19B|ENSG00000238862.1,0.04778709164962565
GNL3,0.04778709164962565
SPCS1,0.04778709164962565
MUSTN1,0.04777926687059538
ITIH4,0.04777926687059538
ITIH1,0.04777740785181929
SEMA3F,0.04772976354738904
MIR566,0.04772976354738904
GNAI2,0.04770986347625615
TUSC2,0.04770986347625615
HYAL2,0.04770986347625615
RASSF1,0.04770986347625615
ZMYND10,0.04770986347625615
NPRL2,0.04770986347625615
SLC38A3,0.04770986347625615
NAT6,0.04770986347625615
RNA5SP131,0.04770986347625615
TMEM115,0.04770986347625615
HYAL1,0.04770986347625615
HYAL3,0.04770986347625615
GNAT1,0.04770986347625615
IFRD2,0.04770986347625615
LSMEM2,0.04770986347625615
SEMA3B,0.04770986347625615
CYB561D2,0.04770986347625615
MIR5186,0.04757687838558475
C3orf79,0.04748928401021638
GPR171,0.04735955541833893
RNA5SP145,0.04735955541833893
IGSF10,0.047358477644615316
TRIM59,0.04731077905414835
C3orf80,0.04728925032978761
RAP2B,0.047178031940273396
RN7SL300P,0.04717626933116283
U8|ENSG00000201398.1,0.046717011423278734
AMIGO3,0.04671593931675029
GMPPB,0.04671593931675029
TSC22D2,0.04667498105475871
SMC4,0.046656802532192725
EIF2A,0.04662019422380641
SERP1,0.04662019422380641
FAM194A,0.04653270650312941
SELT,0.04653270650312941
SIAH2,0.04653270650312941
CLRN1,0.046511616941255676
FAM188B2,0.046511616941255676
GPR149,0.04649159673299838
snoU13|ENSG00000271922.1,0.04648959836088578
DHX36,0.04648959836088578
MME,0.04645531449100459
P2RY1,0.04633349799320781
LINC00880,0.046294249066771445
CCNL1,0.04628692638019591
RNF123,0.04622011107356677
APEH,0.04622011107356677
MST1,0.04622011107356677
BSN,0.04622011107356677
LINC00881,0.04621402228521711
TMEM14E,0.04620669959864154
RN7SKP177,0.046184981335429004
LEKR1,0.04614688035027647
TCTA,0.0460305062424731
AMT,0.0460305062424731
NICN1,0.0460305062424731
DAG1,0.0460305062424731
RNA5SP130,0.0460305062424731
MIR4271,0.04595029414567791
MBNL1,0.045945533133121934
GPX1,0.04593786984811859
USP4,0.04593786984811859
C3orf62,0.04593786984811859
PFN2,0.04583346711948127
snoU13|ENSG00000243321.2,0.045814549945269255
ANKUB1,0.045687052681804105
PLCH1,0.04560202643913667
SLC33A1,0.04558843077268517
C3orf33,0.04556660585478123
SSR3,0.04553353448033899
RNF13,0.04548616015043921
KCNAB1,0.04548347413623736
LINC00886,0.04545402902130287
GMPS,0.04543431755031014
TM4SF1,0.04542456987285634
TIPARP,0.045395020909932915
TM4SF4,0.045383364674843496
COMMD2,0.04534784304920145
WWTR1,0.0452145246849476
TM4SF18,0.04506536529231799
ARHGEF26,0.04504468270229304
RNA5SP133,0.044947499352570496
FBXW12,0.04490332614214292
RN7SL321P,0.04490332614214292
SPINK8,0.04483993969796996
MIR2115,0.04483993969796996
RN7SKP45,0.044824723174837364
WNT5A,0.044763584102592464
COL7A1,0.0446834056784411
CP,0.044666953885879455
CPHL1P,0.044666953885879455
NME6,0.04461723806305716
ZNF589,0.04461723806305716
CCDC51,0.04456329547128284
PLXNB1,0.04456329547128284
SHISA5,0.044562082499415116
UCN2,0.044562082499415116
ATRIP,0.044562082499415116
TREX1,0.044562082499415116
PFKFB4,0.044562082499415116
HPS3,0.04455585899127113
MIR4793,0.044482970741385706
DHX30,0.044481948379382935
MIR1226,0.044481948379382935
NCKIPSD,0.04444795917483254
SLC25A20,0.04444643429591315
IP6K2,0.04444643429591315
PRKAR2A,0.04444643429591315
ITIH3,0.04431859809930401
MIR711,0.04430379746835441
ARIH2,0.04422002443271906
ARIH2OS,0.04422002443271906
HLTF,0.04420319683403963
MIR4443,0.044193772255867715
CAMP,0.044193772255867715
TMA7,0.044182301007633006
GYG1,0.044179334250189405
AGTR1,0.04408481012658226
CPA3,0.044042877992646494
CPB1,0.044042877992646494
MIR191,0.04399184709623199
MIR425,0.04399184709623199
WDR6,0.04399184709623199
DALRD3,0.04399184709623199
P4HTM,0.04399184709623199
NDUFAF3,0.04399184709623199
IMPDH2,0.04399184709623199
RN7SKP46,0.04388705536376426
RBM5,0.043440690272769054
SCAP,0.043285187014269796
PTPN23,0.043285187014269796
ELP6,0.043285187014269796
snoU13|ENSG00000238350.1,0.043285187014269796
snoU13|ENSG00000251938.1,0.04318133929422369
P2RY14,0.043112456207646054
GPR87,0.04305421301623831
P2RY13,0.04300907045134891
KLHL18,0.042944965733544775
RN7SL821P,0.04281616715755711
snoU13|ENSG00000238565.1,0.04281616715755711
C3orf55,0.0426580514000767
MED12L,0.042618971998465656
SNORD38|ENSG00000207109.1,0.04259284456418665
SNORA26|ENSG00000212608.1,0.04259284456418665
P2RY12,0.04251168137066869
TKT,0.042461729283299984
CDCP1,0.0423322079675895
SFMBT1,0.042325629733751
DCP1A,0.04230237351140292
SNORD63|ENSG00000251987.1,0.04229668568160265
SETD2,0.04225627196139031
PTX3,0.0422203580104846
IP6K1,0.042216004008047404
VEPH1,0.04221557601329756
RNA5SP146,0.04217046924945651
NBEAL2,0.04215175460164313
RN7SL870P,0.0420835409260182
CSPG5,0.0420835409260182
KIF9,0.04203409677829053
snoU13|ENSG00000239128.1,0.04203409677829053
SMARCC1,0.04198627520690542
CLEC3B,0.04192938401182921
EXOSC7,0.04192938401182921
PTH1R,0.04188480419171323
MYL3,0.04188480419171323
CCDC12,0.04188480419171323
CCDC36,0.04149512000250658
SNRK,0.0414818075368165
NEK4,0.04136932757737619
ZIC1,0.04136372617811334
SLC26A6,0.041357992289321584
CELSR3,0.041357992289321584
TMEM89,0.041357992289321584
UQCRC1,0.041357992289321584
ACKR2,0.04132251557705618
ZNF662,0.04132251557705618
CYP8B1,0.04132251557705618
HIGD1A,0.0413214557389379
RN7SL517P,0.04119535209702643
GTDC2,0.04119535209702643
KLHL40,0.04119193326438683
CCDC13,0.04119193326438683
HHATL,0.04119193326438683
FAM198A,0.04118252292754637
KRBOX1,0.04118252292754637
KIAA1143,0.040907418012119716
ZNF501,0.040907418012119716
KIF15,0.040907418012119716
ZNF502,0.040907418012119716
TMEM42,0.04090232395148673
MIR564,0.04090232395148673
TGM4,0.04090232395148673
RN7SL567P,0.040768083487893014
ZBTB47,0.040768083487893014
NKTR,0.040768083487893014
SS18L2,0.04076443388405024
SEC22C,0.04076443388405024
VIPR1,0.04076443388405024
ABHD5,0.040741596082017786
LINC00694,0.040675869024521534
TCAIM,0.040675869024521534
TOPAZ1,0.040675869024521534
ZNF660,0.04066794587987928
ZKSCAN7,0.04066794587987928
ZNF852,0.04066709117171938
ZNF445,0.04066709117171938
ZIC4,0.04032256588733902
RN7SL182P,0.040139115177340555
KLHDC8B,0.040139115177340555
C3orf84,0.040139115177340555
LAMB2,0.040139115177340555
USP19,0.040139115177340555
QARS,0.040139115177340555
CCDC71,0.040139115177340555
LRTM1,0.03998876705756178
RN7SL664P,0.03985981032598721
QRICH1,0.039738532397543574
CDC25A,0.03970933135523599
SACM1L,0.03967794609008545
SLC6A20,0.03967794609008545
CCR9,0.03967794609008545
LZTFL1,0.03967794609008545
RN7SL145P,0.03967794609008545
PLSCR5,0.03957607566869682
PLSCR1,0.039572842347525894
PLSCR2,0.0395424794409049
RHOA,0.039526322085728996
MON1A,0.03947798140343448
PBRM1,0.039464025571094456
SMIM4,0.039423886457907516
PLSCR4,0.039416329394594295
CAMKV,0.03938768653173326
RN7SL217P,0.03938768653173326
MST1R,0.03938768653173326
RNU6ATAC16P,0.03938763393664855
U3|ENSG00000251800.1,0.03930646664234196
CDHR4,0.039288502414047535
UBA7,0.039288502414047535
TRAIP,0.039288502414047535
FAM212A,0.039288502414047535
MIR5193,0.039288502414047535
LIMD1,0.03904023163914409
LARS2,0.039037147400886686
RBM6,0.03898964326812431
TMEM158,0.03893282946732639
U3|ENSG00000202268.1,0.03891647657906578
ZNF197,0.038757895869725424
ZNF35,0.038757895869725424
NT5DC2,0.03828124183313117
TNNC1,0.0381979347454617
SEMA3G,0.038177201787832266
MIR135A1,0.03800558195013096
MIRLET7G,0.03800558195013096
WDR82,0.03800558195013096
PPM1M,0.03800558195013096
GLYCTK,0.03800558195013096
STAB1,0.03794966193351246
NISCH,0.03775992923722281
FOXP1,0.037676812061597995
CNTN3,0.037622352179769
PLOD2,0.03758840272972715
XCR1,0.03755314921365552
CCR3,0.037539616417337926
CCR1,0.037539616417337926
CCR2,0.037539616417337926
CCR5,0.037539616417337926
CXCR6,0.037537974683544244
FYCO1,0.037537974683544244
RNA5SP144,0.03748316539897273
LRRC2,0.03747167625623322
LUZPP1,0.03746952819332566
RTP3,0.03746952819332566
ACKR5,0.03746463367855772
ARL6IP5,0.037254400367212205
UBA3,0.037254400367212205
MIR3136,0.037254400367212205
TMF1,0.037254400367212205
EOGT,0.03712679413166677
LMOD3,0.037095687022226945
RN7SL294P,0.03701941006011351
RNA5SP135,0.03696690970934924
C3orf58,0.03692498245810996
C3orf67,0.03690431812512394
LYZL4,0.03675980240815069
CCK,0.036759061438715664
TRAK1,0.036759061438715664
MIR1324,0.036715746695508714
MIR4273,0.036715746695508714
FAM86DP,0.036715746695508714
FRG2C,0.036715746695508714
LINC00960,0.036715746695508714
ZNF717,0.036715746695508714
RN7SL92P,0.036715746695508714
U8|ENSG00000212145.2,0.03669839456622413
KCTD6,0.03667046004686321
ACOX2,0.03667046004686321
DNASE1L3,0.03666958216874626
ABHD6,0.03666958216874626
RPP14,0.03666958216874626
PXK,0.03666958216874626
PDHB,0.03666958216874626
SLC9A9,0.036611701142327896
U2SURP,0.036513084846613746
PAQR9,0.036513084846613746
ARF4,0.036490643497569746
HESX1,0.03648571834313416
ASB14,0.03648571834313416
APPL1,0.03648571834313416
PDE12,0.036476061683847726
snoU13|ENSG00000238905.1,0.036476061683847726
DNAH12,0.036476061683847726
CACNA2D3,0.036471581165813644
MIR1284,0.03642616417686957
MIR3923,0.036422330924761985
RN7SKP61,0.03631149721841489
PDZRN3,0.036264864592263774
RN7SL647P,0.03619373193121479
SUCLG2,0.03617005926004385
RN7SL418P,0.03613578296182707
TRPC1,0.03607675769738133
PCOLCE2,0.03607675769738133
EBLN2,0.03605908293688814
PPP4R2,0.03605908293688814
snoU13|ENSG00000238416.1,0.03597472276856005
RN7SKP25,0.03595479805776193
ZBTB38,0.035922537820314876
RNA5SP143,0.03591540879620533
PLS1,0.03587987594375368
ATR,0.03584150832187262
ACPL2,0.03583118807712812
RASA2,0.035818723511746
SCARNA21|ENSG00000252409.1,0.035800517134918185
FAM208A,0.035774398233915795
CCDC66,0.035774398233915795
RN7SL271P,0.03576445273757292
CHST2,0.0357459541384827
PBX2P1,0.0357459541384827
PROK2,0.03574168025506974
GPR27,0.03574168025506974
EIF4E3,0.03574168025506974
RNF7,0.03565675994274323
XRN1,0.03560450756406296
ATP1B3,0.03559768447051554
RN7SKP58,0.03559577801790675
GRK7,0.035591167307530334
GK5,0.03556552808105754
snoU13|ENSG00000238568.1,0.03554167016883242
RNA5SP136,0.035496270893920795
GXYLT2,0.035496097186500125
PHF7,0.03544579521243264
SHQ1,0.035317744493194594
BAP1,0.035282566737686434
DNAH1,0.035282566737686434
SPSB4,0.03520249235173592
MAP4,0.03519601460837495
ROBO2,0.03510880873937922
DENND6A,0.03477958132834767
RNU6ATAC26P,0.03477958132834767
SLC25A36,0.03475134581380334
SLMAP,0.03472919974254451
IL17RD,0.034007323991363615
SPATA12,0.034007323991363615
CLSTN2,0.03381768222515363
TRIM42,0.03379641303432594
ZDHHC3,0.033738309065222134
FAM3D,0.033724882425887365
RN7SKP124,0.03346749557944378
NMNAT3,0.03346749557944378
ARHGEF3,0.03335052949252175
LTF,0.03322824516844546
ANO10,0.03321101713901648
RBP1,0.033159676106542475
COPB2,0.033072022790423546
RBP2,0.033042931319992176
RN7SL724P,0.03295036908136633
MRPS22,0.03284587555081537
FAM107A,0.03279384347203701
FLNB,0.03263942232765933
ERC2,0.032584600715973716
TFDP2,0.03254251630226315
RYBP,0.03218679869003254
LINC00877,0.03213459641624197
LINC00870,0.03209479286536248
ROPN1,0.032021134593993326
BPESC1,0.03199846473378429
PRR23C,0.03199507143057617
SNORA5,0.03196484842511369
MYLK,0.03196484842511369
RN7SL751P,0.03193299047562909
ADCY5,0.03189809000154885
CCDC14,0.031846154658481285
FAIM,0.03181718824553029
CEP70,0.03180894496056579
PTPLB,0.0317522880556455
NME9,0.03174613096073419
DBR1,0.031731073002329524
FOXL2,0.03170344101714891
PRR23B,0.03170344101714891
C3orf72,0.03170344101714891
PRR23A,0.03170344101714891
CLDN18,0.03165871902102217
DZIP1L,0.03165591512531923
A4GNT,0.03165591512531923
ESYT3,0.031650832187263146
MRAS,0.031650832187263146
SOX14,0.031631603469084155
ARMC8,0.031613775295405405
PIK3CB,0.031496166044514266
MIR5002,0.03141503217358247
MIR544B,0.03139564002196535
UMPS,0.03139564002196535
NR1D2,0.03133063430623844
UBE2E1,0.03125227185549395
NKIRAS1,0.03125227185549395
RPL15,0.03125227185549395
CHDH,0.031180360056258766
ACTR8,0.031180360056258766
IL17RB,0.031180360056258766
LINC00691,0.031142462600690448
CACNA1D,0.031135544303797447
HEG1,0.031087129158981146
MUC13,0.031087129158981146
RNA5SP137,0.031087044676926554
SEC22A,0.03107855775052447
ITGB5,0.031051382689627014
RNA5SP126,0.031025072357638492
MIR4442,0.03102212225825572
MIR4792,0.03101192593367508
OXSM,0.03099845172089128
LINC00692,0.03099845172089128
NCK1,0.030993176906452626
RN7SL698P,0.03095476285303641
RAB7A,0.03095476285303641
SNORA24|ENSG00000207130.1,0.03095476285303641
IL20RB,0.03087282831401388
RNA5SP125,0.030841134009833647
RN7SL216P,0.030841134009833647
UBE2E2,0.030807622833629738
C3orf27,0.030804945540182486
RPN1,0.030804945540182486
FAM19A4,0.030708956426291244
SNORA7B,0.030706356820031533
RPL32P3,0.030706356820031533
HMGB1P5,0.0306724134323674
MIR1280,0.03066445825901745
GATA2,0.03066426085300176
DNAJB8,0.03066426085300176
SLC35G2,0.030629184091610775
NGLY1,0.030584838957686933
KIAA1257,0.03058327243761796
ACAD9,0.03058327243761796
PODXL2,0.030581513099793914
ABTB1,0.030581513099793914
MGLL,0.030579587525325098
SEC61A1,0.030565782957280657
ZNF148,0.030562172450215797
RNA5SP142,0.03054548261247859
TPRA1,0.03051583230878457
RUVBL1,0.03049737311468598
FAM19A1,0.03046067833237991
COLQ,0.030450660354704853
RN7SL110P,0.030450660354704853
MIR4270,0.030450660354704853
EAF1,0.030450660354704853
METTL6,0.030450660354704853
snoU13|ENSG00000238891.1,0.030450660354704853
SH3BP5,0.030450660354704853
EEFSEC,0.030433829157214834
MIR5092,0.030429839806431352
SLC12A8,0.030428469707656003
KBTBD12,0.03041933193648376
snoU13|ENSG00000238992.1,0.030402154362212264
SNX4,0.030402154362212264
snoU13|ENSG00000238874.1,0.030395244939306298
snoU13|ENSG00000252435.1,0.030395244939306298
RAB43,0.030395244939306298
ISY1,0.030395244939306298
GP9,0.030395244939306298
CNBP,0.030395244939306298
EFCC1,0.030395244939306298
RARB,0.03035816009606035
RNA5SP139,0.030341713276420386
MCM2,0.030307101421669643
PDIA5,0.03029722714826364
SATB1,0.030273439522557236
EFCAB12,0.030235352993125394
COL6A4P1,0.030158924222153657
CAPN7,0.030158924222153657
ROBO1,0.03014884609156978
C3orf37,0.030110952570607266
H1FX,0.030110952570607266
OSBPL11,0.03007891229005598
RNY4P22,0.03005776754890678
COPG1,0.030035169440163476
MIR548I1,0.030029224274370717
MIR563,0.030004020445267763
ANKRD28,0.030004020445267763
FAM86JP,0.029961181659574336
GALNT15,0.029933744983019473
SELK,0.029916642784918273
ALG1L,0.029901396758332803
BTD,0.029866707831635298
MIR3134,0.029866707831635298
RN7SL4P,0.029866707831635298
FGD5,0.02986561009913899
MRPS25,0.029864910294672593
NR2C2,0.029864910294672593
ZFYVE20,0.029864910294672593
RFTN1,0.029849054920928975
TOP2B,0.029838448277018637
OXNAD1,0.029828746869747198
SNORD5|ENSG00000272166.1,0.0298256827192047
LINC00690,0.029824630372886032
SLC41A3,0.029810457295775982
ROPN1B,0.029810457295775982
DPH3,0.02980212685671163
U1|ENSG00000272020.1,0.029792892359505805
C3orf20,0.029786038214812533
U7|ENSG00000271841.1,0.029766797018708005
STAG1,0.029752979314603255
PLXNA1,0.029748961886785913
MIR3714,0.029725300104917477
MIR4791,0.029674777696411803
RNY4P4,0.02958097617109655
CCDC174,0.029451440652698353
SEMA5B,0.029444845322299004
RNA5SP124,0.029400735691874916
NUP210,0.02937765428287193
HDAC11,0.029374491441116923
SLC6A6,0.029372525154170714
DIRC2,0.029224005788948
snoU13|ENSG00000238480.1,0.029224005788948
HSPBAP1,0.029224005788948
PARP14,0.029216728836706823
FAM162A,0.029176746366619804
WDR5B,0.029176746366619804
LSM3,0.029131457589527204
CHCHD4,0.029131457589527204
TMEM43,0.029131457589527204
XPC,0.029131457589527204
GRIP2,0.029115053283565923
COX17,0.029105352642176275
DTX3L,0.029087914551866142
PARP15,0.029087914551866142
TXNRD3NB,0.029054365249435606
TXNRD3,0.029054365249435606
RNA5SP138,0.029054365249435606
NUP210P1,0.029054365249435606
TPRXL,0.029023646272855128
WNT7A,0.029023646272855128
FGD5P1,0.029023646272855128
LINC00620,0.02902135399761981
CHCHD6,0.029004059676913184
MAGI1,0.028997906685960764
KPNA1,0.028994197462918835
MIR5682,0.02896183523183285
GTF2E1,0.028937962011236107
POPDC2,0.02892934836175218
PARP9,0.028918832426262284
SLC25A26,0.02886085409926017
RN7SL482P,0.02885852207148397
CD86,0.028851420398567706
CD80,0.028825734641866482
PLA1A,0.028825734641866482
ADPRH,0.028825734641866482
CASR,0.028759466492726423
POGLUT1,0.028756357274608946
SNORD112|ENSG00000252170.1,0.028729930627747504
ILDR1,0.02864782880477247
TIMMDC1,0.028630820461553613
CSTA,0.028620959796707337
ARHGAP31,0.028600473803522923
CCDC58,0.028595921917147347
TMEM39A,0.028587861336787736
U8|ENSG00000253004.1,0.028580100479946118
KBTBD8,0.02855948326427126
EAF2,0.02854564232183018
IQCB1,0.02854564232183018
PRICKLE2,0.028521253992665304
U3|ENSG00000200222.1,0.028521253992665304
PPP2R3A,0.028510929299166387
MSL2,0.02846830952314125
RFT1,0.0284654407457403
PRKCD,0.02839283294704942
PSMD6,0.02838698686856736
SLC15A2,0.028381071770725057
ADRA1B,0.02836085930344518
LRIG1,0.028351795614084865
ADAMTS9,0.028345349580030762
PCCB,0.02832442111762889
B4GALT4,0.028234198335703536
RNF145,0.028230038045137497
SNORA68|ENSG00000252458.1,0.028230038045137497
TTC1,0.028176082055376785
PWWP2A,0.028115943730771916
EBF1,0.028076148986637232
TBC1D5,0.02806786269952558
C1QTNF2,0.02801499495079963
C3orf30,0.027986658875543902
UPK1B,0.027986658875543902
MIR3142,0.027979861910241637
MIR146A,0.027979861910241637
PTTG1,0.027979861910241637
C5orf54,0.02797501232944269
SLU7,0.02797501232944269
THRB,0.027925570370741004
GABRA6,0.02791418120758084
COL6A6,0.027906255689636134
KY,0.02787044261696931
FABP6,0.02786960146544231
CCNJL,0.02786960146544231
RN7SL295P,0.02786960146544231
RNA5SP141,0.027868270229307573
UBLCP1,0.027841320072332726
RNU4ATAC2P,0.027840216293652097
IL12B,0.027840216293652097
CLINT1,0.02776409079166764
ATP2C1,0.027742179268682193
PIK3R4,0.027708302615516416
COL6A4P2,0.027700313364277696
RN7SKP212,0.027672139661352874
EPHB1,0.02763686042268936
GABRA1,0.027629071651675625
GABRG2,0.027629071651675625
LSM11,0.027506804678142847
THG1L,0.027506804678142847
C5orf52,0.027506804678142847
GABRB2,0.027498472867953982
ASTE1,0.027466605380269207
RNA5SP196,0.027435107158652158
TCERG1,0.027435107158652158
GPR151,0.027435107158652158
RN7SL791P,0.027435107158652158
MITF,0.02743276717918054
COL6A5,0.02743117965371198
POU4F3,0.027427283919628006
RBM27,0.027427283919628006
RAB6B,0.027422386258385015
FAM86HP,0.027417932640252402
ALG1L2,0.027417932640252402
RPL39P5,0.027389769569732554
C3orf36,0.027330079429678064
SLCO2A1,0.02722282410396025
CEP63,0.02713900193662466
WDR52,0.02713715028293654
BOC,0.027058835663061515
SPICE1,0.027019802116351233
SRPRB,0.027018869460271152
TMEM108,0.02697854837351597
LINC00698,0.02697610950671599
MIR4446,0.026959928217328222
SIDT1,0.026957752047250084
RYK,0.026933888124842098
TMCC1,0.02690212116551005
TF,0.02685187628055801
RNA5SP140,0.026848878722389103
CETN3,0.026835132406616443
NPHP3,0.026834800303123848
TRH,0.026823942961066244
ZDHHC23,0.0268131644161586
ANAPC13,0.026797263465154784
RN7SL582P,0.02678080842909336
KIF4B,0.026777465301425527
AMOTL2,0.026763268685621247
TUSC7,0.02674824449144956
RN7SL863P,0.026745940280514267
BFSP2,0.026734772236099852
SNORD112|ENSG00000253076.1,0.026727920296481706
TOPBP1,0.026720536641499947
SNORA33|ENSG00000201827.1,0.026719969687614066
CDV3,0.026719969687614066
CD96,0.02670932958274731
ABLIM3,0.02669263951769382
AFAP1L1,0.026683284440543308
ACAD11,0.026656243509500674
CNOT8,0.02664753645992341
RN7SL177P,0.02664733684037481
RN7SKP145,0.026646811189134274
PRELID2,0.02662678547949462
TFP1,0.02662433410985438
FAXDC2,0.026622531175876544
SH3TC2,0.02659695786750441
ADRB2,0.02659695786750441
SOX30,0.026587827921482267
PLXND1,0.026587152366217007
CD200R1L,0.026581058038077837
HAVCR2,0.026577023789953254
MED7,0.026577023789953254
ITK,0.026577023789953254
FAM71B,0.026577023789953254
MIR4788,0.02657366190462824
ACPP,0.02655635858429929
snoU13|ENSG00000238701.1,0.026549336214881113
IFT122,0.026543760914215415
LARP1,0.026539595124586052
KIAA2018,0.026536963950522217
RN7SL767P,0.026536963950522217
RN7SL752P,0.026535313047595797
H1FOO,0.026535313047595797
RHO,0.026535313047595797
SLC9C1,0.026532008308779994
HAVCR1,0.026528169841008864
CD200R1,0.026522865256224274
C3orf17,0.026522865256224274
GTPBP8,0.026522865256224274
MIR584,0.026486845144599484
ACKR4,0.026481506637851183
PCYOX1L,0.026477645985401473
GRPEL2,0.026477645985401473
GEMIN5,0.026477354923557433
MRPL22,0.026477354923557433
MIR378H,0.02645458655268779
RN7SL439P,0.02644582090603788
MIR1303,0.02644582090603788
MBD4,0.026435787467238517
GADL1,0.026431592004736236
CCDC80,0.026422286557092008
GRXCR2,0.026379866365451046
GRIA1,0.026377686057161637
PLCXD2,0.026350583975826514
MIR3660,0.02632745324102007
NAA50,0.02630976904406659
ATP6V1A,0.02630976904406659
MBLAC2,0.02629858841942401
ATG3,0.02629447233429495
FNDC9,0.0262927538103849
CYFIP2,0.0262927538103849
NIPAL4,0.0262927538103849
MIR3141,0.026287158591860166
UBA5,0.026263961941115382
SLC35A5,0.026229206662081034
MIR5704,0.026216621291644475
NEK11,0.02621584664178057
HGD,0.0261937639198218
BTLA,0.02618944908134597
CD200,0.02618944908134597
GRAMD1C,0.026187896643953813
ABHD10,0.026186115987557348
LYSMD3,0.026172890245577965
POLR3G,0.026172890245577965
PLCL2,0.026160304405812
FAM114A2,0.026159126136070066
NDUFB4,0.026151112489388798
TICAM2,0.02613137543180213
TMPRSS7,0.026105160135650746
PHLDB2,0.026091242586946166
DNAJC13,0.026090949585710854
TMED7,0.02608529661371485
MAP3K1,0.0260551916246641
SETD9,0.026052980676090548
snoU13|ENSG00000238717.1,0.026038521948042688
TAGLN3,0.026006560103483307
MRPL3,0.0259702152740745
SNORA58|ENSG00000249020.1,0.0259702152740745
KALRN,0.025963664430660404
NUDT16P,0.02595864604675967
NUDT16,0.02595864604675967
HMHB1,0.025957273998637342
FGF1,0.02594839291904231
LARS,0.02594247219469866
C3orf52,0.025920481416462186
GCSAM,0.025920481416462186
RN7SL87P,0.025915569978843166
YIPF5,0.025915569978843166
PLAC8L1,0.02588657430479417
HAND1,0.025870476268758345
SH3RF2,0.0258683931262129
MIR567,0.02586765153770604
SAP30L,0.025866800920598367
RABL3,0.025836260607256623
COX7C,0.02582887796369196
MIR3607,0.02582887796369196
NR3C1,0.02582476303175911
FEM1C,0.025821966029571698
SPRY4,0.025810885597829326
POLK,0.025803310613437155
TGFBR2,0.025800919060641088
ZBED2,0.02577188155539812
MIR5197,0.025752590812923585
MIR4796,0.02574887409406643
ADAM19,0.025737788937809522
ZNF80,0.02570546222113066
QTRTD1,0.025676388787478487
ATG12,0.025659034675655282
AP3S1,0.025658048553089223
AQPEP,0.025658048553089223
ARL14EPL,0.025658048553089223
ZNF385D,0.025649493552695378
CDO1,0.025638523326281016
PCDHB13,0.025626492630975013
PCDHB15,0.025626492630975013
PCDHB14,0.025626492630975013
PCDHB18,0.025626492630975013
PCDHB12,0.025626492630975013
PCDHB11,0.025626492630975013
PCDHB10,0.025626492630975013
PCDHGA9,0.025623159299928536
PCDHGA12,0.025623159299928536
PCDHGA8,0.025623159299928536
PCDHGA10,0.025623159299928536
PCDHGB7,0.025623159299928536
PCDHGB6,0.025623159299928536
PCDHGB1,0.025623159299928536
PCDHGA11,0.025623159299928536
PCDHGB2,0.025623159299928536
PCDHGA2,0.025623159299928536
PCDHGB4,0.025623159299928536
PCDHGA7,0.025623159299928536
PCDHGA6,0.025623159299928536
PCDHGB3,0.025623159299928536
PCDHGA5,0.025623159299928536
PCDHGA4,0.025623159299928536
PCDHGA3,0.025623159299928536
PCDHGA1,0.025623159299928536
CCDC112,0.025621107804114227
RNF14,0.025619500125506515
GNPDA1,0.025619500125506515
PCDH1,0.025619500125506515
PCDH12,0.025619500125506515
KIAA0141,0.025619500125506515
U3|ENSG00000199927.1,0.02561083702179245
RGMB,0.02560775622606797
MEF2C,0.025578945167591606
PPP2R2B,0.025578746082913068
DRD3,0.025549063078730574
LINC00903,0.025548159464571507
ANKDD1B,0.025547135321772246
NDFIP1,0.02553701844348023
MIR568,0.0255368363059481
TIGIT,0.0255368363059481
ARHGAP26,0.02553672559496059
KIAA1407,0.025504712816870532
RN7SKP246,0.025482829514349558
PVRL3,0.025480862087255897
CHD1,0.025469716429412023
PCDHAC2,0.02545696919711691
PCDHAC1,0.025450030480152014
PCDHA1,0.025450030480152014
PCDHA2,0.025450030480152014
PCDHA3,0.025450030480152014
PCDHA4,0.025450030480152014
PCDHA10,0.025450030480152014
PCDHA13,0.025450030480152014
PCDHA11,0.025450030480152014
PCDHA5,0.025450030480152014
PCDHA9,0.025450030480152014
PCDHA12,0.025450030480152014
PCDHA6,0.025450030480152014
PCDHA7,0.025450030480152014
PCDHA8,0.025450030480152014
PCDHB1,0.025448207647529884
GAP43,0.025437516056697182
ATXN7,0.025436047546779472
C3orf49,0.025431147040619925
THOC7,0.025431147040619925
TMEM161B,0.025418360702743725
RNA5SP187,0.025418360702743725
RELL2,0.025411057721040867
ARAP3,0.025411057721040867
HDAC3,0.025411057721040867
FCHSD1,0.025411057721040867
HACL1,0.02540255728838846
CAND2,0.025398546474114568
RPL32,0.025398546474114568
SNORA7A,0.025398546474114568
PCDHGC5,0.025395027673260608
PCDHGC4,0.025395027673260608
PCDHGC3,0.025395027673260608
DIAPH1,0.025394135749599825
MIR4447,0.025385015854241612
RNA5SP134,0.0253824260049005
SNTN,0.02538142979473831
RN7SKP117,0.025352408262121286
RNU6ATAC15P,0.025332720783242838
PCDHGB8P,0.025329356101998275
SLC25A2,0.025329356101998275
TAF7,0.025329356101998275
KCTD16,0.02532669344138844
LINC00901,0.02529314304049123
DAZL,0.025291115928852817
PCDHA14,0.025280764035811167
PCDHB2,0.025265529936290478
PCDHB7,0.02526397006968599
PCDHB16,0.02526397006968599
PCDHB6,0.02526397006968599
PCDHB17,0.02526397006968599
PCDHB4,0.02526397006968599
PCDHB8,0.02526397006968599
PCDHB5,0.02526397006968599
RN7SL815P,0.02522296686532041
LINC00461,0.0252225195787361
MIR4280,0.025221653395141017
RN7SKP34,0.025221653395141017
SNORA70|ENSG00000206958.1,0.02521881589715714
CKMT2,0.025168427906643354
SLCO6A1,0.02516291145055033
RN7SL378P,0.025151116182101675
GCNT4,0.025146062448850332
NSA2,0.02514349376646493
FAM169A,0.02514349376646493
SNORA40|ENSG00000212363.1,0.02514349376646493
CCNH,0.025137137770981054
NR1I2,0.02512535291476712
HMGCR,0.025121779439788265
PIK3R1,0.025120542511531743
SLCO4C1,0.025120116523144727
POC5,0.025119425809881687
RN7SL68P,0.02511093522035241
VCAN,0.02510520247788246
FER,0.02508080948010645
SYNPR,0.025074132096753975
GPR156,0.02507266503755885
ANKRD31,0.02506698287345951
IQSEC1,0.025063337762547506
RN7SL762P,0.025063167600239834
RN7SL397P,0.025063167600239834
CPNE4,0.025058218870634717
PAM,0.025007018135513377
PJA2,0.02497206300830604
ZCCHC9,0.024966613102669677
SSBP2,0.024952079139312206
RNA5SP188,0.02495120447951251
RN7SKP68,0.02495120447951251
ALDH1L1,0.024944789356984482
GSK3B,0.02490946097824808
LINC00492,0.02490910729548849
LINC00491,0.02490910729548849
S100Z,0.02490731801960172
ACOT12,0.024901900227597244
TMEM167A,0.024901392464800116
RN7SKP230,0.024873284963087387
CRHBP,0.024866009747952514
RNU6ATAC36P,0.024866009747952514
AGGF1,0.024866009747952514
SNORA47,0.024866009747952514
ZBED3,0.024866009747952514
UTP15,0.02484657797743143
FBLN2,0.024832983658530882
snoU13|ENSG00000238688.1,0.02482511303039032
RN7SL208P,0.02482511303039032
F2RL1,0.02482511303039032
F2R,0.02482511303039032
SCARNA18|ENSG00000238835.1,0.02480928429340329
MAATS1,0.02480697784433485
BTF3,0.024794057383169744
CSNK1G3,0.024739203948270356
LUCAT1,0.024731414575824607
GFM2,0.02469288116558441
FBLL1,0.024674436496217835
MIR103A1,0.024674436496217835
RARS,0.024674436496217835
PANK3,0.024674436496217835
ANKRA2,0.024655945902354225
ENC1,0.024651967431496828
RN7SKP122,0.02464079031671545
CCDC37,0.02463739930955119
KLF15,0.02463739930955119
MAN2A1,0.02463156071966613
RN7SL782P,0.024629165295791573
NUDT12,0.02460014071158195
F2RL2,0.024568479660409082
IQGAP2,0.024568038709601555
TENM2,0.024547739533905776
HEXB,0.02451392166116091
CD180,0.02450671678268635
MIER3,0.024504268472181335
KAT2B,0.02449896667527772
RN7SL814P,0.024498760461407042
RNA5SP186,0.024491598019127748
NREP,0.02448692717604967
XRCC4,0.02447272716411494
SNCAIP,0.02445154914774025
FOXD1,0.024443120323749467
RN7SL255P,0.024440078379839865
PRSS45,0.02442141537907113
PRSS44,0.02442141537907113
PRSS42,0.02442141537907113
RPS23,0.024396281981589128
LOX,0.02439297057076267
HAPLN1,0.024382046702229997
TDGF1,0.024377319298667106
ZNF474,0.024357469268381834
UROC1,0.02434423643661062
ZXDC,0.02434423643661062
WDR41,0.02433519904519454
PDE8B,0.02433519904519454
CHST13,0.024324258328889382
C3orf22,0.024324258328889382
CEP120,0.02429685143718868
PRSS50,0.024287685631484902
PRSS46,0.024287685631484902
SRP19,0.024279173259493674
REEP5,0.024278341399851085
C3orf56,0.024258747088046234
PCDHB3,0.024257693963661373
RAB5A,0.02425228847730618
EFHB,0.02424878415868275
PP2D1,0.024237782619927456
ARHGEF28,0.02422475970872339
TSLP,0.024215067768325958
WDR36,0.024215067768325958
OTP,0.024199550818110722
DCP2,0.024186098054728215
RN7SL689P,0.02417930585385916
PPIC,0.02417930585385916
snoU13|ENSG00000239103.1,0.02417930585385916
SGOL1,0.02417291903002257
MIR3135A,0.02417291903002257
RN7SL711P,0.024156622720833524
PRDM6,0.024156622720833524
IL13,0.02414799607941573
IL4,0.02414799607941573
ALS2CL,0.02414327472208458
TMIE,0.02414327472208458
SNORD77|ENSG00000251967.1,0.02414327472208458
TBCA,0.024122454978922542
ZRSR1,0.024107036485480262
LSAMP,0.024093768394266073
DTWD2,0.02408692249691539
snoU13|ENSG00000239011.1,0.02408692249691539
MIR5706,0.024083540876479438
snoU13|ENSG00000252295.1,0.024061566055842434
SNX2,0.024061566055842434
SNX24,0.024061566055842434
SLC22A5,0.024059041847455807
P4HA2,0.024059041847455807
SLC22A4,0.024059041847455807
PDLIM4,0.024059041847455807
C5orf56,0.024059041847455807
IRF1,0.024059041847455807
MIR3936,0.024059041847455807
SNORA40|ENSG00000253065.1,0.024044707580123375
SRFBP1,0.024035952565918717
ATP10B,0.024005735840453468
FTMT,0.023983057624640137
MIR585,0.02391649583554335
RN7SKP295,0.023893901470122644
SCAMP1,0.02388097267868794
PART1,0.023873116681961407
IL5,0.023870554977827186
RAD50,0.023870554977827186
FLJ11235,0.02384609525360065
DMXL1,0.023840298405154673
RBMS3,0.02383754449083778
SNORA13,0.02383466389119855
RN7SKP60,0.023778741440524453
STARD4,0.023761947401778075
RN7SKP57,0.02375277789083803
ADAMTS6,0.023732413041401872
LHFPL2,0.023689794046576156
KIF3A,0.023665274142073377
CCNI2,0.023665274142073377
AP3B1,0.023644182095045478
SNORA31|ENSG00000252337.1,0.023635264142249212
SPZ1,0.023598491048440536
RN7SL103P,0.023598111098001553
CCNB1,0.023598111098001553
snoU13|ENSG00000238334.1,0.023598111098001553
CENPH,0.023598111098001553
SNORA50|ENSG00000220986.1,0.023598111098001553
SEMA6A,0.02359402015337389
TMEM174,0.023580444561263063
SERINC5,0.023578380475874117
CENPK,0.02357515436520643
PPWD1,0.02357515436520643
SNORA57|ENSG00000212529.1,0.02357353399293597
UBTD2,0.02357353399293597
APC,0.02356751980973757
DHFR,0.02356683651830035
MTRNR2L2,0.02356683651830035
ZFYVE16,0.023562881942162793
ANKRD34B,0.023562881942162793
FAM151B,0.023562881942162793
KCNH8,0.023532220182872075
snoU13|ENSG00000238796.1,0.02352874696692606
MSH3,0.02352270297071103
H2AFY,0.023513285760390114
MAT2B,0.023482276981814747
GOLGB1,0.02348227286760784
ARGFX,0.02348227286760784
snoU13|ENSG00000238670.1,0.02348227286760784
RN7SL172P,0.02348227286760784
FBXO40,0.02348227286760784
HCLS1,0.02348227286760784
CCNG1,0.023481837217088873
POLQ,0.023470967470319116
SNORA31|ENSG00000251828.1,0.02346937592965391
CBLB,0.023443846158962844
MIR2277,0.02343500858184939
EFCAB9,0.0234295636531163
STK10,0.0234295636531163
FBXW11,0.0234295636531163
UQCRQ,0.02342177956275924
SHROOM1,0.02342177956275924
LEAP2,0.02342177956275924
RNA5SP192,0.02342177956275924
GDF9,0.02342177956275924
ZNF608,0.023398516481182564
FSTL1,0.023379881557158488
FBXL17,0.023360059321660142
LRRC58,0.023356602767408568
STXBP5L,0.023344536753767985
SEPT8,0.02333113995768639
SOWAHA,0.02333113995768639
ZBTB20,0.02332764238276719
RNA5SP193,0.023307713793308357
CXCL14,0.023303247630317558
TNPO1,0.02325164724225063
MIR4804,0.02325164724225063
PITX1,0.023245956897479082
HMMR,0.023231880943695146
NUDCD2,0.023231880943695146
VDAC1,0.023212733531753144
C5orf15,0.023212733531753144
JMY,0.023196816923104064
PKD2L2,0.023191532477970112
MYOT,0.023191532477970112
ARSB,0.023188674031525046
NR2F1,0.02318659622398628
TMEM171,0.023175297638604295
FCHO2,0.023175297638604295
DEPDC1B,0.023163357659271744
SH3PXD2B,0.023156900598907498
SAR1B,0.023110134949379014
C5orf24,0.023107463453700034
TXNDC15,0.023107463453700034
CATSPER3,0.023107463453700034
MIR4461,0.023107463453700034
PCBD2,0.023107463453700034
BHMT,0.023081699365618786
RNY3P1,0.023081699365618786
SNORA18|ENSG00000206592.1,0.023081699365618786
TCF7,0.023074628560500084
CMYA5,0.023018855056529886
PAPD4,0.023012893401612115
CTNNB1,0.02300859832667596
U8|ENSG00000212249.2,0.023006663408001737
MARVELD2,0.023002556366476214
RAD17,0.023002556366476214
TAF9,0.023002556366476214
RN7SL411P,0.022991447007208083
MYRIP,0.022991447007208083
snoU13|ENSG00000239159.1,0.022990016873717586
SEC24A,0.022989744325312842
GAPT,0.022981893988552365
PLK2,0.022981893988552365
ARRDC3,0.02297743123840123
THBS4,0.022975794740338777
CDK7,0.022951906599920236
MRPS36,0.022951906599920236
CCDC125,0.022951906599920236
SNORA64|ENSG00000202517.1,0.022940325497287525
MIR5692C1,0.02293353240696676
FBXL21,0.02293178225470968
LECT2,0.02293178225470968
IL9,0.02290556248885718
MIR548AE2,0.02287913668367986
RANBP17,0.0228586766596222
TRPC7,0.022857110596065832
SMAD5,0.022852831758483374
DDX46,0.022852792818637103
CAMLG,0.022852792818637103
TGFBI,0.022849586973316675
TIMD4,0.02284933036852681
MIR5003,0.02284167343088433
NEURL1B,0.02284167343088433
GIN1,0.02281756574171703
MTX3,0.022816229341454677
RNA5SP189,0.022808362515684973
ERGIC1,0.022806296206919253
DUSP1,0.022802729087598454
ZNF621,0.022706508434620985
ZNF620,0.022706508434620985
PPIP5K2,0.02269681186450555
C5orf30,0.022695190509243297
ZNF619,0.022690822910737585
RPL14,0.022690822910737585
ENTPD3,0.022690822910737585
XIRP1,0.022652823041702106
CX3CR1,0.02263736418723899
EIF1B,0.022607866940013207
COMMD10,0.022607105335631733
GBE1,0.02260068917407775
CARTPT,0.02259872912066613
C5orf50,0.022596582059100985
ALCAM,0.02256517063448995
MIR548AB,0.022561245878953147
HOMER1,0.02255926084885968
ERCC8,0.02254716741587827
GORASP1,0.022529202576979424
TTC21A,0.022529202576979424
CSRNP1,0.022529202576979424
SGTB,0.022505362751212146
SCN11A,0.022503765230925742
WDR48,0.022503765230925742
SCN10A,0.02247047001163567
TRAPPC13,0.022466404849792405
TRIM23,0.022466404849792405
snoU13|ENSG00000238400.1,0.022457286206296004
C5orf20,0.022455587768659194
TIFAB,0.022455587768659194
MIR548F3,0.022407896983798307
SLC25A46,0.022407896983798307
SNORA51|ENSG00000207177.1,0.022407896983798307
CCR8,0.022404982697567567
MOBP,0.022404982697567567
RPSA,0.022404982697567567
SNORA62|ENSG00000202363.1,0.022404982697567567
SNORA6,0.022404982697567567
SLC25A38,0.022404982697567567
SV2C,0.02238807673146666
SIL1,0.022375660320940863
GPR98,0.022340778050235273
GPRIN1,0.02233919701066137
CDHR2,0.02233919701066137
FAM196B,0.02233910887830993
RN7SL684P,0.022318931983649568
RNF44,0.022318931983649568
FAF2,0.022318931983649568
KCNMB1,0.022309843582037196
FOXI1,0.022292622249522883
MIR378E,0.022292622249522883
LCP2,0.022292622249522883
C5orf58,0.022292622249522883
FGF18,0.022292559750757095
NPM1,0.022292559750757095
MIR3912,0.022292559750757095
RN7SL623P,0.02227903440162095
NEUROG1,0.02225870609854928
SCN5A,0.02224459645287542
TLX3,0.022216470947079455
snoU13|ENSG00000252387.1,0.0222162574348025
WWC1,0.02221531636534483
GABRP,0.022187834859348218
MIR4454,0.02217122147978433
SREK1,0.022167545944366755
TMEM40,0.022165539330556757
TMEM232,0.022122569599050127
CXXC5,0.02211599616004029
UBE2D2,0.02210778116426319
RN7SKP64,0.022096754394707985
MZB1,0.022096754394707985
DNAJC18,0.022096754394707985
SPATA24,0.022096754394707985
PROB1,0.022096754394707985
TMEM173,0.022096754394707985
SLC23A1,0.022096754394707985
PAIP2,0.022096754394707985
RNA5SP195,0.022096754394707985
ECSCR,0.022096754394707985
IGSF11,0.022091237475090526
MAST4,0.02208801987386219
SPDL1,0.022076001548034744
FKSG52,0.022058362271759845
SNORA74A,0.022044295928698443
TAMM41,0.021996766370250588
LRRTM2,0.021981088723003576
MATR3,0.02193782622608549
RAF1,0.021931536076461
DIMT1,0.02191788980756567
CKS1B|ENSG00000268942.1,0.021909182702860904
snoU13|ENSG00000239140.1,0.021885763842698223
SNORA74|ENSG00000252213.1,0.02188536776007595
HARS2,0.021873973781258677
DND1,0.021873973781258677
HARS,0.021873973781258677
ZMAT2,0.021873973781258677
WDR55,0.021873973781258677
SNORA76|ENSG00000252904.1,0.021872833409181586
HNRNPH1,0.02184133285607367
SRGAP3,0.021840820482383845
PPARG,0.021835908639726547
SRA1,0.021819354026449553
MIR3655,0.021819354026449553
IK,0.021819354026449553
SNORD45|ENSG00000200051.1,0.021819354026449553
ANKHD1,0.021819354026449553
EIF4EBP3,0.021819354026449553
TMCO6,0.021819354026449553
NDUFA2,0.021819354026449553
CD14,0.021819354026449553
SNORA27|ENSG00000200235.1,0.021819354026449553
APBB3,0.021819354026449553
SLC35A4,0.021819354026449553
C5orf60,0.021817485368427408
CBY3,0.021817485368427408
RNA5SP194,0.0218162694686482
HBEGF,0.02181581832584051
SLC4A9,0.02181581832584051
CYSTM1,0.02181581832584051
PFDN1,0.02181581832584051
IGIP,0.021794048062446555
PSD2,0.021794048062446555
NRG2,0.021794048062446555
PURA,0.021794048062446555
RNA5SP123,0.021782681661430763
MKRN2,0.021782681661430763
C3orf83,0.021782681661430763
TSEN2,0.021782681661430763
RN7SL147P,0.021765607891693853
TIMP4,0.02176510647442261
SYN2,0.02176510647442261
NLN,0.02172073241304141
SNORA43|ENSG00000199815.1,0.02171455542707446
LRRC70,0.021707616887392985
HMGB3P22,0.021702017971615445
CANX,0.021702017971615445
RAD18,0.021699308248825728
RUFY1,0.02168343273660379
SETD5,0.02166043817729702
THUMPD3,0.02165239503494568
7SK|ENSG00000249352.3,0.02163709558124299
EOMES,0.02162195387705606
BRD8,0.021585509922518852
KIF20A,0.021585509922518852
GFRA3,0.021585509922518852
CDC23,0.021585509922518852
CDC25C,0.021580620793486768
FAM53C,0.021580620793486768
RN7SL682P,0.021580620793486768
KDM3B,0.021580620793486768
MIR582,0.02157072730186011
POU5F2,0.021565762878614458
SLC30A5,0.02156533040299232
ATP6AP1L,0.02152842809364551
ELOVL7,0.02151041111235577
TNFAIP8,0.021494699430736158
RN7SL71P,0.02149417293844744
STC2,0.021491051488493507
BNIP1,0.021490858434065323
RN7SL174P,0.021478965752517884
PCNP,0.02147386272674236
TRMT10C,0.02147386272674236
RN7SL629P,0.021467360328716305
BHMT2,0.02145443837441704
NEK10,0.021429010649586938
CEP97,0.021426438465817352
RPL26L1,0.02141945023363973
SNORA74B,0.02141945023363973
CREBRF,0.02141945023363973
ATP6V0E1,0.02141945023363973
ATG10,0.02139726341654898
snoU13|ENSG00000238312.1,0.021396743185857523
IMPG2,0.021396743185857523
HSPA9,0.02139394734219182
MIR1294,0.02138465244623537
RN7SL655P,0.02138465244623537
MFAP3,0.021374782824522195
DMGDH,0.021368682211858742
IPO11,0.021359454647447627
BOD1,0.02135825197990477
ZPLD1,0.02135568874055383
GPBP1,0.021348454006641423
snoU13|ENSG00000238525.1,0.021339706540762737
SNORD63|ENSG00000206989.1,0.021334994518090303
SNORD63|ENSG00000222937.1,0.021334994518090303
RPL24,0.021322744108429315
ZBTB11,0.021322744108429315
NSG2,0.021314046903450845
ETF1,0.02129946439906205
REEP2,0.02129946439906205
EGR1,0.02129946439906205
CAV3,0.021287803280701588
OXTR,0.021287803280701588
LINC00312,0.02128341843782939
SSUH2,0.021282384904270243
KCNIP1,0.021267027324021057
RN7SL859P,0.021251174865458994
SLC4A7,0.021251174865458994
CTNNA1,0.021233020506014364
CPEB4,0.02121842792269047
C5orf47,0.021218226093061
RASA1,0.021217397288906353
NXPE3,0.0212022433418807
NFKBIZ,0.0212022433418807
ARL8B,0.02119844355985795
RN7SL867P,0.021197039244178414
ULK4,0.021196590301301495
COL4A3BP,0.02118492595991971
ACTBL2,0.021175013368203013
NIT2,0.021122447664400947
TBC1D23,0.021122447664400947
SNORD61|ENSG00000238377.1,0.021122447664400947
TMEM30C,0.021122447664400947
EDIL3,0.02107262215216322
EFNA5,0.021065202536424053
BHLHE40,0.021056470841050723
DDX60,0.02103384494579718
snoU13|ENSG00000238744.1,0.02103384494579718
GPR128,0.021014523116496316
SNORA31|ENSG00000252989.1,0.021014523116496316
TFG,0.021014523116496316
MSX2,0.020965351117741258
MIR4634,0.020965351117741258
snoU13|ENSG00000238745.1,0.02093604788408777
EPB41L4A,0.020924111808398385
RAB3C,0.020921066427691266
snoU13|ENSG00000238605.1,0.020892575553305648
NME5,0.020892575553305648
WNT8A,0.020892575553305648
FAM13B,0.020892575553305648
snoU13|ENSG00000239126.1,0.02088652910788192
DRD1,0.020873281705899156
snoU13|ENSG00000239026.1,0.020873281705899156
RN7SL9P,0.020868518254711206
RN7SL616P,0.020868518254711206
GTF2H2,0.020868518254711206
RN7SL476P,0.020868518254711206
OCLN,0.020868518254711206
GTF2H2B,0.020868518254711206
GTF2H2C,0.020868518254711206
SERF1B,0.020868518254711206
SERF1A,0.020868518254711206
GUSBP3,0.020868518254711206
SMN1,0.020868518254711206
SMN2,0.020868518254711206
NAIP,0.020868518254711206
snoU13|ENSG00000238451.1,0.020868518254711206
snoU13|ENSG00000238740.1,0.020868518254711206
LRRN1,0.02086139117131789
CAMK4,0.02084369663076007
HINT1,0.020812396087271395
LYRM7,0.020812396087271395
TMEM45A,0.020807331732399927
RASGRF2,0.02071650769536647
AFF4,0.020713245531213516
ZCCHC10,0.020713245531213516
SENP7,0.020701493752289475
PMCHL2,0.02068268956815498
MIR3921,0.020677164312751843
LNP1,0.020662138602846405
TOMM70A,0.020662138602846405
CADPS,0.020635968369921813
ZCWPW2,0.020633174916172198
HSPA4,0.020629065382173947
NBPF22P,0.020560019802749116
LINC00693,0.0205418094087072
RNA5SP200,0.020537942772045563
MIR4445,0.020478058211211406
GUCA1C,0.02045600312081394
DPPA2,0.02045600312081394
LINC00488,0.02045600312081394
U3|ENSG00000221633.1,0.02045600312081394
MORC1,0.02045600312081394
RNA5SP170,0.0204502359330808
CSF2,0.020421531227368665
snoZ6|ENSG00000253067.1,0.020421531227368665
IL3,0.020421531227368665
DOCK2,0.020419591895838113
RN7SL776P,0.02040214048379004
BDP1,0.02037755911921526
RN7SKP188,0.02034942816219398
FSTL4,0.020347244694013507
SFXN1,0.02034427747186453
CMSS1,0.020330446904635903
TRAT1,0.020274849624383678
MCCC2,0.020173887826122342
SMIM3,0.020108220376971842
RBM22,0.020107614148184513
MYOZ3,0.020107614148184513
DCTN4,0.020107614148184513
SUMF1,0.02009519579539568
ERBB2IP,0.020085655877689807
ANXA6,0.02006783358592866
ZNF300,0.020036032189894762
IRGM,0.020036032189894762
ZNF300P1,0.020036032189894762
snoU13|ENSG00000239191.1,0.020028834290349434
SYNPO,0.020028552522039826
DZIP3,0.02001315732860622
NDST1,0.020003961833201692
ATG7,0.019996642066084855
DPPA4,0.0199465589297444
VGLL4,0.019937136565079287
SPARC,0.019918833649966904
RN7SKP232,0.019913723397442722
GLRA1,0.01991362093623923
RNA5SP198,0.019913377590880934
RETNLB,0.01989445740002924
PDE6A,0.01985972207398553
SLC26A2,0.01985972207398553
TIGD6,0.01985972207398553
HMGXB3,0.01985766431148206
CAMK2A,0.01985649454607553
ARSI,0.019856182893248243
SLIT3,0.01984850059123423
CMC1,0.019846476251577535
CD74,0.019842171323670693
RPS14,0.019842171323670693
TCOF1,0.019842171323670693
FILIP1L,0.01983240058610444
LINC00635,0.01982862773107072
SLC36A2,0.019802096185454754
SLC36A3,0.019802096185454754
RNA5SP171,0.019784141225397886
CPLX2,0.019781760744137063
NMUR2,0.019780032872969432
PDGFRB,0.019742066727858776
CSF1R,0.019742066727858776
snoU13|ENSG00000238369.1,0.019742066727858776
CDX1,0.01974189595918629
SLC6A7,0.01974185753623498
RN7SKP148,0.019739701204396373
CDKN2AIPNL,0.019739629127184095
UBE2B,0.019739629127184095
KIAA1524,0.01972906573501192
CD47,0.01971476965352653
SKP1,0.01969969603933129
MIR3661,0.01969969603933129
CDKL3,0.01969969603933129
PPP2CA,0.01969969603933129
LINC00636,0.01969782317491186
AZI2,0.019693855757826458
TLL1,0.019690172245912102
PHF15,0.01968857801487165
RN7SL541P,0.01968857801487165
CCDC69,0.019685106837150735
U3|ENSG00000221043.1,0.019683185689585235
RN7SL868P,0.019683185689585235
MIR378A,0.019683185689585235
SLC25A48,0.01965707014555431
IL5RA,0.01960025676495113
CRBN,0.01960025676495113
SNORA43|ENSG00000253049.1,0.01960025676495113
TRNT1,0.01960025676495113
MYH15,0.01958269152991593
PPARGC1B,0.01955328196042435
GFPT2,0.01954894514767932
MAPK9,0.01954894514767932
SCGB3A1,0.01954727806734508
CNOT6,0.01954727806734508
SNORA70|ENSG00000202379.1,0.019533343659555915
ITPR1,0.019530271485676202
IFT57,0.019484540784276593
BBX,0.01940415652520558
LINC00606,0.019337856098838955
HRH2,0.01932676949260716
RNF130,0.01931693141391579
CNTN4,0.019316251989691523
MIR340,0.01930666418466122
EGOT,0.01929649215337921
ZNF879,0.019283717129889095
ZNF354C,0.019283717129889095
GRM6,0.019281659472709316
HHLA2,0.019249929007219762
G3BP1,0.01923502123462089
ATOX1,0.01923502123462089
DDX60L,0.01922236666644331
SNORA51|ENSG00000207171.1,0.019221991409291653
RN7SKP150,0.019216364689335665
MIR4790,0.019198336608326084
RN7SL553P,0.019198336608326084
CCDC54,0.019185045908664565
GALNT10,0.019177889834063468
SETMAR,0.019168503405137267
CNTN6,0.019107547563101637
RN7SKP144,0.019107547563101637
CHL1,0.019107547563101637
RN7SL120P,0.019107547563101637
ADAMTS2,0.01905896102062928
LTC4S,0.019039339786547538
MGAT4B,0.019039339786547538
SQSTM1,0.019039339786547538
MIR1229,0.019039339786547538
RNU4ATAC17P,0.019014564697103425
GRM7,0.0190030121304225
ATP2B2,0.0189526396587702
EDEM1,0.018951894164419888
LINC00882,0.018813117109491167
PDE4D,0.018715057227317526
SLC36A1,0.018685222432322825
LMCD1,0.01868488201730838
MIR885,0.01867465504720406
HRH1,0.018667478091528734
RN7SL339P,0.018646834346454543
SNORA70|ENSG00000206909.1,0.018646834346454543
NEK1,0.01860285232969578
FAT2,0.01858703184028068
RNA5SP197,0.018576561602974037
SH3RF1,0.018574686224712034
RNY4P17,0.018566410464313714
LINC00883,0.018565424047848444
CLCN3,0.018555331542734237
HTR4,0.0184130821684964
SPINK9,0.01836886035954965
FBXO38,0.01836886035954965
MIR378B,0.01829579070259138
SEC13,0.018293777520384615
GHRL,0.018293777520384615
GHRLOS,0.018293777520384615
LINC00852,0.018293777520384615
PDCD6IP,0.01824466354908967
CLASP2,0.01824466354908967
RNA5SP128,0.01824466354908967
UBP1,0.0182401331932722
BRK1,0.01824010185415
snoU13|ENSG00000238642.1,0.01824010185415
OSBPL10,0.018239577545334004
snoU13|ENSG00000238345.1,0.018227480396753162
VHL,0.018227480396753162
IRAK2,0.018227480396753162
SPATA4,0.018212567348263545
HMGB2,0.01819595764494878
GALNT7,0.018190590832269857
TNIP1,0.01818972725769165
STT3B,0.018188543107329286
RNA5SP199,0.018173768781720792
MIR548T,0.01814375883834028
ARPP21,0.018142294542077157
TATDN2,0.01814138238511532
RASGEF1C,0.018141352703238182
BTNL8,0.01814126298159959
SCRG1,0.01810753630186597
SAP30,0.01810753630186597
MIR578,0.018096612161300082
MSMO1,0.018096612161300082
CPE,0.018096612161300082
FBXL2,0.01809156429089994
HPGD,0.018064684579036334
SPOCK3,0.018059263221145917
ASB5,0.018050347289840955
WDR17,0.018047283349561825
MIR4276,0.01803780912634083
snoU13|ENSG00000238646.1,0.01803720002109028
GPD1L,0.01803720002109028
CEP44,0.018036684717000647
FBXO8,0.018036684717000647
SUSD5,0.018024436341808652
CNOT10,0.018022156968514634
CCR4,0.018022156968514634
TRIM71,0.018022156968514634
CMTM7,0.018022079907851676
CMTM6,0.018022079907851676
DYNC1LI1,0.018022079907851676
KLHL2,0.018014619077997528
RN7SL253P,0.01800570482530266
FAM218A,0.01800009401336334
TRIM61,0.01800009401336334
CMTM8,0.017978163441610316
TRIM60,0.017960897156095768
SNORA25|ENSG00000201701.1,0.01795210882587941
SNORA51|ENSG00000201516.1,0.017936241480038945
C4orf45,0.017932169403404287
SPCS3,0.01792268094774424
TRIM36,0.017915202365089953
MGAT1,0.01788354505147779
OR2Y1,0.01788354505147779
LINC00847,0.01788354505147779
ZFP62,0.01788354505147779
ANXA10,0.017879969778790663
C3orf35,0.017878552395167085
GM2A,0.017852871313175058
PGGT1B,0.017850495502998005
GPX3,0.017849639792452746
C4orf27,0.01781576223369349
ZNF860,0.017803170843489795
EPM2AIP1,0.01779913529824503
RNA5SP129,0.017797553526742078
GOLGA4,0.017797553526742078
snoU13|ENSG00000238929.1,0.017797553526742078
SLC22A14,0.017797468354430388
SLC22A13,0.017797468354430388
HSPD1P6,0.017796470621636182
RN7SKP227,0.017796470621636182
DCLK3,0.017796470621636182
EXOG,0.017793331413576446
ACVR2B,0.017793120510709384
XYLB,0.017793120510709384
MLH1,0.01775849593809188
NEIL3,0.017750152547874078
FLT4,0.01771254308507855
FNIP2,0.01770810962626225
ISX,0.01768958550891542
RNU6ATAC4P,0.017668099724609514
MYD88,0.01766765358392921
OXSR1,0.01766765358392921
ACAA1,0.01766765358392921
STK32A,0.017658672607099916
VEGFC,0.017646316131126254
C5orf64,0.017628477566679675
DPYSL3,0.017579659669150406
LRRFIP2,0.01756274157503883
SMIM15,0.017519255162049868
RNF180,0.017503864452192434
TRANK1,0.017501275556763275
RN7SL169P,0.017498643147896883
RGS7BP,0.017498643147896883
MIR3909,0.01749796107462227
HMGXB4,0.01749796107462227
FAM159B,0.017494873160091375
SREK1IP1,0.017494387956649437
MTHFD2P1,0.017480339696049948
MAML1,0.01747151337973933
snoU13|ENSG00000252388.1,0.01745585848750405
RN7SKP136,0.01744896256044033
NDUFAF2,0.017448907702436792
KIAA0825,0.017431797821868895
MIR4638,0.01742851054603096
TRIM52,0.01742851054603096
TRIM7,0.01742851054603096
SNORD95|ENSG00000264549.1,0.01742851054603096
OR4F3,0.01742851054603096
OR2V2,0.01742851054603096
OR2V1,0.01742851054603096
BTNL3,0.01742851054603096
GNB2L1,0.01742851054603096
BTNL9,0.01742851054603096
TRIM41,0.01742851054603096
SNORD96A,0.01742851054603096
PLCD1,0.01740685861617612
MIR26A1,0.01740685861617612
DLEC1,0.01740685861617612
VILL,0.01740685861617612
AGA,0.017393151574164226
RNA5SP172,0.017393151574164226
CRTAP,0.01737845677516204
RN7SL296P,0.01737845677516204
GLB1,0.01737845677516204
TMPPE,0.01737845677516204
TBC1D9B,0.017351458350467665
C5orf45,0.017341024471576923
CWC27,0.017312887518678186
FAM198B,0.017301438871975626
RN7SKP157,0.01725929074103853
ERAP2,0.017259177215189866
PALLD,0.017249581571802248
TMEM144,0.017223938471398793
LNPEP,0.017213661022521785
SLC6A1,0.017201498152113713
KCNN2,0.017195777128911
DCBLD2,0.01718780276486646
SLC6A11,0.01717769473083699
FAM81B,0.01717403716671156
CBR4,0.01715315091930223
TTC37,0.017116480556879164
GPR150,0.01711592533510121
ARSK,0.01711592533510121
SPATA9,0.017091764900868063
RN7SKP89,0.017089360379010387
TSSK1B,0.01706389663947369
U3|ENSG00000251979.1,0.017060593484125353
RHOBTB3,0.017034237295158395
RN7SKP13,0.017027371709959667
RNU4ATAC13P,0.01700535949530735
YTHDC2,0.017004729447767406
ST3GAL6,0.017000215238915196
RIOK2,0.016989765688122795
C5orf27,0.016973150469245267
ELL2,0.016967217054424166
OR5H14,0.0169533367480942
OR5H1,0.0169533367480942
OR5H15,0.0169533367480942
GLRX,0.01694942095340696
HTR1A,0.016936146368273716
TMA16,0.01692687635852193
MCC,0.01692267660018372
PMM1,0.016915827937413055
CSDC2,0.016915827937413055
LIX1,0.016886815715929624
GABRR3,0.01688393173384484
DESI1,0.01687360235645707
NAF1,0.016871256872522684
TKTL2,0.016853011123897206
COL8A1,0.01683858171177602
ABI3BP,0.016832977326351233
LINC00879,0.016828495452737346
MINA,0.016824667469498757
LINC00973,0.016820814965371047
NPY1R,0.016813975194987847
NPY5R,0.01681082342411457
FAM172A,0.016802514614903317
CRYBG3|ENSG00000080200.5,0.01679890418871278
OR5AC2,0.016781799506312783
OR5AC1,0.016781799506312783
XRCC6,0.016771327482266465
OR5H6,0.016762667763749423
OR5H2,0.016762667763749423
HSP90AA6P,0.016762305923655057
POLR3H,0.016742657540834382
ACO2,0.016731489273998267
CLDND1,0.01672132826931564
GPR15,0.01672132826931564
OR5K2,0.01672132826931564
CLDN24,0.0167198117921386
ING2,0.0167198117921386
CLDN22,0.0167198117921386
snoU13|ENSG00000238596.1,0.0167198117921386
CDKN2AIP,0.0167198117921386
ZC3H7B,0.016718805283135515
OR5K1,0.016716985347406517
MIR583,0.016708326254946226
snoU13|ENSG00000239116.1,0.016707760302655396
CPOX,0.016704686759264797
RWDD4,0.01670332278481014
STOX2,0.01670332278481014
TRAPPC11,0.01670332278481014
OR5K3,0.01670113667943571
ENPP6,0.01669784429428
RN7SL101P,0.016690433731887232
MLF1IP,0.016676144475111836
CASP3,0.016676144475111836
CCDC111,0.016676144475111836
TTC28,0.016675773113283145
STAC,0.016673881758641936
THOC5,0.01665428452060718
CRYBG3|ENSG00000233280.2,0.016644310881280763
DHFRL1,0.01662675664924778
ANKRD32,0.016606815598021917
MIR1305,0.016575872037689152
snoU13|ENSG00000238899.1,0.01656873484214837
KIF2A,0.016568708983283196
MTRNR2L12,0.016550943509320685
ZSWIM6,0.016546641417034207
OR5H8P,0.016542846166840156
OR5K4,0.016542846166840156
CYP4V2,0.016538552738683692
KLKB1,0.016538552738683692
MND1,0.01649710599593869
SPINK7,0.01647762601118973
CAST,0.016463887062304783
TEF,0.01645913127114712
ERAP1,0.01644470655926352
TMEM192,0.016434473602963892
RNA5SP127,0.016425174013921125
CDC42SE2,0.016422468354430383
TLR2,0.01642042704799428
ARL6,0.016394426674368048
NSUN3,0.01637880686802858
SGCD,0.0163503067283881
CHEK2,0.016318986613450655
RN7SL419P,0.016305785576186508
AP1B1,0.01628730449990682
RAPGEF6,0.016276217753565157
THOC3,0.01626451133060502
PCSK1,0.016256427749465716
PHF5A,0.016240931418855072
TOB2,0.016240931418855072
HIGD2A,0.01623833254885614
CLTB,0.01623833254885614
NOP16,0.01623833254885614
MIR1271,0.01623833254885614
ARL10,0.01623833254885614
KIAA1191,0.01623833254885614
FAM153B,0.016224779657728405
SIMC1,0.016224779657728405
FRMD4B,0.016216084665879864
XBP1,0.016214999303687506
CTDSPL,0.01619683951678012
FNIP1,0.016186873097260076
ZNRF3,0.016184940593551408
FEZF2,0.016169415811248054
ACSL6,0.016162806441275445
ITGA9,0.016128748768618875
RFPL2,0.01608866862785787
FAM149A,0.01608045583776705
SNORA31|ENSG00000253013.1,0.01608045583776705
RNA5SP167,0.016078780572451466
CCDC117,0.016061114246553234
HSCB,0.016061114246553234
RNU6ATAC13P,0.016060513806548098
SLC5A4,0.016046718666715493
RFPL1S,0.015981001663820337
RFPL1,0.015981001663820337
MTNR1A,0.015961888099893625
ALDH7A1,0.015948146280857795
C5orf48,0.015948146280857795
PHAX,0.015948146280857795
RN7SL305P,0.015926312919855634
GRAMD3,0.015921389528193327
MARCH3,0.015882384716495293
LMNB1,0.015877231395286004
EPHA6,0.015873755997293792
C3orf14,0.015853400121269998
NEFH,0.015803485960141594
RANGAP1,0.015794406849526814
CHADL,0.015794406849526814
ARAP2,0.01578919032166906
RNA5SP190,0.015786378928976386
snoU13|ENSG00000239084.1,0.015786378928976386
RFPL3,0.0157270689143057
CABP7,0.015702572566564814
ZMAT5,0.015702572566564814
C5orf63,0.01569821200280892
HSD17B4,0.015693377200319707
RN7SKP105,0.015686177735958477
FBXO7,0.015685985620643772
RFPL3S,0.01568595713861389
RTCB,0.01568595713861389
BPIFC,0.015685672318315157
KIAA0922,0.01568318724732496
UQCR10,0.01566844445656918
ASCC2,0.01566844445656918
MEGF10,0.015665513081369185
NHP2L1,0.01565238807780968
C22orf24,0.01564775866769202
snoU13|ENSG00000238910.1,0.01564775866769202
YWHAH,0.01564775866769202
FAM170A,0.015599907061469541
snoU13|ENSG00000239067.1,0.015599907061469541
PRR16,0.015581465567297654
RN7SL802P,0.015580150138342286
SNORD42|ENSG00000201209.1,0.015542890853738457
SETD7,0.015535543673311033
RN7SL162P,0.015534500589940424
GPR125,0.015530481230122422
ACA64|ENSG00000239005.1,0.015522479266695775
RAB33B,0.015520339250206131
SYN3,0.015483986995918925
RN7SKP237,0.015444183762549107
MGST2,0.01543719991270188
RN7SKP253,0.01542780930210001
snoU13|ENSG00000238383.1,0.01541123836793129
RNA5SP497,0.0153825177300636
GBA3,0.015375080416443917
AADAT,0.015334569655188476
MFAP3L,0.015334569655188476
SNORD125,0.015328102438559572
WWC2,0.015326584445058317
RASL10A,0.015323466463392275
RN7SL757P,0.015322169378450424
ST8SIA4,0.015319900725440207
MIR548P,0.015319900725440207
RN7SKP62,0.015319900725440207
LINC00290,0.015312041294963271
IRF2,0.015303878715003001
C22orf31,0.015290479576055643
MCTP1,0.01528088751985367
FAM92A1P2,0.015264528254876163
snoU13|ENSG00000238319.1,0.015264528254876163
DCTD,0.015264528254876163
U3|ENSG00000252048.1,0.015264528254876163
RN7SKP67,0.015264528254876163
LINC00971,0.015263255338192049
TENM3,0.015230512991339106
KREMEN1,0.015222823657033119
MEI1,0.015209714077728797
C22orf46,0.015203542686132566
RNU6ATAC22P,0.015203542686132566
EMID1,0.015188392837509975
EWSR1,0.015188084994099656
GAS2L1,0.015188084994099656
RHBDD3,0.015188084994099656
RAPGEF2,0.015185486373412379
FAM174A,0.015183827481593458
MIR4801,0.015177156722308302
NIPSNAP1,0.015166633599195798
RN7SL152P,0.015157597361656703
UCP1,0.015157597361656703
ELMOD2,0.015157597361656703
RN7SL28P,0.015147381420516418
F11,0.01514550733115592
TBC1D9,0.015144060090208038
RFESD,0.01510365752070522
SNORD112|ENSG00000252300.1,0.015082945341675154
SCOC,0.01508201779911732
FHIT,0.015077713847334117
CLGN,0.015069038265677267
SNORD79,0.015068084691506478
RNF150,0.015032900480139652
snoU13|ENSG00000238695.1,0.015032900480139652
ZNF330,0.015032900480139652
PITPNB,0.015029446038659307
MN1,0.01501800077161913
L3MBTL2,0.014977955878911304
U3|ENSG00000212211.1,0.014901033115969827
NPCDR1,0.014901033115969827
IL15,0.014897248896648703
HSP90AA4P,0.014877275880006932
FRG2,0.014877275880006932
ZFP42,0.014877275880006932
TRIML2,0.014877275880006932
TRIML1,0.014877275880006932
RNA5SP175,0.014877275880006932
RNA5SP174,0.014877275880006932
DUX4L2,0.014877275880006932
DUX4L7,0.014877275880006932
FRG1,0.014877275880006932
DUX4,0.014877275880006932
DUX4L6,0.014877275880006932
DUX4L5,0.014877275880006932
DUX4L4,0.014877275880006932
DUX4L3,0.014877275880006932
PTPRG,0.014826602736223007
TIMP3,0.01476648397478933
NDST4,0.014726128087290706
GALNTL6,0.014707332557995806
DDX4,0.014682485903198936
MIR4764,0.014639747079574718
RNA5SP183,0.014627701506700177
DTHD1,0.014615224617811673
SNORA76|ENSG00000253007.2,0.014566731361563084
MIR302C,0.014552897148539318
MIR302B,0.014552897148539318
MIR302D,0.014552897148539318
MIR302A,0.014552897148539318
LARP7,0.014552897148539318
C4orf21,0.014552897148539318
MIR367,0.014552897148539318
SLC38A9,0.014551323304886293
MARCH1,0.014537073692731647
CCDC134,0.014518764912848293
GRIA2,0.0145005663578233
SREBF2,0.014433008452299102
MTRNR2L13,0.014418413555860135
MIR33A,0.014377021070085327
MIR378I,0.014377021070085327
LINC00634,0.014377021070085327
SHISA8,0.014377021070085327
CENPM,0.014377021070085327
TNFRSF13C,0.014377021070085327
SEPT3,0.014377021070085327
MIR5687,0.014358584906234238
C4orf32,0.014287410303958706
AP1AR,0.014287410303958706
TIFA,0.014287410303958706
NEUROG2,0.014287410303958706
RNA5SP168,0.014286409902613631
snoU13|ENSG00000238498.1,0.014264856230031946
NDUFA6,0.014264856230031946
WBP2NL,0.014264856230031946
NAGA,0.014264856230031946
FAM109B,0.014264856230031946
MIR4453,0.014224798528206057
MIR3140,0.014223528705981169
FBXW7,0.014218239446477482
SNORD73,0.014205861179434879
SNORD73A,0.014205861179434879
RPS3A,0.014205861179434879
UGT8,0.014168285898572941
PRRC1,0.014161600438583617
EP300,0.01413220129669652
AP1B1P1,0.014129501472179597
C22orf42,0.014129501472179597
MIR577,0.014107547905076746
SMDT1,0.014107469567679052
IL31RA,0.014103361334314696
IL6ST,0.014103361334314696
snoU13|ENSG00000238326.1,0.014100116180755368
NF2,0.014095733209160992
CYP2D7P1,0.014088005014761177
CYP2D6,0.014080911554171547
CYB5R3,0.014058448333563013
CTXN3,0.014055831301947205
SLC12A2,0.014046377606129734
HHIP,0.013991712260027846
RN7SL808P,0.013964430648499036
MIR5688,0.01391660081909218
SLC5A1,0.013882728942798917
MIR1281,0.013876952763198528
PET112,0.013874497570340157
SH3D19,0.013861529385885973
RNA5SP184,0.01383359083692723
ANKRD55,0.01383359083692723
POLDIP3,0.013805449140697288
ZNF827,0.013791775928863565
ADAMTS19,0.013781122630457426
FAM160A1,0.01378010078588998
PLK4,0.013779945802766019
SERHL2,0.013757832155442252
NFAM1,0.013757832155442252
RN7SKP80,0.013757832155442252
RRP7A,0.013757832155442252
RRP7B,0.013757832155442252
SERHL,0.013757832155442252
TIGD4,0.01374559061731356
FBN2,0.013745497501966129
RN7SKP35,0.01374357589937409
PRSS48,0.013737356770052191
LSM6,0.01371554253778357
SLC10A7,0.01371554253778357
RNA5SP169,0.01371243025976363
ANAPC10,0.013712243840849493
RN7SKP235,0.013712243840849493
ABCE1,0.013712243840849493
HSPA4L,0.013709043858257148
KIAA1024L,0.013707251966936552
ATP5L2,0.013706317302202896
OTUD4,0.013681531721108918
MIR297,0.013680408544623778
DCLK2,0.013675040494330805
MMAA,0.013666650479674532
C4orf51,0.013661341146254868
A4GALT,0.01365803492332224
C4orf29,0.013656506719724626
SMAD1,0.013655740446976804
MFSD8,0.01365515789216704
MIR4460,0.013640834614167164
TTC29,0.01363483893199233
RNY5P4,0.013632124067722132
RNU12,0.013601476465145595
CHSY3,0.013563491830401285
RNU6ATAC10P,0.013563491830401285
RNA5SP191,0.013563491830401285
LRBA,0.013562800691298053
SLC25A31,0.013549747934035622
INTU,0.013549747934035622
ISOC1,0.013538204744143249
MIR4633,0.013538204744143249
RN7SL446P,0.013524881516587674
INPP4B,0.013496163682864437
SLC27A6,0.013443635153259522
POU4F2,0.013420941263884493
SYNPO2,0.013369315054785608
PITX2,0.013339154752914981
PACRGL,0.0133386814605169
TRMT44,0.013289459330916027
RN7SL646P,0.013268950619950752
SLIT2,0.013263486299878693
USP53,0.013250343973582816
FABP2,0.013250231400410253
C4orf3,0.013250231400410253
LCORL,0.01325000388766212
PROP1,0.01324430235739693
BST1,0.013243257766447001
FAM200B,0.013243257766447001
MAML3,0.013241822283494173
CC2D2A,0.013221618738574418
FBXL5,0.013221618738574418
TRIM2,0.013219599256104149
CD38,0.013217973633068954
C1QTNF7,0.01321719304102829
KCNIP4,0.013207403324726828
HTRA3,0.013192120569511183
HNRNPAB,0.013172964099019318
PHYKPL,0.01317209429587709
FAM153C,0.013158727552886626
NHP2,0.013158727552886626
RMND5B,0.013158727552886626
N4BP3,0.013158727552886626
ANKRD50,0.013157928786787584
GPR78,0.01315031481942063
CPZ,0.01315031481942063
TRAM1L1,0.01311629578865331
SH3TC1,0.013115762724359385
RN7SL801P,0.013102841258158507
SNORA63|ENSG00000202449.1,0.013091636775225879
DCAF16,0.013085069822411602
ABLIM2,0.013077931145138135
ZNF354A,0.013076562837516709
RNA5SP152,0.013076350800029685
ACOX3,0.013076350800029685
PROM1,0.013075569579850248
RN7SKP70,0.013075114125660602
CLK4,0.013075114125660602
FGFBP2,0.013073444387431448
snoZ40,0.013071910715853508
AACSP1,0.013064564162382424
LARGE,0.013039796645532885
MYOZ2,0.013033152799319547
LINC00504,0.013024042082805751
MAP1B,0.01302254913742457
MIR4803,0.01302254913742457
RN7SKP170,0.013018952734201646
NCAPG,0.013008852206637021
MIR95,0.012989562743532352
CPEB2,0.012987374343982967
AFAP1,0.01298154281151415
MED28,0.012980969893944585
RN7SL315P,0.012980969893944585
LAP3,0.012980969893944585
FAM153A,0.012975078123874944
RBFOX2,0.012967345645323156
HORMAD2,0.012954029615159651
FGFBP1,0.012942603643533302
PDLIM7,0.012941435175184708
PRR7,0.012940646016042412
DBN1,0.012940646016042412
GRK6,0.012940646016042412
PFN3,0.01293142379862043
F12,0.01293142379862043
SLC34A1,0.01293142379862043
QDPR,0.012930951233166427
snoU13|ENSG00000238536.1,0.01292962165272292
CLRN2,0.01292962165272292
RGS14,0.012927901383908664
RN7SL562P,0.012927901383908664
LMAN2,0.012927901383908664
TMEM128,0.012922561941740822
OTOP1,0.012922561941740822
ARFGAP3,0.012907340984703827
SNCB,0.012904894802782226
MIAT,0.01290015241818629
TCF20,0.012890450895706803
MIR4459,0.012888600295622242
MTMR3,0.012887192604885888
VGLL3,0.012883860372155002
MIR5091,0.012880892956748689
APOL4,0.012877787362898558
BOD1L1,0.012876678976104497
APOL3,0.012876195841622525
MSANTD1,0.012875398290181592
APOL2,0.012873012799070455
RN7SL349P,0.012873012799070455
APOL1,0.012873012799070455
CRYBA4,0.012872768406375594
CRYBB1,0.012872768406375594
TPST2,0.01287174658938677
ZNF454,0.012865886147952914
ZNF354B,0.012862144842384151
MIR4274,0.012857732526141967
PSAPL1,0.012857732526141967
MIR4798,0.012856915588882753
STX18,0.012837423606637314
ZBTB49,0.012832996709209003
NSG1,0.012832996709209003
LYAR,0.012832996709209003
RN7SL153P,0.01280483562997384
MRPS27,0.01280483562997384
PTCD2,0.01280483562997384
PISD,0.01280226252131871
RAB24,0.012802183148284175
MXD3,0.012802183148284175
PRELID1,0.012802183148284175
ZNF366,0.012799921887518042
RASD2,0.012793905036883171
CYTL1,0.012788161858165175
GPM6A,0.012787662618122086
TOM1,0.012774898329254781
MB,0.012764940758085258
APOL6,0.012764940758085258
APOL5,0.012764940758085258
PRR14L,0.012758351457495582
MIR581,0.01275553683416566
SNORA75|ENSG00000206780.1,0.012744067427611734
HTT,0.012738734699562961
LDB2,0.012734974185923566
RN7SKP284,0.012734954474794582
ZFP2,0.012727172707766281
PARVG,0.012720239384215612
B4GALT7,0.012716671706916653
SNORA11|ENSG00000221245.1,0.012707441086706368
KIAA1644,0.012702982459594076
SPINK14,0.012696771932898272
RN7SL20P,0.012695151069455967
TMED9,0.0126944686856468
DOK3,0.0126944686856468
FAM193B,0.0126944686856468
DDX41,0.0126944686856468
HMOX1,0.012693702575658895
STK32B,0.01268586439851654
MCM5,0.01267661132726538
NOP14,0.012676070377657443
MFSD10,0.012676070377657443
GRK4,0.012676070377657443
HK3,0.012670730548235202
TSPAN17,0.012662746792240907
MIR4281,0.012662746792240907
EIF4E1B,0.012662746792240907
UNC5A,0.012662746792240907
USP17L23,0.012643851777036367
USP17L24,0.012643851777036367
USP17L25,0.012643851777036367
USP17L26,0.012643851777036367
USP17L27,0.012643851777036367
USP17L12,0.012643851777036367
DEFB131,0.012643851777036367
USP17L22,0.012643851777036367
USP17L13,0.012643851777036367
FAM90A26,0.012643851777036367
HMX1,0.012643851777036367
MIR548I2,0.012643851777036367
USP17L21,0.012643851777036367
USP17L20,0.012643851777036367
RNA5SP153,0.012643851777036367
USP17L10,0.012643851777036367
USP17L11,0.012643851777036367
USP17L19,0.012643851777036367
USP17L18,0.012643851777036367
USP17L17,0.012643851777036367
USP17L15,0.012643851777036367
USP17L29,0.012643851777036367
USP17L28,0.012643851777036367
USP17L5,0.012643851777036367
USP17L30,0.012643851777036367
CADM2,0.0126316915995397
PNPLA3,0.012620509085182204
MIR145,0.0126200505891113
PNPLA5,0.01261943028131583
RNU6ATAC6P,0.012617946863263335
ZNF346,0.012617552178146566
EIF4ENIF1,0.012617311573907473
SAMM50,0.01261696163159242
LHFPL4,0.012610654996225608
ADD1,0.012610498319781317
PARVB,0.012609858849932086
RN7SKP28,0.012604453995843565
FAM211B,0.012602942579343234
FAM86EP,0.012597618094127074
SNORD56|ENSG00000199783.1,0.012587411484131348
ADRA2C,0.012578656869743885
ARHGEF37,0.012576759668871281
SPINK6,0.012572801235162731
FGFR4,0.012563185301215021
RGS12,0.012562350913238027
HGFAC,0.012562350913238027
LRPAP1,0.012562350913238027
DOK7,0.012562350913238027
RN7SL335P,0.012561142780415762
MCAT,0.012556347815815893
BIK,0.012556347815815893
TSPO,0.012556221824123474
TTLL12,0.01255615882827726
SCUBE1,0.01255615882827726
METTL14,0.012554449179095142
IL17B,0.012551686851211094
LINC00613,0.012551402856301056
TMEM211,0.012539020363236099
MAB21L2,0.012537445477543164
SGSM1,0.012534643184736741
SFI1,0.012533873668069658
MIR874,0.012527814268776282
COL23A1,0.012517768087718562
RN7SKP169,0.012516919785657651
MAD2L1,0.012515966628308416
C5orf46,0.01251144551268015
SCGB3A2,0.01251144551268015
SPINK1,0.012511297687354934
PDE5A,0.012501157002051339
PDHA2,0.012498216984696768
ASPHD2,0.012497618038658165
TFIP11,0.012497618038658165
HPS4,0.012497618038658165
SRRD,0.012497618038658165
MIR548J,0.012496497115673777
ZEB2P1,0.012487372873448827
SULT4A1,0.0124863751796366
SH3BP2,0.012485744258527325
MIR143,0.01247839012745829
ZFYVE28,0.012446481117127773
EFCAB6,0.012442726932692879
RNF4,0.012439738477878574
RNA5SP495,0.012426128441370251
MIR143HG,0.012426084599886126
RN7SL589P,0.012425204150923672
RNA5SP185,0.012425031432352353
PIWIL3,0.01242480278847917
MIR4800,0.012422043946859807
MXD4,0.012422043946859807
HAUS3,0.012422043946859807
UIMC1,0.012419062133976836
RN7SKP137,0.012410635663181062
NDNF,0.012410110321709104
MPPED1,0.012410036025749555
RNA5SP496,0.012408592370360193
PIK3IP1,0.012408592370360193
MSX1,0.012398708059826239
TNIP3,0.012387670735978382
FANCD2OS,0.012378817276079122
EMC3,0.012378817276079122
CIDECP,0.012378817276079122
FANCD2,0.012378817276079122
RNU6ATAC2P,0.012375757609105337
CEP170P1,0.012370679283118193
RNA5SP154,0.012366610316249544
DRD5,0.012366610316249544
snoU13|ENSG00000238694.1,0.012365895461770743
PABPC4L,0.012363757495003331
PCDH7,0.012352391977250422
CRMP1,0.012343670015496322
EVC,0.012343670015496322
NSD1,0.012341133993425554
JAKMIP2,0.012338916933117266
TLR6,0.0123306271007937
RNA5SP158,0.0123306271007937
TLR10,0.0123306271007937
TLR1,0.0123306271007937
MIR574,0.0123306271007937
GUCD1,0.012319761511649242
SNRPD3,0.012319761511649242
NPY6R,0.012313346764730098
HNRNPA0,0.012313346764730098
FAM193A,0.01231316490519388
RN7SKP275,0.01229529190535058
LIMK2,0.012295046135504311
PPAP2A,0.01229246256317421
RNA5SP494,0.012282744434445126
TNIP2,0.012276922675117093
JAGN1,0.012273306049622247
IL17RE,0.012273306049622247
IL17RC,0.012273306049622247
CRELD1,0.012273306049622247
PRRT3,0.012273306049622247
KLB,0.012260356076978488
SNHG8,0.012258747963403947
NDST3,0.012258747963403947
GGT1,0.012255975050449452
ARL15,0.01223156828899568
PRSS12,0.012222816142373734
C4orf6,0.012212225549771036
SMIM14,0.012192520325203248
RN7SKP36,0.012191679279031354
RN7SKP113,0.012190809290825838
RN7SL558P,0.012187876916743846
UBE2K,0.012187835751775235
UGDH,0.012185098281362555
WNT7B,0.012175467055141045
MIR5591,0.012169776680045279
RPL9,0.012169776680045279
LIAS,0.012169776680045279
CCDC110,0.012161603818277597
WDR1,0.01216023634162854
RNA5SP155,0.01216023634162854
MIR3138,0.01216023634162854
HTR1F,0.012158539435248299
EIF4E,0.012149814613640652
OSM,0.012147544057517555
PRDM5,0.012143361935257908
RNF185,0.012127055247861122
EDNRA,0.012124656335028997
MIR548G,0.012124656335028997
UNC5C,0.012123181560551666
ZNF654,0.012122103213242455
C3orf38,0.012122103213242455
SMTN,0.012116739477830587
ADH6,0.012115653929718495
INPP5J,0.012114920364830088
MIR3928,0.012114920364830088
PLA2G3,0.012114920364830088
SEZ6L,0.012110598873609088
TBCK,0.012107184159161897
LIF,0.012104657768871898
MGC20647,0.012104657768871898
LRRC3B,0.012101857251989912
CGGBP1,0.012094588955348451
CIDEC,0.012092849879282054
METAP1,0.012084315369355747
ADH5,0.012084315369355747
TSPAN5,0.012074172255809557
PCNAP1,0.012073629085584727
ADH4,0.012073629085584727
SLC2A9,0.012073395160705502
QRFPR,0.01207281837823322
LINC00229,0.012072457034864259
MIR3684,0.012071916918571693
KLHL5,0.012063166049963074
KIAA1109,0.012061667663537706
ARPC4,0.012051918074002911
CAMK1,0.012051918074002911
OGG1,0.012051918074002911
TTLL3,0.012051918074002911
RPUSD3,0.012051918074002911
TADA3,0.012051918074002911
BRPF1,0.012051918074002911
KLHL3,0.012040321622008804
EVC2,0.01203840850811595
ADH1B,0.012027896514264128
ADH1A,0.012027896514264128
ANK2,0.012006375792855373
WDR19,0.01200403110284356
JAKMIP1,0.01200049187749204
RFC1,0.012000108948725502
C4orf50,0.01199784966830916
TTLL1,0.011994743784081732
RNF215,0.011994439111489228
SEC14L2,0.011994439111489228
PDLIM5,0.011994373464953719
LINC00899,0.011987593755536735
C22orf26,0.011987593755536735
MIR378D1,0.01198516532307211
CPNE9,0.011979025647104334
BMPR1B,0.011975769884753453
GATSL3,0.011974865455603858
TBC1D10A,0.011974865455603858
KIAA1658,0.011972405455100083
MTFP1,0.011972405455100083
SEC14L3,0.011972405455100083
SEC14L4,0.011972405455100083
CCRN4L,0.011933172002978398
MTMR14,0.011932086018553762
SEC24D,0.011932024565967892
CCDC157,0.011923745581654393
SF3A1,0.011923745581654393
ANXA5,0.01191430367540252
SMARCAD1,0.01191137469299075
RN7SL382P,0.011910722263588972
TUG1,0.011897626206115465
CHMP2B,0.011895307521084147
PPP2R2C,0.011895083757567414
SEC14L6,0.011894245166057024
GAL3ST1,0.011894245166057024
MTTP,0.011891950453429063
TRMT10A,0.011891950453429063
POU1F1,0.011885567244575982
MYO18B,0.01187766219208791
ACSL1,0.011874515741982884
SNX25,0.011873112223889896
SLC25A4,0.011873112223889896
HELT,0.011873112223889896
MIR4455,0.011873112223889896
LRP2BP,0.011873112223889896
KIAA1430,0.011873112223889896
MIR3945,0.011873112223889896
CDPF1,0.01187170108470972
PKDREJ,0.01187170108470972
MAN2B2,0.011868490299944951
ARSJ,0.011868464263159328
ADAD1,0.011862920059079858
TMEM155,0.011862474518755422
CCNA2,0.011862474518755422
BBS7,0.011862474518755422
EXOSC9,0.011862474518755422
SPRY1,0.011859850103145626
MRFAP1L1,0.011857414350577862
S100P,0.011857414350577862
MRFAP1,0.011857414350577862
HPGDS,0.01185013815416589
MIR4795,0.011849397559249917
RN7SL633P,0.011843622873994958
PATZ1,0.01184065969433303
TRPC3,0.01183898905069395
PES1,0.01183144658664434
SPOCK1,0.011827744768793598
PACSIN2,0.011826663282180296
ARHGEF38,0.011820220720979999
IL2,0.01181863457148786
RN7SL16P,0.011817899775138712
MIR573,0.011815028626441106
RNA5SP159,0.011804738087887214
BLOC1S4,0.011802309782608681
KIAA0232,0.011802309782608681
SOD3,0.011802285352719266
CCDC149,0.011799989114128169
PDS5A,0.011799361942986523
TMEM154,0.01179744347746769
CAMK2D,0.011793322167000738
GRPEL1,0.011783382636213521
PPARGC1A,0.011781479730166456
RN7SL311P,0.01178135619901291
MGARP,0.01178135619901291
NDUFC1,0.01178135619901291
ELF2,0.01178135619901291
IL21,0.011778786177264008
BBS12,0.011778786177264008
NAA15,0.011773466798774005
ANAPC4,0.011772312086324078
FST,0.011771555788052236
PPA2,0.01176812261578954
SLC34A2,0.011766988405145085
FAM114A1,0.011763557054833493
SHISA3,0.01176020426597936
SNX18,0.011758737093477214
DHX15,0.011757979854333429
ZCCHC4,0.01175660006952824
RN7SKP292,0.011746027105118318
MORC2,0.011739585755595264
SPINK5,0.011737455568341654
CSNK1A1,0.011717476026083614
TMEM156,0.011717290162737122
RN7SL184P,0.011715060819901705
DRG1,0.011697313589893562
GIMD1,0.011683690823177266
PELO,0.011675481602686133
SKIV2L2,0.01164113470104187
ATP8A1,0.011639302733583053
WFS1,0.011635810422579355
LINC00955,0.011632967980081151
ADH1C,0.011630236869450226
SPINK13,0.011620887354558244
ITGA2,0.011612074890966469
SORBS2,0.011609210974891641
BEND4,0.011609140581403284
RAP1GDS1,0.011599301257529119
RN7SL89P,0.0115971397323928
SNORA31|ENSG00000252136.1,0.0115971397323928
TET2,0.0115971397323928
SLC35E4,0.011591186021508314
DUSP18,0.011591186021508314
DCAF4L1,0.011578797769454051
SLC30A9,0.011578797769454051
PHOX2B,0.011565505225082002
TCN2,0.011562718003572855
RHOH,0.011561449006895125
MIR4762,0.011561131562887584
ANKRD37,0.011541301951200072
C4orf47,0.011541301951200072
UFSP2,0.011541301951200072
GLRA3,0.011539566189721453
GTSE1,0.011534613653184412
LINC00682,0.011514936548274304
TMEM33,0.011514936548274304
ATXN10,0.011511746756698244
CHRNA9,0.011508906040959136
MIR4802,0.011507868683750125
TBC1D14,0.01150632485905755
TADA2B,0.01150632485905755
CCDC96,0.01150632485905755
PPID,0.011500236160967315
U3|ENSG00000271817.1,0.011500236160967315
ETFDH,0.011500236160967315
MIR3200,0.011498641709503652
RBM47,0.011493510342698353
KIAA0930,0.011470350611256555
UPK3A,0.011469413548044162
LGI2,0.011468590194854356
NUP50,0.011467078764493948
AIMP1,0.011466360720247395
MIR1249,0.011465161328424891
CRYBB2,0.011446838091202805
MIR3619,0.011441455204047489
PHF21B,0.011437494340216922
FBLN1,0.011431852274740643
ITGA1,0.011427930872090535
TTC38,0.01141834718184662
NFKB1,0.011408066938425224
FAT4,0.011407825750929527
FAT1,0.011400915913794387
SNORA51|ENSG00000201863.1,0.011400107028918385
N4BP2,0.011400107028918385
MOCS2,0.011399109583416419
DKK2,0.01139181898577192
PI4K2B,0.011379567521617279
SEPSECS,0.011379567521617279
RXFP1,0.011378758505340794
PRR5,0.011376132448766662
CRYBB3,0.011370865552672004
CXXC4,0.011369636998236538
RN7SL193P,0.011367838756553101
ADAM29,0.011361677920837242
SORCS2,0.011360751436237498
PDLIM3,0.0113581007787976
DEPDC5,0.01135498799846016
C4orf46,0.01135441341729747
MANBA,0.011351102296691267
OSBP2,0.011339159528688244
snoU13|ENSG00000239034.1,0.011338557785540646
RNA5SP157,0.01132103029019864
LETM2,0.011316970917459982
BDH2,0.011313561938451388
SLC9B2,0.011313561938451388
EIF3D,0.011288521568145525
FOXRED2,0.011288521568145525
TACR3,0.011288046635025452
TXN2,0.011274016644926605
KCTD8,0.011272893260806953
CENPE,0.011271877174897036
TRMU,0.011262427419293303
ADH7,0.011257610287171746
FLJ27365,0.011251540750086789
FAM118A,0.01124645549934052
snoU13|ENSG00000238351.1,0.01123587130349931
HSPB3,0.011232423331196584
CACNG2,0.011215380361312538
RIBC2,0.011199625962163125
SMC1B,0.011199625962163125
TLR3,0.01119689550032338
LIMCH1,0.0111961270237095
GAR1,0.011188962904432734
CFI,0.011188962904432734
IFT27,0.011175513088361814
RN7SKP82,0.011158303961404702
WHSC1L1,0.011152955330055447
UBE2D3,0.01115289820566087
snoU13|ENSG00000238948.1,0.01115289820566087
CISD2,0.01115289820566087
MYH9,0.011131591678761482
RN7SL728P,0.011128842863197987
SLC39A8,0.011128842863197987
HAND2,0.01112060749309377
LINC00616,0.011117335803810816
PCDH18,0.011110734996748611
LRP5L,0.01109871968185845
CRYBB2P1,0.01109871968185845
CERK,0.011094600074807552
ADRBK2,0.011089568700113118
RN7SL55P,0.011083814318083106
SEC24B,0.011083814318083106
CCDC109B,0.011083814318083106
MIR576,0.011083814318083106
CELSR1,0.011064809516179492
CASP6,0.011038361913333787
PLA2G12A,0.011038361913333787
MIRLET7B,0.01103139733247724
MIRLET7A3,0.01103139733247724
MIR4763,0.01103139733247724
NDUFS4,0.011029333193939676
RN7SL275P,0.011025834506360502
ARL13B,0.011017880066487667
RNA5SP160,0.011017355208692322
MAPK1,0.01099746835443038
FAM184B,0.010988810497907984
GRAMD4,0.010974405048031072
ARHGAP8,0.010963279567283464
RAC2,0.010953161484576618
SSTR3,0.010953161484576618
C1QTNF6,0.010953161484576618
UCHL1,0.01095112894044941
IL2RB,0.010949265699889391
SLC9B1,0.010937430991988524
SNORD112|ENSG00000252566.1,0.01092912125001962
RNA5SP493,0.010927306401526232
PVALB,0.010907496620376054
FGFR1,0.010895093629040694
NUS1,0.010878070208000792
CSF2RB,0.01087317807545778
NCF4,0.01087317807545778
NSUN7,0.010869142810676425
RRH,0.010867797656736483
LRIT3,0.010867797656736483
TMPRSS6,0.010866953422637328
SFRP2,0.010857550201115668
RNF175,0.010857550201115668
ELFN2,0.010848088976281202
MANEA,0.01084752188424964
ENPEP,0.010844711960733649
DHX29,0.01083921216906617
STPG2,0.0108356471245657
RPS20P22,0.010833332461554553
ESM1,0.01082343684229351
SGMS2,0.010822005117712623
CYP2U1,0.010822005117712623
MIR1255A,0.0108200742016002
KIAA1671,0.01080754793178328
CCNO,0.010795319674589188
RNA5SP182,0.010794116839075375
snoU13|ENSG00000239056.1,0.010793781491950344
FSTL5,0.01079312007648978
ARHGAP10,0.010767775226942451
CYTH4,0.010761776453238291
RN7SL797P,0.010761036589205877
TEX33,0.010756341403465642
PLA2G6,0.010743114086947728
TST,0.010703084674941616
MPST,0.010703084674941616
KCTD17,0.010703084674941616
RN7SKP214,0.010703084674941616
LEF1,0.01070163944720331
GZMK,0.010697787217418344
GZMA,0.010695008514934849
CDC20B,0.010695008514934849
TMEM184C,0.01069094968301777
MFNG,0.010688162099053718
RNA5SP166,0.010687079863286094
MCIDAS,0.01068495566456385
HADH,0.01067686720634638
GPX8,0.010675315492779511
PRMT10,0.010659558962909934
LAMTOR3,0.01065145132678532
STX19,0.010648566679452753
DDIT4L,0.010647092375236129
PPP3CA,0.010641765349213244
NT5C3AP1,0.010638612509692993
DCHS2,0.010627245768090189
ELOVL6,0.010620504340636624
MIR449A,0.010614536190536464
MIR449C,0.010614536190536464
MIR449B,0.010614536190536464
RN7SL254P,0.010606845131531848
RNA5SP165,0.010606845131531848
MIR4799,0.010606845131531848
PAPSS1,0.010594921010355782
DAPP1,0.010580028361965666
PPARA,0.010547079535144947
APBB2,0.01053204301397803
MAFF,0.010528255624864839
RN7SL704P,0.010528255624864839
TMEM184B,0.010528255624864839
FUT9,0.010511990679513823
snoU13|ENSG00000238569.1,0.010510263921382499
H1F0,0.010510263921382499
ANKRD54,0.010510263921382499
GALR3,0.010510263921382499
MIR658,0.010510263921382499
MIR659,0.010510263921382499
EIF3L,0.010510263921382499
GCAT,0.010510263921382499
DNAJB14,0.010507328585407715
TRIOBP,0.010506584693851762
ALPK1,0.010498237524437687
COL25A1,0.01049674530554175
H2AFZ,0.010495868676773013
DMC1,0.010472393154951656
FAM227A,0.010472393154951656
KDELR3,0.010468368473232922
DDX17,0.010468368473232922
ARFIP1,0.010457771628367881
FGA,0.010431187473316188
FGB,0.010431187473316188
PLRG1,0.010431187473316188
FGG,0.010430972079587991
SEL1L3,0.010429399620461702
ETNPPL,0.010408485565224676
OSTC,0.010408485565224676
EGF,0.010406811058026898
SUN2,0.010404439788458467
DNAL4,0.010404439788458467
CSNK1E,0.010395472022423628
LGALS1,0.010385327465293092
NOL12,0.010385327465293092
GGA1,0.01037078429845831
SH3BP1,0.01037078429845831
JOSD1,0.010366060670742845
TOMM22,0.010366060670742845
CBY1,0.010366060670742845
SMIM20,0.010354808726401743
SOX10,0.010349973178150442
MIR4534,0.010349973178150442
KCNJ4,0.01034864753281113
GNPDA2,0.010335942927829462
GUF1,0.010335942927829462
PDGFC,0.0103338448934378
GTPBP1,0.010330074455207519
RBM46,0.01032963702310483
LRAT,0.01032963702310483
NPTXR,0.010323732702715614
CABIN1,0.010319165587444801
CBX7,0.010293970279705543
PLN,0.010291447827240823
SLC35F1,0.010291447827240823
CEP85L,0.010291447827240823
APOBEC3G,0.010290656166357248
APOBEC3H,0.01029034722358749
BAIAP2L2,0.010286741018893267
TMEM191A,0.010286158817378922
TSSK2,0.010286158817378922
THAP7,0.010286158817378922
TXNRD2,0.010286158817378922
TRMT2A,0.010286158817378922
TMEM191C,0.010286158817378922
UBE2L3,0.010286158817378922
TUBA3FP,0.010286158817378922
C22orf39,0.010286158817378922
SCARNA18|ENSG00000252314.1,0.010286158817378922
PI4KAP1,0.010286158817378922
RN7SKP131,0.010286158817378922
RN7SKP221,0.010286158817378922
RN7SKP63,0.010286158817378922
RN7SL168P,0.010286158817378922
RN7SL280P,0.010286158817378922
RN7SL389P,0.010286158817378922
RN7SL812P,0.010286158817378922
RTN4R,0.010286158817378922
SCARF2,0.010286158817378922
SCARNA17|ENSG00000252020.1,0.010286158817378922
SCARNA17|ENSG00000252143.1,0.010286158817378922
SCARNA17|ENSG00000252571.1,0.010286158817378922
SMPD4P1,0.010286158817378922
YDJC,0.010286158817378922
SCARNA18|ENSG00000252024.1,0.010286158817378922
YPEL1,0.010286158817378922
ZDHHC8,0.010286158817378922
MIR301B,0.010286158817378922
SCARNA18|ENSG00000252605.1,0.010286158817378922
SDF2L1,0.010286158817378922
SEPT5,0.010286158817378922
SERPIND1,0.010286158817378922
SLC25A1,0.010286158817378922
SLC7A4,0.010286158817378922
RIMBP3,0.010286158817378922
P2RX6,0.010286158817378922
P2RX6P,0.010286158817378922
RIMBP3C,0.010286158817378922
MIR1286,0.010286158817378922
MED15,0.010286158817378922
USP18,0.010286158817378922
LZTR1,0.010286158817378922
KLHL22,0.010286158817378922
HIRA,0.010286158817378922
HIC2,0.010286158817378922
GSC2,0.010286158817378922
GP1BB,0.010286158817378922
GNB1L,0.010286158817378922
USP41,0.010286158817378922
MIR3618,0.010286158817378922
MIR4761,0.010286158817378922
GGTLC3,0.010286158817378922
GGT3P,0.010286158817378922
GGT2,0.010286158817378922
MIR649,0.010286158817378922
MRPL40,0.010286158817378922
POM121L7,0.010286158817378922
PPIL2,0.010286158817378922
PRODH,0.010286158817378922
RANBP1,0.010286158817378922
RIMBP3B,0.010286158817378922
FAM230C,0.010286158817378922
MIR1306,0.010286158817378922
SNAP29,0.010286158817378922
COMT,0.010286158817378922
CLDN5,0.010286158817378922
CDC45,0.010286158817378922
CCDC116,0.010286158817378922
SNORA15|ENSG00000251940.1,0.010286158817378922
C22orf29,0.010286158817378922
BCRP2,0.010286158817378922
FAM230B,0.010286158817378922
SNORA77|ENSG00000264346.1,0.010286158817378922
TANGO2,0.010286158817378922
TBX1,0.010286158817378922
AIFM3,0.010286158817378922
UFD1L,0.010286158817378922
ZNF74,0.010286158817378922
MIR130B,0.010286158817378922
MIR185,0.010286158817378922
snoU13|ENSG00000252402.1,0.010286158817378922
snoU13|ENSG00000252799.1,0.010286158817378922
snoU13|ENSG00000271796.1,0.010286158817378922
PI4KA,0.010286158817378922
PI4KAP2,0.010286158817378922
POM121L4P,0.010286158817378922
CLTCL1,0.010286158817378922
ARVCF,0.010286158817378922
DGCR5,0.010286158817378922
DGCR6L,0.010286158817378922
DGCR14,0.010286158817378922
CRKL,0.010286158817378922
FAM230A,0.010286158817378922
DGCR8,0.010286158817378922
DGCR6,0.010286158817378922
DGCR2,0.010286158817378922
PDXP,0.010286156036573147
RN7SL385P,0.010286156036573147
SLC16A8,0.010283412862691804
APOBEC3D,0.010280741912018708
APOBEC3C,0.010280741912018708
APOBEC3F,0.010280505992085442
PICK1,0.010272479097213068
YIPF7,0.010268029925609613
POLR2F,0.010263272602674326
APOBEC3B,0.010254419988035493
APOBEC3A,0.010254419988035493
CBX6,0.010254192493814127
CTSO,0.010240033232175212
TDO2,0.010240033232175212
ASIC5,0.010240033232175212
GUCY1B3,0.010240033232175212
GUCY1A3,0.010230498213385964
C22orf23,0.010228491263941044
MICALL1,0.010228491263941044
CCKAR,0.010215764841168873
C22orf43,0.010204876690200647
IGLL1,0.010204876690200647
RGL4,0.010204876690200647
GUSBP11,0.010204876690200647
BANK1,0.010194490218642122
RBPJ,0.010194359953645097
MMP11,0.01018272131010568
CHCHD10,0.01018272131010568
C22orf15,0.01018272131010568
RN7SKP199,0.01017938843983528
GSTTP2,0.010173207447326993
GSTT2,0.010173207447326993
GSTT1,0.010173207447326993
GSTT2B,0.010173207447326993
DDTL,0.010173207447326993
DDT,0.010173207447326993
GLRB,0.01016612625918789
MIF,0.0101631894835053
SLC2A11,0.0101631894835053
RN7SL268P,0.0101631894835053
DERL3,0.010138906295692847
STIM2,0.010133535515430291
MIR3144,0.010124627096302177
MCM9,0.010115436125631847
FHDC1,0.010114735523437354
VPREB3,0.010114425366587278
ZNF70,0.010114425366587278
NPY2R,0.010109770028731988
MAP9,0.010109770028731988
DNAJB7,0.010068698564019228
TBC1D19,0.010050701430865347
SMARCB1,0.010048619292308963
RNA5SP215,0.010046041386791792
SNORD74|ENSG00000200999.1,0.010042139475855829
RFPL4B,0.010024524543103548
SUSD2,0.01001663254933088
ASF1A,0.010011510285195879
EPHA3,0.00999960107403146
GJA1,0.009980606826644855
SIGLECP3,0.009980606826644855
PDGFB,0.009966671938655854
XPNPEP3,0.009953746475493446
snoU13|ENSG00000238887.1,0.009953746475493446
RBX1,0.009953746475493446
MIR548B,0.00992470483678848
TBC1D32,0.009905952403080603
U3|ENSG00000253091.1,0.009876740042317833
snoU13|ENSG00000238802.1,0.009859044105525334
LGALS2,0.009856935885742229
CDC42EP1,0.009856935885742229
snoU13|ENSG00000239095.1,0.009845354319017037
FAM184A,0.009841620944398848
PPM1F,0.009838623609196353
ISL1,0.009825086306098968
SLC25A17,0.009806038972725636
INTS12,0.009790231973230189
GSTCD,0.009790231973230189
FAM26F,0.009785979435019874
ST13,0.00978579998800168
MIR4766,0.00978579998800168
GABRG1,0.009785644688458472
TUBA8,0.009784454807905844
PEX26,0.009784454807905844
FAM83F,0.009778251953817369
FRK,0.009771582711558206
MCHR1,0.009762640503056846
NPNT,0.009757170022322698
MKL1,0.009747029052296331
PHF17,0.009732885104638685
RPS19BP1,0.00971629699114851
ATF4,0.00971629699114851
SERINC1,0.009698228591609508
HSF2,0.009695923716054199
RN7SKP210,0.009692065838055397
SMCR7L,0.009690816921994553
SYNGR1,0.00969064785475488
RN7SL564P,0.00968119605692794
FABP7,0.00968119605692794
SMPDL3A,0.00968119605692794
CARD10,0.00967381982603277
NR3C2,0.009673564725182705
RPL34,0.009651610505805066
RPL3,0.009646412229560575
SNORD83B,0.009646412229560575
SNORD83A,0.009646412229560575
SNORD43|ENSG00000263764.1,0.009646412229560575
RWDD1,0.009643701201479898
TRAPPC3L,0.00964231535444277
FAM26D,0.00964231535444277
FAM26E,0.00964231535444277
ZUFSP,0.009641467760495947
KPNA5,0.009641467760495947
RSPH4A,0.009641467760495947
HS3ST5,0.009640069539824516
MGAT3,0.009614016764925635
TAB1,0.009614016764925635
GRAP2,0.009597944469592432
CACNA1I,0.009597339099798752
PGRMC2,0.009592280203220544
RNA5SP173,0.009586076655347464
SNORD65|ENSG00000212191.1,0.009586076655347464
GGT5,0.00958144016933336
PKIB,0.009565766402101642
ROS1,0.009555719398237147
snoU13|ENSG00000239066.1,0.00953254793833813
IGLC1,0.00953254793833813
BCR,0.00953254793833813
GNAZ,0.00953254793833813
IGLC2,0.00953254793833813
IGLC3,0.00953254793833813
IGLJ3,0.00953254793833813
ZNF280B,0.00953254793833813
IGLC7,0.00953254793833813
VPREB1,0.00953254793833813
TOP3B,0.00953254793833813
RTDR1,0.00953254793833813
ZDHHC8P1,0.00953254793833813
RN7SL263P,0.00953254793833813
RAB36,0.00953254793833813
PRAME,0.00953254793833813
PRAMEF24P,0.00953254793833813
POM121L1P,0.00953254793833813
MIR650,0.00953254793833813
ZNF280A,0.00953254793833813
IGLJ7,0.00953254793833813
IGLJ6,0.00953254793833813
IGLJ5,0.00953254793833813
IGLJ4,0.00953254793833813
IGLJ2,0.00953254793833813
IGLJ1,0.00953254793833813
IGLL5,0.00953254793833813
CES5AP1,0.00953254793833813
GGTLC2,0.00953254793833813
UPB1,0.009516709139268326
ADORA2A,0.009516709139268326
SPECC1L,0.009516709139268326
POM121L9P,0.009516709139268326
ENTHD1,0.00951435980780871
GOPC,0.009503992975014933
TSPYL1,0.009502165385995518
TSPYL4,0.009502165385995518
SGSM3,0.009490284087500477
PROS1,0.009462769466820103
ADSL,0.009436842478416658
COL10A1,0.009436467574891418
snoU13|ENSG00000238563.1,0.009413972307806523
MARCKS,0.009413972307806523
MIR4464,0.009401137604803676
NT5DC1,0.00939251642599948
DCBLD1,0.009342512205359334
CECR7,0.009337343165888757
C4orf17,0.009282311989557342
EMCN,0.009258726160489382
RFX6,0.00925174158902211
FAM162B,0.009250281500179414
RN7SKP110,0.009244280667816143
GJA10,0.009243975776946049
IL17RA,0.00918718195699238
GAB4,0.009175574308485698
MIR648,0.009169233116628624
LINC00528,0.009165116425180036
CECR6,0.009147970103776904
RNA5SP213,0.009146621379165278
POTEH,0.009113671373165043
OR11H1,0.009113671373165043
XKR3,0.009113671373165043
TPTEP1,0.009113671373165043
CCT8L2,0.009113671373165043
KCNMB3P1,0.009113671373165043
HSFY1P1,0.009113671373165043
MICAL3,0.009087419857651035
RNA5SP214,0.009074885234542238
MAP3K7,0.009058357649020412
PTEN,0.009056790512233666
TNRC6B,0.009030829817158935
GABRA4,0.009012065138189904
BACH2,0.009001791500099816
HDAC2,0.00900060630807875
CECR5,0.008981188683301293
CECR3,0.008975481109238351
CECR1,0.008975481109238351
C8orf86,0.008971804059001982
LINC00207,0.008935040789553704
RAB32,0.00891182119886046
RN7SKP18,0.008908133960721943
RN7SKP51,0.008908133960721943
snoU13|ENSG00000238702.1,0.008844228720321066
COX7B2,0.008816502296104263
RNA5SP222,0.008797903022115182
snoU13|ENSG00000238301.1,0.008795670736274437
AIG1,0.008750782695527022
GRID2,0.00874303432414919
U3|ENSG00000212598.1,0.008717739302616314
snoU13|ENSG00000251737.1,0.00867859888885233
ATP6V1E1,0.00867859888885233
SLC25A18,0.00867859888885233
CDKN2B,0.008664080878234571
SASH1,0.008646092396252459
AKAP7,0.008645685954075832
MIR4643,0.008635865688643798
DDHD2,0.008614583115388642
CECR9,0.008580432551780266
ARG1,0.008575708389884482
COMMD8,0.008565413327341277
ATP10D,0.008565413327341277
RN7SL843P,0.008564360701153937
LDOC1L,0.008548551489343643
FAM178A,0.008513894951258549
MIR608,0.008513894951258549
GABRA2,0.008502835783850651
snoU13|ENSG00000239091.1,0.008501437647662001
CECR2,0.008498951057216129
U3|ENSG00000200492.1,0.008495081495991742
PEX3,0.008491996828100664
RN7SL415P,0.008483828555003136
RNA5SP221,0.008475444212752193
ADAT2,0.008475444212752193
BID,0.008474276760742777
RN7SKP215,0.008466760708727598
C10orf2,0.008462541483929522
LZTS2,0.008462541483929522
MRPL43,0.008462541483929522
SNORD112|ENSG00000252844.1,0.008462541483929522
LBX1,0.008462541483929522
TLX1,0.008462541483929522
SEMA4G,0.008462541483929522
PDZD7,0.008462541483929522
TLX1NB,0.008462541483929522
SFXN3,0.008462541483929522
KAZALD1,0.008462541483929522
HUG1,0.008462541483929522
PHACTR2,0.008459866662750733
STXBP5,0.008454351082263783
STX11,0.008453616846309712
C12orf4,0.00845342686788676
KIAA1239,0.00845235866335627
C4orf19,0.008447919464908365
RELL1,0.008447878763211104
SF3B5,0.008446750271667285
PLAGL1,0.00844510558313019
FUCA2,0.008442656171987419
VGLL2,0.00842843572580467
DPCD,0.008420943235434724
FBXW4,0.008420943235434724
POLL,0.008420943235434724
BTRC,0.008420943235434724
MIR3201,0.008405337444653415
ZC2HC1B,0.008403119034332872
KLLN,0.008401342951771681
CDKN2A,0.008397013874441904
TTLL8,0.00837845040654163
ARSA,0.00837845040654163
BRD1,0.00837845040654163
TRABD,0.00837845040654163
TYMP,0.00837845040654163
ALG12,0.00837845040654163
ADM2,0.00837845040654163
ACR,0.00837845040654163
TUBGCP6,0.00837845040654163
RN7SKP252,0.00837845040654163
CHKB,0.00837845040654163
ZBED4,0.00837845040654163
C22orf34,0.00837845040654163
RN7SL500P,0.00837845040654163
MLC1,0.00837845040654163
DENND6B,0.00837845040654163
MAPK8IP2,0.00837845040654163
MIOX,0.00837845040654163
MAPK11,0.00837845040654163
LMF2,0.00837845040654163
NCAPH2,0.00837845040654163
KLHDC7B,0.00837845040654163
MOV10L1,0.00837845040654163
IL17REL,0.00837845040654163
HDAC10,0.00837845040654163
ODF3B,0.00837845040654163
PANX2,0.00837845040654163
PIM3,0.00837845040654163
PLXNB2,0.00837845040654163
PPP6R2,0.00837845040654163
CRELD2,0.00837845040654163
SHANK3,0.00837845040654163
RABL2B,0.00837845040654163
MIR3667,0.00837845040654163
SYCE3,0.00837845040654163
MAPK12,0.00837845040654163
SCO2,0.00837845040654163
SBF1,0.00837845040654163
CPT1B,0.00837845040654163
TMEM244,0.008367930642882849
PRDM13,0.008363008724595269
CCNC,0.008363008724595269
TSTD3,0.008363008724595269
SNORA18|ENSG00000252249.1,0.00834910200040455
LTV1,0.008346553496431609
PTTG2,0.008346450133637249
HSP90AB2P,0.008341977955562031
PGM2,0.008335767294829537
MCHR2,0.008327916048015709
KLF3,0.0083255777764661
TAPT1,0.008302372473369268
ENO2,0.008298965425004096
DSE,0.008284700762185728
SMLR1,0.008273428800930665
SNORD74|ENSG00000200891.1,0.008268038396437022
USP45,0.008257587372030846
PNISR,0.008257587372030846
COQ3,0.008257587372030846
MIR4535,0.008256502356093492
HIVEP2,0.008254902834729894
GALNT8,0.008243845616214957
SAMD5,0.008237232747146937
NBPF3,0.00820468793674879
RAB28,0.008195054980839413
EPB41L2,0.008188527269202002
RNU6ATAC31P,0.008187830675024795
GPRIN3,0.008175777524989712
CFL1P1,0.008175606903260997
RN7SL78P,0.008175606903260997
ATAD1,0.008175606903260997
ALPL,0.008172197154228051
CCSER1,0.008171287633257925
ECE1,0.00816948182459502
TBC1D1,0.00816905896453943
C1S,0.008131046166147512
HSD17B11,0.00811678969915531
PHB2,0.008112652763037175
SPARCL1,0.008112016845366311
NUDT9,0.008112016845366311
RN7SL681P,0.008112016845366311
snoU13|ENSG00000238620.1,0.00810939531965783
CCDC147,0.00810939531965783
HSD17B13,0.008106033835951302
MIR5705,0.008106033835951302
PKD2,0.0081044896773725
PYURF,0.008098676089745134
NAP1L5,0.008098676089745134
HERC6,0.008098676089745134
HERC5,0.008098676089745134
HERC3,0.008098676089745134
PIGY,0.008098676089745134
RN7SKP244,0.008098676089745134
FAXC,0.008096061324322943
PPP1R3C,0.008089874106042779
RAP1GAP,0.008089126702072425
ACTR1A,0.008088995586594894
TMEM180,0.008088995586594894
C10orf95,0.008088995586594894
RN7SL21P,0.008088995586594894
FBXL7,0.008087419271506071
RNA5SP178,0.008087419271506071
MIR887,0.008087419271506071
PPM1K,0.008083660478737553
EMG1,0.008080111252045712
LPCAT3,0.008080111252045712
TIGD2,0.008079497543384072
RAD51AP1,0.008074240894618313
NPM3,0.008070780763927865
MGEA5,0.008070780763927865
FGF8,0.008070780763927865
KCNIP2,0.008070780763927865
C10orf76,0.008070780763927865
HPS6,0.008070780763927865
PCGF5,0.008069995388247606
SNORD112|ENSG00000253068.1,0.008068362744486706
PPRC1,0.008068362744486706
NOLC1,0.008068362744486706
LDB1,0.008068362744486706
ABCG2,0.008067061984171153
TRIM8,0.008066000152425304
snoU13|ENSG00000238939.1,0.008054618000722746
RNY4P20,0.008054618000722746
RN7SKP268,0.008054618000722746
POMC,0.00804447678927213
SKOR1,0.0080416197555438
GBF1,0.008034635183914979
TBC1D22A,0.008034028142799295
PITX3,0.008033443495250567
ELOVL3,0.008033443495250567
PINK1,0.008029223069653521
CDA,0.008029223069653521
DDOST,0.008029223069653521
DYRK4,0.008028779420097278
FAM43B,0.008026813880126169
MUL1,0.008026813880126169
ANKRD1,0.008019837418519965
RPP30,0.008019837418519965
HTR7,0.008019837418519965
RNA5SP325,0.008014239689458448
MIR4451,0.008012311939914361
NFXL1,0.008009828643713744
MAEA,0.007998670779525206
snoU13|ENSG00000238938.1,0.00799696861528323
CORIN,0.007995514276916416
PDCD7,0.007994481321395483
CLPX,0.007994481321395483
CAMK2N1,0.007994083509696642
LAMA2,0.007992438013125013
ZNF518B,0.007990821297280787
SPSB2,0.007989556458687467
LRRC23,0.007989556458687467
RPL13P5,0.007989556458687467
RN7SL348P,0.007989264948029219
ARHGAP18,0.007986942913331291
SLC51B,0.007986048934856427
UBAP1L,0.007986048934856427
RASL12,0.007986048934856427
MTFMT,0.007986048934856427
KBTBD13,0.007986048934856427
PSD,0.007985568096000225
MIR146B,0.007985568096000225
NFKB2,0.007985568096000225
CUEDC2,0.007985568096000225
FBXL15,0.007985568096000225
RN7SKP143,0.007985517720830658
SHPRH,0.007984376734230067
SUCLA2,0.007982839655379569
LINC00562,0.007982839655379569
LINC00865,0.007982736902967342
CRIPAK,0.007974076205088861
UVSSA,0.007974076205088861
BCL2L13,0.007970163726959205
AS3MT,0.007966198358603424
CYP17A1,0.007966198358603424
C10ORF32,0.007966198358603424
C10orf32,0.007966198358603424
MIR572,0.007961769202710144
HS3ST1,0.007960408436748962
RNA5SP156,0.007960408436748962
CLNK,0.007960387740688708
GRM1,0.00795668719114188
NT5C2,0.007943173764150257
DSTNP2,0.007941911936009936
SPP1,0.007940595880630246
NUDT15,0.007934016071920786
KLHL8,0.007921325362441601
ANKDD1A,0.007912543737779141
SPG21,0.007911926263249965
RN7SL856P,0.007911404335532524
EFR3B,0.007911404335532524
GABRB1,0.007906540322235393
EPM2A,0.007901794350043595
ATN1,0.007899067818303669
C12orf57,0.007899067818303669
PTPN6,0.007899067818303669
MIR141,0.007899067818303669
MIR200C,0.007899067818303669
SCARNA12,0.007899067818303669
CNNM2,0.007896674151647022
LINC00444,0.007894295669628026
POU3F2,0.007893487419429985
FBXL4,0.007893487419429985
RN7SL691P,0.007887096542345984
WBP1L,0.007873490584159658
SFXN2,0.007873490584159658
LINC00502,0.007873472787219244
MMRN1,0.007862652177069966
FAM19A5,0.00786128189672494
SNORA31|ENSG00000253051.1,0.007851111833955047
TPT1,0.007851111833955047
SNORA31|ENSG00000199477.1,0.007851111833955047
TAF5,0.00784979035431115
CALHM1,0.00784979035431115
CALHM2,0.00784979035431115
PDCD11,0.00784979035431115
MIR1307,0.00784979035431115
USMG5,0.00784979035431115
GPRC6A,0.007848762242494494
MED4,0.007846786675996014
FBXO30,0.007846605533680393
SIAH3,0.007840410101110164
SPERT,0.007840410101110164
CILP,0.007832329937223414
CENPO,0.007823691525787707
SNORA24|ENSG00000206903.1,0.007818822681897694
U8|ENSG00000202269.1,0.007815505611527305
DMP1,0.00781533509209284
DSPP,0.00781533509209284
CALHM3,0.007813253051951055
NEURL,0.007812232974981613
ADCY3,0.0078103771221322135
DNAJC27,0.0078103771221322135
SNORD14,0.0078103771221322135
VNN1,0.007809032405270708
VNN3,0.007809032405270708
CNGA1,0.0077993750169201735
INA,0.007795626916784241
PCGF6,0.007795626916784241
LINC00563,0.007789564922062382
RN7SKP5,0.007789564922062382
snoU13|ENSG00000238483.1,0.007789564922062382
LRRC63,0.007789564922062382
KIAA0226L,0.007782453955607747
snoU13|ENSG00000238652.1,0.00777305709514243
RN7SL524P,0.007769250374126769
RPS12,0.007768164116179808
SNORA33|ENSG00000200534.1,0.007768164116179808
SLC18B1,0.007768164116179808
SNORD101,0.007768164116179808
SNORD100,0.007768164116179808
C9orf53,0.007762086127158377
FAM53A,0.007749227507138902
HNRNPD,0.007749204115822031
SNORD42|ENSG00000202440.1,0.007748880194757546
WHSC1,0.007747474747474748
MEPE,0.007744850787811305
RN7SKP238,0.007736717120614536
WAPAL,0.007731458346239358
OPN4,0.007730549762185007
MIR346,0.007729847674506646
TACC3,0.007728460768017732
TMEM129,0.007728460768017732
SLBP,0.007728460768017732
DNAH5,0.0077284193002095354
SCARNA22,0.00772826098538124
U4|ENSG00000272160.1,0.007725824175824169
RN7SL288P,0.0077246251706985765
RN7SKP84,0.007722936929123564
CTBP1,0.007718996398585008
ARL3,0.0077189555471653135
SPON2,0.0077177390998593555
FASTKD3,0.007716503570634733
C5orf49,0.007716503570634733
DGKQ,0.007706904607911728
TMEM175,0.007706904607911728
PCGF3,0.007706904607911728
MIR571,0.007706904607911728
MFSD7,0.007706904607911728
PDE6B,0.007706904607911728
ABCA11P,0.007706904607911728
PIGG,0.007706904607911728
RN7SL358P,0.007706904607911728
CPLX1,0.007706904607911728
ATP5I,0.007706904607911728
SLC26A1,0.007706904607911728
ZNF141,0.007706904607911728
MYL5,0.007706904607911728
ZNF595,0.007706904607911728
ZNF718,0.007706904607911728
ZNF721,0.007706904607911728
IDUA,0.007706904607911728
ZNF732,0.007706904607911728
GAK,0.007706904607911728
ZNF876P,0.007706904607911728
FGFRL1,0.007706904607911728
RNF212,0.00770591201277703
SNORA48|ENSG00000212458.1,0.00770591201277703
SLK,0.00770533187821439
IBSP,0.007698719655347669
MTRR,0.007698425273140732
ARHGAP24,0.007682569903143673
RNA5SP322,0.007680006332555524
COL17A1,0.007656417662704303
MIR936,0.007656417662704303
TMED11P,0.007652224759440879
LCP1,0.007633887823619731
NELFA,0.0076298880151728235
MIR943,0.0076298880151728235
RN7SL671P,0.007617685291735923
RHD,0.00761040416914115
TMEM50A,0.00761040416914115
SYF2,0.00761040416914115
C1orf63,0.00761040416914115
snoU13|ENSG00000238889.1,0.00761040416914115
FGFR3,0.007607813365724761
COX7A2L,0.007606970745632968
TAAR9,0.007600454264956776
STX7,0.007600454264956776
TAAR8,0.007598665207763988
C4orf48,0.007594065656565655
DUSP5,0.007592662400890245
NAT8L,0.007592499360695561
POLN,0.007575797532284873
MIR4258,0.007567496360865895
PYGO2,0.007567496360865895
SHC1,0.007567496360865895
CKS1B|ENSG00000173207.8,0.007567496360865895
FLAD1,0.007567496360865895
PTRHD1,0.007563577470501909
GRXCR1,0.007560263148953074
LENEP,0.007559239144314007
TAAR5,0.00755615306032493
RN7SKP278,0.007555818529943622
snoU13|ENSG00000238316.1,0.007546130275376667
MAPK10,0.007543159475997965
NIPAL1,0.007540239086967785
EML4,0.007538557803422036
RN7SKP248,0.00753597252669542
ITPRIP,0.007530724139508441
ZBTB7B,0.0075304921130812975
EFNA4,0.007524482221446625
ADAM15,0.007524482221446625
DCST1,0.007524482221446625
DCST2,0.007524482221446625
LINC00330,0.007523077561924288
LINC00326,0.007517327642937322
RN7SKP48,0.007515379395867943
SFR1,0.0075125569358854595
PKDCC,0.007507788244942305
C2orf91,0.007507117257685736
RN7SL679P,0.007503177937752559
EYA4,0.007499491928928115
ZC3H13,0.00749942333953627
ENOPH1,0.007498529702043237
SMNDC1,0.007497280567533724
LINC00575,0.007494121338806254
MIR4637,0.007492192657653775
HNRNPDL,0.007487799816782151
TAAR3,0.00748753104921722
TAAR1,0.00748753104921722
TAAR2,0.00748753104921722
EFNA3,0.0074834430039243
GSTO1,0.007482914333139465
GSTO2,0.007482914333139465
MIR4311,0.007479346763404335
IGDCC4,0.00747233585468765
ZNF683,0.007470107313940103
FAM46B,0.007466333931008643
VNN2,0.007461010532495862
KCNA5,0.007455854394427046
RN7SL501P,0.007450531217384319
TAAR6,0.007450116418359351
NDUFA9,0.007448203659122356
AKAP3,0.007446644749898618
RN7SL490P,0.007441552706933921
AIM1L,0.007441552706933921
RN7SL450P,0.007435192655445814
ADD3,0.007435192655445814
LETM1,0.007433653518305417
LINC00898,0.007428278329229073
MIR4425,0.007421320951641825
RUNX3,0.007421320951641825
CLIC4,0.007416630984558568
TMEM150C,0.007416602979061543
THAP9,0.007413930630279536
CD52,0.007412750555302802
MXI1,0.007412505216302682
SAMD3,0.0074116156044598805
TMEM200A,0.007410455993801726
MIR4452,0.007409952549673814
NR0B2,0.0074036047849707
SEC31A,0.007402330207157646
ARID1A,0.007399931757968259
PTPN13,0.0073951964573196315
RCAN3,0.007391836379693312
RN7SL857P,0.007391836379693312
NCMAP,0.007391836379693312
snoU13|ENSG00000238986.1,0.007390123638504562
SRRM1,0.007390123638504562
ANKH,0.007383050604207925
SLC9A1,0.007380027832044317
RNA5SP88,0.007378500101408982
PIGV,0.007374354376856579
RN7SL165P,0.007374354376856579
L3MBTL3,0.0073692128501280105
RAB11A,0.007367892610888123
SCD5,0.007353529474286236
PRKG2,0.007348766822384975
BMP3,0.007346301985534903
snoR442|ENSG00000252834.1,0.00734532009980818
LRCH1,0.007342870815977125
MIR575,0.007338274816655618
TRIO,0.007327774111624378
ANO2,0.007316541982690934
SLC10A6,0.007314503073239139
C4orf36,0.007314503073239139
KCNA6,0.0073139591404715225
UBXN11,0.007310481173227711
SH3BGRL3,0.007310481173227711
MARCH11,0.007295522259536723
KIF20B,0.007293887002161166
ADGB,0.007293766705330569
PBXIP1,0.007290637803461135
ID3,0.007288402868841498
IRX1,0.007288395009660376
VTA1,0.007285729355033149
GJE1,0.007285729355033149
NMBR,0.007285729355033149
GPR126,0.007285729355033149
MTHFD1L,0.007266555310343538
RN7SL532P,0.0072577474777209905
RPL11,0.0072577474777209905
DENND4A,0.007257474014613552
MFSD2B,0.007256779489137302
FKBP1B,0.007256779489137302
SF3B14,0.007256779489137302
FAM228B,0.007256779489137302
TP53I3,0.007256779489137302
PFN4,0.007256779489137302
FAM228A,0.007256779489137302
SLC7A11,0.0072551430930104625
CPB2,0.007253717619893673
SNORD75|ENSG00000221300.1,0.007251659154955447
MEX3A,0.0072491425552492685
PMVK,0.007245214945269978
ITM2B,0.007245136110328931
PNLIPRP2,0.007242843232716651
C10orf82,0.007242843232716651
RN7SKP79,0.00723952034378402
PAPD7,0.0072394263047207644
PTPLAD1,0.007233907070083345
C1orf172,0.007233434581315065
TCEB3,0.007232819064950364
GALE,0.007232819064950364
PITHD1,0.007232819064950364
LYPLA2,0.007232819064950364
HSPA12A,0.007230581443872589
IL22RA1,0.0072269382075093045
WDTC1,0.007225733936360958
PIF1,0.00722493100275989
PLEKHO2,0.00722493100275989
ZNF622,0.0072240965584546065
OBFC1,0.007217045755825063
FAM105A,0.0072130227618473495
E2F2,0.007207489228463625
FUCA1,0.007204364813873211
HMGCL,0.007204364813873211
PNRC2,0.0072034549201166875
MIR378F,0.0072034549201166875
SRSF10,0.0072034549201166875
AKNAD1,0.007201852999321355
CLCC1,0.0072017349738868735
IGDCC3,0.0071997085875603346
CDS1,0.007199251944791707
GPSM2,0.007198090938597271
SPATA42,0.007198090938597271
SPRYD7,0.007197873604043181
STXBP3,0.007196785282228322
HNRNPR,0.007189839965745182
ZNF436,0.007189839965745182
C1orf213,0.007189839965745182
TCEA3,0.007189839965745182
PTPRVP,0.007185481694290295
IFNLR1,0.007181604089169592
FAM105B,0.007175025115531441
CHIA,0.007171354275436026
CYSLTR2,0.007167988775237496
NTF3,0.007165739086916382
TRNP1,0.0071655136885487225
MED10,0.007155794231130915
UBE2QL1,0.007155703041736236
RNY4P30,0.007154559640399196
RNY4P9,0.007154559640399196
FAM134B,0.007154238066534626
GRHL3,0.007154140016592181
MIR107,0.007152318616857055
SSR2,0.007152256624160131
snoU13|ENSG00000238571.1,0.007150004803447497
LGR6,0.007150004803447497
NIPAL3,0.0071497243557149355
MIR3145,0.007144636544955477
HEBP2,0.007144636544955477
KIAA1244,0.007144636544955477
MYO10,0.00714372111713884
KCNA1,0.0071427724999209
PBOV1,0.007140538912695756
LINC00858,0.007138400754400103
NSUN2,0.007138006599832436
CCSER2,0.007136459688465807
snoU13|ENSG00000238311.1,0.00713566429968096
SLC24A1,0.00713566429968096
MIR4511,0.00713566429968096
STPG1,0.0071334332432360075
C2orf44,0.007133072453739598
RN7SL610P,0.007133072453739598
UST,0.007133044737167953
AFF1,0.0071277908303382645
SRD5A1,0.007125616240831188
PRMT8,0.0071255784789993094
RN7SL552P,0.007123332945302895
snoU13|ENSG00000239046.1,0.007116581958251176
KIAA1598,0.007111705383224375
ESD,0.007109195585914284
UBQLN4,0.007104043730747437
LAMTOR2,0.007104043730747437
RAB25,0.007104043730747437
ENO4,0.007103303658366956
PERP,0.007100500602302574
MIR1272,0.007099274510032262
snoU13|ENSG00000238715.1,0.007099143254090757
VWA9,0.007099143254090757
NUDC,0.007098181550566006
C12orf5,0.007087316173827007
PARP11,0.007083835952128265
RN7SKP96,0.007080313963565507
CCT3,0.007074010796347821
C1orf85,0.007074010796347821
VHLL,0.007074010796347821
PAQR6,0.007074010796347821
BGLAP,0.007074010796347821
RHBG,0.007074010796347821
TMEM79,0.007074010796347821
TSACC,0.007074010796347821
SMG5,0.007074010796347821
WDFY3,0.007072411614684486
FGF6,0.0070701566675007675
PTPN7,0.007068712172850907
ARL8A,0.007068712172850907
GPR37L1,0.007068712172850907
RBM15,0.0070639648075666505
RPS17L,0.007063676747318727
GINM1,0.007063481631758915
CPEB1,0.00706205205194911
RN7SL234P,0.007061824346848779
GOLGA6L9|ENSG00000197978.8,0.00705855073059876
RN7SL410P,0.00705855073059876
CSPG4P8,0.00705855073059876
GOLGA6L10|ENSG00000205281.6,0.00705855073059876
UBE2Q2P3,0.00705855073059876
UBE2Q2P2,0.00705855073059876
GOLGA6L10|ENSG00000254374.2,0.00705855073059876
GOLGA6L9|ENSG00000196648.6,0.00705855073059876
RN7SL256P,0.00705855073059876
RPS17,0.00705855073059876
RN7SL61P,0.00705855073059876
KCNA3,0.007057695011011519
KCNA2,0.007057695011011519
SLC16A4,0.007055767158224505
PAX7,0.007046124268408874
GYPB,0.00704590322244353
GYPE,0.00704590322244353
GYPA,0.00704590322244353
GUSBP5,0.007043115888353001
UBE2T,0.007039237304030775
EFCAB4B,0.007038820291130621
ELF3,0.007034081603710996
RNPEP,0.007034081603710996
SNORA70|ENSG00000206637.1,0.007034081603710996
TIMM17A,0.007034081603710996
RNA5SP176,0.007030303375717404
GPR3,0.00702976556854979
TMEM222,0.00702976556854979
MAP3K6,0.00702976556854979
FCN3,0.00702976556854979
CD164L2,0.00702976556854979
SYTL1,0.00702976556854979
IPO9,0.00702662482330176
RNA5SP179,0.007022124630442887
LMOD1,0.007018733445261277
SMARCA5,0.0070182603304197975
LINC00462,0.007014122063218257
ADCY2,0.007012693563249015
SHISA4,0.007008184159602557
NHSL1,0.007007049902249253
RN7SKP73,0.0070053545272684755
IFFO2,0.007003924504332832
HTR2A,0.007003581567203182
C9,0.0070022286410103916
MIR4695,0.007001440497255111
MIR1290,0.007001440497255111
KIAA0947,0.007001384938931604
RGR,0.006999428693359774
KLHDC7A,0.006999285513361466
SUMO4,0.006998547494547153
TAB2,0.006998547494547153
DNAJC21,0.006996627304392151
RAD1,0.006996627304392151
BRIX1,0.006996627304392151
MTAP,0.006994531037462591
FGF23,0.006993902421486483
TAS1R2,0.006992406197540944
ALDH4A1,0.006992406197540944
CT49,0.00699191193282202
HECTD2,0.006991335035379952
C1orf61,0.006990826938890289
PAPSS2,0.006984119575547298
UBXN2A,0.006982617306338652
GAB1,0.006980861769079245
MIR3139,0.006980861769079245
DAB2,0.006976580862571857
CD53,0.0069710524720259254
MIR1231,0.006958269477979629
LRIT2,0.006957303432658099
CDHR1,0.006957303432658099
C10orf99,0.006957303432658099
LRIT1,0.006957303432658099
PANK1,0.006955060203766598
KCND3,0.006954372444270785
SNORA25|ENSG00000200536.1,0.0069541029769403405
AP3B2,0.0069538864152844685
EMC1,0.0069510684633183615
AKR7A3,0.0069510684633183615
AKR7L,0.0069510684633183615
UBR4,0.0069510684633183615
MRTO4,0.0069510684633183615
MFGE8,0.006951043475642197
HAPLN3,0.006951043475642197
ACAN,0.006947781045784443
LRIF1,0.006946591575103918
TSPAN9,0.006945970636946787
RN7SL700P,0.006938231655087087
KCNK18,0.006935950758102657
MIR3663,0.006935950758102657
VAX1,0.006935950758102657
MIR5191,0.006933744447443427
WNT2B,0.006922501195761277
CTTNBP2NL,0.006922501195761277
RNA5SP54,0.006920938285244645
GSTM5,0.0069190654872979835
EPS8L3,0.0069190654872979835
snoU13|ENSG00000238761.1,0.006918344662189016
KATNA1,0.006914773647265005
SNORA2|ENSG00000202343.1,0.006914773647265005
PPIL4,0.0069144259984189145
ZC3H12D,0.0069144259984189145
KCNC4,0.006912322067353366
snoU13|ENSG00000239111.1,0.006905046449431083
CACNA2D4,0.006902128112425547
MIR2113,0.006900655254354794
AMD1,0.006896998284386293
SNORA40|ENSG00000212587.1,0.006896998284386293
LAMTOR5,0.006896942732838553
KCNA10,0.006896004357212699
TARS,0.006895953331634247
RN7SL69P,0.006895072753890797
IYD,0.006886280728824379
DLEU7,0.00688559267755872
RNA5SP28,0.00688559267755872
KCNRG,0.00688559267755872
RNA5SP29,0.00688559267755872
RNASEH2B,0.00688559267755872
GUCY1B2,0.00688559267755872
MIR3613,0.00688559267755872
DLEU1,0.00688559267755872
DLEU2,0.00688559267755872
TRIM13,0.00688559267755872
LINC00441,0.006884595991015474
GSTM4,0.00688078765300692
GSTM1,0.00688078765300692
GSTM3,0.00688078765300692
GSTM2,0.00688078765300692
LINC00603,0.0068791663126893795
snoU13|ENSG00000238594.1,0.006877718090122009
MRPS18C,0.006873113037697698
TEAD4,0.006872560609067565
FREM3,0.006871557669832598
MEF2D,0.00686735489478461
LMNA,0.0068583008763388464
CYMP,0.006856159484483994
PROK1,0.006856159484483994
RPS10P7,0.0068561253105085705
CCND2,0.006851213331837699
LINC00499,0.006851186020913605
LINC00498,0.006851186020913605
LINC00500,0.006850850302696764
MIR4465,0.006846047512786592
DCP1B,0.006843185812200335
LARP1B,0.006842306487572095
USP38,0.006841928527925466
MIR1256,0.006839388609909056
SMPDL3B,0.006837677629994385
RPA2,0.006837677629994385
XKR8,0.006837610726041697
RN7SL559P,0.006837610726041697
EYA3,0.006837610726041697
BTBD1,0.006834044566010964
TM6SF1,0.006831026540118669
HDGFRP3,0.006831026540118669
MIR4515,0.006831026540118669
LATS1,0.006830880742158852
AMPD2,0.006830666729542377
MIR197,0.006830666729542377
GNAT2,0.006830666729542377
LINC00940,0.006829722243793845
FOXM1,0.006828430822684148
RHNO1,0.006828430822684148
TULP3,0.006828430822684148
NRIP2,0.006827429899418721
CDK19,0.006825899683240123
FAM13A,0.006824480727287546
PPP1R14C,0.006824203979388708
PPAPDC1B,0.0068230515744324705
PEX14,0.006822590516529529
PLA2G2F,0.006822149630234567
PLA2G2C,0.006822149630234567
UBXN10,0.006822149630234567
VWA5B1,0.0068194728006896275
LINC00604,0.006817608246254919
LRTM2,0.006816258675387356
AGPAT9,0.006810592840853488
MDS2,0.0068072630931035345
FSD2,0.006807262799617473
SCARNA15|ENSG00000252690.2,0.006807262799617473
WHAMM,0.006807262799617473
RN7SL205P,0.006804686682707392
SNORA70|ENSG00000252014.1,0.006804686682707392
NUP43,0.0068044594298558945
RAET1G,0.006804407044413335
RNY1P7,0.006803951836986712
ATP12A,0.006803951836986712
GNAI3,0.006803531369365602
OTUD3,0.00680188625742934
PLA2G2A,0.006801364502518038
RN7SL304P,0.006801364502518038
PLA2G5,0.006801364502518038
PLA2G2E,0.006801364502518038
SLC18A2,0.006797384893587419
PLA2G2D,0.006796685722063431
SORCS1,0.006796364193487026
CTNND2,0.006794508050284327
SLC45A2,0.006793022399682831
C1QTNF3,0.006793022399682831
AMACR,0.006793022399682831
CSF1,0.006792349122510302
RAI14,0.006791062781411941
LIPK,0.0067892525965956045
LIPF,0.0067892525965956045
LIPM,0.006788555297504904
LIPN,0.006788555297504904
CD9,0.006787108223389964
FAM154B,0.006786594206624218
ITFG2,0.006786501341754899
NAV1,0.006782570046934999
AKR7A2,0.006782258064516136
PQLC2,0.006782258064516136
RN7SL85P,0.006782258064516136
HP1BP3,0.006779967833753727
snoU13|ENSG00000239027.1,0.0067794961662356575
COPS4,0.006777516180557477
COQ2,0.006774653999205974
HPSE,0.006774653999205974
HELQ,0.006774653999205974
RN7SL277P,0.00677415384964385
PABPC3,0.006771799056146065
IFIT1B,0.0067710328461611955
IFIT1,0.0067710328461611955
FAS,0.006770920378565926
ACTA2,0.006770920378565926
STAMBPL1,0.006770920378565926
AGXT2,0.0067696315804378045
C5orf28,0.006767873021266956
EMX2,0.006766970371400754
EMX2OS,0.006766970371400754
FAM175A,0.006765162636530667
PDZD8,0.006764584782306298
STRIP1,0.006763864857481093
CDCA3,0.006763270142861665
GNB3,0.006763270142861665
ASAP3,0.006762327602493857
MINPP1,0.006760460892205422
PLEKHG6,0.0067592434400697236
TNFRSF1A,0.0067592434400697236
NBL1,0.006758160927362647
MINOS1,0.006758160927362647
RNF186,0.006754877274170866
MRPL46,0.006752958772924848
ALX3,0.0067528263103802545
UBL4B,0.0067528263103802545
CLVS2,0.006747165034630995
DPP8,0.006746090841399848
RAB11FIP2,0.0067460425650299125
NANOS1,0.006745666991236609
EIF3A,0.006745666991236609
CACNA1C,0.006744226714872048
CENPJ,0.00674183683970654
TPTE2P1,0.00674183683970654
RNF17,0.00674183683970654
ULBP2,0.006741463554018916
USP5,0.006739805970449754
RN7SKP106,0.006738738916645277
ADAMTS16,0.006738012869103338
FNDC7,0.006736980319258804
PMF1,0.006735418695228814
MIR1179,0.006734453266947072
AEN,0.006734453266947072
ISG20,0.006734453266947072
RXFP3,0.006732936878769852
PRLR,0.006732707501486706
KLHL29,0.00672841479855402
RCBTB2,0.006728346169732019
ATPIF1,0.006728162549843448
MED18,0.006728162549843448
SESN2,0.006728162549843448
GAPDH,0.006725913845817538
NOP2,0.006725913845817538
IFFO1,0.006725913845817538
DET1,0.00672098696031882
ACRBP,0.00671966958027375
ING4,0.00671966958027375
RN7SL391P,0.006717452017521899
SLC6A17,0.006716217622646899
VAMP1,0.00671589310829816
MRPL51,0.00671589310829816
SCARNA10,0.00671589310829816
NCAPD2,0.00671589310829816
PTAFR,0.006711918270131403
ZNF384,0.00671190092010158
CAPZB,0.006711367451567543
DDX20,0.006707600999723792
CACUL1,0.006707226317985808
SEMA4A,0.006706028886725079
SLC25A44,0.006706028886725079
SNORA26|ENSG00000252236.1,0.006706028886725079
ANKRD33B,0.006705829673641597
ADORA3,0.006704542545523131
C1orf162,0.006704542545523131
FAM212B,0.006703774563631338
RAP1A,0.006703774563631338
SCARNA11|ENSG00000251898.1,0.006703326919371018
LINC00864,0.00670305743157751
ATAD2B,0.00670032450876292
PRH1,0.0066954664584843605
PTGER4,0.006694574236117008
XPNPEP1,0.006693576493937122
SUB1,0.006692376745108033
SNORA63|ENSG00000199552.1,0.00669173109053323
U3|ENSG00000252189.1,0.006691283838240178
TTC33,0.0066909070314048625
MIR2276,0.006690493353709515
LPAR5,0.006687484720101002
CD27,0.0066840907848906474
LIN54,0.006681887008466515
C4orf22,0.006681064283147499
VWF,0.006678456277198214
NPR3,0.006677325630787529
LINC00863,0.006677257365221643
NUTM2A,0.006677257365221643
RN7SL733P,0.006677257365221643
NUTM2D,0.006677257365221643
FAM35A,0.006676936832575112
GLUD1,0.006676936832575112
CNKSR1,0.006673704414587329
CATSPER4,0.006673704414587329
SCNN1A,0.006671403794879749
MEX3B,0.006670089152587678
CHD4,0.0066680098596693955
LSP1|ENSG00000269099.1,0.006667725194430955
LDLRAP1,0.006665529295267183
TMEM57,0.006665529295267183
snoU13|ENSG00000238674.1,0.006660021436227228
IFIT2,0.006659375017573061
IFIT3,0.006659375017573061
ADAMTS12,0.006658955625407075
RHCE,0.006657977308247534
BMPR1A,0.006657918562214261
ANKRD22,0.006655978496195787
LTBR,0.006655118658302617
DNAJC8,0.006654909412048066
FGF10,0.006654073570639708
MRPS11,0.0066537608287575685
snoU13|ENSG00000238878.1,0.006650204723047195
PLAC8,0.006648828813856648
TAPBPL,0.006648014404091117
HTR6,0.0066466414863209505
TMCO4,0.006645904223946285
ADIRF,0.006642206839154465
MMRN2,0.006642206839154465
SNCG,0.006642206839154465
AGAP11,0.006642206839154465
FAM25A,0.006642206839154465
TMEM9,0.006641521000215004
PRKAA1,0.0066413530427887665
TPI1,0.00663795915197639
CEP85,0.006635243810588203
PLEKHG1,0.006634125782209905
EIF4G3,0.006633507270266818
PKP1,0.006633208748679047
PRDM2,0.006632585950630002
LDB3,0.0066214265396103
snoU13|ENSG00000238991.1,0.006621079801382229
CSRP1,0.006620898198935915
NNT,0.006620505196386593
TNNI1,0.006620006130113952
TNNT2,0.006620006130113952
PHLDA3,0.006620006130113952
LAD1,0.006620006130113952
CMBL,0.006618726140245119
BASP1,0.006618131978529809
RAET1L,0.006615689882711578
ULBP3,0.0066156294726667795
SNORD11|ENSG00000238819.1,0.0066136905493425135
RAET1E,0.006610490422988642
LRP11,0.006610490422988642
CCL28,0.006604230736555932
GPR162,0.006597979745684961
LEPREL2,0.006597979745684961
CD4,0.006597979745684961
TMEM167B,0.006593899259638508
SCARNA2,0.006593899259638508
WDR47,0.006593899259638508
C1orf194,0.006593899259638508
TAF13,0.006593899259638508
GTF3C6,0.006591951622126963
snoU13|ENSG00000238775.1,0.006591951622126963
RPF2,0.006591951622126963
ABRACL,0.006591226472952218
RAET1K,0.006589713563449138
ULBP1,0.006589713563449138
IGFN1,0.006588189008797161
KIF21B,0.006587681215775429
FYB,0.0065819783082717385
ASCL5,0.006580883193880858
CACNA1S,0.006580883193880858
HMGCS1,0.006577894826267935
NIM1,0.006577218021691723
RICTOR,0.00657561238070965
MIR4277,0.006573618338187278
MRPL36,0.006573618338187278
SDHAP3,0.006573618338187278
IRX4,0.006573618338187278
LPCAT1,0.006573618338187278
NDUFS6,0.006573618338187278
SNCA,0.006568988360953139
SLC16A12,0.006567190953106633
ZDHHC20,0.006563399267610499
SPEF2,0.006561532580069659
TTC23L,0.006556738311669919
MAP2K1,0.006556337603864832
MYOM3,0.006553764157228515
U3|ENSG00000201368.1,0.0065532353524197845
LCTL,0.006552793738257859
PRDM9,0.0065516802489906725
PSMA5,0.006550737329982958
SYPL2,0.006550609333000996
ATXN7L2,0.006550609333000996
CYB561D1,0.006550609333000996
AMIGO1,0.006550609333000996
NIT1,0.00654917008969738
UFC1,0.00654917008969738
DEDD,0.00654917008969738
ACA64|ENSG00000238934.1,0.00654917008969738
NDUFS2,0.00654917008969738
ADAMTS4,0.00654917008969738
USP21,0.00654917008969738
B4GALT3,0.00654917008969738
PPOX,0.00654917008969738
SNORA19|ENSG00000222588.1,0.006547245792182498
SNORA19|ENSG00000207468.1,0.006547245792182498
PRDX3,0.006547245792182498
FAM45A,0.006547245792182498
SFXN4,0.006547245792182498
C15orf40,0.0065468179621384305
FAM103A1,0.0065468179621384305
HOMER2,0.0065468179621384305
PPP1R8,0.006546036609842911
STX12,0.006546036609842911
THEMIS2,0.006546036609842911
SCARNA1,0.006546036609842911
COPS7A,0.006545183919650011
PIANP,0.006545183919650011
ITLN1,0.006544530136641802
ITLN2,0.006544530136641802
PIAS1,0.00654222637598908
ARL11,0.006540411006321132
MLNR,0.006539803922612802
CDADC1,0.006539803922612802
SDHC,0.0065391650599379665
C1orf192,0.0065391650599379665
CD244,0.006535577164892281
KPNA3,0.006534808795258363
EBPL,0.006534808795258363
KIAA1324,0.006534333506241534
CDH18,0.006534318314407039
C5orf38,0.006533053305900524
IRX2,0.006533053305900524
RN7SL572P,0.006532929438758406
PCMT1,0.006531216961453844
LINC00566,0.0065301173553242295
C1QTNF9,0.0065301173553242295
ATP5F1,0.006529469129423925
WDR77,0.006529469129423925
STARD5,0.006527367890672394
IL16,0.006527367890672394
TMC3,0.006527367890672394
RNU6V,0.0065265324270248806
GPR61,0.0065265324270248806
ROPN1L,0.006526530612244891
RNA5SP25,0.006526260776794204
RNA5SP180,0.006523433508424466
SUFU,0.006520966607685675
TAS2R1,0.006520703808949742
EFTUD1,0.006518519470637216
SH2D5,0.006517831007630685
KIF17,0.006517831007630685
U3|ENSG00000251836.1,0.00651661566281819
PGCP1,0.006515699840340605
PIFO,0.006515699840340605
KIF14,0.006515629503232026
DDX59,0.006515629503232026
OVGP1,0.006515430373010149
SNORD123,0.006514813858032651
HECA,0.006513727583179598
CAMSAP2,0.006513598331145086
SH3PXD2A,0.006509187423438137
CELSR2,0.006508195175187447
SARS,0.006508195175187447
RN7SKP101,0.006507990664874051
PDCD6,0.006507420536991542
TPPP,0.006507420536991542
SLC9A3,0.006507420536991542
SDHA,0.006507420536991542
PLEKHG4B,0.006507420536991542
AHRR,0.006507420536991542
BRD9,0.006507420536991542
LRRC14B,0.006507420536991542
C5orf55,0.006507420536991542
MIR4456,0.006507420536991542
TRIP13,0.006507420536991542
ZDHHC11B,0.006507420536991542
CEP72,0.006507420536991542
EXOC3,0.006507420536991542
ZDHHC11,0.006507420536991542
CCDC127,0.006507420536991542
MYBPHL,0.006506841101851914
SORT1,0.006506841101851914
PSRC1,0.006506841101851914
GPATCH4,0.006506554925460894
APOA1BP,0.006506554925460894
TTC24,0.006506554925460894
snoU13|ENSG00000238843.1,0.006506554925460894
IQGAP3,0.006506554925460894
LAG3,0.006506084635540259
RN7SL380P,0.006506084635540259
MLF2,0.006506084635540259
PTMS,0.006506084635540259
FKBP4,0.006504471078207199
CBX3P4,0.006504471078207199
ADIPOR2,0.006502992703039305
TACC1,0.006502991944764092
SLC6A3,0.006501390638268772
WASF1,0.006499286423430133
DENND2D,0.006498858132187191
CEPT1,0.006498858132187191
CHI3L2,0.006498858132187191
DRAM2,0.006498858132187191
MIPEPP3,0.006497419336235977
SAP18,0.006490052189959919
SNORD27|ENSG00000252128.1,0.006490052189959919
MRP63,0.006490052189959919
SKA3,0.006490052189959919
RN7SL80P,0.006490052189959919
IFIT5,0.006489835741077099
LPAR6,0.006483071746155155
MARCH6,0.006478994804672913
RPL31P11,0.0064780409087098634
FCGR3B,0.0064780409087098634
HSPA6,0.0064780409087098634
FCGR2A,0.0064780409087098634
FCGR3A,0.0064780409087098634
FCGR2C,0.0064780409087098634
FCGR2B,0.0064780409087098634
SNHG12,0.006477339631225412
TRNAU1AP,0.006477339631225412
RAB42,0.006477339631225412
snoU13|ENSG00000238821.1,0.006477339631225412
SNORD99,0.006477339631225412
SNORA73B,0.006477339631225412
SNHG3,0.006477339631225412
RCC1,0.006477339631225412
PHACTR4,0.006477339631225412
C5orf34,0.0064772888171494855
PAIP1,0.0064772888171494855
CH25H,0.006476924461139635
AGPAT3,0.006473945581774936
RNU6ATAC27P,0.006472067599753792
RNA5SP177,0.006471971066907774
RN7SL383P,0.006471664825984771
DHRS11,0.006470488995417107
MRM1,0.006470488995417107
SNORD81|ENSG00000212278.1,0.006468532391859686
CHIAP2,0.006468206223347988
RNA5SP74,0.006467364772887294
GPR25,0.006466597741007252
RAD52,0.006466162753574417
CORT,0.0064651000126290945
DFFA,0.0064651000126290945
OPRD1,0.006462868306259532
C1orf106,0.006460568270713144
NR1I3,0.006459942157766791
PCP4L1,0.006459942157766791
FCER1G,0.006459942157766791
APOA2,0.006459942157766791
MIR5187,0.006459942157766791
TOMM40L,0.006459942157766791
SNAPC5,0.006457410622833006
MIR4512,0.006457410622833006
SNORD16,0.006457410622833006
SNORD18C,0.006457410622833006
SNORD18A,0.006457410622833006
SNORD18B,0.006457410622833006
ZWILCH,0.006457410622833006
RPL4,0.006457410622833006
SLFN13,0.006456941360984681
ADAM12,0.006455792613765255
YTHDF2,0.006454485240988036
LINC00867,0.006454082626234529
FAM204A,0.006454082626234529
LINC00364,0.006448492240352453
MPZ,0.006447757565596446
DHRS3,0.006442673674189065
CASZ1,0.006440040995948989
PRR4,0.0064388362237216305
RNY3P2,0.006437448490099534
SLFN14,0.006426008445883295
PEX12,0.006426008445883295
SNORD7,0.006426008445883295
snoU13|ENSG00000238538.1,0.006425552509476499
RN7SL24P,0.006425552509476499
CNR2,0.006425552509476499
FTH1P10,0.006419495393093939
RN7SKP133,0.006419495393093939
PCP4,0.006418850966939609
RNU11,0.006417326785666494
TAF12,0.006417326785666494
SCARNA24|ENSG00000252777.1,0.006417326785666494
GMEB1,0.006417326785666494
APITD1,0.006417313502433536
FANK1,0.006417120675105485
RCBTB1,0.006415958846114935
IGSF5,0.006414969991529142
DHX32,0.006410862447257383
DAP,0.006410729355033147
CAB39L,0.00641037261093922
ZNF281,0.006408389106696005
LINC00862,0.006408389106696005
ALPP,0.006401038852049418
ECEL1P2,0.006401038852049418
ALPI,0.006401038852049418
ALPPL2,0.006401038852049418
VPS13D,0.0063999290828370805
SLFN12,0.006399314368068838
SLFN11,0.006399314368068838
RNU6ATAC18P,0.006393808834529856
RNLS,0.006393287049583401
RN7SL852P,0.006393190270335568
RN7SL721P,0.006392541068809084
PGD,0.006392541068809084
EFTUD1P1,0.006390401135392561
MESDC2,0.006388795771678876
MIR579,0.006388162999461948
FAM76A,0.006386296732410952
SLAMF7,0.006386117864028845
LY9,0.006384466426355947
SNORA31|ENSG00000252762.1,0.006384131296844122
C1orf127,0.006383608420684495
CD84,0.006382299438343538
SLAMF1,0.006382299438343538
MTMR6,0.006381400785074745
MIR4682,0.00637933648629851
SEC23IP,0.00637933648629851
MCMBP,0.00637933648629851
RN7SL846P,0.00637933648629851
ZBED6,0.006373128256481668
LAX1,0.006373128256481668
SNORA77|ENSG00000221643.1,0.006373128256481668
ATP2B4,0.006373128256481668
GFRA1,0.006372168023865197
DIS3L,0.0063717279494328195
TIPIN,0.0063717279494328195
SCARNA14,0.0063717279494328195
FNDC3A,0.006371119587498152
RNA5SP326,0.006371035058430715
ZNF131,0.006370280066830899
CCT5,0.006365570194322445
PIK3C2B,0.006363040008762181
RNA5SP328,0.006362275105485235
MIR4514,0.006361854620613053
C15orf26,0.006361854620613053
MESDC1,0.006361854620613053
SNRPE,0.006361275836710428
ZC3H11A,0.006360579555944986
SETDB2,0.006359574615380525
PHF11,0.006359574615380525
SNORA48|ENSG00000252774.1,0.006358340930262677
SLAMF6,0.00635646324084165
ZFR,0.006356406988927582
LINC00303,0.006352427594623776
RRP1B,0.00634603050358368
HSF2BP,0.00634603050358368
CDC40,0.006344696264581781
MEGF11,0.00634447250080792
SNORA57|ENSG00000212567.1,0.006341018888228125
PLCXD3,0.006340327924560356
SIK1,0.006338990251709592
LINC00322,0.006338990251709592
LINC00319,0.006338990251709592
LINC00313,0.006338990251709592
CRYAA,0.006338990251709592
SNORA59A,0.006336783663794357
MIR4681,0.0063354847683961485
CCL4,0.006332673246956306
CCL3L3,0.006332673246956306
CCL3,0.006332673246956306
CCL4L1,0.006332673246956306
TBC1D3G,0.006332673246956306
TBC1D3C,0.006332673246956306
GGNBP2,0.006332673246956306
MYO19,0.006332673246956306
CCL3L1,0.006332673246956306
RN7SL301P,0.006332673246956306
RNA5SP439,0.006332673246956306
TBC1D3B,0.006332673246956306
PIGW,0.006332673246956306
CCL4L2,0.006332673246956306
TBC1D3H,0.006332673246956306
CCL18,0.006332673246956306
ZNHIT3,0.006332673246956306
GRID1,0.006331672561843114
LIPA,0.006330261093522424
PRAMEF1,0.0063296579461223895
PRAMEF21,0.0063296579461223895
PRAMEF22,0.0063296579461223895
PRAMEF2,0.0063296579461223895
PRAMEF3,0.0063296579461223895
PRAMEF4,0.0063296579461223895
PRAMEF5,0.0063296579461223895
PRAMEF6,0.0063296579461223895
PRAMEF7,0.0063296579461223895
PRAMEF8,0.0063296579461223895
PRAMEF9,0.0063296579461223895
PRAMEF15,0.0063296579461223895
PRAMEF13,0.0063296579461223895
PRAMEF12,0.0063296579461223895
PRAMEF14,0.0063296579461223895
PRAMEF16,0.0063296579461223895
PRAMEF17,0.0063296579461223895
PRAMEF18,0.0063296579461223895
HNRNPCL1,0.0063296579461223895
PRAMEF19,0.0063296579461223895
PRAMEF11,0.0063296579461223895
PRAMEF10,0.0063296579461223895
ADAMTSL3,0.0063254009105128736
NUDT6,0.006323054756917804
FGF2,0.006323054756917804
AADACL3,0.006322789667466512
snoU13|ENSG00000238771.1,0.006322789667466512
MDM4,0.0063204025911032516
RN7SL614P,0.006320283280064514
C1orf158,0.006318704644588443
GPR6,0.006318689501116899
C10orf85,0.006311128112393937
PPAPDC1A,0.006311128112393937
BCCIP,0.006309272573839655
IL7R,0.006308396341290739
SNORD72,0.006307303259422871
RPL37,0.006307303259422871
INPP5F,0.00630589094449854
AADACL4,0.006303136870124444
SH3GL3,0.006302949130582319
SLFN12L,0.0063024569360624364
RN7SL331P,0.006302338249036762
GOLGA6L5,0.006302338249036762
GOLGA6L4,0.006302338249036762
RN7SL417P,0.006302338249036762
CSPG4P5,0.006302338249036762
CAPSL,0.006300150086370457
C6,0.006297309772604988
RBP7,0.006297118625955687
RASGEF1B,0.006296073875635346
CCL14,0.006294718646952461
CCL16,0.006294718646952461
CCL15,0.006294309116051493
CCL23,0.006294309116051493
PDE9A,0.006290964644260154
WDR96,0.006288706274669937
MIR609,0.006288706274669937
ANGPTL7,0.006286369332698634
snoU13|ENSG00000271794.1,0.00628566987574924
RN7SKP274,0.0062837697242933985
UGT3A1,0.00628182822190128
MASP2,0.006280773677103468
TARDBP,0.006280773677103468
REN,0.00627868050883259
SOX13,0.00627868050883259
ETNK2,0.00627868050883259
GPR26,0.0062756781193490044
WNT5B,0.006273090983349584
MIR3649,0.006273090983349584
LINC00942,0.006273090983349584
FBXL14,0.006273090983349584
DRAXIN,0.006272938787802255
GOLT1A,0.006270164760369884
KISS1,0.006270164760369884
SRM,0.006269825232909447
EXOSC10,0.006269825232909447
RRP1,0.006269648875830206
CSTB,0.006269648875830206
HENMT1,0.006268021008527341
PRPF38B,0.006268021008527341
FAM102B,0.006268021008527341
OPTC,0.006265187307827416
PRELP,0.006264934695859135
MIR135B,0.006263909692741117
FBXO6,0.006263826418100398
MAD2L2,0.006263826418100398
FBXO44,0.006263826418100398
FBXO2,0.006263826418100398
LINC00558,0.006262690251883594
TAS2R8,0.0062623571070094175
TAS2R7,0.0062623571070094175
TAS2R9,0.0062623571070094175
ERC1,0.006261980159860103
NKD2,0.006260069303939953
MFSD4,0.006259617847247553
CDK18,0.006259617847247553
NUPL1,0.006258979108778417
CARD6,0.006258932970860585
PDPN,0.0062582696212246346
IL17D,0.006254541631052685
N6AMT2,0.006254541631052685
C10orf137,0.0062530497890295285
MMP21,0.0062530497890295285
CLSTN3,0.006252983355336383
LINC00458,0.0062523610447987165
IFI6,0.006250822918618033
FGR,0.006250822918618033
CALML4,0.006250786902075485
CLN6,0.006250786902075485
RNA5SP41,0.00625064845488017
SCARNA11|ENSG00000253085.1,0.00625064845488017
YBX3,0.006250393129983822
MIR4484,0.006248877637130795
UROS,0.006248877637130795
KIAA0101,0.006248676141656577
RN7SL595P,0.006248676141656577
ACTRT2,0.006248585025325201
ACAP3,0.006248585025325201
MIR200A,0.006248585025325201
PEX10,0.006248585025325201
MIB2,0.006248585025325201
MIR200B,0.006248585025325201
MIR429,0.006248585025325201
MMEL1,0.006248585025325201
MMP23B,0.006248585025325201
MORN1,0.006248585025325201
MRPL20,0.006248585025325201
MXRA8,0.006248585025325201
NADK,0.006248585025325201
NOC2L,0.006248585025325201
OR4F16,0.006248585025325201
OR4F29,0.006248585025325201
OR4F5,0.006248585025325201
PANK4,0.006248585025325201
PLCH2,0.006248585025325201
TMEM88B,0.006248585025325201
PLEKHN1,0.006248585025325201
PRKCZ,0.006248585025325201
PUSL1,0.006248585025325201
RER1,0.006248585025325201
RN7SL657P,0.006248585025325201
RNF223,0.006248585025325201
SAMD11,0.006248585025325201
SDF4,0.006248585025325201
SKI,0.006248585025325201
SLC35E2B,0.006248585025325201
SLC35E2,0.006248585025325201
SSU72,0.006248585025325201
TAS1R3,0.006248585025325201
TMEM240,0.006248585025325201
LINC00982,0.006248585025325201
LINC00115,0.006248585025325201
KLHL17,0.006248585025325201
ISG15,0.006248585025325201
AGRN,0.006248585025325201
ANKRD65,0.006248585025325201
ATAD3A,0.006248585025325201
ATAD3B,0.006248585025325201
ATAD3C,0.006248585025325201
AURKAIP1,0.006248585025325201
B3GALT6,0.006248585025325201
C1orf159,0.006248585025325201
C1orf170,0.006248585025325201
C1orf222,0.006248585025325201
C1orf233,0.006248585025325201
C1orf86,0.006248585025325201
CALML6,0.006248585025325201
CCNL2,0.006248585025325201
CDK11A,0.006248585025325201
CDK11B,0.006248585025325201
CPSF3L,0.006248585025325201
DDX11L1,0.006248585025325201
DVL1,0.006248585025325201
FAM132A,0.006248585025325201
FAM138A,0.006248585025325201
FAM213B,0.006248585025325201
FAM41C,0.006248585025325201
FAM87B,0.006248585025325201
GABRD,0.006248585025325201
GLTPD1,0.006248585025325201
GNB1,0.006248585025325201
HES4,0.006248585025325201
HES5,0.006248585025325201
TMEM52,0.006248585025325201
SCNN1D,0.006248585025325201
TNFRSF14,0.006248585025325201
TTLL10,0.006248585025325201
VWA1,0.006248585025325201
UBE2J2,0.006248585025325201
TNFRSF18,0.006248585025325201
TTC34,0.006248585025325201
TNFRSF4,0.006248585025325201
CTSE,0.006248044155153255
UBE4B,0.006245684253475432
TNFRSF8,0.006244057044600107
LINC00371,0.006243388492308407
CSNK1G1,0.006241811506483541
B4GALNT3,0.0062411448491280705
CCDC77,0.0062411448491280705
IQSEC3,0.0062411448491280705
KDM5A,0.0062411448491280705
NINJ2,0.0062411448491280705
RNU4ATAC16P,0.0062411448491280705
SLC6A12,0.0062411448491280705
SLC6A13,0.0062411448491280705
FAM138D,0.0062411448491280705
U3|ENSG00000252241.1,0.006240437708435306
BAG3,0.006240193350952845
RERE,0.006240136916480022
C7,0.006240101379095512
RNA5SP75,0.006239332822205879
SCARNA20|ENSG00000251861.1,0.006239332822205879
SNORD112|ENSG00000252946.1,0.006237729029431552
NFASC,0.006237729029431552
MIR1273D,0.0062376113545178176
CAPZA1,0.006234531444943903
C5orf17,0.006231383026689719
UGT3A2,0.0062313340696060916
MIR580,0.006229742587715569
LMBRD2,0.006229742587715569
AGTRAP,0.006227988964123698
RN7SL58P,0.00622570336959978
NPPB,0.006224588826175243
PLOD1,0.006224137093562091
KIAA2013,0.006224137093562091
MFN2,0.006224137093562091
MIIP,0.006224137093562091
RN7SL649P,0.006224137093562091
RBP5,0.006224129153615831
C1RL,0.006224129153615831
C1R,0.006224129153615831
NPPA,0.00622386022518629
PTPRO,0.006222341206465139
DMRTA1,0.006218778505016883
NUAK2,0.006217867426212078
RN7SL151P,0.0062171237693389595
C10orf88,0.006217074697454449
PSTK,0.006217074697454449
IKZF5,0.006217074697454449
RN7SL731P,0.006216248773521674
KIF1B,0.006216248773521674
SNORA40|ENSG00000252083.1,0.006211590536087416
SNORA18|ENSG00000252601.1,0.006211530385745995
TNFRSF1B,0.006211148566598992
MIR4632,0.006211148566598992
CNTN2,0.006210343114808797
TAS2R10,0.006206290079741261
OXCT1,0.006204781065750128
FAM173B,0.006204199316857539
LRRN2,0.006204182378620265
LEMD1,0.006203133124820528
XPO4,0.00620287760999634
SLC26A9,0.006202488616982992
PM20D1,0.006202488616982992
CLPTM1L,0.006202027254230339
PRAMEF20,0.006202002195517651
LRRC38,0.006202002195517651
RAB7L1,0.0061994531457808515
SLC8A1,0.006194056680499657
ESRRAP2,0.006193266679210267
MRPS30,0.006192917622405347
UTS2,0.006192122626290026
PDXK,0.006191158516995442
RBBP5,0.006189916103345776
B3GALT2,0.006188537601844521
PARP16,0.006188513791249894
PPP1R15B,0.006187189998591788
snoU13|ENSG00000238893.1,0.006186183130503213
HNRNPA1P30,0.006184819623644976
WDR4,0.00618408846209806
LATS2,0.0061802406827031415
GUCY2GP,0.006178401538798214
RAD21L1,0.006178296678036154
DIS3L2,0.0061782006370439116
SLC12A7,0.006177115451472998
SLC6A19,0.006177115451472998
SLC6A18,0.006177115451472998
MIR4635,0.006177115451472998
SLC45A1,0.00617687851000454
RSPO4,0.006176119968828324
CCDC172,0.006176034599923984
SNORA70|ENSG00000252969.1,0.006175369400701404
RDM1,0.006175170085374191
CDC73,0.006171739259720121
ST7L,0.006171328079447761
snoU13|ENSG00000238975.1,0.006171328079447761
TNFRSF9,0.006171243798310059
MIR4716,0.006170289566903838
RN7SL307P,0.006170289566903838
KLHDC8A,0.006169434764724602
RANBP3L,0.006168204344009287
TERT,0.006168156093446342
PLXNA2,0.006167873628158258
DSTYK,0.006167587641347621
MIR4636,0.006167209162145872
FMOD,0.0061671580758862095
BTG2,0.0061671580758862095
SECISBP2L,0.006166826755419051
SHC4,0.006166826755419051
EID1,0.006166826755419051
DCAF8,0.006166750953454682
MIR4457,0.006166013142671507
SNORA77|ENSG00000221083.1,0.006160719663483483
SNX1,0.006157527934282823
FAM96A,0.006157527934282823
SNX22,0.006157527934282823
PPIB,0.006157527934282823
SEMA5A,0.006157498780102751
FAM24B,0.00615656558631243
CUZD1,0.00615656558631243
BTBD16,0.006156551676171938
MIR1273C,0.006156393158529229
U8|ENSG00000238963.1,0.006156393158529229
RN7SL766P,0.006155921109541247
RN7SL577P,0.0061541624095294584
NUCKS1,0.006152223404421772
SNORA72|ENSG00000201944.1,0.006152223404421772
FAM24A,0.006152169981916826
SNHG5,0.006148215539304732
FAM72A,0.006144779458935078
PPM1J,0.006144506930991014
FAM19A3,0.006144506930991014
TRAPPC10,0.006144067649459116
ITGA11,0.006143380821864746
C1orf195,0.006142813510512971
MOV10,0.00614221227453118
RHOC,0.00614221227453118
LHX9,0.006141093264651661
C10orf120,0.006140422868270977
DMBT1,0.006140422868270977
HTRA1,0.006140422868270977
NDUFV3,0.006139234686454237
HERC1,0.006136724801857135
PEX19,0.006134263149689531
DTNB,0.006132644474805692
ASXL2,0.006132644474805692
ERRFI1,0.006132642516120892
PARK7,0.006132642516120892
FAM53B,0.0061324624472573865
RMND1,0.006132455545509341
C6orf211,0.006132455545509341
AKAP12,0.006132455545509341
ZBTB2,0.006132455545509341
NADK2,0.006132245915102083
GLRX2,0.006131445197238701
SNORD60|ENSG00000252692.1,0.006130834285177825
AVPR1B,0.006130834285177825
TMEM18,0.006129294314608549
TMEM51,0.0061281627389476855
STRAP,0.006128110948275181
SEPP1,0.006128077478548971
NR5A2,0.006126777020447903
HADHB,0.006125528180164858
PLEKHA6,0.006121278027256651
snoU13|ENSG00000239166.1,0.006120760522414926
RN7SL729P,0.006120727789649907
MATN1,0.006120517574921841
MIR4420,0.006120517574921841
LAPTM5,0.006120517574921841
FAM175B,0.006120081012658231
EPS8,0.0061196493268327575
MIR1278,0.0061190294291217
RNA5SP164,0.006117994743031052
C1orf53,0.006116371521503434
MROH2B,0.006115552346161472
MIR5697,0.0061153666805910415
LZIC,0.0061153666805910415
RN7SKP269,0.0061153666805910415
NMNAT1,0.0061153666805910415
PTCHD2,0.006113180877624186
UBIAD1,0.006113180877624186
LINC00424,0.006105446786424837
WNK1,0.006104426784476482
IFT88,0.006103077048312915
HMX2,0.006100299068020583
HMX3,0.006100299068020583
BUB3,0.006100299068020583
C1orf200,0.006097841398136724
LYZL6,0.006097303114066854
ANXA2R,0.006096717922578084
C1orf186,0.006096661764015582
TPTE2P6,0.006096098934895924
DERA,0.00609607992232989
CBS,0.006095672923032151
ARMS2,0.006092537209625826
MIR3941,0.006092537209625826
PLEKHA1,0.006092259006815977
METTL10,0.006090821940928273
NES,0.006088565311151009
CTNNBIP1,0.006087466120054014
CAMTA1,0.006085965593187848
FBXL22,0.00608589760833719
FEM1B,0.006085048376318365
RNA5SP181,0.006082864667402938
LIN28A,0.006082215107211949
DHDDS,0.006082215107211948
CAPN3,0.006080922688592605
MIR4458,0.006079640632624358
SKP2,0.006079579758162716
DNMT3L,0.006079416343988934
AIRE,0.006079416343988934
U2AF1,0.006078574130656186
MIR562,0.0060777231719955005
TMEM81,0.0060747696916545685
SRD5A2,0.00607369640158884
MIR1976,0.006072780677052631
RPS6KA1,0.006072780677052631
HMGN2,0.006072780677052631
NKAIN1,0.006072368112779391
USP3,0.006070903013365612
HADHA,0.006069801214248878
GAREML,0.006068787832176693
TECTB,0.006068739129933996
DENND1B,0.006067216242057162
PKNOX1,0.006065403753819288
RAB10,0.006065105274110801
KIF3C,0.006065105274110801
GPAM,0.006062703723753464
LIPJ,0.006060083468423415
ZRANB1,0.006059800843881858
RN7SKP207,0.00605890032538301
C1orf167,0.006056954932547758
MTHFR,0.006056954932547758
CLCN6,0.006056954932547758
MEMO1,0.006055898878946086
NLRC4,0.006055898878946086
DPY30,0.006055898878946086
SLC30A6,0.006055898878946086
SPAST,0.006055898878946086
EPB42,0.006055699951266442
CCNDBP1,0.006055699951266442
TMEM62,0.006055699951266442
SNORD38|ENSG00000207199.1,0.00605517051992886
PLEKHA2,0.0060512475154304805
TMCC2,0.006051055887123684
BAG4,0.006049858771838059
DNMT3A,0.006049149030500988
CASC2,0.0060490193350952876
SLC2A7,0.006048825980939793
DAPK2,0.006048814629942359
CA6,0.006048767692860678
ENO1,0.006046747039451313
MIR1301,0.006045081930130923
MIR4296,0.006042700421940929
RN7SKP91,0.006042292270515226
RNA5SP27,0.006042288018033639
FAM194B,0.006042288018033639
PER3,0.006041070267894307
VAMP3,0.006041070267894307
RGS21,0.006040880291636963
FGF5,0.006040560990793564
PRDM8,0.006040560990793564
RGS2,0.006040522798076787
SYNCRIP,0.006038103752766338
PNLIPRP1,0.0060358323447092296
PNLIP,0.0060358323447092296
PEA15,0.00603361711997749
EHD4,0.006033032601496998
C20orf202,0.006033016702120934
PSMF1,0.006033016702120934
TMEM74B,0.006033016702120934
TUBGCP4,0.006032564009646738
RN7SL487P,0.006032564009646738
FAM227B,0.006031648628640998
CNKSR3,0.006028691983122361
GPR113,0.0060282706453977115
DRC1,0.0060282706453977115
EPT1,0.0060282706453977115
WDR11,0.006027152594241205
CTBP2,0.00602640337552743
MIR422A,0.006026392479787183
C2orf70,0.0060247871445245705
OTOF,0.0060247871445245705
CASP9,0.006022499198538909
CELA2B,0.006022499198538909
CELA2A,0.006022499198538909
CTRC,0.006022499198538909
CASQ1,0.006022438030198754
CRP,0.006018958823685993
NEK7,0.006017769122579251
PPP1R12B,0.006017667049531681
EFHD2,0.0060159563616580996
CCDC121,0.0060157345662815226
SNORA36|ENSG00000206731.1,0.0060157345662815226
GPN1,0.0060157345662815226
ZNF512,0.0060157345662815226
C2orf16,0.0060157345662815226
GCKR,0.0060157345662815226
FNDC4,0.0060157345662815226
KRTCAP3,0.0060157345662815226
IFT172,0.0060157345662815226
NRBP1,0.0060157345662815226
DNAJC16,0.006014572019779081
AGMAT,0.006014572019779081
SCARNA21|ENSG00000251866.1,0.006014572019779081
UCN,0.006013318735805867
SNX17,0.006013318735805867
EIF2B4,0.006013318735805867
PPM1G,0.006013318735805867
GTF3C2,0.006013318735805867
MPV17,0.006013318735805867
TRIM54,0.006013318735805867
DNAJC5G,0.006013318735805867
ZNF513,0.006013318735805867
FAM124A,0.006013141499656472
SCLT1,0.006010971381397911
ATOH1,0.00600993636300754
RBKS,0.006009265207517126
AKAP13,0.006009150104694001
SLC15A5,0.006008961530669428
C4orf33,0.006007633461750141
PNLIPRP3,0.0060074751500213104
SERPINE3,0.006007132626087362
MIR5693,0.006007132626087362
RN7SKP126,0.0060063954472467035
INTS6,0.006005595472383637
RPS4XP16,0.006005595472383637
RN7SL320P,0.006005595472383637
GON4L,0.005999923682923356
ANTXR2,0.005998805541074716
ATP6V1G3,0.005998762306610409
C21orf2,0.005998298345227552
TRPM2,0.005998298345227552
snoZ6|ENSG00000264452.1,0.005998298345227552
PFKL,0.005998298345227552
snoZ6|ENSG00000266692.1,0.005998298345227552
PADI1,0.0059962258468772185
GANC,0.005992902395441544
C5orf51,0.005992388072381273
FBXO4,0.005992388072381273
FHAD1,0.005991884383984019
NMNAT2,0.005991416681116697
SLC22A3,0.005990444426102811
PTPRC,0.005988575137942235
UBR1,0.005988472640483831
MIR181B1,0.005984935626960954
MIR181A1,0.005984935626960954
PCAT4,0.005984881996568468
SNORA75|ENSG00000212620.1,0.005984881996568468
CTDSPL2,0.005984399015332327
LSM1,0.005984022910346271
EIF3J,0.005982206005473155
PIK3CD,0.0059811583784256375
RGS18,0.005980082235883365
MYADML,0.005979698198330402
LINC00271,0.005979487593705879
snoU13|ENSG00000238805.1,0.005976376395821983
DCDC2C,0.005976197095217797
SCAF8,0.005976066154309822
RN7SL643P,0.005974088566670542
C2orf53,0.0059737380226382334
TCF23,0.0059737380226382334
ATRAID,0.0059737380226382334
ABHD1,0.0059737380226382334
SLC5A6,0.0059737380226382334
PREB,0.0059737380226382334
SLC1A3,0.005972672953303313
RN7SL451P,0.005971341694434453
MIR548A2,0.005969964113866362
SYT2,0.005969347116473851
CRABP2,0.0059691981841036084
BTAF1,0.005968396674171147
SUPT7L,0.005967834167262333
SLC4A1AP,0.005967834167262333
TTBK2,0.0059668486885676
CDAN1,0.0059668486885676
snoU13|ENSG00000239025.1,0.0059668486885676
SNX14,0.00596613349535194
CAD,0.005965689778413152
SLC30A3,0.005965689778413152
SPESP1,0.005965269774243852
TEX36,0.005964766244725737
AGBL5,0.005963929931868153
DPYSL5,0.005963929931868153
CGREF1,0.005963929931868153
KHK,0.005963929931868153
MAPRE3,0.005963929931868153
TMEM214,0.005963929931868153
EMILIN1,0.005963929931868153
OST4,0.005963929931868153
KCNK3,0.0059632151355850935
CENPA,0.0059632151355850935
SLC35F6,0.0059632151355850935
SNORA70|ENSG00000253042.1,0.005962447652090167
U6|ENSG00000272262.1,0.005962321346106029
NT5E,0.005961272937332176
PARP4,0.005960510213992042
TACC2,0.005960453470580057
IPCEF1,0.00595973854731766
LHPP,0.005957724894514775
SLC25A30,0.005956075515866136
ADAL,0.005951272695465274
TGM5,0.005951272695465274
TGM7,0.005951272695465274
LCMT2,0.005951272695465274
snoU13|ENSG00000239020.1,0.005948934785354152
RCC2,0.005948740491757098
JMJD7,0.005947848851012785
PLA2G4B,0.005947848851012785
RNA5SP393,0.005947848851012785
SPTBN5,0.005947848851012785
MIR4310,0.005947848851012785
AHI1,0.005947820869344478
PMCHL1,0.005947688777746267
MIR3713,0.00594746989686269
MRPL33,0.005947341591706729
ATL2,0.0059458828264870945
RNA5SP437,0.005945203273540794
GALM,0.0059447130200711955
BNC1,0.005944379534402575
PLA2G4E,0.005943031726792211
PCDH10,0.00594049479303221
PADI3,0.0059394143990984805
MIR3972,0.0059394143990984805
LINGO1,0.005936785982375137
ZSCAN29,0.005935927874342405
CLSTN1,0.005934966164220734
RN7SL347P,0.005934959451185226
CASC4,0.005934959451185226
CCDC152,0.0059344575652026145
AP4E1,0.005933670886075949
PSMD11,0.0059312182783260335
PADI6,0.005930282600036917
CDK5R1,0.005929391774089098
COPRS,0.0059279096383116955
CDH12,0.005924104334484085
PADI2,0.00592369604709677
SDHB,0.00592369604709677
OR10J3,0.0059235753314752174
KLF13,0.005923313381733659
FCER1A,0.005923278743379048
LAMC1,0.005922229928905842
PADI4,0.005921228518414178
PWP2,0.005920519988655637
C21orf33,0.005920519988655637
YIPF4,0.005920490223577423
ICOSLG,0.005918905153004232
KDM5B,0.0059171748508997325
SLC41A1,0.005917046267501781
PLA2G4D,0.005916596898546746
TEX35,0.005915715690233331
LINC00083,0.005915715690233331
LAMC2,0.005913578162503536
DUSP23,0.0059093391028590386
LELP1,0.005908451272547931
FKSG62,0.005906794677290468
ARHGEF16,0.005905837481301337
snoU13|ENSG00000238932.1,0.005905265887615679
SSR4P1,0.005902803100021416
SOS1,0.005902268753590133
SNORA67|ENSG00000252473.1,0.005902268753590133
CDKL4,0.005902268753590133
MAP4K3,0.005902033953736044
C15orf43,0.005900627288290207
BCAN,0.005894252095930383
HAPLN2,0.005894252095930383
RSPH1,0.005893734904699552
PRED58,0.005893426634948748
PRED57,0.005893426634948748
RIPPLY2,0.005893184200668018
MIR4424,0.005893076598957148
C1ORF220,0.005893076598957148
C1orf220,0.005893076598957148
RNA5SP69,0.005893076598957148
RN7SKP217,0.00589262614525599
FOSL2,0.005891124763619577
MSTO1,0.0058903601125329975
ARHGEF33,0.005890172368250029
RIT1,0.005889742638003824
KIAA0907,0.005889742638003824
SNORA42|ENSG00000207475.1,0.005889742638003824
SCARNA4|ENSG00000252808.1,0.005889742638003824
RXFP4,0.005889742638003824
CORO2B,0.005889523791076293
CRIM1,0.0058884449121806605
ADARB1,0.005888153820330725
FGFBP3,0.005885697199242491
TNKS2,0.005885697199242491
MIR4263,0.005885466946958135
RGS13,0.00588541067318757
OSMR,0.005885022809469015
RABIF,0.005883826124024587
snoZ247,0.005882927115609579
PCAT6,0.005882713052539347
KLHL12,0.005882117046176683
CYB5R1,0.005882117046176683
TMEM183A,0.005882117046176683
ADIPOR1,0.005882117046176683
GHR,0.005879472149066915
ATP1A4,0.005876836089447929
RNA5SP72,0.005875420952241881
UBE2G2,0.005875177255705463
PTTG1IP,0.005875177255705463
SUMO3,0.005875177255705463
SUZ12,0.005873239436619715
RN7SL618P,0.005872317259208361
MEGF6,0.00587150192891447
SNORA63|ENSG00000201791.1,0.005871376779788976
HNRNPLL,0.005871073915832631
C1orf21,0.005870228067133319
ADAM32,0.005869615022491889
COLGALT2,0.005867745703777388
TSEN15,0.005867745703777388
FCRL6,0.005866105684224935
OLFM4,0.005865551453891214
RNF2,0.005863949148056544
TRMT1L,0.005863949148056544
SWT1,0.005863949148056544
IVNS1ABP,0.005863949148056544
NIPBL,0.005862552034661462
COPA,0.005860672038206628
MECR,0.005859627166321005
MIR211,0.005858154122983485
RN7SKP167,0.00585646821532897
HNRNPA1P57,0.005851820327797369
FBXO5,0.00585158227848101
MTRF1L,0.00585158227848101
FAN1,0.0058513689129918575
ZNF525,0.005849412427855454
MTMR10,0.005848669823934415
SYT11,0.00584744910171331
ME1,0.005846955382973568
SLAMF8,0.005846492845762782
C1orf204,0.005846492845762782
SNORD64|ENSG00000212161.1,0.005846492845762782
VSIG8,0.005846492845762782
UTP6,0.005846094122924559
ZNF106,0.005844521224086874
PLA2G4F,0.005843409099428948
MYB,0.0058428510436980075
SNORA25|ENSG00000252993.1,0.00584197343114013
MIR181A1HG,0.005839104671535715
CPEB3,0.005838802661855839
NEK3,0.005837510043902045
SNAP23,0.005837036250265532
OR10J1,0.00583604762140149
OR10J4,0.00583604762140149
S100A12,0.005834896059061762
S100A8,0.005834896059061762
S100A9,0.005834896059061762
PRR9,0.0058343490801488485
RN7SKP139,0.0058341401554194115
LOR,0.005833425492804088
FGF7,0.005833099828083027
ARHGEF2,0.005832581147600696
KCNJ10,0.0058305835560912705
PIGM,0.0058305835560912705
C15orf27,0.005829823442914583
CHIT1,0.005829155368201683
MIR551A,0.005827779867556622
MIR5007,0.00582725911945592
COG3,0.005826653806138374
ATE1,0.005826192794547221
ZNF845,0.005825505164998103
RN7SKP156,0.00582509568830516
LINC00163,0.0058239771260555715
LINC00162,0.0058239771260555715
SCAPER,0.005823242398379416
TPRG1L,0.005822714826835091
SLC28A2,0.00582185387431742
SPATA5,0.005820756348769568
CCDC19,0.005819929199098068
FLJ30594,0.005819800952610409
RALGPS2,0.00581944685278308
FAM129A,0.005816912012995897
DTWD1,0.005816550525845671
CMPK2,0.005816075764034322
PRSS35,0.005814505491737994
ISL2,0.005811746136207054
APCS,0.005811689373400614
OR10J5,0.005811689373400614
OPRM1,0.005811373568414704
ETFA,0.005809504467912261
RN7SL761P,0.005809260283029085
RGL1,0.005803642320644681
RN7SL654P,0.005803633194308812
RGS16,0.0058020315223640895
RNASEL,0.0058020315223640895
RGS8,0.0058020315223640895
SNAP91,0.005799615310757761
SLC35G3,0.00579817105816666
ANGPTL1,0.005798014565632049
NPL,0.0057974866071021135
DHX9,0.0057974866071021135
RNA5SP71,0.005797176311682621
SHCBP1L,0.005797176311682621
PGLYRP3,0.005795633135564093
TSC22D1,0.005795285715057509
LINC00487,0.005792501436328929
ARNT2,0.005791324332383875
SNORA67|ENSG00000201619.1,0.005790267903589376
SNORA67|ENSG00000212338.1,0.005790267903589376
PGLYRP4,0.00578967913559398
FAM20B,0.005788672620079769
TOR3A,0.005788672620079769
ARPC5,0.005785964608069506
SMG7,0.005785964608069506
APOBEC4,0.005785964608069506
NCF2,0.005785964608069506
SIGLEC6,0.005785891277160249
RGS1,0.005783830192750285
SNORD112|ENSG00000251881.1,0.0057837921212557505
EPB41,0.005783326181792177
TMEM200B,0.005783326181792177
SRSF4,0.005783326181792177
LINC00927,0.005783108309597017
NRG3,0.005782922830562756
FAM90A28P,0.005782745352727097
C21orf67,0.005781528363806842
SIGLEC8,0.005780275138211945
LRRC3,0.0057802434408154
LRRC3DN,0.0057802434408154
C21orf90,0.0057802434408154
FAH,0.00578013655667411
SIX2,0.005776099575039823
snoU13|ENSG00000238615.1,0.00577571998980546
ZFAND6,0.005775550391263667
SLAMF9,0.005775517032902262
IGSF9,0.005775517032902262
TAGLN2,0.005775517032902262
TMEM201,0.005773959559905806
SLC25A33,0.005773959559905806
SIX3,0.0057736502041771465
RN7SL96P,0.005770541842591855
DHX57,0.005770541842591855
MORN2,0.005770541842591855
THSD1,0.00577009071535873
RNY4P24,0.00577009071535873
VPS36,0.00577009071535873
RWDD2A,0.0057700112384664074
SORD,0.005769609006960154
RSAD2,0.005769186574494504
SNRPN,0.00576830062583185
VIT,0.005766873094871715
NLE1,0.005766410761405789
FNDC8,0.005766410761405789
SPACA3,0.005765695991208971
TMEM98,0.005765252213604948
VPS39,0.005765040880658024
TMEM87A,0.005765040880658024
MIR627,0.005765040880658024
SNORA70|ENSG00000206886.1,0.005765034203343845
SIGLEC14,0.005762789719134605
MIRLET7E,0.005762392323246484
MIR125A,0.005762392323246484
LINC00085,0.005762392323246484
snoU13|ENSG00000238486.1,0.005762392323246484
MIR99B,0.005762392323246484
GUSBP1,0.005761909304184175
UTP14C,0.005761607257228707
ALG11,0.005761607257228707
CCDC170,0.005761117389993968
RNY1P6,0.005760442746847086
RN7SL413P,0.005760442746847086
GEMIN6,0.00575939723523172
SRSF7,0.00575939723523172
GOLGA6D,0.0057589435366944665
RN7SL327P,0.0057589435366944665
RN7SL489P,0.0057589435366944665
GOLGA6C,0.0057589435366944665
DNM1P34,0.0057589435366944665
UNC45B,0.00575783490764465
C15orf39,0.005757668459315775
LIFR,0.005756663036330753
ITGB2,0.00575607299751697
RGS17,0.005755718806509945
RNA5SP394,0.005754195446953523
SERAC1,0.005752485499688613
GTF2H5,0.005752485499688613
ADI1,0.005752111249081066
RNASEH1,0.005752111249081066
MIR4312,0.005751445478581737
ANP32A,0.005751445478581737
SNORA73|ENSG00000252531.1,0.005751283429397492
RPS7,0.005751283429397492
COLEC11,0.005751283429397492
MIR3650,0.005750426393227021
TSPEAR,0.005750250328465672
ADAM9,0.00574502301495972
CYP1B1,0.005742428752919276
SLC37A1,0.005741260002909941
DLL1,0.005741242794230893
IBTK,0.005739462757233389
PIK3AP1,0.005738758246295207
SIRPD,0.005737977748490517
PGM3,0.00573620139835484
SNORA11|ENSG00000261709.2,0.005735845402176766
SHF,0.005735845402176766
RRAS2,0.005735531156024899
SMIM2,0.00573475529046932
FAM120B,0.005732879989831542
DUOXA1,0.005730534694540593
DUOX1,0.005730534694540593
DUOXA2,0.005730534694540593
DUOX2,0.005730534694540593
SNORD112|ENSG00000252790.1,0.005730439980652162
EDEM3,0.005730439980652162
DAP3,0.005727242768089748
YY1AP1,0.005727242768089748
MIR4644,0.005726767703200813
MIR29B2,0.0057264534812177526
MIR29C,0.0057264534812177526
C1orf132,0.0057264534812177526
CD46,0.0057264534812177526
EGFLAM,0.0057261939010356646
PCDH8,0.0057239353463836165
RNA5SP324,0.005723596482751955
MTOR,0.0057218550073614895
TM9SF3,0.005720297964669402
FGFR2,0.0057191959938795375
TPBG,0.00571916111301742
C1orf174,0.005718492209984869
GALK2,0.005716607685676691
COPS2,0.0057160292182750335
CFH,0.005715219609045118
MIR4735,0.005715219609045118
ZBTB41,0.005712008161286034
CAHM,0.005711385652007529
WRAP73,0.005711380157987281
SNORD64|ENSG00000270704.2,0.00571131028233229
SNURF,0.00571131028233229
SNORD108,0.00571131028233229
SNORD109A,0.00571131028233229
AICDA,0.005710954644945485
CFHR3,0.005709944966215746
CFHR4,0.005709944966215746
CFHR2,0.005709944966215746
CFHR1,0.005709944966215746
CFHR5,0.005709944966215746
SERP2,0.005709827820007885
CRB1,0.005709583563975051
ATP1A2,0.005708830340201758
DOPEY1,0.005708731690271644
WDR72,0.0057087074984390005
MIR626,0.005707661123521139
LRRC57,0.005707604933335002
PTPRU,0.005706340647616851
APH1B,0.005704372344188232
RAB8B,0.005704372344188232
KAZN,0.005704315242019958
SNX9,0.0057026563571740295
SCARNA11|ENSG00000252727.1,0.005702225328535808
OXER1,0.0057020372425141425
RNA5SP223,0.005701277124773959
TNFAIP8L3,0.0057011362967324085
ZNF175,0.005698604439145825
SIGLEC5,0.005698604439145825
RN7SL574P,0.005696797389623227
MIR548AI,0.00569672249693531
SMIM1,0.005696027573416848
CCDC27,0.005696027573416848
RNA5SP31,0.005695903308023997
PPFIA4,0.0056948368481920504
ADORA1,0.0056948368481920504
MYOG,0.0056948368481920504
RNF144A,0.005694089738124803
MYBPH,0.005693968494551083
CHI3L1,0.005693968494551083
HAAO,0.005693421042699826
EXD1,0.005693159120188161
GRK5,0.005691691991098553
FAM207A,0.005691213326156281
RN7SL749P,0.005690956186738762
RN7SL497P,0.005690346180666361
CHP1,0.005690346180666361
RN7SKP112,0.005690222461095564
LINC00284,0.005688120282878704
SDCBP2,0.005687480570430278
SNPH,0.005687480570430278
SNORD74|ENSG00000200206.1,0.005683374980117295
KCNJ9,0.0056831336433566144
IGSF8,0.0056831336433566144
MIR759,0.005678216668801607
snoU13|ENSG00000252609.1,0.00567810051235685
ATP7B,0.005678088572659633
SLFN5,0.005677807155057442
CA12,0.005675867668963187
ASPM,0.005673969431775025
F13B,0.005673841339841614
CCDC70,0.0056718700872218355
CHID1,0.005671647224290569
TSPAN4,0.005671647224290569
snoU13|ENSG00000239136.1,0.005667764663510235
HBS1L,0.005666732054048448
RNU6ATAC37P,0.005666092135095234
IKBKE,0.005666062962557312
SRGAP2,0.005666062962557312
LACC1,0.005663684446533437
ZFP36L2,0.005663470030117083
DYRK3,0.005663082255010881
EIF2D,0.005663082255010881
CD34,0.005663018778148764
PDE3B,0.0056604711128555715
CEP104,0.005659610018108175
THUMPD2,0.005658467200828704
CLEC4E,0.005658063903773311
CLEC4D,0.005658063903773311
MIR5692B,0.005657867015859153
C15orf54,0.005655285091281693
WDR70,0.005654421132664799
RNU6ATAC7P,0.005652787283110665
MIR365B,0.005652787283110665
MIR193A,0.005652787283110665
MIR4725,0.005652787283110665
ATP8B4,0.005652542372881357
C1orf147,0.00564946957487757
RASSF5,0.00564946957487757
WAC,0.005648501055745501
RGSL1,0.005646162832084551
ZNF518A,0.005645235815493816
DNTT,0.005645235815493816
BLNK,0.005645235815493816
TMEM178A,0.005644337542279104
COPB1,0.005642254703126088
ALLC,0.005642140964101049
STRN,0.0056419008725330285
CR1L,0.005636028778394875
CKAP2,0.005635793555599552
TRAPPC12,0.005635141735666069
DHRS12,0.0056327658286073595
WDFY2,0.0056327658286073595
PDYN,0.005632464785957278
MYCT1,0.005632150391802292
VIP,0.005632150391802292
RN7SL428P,0.005630527667697792
CSPG4P12,0.005630527667697792
MIR4279,0.0056298027599719245
DFFB,0.005628900475011591
LRRC47,0.005628878605233001
ZNF207,0.00562563858462526
MIR632,0.00562563858462526
C17orf75,0.00562563858462526
ADAM33,0.005624697336561738
MUC2,0.005621979537243877
LCOR,0.005621702579959417
MIR607,0.005620789009039082
NSMCE4A,0.005619140353317566
SYNE1,0.005618588004822187
RN7SL602P,0.005618337030033415
NUP155,0.005617848923228669
SIRPB2,0.0056145491221453354
LMBRD1,0.005614418685503874
RN7SL37P,0.005614347875226043
TDRD5,0.0056140119549929705
FAM90A27P,0.005612723173257193
BIRC8,0.005612723173257193
HOGA1,0.005612017426978499
ZDHHC16,0.005612017426978499
ANKRD2,0.005612017426978499
UBTD1,0.005612017426978499
C10orf62,0.005612017426978499
MMS19,0.005612017426978499
PI4K2A,0.005612017426978499
AVPI1,0.005612017426978499
MORN4,0.005612017426978499
PGAM1,0.005612017426978499
MARVELD1,0.005612017426978499
RRP12,0.005612017426978499
ZFYVE27,0.005612017426978499
SFRP5,0.005612017426978499
EXOSC1,0.005612017426978499
CCDC122,0.005611355127311624
COX5BP2,0.0056112104742893
SOAT1,0.005611106925189199
RN7SL374P,0.005611048322282498
SLIT1,0.005610268592867908
ZNF137P,0.005610160640290631
OR7E94P,0.005609792644813265
PATL2,0.005609455232595672
B2M,0.005609455232595672
NPHS2,0.005609260933628023
NUSAP1,0.0056087413868500975
NDUFAF1,0.0056087413868500975
OIP5,0.0056087413868500975
LINC00989,0.0056084702143954605
FRAT1,0.005606670114660398
ARHGAP19,0.005606670114660398
FRAT2,0.005606670114660398
SLC25A24,0.005605822652054727
NBPF4,0.005605822652054727
U3|ENSG00000222666.1,0.0056048671475578465
RN7SKP39,0.0056025948831177124
TDRD3,0.005600771569481328
RNA5SP210,0.005600382800424362
MIR3121,0.005600023701258802
BRE,0.005599592193942453
FEZ2,0.005597611750055551
INO80,0.0055961622554660485
snoU13|ENSG00000238864.1,0.005595728651614614
LINC00434,0.005595599275451369
RN7SKP66,0.005595427337847132
DYNC2LI1,0.005595427337847132
DARS2,0.0055945760424423036
FAM163A,0.005593492565802694
ARPP19,0.00559332462961911
PDE7B,0.005592367369388707
PSMA1,0.00559197985873137
KCNT2,0.005591498105642227
FAM214A,0.005591428733609574
PDZD2,0.005590992422547742
VN1R4,0.005590874557329638
VN1R2,0.005590874557329638
ZNF677,0.005590874557329638
TLL2,0.005590676306011125
OPALIN,0.005590676306011125
MTMR12,0.0055904936014625215
MFAP5,0.0055902887433523524
THBS1,0.005590157071988202
RTF1,0.005589866326277344
GOLGA7B,0.005587954521547032
LINC00866,0.005587954521547032
PIGC,0.005587541108215443
LHX4,0.005587347916922691
DPM3,0.005587077688762493
SLC50A1,0.005587077688762493
EFNA1,0.005587077688762493
CDH10,0.005585506857721939
SLC35D3,0.0055841208666520484
MAPKBP1,0.0055834991167995895
GDNF,0.005582471128554984
SPSB1,0.005582430269355318
PRDM16,0.005581868260665728
H6PD,0.005581547137179869
MIR34A,0.005581547137179869
CDH6,0.005581288552570342
ZNF480,0.0055808026338196055
MIR643,0.0055808026338196055
ZNF766,0.0055808026338196055
MUC5AC,0.005579697195333836
MUC5B,0.005579697195333836
HES7,0.005579673743313731
C19orf68,0.005578841275870934
CARD8,0.005578841275870934
GRIN2D,0.005578773879691684
GRWD1,0.005578773879691684
COX5A,0.0055786743308414485
FAM219B,0.0055786743308414485
RPP25,0.0055786743308414485
MPI,0.0055786743308414485
ESR1,0.0055786409773163695
CGB,0.0055782530910338515
CGB2,0.0055782530910338515
LHB,0.0055782530910338515
LINC00378,0.005577806156526008
CCDC114,0.005577677160047535
EMP3,0.005577677160047535
TMEM143,0.005577677160047535
SYNGR4,0.005577677160047535
KDELR1,0.005577677160047535
RN7SL117P,0.005575877360692464
KCNJ14,0.005575453086132312
CYTH2,0.005575453086132312
SNORD115|ENSG00000212428.1,0.005574479108323059
BIRC6,0.005574060486119554
RNY4P28,0.005573798697308588
MIR199A2,0.005572925283678533
MIR214,0.005572925283678533
DNM3OS,0.005572925283678533
GLUL,0.0055720113531618235
TEDDM1,0.0055720113531618235
LINC00272,0.0055720113531618235
SHBG,0.005571866174955978
SAT2,0.005571866174955978
ITSN2,0.005571180737176141
SCARNA21|ENSG00000251805.1,0.005571180737176141
TBPL1,0.005569139463592688
SLC2A12,0.005569139463592688
TCF21,0.005569139463592688
C1orf105,0.0055678712149416784
ARHGEF10L,0.005566964100435779
snoU13|ENSG00000251817.1,0.005565932148175731
RNY3P5,0.005563956377470592
RNY4P31,0.005563956377470592
SCARNA20|ENSG00000253060.1,0.005562701930730934
RNA5SP225,0.005561795509342978
GOLPH3,0.005561711110596861
SIGLEC22P,0.005560649625395928
TNN,0.005560440592412887
KIAA0040,0.005560440592412887
RN7SL49P,0.00556035279580459
KIAA1704,0.00556035279580459
NUFIP1,0.00556035279580459
SIGLEC7,0.005558721086527103
CTU1,0.005558721086527103
SIGLEC17P,0.005558721086527103
KLK14,0.005558721086527103
KLK13,0.005558721086527103
SIGLEC9,0.005558721086527103
LTK,0.005558025741942344
ITPKA,0.005558025741942344
RPAP1,0.005558025741942344
SNORD112|ENSG00000252853.1,0.005557583983977726
MGST1,0.005557127784691727
ENTPD1,0.0055570893981851605
MIR3157,0.0055570893981851605
C10orf131,0.0055570893981851605
CCNJ,0.0055570893981851605
CC2D2B,0.0055570893981851605
SUCO,0.005556965903449994
FASLG,0.005556965903449994
TRPM1,0.005556324740400104
KCNH1,0.005555953454687627
THBS3,0.005555108363063876
MUC1,0.005555108363063876
KRTCAP2,0.005555108363063876
TRIM46,0.005555108363063876
MIR92B,0.005555108363063876
DBP,0.005555068805372085
CA11,0.005555068805372085
SH3YL1,0.00555455887713056
FAM150B,0.00555455887713056
ACP1,0.00555455887713056
FAM110C,0.00555455887713056
NSFL1C,0.005554347319396714
RN7SKP6,0.005554223205666375
QKI,0.0055541294935958566
MIR4760,0.005553747328248649
C10orf12,0.005553015688450799
snoU13|ENSG00000238858.1,0.005552984817775058
AURKB,0.00555266287916542
MIR3676,0.00555266287916542
C17orf59,0.00555266287916542
IGF2R,0.005552396209284698
TMEM242,0.005552000452079573
7SK|ENSG00000271765.1,0.005551973352718768
HTRA4,0.0055517235066429495
TM2D2,0.0055517235066429495
SIGLEC1,0.00554924273936135
MAPKAPK2,0.005548829622443717
IL10,0.005548829622443717
Vault|ENSG00000252328.1,0.005547214998661516
RAD51D,0.005547214998661516
THADA,0.00554702867537723
TSKS,0.005546699232051853
SNORD29,0.00554570259557601
TOLLIP,0.005545622018146225
LMO3,0.005544485343450793
ZNF701,0.005543758869273999
CENPL,0.005542601296847863
RN7SKP160,0.005542601296847863
GK2,0.005542239283794515
KLHL20,0.005541856695209741
snoU13|ENSG00000238430.1,0.005541856695209741
ANKRD45,0.005541856695209741
TBP,0.005541802806791923
PSMB1,0.005541802806791923
HEATR5B,0.005541276556492425
VAMP4,0.005539828154021445
DARC,0.005539469157217194
TNFSF4,0.005539281614544557
TNFSF18,0.005539281614544557
RN7SL375P,0.0055391582198331835
SNORA51|ENSG00000207147.1,0.005538183839414135
TSPAN32,0.005537569289319109
RPL26P30,0.005537569289319109
CD81,0.005537569289319109
TRPM5,0.005537569289319109
TSSC4,0.005537569289319109
C11orf21,0.005537569289319109
AQP10,0.005536205204849433
LIG1,0.0055346722707610785
ASCL2,0.005533989685888426
GFRA4,0.005533839195407831
snoU13|ENSG00000238872.1,0.005533825080665169
TSSC2,0.005533509831499416
ZNF195,0.005533509831499416
DROSHA,0.005532452939830349
C5orf22,0.005532452939830349
SNORD112|ENSG00000252354.1,0.005530524789029542
RNA5SP308,0.005530334615632583
MUC6,0.0055301673974793904
UBE2Q1,0.0055299657040095
CHRNB2,0.0055299657040095
IL6R,0.0055299657040095
SHE,0.0055299657040095
TDRD10,0.0055299657040095
ADAR,0.0055299657040095
PRDX6,0.005528694310002493
SLC9C2,0.005528616747331855
SERTAD4,0.005528612535625569
CD33,0.005528554063372948
NDUFAF7,0.005528396107353844
SULT6B1,0.005528396107353844
CEBPZ,0.005528396107353844
snoU13|ENSG00000238455.1,0.005528022734914797
ZNF648,0.005525147618482652
TTC27,0.005524832180997145
MIR558,0.005524832180997145
MIR4765,0.005524832180997145
SNORD112|ENSG00000252502.1,0.005524832180997145
LINC00486,0.005524832180997145
SNORD88A,0.0055245742604345584
C19orf48,0.0055245742604345584
SNORD88B,0.0055245742604345584
SNORD88C,0.0055245742604345584
ACPT,0.0055245742604345584
POLR2L,0.005523344640247105
CD151,0.005523344640247105
PNPLA2,0.005523344640247105
EFCAB4A,0.005523344640247105
SLC22A1,0.0055231029540867204
SLC22A2,0.0055231029540867204
METTL13,0.005519670199316364
MTFR2,0.005518706560662182
BCLAF1,0.005518706560662182
AP2A2,0.005518683985549217
AP2A1,0.00551701463093868
LIM2,0.0055147094919176624
NKG7,0.0055147094919176624
SIGLEC10,0.0055147094919176624
VSIG10L,0.0055147094919176624
CLDND2,0.0055147094919176624
IGLON5,0.0055147094919176624
ETFB,0.0055147094919176624
CLEC6A,0.005513203270833156
PRLHR,0.005513106256521928
GAS5,0.0055127086435840245
SNORD78|ENSG00000208317.1,0.0055127086435840245
ZBTB37,0.0055127086435840245
TYRO3,0.005510690352090201
RNA5SP224,0.0055074141048824625
RN7SL366P,0.005507214514567845
STARD9,0.005506410336511425
SERPINC1,0.005505933544303805
RNA5SP67,0.005505933544303805
CD55,0.005504956110841626
METTL18,0.005504600508826422
RNY3P4,0.005503952641610866
UCHL5,0.00550298698046042
TROVE2,0.00550298698046042
snoU109|ENSG00000238754.1,0.00550298698046042
PDLIM1,0.005502325519938686
MIR548AD,0.005501561838315142
GORAB,0.0055014983845541494
ALDH8A1,0.005500713491724645
ASH1L,0.005499565151149652
SVIL,0.005499505705873499
SNORD115|ENSG00000212411.1,0.005499505705873499
MIR604,0.005499505705873499
RASAL2,0.005499418934517635
MIR938,0.005499376759579631
ZNF830,0.005498465524494247
LIG3,0.005498465524494247
HMCN1,0.0054970166930098305
THBS2,0.005496889649861305
NTN5,0.005496256448588966
SEC1P,0.005496256448588966
GUCY2D,0.00549604970264793
ALOX15B,0.00549604970264793
ALOX12B,0.00549604970264793
MIR4314,0.00549604970264793
ALOXE3,0.00549604970264793
snoU13|ENSG00000238676.1,0.00549604970264793
SPG11,0.005495507708197623
FAM98A,0.005494501071274337
ATP8B2,0.005492915707710003
C6orf118,0.005492478335962684
PPCDC,0.005492277555553273
SCARNA20|ENSG00000252722.1,0.005492277555553273
CR2,0.005492133592026399
LTBP1,0.005491708630152497
CHRNB4,0.0054911053069954365
RIMKLB,0.005490915470879755
KIAA1009,0.005490548100689662
MRAP2,0.005490548100689662
FAM110A,0.00549006929379305
CDC25B,0.005489721483959386
DYNLT1,0.005489712845062389
TMEM181,0.005489712845062389
LINC00837,0.005489044937783408
ASTN1,0.005488427601588637
EZR,0.0054883847440967025
MIR3918,0.0054883847440967025
KCNQ1DN,0.005488342847687609
CDKN1C,0.005488342847687609
SLC22A18,0.005488342847687609
PHLDA2,0.005488342847687609
SLC22A18AS,0.005488342847687609
EIF2AK2,0.005488027303868746
GPATCH11,0.005488027303868746
KLK10,0.005487762544268729
KLK8,0.005487762544268729
KLK9,0.005487762544268729
RN7SL173P,0.0054869403405040824
KIFAP3,0.0054864443022366515
RN7SL269P,0.005486069706098113
C10orf126,0.005485558015086711
SELE,0.005484785933914998
FBXO42,0.005483586699775897
RC3H1,0.005482079144949114
SPON1,0.005479255018947031
HORMAD1,0.005478883208330679
RN7SL45P,0.005477861041298832
MIR4724,0.005477861041298832
IL20RA,0.005477781752304909
IL22RA2,0.005477781752304909
HHAT,0.005477096739975952
KLK12,0.005476366632771131
KLK11,0.005476366632771131
HSPA12B,0.005476358318482938
7SK|ENSG00000271818.1,0.005476084608723573
GTF2F2,0.005476084608723573
RN7SKP3,0.005476084608723573
KCTD4,0.005476084608723573
GBAP1,0.005474778766679788
GBA,0.005474778766679788
FAM189B,0.005474778766679788
MTX1,0.005474778766679788
SCAMP3,0.005474778766679788
U3|ENSG00000221455.1,0.005474163028940659
AXDND1,0.005473917520594737
TULP4,0.005473910694589302
MIR555,0.005472341073854473
FUZ,0.005471900612949438
MED25,0.005471900612949438
ZNF415,0.005471883539402254
ZNF665,0.005471883539402254
ZNF347,0.005471883539402254
ZNF160,0.005471883539402254
RPS6KA2,0.005470821775441705
RNA5SP68,0.005470685188632411
RFFL,0.005469038012925919
MIR4685,0.005468891671522501
HPS1,0.005468891671522501
MIR1287,0.005468891671522501
PYROXD2,0.005468891671522501
LPAL2,0.005468823392585148
LPA,0.005468823392585148
FDPS,0.005468551223290124
RUSC1,0.005468551223290124
PKLR,0.005468551223290124
KLK1,0.0054683018338651385
KLK4,0.0054683018338651385
KLK15,0.0054683018338651385
KLK2,0.0054683018338651385
KLK3,0.0054683018338651385
KLKP1,0.0054683018338651385
C3AR1,0.005467635376309761
NECAP1,0.005467635376309761
DUSP8,0.005467107912081859
RNA5SP226,0.005466537567197776
PFAS,0.005465769626897903
TH,0.0054657400512947854
INS,0.0054657400512947854
MIR4686,0.0054657400512947854
ARMC9,0.005465669351745291
MIR4749,0.005464702566872551
PTOV1,0.005464702566872551
MIR3692,0.005464590867992771
OSBPL5,0.005464543173106104
PLG,0.005464392637668547
MAS1,0.005464216307879313
PNLDC1,0.005464216307879313
AIRN,0.005464216307879313
RNA5SP91,0.005463297847807766
KLK7,0.0054628668606893594
KLK6,0.0054628668606893594
RASGRP3,0.0054625347482819804
RNA5SP92,0.0054625347482819804
PPP2R1A,0.005462316567715917
COL19A1,0.005462154952380399
HAS1,0.005462066224855942
SCAMP2,0.0054612026858888016
CPLX3,0.0054612026858888016
ULK3,0.0054612026858888016
LMAN1L,0.0054612026858888016
FAM90A1,0.005460700818858778
FAM66C,0.005460700818858778
LINC00937,0.005460700818858778
FAM86FP,0.005460700818858778
MYOC,0.005459758229408918
CGB7,0.005459678704032738
CGB8,0.005459678704032738
NTF4,0.005459678704032738
CGB1,0.005459678704032738
KCNA7,0.005459678704032738
CGB5,0.005459678704032738
METTL11B,0.0054592314535891
SCAMP5,0.0054583748933151
ZNF705A,0.005458247406371974
RNASET2,0.005457397175263755
CARS,0.005457389481812428
SNORA54,0.005457389481812428
NAP1L4,0.005457389481812428
LINC00362,0.005457278481012656
TRIP4,0.005457242737528055
HCN3,0.005453398169191118
CLK2,0.005453398169191118
UBAP2L,0.005452783017864896
SNORD59|ENSG00000252682.1,0.005452783017864896
SNORA58|ENSG00000201129.1,0.005452783017864896
HAX1,0.005452783017864896
LAMB3,0.005452352088127259
HSD11B1,0.005452352088127259
G0S2,0.005452352088127259
MRGPRG,0.005451901491961071
MRGPRE,0.005451901491961071
MIR4260,0.005451505766424365
CAMK1G,0.005451505766424365
SLC27A2,0.005451095377720571
HDC,0.005451095377720571
RN7SL494P,0.005451095377720571
GABPB1,0.005451095377720571
ABL2,0.005450241946286246
GAD2,0.005449758303947524
RN7SL361P,0.005447560968105209
PER1,0.005447363699790692
SNORD118,0.005447363699790692
VAMP2,0.005447363699790692
TMEM107,0.005447363699790692
RNU4ATAC18P,0.005445660411336122
WTAP,0.005445660411336122
SOD2,0.005445660411336122
ATG16L1,0.005445034299919259
SYNJ2,0.005442790362639087
C20orf27,0.0054416105854485095
SPEF1,0.0054416105854485095
CENPB,0.0054416105854485095
BAMBI,0.00544096935658474
RNU4ATAC6P,0.00544096935658474
CTC1,0.005435775274926078
LINC00324,0.005435775274926078
CLEC4A,0.0054355885745184535
XCL2,0.005435288517067529
MAP7,0.005435072253056859
PAPPA2,0.005434077436268657
BRSK2,0.005432745925374377
LOH12CR1,0.005431818959188993
KLK5,0.0054314083008988115
TNFAIP3,0.005430014346760826
KCNN3,0.005429835992867404
GPR32,0.005429690148088405
CLEC11A,0.005429690148088405
RNA5SP60,0.005429494531014807
MRPS14,0.005429448476904112
C10orf129,0.005427952925838809
CYB5R4,0.005426989047204757
SIGLECL1,0.005426318127096549
GJA3,0.005425827940358448
STK35,0.005423803247967269
MIR4262,0.005420097555136607
MIR548S,0.005420097555136607
SORBS1,0.005418602524996472
NPPC,0.005415324657159751
IRF6,0.0054152557492691995
CTSS,0.005415081730170453
C2CD4A,0.00541452172197007
AP5S1,0.0054142537512752355
MIR3169,0.005414082746017917
RN7SKP229,0.005413249614412303
RNA5SP70,0.005413249614412303
R3HCC1L,0.005413030990548688
PRRX1,0.0054125981363842115
LOXL4,0.005412535075647685
MIR4712,0.005411893012944296
U6|ENSG00000271819.1,0.005411893012944296
LOH12CR2,0.005411833114513422
MANSC1,0.005411038521952597
C1orf134,0.005410868944513172
ANO7P1,0.005410868944513172
RSG1,0.005410868944513172
NAA11,0.005409824992032115
HPSE2,0.005409129793327473
TRAF3IP3,0.005408832853751044
C1orf74,0.005408832853751044
C2CD4B,0.005408053132159301
CRTAC1,0.00540776602734971
TTLL2,0.005407616619438198
TCP10,0.005407616619438198
TCP10L2,0.005407616619438198
UNC93A,0.005407616619438198
GPR31,0.005407616619438198
C6orf123,0.005407616619438198
BCL2L14,0.005407149980820866
CACYBP,0.005406088470643473
RHOG,0.005403392074129234
TCTN3,0.005402217166348967
ALDH18A1,0.005402217166348967
SULT2B1,0.005401724116803703
LMTK3,0.005401724116803703
RNA5SP66,0.0054001272066053745
ATP1B1,0.0054001272066053745
ZDHHC14,0.005398897381909746
USP8,0.005397421254047689
RNA5SP395,0.005397421254047689
USP50,0.005397421254047689
MIR549,0.005397329858019681
SELL,0.0053971382415832925
CR1,0.005396250254259825
PDDC1,0.005396161164887902
CEND1,0.005396161164887902
SLC25A22,0.005396161164887902
PIDD,0.005396161164887902
RPLP2,0.005396161164887902
SNORA52,0.005396161164887902
TALDO1,0.005396161164887902
C5orf42,0.005395253678283739
SCARNA6|ENSG00000251791.1,0.0053951007381317214
LINC00626,0.005394843840234737
DPT,0.005394843840234737
MIR103A2,0.005394743179400055
PANK2,0.005394743179400055
RNF24,0.005394743179400055
MAVS,0.005394743179400055
SMOX,0.005394743179400055
CACNA1E,0.0053944584888613
TEAD2,0.005392258017081865
DKKL1,0.005392258017081865
CD37,0.005392258017081865
MIR4324,0.005392258017081865
SLC6A16,0.005392258017081865
TIPRL,0.005391281274875516
RN7SL214P,0.005391083712943061
U3|ENSG00000212610.1,0.005388143927255252
ARHGEF19,0.005388001072877812
ADAMTS7,0.005387926868142595
MORF4L1,0.005387926868142595
CTSH,0.005387926868142595
RASGRF1,0.005387926868142595
MIR184,0.005387824039321732
SNORD45|ENSG00000231297.2,0.005386487173544086
T,0.005386487173544086
RN7SL708P,0.005386425184114102
LIN7B,0.005386425184114102
C19orf73,0.005386425184114102
PPFIA3,0.005386425184114102
TRPM4,0.005386425184114102
SNRNP70,0.005386425184114102
HRC,0.005386425184114102
SNORD18|ENSG00000238503.1,0.005385121345422992
TOR1AIP2,0.005385025282968322
IFRG15,0.005385025282968322
RN7SL230P,0.005385025282968322
TOR1AIP1,0.005385025282968322
S100A1,0.005384699535217376
S100A13,0.005384699535217376
CHTOP,0.005384699535217376
DIAPH3,0.005381991012604792
TCP1,0.005381851537820862
SNORA20|ENSG00000207392.1,0.005381851537820862
MRPL18,0.005381851537820862
ACAT2,0.005381851537820862
SNORA29,0.005381851537820862
SPHK2,0.005381407232222723
RPL18,0.005381407232222723
SPACA4,0.005381407232222723
FAM83E,0.005381407232222723
PDE6D,0.0053812098467018645
COPS7B,0.0053812098467018645
FAM46A,0.005380209595824451
MIR3681,0.005379585241044982
ZNF609,0.005379416585782361
GOLPH3L,0.005379190930548342
MOB2,0.005378428614765182
MIR4432,0.005377276111825635
SLC25A35,0.005376783281836606
RANGRF,0.005376783281836606
RN7SL847P,0.005376163203025936
GPR161,0.005375579453401792
DCAF6,0.005375415567591182
DENND4B,0.005375332147714197
CRTC2,0.005375332147714197
C1orf64,0.0053726044109121945
ECEL1,0.00537221929060519
DOCK1,0.005371784401796663
TRPM7,0.005371675007359431
RN7SL354P,0.005371675007359431
DDI2,0.005371077290464363
RSC1A1,0.005371077290464363
RN7SL531P,0.005369946166157416
ENTPD7,0.005369569409867111
SELP,0.005369347890555496
KCNAB2,0.005367588452237819
GATAD2B,0.005367483149761631
NPHP4,0.005365300874953274
MIR4689,0.005365300874953274
SNAPIN,0.005364084707007612
ILF2,0.005364084707007612
XCL1,0.005363959169020893
ZNF320,0.005363495487313392
ZNF888,0.005363495487313392
ZNF816,0.005363495487313392
ZNF28,0.005363495487313392
ZNF611,0.005363495487313392
ZNF321P,0.005363495487313392
ZNF468,0.005363495487313392
ZNF600,0.005363495487313392
REL,0.005362316388005152
CD247,0.005359183068254541
PEX7,0.0053589356043540915
SNORA27|ENSG00000201807.1,0.0053589356043540915
NUCB1,0.00535876211599495
DHDH,0.00535876211599495
PLEKHA4,0.00535876211599495
TULP2,0.00535876211599495
PPP1R15A,0.00535876211599495
RN7SL425P,0.0053582114595202
snoU13|ENSG00000238859.1,0.0053582114595202
PRRC2C,0.005357641761226178
FMO4,0.005357446659070688
INTS3,0.0053569142020235255
SLC27A3,0.0053569142020235255
snoU13|ENSG00000238511.1,0.0053569142020235255
RN7SL372P,0.0053569142020235255
SIRPA,0.005355419919523256
GABPB2,0.005355283982344715
ANKRD36BP1,0.005354609873729878
SFT2D2,0.005354609873729878
TBX19,0.005354609873729878
SHANK2,0.005354131210928133
MIR5698,0.005354078002873696
HAUS2,0.0053540367625926205
LINC00345,0.005352887403491202
NPR1,0.005352702763289648
ADCY10,0.005351332157517669
MIR4417,0.005350327609283281
RUVBL2,0.005350025120394083
GYS1,0.005350025120394083
FTL,0.005350025120394083
BAX,0.005350025120394083
MIR557,0.00534924846649705
CDH9,0.005348350098372657
SCIMP,0.005347777166269182
MIR1913,0.0053477722864812005
MPC1,0.0053477722864812005
FOXJ2,0.005346868807146829
ARNT,0.005344855449538729
MBOAT2,0.005344144411290466
RCSD1,0.005343793410229591
MPZL1,0.005343793410229591
SAG,0.005343247143792637
FAM5B,0.005342687770234578
PTMA,0.0053424845747726
MGC4771,0.0053424845747726
SIRPB1,0.005342188108884403
TMED3,0.005341386543820493
ANKRD34C,0.005341386543820493
INPP5D,0.0053409456478202555
IGF2,0.005339681751744304
H19,0.005339681751744304
MRPL23,0.005339681751744304
MIR483,0.005339681751744304
S100A3,0.005338508212156086
S100A5,0.005338508212156086
S100A6,0.005338508212156086
S100A4,0.005338508212156086
CCR6,0.005337476728449992
FGFR1OP,0.005337476728449992
MIR3939,0.005337476728449992
RN7SL561P,0.005337104676670069
SPPL2A,0.005336856049455399
SIRPG,0.005336566121835992
FAM99B,0.005336499269187287
CTSD,0.005336499269187287
LSP1|ENSG00000130592.9,0.005336499269187287
MIR4298,0.005336499269187287
SYT8,0.005336499269187287
TNNI2,0.005336499269187287
C11orf89,0.005336499269187287
FAM99A,0.005336499269187287
IFITM10,0.005336499269187287
SYT14,0.00533635569300024
FAM196A,0.005334694433101939
CREG1,0.005332524309728575
SLC25A28,0.005332033030611175
KIDINS220,0.005331368806024544
CCDC181,0.005331127378295276
SLC19A2,0.005331127378295276
BLZF1,0.005331127378295276
RRP15,0.005331086764941513
S100A16,0.005329323150957214
S100A14,0.005329323150957214
CDC42SE1,0.005327652775119776
PRUNE,0.005327652775119776
BNIPL,0.005327652775119776
C1orf56,0.005327652775119776
FAM63A,0.005327652775119776
MLLT11,0.005327652775119776
SFXN5,0.005327541534810125
TNFRSF19,0.005327073456820284
ANKRD20A19P,0.005327073456820284
C1QTNF9B,0.005327073456820284
MIPEP,0.005327073456820284
PNKP,0.005326741974119912
DIEXF,0.005326675602603934
CPN1,0.005326613913066391
MIR4687,0.00532592041035824
MYO5A,0.005322733723108353
TGFB2,0.0053226245793943265
F5,0.00532165321762475
LCE1C,0.005321016842765981
LCE1D,0.005321016842765981
LCE1E,0.005321016842765981
SGCG,0.005320878744929375
SEC16B,0.0053206151077025456
DENND4C,0.005320444224805145
LCE2C,0.005320407095781089
LCE2A,0.005320407095781089
C1orf68,0.005320407095781089
LCE4A,0.005320407095781089
LCE2B,0.005320407095781089
MAP3K5,0.005320161606766564
MROH9,0.005320053379949743
FGD4,0.005319804239034441
CERS2,0.005319724295474096
snoU13|ENSG00000238686.1,0.005319167792257712
FMO1,0.005319007632396319
MIR4499,0.0053175239010842205
GJB6,0.0053175239010842205
CRYL1,0.0053175239010842205
SNORA31|ENSG00000252238.1,0.005317357776807795
CYP2C8,0.005316123493222197
MGA,0.005314139012179298
RN7SL632P,0.005314077278573324
MPC2,0.005313919368181172
MIR1255B2,0.005313919368181172
NEK5,0.005313709559480663
ANXA9,0.005313363285367563
CYP2C9,0.005312335516381492
SETDB1,0.0053121694568232115
MIR1471,0.005311882195789073
LCE1B,0.005310346270530391
ST20,0.0053097563985233754
BCL2A1,0.0053097563985233754
C15ORF37,0.0053097563985233754
MTHFS,0.0053097563985233754
C15orf37,0.0053097563985233754
LRP6,0.005309367088607597
SPATA13,0.005307230829382723
EPHA2,0.005306881992091841
FAM5C,0.005305889384592398
MAP3K4,0.005305305650806992
LINC00933,0.0053046458300084805
POGK,0.00530332278481013
HSD17B14,0.005303203156591959
BCAT2,0.005303203156591959
FGF21,0.005303203156591959
NCOA1,0.005302903895107584
PDC,0.005302779766649109
C1orf43,0.0053023302439602306
C1orf27,0.0053017800773633465
S100A2,0.00530137342519391
RASSF7,0.005300510190011312
MIR210,0.005300510190011312
MIR210HG,0.005300510190011312
C11orf35,0.005300510190011312
snoU13|ENSG00000238888.1,0.005300480011861293
SLC39A1,0.005298826834845246
JTB,0.005298826834845246
U3|ENSG00000252669.1,0.005298826834845246
RPS27,0.005298826834845246
CREB3L4,0.005298826834845246
RAB13,0.005298826834845246
NUP210L,0.005298826834845246
FSIP1,0.00529804748903781
RMDN3,0.005297373801841412
PPP1R14D,0.005297373801841412
ZFYVE19,0.005297373801841412
C15orf62,0.005297373801841412
GCHFR,0.005297373801841412
DNAJC17,0.005297373801841412
RAD51,0.005297373801841412
CABP5,0.005297204896638772
SIGLEC16,0.005296810784152555
ZNF473,0.005296810784152555
SIGLEC11,0.005296810784152555
VRK3,0.005296810784152555
NUP62,0.005296810784152555
U3|ENSG00000221125.1,0.005296810784152555
MIR4751,0.005296810784152555
TBC1D17,0.005296810784152555
MIR4750,0.005296810784152555
IL4I1,0.005296810784152555
ATF5,0.005296810784152555
C1orf189,0.005296327686190168
UBE2Q2P1,0.005296086616884913
PRR18,0.005295916917762647
SFT2D1,0.005295916917762647
ADRA1D,0.00529504485767703
CEP152,0.0052949346489376
CYP26B1,0.005294209849683548
AKT1S1,0.005293123693666188
C6orf57,0.005291058578153173
SCARNA5,0.005291012086032714
OCLM,0.005290459271667819
PRG4,0.005290459271667819
TPR,0.005290459271667819
PAPOLG,0.0052890254333766195
RNA5SP400,0.005289010379446998
TADA1,0.005286423278789752
FUT2,0.0052850613305231164
RASIP1,0.0052850613305231164
MAMSTR,0.0052850613305231164
RN7SL345P,0.0052850613305231164
IZUMO1,0.0052850613305231164
FUT1,0.0052850613305231164
FAM161A,0.005284837818378743
CCT4,0.005284837818378743
PGAP2,0.005284609922641197
LCE6A,0.005283867111024765
LCE1A,0.005283867111024765
UBE3D,0.005282926030743658
VPS13C,0.005281535150780456
ZNF702P,0.0052813191803371745
SMCP,0.005281299597985446
snoU13|ENSG00000238401.1,0.005279634432142938
C4BPB,0.005279634432142938
C1orf116,0.005279634432142938
PFKFB2,0.005279634432142938
YOD1,0.005279634432142938
TPRX2P,0.005279442939943872
SULT2A1,0.005279442939943872
RNA5SP219,0.00527734744001512
SPRR2B,0.0052756594383752
ENSA,0.005275309620799957
SNORA40|ENSG00000253047.1,0.005275309620799957
MIR4257,0.005275169885143368
ADAMTSL4,0.005275169885143368
snoU13|ENSG00000251860.1,0.005274892853583174
FXR2,0.005274892853583174
PLA2G4A,0.005272118125447497
KCNG3,0.005272024808093131
S100B,0.005271701427992254
PRMT2,0.005271701427992254
DIP2A,0.005271701427992254
C21orf58,0.005271701427992254
MCM3AP,0.005271701427992254
YBEY,0.005271701427992254
PCNT,0.005271701427992254
HRAS,0.005270930200490885
LRRC56,0.005270930200490885
KIAA1024,0.005270671163713757
SOX15,0.005270666799561447
MPDU1,0.005270666799561447
COL9A1,0.005268778483893447
OR2A4,0.005267216039418916
CTAGE9,0.005267216039418916
ENPP3,0.005267216039418916
GIGYF2,0.005266331658291455
KCNJ13,0.005266331658291455
LINC00838,0.0052657124391128195
MAN1A1,0.00526561585592577
MIR3122,0.005265253597634165
SNORA26|ENSG00000212187.1,0.005265253597634165
DTL,0.005265253597634165
RN7SKP98,0.005265253597634165
KLRAP1,0.005264417554229626
MAGOHB,0.005264417554229626
HSPB7,0.005263378526869521
CLCNKA,0.005263378526869521
FAM131C,0.005263378526869521
CLCNKB,0.005263378526869521
RPS6,0.005263114476607763
RNA5SP391,0.005263035275200551
ACBD6,0.005261898909742094
MIR548H5,0.005261697391895338
ENPP1,0.005261697391895338
RN7SKP245,0.005261697391895338
PIP5K1A,0.005261290489165929
PDCD2,0.005260805849850841
MED23,0.005260535213660697
ASAP2,0.005259805647707121
CTSK,0.005258887643418915
TAS2R13,0.005258593096525959
SDIM1,0.005258102985487531
MCL1,0.0052577940600195055
RN7SL600P,0.0052577940600195055
RN7SL473P,0.0052577940600195055
C1orf138,0.0052577940600195055
MIR488,0.005257233971787997
snoU13|ENSG00000239170.1,0.0052571083264423375
RN7SL359P,0.0052571083264423375
POLR2A,0.0052567062028638836
LACTB,0.0052564308909991185
TPM1,0.0052564308909991185
RPS27L,0.0052564308909991185
TNNT3,0.005256297399409842
LINC00473,0.005255975834972007
SACS,0.005255632667025074
SNORA70B,0.005255554939394032
MIR3125,0.005253372844929608
FAM84A,0.005252787823990359
BICD1,0.005252425985112916
FRMD1,0.005252110327708287
KIF25,0.005252110327708287
DACT2,0.005252110327708287
NUP98,0.0052516803784121435
ZNF761,0.005251276189195405
ZNF813,0.005251276189195405
TPM3P9,0.005251276189195405
ZNF765,0.005251276189195405
KPRP,0.00525015467846308
LCE1F,0.005249497108185258
NME7,0.005249227395464266
SNORA7|ENSG00000206976.1,0.005248647307024082
MLLT4,0.005247859765078845
CASC5,0.005247136829415313
PCAT2,0.00524650873007431
NGEF,0.005245855861586413
NEU2,0.005245855861586413
RN7SL79P,0.005245734102450551
SPRR2G,0.0052446370660409755
RN7SL376P,0.0052439279509272066
ZMYM2,0.005242785624160527
PDE10A,0.00524266338684233
SPRR2F,0.005241310358226349
CNNM1,0.0052406246712717935
TLN2,0.005240506329113927
RN7SL129P,0.00523915744709126
ITGB1,0.005238244396208975
TRIB2,0.005235218655027789
HNRNPA1L2,0.005234899211626468
ID2,0.00523427914821061
SPRR2A,0.00523350619461091
SPRR2E,0.00523350619461091
SPRR2D,0.00523350619461091
SPRR1B,0.00523350619461091
SNORA69|ENSG00000212206.1,0.00523243961593409
ARHGEF15,0.00523243961593409
CHRNG,0.005232381158250101
MIR5001,0.005232381158250101
EIF4E2,0.005232381158250101
TIGD1,0.005232381158250101
TRPC2,0.005231980310609742
ART5,0.005231980310609742
CTGF,0.005231110355959564
FOXI2,0.005231029671974951
RAB11FIP5,0.005230968156645568
snoU13|ENSG00000238588.1,0.005230333286580885
GOT1,0.00522948297626145
FAM135A,0.005228383929754609
TBC1D2B,0.00522752933192115
RN7SL32P,0.005226951662226856
SYTL3,0.005226665289094258
POU2F1,0.005226646271988011
STYK1,0.0052264874811799415
EXOC6B,0.005225558742088611
RNA5SP95,0.005224411241638619
PEX13,0.005224411241638619
PAK6,0.005223681877814415
RRAGA,0.005223594967838837
HAUS6,0.005223594967838837
PLIN2,0.005223594967838837
SCARNA8,0.005223594967838837
RN7SL158P,0.005223594967838837
LINC00970,0.005223171547099855
GPR176,0.005223037738302068
snoU13|ENSG00000238564.1,0.005223037738302068
SPRR4,0.0052220106705722375
ANKRD63,0.005221483530120907
C15orf56,0.005221483530120907
RNA5SP392,0.005221483530120907
C15orf52,0.005221483530120907
LINC00984,0.005221483530120907
PLCB2,0.005221483530120907
PHGR1,0.005221217600964433
MIR190B,0.005220226432518312
TPM3,0.005220226432518312
RN7SL431P,0.005220226432518312
ART1,0.0052187668504983745
CHRNA10,0.0052187668504983745
RNF222,0.0052177015847702625
C1orf143,0.0052171076349943925
LINC00601,0.005217010344358239
ACER2,0.005215991470385658
NPS,0.005215394038383004
ACTL8,0.00521476964769648
PSMD4,0.005213203196908805
RN7SL204P,0.005213141657655359
RN7SKP168,0.005213068125833426
PSMA4,0.005212680850188688
CHRNA3,0.005212680850188688
HYKK,0.005212680850188688
CHRNA5,0.005212680850188688
TNR,0.00520965703441395
IL19,0.0052084640419639075
SMOC2,0.005206546688897696
SNORD10,0.005205860659822585
EIF4A1,0.005205860659822585
CD68,0.005205860659822585
TNFSF12,0.005205860659822585
SENP3,0.005205860659822585
TNFSF13,0.005205860659822585
SNORA48|ENSG00000209582.1,0.005205860659822585
SNORA67|ENSG00000264772.2,0.005205860659822585
LINC00568,0.005203907738013871
ECM1,0.005203907738013871
FHL5,0.005203385258828872
MIR548AP,0.005200842549236162
LINC00327,0.005200808855872139
LINC00352,0.005200808855872139
RN7SL613P,0.005197654421922141
FKBP1A,0.005197145436130409
C6orf99,0.00519694161608127
OSTCP1,0.00519694161608127
ATRN,0.00519687025206993
CPSF3,0.0051967183745080915
ITGB1BP1,0.0051967183745080915
IAH1,0.0051967183745080915
ADAM17,0.0051967183745080915
snoU13|ENSG00000238462.1,0.0051967183745080915
YWHAQ,0.0051967183745080915
C15orf57,0.005195605668427706
XPR1,0.0051954081005635665
NLGN2,0.005195202498421871
SPEM1,0.005195202498421871
TMEM256,0.005195202498421871
PLSCR3,0.005195202498421871
SLC35D1,0.005194913770727324
MTA3,0.0051942385576059505
RPUSD2,0.005192981834083842
AMER2,0.005190296298384593
snoU13|ENSG00000238559.1,0.005190292994835066
ILDR2,0.0051872337141092946
PCBP3,0.005187233659173836
GPATCH2,0.005187184545745873
GPR52,0.0051868590275090725
GJB7,0.005186739973947886
SMIM8,0.005186739973947886
C2orf82,0.005186444882641055
MRPS26,0.0051851315080848935
GNRH2,0.0051851315080848935
A2ML1,0.005184845791664155
SPRR1A,0.0051831602229761
OXT,0.005183099886596993
IVL,0.005182511619565707
RN7SL44P,0.0051822276687639186
S100A7,0.0051822276687639186
S100A7L2,0.0051822276687639186
IL24,0.005181865600916867
FCAMR,0.005181865600916867
PIGR,0.005181865600916867
FAIM3,0.005181865600916867
IL20,0.005181865600916867
PRSS56,0.005181398572055259
CHRND,0.005181398572055259
snoU13|ENSG00000238348.1,0.005181215392218281
SNORD112|ENSG00000252932.1,0.0051792614092470235
BNIP3,0.00517905690500628
SELENBP1,0.005178916319605828
PSMB4,0.005178916319605828
ZNF687,0.005178153848957907
WDR78,0.005177909370227513
MIR3117,0.005176279555483125
FGF11,0.005175706834114087
TMEM102,0.005175706834114087
C17orf74,0.005175706834114087
CHRNB1,0.005175573939333529
NDFIP2,0.005175075260237203
MIR1266,0.005174138616109435
FMO6P,0.005173414599884501
MIR1295A,0.005173414599884501
FMO3,0.005173414599884501
RN7SL408P,0.005173408481936608
SMAP1,0.005173259174018669
FMO2,0.005172790272986938
RFX5,0.005171455650636559
CAPRIN2,0.005170048974354957
MMS22L,0.005168142772370852
RNA5SP33,0.005167049228744488
TARS2,0.005165851035714614
BUB1B,0.005165685683556119
XPO1,0.005164338062535213
CPM,0.0051642727288077365
CCDC28A,0.005163588369438248
ECT2L,0.005163588369438248
KIAA1199,0.005163266622795136
DNM1L,0.005163192838218596
ODF4,0.005161606697896947
C10orf91,0.005161103171362451
PQLC3,0.005160971960379447
C2orf50,0.005160971960379447
RNA5SP40,0.0051604419504980605
SLC2A4,0.005159898999966777
YBX2,0.005159898999966777
KRBA2,0.005159520249842194
RPL26,0.005159520249842194
RPRD2,0.00515893715844505
SH2D7,0.005157934785961809
MIR1827,0.005157934785961809
SNORA63|ENSG00000199633.1,0.005157934785961809
BCL11A,0.005157569398718801
U3|ENSG00000253052.1,0.005156561468291841
INSL5,0.005156558797075993
TCTEX1D1,0.005156558797075993
AGPAT4,0.0051562394483503785
IFNGR1,0.005155492014126065
snoU13|ENSG00000238631.1,0.005155365425482765
LRRC27,0.00515458690622022
PWWP2B,0.00515458690622022
PI4KB,0.00515430765538757
RN7SL444P,0.00515430765538757
SOX11,0.005154116106503703
C19orf81,0.005153621900468177
MIR1276,0.005153307980230581
KLHL25,0.005153307980230581
CNRIP1,0.005152548405712969
SPRY2,0.0051525464126385345
JAKMIP3,0.005152349184627671
CLRN3,0.005151144458055447
LINC00594,0.005149664929262837
KNSTRN,0.005149664929262837
IVD,0.005149664929262837
DISP2,0.005149664929262837
RNA5SP94,0.005149511085949183
C4BPA,0.005149084978364204
LECT1,0.0051480966077812555
COMMD1,0.0051480649588007635
GBX2,0.005147369760193367
MIR548AJ1,0.005144582448390114
DGKD,0.005142584668985121
MYRFL,0.005142531132744727
RBM26,0.005142136924408147
SPR,0.005140738726265819
EMX1,0.005140738726265819
RHOV,0.005140575373993094
SPINT1,0.005140575373993094
CHST14,0.005140245127586894
C10orf118,0.005139889408525642
AFAP1L2,0.005139263681407555
SDC1,0.005139153441712656
ABHD17C,0.005139012546398448
FNDC1,0.005138377615871175
EIF5A,0.005136270307983654
GPS2,0.005136270307983654
NEURL4,0.005136270307983654
CIB2,0.005135502678690783
WDR61,0.005135502678690783
DNAJA4,0.005135502678690783
IDH3A,0.005135502678690783
ACSBG1,0.005135502678690783
MIR190A,0.0051346818401295105
TAGAP,0.005133526670818541
RSPH3,0.005133526670818541
ALOX12P2,0.005133014385859996
RN7SL140P,0.005132178598549886
CRABP1,0.005131235282625015
ARHGAP30,0.005130607956131261
PFDN2,0.005130607956131261
PVRL4,0.005130607956131261
TSTD1,0.005130607956131261
USF1,0.005130607956131261
KLHDC9,0.005130607956131261
BCL6B,0.005129479384697167
SLC16A11,0.005129479384697167
CLEC10A,0.005129479384697167
ALOX12,0.005129479384697167
MIR497HG,0.005129479384697167
C17orf49,0.005129479384697167
RNASEK,0.005129479384697167
SLC16A13,0.005129479384697167
SCRT2,0.005129404578866446
SRXN1,0.005129404578866446
SLC35G6,0.005128914581879796
ZBTB4,0.005128914581879796
RNA5SP65,0.005128901667181231
MAEL,0.005128901667181231
GPA33,0.005128901667181231
DUSP27,0.005128901667181231
snoU13|ENSG00000238325.1,0.005128901667181231
INTS7,0.005128751789021291
EIF2AK4,0.005128751078490462
BMF,0.005128751078490462
SRP14,0.005128751078490462
SNORA31|ENSG00000252920.1,0.005128205281484912
SPRR3,0.005128205281484912
RORC,0.00512796018710864
C2CD4D,0.00512796018710864
THEM5,0.00512796018710864
TDRKH,0.00512796018710864
LINGO4,0.00512796018710864
F11R,0.005126851532614211
LGALSL,0.005125670588381218
SNORA31|ENSG00000252433.1,0.005125574207879851
DPYSL4,0.005124648382559768
ADRB1,0.00512447334634227
SCARNA3,0.005122399389587782
MIR4433,0.005122138564491217
SYT3,0.005121992587133691
PTPRE,0.005121534866839077
RCN2,0.005120556057866187
RN7SL278P,0.005120556057866187
MIR378C,0.005120070703615005
C10orf90,0.005119617984664943
LINC00276,0.005115009826962985
RNA5SP356,0.005114875895124992
RNU4ATAC4P,0.005114443176810753
IL23R,0.005114443176810753
ZNF880,0.005113820428776338
ZNF578,0.005113820428776338
ZNF528,0.005113820428776338
ZNF534,0.005113820428776338
ZNF808,0.005113820428776338
C1orf141,0.005113809359965715
ONECUT1,0.005113650017390569
SNORD112|ENSG00000252476.1,0.005111780435698819
RN7SL127P,0.005111765566693496
PAQR3,0.005111642094095267
REPS1,0.005109804871169208
RNY4P25,0.005108480435489214
TBX18,0.005107813877381697
SUGT1,0.005107152422763848
CENPF,0.005106924741414402
STK32C,0.005106352933169995
S100A7A,0.005104353414134772
MIR4297,0.005103210172197511
EBF3,0.005103210172197511
SCYL3,0.005102956299151438
RN7SL333P,0.005102956299151438
TRIM69,0.005101230612137112
C1orf112,0.005100770147001164
LINC00959,0.005100302200935109
GLRX3,0.005100302200935109
SNORA17|ENSG00000212589.1,0.005100213674223273
DCLRE1A,0.005100213674223273
NHLRC2,0.005100213674223273
NOL10,0.0050971002783014654
PRED60,0.005096668369427172
SNORD78|ENSG00000212378.1,0.005095446004746833
SLC25A24P1,0.005093456072429826
STIM1,0.005093240191186511
WASF2,0.005092603764812668
NRP1,0.005092091366237369
ODC1,0.005092090851961579
SNORA80B,0.005092090851961579
TXLNB,0.005090901349909388
TAF1B,0.005089726785767722
ITM2C,0.0050876470962407
SNORD60|ENSG00000199321.1,0.005084966653055666
SNORA73|ENSG00000253090.1,0.005084351310764054
HABP2,0.005082674774854099
NRAP,0.005082674774854099
RN7SL398P,0.005081555979423155
ACADSB,0.005081090145780684
PDIA6,0.005079188059284924
FBLIM1,0.005077009266549572
PLEKHM2,0.005077009266549572
TMEM82,0.005077009266549572
SLC25A34,0.005077009266549572
PACRG,0.0050749981295891925
MIR4261,0.005074632671993297
SNORA2|ENSG00000206647.1,0.005074632671993297
C2orf48,0.005074632671993297
THEM4,0.005074604336974882
TDRD15,0.005074430573223755
BAHD1,0.005073810114763197
MKI67,0.005072631686402617
LINC00941,0.005071750820150935
PRSS38,0.005071728288735784
SNAP47,0.005071728288735784
OLIG3,0.005071211614759698
RPTN,0.005070530390208187
OSTM1,0.00506966588584087
NR2E1,0.00506966588584087
SNX3,0.00506966588584087
ROCK2,0.005068851183529343
SLC24A5,0.005064861724492754
MYEF2,0.005064861724492754
CTXN2,0.005064861724492754
SLC12A1,0.005064861724492754
AFTPH,0.005064779612872822
ZNF114,0.00506248269599212
BMP2K,0.005061443623326258
MIR5096,0.005061443623326258
CASP7,0.005061242462305721
PLEKHS1,0.005061242462305721
KLHL32,0.005060501823051362
RN7SL509P,0.005060501823051362
NDUFAF4,0.005060501823051362
SNORD36|ENSG00000253094.1,0.005058616675706814
LINC00621,0.005058616675706814
snoU13|ENSG00000238816.1,0.005058411685080849
HMG20A,0.005058313743218806
MIER1,0.005057247068131047
WDR64,0.0050561340059008236
FBN1,0.0050553102028959756
PUS10,0.0050532697857885766
VPS18,0.005051979286536247
KCNQ1OT1,0.005051221783224704
SLITRK5,0.005051061445147684
U6|ENSG00000272292.1,0.00505083481100441
MYCNOS,0.0050482015347521675
MYCN,0.0050482015347521675
RN7SL104P,0.0050482015347521675
CLEC2A,0.005047579880666926
KLRF2,0.005047579880666926
GPR63,0.005046526682554234
SNORA51|ENSG00000206898.1,0.005044809528084509
RN7SL66P,0.005044809528084509
CPSF6,0.005044778160497106
RN7SL707P,0.005044551484713883
APOB,0.005044417465162056
PEX5,0.00504305408149471
LINC00309,0.005040945428835454
TDRD1,0.005040561022299055
TUFT1,0.00504044057208615
CAB39,0.005039946568284463
NTSR2,0.005039355992844368
LPIN1,0.005039355992844368
MIR2110,0.005039189057654955
RHOU,0.005037954654702769
ATP6V1C2,0.0050377592243468884
RNA5SP86,0.00503246542809188
TNFAIP8L2,0.005032442974182325
SCNM1,0.005032442974182325
LYSMD1,0.005032442974182325
VPS72,0.005032442974182325
TMOD4,0.005032442974182325
ZNF610,0.005032319111688002
SEMA6C,0.005031464824586192
CASC8,0.005030559059066663
IPO8,0.005030479886091595
FLG2,0.005029781955673795
HRNR,0.005029781955673795
FLG,0.005029781955673795
MOXD1,0.005029414663155212
KIAA1551,0.0050290566255940155
ABCC2,0.00502863441915916
LCE2D,0.005027863046044872
LINC00302,0.005027863046044872
S100A10,0.005027677730784756
SGIP1,0.00502718603135398
HTR2B,0.005026792188792064
OAZ3,0.005025971037018224
MRPL9,0.005025971037018224
DUT,0.005025779261381815
VWA2,0.005024774158860522
RAB3IP,0.005024638387222683
snoU13|ENSG00000238577.1,0.00502459802826432
FAM160B1,0.00502459802826432
RN7SL384P,0.00502459802826432
ABLIM1,0.00502459802826432
TCHHL1,0.005023546993857704
TCHH,0.005023546993857704
S100A11,0.005023546993857704
POGZ,0.005023511126388001
PPP2R5A,0.00502306032971611
FAM60A,0.005022793220909212
LCE3A,0.005022339455711156
LCE3B,0.005022339455711156
LCE3E,0.005022339455711156
LCE3D,0.005022339455711156
LCE3C,0.005022339455711156
PPP2R2D,0.005022072072072079
CCT2,0.005021307874426272
CGN,0.005020695530016597
SNORA44,0.005020695530016597
CLEC12A,0.005017161099648696
CLEC1B,0.005017161099648696
PROX1,0.005017072824838852
RORA,0.005016700859233631
XAF1,0.005015302833981197
DLG4,0.005013927373002429
GABARAP,0.005013927373002429
CLDN7,0.005013927373002429
ELP5,0.005013927373002429
ACADVL,0.005013927373002429
PHF23,0.005013927373002429
CTDNEP1,0.005013927373002429
DVL2,0.005013927373002429
MIR324,0.005013927373002429
RN7SL467P,0.00501335423009133
LCE5A,0.005013028858368336
CRNN,0.005013028858368336
CRCT1,0.005013028858368336
PELI1,0.005012372937068571
CDC42BPA,0.005011741908348017
TRAF5,0.0050090368775546415
ANXA3,0.005008527603730667
LINC00467,0.0050058774762735585
RD3,0.0050058774762735585
SLC30A1,0.0050058774762735585
FAR2,0.00500454451995213
FAM49A,0.0050045352853897145
TCERG1L,0.00500419089976052
AGT,0.00500330976606313
TP73,0.005003109860915767
RHBDL3,0.0050030267496517225
NEK2,0.0050024417304939985
FBXO39,0.005002039934881558
TEKT1,0.005001342237283633
TTC32,0.005000822276933189
LINC00954,0.005000822276933189
RABGAP1L,0.005000287840922179
HPCAL1,0.00499961696142682
C2orf72,0.004999058584059541
SPATA3,0.004999058584059541
LSS,0.004998878327852608
KCNF1,0.004998413980907924
RCOR3,0.004998267691203586
YARS2,0.00499729803608226
C2orf43,0.004996265895338652
GDF7,0.004996265895338652
HS1BP3,0.004996265895338652
SNORA16B,0.004995442378047524
TMEM206,0.004995442378047524
KCNQ1,0.00499529909152679
GLTSCR2,0.0049931589942064526
SNORD23|ENSG00000221803.1,0.0049931589942064526
CRX,0.0049931589942064526
TPRX1,0.0049931589942064526
SEPW1,0.0049931589942064526
EHD2,0.0049931589942064526
CCAT1,0.004992888294558321
LINC00205,0.004991925166019153
LINC00316,0.004991925166019153
LINC00334,0.004991925166019153
COL18A1,0.004991925166019153
POFUT2,0.004991925166019153
SLC19A1,0.004991925166019153
LINC00315,0.004991925166019153
CHML,0.004991862567811935
CUTC,0.004991659069392339
COX15,0.004991659069392339
PCAT1,0.004990457781508888
LINC00670,0.004990196196509653
LAPTM4A,0.00498937811679234
RNA5SP77,0.004989089288575553
ASGR1,0.004988730522608727
BEST3,0.004988712154234934
ARHGEF11,0.004988688187999306
C1orf54,0.004988660147694511
MRPS21,0.004988660147694511
APH1A,0.004988660147694511
C1orf51,0.004988660147694511
FBXO48,0.004988564691415575
PROKR1,0.004988564691415575
APLF,0.004988564691415575
RN7SL183P,0.004988094019906908
ARHGAP25,0.004985456719806219
ZNF678,0.004985123577952255
BMP10,0.004985061466895031
RNA5SP87,0.0049839716965296476
PRH2,0.00498332403948029
PEAR1,0.004982387857311899
LRRC71,0.004982387857311899
MIR765,0.004982387857311899
RN7SL612P,0.004982387857311899
C1orf131,0.004982219395930138
GNPAT,0.004982219395930138
RNA5SP80,0.004982219395930138
EXOC8,0.004982219395930138
SPRTN,0.004982219395930138
TRIM67,0.004982219395930138
RFWD2,0.00498206148282098
EHBP1,0.0049820306276002506
snoU13|ENSG00000238985.1,0.00498064212465951
MIR1182,0.00498064212465951
TTC13,0.00498064212465951
RN7SL837P,0.00498064212465951
FAM89A,0.00498064212465951
ARV1,0.00498064212465951
snoU13|ENSG00000238526.1,0.004979969197400915
CA14,0.004979969197400915
RN7SL480P,0.004979969197400915
ANP32E,0.004979969197400915
ZNF292,0.004979783341584088
TAS2R20,0.004978924329448504
TAS2R50,0.004978924329448504
RNA5SP218,0.004978076318950391
BROX,0.0049764812793551905
RN7SL276P,0.0049764812793551905
NUP88,0.004975587228811587
DERL2,0.004975587228811587
C1QBP,0.004975587228811587
RPAIN,0.004975587228811587
DHX33,0.004975587228811587
AMN1,0.004974470646368646
LINC00705,0.00497430750702529
LINC00704,0.00497430750702529
SGK1,0.004974277002679479
SLC13A5,0.004973095451676137
MED31,0.004973075517459054
C17orf100,0.004973075517459054
MIR4520B,0.004973075517459054
TXNDC17,0.004973075517459054
IER5,0.004972041292859776
RNA5SP73,0.00497177519873695
GPR55,0.0049713058965714695
PUM2,0.004971220307338092
KIAA1614,0.004968977685703755
ELAC2,0.004968914475665129
H3F3C,0.0049687066319021
STMN1P1,0.0049687066319021
SNORA25|ENSG00000252204.1,0.0049687066319021
SNORA26|ENSG00000212558.1,0.004968129993715774
RRM2,0.004968129993715774
SLC52A3,0.004967931085321934
RNA5SP212,0.0049678911895747295
snoU13|ENSG00000238974.1,0.0049678911895747295
CAPN9,0.004966712065374137
AKR1E2,0.0049655349643161345
PTPN22,0.004964585134596897
PEAK1,0.004964561482820976
ISG20L2,0.004963064711112243
METTL24,0.004962426330883919
RHOB,0.004960782227209626
WDR35,0.004960047014892881
MATN3,0.004960047014892881
VPS45,0.004959962696655151
PLEKHO1,0.004959962696655151
LPGAT1,0.004958700933384478
SEC11A,0.004956809152226321
ZSCAN2,0.004956809152226321
SCAND2P,0.004956809152226321
WDR73,0.004956809152226321
NMB,0.004956809152226321
FAM177B,0.004955920919413073
snoU13|ENSG00000239054.1,0.004955634467124664
ZNF18,0.0049550518493538444
ZNF592,0.004954024678084552
KLF11,0.004952407457282222
GRHL1,0.004952407457282222
CYS1,0.004952407457282222
DDX11,0.004951998086546954
C2orf74,0.004951383882576477
RN7SL344P,0.00494965168219558
SNORA75|ENSG00000212533.1,0.0049495668446949
snoU13|ENSG00000238661.1,0.004949167332520293
MYOM2,0.004948495288855049
TCF15,0.004948431938330629
COL4A4,0.004947644403162398
USP34,0.004947186849686098
WNT9A,0.004946978649254931
MIR5008,0.004946978649254931
RIIAD1,0.004945938756295497
CELF3,0.004945938756295497
SNORD75|ENSG00000221711.1,0.004945582373098905
PLEK,0.0049452321350751454
KIAA1841,0.004944691395498844
LSMD1,0.004944562419180718
SPACA1,0.0049438247926478825
CNR1,0.0049438247926478825
UBASH3A,0.004940923392112388
PIN1P1,0.004940632488847843
RN7SL538P,0.004940632488847843
SNX27,0.004938559024404835
PSMD1,0.00493847719610712
RNA5SP79,0.004938431341131228
C1orf198,0.004938431341131228
PRPF3,0.004938288481225298
AHSA2,0.004938235319870528
ASB18,0.004938146428344252
AGXT,0.004937827056569395
SLC28A1,0.004936028491512182
TMPRSS3,0.0049346406185215
GABRA5,0.004933539902466505
INSRR,0.004932778349889022
SH2D2A,0.004932647226255427
PRCC,0.004932647226255427
OPN3,0.004932625868468639
DDO,0.004932546607556215
DLL4,0.004931196777905639
IL12RB2,0.004927901879940553
USH2A,0.004927832991328851
SORCS3,0.004927817700370539
RRM1,0.004927496192026889
C6orf163,0.004926771999789818
KCTD3,0.004926404858575868
MRPL1,0.004923343055664118
RPS6KC1,0.004923271093953001
SHISA2,0.004922723515287158
RN7SL741P,0.004921250189789066
RNY1P3,0.004921250189789066
SIGLEC12,0.004919731591768413
CEACAM18,0.004919731591768413
CHGB,0.004919550018105931
MIR554,0.004918813982335283
snoU13|ENSG00000238371.1,0.004918732902118983
SLC1A4,0.004915131928722046
CLEC9A,0.004914233535939324
CLEC12B,0.004914233535939324
GLTSCR1,0.004913789124221072
KMO,0.004911668411535169
ANTXR1,0.004910959991621993
RNA5SP96,0.004910959991621993
CNOT6L,0.004909940226177892
FH,0.004909117731036454
KLF6,0.004908764290093408
UFL1,0.00490760985114128
TRPC4,0.004907299654359423
MTMR11,0.004906611015422565
TRMT6,0.0049065535477658215
LINC00582,0.004905809365486299
TRAX,0.004905809365486299
TSNAX,0.004905809365486299
NBPF5P,0.0049046021093000994
NBPF6,0.0049046021093000994
UTRN,0.004903318470693635
ANGEL2,0.004903196934638338
SHANK1,0.004902960811513781
NCL,0.00490257617199924
SNORD82,0.00490257617199924
SNORD20,0.00490257617199924
SNORA75|ENSG00000206885.1,0.00490257617199924
SNORD116|ENSG00000202498.1,0.004900440137841622
SCARNA21|ENSG00000252835.1,0.004898971444841211
TRAPPC1,0.004898971444841211
CHD3,0.004898971444841211
CNTROB,0.004898971444841211
KCNAB3,0.004898971444841211
RBPMS2,0.004898830835652472
OAZ2,0.004898830835652472
DDX1,0.004898247322297956
NECAP2,0.004897917643381779
TAS2R43,0.004897894942285176
TAS2R46,0.004897894942285176
TAS2R42,0.004897894942285176
TAS2R64P,0.004897894942285176
TAS2R31,0.004897894942285176
TAS2R30,0.004897894942285176
TAS2R19,0.004897894942285176
TAS2R14,0.004897894942285176
CRLS1,0.0048972021376925585
RN7SL322P,0.004896503157159687
snoU13|ENSG00000239033.1,0.004895942848732076
CITED2,0.004894444695758148
PTGS2,0.004894186464774503
CD69,0.0048935339781810165
RNA5S1,0.004893256289056238
RNA5S2,0.004893256289056238
HIST3H2A,0.004893256289056238
RNA5S11,0.004893256289056238
RNA5SP18,0.004893256289056238
RNA5S9,0.004893256289056238
RNA5S8,0.004893256289056238
RNA5S7,0.004893256289056238
RNA5S6,0.004893256289056238
RNA5S5,0.004893256289056238
RNA5S4,0.004893256289056238
RNA5S3,0.004893256289056238
RNA5S16,0.004893256289056238
RNA5S17,0.004893256289056238
BTNL10,0.004893256289056238
RNA5S15,0.004893256289056238
RNA5S14,0.004893256289056238
RNA5S13,0.004893256289056238
RNA5S12,0.004893256289056238
HIST3H2BB,0.004893256289056238
HIST3H3,0.004893256289056238
MIR4666A,0.004893256289056238
RNA5S10,0.004893256289056238
RNF187,0.004893256289056238
RNA5SP19,0.004893256289056238
OBSCN,0.004893256289056238
TRIM17,0.004893256289056238
TRIM11,0.004893256289056238
SNORA51|ENSG00000206878.1,0.004893256289056238
KLRF1,0.004893252108985581
SPATA17,0.004892095246525621
RN7SL832P,0.004891630008678219
ARMC2,0.004890713888650742
snoU13|ENSG00000238628.1,0.004890547951645955
TRUB1,0.00489023819345628
CLECL1,0.0048892369110587605
SESN1,0.0048875610855598885
PRAP1,0.004886575019282244
LACE1,0.004885752372207762
AKIRIN2,0.004885262858043661
RN7SL498P,0.0048841897500587084
MCM8,0.0048841897500587084
ATF3,0.004883477486172461
NENF,0.004883477486172461
FAM71A,0.004883374372553627
FLVCR1,0.004883374372553627
RN7SL512P,0.004883374372553627
NSL1,0.004883374372553627
TATDN3,0.004883374372553627
C1orf227,0.004883374372553627
BATF3,0.004883374372553627
MYH3,0.00488301827568852
MIS12,0.004881025947705901
ANGPT4,0.00487992083170211
LRIG2,0.004878110393022765
WRAP53,0.00487771819724058
EFNB3,0.00487771819724058
RPL29P2,0.00487771819724058
SPATC1L,0.0048771296004324555
ETV3,0.004877047607473403
ETV3L,0.004877047607473403
NRXN1,0.0048760968741356995
DENND5B,0.004875812166197067
GABRB3,0.0048753249649360645
IFI16,0.0048745562584350845
ELAVL2,0.00487435586087593
CCDC9,0.004873376296743422
PRR24,0.004873376296743422
BBC3,0.004873376296743422
FIG4,0.00487134350895922
AK9,0.004869147609262609
snoU13|ENSG00000238696.1,0.004868674619625927
RN7SL211P,0.004868674619625927
C20orf196,0.004867480570953333
ASGR2,0.0048672248247450135
DNAH2,0.00486645984838599
RNA5SP85,0.004866375308530157
RN7SL674P,0.004866375308530157
LINC00570,0.0048663753085301555
E2F6,0.0048663753085301555
RNA5SP84,0.0048663753085301555
GREB1,0.0048663753085301555
MIR4429,0.0048663753085301555
BCL2L10,0.00486578305046262
GNB5,0.00486578305046262
OSR1,0.004865586742961062
MIR4757,0.004865586742961062
ZNF638,0.004864623447942392
LRRN4,0.004864110084003526
MYZAP,0.004861394975024646
B3GAT2,0.004860214806290755
BSPH1,0.004860051049643174
PSTPIP1,0.004858865280289333
STAR,0.0048587692227220385
SYT6,0.004858612549423433
SMAD6,0.004857976392466101
RN7SL617P,0.004857382675623575
SLC22A16,0.004857382675623575
SLC23A2,0.004855351593122132
ATRNL1,0.004854912180806804
GPATCH3,0.004853645271366787
GPN2,0.004853645271366787
WNT3A,0.004853524074667525
ARHGAP21,0.004853350402087792
RNA5SP305,0.004853350402087792
FAM64A,0.004853098109571747
AIPL1,0.004853098109571747
SAE1,0.004852829608062447
CEP57L1,0.0048522358628585996
OTUD7B,0.004851436695190969
SF3B4,0.004850285394889928
RN7SL289P,0.004849360902889852
CLEC2D,0.004848270962583299
RN7SL341P,0.004847760766064722
LINC00556,0.004845604336911814
GJB2,0.004845604336911814
snoU13|ENSG00000252771.1,0.004844042828223701
MIR4777,0.004843508682653779
B3GNT7,0.004843508682653779
ADCK3,0.004842157707098219
PID1,0.004841931174861649
NMUR1,0.004839043317855104
LINC00471,0.004839043317855104
C2orf57,0.004839043317855104
C15orf61,0.004838742815784454
snoR26,0.004837400865104922
MAP2K5,0.0048367971920758625
ALPK3,0.004836434193174468
SNORA25|ENSG00000200991.1,0.004836434193174468
MDM2,0.004836219754490037
ZDHHC18,0.004835916734650916
RSBN1,0.004834699864965958
CD163L1,0.004830864101656988
RN7SL499P,0.004830316137650284
ZNF594,0.004830280075750025
ZNF232,0.004830280075750025
USP6,0.004830280075750025
CPXM2,0.0048298114876820465
PROKR2,0.004829676998316756
SFN,0.004829539373843167
ECHS1,0.004829057211560274
FUOM,0.004829057211560274
ATP1B2,0.004828934878618563
TP53,0.004828934878618563
RAD51AP2,0.004828821290200869
LRRC10,0.0048285219729526
U6|ENSG00000272445.1,0.004828010539603788
RNA5SP397,0.0048276741145986
PARK2,0.004826703766116707
MIR3191,0.0048266254786041045
ACKR3,0.004826366007251444
MX1,0.004826219885667622
RNA5SP26,0.004825375969968174
ARF1,0.004824662514020194
FBXO28,0.004824372095817974
GKN2,0.004823656393469207
PRED62,0.004823451506824635
FAM71E1,0.004820942431073338
MYBPC2,0.004820942431073338
SPIB,0.004820942431073338
EMC10,0.004820942431073338
IQCA1,0.004820704789771638
NANOGNB,0.004820670791160815
NANOG,0.004820670791160815
COL6A2,0.004820604531735663
FTCD,0.004820604531735663
ORC3,0.004819236523841004
RARS2,0.004819236523841004
SLC35A1,0.004819236523841004
C6orf165,0.004819236523841004
C6ORF165,0.004819236523841004
C6orf164,0.004819236523841004
AAGAB,0.004817732260303399
SMAD3,0.004817732260303399
CHAC1,0.004817146451315803
ZNF83,0.00481695376466872
DNM3,0.004815804019243244
PGP,0.004815494618503301
MLST8,0.004815494618503301
BRICD5,0.004815494618503301
UGT1A1,0.004815244549841376
PLA2G4C,0.0048134355795997645
AGFG1,0.0048124216133745385
AJAP1,0.004811849507735584
SNORA40|ENSG00000251704.1,0.004810990170167387
OR6N1,0.00481036964072124
OR6N2,0.00481036964072124
PYHIN1,0.004807235466064561
FLYWCH1,0.004806826074549474
TSPAN3,0.004806523508137432
MAGI3,0.004806216423637765
MIR5703,0.004805394292807179
RASSF2,0.004805259869716946
METTL20,0.004804380966398926
UBE2F,0.004803913685334678
RN7SKP209,0.004803229134113053
CGA,0.004803229134113053
TFF1,0.004803151142655059
TLR5,0.004802836865421752
KDM6B,0.004802545881627185
MEIS3,0.004802226285795448
C2orf54,0.004802167289631557
C16orf59,0.004800903466879159
CCNF,0.004800903466879159
TBC1D24,0.004800903466879159
NTN3,0.004800903466879159
RN7SL533P,0.004798338274717278
ZC3H4,0.004798338274717278
TMEM160,0.004798338274717278
NPAS1,0.004798338274717278
ELK4,0.004797865684608787
FOXO3,0.004796439545000737
TSPAN11,0.0047925161552784395
INPP5A,0.004792296175309649
UGP2,0.004791616792463354
VASH2,0.004790786591929915
GABRG3,0.004790273645417037
RRNAD1,0.0047897256637734155
HDGF,0.0047897256637734155
MRPL24,0.0047897256637734155
CGNL1,0.004789076637661078
GABRR2,0.004788612849608525
ZNF259P1,0.004787147072732958
LINC00222,0.004787147072732958
ACA59|ENSG00000251775.1,0.004786897090654239
RRAGD,0.004786386528127707
UBE2J1,0.004786386528127707
LINC00654,0.004785717412325566
GPCPD1,0.004785717412325566
LINC00658,0.004785717412325566
snoU13|ENSG00000239100.1,0.0047851418852302
MIR3126,0.004784803370122259
GKN1,0.004784803370122259
SNORA31|ENSG00000252096.1,0.004784499739354311
RABEP1,0.004784344994850323
POU5F1B,0.004784247876365732
TM4SF20,0.004784008481917741
FAM167B,0.004783349057839981
MTMR9LP,0.004783349057839981
IQCC,0.004783349057839981
EIF3I,0.004783349057839981
TMEM234,0.004783349057839981
DCDC2B,0.004783349057839981
CCDC28B,0.004783349057839981
TXLNA,0.004783349057839981
LINC00564,0.004783025354128998
KPNA6,0.004781632465864722
SERBP1,0.00478089527036795
EPSTI1,0.0047802000595142695
LINC00400,0.0047802000595142695
DNAJC15,0.0047802000595142695
GALNT2,0.0047798179378304795
FLYWCH2,0.0047787421458145955
ATP6C,0.0047787421458145955
CEMP1,0.0047787421458145955
ATP6V0C,0.0047787421458145955
PRSS22,0.0047787421458145955
SNORA3|ENSG00000221719.1,0.0047787421458145955
PRSS21,0.0047787421458145955
PRSS41,0.0047787421458145955
PRSS30P,0.0047787421458145955
ZG16B,0.0047787421458145955
TCEB2,0.0047787421458145955
PRSS33,0.0047787421458145955
MIR3178,0.0047787421458145955
SRRM2,0.0047787421458145955
PDPK2,0.0047787421458145955
PDPK1,0.0047787421458145955
AMDHD2,0.0047787421458145955
KCTD5,0.0047787421458145955
PRSS27,0.0047787421458145955
SNORD112|ENSG00000251801.1,0.004775631321162784
OTUD1,0.0047751125697537075
MFF,0.004773541847144465
UGT1A3,0.004773232711759886
UGT1A5,0.004773232711759886
DNAJB3,0.004773232711759886
UGT1A4,0.004773232711759886
CLEC2B,0.004771948363352479
HLX,0.004769385020293658
C5AR2,0.004769187068368635
RPE65,0.004768341130277393
IREB2,0.004767673703585642
PDE8A,0.0047662217667761375
RNA5SP76,0.004766144361919551
HTR1B,0.004762866788942194
RN7SKP241,0.004762745960586994
ENKUR,0.004762745960586994
THNSL1,0.004762745960586994
COL6A1,0.004761989278796347
RDH14,0.00476193631706999
PRTFDC1,0.004761920531437977
MIR548H3,0.004761081763513732
RN7SL514P,0.004760500439715235
SMYD2,0.0047588852342023745
ADAM10,0.004758844171561274
PGBD5,0.004757280483896813
TMEM88,0.004756664254445806
CYB5D1,0.004756664254445806
snoU13|ENSG00000252058.1,0.004756429591840792
AGAP1,0.004752388524902994
Vault|ENSG00000251900.1,0.004751757755330017
RNU6ATAC35P,0.004751256532779414
RN7SL635P,0.004750566006176787
ANKRD6,0.004749891449542705
LYRM2,0.004749891449542705
CROCCP3,0.004748894358493516
GPR123,0.0047483439952815225
RN7SL11P,0.004747239223082944
ESPNP,0.004745675105485234
MFAP2,0.004745675105485234
CROCC,0.004745675105485234
U1|ENSG00000233421.3,0.004745675105485234
U1|ENSG00000228549.2,0.004745675105485234
NBPF1,0.004745675105485234
CROCCP2,0.004745675105485234
MST1L,0.004745675105485234
MIR3675,0.004745675105485234
NARG2,0.004744607111123526
FAM216B,0.004744317531531119
SEC63,0.004743046548095466
SCML4,0.0047430410168619735
DEPDC1,0.004742923887651437
snoU13|ENSG00000252071.1,0.0047426456228806795
ACSM4,0.004742000523471364
FERMT1,0.004741550901515723
GCFC2,0.00474012632020337
snoU13|ENSG00000238521.1,0.004739615273737453
EVA1A,0.004739615273737453
snoU109|ENSG00000238410.1,0.004739615273737453
MYO5C,0.00473847215927655
DNASE1L2,0.0047374884912964555
E4F1,0.0047374884912964555
ECI1,0.0047374884912964555
RNPS1,0.0047374884912964555
CLEC4C,0.0047366162465952814
TMEM39B,0.004734216526456486
MIR5585,0.004734216526456486
SLC45A3,0.004734156459135772
ADAM5,0.004734096139763571
APOBEC1,0.0047336077243664435
GDF3,0.0047336077243664435
DPPA3,0.0047336077243664435
MLPH,0.004732851713415204
ATP13A2,0.0047323995936865175
ZBTB24,0.004732202564832978
GPC1,0.004731953387567922
snoU13|ENSG00000239018.1,0.004731154615579491
MRPL19,0.004731154615579491
U3|ENSG00000221638.1,0.004731154615579491
AQP9,0.004730558587852748
C1orf95,0.004729515502323345
MIR320B2,0.004729365286011847
NT5C1B,0.004728977522818187
SERTAD2,0.004728756100620664
DCLRE1B,0.0047284601260965415
HIPK1,0.0047284601260965415
C5AR1,0.004728324486184838
KCNS3,0.004727833825068996
HTR1E,0.004727224454689522
PRB1,0.0047272179780293334
OVCH1,0.004727132080296638
PRB2,0.004727084146545477
SNORD39|ENSG00000263723.1,0.004726060872569655
RAMP1,0.004726060872569655
RBM44,0.004726060872569655
RAB17,0.004725602286647615
PRLH,0.004725602286647615
GEN1,0.00472531597200389
IZUMO2,0.004724791919542216
MSGN1,0.004724217990451914
PRB4,0.004723292254502873
PRB3,0.004723292254502873
SMC6,0.00472270887043334
TTC31,0.004722674077773193
LINC00926,0.004722116116563271
POLD1,0.004720478585052875
NAPSA,0.004720478585052875
RN7SL324P,0.004720478585052875
MIR3177,0.004720172940143968
CSNK1A1L,0.004719097214274275
SUPT20H,0.004719042278023216
MIR149,0.004718666959826617
TFF3,0.0047182361405819434
RN7SKP95,0.004717416394484398
TMTC1,0.004717366065720495
IRAK1BP1,0.004717182500283479
ATP8A2,0.004717160868024908
GFPT1,0.004716982024438117
NOS1AP,0.004716543182874476
PKP2,0.004716509314941756
JOSD2,0.004716241113230438
ASPDH,0.004716241113230438
KIAA1217,0.004715611814345997
ELOVL4,0.004715409739949062
AHCYL1,0.004714930079640229
snoU13|ENSG00000238515.1,0.004713660111012808
TTK,0.004713175121618
RAB1A,0.004713164795909222
SLC16A1,0.004712723685544918
RN7SKP49,0.004712340770709824
ESPNL,0.004712284448911646
SCLY,0.004712284448911646
DEGS1,0.004711920165037645
SNORA72|ENSG00000201898.1,0.004711920165037645
RN7SKP27,0.004711804733600473
AP4B1,0.004711493437733757
BCL2L15,0.004711493437733757
VSNL1,0.004711380796447763
MPP7,0.0047084111629717915
CEP170,0.004707951841629394
MYH2,0.004707383334866684
ELSPBP1,0.004706547898109082
MIR940,0.004706367880083344
MIR3677,0.004706367880083344
snoU13|ENSG00000238474.1,0.0047047648810923095
CCDC162P,0.0047047648810923095
LINC00331,0.004704487634522815
UGT1A6,0.004702763702483968
CLEC1A,0.0047026348073384225
ABCG1,0.004702431648008591
NAPA,0.004701859972422941
ZNF541,0.004701859972422941
KIF1C,0.004701471809694675
SLC8A2,0.0047001674744497944
CADM3,0.004699469759886105
PHTF1,0.0046988886406248535
C15ORF31,0.004698403353098675
SIM2,0.0046983526015846235
CCNB2,0.004698183738219065
FAM63B,0.004697566947493353
RNF111,0.004697496857638159
ADAM8,0.004697229027721061
MIR202,0.004697229027721061
ETV6,0.00469574527407573
NBAS,0.004695507024620951
RNA5SP492,0.0046950562181410265
RN7SL466P,0.004694243194721633
DUSP12,0.004694243194721633
UGT1A7,0.0046941998486861826
UGT1A9,0.0046941998486861826
UGT1A8,0.0046941998486861826
UGT1A10,0.0046941998486861826
DOCK10,0.004694028433536114
CCT6B,0.004693666694609774
DUSP28,0.0046931494801645875
RNPEPL1,0.0046931494801645875
CAPN10,0.004692917046204102
USP40,0.004692495978739777
OR10Z1,0.004692352026879958
KNDC1,0.004692283698561768
UTF1,0.004692283698561768
VENTX,0.004692283698561768
FCRLB,0.004691983122362863
FCRLA,0.004691983122362863
KLHL30,0.0046918616703835216
WDR92,0.004691778990823405
C1D,0.004691778990823405
PNO1,0.004691778990823405
PPP3R1,0.004691778990823405
ABCA3,0.004691733654948874
MIR4717,0.004691733654948874
ABCA17P,0.004691733654948874
TTC40,0.004690417857628964
KPTN,0.00468926684065073
CEP68,0.004688490510809367
SPTA1,0.004688372763197019
OR6K2,0.00468809991691984
U3|ENSG00000200318.1,0.004687941274046662
PHIP,0.00468731660503951
MYO1E,0.0046852544962642136
CASKIN1,0.004684928040316803
MLLT10,0.0046848482344136674
ZBTB21,0.004684529645618399
LRRC4B,0.004684075342465744
MIR3133,0.004683933787731258
LINC00112,0.004683480890709979
JMJD4,0.0046833139721198565
ADAM3A,0.00468295062245004
BCKDHB,0.004682919274412795
YIF1B,0.00468134215656663
C19orf33,0.00468134215656663
SNORA32|ENSG00000207503.1,0.004679568791005095
LRRFIP1,0.004676696924961526
EXO1,0.00467532597316075
MAP1LC3C,0.00467532597316075
AGBL1,0.004675271673189166
MIR556,0.004673929883077699
RNA5SP61,0.004673929883077699
FRS2,0.004673809177856218
C2CD2,0.004672393356259602
MDN1,0.004671961900863701
RNA5SP402,0.004671945412985661
EPRS,0.0046707193322629995
U3|ENSG00000221673.1,0.0046707193322629995
KCNC3,0.004670311687185703
NAPSB,0.004670311687185703
LINC00111,0.004669471476305454
snoU13|ENSG00000238472.1,0.004667791318162331
SNORD109B,0.004666757760941491
ARHGAP35,0.0046653824986241064
LINC00479,0.004665334991829464
TIAL1,0.004663659976171669
FCRL1,0.0046630954132313345
ERGIC2,0.004662838268864764
INO80B,0.004662426992639556
RTKN,0.004662426992639556
WDR54,0.004662426992639556
DCTN1,0.004662426992639556
WBP1,0.004662426992639556
MOGS,0.004662426992639556
C2orf81,0.004662426992639556
DBIL5P2,0.004662336301405749
FCRL5,0.004660504921933466
FCRL4,0.004660504921933466
SH2D1B,0.004659688997032128
C1orf111,0.004659688997032128
C1orf226,0.004659688997032128
CCDC142,0.004658992118461909
MRPL53,0.004658992118461909
ANO7,0.004658278104092717
NME3,0.004655271928454896
EME2,0.004655271928454896
MRPS34,0.004655271928454896
TSC2,0.004655228854944566
PKD1,0.004655228854944566
MIR1225,0.004655228854944566
TRAF7,0.004655228854944566
RAB26,0.004655228854944566
SNORD60|ENSG00000206630.1,0.004655228854944566
MIR4516,0.004655228854944566
STK25,0.00465512454062883
WDPCP,0.004654205693890949
RN7SL367P,0.004653791276537321
HS3ST6,0.004653791276537321
ACTG2,0.004653320884990342
EDARADD,0.00465312058048944
TAF5L,0.004652524635475079
URB2,0.004652524635475079
SEMA6D,0.004652270757986738
MYT1L,0.004652229698994556
ABCB10,0.004652224202852099
CALY,0.004651014019327619
PTMAP5,0.004650947483423751
SH3BGRL2,0.004650536667929638
MIR3944,0.0046505092781634234
PAOX,0.0046505092781634234
SLC52A1,0.004650380411309348
ZFP3,0.004650380411309348
LIPC,0.004650256295237161
RN7SKP12,0.004650157038165033
RNA5SP81,0.004650157038165033
CLDN14,0.004649059159050807
RGS10,0.004648669128622746
ZNF598,0.00464826171464876
RN7SL219P,0.00464826171464876
NPW,0.00464826171464876
C6orf183,0.0046481444094440315
MTERFD2,0.004647523321921033
YEATS4,0.0046471052459137775
LYZ,0.0046471052459137775
KREMEN2,0.004645499625798876
PAQR4,0.004645499625798876
NUP133,0.004644533127703886
SNORA3|ENSG00000251778.1,0.004643467232506523
SEMA4F,0.004642894673990924
SPRED2,0.0046416359519955075
snoU13|ENSG00000252638.1,0.004640572293822808
LGALS8,0.004639003133323672
MICAL1,0.004638152236139421
SMPD2,0.004638152236139421
CD1B,0.004637914596049556
MIR5000,0.004636584811873751
MYH14,0.004636097624414768
TACR1,0.004635802954460082
POLE4,0.004635802954460082
snoU13|ENSG00000238747.1,0.004635389385009803
CASP8AP2,0.004635389385009803
TNFRSF12A,0.004635091988865493
HCFC1R1,0.004635091988865493
CCDC64B,0.004635091988865493
CLDN9,0.004635091988865493
CLDN6,0.004635091988865493
LINC00514,0.004635091988865493
THOC6,0.004635091988865493
C6orf70,0.0046350637789322234
C6orf120,0.004635027194458674
FRAS1,0.004634858222482824
SLTM,0.004634794473181284
ZNF511,0.004634397259652468
AUP1,0.004634340056886031
PCGF1,0.004634340056886031
DOK1,0.004634340056886031
LBX2,0.004634340056886031
LOXL3,0.004634340056886031
HTRA2,0.004634340056886031
M1AP,0.004634340056886031
DQX1,0.004634340056886031
TLX2,0.004634340056886031
GPR137B,0.004634320638458425
SLC30A10,0.004634054777683024
AQP12A,0.0046329239564029245
AQP12B,0.0046329239564029245
KIF1A,0.0046329239564029245
C16orf91,0.004632254521372534
CCDC154,0.004632254521372534
CLCN7,0.004632254521372534
RN7SL336P,0.0046320291606629736
PM20D2,0.0046320291606629736
GABRR1,0.0046320291606629736
PNRC1,0.0046320291606629736
SRSF12,0.0046320291606629736
OR6K6,0.004631237526479882
OR6K3,0.004631237526479882
PSMD8,0.004631200746862905
snoU13|ENSG00000238838.1,0.004631200746862905
CATSPERG,0.00462986353277136
KCNK6,0.00462986353277136
LINC00574,0.004629673666495942
LINC00242,0.004629673666495942
SPHAR,0.00462693278320781
TMEM78,0.00462693278320781
CCSAP,0.00462693278320781
RN7SKP276,0.00462693278320781
ACTA1,0.00462693278320781
RAB4A,0.00462693278320781
FANCL,0.004626821304298691
snoU13|ENSG00000239035.1,0.004626657489413494
MR1,0.004626542812394849
CD48,0.004625171252122607
IARS2,0.004624431284926845
STX6,0.004623003327614216
PRNT,0.004620571510431797
PRNP,0.004620571510431797
PRND,0.004620571510431797
PTPRR,0.0046193788476170715
HNRNPU,0.0046186589892452685
COX20,0.0046186589892452685
AKT3,0.004618601884457983
MIR4428,0.00461752962165242
RNA5SP122,0.0046171121650909345
THAP4,0.0046171121650909345
ATG4B,0.0046171121650909345
D2HGDH,0.0046171121650909345
CXXC11,0.0046171121650909345
PDCD1,0.0046171121650909345
NEU4,0.0046171121650909345
ING5,0.0046171121650909345
GAL3ST2,0.0046171121650909345
BOK,0.0046171121650909345
DTYMK,0.0046171121650909345
RN7SKP283,0.00461559061128427
MAP2K4,0.004615050163195994
GPR35,0.004614844363476458
OR10K1,0.004614829961586925
OR10K2,0.004614829961586925
OR10T2,0.004614829961586925
OR10R2,0.004614829961586925
SNORA40|ENSG00000212455.1,0.004614114399923856
MIR2116,0.004613286232950645
ZNF670,0.0046131721709336635
FAM132B,0.004612513741872666
ILKAP,0.004612513741872666
MAGOH2,0.004612470979159114
SPRN,0.004611632866022403
CYP2E1,0.004611632866022403
FRG2B,0.004611632866022403
MTG1,0.004611632866022403
SYCE1,0.004611632866022403
RNA5SP355,0.004610750267557291
RN7SKP161,0.0046106145095633705
OTX1,0.0046106133425229115
SYNGR3,0.004610540087977642
TBL3,0.004610540087977642
NOXO1,0.004610540087977642
GFER,0.004610540087977642
PRDM15,0.004610033901612154
snoU13|ENSG00000238798.1,0.004610015102213879
SCO1,0.004609618954329721
C1orf148,0.004609097099823747
MRPL55,0.004609097099823747
MIR3620,0.004609097099823747
C1orf145,0.004609097099823747
IBA57,0.004609097099823747
GJC2,0.004609097099823747
GUK1,0.004609097099823747
C1orf35,0.004609097099823747
MAPK8IP3,0.004608531785558526
CD1E,0.004608410409851898
VANGL2,0.0046081660302618776
CD1C,0.0046079873448378415
FAM98C,0.004607965622339993
GGN,0.004607965622339993
SPRED3,0.004607965622339993
NCSTN,0.004607941238118668
NHLH1,0.004607941238118668
MYO1D,0.004606788432924332
RN7SL663P,0.004605810154040476
LILRB4,0.0046052466389989
NACC2,0.00460519524499042
LDHAL6B,0.004603473653223434
RNA5SP78,0.004602803036372373
ANXA2,0.004602150826003
LINC00445,0.004601841608936929
UHMK1,0.004600921040240823
RN7SL804P,0.004600352709567315
SNORA74|ENSG00000272025.1,0.00459918100847665
POSTN,0.004598924165083436
TSSC1,0.00459670629756694
EXOSC8,0.004595838578982312
ALG5,0.004595838578982312
FAHD1,0.004593843718536145
IGFALS,0.004593843718536145
HAGH,0.004593843718536145
C2orf83,0.00459282154714584
UAP1,0.004591248902619427
MARC1,0.004591006321967756
MARC2,0.004591006321967756
C21orf128,0.004589800248774419
CLEC7A,0.0045890286064796705
SNORA36B,0.004588700494990542
SNORA25|ENSG00000252290.1,0.00458793545453183
CDS2,0.004587817699234772
SNORA26|ENSG00000212517.1,0.004587817699234772
TMEM230,0.004587817699234772
RNA5SP474,0.004587817699234772
PCNA,0.004587817699234772
RYR1,0.004587561437711092
SLC9A3R2,0.004587345002665169
NTHL1,0.004587345002665169
PPP1R14A,0.004586770641698014
SPINT2,0.004586770641698014
snoU13|ENSG00000238767.1,0.004586619379377698
ENOX1,0.00458643532400943
ZP4,0.004586151408996192
MDH1,0.004585348457879287
SPSB3,0.004585336700246052
NUBP2,0.004585336700246052
VPS54,0.004584036740490817
MIR4439,0.004583915603083029
PKMYT1,0.004582693063549577
EGLN1,0.004582564803568869
SNORA75|ENSG00000212440.1,0.004582235337768456
SNORA75|ENSG00000212432.1,0.004582235337768456
RASGRP4,0.004581155440841324
WLS,0.004579473894212141
MIR4654,0.004579374409540899
UMODL1,0.004579176117655667
CAMTA2,0.004579049137845112
SPAG7,0.004579049137845112
MIR1262,0.004579017064609585
LCA5,0.0045787910382954974
LYPLAL1,0.00457876562737083
WDR27,0.004578357844930615
ACTR2,0.004576994761082671
SPATA41,0.004576738204961888
ADAMTS17,0.004576534268420141
INCA1,0.00457592611050201
OR6P1,0.004574019516173041
OR6Y1,0.004574019516173041
OR10X1,0.004574019516173041
MYO6,0.004573273913936694
DPF1,0.004572399022488265
ALDH1A2,0.0045720609784086295
COL4A3,0.004570497750594279
CTH,0.0045696479516937625
MIR603,0.004569570826269412
PPP1R7,0.004569507177183775
MYBBP1A,0.004569228213561908
snoU13|ENSG00000238999.1,0.0045691418014674415
UNKL,0.004568398042308949
ZNF343,0.0045682102125505705
SNORD119,0.004567704044125036
SNRPB,0.004567704044125036
TGM6,0.004567704044125036
C1orf100,0.00456731702674408
RPL3L,0.004566163603960605
NDUFB10,0.004566163603960605
MSRB1,0.004566163603960605
PER2,0.004565989257781832
ACTN4,0.0045655125072077765
RN7SKP220,0.004564059727460105
RNY3P10,0.004563996416182302
BPNT1,0.004563993844775921
DIRAS3,0.004563583163226954
OLFML2B,0.004563395940982941
SNHG9,0.004563347673222809
RNF151,0.004563347673222809
RPS2,0.004563347673222809
SNORA10,0.004563347673222809
SNORA64|ENSG00000207405.1,0.004563347673222809
STAMBP,0.004562133877586468
TMEM204,0.0045613716759364395
DGUOK,0.004559493670886076
PASK,0.004559418286898886
PTX4,0.004558361914402164
IFT140,0.004558361914402164
TELO2,0.004558361914402164
snoU13|ENSG00000238576.1,0.004558143523437014
MIR215,0.004558143523437014
KBTBD11,0.004557647282763872
C1orf115,0.00455504685497586
ZBTB18,0.0045540163700390265
RN7SL148P,0.0045540163700390265
RN7SKP1,0.004553848971089807
MEIOB,0.004553074641009212
RPL21P122,0.0045529995543725724
KLRB1,0.004552886426847749
NOTO,0.004552768987341766
SMYD5,0.004552768987341766
FBXO41,0.004552768987341766
PRADC1,0.004552768987341766
CCT7,0.004552768987341766
EGR4,0.004552768987341766
ADPRM,0.0045524864569409206
TMEM220,0.0045524864569409206
ARL4C,0.004552356720310415
EIF3K,0.004550481891320466
MAP4K1,0.004550481891320466
SH3BP4,0.004550187647096244
ASCC3,0.0045496973498678405
NLRP1,0.004549476449662486
NFU1,0.004549148179302936
RPS4XP5,0.004548887055861165
RN7SL392P,0.004548403698584985
GADD45A,0.004548403698584985
GNG12,0.004548403698584985
NTRK1,0.004548260229614361
SLC2A14,0.0045462682531875655
NANOGP1,0.0045462682531875655
SLC2A3,0.0045462682531875655
A2MP1,0.004546018022371208
LINC00987,0.004546018022371208
LINC00675,0.004544774625096738
MTRNR2L11,0.004544633621012762
DESI2,0.004544313314932907
AHDC1,0.00454408793787672
HN1L,0.004543436943072966
CHST15,0.004541869134330772
SLC19A3,0.004540433640893998
ITPKB,0.004539176414036214
HDAC1,0.004536919831223633
LCK,0.004536919831223633
MARCKSL1,0.004536919831223633
FCRL3,0.00453626368003275
IRF2BP2,0.004534006781827545
CD163,0.004533837246425584
KIAA1919,0.004533592563809692
SLC16A10,0.004533592563809692
MEIS1,0.004531776990579501
LINC00184,0.004530988691036272
TP53BP1,0.004530663833702473
PPIP5K1,0.004530663833702473
MAP1A,0.004530663833702473
CCDC42,0.004530501887630473
ZDHHC21,0.004529773651516023
ALDH1A3,0.004529660020790196
NBEA,0.004529378695005622
RN7SL464P,0.004529282573379136
LAMA4,0.004529148217698288
SPATA21,0.004528143222870149
MIR423,0.004525974422801925
MIR3184,0.004525974422801925
MIR4778,0.004525546442374889
RNY1P4,0.004524804142033299
PDS5B,0.004524804142033299
RNY4P13,0.004524189967122019
WISP3,0.00452387142094623
TUBE1,0.00452387142094623
FAM229B,0.00452387142094623
SNORA25|ENSG00000199196.1,0.004521925211272711
DISC1,0.004521151534965533
MIR4675,0.004517072767592724
SNORA25|ENSG00000272237.1,0.004516945486928313
CCL20,0.004516945486928313
RIPK4,0.00451531426062779
HMGB1P24,0.004512280447540288
SPHKAP,0.004511379683226259
FAM229A,0.004511256126005717
TSSK3,0.004511256126005717
PLB1,0.0045100747360958685
ETAA1,0.004508847081644322
IQCH,0.004508041262787614
GRAMD2,0.004507557782363833
CELF6,0.004504894441194971
PARP6,0.004504894441194971
PKM,0.004504894441194971
CRAMP1L,0.004500885699056145
AAK1,0.004500505045386519
MLK4,0.004499656452468243
SZRD1,0.004498474612430666
RNA5SP82,0.004497238594037638
MIR3916,0.004497238594037638
C17orf66,0.004496806107631606
LINC00702,0.004496542428504452
DAW1,0.004493982571083265
MED29,0.004493939976385948
PAF1,0.004493939976385948
RN7SL566P,0.004493939976385948
LINS,0.004493838000742105
CCL5,0.004493190518796661
SENP8,0.004493130124816534
snoU13|ENSG00000238535.1,0.004493120734547146
CKMT1B,0.004493120734547146
CATSPER2P1,0.004493120734547146
snoU13|ENSG00000238494.1,0.004493120734547146
STRC,0.004493120734547146
CKMT1A,0.004493120734547146
CATSPER2,0.004493120734547146
ALMS1,0.004492472371192218
C2orf78,0.004492472371192218
ALMS1P,0.004492472371192218
NAT8,0.004492472371192218
TPRKB,0.004492472371192218
DUSP11,0.004492472371192218
RN7SL834P,0.004491358489919666
TUBGCP2,0.0044913229889750935
U3|ENSG00000251749.1,0.004489887650766977
CASC10,0.004489887650766977
MIR1915,0.004489887650766977
DGKH,0.004488905166296609
HMGN3,0.004488092637098541
OLFML3,0.004487922593968667
HK2,0.004486607961841868
RERG,0.0044849156837197535
TCF7L2,0.004484541996632783
PZP,0.004483535099905369
HDAC1P2,0.004483489992996756
SIPA1L3,0.004479969246821712
ENO3,0.004479484368251437
SLC25A11,0.004479484368251437
PFN1,0.004479484368251437
RNF167,0.004479484368251437
CD164,0.004478913555117358
PPIL6,0.004478913555117358
AKAP11,0.004477345663469679
CERS3,0.004476987743980331
TNFSF11,0.004475766246251743
C1orf101,0.004474145807556872
MIR5702,0.004473914096930717
IMPG1,0.004472204470831936
SLITRK6,0.004472084086799281
CSMD1,0.004471648627018404
SAMD4B,0.00447069386858507
FCRL2,0.0044706091172501145
SNORA48|ENSG00000212391.1,0.004470580916395448
IRS1,0.004469513512805565
PHC1,0.004469410001754494
M6PR,0.004469410001754494
SKIDA1,0.004469387474001733
FREM1,0.0044686590401407985
FBXO36,0.004468382978480445
TRIP12,0.004468382978480445
RNA5SP209,0.004468252450699199
snoU13|ENSG00000239132.1,0.004468252450699199
FOXB1,0.0044678938774370906
MIR4500,0.004467426725437007
MNDA,0.004467295139690254
LINC00353,0.004466809825195904
TAF15,0.004466011264796044
PTHLH,0.004465409982127699
EFHD1,0.00446402341556141
C6orf3,0.004463340367218594
CER1,0.004462538206395243
LINC00457,0.0044623880163940435
SNORD39|ENSG00000264379.1,0.004460271517272132
ASB7,0.0044602111309697485
AP2B1,0.004459201783592706
FYN,0.004457692977822519
NSRP1,0.004457309546023072
SLC4A5,0.004457072757669848
snoU13|ENSG00000239015.1,0.004456788621146461
SP140L,0.004456457640298954
SNORD77|ENSG00000212415.1,0.004456397878132983
PHF10,0.004456364430350435
TCTE3,0.004456364430350435
TGM3,0.004455378842963254
KHDRBS1,0.004455080326021438
MIR3123,0.004454758732273726
WDFY1,0.004453833737412028
MRPL44,0.004453833737412028
REV3L,0.004453680067923549
VIMP,0.004451405037799065
ASH2L,0.004447227743487811
SDCCAG8,0.004447059103454843
ZNF669,0.0044463928809365194
C1orf229,0.0044463928809365194
CXCL16,0.004445230738562746
PELP1,0.004445230738562746
MED11,0.004445230738562746
ARRB2,0.004445230738562746
U8|ENSG00000212144.1,0.004444493759653455
GGT6,0.004444479883052588
PLD5,0.004443756543256878
OAT,0.004443371351793671
BAI3,0.0044425546981201255
COPS8,0.0044421538070097384
MIR5006,0.004440799322452904
SNRPA1,0.004439293473180923
RN7SKP50,0.004439159438565999
SLITRK1,0.004438893911995177
DDR2,0.004438724395719222
RN7SL861P,0.004438724395719222
ETNK1,0.004437551946000058
LRRK1,0.004436534664963421
MTHFD2,0.004435707927133772
ADSS,0.004434610259826786
CSNK2A1,0.0044343492534486524
LINC00559,0.004434213461216758
RNA5SP34,0.004434213461216758
DYSF,0.004433967626197435
LINC00571,0.004432714537505436
ARHGDIB,0.004432683596075694
SMTNL2,0.004432393102760884
ALOX15,0.004432393102760884
RN7SL515P,0.004432128550827477
LDHB,0.004431436590696054
KLRD1,0.004431330508001998
AP1S3,0.0044312806652537185
MIR622,0.004431002434989504
LRRC28,0.00442813361242427
KLRC3,0.0044275190988680045
KLRK1,0.0044275190988680045
KLRC4,0.0044275190988680045
KLRC1,0.0044275190988680045
KLRC2,0.0044275190988680045
DNMBP,0.004426997927652667
RN7SKP163,0.004425468164794009
SENP6,0.004425468164794009
HES6,0.0044233816000251325
RN7SKP211,0.004423114471642749
KLRG1,0.0044227721547749526
N4BP2L1,0.004422309673207356
SNORA16|ENSG00000212293.1,0.0044215752058322155
BAIAP3,0.0044213127729110695
GNPTG,0.0044213127729110695
TSR3,0.0044213127729110695
ATF7IP2,0.004421167919303801
OTOS,0.0044209693124352195
MYEOV2,0.0044209693124352195
RN7SL171P,0.004420857835808501
RN7SL784P,0.004420857835808501
MINK1,0.004420857835808501
C17orf107,0.004420857835808501
CHRNE,0.004420857835808501
RNA5SP399,0.0044187407167778055
RFXAP,0.004418695922841653
NR2E3,0.004418566792240182
SIM1,0.0044182359237021655
EIF2S3L,0.004416698265767022
TMEM17,0.004416063088066065
N4BP2L2,0.004414887925719053
ACSL5,0.004414316892186815
FILIP1,0.004413950915785647
CD1D,0.004413461990089486
PTPRA,0.004411953478128633
PIRT,0.004411552053511997
U3|ENSG00000200545.1,0.004410641726697972
RNA5SP303,0.004410641726697972
ELF1,0.0044102364547805965
SNORA75|ENSG00000212580.1,0.0044102150582793695
RN7SL18P,0.0044094539793111485
MMP28,0.004408143508807956
RNA5SP121,0.004407117867820114
GAS2L2,0.004405760007040498
C17orf50,0.004405760007040498
SLC16A14,0.00440569705897467
ZNF496,0.0044054094679353735
BET1L,0.004404909419224033
RN7SL838P,0.004404909419224033
IFITM2,0.004404909419224033
SIGIRR,0.004404909419224033
PKP3,0.004404909419224033
ODF3,0.004404909419224033
SCGB1C1,0.004404909419224033
NLRP6,0.004404909419224033
IFITM5,0.004404909419224033
IFITM3,0.004404909419224033
IFITM1,0.004404909419224033
SIRT3,0.004404909419224033
B4GALNT4,0.004404909419224033
ATHL1,0.004404909419224033
ANO9,0.004404909419224033
RIC8A,0.004404909419224033
PSMD13,0.004404909419224033
OLR1,0.00440465343221992
TMEM52B,0.00440465343221992
GABARAPL1,0.00440465343221992
EBLN1,0.004404530699760784
SNORD38|ENSG00000200733.1,0.0044039095464135074
RNY4P14,0.0044038272254904205
ERP27,0.004403702840838823
MGP,0.004403702840838823
DLGAP2,0.0044036508994003964
MIR4714,0.004403513939912366
KCNK1,0.004403481589080263
MIR4427,0.004403481589080263
COL5A1,0.004403238294211626
RFC3,0.004402669471546186
DPPA5,0.004402316724347739
MYO9A,0.004401247386783817
TET3,0.0044011160084243455
CLN8,0.004400906062624909
MIR596,0.004400906062624909
ARHGEF10,0.0044000913676596545
SNORD116|ENSG00000212553.1,0.004399830613225908
RNA5SP97,0.004398875306685196
COL12A1,0.00439866306357559
ZNF124,0.004398474923769968
SNORD88,0.0043971795823158685
EMP1,0.0043971795823158685
MIR614,0.0043971795823158685
KIAA1467,0.0043971795823158685
HTR7P1,0.0043971795823158685
HEBP1,0.0043971795823158685
GSG1,0.0043971795823158685
GPRC5D,0.0043971795823158685
GPRC5A,0.0043971795823158685
ZNF133,0.0043968812264451335
SOBP,0.004394921774530338
GALNT14,0.0043938089270996
C12orf36,0.0043928508768145275
CLIP4,0.004392762136008996
C2orf71,0.004392762136008996
MOB1A,0.0043925092819766835
MGC10955,0.0043925092819766835
BOLA3,0.0043925092819766835
TNK1,0.004392319186575749
ATF6,0.004391203710277965
PTPN14,0.004390744442868712
KIRREL,0.00439028263779621
MYH4,0.004389958924348291
MYH1,0.0043885735005222476
TRAF3IP2,0.004386835111163968
ZMYND15,0.004386590916641755
GLTPD2,0.004386590916641755
TM4SF5,0.004386590916641755
VMO1,0.004386590916641755
CT62,0.004386416560660089
PRDM1,0.00438528083455251
KL,0.004384885323975436
RN7SKP74,0.004384537391092476
RNY4P11,0.004384537391092476
SPNS2,0.004384092494767261
RN7SKP134,0.004384049654997858
B3GNT2,0.004382140637403613
MIR5192,0.004382140637403613
snoU13|ENSG00000238809.1,0.004377962253004556
RN7SL51P,0.004377962253004556
ZDHHC6,0.004374982852154388
RN7SL484P,0.004374549286080485
DKFZP779J2370,0.004374549286080485
LYSMD4,0.004374549286080485
DNM1P46,0.004374549286080485
MEF2A,0.004374549286080485
MSRB2,0.004373392469341554
SNORA40|ENSG00000252049.1,0.004373392469341554
PTF1A,0.004373392469341554
C10orf115,0.004373392469341554
RXFP2,0.004373341521138883
GPR158,0.004372891819711713
DDX47,0.0043728295352897335
RNA5SP304,0.004372758869253401
ARMC3,0.004370894799428833
MIR186,0.00436858432817217
ZRANB2,0.00436858432817217
TFF2,0.004367522743347726
VPS16,0.004366966255213081
OR51B6,0.004365443945374524
OR51B5,0.004365443945374524
OR51B2,0.004365443945374524
OR51B4,0.004365443945374524
EIF4EBP1,0.004363803745161628
ST8SIA1,0.004363726888179018
ARL2BPP3,0.004363204525564566
SNORD63|ENSG00000252112.1,0.004362098384612512
SYNM,0.004361367054618171
RHBDD1,0.004360599387020255
MAB21L1,0.0043603242537448815
COMMD3,0.004359600189161758
BMI1,0.004359600189161758
RN7SL14P,0.0043584270943452675
SP100,0.0043564338791204065
C17orf78,0.004354347578583477
GP1BA,0.004354157945446692
DNAJC1,0.0043533192839400724
LINC00851,0.004351093889388862
COL6A3,0.004350686308383329
MIR4677,0.004348786523270206
RNY4P19,0.004348075572532165
CAPN13,0.004345917766153078
LCLAT1,0.00434546071307422
RASL10B,0.004344969711192926
WSCD1,0.0043431959772428225
GOLT1B,0.004342749334161814
MIR4510,0.004342024755115214
RNA5SP90,0.004341807859170519
CAPN14,0.004341807859170519
EHD3,0.004341807859170519
SERTM1,0.00434149697303247
OR4F15,0.004340772296353779
OR4F4,0.004340772296353779
DDX11L9,0.004340772296353779
OR4F6,0.004340772296353779
RN7SL209P,0.004340772296353779
FAM138E,0.004340772296353779
TARSL2,0.004340772296353779
snoU13|ENSG00000238502.1,0.004340772296353779
DNM1P47,0.004340772296353779
OR4F13P,0.004340772296353779
WASH3P,0.004340772296353779
TM2D3,0.004340772296353779
SUGT1P3,0.00433964337217021
APOLD1,0.004338959212376933
TRAP1,0.004338623008664881
DNASE1,0.004338494956153866
snoU13|ENSG00000238630.1,0.004338015263178562
SP110,0.004336730557316024
SERPINE2,0.004336531109702465
ANKMY1,0.004336097180302276
UBAC1,0.004335483908636548
TPTE2P5,0.0043343145558175184
LARP6,0.004333953207225145
THAP10,0.004333953207225145
MIR613,0.004332010273844551
MIR3942,0.004331293796252118
HSD17B7,0.0043307330350280775
MEIS2,0.004329993357470972
FCN2,0.00432990659948384
MIR3689A,0.00432990659948384
MIR3689B,0.00432990659948384
MIR3689C,0.00432990659948384
MIR3689F,0.00432990659948384
MIR3689E,0.00432990659948384
MIR3689D1,0.00432990659948384
MIR3689D2,0.00432990659948384
ASCL3,0.004329636801369828
C11orf16,0.004329636801369828
PCSK6,0.004329264044004967
PDE6H,0.0043289959991831585
PTPRB,0.004328868907711465
PTCHD3P1,0.0043272748027700985
ZNF573,0.00432712045910102
SNORA64|ENSG00000207187.1,0.004325821713591974
YPEL5,0.004325821713591974
LBH,0.004325821713591974
PLBD1,0.004325570425593719
RPL30P11,0.004325570425593719
ATF7IP,0.004325570425593719
C12orf39,0.0043254043489921465
RN7SL676P,0.004324733446656253
STARD13,0.004324308205591407
C10orf113,0.004324242549459835
HLCS,0.004323380541143464
TIGD7,0.004323196735611686
ZNF597,0.004323196735611686
ZSCAN32,0.004323196735611686
MTRNR2L4,0.004323196735611686
ZNF174,0.004323196735611686
ZNF75A,0.004323196735611686
OR2C1,0.004323196735611686
KIR2DS4,0.004321387121393445
KIR3DL1,0.004321387121393445
KIR3DL2,0.004321387121393445
KIR3DL3,0.004321387121393445
KIR2DL4,0.004321387121393445
KIR2DL1,0.004321387121393445
KIR2DL3,0.004321387121393445
FCAR,0.004321387121393445
OCA2,0.004319853226683229
SYT10,0.0043197779553387425
ALG10B,0.0043197779553387425
ALG10,0.0043197779553387425
RNA5SP358,0.0043197779553387425
RNA5SP359,0.0043197779553387425
LRRC49,0.004319745934008017
VANGL1,0.0043153886897313995
KLHL1,0.004314480342235067
CPXM1,0.0043113064088177565
TMEM239,0.0043113064088177565
C20orf141,0.0043113064088177565
ERAL1,0.00431040276179517
H2AFJ,0.004310378251202979
HIST4H4,0.004310378251202979
NCR1,0.004310061100900031
SNORA74|ENSG00000252305.1,0.004309711286089237
FCN1,0.004309665724468476
ERICH1,0.004309496526125438
NLRP7,0.004309189521173067
NLRP2,0.004309189521173067
MIR31,0.00430843281534081
MIR621,0.00430698377091583
PSMB6,0.00430606996910197
PLD2,0.00430606996910197
LINC00423,0.004304864925602121
SNORA73|ENSG00000222145.1,0.004303778109037206
C2CD5,0.004301782029936824
NBPF18P,0.0043013655542769565
AKIP1,0.004301257778518365
KCNK2,0.004301104143238477
ADCY9,0.004299652659660182
VRK2,0.004299292193851387
SNORA36C,0.004299246992530731
RN7SL604P,0.004299246992530731
IGF1R,0.004298829347601335
C20orf96,0.004298770478866125
DEFB128,0.004298770478866125
DEFB125,0.004298770478866125
DEFB132,0.004298770478866125
NRSN2,0.004298770478866125
DEFB127,0.004298770478866125
RBCK1,0.004298770478866125
DEFB126,0.004298770478866125
SOX12,0.004298770478866125
DEFB129,0.004298770478866125
TBC1D20,0.004298770478866125
TRIB3,0.004298770478866125
ZCCHC3,0.004298770478866125
RN7SKP162,0.00429656666062661
PTDSS2,0.004296420667713598
RNH1,0.004296420667713598
SMAD9,0.004293841406750456
SLC25A15,0.004293524389406457
CCL7,0.004291371537689232
CCL13,0.004291371537689232
C17orf102,0.004291371537689232
CCL1,0.004291371537689232
RNA5SP438,0.004291371537689232
CCL11,0.004291371537689232
CCL8,0.004291371537689232
CCL2,0.004291371537689232
RNGTT,0.004287289501995393
ACAP1,0.0042869484567954206
TMEM95,0.0042869484567954206
KCTD11,0.0042869484567954206
MYEOV,0.004286541676618101
CASQ2,0.004286537295330498
COX7A2,0.004285519682675131
SLCO1B1,0.004284211336907488
SLCO1B3,0.004283956419795373
SLCO1B7,0.004283956419795373
LST3,0.004283956419795373
SEPT2,0.004283246338834771
RN7SL601P,0.004282658931383637
TSPYL6,0.004282118048264221
ACYP2,0.004282118048264221
C2orf73,0.004282118048264221
SEZ6,0.004281403912543157
ZNF205,0.004280918642293598
ZSCAN10,0.004280918642293598
RNA5SP353,0.00427954521268181
TTC23,0.004279497862914987
PHF12,0.004279067894131189
CHSY1,0.004278956316447863
DNAH9,0.004277912772417077
AIM2,0.0042770414707139805
DHRS13,0.0042738473341005015
FLOT2,0.0042738473341005015
MIR4732,0.0042738473341005015
TDRP,0.004272930427334156
RPL23AP53,0.004272930427334156
OR4F21,0.004272930427334156
FBXO25,0.004272930427334156
ZNF596,0.004272930427334156
CCDC91,0.004272818814945249
RN7SKP219,0.00427264087271525
FAM81A,0.004272629246046965
STAT5A,0.004270723937607014
C12orf60,0.004269884002197431
TOMM20,0.0042694253736680265
ZNF695,0.004269168173598561
UFM1,0.004267269439421338
PSME4,0.004267009931151114
WDR87,0.004266572393530852
MYH8,0.004266525465962332
GPR75,0.0042661923681049626
MIR3682,0.0042661923681049626
MIR744,0.004265581905117495
CPNE8,0.004263696433828169
EML6,0.0042631349063022425
COX10,0.004262182015180554
RN7SKP37,0.004261506958122703
NEBL,0.004261029462404101
CMAS,0.004260586362465581
SLC4A11,0.004260310160088313
NGRN,0.004259934117167209
ACACA,0.004259766185600262
RN7SL516P,0.00425826355537305
GREM2,0.00425705770053216
ADAMTSL1,0.00425597547278633
RN7SL46P,0.004255957362969869
HHLA3,0.004253203334902917
CASP16,0.004252781708569986
ZNF213,0.004252781708569986
STAT5B,0.004252300043393873
PCED1A,0.004251430648922073
RNA5SP306,0.004250155484012582
TMEM30A,0.0042494634870968205
LILRB1,0.004247419341090227
MRPS31,0.004247377938517179
ANXA4,0.004245286524578312
CD1A,0.004244563851625124
LINC00440,0.004244424352019288
UBE2I,0.00424404912533853
SPTBN1,0.004243658986613808
LINC00379,0.004241830703172923
MIR3152,0.004241826791731174
NAA60,0.004240857287847811
FRA10AC1,0.004240458526138674
PDE6C,0.004239827526865276
C9orf69,0.004238853986641129
CLUAP1,0.004238746792758863
NLRC3,0.004238746792758863
SLX4,0.004238746792758863
C16orf90,0.004238405319396157
FREM2,0.004235465928079293
IL32,0.00423277666854052
MMP25,0.00423277666854052
FMO9P,0.004232638771054627
RN7SL736P,0.0042320967792188685
PGPEP1L,0.004232004128864019
RN7SKP258,0.004230941322891055
PET117,0.004229093881529054
CSRP2BP,0.004229093881529054
snoU13|ENSG00000238756.1,0.0042286852634260946
U3|ENSG00000221332.1,0.004228663537666522
MIR4463,0.004228663537666522
GYS2,0.004227670190364662
PLXDC2,0.00422576811077435
PLEKHH2,0.004225186217611842
ARID4B,0.004224254451834372
EFEMP1,0.00422325630881484
FAM169B,0.004222650551903269
RECQL,0.004222444389566457
SNORA14B,0.0042222162626045934
RBM34,0.0042222162626045934
SP140,0.004221491986002506
LINC00410,0.0042211425862934285
CHRM5,0.00421791237475091
IQGAP1,0.004216345513820949
C20orf194,0.004215531987683885
GABARAPL3,0.004214549739272797
ZNF774,0.004214549739272797
PIPOX,0.004213862677406986
EBF4,0.0042129910263267395
STAT3,0.004212757798282411
HDLBP,0.004212664567528163
LINC00433,0.004212100663050027
LHX1,0.004212036693907535
AVP,0.004211451305148289
RN7SL555P,0.004211451305148289
UBOX5,0.004211451305148289
SOHLH2,0.0042106427430256815
CCDC169,0.0042106427430256815
RN7SKP208,0.004210396490078649
GHDC,0.004209979244946634
CYB5D2,0.00420955513472208
U3|ENSG00000201346.1,0.004209313972722557
PPM1B,0.004209236550632912
snoU13|ENSG00000239052.1,0.004209236550632912
VTI1A,0.0042070819647931565
SPAG6,0.004206062359104321
RNA5SP93,0.004205379116863917
C1orf110,0.004205131682123421
PYROXD1,0.004205062228984608
CUL3,0.004203256246899549
ASIC2,0.004202937181329602
ASB3,0.004202593242785425
ZNF836,0.004202274204879153
RTN4,0.004201823277587859
SLC16A9,0.004201307035619669
MIR217,0.004201050512516834
MIR216B,0.004201050512516834
MIR216A,0.004201050512516834
CHAC2,0.0042009329178321125
ITPA,0.0042005847685085565
OOEP,0.004200512018205099
DDX43,0.004200512018205099
KHDC3L,0.004200512018205099
snoU13|ENSG00000238464.1,0.004200512018205099
LRPPRC,0.004199536618444844
RN7SL839P,0.004198574406325938
EFCAB5,0.0041974636179559766
A2M,0.004197104225449337
LINC00612,0.004197104225449337
EEF1DP3,0.004197103489080936
DHX34,0.004195709458913305
DPH6,0.0041949208042137975
MIR31HG,0.004193441328749853
FAM124B,0.004193022144703287
CHAF1B,0.004192757855706109
MIR4753,0.0041925463062289945
HCRT,0.004190347722830896
KCNH4,0.004190347722830896
RN7SL668P,0.004189971061835352
NYAP2,0.004187771352983164
FGF19,0.004187061141628842
ORAOV1,0.004187061141628842
CCND1,0.004187061141628842
PREPL,0.004185355447558773
SLC3A1,0.004185355447558773
RN7SKP69,0.0041833026145665884
DCLK1,0.004182724294728629
SCARNA16|ENSG00000252404.1,0.004182414784422664
MORC3,0.004182138084031201
TBCE,0.004181139598083388
LINC00844,0.004180626042586593
GRIN2B,0.004179415495327583
SNORD2|ENSG00000238707.1,0.0041792064646197615
PROSER1,0.004178629798338178
NHLRC3,0.004178629798338178
WBP11,0.004175771329300878
RGS5,0.004175376975373586
PTGER3,0.004174663157166631
CLHC1,0.004174289322122643
B3GALNT2,0.0041722314596295525
PPP1CB,0.004172205459641856
SNORD53,0.004172205459641856
SNORD92,0.004172205459641856
SPDYA,0.004172205459641856
TRMT61B,0.004172205459641856
WDR43,0.004172205459641856
LRRC37B,0.0041712835751775215
FASTKD5,0.0041705245634516145
PNPT1,0.004170363899551741
ZFP36,0.00417033965787089
MIR4530,0.00417033965787089
PLEKHG2,0.00417033965787089
ANKRD16,0.0041684743311641344
TAF3,0.0041683297358600995
DDRGK1,0.004168031008954927
KCNMB4,0.004167705137080947
ABCG8,0.004165981012658228
ERLEC1,0.004165086138106558
TEKT5,0.004164262824647679
ABCG5,0.0041641387884267635
FAM179A,0.004163525021870702
U3|ENSG00000212511.1,0.004163228456220121
KIAA0753,0.004163119031756608
RN7SKP2,0.00416186508572344
LINC00598,0.00416186508572344
SNUPN,0.004159038535513856
FAM222B,0.0041584963559647145
LINC00366,0.00415800581408657
GTF2A2,0.004157639688019432
SUPT5H,0.0041537219583184576
RPS16,0.0041537219583184576
ATP5C1,0.004152681292731815
GGPS1,0.004151630551383825
MTO1,0.004150599725027269
MB21D1,0.004150599725027269
EEF1A1,0.004150599725027269
GREM1,0.0041505000608118865
TPSD1,0.004150310398483812
C1QTNF8,0.004150310398483812
TPSG1,0.004150310398483812
CACNA1H,0.004150310398483812
TPSB2,0.004150310398483812
TPSAB1,0.004150310398483812
PRSS29P,0.004150310398483812
SSTR5,0.004150310398483812
SOX8,0.004150310398483812
AQR,0.004149606593879517
COG2,0.00414913572849308
RNY4P16,0.004148001846361425
BNIP2,0.0041478583301368084
CAMKMT,0.004146804362567814
RASGRP1,0.004145336429974602
FAM98B,0.004145336429974602
CCR10,0.0041440520540436294
TUBG2,0.0041440520540436294
CNTNAP1,0.0041440520540436294
PLEKHH3,0.0041440520540436294
TUBG1,0.00414356480870545
snoU13|ENSG00000238342.1,0.004143455237774473
IFNA5,0.004142928201433912
PTPN9,0.004142098583903446
SNORD65|ENSG00000212229.1,0.004141791883277934
CD5L,0.004141022404358753
SMCO3,0.00414083968258077
ART4,0.00414083968258077
STOML3,0.004140398745622268
C15orf53,0.004139518450297489
IAPP,0.004138576659683002
U3|ENSG00000212165.1,0.004137143456300012
AATF,0.004137114548185135
LINC00948,0.004136489058973608
XDH,0.004133373930173431
OLFM1,0.0041326817780394445
STAC2,0.00413103318356398
TUB,0.004128972574797315
PGBD4,0.004128168065340034
EMC7,0.004128168065340034
SPG20,0.004128040072381159
SPG20OS,0.004128040072381159
CCNA1,0.004128040072381159
LRRC37A11P,0.004127459525724145
NRIP3,0.0041270060303145555
SLC17A5,0.004125741557230684
SH3GL1P1,0.004124506020376658
PSMA6,0.0041234323948897604
MLLT6,0.0041226431009565405
MIR4734,0.0041226431009565405
CISD3,0.0041226431009565405
MIR4726,0.0041226431009565405
RNA5SP440,0.0041226431009565405
PCGF2,0.0041226431009565405
ALDH9A1,0.004122628703295209
C10orf40,0.0041224675281753
TMCO5B,0.004121619093060903
ESRRG,0.004120406203747576
PLXDC1,0.004118001000961592
MIR2909,0.004117984175589842
ZWINT,0.004117638067224117
KLHL9,0.004116462557030633
RNA5SP435,0.004115550743948479
IFNA13,0.004115351960481629
SNORD78|ENSG00000212168.1,0.004113649663035234
ARL5C,0.004113358900966654
CACNB1,0.004113358900966654
RPL19,0.004113358900966654
NR1H2,0.0041118867105307075
CAMSAP1,0.004111448919681214
IFNA6,0.004111398408287878
LINC00977,0.004111397857279166
HACE1,0.004111050574833431
LINC00577,0.004111050574833431
LIN28B,0.004110270670910963
MIR320D1,0.004110138027330786
ZFP30,0.004108907438424996
RNA5SP62,0.0041076034207757845
SMEK2,0.00410634759308879
SNORA12|ENSG00000212175.1,0.00410634759308879
CCDC88A,0.004105966810300172
MTIF2,0.004105966810300172
PRORSD1P,0.004105966810300172
RRBP1,0.00410591490181129
TMEM9B,0.004105019829412726
DSTN,0.004104390098208352
ST5,0.004104334135844684
GUCY2C,0.004103054829310945
SLCO1A2,0.00410295730403911
LILRA2,0.004100358921699405
MAP10,0.004098608577519369
MGST3,0.004098154998246621
RNA5SP396,0.004098141755103777
RXRG,0.004097696858632828
RN7SL299P,0.004096724582081964
RBM17,0.004095115187127596
RPS27A,0.004093563370935634
RNA5SP89,0.004092056917391225
LRRC52,0.004091067974344176
MYO3A,0.0040871934048057924
TTC39B,0.00408669118513511
BFSP1,0.004086575833434854
LMX1A,0.004085199828056249
RBP4,0.004083833671141023
FFAR4,0.004083833671141023
IFNA14,0.004083337621350897
PAIP2B,0.00408300960279354
MPHOSPH10,0.00408300960279354
LINC00333,0.004082758815551541
SHISA6,0.00408101482295258
GRIK2,0.004080692399808617
SV2A,0.0040804263539710684
OR51M1,0.0040790401978131625
C10orf112,0.004078768428350387
PIP4K2B,0.00407811717998752
PSMB3,0.00407811717998752
RNA5SP208,0.0040780156809655235
SCARNA16|ENSG00000251942.1,0.004077704887739078
GDI2,0.004075725125163601
CREBBP,0.0040728256055202
PIGP,0.004072383431072655
RGS4,0.004072142849062796
TMCO1,0.0040720269001481854
MIR4727,0.004070573416034507
FARP2,0.004069007417425669
IL15RA,0.004067739366814024
MRVI1,0.0040672579782492415
OR51Q1,0.004066847012386007
CRYBA1,0.004066549243870262
NUFIP2,0.004066549243870262
FBXO18,0.004065382538418589
RN7SKP78,0.004064169801477253
MIR3155A,0.004064169801477253
LRRC37A17P,0.004063068162327195
RN7SL270P,0.004063068162327195
MIR5089,0.004063068162327195
RPRML,0.004063068162327195
IL2RA,0.004062838079024683
SNORA14,0.004062243151468553
DLL3,0.004062064821978242
HNF1B,0.004061432612228608
CRYZL1,0.0040594741773409574
IFI44L,0.004059300606657892
IFI44,0.004059300606657892
OTOR,0.004059189962091824
SNRPB2,0.004059189962091824
FBXO47,0.004058570574065989
SNORA33|ENSG00000202283.1,0.004057254455371566
CSNK1A1P1,0.004057228662044962
TIMM50,0.004056124550372051
SNAPC3,0.004055470450697413
SLC6A4,0.004055344977186962
MIR5691,0.004053976294302481
IGSF21,0.004053797468354431
CCDC104,0.004053110799391869
TBC1D3,0.004052691068385924
TBC1D3F,0.004052691068385924
RPL23,0.004052297431802463
SNORA21|ENSG00000199293.1,0.004052297431802463
SNORA21|ENSG00000252699.1,0.004052297431802463
RNA5SP63,0.004051240936188505
FAM208B,0.004050971562462813
RIPPLY3,0.004050907539166146
PTRF,0.004050687049763308
NOP10,0.0040492950499125295
EPHA7,0.004048121731386704
ITIH5,0.00404770861363574
KIN,0.004047662849977577
ITIH2,0.004047662849977577
SSH2,0.004047396320548799
DENND5A,0.004046441761024959
TMEM41B,0.004046441761024959
ERO1LB,0.004046104398869223
C17orf98,0.0040460554802647505
MYH13,0.004045504834047649
AVEN,0.004045103707653878
CNOT2,0.004043575871018842
TMCO5A,0.004042362494971322
LINC00560,0.004041468881856539
RNA5SP491,0.0040414307684507635
U3|ENSG00000212538.1,0.0040409243108109625
SNX33,0.004040505610100694
snoU13|ENSG00000239129.1,0.0040402995030648986
DKFZP667F0711,0.004039590140677485
ACKR6,0.004039257161892072
CWC25,0.004038075904380053
RN7SL157P,0.004036675370102767
ADARB2,0.004035694219519451
LCN6,0.004035691765145501
SNHG7,0.004035691765145501
FAM69B,0.004035691765145501
LCN10,0.004035691765145501
WEE1,0.004034705480286758
TARBP1,0.0040332439489923775
SOCS7,0.0040326943299461866
HAO1,0.004032155878501555
TMX4,0.004032155878501555
PCNXL2,0.004031429828646137
SEL1L2,0.004031272518572841
OR2W5,0.004031054969852965
OR2C3,0.004031054969852965
FRY,0.004030923401493019
DDX52,0.004030712088579483
UBE2G1,0.0040289710621615295
FAM78B,0.004028512120903606
MIR921,0.004028512120903606
ASAP1,0.0040280942756849595
RNF141,0.004027612092003945
LYVE1,0.004027612092003945
TEFM,0.004026436396847632
OR2B11,0.004026312541870878
NLRP3,0.004026312541870878
UACA,0.004026094281527767
SH2D4B,0.004025553532873286
GJD2,0.0040254146902803925
RN7SKP159,0.004025406064572938
NUF2,0.004024609450119345
NEK8,0.004024073647871117
FBXO11,0.004023328545549745
CORO6,0.0040232560893299065
snoU13|ENSG00000238851.1,0.004023237500393745
KHDC1,0.004021997776023693
GPR157,0.004021720254827921
NHLH2,0.004021317100505862
KIAA0391,0.004020416496529197
KHDC1L,0.004019451150302772
PROCA1,0.004018565400843883
RAB34,0.004018565400843883
RPL23A,0.004018565400843883
SNORD4B,0.004018565400843883
SNORD42B,0.004018565400843883
SNORD4A,0.004018565400843883
TLCD1,0.004018565400843883
SNORD42A,0.004018565400843883
CCDC85A,0.004018395168538382
RN7SL56P,0.004018248194520243
snoU13|ENSG00000238387.1,0.004018248194520243
MIR559,0.00401687483725736
MIR4431,0.004015469300787608
SNORD112|ENSG00000252740.1,0.004015285460571716
TIAF1,0.00401444955887994
TMEM247,0.004014035765583395
RN7SL817P,0.004014035765583395
PRKCQ,0.004011212096250129
MIR548F1,0.004008564133919424
CEP350,0.004006333905077662
FSHR,0.004005498912288326
EPS8L2,0.004005415155171228
TMEM80,0.004005415155171228
DEAF1,0.004005415155171228
snoU13|ENSG00000238690.1,0.0040047709843515095
MAB21L3,0.0040037218118512225
RAB5C,0.0040035186038610455
KAT2A,0.0040035186038610455
HSPB9,0.0040035186038610455
DHX58,0.0040035186038610455
snoU13|ENSG00000238722.1,0.004003382949932334
TRAF4,0.004003291139240509
GPR179,0.004002266222044776
KCNJ8,0.0040019570199127455
FAM154A,0.004001842576571652
RPL27A,0.003999356458684076
PRELID1P1,0.003999231997524712
CDC27,0.003998639269093111
OR52D1,0.003995950728188376
CENPW,0.003995217941421857
LINC00351,0.003994782577884863
SNED1,0.003994534928932473
PREP,0.003993019583332187
LINC00708,0.003992769342010118
MSL3P1,0.003992759109765074
HJURP,0.003992759109765074
CHTF18,0.003990163087078485
GNG13,0.003990163087078485
MSLNL,0.003990163087078485
MSLN,0.003990163087078485
PRR25,0.003990163087078485
RPUSD1,0.003990163087078485
MIR662,0.003990163087078485
RIMS1,0.003989392900560606
FMN1,0.003989292430323617
LYZL1,0.003989259571062379
NRG4,0.003989121329886862
FBXO22,0.003989121329886862
LHCGR,0.003988747308621656
GTF2A1L,0.003988618514443152
NOP56,0.003986750984936672
SNORD57,0.003986750984936672
MIR1292,0.003986750984936672
SNORD86,0.003986750984936672
SNORD56|ENSG00000229686.1,0.003986750984936672
SNORD110,0.003986750984936672
SNORA51|ENSG00000271798.1,0.003986750984936672
IDH3B,0.003986750984936672
EPAS1,0.003986401014674137
OR51I2,0.003985946644889072
OR51I1,0.003985946644889072
UBE2Q2,0.003985821059178382
RN7SL510P,0.003985821059178382
QSOX1,0.0039852464409713875
C10orf67,0.0039850192002090735
LINC00700,0.003983977995909124
SLC2A5,0.003983492739400186
IPO7,0.003983373160742017
PMM2,0.003982965833621447
KATNBL1,0.0039827481358818235
SCUBE2,0.003982186286301675
MCPH1,0.003981166841153516
MROH2A,0.00398071152564957
EIF3F,0.003979670989502231
OR10A6,0.003979670989502231
OR10A3,0.003979670989502231
NLRP10,0.003979670989502231
MIR3686,0.003978899924577677
ARL5B,0.003977879092574487
RN7SKP119,0.003977564614079448
snoU13|ENSG00000238708.1,0.003976666565319766
EPCAM,0.003976181476597263
RNA5SP64,0.00397559416748679
EMC4,0.003975488132326668
STON1,0.003974400757085784
FOXN2,0.003973888380245216
RN7SKP224,0.003973888380245216
METTL22,0.003973878536743949
LINC00583,0.003972982141747288
TIAM2,0.003970747971676654
FMN2,0.003970746974544446
SNORA23,0.003969549252640002
SNORD112|ENSG00000251863.1,0.003969177110055085
PSEN2,0.003968986263558531
DONSON,0.003968841769007778
RN7SL774P,0.003968743147612873
GATA3,0.0039684734158909685
CD109,0.003968387616744895
FAR1,0.003967878739014756
SFMBT2,0.003966857958757792
PCBP1,0.00396656565758936
TSHB,0.003966384390363912
TSPAN2,0.003966384390363912
OR52N2,0.003965649244589627
OR52E6,0.003965649244589627
C15orf41,0.003965168823149677
SNORD112|ENSG00000252372.1,0.003964142810406992
RN7SL319P,0.003964142810406992
DNAJC11,0.0039638947418450254
ANKFY1,0.003962756237748759
RN7SL755P,0.003962600304205342
MTRNR2L8,0.003962590548721532
OR52N5,0.003961730411505829
OR52N4,0.003961730411505829
OR56B1,0.003961730411505829
OR52N1,0.003961730411505829
TRIM22,0.003961730411505829
MTRNR2L5,0.003961463463000298
RN7SL73P,0.003960976838997965
CBR3,0.003960976838997965
MIR587,0.003960714414117912
SPRED1,0.0039591138790516026
ODF3L1,0.003958678309887506
DNM1P35,0.003958678309887506
MIR4313,0.003958678309887506
CSPG4,0.0039586747148213745
SNORA3|ENSG00000200983.1,0.003958514568741131
TRIM66,0.003958514568741131
SCARNA20|ENSG00000252778.1,0.003958514568741131
SNORA45,0.003958514568741131
ZNF770,0.003956720648909596
SNORA70|ENSG00000252657.1,0.003956673100377729
SLC12A6,0.003956421267319698
EMP2,0.003956194171951676
DOPEY2,0.0039559099479361225
BMP2,0.003955240858416761
KCNT1,0.003954855434630293
SOHLH1,0.003954855434630293
EZH1,0.003954669265308469
ABCC9,0.003953974184331627
SDF2,0.003953149213655545
SUPT6H,0.003953149213655545
EFR3A,0.00395279263246357
MIR4282,0.003951988615085008
HCCAT3,0.003951753869246308
ZNF613,0.003951753869246308
ZNF841,0.003951753869246308
ZNF577,0.003951753869246308
FPR3,0.003951753869246308
ZNF614,0.003951753869246308
FPR2,0.003951753869246308
ZNF432,0.003951753869246308
ZNF649,0.003951753869246308
ZNF350,0.003951753869246308
ZNF615,0.003951753869246308
FPR1,0.003951753869246308
C16orf72,0.003951472492994881
USP7,0.003951472492994881
CARHSP1,0.003951472492994881
RN7SL673P,0.003950185470169105
RN7SL829P,0.003950185470169105
RN7SL469P,0.003950185470169105
U8|ENSG00000207430.1,0.003950185470169105
RN7SL238P,0.003950185470169105
TJP1,0.003950185470169105
RN7SL82P,0.003950185470169105
RN7SL796P,0.003950185470169105
RN7SL628P,0.003950185470169105
RN7SL719P,0.003950185470169105
U8|ENSG00000238519.1,0.003950185470169105
U8|ENSG00000252602.1,0.003950185470169105
ULK4P2,0.003950185470169105
ULK4P3,0.003950185470169105
WHAMMP2,0.003950185470169105
snoZ278,0.003950185470169105
GOLGA8Q,0.003950185470169105
GOLGA8H,0.003950185470169105
GOLGA8G,0.003950185470169105
RN7SL196P,0.003950185470169105
GOLGA8F,0.003950185470169105
U8|ENSG00000207432.1,0.003950185470169105
GOLGA6L7P,0.003950185470169105
GOLGA8J,0.003950185470169105
GOLGA8M,0.003950185470169105
FAM189A1,0.003950185470169105
GOLGA8R,0.003950185470169105
GOLGA8T,0.003950185470169105
HERC2P9,0.003950185470169105
NDNL2,0.003950185470169105
CHRFAM7A,0.003950185470169105
ARHGAP11B,0.003950185470169105
APBA2,0.003950185470169105
MIR631,0.0039500429610402656
SIN3A,0.0039500429610402656
MAN2C1,0.0039500429610402656
NEIL1,0.0039500429610402656
COMMD4,0.0039500429610402656
ANP32BP1,0.0039500429610402656
CYP2C18,0.003949765446734738
HELLS,0.003949765446734738
SRCIN1,0.003948172120407809
PBX1,0.0039480831664800205
TMEM132E,0.003946633369997887
C17orf96,0.003945326690247372
LMF1,0.0039448605225893656
CREBL2,0.003944604074447979
OR52E8,0.003943236468399799
OR52E4,0.003943236468399799
OR56A3,0.003943236468399799
CCDC78,0.003943153734742556
HAGHL,0.003943153734742556
NARFL,0.003943153734742556
FBXL16,0.003943153734742556
WDR24,0.003943153734742556
METRN,0.003943153734742556
FAM173A,0.003943153734742556
SNRNP40,0.003940904055354771
RTN4IP1,0.0039404894588517675
AIM1,0.003940470099534543
ZNF616,0.003939972685106401
TRIM5,0.003939317635316001
SIKE1,0.003938115757629342
SYCP1,0.003938115757629342
snoU13|ENSG00000238818.1,0.003937587199715892
ZBTB17,0.003937587199715892
SPEN,0.003937587199715892
TMEM114,0.003936889471429968
DRD4,0.003936700790483528
PPP1R21,0.003935952894929152
HERC2,0.003934262611526728
IMP3,0.003932815404139358
BANF2,0.003932692496630103
RN7SL102P,0.003930987071849925
RN7SL470P,0.003929739572248512
SYNRG,0.003929030135692153
RN7SKP196,0.003928729270925326
MPDZ,0.003928492520138089
NGF,0.00392829054342353
OR52B4,0.003927476817515859
ACTC1,0.003926707644521786
RN7SL420P,0.003926606842658761
SNORA42|ENSG00000207502.1,0.003926606842658761
CDKN1B,0.003926446521072596
ZAR1L,0.003925803310613437
GPR19,0.003925569275107209
OBP2A,0.003925446074080991
LCN9,0.003925446074080991
PAEP,0.003925446074080991
GLT6D1,0.003925446074080991
PCYOX1,0.003924139404898894
TIA1,0.003924139404898894
SNRPG,0.003924139404898894
ZNF143,0.003924018841631741
OR10AB1P,0.003923763337681067
DNER,0.003923593863300276
BCYRN1,0.003923000680369252
FAM13C,0.003920431753507996
QRSL1,0.00391973627078706
IFNL4,0.00391932782338889
IFNL2,0.00391932782338889
IFNL3,0.00391932782338889
CYP26A1,0.003918967583209039
CYP26C1,0.003918967583209039
RNA5SP299,0.003918857158684875
TGFA,0.003918054274643343
RIC3,0.003916138522268258
CBR1,0.0039160543048324436
LZTS3,0.003914513756873143
RN7SL346P,0.003914386306794201
MIR302E,0.003914153253112467
MARCH5,0.003913811235611305
RN7SL644P,0.003913811235611305
KIF11,0.003913811235611305
IDE,0.003913811235611305
HHEX,0.003913811235611305
CIB1,0.003913448765192565
GDPGP1,0.003913448765192565
IDI1,0.003913360728279591
IDI2,0.003913360728279591
WDR37,0.003913360728279591
LINC00200,0.003913360728279591
ADD2,0.003911845087884654
RNA5SP220,0.003911679789677036
NDUFAF5,0.0039115390747058625
CYP2C19,0.003911083279156627
RNY4P29,0.003910656505691842
FIGLA,0.003909797880498493
RN7SL458P,0.0039095929235389085
KCNK12,0.003909032111748553
BVES,0.003909027802745153
POPDC3,0.003909027802745153
RNA5SP216,0.0039075811806973506
DUSP16,0.0039062842449500805
SETD4,0.0039053895341250133
STK33,0.0039050891477099715
LGALS7,0.003900120816057549
CAPN12,0.003900120816057549
ABAT,0.0038992140855681687
TTLL13,0.0038989919303443403
C2orf42,0.0038955416735163527
RNA5SP330,0.0038949935933163655
TXK,0.0038942347805879197
KIAA1462,0.003892697990331521
LINC00701,0.0038921204643186376
RN7SL743P,0.0038900906665565744
SEMA4B,0.003889307777063368
NFIB,0.003888021992072624
TMEM186,0.0038873763461945267
IDH2,0.0038868718683702907
MYC,0.003884656647469114
LGALS7B,0.003881998407424691
LASP1,0.0038819670099315084
BRCA2,0.0038815357886094956
MIR1207,0.0038812055737753527
PHF13,0.0038809809730517555
THAP3,0.0038809809730517555
TINAGL1,0.0038804823565733774
TRIM21,0.0038803019410496077
LINC00672,0.0038801590765798538
RNA5SP211,0.0038801492326796345
NSUN6,0.00387908798317746
MIR588,0.003878755062462359
snoU13|ENSG00000239072.1,0.003878684382104839
ASPRV1,0.003878684382104839
ESF1,0.003878487389599209
TMEM141,0.0038779543649866905
CIB4,0.0038767294671769236
MYOF,0.003876582278481011
CEP55,0.003876582278481011
RNA5SP323,0.003876582278481011
OR52K2,0.003875729144864366
TRIM34,0.0038742513951272634
TRIM6,0.0038742513951272634
OR52B6,0.0038742513951272634
DISP1,0.0038741668661811377
TEX261,0.0038740663416809403
ANKRD53,0.0038740663416809403
RN7SL160P,0.0038740663416809403
snoU13|ENSG00000239064.1,0.0038740663416809403
VAX2,0.0038740663416809403
ATP6V1B1,0.0038740663416809403
LGI1,0.0038722417683276626
CCDC6,0.003871784908252379
HINT3,0.0038711520255052664
FAM136A,0.0038708874272413707
MSH6,0.0038706738455421847
ANP32AP1,0.003870517462366802
HEY2,0.003870383307214896
SWAP70,0.0038700516393162347
FLRT3,0.003869329212098947
ULK4P1,0.0038691297632434474
U8|ENSG00000206987.1,0.0038691297632434474
ARHGAP11A,0.0038691297632434474
SNORA18|ENSG00000206849.1,0.0038691297632434474
GOLGA8O,0.0038691297632434474
RN7SL539P,0.0038691297632434474
CHRNA7,0.0038691297632434474
GOLGA8K,0.0038691297632434474
GOLGA8N,0.0038691297632434474
RN7SL286P,0.0038691297632434474
RN7SL185P,0.0038691297632434474
SCT,0.003868143796177108
IRF7,0.003868143796177108
PHRF1,0.003868143796177108
CDHR5,0.003868143796177108
OR52K1,0.0038676027627879035
TSPAN14,0.0038673468523771153
MYO18A,0.0038659603660265106
THSD4,0.003864800123719621
HBE1,0.003862457953438968
AOC2,0.003862332890075419
COA3,0.003862332890075419
BECN1,0.003862332890075419
PSME3,0.003862332890075419
WNK4,0.003862332890075419
AOC3,0.003862332890075419
AOC4P,0.003862332890075419
CNTD1,0.003862332890075419
MIR1205,0.00386175671865493
IFNA8,0.003860978182566628
LGALS4,0.003860479420082921
ECH1,0.0038604601993464938
MRPL45,0.0038583105117837974
ATXN8OS,0.0038579210551744157
CD207,0.0038568779073892036
CLEC4F,0.0038568779073892036
MIR3924,0.0038562125784444437
RN7SKP206,0.0038561281391890157
MXD1,0.003855722552725725
SNRNP27,0.003855722552725725
MIR5194,0.0038532040664367006
SNORA31|ENSG00000253059.1,0.0038524606386079892
OR51J1,0.0038518577941046308
IFNL1,0.0038516708311595563
LRFN1,0.0038516708311595563
GMFG,0.0038516708311595563
ZBTB48,0.0038514947481820597
TAS1R1,0.0038514947481820597
KLHL21,0.0038514947481820597
TRMT11,0.00385140810309996
CSDE1,0.0038503192425820816
SNORA62|ENSG00000201980.1,0.003849375278690315
OR51F1,0.003849375278690315
OR51F2,0.003849375278690315
OR52R1,0.003849375278690315
OR51C1P,0.0038490704256112966
OR51E2,0.0038490704256112966
OR51D1,0.0038490704256112966
OR51E1,0.0038490704256112966
RSPO3,0.0038489631966583593
FAM213A,0.003848778629185886
OR52M1,0.0038482514173393155
LCN8,0.003847248820589476
LCN15,0.003847248820589476
SRL,0.0038468267199100546
MYL4,0.0038467634043429046
snoU13|ENSG00000252088.1,0.0038467634043429046
MIR4327,0.003846219308781988
MIR4295,0.003844816769384061
TRIM68,0.003841257996705766
C11orf40,0.003841257996705766
OR52I2,0.003841257996705766
OR52I1,0.003841257996705766
GMCL1,0.0038401455341488372
ATP6V1E2,0.0038400123494905848
ANGPT2,0.003840005298611844
ZNF263,0.003839086413734268
LINC00707,0.0038386419176803317
GCNT3,0.0038386135099964507
LINC00671,0.0038381939439464823
RYR3,0.003838039237699626
HES2,0.003833795408817984
TMEM75,0.0038334604597325844
SNORA40|ENSG00000212149.1,0.0038330372641174246
RNY4P2,0.0038330372641174246
G6PC,0.0038330372641174246
VWA8,0.003832124861742658
HDDC3,0.0038320214359964986
UNC45A,0.0038320214359964986
HEATR1,0.0038320097712636054
BICC1,0.0038308350505347867
TBC1D29,0.003830016577923269
FKSG68,0.003829251171099819
NAGK,0.0038285683399039943
PFKFB3,0.0038285514377698108
RAB11FIP4,0.0038277398265124337
SNORA72|ENSG00000252158.1,0.0038253351295834373
ITGB3,0.0038249402536219444
RLBP1,0.003823982937309342
RND2,0.003823390483151123
GTPBP4,0.0038233540080715943
TFB1M,0.0038233196648243912
OR52B2,0.0038231761263100563
FAM160A2,0.003823091057574518
OR52W1,0.003823091057574518
C11orf42,0.003823091057574518
CNGA4,0.003823091057574518
ZNF200,0.0038218837602075513
MEFV,0.0038218837602075513
OR1F1,0.0038218837602075513
RN7SL98P,0.003821463789777909
CLDN20,0.003820373972533484
FOXO1,0.0038196997114076617
PSIP1,0.0038187721332928162
SNORA70|ENSG00000207098.1,0.0038172079864761998
SLC22A15,0.0038163367134665385
RN7SL316P,0.00381619329512774
LRRC37BP1,0.00381619329512774
CRLF3,0.00381619329512774
SUZ12P,0.00381619329512774
snoU13|ENSG00000238465.1,0.0038160992929364606
FAM73A,0.0038153247760374207
JMJD8,0.003814493159388144
WFIKKN1,0.003814493159388144
WDR90,0.003814493159388144
RHBDL1,0.003814493159388144
STUB1,0.003814493159388144
FAM195A,0.003814493159388144
C16orf13,0.003814493159388144
RHOT2,0.003814493159388144
RAMP2,0.003814342607912998
VPS25,0.003814342607912998
PDSS2,0.0038141975701291284
MIR3668,0.00381132080296638
DENND2C,0.003810614767804356
FAM49B,0.0038098682510979112
OR2G3,0.0038091789781742563
CCDC7,0.0038091476390080523
EFCAB13,0.003808783003441847
SPDYE4,0.0038079577996884438
SYNJ1,0.0038076867219314367
PAXBP1,0.0038076867219314367
RNA5SP329,0.0038053003493489397
OR52L1,0.0038053003493489397
OR56A1,0.0038053003493489397
OR56A4,0.0038053003493489397
OR56B4,0.0038053003493489397
C10orf107,0.00380509017307221
MIR548F2,0.003805060777092005
MIR4252,0.0038050442800335853
PCSK2,0.003804916497637207
RNA5SP390,0.0038038384482287587
SNORA12|ENSG00000212342.1,0.003803643989241267
ZNF710,0.003803189907407142
SNORA18|ENSG00000252425.1,0.003802408150663791
GOLGA8B,0.003802408150663791
GOLGA8A,0.003802408150663791
TVP23A,0.003801467590705261
NUBP1,0.003801467590705261
RCCD1,0.003800623705923506
SLC35G1,0.0038005596134970147
PIPSL,0.0038005596134970147
LINC00929,0.003799289682178309
MIR802,0.0037980578417564008
RHOQ,0.00379777634050941
DYDC2,0.0037976334617501307
DYDC1,0.0037976334617501307
COA6,0.003797304418084522
MIR4671,0.003797304418084522
MAN2A2,0.0037970576488949187
FES,0.0037970576488949187
RUNX1,0.003795906625020545
snoU13|ENSG00000238918.1,0.00379528531780952
RN7SKP56,0.0037942640129252636
EID2B,0.003793547980005816
SELV,0.003793547980005816
MCEE,0.0037933942090381196
ZCCHC17,0.0037932413780578603
RNY4P26,0.003793134218007065
PSMB2,0.003793067909681835
RNA5SP403,0.003792829240351518
RNA5SP404,0.003792829240351518
PRC1,0.003791115164664594
VPS33B,0.003791115164664594
SV2B,0.003791115164664594
CCKBR,0.003790305566898052
KIAA0100,0.003789597238204835
RNU6ATAC33P,0.003788156896577369
SNORA48|ENSG00000212604.1,0.003788015663418633
NCOA7,0.003786973326823957
AMPD3,0.0037869322266680565
SERINC2,0.0037868668615948986
MCFD2,0.003786865233691439
TTC7A,0.003786865233691439
SLC24A2,0.0037855617088607646
NUTM1,0.0037854556681355136
OR2G2,0.003785211205528723
RNA5SP331,0.0037852051922921876
ZBED5,0.003785099147838888
ABHD2,0.003784283290516102
OR52H1,0.0037839707817249654
UBQLNL,0.0037839707817249654
UBQLN3,0.0037839707817249654
MIA3,0.0037839046366302392
MIXL1,0.0037835748869020944
ACBD3,0.0037834160136313313
OC90,0.003783370700259092
BCAS2,0.003783030363602116
HNRNPL,0.0037821961064279644
SGK494,0.003780859225163024
SYT9,0.003780299005052871
FABP3,0.003780102933048214
MSH2,0.003779927147292947
RAB40C,0.0037795928476436133
OR2T29,0.003777220478826561
OR2T7,0.003777220478826561
OR2T8,0.003777220478826561
OR2W3,0.003777220478826561
OR6F1,0.003777220478826561
OR2L8,0.003777220478826561
OR2M3,0.003777220478826561
OR2L5,0.003777220478826561
PGBD2,0.003777220478826561
SH3BP5L,0.003777220478826561
TRIM58,0.003777220478826561
ZNF692,0.003777220478826561
ZNF672,0.003777220478826561
OR2M2,0.003777220478826561
OR2M5,0.003777220478826561
OR2T6,0.003777220478826561
OR2M4,0.003777220478826561
OR2T2,0.003777220478826561
OR2M7,0.003777220478826561
OR2T10,0.003777220478826561
OR2T11,0.003777220478826561
OR2T5,0.003777220478826561
OR2T4,0.003777220478826561
OR2T3,0.003777220478826561
OR2T35,0.003777220478826561
OR2T12,0.003777220478826561
OR2T1,0.003777220478826561
OR2T34,0.003777220478826561
OR2T33,0.003777220478826561
OR2T27,0.003777220478826561
OR2L3,0.003777220478826561
OR2L2,0.003777220478826561
OR1C1,0.003777220478826561
OR14I1,0.003777220478826561
LYPD8,0.003777220478826561
OR14K1,0.003777220478826561
OR2AJ1,0.003777220478826561
OR2AK2,0.003777220478826561
OR2G6,0.003777220478826561
MIR3124,0.003777220478826561
OR2L13,0.003777220478826561
OR13G1,0.003777220478826561
OR14C36,0.003777220478826561
OR14A2,0.003777220478826561
OR14A16,0.003777220478826561
OR11L1,0.003777220478826561
DEFB1,0.0037770286475682867
GOSR1,0.003776039983703063
GOT1L1,0.0037758212156083298
RPL27,0.0037750449179296125
IFI35,0.0037750449179296125
RUNDC1,0.0037750449179296125
AARSD1,0.0037750449179296125
PTGES3L,0.0037750449179296125
VAT1,0.0037750449179296125
RPP38,0.0037742730816379966
RN7SL432P,0.0037738394061818934
AMPD1,0.0037738394061818934
NRAS,0.0037738394061818934
LPCAT4,0.003773068754853262
LINC00337,0.003772459244942254
HES3,0.003772459244942254
ACOT7,0.0037724085486605095
GPR153,0.0037724085486605095
APBB1,0.003771692527562268
SMPD1,0.003771692527562268
PRKCDBP,0.003771692527562268
HPX,0.003771692527562268
PLCE1,0.0037716133185462827
DEFA6,0.003771607499762062
DEFA4,0.003771607499762062
SCG5,0.0037712636788056714
NOX3,0.003770879955721482
RNA5SP21,0.0037705686105030194
RNF146,0.0037697290995585358
C2orf61,0.003769276428705424
CALM2,0.003769276428705424
KIF16B,0.0037688709570152293
SMURF2P1,0.00376714878490809
LARP4B,0.0037654884479116466
ADM,0.0037637279547020857
RN7SL414P,0.0037633770953552927
RNA5SP476,0.0037612542688605995
AIDA,0.003761095978208624
SPAG16,0.0037607578375573473
ALDOC,0.003759520521672423
SRBD1,0.0037594936708860776
ZNF385C,0.0037576622957407337
FBXO17,0.0037573464400450325
NFKBIA,0.0037566009206492063
FURIN,0.0037560720689078907
RAB3GAP2,0.0037557843712251577
POLG,0.0037555169083220304
MIR3665,0.0037552883733401117
SLAIN1,0.0037552883733401117
CTTN,0.0037545743194614934
ARHGAP23,0.0037544748044469694
KIF5B,0.0037522517585071684
GRIN2A,0.0037516722082871485
MIR4715,0.0037506556779892558
ATP10A,0.0037506556779892558
LILRA1,0.0037499447189692915
SRP54,0.0037499408996153104
GNG4,0.0037490533206445773
NID1,0.003748523737661313
LMO1,0.0037483753454725173
MIR4522,0.003747651504613528
TRIM33,0.0037459667034407456
MIR4659A,0.003745681926334825
SLC35F3,0.00374542818555948
CUBN,0.003744154120925796
FBXO27,0.0037439001620033514
CHD5,0.003743885553143963
RN7SL825P,0.003742938568475002
TRDMT1,0.0037422762771862615
GCSAML,0.003740895781007244
ST8SIA6,0.0037408346074204644
VIM,0.0037408346074204644
ANKRD13B,0.0037404348447689934
SNORD112|ENSG00000252359.1,0.003739915272451675
DUSP10,0.003736856422085015
LINC00299,0.0037357736996769123
PPFIA1,0.0037355629877369
SH3GL2,0.0037353276872173135
DYRK2,0.0037330008836557425
RN7SL178P,0.0037314209574569293
ELTD1,0.0037313983827841667
PTPLAD2,0.003730738225103766
SPAG5,0.003730667433831993
NOL9,0.003730647486573408
THEMIS,0.0037304642823597026
PTPLA,0.003729774153707712
QPCT,0.003729663819195377
RMDN2,0.003729663819195377
LINC00211,0.003729663819195377
CDC42EP3,0.003729663819195377
WSB1,0.003728733713543837
SNORA33|ENSG00000252045.1,0.003728686122831692
TCP10L,0.003728686122831692
LINC00846,0.003728686122831692
RNA5SP490,0.003728686122831692
OLIG2,0.0037284783985221384
FANCI,0.0037280534540335567
SNORD28|ENSG00000212295.1,0.0037240229588374756
IFNA2,0.003722681040101532
TNFRSF25,0.003722206555662933
PLEKHG5,0.003722206555662933
ESPN,0.003722206555662933
LINC00925,0.003721663442392178
RGCC,0.0037216342717484073
NAA16,0.0037214805592062335
ZMYM4,0.003721117003079029
TFAP2E,0.003720103489565517
NCDN,0.003720103489565517
RNU6ATAC34P,0.003719670870380684
GALNT18,0.003719637722056495
KIAA0319L,0.003717926787547042
RNY5P1,0.003717926787547042
RNA5SP332,0.0037176758311161266
C21orf59,0.0037171620938649098
C21ORF59,0.00371664507583899
ASB13,0.003714720328897546
RN7SL445P,0.003714720328897546
EMB,0.003714094101958433
C10orf105,0.003712744533947062
ANKEF1,0.0037113299582307155
LIN9,0.0037095915765391865
PIGS,0.003709271192942081
LRRC20,0.0037086238407906293
UNC119,0.003708546221710781
ARNTL,0.0037074524980515453
FPGT,0.0037072163695444672
RN7SL709P,0.003705921121456224
EVA1C,0.003703850210970464
DUSP14,0.003703096795235871
ADAM18,0.0037024558008159807
OGFRL1,0.0037023501552750303
AGPAT5,0.0037009802988483887
FAM133B,0.003699962659240968
SNORA25|ENSG00000200075.1,0.0036998343641253986
TAF1A,0.0036983342505962184
HHIPL2,0.0036983342505962184
snoU13|ENSG00000238296.1,0.0036978261422503313
S1PR1,0.0036978261422503313
PRKD3,0.0036974680744430387
snoU13|ENSG00000238981.1,0.0036969474665133357
PPP2R3C,0.0036957351013302982
FAM177A1,0.0036957351013302982
RNA5SP20,0.0036954472385352993
PHYHIPL,0.0036952380318883587
WBP4,0.0036950535303928154
MIR3168,0.0036950535303928154
KBTBD6,0.0036950535303928154
RN7SL597P,0.0036950535303928154
MTRF1,0.0036936854887674587
KBTBD7,0.0036936854887674587
NODAL,0.0036928306708183855
EIF4EBP2,0.0036928306708183855
RN7SL363P,0.0036912089188247577
LINC00923,0.0036908413093586744
RN7SL47P,0.003689144677708854
ATG5,0.003689144677708854
SDE2,0.00368892613584459
LEFTY2,0.00368892613584459
CSNK2A3,0.0036887419710285134
RNY3P7,0.0036872227631721327
SCEL,0.0036872227631721327
MIR30C2,0.003686721824351964
USP33,0.0036865735542397416
ZZZ3,0.0036865735542397416
RN7SL370P,0.0036865735542397416
WDR93,0.0036863116093708865
PEX11A,0.0036863116093708865
LINC00472,0.0036850279149357856
MIR30A,0.0036849242061960195
RSU1,0.003684857417023649
ATAD5,0.003684663881716598
SRP9,0.0036819436555945223
PITRM1,0.003681426731317821
OTUD7A,0.0036813508807179733
MIR5009,0.0036808506419752384
ANPEP,0.0036808506419752384
MIR5094,0.0036808506419752384
STAM,0.003679435085834447
snoR442|ENSG00000251959.1,0.003679435085834447
PLAU,0.0036783236309483494
C10orf55,0.0036783236309483494
RNF217,0.0036764939498186945
MGME1,0.003675833827846526
SNORD17,0.003675833827846526
RN7SL63P,0.0036749697401613087
snoU13|ENSG00000239094.1,0.003674424978055632
snoU13|ENSG00000238545.1,0.003674424978055632
TBC1D12,0.003674037885451322
RN7SKP15,0.003673429847268274
KLHL42,0.003673429847268274
MESP2,0.003672965095694389
MRPS35,0.0036716637055235375
MANSC4,0.0036716637055235375
REP15,0.0036716637055235375
XKR5,0.0036715446844960494
PYCR2,0.003671434188733501
LEFTY1,0.003671434188733501
TMEM63A,0.003671434188733501
SCARNA16|ENSG00000252765.1,0.003669389641109989
SMYD3,0.0036689104656795553
OR51S1,0.003668779404671985
OR51T1,0.003668779404671985
OR51H1P,0.003668779404671985
RN7SKP151,0.0036673358596038606
C6orf203,0.003665836059770505
MRC1L1,0.0036651607186310594
TMEM236|ENSG00000184040.7,0.0036651607186310594
TMEM236|ENSG00000148483.7,0.0036651607186310594
SLC39A12,0.0036651607186310594
MRC1,0.0036651607186310594
C6orf58,0.003664838747106178
KIAA0408,0.003664838747106178
SOGA3,0.003664838747106178
RNA5SP217,0.003664838747106178
ECHDC1,0.003664838747106178
RNA5SP30,0.0036648243893742188
CRTC3,0.0036643034575741143
PRF1,0.00366326237054085
ADAMTS14,0.00366326237054085
TBATA,0.00366326237054085
PCBD1,0.0036629619914709255
SGPL1,0.0036629619914709255
CNP,0.0036627140584393116
DNAJC7,0.0036627140584393116
RBMXL2,0.0036624368390894405
MIR548Q,0.0036622039182196762
MIR1202,0.0036610165432420694
SARS2,0.003660814410060684
SLC15A1,0.003660442566356662
EXTL2,0.0036603728793441104
SLC30A7,0.0036603728793441104
PLIN1,0.003659652571441523
TICRR,0.003659652571441523
RHCG,0.003659652571441523
KIF7,0.003659652571441523
LINC00928,0.003659652571441523
RN7SL60P,0.0036591220358807063
INSM2,0.0036588678865594718
BTBD10,0.003658004783788871
RNA5SP309,0.003657684952330254
CDK6,0.0036567371123725277
IFNB1,0.0036534552845528456
GP6,0.0036517433940620233
UNC5B,0.0036503291477695825
SNX5,0.003650100802093852
C10orf68,0.003649613903262262
KSR1,0.0036484339129826656
BEND3,0.0036481195188933072
OVOL2,0.0036480100919991016
RNA5SP22,0.00364684097064839
TMC2,0.0036467924528301872
SLC29A3,0.0036460011507479877
IFNA17,0.003645230866865626
IFNA7,0.003645230866865626
IFNA16,0.003645230866865626
IFNA10,0.003645230866865626
PIK3R6,0.0036445575217111453
snoU109|ENSG00000239197.1,0.0036442496976357504
LINC00840,0.0036436403146379364
C20orf78,0.003642893578284036
LINC00930,0.0036423491223647546
HSPA14,0.0036422363328328846
SUV39H2,0.0036422363328328846
CDNF,0.0036422363328328846
DCLRE1C,0.0036422363328328846
ST8SIA2,0.003641238801193027
C15orf32,0.003641238801193027
PALD1,0.0036410216272930347
RN7SKP165,0.003640735900990181
MFSD6L,0.00363961363021557
EPHX1,0.0036392544077403057
MIR3174,0.0036387943951440415
ADAP2,0.0036370215491259798
PPAP2B,0.003636473526954959
RNA5SP251,0.0036364713139227425
CCDC3,0.003636065618930873
HCRTR1,0.003633519786426456
PEF1,0.003633519786426456
MIR548K,0.0036334278819694335
LINC00709,0.0036330657255258286
C1orf94,0.00363292850389928
CISD1,0.0036308369671055434
snoU13|ENSG00000238970.1,0.0036308369671055434
RN7SL599P,0.0036293000161449758
MMP26,0.0036286661995286137
LINC00945,0.003628577735693412
FAM174B,0.0036284644428142103
MESP1,0.0036263769257132814
HCN1,0.003625504597588269
PCDH9,0.0036246510703161236
ZNF214,0.003623701620044797
NLRP14,0.003623701620044797
DPH5,0.0036219064495069805
IPMK,0.003621399743166393
LINC00427,0.0036210734453520233
LINC00426,0.0036210734453520233
LRRIQ3,0.0036209226967721937
LYST,0.0036202571463839046
MIR1537,0.0036202571463839046
RINL,0.003619662813366651
SIRT2,0.003619662813366651
NFKBIB,0.003619662813366651
MRPS12,0.003619662813366651
POLR3F,0.003619546877820238
RBBP9,0.003619546877820238
MIR3192,0.003619546877820238
RNF135,0.0036192096142254374
RNA5SP302,0.003619151251360176
OLIG1,0.003619015806809533
NOL6,0.003618814240429463
SEC23B,0.0036185070667911776
RN7SL638P,0.0036185070667911776
LINC00493,0.0036185070667911776
FOXN1,0.003618158803222097
PARP1,0.00361790581198143
RN7SL99P,0.003617678172426423
OR51A7,0.0036166631782980985
OR51A2,0.0036163947255867263
OR51A4,0.0036163947255867263
ASCC1,0.003616238238678673
ANAPC16,0.003616238238678673
ADRB3,0.0036160189350350454
DDIT4,0.0036158490150951074
AP3S2,0.003615217064956619
C15orf38,0.003615217064956619
TBC1D3P5,0.003614197616729262
snoU13|ENSG00000238355.1,0.003613965363386987
NKIRAS2,0.0036133492755198466
OR5P3,0.00361287608152477
OR51G1,0.003612741038684489
OR51G2,0.003612741038684489
RN7SL138P,0.003611795509342978
B3GALTL,0.0036117359183097256
RN7SKP247,0.0036108544101847435
SNORD18|ENSG00000200677.1,0.003610812602145296
C10orf111,0.0036106114240850706
ACBD7,0.0036106114240850706
OLAH,0.0036106114240850706
TRDN,0.003609807778373271
LINC00398,0.003609661506125203
PAX2,0.0036096337060660096
MIR3175,0.0036093538893814197
MEIG1,0.0036077464497734227
MARK1,0.0036042181345366966
PPFIBP1,0.003604194454842129
LBR,0.0036036588514256856
IFNA4,0.0036032383108641156
RN7SL810P,0.003603130923989484
LINC00446,0.003603130923989484
MIR4466,0.0036030473412931793
TNNI3K,0.003602668916382771
BLM,0.0036024030522502403
SNORA40|ENSG00000212273.1,0.003602117504925067
HSPH1,0.003601567769359873
ST3GAL1,0.0036015183426103027
SAMD9,0.0036012325345112567
RN7SL7P,0.0036012325345112567
SAMD9L,0.0036012325345112567
PRKCE,0.0036004876871478645
EPC1,0.003600165500095756
TFAM,0.0035983623329523167
UBE2D1,0.0035983623329523167
RN7SL518P,0.003595998612333307
SBF2,0.003595714821659322
PAK4,0.0035942996787391183
snoU13|ENSG00000251709.1,0.003594214558334938
LURAP1L,0.0035926012745046954
HDDC2,0.0035923554337594075
EXOC6,0.0035916569800256864
NLK,0.0035913195243574988
CALCR,0.0035911707920003905
DEFB107B,0.0035899914342819054
DEFB4A,0.0035899914342819054
DEFB107A,0.0035899914342819054
DEFB103B,0.0035899914342819054
DEFB106B,0.0035899914342819054
DEFB106A,0.0035899914342819054
DEFB105B,0.0035899914342819054
DEFB105A,0.0035899914342819054
DEFB104B,0.0035899914342819054
DEFB104A,0.0035899914342819054
FAM66B,0.0035899914342819054
DEFB103A,0.0035899914342819054
DEFA3,0.0035899914342819054
ALG1L13P,0.0035899914342819054
DEFA1B,0.0035899914342819054
DEFA1,0.0035899914342819054
DEFA5,0.0035899914342819054
FAM66E,0.0035899914342819054
SGK223,0.0035899914342819054
FAM85B,0.0035899914342819054
ZNF705G,0.0035899914342819054
ZNF705B,0.0035899914342819054
SPAG11B,0.0035899914342819054
SPAG11A,0.0035899914342819054
DEFB4B,0.0035899914342819054
LRLE1,0.0035899914342819054
FAM90A24P,0.0035899914342819054
MIR548I3,0.0035899914342819054
FAM86B3P,0.0035899914342819054
OR51L1,0.0035894220531627347
CHUK,0.0035878531014592817
ERLIN1,0.0035878531014592817
snoU13|ENSG00000238552.1,0.003586644812054938
RNF113B,0.00358590428040521
MIR3170,0.0035857873191344875
RN7SKP8,0.0035857873191344875
ADK,0.003582653717032126
MIR4733,0.003581683242917421
MCM10,0.003581553054824778
OPTN,0.003581553054824778
ALK,0.0035807999275810558
C10orf54,0.0035806200500913873
PSAP,0.0035806200500913873
SPNS3,0.0035803557890012284
ARRDC4,0.0035799940003538233
RNA5SP300,0.003579284950161388
RN7SL849P,0.003579121158977385
SLC13A2,0.0035785577291906423
SPOCK2,0.003577205882352944
TAF10,0.0035770722743977143
DCHS1,0.0035770722743977143
TPP1,0.0035770722743977143
RRP8,0.0035770722743977143
ILK,0.0035770722743977143
DNHD1,0.0035770722743977143
snoU13|ENSG00000238718.1,0.0035768493234948715
DNAJB12,0.0035767405063291146
SNORA36|ENSG00000200294.1,0.003576706660800111
MGMT,0.0035750854053882685
ZNF460,0.0035747598155495353
CRIPT,0.0035724313261040618
RNU105B,0.003572197778039737
TIMM10B,0.0035701420080758595
ARFIP2,0.0035701420080758595
MRPS16,0.0035692817978744996
DNAJC9,0.0035692817978744996
FAM149B1,0.0035692817978744996
CHD2,0.0035689857839235695
TRIM3,0.003568253482146909
FGF3,0.003566710413050534
UCK2,0.0035661270937220315
ALOX5AP,0.003566079243329727
RN7SL281P,0.003566049435511462
CLDN17,0.0035632352154524745
MIR4480,0.0035631740609633473
SEBOX,0.0035619907940161117
VTN,0.0035619907940161117
SARM1,0.0035619907940161117
MIR4723,0.0035619907940161117
SLC46A1,0.0035619907940161117
TMEM199,0.0035619907940161117
NOC3L,0.0035611846214641716
PTH,0.003559851111290284
TPD52L1,0.0035593086390449512
RN7SKP254,0.003558669993853581
IFNE,0.003557197866282458
EDNRB,0.003556355220637007
SNORA70|ENSG00000202389.1,0.0035557115458381304
SCARNA20|ENSG00000251818.1,0.0035557115458381304
OR52E2,0.00355544230996733
OR52J3,0.00355544230996733
IFT20,0.0035552665899501353
TMEM97,0.0035552665899501353
TNFAIP1,0.0035552665899501353
POLDIP2,0.0035552665899501353
RNF219,0.003554967566525081
POU4F1,0.003554967566525081
SCP2D1,0.003552202437474004
LINC00652,0.003552202437474004
LINC00263,0.003552128504971917
SCD,0.003551866590076401
PKD2L1,0.003551866590076401
BLOC1S2,0.003551866590076401
SNORA12|ENSG00000212464.1,0.003551866590076401
CWF19L1,0.003551866590076401
NDUFB8,0.003550574873432603
SEC31B,0.003550574873432603
WNT8B,0.003550574873432603
HIF1AN,0.003550574873432603
FADD,0.003550064208402127
Vault|ENSG00000252283.1,0.003549294207901804
TTC25,0.003548147708969453
TFB2M,0.003547884327808079
SNORD112|ENSG00000252495.1,0.003547884327808079
SNORA25|ENSG00000252011.1,0.003547884327808079
SCCPDH,0.003547884327808079
CNST,0.003547884327808079
BEND7,0.003547623310973685
SOCS5,0.0035472660635739294
SNORA70G,0.0035451367977891684
CYB5R2,0.003543819346772934
OVCH2,0.003543819346772934
DMRTA2,0.0035435882583436935
PVT1,0.003542837639307281
PRR26,0.003541276468337801
MIR5699,0.003541276468337801
AK5,0.003540696969941761
ARNTL2,0.00353937441677782
FAM84B,0.003538663060160775
EFCAB2,0.00353862941946748
BAZ1A,0.0035385164454258414
SYCN,0.0035382575029517527
NCCRP1,0.0035382575029517527
RN7SL864P,0.003537428387746505
COMTD1,0.0035366355895803305
VDAC2,0.0035366355895803305
ADPGK,0.003535483542037833
NUP107,0.0035354419122985738
RN7SL329P,0.0035349317315414965
DMXL2,0.0035328454016437705
GSDMC,0.003532624188916075
BBS4,0.00353214691361871
RNU4ATAC15P,0.0035318478560701235
IL22,0.0035316117993369764
IL26,0.0035316117993369764
TMPRSS2,0.0035288564049431666
TEX9,0.0035287471746526505
HIGD2B,0.0035286884897649325
MIR1265,0.0035267420558945475
U3|ENSG00000221345.1,0.0035264918214135536
MIR653,0.003526409179458527
MIR489,0.003526409179458527
LINC00544,0.0035263612343930753
LINC00572,0.0035263612343930753
LINC00365,0.0035260547084117566
TTC18,0.003525883368307046
LINC00297,0.0035251955722106106
RGMA,0.0035246834026811994
CLEC14A,0.003524425438412039
RPL29P30,0.0035228366439976097
TMEM202,0.003522666696879484
TYW3,0.0035224348778196196
MICU1,0.003522198436336561
TADA2A,0.0035214672522479455
C1QL3,0.003520640211567339
PTER,0.003520640211567339
GOLGA6B,0.0035205763473265873
RN7SL853P,0.0035205763473265873
RN7SL485P,0.0035205763473265873
MIR630,0.0035205055360273694
ARIH1,0.0035205055360273694
DOCK9,0.003520438141525518
C1orf216,0.0035202788231269272
CLSPN,0.0035202788231269272
STK38L,0.0035200628430137244
TTLL7,0.0035197646013768566
KAT6B,0.003519317335679954
SNORA80,0.003518917018284106
C21orf119,0.003518917018284106
RN7SL109P,0.003518917018284106
HBA1,0.003517495921476989
HBM,0.003517495921476989
HBA2,0.003517495921476989
RHBDF1,0.003517495921476989
SNRNP25,0.003517495921476989
WASH4P,0.003517495921476989
TMEM8A,0.003517495921476989
WASIR2,0.003517495921476989
ARHGDIG,0.003517495921476989
C16orf11,0.003517495921476989
AXIN1,0.003517495921476989
DDX11L10,0.003517495921476989
DECR2,0.003517495921476989
HBQ1,0.003517495921476989
POLR3K,0.003517495921476989
NME4,0.003517495921476989
NHLRC4,0.003517495921476989
CAPN15,0.003517495921476989
PDIA2,0.003517495921476989
PIGQ,0.003517495921476989
MRPL28,0.003517495921476989
MPG,0.003517495921476989
HBZ,0.003517495921476989
MIR5587,0.003517495921476989
RAB11FIP3,0.003517495921476989
RGS11,0.003517495921476989
MIR3176,0.003517495921476989
LUC7L,0.003517495921476989
ITFG3,0.003517495921476989
NPRL3,0.003517495921476989
NOTCH3,0.0035170894200614224
COL11A1,0.003516934770556397
PYY2,0.003516271576524742
SMCO2,0.003516061345747289
SEPHS1,0.0035156310978269392
UCMA,0.0035156310978269392
PHYH,0.0035156310978269392
B4GALT1,0.003514852729334598
BSDC1,0.003514614118066553
ZNF543,0.0035124727977552442
ZNF304,0.0035124727977552442
RNA5SP320,0.003511871319298724
BMS1P4,0.003511871319298724
GLUD1P3,0.003511871319298724
SEC24C,0.003511871319298724
FUT11,0.003511871319298724
RMRPP1,0.003511871319298724
CHCHD1,0.003511871319298724
ZSWIM8,0.003511871319298724
CHRM3,0.0035115968698302908
BRCA1,0.003510680485485842
KATNAL1,0.003509567064430892
OR1E2,0.0035095584570915936
OR5P2,0.0035093904226980808
VCL,0.003509378904550338
IFNW1,0.0035093049981132704
C12orf71,0.003509228749624365
LINC00639,0.003508830574273807
CDC14A,0.00350881328054126
MET,0.003508713635354205
MYO9B,0.003508531963759035
NR2F6,0.0035084911702435726
USE1,0.0035084911702435726
OCEL1,0.0035084911702435726
GPR88,0.0035082028368674067
RN7SL136P,0.0035081814331732004
PPP1R26,0.003507822293228463
RGS7,0.0035066392180891663
MIR4500HG,0.0035052692504284498
HHLA1,0.0035039717004791407
DUPD1,0.0035039599268936543
DUSP13,0.0035039599268936543
CLDN8,0.0035038490154981838
RTCA,0.0035029292817960606
DBT,0.003502895368258625
RN7SL503P,0.0035026843656555226
SNORA62|ENSG00000201542.1,0.0035026843656555226
LINC00307,0.00350187466263367
EPHX3,0.0034995173949074615
PIGF,0.003499444225121027
ANO1,0.0034993720277154534
LRRC18,0.0034992314087180206
HBBP1,0.0034986031358916706
HBG1,0.0034986031358916706
HBD,0.0034986031358916706
OR52A1,0.0034986031358916706
OR51V1,0.0034986031358916706
OR52A5,0.0034986031358916706
HBB,0.0034986031358916706
LINC00210,0.0034974774176006716
IFNG,0.0034964625628267987
EID2,0.003494911996485347
KRT18P55,0.0034944380514000777
SAR1A,0.0034931208962296063
NPFFR1,0.0034931208962296063
PPA1,0.0034931208962296063
NFX1,0.003492923039200663
RN7SL493P,0.0034918625678119325
FBXL20,0.003491474956278221
HEPACAM2,0.0034912914981749315
CCDC132,0.0034912914981749315
KCNQ3,0.003489778805122876
LCN1,0.0034893695465159167
C9orf116,0.003489209782475115
MRPS2,0.003489209782475115
OMG,0.0034889015972168727
NOX5,0.0034888755448929548
C19orf44,0.003486634004658616
CALR3,0.003486634004658616
HCN4,0.0034859071352297526
NEO1,0.0034859071352297526
SSTR1,0.003485609676605403
AP3M1,0.003485184165039982
LGALS9,0.003483856306696396
RN7SKP55,0.003482927916986872
MIR4713,0.0034822387365768775
MKX,0.003481696505680516
RN7SKP132,0.003481696505680516
ARMC4,0.003481696505680516
EVI2A,0.0034806644011628075
DTD1,0.0034803338381975504
EVI2B,0.003479916564938942
RNY3P3,0.003479714378448557
NF1,0.00347890845238226
PPY2,0.0034788185654008458
ITSN1,0.003478726783268852
SPTLC3,0.0034786850747696284
PARP8,0.003477596125517516
snoU13|ENSG00000238807.1,0.0034763148277351373
MED1,0.0034748972327348186
MIR4676,0.003473816252623031
EXT1,0.0034735856180829715
ZNF667,0.0034734889645296105
OIT3,0.003473477797332975
ASUN,0.0034731599175449033
CYP19A1,0.0034731275121483
SIPA1L2,0.0034727223049801983
FIBCD1,0.0034708935623335075
QRFP,0.0034708935623335075
snoU13|ENSG00000238651.1,0.003470698146628072
KCNQ5,0.0034700115074798583
OR52A4,0.0034696602935689633
TAF2,0.0034692965573872654
HEXA,0.003469113527507353
RN7SKP153,0.0034687173509001536
LINC00619,0.003468123078956937
OR10A2,0.0034680627181330405
LRFN5,0.0034669905056303814
OR1E1,0.0034666600219276336
OR3A3,0.0034666600219276336
VCAM1,0.0034666502751235727
TEX26,0.0034659427791633346
LINC00545,0.0034658878797860495
MEDAG,0.0034658878797860495
C15orf60,0.0034651679219149644
CD276,0.003464085925262925
C15orf59,0.003464085925262925
NPTN,0.003463989621895991
snoU13|ENSG00000238983.1,0.0034630914506193727
MIR553,0.0034630554401553246
DSCC1,0.0034628812956629166
RNA5SP277,0.0034628812956629166
RN7SL396P,0.0034628812956629166
COL13A1,0.0034625499221552837
MNS1,0.003462433375538626
TM7SF3,0.0034608101054940184
MED21,0.0034608101054940184
NSMCE2,0.0034607894707073426
AHCTF1,0.0034604098654141785
LINC00529,0.0034599828685638124
LINC00841,0.003459228443004925
H3F3A,0.0034571935831085947
NTPCR,0.003455574346779319
HAUS8,0.0034554188066264926
PAPL,0.0034539251489607036
RAB11FIP1,0.003451705199288631
ECD,0.0034505559128139183
P4HA1,0.0034505559128139183
SNORA11|ENSG00000221164.1,0.0034505559128139183
NUDT13,0.0034505559128139183
LINC00924,0.003450306046435221
PEG3,0.0034490684436640448
MIMT1,0.0034490684436640448
ZIM2,0.0034490684436640448
PLCB4,0.0034478712320823775
PLA2G12B,0.0034451744737020278
PCDH17,0.003444794270606124
AGAP5,0.003444518716577543
MYOZ1,0.003444518716577543
SYNPO2L,0.003444518716577543
AQP3,0.003443317765486109
RBFOX1,0.0034427932213673094
ZNF583,0.0034425378343563976
ZNF582,0.0034425378343563976
ZNF542,0.0034425378343563976
MIR4662B,0.003441643759685978
H2AFY2,0.003441599539700805
AIFM2,0.003441599539700805
SIN3B,0.003439909112047549
DSCAM,0.0034392239234978727
ENAH,0.0034386769034010795
PIP4K2A,0.003437740924024413
LAMC3,0.003437622823489778
ZMYM6NB,0.0034373355692352437
ZMYM6,0.0034373355692352437
ZMYM1,0.0034371815657872774
SNORA31|ENSG00000252582.1,0.003436649593551728
ZZEF1,0.003435835077577325
SFPQ,0.0034352821899290295
RAP1B,0.0034331601668252014
PRPF18,0.0034326570341088086
ZNF572,0.0034326025723690917
SQLE,0.0034326025723690917
GGACT,0.0034316379551033557
RN7SL547P,0.0034315833055177506
AQP7,0.003431483536924701
LINC00277,0.0034312238175221196
ZNF781,0.0034306351080479903
DEXI,0.003429806952994779
CIITA,0.003429806952994779
FGFR1OP2,0.00342838163423468
USHBP1,0.003427116265598415
SPATA8,0.003426728716247792
LINC00964,0.003425928439723534
CAMK1D,0.003425207616887388
CPAMD8,0.003425076589825276
P2RX1,0.0034244260606664627
RN7SL835P,0.0034241301802665387
F2RL3,0.0034241301802665387
RN7SL823P,0.0034241301802665387
CCNG2,0.003422996764594747
RN7SL690P,0.0034228617169045792
SCG3,0.0034220371647969306
LYSMD2,0.0034220371647969306
CLDN23,0.003421406681260106
FARP1,0.0034211981899029045
SNORA25|ENSG00000251744.1,0.0034198139064946387
CXCL13,0.0034173584215000923
SLC35E1,0.003416265190485319
CHMP5,0.003415622030833357
OLFML1,0.003415596186904207
SNAP25,0.003415086644980197
CHERP,0.0034137686273389965
RN7SL146P,0.0034137686273389965
TYSND1,0.0034132454477763478
MCU,0.003412902761795168
CXCL12,0.003412863139108306
ZNF471,0.003411367218140337
U8|ENSG00000251740.1,0.0034110189003612222
DEPTOR,0.003409496233280374
STK24,0.0034093056648379742
snoU13|ENSG00000238656.1,0.0034077584724498426
ZNF438,0.0034064332594761957
SVILP1,0.003406279487520007
LYZL2,0.003406279487520007
BRF2,0.0034059577361648732
KCNV1,0.003405834167849398
AIF1L,0.0034038966629442694
CAMK2G,0.003403379476071213
NDST2,0.003403379476071213
RSL24D1,0.0034020401345536203
MRPL45P2,0.0034009027822399216
BRMS1L,0.003400120885674777
SNORD62A,0.003399230150164388
SNORD62B,0.003399230150164388
POMT1,0.003399230150164388
UCK1,0.003399230150164388
LINC00411,0.003398238035050653
ADAM2,0.003397847578198553
ZNF793,0.003397720969823439
NPAS3,0.0033963682708620406
RNU6ATAC39P,0.0033957704898463273
SNORD45|ENSG00000252438.1,0.0033957704898463273
DIP2C,0.003394920075184216
SNORD112|ENSG00000252728.1,0.0033938766517939245
SLC35E3,0.0033927371377433556
CDC123,0.00339268972420031
RN7SL198P,0.00339268972420031
RN7SL232P,0.00339268972420031
SNORA67|ENSG00000212395.1,0.0033913257762444573
LRRTM3,0.0033912524374524948
LRRC53,0.003391213961781177
BAG1,0.0033907469273914232
RNA5SP475,0.0033899411900697642
ARID5B,0.0033895901006540346
SFTA1P,0.0033883876714278552
KIF26B,0.0033879774166595115
SOST,0.00338732382664642
KIAA0196,0.0033862060383932292
PLVAP,0.0033848664216336115
RNF19A,0.003384815796561156
MTERF,0.0033846461309672473
DYX1C1,0.003384132727819986
MYADM,0.0033822982154436037
DNAJC12,0.0033820975311498135
RN7SL394P,0.0033820975311498135
RNA5SP318,0.0033793832832071935
PIGB,0.003378767782544412
C15orf65,0.003378767782544412
MIR628,0.003378767782544412
CCPG1,0.003378767782544412
RAB27A,0.003378767782544412
ZFAT,0.003376910715796
RN7SL438P,0.003376897388762534
PAQR5,0.003376897388762534
SNORA77|ENSG00000221376.1,0.003376897388762534
ABL1,0.003375847677037389
OR10A5,0.0033746835443037937
CD300LG,0.0033739544250625643
MPP2,0.0033739544250625643
CLIC6,0.0033731679538029614
LINC00160,0.0033731679538029614
PYGO1,0.003372734699817748
MED26,0.0033727344301349832
LAMP5,0.003372307378603038
MIR4471,0.00337219442357577
OR2AG1,0.0033719747877272457
OR6A2,0.0033719747877272457
OR2AG2,0.0033719747877272457
RN7SL591P,0.00337177535651338
ZNF365,0.003371141716799463
BABAM1,0.0033697524241546512
ANKLE1,0.0033697524241546512
ABHD8,0.0033697524241546512
MRPL34,0.0033697524241546512
DDA1,0.0033697524241546512
ANO8,0.0033697524241546512
GTPBP3,0.0033697524241546512
UBE3A,0.0033697176241480028
MIR4421,0.00336926593097479
BST2,0.003369213949750542
MVB12A,0.003369213949750542
PLK1S1,0.003367728189473188
C10orf11,0.003365572652164022
TBC1D21,0.003364547898179018
LOXL1,0.003364547898179018
STOML1,0.003364547898179018
SRGAP2B,0.003364438080056192
GNRHR2,0.003364438080056192
GPR89A,0.003364438080056192
GPR89B,0.003364438080056192
GPR89C,0.003364438080056192
TXNIP,0.003364438080056192
SEC22B,0.003364438080056192
HFE2,0.003364438080056192
ACP6,0.003364438080056192
GJA8,0.003364438080056192
GJA5,0.003364438080056192
FMO5,0.003364438080056192
FCGR1C,0.003364438080056192
RNA5SP59,0.003364438080056192
FCGR1B,0.003364438080056192
FCGR1A,0.003364438080056192
FAM72D,0.003364438080056192
CHD1L,0.003364438080056192
FAM72C,0.003364438080056192
FAM72B,0.003364438080056192
RNF115,0.003364438080056192
RNA5SP57,0.003364438080056192
RNA5SP58,0.003364438080056192
NBPF9,0.003364438080056192
NBPF24,0.003364438080056192
NBPF20,0.003364438080056192
NBPF16,0.003364438080056192
NBPF15,0.003364438080056192
CD160,0.003364438080056192
HIST2H2BA,0.003364438080056192
HIST2H2BE,0.003364438080056192
HIST2H2BF,0.003364438080056192
HIST2H3A,0.003364438080056192
HIST2H3C,0.003364438080056192
HIST2H3D,0.003364438080056192
HIST2H4A,0.003364438080056192
HIST2H4B,0.003364438080056192
HYDIN2,0.003364438080056192
ITGA10,0.003364438080056192
LINC00623,0.003364438080056192
LINC00624,0.003364438080056192
LIX1L,0.003364438080056192
NBPF10,0.003364438080056192
NBPF11,0.003364438080056192
NBPF12,0.003364438080056192
NBPF14,0.003364438080056192
ANKRD20A12P,0.003364438080056192
NBPF8,0.003364438080056192
NOTCH2NL,0.003364438080056192
BOLA1,0.003364438080056192
NUDT17,0.003364438080056192
RN7SL261P,0.003364438080056192
HIST2H2AA3,0.003364438080056192
RN7SKP88,0.003364438080056192
RBM8A,0.003364438080056192
PRKAB2,0.003364438080056192
PPIAL4G,0.003364438080056192
PPIAL4D,0.003364438080056192
PPIAL4C,0.003364438080056192
BCL9,0.003364438080056192
ANKRD35,0.003364438080056192
PPIAL4B,0.003364438080056192
PPIAL4A,0.003364438080056192
POLR3GL,0.003364438080056192
POLR3C,0.003364438080056192
PIAS3,0.003364438080056192
PEX11B,0.003364438080056192
PDZK1,0.003364438080056192
PDZK1P1,0.003364438080056192
HIST2H2AA4,0.003364438080056192
HIST2H2AB,0.003364438080056192
HIST2H2AC,0.003364438080056192
PDE4DIP,0.003364438080056192
ANKRD34A,0.003364438080056192
CRYZ,0.003363633673401448
SLC5A3,0.003363580843011874
MIR552,0.0033620920512831493
C1orf173,0.003361828525771444
AKR1C3,0.0033617751194703364
RN7SKP203,0.003361602228948817
PAX3,0.003359455196029393
PML,0.003358781025970752
RN7SL220P,0.0033587806127507655
SMIM12,0.0033582633544517737
BARHL1,0.0033582125233702145
ICMT,0.0033573813418712947
RNF207,0.0033573813418712947
MIR1469,0.003356237484102863
NR2F2,0.003356237484102863
PRR20B,0.003355325597538911
PRR20D,0.003355325597538911
PRR20C,0.003355325597538911
PRR20A,0.003355325597538911
PRR20E,0.003355325597538911
snoU13|ENSG00000239000.1,0.003354938526621944
snoR442|ENSG00000252203.1,0.003354938526621944
SNHG14,0.003353460903433385
NEUROG3,0.0033531799346045534
SNORA31|ENSG00000251858.1,0.0033529770173089907
GJB5,0.003352531003888592
GJB4,0.003352531003888592
GJA4,0.003352531003888592
GJB3,0.003352531003888592
HOXB1,0.0033524343517422612
HOXB2,0.0033524343517422612
CLYBL,0.0033504914259842662
LINC00710,0.0033499584486898766
RNA5SP301,0.0033497839791003796
GLCE,0.0033497624989024294
PRSS55,0.0033493214047777657
U3|ENSG00000207119.1,0.003348074357529086
RPLP1,0.003348074357529086
ZNF570,0.003347999670501657
UBAC2,0.0033467675300420698
RN7SKP9,0.0033467675300420698
GPR18,0.0033467675300420698
MIR623,0.0033467675300420698
GPR183,0.0033467675300420698
FN1,0.003346488822587372
MIR4306,0.0033455111396178006
TM9SF2,0.0033455111396178006
LINC00649,0.0033454939318804636
IFNA21,0.0033452625981956023
CELF2,0.00334517430889382
RAB18,0.0033450997395034704
snoU13|ENSG00000238901.1,0.0033445619396549266
ACBD5,0.003344260792628548
MASTL,0.003344260792628548
LRRC37A6P,0.003344260792628548
MTSS1,0.003343661270800103
MYPN,0.003342809102025974
RN7SKP202,0.0033413466305317746
ARMC4P1,0.0033384022644515647
PTCHD3,0.0033384022644515647
MRPL17,0.0033381822512590182
ARID1B,0.003338105337104812
SETX,0.0033380267876298784
TTF1,0.0033380267876298784
MIR10A,0.0033375293386025792
HOXB4,0.0033375293386025792
HOXB3,0.0033375293386025792
KRIT1,0.003337149423823409
FAM78A,0.0033369496727826274
PPAPDC3,0.0033369496727826274
NUP214,0.0033369496727826274
WDFY4,0.003336552789672643
CFL2,0.003336425455084117
C9orf171,0.0033359426242069467
MIR498,0.003335830678582506
MIR517B,0.003335830678582506
MIR517C,0.003335830678582506
MIR518A1,0.003335830678582506
MIR518B,0.003335830678582506
MIR518C,0.003335830678582506
MIR518A2,0.003335830678582506
MIR520A,0.003335830678582506
MIR516A1,0.003335830678582506
MIR516B2,0.003335830678582506
MIR520F,0.003335830678582506
MIR520G,0.003335830678582506
MIR523,0.003335830678582506
MIR520H,0.003335830678582506
MIR518E,0.003335830678582506
MIR517A,0.003335830678582506
MIR520D,0.003335830678582506
MIR519E,0.003335830678582506
MIR516B1,0.003335830678582506
MIR520C,0.003335830678582506
MIR520B,0.003335830678582506
MIR516A2,0.003335830678582506
MIR520E,0.003335830678582506
MIR522,0.003335830678582506
MIR518D,0.003335830678582506
MIR519C,0.003335830678582506
MIR373,0.003335830678582506
MIR524,0.003335830678582506
NLRP12,0.003335830678582506
MIR518F,0.003335830678582506
MIR519A1,0.003335830678582506
MIR519A2,0.003335830678582506
MIR526A1,0.003335830678582506
MIR519B,0.003335830678582506
MIR525,0.003335830678582506
RN7SL317P,0.003335830678582506
MIR519D,0.003335830678582506
MIR526A2,0.003335830678582506
MIR527,0.003335830678582506
DPRX,0.003335830678582506
MIR1323,0.003335830678582506
MIR371B,0.003335830678582506
MIR371A,0.003335830678582506
MIR372,0.003335830678582506
MIR526B,0.003335830678582506
RNA5SP252,0.003335532502141427
SNX6,0.0033353941267387993
OR1N2,0.003335324894514771
OR1N1,0.003335324894514771
OR1J4,0.003335324894514771
OR1J2,0.003335324894514771
OR1J1,0.003335324894514771
OR1L8,0.003335324894514771
CYP51A1,0.0033348742426917797
LRRD1,0.0033348742426917797
PEX1,0.003334170846998413
ZNF329,0.0033338791275689056
GATAD1,0.0033337684930832777
BLCAP,0.0033336162303687117
NNAT,0.0033336162303687117
OR2D3,0.0033328228369015997
OR10A4,0.0033328228369015997
OR2D2,0.0033328228369015997
MIR4293,0.0033309871764851747
PPFIBP2,0.0033307756420274
PLCB1,0.003330751560374291
OR1L1,0.003330289732770749
OR1B1,0.0033302222222222253
OR1Q1,0.0033302222222222253
NWD1,0.0033300440162031828
snoU13|ENSG00000238522.1,0.0033299659201557947
RNA5SP398,0.00332960677069319
KIF23,0.00332960677069319
RPL22,0.0033286065451873367
TSPAN15,0.0033278715724044173
MIR4294,0.003327862147602213
LGALS13,0.003327779455778576
SEC61A2,0.0033271993498712143
ITGA8,0.0033268639789273435
MDM1,0.0033265333115702587
HK1,0.003326143610994204
SRGN,0.003326143610994204
TACR2,0.003326143610994204
HKDC1,0.003326143610994204
SUPV3L1,0.003326143610994204
VPS26A,0.003326143610994204
TRPM8,0.003326036785789214
ATP5O,0.00332508417069033
RN7SL740P,0.00332508417069033
CCDC140,0.0033249240121580527
NTNG2,0.003324314218285466
SPP2,0.003324056752220434
TMTC4,0.0033237366247384744
EPS15,0.0033235985136718833
RN7SKP181,0.0033235126928889266
MIR606,0.0033194497081785756
NKAIN2,0.0033185742614261584
RBM48,0.0033184558872482767
SNORD77|ENSG00000212414.1,0.0033182956043488723
PRRC2B,0.0033179904049509975
RNA5SP477,0.003316561639213037
C9orf62,0.003315042684721809
DLGAP3,0.0033125029410380723
SPINK4,0.003312489655806539
HOXB5,0.003312167746594715
HOXB6,0.003312167746594715
NBR2,0.0033119249912871057
RGS22,0.0033112846754645834
LPHN2,0.003310296441812031
ZSCAN18,0.003309745226049778
MIR2053,0.003308647390973247
ZNF607,0.003306139652379246
ZNF331,0.0033055806151504065
IFLTD1,0.003305216955377438
DZANK1,0.00330481435449599
ZNF571,0.003303627227546053
ZNF540,0.003303627227546053
LINC00359,0.0033026577852527223
RN7SKP7,0.0033026577852527223
SNORD112|ENSG00000252154.1,0.0033026577852527223
OXGR1,0.0033026577852527223
OR3A4P,0.003301730954516761
PAK7,0.003301567224333873
RIN2,0.003300752587756124
MIR4286,0.0033006300561530407
ARMC6,0.0032999996010643594
YME1L1,0.003299817758178851
AKAP9,0.00329901843012502
MEOX1,0.0032985494300244622
ANKRD26,0.0032981328144552654
LINC00489,0.003297712353123397
FAM107B,0.0032974844239978323
EAPP,0.0032974082634834355
RALGAPA1,0.003296533630020297
HNRNPH3,0.0032961704854991194
ATP13A1,0.0032957527101252636
NFE2L1,0.0032933509197777297
MIR152,0.0032933509197777297
COPZ2,0.0032933509197777297
SPAG1,0.0032926956497087035
TPO,0.0032923499140128094
PXDN,0.0032923499140128094
SNTG2,0.0032923499140128094
NAA20,0.003292053489448861
CBX1,0.003291675861100526
ZHX2,0.003291661718954095
FAM134C,0.003290834086799278
DUXA,0.0032907089027436635
U3|ENSG00000252683.1,0.0032907089027436635
ZIM3,0.0032907089027436635
USP29,0.0032907089027436635
TMOD2,0.003289684444177814
C1orf185,0.00328949475278589
AURKC,0.0032887846281951685
ZNF805,0.0032887846281951685
ZNF264,0.00328865517699827
SNORA31|ENSG00000252852.1,0.003288584632165104
GLDN,0.003288405873177759
RUFY2,0.0032879025797147876
ZNF101,0.0032877375887458986
C17orf105,0.003284884899521788
MPP3,0.003284884899521788
MFHAS1,0.0032846369087275147
ADCY8,0.0032840671726400866
USP6NL,0.003282177013172456
DUSP3,0.0032801326638108976
SNX11,0.0032798250717165824
ATIC,0.003279590608732137
PDCL,0.003279454289732772
OR1K1,0.003279454289732772
PTPRK,0.0032790749714071052
RNA5SP50,0.003278684461673907
SKAP1,0.0032776585287568453
TUBB8,0.003276465011061395
RNA5SP297,0.003276465011061395
RNA5SP298,0.003276465011061395
ZMYND11,0.003276465011061395
snoU13|ENSG00000238305.1,0.003275402290177141
SNORA25|ENSG00000201245.1,0.003275402290177141
LYRM9,0.0032743262332770133
MED30,0.0032740750308562242
CRNKL1,0.003273015138079055
MRPS6,0.003272864892792557
MRRF,0.003270531645569621
PRMT1,0.0032701558075195138
RRAS,0.0032701558075195138
SCAF1,0.0032701558075195138
ADM5,0.0032701558075195138
BCL2L12,0.0032701558075195138
CPT1C,0.0032701558075195138
IRF3,0.0032701558075195138
MIR5088,0.0032701558075195138
RN7SL576P,0.003269827992133617
UPF2,0.003269238715720171
DHTKD1,0.003269238715720171
MIR548AK,0.003269238715720171
U6|ENSG00000272507.1,0.003269238715720171
snoU13|ENSG00000238900.1,0.003269238715720171
MAP1S,0.003268845584305918
ANKIB1,0.0032687868884727087
ASAH2B,0.0032687064150444534
LINC00554,0.0032684072515987883
ZIC2,0.0032684072515987883
ZIC5,0.0032684072515987883
AKR1C2,0.0032678711162255443
RNA5SP434,0.0032675703511744524
LINC00310,0.003267398605011624
LINC00449,0.00326722632005886
RNY3P6,0.00326722632005886
SLC27A1,0.003266847839042647
OR5C1,0.003266728551336148
CDH23,0.003265564206264865
PRKCG,0.0032652836119647028
PTGS1,0.0032647594936708888
HOXB9,0.003264664286144154
HOXB8,0.003264664286144154
HOXB7,0.003264664286144154
OR1L3,0.003264011251758092
SUGP2,0.0032638719895319284
GPR21,0.0032635105485232085
RTKN2,0.003262024588134186
ZNF569,0.0032618990087591566
MBL2,0.0032616419340978993
ZNF547,0.0032614634282875344
POLR2K,0.0032608473783435144
FBXO43,0.0032608473783435144
LINC00237,0.0032604981675782977
SYDE1,0.003260339287340472
TMEM221,0.003259664513258164
UNC13A,0.003259605853053598
NPEPPS,0.003259568898072181
TTC39A,0.0032592664719247023
APBB1IP,0.0032589596353753587
MIR30D,0.0032583152434383015
ILVBL,0.003258202479607635
SGPP2,0.003258044197553349
snoU13|ENSG00000251926.1,0.003257727779873663
SNORD98,0.0032574548694444708
COLGALT1,0.0032574274793278858
ZNF32,0.003257093399874407
ATP6V0A1,0.0032570580922242297
ECHDC3,0.0032568605574762517
MIR600HG,0.003256208157524616
PROSER2,0.0032560157573587154
ZNF503,0.003254827896948715
NUDT5,0.003254665913692649
ZNF135,0.003253993744358375
RNF11,0.0032522665801146835
snoU13|ENSG00000238618.1,0.0032522665801146835
HMGB1,0.0032522665600050204
MIR30B,0.003251301062840065
USPL1,0.0032509176038774657
MBNL2,0.003248828104425988
PARVA,0.003248444279479337
C17orf51,0.003248259813323103
FAM27L,0.003248259813323103
MTND1P15,0.003248259813323103
MTRNR2L1,0.003248259813323103
UBBP4,0.003248259813323103
CWH43,0.0032478111989338097
FRYL,0.0032478111989338097
TEC,0.0032478111989338097
SLC10A4,0.0032478111989338097
ZAR1,0.0032478111989338097
SLAIN2,0.0032478111989338097
OCIAD2,0.0032478111989338097
OCIAD1,0.0032478111989338097
MAPK6,0.0032470116683664288
LEO1,0.0032470116683664288
U6|ENSG00000272337.1,0.0032470116683664288
TMOD3,0.0032470116683664288
RN7SL318P,0.003246913486247262
SNORA70|ENSG00000206661.1,0.003246913486247262
STRBP,0.0032465428973277102
OR1L6,0.003244793248945151
OR1L4,0.003244793248945151
CYP4F22,0.003244266424010013
NOS2,0.003242655734980471
RN7SL754P,0.0032421730235033834
TBKBP1,0.003241644767196937
TBX21,0.003241644767196937
EIF3M,0.0032404803368596144
LINC00264,0.003240157355413852
RALGAPA2,0.003239795602240794
IFNA1,0.003239000218443531
RNA5SP307,0.0032383666620841843
ZNF215,0.0032375423243215097
RBM18,0.0032366132208157534
LHX6,0.0032366132208157534
MORN5,0.0032366132208157534
NDUFA8,0.0032366132208157534
MIR4478,0.0032366132208157534
ATOH7,0.003235583239865407
PBLD,0.003235583239865407
TET1,0.0032343939381777667
SLX4IP,0.003234019505076989
SP2,0.0032335051856606945
RN7SL227P,0.0032330576652601973
PGLYRP2,0.0032319754310134734
SNX31,0.003231286943456137
TRAPPC2P1,0.0032311998376612
GOLGA6A,0.0032296976924013833
ISLR2,0.0032296976924013833
RN7SL429P,0.0032296976924013833
ISLR,0.0032296976924013833
STRA6,0.0032296976924013833
INSM1,0.0032295392656187393
CHST3,0.0032273114776559014
CYP11A1,0.0032266584714389732
ST6GALNAC5,0.003225980441896453
LINC00861,0.003225554663047397
U8|ENSG00000239148.1,0.0032248587137194674
MIR1273A,0.0032247806426921066
SNORA70|ENSG00000207244.1,0.003224082992290853
C8orf74,0.0032234814885314547
RP1L1,0.0032234814885314547
SPTSSA,0.0032218921101984143
LPAR2,0.003219967992202214
GMIP,0.003219967992202214
ZSCAN1,0.0032198221270580986
RN7SL526P,0.0032198221270580986
OSBPL9,0.00321893346515516
ANKRD46,0.0032178887833642818
NEIL2,0.003217872264958213
C8orf49,0.003217872264958213
LINC00614,0.0032166069181392303
MKKS,0.0032164260658176834
ATP2A3,0.003216352702747594
FARSB,0.003216286406833134
MOGAT1,0.003216286406833134
PGLS,0.003215869269827649
EGLN3,0.0032135855848805604
AKAP8L,0.0032125607318698123
AKAP8,0.0032125607318698123
OR3A2,0.003212279477723514
OR1A1,0.003212279477723514
OR1D4,0.003212279477723514
SMIM7,0.00320964195531478
RN7SL872P,0.0032095426791800183
OR1A2,0.003209422239941529
SNORD112|ENSG00000252565.1,0.0032091481869230033
FCHO1,0.0032082998486560555
OR3A1,0.003207933818399286
ADC,0.003207520689592732
SOX7,0.0032070809936232975
RNU4ATAC8P,0.0032070223202065582
UCN3,0.0032058092224231467
MIR4704,0.0032056445849149456
MIR548X2,0.0032049960558846735
PBX4,0.0032049091795202773
SECTM1,0.0032045367743343566
CD7,0.0032045367743343566
TEX19,0.0032045367743343566
LINC00910,0.0032022034316959856
LINC00854,0.0032022034316959856
ARL4D,0.0032022034316959856
TMEM106A,0.0032022034316959856
MTPAP,0.0032020659687807774
RN7SL241P,0.0032020659687807774
MAP3K8,0.0032020659687807774
TMEM38A,0.0032011487453954294
TDH,0.003200376891596079
SLC35G5,0.003200376891596079
MTMR9,0.0032002664890073244
PRR12,0.003199728778160112
PRRG2,0.003199728778160112
RN7SL293P,0.0031996459503188354
CACNG7,0.003199007640043979
TRIM62,0.003197904782600823
PINX1,0.0031970343580470153
ISM1,0.0031968147179797846
FRRS1,0.0031967516328535927
ZNF776,0.0031942082834771264
ZNF671,0.0031942082834771264
MIR150,0.003192059871858555
FLT3LG,0.003192059871858555
RPS11,0.003192059871858555
SNORD35B,0.003192059871858555
SNORD35A,0.003192059871858555
SNORD34,0.003192059871858555
SNORD33|ENSG00000199631.1,0.003192059871858555
SNORD32A,0.003192059871858555
RPL13A,0.003192059871858555
NBR1,0.0031919915814833232
RNA5SP37,0.0031915588405695265
MIR3664,0.0031914053051681044
RAP2A,0.0031906037676223166
SLCO3A1,0.0031905459659889975
CCDC33,0.0031898819150774278
IZUMO3,0.0031885681482170386
CCAR1,0.0031878293306609098
RCVRN,0.003185684137719637
ETV4,0.003182476762796112
CTNNA3,0.003182119424746508
snoU13|ENSG00000239130.1,0.003179680720651234
FAM188A,0.003179680720651234
SNORA31|ENSG00000252537.1,0.003179680720651234
POM121L12,0.0031794362245749956
SDC3,0.0031785272811397283
NXNL1,0.0031765596319340153
RABGAP1,0.0031757187060478215
SNORA31|ENSG00000253028.1,0.003175276517378715
DKK1,0.0031740712892884258
SLC24A3,0.003173244288886969
ZBTB6,0.003173187060478201
RC3H2,0.003173187060478201
SNORD90,0.003173187060478201
ZBTB26,0.0031728832630098466
ZNF551,0.0031717957330086514
TASP1,0.0031713069540541404
DEPDC7,0.003170953944613393
QSER1,0.003170953944613393
U3|ENSG00000200538.1,0.0031696523500972917
MACROD2,0.0031680162730134856
ABI1,0.0031680008741967448
snoU13|ENSG00000238414.1,0.0031680008741967448
PKHD1L1,0.003167928647075349
BNIP3L,0.0031675443803979397
PCDH15,0.0031673552508204397
ZNF749,0.003164735394756175
ZNF17,0.003164735394756175
TRPV1,0.0031645569620253116
SHPK,0.0031645569620253116
TAX1BP3,0.0031645569620253116
P2RX5,0.0031645569620253116
EMC6,0.0031645569620253116
CTNS,0.0031645569620253116
C20orf26,0.0031633327316816606
NOSIP,0.003162598943395128
FCGRT,0.003162598943395128
RCN3,0.003162598943395128
PDSS1,0.0031624454948905325
SNORA57|ENSG00000223027.1,0.0031624454948905325
RNA5SP42,0.0031620473373679702
MSS51,0.0031616335544574535
ANXA7,0.0031616335544574535
PIH1D1,0.0031615800485153465
ALDH16A1,0.0031615800485153465
ENY2,0.0031615346930541867
PYY,0.003161469670434118
ZNF154,0.0031612647032068877
AK2,0.0031581056119954374
CCDC73,0.003157342667440656
ZNF548,0.0031569683229422498
SRC,0.00315657926562759
OR1I1,0.00315545682802763
CPED1,0.0031544358728752765
RASSF3,0.0031535898355904528
B4GALNT2,0.003148388132159121
TMEM61,0.0031454847606251298
BSND,0.0031454281875397754
LINC00703,0.0031451207698269166
KRT17,0.003143561210902321
KRT42P,0.003143561210902321
snoU13|ENSG00000238407.1,0.003143381922833941
MIR1203,0.0031423398663965162
FAM215A,0.003140094579460375
PPY,0.003140094579460375
LINC00052,0.0031394699349385816
PRKACB,0.0031389027284012124
SNORA2|ENSG00000199959.1,0.0031389027284012124
GVINP1,0.003138839401989891
GHRH,0.003137967469669904
PSMC3IP,0.003137904046112118
C10orf10,0.003137654096572694
VASP,0.0031370133784238657
TMEM72,0.0031351546749512527
RN7SKP14,0.0031330367710485653
NAGS,0.0031313245444666393
U3|ENSG00000221044.1,0.0031313245444666393
TMEM101,0.0031313245444666393
JUP,0.0031305659459967172
snoU13|ENSG00000238506.1,0.003130512319861546
PPM1N,0.0031287311242103274
FOSB,0.0031287311242103274
RTN2,0.0031287311242103274
SLC7A1,0.0031270806089153556
KRT13,0.0031269635171198265
KRT36,0.0031269635171198265
KRT35,0.0031269635171198265
KRT15,0.0031269635171198265
KRT32,0.0031269635171198265
LINC00974,0.0031269635171198265
KRT19,0.0031269635171198265
KIF2B,0.0031260958093442203
GPSM1,0.003126044877839061
QSOX2,0.003126044877839061
CARD9,0.003126044877839061
DKFZP434A062,0.003126044877839061
DNLZ,0.003126044877839061
LHX3,0.003126044877839061
OR1G1,0.003125858001926977
PUM1,0.0031250215804484584
ZNF14,0.003124586730594448
LDLRAD2,0.0031242968804039597
HSPG2,0.0031242968804039597
CASP14,0.0031233689359543076
ZNF506,0.0031231312319709168
KRT9,0.0031222726243031367
KRT14,0.0031222726243031367
KRT16,0.0031222726243031367
PRRG4,0.003120638716329198
PPP3CB,0.003119319496314902
USP54,0.003119319496314902
MIR629,0.0031188160081830956
SNX7,0.0031180495347089762
YARS,0.0031176318791763997
SYNC,0.0031167852809619537
C8orf12,0.0031155267916626937
KHDRBS3,0.0031151926926221477
ZNF527,0.003114907054010262
ERLIN2,0.003114488963280676
FAM3C,0.003113430190608954
WNT16,0.003113234047620715
HBG2,0.003112679637112961
DPYD,0.0031109509565921084
NDUFB9,0.0031106067804662824
MIR4473,0.0031105824155737353
RN7SL459P,0.0031104614265267862
SPATA22,0.0031090667464035294
TRPV3,0.0031090667464035294
ASPA,0.0031090667464035294
ZNF587B,0.003107066635878272
LINC00609,0.0031058327347529753
PTCSC3,0.0031058327347529753
MANBAL,0.0031056917469033415
COL16A1,0.00310559268474293
FAM129C,0.0031054971513027724
TTLL11,0.003105490857946558
LINC00593,0.003105311341260707
TOM1L1,0.0031046410158679185
KPNB1,0.003103989046921706
LINC00663,0.0031038541076673807
KIAA1522,0.003103416272794769
NDEL1,0.0031028751529650644
ZNF587,0.0031022804402740145
COX6C,0.0031012261329326544
SLC17A7,0.00310066028739362
PTH2,0.00310066028739362
CCDC155,0.00310066028739362
FAM167A,0.00309915294565527
RN7SKP218,0.003097218975095468
STOM,0.0030972039381153378
MIR4422,0.003096648722052473
SEC16A,0.0030963209112432706
C9orf163,0.0030963209112432706
SEMA7A,0.0030960229541907554
UBL7,0.0030960229541907554
MIR5010,0.003095708069620253
MIR548AT,0.003095708069620253
AKR1C1,0.003095552998337808
BLK,0.0030950414009707763
LINC00208,0.0030950414009707763
TEAD1,0.003094925958773418
MRAP,0.0030938182361765864
ZNF552,0.0030931208934231783
ZNF586,0.0030931208934231783
C1orf168,0.003091700955504708
TLE3,0.003090308144738523
snoU13|ENSG00000238663.1,0.00309003737296229
DCAF15,0.003089491246427114
GPR124,0.003089441887226698
LINC00339,0.003088513522860901
CELA3B,0.003088513522860901
RN7SL768P,0.003088513522860901
RN7SL421P,0.003088513522860901
RN7SL386P,0.003088513522860901
CDC42,0.003088513522860901
RN7SL186P,0.003088513522860901
CELA3A,0.003088513522860901
WNT4,0.003088513522860901
GATA4,0.00308822703525534
SNORD77|ENSG00000212279.2,0.0030877748540579153
ZNF750,0.003086661574276152
BRD4,0.0030864861534127958
CCDC105,0.0030863016639129898
KRT24,0.0030861544071739164
KRT223P,0.0030861544071739164
S100PBP,0.003085931982398001
FNDC5,0.003085931982398001
HPCA,0.003085931982398001
TMEM54,0.003085931982398001
RNF19B,0.003085931982398001
FKSG48,0.003085931982398001
EBAG9,0.0030858807086302136
SNORD112|ENSG00000252559.1,0.0030858807086302136
DHX8,0.003085833003427637
PRKAA2,0.003085563335330107
MLX,0.0030848835895117555
COASY,0.0030848835895117555
MCTP2,0.0030845272773850044
MIR4418,0.0030832012174033334
MIR196A1,0.0030817117695440236
SH3BGR,0.0030796965378489375
VN1R1,0.003079409562594899
TCP11L1,0.003078615300930384
MIR4525,0.003077231558271501
ASB17,0.003076777959443365
INPP5E,0.003076429410339111
PMPCA,0.003076429410339111
SDCCAG3,0.003076429410339111
HMOX2,0.003074762903770754
CDIP1,0.003074762903770754
C16orf96,0.003074762903770754
SYBU,0.0030737808260628335
SAMD8,0.0030737776852251264
RAB40B,0.003072866652116983
CEBPD,0.0030713020258299807
KRT37,0.0030701506721402985
KRT38,0.0030701506721402985
ERI1,0.0030698962596364308
MIR4660,0.0030698962596364308
U3|ENSG00000252543.1,0.0030698962596364308
PPP1R3B,0.0030698962596364308
RBBP4,0.0030688642002136887
URB1,0.0030688007516990654
NOTCH1,0.0030687766753000386
CC2D1A,0.003067923131890568
PCSK9,0.003067536414633747
KRT33B,0.00306618910541525
KRT33A,0.00306618910541525
IGF2BP1,0.0030647655920881087
SPOCD1,0.0030647440204856274
PALMD,0.0030646169296572436
ERCC1,0.003063976108279907
CD3EAP,0.003063976108279907
RN7SL328P,0.0030636817553950316
SP6,0.0030631828285111514
OSBPL7,0.0030631828285111514
SCRN2,0.0030631828285111514
LRRC46,0.0030631828285111514
MRPL10,0.0030631828285111514
MIR4684,0.0030631362308577497
RFX1,0.0030619832074316048
EGFL7,0.003061459517906082
MIR126,0.003061459517906082
PIGK,0.0030613188402120735
KLC3,0.003061298857863055
CKM,0.003061298857863055
PPP1R13L,0.003061298857863055
ERCC2,0.003061298857863055
FN3KRP,0.003060363014695188
FN3K,0.003060363014695188
ALG14,0.0030598489250435795
PTP4A2,0.003058423987069358
COG6,0.0030583938253827135
AKAP10,0.003057868324470077
RN7SKP277,0.0030574138547000795
LSM12,0.00305734585973926
MIR4673,0.0030573131361033073
HAS2,0.0030553495574592634
BARD1,0.003055005051146307
RN7SL350P,0.0030528017304035887
SNORD116|ENSG00000252985.1,0.003052619315302302
NRON,0.0030514950456406896
AGPAT2,0.003050982457448597
PLEKHA5,0.003050332852708363
SNORA81|ENSG00000238390.1,0.00304947155955859
FGF4,0.0030493528325086614
PROSC,0.0030486923318338707
MIR4254,0.0030485171530792014
MIR4674,0.0030477647466530464
SLC4A1,0.003047033840570801
MYH10,0.0030468437061024717
UBTF,0.0030448670869459753
RAPGEF1,0.0030442415253277787
PODNL1,0.003043707252960393
LINC00958,0.003043567416485262
MIS18A,0.0030432692307692318
MIR2117,0.0030423429733470045
ABI3,0.003041720997412184
GNGT2,0.003041720997412184
GPATCH8,0.0030410420356849644
ACTN3,0.00304064883708387
CAMKK1,0.0030395016891393923
SLC10A2,0.0030393178516855634
MIR4305,0.003039312998382867
SLC1A6,0.0030391805328705552
MSH4,0.0030378230215508013
NEK6,0.0030374683544303806
PTGFRN,0.003036846300445121
MIR181A2,0.0030362419127988754
MIR181A2HG,0.0030362419127988754
RN7SL302P,0.0030362419127988754
NR5A1,0.0030362419127988754
NR6A1,0.0030362419127988754
PSMB7,0.0030355555555555565
GPR144,0.0030355555555555565
C10orf128,0.003034777076379024
VSTM4,0.003034777076379024
FAM170B,0.003034777076379024
HMGN1,0.0030346363386520516
snoU13|ENSG00000238556.1,0.0030346363386520516
RNA5SP55,0.0030344091241582246
KRT39,0.003034245175121141
KRT40,0.003034245175121141
U3|ENSG00000221496.1,0.003033318821844335
RN7SL507P,0.003033318821844335
RUNDC3A,0.003033318821844335
TTC3,0.003032391646447355
RN7SL678P,0.003032391646447355
DSCR9,0.003032391646447355
MIR4253,0.0030317811144551622
EPHB2,0.0030317811144551622
RN7SL720P,0.0030308202594129573
RN7SL826P,0.003030709349804548
CCDC87,0.003030434819636579
SNORD103A,0.0030298673406672343
LPPR4,0.003029799578059071
WASF3,0.003029104285806081
CTSF,0.003028529982030373
RPN2,0.003026704065654744
UBA52,0.0030263255017746672
KXD1,0.0030263255017746672
KDM1A,0.003026292931751791
MIR4419A,0.003026292931751791
XKR6,0.0030256400494908134
MVB12B,0.0030255960668037554
C1QC,0.003025327522999236
C1QB,0.003025327522999236
EPHA8,0.003025327522999236
C1QA,0.003025327522999236
USP24,0.003025158025769108
TUBAL3,0.003025121239519974
A1CF,0.003024750470965398
SLC25A39,0.0030241566443234055
OR7C2,0.003023504491629232
NAGLU,0.0030224994349005436
AP2S1,0.0030223636683288577
CDK8,0.003021014727329153
CCS,0.003020481972174044
RBM14,0.003020481972174044
RBM4,0.003020481972174044
BNC2,0.0030201667282828866
GRN,0.0030199062181176504
FAM171A2,0.0030199062181176504
ITGA2B,0.0030199062181176504
CNN3,0.0030188843695525846
GCLM,0.003018472480674322
CSTF2T,0.003018198268169348
ZNF814,0.003017710323208147
AGO1,0.003017452104002739
SNORD45C,0.0030173523515007153
SNORD45B,0.0030173523515007153
SNORD45A,0.0030173523515007153
MLLT3,0.003016865260704658
MIR3115,0.00301610217314331
ANK3,0.0030157851281164385
HSD17B1,0.0030155769665461134
NMT2,0.003015262499587349
MGRN1,0.003014779718548902
RN7SL850P,0.003014779718548902
MIR875,0.0030143171490622333
MIR599,0.0030143171490622333
USP48,0.0030140762335146595
KRT34,0.0030137549795843984
KRT31,0.0030137549795843984
C19orf57,0.0030134812678644348
LPPR5,0.003013232616611756
IPO5,0.0030122290806893436
SCARNA16|ENSG00000252329.1,0.003012037410303961
RN7SL448P,0.0030118870232932354
U3|ENSG00000252440.1,0.003011354102068358
ELL,0.0030110201511334995
C17orf85,0.003010364771568217
ZBTB40,0.0030100989140208864
FAM187A,0.0030099165533995034
CCDC103,0.0030099165533995034
GFAP,0.0030099165533995034
MIR4474,0.0030096793172782583
snoU13|ENSG00000238541.1,0.003008250553442698
IGFBP7,0.003008250553442698
PRAC,0.0030080894300788395
HOXB13,0.0030080894300788395
MIR3185,0.0030080894300788395
LACTBL1,0.0030080303399132487
C1orf234,0.0030080303399132487
PDGFRL,0.003007771117792373
MTFR1L,0.0030070621625210184
STMN1,0.0030070621625210184
SEPN1,0.0030070621625210184
AUNIP,0.0030070621625210184
PAQR7,0.0030070621625210184
MIR3917,0.0030070621625210184
SOD1,0.0030068616114897807
PAFAH2,0.0030064867885279227
ATXN7L3,0.0030061446740066015
C17orf53,0.0030061446740066015
TMUB2,0.0030061446740066015
ASB16,0.0030061446740066015
MAN1C1,0.0030052419890236313
MIR598,0.003004732083372986
RNA5SP401,0.0030024613933024467
RN7SKP185,0.00300244619875081
MFAP4,0.003002446034366783
MAPK7,0.003002446034366783
RNF112,0.003002446034366783
TMEM56,0.0030021513838730768
VWC2L,0.003002070141928929
VSTM2L,0.003001625758056951
IL12RB1,0.003001574307304787
MAST3,0.003001574307304787
snoU13|ENSG00000238408.1,0.003000957832782393
CCDC26,0.003000308803332909
UBALD1,0.002999599273978739
NMRAL1,0.002999261406941204
HDAC5,0.0029986075617042924
RSPO2,0.002998479500880906
RN7SL677P,0.0029983129200072817
snoU13|ENSG00000238389.1,0.0029969954177362277
RN7SL440P,0.0029969954177362277
NDRG1,0.002996960065927671
BAI2,0.0029968990065924483
PELI3,0.002996749569211465
B3GALT5,0.002996073993349542
C21orf88,0.002996073993349542
ACLY,0.0029954693379155638
RN7SL399P,0.002995090861875584
SLC35A3,0.0029950400265880608
AGL,0.002995018351540376
KLHL10,0.0029950024587129605
FKBP10,0.0029950024587129605
RN7SL871P,0.0029950024587129605
LEPREL4,0.0029950024587129605
NT5C3B,0.0029950024587129605
AKR1C7P,0.002994890130966078
MROH8,0.0029948272277080675
FKBP8,0.002994526808430445
SCAF4,0.0029943098831548246
RN7SL492P,0.00299235397627292
LUZP1,0.0029919060370009716
ARHGAP29,0.0029917916430688635
LRP5,0.002991777292875748
POMP,0.0029903653298714804
snoU13|ENSG00000239125.1,0.0029898661653212544
SMC3,0.0029894282319206035
MICALCL,0.0029893574135289847
SNORA59B,0.0029893189832650457
C19orf60,0.002989120363099541
WDR38,0.0029890407876230663
ARPC5L,0.0029890407876230663
RPL35,0.0029890407876230663
SLC46A3,0.002988830190190452
CPD,0.002988592001871168
MIR4669,0.002987829021603104
DNAJA3,0.002986972475622503
LINC00159,0.0029864187763713073
HOMER3,0.002985686189247089
RN7SL70P,0.002985686189247089
RN7SKP226,0.0029852872794687495
LRRC39,0.002985058667129071
TRMT13,0.002985058667129071
ZDHHC24,0.0029840544369089984
OR7A17,0.0029839666700694116
STXBP4,0.002983821139842324
MIR137HG,0.0029836750765851678
WRB,0.0029817563089060265
MIR4268,0.0029815128261042644
RN7SKP21,0.0029814696289174464
GSG2,0.0029810558490315233
RN7SL258P,0.0029810043501234595
EPHA4,0.002980817090857482
RNPC3,0.0029807273075300677
AMY1C,0.0029807273075300677
AMY2A,0.0029807273075300677
AMY1B,0.0029807273075300677
AMY2B,0.0029807273075300677
AMY1A,0.0029807273075300677
HIAT1,0.0029790799664759296
SASS6,0.0029790799664759296
ITGAE,0.0029788630851523253
SCARNA17|ENSG00000252190.1,0.0029788107462158046
SCARNA18|ENSG00000252691.1,0.0029788107462158046
SNORD103B,0.0029785438549241434
SNORD85,0.0029785438549241434
SNAPC4,0.0029779506347756427
IFNAR1,0.0029778773701981385
PCCA,0.002977830877953801
RN7SKP19,0.002977683492516779
PLCZ1,0.0029766564965360474
CORO7,0.002976160730421394
RN7SL819P,0.0029751620911166363
DBF4B,0.0029751620911166363
HTR1D,0.0029749380366468937
EDC3,0.002974929967625076
ATP5G1,0.0029744327870167894
SNORA68|ENSG00000212565.1,0.0029744327870167894
RN7SL125P,0.0029744327870167894
CALCOCO2,0.0029744327870167894
TTLL6,0.0029744327870167894
HKR1,0.0029741975342540933
COX11,0.002973986439045917
TTI1,0.002973050224581458
MIR597,0.002972826208573582
COMP,0.0029713835235258847
MIR181B2,0.002970092827004219
OLFML2A,0.002970092827004219
HIGD1B,0.002969672095735943
EFTUD2,0.002969672095735943
RN7SL405P,0.002969672095735943
ELP3,0.002969535992646358
C9orf92,0.0029688438887992105
CCDC171,0.0029686459532029135
ZNF606,0.0029685223670676128
TG,0.002968198856019566
DYRK1A,0.0029681318612422474
SNF8,0.0029680284459066373
UBE2Z,0.0029680284459066373
NUTM2E,0.002967838843041168
SFTPA2,0.002967838843041168
MBL1P,0.002967838843041168
LINC00857,0.002967838843041168
ANXA11,0.002967838843041168
EIF5AL1,0.002967838843041168
SFTPA1,0.002967838843041168
TMEM254,0.002967838843041168
NUTM2B,0.002967838843041168
PLAC9,0.002967838843041168
SFTPD,0.002967838843041168
G6PC3,0.002965793872606851
ZNF772,0.002965510002728968
ZNF773,0.002965510002728968
ZNF419,0.002965510002728968
EXOC3L2,0.0029640332542683356
GIP,0.0029634245421171954
snoU13|ENSG00000238804.1,0.0029634245421171954
BBS1,0.0029625646892503022
KLHL11,0.002961887186514097
SIRT1,0.0029597755283922557
KIF18B,0.0029595561478310806
C10orf71,0.002959447400601518
AGO3,0.0029590189873417733
PDCD4,0.0029578161349169602
MIR4680,0.0029578161349169602
TFAP4,0.0029578137645459614
RN7SL686P,0.002957760347222609
RHOT1,0.0029572812569398227
RB1,0.002957197055251673
KRT23,0.0029568647818375717
OR7A5,0.0029564203501429177
UPF1,0.0029561137977535375
MIR605,0.0029555061638629064
NUDCD1,0.002955298671409147
CLK3,0.0029549271918221463
SLC30A2,0.0029541581835885594
EXTL1,0.0029541581835885594
GOLGA1,0.0029541547116737
PAN3,0.0029541326961391202
HUNK,0.0029536067835118493
GAST,0.002952533026869036
RNA5SP442,0.002952533026869036
HAP1,0.002952533026869036
KRT20,0.0029523230693578083
NUDT16L1,0.002952085739653805
ANKS3,0.002952085739653805
FBXO46,0.0029520756518948183
CRLF1,0.002951899519427085
SHOC2,0.0029497324980055895
BBIP1,0.0029497324980055895
MIR548E,0.0029497324980055895
ADAM11,0.002949094582783607
GJC1,0.002949094582783607
ADRA2A,0.0029465665463512055
LCA5L,0.002946459845557767
LINC00477,0.0029460564751704037
MIR1180,0.0029459494350340073
ARRDC2,0.0029452898319676083
C21orf54,0.0029451804605290896
IDO2,0.002943940265718166
C21orf49,0.0029437169077106717
SLC18A3,0.00294337673926695
PGBD3,0.0029431412565687314
GPR12,0.002942758465591468
IFNAR2,0.002942426839376783
SNORA40|ENSG00000252138.1,0.0029420607012543513
RNY4P5,0.002941241955019355
DERL1,0.002941241955019355
OR7C1,0.0029405369538587195
snoU13|ENSG00000238579.1,0.002940029516943863
LINC00358,0.0029383366531731247
BLMH,0.0029381707106539623
RN7SL116P,0.002937228774722115
DPP3,0.0029371971350788217
SNORA70|ENSG00000207274.1,0.0029370456038466004
ZSCAN4,0.002936773891470247
TRIM63,0.002936354784456047
SIX5,0.002936239167703905
DMPK,0.002936239167703905
C10orf53,0.002936064381795951
CHAT,0.002936064381795951
CD2,0.0029346473029045594
MIR601,0.0029343516174402257
C21orf62,0.002933387101183801
MIR320B1,0.0029333374914648843
TIAM1,0.002932969261368335
ZNF418,0.0029327553512325834
ZNF256,0.0029327553512325834
C19orf18,0.0029327553512325834
ZNF417,0.0029327553512325834
RN7SL364P,0.0029318318811989708
AGO4,0.0029316113581936377
RN7SL607P,0.00293121159565869
EIF1,0.0029311891882932107
LINC00332,0.0029305661858502613
RNY3P9,0.0029305661858502613
LINC00415,0.002930091073830203
ACADM,0.002928467326088082
FZD2,0.002928367523952261
LHFP,0.002928039990324917
PAM16,0.0029266121364982826
GLIS2,0.0029266121364982826
CRB2,0.002926205344585092
ZBTB8OS,0.002925300157548759
CAPZA3,0.0029235593863932677
ITPR2,0.0029232413709477565
OR7A10,0.0029228256431196396
U3|ENSG00000221040.1,0.00292176372146866
ABCA4,0.002921141667708647
ASF1B,0.00292090202633728
SAMD1,0.00292090202633728
PRKACA,0.00292090202633728
C19orf67,0.00292090202633728
PHOSPHO1,0.002919807819615237
ZSCAN5A,0.002918422909317285
IDO1,0.0029183910450883937
CYP1A1,0.002917895714783419
CYP1A2,0.002917895714783419
SPINK2,0.0029174263495487336
RN7SL357P,0.0029174263495487336
OR2K2,0.0029171692802573354
ZSCAN5C,0.002917061631043786
ZSCAN5D,0.002917061631043786
GALP,0.002916051739641697
ZSCAN5B,0.002916051739641697
PNOC,0.002915877362645783
RN7SKP32,0.002915664236013043
UNC13C,0.002915395457026138
ZNF593,0.002914379923873594
PDIK1L,0.002914379923873594
FAM110D,0.002914379923873594
WT1,0.0029134388320287393
REST,0.0029128852812624175
MIR760,0.0029120801123868217
DNTTIP2,0.0029120801123868217
VASN,0.0029114395493010864
HERC4,0.002909200582553822
TFPI2,0.002908960913777577
PHF20L1,0.002908528092076759
PRTG,0.0029082562807783755
KIAA0368,0.002907595445684647
PCTP,0.002907560833717824
DRGX,0.002907550318934466
ERCC6,0.002907550318934466
ERG,0.002907049054000895
RABGGTB,0.0029065984064393464
NTRK3,0.0029062609856794447
ZNF395,0.002906168252934758
BLOC1S3,0.002906057474773569
METTL16,0.002905877271670154
GLYR1,0.0029055740203820265
KRT25,0.002905320212830615
MIR4652,0.0029044394978391523
PALM3,0.0029040105655369535
NOA1,0.0029038968042231937
POLR2B,0.0029029857523982534
PRKDC,0.0029015585282563547
FAM83D,0.0029005329118116877
PPP1R16B,0.0029005329118116877
B9D1,0.0028998722626497352
IL10RB,0.0028995021939991674
LINC00595,0.0028993279805896535
NUGGC,0.002898902698251597
FRMD5,0.002898852275093471
WISP1,0.002898498634725944
MIR4513,0.002898142194753734
CSK,0.002898142194753734
ACTN2,0.002897178796996454
SERINC4,0.0028963038471937776
MFAP1,0.0028963038471937776
WDR76,0.0028963038471937776
MIR1282,0.0028963038471937776
HYPK,0.0028963038471937776
ELL3,0.0028963038471937776
PDIA3,0.0028963038471937776
SERF2,0.0028963038471937776
ZEB1,0.002896246046047157
MAP4K5,0.0028958106827729046
RN7SL836P,0.00289577902507378
MIR330,0.00289577902507378
EML2,0.00289577902507378
NOTCH2,0.0028951893330451386
JAG1,0.002894439364444175
SLC47A1,0.0028943958634841016
MIR4287,0.0028942721997740335
SCARA5,0.002892326547808274
GEMIN2,0.0028919682521979955
EMR2,0.0028915884034299735
RN7SL67P,0.002891373445603077
NGFR,0.002891251579770906
C1orf137,0.002890911418666942
DSCR3,0.0028896151121309555
ABCA12,0.002889575869321601
OPA3,0.0028891211260108165
IL27RA,0.0028886343915884025
RLN3,0.0028886343915884025
ATP1A1OS,0.002888513853587339
ATP1A1,0.002888513853587339
PPP6C,0.0028884875647639885
OGDHL,0.0028883564133919447
SEC23A,0.0028881179416505335
TMIGD1,0.0028869029387359594
HEXIM1,0.0028868474211525418
ACBD4,0.0028868474211525418
PLCD3,0.0028868474211525418
snoU13|ENSG00000238925.1,0.0028857268547425757
RN7SL605P,0.0028854114754643025
MIR1253,0.0028854114754643025
IQUB,0.002885021680805309
PARD3,0.002884848484848481
COPE,0.0028848129784520846
DDX49,0.0028848129784520846
TMEM100,0.002883693755140521
GAS7,0.002883490071092007
TEKT2,0.002882954156688335
ADPRHL2,0.002882954156688335
COL8A2,0.002882954156688335
TRAPPC3,0.002882954156688335
MAP7D1,0.002882954156688335
GAPVD1,0.002880603013968651
HSPA5,0.002880603013968651
RABEPK,0.002880603013968651
GTF2F1,0.0028805487815784896
LRRC8C,0.0028802212431688966
FOXK2,0.002878276875834214
CFTR,0.0028776954252720376
ARID3B,0.0028776069179806906
DLG5,0.002876875189554165
CTNNBL1,0.002874998109583653
C17orf104,0.0028745974723423154
CCDC43,0.0028745974723423154
C1QL1,0.002874212878841711
RNA5SP354,0.0028737551336732044
NEXN,0.0028734116431382694
RN7SKP195,0.0028732633119509673
SNRPD2,0.002873034138856924
QPCTL,0.002873034138856924
GIPR,0.002873034138856924
MIR642A,0.002873034138856924
RN7SL131P,0.002872027882312692
TMEM161A,0.00287175814925778
RFXANK,0.00287175814925778
NR2C2AP,0.00287175814925778
SLC25A42,0.00287175814925778
MEF2B,0.00287175814925778
MEF2BNB,0.00287175814925778
DNAJB4,0.0028710836233227484
CLPP,0.002868957827769395
PSPN,0.002868957827769395
ALKBH7,0.002868957827769395
DHX35,0.0028679250820751257
DLX4,0.0028676151978976553
KRT12,0.0028673731552746316
KCNMA1,0.002865787006193404
ZNF444,0.002865355191256831
KRT10,0.002865113349430077
TMEM99,0.002865113349430077
ZNF787,0.002865020405339975
RNA5SP23,0.002863776587587149
A3GALT2,0.0028623893084152724
ZNF362,0.0028623893084152724
GPR4,0.002862164658728853
FUBP1,0.002861923503578648
MIR320E,0.0028619182329625344
FKRP,0.0028619182329625344
SLC1A5,0.0028619182329625344
STRN4,0.0028619182329625344
NLRP5,0.0028608009960572733
NLRP8,0.0028608009960572733
KRT26,0.002860264988479964
KRT27,0.002860264988479964
KRT28,0.002860264988479964
PBX3,0.0028602164383408285
SLC25A41,0.0028583745237513165
MIR3940,0.0028583745237513165
KHSRP,0.0028583745237513165
ZBTB8A,0.0028581427355535024
FAM171A1,0.002857249228805444
U8|ENSG00000238840.1,0.0028569390103567313
FRMD4A,0.0028545584254042566
PIK3R2,0.0028540557344641786
DACT3,0.002852422441934198
ZSCAN20,0.0028519856576302433
ETS2,0.002851372251052158
NXPH3,0.0028511905955987057
TMEM59L,0.0028504373841756465
LHX2,0.0028500503421652005
SCAI,0.0028500063318669102
SLC44A3,0.002849818695341976
MAT1A,0.0028491392535627776
LINC00114,0.002848764084905509
PTGFR,0.002848605589439284
MIR378G,0.002848237336255782
TAC4,0.0028473740696904667
RNA5SP239,0.0028462719298245585
ARHGAP12,0.002845947860820862
RERGL,0.0028459306073370873
DEFB134,0.0028441589631041818
DEFB135,0.0028441589631041818
ZNF705D,0.0028441589631041818
FAM66A,0.0028441589631041818
DEFB130|ENSG00000233050.1,0.0028441589631041818
FAM86B2,0.0028441589631041818
USP17L2,0.0028441589631041818
DEFB136,0.0028441589631041818
FDFT1,0.0028441589631041818
RNA5SP254,0.0028441589631041818
RNA5SP253,0.0028441589631041818
CTSB,0.0028441589631041818
FAM66D,0.0028441589631041818
FAM86B1,0.0028441589631041818
DEFB130|ENSG00000232948.1,0.0028441589631041818
ST7,0.002843337774816786
ACTR5,0.002842411562215671
RN7SKP16,0.0028418536426359532
MIR3605,0.0028418536426359532
LPHN1,0.002841312780726826
MDGA2,0.0028412141763526203
PBK,0.002840609739749904
RNF6,0.002839090663347202
snoU13|ENSG00000238403.1,0.0028389892610072515
SSBP4,0.0028389543411025744
ISYNA1,0.0028389543411025744
TRPS1,0.0028388831014835502
PRKD2,0.002837885441863742
GDF1,0.002837777497117572
CERS1,0.002837777497117572
PRSS51,0.0028375577154024618
RN7SL155P,0.002836840782737069
KLHL26,0.002836840782737069
POLR2M,0.002836174043914107
SMIM22,0.002835839835309463
SEPT12,0.002835839835309463
ZNF500,0.002835839835309463
C16orf71,0.002835839835309463
ROGDI,0.002835839835309463
MIR4438,0.0028357632199263612
UBN1,0.0028357219747149748
CNTLN,0.0028350083109576775
ZNF652,0.002833958554835602
PHB,0.002832102950911752
GLP2R,0.0028304233958969843
CLU,0.0028293035102165925
SCARA3,0.0028293035102165925
snoU13|ENSG00000239065.1,0.002829210893385946
U8|ENSG00000239142.1,0.002829072080900361
GNGT1,0.0028286001521875544
LINC00599,0.0028285171896794796
MIR205HG,0.0028263913126136742
DMWD,0.0028254424899994525
XRN2,0.002825143023064183
RN7SL590P,0.002825141897789121
METRNL,0.0028243240859171675
MIR4668,0.002823381800888404
MSRA,0.002821442157791488
CTAGE5,0.0028214093198758315
PRICKLE1,0.00281994684445245
LINC00323,0.002819647046215035
MIR3197,0.002819647046215035
WIZ,0.0028194484391415057
NMT1,0.0028193301053329694
DCAKD,0.0028189951241629715
MIR920,0.0028179174865172736
RNA5SP321,0.0028178141012338946
B3GNTL1,0.0028162880959731813
SSTR2,0.002816028621037302
GIPC2,0.0028140697441221218
SNORD97,0.002813779804835062
EIF4G2,0.002813779804835062
CTR9,0.002813779804835062
RN7SKP285,0.002812746137131392
RN7SKP191,0.0028119023386977077
MIA2,0.0028117729219608407
PPHLN1,0.0028104531735663727
CTDSP2,0.0028097335414137897
RDH13,0.0028096617555509393
EPS8L1,0.0028096617555509393
snoU13|ENSG00000238354.1,0.002808846286585841
PFKP,0.002808777884524018
HIPK3,0.002808381401357613
LINC00395,0.0028075310062651844
TRIM32,0.0028072610485919184
CTTNBP2,0.0028072035309793485
UGCG,0.0028069898511570504
TNNT1,0.002805954209033682
NEUROD2,0.0028056475602966876
PCM1,0.0028050594611156877
LINC00448,0.0028043864721883104
SNORA31|ENSG00000252349.1,0.002803899386453045
SLC25A23,0.0028034009671053
DENND1C,0.0028034009671053
CRB3,0.0028034009671053
ZNHIT6,0.0028028513541143896
LRRC37A5P,0.002802117799431342
WDR45B,0.0028009927679732032
PPL,0.00280083916743276
HIF3A,0.002800360880831045
RN7SL30P,0.0027997423205466335
RN7SKP288,0.00279968645241796
RBM20,0.00279968645241796
RNA5SP327,0.00279968645241796
CSTF3,0.0027991738721484982
GCOM1,0.0027990486172700156
LINC00459,0.0027986838441602948
RN7SL274P,0.0027986069839647638
ENPP2,0.002797290236777735
SNORA71|ENSG00000201393.1,0.0027964116398231367
AKAP6,0.0027960567702339833
SMARCE1,0.00279557873682931
KRT222,0.00279557873682931
MAPKAP1,0.0027937463178817437
U3|ENSG00000221461.1,0.0027936981974493566
TBCD,0.0027914523883032665
VPS13B,0.002789822387911605
AASS,0.002789514055746643
RN7SL608P,0.002788730522608723
CLUH,0.002788730522608723
RN7SL33P,0.002788730522608723
snoU13|ENSG00000239024.1,0.002788730522608723
PAFAH1B1,0.002788730522608723
RN7SKP173,0.0027870784608869555
SLA,0.0027857261251515776
GPR33,0.002785522833162379
BACE2,0.00278498576991319
CDK12,0.0027848776071394436
SOWAHB,0.0027848573587757413
INIP,0.002784820245069768
MIR1470,0.0027842379177654194
RASAL3,0.0027842379177654194
RPRD1B,0.0027832524235137527
SMU1,0.002783004873264472
SLC5A9,0.00278292175881565
SNX30,0.002782917969421931
FBXO33,0.002782178638477078
BRWD1,0.0027818053957294436
SNORA72|ENSG00000207067.1,0.002781560205848638
C8orf47,0.002781560205848638
RPL30,0.002781560205848638
PPP1R1B,0.002780896254266738
HSPBP1,0.002780726291761774
BRSK1,0.002780726291761774
SUSD1,0.002780302515130619
DTD2,0.002779530508034022
OSGIN2,0.002779404114689055
DPYSL2,0.002779019130967661
PNMA2,0.0027789731706850053
ESCO2,0.0027788314598134823
snoU13|ENSG00000238624.1,0.0027788314598134823
CCDC25,0.0027788314598134823
MIR3622B,0.0027788314598134823
HPYR1,0.0027787877994806436
GRHL2,0.0027784197861343224
MIR4503,0.0027776467267203496
MCM4,0.0027776465453051608
PCDH20,0.0027774877380110953
C9orf147,0.0027771909055034462
HSDL2,0.0027771909055034462
C9orf84,0.0027758451466674758
DNAJC25,0.0027758451466674758
GNG10,0.0027758451466674758
CAPZA2,0.0027758244503664183
FBXO16,0.0027754150788027385
HECTD1,0.0027740272952645555
ABCD3,0.002773931847100962
F3,0.002773931847100962
NEFM,0.002773764338650688
NEFL,0.002773764338650688
CYP4F12,0.002773565590419402
OR10H2,0.002773565590419402
CALML5,0.002771826538440466
SLC47A2,0.00277180103827445
TBC1D31,0.0027716175457762385
NKPD1,0.0027715765247410826
DOCK5,0.0027703824278519367
ZMIZ1,0.0027692200297840665
OR10H5,0.002769019027965102
NBN,0.002768775691306522
OR10H3,0.002768570546464964
ACSBG2,0.002767358109195845
RNA5SP51,0.0027667986393799136
POP1,0.0027666398380527296
HRSP12,0.0027666398380527296
SNAI2,0.002765285038261482
NIPAL2,0.0027651032901636527
NOV,0.0027633350749281605
ZFP37,0.0027630857339444896
FAM225A,0.0027630857339444896
FAM225B,0.0027630857339444896
ZNF883,0.0027630857339444896
PPP5C,0.0027611728235598042
RCAN1,0.002761052545891164
MIR548H4,0.0027601256247725987
ADRA1A,0.0027599456136655305
MTR,0.002759040512371229
CYP4F23P,0.002758567459092319
CYP4F8,0.002758567459092319
CYP4F3,0.002758567459092319
SNORA67|ENSG00000207027.1,0.0027581952929010525
STC1,0.0027581952929010525
SEPT11,0.002757468590591346
RN7SL651P,0.002757138206399974
CUL2,0.0027567266012462994
ZNF585B,0.002756124550372057
UCA1,0.002756094311109673
ZNF420,0.00275588291825695
MIR3611,0.002755605268589855
TRAPPC6A,0.0027529062257814515
TNKS,0.002752728194953119
AP1M1,0.0027525747062933726
NALCN,0.00275177827315192
HEATR5A,0.0027516399238661695
LINC00589,0.0027512734944380537
C9orf43,0.0027505894018962068
POLE3,0.0027505894018962068
RN7SL38P,0.0027505135763989186
ALAD,0.0027502453733215977
OR10H1,0.002749851318633112
FKBP15,0.002748788311123253
SLC31A2,0.002748788311123253
CRTC1,0.00274730266670855
SLC44A5,0.002747035192980641
RN7SL844P,0.0027470206853967317
EPS15L1,0.0027470206853967317
MED27,0.002746732864206143
TMEM71,0.002746088104522707
MIR455,0.002745471387926076
UBL3,0.002744359195987281
ALDH3A2,0.0027434891321334175
NUBPL,0.002743190857232295
DHCR24,0.002743150194653161
DACH1,0.0027427238385578905
SNORA40|ENSG00000237002.2,0.00274266252350057
ORM1,0.002742142686272414
ORM2,0.002742142686272414
AKNA,0.0027412723376748975
TRAPPC6B,0.0027408820663156236
KIF12,0.002740870246802359
AMBP,0.002740386719803739
RFPL4A,0.002740112056443244
RFPL4AL1,0.002740112056443244
RN7SKP109,0.002740112056443244
RNA5SP292,0.002739848520585996
ZNF462,0.002739848520585996
PTPRZ1,0.00273949058863912
IGSF3,0.002738499383446161
COL27A1,0.0027382948293149696
COL22A1,0.00273828130775076
CREM,0.0027374491634635247
PTGR1,0.00273726335387386
ZNF483,0.00273726335387386
MIR491,0.002736699150025138
snoU13|ENSG00000238372.1,0.0027366732901579825
RN7SL660P,0.0027360056258790458
MNT,0.0027359978736835127
RGS3,0.0027353256635198222
PPP6R3,0.0027342600420417655
CCNI,0.00273406208671831
SNORA62|ENSG00000201157.1,0.002732488174802278
CYR61,0.0027320953921076622
SNORD81|ENSG00000199934.1,0.0027320953921076622
ACER1,0.002732078441660651
U2AF2,0.0027319886560143885
UBE2V2,0.0027318471255809197
UTS2R,0.0027313393711915165
SLC46A2,0.0027309898916309987
TIMP2,0.002730640147385758
DDC8,0.002730640147385758
NET1,0.002730242068058528
SNORA38B,0.0027299546322258764
MIR4264,0.002729881543601655
USP36,0.0027297070850848077
CCNY,0.0027291312182358826
PNN,0.0027288797189538813
OR10H4,0.0027284054532750583
RNF183,0.002727913871434499
PRPF4,0.002727913871434499
WDR31,0.002727913871434499
LINC00905,0.002727836726735028
LINC00661,0.002727836726735028
LRP12,0.002727780639780201
ARL6IP1,0.002726618667637048
GSDMA,0.0027254805540668243
KLF2,0.002725399327277756
CYP4F2,0.0027251848361255168
PIK3C2G,0.002724447402971564
REEP3,0.0027241247652013004
FGL1,0.002723832321568779
PSMD3,0.0027237981313781535
SH3GLB1,0.0027228134952448873
LRRC6,0.0027225949221692013
LSM10,0.0027221262401642145
LPHN3,0.0027218724457109982
ZCCHC24,0.0027217020739291006
SNORA62|ENSG00000272015.1,0.002721594430164196
CACNA1G,0.0027207091725598427
RN7SKP120,0.002718902034232058
CYP4F11,0.002718805349279348
PHC2,0.002718752829539482
RN7SKP291,0.0027185153930301617
NLRP9,0.0027184339766203225
ODF2L,0.0027178708287057124
CLCA3P,0.0027175251362543083
THRAP3,0.00271737512829285
SH3D21,0.00271737512829285
EVA1B,0.00271737512829285
HDHD3,0.0027161561889728733
BSPRY,0.0027161561889728733
TK1,0.002715277090257639
C17orf99,0.002715277090257639
TMC8,0.002715277090257639
TMC6,0.002715277090257639
SYNGR2,0.002715277090257639
MUSK,0.0027142100950257753
EPN1,0.0027141730649512343
DENND1A,0.0027141318803202536
SVEP1,0.0027135606709010923
ANKRD18B,0.0027133220392137536
ARHGAP5,0.002712100080773414
SAMD13,0.0027115596944181147
TMEM235,0.0027111802559932094
TNFSF9,0.0027107329608805288
TUBB4A,0.0027107329608805288
MTUS2,0.002710636181907381
STMN4,0.0027104195790804172
ASZ1,0.0027089940039973287
TRIB1,0.0027077890849502464
SEC14L5,0.002707717511727129
RYR2,0.002707322444605872
TNNI3,0.002705712111779759
snoU13|ENSG00000239137.1,0.002705712111779759
SYT5,0.002705712111779759
PTPRH,0.002705712111779759
TMEM86B,0.002705712111779759
DNAAF3,0.002705712111779759
PPP6R1,0.002705712111779759
BIRC5,0.002705522947457744
CYP2R1,0.0027047262046296975
HMGB4,0.002704672989452738
USP22,0.0027041017772663364
snoU13|ENSG00000238496.1,0.0027033409665605003
FAM32A,0.0027013958174225364
CIB3,0.0027013958174225364
THRA,0.0027010536551945155
KCNS2,0.0027010194873295762
CLCA2,0.002700931898587073
CLCA1,0.002700931898587073
NAMPTL,0.0027004981841105523
RNY4P18,0.0026998875163508442
CLCA4,0.0026986517994395352
RNA5SP275,0.0026985021775408086
CNOT7,0.002697826461632741
VPS37A,0.002697826461632741
ZDHHC2,0.002697826461632741
NDUFB7,0.0026961865812576563
ZNF580,0.002695762606349866
ZNF581,0.002695762606349866
CCDC106,0.002695762606349866
RPF1,0.00269529916912954
SSX2IP,0.00269529916912954
CTBS,0.00269529916912954
SPATA1,0.00269529916912954
GNG5,0.00269529916912954
C1orf180,0.00269529916912954
DNASE2B,0.00269529916912954
UOX,0.00269529916912954
C17orf62,0.0026951920008509754
MSL1,0.002695053290531468
SNORA32|ENSG00000206776.1,0.0026950314933926207
RN7SL781P,0.0026948352132365634
CALCB,0.002694761871459543
NLRP11,0.0026945590371446337
NLRP4,0.0026945590371446337
TSEN34,0.0026941574294772385
MIR548AC,0.0026935821778191625
CD58,0.0026935821778191625
MIR5680,0.0026934856736335992
LPAR3,0.0026932916968716914
SQRDL,0.002693218562598995
WNT2,0.0026931878747501613
NARF,0.002692855623261965
UBXN8,0.002692696586114308
CDC26,0.002692317032449989
SLC31A1,0.002692317032449989
MTUS1,0.002692066106206554
RNA5SP52,0.0026919218293750273
RFX2,0.002691444516656033
NR1D1,0.002691332069904801
CYTH1,0.0026908612260248196
TMC4,0.002690362275241244
MBOAT7,0.002690362275241244
RAD23B,0.0026893151977356662
FAM135B,0.00268894169013575
RAB3A,0.002688737525109207
MPV17L2,0.002688737525109207
IFI30,0.002688737525109207
ERBB4,0.0026876365528004206
PARN,0.002686193700323816
VSTM2A,0.002685818220277654
PTENP1,0.0026856442721288373
EYS,0.002684641008558397
ADAM7,0.002683911986058717
LILRA4,0.0026837265406243456
ZNF706,0.0026818301687763666
CALM3,0.0026817633842950313
PTGIR,0.0026817633842950313
GNG8,0.0026817633842950313
OGFOD3,0.0026811395444253663
PTRH2,0.002681133840013699
DECR1,0.0026807587981638663
HEXDC,0.002680641877003968
CLTC,0.00268029083628604
RNA5SP294,0.0026802461406910845
DFNB31,0.0026796251902297037
SNORA8|ENSG00000207410.1,0.0026791408209996116
PSMD12,0.0026791408209996116
RNA5SP447,0.0026791408209996116
WDYHV1,0.0026784115467736974
RN7SL284P,0.002678225613357383
RAB8A,0.0026780682796834687
TPM4,0.0026780682796834687
HSH2D,0.0026780682796834687
MIR365A,0.0026766955045968294
MIR4683,0.0026766545235452
FZD8,0.0026766545235452
PPP2R2A,0.0026756774354162317
LRRC3C,0.0026755824939637242
SNORA63|ENSG00000201448.1,0.002675548958123895
RPS24,0.0026754226060306152
POLR3A,0.0026754226060306152
BET1,0.002673919650791534
GNG11,0.002673919650791534
ZIK1,0.0026736336234786883
ADAM28,0.0026735977326260603
PNMAL2,0.0026734615595375107
MIR193B,0.002673200809403542
ADAMDEC1,0.002672969608763096
U3|ENSG00000251944.1,0.002672716827208488
PPP2CB,0.0026726390487149974
MIR4703,0.0026722648803786785
snoU13|ENSG00000238530.1,0.00267142050052679
TLDC2,0.0026708351544829983
SAMHD1,0.0026708351544829983
PTBP3,0.002670793786490765
ZNF416,0.0026702715357327504
ZNF550,0.0026702715357327504
ZNF549,0.0026702715357327504
CNOT3,0.0026701079536250636
LENG1,0.0026701079536250636
LINC00293,0.0026700195136981028
AFMID,0.002669292600711875
PPIF,0.0026691940555812746
MT1HL1,0.002668881007399031
RN7SKP164,0.002667737010810479
ZNF530,0.0026676475465538608
ZNF211,0.0026676475465538608
ZNF134,0.0026676475465538608
PNMT,0.002667455814293505
TCAP,0.002667455814293505
STARD3,0.002667455814293505
LAIR1,0.0026671372040821062
RN7SL430P,0.0026670196333679844
RN7SL57P,0.0026670196333679844
RNA5SP295,0.0026670196333679844
NEDD4,0.002666898919626348
snoU13|ENSG00000238513.1,0.002666898919626348
RN7SL568P,0.002666898919626348
MLLT1,0.0026668495143604963
SDAD1P1,0.0026661559968593844
METTL2A,0.0026658304016452406
EFCAB3,0.0026658304016452406
KLF4,0.0026650313179757265
TCF12,0.0026648695762752283
BAI1,0.002664579626712604
RN7SKP155,0.0026640522953428193
GJD4,0.0026636169393755155
ZNF333,0.0026635935585953446
ZNF579,0.0026631859998616568
SBK2,0.0026631859998616568
ZNF524,0.0026631859998616568
FIZ1,0.0026631859998616568
SGK110,0.0026631859998616568
AVIL,0.0026630801687763683
CD101,0.0026624002414214988
KLHL38,0.0026623661148977625
RTN4RL1,0.0026621681783447963
PPP1R12C,0.0026613930967697274
KIAA1958,0.0026613443422477214
ENTPD4,0.0026607863038357713
CSMD2,0.0026602173236238828
LOXL2,0.00265984794806488
SNTB1,0.0026596499940743897
LGALS16,0.002659608995304644
C14orf182,0.0026576828371870755
ASAH1,0.0026572550221183903
MED24,0.0026563990076745
snoU13|ENSG00000272310.1,0.002655697904287573
ATP6V1C1,0.002655596377962994
RN7SL474P,0.0026547558770343527
ZNF628,0.0026546669433492403
NAT14,0.0026546669433492403
SSC5D,0.0026546669433492403
NOL11,0.0026541671228833517
CAV1,0.0026538918498778636
LILRB3,0.0026528041330155256
LILRB5,0.0026528041330155256
MIR4752,0.0026528041330155256
LILRB2,0.0026528041330155256
LILRA6,0.0026528041330155256
LILRA5,0.0026528041330155256
LILRA3,0.0026528041330155256
RPS9,0.0026528041330155256
TNFRSF17,0.002652750470289666
AREGB,0.0026524503069686417
MARCH9,0.002652098144615915
MATN2,0.002651826052574971
KCNJ6,0.002651227095215655
CASC3,0.0026507964572432575
KIAA1875,0.002650524290932922
CYC1,0.002650524290932922
SHARPIN,0.002650524290932922
MAF1,0.002650524290932922
CYP4F24P,0.0026497508846675256
LAPTM4B,0.002648974026502628
NCALD,0.0026485747227946214
AGAP2,0.002646624472573839
TSPAN31,0.002646624472573839
CSF3,0.002646464702274725
SNORD124,0.002646464702274725
LENG8,0.0026463390646333266
TTYH1,0.0026463390646333266
LENG9,0.0026463390646333266
CDC42EP5,0.0026463390646333266
ATP6V1G1,0.0026459106340311397
C9orf91,0.0026459106340311397
U3|ENSG00000207215.1,0.002645767314211291
RN7SL231P,0.00264509110861576
METTL1,0.0026434714756372445
CYP27B1,0.0026434714756372445
METTL21B,0.0026434714756372445
PGS1,0.002643311411262761
NAT1,0.002642854133552924
SLC25A19,0.0026424330372753365
MIF4GD,0.0026424330372753365
LGALS14,0.0026414234328235235
CBFA2T2,0.0026413109510407995
PXMP4,0.0026411559776342375
TSFM,0.0026399774579504054
EPHX2,0.002639801604779873
CHRNA2,0.002639801604779873
ZNF93,0.0026388267656662348
ZNF682,0.0026388267656662348
ZNF737,0.0026388267656662348
ZNF90,0.0026388267656662348
ZNF66,0.0026388267656662348
ZNF626,0.0026388267656662348
ZNF486,0.0026388267656662348
ZNF430,0.0026388267656662348
ZNF826P,0.0026388267656662348
ZNF253,0.0026388267656662348
ZNF85,0.0026388267656662348
LINC00355,0.0026386676895537656
MIR548AS,0.002638660348515666
LINC00348,0.0026379004572867674
ERCC4,0.00263788229505069
MAFA,0.002637746788210842
XRCC6BP1,0.0026374776024507213
MTDH,0.002636400109313138
MIR26A2,0.002635084677186287
GHITM,0.0026348743349844037
RNA5SP273,0.0026347405758798204
ZNF470,0.0026327343155564758
ZFP28,0.0026327343155564758
FLT3,0.0026323106855733564
TXN,0.002632295531701554
C9orf152,0.002632295531701554
TXNDC8,0.002632295531701554
RPL28,0.0026321449816697757
TMEM238,0.0026321449816697757
FAM86A,0.0026308959762393015
CNIH4,0.0026303319235425077
RN7SKP249,0.0026272944717675812
EPPK1,0.0026269494034977035
NDUFA3,0.002626935181542588
OSCAR,0.002626935181542588
TFPT,0.002626935181542588
PUF60,0.002626821971673728
NRBP2,0.002626821971673728
MIR548A3,0.002626637474241978
HM13,0.0026262759848627994
CCDC166,0.002626033108001507
MIR937,0.002626033108001507
SCRIB,0.002626033108001507
ZNF707,0.002626033108001507
MIR4664,0.002626033108001507
MAPK15,0.002626033108001507
FAM83H,0.002626033108001507
ZNF280D,0.002625894386907042
KCNJ12,0.0026248740570259527
TNFRSF11B,0.0026246240995873834
DLC1,0.00262458170743314
RN7SL236P,0.0026243547132451766
SOCS3,0.0026243547132451766
ANGPT1,0.0026237124141966195
LGALS17A,0.002623504214832913
RN7SL156P,0.002623316939450134
ST6GALNAC3,0.0026228048439732366
MIR3150B,0.002622577519379851
PLEKHF2,0.002622577519379851
ZNF585A,0.0026225349405530046
EFCAB1,0.0026223669776786326
BCAS3,0.0026212702642682655
LRRC8B,0.00262087099787436
SEPT9,0.0026208377531056304
CLC,0.0026207199538702316
MIR4523,0.002620686407474382
TMEM50B,0.0026201117995363205
IFNGR2,0.0026201117995363205
MKL2,0.0026198866232507692
ZNF850,0.002619487080919297
CDK4,0.002619464192821224
RNA5SP441,0.0026189851316930873
ALOX5,0.002618677227026317
snoU13|ENSG00000238612.1,0.0026186345870961255
SNORA30|ENSG00000200063.1,0.002618372109468922
RMI2,0.002618229968968366
TNP2,0.002618079275779698
PRM1,0.002618079275779698
PRM3,0.002618079275779698
SNORA48|ENSG00000212228.1,0.002618079275779698
PRM2,0.002618079275779698
SOCS1,0.002618079275779698
PRPF31,0.0026177134195728108
LMO4,0.002617149287652895
ZC3H3,0.0026166841819384072
FP15737,0.002616626132250717
SLC25A37,0.002616626132250717
LGALS9B,0.0026166018707890395
NOS2P3,0.0026166018707890395
KRT16P3,0.0026166018707890395
snoZ178,0.0026152990035380693
PAX6,0.0026146417256546453
CALML3,0.002613835004657794
PNMAL1,0.002613646148908356
RN7SL583P,0.0026136004236571304
TMEM190,0.002613109220446838
SUV420H2,0.002613109220446838
FAM71E2,0.002613109220446838
IL11,0.002613109220446838
COX6B2,0.002613109220446838
TMEM150B,0.002613109220446838
PSMG1,0.0026131006265183473
GPR20,0.0026130146300556434
LINC00051,0.0026130146300556434
MROH5,0.0026130146300556434
PTP4A3,0.0026130146300556434
SNORD5|ENSG00000238854.1,0.0026130146300556434
TSNARE1,0.0026130146300556434
ISOC2,0.002612890641211868
MRPL13,0.0026128348674074628
PTK2B,0.0026122484153277576
TRIM35,0.0026122484153277576
RN7SL756P,0.002612069827335865
COLEC10,0.0026117793785113198
U3|ENSG00000212551.1,0.0026113522614705283
C16orf89,0.002611024680008485
ALG1,0.002611024680008485
NAGPA,0.002611024680008485
ARHGAP40,0.0026102573993400436
TNS4,0.002609484554309933
PPP5D1,0.0026092623470562013
MIR3148,0.0026086497890295372
FAM183CP,0.0026086497890295372
AP4S1,0.002608469749099337
SOX5,0.0026083859100573038
RN7SL563P,0.002608156093612011
PITPNC1,0.00260810907307877
RNU6ATAC41P,0.002608020185124809
PABPC1,0.002608020185124809
CD97,0.002607282309105756
TMEM260,0.0026071336310292677
LMO7,0.0026070407746602102
C8orf37,0.00260699084976941
PAPPA,0.002606358125543967
MRC2,0.002605904951418875
EMR3,0.002605722361167822
TMEM66,0.002604622171077869
SH2D4A,0.0026044045270878424
TLK2,0.0026043339791774777
NUAK1,0.0026042795384567503
DDX39A,0.0026035499183340127
HS6ST3,0.0026034286078265613
PRPF8,0.002603362237948104
LRRTM1,0.0026032226502782376
C9orf139,0.0026031956452880643
FUT7,0.0026031956452880643
CLIC3,0.0026031956452880643
C9orf142,0.0026031956452880643
ABCA2,0.0026031956452880643
C9orf141,0.002602702924648935
C8G,0.002602702924648935
LCN12,0.002602702924648935
LCNL1,0.002602702924648935
PTGDS,0.002602702924648935
FBXW5,0.002602702924648935
APPL2,0.0026026112609471123
TNRC6C,0.0026020366310727625
DNAJC28,0.002601774736859108
SLC32A1,0.0026012930763393022
RPA1,0.0026011960530250163
TRMT12,0.0026002901550887417
RNF139,0.0026002901550887417
TATDN1,0.0026002901550887417
SAPCD2,0.0026001532908655044
MAN1B1,0.0026001532908655044
DPP7,0.0026001532908655044
NPDC1,0.0026001532908655044
ENTPD2,0.0026001532908655044
UAP1L1,0.0026001532908655044
SNORD62,0.0026001532908655044
snoU13|ENSG00000238824.1,0.0026001532908655044
ZNF71,0.0026000138341287942
SMIM17,0.0026000138341287942
TMEM74,0.002599585243523803
LINC00028,0.002599064516313716
RN7SL831P,0.00259889601757124
RN7SKP270,0.00259889601757124
GRIN1,0.002598866742530001
LINC00347,0.0025979158806770106
BFAR,0.0025974215683726267
snoU13|ENSG00000238409.1,0.0025972919875873464
MIR548H2,0.0025972919875873464
RNY4P8,0.0025959920216145744
WIPF2,0.0025959920216145744
GBAS,0.002595131536466159
snoZ185,0.0025947757050855023
CAV2,0.0025947757050855023
PDE4C,0.002593641392723914
TSR1,0.0025933884846672662
MIR548AH,0.0025931330294728864
MIR4450,0.0025931330294728864
SMG1,0.0025928740025901297
ARHGAP39,0.0025928492542204216
ADCK5,0.0025928492542204216
CYHR1,0.0025928492542204216
LRRC14,0.0025928492542204216
ZNF16,0.0025928492542204216
MIR1234,0.0025928492542204216
GPT,0.0025928492542204216
HSF1,0.0025928492542204216
MFSD3,0.0025928492542204216
RPL8,0.0025928492542204216
TMEM249,0.0025928492542204216
KIFC2,0.0025928492542204216
ZNF34,0.0025928492542204216
RECQL4,0.0025928492542204216
ZNF517,0.0025928492542204216
ZNF7,0.0025928492542204216
ZNF250,0.0025928492542204216
LRRC24,0.0025928492542204216
TONSL,0.0025928492542204216
VPS28,0.0025928492542204216
FOXH1,0.0025928492542204216
FBXL6,0.0025928492542204216
FAM203B,0.0025928492542204216
SLC52A2,0.0025928492542204216
ZNF252P,0.0025928492542204216
ZNF251,0.0025928492542204216
SCRT1,0.0025928492542204216
SCXA,0.0025928492542204216
SCXB,0.0025928492542204216
SLC39A4,0.0025928492542204216
BOP1,0.0025928492542204216
DGAT1,0.0025928492542204216
C8orf33,0.0025928492542204216
C8orf82,0.0025928492542204216
PPP1R16A,0.0025928492542204216
COMMD5,0.0025928492542204216
CPSF1,0.0025928492542204216
MIR939,0.0025928492542204216
RN7SL395P,0.0025928492542204216
MIR22HG,0.0025924382869862775
SERPINF1,0.0025924382869862775
SMYD4,0.0025924382869862775
TLCD2,0.0025924382869862775
WDR81,0.0025924382869862775
SERPINF2,0.0025924382869862775
MIR4292,0.002592191551014181
PHPT1,0.002592191551014181
EDF1,0.002592191551014181
MAMDC4,0.002592191551014181
C9orf172,0.002592191551014181
RABL6,0.002592191551014181
KIAA1984,0.002592191551014181
TES,0.0025919858982900302
MIR548D2,0.0025919518616021025
C13orf45,0.0025907600769993645
LINC00561,0.0025907600769993645
NAT2,0.0025906968727857716
ABHD15,0.0025904780367172423
GIT1,0.0025904780367172423
TP53I13,0.0025904780367172423
RN7SKP140,0.002590130035235861
ANXA13,0.0025899612890968263
LAIR2,0.002589758868858907
TARM1,0.002589550598199613
TEX15,0.0025891561181434573
E2F1,0.002589094211433317
RN7SKP193,0.0025888465612606236
RAPGEFL1,0.002588671134709845
ACTL10,0.002588226360356562
NECAB3,0.002588226360356562
C20orf144,0.002588226360356562
MIR4479,0.002587659303230447
TRAF2,0.002587659303230447
MIR27A,0.002587538918946511
MIR23A,0.002587538918946511
NANOS3,0.002587538918946511
MIR181C,0.002587538918946511
MIR181D,0.002587538918946511
FLJ45079,0.002587417202932368
OR13A1,0.0025873715323456122
NLRP13,0.002587195130386663
ZNF865,0.002586854810818289
ZNF784,0.002586854810818289
ADIG,0.002586467142695418
SNORA11|ENSG00000221398.1,0.002585278196100777
SMIM11,0.002585278196100777
KCNE1,0.002585278196100777
KCNE2,0.002585278196100777
RFX7,0.0025852192814218135
RN7SKP77,0.002584778677568989
KLF10,0.002584566394909758
TOP2A,0.0025842178253927053
IGFBP4,0.0025842178253927053
DNAH14,0.0025839134398397932
CCR7,0.002583198426423706
CHMP4B,0.00258318662517512
PRKG1,0.00258287918593627
PELI2,0.002582788617112398
ZNF829,0.0025824075345286784
IGFL1,0.002582047548593662
ZNF345,0.0025820066448831633
ZNF383,0.002581885828825612
FAM83A,0.0025817263162894516
MIR4663,0.0025817263162894516
C8orf76,0.0025817263162894516
SLC18A1,0.002580777111779241
C8orf17,0.002580055978388672
FAM203A,0.002579350583152299
CTHRC1,0.002579204002433596
EIF3E,0.002579180770871851
MICU3,0.0025788293518606595
CDRT15L2,0.0025787500230317127
SMIM18,0.0025780015343306486
MIR548V,0.002577816503571497
snoU13|ENSG00000238856.1,0.0025777681466979483
NVL,0.0025777681466979483
CNIH3,0.0025777322792282496
KCNK9,0.002577601188393666
CACNG8,0.0025775808205863943
MIR935,0.0025775808205863943
MSI2,0.002577561586792699
CSMD3,0.0025772368742037807
SNORA41|ENSG00000207516.1,0.0025772010055135127
TECR,0.002576721365863618
DNAJB1,0.002576721365863618
MIR639,0.002576721365863618
KIAA0195,0.0025755367508217344
MIR3678,0.0025755367508217344
RN7SL624P,0.0025754543340310307
RBPMS,0.002575109321058687
RN7SL606P,0.002574861587824493
MIR3927,0.0025745306398895743
PTPN3,0.0025745306398895743
LINC00871,0.00257449686740826
UBE2S,0.0025744898665006556
VSTM1,0.00257428030916622
UBR5,0.002574073964689279
RRM2B,0.002574073964689279
FGF20,0.002573686114019221
TUBBP1,0.0025736248561565003
FOCAD,0.0025731075492391397
URAD,0.002573080991967213
ATP5EP2,0.002573080991967213
CDX2,0.002573080991967213
LINC00543,0.002573080991967213
PDX1,0.002573080991967213
RN7SL272P,0.002573080991967213
CDC6,0.0025730679765068602
DKK3,0.0025727673412346466
RCHY1,0.0025724266555273495
THAP6,0.0025724266555273495
GJD3,0.00257193254838692
RN7SL669P,0.002570318500563587
ELAVL3,0.002570318500563587
snoU13|ENSG00000238349.1,0.002570318500563587
PRKCSH,0.002570318500563587
CCDC151,0.002570318500563587
RN7SL337P,0.002570204037362188
RN7SL842P,0.002570204037362188
CLEC17A,0.002570204037362188
LEPROTL1,0.002570099731492138
PALM2,0.0025696406121960736
OR1D2,0.002568987921892584
OR1D5,0.002568987921892584
SYT17,0.002568372185319797
ITPRIPL2,0.002568372185319797
RNA5SP293,0.002567135781114865
TNFSF14,0.002566931199580244
CD70,0.002566931199580244
SH2D3A,0.002566931199580244
TRIP10,0.002566931199580244
GPR108,0.002566931199580244
C3,0.002566931199580244
NPIPA3,0.0025666571361734223
NPIPA5,0.0025666571361734223
NPIPA7,0.0025666571361734223
NPIPA8,0.0025666571361734223
NPIPP1,0.0025666571361734223
NTAN1,0.0025666571361734223
RPS15A,0.0025666571361734223
PDXDC1,0.0025666571361734223
PKD1P5,0.0025666571361734223
NPIPA1,0.0025666571361734223
PKD1P6,0.0025666571361734223
PLA2G10,0.0025666571361734223
RN7SL90P,0.0025666571361734223
RRN3,0.0025666571361734223
XYLT1,0.0025666571361734223
NPIPA2,0.0025666571361734223
NDE1,0.0025666571361734223
NOMO3,0.0025666571361734223
MIR484,0.0025666571361734223
ABCC1,0.0025666571361734223
ABCC6P1,0.0025666571361734223
ABCC6,0.0025666571361734223
FOPNL,0.0025666571361734223
KIAA0430,0.0025666571361734223
C16orf45,0.0025666571361734223
MPV17L,0.0025666571361734223
MYH11,0.0025666571361734223
NOMO1,0.0025666571361734223
NOMO2,0.0025666571361734223
C12orf75,0.002566457239136203
VAV1,0.0025655479170268954
RARA,0.0025651337926614337
MIR132,0.0025650287384962954
MIR212,0.0025650287384962954
HIC1,0.0025650287384962954
DPH1,0.0025650287384962954
OVCA2,0.0025650287384962954
TNFRSF10A,0.0025649437944043367
NACAP1,0.002564937812775981
snoU13|ENSG00000238329.1,0.0025649204160922423
DOK2,0.0025648403837683614
snoU13|ENSG00000272272.1,0.0025647204201421046
EXD3,0.0025647204201421046
NSMF,0.0025647204201421046
ENTPD8,0.0025647204201421046
NOXA1,0.0025647204201421046
C10orf25,0.002564517056311025
RASSF4,0.002564517056311025
CHMP7,0.0025640820391045404
MTMR7,0.0025640054386334506
AKAP2,0.0025639299038544704
PTBP2,0.0025635765273683614
ZFPM2,0.0025635544459831064
SNORD3D,0.002563454208198294
GRAP,0.002563454208198294
SNORD3C,0.002563454208198294
FAM83G,0.002563454208198294
GRAPL,0.002563454208198294
SNORD3A,0.002563454208198294
PARS2,0.0025633950466197796
TTC22,0.0025633950466197796
TTC4,0.0025633950466197796
RN7SL659P,0.002563068375396383
CSGALNACT1,0.0025629406920852586
MIR3151,0.0025626029994624887
BAALC,0.0025626029994624887
C8orf56,0.0025626029994624887
RBL1,0.0025624148656734178
AZIN1,0.002562334668193894
CTNNAL1,0.002562262369607933
FAM206A,0.002562262369607933
TMEM245,0.002562262369607933
MIR32,0.002562262369607933
SHISA7,0.002562052984713286
FAM3B,0.0025605143989727293
TSPYL5,0.0025600553543082757
AREG,0.002560006707125142
SPATC1,0.002559908127723096
EXOSC4,0.002559908127723096
GPAA1,0.002559908127723096
OPLAH,0.002559908127723096
COL14A1,0.002558872328538292
UCHL3,0.0025584553462054483
NRARP,0.0025583150518334275
TMEM203,0.0025583150518334275
LRRC26,0.0025583150518334275
TPRN,0.0025583150518334275
MIR3621,0.0025583150518334275
TUBB4B,0.0025583150518334275
C9orf173,0.0025583150518334275
RNF208,0.0025583150518334275
NELFB,0.0025583150518334275
ANAPC2,0.0025583150518334275
SSNA1,0.0025583150518334275
NDOR1,0.0025583150518334275
FAM166A,0.0025583150518334275
TMEM210,0.0025583150518334275
RNF224,0.0025583150518334275
C9orf169,0.0025583150518334275
SLC34A3,0.0025583150518334275
TOR4A,0.0025583150518334275
GFRA2,0.0025582757233956993
MX2,0.00255755363320856
FAM91A1,0.0025573776331726324
ATP6V1B2,0.0025573220475305935
LZTS1,0.0025573220475305935
HS2ST1,0.002556784838476474
CCP110,0.0025562727158791863
GLMN,0.0025557684784266385
RN7SL824P,0.0025557684784266385
RPAP2,0.0025557684784266385
CDKL2,0.0025552528850934135
C4orf26,0.0025552528850934135
INTS10,0.0025552231946226493
LPL,0.0025552231946226493
DHX40,0.0025549555008188545
CACNG6,0.0025548388216508886
SLC25A32,0.002554687915320416
DCAF13,0.002554687915320416
RIPK2,0.002554503819908406
RNU6ATAC8P,0.00255412677129542
snoU13|ENSG00000238533.1,0.00255412677129542
MIR4742,0.002553970080552358
WDR26,0.002553970080552358
ZNF341,0.0025538005678225604
CDK5RAP3,0.002553753610928099
BTBD8,0.0025535736783125875
RNA5SP256,0.0025534039334341925
MAL2,0.0025532456465866753
MRPL41,0.0025531805899352018
PNPLA7,0.0025531805899352018
KIAA1107,0.0025530233205800627
SHISA9,0.002553022694142981
TYRP1,0.002550852853165717
MYO1C,0.002550330575766634
PITPNA,0.002550330575766634
INPP5K,0.002550330575766634
NTNG1,0.002550154856951401
GSR,0.002549263521288839
snoU13|ENSG00000238791.1,0.002549213153763129
INTS8,0.002549213153763129
CCNE2,0.002549213153763129
PLEC,0.002548948990861318
PARP10,0.002548948990861318
MIR661,0.002548948990861318
GRINA,0.002548948990861318
LHX8,0.0025482302080518803
RNA5SP32,0.0025476810921863653
C1orf146,0.0025476324671277286
ACTBP12,0.0025476324671277286
AEBP2,0.002547397322839248
MROH1,0.0025472195589645256
DPH7,0.0025462668590623436
TSEN54,0.0025457864186306713
CASKIN2,0.0025457864186306713
LLGL2,0.0025457864186306713
SAP30BP,0.00254568850968599
C19orf43,0.0025454155706375638
CLEC19A,0.002545165434264946
snoU13|ENSG00000239176.1,0.0025446200692855942
ZMYND19,0.0025440222428174224
TGFBR3,0.002543358906180586
SAMD12,0.0025427246744285834
EIF3H,0.0025425638250914863
ZNF644,0.002542152413595274
REEP4,0.0025421513242306457
LGI3,0.0025421513242306457
SFTPC,0.0025421513242306457
HMGN2P46,0.0025401325449631073
SPATA5L1,0.0025395152626339307
PARM1,0.0025389233887455603
LINC00381,0.0025388983569021788
SDC2,0.0025368350360210025
EHMT1,0.002536506297830073
IGFL2,0.0025364012118080843
IGFL3,0.0025364012118080843
ARRDC1,0.002536381162429659
C9orf37,0.002536381162429659
MIR633,0.0025362204312080745
DMTN,0.0025361305272027434
NUDT18,0.0025361305272027434
snoU13|ENSG00000238466.1,0.0025361305272027434
NPM2,0.0025361305272027434
FGF17,0.0025361305272027434
FAM160B2,0.0025361305272027434
XPO7,0.0025361305272027434
HR,0.0025361305272027434
RN7SL511P,0.0025358298515974656
HFM1,0.002535789829654337
RNA5SP258,0.0025354487830100193
PGAP3,0.002535303578156543
EBF2,0.0025352496217851783
MAU2,0.0025348134195655935
MARCH10,0.002534611374791132
BLOC1S6,0.0025340805514038564
TMEM26,0.002533221571985653
MIR1269B,0.0025317960169798995
SNORD22,0.002531706084947732
SNORA27|ENSG00000199474.1,0.0025309108530918683
RGS9,0.0025307981967142884
SYCE2,0.0025307391163150996
FARSA,0.0025307391163150996
MIR5695,0.0025307391163150996
DNASE2,0.0025307391163150996
KLF1,0.0025307391163150996
GCDH,0.0025307391163150996
SNORA31|ENSG00000252888.1,0.0025301866011141786
BCL10,0.0025298828982250393
APTX,0.00252975606326477
CALCA,0.002529424435275195
CDCA2,0.002528719431624509
GNRH1,0.002528719431624509
KCTD9,0.002528719431624509
LINC00856,0.0025285242481213467
AXIN2,0.002527922841460335
MIR3189,0.002527851289736318
PSD3,0.0025271146517551126
ZNF568,0.0025268678437079532
LEUTX,0.0025254839506850786
RAP1GAP2,0.002525107612340321
snoU13|ENSG00000238799.1,0.0025237050190182863
SPIDR,0.002523493906596818
MIR4755,0.002523072440769164
NRD1,0.002522206726686871
RNU4ATAC3P,0.002521460576895251
C20orf187,0.0025211251899689992
MICAL2,0.00252087129457927
NACC1,0.0025205750701216417
STX10,0.0025205750701216417
IER2,0.0025205750701216417
GDF15,0.0025196409782227503
RN7SL461P,0.0025194486086593994
MIR147B,0.0025193366973031324
C15orf48,0.0025193366973031324
SLC30A4,0.0025193366973031324
snoU13|ENSG00000238583.1,0.0025193366973031324
GTF2E2,0.002519190640583046
MYOCD,0.002518721846431594
EPB41L4B,0.0025185563360407967
FRRS1L,0.0025185563360407967
XYLT2,0.0025183389144400143
DUSP4,0.002517834504682204
TAOK1,0.002517762959614224
PGPEP1,0.002517233683002267
MIR4718,0.0025169082503194848
MIR602,0.0025168170246712253
GPIHBP1,0.002516548979784615
ESRP1,0.002516477848101268
NUP54,0.0025158808838108265
UTP23,0.002515857669690026
C10orf35,0.0025154428904428884
DNAJA1,0.0025147073901669445
RNA5SP240,0.002514654683264099
RNA5SP241,0.002514654683264099
ING3,0.002514654683264099
NOVA1,0.0025135649776939547
AARD,0.00251356238698011
CRK,0.002513186484600816
STK40,0.002513080168776374
RMRPP5,0.002511659231654874
KIR3DX1,0.0025115792701270448
RN7SL228P,0.0025115177058563894
STK36,0.0025111508014800856
TTLL4,0.0025111508014800856
RAD21,0.00251110478278823
MIR3610,0.00251110478278823
OTX2,0.0025101168247097143
BCAM,0.0025100154500853813
PVRL2,0.0025100154500853813
ULK2,0.002509720318451432
HEXIM2,0.0025095184703113308
SHROOM3,0.002509160093519743
PRMT6,0.0025086771647966698
TSTA3,0.0025080737530700906
JUNB,0.0025080099781237884
PRDX2,0.0025080099781237884
MIR5684,0.0025080099781237884
BEST2,0.0025080099781237884
ASNA1,0.0025080099781237884
SNORA26|ENSG00000212624.1,0.0025077574523840306
BTC,0.002507585229027732
ODF1,0.0025073690747863665
SCFD1,0.0025067679175831722
COG1,0.002506303418460264
COCH,0.002506032851580953
C1orf177,0.002505936574935695
RNA5SP272,0.0025053985117157373
RCN1,0.00250526659248538
RAD51C,0.002504592522985647
RN7SL164P,0.002504337151261773
CCDC144NL,0.00250377189617696
MRPS17,0.0025037267737661817
ZNF713,0.0025037267737661817
RN7SL64P,0.0025037267737661817
GFI1,0.002503043544569028
DPYS,0.0025026935915655846
NIN,0.0025021423121319416
PRR15L,0.0025018069259647637
PNPO,0.0025018069259647637
KCNJ16,0.0025017470577958474
LRRC25,0.00250105618085005
TP53BP2,0.0025007668425789343
FBXW2,0.0025006070236203606
G2E3,0.002499601722793474
snoU13|ENSG00000238422.1,0.0024995517372408374
ELP4,0.0024976217087307995
LY6H,0.0024974848856980864
FBXW9,0.0024959489310991314
TNPO2,0.0024959489310991314
SNORD41|ENSG00000209702.1,0.0024959489310991314
SLC7A2,0.0024952526858040207
DPY19L4,0.0024951366401727054
PAX1,0.0024949932117996963
ZNF623,0.0024930243954279225
RNF43,0.0024927219796215456
MIR634,0.002491385835543007
CYP27A1,0.0024893926335136742
PRKAG3,0.0024893926335136742
VPS53,0.0024892720688394917
TIMM22,0.0024892720688394917
RPH3AL,0.0024892720688394917
RNMTL1,0.0024892720688394917
GLOD4,0.0024892720688394917
NXN,0.0024892720688394917
MIR3183,0.0024892720688394917
FAM101B,0.0024892720688394917
GEMIN4,0.0024892720688394917
DOC2B,0.0024892720688394917
FAM57A,0.0024892720688394917
DBIL5P,0.0024892720688394917
C17orf97,0.0024892720688394917
EVI5,0.002489125461670566
NAAA,0.002488755269358735
ZNF142,0.0024880911586241776
RQCD1,0.0024880911586241776
PLCD4,0.0024880911586241776
U3|ENSG00000252805.1,0.0024880911586241776
RNF25,0.0024880911586241776
BCS1L,0.0024880911586241776
FBXO32,0.002488012681976869
RALY,0.0024879802625869404
MAST1,0.002487746821168192
MIR548O2,0.0024867550665147935
DCSTAMP,0.0024867513753391367
ZFP41,0.0024866775694313177
GLI4,0.0024866775694313177
FAM104A,0.002485984730470646
TMEM92,0.0024856813350192463
KTN1,0.002485232067510548
G3BP2,0.0024851546021762852
USO1,0.0024851546021762852
NEGR1,0.0024847697420687467
TBC1D4,0.0024835034708044095
RN7SL442P,0.0024833024181767564
TRMT1,0.0024829683133901752
LYL1,0.0024829683133901752
SUSD4,0.0024829387934925083
AKR1C4,0.002481216304569184
MBOAT4,0.002480916762562331
RN7SL314P,0.0024807701317635235
FUT6,0.0024801122097352322
FUT3,0.0024801122097352322
RNA5SP446,0.0024799558223563617
EME1,0.002479275799302479
MRPL27,0.002479275799302479
RHPN1,0.0024784810126582267
DNPEP,0.00247766897540005
ALDH3A1,0.002477445086311725
FUT5,0.0024767182115707637
CAPN2,0.002476629939877411
MYO15B,0.0024764004475837454
ZNF33B,0.0024761270803676017
NAA30,0.002476018557121696
CAPN8,0.0024759775911557492
CPPED1,0.002475639308237635
RN7SL692P,0.0024755157117186395
FAM69A,0.0024755157117186395
ARC,0.00247526509068581
RN7SL685P,0.0024750535104256766
SNORA51|ENSG00000207022.1,0.0024745210893104596
SNORD21,0.0024745210893104596
RPL5,0.0024745210893104596
SNORA66|ENSG00000251795.1,0.0024745210893104596
SNORA66|ENSG00000207523.1,0.0024745210893104596
PRSS3,0.002474236186482108
GRB2,0.0024738678222444126
TNFRSF10B,0.0024737241234033596
TNFRSF10C,0.0024737241234033596
AP5M1,0.002473410625105338
EXOC5,0.002473410625105338
RANBP3,0.002471748428544218
COMMD6,0.0024716269031091406
TNFRSF10D,0.0024715448400007656
CXCL9,0.0024709637373984033
CXCL11,0.0024709637373984033
CXCL10,0.0024709637373984033
ART3,0.002470928436739752
MIR1208,0.002470072862718326
ZHX1,0.0024696071912033656
EIF2S2,0.002469519830397105
SDAD1,0.0024692957812771205
ABRA,0.0024690651178057186
SMIM6,0.0024689803482761015
SMIM5,0.0024689803482761015
RECQL5,0.0024689803482761015
NAPRT1,0.002468304246174192
MROH6,0.002468304246174192
EEF1D,0.002468304246174192
7SK|ENSG00000254144.2,0.002468304246174192
GSDMD,0.002468304246174192
TIGD5,0.002468304246174192
PYCRL,0.002468304246174192
YWHAZ,0.0024680879413724204
SNORD91B,0.0024680487723844654
SNORD91A,0.0024680487723844654
SMG6,0.0024680487723844654
SRR,0.0024680487723844654
ZNF37BP,0.0024678225203924437
MIR3132,0.0024674198606452692
TMEM198,0.0024674198606452692
RN7SKP213,0.0024674198606452692
STK11IP,0.0024674198606452692
SLC4A3,0.0024674198606452692
CHPF,0.0024674198606452692
ASIC4,0.0024674198606452692
GMPPA,0.0024674198606452692
SPEG,0.0024674198606452692
DES,0.0024674198606452692
INHA,0.0024674198606452692
OBSL1,0.0024674198606452692
JUND,0.002467274336001023
KIAA1683,0.002467274336001023
MIR3188,0.002467274336001023
LRRC8D,0.00246654873895807
RN7SKP272,0.00246654873895807
VWC2,0.0024663686084824598
SNORD50|ENSG00000199857.1,0.0024662024135650843
C1orf65,0.0024661623433839793
KIAA1456,0.002465792328923573
CILP2,0.0024656475980979727
BMP1,0.002464777188379711
RN7SL303P,0.0024639920335510043
CDC42EP4,0.0024638545122840382
COL24A1,0.0024638149526884
U8|ENSG00000201809.1,0.0024634934521693954
ZNF382,0.0024632142562947875
SLC45A4,0.0024627165894178593
CPSF4L,0.002462460533373591
MBIP,0.0024623229762626847
HOOK2,0.0024619700013918063
RTBDN,0.0024619700013918063
YJEFN3,0.002461946284856229
CA10,0.0024619235482879163
SNTA1,0.002461591390917319
NDUFA11,0.0024611854750731625
CAPS,0.0024611854750731625
VMAC,0.0024611854750731625
BCL2L1,0.0024596007305245932
PPP1R9B,0.0024587623374879
SGCA,0.0024587623374879
HILS1,0.0024587623374879
COL1A1,0.0024587623374879
C17orf80,0.0024578032305621863
ADAMTS20,0.0024571640257498146
TMEM65,0.0024566435900046394
MIR375,0.0024559177301724145
CCDC108,0.0024559177301724145
NHEJ1,0.0024559177301724145
MIR3131,0.0024559177301724145
IHH,0.0024559177301724145
RN7SL764P,0.0024559177301724145
LINC00608,0.0024559177301724145
FEV,0.0024559177301724145
CRYBA2,0.0024559177301724145
CDK5R2,0.0024559177301724145
BNIP3P1,0.0024548689039131785
TSSK6,0.0024539673862932873
NDUFA13,0.0024539673862932873
UQCRB,0.002453652395876338
MTERFD1,0.002453652395876338
PKN1,0.0024534154407572107
IGFL4,0.002453179430575453
SCARF1,0.0024517691617661707
RILP,0.0024517691617661707
SUGP1,0.0024504175502838574
TM6SF2,0.0024504175502838574
MIR4316,0.002449553308346889
GDF6,0.002447631451945834
RN7SKP262,0.002447070298664432
PTDSS1,0.002446372606594841
C20orf203,0.002443530523810339
RNY1P5,0.0024428655990216836
LINC00402,0.0024428655990216836
COX4I2,0.0024426830175932764
ZNF274,0.0024419684559669674
GATM,0.002441564377293466
snoU13|ENSG00000239135.1,0.002441389116610394
PHF19,0.0024407973433789787
PSMD5,0.0024407973433789787
RHOBTB2,0.002440782090809858
RN7SL550P,0.00243925909100295
SNORA68|ENSG00000251715.1,0.0024388309364437636
ZNF567,0.0024384112688431835
ZNF326,0.0024379813031869917
GBP6,0.0024379408498150174
GBP1P1,0.0024379408498150174
GBP4,0.002437911429180857
TUBBP5,0.002437868318453949
FAM157B,0.002437868318453949
CACNA1B,0.002437868318453949
GBP5,0.0024374259887171876
TMC5,0.0024357468354430354
RN7SKP38,0.0024354575757261085
ZNF22,0.0024354389797664544
EPHX4,0.002434630099926399
ITGB4,0.002434439471291696
GALK1,0.002434439471291696
CDK1,0.0024336126437230466
ARHGAP22,0.0024335094364885033
MAPK8,0.0024335094364885033
CDC7,0.0024334166605884206
RNA5SP445,0.0024304416336207086
SDK2,0.0024299460336933178
U3|ENSG00000199666.1,0.002429364734956862
MIR4705,0.0024289594104712642
RNY1P2,0.0024289594104712642
MIR2681,0.0024289594104712642
LY6E,0.0024285022671452798
C8orf31,0.0024285022671452798
RALGAPB,0.0024280694839853892
ZNF493,0.0024276805658972477
snoU13|ENSG00000238687.1,0.0024276352909429894
ZNF544,0.002427089961416097
C8orf22,0.00242694142799411
DDAH1,0.0024267595990098098
ACSF2,0.0024263548657523877
RSAD1,0.0024263548657523877
CHAD,0.0024263548657523877
HS3ST3A1,0.0024262907412258158
SNORA40|ENSG00000222966.1,0.002425847825000807
NCOR1,0.0024252362801252957
COQ7,0.0024239253039227975
TMC7,0.0024239253039227975
KIF27,0.002423387039230519
WNT6,0.0024232804782227976
WNT10A,0.0024232804782227976
DCTN6,0.0024232566168009206
MIR93,0.00242202005985739
AP4M1,0.00242202005985739
MCM7,0.00242202005985739
MIR25,0.00242202005985739
GPC2,0.00242202005985739
MIR4658,0.00242202005985739
C7orf43,0.00242202005985739
LAMTOR4,0.00242202005985739
MBLAC1,0.00242202005985739
MIR106B,0.00242202005985739
CNPY4,0.00242202005985739
ZNF3,0.00242202005985739
COPS6,0.00242202005985739
TAF6,0.00242202005985739
GAL3ST4,0.00242202005985739
ZNF461,0.002421985776655039
RN7SL235P,0.002421060134870799
BRDT,0.002421060134870799
HAPLN4,0.0024208597320828796
NCAN,0.0024208597320828796
PLEKHM1P,0.0024196824624039834
LINC00474,0.0024190490567378114
PTK2,0.0024189613776726244
RNA5SP278,0.0024189613776726244
MIR151A,0.0024189613776726244
U8|ENSG00000251909.1,0.0024177670714584324
GATS,0.002417763910909133
ZSCAN21,0.0024177384757560565
APOH,0.0024175882243729183
RN7SL800P,0.002417569182285146
H3F3B,0.002417319392964539
MIR4738,0.002417319392964539
RNASEH2A,0.00241696852037558
MIS18BP1,0.0024165245694036347
MIR17HG,0.002416216529103925
STAG3,0.0024160343204998815
PVRIG,0.0024160343204998815
GKAP1,0.0024148958942816806
RNA5SP119,0.002414756087100372
AZGP1,0.002414263477809698
SNX29,0.002413895521746437
TRHR,0.002413871041027103
LPAR1,0.0024131356471372664
RNA5SP274,0.002412911267138087
KCNJ15,0.0024127800141185846
BARHL2,0.002412080112386822
MIR4728,0.00241166795067171
ATAD2,0.0024112684615815194
GATAD2A,0.0024105757452021256
SSPN,0.00240994258721313
NPAP1,0.0024097500217246447
RN7SL653P,0.0024091014581164505
LBP,0.002408363564295007
ZNRF4,0.0024081548442796753
C7orf72,0.0024067773105980795
DSCR10,0.0024064553170515058
GIPC1,0.002406209674031124
SLC5A10,0.002405892225007983
RN7SL626P,0.0024047776240112752
ZNF565,0.0024047118262445393
BHLHA9,0.0024041396724143595
ABR,0.0024041396724143595
IMMP1L,0.0024033535784114134
SNORD37|ENSG00000212377.1,0.002403059182185695
LINC00839,0.0024030371137887664
MIR147A,0.0024024120262091378
MIR548AA1,0.0024023285381865847
LINC00664,0.002402177959791514
MIR4524B,0.0024017363725830007
ABCA6,0.0024017363725830007
ABCA9,0.0024017363725830007
ZKSCAN1,0.0024014486732741517
RHOD,0.0024012948422932777
PIGL,0.002401078293483358
GEM,0.0024009050632911393
CDH17,0.0024009050632911393
SCARB2,0.002399835386274621
AZGP1P1,0.0023993516862093407
C8orf48,0.002398778222486068
LRRC59,0.0023980278545855404
RNA5SP255,0.0023970240716980405
RNA5SP444,0.002396741898781782
NRBF2,0.0023960593274517305
TBC1D3P2,0.0023956803023883534
SLC30A8,0.0023956539805511197
MTBP,0.0023944818478868154
TTF2,0.0023944748590341166
OXR1,0.0023938606881395157
DSCR4,0.002393423354619955
snoU13|ENSG00000238946.1,0.0023933286820160132
CLEC16A,0.002392756531677764
RN7SL105P,0.0023924582212033613
BHLHE41,0.0023923207102525836
GDE1,0.0023922430379746816
FLT1,0.0023917555138495104
MIR640,0.0023913052068652136
snoU13|ENSG00000238746.1,0.0023908751697777884
BPIFB1,0.002390469032041318
TSPAN12,0.002388218877703575
UNK,0.0023866913770193682
snoU83B,0.0023864937910679715
CDK5RAP2,0.0023859286568709724
ZNF485,0.00238579462125242
FAM47E,0.002384707952545835
SGPP1,0.0023845847734619828
MYCBPAP,0.002384174667796784
FANCM,0.0023840936434325506
EGR2,0.0023836207805907187
snoU13|ENSG00000238608.1,0.0023828481481134437
CEP164P1,0.0023817223970147056
COX7A1,0.002381020895686316
RSU1P2,0.0023805317386937333
AKR1CL1,0.0023803202606673215
RNA5SP288,0.002379772081210586
PTGER1,0.0023794077221792062
ACA64|ENSG00000238685.1,0.0023790573286994235
INSC,0.0023781019651723883
SMURF2,0.0023768527534350336
snoU13|ENSG00000238581.1,0.0023753216013172786
FER1L6,0.0023751537381499163
DSCR8,0.002374885577636589
RASEF,0.00237485389802437
MIR378D2,0.002374509493670888
PDP1,0.002374509493670888
DAB2IP,0.002373512547261554
ZNF738,0.0023731571109456475
GTF2B,0.0023718878485425744
RPL13AP3,0.0023717098653807515
LINC00520,0.0023717098653807515
RN7SKP125,0.0023716891820019185
TMEM168,0.002371428571428573
PKN2,0.0023710309725726133
SAFB2,0.0023706846294596702
U3|ENSG00000212195.1,0.002370064304534484
AMZ2,0.002369722252104721
ARSG,0.002369722252104721
SLC16A6,0.002369722252104721
R3HCC1,0.002368877890929854
LPO,0.0023685027545925245
ZNF835,0.002368275156629587
MIR942,0.0023682169906941186
NCOA4,0.0023680983648626786
ATL1,0.0023679043600562588
C7orf69,0.0023670802871121293
LINC00525,0.0023670802871121293
CALR,0.0023661643107207786
GADD45GIP1,0.0023661643107207786
RAD23A,0.0023661643107207786
CCBL2,0.0023659412028626276
IFRD1,0.0023646449342651877
LSMEM1,0.0023646449342651877
PRPF39,0.002364475139757279
SNORD127,0.002364475139757279
DYNLL2,0.002363744403294457
OR4D2,0.002363744403294457
EPX,0.002363744403294457
OR4D1,0.002363744403294457
SAFB,0.002363169347809772
ERBB2,0.0023630931962728206
TAS2R16,0.0023629450869683995
ZNF618,0.002362231785829409
TRIM16L,0.0023621999361313276
FAM92A1,0.0023614609887322355
RBM12B,0.0023614609887322355
NFIX,0.002361321566094369
ZNF146,0.0023609544468546602
TP53INP1,0.002360579610677858
DPPA3P2,0.0023603248824034216
ABCA5,0.002360163905785937
CCDC8,0.0023599124551490487
CA4,0.0023598321261761273
TECRL,0.002358771720883808
CHRAC1,0.0023583305133837726
RBMXL1,0.0023582771276634863
GBP7,0.0023582403518707844
GBP1,0.0023582403518707844
GBP3,0.0023582403518707844
GBP2,0.0023582403518707844
DBC1,0.002358137274394152
MEGF9,0.002357724375569085
FKBP3,0.0023575794604575053
DAND5,0.0023566536884441535
NPFFR2,0.0023553754895839275
RASSF8,0.002355318722684113
CDKL1,0.0023542263500199835
NDUFAF6,0.002354042939454156
SLC16A5,0.0023533661924498702
MIR548AG1,0.002353204291309528
ABCA10,0.0023530039883179333
PURG,0.002352389719984657
PEBP4,0.0023523659970508823
USP32P3,0.002351116884393102
OPN1SW,0.002350883664182784
SCG2,0.0023506915817607986
OLFM3,0.0023506687489046013
PPEF2,0.002350368976262676
SLC13A1,0.0023494042156732295
ITGBL1,0.0023491739466333862
TMEM67,0.0023489092378130893
GART,0.0023484628251294673
CCDC158,0.002348316966566385
ADO,0.0023481249999999995
ALDOB,0.0023476897598117656
SNORA30|ENSG00000202189.1,0.002347478636384414
DIS3,0.002347325866525281
BORA,0.002347325866525281
MIR27B,0.0023469929766274694
MIR23B,0.0023469929766274694
MIR3074,0.0023469929766274694
SNORA60,0.0023456282151812554
SNHG17,0.0023456282151812554
SNORA71B,0.0023456282151812554
SNORA71A,0.0023456282151812554
SNORA71C,0.0023456282151812554
SNORA71D,0.0023456282151812554
SNORA71|ENSG00000201811.1,0.0023456282151812554
SNHG11,0.0023456282151812554
ASXL1,0.0023443288519904093
CYP11B2,0.0023439182646892097
GML,0.0023439182646892097
LYNX1,0.0023435463111656884
LY6D,0.0023435463111656884
CYP11B1,0.0023435463111656884
RN7SKP294,0.0023425244016828115
MTMR4,0.002341035137176866
C17orf47,0.002341035137176866
SEPT4,0.002341035137176866
KCP,0.0023406726700738794
ASIP,0.0023404824134337786
HSF5,0.002340390249295231
DENND3,0.0023392450392665694
ARMC7,0.00233916069228184
CCDC136,0.002338775177247112
ATP6V1F,0.002338775177247112
FLNC,0.002338775177247112
SKINTL,0.0023385259599316196
SCGB1B2P,0.0023379719377248165
MPO,0.002337962707055075
ADORA2B,0.002337906058691239
DLX3,0.0023377194810728715
TPCN2,0.0023376501496227874
GPR139,0.0023375684087396102
MMD,0.0023373053081210534
RN7SL287P,0.002337263516296437
HLF,0.002337256152838869
HSD11B1L,0.002336790824660742
C19orf70,0.002336790824660742
RPL36,0.002336790824660742
MIR3164,0.002336663903679461
EMR1,0.0023362697889550556
ZNF557,0.0023362697889550556
MBD3L5,0.0023362697889550556
MBD3L4,0.0023362697889550556
MBD3L3,0.0023362697889550556
MBD3L2,0.0023362697889550556
EMR4P,0.0023362697889550556
ARHGAP44,0.002334466661659613
GNA13,0.0023331413256149416
MMP1,0.0023323855726188197
GDF2,0.002332070671851203
CNTRL,0.0023319992873500287
WDHD1,0.0023317761703837625
TRAF1,0.002331737722542907
FEZF1,0.0023312820045813393
WIPI1,0.0023299904774426923
PRKAR1A,0.0023299904774426923
MIR635,0.0023299904774426923
FAM20A,0.0023299904774426923
RAD54B,0.002328925364368397
FSBP,0.002328925364368397
CEP112,0.002328062399339799
SNORA70C,0.0023274828918909383
SNORD111|ENSG00000252230.1,0.00232664817814877
ID1,0.002326646399761836
MIR3193,0.002326646399761836
MRPL50,0.0023254280419887593
ZNF189,0.0023254280419887593
RN7SL409P,0.002323826138699557
RN7SL513P,0.00232368555304021
LSM4,0.00232368555304021
INSR,0.0023234663210698614
MKS1,0.0023232039872496464
COBL,0.002322798677597934
CBLC,0.002322671870905955
LINC00343,0.00232191137354034
LINC00344,0.00232191137354034
DAOA,0.00232191137354034
DDX5,0.0023215676728334973
CEP95,0.0023215676728334973
DEFB116,0.002321502384510136
GSN,0.0023214225188700156
SNORA9|ENSG00000199282.1,0.0023198250381072276
TLR4,0.002319584545892773
GLB1L,0.002319456703461023
ZFAND2B,0.002319456703461023
STK16,0.002319456703461023
ABCB6,0.002319456703461023
ATG9A,0.002319456703461023
ANKZF1,0.002319456703461023
EPS15P1,0.0023193318097604796
LINC00674,0.0023190335600419137
LRRC37A16P,0.0023190335600419137
RESP18,0.0023183040674551658
KCNJ2,0.00231808363642139
CNPPD1,0.0023173383453962064
FAM134A,0.0023173383453962064
SLC23A3,0.0023173383453962064
FBXO34,0.0023172632740986
RN7SKP128,0.0023172357550615237
RN7SL620P,0.0023170332320946885
SNORA4|ENSG00000201133.1,0.0023169327372169666
TMEM246,0.00231611235376389
MZT1,0.0023160235933461443
SUPT4H1,0.0023151889521493213
MIR4736,0.0023151889521493213
BZRAP1,0.0023151889521493213
MIR142,0.0023151889521493213
CNOT4,0.002315175331883909
RN7SL454P,0.0023133844801214065
CCNYL2,0.0023097777105876736
MMP16,0.002308402574673078
SNORD58,0.0023069519321090516
LINC00845,0.0023060429230520327
EMC2,0.0023054700611577334
ITGA3,0.0023033898854599457
LRRC37A3,0.0023033827400916022
SNORA40|ENSG00000252352.1,0.002303273351015676
RN7SL404P,0.0023032339788668903
FSCB,0.002302835698031835
DNA2,0.002302165678294682
RNA5SP319,0.002302165678294682
LRMP,0.0023015878637946386
TFEC,0.0023006689984454787
PPM1D,0.0023005753739930917
RN7SKP99,0.0022993710803402684
U3|ENSG00000200693.1,0.0022990087145482387
WDR89,0.0022990087145482387
TBX4,0.0022989036517963844
LYRM5,0.002298411046388078
C14orf28,0.002297146205586505
SCGB2B2,0.0022968230868502717
SON,0.0022967488879312237
CASC1,0.0022966755123503585
UBE2R2,0.002296467564251958
SFTA3,0.0022964216539823556
RNA5SP480,0.0022961286776703414
TTLL9,0.002295510365319554
GPC5,0.0022951975450709633
C17orf103,0.0022950210970464156
LINC00536,0.002294498221229419
MYH16,0.002294491476485262
KRAS,0.0022942206988998365
TPX2,0.00229404473604361
ZSWIM7,0.0022937347547510862
RHOBTB1,0.0022936162141354846
RNF20,0.0022930730663004335
SCARNA20|ENSG00000252800.1,0.002292869630537133
BEND5,0.0022927370381366245
AGO2,0.002292639071309361
FZD6,0.002291983909933434
JMJD1C,0.002291696713975194
RN7SL81P,0.00229076932290988
CALU,0.00229076932290988
KIAA1211,0.0022903445535562236
C14orf105,0.002290318717678053
RN7SL449P,0.0022902640355241095
RN7SKP85,0.002289219838064869
KIAA1377,0.0022891714322431415
C11orf70,0.0022891714322431415
snoU13|ENSG00000252679.1,0.0022891714322431415
snoU13|ENSG00000239154.1,0.0022891714322431415
KIAA1279,0.002288957941657229
UPP1,0.0022888233727909155
SLC43A2,0.002288767068673377
SLC25A16,0.002288670635031325
LINC00849,0.002288670635031325
ENTHD2,0.002287496483825595
JRK,0.0022873577130171903
PSCA,0.0022873577130171903
LY6K,0.0022873577130171903
TACO1,0.0022873135286414887
RNA5SP161,0.002287299199636717
STK3,0.0022865523866242533
DNAH17,0.002286221280114982
RN7SL716P,0.002285745916363786
TRIM37,0.002285745916363786
MIR454,0.002285745916363786
SKA2,0.002285745916363786
TRAPPC9,0.0022856016242909544
DLGAP5,0.0022855249532464693
LGALS3,0.0022855249532464693
PPM1E,0.0022852696662071263
RBP3,0.0022847180768866006
BMS1P2,0.0022847180768866006
BMS1P1,0.0022847180768866006
ASAH2C,0.0022847180768866006
AGAP4,0.0022847180768866006
ZNF488,0.0022847180768866006
SYT15,0.0022847180768866006
RNA5SP312,0.0022847180768866006
RNA5SP313,0.0022847180768866006
AGAP10,0.0022847180768866006
RNA5SP311,0.0022847180768866006
ZFAND4,0.0022847180768866006
RNA5SP310,0.0022847180768866006
RN7SL453P,0.0022847180768866006
PTPN20A,0.0022847180768866006
GPRIN2,0.0022847180768866006
ANXA8,0.0022847180768866006
ANXA8L1,0.0022847180768866006
AGAP9,0.0022847180768866006
ANTXRLP1,0.0022847180768866006
NPY4R,0.0022847180768866006
LINC00842,0.0022847180768866006
ANTXRL,0.0022847180768866006
FAM35BP,0.0022847180768866006
C10orf43,0.0022847180768866006
FAM25G,0.0022847180768866006
FAM25E,0.0022847180768866006
ANXA8L2,0.0022847180768866006
FAM25B,0.0022847180768866006
FAM21C,0.0022847180768866006
RN7SL248P,0.0022847180768866006
FAM21B,0.0022847180768866006
SOCS4,0.0022845744269794875
MAPK1IP1L,0.0022845744269794875
DEFB118,0.00228435784254791
MIR1183,0.002284294626853231
LINC00469,0.0022842676311030773
CACNA1A,0.0022841382431575455
MIR1296,0.0022839406725482666
ZNF624,0.0022838826718848734
C17orf67,0.0022837398072187787
DHRS7C,0.0022827908580407624
MIR4307,0.0022825623321825863
LYPD2,0.002282244828074815
SLURP1,0.002282244828074815
THEM6,0.002282244828074815
ZNF404,0.0022820305691626285
OSR2,0.002281036361691731
ZNF45,0.002280613930019616
DUSP15,0.002280321636924705
FOXS1,0.002280321636924705
C16orf62,0.0022791496791329637
MIR4740,0.0022782559774964803
LINC00482,0.002277867791842471
TMEM105,0.002277867791842471
DDX21,0.0022769914812190723
RN7SL373P,0.0022769914812190723
ADAMTS3,0.002276247374694895
MILR1,0.0022760918172310594
RN7SL598P,0.002275545270865354
ACTR10,0.002275545270865354
NTN1,0.0022745555206999776
SPATA31D1,0.0022745003208735227
ZNF487,0.002274324120734347
MYLK2,0.0022742644659327137
KPNA2,0.002273604188331479
BPTF,0.002273604188331479
C17orf58,0.002273604188331479
RN7SL622P,0.002273604188331479
TEX14,0.0022733633666832515
SMURF1,0.002272535918876465
RN7SL542P,0.002271961538995959
ARL16,0.0022715189873417727
CCDC137,0.0022715189873417727
OXLD1,0.0022715189873417727
PDE6G,0.0022715189873417727
TSPAN10,0.0022715189873417727
C5,0.002271497912022492
ARHGDIA,0.0022704050632911385
INTS2,0.002270164380822712
WTIP,0.0022699140558499714
RN7SKP65,0.002269472862840292
ABCA1,0.002268973701440421
CCDC130,0.0022682672671246484
C19orf53,0.0022682672671246484
MRI1,0.0022682672671246484
SUMO2,0.0022674837401216843
POLG2,0.0022673915395434404
MIR5047,0.0022673915395434404
MIR3064,0.0022673915395434404
NT5C,0.0022673035454239938
HN1,0.0022673035454239938
GGA3,0.0022671550458073972
DDB2,0.0022668546904422195
ACP2,0.0022668546904422195
USP32,0.0022661612401001776
ZNF566,0.002265891430297372
PPP2R5E,0.0022658406699784
TLE1,0.0022658088593669494
SNORD95|ENSG00000200969.1,0.00226542285549531
SPATA31D5P,0.00226542285549531
SPATA31D3,0.00226542285549531
SPATA31D4,0.00226542285549531
SNTG1,0.002265160953037753
CALD1,0.0022649467460658084
MIR301A,0.0022642645277185926
ZSWIM4,0.0022642387602703202
RN7SL619P,0.0022642387602703202
NUP85,0.0022642282677110275
MMP27,0.0022641280601426463
STOX1,0.002263708431194248
RN7SL540P,0.002263153423444772
CCDC144A,0.002262996256208511
CAPNS1,0.002262091216123452
POLR2I,0.002261940196051512
TBCB,0.002261940196051512
OVOL3,0.002261940196051512
LINC00517,0.0022614018671937458
SP4,0.0022594672706304133
ZNF100,0.0022593199305038472
AGTPBP1,0.002259243963811681
RNA5SP314,0.0022590222648688194
RN7SL527P,0.0022590222648688194
RNA5SP315,0.0022590222648688194
BMS1P5,0.0022590222648688194
FRMPD2,0.0022590222648688194
GLUD1P2,0.0022590222648688194
FAM25C,0.0022590222648688194
PTPN20B,0.0022590222648688194
MMP10,0.0022589608901454313
UBA2,0.0022587989785551534
DDX50,0.0022585871208528822
MIR3186,0.0022585147679324885
MRGPRF,0.002258478624313353
GGTA1P,0.0022584384823039036
RN7SL187P,0.0022584384823039036
MIR3609,0.0022573339185068824
TMEM130,0.0022573339185068824
TRRAP,0.0022573339185068824
snoU13|ENSG00000238459.1,0.0022573339185068824
TANC2,0.002257144742649028
ACE,0.002256943196309516
NR1H3,0.002256068356099232
C7orf57,0.0022557577741044426
SUN3,0.0022557577741044426
PKD1L1,0.0022557577741044426
TIMM23,0.002255401643505476
SGMS1,0.002255401643505476
RNA5SP317,0.002255401643505476
RMRPP4,0.002255401643505476
LINC00843,0.002255401643505476
FAM21A,0.002255401643505476
ASAH2,0.002255401643505476
AGAP6,0.002255401643505476
SNORA74|ENSG00000223111.1,0.002255401643505476
KCTD2,0.0022549393693290006
HSD17B3,0.0022548509742341695
RSPH6A,0.002254671488848702
ZNF277,0.002254325301793659
RN7SL426P,0.0022539087073264294
TBPL2,0.0022537325543654694
TMEM11,0.0022534356220432167
ZNF239,0.0022533859299047193
RN7SL181P,0.0022529636991317097
MIEN1,0.002252863706144665
GRB7,0.002252678134612461
HGS,0.0022517158931082987
MRPL12,0.0022517158931082987
SCARNA20|ENSG00000252577.1,0.0022516979173717775
HNRNPK,0.002251670876562058
RMI1,0.002251670876562058
WRN,0.0022514959723820486
KLHL28,0.0022510289322987516
SLCO1C1,0.0022508968568189
CST1,0.002249048474813026
KPNA7,0.0022482733530444416
DCAF7,0.002246159310516002
REM1,0.002245870761268459
RNA5SP289,0.0022458584318339027
ERCC6L2,0.0022458584318339027
LINC00092,0.0022458584318339027
DKFZP434H0512,0.002245515089395265
LINC00476,0.002245515089395265
TNFSF15,0.002245104994938436
WDR62,0.0022450808643839784
PARP12,0.0022450183123067864
JHDM1D,0.0022450183123067864
CLIP3,0.0022445234630275443
THAP8,0.0022445234630275443
SLC38A10,0.0022443347398030905
ATG14,0.002244289114542278
ZNF529,0.002244268101814985
GP2,0.0022440573171241185
MIR4737,0.0022440488278165083
MMP8,0.002244013579215662
KLF12,0.0022438210605273054
USP37,0.0022429732578517236
MIR624,0.0022413783465766355
IKZF1,0.002241368885831883
MRPS7,0.0022408664941604302
ZNF43,0.0022402891536361393
RNA5SP287,0.0022400970991173666
TNFSF8,0.0022399482596018204
CCDC144CP,0.002239431515977867
MMP7,0.002239264066482471
UGGT2,0.0022386081171408296
DZIP1,0.0022385350085641492
DNAJC3,0.0022385350085641492
snR65|ENSG00000251901.1,0.0022385350085641492
SLC28A3,0.0022379946627088866
PHYHIP,0.0022376529615657165
MMP20,0.002237502409561139
RWDD3,0.0022372568778211846
CACNB2,0.002237002340619889
BAAT,0.0022367245131353717
SNORA31|ENSG00000253041.1,0.0022367245131353717
C17orf89,0.002235828410689167
HUS1,0.0022356943165555455
LONP1,0.002235271029224168
ARPC1A,0.0022348252623782846
C7orf65,0.0022347346875381396
KCNH6,0.002234558074648455
RPL10L,0.0022341569165563774
SYNE4,0.0022339548038112014
ALKBH6,0.0022339548038112014
SDHAF1,0.0022339548038112014
C17orf70,0.002233603375527424
FSCN2,0.002233603375527424
ACTG1,0.002233603375527424
ZNF283,0.002233525100417673
FAM106A,0.002233504555739007
USP32P2,0.002233504555739007
CCDC144B,0.002233504555739007
KRT16P1,0.002233504555739007
TBC1D28,0.002233504555739007
RN7SL639P,0.002233504555739007
LGALS9C,0.002233504555739007
KRT17P2,0.002233504555739007
SGSM2,0.0022334525992964305
ABCA8,0.0022333345286334114
ZNF260,0.002233268348938739
DDC,0.002232110961958755
DGKE,0.002231271473411124
ANKFN1,0.0022311530823085723
TUSC5,0.0022302468520548823
GPHB5,0.0022301463453894273
ZNF497,0.0022294970554389746
SLC35F4,0.002229418182785872
SNORA25|ENSG00000251735.1,0.0022292444525392366
DMRTC2,0.0022287594108245613
LYPD4,0.0022287594108245613
KRT17P1,0.0022283644862988155
USP32P1,0.0022283644862988155
KRT16P2,0.0022283644862988155
DENND2A,0.0022283239744931957
TUSC3,0.0022279356619396545
FIGNL1,0.0022273460988029617
PDE4B,0.002227233002683059
NANOS2,0.00222630985650877
ZNF655,0.0022262063115130143
ZSCAN25,0.0022262063115130143
CYP3A5,0.0022262063115130143
TMEM123,0.002225907065904175
GCGR,0.002225904360056259
FAM195B,0.002225904360056259
SLC25A10,0.002225904360056259
PPP1R27,0.002225904360056259
LONRF1,0.002224642619206239
MYPOP,0.002224568078094297
FOXA3,0.002224568078094297
IRF2BP1,0.002224568078094297
RNA5SP276,0.0022237331093107045
TXNDC16,0.002223638940051595
TSRM,0.0022236018299259847
RAB14,0.0022234543362276396
RFX3,0.0022233118482217935
TVP23B,0.002223231211398522
RNY3P8,0.002222879329072145
RNY4P27,0.002222879329072145
PINLYP,0.0022227512042119423
TNFRSF13B,0.0022226570727763182
KIAA1429,0.0022220713675188838
POFUT1,0.0022219226079040963
GJC3,0.0022216291994486452
TRIM4,0.0022216291994486452
EGR3,0.0022215017522357787
MAP3K3,0.002221436791057042
NOG,0.0022210325182049784
C8orf58,0.002220482965970243
PDLIM2,0.002220482965970243
SORBS3,0.002220482965970243
KIAA1967,0.002220482965970243
FAM220A,0.0022204122763595235
RN7SL194P,0.0022199236061903284
RN7SL680P,0.0022199236061903284
C12orf77,0.002219906057749424
BCAT1,0.002219906057749424
ZNF763,0.0022197968289031974
PDCD2L,0.0022193799939592
RN7SL154P,0.0022193799939592
P4HB,0.0022192601969057675
DHPS,0.00221908834600125
MAN2B1,0.00221908834600125
WDR83OS,0.00221908834600125
ZNF490,0.00221908834600125
WDR83,0.00221908834600125
ZNF791,0.00221908834600125
BIN3,0.002218621574522686
SNORD112|ENSG00000252256.1,0.0022182771300405775
TTC19,0.0022182745945358343
RNA5SP98,0.0022181924704106214
RASGEF1A,0.002217766408500723
CYP3A7,0.0022172760139999395
OR2AE1,0.0022158452680799286
CYP3A4,0.0022158452680799286
CYP3A43,0.0022158452680799286
ZNF302,0.0022154397429912974
ZNF730,0.002215175123676576
USP43,0.0022146331261781453
PDAP1,0.0022141972975390457
snoU13|ENSG00000239133.1,0.0022141972975390457
BUD31,0.0022141972975390457
VAV3,0.0022136603707450754
GGTLC1,0.0022134673185431617
TBC1D27,0.002213368936722452
C8B,0.0022131342336306884
C8A,0.0022131342336306884
AMZ2P1,0.002212773630495151
SLC16A6P1,0.002212773630495151
MIR1288,0.0022126792909218165
NECAB1,0.002212172133292245
NUP205,0.0022119588155388686
UTP3,0.0022116677073281497
ENAM,0.0022116677073281497
IGJ,0.0022116677073281497
AMBN,0.0022116677073281497
snoU13|ENSG00000238868.1,0.0022116648865482982
RNA5SP248,0.0022116648865482982
RNA5SP247,0.0022116648865482982
RAB19,0.0022116648865482982
SLC37A3,0.0022116648865482982
DEFB115,0.0022112567198529845
RNA5SP163,0.0022109212692285897
CLDN10,0.0022107563604461733
MIR1825,0.0022106259644567414
NDUFB2,0.002210589765553121
ADCK2,0.002210589765553121
C20orf112,0.0022104124315983067
ZNF286B,0.0022100430094376153
ALYREF,0.0022100168776371305
ANAPC11,0.0022100168776371305
NPB,0.0022100168776371305
PCYT2,0.0022100168776371305
SIRT7,0.0022100168776371305
CDR2L,0.0022099561830574515
ICT1,0.0022099561830574515
RN7SL573P,0.0022099561830574515
ATP5H,0.0022099561830574515
MIR5692A2,0.0022093385362139495
SLC39A14,0.002209207376625369
PPP3CC,0.002209207376625369
PIWIL2,0.002209207376625369
COMMD7,0.002209088527876005
ATP5J2,0.002208960305621037
CPSF4,0.002208960305621037
PTCD1,0.002208960305621037
RN7SL772P,0.00220855897577108
PACSIN3,0.00220855897577108
ARFGAP2,0.00220855897577108
DNAJC24,0.002208325030252096
YWHAE,0.002208006910528589
RUNX1T1,0.0022073170022618503
TMEM165,0.0022072884145995317
C9orf64,0.002207065013152947
ZNF724P,0.002207056866151998
PHF2,0.0022069155295769876
ZFP82,0.002206889261099977
SPATA20,0.002206876108694946
MKRN1,0.0022061271321764334
IQCK,0.0022060328575276046
IGSF23,0.002205663826621732
SMG9,0.0022056081870409196
IRGC,0.0022056081870409196
ZNF394,0.0022049380649964067
ZKSCAN5,0.0022049380649964067
ZNF789,0.0022049380649964067
FAM200A,0.0022049380649964067
CENPC,0.0022041976499971613
snoU13|ENSG00000238463.1,0.002203750992187824
AGBL3,0.0022035885668077104
XKR7,0.0022034906022247868
PDRG1,0.0022034906022247868
OR13C5,0.0022032227557107543
OR13C2,0.0022032227557107543
CLOCK,0.0022017625021286246
NIPSNAP3A,0.002201663211115962
NIPSNAP3B,0.002201663211115962
OR13D1,0.002201663211115962
HIPK2,0.002200945401478379
MAP2K3,0.002200889911775991
RN7SL775P,0.0022008228187828274
OR13C9,0.0022003764731558283
UPF3AP2,0.002200102567882129
STAP1,0.0021994522336379625
UBA6,0.0021994522336379625
C17orf77,0.002199422729169564
GPRC5C,0.002199422729169564
KIF19,0.002199422729169564
RNA5SP448,0.002199422729169564
RPL38,0.002199422729169564
TTYH2,0.002199422729169564
CD300C,0.002199422729169564
CD300E,0.002199422729169564
CD300LB,0.002199422729169564
CD300A,0.002199422729169564
CD300LD,0.002199422729169564
DNAI2,0.002199422729169564
BTBD17,0.002199422729169564
GPR142,0.002199422729169564
CADM4,0.002198826993550866
CYGB,0.00219867357010511
PRCD,0.00219867357010511
TBXAS1,0.0021982664114576196
TMEM55A,0.002198121325945006
YPEL2,0.0021971675648577507
MIR4729,0.0021971675648577507
SAMD14,0.002196311374804893
PDK2,0.0021958111594343886
DHRS7B,0.00219556834164429
MIR3920,0.002195351153376598
ARPC1B,0.002194937285939758
MTRNR2L7,0.002194910021402294
TMEM64,0.0021933737636859454
GDPD1,0.002192914734511424
CNTFR,0.002192781428718446
PRR11,0.002192171115845759
SMG8,0.002192171115845759
RNA5SP482,0.002191900108204666
DEFB124,0.0021916940040877333
SNORA70|ENSG00000253027.1,0.002191228688369067
BCL3,0.002191228688369067
GCH1,0.00219116894457507
STRN3,0.002189208224913432
TOB1,0.002188951008370975
WFIKKN2,0.002188951008370975
HNRNPF,0.0021886558665367155
FXYD4,0.0021886558665367155
U3|ENSG00000221400.1,0.0021886558665367155
PHLDB3,0.0021885422091015537
EPN3,0.0021885070887002265
RNU6ATAC11P,0.002187902583606721
CNN1,0.0021878174245421943
ELOF1,0.0021878174245421943
ANKRD30A,0.0021877930145335223
RNA5SP35,0.002187399094413445
LINC00534,0.002187381640586069
ZNF576,0.0021872569572244727
IRGQ,0.0021872569572244727
MIR4291,0.0021872544740288115
RN7SL807P,0.002186633834788966
BCAR3,0.0021864583189542108
MADD,0.002186001685538581
ZNF287,0.002185293897823709
PLD6,0.002184386826746029
ZNF44,0.0021839366943277733
SRRM5,0.0021836643249211873
ZNF428,0.0021836643249211873
MPRIP,0.0021834084129993153
ZNF441,0.0021826978383516155
FLCN,0.002182548903700988
NRTN,0.0021824100850231184
PRKCA,0.0021822994273092105
DYRK1B,0.0021815947719596883
SCARNA24|ENSG00000252274.1,0.00218092762480211
CENPV,0.0021808264878343787
CEACAM19,0.0021808202097958976
PVR,0.0021808202097958976
ENHO,0.0021801820079683618
RPS6KB1,0.002180047650471793
RN7SL237P,0.00217946856615701
GOLGA6L2,0.002179078172656886
OR4N4,0.002179078172656886
GOLGA6L1,0.002179078172656886
GOLGA8S,0.002179078172656886
DKFZP547L112,0.002179078172656886
CYFIP1,0.002179078172656886
GOLGA8I,0.002179078172656886
snoU13|ENSG00000239083.1,0.002179078172656886
GOLGA6L6,0.002179078172656886
CT60,0.002179078172656886
CHEK2P2,0.002179078172656886
GOLGA8DP,0.002179078172656886
HERC2P2,0.002179078172656886
POTEB2,0.002179078172656886
snoU13|ENSG00000238960.1,0.002179078172656886
HERC2P3,0.002179078172656886
RN7SL584P,0.002179078172656886
POTEB,0.002179078172656886
OR4M2,0.002179078172656886
RN7SL106P,0.002179078172656886
RN7SL400P,0.002179078172656886
RN7SL495P,0.002179078172656886
RN7SL536P,0.002179078172656886
RN7SL545P,0.002179078172656886
NIPA2,0.002179078172656886
WHAMMP3,0.002179078172656886
GOLGA8EP,0.002179078172656886
RN7SL759P,0.002179078172656886
TUBGCP5,0.002179078172656886
NIPA1,0.002179078172656886
NBEAP1,0.002179078172656886
MIR1268A,0.002179078172656886
FNBP1L,0.0021783388319092235
SYMPK,0.0021782485145957105
KIF3B,0.002178157581555314
GDF10,0.0021781328974454822
MIR2278,0.002177680147268138
ADAMTS13,0.00217752517240499
GPRC5B,0.0021774195046295854
LINC00511,0.0021760751438998256
RNA5SP227,0.0021757645652989493
DEFB121,0.0021751312482466865
DEFB122,0.0021751312482466865
RNA5SP53,0.0021748933644382476
CEACAM16,0.002174814854970983
UBB,0.002174561922039448
NPLOC4,0.002174120956399438
AMTN,0.0021737412726343867
MUC7,0.002173485837543282
FBXW10,0.00217327775399689
CSGALNACT2,0.002173273521643819
DPM2,0.002172940137045977
ST6GALNAC4,0.002172940137045977
PIP5KL1,0.002172940137045977
KAT7,0.002172683467819038
FAM117A,0.002172683467819038
SLC35B1,0.002172683467819038
GRIK1,0.0021723842005193505
KNOP1,0.0021719122932473962
RN7SL771P,0.0021716774355015523
SAMD4A,0.0021712958489458626
FAM179B,0.002171151190863898
UBQLN1,0.0021708932113652917
IDNK,0.0021708932113652917
DCT,0.0021708229688724343
TNC,0.002169644479437948
GPR180,0.0021695897514107066
RNA5SP36,0.0021695897514107066
TGDS,0.0021695134970260792
TRPC6,0.0021694992396495976
ZNF709,0.0021694327776889655
CYB561,0.0021692836903126796
EXOSC2,0.002169247305698849
PRDM12,0.002169247305698849
snoU13|ENSG00000238318.1,0.0021692371005278986
RUFY3,0.0021692371005278986
LIMD2,0.002169053098799935
TMEFF1,0.002169035561188167
DEFB123,0.002168736295507505
FBP2,0.002167925530905435
PCAT7,0.0021679160419790107
FBP1,0.0021674036399521777
UGT2B7,0.002166654367940061
UGT2B10,0.002166654367940061
UGT2A3,0.002166654367940061
UGT2B11,0.002166654367940061
UGT2B17,0.002166654367940061
UGT2B15,0.002166654367940061
TMPRSS11E,0.002166654367940061
UGT2B28,0.002166654367940061
UBAP1,0.0021666181508108047
PIK3R5,0.002166481555274829
ZNF696,0.0021661253084945486
NUTM2F,0.0021658379670924047
HIATL1,0.002165818989239559
ZNF790,0.0021657898349762483
ZPBP,0.00216543562426206
MALSU1,0.002165426780975141
HCK,0.0021652611510914977
DNAI1,0.0021651920786838973
KIAA1324L,0.0021645184403337524
RNA5SP464,0.0021642735688645366
FCGBP,0.00216320601883632
FADS6,0.002162863402420366
MTF2,0.0021627210358488723
ZNF8,0.0021625153997156944
OTOP2,0.0021623904576436232
USH1G,0.0021623904576436232
RN7SKP180,0.00216214603431542
RN7SL735P,0.0021615245095472258
CST2,0.0021612923477755865
OTOP3,0.0021611107247183213
HID1,0.0021611107247183213
ZNF700,0.0021609527823395203
SLC2A6,0.0021608152905265685
CACFD1,0.0021608152905265685
RNA5SP296,0.0021604691972265076
U6|ENSG00000266839.2,0.002160168653535522
RN7SL17P,0.002160168653535522
ZNF429,0.0021594835801818577
IGF2BP3,0.002159468660117549
RNFT1,0.0021583955215538674
COL1A2,0.0021583452417875157
SOX21,0.0021581147812550954
LINC00391,0.0021581147812550954
RN7SL585P,0.0021581147812550954
FKBP9L,0.002158074769268448
DNMT3B,0.0021577096750314633
MIR3960,0.0021570857982745064
FPGS,0.0021570857982745064
CDK9,0.0021570857982745064
SPOP,0.002156243068568588
MIR4289,0.0021560169282447386
C17orf64,0.002155382567296189
MYBPC3,0.0021551168334126044
MIR5095,0.002154432066760764
MIR1273G,0.002154432066760764
TINCR,0.0021542537533117464
CELF1,0.002154163279526183
snoZ6|ENSG00000252200.1,0.0021529618687074034
MIR4672,0.0021529451042502155
ENG,0.0021529451042502155
AK1,0.0021529451042502155
RN7SL368P,0.0021528949095040743
SYT12,0.002152856634284017
U3|ENSG00000252709.1,0.002152856634284017
RNA5SP481,0.002152388231454929
CCM2L,0.002152388231454929
NXNL2,0.00215220712428596
A1BG,0.002151709199214781
NPTX2,0.002151687956204375
RNU6ATAC9P,0.002151587378275945
RALGPS1,0.002151259511992541
PWRN1,0.0021511391833972477
SUN5,0.0021508339169898135
BPIFB2,0.0021508339169898135
ZNF627,0.002150124216254584
ACP5,0.002150124216254584
MIR4661,0.0021500904159132027
LRRC69,0.0021500904159132027
SNORD104,0.002149789029535866
SNORA76|ENSG00000266402.2,0.002149789029535866
PGLYRP1,0.002149636379292797
MIR769,0.002149636379292797
CCDC61,0.002149636379292797
BRIP1,0.0021494994311176286
PLAUR,0.002149290275088417
DCAF4L2,0.0021490082953012457
RN7SKP87,0.002148899536992622
MURC,0.002148899536992622
RN7SL652P,0.0021485890140517903
ERN1,0.0021484025299338414
ICAM2,0.0021484025299338414
C17orf72,0.0021484025299338414
MIR4308,0.002148344982338603
FBL,0.00214780471731788
RNA5SP291,0.00214750464965444
RPP25L,0.0021474999632455634
B3GNT3,0.002147439998435532
ZNF564,0.002147186414567863
DCTN3,0.002147176524206471
SYT16,0.002147125959742686
BLVRB,0.002146538894533068
snoU13|ENSG00000238852.1,0.0021459774537339856
C8orf87,0.00214472651366705
WDR16,0.002144516887528581
NTRK2,0.002144365544921273
BPIFA3,0.0021436905310989254
ZNF823,0.0021436666027568247
FAM120A,0.0021432590666691977
BPIFA2,0.0021430243085806045
BPIFA4P,0.0021430243085806045
MIR320A,0.002142404105785254
POLR3D,0.002142404105785254
snoU13|ENSG00000238501.1,0.002142393555811274
BIRC2,0.002142180170918205
YAP1,0.002142180170918205
BIRC3,0.002142180170918205
SNORD112|ENSG00000252298.1,0.002142022870421332
HEATR2,0.0021418227426511648
LINC00483,0.0021414490920980277
BPIFA1,0.002141105359959457
ABCA13,0.002141068239053022
CASC7,0.002140926740578027
MARCH8,0.002140849981311126
MTCH2,0.0021397382086036083
FAM187B,0.0021392322688706467
LYRM1,0.002139104733258133
TMPRSS11F,0.0021390276437531944
PTGES2,0.0021388618587929696
REXO4,0.002138179272015141
C9orf96,0.002138179272015141
MSMB,0.002137949021204903
ANGPTL5,0.0021375029450191726
EFCAB8,0.0021373955824322277
COPS3,0.002136909979140762
BPI,0.002136446470970765
RN7SKP205,0.002136434988811325
NUPL2,0.0021364281843571564
DR1,0.002136383087392845
PIBF1,0.0021353939956259512
ZSCAN22,0.0021350707371556206
STX8,0.0021348910951529076
GTF3C4,0.0021345574685102727
DDX31,0.0021344133150998754
ABCB4,0.0021343405471621123
RAPSN,0.0021340587268342754
TPD52,0.0021333687809451927
TMEM8C,0.0021331320270304758
ST6GALNAC6,0.0021329898774425943
CDK5RAP1,0.002132481479583411
SPTBN4,0.0021321892418792333
ZYG11A,0.002132006028263106
ECHDC2,0.002132006028263106
MIR1273F,0.002132006028263106
ZYG11B,0.002132006028263106
RN7SL62P,0.002132006028263106
RN7SL292P,0.002131399838027937
CROT,0.0021297102398360568
PRKAR1B,0.0021295825911599666
FAM102A,0.0021293319449415915
RN7SKP242,0.0021293032504197994
RPL12P38,0.002128919876350995
RN7SKP24,0.0021287199164939205
CCT6A,0.002128349643187156
SNORA15|ENSG00000207168.1,0.002128349643187156
SUMF2,0.002128349643187156
SNORA22|ENSG00000206603.1,0.002128349643187156
SNX8,0.002127710204370273
ZNF833P,0.0021274471010088226
ZCCHC6,0.002127086721825425
ISCA1,0.002127086721825425
RN7SKP264,0.002127086721825425
GSX1,0.0021269360280596833
GALR2,0.002126305217406363
ZACN,0.002126305217406363
SNORA62|ENSG00000202374.1,0.0021262615655332907
GNRHR,0.0021262615655332907
SRD5A3,0.0021260032922745045
FAM180B,0.002125711299500635
C1QTNF4,0.002125711299500635
KBTBD4,0.002125711299500635
PTPMT1,0.002125711299500635
NDUFS3,0.002125711299500635
GRSF1,0.002124910597718112
DMTF1,0.0021248256893456733
TMEM243,0.0021248256893456733
DCK,0.0021247942328432756
GPNMB,0.002124548069307617
GAS1,0.0021233246116493408
SPAG9,0.0021231741275003616
EVPL,0.0021226999601724732
BPIFB4,0.0021226988275622524
ABCC3,0.0021226847741829327
U1|ENSG00000271739.1,0.002122440595158782
RN7SL412P,0.0021210897408484425
DOCK8,0.0021210897408484425
C9orf66,0.0021210897408484425
KANK1,0.0021210897408484425
FAM138C,0.0021210897408484425
CBWD1,0.0021210897408484425
FOXD4,0.0021210897408484425
ZNF169,0.002121040745450062
TOMM7,0.0021209520765885304
SNORD93,0.0021209520765885304
EXOC7,0.0021201475350222515
CASD1,0.002119956057079421
SIGMAR1,0.0021198782693071065
ARID3C,0.0021198782693071065
GALT,0.0021198782693071065
IL11RA,0.0021198782693071065
DCUN1D3,0.002119788402890919
PSPH,0.002119510036404928
C9orf153,0.002118082172406478
MIR199B,0.0021180810305727357
SLC27A4,0.0021180810305727357
COQ4,0.0021180810305727357
TRUB2,0.0021180810305727357
SWI5,0.0021180810305727357
GOLGA2,0.0021180810305727357
DNM1,0.0021180810305727357
MIR3154,0.0021180810305727357
FGF9,0.0021175844214617536
RN7SL560P,0.002116973588316484
ZER1,0.002116973588316484
snoU13|ENSG00000239055.1,0.002116973588316484
ZDHHC12,0.002116973588316484
ERI2,0.002116942390441573
LCN2,0.0021168758728232857
C9orf16,0.0021168758728232857
BPIFB6,0.00211650922177238
ZFP14,0.0021162305390043674
ECSIT,0.00211604939278852
RN7SL833P,0.00211604939278852
ZNF653,0.00211604939278852
MIR4655,0.0021156106357400448
ELFN1,0.0021156106357400448
LINC00665,0.0021154232680743582
EPN2,0.0021153203285839486
APPBP2,0.002115223718946722
GLE1,0.0021151088509879443
SPTAN1,0.0021151088509879443
RN7SL777P,0.002114985202025781
OTUD6B,0.002114985202025781
RHOJ,0.0021149524478088415
EIF3B,0.0021143023831412234
NAIF1,0.0021142006443005436
TRIQK,0.002113578086206197
RNA5SP436,0.0021128641024073056
TBC1D26,0.002112741800688966
ZNF286A,0.002112741800688966
TM9SF4,0.0021126158620018457
TSPY26P,0.002112272355140296
TMEM184A,0.0021118732762888046
PSMG3,0.0021118732762888046
MAFK,0.0021118732762888046
TRABD2B,0.0021107471013153928
RN7SL592P,0.0021107399674041524
ADAMTSL2,0.002110353781239856
FAM163B,0.002110353781239856
HPN,0.0021100057662209286
RET,0.002109877845180376
CDCA7L,0.0021089608025677753
LINC00904,0.0021087701474505082
WDR34,0.0021085049122392726
TMED5,0.0021081843656391907
CCDC18,0.0021081843656391907
NOVA2,0.0021080646297644483
TMPRSS11A,0.002107515468013849
WDR5,0.002107075260111813
LINC00094,0.002107075260111813
BRD3,0.002107075260111813
PRKD1,0.002106822368812028
C9orf114,0.002106607603079665
CCBL1,0.002106607603079665
ENDOG,0.002106607603079665
TBC1D13,0.002106607603079665
NAA35,0.002106362114890507
GBGT1,0.0021063094209161646
TMPRSS11D,0.002106278026905828
PSMC3,0.0021061944933510246
GOLM1,0.0021059425311741272
CTSL3P,0.002105825251930993
TEN1,0.002105466761329202
CDK3,0.002105466761329202
CDK20,0.0021054646727269276
U6|ENSG00000271923.1,0.0021054646727269276
RN7SL627P,0.002105189669581525
ODF2,0.002104604435469096
CERCAM,0.002104604435469096
TRPV2,0.002104455859271493
PKN3,0.0021042257879329497
HMGA1P4,0.0021042257879329497
SET,0.0021042257879329497
TMEM59,0.0021037334613473488
LDLRAD1,0.0021037334613473488
MIR4487,0.0021037134695671288
MIR4781,0.0021034134263119343
VAV2,0.0021032387704269396
CGRRF1,0.002103043508335067
PLAGL2,0.002103020570335895
NUDT1,0.002102825118449899
FTSJ2,0.002102825118449899
SNORD24,0.002102702682989982
SURF6,0.002102702682989982
MED22,0.002102702682989982
RPL7A,0.002102702682989982
SNORD36A,0.002102702682989982
SURF2,0.002102702682989982
SNORD36B,0.002102702682989982
SURF4,0.002102702682989982
SNORD36C,0.002102702682989982
SURF1,0.002102702682989982
IL6,0.002102402423265573
SPI1,0.0021022254115801516
LMX1B,0.002102161548139131
SCN1B,0.002102084076992779
TCEANC2,0.0021018806269317916
MRPS28,0.002101666037757423
ABO,0.0021016523892359476
YTHDC1,0.0021015553158880654
FAM25D,0.0021014806054080602
AGAP7,0.0021014806054080602
RNA5SP316,0.0021014806054080602
AGAP8,0.0021014806054080602
TIMM23B,0.0021014806054080602
FAM21D,0.0021014806054080602
SNORA74|ENSG00000223182.1,0.0021014806054080602
GRIN2C,0.0021010745583530384
LRFN3,0.0021006864548724605
BPIFB3,0.00209975970435664
CD22,0.0020996265685493845
ACSL3,0.002099315147551077
ZBTB34,0.0020993074414419554
DEFB119,0.0020984611510029573
SNORA40|ENSG00000212134.1,0.0020984611510029573
snoU13|ENSG00000238598.1,0.0020982182091371735
LSR,0.002098110876191
CDCP2,0.00209771736414653
UMOD,0.0020976521702803187
SNORD65|ENSG00000212264.1,0.002097441954174714
BMS1,0.0020974133186571283
SNORD121B,0.002097279075367202
SH2D3C,0.0020969419122107715
LINC00557,0.0020967694435533504
TOR2A,0.0020963922625615297
TTC16,0.0020963922625615297
C9orf117,0.0020963922625615297
MIR3911,0.0020963922625615297
PTRH1,0.0020963922625615297
INTS1,0.002096252033095254
ZFHX3,0.002096007578461793
snoU13|ENSG00000238732.1,0.0020959405736633856
CALB1,0.002095726958180864
URM1,0.0020952807488263964
CD300LF,0.0020950097370983447
CEP135,0.0020947011409434084
STX17,0.0020946918249155518
MMP3,0.0020945618882392014
TRA2A,0.0020943656296461004
MIR4269,0.0020933246406745205
RIMS2,0.0020920907829879145
ACOX1,0.002091992690713563
RALGDS,0.0020912697978549225
NR4A3,0.002090975647932623
MIR2467,0.002090766150129156
LINC00645,0.002090253782579626
SLC26A7,0.00209023566282714
SOX9,0.0020900708524700367
CIZ1,0.002089637679094177
SNORD112|ENSG00000251824.1,0.002089482407327182
ZNF625,0.00208945414117339
ZNF136,0.00208945414117339
FAM219A,0.002089283876563902
RNU6ATAC5P,0.0020890900834421317
SEPT14,0.002088565846164122
RN7SKP231,0.0020885203770140076
TMPRSS11BNL,0.002088496906397232
TMPRSS11B,0.002088496906397232
FTLP10,0.002088496906397232
MAPRE1,0.002088171987905501
LUC7L3,0.002088139894420941
U3|ENSG00000252299.1,0.0020874736682291763
ANKRD40,0.0020874210214059615
APOE,0.002087375804503716
APOC1,0.002087375804503716
APOC1P1,0.002087375804503716
TOMM40,0.002087375804503716
CYB5RL,0.002087195510526064
MRPL37,0.002087195510526064
C1orf191,0.002087195510526064
RANBP6,0.002086939264073825
TBX2,0.0020857465212485915
C17orf82,0.0020857465212485915
ZNF208,0.0020856341026458196
OBP2B,0.0020854421262613563
SLC39A13,0.002085286583279792
MOB1B,0.0020852755860816257
SNHG16,0.0020848083949505667
SNORD1B,0.0020848083949505667
C9orf24,0.0020845851894323642
RMND5A,0.0020843051092018085
CD8A,0.0020843051092018085
LINC00535,0.0020842932150270713
RAB37,0.0020838468493531784
snoU13|ENSG00000239134.1,0.0020833555955960532
EVPLL,0.002083056455832092
FXYD3,0.002082813915813174
MIR1269A,0.0020827155588352196
LYPD5,0.00208251452255597
TOP1MT,0.0020823952445399776
CCDC47,0.0020818264014466534
STRADA,0.0020818264014466534
CATSPERD,0.0020818022822906
DBH,0.002080927321860332
PPP3R2,0.002080160361115458
CTSL,0.002079848195554299
MICU2,0.002079242369790626
FAM126A,0.002078997901874418
MAG,0.0020789093604986417
RNA5SP261,0.002078745684695052
GC,0.002078656979054326
MICALL2,0.0020786542677321256
OSTF1,0.0020781748337987435
RN7SL571P,0.0020777626085227655
FAM120AOS,0.0020770311047008144
LINC00643,0.002076961517123974
AZI1,0.0020759437412095614
ZNF248,0.0020757138895139216
CCL27,0.0020753260118496334
CCL21,0.0020749202428733174
FAM205A,0.0020749202428733174
CCL19,0.0020749202428733174
SLC2A8,0.002074446991380679
ZNF79,0.002074446991380679
RPL12,0.002074446991380679
SNORA65,0.002074446991380679
LRSAM1,0.002074446991380679
FAM129B,0.002074446991380679
STXBP1,0.002074446991380679
SLC25A25,0.002073939995444339
RNU6ATAC,0.002073848779580539
PTCH1,0.002073701819065378
KIAA1161,0.0020731824931269197
NUDT2,0.0020731824931269197
UNCX,0.0020730111024679994
CD8B,0.0020729717321440254
PROL1,0.002072333133842975
DDHD1,0.002071287559135661
RNA5SP242,0.002070626076724433
RNA5SP243,0.002070626076724433
FAM71F2,0.002070626076724433
METTL2B,0.002070626076724433
HILPDA,0.002070626076724433
FAM71F1,0.002070626076724433
CELP,0.0020705192025061193
GTF3C5,0.0020705192025061193
CEL,0.0020705192025061193
snoU13|ENSG00000238657.1,0.0020705192025061193
SLC39A11,0.0020704553326771524
THUMPD1,0.002070184233613233
LPPR1,0.0020701680863203283
ACSM3,0.002070132013201321
MIR5196,0.0020688514237074056
SARDH,0.002068630132490181
GRIN3A,0.002068027245232336
ZNF433,0.0020674766382304615
RNA5SP465,0.0020674766382304615
NMRK1,0.00206730264929763
C9orf41,0.00206730264929763
C9orf40,0.00206730264929763
RNY4P1,0.00206730264929763
SPIN1,0.0020668447421858726
SPECC1,0.0020664725861232434
RN7SL201P,0.002066410473889646
RNF216,0.0020659253235273327
FBF1,0.00206560504648818
MRPL38,0.00206560504648818
BARX1,0.0020651414798929686
POM121C,0.0020650024113379527
PMS2P3,0.0020650024113379527
FAM151A,0.0020647228749252557
KIF24,0.002064631941075288
CABS1,0.0020645134881830205
SMR3A,0.0020643921001818008
RNA5SP466,0.002064137685477188
ZNF844,0.002064137685477188
ZNF878,0.002064137685477188
TYW1B,0.0020632237254912134
RN7SL377P,0.0020632237254912134
RN7SL625P,0.0020632237254912134
HAMP,0.002062950657623769
USF2,0.002062950657623769
RN7SL5P,0.0020628843760434703
RHBDF2,0.0020625777069732806
AANAT,0.0020625777069732806
TAF1L,0.002062280003153003
ZNF780A,0.0020614843900161953
EXOC1,0.002061173866152013
SNORD121A,0.0020610752635733783
HEY1,0.0020609784684344737
UGT2B4,0.0020608049043537523
NFKBID,0.002060608473598947
HCST,0.002060608473598947
TYROBP,0.002060608473598947
LGI4,0.002060325654191493
FXYD1,0.002060325654191493
UGT2A2,0.0020601123914400893
UGT2A1,0.0020601123914400893
SMR3B,0.0020595224652491563
CHMP3,0.0020588312454909146
ST6GALNAC2,0.00205776707289935
SSBP3,0.0020576396992181105
NAT16,0.0020562462410738747
MOGAT3,0.0020562462410738747
MIR4653,0.0020562462410738747
AP1S1,0.0020562462410738747
VGF,0.0020562462410738747
GET4,0.002056152323032315
GPER,0.002056152323032315
CYP2W1,0.002056152323032315
ZFAND2A,0.002056152323032315
GPR146,0.002056152323032315
COX19,0.002056152323032315
ADAP1,0.002056152323032315
C7orf50,0.002056152323032315
MIR339,0.002056152323032315
RNU4ATAC9P,0.002055259124709091
RN7SL642P,0.00205504073346159
RNF103,0.002054729892219232
ZNF442,0.0020542152916042944
ZNF563,0.0020542152916042944
ZNF799,0.0020542152916042944
ZNF443,0.0020542152916042944
APOC4,0.00205394407160162
SNORD112|ENSG00000252646.1,0.0020538276470968043
KDM3A,0.0020536542707855075
MMP12,0.002053243269292556
KCNN4,0.0020524372289522966
FFAR1,0.0020519893462203806
MAD1L1,0.002051866911816705
ZNF708,0.0020514519731943425
C9orf170,0.002051358932654456
SNORA26|ENSG00000212421.1,0.002051358932654456
RNA5SP373,0.0020511795166858475
FAM109A,0.0020511795166858475
FAM20C,0.0020510545009960047
PDGFA,0.0020510545009960047
FUBP3,0.0020506451258290545
CCDC63,0.0020506214039125443
MYL2,0.0020506214039125443
DAPK1,0.0020504982971295766
LINC00238,0.002050163425725131
LINC00681,0.0020500390216046448
SERTAD3,0.00204873829594442
LYPD3,0.002047837373290474
SMC2,0.0020475875488052617
HVCN1,0.002047336018411968
DCDC1,0.002047269033758918
ZNF599,0.0020467832724676686
TMEM104,0.0020461573236889696
SLC35D2,0.0020459119528611043
ZNF367,0.0020459119528611043
RN7SKP123,0.0020458650249161403
CYLC2,0.0020451048695734296
CYTH3,0.0020448363113408545
SMARCA2,0.0020447073403141894
RN7SL387P,0.002044223245109322
TCTN1,0.002044223245109322
PPTC7,0.002044223245109322
FDXR,0.0020429858116566986
WWP1,0.002042806556461975
PWRN2,0.002042786123635448
TP53TG1,0.002042477869288199
KLHL7,0.0020424710639303035
SUN1,0.002041793582703584
MIR4440,0.002041585058853499
MIR4441,0.002041585058853499
TWIST2,0.002041585058853499
C9orf106,0.002041175524549586
NAT9,0.0020410070941716514
MIR3163,0.0020403162171387062
SNORA58|ENSG00000201003.1,0.0020400156087262877
NDC1,0.0020400156087262877
FIS1,0.00203917471629814
ZNHIT1,0.00203917471629814
PLOD3,0.00203917471629814
CLDN15,0.00203917471629814
TMPRSS5,0.0020390103101240163
RNU4ATAC11P,0.0020386633993660108
GPR42,0.0020382931986051237
FFAR3,0.0020382931986051237
AHCY,0.0020380714851067966
ATP2A2,0.002037698504027622
ORMDL3,0.0020376735602716176
SELRC1,0.0020376513392078898
FAM159A,0.0020376513392078898
SNORA7|ENSG00000201316.1,0.002037532414732766
PTGER2,0.0020363787797904346
GRM8,0.002035667436858684
PTPDC1,0.0020347437040973224
MARK4,0.0020345533780873806
DNAH11,0.0020344926287707197
TNS3,0.0020337840310782735
VEZF1,0.0020334788937409034
MIRLET7DHG,0.0020333013872810457
MIRLET7A1,0.0020333013872810457
snoU13|ENSG00000238792.1,0.0020333013872810457
MIRLET7F1,0.0020333013872810457
MIRLET7D,0.0020333013872810457
GARNL3,0.0020330237652222416
PC,0.0020321061690968967
RN7SL242P,0.002031286530176015
LRRC40,0.002031286530176015
SERPINE1,0.0020312855597941033
TMPRSS11GP,0.0020311545666117942
IMPDH1,0.0020307925845270977
PRRT4,0.0020307925845270977
RBM28,0.0020307925845270977
GSDMB,0.0020305322422909675
GRB10,0.0020299676055869284
C11orf86,0.0020295334182353366
GPC6,0.0020286558718505625
MAP3K14,0.002028167542393121
ATP1A3,0.0020280493486866044
MIR644A,0.0020277421889680386
RN7SL41P,0.002027144992187679
SPDYE3,0.0020268877829307487
ASB1,0.002026661443766622
TRAF3IP1,0.002026661443766622
SLC7A13,0.002026188634923218
DCAF12,0.0020254688542977904
PHYHD1,0.002024688839812812
LRRC8A,0.002024688839812812
FAM73B,0.002024688839812812
SH3GLB2,0.002024688839812812
NUP188,0.002024688839812812
DOLK,0.002024688839812812
MAGEL2,0.002024386360843284
NDN,0.002024386360843284
TRPM6,0.002024210809814732
RN7SL161P,0.0020240644809391773
C7orf61,0.0020240644809391773
PPP1R35,0.0020240644809391773
NYAP1,0.0020240644809391773
TSC22D4,0.0020240644809391773
MEPCE,0.0020240644809391773
HDAC4,0.002023812589197908
ACSM1,0.0020233738563729805
CNBD1,0.0020232647562378964
GVQW1,0.0020226119384729106
GRM3,0.0020225609231034223
ZPBP2,0.0020225372812712372
ZNF181,0.0020220104890304523
snoU13|ENSG00000238298.1,0.0020217539116733356
RN7SL665P,0.0020217539116733356
ASS1,0.0020217539116733356
TRIM16,0.0020213994034393983
PAICS,0.0020212153034001226
SRP72,0.0020212153034001226
SIX4,0.002020933145056901
FRMD3,0.0020207959762862993
SERTAD1,0.0020205195090474727
SLC25A21,0.002020269607258126
AATK,0.0020200618846694775
C9orf3,0.002019642684353588
HSPB11,0.002019558632383615
LRRC42,0.002019558632383615
DIO1,0.002019558632383615
SYNDIG1,0.0020194974377486696
YIPF1,0.002019471605312581
LINC00644,0.0020189767544286884
DOLPP1,0.002018381300184753
STAG3L5P,0.0020179770009693607
PILRA,0.0020179770009693607
ZCWPW1,0.0020179770009693607
PILRB,0.0020179770009693607
C8orf4,0.0020175489067894106
MIR4423,0.0020173869721563514
ABTB2,0.0020173712232458532
BRI3,0.002017272244294558
STMN2,0.00201667467096612
TGM2,0.0020166016363443867
GPN3,0.002016530494821637
ARPC3,0.002016530494821637
GPHN,0.002015622694490027
FZD1,0.0020152063317590107
WTAPP1,0.002015198976204246
L3HYPDH,0.0020147339288407104
GPR135,0.0020147339288407104
ELF5,0.0020142866518454107
CAT,0.0020142866518454107
RN7SL416P,0.0020139441161425597
AGFG2,0.0020139441161425597
MIR3615,0.0020137640840172492
SLC9A3R1,0.0020137640840172492
snoU13|ENSG00000238815.1,0.002012082263324055
ZNF30,0.002010480792992669
PRR22,0.0020104763718852285
DUS3L,0.0020104763718852285
MIR5586,0.002009229773003469
KIAA1755,0.0020091458342785403
ACTL7A,0.002008888871291518
ACTL7B,0.002008888871291518
ARL9,0.0020085400465459486
MAFG,0.0020082334739803098
MYADML2,0.0020082334739803098
PYCR1,0.0020082334739803098
ADAM22,0.0020081088624860103
PTPRN,0.0020075665534798866
TUBA4A,0.0020075665534798866
TUBA4B,0.0020075665534798866
DNAJB2,0.0020075665534798866
S1PR3,0.002007159394986053
C9orf47,0.002007159394986053
MYCBP2,0.0020069163233367615
CKS2,0.002006447725504336
MIR3153,0.002006447725504336
HMBOX1,0.002005798861807666
INTS9,0.002005798861807666
ANGPTL2,0.0020057204278310014
CUEDC1,0.002005444696257809
FAM211A,0.002005170644869785
ZNF69,0.002005057477946199
ZNF440,0.002005057477946199
ZNF439,0.002005057477946199
ZNF491,0.002005057477946199
ZNF408,0.0020043908400661403
ASB6,0.0020040873484405697
RPTOR,0.002003890295358649
PEG10,0.0020038000771030154
C11orf49,0.0020035751613384856
RN7SL854P,0.0020032981530343024
SIX1,0.002003168759560911
RN7SL588P,0.0020022918407673726
GNPNAT1,0.0020022918407673726
PSMC6,0.0020022918407673726
ERO1L,0.0020022918407673726
GPR137C,0.0020022918407673726
STYX,0.0020022918407673726
DAAM1,0.0020021998882314854
SPATA6,0.0020014520525761816
RN7SKP30,0.0020007521144349253
PDCL2,0.0020007521144349253
MIR4508,0.0020006005116918212
RABL5,0.002000496954740412
SYDE2,0.0020002727586475623
SGCE,0.002000002898609538
BAIAP2L1,0.0019995755566848384
LINC00963,0.0019995332106867284
RN7SL159P,0.0019983878116995434
CDKN3,0.001997876461229858
MCOLN3,0.0019971749997216744
CHMP6,0.0019971673699015467
HOPX,0.001994814667650564
NSUN5P1,0.0019946431997676806
IRG1,0.0019940628110650307
KCTD12,0.0019940628110650307
CKAP5,0.0019933141994458933
SRSF1,0.001993127337718573
CRYM,0.0019921335952040632
ANKS4B,0.0019921335952040632
HTR5A,0.0019919467977335954
PPAT,0.001991908383947322
CST5,0.0019909516821395765
TECPR1,0.001989386029751454
BHLHA15,0.001989386029751454
KCND2,0.001988611882228106
ZBTB1,0.001988171993626728
ZBTB25,0.001988171993626728
WBP2,0.0019878563627198395
TRIM65,0.0019878563627198395
TRIM47,0.0019878563627198395
NMU,0.00198718567292956
FAM19A2,0.0019868216472106563
RNA5SP260,0.0019859421531935356
UNC13D,0.001985659836352193
NOTUM,0.00198565400843882
MIR5582,0.0019853343729780855
SNORD67|ENSG00000252427.1,0.0019853343729780855
SNORD67|ENSG00000212135.1,0.0019853343729780855
F2,0.0019853343729780855
CNIH,0.001984353600332023
CD248,0.001984341727192096
CDRT15,0.001983356774496016
CDRT7,0.001983356774496016
CDRT8,0.001983356774496016
HS3ST3B1,0.001983356774496016
MIR4731,0.001983356774496016
SNORA74|ENSG00000252129.1,0.001983356774496016
PMP22,0.001983356774496016
RN7SL792P,0.001983356774496016
CDRT1,0.001983356774496016
TEKT3,0.001983356774496016
snoU13|ENSG00000238806.1,0.001983356774496016
TVP23C,0.001983356774496016
CDRT4,0.001983356774496016
MIR4665,0.0019829809301558114
SLC4A4,0.0019824714764148286
THEGL,0.00198210819095192
CNPY1,0.001982072037811702
MCOLN2,0.0019819032987096856
RN7SL491P,0.0019818968121035722
FAM76B,0.0019816307200821986
RGPD1,0.0019814302267112654
LINC00152,0.0019814302267112654
PLGLB1,0.0019814302267112654
PLGLB2,0.0019814302267112654
NDUFB6,0.0019806476180471637
SEPT7P9,0.0019801989523864335
GRAMD1A,0.001979568357176199
ABCC4,0.0019794695450557694
ZNF792,0.0019792031631840523
MIR338,0.0019786694796061857
MIR1250,0.0019786694796061857
MIR657,0.0019786694796061857
JAK1,0.0019780737746958525
PEMT,0.0019779721016191395
C19orf54,0.0019778494849811514
CRAT,0.0019766919151306406
PRPSAP2,0.0019766097963676366
MIR4786,0.001976313417831088
SPATA32,0.0019760329591593036
PPP2R4,0.001975813252893896
ERP44,0.001975148066426662
PARG,0.0019740726690506616
GMFB,0.0019737670332710846
PPP1R37,0.0019733132150934985
IKBKAP,0.001972066375518187
COL28A1,0.0019719362138462646
ITCH,0.001970831411537607
AASDH,0.00197073565306238
RNA5SP162,0.00197073565306238
CLN5,0.0019704469572245746
FBXL3,0.0019704469572245746
ACSM2A,0.0019704119146091823
ACSM2B,0.0019704119146091823
CPQ,0.0019704017455380875
RN7SL699P,0.001970119133714715
ZC3H7A,0.0019699554990824696
PAXIP1,0.001969889971526174
HMCN2,0.001969500551685388
MRGPRD,0.0019688918079770737
BLACE,0.0019688769298125052
INSIG1,0.0019688769298125052
LRP4,0.001968564571340093
BCAR4,0.0019682452343743355
KIF13B,0.001967713195262259
HSD17B7P2,0.00196767677824815
MBTD1,0.0019662129682959727
ZNF728,0.0019655569397788687
ERN2,0.00196515129868274
EN2,0.0019639842898641455
PRR21,0.0019637072363645302
OR6B3,0.0019637072363645302
NDUFA10,0.0019634059152082244
PDE3A,0.001963273348150392
TOPORS,0.001962978622826825
MGAT5B,0.0019624343853494436
ZNF91,0.0019615654251470835
SRSF11,0.001961031695668151
ANKRD13C,0.001960530710397118
SLC13A4,0.0019603690002872832
RNA5SP468,0.001960351893705529
ZNF703,0.0019599278167172296
RNF126P1,0.0019597866342380187
ZNF37A,0.001959518788494041
C7orf49,0.0019592269578756604
WDR91,0.0019592269578756604
TMEM140,0.0019592269578756604
STRA8,0.0019592269578756604
RASD1,0.0019591444315348195
MED9,0.0019591444315348195
DDX58,0.001958763590524708
TRIM73,0.0019575760090023275
STAG3L1,0.0019575760090023275
C14orf39,0.001957436078470926
KIAA2026,0.001957166513447894
SOS2,0.0019560860949548744
DHRS7,0.0019557802545093856
PCNXL4,0.0019557802545093856
DNAJC6,0.0019551637706010203
LEPR,0.0019551637706010203
LEPROT,0.0019551637706010203
GRIK5,0.0019549973180061626
TMEM159,0.0019548684305237076
ZP2,0.0019548684305237076
YIF1A,0.001954643734442884
CCDC175,0.0019544765064355594
JKAMP,0.0019544765064355594
MIR4504,0.001954342060029457
U8|ENSG00000202537.1,0.0019538007476880685
OR6B2,0.0019523939965868503
MIR5100,0.00195181756409823
AK4,0.0019516469894387358
MKRN3,0.001951207726769972
AKAP5,0.0019508579544049477
RN7SKP280,0.0019508371175927296
LINC00868,0.0019504568481405358
PDILT,0.0019504062748046962
TLE4,0.001950072920367221
BTBD3,0.0019500522612039151
C7orf73,0.0019495231440924137
RN7SKP111,0.001949197810672033
LINC00687,0.001949197810672033
MPP5,0.0019491792943406871
ATP6V1D,0.0019491792943406871
RN7SL437P,0.0019482523538407698
ZNF431,0.001948064035740876
SNORA19|ENSG00000251974.1,0.0019472945497474904
C14orf183,0.001946560981131442
METTL21D,0.001946560981131442
RNA5SP443,0.0019463727012180552
PSPC1,0.001946114120519803
RN7SL166P,0.001946114120519803
MPHOSPH8,0.001946114120519803
LINC00350,0.001946114120519803
ZMYM5,0.001946114120519803
snoU13|ENSG00000238665.1,0.001946114120519803
PPP1R3A,0.0019456584499222731
HSPA2,0.0019442868397531253
MIR3666,0.001943473795247612
snoU13|ENSG00000239145.1,0.0019433287861002745
MIR4468,0.0019433287861002745
AKR1D1,0.0019433287861002745
GPR107,0.0019425066466892758
LMTK2,0.0019422583849210005
MTPN,0.0019416826172322507
SGCZ,0.0019407061958694226
RN7SKP223,0.0019403149223269172
SRP68,0.0019400301303918684
GTPBP10,0.0019399892380604325
CREB3L2,0.0019396874746641602
U3|ENSG00000253014.1,0.00193968009817271
ATP6V0D2,0.0019394533180605049
C17orf112,0.0019393072479451043
STEAP1B,0.0019388597868526729
IER5L,0.0019387446897812344
SIX6,0.0019383100509354975
DMRT2,0.0019378501325692788
RNA5SP279,0.0019378501325692788
DMRT3,0.0019378501325692788
IKZF3,0.0019375818419903963
KCTD15,0.0019375353524259317
VLDLR,0.0019359173960812087
RNA5SP372,0.0019358055235903335
SSH1,0.0019358055235903335
ALKBH2,0.0019358055235903335
UNG,0.0019358055235903335
MIR619,0.0019358055235903335
SVOP,0.0019358055235903335
ACACB,0.0019358055235903335
DAO,0.0019358055235903335
USP30,0.0019358055235903335
TMEM119,0.001935736478711162
SNORA40|ENSG00000264043.2,0.001935736478711162
CORO1C,0.001935736478711162
SELPLG,0.001935736478711162
FAM180A,0.0019357324393966626
DCUN1D5,0.0019355281758015827
LUZP6,0.0019354292905258922
LINC00607,0.0019351893195986168
NCS1,0.0019350110540651676
ANKRD13A,0.0019346605293440746
C12orf76,0.0019346605293440746
MIR4497,0.0019346605293440746
TCHP,0.0019346605293440746
GLTP,0.0019346605293440746
GIT2,0.0019346605293440746
RN7SL441P,0.0019346605293440746
SNORA25|ENSG00000202377.1,0.0019344964468132333
ZNF99,0.0019339783862539635
ZNF788,0.0019334062404627293
RNA5SP467,0.0019334062404627293
ZNF20,0.0019334062404627293
DMRT1,0.0019328306748203903
UTP18,0.0019317676914215973
ACSM5,0.001931042946066759
MEGF8,0.0019308358815537537
TMEM145,0.0019308358815537537
MYL10,0.0019294287547231656
TMEM151A,0.0019291801375769914
SLC1A1,0.0019289660451239006
FAM71D,0.0019282536474565066
ZNF446,0.0019279685913490816
ZNF324B,0.0019279685913490816
MIR4754,0.0019279685913490816
RPS5,0.0019279685913490816
CHMP2A,0.0019279685913490816
ZNF837,0.0019279685913490816
RN7SL525P,0.0019279685913490816
TRIM28,0.0019279685913490816
ZNF584,0.0019279685913490816
RPL23AP79,0.0019279685913490816
UBE2M,0.0019279685913490816
ZNF324,0.0019279685913490816
RN7SL693P,0.0019279685913490816
ZBTB45,0.0019279685913490816
MZF1,0.0019279685913490816
RNA5SP473,0.0019279685913490816
SLC27A5,0.0019279685913490816
ZNF132,0.0019279685913490816
TMEM215,0.0019276235677075629
ARHGAP1,0.0019274239483274462
RN7SKP94,0.0019267084922521354
PPP1R36,0.0019267002759161592
MRPS23,0.0019263860483113176
KDR,0.0019259436907532513
RN7SL822P,0.0019253079411931673
CHST8,0.0019251407232488546
SPATA6L,0.0019250555847726363
SLC5A5,0.001924936233932767
RPL18A,0.0019246177528083606
SNORA68|ENSG00000207166.1,0.0019246177528083606
TEX2,0.0019244218082745362
JAK3,0.0019241763491447113
INSL3,0.001924092538322499
MAGOH,0.0019231227752503812
C1orf123,0.0019231227752503812
CPT2,0.0019231227752503812
ARHGEF18,0.0019229814377285052
FFAR2,0.0019219198769872855
TFR2,0.00192186886200299
PSMC4,0.0019216452950383011
UBE3B,0.00192144418872267
CXCL2,0.0019188638176159806
DEC1,0.0019186413932016533
ACTL6B,0.001918257070266023
PRUNE2,0.0019181375390310929
NT5M,0.001917935546994436
IKZF2,0.001917283082426075
snoU13|ENSG00000238654.1,0.001917017301935271
PPP1CC,0.0019166340621403926
C9orf9,0.0019161202640082722
MIR4794,0.0019154825744585597
CACHD1,0.0019154825744585597
PSKH2,0.0019154800183739077
DEDD2,0.0019153586236869001
ZNF526,0.0019153586236869001
TRMT5,0.0019153470506160998
TEX10,0.0019150782871251626
MFSD11,0.0019145864149856659
CCDC57,0.0019140862298822128
JMJD6,0.0019139908106763708
SRSF2,0.0019139908106763708
MIR636,0.0019139908106763708
METTL23,0.0019139908106763708
C1orf52,0.0019138799471834296
GATSL2,0.0019135185310025467
FMNL1,0.0019134911631239569
SMARCD2,0.0019133597140094873
GH2,0.0019133597140094873
CSH1,0.0019133597140094873
TCAM1P,0.0019133597140094873
RN7SL805P,0.0019133597140094873
CSH2,0.0019133597140094873
PSMC5,0.0019133597140094873
FTSJ3,0.0019133597140094873
DDX42,0.0019133597140094873
CHRM2,0.0019133558227495602
MVK,0.0019132853855005755
FOXN4,0.0019132853855005755
MYO1H,0.0019132853855005755
KCTD10,0.0019132853855005755
MMAB,0.0019132853855005755
SCN4A,0.001913176098507841
CSHL1,0.0019126927025953488
CD79B,0.0019126927025953488
GH1,0.0019126927025953488
TTC12,0.0019125972181634528
CHP2,0.0019124096351115774
USP42,0.0019121808924404222
RN7SKP250,0.0019110471806674323
FAM222A,0.0019110471806674323
PLK1,0.0019103940547437678
CCDC124,0.00191020229138788
ZNF574,0.0019097753781219776
POU2F2,0.0019097753781219776
CLPTM1,0.001909722016549878
snoU13|ENSG00000238931.1,0.001908823079695503
KCNH5,0.0019086474411865323
L2HGDH,0.0019076136627248859
MSR1,0.0019069227675750197
ASB15,0.0019064748201438858
RNF148,0.0019053931654515368
RNF133,0.0019053931654515368
RBM33,0.0019051767390283099
RFK,0.0019050632911392406
IFT81,0.0019049363306806674
SYK,0.0019047650376764304
GATSL1,0.00190451620263536
WBSCR16,0.00190451620263536
GTF2IRD2B,0.00190451620263536
snoU13|ENSG00000238488.1,0.001904039282453673
SVIP,0.001903655927814326
CCDC179,0.001903655927814326
LITAF,0.0019035870178712713
CLASRP,0.0019035679758581119
C16orf52,0.0019032843525383302
RN7SL245P,0.0019032843525383302
snoU13|ENSG00000238954.1,0.0019032843525383302
snoU13|ENSG00000238712.1,0.0019032843525383302
VWA3A,0.0019032843525383302
UQCRC2,0.0019032843525383302
SMG1P1,0.0019032843525383302
SDR42E2,0.0019032843525383302
SCARNA6|ENSG00000252798.1,0.0019032843525383302
RRN3P3,0.0019032843525383302
RRN3P1,0.0019032843525383302
snoU13|ENSG00000239172.1,0.0019032843525383302
POLR3E,0.0019032843525383302
NPIPB4,0.0019032843525383302
IGSF6,0.0019032843525383302
EEF2K,0.0019032843525383302
NPIPB3,0.0019032843525383302
METTL9,0.0019032843525383302
CDR2,0.0019032843525383302
NPIPB5,0.0019032843525383302
OTOA,0.0019032843525383302
PDZD9,0.0019032843525383302
ANKK1,0.0019032458177604817
DGKI,0.001903031136209021
HELZ,0.0019024980512004279
GIGYF1,0.0019018711794280476
GNB2,0.0019018711794280476
PF4,0.0019018492645515614
PPBP,0.0019018492645515614
CXCL5,0.0019018492645515614
RN7SL218P,0.0019018492645515614
CXCL3,0.0019018492645515614
PPBPP2,0.0019018492645515614
SCP2,0.0019018073542560543
SNORD112|ENSG00000252356.1,0.0019017959570411143
MIR4323,0.0019017959570411143
KDELR2,0.0019016441552931213
GSK3A,0.0019016158523454717
TPTE2,0.001901488960207159
RHBDD2,0.001901415170167859
ATP5S,0.0019013697940976706
REG1B,0.0019012973697701005
REG1A,0.0019012973697701005
REG1P,0.0019012973697701005
REG3A,0.0019012973697701005
REG3G,0.0019012973697701005
ANKRD17,0.0019008429358006484
SNORA3|ENSG00000221639.1,0.0019008429358006484
RN7SL851P,0.0019006894844777595
ANKRD61,0.0019006894844777595
EIF2AK1,0.0019006894844777595
SNORA42|ENSG00000207217.1,0.0019006894844777595
AIMP2,0.0019006894844777595
ZNF815P,0.0019006894844777595
OCM,0.0019006894844777595
CCZ1,0.0019006894844777595
RSPH10B,0.0019006894844777595
PMS2,0.0019006894844777595
RN7SL556P,0.0019006894844777595
BAIAP2,0.0019004641350210945
RXRA,0.0019004430706495079
AP1G2,0.0019002114414759285
JPH4,0.0019002114414759285
THTPA,0.0019002114414759285
CST4,0.0019001545983190358
LAT2,0.0018995327708606676
RNA5SP233,0.0018994238717271938
LRRC7,0.0018993672194014346
RABAC1,0.0018991296244817073
CSNK1D,0.001899099767726329
SLC16A3,0.001899099767726329
snoU13|ENSG00000238947.1,0.001899099767726329
COX18,0.0018974513254243067
ACOT11,0.00189717365067782
MIR29A,0.0018971594355047497
MIR29B1,0.0018971594355047497
RAC1,0.0018963545718124622
DAGLB,0.0018963545718124622
ZNF296,0.0018962615612115514
GEMIN7,0.0018962615612115514
CNFN,0.0018959034012380205
XRCC1,0.001895901678695451
ZNF575,0.001895901678695451
MIR4301,0.0018949608051227614
DRD2,0.0018949608051227614
CNTD2,0.0018944204947966684
MAP3K10,0.0018944204947966684
AKT2,0.0018944204947966684
TTC9B,0.0018944204947966684
MTHFD2L,0.0018940538982223174
MLANA,0.0018932683921457699
CIDEB,0.0018929846243599913
LTB4R2,0.0018929846243599913
LTB4R,0.0018929846243599913
GRID2IP,0.0018928965419701595
FLJ20306,0.0018928965419701595
DNAH3,0.0018927545235691554
CXCL1,0.0018926119362711255
PF4V1,0.0018926119362711255
CXCL6,0.0018926119362711255
PCA3,0.0018923349475534299
GPI,0.001891397347538376
TRPV4,0.0018907444269704995
KCNV2,0.001890561783711447
GOSR2,0.0018905317585895115
RNU6ATAC3P,0.0018905317585895115
FBXL18,0.0018903224665865214
snoU13|ENSG00000238394.1,0.0018903224665865214
COL26A1,0.0018894190994389471
EPGN,0.001889338318570795
EREG,0.001889338318570795
MMP13,0.0018884801559253808
LRCH4,0.0018880288038977957
SAP25,0.0018880288038977957
FBXO24,0.0018880288038977957
MOSPD3,0.0018880288038977957
PCOLCE,0.0018880288038977957
ZNF33A,0.001887993783392028
ZNF25,0.001887993783392028
MIPOL1,0.0018876367025740131
snoU13|ENSG00000239171.1,0.0018868194630425644
MIR638,0.0018866116308934146
GZMH,0.0018851673820919658
CTSG,0.0018851673820919658
MDFIC,0.001884590828336664
CMA1,0.0018845296707215033
KHNYN,0.0018845296707215033
SDR39U1,0.0018845296707215033
RNA5SP238,0.0018828336664445942
CST3,0.0018823836392601223
GCNT1,0.001881971841519736
PPM1A,0.0018818859582765955
RFC2,0.001880703592115704
CLIP2,0.001880703592115704
MIR3671,0.0018798915477113624
SPHK1,0.001879128642920226
SHH,0.0018785819972580754
EPO,0.001878476490853236
POP7,0.001878476490853236
ILF3,0.001878183819482662
QTRT1,0.001878183819482662
HTN1,0.0018778282340920747
CSN1S2AP,0.0018778282340920747
C4orf40,0.0018778282340920747
ODAM,0.0018778282340920747
FDCSP,0.0018778282340920747
GLIS1,0.0018770560145531716
ASPSCR1,0.0018761350210970463
ETHE1,0.0018759822557721576
CSN1S1,0.0018755860816257056
STATH,0.0018755860816257056
CSN2,0.0018755860816257056
HTN3,0.0018755860816257056
ALB,0.0018747601748311294
AFP,0.0018747601748311294
HIP1,0.001874605240641156
AFM,0.001874482034398592
MIR548H1,0.0018737356786795618
FERMT2,0.0018735711545838137
RN7SL424P,0.0018735539535675789
EIF2S1,0.0018729616497279217
PLEK2,0.0018729616497279217
ST6GALNAC1,0.001872825389760841
MREG,0.0018722893150988366
DHRS1,0.0018715638937292283
NOP9,0.0018715638937292283
DMRTB1,0.0018706510186752457
RN7SL402P,0.0018705263735962017
ZAN,0.0018693234921235463
UBALD2,0.0018687665587282893
QRICH2,0.0018687665587282893
SUCLG1,0.0018686916336888833
DHRS2,0.0018685388957256964
FUNDC2P2,0.0018684819736003015
LRRC45,0.0018681800281293954
DCXR,0.0018681800281293954
STRA13,0.0018681800281293954
RAC3,0.0018681800281293954
snoU13|ENSG00000239144.1,0.0018679819707970097
C9orf123,0.0018675416169831656
APOC2,0.0018674114309069265
TOR1B,0.0018671258722880127
TOR1A,0.0018671258722880127
C9orf78,0.0018671258722880127
MIR548AW,0.0018667045006263365
GFI1B,0.0018660470202296337
DNAH6,0.001865603515300821
IL8,0.0018653646660950162
USP20,0.0018651841856487765
MIR589,0.001864878721448271
RNA5SP281,0.0018647644309049821
CCL26,0.0018642235232499643
RSL1D1,0.0018637659291445533
CCL24,0.001863653099217482
RELB,0.0018635061755165859
FNBP1,0.0018633327187927789
SULT1E1,0.0018614349775784777
GSPT1,0.001861213295251816
C7orf60,0.00186069440484013
RASSF6,0.001860633570987412
HTR3A,0.0018597546282767064
CUX1,0.0018596573037042042
HTR3B,0.0018588933150816961
RMDN1,0.0018585007032348826
CPNE3,0.0018585007032348826
GPR85,0.0018575546436231539
APLP1,0.001857115791207887
KIRREL2,0.001857115791207887
MIR383,0.0018570788410348725
SHC3,0.0018566278059948937
NME1,0.0018561474469181607
NME2,0.0018561474469181607
DIRAS2,0.0018558514697755188
POTEA,0.001855410057676072
U3|ENSG00000201329.1,0.001855410057676072
SGK196,0.001855410057676072
RN7SKP41,0.001855410057676072
HGSNAT,0.001855410057676072
MIR490,0.0018551124647060687
FGD3,0.0018548777599410537
SUSD3,0.0018548777599410537
C9orf89,0.0018548777599410537
NINJ1,0.0018548777599410537
WDR63,0.0018546861015215446
C7orf55,0.001852514549383303
MTHFD1,0.0018524961403533612
RNF157,0.0018498917730177139
ANKRD7,0.001849766822118589
USP16,0.0018493959413770943
RWDD2B,0.0018493959413770943
ZNF853,0.0018488968248355883
ZDHHC4,0.0018488968248355883
C7orf26,0.0018488968248355883
CCZ1B,0.00184828512835019
MIR3683,0.00184828512835019
MIR548Y,0.0018482605767053953
LINC00648,0.0018482605767053953
ATG13,0.0018482173963535028
C9orf50,0.001848195408205293
NTMT1,0.001848195408205293
USP28,0.0018478090345601906
EHF,0.0018472685956176117
ZNF12,0.0018469339465557104
SULT1B1,0.0018468695010501245
FBN3,0.001846055704637832
CCL25,0.001846055704637832
PON3,0.0018459881794703084
PON2,0.0018459475989367903
GNAQ,0.001845888968597412
FOXJ1,0.001845060520528493
ERF,0.0018445696476603994
MIOS,0.0018440492185842594
KIAA0020,0.001843539189361976
TRBV30,0.0018432685088248019
PTGES,0.0018428763635935709
PRRX2,0.0018428763635935709
CSN3,0.0018425327808366957
LINC00421,0.0018424952824341275
MSANTD3,0.0018424209681246952
MIR641,0.0018418462890249544
ZNF223,0.001841165291819887
RN7SL306P,0.0018402949448663034
IRF5,0.0018402949448663034
STRIP2,0.0018400927820791532
PLCG1,0.0018399410603958605
LINC00587,0.001839235891131689
RPA3,0.001837801428470406
RGPD2,0.0018375463301399208
ZNF180,0.0018374247448326544
HARBI1,0.001836372082220418
C9orf129,0.001835982525855943
KIAA1549,0.001835982360965708
ACTB,0.001835450109610353
TRIM45,0.001835331511738133
ACO1,0.0018350963811124498
CCT8,0.0018349991492132105
NPHS1,0.0018341305362585473
REXO1L1,0.001833852764517422
REXO1L11P,0.001833852764517422
REXO1L10P|ENSG00000270416.1,0.001833852764517422
REXO1L10P|ENSG00000255940.1,0.001833852764517422
LPIN3,0.0018337282746378736
EMILIN3,0.0018337282746378736
ROR1,0.0018336589737595055
CREB3L1,0.0018334356388008707
RN7SKP59,0.001833386309668491
CNGB3,0.0018331858646779455
RTN1,0.0018327113633259428
RAVER2,0.0018300756005990575
RN7SKP100,0.0018290384876510591
VTCN1,0.0018290138784560817
ZNF780B,0.0018283478404129666
RSPH10B2,0.001827515734389367
ZNF257,0.0018268412600676383
LRRC9,0.0018257770605342313
MXRA7,0.0018257104708546586
AGK,0.0018256400494908135
NDUFA5,0.0018254957864283067
PODN,0.0018248092268415164
SLC1A7,0.0018247951683921075
LMOD2,0.0018247812655425805
snoU13|ENSG00000238739.1,0.0018247504278796464
TMEM213,0.0018241948048743544
SVOPL,0.0018241948048743544
ATP6V0A4,0.0018241948048743544
C1GALT1,0.0018236086556820592
SPATA31E1,0.0018226856820229027
SPATA31C1,0.0018226856820229027
ZNF284,0.0018226553064869266
EXTL3,0.0018222853866216144
LSM14A,0.0018220132348499424
MIR4290,0.0018219339105415052
ASTN2,0.0018217126214213728
PLEKHG3,0.0018208841328778318
SOX6,0.0018207474700243822
PMS2CL,0.0018207271031903253
RLN1,0.001818872266973533
RLN2,0.001818872266973533
SNRPA,0.0018186452415789704
GYLTL1B,0.00181856816585652
FSCN1,0.001818149352945339
UBE2O,0.0018172345357815904
KIT,0.0018172049724697779
HIPK4,0.0018167204327487296
PRX,0.0018167204327487296
SNORA42|ENSG00000200385.1,0.0018166555335377373
U3|ENSG00000212479.1,0.0018166073581960395
snoU13|ENSG00000238384.1,0.0018164919288217451
FGF14,0.0018163242231255886
APIP,0.0018160003937750737
APOBR,0.0018159553709911455
NDUFAB1,0.001815235786854878
DCTN5,0.001815235786854878
PALB2,0.001815235786854878
TAS2R4,0.0018148324397491598
TAS2R5,0.0018148324397491598
TAS2R3,0.0018148324397491598
SSBP1,0.0018148324397491598
RAPGEF5,0.0018143033806222117
RN7SKP114,0.0018140935056225548
MIR4288,0.0018138506785377378
RNA5SP259,0.0018138506785377378
FANCC,0.001813712433681143
FZD3,0.00181336975219962
SEMA4D,0.0018127319139977344
RN7SL615P,0.0018124186779950192
CEACAM20,0.0018123823549785125
RN7SL75P,0.0018118735893927357
MDK,0.0018118685402392298
MIR4688,0.0018118685402392298
CHRM4,0.0018118685402392298
DGKZ,0.0018118685402392298
PRPSAP1,0.0018083850372545215
UBE2U,0.0018074753443059824
PON1,0.0018069381117877762
PCSK5,0.0018054977308284113
SNORA26|ENSG00000212224.1,0.0018038233190579979
EPHA5,0.0018036286919831193
ENTPD6,0.0018035541918117815
CADPS2,0.0018033557722413557
TSC1,0.0018032876041822465
PRODH2,0.001803094538565035
ARHGAP33,0.001803094538565035
ZBTB16,0.0018028054201208903
MAP3K7CL,0.0018022475567622787
AHCYL2,0.0018020861780947747
GLCCI1,0.001800456218743825
WNK2,0.0018004245725764744
NNMT,0.001800124070114995
RNA5SP282,0.0017998000558667423
ZNF484,0.0017985210137108877
TNPO3,0.0017982521785700322
ALDH1A1,0.0017980873271247063
WASL,0.0017980497782883718
RFNG,0.0017977130801687757
DYNC2H1,0.0017975111910728447
KCNE4,0.0017974337270593656
NAA38,0.0017974322673773046
ANKRD19P,0.0017968718475047597
SPTB,0.0017952991800238127
CEP78,0.0017950844193482028
PSAT1,0.0017950844193482028
CHIC2,0.0017950729409093517
ENDOV,0.0017934430379746827
MIR4730,0.0017934430379746827
RN7SKP129,0.0017933291400115377
RN7SKP187,0.00179299762911361
snoU13|ENSG00000238418.1,0.001792219483145445
RN7SKP47,0.0017908628290359608
WEE2,0.0017900376821096326
KIAA1147,0.0017900376821096326
RN7SL150P,0.001789909113374888
ISCU,0.0017896950517836596
SART3,0.0017896950517836596
FICD,0.0017896950517836596
C14orf23,0.001789480450877747
FOXG1,0.001789480450877747
ZNF227,0.0017893638359580408
PPP1R9A,0.0017891754325450088
TRPV6,0.001789001730861467
TRPV5,0.001789001730861467
C7orf34,0.001789001730861467
EPHB6,0.001789001730861467
OR6W1P,0.0017888627058439154
OR6V1,0.0017888627058439154
OR9A2,0.0017888627058439154
KEL,0.0017888627058439154
GALNT12,0.00178841017303449
RNA5SP290,0.0017882031577406028
ZHX3,0.001788149175793401
ALG2,0.0017880617814423395
SEC61B,0.0017880617814423395
RN7SL794P,0.0017880617814423395
LEP,0.0017879347829942085
LINC00596,0.0017877107028437952
NPTX1,0.0017870182841068906
SGSH,0.0017861969057665265
KIAA0355,0.00178605947445015
snoU13|ENSG00000239123.1,0.001784510502698381
MGAM,0.0017839993796023097
OR9A4,0.0017839993796023097
CLEC5A,0.0017839993796023097
TAS2R38,0.0017839993796023097
MOXD2P,0.0017839993796023097
PRSS58,0.0017839993796023097
FOXP2,0.0017836218250487517
TUBD1,0.00178174163652803
GADD45G,0.0017815600410537118
RN7SL522P,0.0017812080765336363
RN7SKP257,0.0017810356634602017
CLDN12,0.0017808621637253556
LRRC4,0.0017805115073186463
MOB3C,0.0017804990129182258
MKNK1,0.0017804990129182258
ZNF225,0.0017802654523441657
MIR548F4,0.0017801208754185613
ZNF729,0.0017801039020511214
ZNF676,0.0017801039020511214
UBN2,0.0017799914695317753
SLC25A3P1,0.0017793498248317205
DHRS4L2,0.0017792077593653199
DHRS4,0.0017792077593653199
PHF21A,0.0017781287837094115
SLC25A40,0.00177748682813413
DBF4,0.00177748682813413
TMEM5,0.0017764881275223944
LUC7L2,0.0017758707598814188
LRP8,0.0017756833812257837
SPAM1,0.0017744075430989195
RN7SL750P,0.0017738291209830643
EPHB4,0.0017738291209830643
SNORA48|ENSG00000252824.1,0.001773700616943768
HYAL4,0.0017734548485846189
PNKD,0.0017732059501039657
ICA1,0.0017730287815571775
ZNF546,0.001772901507454898
RN7SL13P,0.0017728620580707455
UFSP1,0.0017726432062616273
ACHE,0.0017726432062616273
SRRT,0.0017726432062616273
TRIP6,0.0017726432062616273
SLC12A9,0.0017726432062616273
RORB,0.0017723834228717482
ZC3HAV1L,0.0017723492979988683
snoU13|ENSG00000238763.1,0.0017722258874015768
KLF5,0.0017718815030817146
CEACAM22P,0.0017717904932281659
RNA5SP232,0.0017712449575740734
snoU13|ENSG00000238733.1,0.0017707722263797581
RIPK3,0.0017700639436252147
ADCY4,0.0017700639436252147
ZNF155,0.0017682469288560442
ZBTB43,0.001768144718903886
RNA5SP237,0.0017678774491630268
CADM1,0.0017674659448041789
MIR4708,0.0017673896070402814
KRTDAP,0.0017671902029160612
ZNF233,0.001766986811710743
GPR37,0.0017667999971979571
RN7SL478P,0.001766235836669152
DPY19L2,0.0017661913225358718
PXDNL,0.0017660013405414905
ARPC2,0.0017656577889270163
AAMP,0.0017656577889270163
GPBAR1,0.0017656577889270163
CXCR1,0.0017655744900345709
snoU13|ENSG00000238428.1,0.0017655744900345709
INSL4,0.001765393206941977
INSL6,0.001765393206941977
SBSN,0.0017651802630495078
DMKN,0.0017651802630495078
GAPDHS,0.0017651802630495078
TMEM147,0.0017651802630495078
ATP4A,0.0017651802630495078
CLEC2L,0.0017648305010063833
KLRG2,0.0017648305010063833
MIR4285,0.0017644902654016914
SH2B2,0.0017644902654016914
PAX9,0.001764396995409654
RN7SKP23,0.0017630196874017761
COG7,0.0017630196874017761
SNORA75|ENSG00000212593.1,0.0017630196874017761
POT1,0.0017624089824599984
LTN1,0.0017623382580325394
UBAP2,0.001761995813989736
RCL1,0.0017618029773651493
OR13C8,0.00176026911021068
MIR548O,0.0017600080262038591
KLF14,0.0017582913343098614
TTC26,0.0017577770022806677
KIAA1432,0.0017576790298309288
ZNF230,0.0017575752099916572
AK3,0.001755223927226906
ANGPTL4,0.0017546328270393677
NDUFS8,0.001754456629528088
TCIRG1,0.001754456629528088
MIR4691,0.001754456629528088
TMEM229A,0.0017538510574208596
CLUL1,0.001753116010175407
TYMS,0.001753116010175407
RN7SKP146,0.001753116010175407
C18orf56,0.001753116010175407
ENOSF1,0.001753116010175407
YES1,0.001753116010175407
CETN1,0.001753116010175407
SLC26A11,0.001752393811533052
PLD3,0.0017522748238273799
LIMK1,0.0017522026146163366
TRIM24,0.0017509244278065092
FAF1,0.0017506192253712006
SNORA40|ENSG00000252188.1,0.001750275830222535
FASN,0.0017499003559697072
DUS1L,0.0017499003559697072
GPS1,0.0017499003559697072
CHD6,0.001749536139858984
MROH7,0.0017494266038948797
MIR4711,0.001747740371667115
KNCN,0.0017471710206093006
MIR590,0.0017470999123621275
RN7SL122P,0.0017467469046136815
ZBTB8B,0.0017467469046136815
MED13,0.001746452174273342
EVI5L,0.0017463243155846923
RNA5SP463,0.0017463243155846923
CLEC4G,0.0017460478895130205
CD209,0.0017460478895130205
SMO,0.0017459806845870377
TSPAN33,0.0017459806845870377
FOXD3,0.0017455690636028656
PRKRIP1,0.0017451991148566724
CERS4,0.0017450323968388663
RPS28,0.001744636991970646
KANK3,0.001744636991970646
NDUFA7,0.001744636991970646
CD320,0.001744636991970646
RN7SL845P,0.0017444418523643484
JAK2,0.001744232695491512
OR9A3P,0.0017439687267311974
PRSS37,0.0017439687267311974
RELN,0.0017436065885404993
DLEU2L,0.001743345245649779
RN7SL488P,0.0017425965509947359
EFCAB7,0.0017425965509947359
ZNF222,0.0017423570264759644
CMKLR1,0.0017423284594445833
TGFBR1,0.0017412763250241083
RN7SKP225,0.0017411854402609392
C19orf47,0.0017409127103984144
CARD14,0.0017406497890295354
ALG6,0.0017406482749407189
CLEC4M,0.0017401334146964773
MIR625,0.001739939305510907
PLGRKT,0.0017397187060478189
AK8,0.0017394183432252106
GNAT3,0.0017391160949868079
snoU13|ENSG00000238984.1,0.0017390275971222039
SNORA51|ENSG00000201465.1,0.0017390275971222039
SLC6A2,0.0017389276847130245
RN7SL549P,0.001738596159330464
ZFAND5,0.0017375981024470675
RNA5SP286,0.0017372862536087033
NYNRIN,0.0017371824888117854
CBLN3,0.0017371824888117854
CAPNS2,0.0017371484390899087
BICD2,0.0017367913190697993
NFATC4,0.0017353516899386685
CA2,0.0017353052336568163
SNORA67|ENSG00000207094.1,0.0017348304131261144
STEAP4,0.0017348304131261144
SRI,0.0017348304131261144
SECISBP2,0.0017343702027246312
ETV1,0.001733838725746915
ELMO1,0.0017326522450227093
ARID4A,0.0017324790794979064
SNAPC1,0.0017322249090547203
SLC38A6,0.0017319750533730037
SEMA3C,0.0017317432617481063
SPTLC1,0.001731418370658877
snoU13|ENSG00000238996.1,0.001731418370658877
LINC00475,0.001731054325991035
CACNG4,0.0017301948147254234
CACNG1,0.0017301948147254234
MUC12,0.0017295465005633067
MUC17,0.0017295465005633067
RN7SKP54,0.0017295465005633067
ZNF782,0.0017291601833550618
NFIL3,0.0017285586462801657
HEATR6,0.001728289505696551
HAUS5,0.001727658639721023
TNS1,0.0017275453418298225
HECW1,0.0017266492301914113
TRIM56,0.0017259944036119555
RNF213,0.0017259521800281291
C2orf62,0.0017258216955169197
TMBIM1,0.0017258216955169197
snoU13|ENSG00000238736.1,0.0017258216955169197
LINC00484,0.0017254796178846827
AUH,0.0017254796178846823
ITGB3BP,0.0017251956625808557
PAFAH1B3,0.0017249316932703386
PRR19,0.0017249316932703386
SLC44A2,0.0017239662447257385
ERCC5,0.0017237540296498044
METTL21EP,0.0017237540296498044
ZNF675,0.0017234146368821635
PTGDR,0.0017232630222671888
WSCD2,0.0017231403114727267
PSMA3,0.0017223399184365209
snoU13|ENSG00000238753.1,0.0017222427200999052
GSX2,0.0017222427200999052
CUL1,0.001722158130378786
KDELC1,0.0017221500581110962
WNT9B,0.0017217393761301987
CXCR2,0.0017216823813231083
KDM4C,0.0017215935101297752
PWP1,0.0017212723984875843
RPL37A,0.0017210067046724998
TNP1,0.0017206813359501266
MIR1267,0.0017206249704185563
ELN,0.0017205285237944616
RNY5P8,0.0017199887298604412
BIVM,0.0017199887298604412
FNTB,0.001719946865825613
MAX,0.001719946865825613
MIR4706,0.001719946865825613
HOOK1,0.0017199003501211943
MARCH4,0.001718241070532321
C14orf37,0.0017181789894603018
C19orf45,0.0017180141133764121
snoU13|ENSG00000238625.1,0.0017179677680119255
SMARCAL1,0.0017177945538814042
SNN,0.0017177321605157756
TXNDC11,0.0017175971947892832
ACTR3B,0.0017169618974878468
ANXA1,0.0017167420301359392
MNAT1,0.001716670069416089
XRCC5,0.0017151916041024116
PECR,0.0017151916041024116
TMEM169,0.0017151916041024116
RUFY4,0.0017150505079630552
CORO2A,0.0017148618528954112
NPBWR1,0.001714825207674051
RPGRIP1,0.0017146940004119054
OR9A1P,0.001714573884789818
RN7SKP86,0.0017141518091976424
TRBV2,0.0017140565901392008
TRBV28,0.0017140565901392008
MTRNR2L6,0.0017140565901392008
PRSS1,0.0017140565901392008
PRSS3P2,0.0017140565901392008
PRSS3P3,0.0017140565901392008
TRBC2,0.0017140565901392008
TRBV19,0.0017140565901392008
TRBV27,0.0017140565901392008
TRBV9,0.0017140565901392008
IGFBP2,0.0017130801687763688
IGFBP5,0.0017130801687763688
RNA5SP120,0.0017130801687763688
SRSF8,0.0017108835073806252
FUT8,0.0017101078581345827
C12orf66,0.001708952546248007
LMBR1,0.0017088767380695927
C12orf56,0.0017074199855922603
RPS11P6,0.0017074199855922603
GLIS3,0.0017065643779567833
TUBA3C,0.001705480640762526
ENDOD1,0.0017050921875376287
SEC14L1,0.001704171193695755
ANAPC7,0.0017041335364588355
RN7SL769P,0.0017041335364588355
RN7SKP43,0.0017036721667826212
GZMB,0.0017035627933437664
CC2D1B,0.0017035410422372047
ORC1,0.0017035410422372047
PRPF38A,0.0017035410422372047
ZCCHC11,0.0017035410422372047
snoU13|ENSG00000239063.1,0.0017035410422372047
GPX7,0.0017035410422372047
PTPRN2,0.0017029209736385822
DAB1,0.0017024856156501716
ABCB1,0.001701416605039697
BRAF,0.0017010747551946457
LINC00466,0.0017007364483484196
RNA5SP49,0.0017007364483484196
APBA3,0.0017003678992330254
SNORA84,0.0017003429914822317
IARS,0.0017003429914822317
PET100,0.001700223748650465
PCP2,0.001700223748650465
XAB2,0.001700223748650465
CAMSAP3,0.001700223748650465
DIRC3,0.001700179645071181
MIR4299,0.0016998951866483898
BPGM,0.0016997031399072866
RAB15,0.0016983469760507622
GPX2,0.0016983469760507622
CHURC1,0.0016983469760507622
C7orf13,0.0016982893336614233
ZNF221,0.001697170351631053
DPY19L2P2,0.0016968572675687495
RNF32,0.0016967298246511047
GTSF1L,0.0016965385907919796
IFT52,0.0016965385907919796
MYBL2,0.0016965385907919796
ERMP1,0.0016960385110050043
RUNDC3B,0.00169582269848441
N6AMT1,0.0016956846614238493
VIL1,0.0016956803116660113
SLC11A1,0.0016956803116660113
CTDSP1,0.0016956803116660113
MIR26B,0.0016956803116660113
AAED1,0.0016956684469489898
OMA1,0.0016954942095340668
RN7SL713P,0.0016954942095340668
TACSTD2,0.0016954942095340668
ABHD12,0.001695048929975592
ZNF510,0.0016949787627738775
snoU13|ENSG00000238587.1,0.0016949594412999523
NID2,0.0016949308395124518
C14orf166,0.0016949308395124518
JUN,0.0016949178561809822
RBFOX3,0.0016944165728036765
CXCR2P1,0.0016941104479237768
snoU13|ENSG00000238402.1,0.0016935006547359236
C19orf59,0.0016933913306525202
RETN,0.0016933913306525202
STXBP2,0.0016933913306525202
TRAPPC5,0.0016933913306525202
FCER2,0.0016933913306525202
CDC14B,0.00169313680137937
HABP4,0.00169313680137937
RPSAP58,0.0016929748798393774
SCNN1B,0.0016912257456966392
SCNN1G,0.0016910067452148376
CNIH2,0.0016904967240653445
RAB1B,0.0016904967240653445
KLC2,0.0016904967240653445
P2RY11,0.0016895638315411541
SNORD105B,0.0016895638315411541
EIF3G,0.0016895638315411541
ENPP7,0.0016895105485232038
EZH2,0.0016895043126176417
RFX4,0.0016891062523973902
ADCYAP1,0.0016879939635538494
APLP2,0.0016867749314232088
snoU13|ENSG00000239173.1,0.0016867088607594915
MIR4739,0.0016867088607594915
MIR761,0.0016863925456477853
GGT7,0.0016860098965362095
CDC37L1,0.0016859499398590994
PPAPDC2,0.0016859499398590994
MIA,0.0016836484438867154
RAB4B,0.0016836484438867154
LINC00640,0.0016833011450819054
CYP2A7,0.0016830183963467637
CYP2A6,0.0016830183963467637
PYGB,0.0016826535977461587
EGLN2,0.001682474264380443
PLXNA4,0.0016818596139045437
RN7SL811P,0.0016814894589334598
POLR2J3,0.0016811296153286565
LRWD1,0.0016811296153286565
POLR2J,0.0016811296153286565
MIR4467,0.0016811296153286565
SPDYE2B,0.0016811296153286565
RASA4,0.0016811296153286565
UPK3BL,0.0016811296153286565
MIR5090,0.0016811296153286565
ALKBH4,0.0016811296153286565
POLR2J2,0.0016811296153286565
SPDYE2,0.0016811296153286565
RASA4B,0.0016811296153286565
DNAJC2,0.0016810932411107022
PMPCB,0.0016810932411107022
CDKN2C,0.001680935941695434
SCARNA15|ENSG00000252193.1,0.001680080309519092
OR5AU1,0.0016799397885686252
C19orf66,0.001679561816483176
LIG4,0.0016786137876020758
ABHD13,0.0016786137876020758
RNA5SP39,0.0016786137876020758
RN7SL569P,0.0016786037281213348
CYP2J2,0.0016773687045515742
PRDM4,0.0016764388916287619
ASCL4,0.0016764388916287619
CHCHD3,0.0016746030338604934
CLDN25,0.0016743056944081276
ZW10,0.0016743056944081276
ATF4P4,0.0016743056944081276
LRRCC1,0.0016739881267334598
U6|ENSG00000272393.1,0.0016739610783434002
RN7SL53P,0.001673822495685722
DOCK4,0.0016737616713970176
snoU13|ENSG00000238566.1,0.001673473540989516
OR2F2,0.0016730381809555916
PSMC2,0.0016729650024062963
SLC26A5,0.0016729650024062963
KRT82,0.0016729094184124152
MIR5589,0.0016718533037791512
C3P1,0.0016718533037791512
TPP2,0.001671819534795664
LINC00555,0.001670609982487786
CTXN1,0.0016699159769053827
LRRC8E,0.0016699159769053827
MAP2K7,0.0016699159769053827
TIMM44,0.0016699159769053827
RN7SL115P,0.0016699159769053827
TGFBR3L,0.0016699159769053827
SNAPC2,0.0016699159769053827
RNA5SP484,0.0016693785666941484
FABP5P3,0.0016688408182309147
TEX30,0.001668803542410582
LINC00283,0.001668803542410582
snoU13|ENSG00000238869.1,0.001668585297102856
CCDC168,0.001668585297102856
FABP5,0.001668490503470432
SRGAP1,0.0016684050521654724
SESN3,0.0016680566369408356
MAP1LC3A,0.0016678567564643537
DYNLRB1,0.001667811202787887
WIF1,0.001667211824359092
SNORA25|ENSG00000252550.1,0.0016670128791026154
RNA5SP48,0.0016665588852211972
RN7SL290P,0.0016665588852211972
RN7SL788P,0.0016664829695943817
TTYH3,0.0016657704596818182
SMAGP,0.0016650613533646002
DAZAP2,0.0016650613533646002
CELA1,0.0016650613533646002
BIN2,0.0016650613533646002
AMBRA1,0.0016648040365296322
TOP1,0.0016647428746948607
ST14,0.001664579745012805
BACH1,0.0016641315686289051
GNG2,0.0016640496826359524
PCMTD1,0.0016609748593530223
RAB3B,0.0016609158236283188
SNORD46|ENSG00000201009.1,0.0016606254278225653
snoU13|ENSG00000238979.1,0.0016598010422411177
THNSL2,0.0016597326424959064
RNY4P15,0.0016597326424959064
FABP1,0.0016597326424959064
MAP2K6,0.001658874514553568
APOC3,0.0016587134695822282
APOA4,0.0016587134695822282
APOA1,0.0016587134695822282
HIATL2,0.0016581479456663445
POLR3B,0.0016580954207536475
snoU13|ENSG00000238892.1,0.0016579581617039683
RNY4P6,0.0016575177412187266
LRGUK,0.001657280875045665
SLC35B4,0.001657280875045665
ATG4C,0.0016570032174387415
XRCC2,0.001656761014831312
GNA12,0.0016566887100185916
ZNF681,0.0016563770660056206
TMEM229B,0.0016558580633045542
ZYX,0.001655648934025676
NRF1,0.0016555323442725835
RNA5SP244,0.0016555323442725835
RN7SL481P,0.0016553361277361837
CLCN1,0.0016553361277361837
FAM131B,0.0016553361277361837
CASP2,0.0016553361277361837
SMYD1,0.0016552866590571948
MIR4780,0.0016552866590571948
KRCC1,0.0016552866590571948
HSPB6,0.001654548449984898
C19orf55,0.001654548449984898
U2AF1L4,0.001654548449984898
PSENEN,0.001654548449984898
LIN37,0.001654548449984898
IGFLR1,0.001654548449984898
FOXB2,0.0016542312510517355
MIR1343,0.0016541301262541321
PPAN,0.001653820366740553
ANGPTL6,0.001653820366740553
SNORD105,0.001653820366740553
METTL21C,0.0016535999957928607
MTERFD3,0.0016534330648254687
C12orf23,0.0016534330648254687
RIC8B,0.0016534330648254687
ARGLU1,0.0016533686031774384
EFNB2,0.0016533686031774384
IQCE,0.001652447034723846
ORAI2,0.0016520638171663943
TAS2R40,0.00165141562224122
TMEM139,0.00165141562224122
PIP,0.00165141562224122
RN7SL535P,0.00165141562224122
TAS2R39,0.00165141562224122
GSTK1,0.00165141562224122
ARF6,0.0016504747184809012
RNA5SP245,0.0016500242950016099
UBFD1,0.0016499367355546195
EARS2,0.0016499367355546195
GGA2,0.0016499367355546195
SMKR1,0.0016487900379853213
ZC3HC1,0.0016484601934378667
snoU13|ENSG00000238336.1,0.0016476621824359548
CIC,0.0016476530193503575
CYP2G1P,0.0016475743169711878
OR2A25,0.0016474707609375771
OR2A5,0.0016474707609375771
PDHX,0.001647370320844647
SCPEP1,0.0016473679217656378
C7orf63,0.0016468932812693322
TMEM209,0.0016465307801710213
BUD13,0.0016464714430566658
ZNF259,0.0016464714430566658
APOA5,0.0016464714430566658
DPP6,0.001646358961903877
ARHGEF1,0.0016461737080288431
snoU13|ENSG00000238922.1,0.0016459739516159998
TRIM14,0.0016456327011228386
ELAVL1,0.0016452149603876213
RN7SL130P,0.0016446119683009356
OR2A12,0.0016430565391676259
OR2A2,0.0016430565391676259
AKR1B1,0.0016426222996194335
ROR2,0.0016424818196970096
KRT2,0.001642466750561352
KRT73,0.001642466750561352
PNPLA6,0.0016423463879457348
RNA5SP246,0.0016422605346319038
MEST,0.0016422605346319038
MIR335,0.0016422605346319038
CEP41,0.0016422605346319038
CPA1,0.0016422605346319038
RNA5SP385,0.0016419306243030144
ZNF358,0.0016418769851825176
MCOLN1,0.0016418769851825176
PGM1,0.001641845998084694
WBSCR28,0.0016416374698613656
NACA2,0.001641256735554499
CD79A,0.001641113178433721
PMP2,0.0016409385612843443
FABP9,0.0016409385612843443
FABP4,0.0016409385612843443
PPM1H,0.0016407140680829858
TP53INP2,0.0016405985753087727
NCOA6,0.0016401772038014586
TAS2R41,0.0016391683111132514
TAS2R60,0.0016391683111132514
EPHA1,0.0016391683111132503
AKAP1,0.001639014603291293
FERMT3,0.0016386410223825749
STIP1,0.0016386410223825749
GIPC3,0.0016384735299619642
HMG20B,0.0016384735299619642
MFSD12,0.0016384735299619642
C19orf71,0.0016384735299619642
SNORD112|ENSG00000251911.1,0.0016379086503486328
ZNF224,0.001637847589274689
MUC3A,0.0016371044480272853
MAML2,0.001636944848012975
PODXL,0.0016367134714897259
MIR5694,0.001636501839936687
C20orf24,0.001635781589394054
TGIF2,0.001635781589394054
ARHGAP27,0.0016355843128390587
MIR593,0.0016352415845306456
LEMD3,0.001635206061263486
CPA2,0.001634872726111983
SSMEM1,0.001634872726111983
KRT71,0.0016346571421521437
RN7SL475P,0.0016346108268246702
MIR5692C2,0.0016337114086372787
MIR5692A1,0.0016337114086372787
COPG2,0.0016332057697968799
TSGA13,0.0016332057697968799
SHKBP1,0.0016330193222008791
RN7SL758P,0.0016330193222008791
LTBP4,0.0016330193222008791
RN7SL189P,0.0016324134803754494
RNASE2,0.0016324134803754494
RNASE3,0.0016324134803754494
PEX2,0.0016320394955004428
RBM42,0.0016319009308328068
ETV2,0.0016319009308328068
COX6B1,0.0016319009308328068
RN7SL765P,0.0016319009308328068
UPK1A,0.0016319009308328068
CARM1P1,0.0016316302263137722
CHKA,0.0016314347895626754
MGAT2,0.001630753708170411
RPL36AL,0.001630753708170411
LRR1,0.001630753708170411
SGK2,0.0016303478643010403
CPA5,0.0016299002308911837
snoU13|ENSG00000239044.1,0.0016299002308911837
SLC37A2,0.0016293306530137887
PRDM10,0.001629056510922166
GNA14,0.0016287091225249144
NUTM2G,0.0016280121115269794
OCM2,0.001627838825715306
snoU13|ENSG00000238557.1,0.001627775878102638
RNA5SP250,0.001627775878102638
PHF14,0.0016277667774556258
CUX2,0.0016273939474724013
L3MBTL1,0.0016268623277696877
SRSF6,0.0016268623277696877
COIL,0.0016264977253135709
MIR3614,0.0016264977253135709
TRIM25,0.0016264977253135709
OR6B1,0.001625076492550143
AKR1B10,0.0016244914896560007
AKR1B15,0.0016244914896560007
RN7SL718P,0.0016240537396485229
CYP2S1,0.0016240537396485229
TOX2,0.0016240167690441387
ORC5,0.00162386820221827
RN7SKP130,0.0016236264653819172
CA1,0.0016235848892041632
KMT2E,0.0016233058008483581
MYL9,0.0016218860010486127
CPA4,0.0016211327500168457
snoU13|ENSG00000238857.1,0.0016198273270765842
BRAT1,0.0016198273270765842
MIR4648,0.0016198273270765842
LFNG,0.0016198273270765842
ELAVL4,0.0016194272418325409
OPRK1,0.0016193906078390025
OR2F1,0.0016193249403530024
CTAGE6,0.0016190533488266569
FAM115C,0.0016190533488266569
FAM115A,0.0016190533488266569
CTAGE15,0.0016190533488266569
VPS13A,0.0016189630349830778
FAM182B,0.0016186539792662888
OSER1,0.0016185428249323795
LINC00338,0.0016183878104014792
GINS1,0.0016183226474765955
SNORD27|ENSG00000251699.1,0.001618304343866678
PLEKHH1,0.001618165071160613
ZFYVE9,0.001617317760320305
RN7SL730P,0.0016155656645569613
SPPL2C,0.0016155656645569613
KANSL1,0.0016155656645569613
RN7SL739P,0.0016155656645569613
RN7SL199P,0.0016155656645569613
STH,0.0016155656645569613
RN7SL656P,0.0016155656645569613
ARL17A,0.0016155656645569613
LRRC37A2,0.0016155656645569613
LRRC37A4P,0.0016155656645569613
PLEKHM1,0.0016155656645569613
NSF,0.0016155656645569613
MAPT,0.0016155656645569613
LRRC37A,0.0016155656645569613
FAM215B,0.0016155656645569613
CRHR1,0.0016155656645569613
ARL17B,0.0016155656645569613
DDX6,0.0016147418188815152
DACT1,0.001614443752979184
KIAA0586,0.001614443752979184
COL15A1,0.0016144332398736379
JPH2,0.0016143377042012628
RN7SL72P,0.0016127400381568413
U3|ENSG00000199370.1,0.0016127400381568413
KDM2A,0.0016121086353584437
INVS,0.0016120608838618216
EXD2,0.001611958624466685
AMZ1,0.0016118727942731818
TBC1D2,0.0016112746541065623
OR13F1,0.0016109260493004669
OR13C3,0.0016109260493004669
OR13C4,0.0016109260493004669
MYSM1,0.0016108456773498492
ZNF234,0.001610597614121318
ZNF226,0.001610597614121318
NINL,0.0016101728832978873
C7orf33,0.0016099789402369315
CTSV,0.0016096681946255113
RNA5SP38,0.0016087334935551883
RN7SL2,0.0016077067338194646
SYNE2,0.0016073864981258226
KRT76,0.0016070582574579894
KRT3,0.0016070582574579894
KRT79,0.0016070582574579894
KRT4,0.0016070582574579894
WBP7,0.0016070238062549768
ZBTB32,0.0016070238062549768
KMT2B,0.0016070238062549768
SNORA26|ENSG00000212590.1,0.0016062431491855702
ITPKC,0.001606070082414083
IRX6,0.0016059145380648092
RN7SL841P,0.0016059145380648092
NFRKB,0.0016059044390372842
ZNF804B,0.0016056353429001388
C7orf62,0.0016056353429001388
DPY19L2P4,0.0016056353429001388
STEAP1,0.0016056353429001388
STEAP2,0.0016056353429001388
TIMM9,0.0016054399925851367
TOMM20L,0.0016054399925851367
SOGA1,0.0016050453149576835
FNTA,0.0016048807685934995
MRPL21,0.0016043318605206587
RDH8,0.001603678396746599
EIF4H,0.0016029693163727237
KRT77,0.0016029252103535899
KRT1,0.0016029252103535899
PHLDB1,0.001601712502920603
ADCK4,0.0016016920071067603
LHFPL3,0.0016013329751871858
ACSS2,0.0016009953478307902
PIGU,0.0015995860309651153
OR2A14,0.0015993234276913356
ARCN1,0.0015990965607920221
KRT78,0.001597348681126161
RNA5SP264,0.0015961309784259315
LINC00551,0.001595920127476294
HS3ST2,0.001595765351315825
SNORD112|ENSG00000252380.1,0.0015956847714626704
GXYLT1,0.0015951093995544578
RNASE12,0.0015949465468616752
RN7SL443P,0.0015949452819917105
IL33,0.0015949313858044701
GLDC,0.0015949313858044701
RN7SL123P,0.0015949313858044701
RN7SL25P,0.0015949313858044701
UHRF2,0.0015949313858044701
TPD52L3,0.0015949313858044701
snoU13|ENSG00000252110.1,0.0015949313858044701
C9orf38,0.0015949313858044701
RN7SKP104,0.0015946903270501168
DLD,0.0015934914120857013
UPK2,0.0015931087563050646
CXCR5,0.0015931087563050646
MIR4492,0.0015931087563050646
RN7SL688P,0.0015931087563050646
BCL9L,0.0015931087563050646
FAM185A,0.0015930872197786215
PPP1R14B,0.001592621651039566
FKBP2,0.001592621651039566
NAPEPLD,0.0015926087589116862
RDH12,0.0015924819695147295
RN7SL213P,0.0015924819695147295
U3|ENSG00000252792.1,0.0015924819695147295
STXBP6,0.0015923728246522194
RAI1,0.0015919291692605652
NUMBL,0.0015918510236726002
DNAAF2,0.0015915352817706416
CARD11,0.0015915105262571938
CST9,0.001591405594719015
CKAP4,0.0015912926735711535
TCP11L2,0.0015912926735711535
ASNS,0.001591154023414971
TAC1,0.001591154023414971
AVPR1A,0.0015910399439266361
C8orf59,0.0015909973660187334
CA13,0.0015909973660187334
CEACAM5,0.0015906804789898258
snoU13|ENSG00000239049.1,0.0015906702747532277
PYGL,0.0015905151331363856
ABHD12B,0.0015905151331363856
PDGFRA,0.0015904325367542722
LINC00519,0.0015893300837639842
ST18,0.0015891872143108286
MIR595,0.0015887161436548196
CEP164,0.0015885503282526347
LAMB1,0.0015884985686809507
U3|ENSG00000238297.1,0.0015884985686809507
E2F5,0.0015880755656082278
BTF3L4,0.001587876555567428
KTI12,0.001587876555567428
TXNDC12,0.001587876555567428
SAV1,0.0015878276435238486
RN7SL452P,0.0015875054340877151
ANKRD33,0.0015867011666543163
ACVRL1,0.0015864731931676324
RPS19,0.0015858546806446808
ACVR1B,0.0015854986065120605
MIR5707,0.0015854625767439425
WDR60,0.0015854625767439425
VIPR2,0.0015854625767439425
NCAPG2,0.0015854625767439425
LINC00689,0.0015854625767439425
ESYT2,0.0015854625767439425
SNORD37|ENSG00000212270.1,0.0015854169107843536
RN7SL456P,0.0015850395789325671
TMX1,0.0015850035355836217
SNORA70|ENSG00000201376.1,0.0015850035355836217
USP47,0.001584987503023459
PLCB3,0.001584809021542746
SMCR2,0.0015845030089230133
MIR5580,0.001584385856547535
BMP4,0.001584385856547535
RN7SL12P,0.001584212631803018
ESR2,0.0015841791582614127
RNA5SP99,0.0015841431331789794
ACN9,0.0015839828634204194
DLX5,0.0015831538610928352
DLX6,0.0015831538610928352
RN7SL252P,0.0015831538610928352
CDK14,0.0015828202947129673
KRT80,0.001582780022683361
DSN1,0.0015826140364017703
VEGFB,0.0015823503085822899
DNAJC4,0.0015823503085822899
NUDT22,0.0015823503085822899
TRPT1,0.0015823503085822899
ATPAF1,0.001581779649487716
LINC00460,0.001580600884550859
MTMR2,0.0015804564025589398
ZNF492,0.0015803942618955024
DGKB,0.0015791938195612028
LAMB4,0.001578948841061457
RNA5SP24,0.0015786339031142833
SLA2,0.0015782638004643863
SLC22A11,0.0015779343097492282
SLC22A12,0.0015779343097492282
LINC00392,0.0015777862077227176
RNA5SP345,0.0015775988698297552
HIVEP3,0.0015770534703538712
RNASE9,0.0015769725191841016
SLC26A3,0.0015766901865187644
AXL,0.0015765931520609722
IPPK,0.00157646692456819
RN7SL1,0.0015763364645840717
RNA5SP384,0.0015763364645840717
RPS29,0.0015763364645840717
GALNT6,0.0015759009227226855
AMOTL1,0.0015754316399508768
FABP12,0.001574754439527519
RNA5SP469,0.0015741470551961514
CEP57,0.0015740389940842676
TMEM30B,0.001573112612839778
snoU13|ENSG00000238595.1,0.0015730478697163486
TGFB1,0.0015727822211789697
KRT8,0.0015724516988674202
TBXA2R,0.0015712227972812872
CACTIN,0.0015712227972812872
RN7SKP198,0.0015709493111282736
SERINC3,0.0015705204319143389
ATP6V1H,0.0015698399368200952
KRT72,0.0015697405785243296
KRT74,0.0015697405785243296
GTF2IRD2,0.001569632810930278
NCF1,0.001569632810930278
RN7SL529P,0.001569606509160381
RPS25,0.001569606509160381
SLC37A4,0.001569606509160381
TRAPPC4,0.001569606509160381
VPS11,0.001569606509160381
MIR3656,0.001569606509160381
HYOU1,0.001569606509160381
CCDC84,0.001569606509160381
FOXR1,0.001569606509160381
RN7SL369P,0.0015691239397448674
RDH11,0.0015691239397448674
VTI1B,0.0015691239397448674
ARG2,0.0015691239397448674
PIGH,0.0015691239397448674
SNORA31|ENSG00000252580.1,0.001569055108042449
MSRB3,0.0015689193361314402
SLC4A8,0.001567785066596752
RN7SL8P,0.0015671328162598335
CAAP1,0.0015661449942462602
ZFYVE26,0.001565900138162924
MATK,0.0015649996882209913
MRPL54,0.0015649996882209913
RAX2,0.0015649996882209913
FIP1L1,0.0015649048259842677
OR6S1,0.0015646914147045298
SNORD112|ENSG00000252434.1,0.0015642827493385742
EFS,0.0015642275963240527
MIR208B,0.001563806254865339
MYH6,0.001563806254865339
LRFN4,0.0015635205214499907
RCE1,0.0015635205214499907
OR7E47P,0.0015626841598322095
NR4A1,0.0015626841598322095
C12orf44,0.0015626841598322095
TRIM9,0.0015624708279414511
SCN8A,0.001562228212858842
SPTBN2,0.0015620855063474652
IL25,0.001561540259947127
FOXI3,0.0015612797592328973
RPIA,0.0015612797592328973
EIF2AK3,0.0015612797592328973
TEX37,0.0015612797592328973
CMTM5,0.001560764375065836
MIR208A,0.001560764375065836
CES1P1,0.0015599698200930879
CES1,0.0015599698200930879
ZBTB44,0.00155991014389735
RNA5SP371,0.0015595557747456461
C11orf80,0.0015592668577573405
ARHGAP17,0.001559204508571597
SLC5A11,0.001559204508571597
ZC3HAV1,0.0015591898170179337
FAM86C2P,0.0015583678469346096
ALDH3B2,0.0015583678469346096
C11orf72,0.0015583678469346096
TBX10,0.0015583678469346096
NUDT8,0.0015583678469346096
RN7SL59P,0.0015583678469346096
DOC2GP,0.0015583678469346096
GSTP1,0.0015583678469346096
ACY3,0.0015583678469346096
NDUFV1,0.0015583678469346096
PRDX5,0.001557416077115176
ESRRA,0.001557416077115176
TEX40,0.001557416077115176
TRMT112,0.001557416077115176
LINC00657,0.00155737731721434
LDHAL6CP,0.0015556269452533732
BAD,0.0015548071982275165
GPR137,0.0015548071982275165
SOAT2,0.0015542477854269961
TENC1,0.0015542477854269961
IGFBP6,0.0015542477854269961
EIF4B,0.0015542477854269961
SPRYD3,0.0015542477854269961
MIR21,0.0015536979032119177
MMP2,0.0015534151631265885
CENPP,0.0015523434827232284
MIR4670,0.0015523434827232284
ECM2,0.0015523434827232284
NOL8,0.0015523434827232284
OGN,0.0015523434827232284
OMD,0.0015523434827232284
ASPN,0.0015523434827232284
LPCAT2,0.001552316217300547
ZNF714,0.001552160531892231
TREH,0.0015512536822477885
LINC00443,0.0015487789285257647
SUPT16H,0.0015477416390741565
TEX38,0.0015476353874107022
MIR4436A,0.0015470141373723368
STAG3L2,0.0015469911593329307
GTF2I,0.0015469911593329307
KIF18A,0.0015464914832003438
KANK4,0.0015458512853055461
MKLN1,0.0015458405991644825
MIR182,0.0015458324318764584
MIR96,0.0015458324318764584
MIR183,0.0015458324318764584
MYH7,0.0015455267153607225
L1TD1,0.0015454616300947435
KCTD1,0.0015443915304748806
LRRTM4,0.001543939568825104
USP31,0.0015438493714686164
RN7SL180P,0.0015428843392004306
TDRD7,0.0015428487320745209
TMOD1,0.0015428487320745209
LINC00853,0.0015428409640544079
TOE1,0.0015426621882680903
HPDL,0.0015426621882680903
snoU13|ENSG00000238945.1,0.0015426621882680903
MUTYH,0.0015426621882680903
TESK2,0.0015426621882680903
UBE2H,0.0015418778440225405
RNASE1,0.0015417816359373933
CLMP,0.0015410358236121462
SNORA64|ENSG00000199470.1,0.0015407361572731774
RN7SL34P,0.001540140769711382
SNORD50|ENSG00000202335.1,0.0015401181557390263
FAM216A,0.0015401181557390263
RAD9B,0.0015401181557390263
VPS29,0.0015401181557390263
CYP4A22,0.001539971333183904
KRT85,0.0015397899224320205
KRT81,0.0015397899224320205
KRT84,0.0015397899224320205
KRT83,0.0015397899224320205
KRT86,0.0015397899224320205
DMBX1,0.0015393880395316434
LINC00505,0.0015393880395316434
FRG1B,0.0015391429487714996
ARL4A,0.001538862173820804
KLHDC10,0.0015383467835538617
SNORD9,0.0015380744918489853
SNORD8,0.0015380744918489853
POU6F1,0.0015379433371898838
XPA,0.0015379368350224992
ANKRD36BP2,0.0015373868732338981
NXPE2,0.0015373415158086866
GALNTL5,0.001537308376928212
PSG10P,0.0015367424493924755
PSG8,0.0015367424493924755
PSG5,0.0015367424493924755
TEX101,0.0015367424493924755
CEACAMP10,0.0015367424493924755
PSG7,0.0015367424493924755
PSG11,0.0015367424493924755
PSG9,0.0015367424493924755
PSG1,0.0015367424493924755
PSG6,0.0015367424493924755
PSG2,0.0015367424493924755
PSG3,0.0015367424493924755
CD177,0.0015367424493924755
PSG4,0.0015367424493924755
FOXE1,0.0015365364397157152
FLJ00273,0.001536142719274621
OR10G2,0.0015361367910365223
DSCAML1,0.0015358100028862425
SLC29A2,0.0015354385419944988
CEACAM7,0.0015344105656677947
DNAJB9,0.001534108444782394
snoU13|ENSG00000238724.1,0.001534009054042276
NXPE4,0.001534009054042276
NXPE1,0.001534009054042276
JRKL,0.0015330061083775512
RNA5SP346,0.0015330061083775512
IRX5,0.00153297128204532
RPL7,0.0015315798200176143
RDH10,0.0015315798200176143
MAFB,0.0015311925051314493
NDRG3,0.0015310823159313941
CCDC97,0.001530979347101931
ACA59|ENSG00000252870.1,0.0015309021743031323
RN7SL666P,0.001530400427398299
UNC93B1,0.0015294405879951011
RNASE11,0.0015292092987043324
CYP4Z1,0.0015284190781790078
CEACAMP3,0.001528335168609528
CEACAM4,0.001528169475962485
FXYD2,0.0015277651791072821
SLC22A17,0.0015276942088671825
CMPK1,0.001527616879210071
CEACAM21,0.0015275412246757774
KRT7,0.0015274622561396104
KRT121P,0.0015274622561396104
ZFC3H1,0.0015261679685973227
FOXE3,0.0015253429990444406
FOXD2,0.0015253429990444406
FOXA1,0.001524895819067559
PEX11G,0.001523263770099214
HNRNPUL1,0.0015231503695291204
SNORD31,0.0015228947216189052
KMT2C,0.0015227039585323978
VSX1,0.0015214318786442417
ZFP36L1,0.0015211872174702345
RN7SL224P,0.0015211872174702345
CRY1,0.0015207773941951135
CSRNP2,0.0015206629468992748
TFCP2,0.0015206629468992748
snoU13|ENSG00000239045.1,0.0015205404593520986
FAM150A,0.0015204514987693354
EFCAB14,0.001519954699352342
HNRNPC,0.0015193263731563178
HOMEZ,0.0015188974213388895
PPP1R3E,0.0015188974213388895
BCL2L2,0.0015188974213388895
LINC00592,0.0015188391590058073
PNPLA8,0.0015172889455953617
DPAGT1,0.0015169119971412506
H2AFX,0.0015169119971412506
HMBS,0.0015169119971412506
C2CD2L,0.0015169119971412506
INADL,0.001516641060752816
LINC00641,0.0015157142630820163
RN7SL100P,0.0015156092571282454
WNT3,0.0015154455951924305
CHD8,0.0015147003374471229
MIR1237,0.001514238205390944
CCDC88B,0.001514238205390944
RPS6KA4,0.001514238205390944
ATP5L,0.0015140303375985556
RN7SL86P,0.0015140303375985556
TMEM45B,0.0015140115373048662
PABPN1,0.0015136306531049527
LACTB2,0.0015123746653963094
COLEC12,0.0015121380837057584
THAP2,0.001510826777149303
WBSCR17,0.0015107969742917022
HNF4G,0.0015103070882083699
THAP5,0.0015098546150488534
ROBO4,0.0015094844042478287
HEPACAM,0.0015094844042478287
HEPN1,0.0015094844042478287
C20orf62,0.00150940258136973
MIR3646,0.001509282557536426
CACNG5,0.0015088277531356048
SNORD46|ENSG00000200913.1,0.0015082822389240486
TCTEX1D4,0.0015082822389240486
SNORD55,0.0015082822389240486
SNORD38A,0.0015082822389240486
RPS8,0.0015082822389240486
PLK3,0.0015082822389240486
BTBD19,0.0015082822389240486
BEST4,0.0015082822389240486
SNORD38B,0.0015082822389240486
SALL2,0.0015079789503626812
FKTN,0.0015078232588561086
TAL2,0.0015078232588561086
CBX2,0.0015077749648382557
SHFM1,0.001507752331206722
C9orf131,0.0015076617066163939
RN7SL338P,0.0015076617066163939
RN7SL142P,0.0015075564380968363
C1orf228,0.0015074447438686706
OR6C6,0.001506851369239678
TSTD2,0.0015066234913158677
NCBP1,0.0015066234913158677
C12orf80,0.001505582500755162
POLE2,0.001505580073283005
PDK4,0.0015052363381286
TRAM1,0.001505036069143871
snoU13|ENSG00000238450.1,0.001505036069143871
FAM155A,0.0015050249328730332
ASB4,0.001504708791192864
LINC00189,0.0015047052208716537
MIR5584,0.0015044130735759505
TMEM53,0.0015044130735759505
ZFHX4,0.0015038992373046104
ENGASE,0.0015036703209764905
FRMD6,0.0015029996164173376
MIR548C,0.001502546387078651
RRS1,0.0015020785337198507
ADHFE1,0.0015020785337198507
ALDH3B1,0.0015017645686285967
CBX4,0.0015017637130801684
CBX8,0.0015017637130801684
RNU6ATAC30P,0.0015015441975902125
UBE3C,0.0015014748152500823
OR10G3,0.001501420692488821
HNF4A,0.0015012923994907573
R3HDML,0.0015011723756574531
TGM1,0.001500506702146178
PEPD,0.0015003102776023516
GABBR2,0.0015003074311056824
DIRAS1,0.001500155889505519
SLC39A3,0.001500155889505519
NOM1,0.0014998509264271295
ANKRD26P1,0.0014997864481397516
TNRC6A,0.001499601664158626
FITM2,0.0014988104780806484
ZMAT4,0.0014983444921016819
SCIN,0.0014982603776253437
CWC15,0.0014976361140765608
CYP4Z2P,0.0014973279696108147
PTPRD,0.001497054085155347
GDAP1L1,0.0014959899179980026
STIL,0.0014958032017176502
REEP1,0.0014957607030557098
CYP4B1,0.0014956291953236512
C14orf164,0.0014955386619325698
RNASE7,0.001495315346715038
RNASE8,0.001495315346715038
RNASE13,0.001495315346715038
TPPP2,0.001495315346715038
BCKDHA,0.0014952725816640372
B9D2,0.0014952725816640372
TMEM91,0.0014952725816640372
NDRG2,0.0014944218247492898
ARHGEF40,0.0014944218247492898
RABGGTA,0.0014941402849966423
RN7SKP228,0.0014939855738632343
KIAA1045,0.0014939430155310165
DNAJB5,0.0014939430155310165
IMMT,0.001493754736757234
MIR4779,0.001493754736757234
SNORD94,0.001493754736757234
PTCD3,0.001493754736757234
MRPL35,0.001493754736757234
POLR1A,0.001493754736757234
ZSWIM5,0.0014936860021827671
FAM205CP,0.0014934840815890838
GRASP,0.001493465709937932
FAM205B,0.001492867330267367
CES5A,0.0014919129543889548
TMEM253,0.001491547979277894
ROBO3,0.0014912337602164707
SYPL1,0.0014912198233891817
KRT6C,0.0014893128628220688
KRT75,0.0014893128628220688
KRT6B,0.0014893128628220688
UBE4A,0.001489126202027699
SLC10A5,0.0014880364309972224
ZFAND1,0.0014880364309972224
IMPA1,0.0014880364309972224
CD3E,0.0014872020414427535
MPZL3,0.0014872020414427535
MPZL2,0.0014872020414427535
CD3D,0.0014872020414427535
VCPIP1,0.001486926632151954
C8orf44,0.001486926632151954
MYBL1,0.001486926632151954
KDM4E,0.001486659496078921
KDM4D,0.001486659496078921
OGDH,0.0014866345311130647
PURB,0.0014866345311130647
H2AFV,0.0014866345311130647
PPIA,0.0014866345311130647
ZMIZ2,0.0014866345311130647
MIR4657,0.0014866345311130647
CHMP4C,0.0014864927446742832
NPC1L1,0.0014860604177991813
ZNF219,0.001485908017933809
KCNK4,0.0014858599679709416
TM2D1,0.0014856272892243639
MNX1,0.0014840433384375384
TAL1,0.0014839737161867238
PDZK1IP1,0.0014839737161867238
SCARNA11|ENSG00000252992.1,0.0014839355497830754
TAGLN,0.0014839355497830754
PCSK7,0.0014839355497830754
BACE1,0.0014839355497830754
SIDT2,0.0014839355497830754
RNF214,0.0014839355497830754
NANS,0.0014835064552756623
TNRC18,0.0014831167963661844
TINF2,0.0014821908184327664
FAAH,0.0014810156814492124
DNAJB6,0.0014809663441081177
TMED4,0.0014801722894640548
DDX56,0.0014801722894640548
SNX16,0.0014792888751672326
NUDCD3,0.0014784388555453291
RBM4B,0.0014782857625215177
SNORD83,0.0014776693952365473
KRT6A,0.001477170278946755
KRT5,0.001477170278946755
LINC00494,0.0014765955394816144
NAT10,0.0014763649846514675
GALNT11,0.0014760720825517126
CST9L,0.0014757624069200888
CSTL1,0.0014757624069200888
CST8,0.0014757624069200888
CST13P,0.0014757624069200888
CST11,0.0014757624069200888
KLHDC2,0.0014756128577856878
KLHDC1,0.0014756128577856878
EXOSC5,0.0014755551566658501
PKIG,0.0014754358365446866
SNHG15,0.001475304807020274
MYO1G,0.001475304807020274
CRNDE,0.0014749140583501209
LINC00167,0.0014743053467115065
PTCH2,0.0014736148355518756
EIF2B3,0.0014736148355518756
UROD,0.0014736148355518756
HECTD3,0.0014736148355518756
RNA5SP47,0.0014736148355518756
ANP32B,0.001473472391606038
TBK1,0.001472871451259844
TTPAL,0.0014715007694385044
CHST12,0.0014709178050165324
GRIFIN,0.0014709178050165324
C9orf156,0.0014707977627318215
HEMGN,0.0014707977627318215
EDDM3B,0.001470719512520412
RNASE6,0.001470719512520412
MIR3935,0.0014707058039738251
SNORA17|ENSG00000212461.1,0.0014703813102689683
IMPA1P,0.0014689661875521716
CLVS1,0.0014687242857347668
SLC29A4,0.0014673914253587584
STK4,0.001467327169769674
GTF2IRD1,0.0014669688902283846
KRT18,0.0014667814049892645
URGCP,0.0014667263892432834
RNY1P8,0.0014667214527138966
GPBP1L1,0.0014666432870881255
TMEM69,0.0014666432870881255
SPDYE1,0.0014664407193334774
RBM7,0.001466283177220316
REXO2,0.001466283177220316
C11orf71,0.001466283177220316
CCDC180,0.001466125572984567
LINC00676,0.0014660474963133266
PRKCH,0.001465605930707547
RN7SL650P,0.0014647423203054425
POLD4,0.0014645552071878157
ZNF77,0.001464544490864875
RN7SL207P,0.001464486829529905
IFT46,0.0014642403917957464
TOX4,0.001463940685350357
RAB2B,0.001463940685350357
DOCK7,0.0014634531244781407
USP1,0.0014634531244781407
GRIP1,0.0014633077039879617
ZNF562,0.0014632691567898297
ANG,0.0014631115352583951
RNASE4,0.0014631115352583951
EDDM3A,0.0014631115352583951
CCM2,0.0014630626033126668
TBRG4,0.0014630626033126668
SNORA5A,0.0014630626033126668
SNORA5B,0.0014630626033126668
SNORA5C,0.0014630626033126668
NACAD,0.0014630626033126668
MRPS33,0.001462802230995093
FGGY,0.0014619422641380098
RAMP3,0.0014619365646390626
METTL3,0.0014613361638757287
SLC25A13,0.0014603542680576155
MIR5708,0.0014596840588659062
P2RY2,0.0014596237554410365
YWHAB,0.0014595841174176013
CLCF1,0.0014595305224736205
RN7SKP239,0.0014595305224736205
NAMPT,0.0014592272996899773
FSD1L,0.0014579503683043692
PTN,0.0014577834809634278
MIR1260B,0.0014577269771959287
CCDC82,0.0014577269771959287
TOMM34,0.0014569007274301635
PABPC1L,0.0014569007274301635
SNORA43|ENSG00000201733.1,0.0014567915867948963
NPAS4,0.0014567915867948963
MRPS24,0.0014566225496178162
FCHSD2,0.0014563521844754659
IRX3,0.0014550914916009162
RN7SL167P,0.001454359035701929
POLR2J4,0.0014543371903393688
MIR591,0.0014540874742386095
CYP4A11,0.0014536523647174012
NFIA,0.0014536331807164006
UBE2D4,0.0014535106890469207
OR7G2,0.0014531660152832051
OR7G1,0.0014531660152832051
OR1M1,0.0014531660152832051
OR7G3,0.0014531660152832051
IGHMBP2,0.0014531317172199662
MIR4649,0.0014525510600295138
POLD2,0.0014525510600295138
POLM,0.0014525510600295138
AEBP1,0.0014525510600295138
DBNL,0.0014525510600295138
PGAM2,0.0014525510600295138
RNA5SP230,0.0014525510600295138
ERI3,0.001451641613924051
DMAP1,0.001451641613924051
ZNF112,0.0014513716538700964
FXYD7,0.0014503308712485242
FXYD5,0.0014503308712485242
SGK3,0.0014500996052627846
LRRN3,0.0014500833989951206
ZNF704,0.0014498444878963553
TTC36,0.001449213613894273
TMEM25,0.001449213613894273
FUT4,0.001449013910405111
SNORD81|ENSG00000202023.1,0.0014487714266022975
RN7SL31P,0.0014482761576941696
LINC00957,0.0014478666282075495
RASA4CP,0.0014478666282075495
YKT6,0.0014475254884123443
MYL7,0.0014475254884123443
GCK,0.0014475254884123443
TBC1D16,0.0014472461322081569
LINC00442,0.0014470764865497712
CAMK2B,0.001446796059419346
CYP4X1,0.001446243821298382
CSPP1,0.0014461323970721982
C8orf46,0.00144587452853981
RNY3,0.0014457020447906522
RNY4,0.0014457020447906522
RNY1,0.0014457020447906522
MCMDC2,0.0014450895880621034
CCDC17,0.0014449849292415048
CD274,0.0014448083562007593
PDCD1LG2,0.0014448083562007593
PIWIL4,0.001444711557756676
snoU13|ENSG00000238592.1,0.0014444481530001755
GNS,0.0014444481530001755
MRE11A,0.0014443985134408388
ANKRD49,0.0014443985134408388
MIR548L,0.0014443985134408388
GPR83,0.0014443985134408388
CA3,0.0014433951542636935
FOLR4,0.001443242657505438
RB1CC1,0.001442991275492263
KCNK15,0.001442892231457389
WISP2,0.001442892231457389
RIMS4,0.001442892231457389
ST3GAL5,0.0014422155930016907
NCAM1,0.0014419172594330365
SNX19,0.0014411667955416382
RNA5SP271,0.0014403365236184023
PLAA,0.0014384810126582294
SMCR5,0.0014381794286504792
AKR1A1,0.0014366136292865512
MMACHC,0.0014366136292865512
PRDX1,0.0014366136292865512
MRPL11,0.00143629400440606
FER1L4,0.0014358460957441276
RNA5SP268,0.00143451981195433
COPS5,0.00143451981195433
CCDC40,0.0014345175808720089
ZNF467,0.0014343914313534563
FAM168A,0.001432739614082487
KCNE3,0.0014327046169918523
TSPAN1,0.0014326320467510957
LURAP1,0.0014326320467510957
POMGNT1,0.0014326320467510957
RN7SL107P,0.001432060649720422
TMPRSS13,0.0014291885998066688
IL10RA,0.0014291885998066688
CHD7,0.001428439269839122
ZNF317,0.001427240710494079
CCDC163P,0.0014269635066949244
FXYD6,0.00142605954818877
AAR2,0.0014260205228072821
COL5A3,0.0014258879994138028
UQCRH,0.001425216084746942
KCNS1,0.0014245227054351002
WFDC5,0.0014245227054351002
WFDC12,0.0014245227054351002
BRMS1,0.0014244777510289664
RIN1,0.0014244777510289664
B3GNT1,0.0014244777510289664
RAD9A,0.0014244279229743335
TMPRSS4,0.0014243552916706759
SCN4B,0.0014243552916706759
CEACAM6,0.0014240696185271972
CEACAM3,0.0014240696185271972
CEA,0.0014240696185271972
OSCP1,0.0014233132738465802
MRPS15,0.0014233132738465802
CSF3R,0.0014233132738465802
YAF2,0.0014227864205881404
THSD7A,0.0014227206648794312
SCAND1,0.0014225349809848626
EXOC4,0.0014225201038752515
CD3G,0.0014223761550690181
IGFBP3,0.0014222201266932224
IGFBP1,0.0014222201266932224
ZNF559,0.0014220891909234087
ZNF177,0.0014220891909234087
ASPH,0.0014217595701813278
TBC1D30,0.0014214513989135797
KMT2A,0.0014208597332746925
P2RY6,0.0014197394973399385
IRS2,0.0014189673153997614
FEZ1,0.0014184813833237593
ZNF121,0.0014182307790946917
CHMP4A,0.0014178303200616737
GMPR2,0.0014178303200616737
MDP1,0.0014178303200616737
TSSK4,0.0014178303200616737
NEDD8,0.0014178303200616737
NASP,0.0014177215189873416
TNFSF13B,0.0014176821588261243
AMICA1,0.001417419150895422
SCN2B,0.001417419150895422
ZNF426,0.0014171928775593545
ZNF266,0.0014171928775593545
ZNF560,0.0014171928775593545
SNORA20|ENSG00000206649.1,0.0014171497833121805
RNU6ATAC42P,0.0014170428532886087
ZNF561,0.0014170034255985644
NRCAM,0.0014163868649900956
SNORD56|ENSG00000201151.1,0.0014161652862426436
ZC2HC1A,0.0014159462797159617
HIF1A,0.0014157451688193887
ZNF235,0.0014150185398286682
PHF3,0.0014149387587762
ZNF282,0.0014149302174618636
BZW2,0.0014146488093250015
RN7SL860P,0.0014145965989003962
IL7,0.0014145912661658266
PIK3R3,0.001414565275884066
RN7SKP97,0.0014145052466328304
PPP1R42,0.0014127285041074754
TCF24,0.0014127285041074754
RNU6ATAC17P,0.001412611374934487
RN7SKP10,0.0014125952878205853
GNAO1,0.0014125484970803801
B3GNT8,0.0014125091044657624
ATP5SL,0.0014125091044657624
C19orf69,0.0014125091044657624
RAB21,0.0014122411261188314
RAD54L,0.0014121739077857022
ZBTB10,0.0014120727705167365
CABP2,0.0014119451788764358
LRRC41,0.0014118534463211938
ZNF733P,0.0014116456809503126
RN7SL855P,0.0014116456809503126
MAST2,0.0014101876513500206
MIR4470,0.0014099627932546107
XKR9,0.001409793112835175
RN7SL19P,0.001409793112835175
PPP1CA,0.001409149137789842
C19orf82,0.0014089944860686222
RN7SKP174,0.0014087280578111794
RGS20,0.0014086115992970143
SNORD87,0.0014074067776918215
SNHG6,0.0014074067776918215
ANGPTL3,0.0014069141533905568
OR2A1,0.0014069059880774766
NOBOX,0.0014069059880774766
OR2A20P,0.0014069059880774766
OR2A42,0.0014069059880774766
OR2A7,0.0014069059880774766
CTAGE8,0.0014069059880774766
CTAGE4,0.0014069059880774766
ARHGEF5,0.0014069059880774766
OR2A9P,0.0014069059880774766
ARHGEF35,0.0014069059880774766
CAPRIN1,0.0014067231745593755
snoU13|ENSG00000239089.1,0.001406528349936336
ZNF337,0.0014055048572269666
TCF3,0.0014044943187259524
RN7SL308P,0.0014039855693915595
CAND1,0.001403957314361938
SND1,0.0014038181681323802
MIR5681A,0.0014024275896767425
NANP,0.001400048441147977
VMP1,0.0014000365969172495
ANKS6,0.0013996803902603134
ZNF862,0.0013988159688412853
ATP6V0E2,0.0013988159688412853
RADIL,0.0013985838816338782
AP5Z1,0.0013985838816338782
MIR4656,0.0013985838816338782
ARHGEF17,0.0013983617128911585
SSPO,0.0013983356053229475
RNA5SP360,0.001396357565122578
SEPT7P2,0.0013955862612187874
RN7SL596P,0.0013955390582456291
SEC61G,0.001395377575899267
LGALS3BP,0.001395349231464736
snoU13|ENSG00000238781.1,0.001394781960077041
TMEM178B,0.0013943494570027646
ZNF812,0.0013943028815329099
TMEM19,0.0013938009860798577
NGDN,0.001393584305544494
ZFHX2,0.001393584305544494
RNA5SP479,0.0013934166970797082
DLGAP4,0.0013927915511946685
ZNF786,0.0013921350210970471
RN7SL521P,0.0013921350210970471
ZNF425,0.0013921350210970471
PDIA4,0.0013921350210970471
FAM155B,0.001391909596337358
RNA5SP229,0.0013914143915837644
TMEM38B,0.001391405966378737
C11orf84,0.0013912270368188824
IFT74,0.0013904206623193962
TCEA1,0.001390194322706951
MSANTD2,0.001390055970495025
NRGN,0.001390055970495025
VSIG2,0.001390055970495025
ESAM,0.001390055970495025
SBSPON,0.0013897350576881318
TERF1,0.0013897350576881318
STK17A,0.001389714773849281
ARFGEF1,0.001389287971141392
PREX2,0.0013889110863632864
KIF2C,0.0013888696598101243
CRH,0.0013888459108001528
LINC00967,0.0013888459108001528
DCAF5,0.0013882321869871119
IPP,0.0013879488350016483
ZNF212,0.0013873287893541063
SNORD112|ENSG00000252557.1,0.0013873287893541063
ZNF783,0.0013873287893541063
NXPH1,0.0013872863559470365
U3|ENSG00000265369.2,0.001386787409216899
PAPOLB,0.001386743929728464
U6|ENSG00000271932.1,0.0013867095632138654
ATG16L2,0.0013862121490079665
GAA,0.0013859268635724323
EIF4A3,0.0013859268635724323
TMBIM4,0.001385899329400411
LLPH,0.001385899329400411
PROCR,0.001385763400531334
BLVRA,0.001385407537248031
ACTN1,0.001385247821107264
RELT,0.0013851698048175773
SNORA40|ENSG00000212266.1,0.0013850019676001817
GIMAP4,0.0013837948717948727
TBC1D10C,0.0013835577575516502
RNA5SP269,0.001383498360997663
TCEB1,0.0013821223971733408
TMEM70,0.0013821223971733408
LY96,0.0013821223971733408
PKIA,0.0013820473012023653
GSS,0.001381805311053361
CPS1,0.0013816573053640553
COA1,0.0013809976813587937
MIR4692,0.0013802416014854109
STARD10,0.0013802416014854109
ADAMTS10,0.0013800655809778515
FOXK1,0.0013797913674671283
EI24,0.0013793900698704543
GZF1,0.0013791705883482847
PDZD3,0.0013791558432633794
CCDC153,0.0013791558432633794
INPP5B,0.001378153143805767
FAM46C,0.0013770304540783962
NAPB,0.0013765358585761584
ZNF555,0.0013763733865436185
ZNF556,0.0013763733865436185
ZNF554,0.0013763733865436185
RPS6KB2,0.0013755790963756755
C8orf34,0.0013750213963616327
AIP,0.0013744501509160248
CORO1B,0.0013744501509160248
PTPRCAP,0.0013744501509160248
CABP4,0.0013744501509160248
GPR152,0.0013744501509160248
PITPNM1,0.0013744501509160248
CDK2AP2,0.0013744501509160248
TMEM134,0.0013744501509160248
CNBD2,0.0013734651367356741
HEPHL1,0.0013729642085998888
PANX1,0.0013729642085998888
PAG1,0.0013721147526930863
ACTL9,0.0013711297147777004
OR7D2,0.001370894825876451
PLA2G16,0.0013706560273835568
SOX17,0.0013690018019621364
RN7SL108P,0.001368838092805723
HRASLS2,0.0013688334203887467
MIR4748,0.0013684846134670258
C11orf54,0.0013684812534615486
CARNS1,0.0013682789723671585
RNU6ATAC40P,0.001368202476639691
TAF1D,0.0013680076735991266
TOMM5,0.0013679901442866641
OR7E19P,0.0013676500612494896
OR7E24,0.0013676500612494896
OR7D4,0.0013676500612494896
ZNF699,0.0013676500612494896
OR2Z1,0.0013676491600871953
C14orf142,0.0013674893551432474
GDAP1,0.0013672658456542394
LUZP2,0.0013670195627157654
DRG2,0.0013669834682160885
LRRC17,0.0013668843523710424
UBR7,0.0013666801533630034
ADA,0.001366076978142803
CEACAM8,0.0013660588785741957
SHMT1,0.0013656692259804936
ZNF890P,0.001364884438566661
SUV420H1,0.0013641582506968887
RNY5,0.0013638870496592015
ARMC10,0.001363873686331131
C19orf38,0.0013633813755590909
TMED1,0.0013633813755590909
MIR199A1,0.0013633813755590909
ZNF398,0.001362999026290166
KRBA1,0.0013629055501460567
ZBED6CL,0.0013628172671210663
LRRC61,0.0013628172671210663
U8|ENSG00000200191.1,0.0013621230832561516
MSC,0.0013621230832561516
LRP1B,0.0013620611175041558
PDE4A,0.001361815037698002
SDK1,0.0013613655990936141
snoU13|ENSG00000238691.1,0.001360780244864079
SLC44A1,0.001360443395551742
CANT1,0.0013602848101265802
MYO15A,0.0013589707408175966
RN7SL496P,0.0013585078053110584
C1orf87,0.0013577834635065988
CDC37,0.001356707477346615
JPH1,0.0013556481767349347
CEACAM1,0.0013554914313233368
AMFR,0.001355286951556108
CPA6,0.00135482143312562
TTC6,0.0013545118592034992
RNA5SP45,0.0013528749320042945
EDN2,0.0013528749320042945
REC8,0.0013526720275740143
MIR1181,0.001351954070692398
USP12,0.0013518168810745309
RP1,0.001351777491045805
DNM2,0.0013517463922665715
RN7SL113P,0.0013501959203418498
PYGM,0.0013494848966418577
SF1,0.0013494848966418577
CARM1,0.001349038550184524
YIPF2,0.001349038550184524
MUC16,0.0013478752260397831
LETMD1,0.0013475926763110314
snoU13|ENSG00000238549.1,0.001346714330364118
C11orf24,0.0013466046702920074
SPAG4,0.0013457115695160713
MIR1200,0.0013454171232364482
FBXL12,0.0013451501218194153
SNORA70|ENSG00000200237.1,0.0013451501218194153
DYNC1I1,0.001344349718053076
PDE2A,0.0013443404879838535
HAL,0.0013441671915055936
LTA4H,0.0013441671915055936
MBD3L1,0.0013440398413346558
ZNF558,0.0013440398413346558
SLC11A2,0.0013440376869965482
RPSAP52,0.001343955564085237
DCUN1D4,0.0013438354998013277
SNORD74|ENSG00000200897.1,0.0013436886312551757
CRISPLD1,0.0013435674019187476
RARRES2,0.001343446932814023
TRIM55,0.001343203180567476
SULF1,0.001342840464390054
C19orf52,0.001342819787176386
SMCR8,0.0013425108943764257
SLPI,0.0013424572837030554
GDA,0.001341761301989149
NSUN4,0.0013416875017005624
ZNF57,0.0013412421275799716
CNTNAP2,0.0013410882688491262
RN7SKP29,0.001341040560773105
EYA1,0.0013407683408193842
MBD3,0.0013406004067307727
UQCR11,0.0013406004067307727
RETSAT,0.0013398177860195087
TGOLN2,0.0013398177860195087
SEMG2,0.0013397501775494
UBE2W,0.0013386990726447377
U3|ENSG00000212434.1,0.0013384182217500474
ELMOD3,0.0013383213738611594
ARAP1,0.0013381821260742535
RN7SL83P,0.001336959879303002
BTBD11,0.0013358531487834692
FBXL13,0.0013356053229470978
RNF220,0.0013350876433939885
WFDC6,0.0013350043865146025
RN7SL594P,0.0013349974938140986
METTL17,0.0013340124522742017
SLC39A2,0.0013340124522742017
ZNF98,0.0013333870349060222
SNORA73|ENSG00000252054.1,0.0013320224218741285
EED,0.0013319918503943086
RN7SKP75,0.001331533127757806
PI15,0.001331530005579928
MACC1,0.0013312820769736048
ZNF846,0.001330979347101932
snoU13|ENSG00000238849.1,0.001330901573195554
RN7SL783P,0.0013300970368771345
RNA5SP344,0.0013294224579309892
U6|ENSG00000272028.1,0.001328908433338814
SNORD102,0.0013287691097991694
RASL11A,0.0013287691097991694
SNORA27|ENSG00000207051.1,0.0013287691097991694
RPL21,0.0013287691097991694
FOXA2,0.001328022255943347
KLF17,0.0013275532782832298
RN7SL479P,0.0013275532782832298
UVRAG,0.001327095945698037
PI3,0.0013268078706604835
SEMG1,0.0013268078706604835
ACTR3C,0.00132669912366115
TSPAN8,0.0013266208059499816
RALYL,0.0013264456303527536
C9orf57,0.001326441229656419
VOPP1,0.0013256463367855755
DNAJC5B,0.0013249936949726933
PSME2,0.0013247736876746828
PSME1,0.0013247736876746828
EMC9,0.0013247736876746828
IRF9,0.0013247736876746828
RNF31,0.0013247736876746828
RNA5SP383,0.0013247736876746828
LRRC16B,0.0013247736876746828
FITM1,0.0013247736876746828
DCAF11,0.0013247736876746828
PCK2,0.0013247736876746828
NRL,0.0013247736876746828
CPNE6,0.0013247736876746828
NDUFA4,0.001324545647408246
RGL3,0.001324518297299338
RASGRP2,0.0013244506893610756
RTN3,0.0013240239606139058
C11orf95,0.0013240239606139058
RN7SKP83,0.0013239700072563065
SGTA,0.0013235230258158343
SOSTDC1,0.0013235195885240977
SREBF1,0.0013221387563118205
MIR33B,0.0013221387563118205
RN7SL88P,0.0013211746765532234
PRPS1L1,0.0013209645636418276
PRDM14,0.0013206357505685389
RNA5SP285,0.001320321880650994
CA8,0.0013200743473453843
ROMO1,0.0013198286190550584
RBM39,0.0013198286190550584
TRGV10,0.0013190049000640566
TRGV5,0.0013190049000640566
TRGV4,0.0013190049000640566
TRGV3,0.0013190049000640566
TRGV2,0.0013190049000640566
TRGV1,0.0013190049000640566
TRGV11,0.0013190049000640566
TRGJP,0.0013190049000640566
TRGV9,0.0013190049000640566
TRGJP2,0.0013190049000640566
TRGJP1,0.0013190049000640566
TRGJ1,0.0013190049000640566
TRGC2,0.0013190049000640566
TRGC1,0.0013190049000640566
TRGV8,0.0013190049000640566
TRGJ2,0.0013190049000640566
PAX4,0.0013183496423137344
FSCN3,0.0013183496423137344
ARF5,0.0013183496423137344
GCC1,0.0013183496423137344
ATOH8,0.0013181456099330786
COL4A1,0.0013181176250282847
ADCY1,0.001317616879060802
AAMDC,0.0013169810376744888
LRRC72,0.0013168620509223692
ALKBH5,0.0013168541191118483
BBS9,0.001316778463436225
CAPG,0.0013163395952592086
SH2D6,0.0013163395952592086
RN7SL251P,0.0013163395952592086
EPDR1,0.0013161825672173676
GPR141,0.0013161825672173676
SF3A3,0.0013161043093311182
FHL3,0.0013161043093311182
UTP11L,0.0013161043093311182
POU3F1,0.0013161043093311182
STAU2,0.00131596686220027
ANKMY2,0.0013158990459013829
RAB3D,0.0013153326311848912
TMEM205,0.0013153326311848912
DKFZP761J1410,0.0013153326311848912
SWSAP1,0.0013153326311848912
EPOR,0.0013153326311848912
CCDC159,0.0013153326311848912
PPFIA2,0.0013152027582407346
SLCO5A1,0.001314740143369176
CYP7A1,0.0013147191464770959
RN7SL250P,0.0013141031345242581
RNA5SP270,0.001313985867247404
RN7SL675P,0.001313985867247404
DHRS4L1,0.0013139755611305606
PATE3,0.0013116370443130667
PATE2,0.0013116370443130667
C7orf76,0.0013113657378555515
TPBGL,0.0013112384160815654
RNA5SP44,0.0013110216504115665
RN7SL35P,0.0013109355903874094
SRPK2,0.0013108316825034424
SNORD36|ENSG00000252227.1,0.0013107896323086186
LRRC19,0.001310686612965093
PATE1,0.001310209982022724
CHEK1,0.001310006115981247
STT3A,0.001310006115981247
ACRV1,0.001310006115981247
COX8C,0.0013099587862882428
BTBD7,0.0013099587862882428
MIR1238,0.0013099425883654988
ATG4D,0.0013099425883654988
KRI1,0.0013099425883654988
RN7SL869P,0.0013098925197382232
HIGD1C,0.001309869718888707
EPB41L1,0.0013094270092127945
SPA17,0.0013085744203717783
SIAE,0.0013085744203717783
RBPJL,0.0013084764172619817
MATN4,0.0013084764172619817
GNAI1,0.0013082964959738052
FLI1,0.0013079348588821737
SYS1,0.0013077536867610838
TP53TG5,0.0013077536867610838
MAT2A,0.0013074997984358595
UBXN2B,0.0013074767467860739
ZNF800,0.0013057304283368386
MAP2K4P1,0.0013055449687396103
CHIC1,0.0013054071148809183
AKIRIN1,0.0013053690253856268
CEBPG,0.001305074274417201
PIN1,0.001304995511916321
UBL5,0.001304995511916321
RN7SL94P,0.001304995511916321
ANLN,0.0013044542785330372
LYPLA1,0.0013042618629174004
NME8,0.0013042071618321754
CBLN1,0.001304163557257711
SFRP4,0.001304116118837121
RAB2A,0.0013036733680814106
RN7SL830P,0.0013027815851003762
ATL3,0.001302297151620895
ZNF229,0.0013015425053607228
ZNF285,0.0013015425053607228
WIPI2,0.0013014595370896085
LINC00567,0.0013005623866103857
TRPA1,0.0013005157055789977
GDPD5,0.0013003563427338907
SPINT3,0.0012998537828466418
VAMP8,0.0012994017576392779
RN7SL126P,0.0012994017576392779
GGCX,0.0012994017576392779
AP1M2,0.0012989672062533265
CDKN2D,0.0012989672062533265
LGR5,0.0012987888973885098
CDX4,0.001298514421946334
SLC7A10,0.0012980944012740618
MEN1,0.00129809114169484
USP2,0.0012979597270239267
TOP3A,0.0012979041294874445
GNLY,0.0012965250342659006
SFTPB,0.0012965250342659006
RN7SL371P,0.0012965026878744286
LIPE,0.0012953329295251935
CXCL17,0.0012953329295251935
RNA5SP234,0.001294959643847921
MARK2,0.00129470666029495
RN7SL225P,0.0012946485288877147
C11orf73,0.0012946485288877147
SPPL2B,0.0012945812807881778
TMPRSS9,0.0012945812807881778
TIMM13,0.0012945812807881778
C1QTNF1,0.0012943066229656403
snoU13|ENSG00000238437.1,0.0012939887464581855
RN7SL195P,0.0012939887464581855
MED17,0.0012939887464581855
VSTM5,0.0012939887464581855
RN7SL786P,0.0012933045368378373
AGR3,0.00129312369882992
OLFM2,0.001292626719668799
MIR592,0.0012921926150288533
NRXN2,0.0012915564772943435
SNORA51|ENSG00000200113.1,0.001291295314212136
SNORD15B,0.001290841824964007
RPS3,0.001290841824964007
KLHL35,0.001290841824964007
SNORD15A,0.001290841824964007
KEAP1,0.0012907212558117937
RNA5SP483,0.001290188571130907
ZP3,0.0012901418890619767
CD36,0.0012896563207882058
ZNF746,0.0012888360921778654
ZNF777,0.0012888360921778654
TSPAN16,0.0012887534257673596
C19orf80,0.0012887534257673596
RN7SL298P,0.0012887534257673596
DOCK6,0.0012887534257673596
C1orf210,0.0012869051294491245
TMEM125,0.0012869051294491245
RNA5SP46,0.0012869051294491245
EBNA1BP2,0.0012869051294491245
WDR65,0.0012869051294491245
AOAH,0.0012866228576445225
RNF181,0.0012865693783761967
TMEM150A,0.0012865693783761967
USP39,0.0012865693783761967
C2orf68,0.0012865693783761967
VAMP5,0.0012865693783761967
METTL15,0.0012864983118147685
SMCR7,0.0012864633049733682
LLGL1,0.0012864633049733682
FLII,0.0012864633049733682
AOC1,0.0012854423888347952
RCOR2,0.0012853491292606194
MOGAT2,0.0012841541446384625
SNORA63|ENSG00000199473.1,0.0012834602496019942
AHR,0.0012834602496019942
GIMAP8,0.001283365141187927
GIMAP7,0.001283365141187927
PFDN5,0.0012827676429221456
SP7,0.0012827676429221456
AAAS,0.0012827676429221456
C12orf10,0.0012827676429221456
ESPL1,0.0012827676429221456
FLRT1,0.0012821595670197037
NDUFS5,0.0012816656291070076
IMMP2L,0.0012815892880898077
SNORD56|ENSG00000200753.1,0.001281548155817553
ITGB8,0.001281548155817553
FZD4,0.0012811730164386515
LINC00261,0.0012808738201063414
RN7SL519P,0.0012799194476409675
METTL7A,0.0012799194476409675
TMPRSS12,0.0012799194476409675
NCOR1P1,0.0012797767367686628
FAM182A,0.0012797767367686628
RSF1,0.001279662336074004
GIMAP6,0.0012793456669912397
RPPH1,0.0012786187446710813
PARP2,0.0012786187446710813
CEBPA,0.0012773744474038288
HINFP,0.0012772833983693422
HDAC9,0.0012772118499716086
TOM1L2,0.0012769122224527908
NPY,0.001276860162695359
DISC1FP1,0.0012759161232578928
RN7SKP279,0.001275836786437342
RN7SKP121,0.001275836786437342
SCARNA9,0.0012751900339532688
MEOX2,0.0012748210369281795
SNORA18|ENSG00000207145.1,0.0012746281595402273
SNORA25|ENSG00000207112.1,0.0012746281595402273
SNORA32|ENSG00000206799.1,0.0012746281595402273
SNORA1|ENSG00000206834.1,0.0012746281595402273
SNORA40|ENSG00000210825.1,0.0012746281595402273
SNORD5|ENSG00000239195.1,0.0012746281595402273
SNORA8|ENSG00000207304.1,0.0012746281595402273
MIR1304,0.0012746281595402273
SNORD6,0.0012746281595402273
PGM2L1,0.0012735335590541377
MIR548AL,0.0012735335590541377
MIR4255,0.001272551705056374
RN7SL581P,0.0012715850804881938
P2RY4,0.0012715850804881938
RNA5SP507,0.0012715850804881938
AWAT1,0.0012715850804881938
RNA5SP249,0.0012705077032714523
SCFD2,0.0012700345224395837
TGS1,0.0012699355965384543
SNORA1|ENSG00000199405.1,0.0012699355965384543
RAB41,0.0012690118897688216
ARR3,0.0012690118897688216
PDZD11,0.0012690118897688216
KIF4A,0.0012689862744679492
RNY4P23,0.0012689862744679492
PREX1,0.0012689813140446047
SNX13,0.0012689205437360143
GNG7,0.0012688401863016814
DTX2,0.0012683297225796143
CCDC146,0.0012683297225796143
POMZP3,0.0012683297225796143
UPK3B,0.0012683297225796143
C19orf35,0.001268179834133568
OAZ1,0.001268179834133568
LINGO3,0.001268179834133568
KCNB2,0.0012681581567344565
ARRB1,0.0012677323593669242
RNA5SP362,0.0012671022365372488
SERPINH1,0.001266759504789226
TMEM2,0.0012665424954792037
EDA,0.0012664944109582034
SRPR,0.0012663463498711965
DCPS,0.0012663463498711965
snoU13|ENSG00000238855.1,0.0012663463498711965
TIRAP,0.0012663463498711965
FOXRED1,0.0012663463498711965
GIMAP5,0.0012663031483284666
CCDC67,0.0012662944255112001
SLC36A4,0.0012662944255112001
NKAIN3,0.0012662745655793234
ST3GAL4,0.0012657023185128928
FAM186B,0.0012656994903830327
SF3A2,0.0012651742844671703
JSRP1,0.0012651742844671703
MIR4321,0.0012651742844671703
MIR1227,0.0012651742844671703
PLEKHJ1,0.0012651742844671703
AMH,0.0012651742844671703
SP8,0.0012645138879239688
SNORA31|ENSG00000251802.1,0.0012643498392115686
MIR326,0.0012629903881967745
MAP6,0.0012624567079712943
TBRG1,0.0012622041625739023
RNA5SP352,0.0012622041625739023
KCNU1,0.001261233598097407
THY1,0.0012606467324701356
CARS2,0.0012602480919487876
ING1,0.0012602480919487876
CARKD,0.0012602480919487876
RNF216P1,0.001260156084744439
MMD2,0.001260156084744439
RBAK,0.001260156084744439
RNA5SP266,0.001260131206160694
RNA5SP265,0.0012601304754065552
NPFF,0.0012600366095805388
TARBP2,0.0012600366095805388
MAP3K12,0.0012600366095805388
APEX1,0.0012598740735882455
OSGEP,0.0012598740735882455
TMEM251,0.0012596412731495459
MOAP1,0.0012596412731495459
DKFZP434E1119,0.0012595353646536924
ZNF775,0.0012593080168776382
REPIN1,0.0012593080168776382
PNP,0.0012589886535056066
RNASE10,0.0012589886535056066
TMEM55B,0.0012589886535056066
TMEM68,0.0012580782407510416
LSM7,0.001257941011411113
LINC00349,0.0012575281332213063
LINC00388,0.0012575281332213063
LINC00387,0.0012575281332213063
snoU13|ENSG00000238440.1,0.0012575063485838415
OTUD6A,0.0012574167632753144
MIR676,0.0012574167632753144
IGBP1,0.0012574167632753144
AWAT2,0.0012574167632753144
DGAT2L6,0.0012574167632753144
snoU13|ENSG00000238433.1,0.0012565970014025963
NSMAF,0.0012565970014025963
RNA5SP363,0.0012563916016496749
GDF5OS,0.0012562998124706999
GDF5,0.0012562998124706999
CEP250,0.0012562998124706999
C9orf85,0.0012559674502712467
ABHD17B,0.0012559674502712467
CTNNA2,0.0012558470772783728
MPLKIP,0.001255092717535856
ETS1,0.0012549507431810502
WFDC11,0.00125488156410578
LINC00265,0.001254726728287366
GIMAP2,0.0012546835443037992
GIMAP1,0.0012546835443037992
PDE7A,0.0012543065461768834
PLK5,0.0012542349011058327
RNA5SP382,0.0012540630943792203
KLHL33,0.0012540630943792203
CD83,0.0012530470048249807
OR8B12,0.0012518579609689213
OR8A1,0.0012518579609689213
MAP4K2,0.0012518269449063367
RNU6ATAC32P,0.001251020555716222
MRPL15,0.001251020555716222
SDCBP,0.0012504609987774441
CYP2B7P1,0.0012501236663559816
DFNA5,0.0012499906750263656
MEX3D,0.0012496155211167619
RN7SL477P,0.0012496155211167619
RN7SL223P,0.0012489616297468376
MTFR1,0.0012485427594199914
DOT1L,0.0012480139676996954
WFDC9,0.0012467435351130073
WFDC10A,0.0012467435351130073
ADAMTSL5,0.0012466748914164007
TM9SF1,0.0012460272064857873
EGFR,0.0012458473887534364
MPP6,0.0012456028510683043
CSNK1G2,0.001244579270250625
TEP1,0.0012445464681576691
PTP4A1,0.0012440783067698459
PTPRQ,0.001244062857092239
RN7SKP158,0.0012438152564734851
DBNDD2,0.0012433345866232218
SDC4,0.0012426828758825277
PRR13,0.0012424143708116132
AMHR2,0.0012424143708116132
SP1,0.0012424143708116132
MYO16,0.0012423720007557165
WFDC10B,0.0012423653757780864
MIR3617,0.0012423653757780864
LINC00662,0.0012418232962536759
MCAM,0.001241481243662076
MYH7B,0.001241471918729022
RNA5SP228,0.0012413479666038235
PAK1,0.0012410511276774348
RN7SKP201,0.0012408254873597908
RN7SL798P,0.0012405778600689439
RN7SL323P,0.0012405778600689439
LYN,0.0012403825255379258
RN7SKP266,0.0012402753192389466
MYF5,0.0012397888228468186
MYF6,0.0012397888228468186
PAFAH1B2,0.0012388112352652828
PLAG1,0.001238503462373342
MOB3B,0.0012384528832630089
SLC16A7,0.001237283364718533
TMEM176A,0.001237071080817917
TMEM176B,0.001237071080817917
RPS20,0.0012370343266048377
SNORD54,0.0012370343266048377
RN7SL696P,0.0012366811876238573
ATPAF2,0.0012365608355813789
LRRC48,0.0012365608355813789
CHCHD7,0.001235845812275262
MIR4490,0.0012354681037724025
IPO4,0.0012351470990524984
RN7SL505P,0.0012347380632048563
ZNF23,0.001234019291042053
OR10D3,0.0012336679761385137
HMGA2,0.0012330855090966239
HCCAT5,0.0012329166666666675
C16orf47,0.0012329166666666675
PP13004,0.0012326506192549438
ICAM1,0.0012319374697378415
RN7SL706P,0.0012312215232938362
GID4,0.0012310603859721932
LINC00656,0.0012310483208940156
SEPT7,0.0012309663238464377
MIR3167,0.0012304520266137864
BBS2,0.0012296738631143807
CYP7B1,0.0012293726426990605
TTC5,0.0012293041254017164
PRKAG2,0.0012287958455047096
DGAT2,0.001228573572822336
ADAMTS15,0.0012285444533209156
ADAMTS8,0.0012285444533209156
GDPD4,0.0012265694923922774
MOS,0.001225374780936451
SNORA3|ENSG00000221093.1,0.001225374780936451
ELK3,0.0012242378008214116
SNORD126,0.001224181806256967
CCNB1IP1,0.001224181806256967
SNORA79|ENSG00000222489.1,0.001224181806256967
COX8A,0.0012239472777586342
OTUB1,0.0012239472777586342
NAA40,0.0012239472777586342
PCBP2,0.0012234787374865528
ATF1,0.0012228135788262386
AGR2,0.001222799283034411
MIR610,0.001222022703035362
SNORD43|ENSG00000212277.1,0.001221922027095389
RN7SKP297,0.001221922027095389
DLG3,0.0012216833521890406
MRPL4,0.001221539738534964
RN7SKP261,0.0012212133828205984
NEMF,0.0012208104731533211
DPY19L1,0.0012206231893011478
ADRBK1,0.0012196237628395604
SSH3,0.0012196237628395604
ANKRD13D,0.0012196237628395604
MIR499A,0.0012185554655166518
THOP1,0.0012184249951147463
PHF2P2,0.0012178565033539488
CASC9,0.001217487622550914
TRHDE,0.001217441732736283
ZNF107,0.0012166548792633136
GUCA2B,0.00121634837324865
GUCA2A,0.00121634837324865
AGPAT6,0.001216023258781084
PKNOX2,0.0012159173045202672
C7orf10,0.0012158109167054146
CCDC15,0.0012153474062679558
RSBN1L,0.0012138389084202798
GDPD2,0.0012136999167502718
MIR4999,0.0012124530583084506
OTOGL,0.0012122301386785865
EIF1AD,0.0012120310701956296
RN7SL132P,0.0012119838593775928
OGFOD1,0.0012119162940523217
NUDT21,0.0012119162940523217
SDR16C6P,0.0012115940673326393
SDR16C5,0.0012115940673326393
MIR4322,0.00121126098083973
S1PR2,0.00121126098083973
DNMT1,0.00121126098083973
RNA5SP485,0.0012112378326440269
CTRL,0.0012106529531276636
SLC12A4,0.0012106529531276636
LCAT,0.0012106529531276636
PSMB10,0.0012106529531276636
RNA5SP336,0.00121039030699904
MAGI2,0.0012102317463288938
C1QTNF5,0.0012101469419397266
RNF26,0.0012101469419397266
ACA64|ENSG00000252119.1,0.0012101469419397266
MFRP,0.0012101469419397266
TMEM252,0.0012096021699819167
CALN1,0.001209485314168592
EFCAB10,0.0012092664719246977
INTS4,0.0012089636041204563
snoU13|ENSG00000239098.1,0.0012087198310125008
CYP2A13,0.0012083709242664904
RP9,0.0012076447898657493
snoU13|ENSG00000252706.1,0.0012076447898657493
C20orf173,0.001207639865604002
ERGIC3,0.001207639865604002
PENK,0.001207626850519564
PIGT,0.0012076074696077232
XPOT,0.0012073184638791328
MYO1F,0.0012069830918316875
ZNF414,0.0012069830918316875
PRAM1,0.0012069830918316875
RN7SL259P,0.0012066725822905573
SLC22A8,0.0012066725822905573
SLC22A6,0.0012066725822905573
snoU13|ENSG00000238772.1,0.001206670850309058
PPP1R12A,0.001206414811376336
OR8D1,0.0012052575722563163
OR8D2,0.0012052575722563163
ICAM5,0.0012045707961541102
MIR548N,0.0012041899286938263
C19orf25,0.0012039343597370306
REEP6,0.0012039343597370306
PCSK4,0.0012039343597370306
COG5,0.0012036778190275964
RPUSD4,0.0012034490427562706
RN7SL351P,0.0012034490427562706
FAM118B,0.0012034490427562706
MACROD1,0.0012034096086951677
KIAA1731,0.001203238001974588
RNA5SP117,0.0012030131173055485
INHBA,0.0012024844961670321
MIR3166,0.0012012643761302004
RAB38,0.0012012643761302004
LINC00161,0.001201237693389593
CYP2B6,0.0012011622033960075
TSPAN13,0.0012011455863197601
CTSC,0.0012005468354430397
WFDC2,0.0012003258553703496
KCMF1,0.0011998990949550305
FGD6,0.0011996842095925778
RALA,0.0011995588799386275
FOXJ3,0.0011989914582690114
PANX3,0.0011988898567377741
ICAM4,0.0011979331811579146
LINC00968,0.0011972603644227052
KRT18P59,0.0011969392293863666
TMEM218,0.0011969392293863666
TRABD2A,0.001196619402522632
TMSB10,0.001196619402522632
TBX20,0.0011965358140381796
S1PR5,0.001196514730090253
RNA5SP267,0.0011956638527591671
RN7SL84P,0.0011952514539856308
PUS7,0.0011941068170880466
RINT1,0.0011941068170880466
TECTA,0.0011939805878460657
COL4A2,0.001193421655378387
CYP2F1,0.0011928788474204752
HOXA2,0.001192253541735082
HOTAIRM1,0.001192253541735082
HOXA1,0.001192253541735082
AGMO,0.0011919699695907909
WFDC8,0.0011910723983790813
KCNH2,0.0011908990587471604
ATG9B,0.0011908990587471604
NOS3,0.0011908990587471604
OSBPL3,0.0011907753969895593
SNX10,0.001190550361820351
BMPER,0.0011899719129683317
STK31,0.0011899262182328539
FAM183B,0.0011898734177215203
ITPK1,0.0011897568152433701
RN7SKP53,0.0011891819426216794
ANKRD24,0.0011889747975823918
EBI3,0.0011889747975823918
XKR4,0.0011887722186380736
OR11H4,0.0011887256509477255
OR11H6,0.0011887256509477255
OR11H7,0.0011887256509477255
FAM221A,0.0011878364295738468
C16orf78,0.0011875501612199201
UPF3A,0.0011872206314862076
MIR548AR,0.0011872206314862076
MIR4502,0.0011872206314862076
CDC16,0.0011872206314862076
CHAMP1,0.0011872206314862076
STARD3NL,0.00118647231154913
GJA9,0.0011863401812270866
MYCBP,0.0011863401812270866
RRAGC,0.0011863401812270866
RNA5SP416,0.0011860341776845334
HERC2P4,0.0011860341776845334
ARHGAP23P1,0.0011860341776845334
LINC00273,0.0011860341776845334
HERC2P5,0.0011860341776845334
HERC2P8,0.0011860341776845334
RNA5SP418,0.0011860341776845334
RNA5SP419,0.0011860341776845334
RNA5SP420,0.0011860341776845334
RNA5SP421,0.0011860341776845334
RNA5SP415,0.0011860341776845334
RNA5SP423,0.0011860341776845334
SLC6A10P,0.0011860341776845334
TP53TG3B,0.0011860341776845334
TP53TG3C,0.0011860341776845334
TP53TG3D,0.0011860341776845334
TP53TG3,0.0011860341776845334
ZNF267,0.0011860341776845334
RNA5SP413,0.0011860341776845334
RNA5SP410,0.0011860341776845334
RNA5SP409,0.0011860341776845334
RNA5SP408,0.0011860341776845334
RNA5SP407,0.0011860341776845334
RNA5SP406,0.0011860341776845334
RNA5SP417,0.0011860341776845334
RNA5SP422,0.0011860341776845334
SNORA34,0.0011855248428485317
SNORA2B,0.0011855248428485317
SNORA2A,0.0011855248428485317
C7orf66,0.00118538377242027
C12orf54,0.0011853558488963572
IMPAD1,0.0011840417214293126
RNA5SP337,0.0011833333798948996
C7orf71,0.0011830256267217401
BARX2,0.0011828517009778452
snoU13|ENSG00000239086.1,0.0011827393745250086
RN7SL3,0.001182693248292997
TCF7L1,0.0011823224508087902
CDC42BPG,0.001181970462089743
NPSR1,0.0011819234133319482
RNA5SP236,0.0011810848470604023
H1FNT,0.001180241960986275
ZNF641,0.001180241960986275
CBX3,0.0011802300983135932
HNRNPA2B1,0.0011802300983135932
ABCG4,0.001179546968687541
NLRX1,0.001179546968687541
MPL,0.0011794939649215665
TIE1,0.0011794939649215665
VCP,0.00117914815064189
CCDC81,0.0011781370559162086
CST6,0.0011776467203682415
BANF1,0.0011776467203682415
CATSPER1,0.0011776467203682415
U3|ENSG00000212422.1,0.0011768361809314932
EDEM2,0.0011764403292181078
GNAL,0.0011764083497607556
PPP2R5B,0.0011760002945200869
SLC25A45,0.0011760002945200869
RN7SL114P,0.0011760002945200869
RN7SL309P,0.0011760002945200869
RNASEH2C,0.0011760002945200869
SAC3D1,0.0011760002945200869
AP5B1,0.0011760002945200869
SIPA1,0.0011760002945200869
SLC22A20,0.0011760002945200869
SNX32,0.0011760002945200869
SNX15,0.0011760002945200869
ZNHIT2,0.0011760002945200869
SPDYC,0.0011760002945200869
SSSCA1,0.0011760002945200869
SYVN1,0.0011760002945200869
TIGD3,0.0011760002945200869
TM7SF2,0.0011760002945200869
VPS51,0.0011760002945200869
ZFPL1,0.0011760002945200869
ARL2,0.0011760002945200869
SCYL1,0.0011760002945200869
POLA2,0.0011760002945200869
GPHA2,0.0011760002945200869
FOSL1,0.0011760002945200869
FIBP,0.0011760002945200869
FAU,0.0011760002945200869
FAM89B,0.0011760002945200869
EHD1,0.0011760002945200869
PCNXL3,0.0011760002945200869
EFEMP2,0.0011760002945200869
DPF2,0.0011760002945200869
CTSW,0.0011760002945200869
CFL1,0.0011760002945200869
CDCA5,0.0011760002945200869
CDC42EP2,0.0011760002945200869
CCDC85B,0.0011760002945200869
CAPN1,0.0011760002945200869
C11orf85,0.0011760002945200869
BATF2,0.0011760002945200869
ATG2A,0.0011760002945200869
FRMD8,0.0011760002945200869
EHBP1L1,0.0011760002945200869
KAT5,0.0011760002945200869
MIR192,0.0011760002945200869
OVOL1,0.0011760002945200869
NEAT1,0.0011760002945200869
NAALADL1,0.0011760002945200869
MUS81,0.0011760002945200869
MRPL49,0.0011760002945200869
MIR4690,0.0011760002945200869
MIR4489,0.0011760002945200869
RELA,0.0011760002945200869
LTBP3,0.0011760002945200869
MAP3K11,0.0011760002945200869
MALAT1,0.0011760002945200869
KCNK7,0.0011760002945200869
ANP32D,0.0011750738622502898
CCDC71L,0.0011750215447290948
VPS41,0.001174217676973905
MT4,0.001173081060337361
TUSC1,0.0011727196010740321
HOXA5,0.001172718316224835
HOXA4,0.001172718316224835
GAL3ST3,0.0011726524741081728
EPPIN,0.0011721936750637126
POU6F2,0.0011719656755385637
TRPC4AP,0.001171722816789459
MARCH2,0.0011713568667680303
RAB11B,0.0011713568667680303
LANCL2,0.0011703644035289593
TBCEL,0.0011701715301460026
CDK17,0.0011701453877746553
HNRNPM,0.0011697374929015003
PIK3C2A,0.0011696566193440114
PIK3CG,0.0011694590873988508
CLNS1A,0.0011694545899278972
GLI3,0.0011694133504920184
SNORA51|ENSG00000206853.1,0.001169272943219467
snoU13|ENSG00000238752.1,0.0011680034522439607
SF3B2,0.0011680034522439607
SNORA73|ENSG00000252114.1,0.0011679706075496453
MDH2,0.001167009663160367
snoU13|ENSG00000238935.1,0.001167009663160367
MIR4696,0.0011666027362229887
CHRDL2,0.0011666027362229887
AJUBA,0.001166345870790967
C14orf93,0.001166345870790967
STAU1,0.0011659409282700427
IGKJ3,0.00116561528653928
IGKJ4,0.00116561528653928
IGKJ2,0.00116561528653928
IGKJ5,0.00116561528653928
RNA5SP100,0.00116561528653928
SLC9B1P2,0.00116561528653928
IGKJ1,0.00116561528653928
IGKC,0.00116561528653928
RN7SKP11,0.001165337567526813
LDLR,0.001164911761172683
SIRT6,0.001164753107537917
SLC2A1,0.0011646128287684323
HOXA11,0.0011633538938763807
HOXA9,0.0011633538938763807
HOXA3,0.0011633538938763807
HOXA7,0.0011633538938763807
HOXA6,0.0011633538938763807
HOXA10,0.0011633538938763807
HOTTIP,0.0011633538938763807
MIR196B,0.0011633538938763807
HOXA13,0.0011633538938763807
CBLL1,0.0011629047949188159
RNF169,0.0011627502320953056
ABCB5,0.0011626321488804566
RNA5SP478,0.001161913887445934
FLJ00325,0.0011616412085700216
CBL,0.0011616322183808578
TRIM29,0.0011614912668799218
OAF,0.0011614912668799218
NR2C1,0.0011608934384785298
THRSP,0.0011593118860592719
NDUFC2,0.0011593118860592719
OR8S1,0.0011588603077367873
ARHGEF12,0.0011583041968309404
VWA5A,0.001157906899119318
DAZAP1,0.0011575152242370957
AQP11,0.001157079879699582
RNA5SP56,0.0011569352440917336
POU2F3,0.0011569220890578567
ZFR2,0.0011567795643745017
NXT1,0.0011567730804738162
ARRDC5,0.0011565490941893293
TICAM1,0.0011565490941893293
PLIN3,0.0011565490941893293
NDUFA12,0.0011563339927084366
CCDC126,0.0011562311550806612
PRKAR2B,0.001155815292749474
UNC79,0.0011555676217840682
MIR148A,0.001154976322626541
PSKH1,0.0011548389228117854
ISPD,0.0011547487837190906
RNU6ATAC12P,0.0011545175305561874
VEZT,0.0011544312667985431
MMP24,0.0011543795905610268
EIF6,0.0011543795905610268
UQCC,0.0011543795905610268
FAM83C,0.0011543795905610268
snoU13|ENSG00000238629.1,0.0011537414367386223
TMEM106B,0.0011536797077206014
AMPH,0.0011533093284828706
RN7SKP135,0.0011531285687162976
TP53AIP1,0.0011530105439666093
C11orf45,0.0011530105439666093
KCNJ5,0.0011530105439666093
KCNJ1,0.0011530105439666093
MIR663A,0.0011529443787173573
SC5D,0.0011529049712811323
PTAR1,0.0011527088607594924
MIR1255B1,0.0011526839990904265
DPY19L2P1,0.0011522173846599058
OR11G2,0.0011521807568702005
ZNF138,0.0011521260626704973
PTPN12,0.0011513171969302046
SLC26A4,0.001151006955316007
SNORA20|ENSG00000206947.1,0.001150856255490801
PJA1,0.0011506086984134536
MIR3659,0.0011500006917064384
RHBDL2,0.0011498497958764467
HERPUD2,0.0011494991009504253
OR2AT4,0.0011492331126343232
MIR5579,0.0011487911586975975
TYR,0.0011483790737075077
EVX1,0.0011478895908592808
ZNF273,0.0011476227934702611
C7orf25,0.0011472975071833511
MRPL32,0.0011472975071833511
MIR3943,0.0011472975071833511
PSMA2,0.0011472975071833511
RNA5SP380,0.0011471240243982395
SORL1,0.0011469458550470435
CCDC30,0.0011469060115555955
PVRL1,0.0011463663877654116
MED15P6,0.0011461599003082551
OR4Q3,0.0011461599003082551
OR4Q2,0.0011461599003082551
OR4N2,0.0011461599003082551
POTEM,0.0011461599003082551
snoU13|ENSG00000238492.1,0.0011461599003082551
POTEG,0.0011461599003082551
OR4L1,0.0011461599003082551
OR4M1,0.0011461599003082551
LINC00516,0.0011461599003082551
OR4K5,0.0011461599003082551
MED15P1,0.0011461599003082551
OR4K2,0.0011461599003082551
OR4K14,0.0011461599003082551
OR4K15,0.0011461599003082551
OR4K1,0.0011461599003082551
OR11H12,0.0011461599003082551
OR4K13,0.0011461599003082551
HGF,0.0011459798017129598
RN7SKP171,0.001145937413798389
TYK2,0.001145634640658503
RN7SL10P,0.0011455253325603108
PPIH,0.0011454681780090866
YBX1,0.0011454681780090866
ZNF680,0.001145262907206675
POC1B,0.0011448777199222966
DUSP6,0.0011448777199222966
ZCRB1,0.001144542951009758
SNORA74|ENSG00000252917.1,0.001144542951009758
RN7SL192P,0.0011438562843626128
SLC39A9,0.0011438325232842536
PLEKHD1,0.0011438325232842536
LINC00269,0.001143809217603233
GALNT16,0.001143653671601483
ERH,0.001143653671601483
SLC22A24,0.0011436530788407825
CHMP1B,0.0011422609846995927
snoU109|ENSG00000238832.1,0.0011421814196895816
BCAP29,0.0011421814196895816
TMEM196,0.0011421573539071288
NUCB2,0.0011420198069490683
PHTF2,0.001141691093998885
MIR486,0.001141580500411262
MAP2K2,0.0011415030220093502
YAE1D1,0.0011414894143558906
MIR4701,0.0011414190992852836
ADCY6,0.0011414190992852836
YTHDF3,0.0011413884661922989
RN7SL135P,0.0011413884661922989
CBX3P2,0.0011403640176765799
NDC80,0.0011403640176765799
snoU109|ENSG00000238575.1,0.0011403640176765799
snoU13|ENSG00000238425.1,0.0011403640176765799
TMC1,0.0011402618303364175
GUSBP2,0.0011401528492682182
OMP,0.0011399048270264557
CAPN5,0.0011399048270264557
HBP1,0.0011394110345753
POLR2G,0.0011393612333472237
ZBTB3,0.0011393612333472237
KIAA0087,0.001138942776285644
KITLG,0.0011388768151295544
TTPA,0.0011383337158855484
GGH,0.0011382487042814636
CST7,0.0011379701079569486
STOML2,0.0011374141529760312
FANCG,0.0011374141529760312
PIGO,0.0011374141529760312
DUS4L,0.0011372892159055316
GPR22,0.0011371857807398118
FAM122A,0.0011367310918142571
GHRHR,0.0011361748908502703
FAM188B,0.0011361748908502703
GARS,0.0011361748908502703
INMT,0.0011361748908502703
CRHR2,0.0011361748908502703
AQP1,0.0011361748908502703
GADD45B,0.0011354458953624588
LMNB2,0.0011354458953624588
STYXL1,0.0011352721925762075
AHNAK,0.0011352180425999207
DPP9,0.0011350558336291356
ARHGAP32,0.001134980087668936
ATP2B1,0.0011346721900419602
ZGLP1,0.0011342574531368872
FDX1L,0.0011342574531368872
RAVER1,0.0011342574531368872
ICAM3,0.0011342574531368872
ZNF691,0.001133712639115542
ERMAP,0.001133712639115542
CCDC23,0.001133712639115542
C1orf50,0.001133712639115542
ADAT3,0.001133578949147383
ABHD17A,0.001133578949147383
SCAMP4,0.001133578949147383
MIR708,0.0011334200563699731
SMARCA4,0.0011331568853087835
RN7SKP72,0.0011330542586628304
snoU13|ENSG00000239153.1,0.0011322328918759858
CHRM1,0.0011321960848228066
CCDC177|ENSG00000267909.1,0.0011318762882910262
CCDC177|ENSG00000255994.1,0.0011318762882910262
IQCA1P1,0.0011314508276533592
ABCF2,0.0011314508276533592
CHPF2,0.0011314508276533592
MIR671,0.0011314508276533592
SMARCD3,0.0011314508276533592
GBX1,0.0011314508276533592
ASB10,0.0011314508276533592
MS4A10,0.001130876038588079
RN7SKP243,0.001129965032826893
TMTC3,0.0011296293010919633
PICALM,0.0011295144322389704
snoU13|ENSG00000238666.1,0.0011295144322389704
FERD3L,0.0011294712935439703
TWISTNB,0.0011294712935439703
MIR3146,0.0011294712935439703
TWIST1,0.0011294712935439703
CLDN19,0.0011291433275996423
RN7SL222P,0.0011291317612035765
CCDC65,0.0011287190885353117
FKBP11,0.0011287190885353117
DDX23,0.0011287190885353117
RND1,0.0011287190885353117
APMAP,0.0011286143775720875
MRPL39,0.0011280699397398903
LEPRE1,0.0011279965891883158
HYI,0.0011275202516943794
MIR155HG,0.0011272835108805724
LINC00515,0.0011272835108805724
TMEM135,0.001127275614706473
RPS15,0.001127185051235682
SPAG17,0.0011269512035154453
LALBA,0.0011268018599845016
U3|ENSG00000202233.1,0.001126726442502058
NPVF,0.001126726442502058
C7orf31,0.001126726442502058
SLC6A5,0.001126596246951381
TTC9C,0.001126383078901149
TMEM179B,0.0011260812613558882
NXF1,0.0011260812613558882
GALNT4,0.0011259746480622372
CYCS,0.0011255919343364192
B3GAT3,0.001125490099830038
ROM1,0.001125490099830038
RARG,0.0011254602051791157
MFSD5,0.0011254602051791157
MIR1252,0.0011251350479722626
CSAD,0.0011250620501365083
ZNF740,0.0011250620501365083
ITGB7,0.0011250620501365083
CCT6P3,0.0011246645742075676
PPP1R17,0.0011243176178660059
NAV3,0.0011242321103883694
RN7SL119P,0.0011235037395193887
TMEM136,0.001123281664167388
CACNB3,0.0011229225867562212
PRSS23,0.001122918054630245
APC2,0.0011225769380270717
SCRN1,0.0011223105192072127
FKBP14,0.0011223105192072127
PLEKHA8,0.0011223105192072127
C7orf41,0.0011223105192072127
KCTD14,0.0011218499779610004
ZBTB7A,0.0011215874101950045
CCDC38,0.0011215793068577989
AMDHD1,0.0011215793068577989
SNRPF,0.0011215793068577989
SCGB1A1,0.001121299324444553
OR8D4,0.0011208651072825467
MIR1908,0.0011208514084809506
RN7SL226P,0.0011206615853486745
BTBD2,0.0011206615853486745
OR4D5,0.001120608348096987
FEM1A,0.0011205771917426792
APBA1,0.0011204267631103064
MTNR1B,0.0011201808970301872
AGBL4,0.001120179157144379
ACER3,0.0011200919486555154
B3GNT6,0.0011200919486555154
ANK1,0.0011198201842134512
OR8B2,0.0011195000042793224
OR8B3,0.0011195000042793224
ZNF716,0.0011191008984335832
MIR3147,0.0011191008984335832
METTL4,0.0011190866546270653
KIAA0247,0.0011190257948839463
MIR204,0.0011181265822784812
ZNRF2,0.0011176084430065654
MIR550A1,0.0011176084430065654
TRAV4,0.0011174282738162604
TRAV22,0.0011174282738162604
TRAJ6,0.0011174282738162604
TRAJ7,0.0011174282738162604
TRAJ8,0.0011174282738162604
TRAJ9,0.0011174282738162604
TRAV10,0.0011174282738162604
TRAV14DV4,0.0011174282738162604
TRAV16,0.0011174282738162604
TRAV17,0.0011174282738162604
TRAV18,0.0011174282738162604
TRAV19,0.0011174282738162604
TRAV20,0.0011174282738162604
TRAV21,0.0011174282738162604
TRAJ39,0.0011174282738162604
TRAJ3,0.0011174282738162604
TRAV23DV6,0.0011174282738162604
TRAJ38,0.0011174282738162604
TRAJ13,0.0011174282738162604
TRAJ12,0.0011174282738162604
TRAV5,0.0011174282738162604
TRAV25,0.0011174282738162604
TRAV27,0.0011174282738162604
TRAJ37,0.0011174282738162604
TRAJ36,0.0011174282738162604
TRAJ35,0.0011174282738162604
TRAJ34,0.0011174282738162604
TRAJ11,0.0011174282738162604
TRAJ14,0.0011174282738162604
TRAJ16,0.0011174282738162604
TRAV2,0.0011174282738162604
TRAJ40,0.0011174282738162604
TRAJ5,0.0011174282738162604
TRAJ59,0.0011174282738162604
TRAJ58,0.0011174282738162604
TRAJ57,0.0011174282738162604
TRAJ56,0.0011174282738162604
TRAJ54,0.0011174282738162604
TRAJ53,0.0011174282738162604
TRAJ20,0.0011174282738162604
TRAJ52,0.0011174282738162604
TRAJ21,0.0011174282738162604
TRAJ50,0.0011174282738162604
TRAJ4,0.0011174282738162604
TRAJ49,0.0011174282738162604
TRAJ48,0.0011174282738162604
TRAJ47,0.0011174282738162604
TRAJ46,0.0011174282738162604
TRAJ45,0.0011174282738162604
TRAJ44,0.0011174282738162604
TRAJ22,0.0011174282738162604
TRAJ1,0.0011174282738162604
TRAJ19,0.0011174282738162604
TRAJ18,0.0011174282738162604
TRAJ17,0.0011174282738162604
TRAJ43,0.0011174282738162604
TRAJ42,0.0011174282738162604
TRAJ41,0.0011174282738162604
TRAJ61,0.0011174282738162604
TRAV29DV5,0.0011174282738162604
TRAV24,0.0011174282738162604
TRAJ29,0.0011174282738162604
TRDD3,0.0011174282738162604
TRDV3,0.0011174282738162604
TRAJ33,0.0011174282738162604
TRDD2,0.0011174282738162604
TRAJ32,0.0011174282738162604
TRAJ31,0.0011174282738162604
TRAJ30,0.0011174282738162604
TRDV2,0.0011174282738162604
TRDV1,0.0011174282738162604
TRDJ4,0.0011174282738162604
TRDJ3,0.0011174282738162604
TRAJ24,0.0011174282738162604
TRAJ25,0.0011174282738162604
TRAJ2,0.0011174282738162604
TRDJ2,0.0011174282738162604
TRDJ1,0.0011174282738162604
TRAJ28,0.0011174282738162604
TRAJ27,0.0011174282738162604
DAD1,0.0011174282738162604
TRDD1,0.0011174282738162604
TRDC,0.0011174282738162604
OR4E2,0.0011174282738162604
TRAV6,0.0011174282738162604
TRAV41,0.0011174282738162604
TRAV40,0.0011174282738162604
TRAV3,0.0011174282738162604
TRAV39,0.0011174282738162604
TRAV36DV7,0.0011174282738162604
TRAV35,0.0011174282738162604
TRAV34,0.0011174282738162604
TRAJ26,0.0011174282738162604
TRAV30,0.0011174282738162604
TRAV7,0.0011174282738162604
ABHD4,0.0011174282738162604
TRAJ23,0.0011174282738162604
TRAJ10,0.0011174282738162604
TRAC,0.0011174282738162604
OR6J1,0.0011174282738162604
FXN,0.001117064327106737
RN7SL365P,0.0011168615231133508
TAX1BP1,0.0011168615231133508
PTPRS,0.0011167915673766884
MIR4651,0.0011166449217937839
TMEM120A,0.0011166449217937839
POR,0.0011166449217937839
SNORA14A,0.0011166449217937839
OR10S1,0.0011160038000359474
CDK13,0.0011151056560151377
FAM214B,0.001114844240955204
FADS3,0.001114598992495874
NFE2L3,0.0011144630987116116
RNA5SP365,0.001113715593481946
LINC00936,0.001113715593481946
PLEKHA7,0.0011133701657458576
SRSF5,0.0011133248974956273
RN7SKP90,0.0011129589481781955
CACNA2D1,0.0011128962328507553
CHORDC1,0.0011125677124674503
KANK2,0.001111594109775417
SPC24,0.001111594109775417
NDUFS7,0.001111479159272839
GAMT,0.001111479159272839
RNA5SP347,0.00111106251906563
EML3,0.00111069046552581
RN7SL239P,0.001110521839195477
C11orf57,0.0011098753380594975
PIH1D2,0.0011098753380594975
TIMM8B,0.0011098753380594975
TMEM60,0.00110975490981523
CDON,0.0011097494301017506
CMTM3,0.0011095853453069817
MPPE1,0.0011093756003274671
PRKACG,0.0011093598553345374
SMCHD1,0.0011091165317066018
NOX4,0.00110889551169991
BHLHE22,0.001108865860189914
MIR548W,0.001108606738686796
RNA5SP405,0.001108606738686796
CALB2,0.0011082294891852562
MTF1,0.0011078065988794363
FAM183A,0.0011077669474705593
KLF16,0.0011070738481125293
ONECUT3,0.0011070738481125293
REXO1,0.0011070738481125293
MIR1909,0.0011070738481125293
ATP8B3,0.0011070738481125293
RNF182,0.001106646504694071
SNORA63|ENSG00000252448.1,0.0011065725945908565
NELL1,0.0011065207613375073
TUT1,0.0011062297133951416
FTH1,0.001106100860857667
BEST1,0.001106100860857667
SNORD37|ENSG00000206775.1,0.0011057315543391484
PIAS4,0.0011057315543391484
TAF6L,0.0011054973047693259
TMEM223,0.0011054973047693259
EEF2,0.001105293648078458
MIR637,0.001105293648078458
DAPK3,0.001105293648078458
NMRK2,0.001105293648078458
RN7SL202P,0.001105293648078458
MTA2,0.0011050639047227525
KANSL2,0.0011049298200292775
LINC00588,0.0011044605050400326
FAM189A2,0.0011032549728752254
MIR4699,0.0011028592597882544
UCP2,0.0011028362880316637
DNAJB13,0.0011028362880316637
PAWR,0.0011023504311653048
TPK1,0.0011023144333757752
GRIK3,0.0011015259044061705
RIMKLA,0.0011012158367514969
ZMYND12,0.0011012158367514969
PPCS,0.0011012158367514969
KIAA0895,0.0011011130006145407
MTM1,0.001100916657970991
FMNL3,0.0011006171581073808
DPH2,0.0011004468700553803
ARTN,0.0011004468700553803
IPO13,0.0011004468700553803
ATP6V0B,0.0011004468700553803
WFDC13,0.0010999791118352362
SPINT4,0.0010999791118352362
RN7SL76P,0.0010984199935086035
RHEB,0.0010984199935086035
RLTPR,0.0010975052444375881
PARD6A,0.0010975052444375881
ENKD1,0.0010975052444375881
C16orf86,0.0010975052444375881
ACD,0.0010975052444375881
RN7SL188P,0.001096138191481923
C11orf58,0.001096138191481923
RNA5SP472,0.0010957494714297492
TMBIM6,0.0010953490742628374
VWDE,0.0010952345167718725
HIBADH,0.0010950952831089173
ZNF322,0.0010947139274454
MT1M,0.0010941197676514558
MT1JP,0.0010941197676514558
MT1G,0.0010941197676514558
MT1H,0.0010941197676514558
MT1X,0.0010941197676514558
MT1A,0.0010941197676514558
MT1DP,0.0010941197676514558
MT1B,0.0010941197676514558
MT1E,0.0010941197676514558
MT1F,0.0010941197676514558
WDR86,0.001094107108081794
ADCYAP1R1,0.001093997550020418
CREB3L3,0.0010938533470179037
THBD,0.0010936353579858796
SSTR4,0.0010936353579858796
ATCAY,0.0010924575208119515
RN7SL630P,0.0010922666832249674
SOCS2,0.0010922666832249674
RN7SL737P,0.0010922666832249674
MRPL42,0.0010922666832249674
NEU3,0.001092115430585437
OR6T1,0.0010919625816280245
ARFGEF2,0.0010918239903556356
CDHR3,0.001091671423295168
NUDT4,0.0010915126892746597
UBE2N,0.0010915126892746597
OR4K17,0.0010914114251983965
CCNT1,0.0010911693791440626
LDHAL6A,0.0010909825861948393
TSG101,0.0010909825861948393
SRCRB4D,0.001090855402119445
SCGB1D1,0.0010906937788767745
SCGB2A1,0.0010906937788767745
OR8B4,0.0010898913908645106
OR8B8,0.0010898913908645106
ASRGL1,0.0010898777128061027
SMCO4,0.0010894367697176271
SPTY2D1,0.0010892621861668663
UEVLD,0.0010892621861668663
RNA5SP381,0.0010890634223125824
OR4N5,0.0010890634223125824
CRYGN,0.0010888334956183083
MIR3907,0.0010888334956183083
C2CD3,0.0010882962814718438
RAB20,0.00108828149869691
INCENP,0.0010879756039195716
TRIM49,0.0010875910375847725
TRIM49D1,0.0010875910375847725
TRIM49C,0.0010875910375847725
TRIM64B,0.0010875910375847725
TRIM77,0.0010875910375847725
INTS4L2,0.001087445245404063
INTS4L1,0.001087445245404063
SNORA15|ENSG00000207062.1,0.001087445245404063
SNORA22|ENSG00000207344.1,0.001087445245404063
SNORA63|ENSG00000200130.1,0.001087445245404063
SNORA63|ENSG00000252102.1,0.001087445245404063
ZNF92,0.001087445245404063
CCDC83,0.0010872745763943123
KDM4B,0.001087233576496984
KDM4A,0.0010871978993277323
snoU13|ENSG00000239073.1,0.0010870242076410656
DLAT,0.001086791275264446
SCGB1D4,0.0010864477809752302
CD93,0.001086249821686669
SNORD74|ENSG00000201502.1,0.0010861016738665716
snoU13|ENSG00000238361.1,0.0010861016738665716
UCP3,0.0010859614304853694
GGCT,0.0010858246694098073
WDR3,0.0010857819024507548
GDAP2,0.0010857819024507548
ACSS1,0.0010854342905282674
MIR617,0.0010851175027238678
TSGA10IP,0.001084706559263525
CRADD,0.0010843541820052724
RANBP10,0.0010840376388192947
GFOD2,0.0010840376388192947
TSNAXIP1,0.0010840376388192947
CENPT,0.0010840376388192947
THAP11,0.0010840376388192947
NUTF2,0.0010840376388192947
EDC4,0.0010840376388192947
NRN1L,0.0010840376388192947
GABRE,0.0010838517293691766
TMEM225,0.0010836906565332384
OR6M1,0.0010836906565332384
NOD1,0.0010828941169080013
CNTN1,0.0010825247631642877
SCN3B,0.0010819532527109508
ZNF202,0.0010819532527109508
GRAMD1B,0.0010819532527109508
NCOA2,0.0010816164750925544
PRMT3,0.0010814780876605323
HSPB1,0.0010807651558710299
RN7SL212P,0.0010807651558710299
ZNF767,0.0010807400194741976
SCGB1D2,0.0010806923676346975
OR6X1,0.00108067801542267
CDCA8,0.00108055336515183
RSPO1,0.00108055336515183
GNL2,0.00108055336515183
C1orf109,0.00108055336515183
YWHAG,0.0010802913109898456
EEPD1,0.0010789537859254034
CSE1L,0.0010788426763110302
SLC6A9,0.0010786781793908234
CCDC24,0.0010786781793908234
B4GALT2,0.0010786781793908234
U3|ENSG00000202482.1,0.001077926176949402
FAM226A,0.001077926176949402
PHKA1,0.001077926176949402
APP,0.0010776934604470228
EPHA10,0.0010771861382029469
LRRC66,0.0010769994891298197
RN7SL570P,0.0010769620253164552
TJP2,0.00107672993982036
OR7E14P,0.0010766319323029588
SNORD14A,0.0010766319323029588
RPS13,0.0010766319323029588
SNORD14B,0.0010766319323029588
MIR3159,0.0010765815791314091
FAT3,0.0010764438291139264
PAAF1,0.0010762384438774085
snoU13|ENSG00000238871.1,0.001076131977588711
MANEAL,0.001076131977588711
YRDC,0.001076131977588711
C1orf122,0.001076131977588711
SCGB2A2,0.0010758450578916053
DEPDC4,0.0010756846950517832
GOLGA2B,0.0010756846950517832
RN7SL176P,0.0010756846950517832
ACTR6,0.0010756846950517832
LINC00966,0.0010753316160989285
ME3,0.001075084818737623
ATXN7L1,0.0010750791838744687
TMCC3,0.0010749736102117404
MIR5700,0.0010749736102117404
RN7SL816P,0.0010746440221324131
ZNF479,0.0010746440221324131
LINC00900,0.0010744337951202857
PLXNC1,0.0010740688174713732
RN7SKP263,0.0010740688174713732
SRRM3,0.0010739705156980117
RN7SL483P,0.0010736341621353125
DIXDC1,0.0010734929347565162
C11orf1,0.0010734929347565162
RNA5SP351,0.0010734929347565162
C11orf52,0.0010734929347565162
CRYAB,0.0010734929347565162
FDXACB1,0.0010734929347565162
HSPB2,0.0010734929347565162
MIR4747,0.0010724346677464115
IGSF22,0.0010723015595496205
TMEM86A,0.0010723015595496205
PTPN5,0.0010720358066997706
ST3GAL3,0.0010718855073180377
FTO,0.0010718450043375643
EEF1G,0.0010717418939000581
MIR3654,0.0010717418939000581
NEUROD6,0.0010716053648270895
RN7SL330P,0.0010710617121872054
CCDC41,0.0010699795091055875
SLC17A3,0.0010678024381186417
CHST4,0.0010675368692145064
EFNB1,0.0010673557442315545
BBS10,0.0010673242228758054
RN7SKP172,0.0010673242228758054
SYT7,0.0010672767273538866
MIR4488,0.0010672767273538866
LRRC10B,0.0010672767273538866
C9orf135,0.0010671276803578542
METAP2,0.001067021191665265
SYTL2,0.001066610972885604
SS18,0.0010663974360028833
PRR15,0.0010650783679366786
LINC00346,0.0010649837340089912
HYLS1,0.001064931334210577
PUS3,0.001064931334210577
DDX25,0.001064931334210577
MRPL48,0.001064366838444989
SPCS2,0.0010642751121562352
snoU13|ENSG00000238544.1,0.0010635445854043173
LINC00935,0.001063450443468526
NUB1,0.0010631197663096422
7SK|ENSG00000232512.2,0.0010628389426463995
OR10G8,0.0010626406826370891
OR10G7,0.0010626406826370891
GANAB,0.0010625057523454232
INTS5,0.0010625057523454232
PIP5K1B,0.001062331161875764
SLC8A3,0.0010623020765880438
FGL2,0.0010620738281120522
PSEN1,0.00106205706262939
TMUB1,0.0010618059071729965
ASIC3,0.0010618059071729965
CDK5,0.0010618059071729965
FASTK,0.0010618059071729965
SLC4A2,0.0010618059071729965
AGAP3,0.0010618059071729965
MRGPRX2,0.0010617769570525403
OR10G4,0.0010616436011331653
OR10G9,0.0010616436011331653
ANKRD10,0.0010613552663248699
SPATS2,0.0010610615650172596
PRPH,0.0010610615650172596
MCRS1,0.0010610615650172596
C1QL4,0.0010610615650172596
DNAJC22,0.0010610615650172596
TROAP,0.0010610615650172596
KCNH3,0.0010610615650172596
LMBR1L,0.001060604348183461
CCDC79,0.0010603013968648956
DYNC1LI2,0.0010603013968648956
TUBA1B,0.0010590426187736298
TUBA1A,0.0010590426187736298
NTN4,0.0010589534563969756
PGAM1P5,0.0010589534563969756
FAM110B,0.001058452883263012
JAZF1,0.0010582783455317486
MRGPRX1,0.001057865785349309
RN7SL586P,0.0010574874021345964
TUBA1C,0.0010574552030248217
RBM25,0.001057138641353194
IZUMO4,0.0010569418963762155
AP3D1,0.0010569418963762155
CDH24,0.001056826158827921
MAMDC2,0.0010561880650994573
SIK3,0.0010561259317289514
SMC5,0.0010561084990958404
PSMB5,0.001055943026652472
PSMB11,0.001055943026652472
XRRA1,0.0010557584652246183
RN7SL23P,0.0010547779230303202
PPP1R32,0.0010547779230303202
SDHAF2,0.0010547779230303202
MIR550A3,0.0010546628137073225
MIR548AO,0.001054064178816809
snoU13|ENSG00000238314.1,0.0010533657516785353
SLC10A1,0.0010530697655701557
SNORA11|ENSG00000221060.1,0.0010530697655701557
UHRF1,0.0010527561850113818
SNORD56|ENSG00000207299.1,0.0010527300831348974
ABCB8,0.0010519052255761132
ARHGEF7,0.0010518803589129086
SDHD,0.001051745107138856
ANO6,0.0010515690055047907
CPSF7,0.001051568196069677
snoU13|ENSG00000238453.1,0.001048499603771253
GSAP,0.0010472431217401514
WBSCR27,0.0010471859270469515
CLDN4,0.0010471859270469515
ATF7,0.0010466232882969748
ATP5G2,0.0010462121750428864
CSRP2,0.0010454151682159367
USP44,0.0010452884248622878
MT3,0.0010451963275440043
MT1L,0.0010451963275440043
MT2A,0.0010451963275440043
RNU105C,0.0010449350403772986
CCDC129,0.0010437214390859283
TMEM216,0.0010428105304552053
CACNG3,0.0010427585073154698
ALG8,0.001042249684517158
SART1,0.0010413693901035698
NCAPH,0.0010412515968759623
EQTN,0.0010411507479861893
CTCF,0.001040793740811906
FAM65A,0.001040793740811906
TMEM127,0.0010402252970132244
CIAO1,0.0010402252970132244
SNRNP200,0.0010402252970132244
ITPRIPL1,0.0010402252970132244
SNORA1|ENSG00000201541.1,0.001040220286043071
PPP2R1B,0.0010397950039206898
NARS2,0.0010396896871855594
LINC00684,0.001039527891292071
DMRTC1,0.001039527891292071
SLCO2B1,0.0010389080680219924
SNORD65|ENSG00000238936.1,0.0010385447517081675
HTATIP2,0.0010383881502672168
LINC00393,0.0010382435988551915
LIPT2,0.0010380302752344562
RNA5SP280,0.0010378442654392006
SLC22A25,0.001037778336820535
NAP1L2,0.0010370380882102532
POLR1E,0.0010367351863633375
PTPRT,0.0010361149569268655
snoU13|ENSG00000238693.1,0.0010358624216852065
MIR4694,0.001034792665994316
LUM,0.0010347325095579846
SNORA1|ENSG00000207407.1,0.0010346920930076613
MIR4486,0.0010346920930076613
FBXO10,0.001034343944014216
MIR331,0.001034191408017176
MIR3685,0.001034191408017176
PABPC1L2A,0.0010333403611771114
NAP1L6,0.0010329754539041042
ADAM21P1,0.0010326940876104974
CMTM4,0.001032276003325602
MIR492,0.0010320757896977826
KRT19P2,0.0010320757896977826
MYO7A,0.0010311885200051296
WIPF3,0.0010305807708012702
snoU13|ENSG00000238906.1,0.0010305807708012702
ALG9,0.0010299252668469637
PATE4,0.0010298246752043318
SNORA53,0.0010290736478711154
SLC25A3,0.0010290736478711154
TBC1D15,0.0010290128592407293
ZDHHC17,0.001028981196456482
RNA5SP489,0.001028861939136961
RNU6ATAC38P,0.0010286836278564583
E2F8,0.001028601839926916
CSRP3,0.001028601839926916
ZDHHC13,0.001028601839926916
KIRREL3,0.001028258613340254
PHF20,0.0010275270875657664
TOX,0.0010244465708296733
RHEBL1,0.0010244122965641948
DHH,0.0010244122965641948
MIR4493,0.0010243322121515598
LINC00972,0.0010226524780481906
CREBZF,0.0010220765305195875
CCDC89,0.0010220765305195875
PAPLN,0.0010216099266021068
CDC20,0.00102151457680942
ELOVL1,0.00102151457680942
POM121,0.0010197805744770903
LINC00922,0.001019761309647459
SCYL2,0.0010194591484464896
SLC17A8,0.0010194591484464896
JAM2,0.0010186711318349694
ATP5J,0.0010184679710463131
GABPA,0.0010184679710463131
RPL13AP17,0.001018347989732665
STX5,0.0010173303634486907
ZNF727,0.001016804266558896
ZNF679,0.001016804266558896
DBX1,0.001015725703941063
SLC3A2,0.0010147528416121915
WDR74,0.0010147528416121908
SNHG1,0.0010147528416121908
MED8,0.0010144106793689993
SZT2,0.0010144106793689993
RDH16,0.0010139081616439803
NAALAD2,0.0010134296974001215
PABPC1L2B,0.0010127595909794937
TRPM3,0.0010124477217356858
TEX12,0.0010113493327980681
IL18,0.0010113493327980681
BCO2,0.0010113493327980681
CPVL,0.0010104658102208124
ARMC1,0.0010089347195892213
TENM4,0.001008819844009717
SNORD14D,0.0010074973682183497
SNORD14C,0.0010074973682183497
SNORD14E,0.0010074973682183497
HSPA8,0.0010074973682183497
TRIM43,0.0010059093332704895
LINC00342,0.0010059093332704895
FLJ14082,0.0010059093332704895
IKBIP,0.0010052071346375137
snoU13|ENSG00000238395.1,0.0010044769107057335
DNALI1,0.0010039399598810261
MAN1A2,0.0010038192459507268
MIR618,0.0010025486065237176
CHN2,0.0010024405565851068
NT5C3A,0.0010023566542280442
TAF4B,0.0010022810581697232
NUPR1,0.001002211978936249
NSUN5P2,0.0010016808616242843
NSUN5,0.0010016808616242843
TRIM74,0.0010016808616242843
STAG3L3,0.0010016808616242843
GTF2IRD2P1,0.0010016808616242843
NCF1B,0.0010016808616242843
PPP2R5C,0.0010014954723286044
TPH2,0.00099889183967537
CNTN5,0.0009986191024165727
ARF3,0.0009984504738929682
PACS1,0.0009984200126838887
WFDC3,0.000998303881021015
UBE2C,0.000998303881021015
DNTTIP1,0.000998303881021015
FAHD2CP,0.0009981853692449553
RN7SL210P,0.0009981853692449553
ADRA2B,0.0009981853692449553
GPAT2,0.0009981853692449553
ASTL,0.0009981853692449553
STARD7,0.0009980793193956343
DUSP2,0.0009980793193956343
TESK1,0.0009971894085078524
MIR4667,0.0009971894085078524
RBBP6,0.0009970146309386807
LMO2,0.0009966951270369343
CCDC101,0.0009952135629985842
SEMA3E,0.0009944813478224431
CLDN3,0.0009930694908389995
LINC00158,0.000992643613378467
PIP5K1C,0.0009915040746956139
TJP3,0.0009915040746956139
OSBPL8,0.000991358606457483
RN7SKP118,0.0009907940161104673
ZDHHC1,0.0009907940161104673
LRRC36,0.0009907940161104673
KCTD19,0.0009907940161104673
TPPP3,0.0009907940161104673
GOLGA7,0.0009903549895894674
SLC38A7,0.0009888051867860492
USP35,0.0009886426177015061
ACSS3,0.00098818150716885
FBXO3,0.000986542206112448
CD59,0.0009865014439222018
KCTD21,0.0009848679419400385
FAHD2A,0.00098451377617001
KCNIP3,0.0009844401304413158
CCDC59,0.0009842752069355088
NCLN,0.0009839950680149583
S1PR4,0.0009839950680149583
PGA3,0.0009838909672279055
PGA4,0.0009838909672279055
PGA5,0.0009838909672279055
RP9P,0.0009838679856986221
APAF1,0.0009838484850194984
CELF5,0.000983618763961283
TMEM138,0.0009834730946231736
DDB1,0.0009834730946231736
VWCE,0.0009834730946231736
CYB561A3,0.0009834730946231736
DAK,0.0009834730946231736
LINC00470,0.0009824843193879241
TEX29,0.0009818007241406967
COX16,0.0009816811163922041
SYNJ2BP,0.0009816811163922041
C12orf50,0.0009813394958241685
SFRP1,0.0009810411616360405
DYNC1H1,0.0009807754453757243
PLEKHG4,0.000980685052939909
SMUG1,0.000980500035528305
C14orf169,0.0009802055900093472
CD5,0.0009797964341682424
CEP290,0.0009796937723979878
ANKRD36C,0.0009795500540559657
PDP2,0.0009795343049537183
CA7,0.0009795343049537183
NAE1,0.0009795343049537183
ADAM21,0.0009794275851892922
ADAM20P1,0.0009794275851892922
ADAM20,0.0009794275851892922
CINP,0.0009792009020964105
ZNF839,0.0009792009020964105
snoU13|ENSG00000239061.1,0.0009792009020964105
C12orf29,0.000978117261639263
RNA5SP364,0.000978117261639263
RN7SL543P,0.000977651262794497
CES3,0.000977651262794497
CES4A,0.000977651262794497
HRASLS5,0.0009773618875095823
FTSJD1,0.0009766810765102288
COA4,0.0009765958984451007
HSD11B2,0.0009765941163191439
CD72,0.0009753412861097625
GINS4,0.0009750961650700216
LINC00035,0.0009747627153223322
RN7SL265P,0.0009747627153223322
ABHD11,0.0009747627153223322
KBTBD2,0.000974631463547375
NUMB,0.0009738775897217105
SNORA64|ENSG00000199566.1,0.0009729113924050616
MIR4494,0.0009729113924050616
snoU13|ENSG00000238528.1,0.0009727254268779424
COPZ1,0.0009726939591729001
RN7SL744P,0.0009726939591729001
MIR148B,0.0009726939591729001
NFE2,0.0009726939591729001
HNRNPA1,0.0009726939591729001
SDR9C7,0.0009713350752137236
SNORA48|ENSG00000212383.1,0.0009707161157758605
IFNK,0.000970456463367855
RN7SL390P,0.0009703693928720053
CBX5,0.0009703693928720053
VPS37C,0.000970256594256043
DMRTC1B,0.0009698245788896648
snoU13|ENSG00000238800.1,0.0009694303797468363
LIN7A,0.0009692668148922421
TENM1,0.0009687766691837169
ZNF736,0.0009687766118672692
RNA5SP338,0.0009686072596934193
E2F7,0.0009685884833047618
TEKT4,0.0009685503214586709
ANKRD20A8P,0.0009685503214586709
NAP1L1,0.0009685282982076993
PHLDA1,0.0009685282982076993
ATP6V0D1,0.0009674542040843253
AGRP,0.0009674542040843253
BCL7B,0.0009671531624254342
RN7SL463P,0.0009670454628553049
C12orf63,0.0009666279324618795
PROM2,0.0009664646809814333
RN7SL472P,0.000966418911021115
IKZF4,0.0009651050960902372
RPS26,0.0009651050960902372
HERPUD1,0.000964717443003089
SNORA7|ENSG00000206913.1,0.0009646214483858947
P4HA3,0.0009646214483858947
RNA5SP343,0.0009646214483858947
PPME1,0.0009646214483858947
ZNF2,0.0009645817655000591
GAB2,0.0009643740653647091
HSP90AA1,0.0009627816472885537
C11orf34,0.0009625229474811108
C9orf72,0.0009622989387546341
TEK,0.000962291267101392
ZNF117,0.0009619747990127452
TRIM50,0.0009619552805546841
FKBP6,0.0009619552805546841
DTX3,0.0009616351655973635
ARHGEF25,0.0009616351655973635
SLC26A10,0.0009616351655973635
ZNF514,0.0009615489769975969
MRPS5,0.0009615489769975969
RN7SL149P,0.0009614416752403082
SLC9A7P1,0.0009613176064441878
RN7SL179P,0.0009613176064441878
FOLH1B,0.0009603152720335323
TBL2,0.0009598024378583628
FAM166B,0.0009597641639018638
CMTM2,0.000959404474152215
CKLF,0.000959404474152215
CMTM1,0.000959404474152215
TK2,0.000959404474152215
snoU13|ENSG00000238972.1,0.0009590697923979107
DCAF4,0.0009590697923979107
MAL,0.0009588628734261787
C11orf91,0.0009587486634704938
PIP4K2C,0.0009584128085081782
MYRF,0.0009582097801018167
TMEM258,0.0009582097801018167
FEN1,0.0009582097801018167
MIR611,0.0009582097801018167
DAGLA,0.0009582097801018167
MCUR1,0.0009578415290327064
TNFAIP8L1,0.0009576778160242013
CHAF1A,0.0009576778160242013
C19orf10,0.0009576778160242013
HDGFRP2,0.0009576778160242013
LRG1,0.0009576778160242013
MIR4746,0.0009576778160242013
PLIN4,0.0009576778160242013
RN7SL121P,0.0009576778160242013
UBXN6,0.0009576778160242013
RN7SL528P,0.0009576778160242013
SEMA6B,0.0009576778160242013
PLIN5,0.0009576778160242013
NOL7,0.0009563774705986077
RANBP9,0.0009563774705986077
RN7SKP204,0.0009560675604191269
SIRT5,0.0009560675604191269
U8|ENSG00000200496.1,0.0009556191747759796
KHDRBS2,0.0009556147236484861
TSIX,0.0009540583437927392
ACIN1,0.0009537397908193798
RPLP0P2,0.0009533101637810991
RPAP3,0.0009531236414780713
ZFYVE1,0.0009518710121663871
STX1A,0.0009511758418772055
VPS37D,0.0009511758418772055
DNAJC30,0.0009511758418772055
MIR4284,0.0009511758418772055
WBSCR22,0.0009511758418772055
DCN,0.0009510258752982732
PRKRIR,0.0009509987047136205
EPB41L3,0.0009509967688455294
RN7SL97P,0.0009501950688567022
TMEM200C,0.0009501013697917998
NOL3,0.000950071852924493
TRADD,0.000950071852924493
FBXL8,0.000950071852924493
KIAA0895L,0.000950071852924493
EXOC3L1,0.000950071852924493
B3GNT9,0.000950071852924493
ELMO3,0.000950071852924493
MIR328,0.000950071852924493
LRRC29,0.000950071852924493
TMEM208,0.000950071852924493
FHOD1,0.000950071852924493
SLC9A5,0.000950071852924493
E2F4,0.000950071852924493
HSF4,0.000950071852924493
RN7SL54P,0.0009497050168260088
MLXIPL,0.0009496350520549446
FADS1,0.0009493564603726231
FADS2,0.0009486337403947297
LGALS12,0.0009485669196830412
RARRES3,0.0009485669196830412
WDR88,0.0009481616738515625
LRP3,0.0009481616738515625
GPATCH1,0.0009481616738515625
RN7SKP271,0.0009471043652654062
KIF5A,0.0009467603028726654
RECK,0.0009467572536506014
UHRF1BP1L,0.0009463406214039122
CDH8,0.0009456919357132698
TRIL,0.0009456858372334083
WDR20,0.0009455307672969101
DCTN2,0.000944286457430205
PCED1B,0.0009442679964198938
SNORD112|ENSG00000252077.1,0.0009441197682226247
MKNK2,0.0009439984677178541
HOXC13,0.0009435099936049036
HOXC12,0.0009435099936049036
HOTAIR,0.0009435099936049036
OR9K2,0.000942246835443034
RN7SL789P,0.0009418243224690435
OR10P1,0.0009414336737690142
C12orf55,0.0009411998230081141
TAT,0.0009411895058859151
ZNF19,0.0009411895058859151
LANCL1,0.0009405461760579925
MYL1,0.0009405461760579925
SERGEF,0.0009403650604937421
SNORA70D,0.0009402274373304231
SNORD71,0.0009402274373304231
PHLPP2,0.0009402274373304231
MARVELD3,0.0009402274373304231
MED6,0.0009401025714400698
TTC9,0.0009401025714400698
RN7SL77P,0.0009401025714400698
RN7SL575P,0.000938230892164076
ZBTB5,0.0009373414065185123
ITGA7,0.0009363458242796689
BLOC1S1,0.0009363458242796689
RDH5,0.0009363458242796689
CD63,0.0009363458242796689
GDF11,0.0009363458242796689
AMIGO2,0.0009361616161616154
MIR3976,0.0009357796376679735
TWF1,0.0009356736012620303
IRAK4,0.0009356736012620303
TMEM126A,0.0009350849975460889
TMEM126B,0.0009350849975460889
IL1RAPL2,0.0009345659122874311
MUC19,0.0009344854539478601
PA2G4,0.0009336369895662311
ZNF507,0.0009324089074384269
MIR1261,0.0009323000654495836
METTL7B,0.0009320908231852201
PRPF40B,0.0009316446429564278
EMILIN2,0.0009315656754799907
NUPR1L,0.0009313733676229886
HOXC6,0.0009304863317531685
MIR615,0.0009304863317531685
HOXC4,0.0009304863317531685
HOXC8,0.0009304863317531685
HOXC9,0.0009304863317531685
MIR196A2,0.0009304863317531685
HOXC5,0.0009304863317531685
HOXC10,0.0009304863317531685
HOXC11,0.0009304863317531685
snoU13|ENSG00000239013.1,0.0009304431083763953
SLC12A3,0.0009300977422187093
NUP93,0.0009300977422187093
MIR4698,0.0009294744917529722
TGFB3,0.0009292552168800232
GOT2,0.0009286322939178805
snoU13|ENSG00000238995.1,0.0009282875501164289
CCDC90B,0.0009265297547140093
CREB5,0.0009263404215221287
LINC00314,0.0009263393427950418
U3|ENSG00000252921.1,0.0009257093350660585
NEDD1,0.0009240462376933856
NFIC,0.0009239705682191232
MIR4495,0.0009232738780207141
MIR4303,0.0009232738780207141
DOHH,0.0009224828891392658
FZR1,0.0009224828891392658
C19orf77,0.0009224828891392658
RN7SL866P,0.0009224828891392658
PRCP,0.0009221947931438987
C11orf82,0.0009221947931438987
SNORD38|ENSG00000252408.1,0.0009216488975673919
OR10A7,0.00092058616695623
AQP8,0.0009202317583091904
ZKSCAN2,0.0009202317583091904
ALDH6A1,0.0009199887640950413
CHCHD2,0.0009193636373757243
PHKG1,0.0009193636373757243
snoU13|ENSG00000238673.1,0.0009193636373757243
GRIK4,0.0009188863265298131
NCR3LG1,0.0009184894048534873
ANKS1B,0.0009178483217924393
MKRN9P,0.0009170793792392753
KCNJ11,0.0009157955101755383
SLC17A6,0.0009149292217606395
ABCC8,0.0009146961325966866
snosnR66,0.0009145872798819089
USH1C,0.0009143828239737057
OTOG,0.0009143828239737057
RNA5SP263,0.0009127983036689593
SULT1A2,0.0009125426341101398
ANO5,0.0009124931205283405
SBNO2,0.000912404463552776
KLF9,0.000912318540285312
WNT10B,0.0009111574914843818
WNT1,0.0009111574914843818
NCAPD3,0.0009105561948599918
SH3GL1,0.0009105261615316209
WNT11,0.0009102944691827477
RNF126,0.0009102458080718395
FGF22,0.0009102458080718395
POLRMT,0.0009102458080718395
GUCY2EP,0.0009100440409088608
LRRC32,0.0009100440409088608
NPIPB1P,0.0009098880767946281
RNA5SP366,0.0009093325661680089
PLTP,0.0009092905473573757
PCIF1,0.0009092905473573757
GPR56,0.0009085839879523003
GPR97,0.0009085839879523003
CCDC135,0.0009085839879523003
RNA5SP462,0.0009085512797747384
SNIP1,0.0009085287404025716
CYYR1,0.0009084797340493547
PRKAG1,0.0009083565988127824
DDN,0.0009083565988127824
KMT2D,0.0009083565988127824
LPIN2,0.0009080135487146217
SNORA68|ENSG00000201388.1,0.0009079354183256021
PDCD5,0.0009079354183256021
RNA5SP335,0.0009076320928400399
UNC13B,0.0009075003196522197
TMEM117,0.0009066066999871062
NFS1,0.0009065511538261186
CPNE1,0.0009065511538261186
RBM12,0.0009065511538261186
OR6C70,0.0009058294048871125
snoU13|ENSG00000238626.1,0.0009050878658844468
THOC1,0.0009049658201855837
ROCK1P1,0.0009049658201855837
USP14,0.0009049658201855837
BRD7,0.0009048987422039923
ACOT6,0.0009043009358414329
ANKRD9,0.0009040663095868364
CD40,0.0009039669621598352
B4GALNT1,0.0009032628171781977
B3GAT1,0.000903211865490347
ACAD8,0.000903211865490347
THYN1,0.000903211865490347
VPS26B,0.000903211865490347
GLB1L2,0.000903211865490347
GLB1L3,0.000903211865490347
ACOT4,0.0009029729620968603
ACOT2,0.0009029729620968603
ACOT1,0.0009029729620968603
SNORA50|ENSG00000206952.2,0.0009025833948704254
SNORA46|ENSG00000207493.1,0.0009025833948704254
RN7SL143P,0.000902259956776787
WIBG,0.0009019641341313039
HEATR4,0.0009019400936288584
RN7SL356P,0.000901745096144555
OR6C65,0.0009009070573223936
OR6C75,0.0009009070573223936
ASB2,0.0009006534616878421
MIR4506,0.0009006534616878421
FAM181A,0.0009006534616878421
PRIMA1,0.0009006534616878421
MOK,0.000900373725341329
CCDC176,0.0009000851610256776
OR6C76,0.0009000314987533974
OR6C2,0.0009000314987533974
MYOM1,0.0008995913747617764
MIR4697,0.000899373481651962
LSM5,0.00089923675651465
ODF3L2,0.0008985058725045018
HCN2,0.0008985058725045018
BSG,0.0008985058725045018
TPGS1,0.0008985058725045018
GZMM,0.0008985058725045018
CDC34,0.0008985058725045018
MADCAM1,0.0008985058725045018
LINC00113,0.0008983020074159334
ELMSAN1,0.0008982110360430872
RN7SL332P,0.0008981998493195344
MIR4309,0.0008980397279959285
TECPR2,0.0008980362901285072
C19orf24,0.0008979833083889289
EFNA2,0.0008979833083889289
GAS2,0.0008979027755600952
RPL41,0.0008973571315078655
ZC3H10,0.0008973571315078655
ESYT1,0.0008973571315078655
IFI27L2,0.0008970486759199574
LINC00521,0.0008970486759199574
IFI27,0.0008970486759199574
DDX24,0.0008970486759199574
IFI27L1,0.0008970486759199574
OTUB2,0.0008970486759199574
TLE2,0.0008970020408736067
TLE6,0.0008970020408736067
ZNF410,0.0008957294689446428
snoU13|ENSG00000238330.1,0.0008957294689446428
FAM161B,0.0008957294689446428
PTGR2,0.0008957294689446428
ASL,0.0008948984599396686
MIR550A2,0.0008947781613604382
DPF3,0.0008946563588480171
CNGB1,0.0008944953861718919
SPATA19,0.0008942641605932752
NPIPB15,0.0008942356096176907
PSMD7,0.0008942356096176907
CLEC18B,0.0008942356096176907
PUS7L,0.000894216998191678
GNA15,0.0008937701662943688
COQ6,0.0008930601075792895
MIR4505,0.0008926979329216787
RNA5SP424,0.0008921821245359348
PHKB,0.0008921821245359348
RNA5SP425,0.0008921821245359348
RN7SL546P,0.0008920097085375993
L3MBTL4,0.0008911314428300333
NUDT19,0.0008910953073944938
IGSF9B,0.0008910497378851818
SNORA31|ENSG00000251999.1,0.0008909167625623305
MEAF6,0.0008907795531576385
MIR5581,0.0008907795531576385
LNX1,0.0008899035696537569
KCNC1,0.0008890523812854062
snoU13|ENSG00000239058.1,0.000888894117401012
SNORA40|ENSG00000252693.1,0.000888894117401012
SLC7A3,0.0008887312015015901
MYOD1,0.0008885292677809654
ZC3H12A,0.000888427751262363
OR6C68,0.0008884143313989194
IRAK3,0.0008883594925583203
KCNB1,0.0008881898903631407
OS9,0.0008879804635570203
SPIRE1,0.000887516301280097
SNX21,0.0008848888201347867
POLD3,0.0008848334750921415
RN7SKP289,0.0008839442510125551
SNORD81|ENSG00000223213.1,0.0008839442510125551
GJB1,0.0008832747728157114
MIR3182,0.0008830098187761713
CENPN,0.0008815817971795767
PCF11,0.0008810581788259196
ANKRD42,0.0008810581788259196
SUOX,0.0008809347121601223
RAB5B,0.0008809347121601223
MIR1538,0.0008806785490114041
SLC38A4,0.0008804449558879938
ATMIN,0.0008803424459739163
GCSH,0.0008803424459739163
C16orf46,0.0008803424459739163
SNORA22|ENSG00000206634.1,0.0008802366088366144
CCT6P1,0.0008802366088366144
SNORA15|ENSG00000206785.1,0.0008802366088366144
CDK2,0.0008794185009796669
PMEL,0.0008794185009796669
DGKA,0.0008794185009796669
SNORA3|ENSG00000221148.1,0.0008785683676160338
BTG1,0.0008773917131629633
RCOR1,0.0008766493168957427
SNX12,0.0008765651109025568
GTSF1,0.0008763411935480581
snoU13|ENSG00000252525.1,0.0008762704008057313
ITGB1BP2,0.0008762704008057313
NONO,0.0008762704008057313
ZMYM3,0.0008762704008057313
IL2RG,0.0008762503719641998
MED12,0.0008762503719641998
FOXO4,0.0008762503719641998
CXorf65,0.0008762503719641998
RN7SL746P,0.0008762503719641998
RN7SKP166,0.0008760405975595844
ZNF385A,0.0008759453067107877
GPR84,0.0008759453067107877
SH2B1,0.0008757581379418583
RABEP2,0.0008757581379418583
TUFM,0.0008757581379418583
SPNS1,0.0008757581379418583
SNORA43|ENSG00000252461.1,0.0008757581379418583
snoU13|ENSG00000238684.1,0.0008757581379418583
SULT1A1,0.0008757581379418583
ATP2A1,0.0008757581379418583
ATXN2L,0.0008757581379418583
CD19,0.0008757581379418583
EIF3C,0.0008757581379418583
LAT,0.0008757581379418583
MIR4517,0.0008757581379418583
MIR4721,0.0008757581379418583
snoU13|ENSG00000238352.1,0.0008757581379418583
NFATC2IP,0.0008757581379418583
NPIPB8,0.0008757581379418583
NPIPB9,0.0008757581379418583
snoU13|ENSG00000238699.1,0.0008757581379418583
OR2AP1,0.0008755959403979546
LINC00032,0.0008754916251118776
SNORA70|ENSG00000252258.1,0.0008753346260649108
KERA,0.0008752952170588738
NLGN3,0.0008750114450523038
ERBB3,0.0008739897251204922
JAM3,0.0008739138217619233
OR6C4,0.0008736739825635737
TEX11,0.0008730514798452622
RNA5SP262,0.0008729448049861873
CMC2,0.0008729092639781493
BDNF,0.000872836024734758
RN7SL221P,0.0008726616081197723
SARNP,0.0008722325141877882
DNAJC14,0.0008722325141877882
ORMDL2,0.0008722325141877882
TMEM198B,0.0008722325141877882
MMP19,0.0008722325141877882
SKAP2,0.0008721391389488539
INGX,0.0008718468880902783
BEGAIN,0.0008714503136716277
U3|ENSG00000199769.1,0.0008706995215968125
CD6,0.0008703878016456175
C14orf119,0.0008702114157843751
C11orf30,0.000870051644680154
DNAL1,0.0008698809294921977
PNMA1,0.000869474041913894
CCDC102A,0.000869359180849273
GPR114,0.000869359180849273
SEMA3A,0.0008692050540452296
SIAH1,0.0008690293481270798
FZD9,0.0008689719643243217
LARP4,0.0008687890432352449
MPND,0.0008687250262966768
CXorf49B,0.0008686022157621256
CXorf49,0.0008686022157621256
RNU3P3,0.0008682761504042973
C14orf178,0.0008681639533375972
SNW1,0.0008681639533375972
SLIRP,0.0008681639533375972
ALKBH1,0.0008681639533375972
MAP3K9,0.0008670886075949366
GLS2,0.0008668628396032607
RGS9BP,0.0008662895741233992
TAF1,0.000866027078993751
MYL12A,0.0008656704887819632
CYB5B,0.0008655292133068321
snoU13|ENSG00000238978.1,0.0008654588216356885
snoU13|ENSG00000239121.1,0.0008652541239541138
PTPRF,0.0008644808743169415
MUM1,0.0008643109002815756
ZNF254,0.0008642270809359415
ZNF726,0.0008642270809359415
OR6C3,0.0008635465789691383
OR6C1,0.0008635465789691383
RNA5SP235,0.0008634465860924178
FANCF,0.0008630866408343073
GRM5,0.0008627877034358045
ENTPD5,0.0008620516970789073
PPP4R4,0.0008618002058800253
OGT,0.000861603566278298
TSKU,0.0008612487005442424
SLC22A9,0.0008602316044498252
RBMS2,0.0008592120950762313
SLC12A5,0.0008591923485653549
MMP9,0.0008591923485653549
ZNF335,0.0008591923485653549
ATP8B5P,0.0008590706077744887
SNORA79|ENSG00000221303.1,0.0008589486203828314
GTF2A1,0.0008589486203828314
NFAT5,0.0008580035830107753
TMIGD2,0.0008578481338313675
FSD1,0.0008578481338313675
STAP2,0.0008578481338313675
EPYC,0.0008571669342606009
RN7SL770P,0.0008567713574492889
SPRYD4,0.0008548844524492047
LINC00911,0.0008547817500911774
SLC5A8,0.0008535730724971235
LRRIQ1,0.0008535565239445694
PIH1,0.000853293031154992
HELB,0.0008532274169816616
APLNR,0.0008530185004868549
NCOA5,0.0008527354416927853
TMEM132A,0.0008516744170799449
TMEM109,0.0008516744170799449
SLC15A3,0.0008516744170799449
PRPF19,0.0008516744170799449
snoU13|ENSG00000238683.1,0.0008515110105659593
NQO1,0.0008515110105659593
LRRC55,0.0008512982797792927
DTNBP1,0.0008509011439960253
RAB30,0.000849985118266017
LINC00308,0.0008489593189494947
IMPA2,0.0008485445845660057
NEUROD4,0.000848483731389365
AES,0.0008481573998708935
SEL1L,0.0008478598160510438
STON2,0.0008478598160510438
C11orf68,0.0008477387802071355
DRAP1,0.0008477387802071355
MOB3A,0.0008475777659117781
FAM71C,0.0008440909090909078
RRN3P2,0.0008438143079360076
KIAA1549L,0.0008430725383316508
snoU13|ENSG00000238520.1,0.0008427725842763627
NELL2,0.0008427147086065074
ITGA5,0.000839848547907381
BANP,0.0008398021962479892
SMOC1,0.0008396432278037458
ACOT8,0.0008395828569122523
ZSWIM3,0.0008395828569122523
SNORA70|ENSG00000251893.2,0.0008388131489576071
CIDEA,0.0008386059729187903
TUBB6,0.0008386059729187903
TPH1,0.0008384614308692924
ADCY7,0.0008376664552948624
CRCP,0.0008376123759321819
LINC00174,0.0008373390956959768
JARID2,0.0008366773354136504
TPST1,0.0008364882644451138
CETP,0.0008364703062400828
GFOD1,0.0008363033058866916
WWP2,0.0008361262945914853
FKSG63,0.0008349788157757101
OR8K3,0.0008347590982682459
PDF,0.0008344917093838271
COG8,0.0008344917093838271
TERF2,0.0008344917093838271
TMED6,0.0008344917093838271
NIP7,0.0008344917093838271
AP1G1,0.0008344117689381801
RNU6ATAC28P,0.0008342910769723442
ARHGAP42,0.0008341311657992249
ANKRD27,0.0008333836733573161
PLEKHG7,0.0008332608907773263
C12orf74,0.0008332608907773263
TEPP,0.0008330125651953999
RAB6A,0.0008318712718822794
PIEZO2,0.0008317014277819003
EEA1,0.0008316198451207754
ZNF423,0.0008314926422511786
VPS4A,0.0008313990741709388
C19orf26,0.0008311559828517791
CIRBP,0.0008311559828517791
ATP5D,0.0008311559828517791
MIDN,0.0008311559828517791
SNORA70E,0.0008308454575695518
CEBPB,0.0008306322512501464
CLLU1OS,0.0008304578073855955
CLLU1,0.0008304578073855955
snoU13|ENSG00000238865.1,0.0008303602316979086
RUSC2,0.000829803364256885
NABP2,0.0008293893331920996
SLC39A5,0.0008293893331920996
ANKRD52,0.0008293893331920996
RNF41,0.0008293893331920996
COQ10A,0.0008293893331920996
OR6C74,0.0008282348804500664
GLG1,0.0008281757690582753
PTGDR2,0.0008272618452925159
ZP1,0.0008272618452925159
SNORA62|ENSG00000252443.1,0.0008272439585730729
C16orf87,0.000826971365276937
PLLP,0.0008254129768639962
WDR25,0.0008252424810248856
RNF38,0.0008250081392210261
IST1,0.0008241374513744687
MIR767,0.0008240410007785964
DOK4,0.0008238139816144654
CIAPIN1,0.0008238139816144654
POLR2C,0.0008238139816144654
CCL17,0.0008238139816144654
CX3CL1,0.0008238139816144654
CCL22,0.0008238139816144654
COQ9,0.0008238139816144654
SAAL1,0.0008236575984334579
MRGPRX3,0.0008236575984334579
SAA3P,0.0008236575984334579
FSTL3,0.0008236472945891775
snoU13|ENSG00000252265.1,0.0008233539091751722
CDH5,0.0008232744305167029
LINC00920,0.0008232744305167029
BEAN1,0.0008232744305167029
SETD6,0.0008229185442747276
LINC00301,0.0008228686117012159
RNA5SP428,0.0008227950818830178
NOB1,0.0008226605816508006
TMEM185A,0.0008223834712601235
CXorf40A,0.0008223834712601235
MAGEA9,0.0008223834712601235
CXorf40B,0.0008223834712601235
MAGEA9B,0.0008223834712601235
HSFX1,0.0008223834712601235
MAGEA8,0.0008223834712601235
MAGEA11,0.0008223834712601235
HSFX2,0.0008223834712601235
FKBP9,0.000821657261750067
NAV2,0.0008214481440391376
LGSN,0.0008204632808896634
TSHZ3,0.0008203657431560447
LINC00354,0.0008201889805351596
FAM192A,0.0008198342673865145
FKBP1C,0.0008198329318915594
TSPAN19,0.0008196905766526004
ALX1,0.0008194046713241547
RASA3,0.0008190957517333881
AMN,0.0008186557214512488
GPATCH2L,0.0008184906754275782
CDC42BPB,0.0008182061711554994
DIP2B,0.0008181279516845428
SOX1,0.0008180693549764619
SNX20,0.0008178782006349704
NKD1,0.0008178782006349704
NHSL2,0.0008176002014329203
RAD51B,0.0008171513087669144
snoU13|ENSG00000238748.1,0.00081662830840046
CHGA,0.0008162859367122885
OPCML,0.0008157678046285649
SIT1,0.0008144983199847863
GNA11,0.0008144630957216729
SAA4,0.0008140569270578367
MRGPRX4,0.0008140569270578367
RNA5SP333,0.0008140569270578367
RNA5SP334,0.0008140569270578367
SAA1,0.0008140569270578367
SAA2,0.0008140569270578367
BAZ1B,0.0008133847741951201
NR1H4,0.0008133256616800918
GAS2L3,0.0008133256616800918
RNA5SP43,0.0008130621844089367
snoU13|ENSG00000238734.1,0.000813019798096037
GTF2H1,0.0008127571901417886
LNX2,0.0008121843762062582
MUC15,0.0008118590270489008
LIN52,0.0008106294541482998
FAM96B,0.0008104755214574642
RRAD,0.0008104755214574642
CDH16,0.0008104755214574642
CES2,0.0008104755214574642
ZNFX1,0.0008100093425415387
SNORD12B,0.0008099397314477281
SNORD12C,0.0008099397314477281
SNORD12,0.0008099397314477281
ZFAS1,0.0008099397314477281
SLC22A10,0.0008084873473288772
SPATA2,0.0008075148944597581
TRAF3,0.0008071552395702811
YLPM1,0.0008067946405362617
snoU13|ENSG00000238769.1,0.0008056367647104698
MTIF3,0.000805587722450718
RAB12,0.0008055190228072742
UTP20,0.0008052587356384809
LDHC,0.0008052227428491513
LDHA,0.0008052227428491513
PTS,0.0008048031848385648
MAGEA10,0.0008046563335286506
EXOSC6,0.0008045918767653535
RN7SL279P,0.0008045918767653535
RN7SL407P,0.0008045918767653535
AARS,0.0008045918767653535
CS,0.0008045124287018319
AKTIP,0.0008045064037387008
RBL2,0.0008045064037387008
CITED1,0.0008041608487650786
SYT1,0.0008041382930137755
MIR140,0.0008036013181295128
SERPINA10,0.0008030942334739812
DIO2,0.0008025879838496927
TMTC2,0.0008020337086509568
LINC00524,0.000801938207710878
MGAT4C,0.0008016095790331755
PCLO,0.0008014758782891598
ITGAX,0.0008013122141957731
MIR1251,0.0008005331180754535
RMST,0.000799637195852147
SNORD44,0.0007993421137765313
ARHGEF39,0.0007992328987130462
CCDC107,0.0007992328987130462
RMRP,0.0007992328987130462
CTSA,0.0007988505360577887
ZSWIM1,0.0007988505360577887
SPATA25,0.0007988505360577887
NEURL2,0.0007988505360577887
RPGRIP1L,0.0007987602958872415
TMPO,0.000798555811277329
DDX19B,0.0007981875719217507
RN7SL264P,0.000797402545379632
ERCC6L,0.000797402545379632
RN7SL388P,0.000797402545379632
RPS4X,0.000797402545379632
PIN4,0.0007972652047519856
UBE2V1,0.0007969649959566308
snoU13|ENSG00000238853.1,0.0007969644042118989
SGCB,0.0007960606232616236
SPATA18,0.0007960606232616236
RNU4ATAC14P,0.0007950698289918317
GUSB,0.0007946403321229393
VKORC1L1,0.0007946403321229393
PDPR,0.0007944705251595374
PDXDC2P,0.0007944705251595374
CLEC18A,0.0007944705251595374
CLEC18C,0.0007944705251595374
NDRG4,0.0007938284597896322
FOS,0.0007936362275802854
GTF3A,0.0007931717445992891
RGAG4,0.0007929618650857228
ARMC5,0.0007929065323524878
ZNF843,0.0007929065323524878
COX6A2,0.0007929065323524878
ITGAD,0.0007929065323524878
GMPR,0.0007924456722112094
FCF1,0.0007923759186470584
SNORA7|ENSG00000222604.1,0.0007923759186470584
RN7SL645P,0.000792299238878264
CSNK2A2,0.000792299238878264
CRTAM,0.0007917537175863345
OR2S2,0.000791448299909133
SLC6A15,0.0007910400959166245
ESRRB,0.0007902637936032483
SPTLC2,0.0007900473475698127
CLN3,0.0007893168552794913
EIF3CL,0.0007893168552794913
IL27,0.0007893168552794913
snoU13|ENSG00000238703.1,0.0007893168552794913
NPIPB7,0.0007893168552794913
ISM2,0.000789127451927723
RN7SL587P,0.0007887486713692149
PTGIS,0.0007880984602181792
TIMELESS,0.0007878136018873217
MIP,0.0007878136018873217
CCDC113,0.0007878104231232184
GINS3,0.0007878104231232184
PRSS54,0.0007878104231232184
SLC7A8,0.0007874512181649539
ZFP69B,0.0007872829650538816
BAZ2A,0.0007870373658709855
IFT43,0.0007869121734935311
SHCBP1,0.0007868095352078953
SLC9A8,0.0007862170547753065
HS3ST4,0.0007861230431121816
ATP5B,0.000785916136069611
SNORD59A,0.000785916136069611
RN7SL747P,0.0007858807614262259
MS4A15,0.0007856811055626534
SBK1,0.0007856038953571526
CNOT1,0.0007855892733584158
AHSA1,0.0007855792830225145
RN7SL609P,0.0007853424691364813
SNORA46|ENSG00000212371.1,0.0007850729539085901
SHD,0.0007846798643970643
ZNF319,0.0007845717309268966
RN7SL734P,0.000783978160900863
DBX2,0.0007834698436336569
GLYCAM1,0.0007830996924263789
BATF,0.000782549447433302
RNA5SP387,0.000782549447433302
ABCD4,0.0007824746165903919
VRTN,0.0007824746165903919
SNAI1,0.00078217780931791
RNF114,0.00078217780931791
snoU13|ENSG00000239157.1,0.00078217780931791
FLRT2,0.0007819600460938922
CEBPE,0.000781837613974148
TMED10,0.0007817656928154512
NPIPB6,0.0007817361894024769
JDP2,0.0007813206462234056
DDX27,0.0007811060836432261
LONP2,0.0007810459817049414
EXO5,0.0007800908569664361
ZFP69,0.0007800908569664361
SHC2,0.0007800613885999838
PGF,0.0007792568903452463
SNORA28,0.000779064786271659
CNPY2,0.0007783359100046956
PAN2,0.0007783359100046956
STK11,0.0007782651845238314
PKD1L2,0.0007768566203012978
CLTA,0.0007767738632221292
GNE,0.0007767738632221292
SPIC,0.0007764580707618666
ARL1,0.0007764580707618666
RNA5SP367,0.0007764580707618666
KATNB1,0.0007763558026083999
CCDC86,0.0007761178192300715
ANKRD62,0.0007759230635098444
ACYP1,0.0007754917174072298
ZC2HC1C,0.0007754917174072298
KAT6A,0.0007754745817464158
ABCC11,0.0007754044578364142
MS4A18,0.000775229357798166
snoU13|ENSG00000238309.1,0.0007750520667752338
EIF5,0.0007746801844556611
KIAA1211L,0.0007745987762050965
MIR4300,0.000774495705343656
HDAC8,0.0007744440350268767
SYNDIG1L,0.0007732467921199188
NEK9,0.0007728174993895379
LAMA3,0.0007719510187683285
MIR4639,0.0007718847347863496
U3|ENSG00000251793.1,0.0007718847347863496
MYLIP,0.0007718847347863496
RNY1P1,0.0007713559344593958
MLH3,0.0007710963900025997
EIF2B2,0.0007710963900025997
RPS6KL1,0.0007710963900025997
DLST,0.0007710963900025997
PROX2,0.0007710963900025997
U3|ENSG00000253009.1,0.0007708676143615088
ACRC,0.0007707889016749774
CXCR3,0.0007707889016749772
AFG3L2,0.0007706855945344497
SLMO1,0.0007706855945344497
MIR30C1,0.0007701789205957152
MIR30E,0.0007701789205957152
RN7SL326P,0.0007701789205957152
ANGEL1,0.0007694115373466033
RNA5SP427,0.0007691389233510238
snoU13|ENSG00000238645.1,0.0007691389233510238
VSX2,0.0007681543563365973
RN7SL530P,0.000767988940789111
FRMPD1,0.000767558272225862
NCKAP1L,0.0007674976906601144
DDX10,0.0007670837884726596
RN7SKP115,0.0007670837884726591
OR5AK2,0.0007663461538461536
HSD17B6,0.0007650237183227251
CALCOCO1,0.0007644422563519517
snoU13|ENSG00000239038.1,0.0007644170972904733
LACRT,0.0007642798412392256
DCD,0.0007642798412392256
GPX4,0.0007642053654093421
CCDC94,0.000763759757451811
TNNC2,0.0007636402157683039
CA9,0.0007635035185224333
RN7SL22P,0.0007635035185224333
TPM2,0.0007635035185224333
PDE1B,0.0007634982185092307
LINC00651,0.0007625880877329089
ZNF684,0.0007622781869771681
RIMS3,0.0007622781869771681
CPNE2,0.0007621246190546838
KRR1,0.000761804325571571
RPL6P27,0.0007617679931380423
RN7SL282P,0.0007617679931380423
RN7SL723P,0.0007617679931380423
AREL1,0.0007615968114183985
EML1,0.0007614339831839583
HNRNPUL2,0.0007610866260100113
C11orf48,0.0007610866260100113
BSCL2,0.0007610866260100113
SNORA57|ENSG00000206597.1,0.0007610866260100113
C11orf83,0.0007610866260100113
METTL12,0.0007610866260100113
UBXN1,0.0007610866260100113
LRRN4CL,0.0007610866260100113
GNG3,0.0007610866260100113
NOD2,0.0007609089406481979
C2CD4C,0.0007604223050985498
DSG1,0.0007597705781879277
MYBPC1,0.0007589228633532425
PDZRN4,0.0007584388185654007
CBFB,0.000758344607743203
SYCP3,0.000758205929092004
GNPTAB,0.000758205929092004
CHPT1,0.000758205929092004
ATXN1L,0.0007579059962298753
snoU13|ENSG00000238388.1,0.0007571537192914817
MIR4759,0.000757128244470017
VRK1,0.000756811392125074
KIFC3,0.0007562259060488558
MIR135A2,0.0007560607807829128
ADCK1,0.000756059718576879
N4BP1,0.000755884409775513
LRRC30,0.0007557594936708895
BCKDK,0.0007557105617778962
KAT8,0.0007557105617778962
PRSS8,0.0007557105617778962
PRSS36,0.0007557105617778962
PRSS57,0.0007548362547880564
PSMA8,0.000753859566873111
IRF2BPL,0.0007538467484781119
SLC38A2,0.0007527809742999612
SLC38A1,0.0007527809742999612
SERPINA1,0.0007524386979031175
SERPINA3,0.0007524386979031175
SERPINA11,0.0007524386979031175
SERPINA4,0.0007524386979031175
SERPINA5,0.0007524386979031175
SERPINA12,0.0007524386979031175
SERPINA9,0.0007524386979031175
PLEKHB1,0.0007521778044617889
TMEM63C,0.0007520417431635891
BTBD18,0.0007518825056799739
C11orf31,0.0007518825056799739
GMDS,0.0007518821573782854
MS4A8,0.0007518290558587853
CCIN,0.0007516994971770115
GPT2,0.0007507356978921723
DNAJA2,0.0007507356978921723
KIAA1737,0.0007505884626533948
NFYC,0.0007505461709228304
DEGS2,0.0007500433077199114
MIR151B,0.0007500433077199114
MIR342,0.0007500433077199114
ZNF821,0.0007497901487425741
AP3M2,0.0007495496111533371
CDH13,0.0007471340945117005
HAUS4,0.0007465637100609101
MIR4707,0.0007465637100609101
DIO3OS,0.000746027544193785
TMEM133,0.0007458930369037673
RSPRY1,0.0007458367100021684
SNORD112|ENSG00000252572.1,0.0007446196033581975
snR65|ENSG00000252576.1,0.0007446098562628318
ITFG1,0.0007435218691185228
MPEG1,0.0007424014188877285
DTX4,0.0007424014188877285
RN7SL42P,0.0007424014188877285
CD99L2,0.0007422762335150046
C12orf68,0.0007421046748819392
DKFZP779L1853,0.0007421046748819392
OR10AD1,0.0007421046748819392
BCDIN3D,0.00074162002208129
NCKAP5L,0.00074162002208129
SNORA48|ENSG00000212626.1,0.0007411518987341804
LINC00961,0.0007409527482513066
HRCT1,0.0007409527482513066
ZKSCAN8,0.0007408638068448205
ZNF192P1,0.0007408638068448205
ZSCAN16,0.0007408638068448205
ZSCAN12P1,0.0007408638068448205
ZNF165,0.0007408638068448205
MIR4709,0.0007403921136168509
OXA1L,0.0007402996988292814
SNORD41|ENSG00000212302.1,0.0007402996988292814
PRIM1,0.0007400877704776686
NACA,0.0007400877704776686
GSC,0.000739746533787327
PPP1R1A,0.0007397348573284729
GRHPR,0.0007385136271563223
EIF5B,0.0007380808217519228
TXNDC9,0.0007380808217519228
TLN1,0.0007376640392214888
GBA2,0.0007376640392214888
CREB3,0.0007376640392214888
RNA5SP388,0.0007364262751007164
DDI1,0.0007358675361206999
DPY19L3,0.0007357725363134663
SERPING1,0.0007351914962674452
ADAMTS1,0.0007347986191024168
CAGE1,0.0007337235471503433
RIOK1,0.0007337235471503433
MYLK3,0.0007336609359672952
MIR130A,0.0007326273937033427
CLP1,0.0007326273937033427
YPEL4,0.0007326273937033427
FAIM2,0.0007325628418106662
AQP2,0.0007325628418106662
AQP5,0.0007325628418106662
AQP6,0.0007325628418106662
RACGAP1,0.0007325628418106662
ASB8,0.0007324167993964277
PFKM,0.0007324167993964277
MC2R,0.000732189310233858
SENP1,0.0007320954536563547
snoU13|ENSG00000239155.1,0.0007317964454673331
LINC00618,0.0007317301257983112
TTLL5,0.0007313943686289933
POLR1D,0.0007310369517964448
GAN,0.0007289490783077448
C18orf42,0.0007288098146752241
ZDHHC22,0.0007286037298289672
MAGEA4,0.0007270253565895828
CTNND1,0.000726338851022395
DYNLRB2,0.0007263199691967097
HPS5,0.0007252957646140585
STAG3L4,0.0007250519091582677
MIR452,0.0007249544480386563
MIR224,0.0007249544480386563
OR9G1,0.0007249229146381053
TAC3,0.0007239906235349267
NAB2,0.0007239906235349267
TMEM194A,0.0007239906235349267
MYO1A,0.0007239906235349267
HBCBP,0.0007239906235349267
ZBTB39,0.0007239906235349267
GPR182,0.0007239906235349267
SCMH1,0.0007237948220350194
C16orf80,0.0007235424431484529
RN7SKP92,0.00072292030142173
DIO3,0.0007228081876250517
ADAMTS5,0.0007219000127860891
TDRD12,0.0007193937230566487
ABCC12,0.0007192051177351293
C16orf70,0.0007184192968474892
TMX2,0.0007180785459266468
ZDHHC5,0.000717956832197338
TMEM189,0.0007176736586734459
ABCA7,0.0007170921685414754
CNN2,0.0007170921685414754
MIR433,0.0007166592424861106
RTL1,0.0007166592424861106
MIR665,0.0007166592424861106
MIR337,0.0007166592424861106
MEG3,0.0007166592424861106
MIR431,0.0007166592424861106
MIR493,0.0007166592424861106
USB1,0.0007151927806818134
MMP15,0.0007151927806818134
MIR4720,0.0007147867834624833
MEG8,0.0007145990323818009
SNORD112|ENSG00000251769.1,0.0007145990323818009
SNORD112|ENSG00000252873.1,0.0007145990323818009
MIR127,0.0007145990323818009
MIR136,0.0007145990323818009
SNORD113|ENSG00000200150.1,0.0007145990323818009
MIR370,0.0007145990323818009
SNORD112|ENSG00000251918.1,0.0007145990323818009
MIR432,0.0007145990323818009
SNORD112|ENSG00000251949.1,0.0007145990323818009
SNORD112|ENSG00000252144.1,0.0007145990323818009
PMS2P4,0.0007145151247932781
GPD1,0.0007142430739209701
COX14,0.0007142430739209701
CEP76,0.0007142069305581706
ZMYND8,0.0007135879813878128
RNU4ATAC10P,0.0007125579646572248
RNU4ATAC5P,0.0007125579646572248
RN7SKP22,0.0007119250940443196
SLC7A9,0.0007119250940443196
ARL2BP,0.0007116515049480081
MIR100,0.0007113595062037859
MIRLET7A2,0.0007113595062037859
NPC2,0.000711310484982632
ISCA2,0.000711310484982632
GABRA3,0.0007112530196901416
SLC35C2,0.0007112076051403862
PTPN21,0.0007104594872311761
ZC3H14,0.0007104594872311761
DRAM1,0.0007094498328675526
GRTP1,0.0007093990770958786
LAMP1,0.0007093990770958786
TGFB1I1,0.0007092694457330951
ADPRHL1,0.0007083923196571325
DCUN1D2,0.0007083923196571325
EFCAB11,0.0007082195884746012
OR13J1,0.0007077962215506869
RGP1,0.0007076192388157491
MSMP,0.0007076192388157491
NDUFV2,0.0007070207006618587
SPATA7,0.0007067748537766091
ZNF519,0.0007058101802188407
RNA5SP348,0.0007052934407364785
snoU13|ENSG00000239079.1,0.0007042541841526467
SNTB2,0.0007036398943404128
C12orf79,0.0007031126644372128
LINC00523,0.0007018016011482731
MIR770,0.0007018016011482731
MIR2392,0.0007018016011482731
DLK1,0.0007018016011482731
MED19,0.0007016593638429078
NPR2,0.0007012954079584131
SPAG8,0.0007012954079584131
FAM221B,0.0007012954079584131
HINT2,0.0007012954079584131
AHSP,0.0007011730399628868
B4GALT5,0.0007010587031505309
RN7SL197P,0.0007010587031505309
YY1,0.0007003817266169254
LINC00403,0.000700281322708462
LINC00404,0.000700281322708462
LINC00605,0.0006999767610503986
BBOX1,0.0006997741821873257
snoU13|ENSG00000239068.1,0.000699452233637964
RN7SKP255,0.000699220795220056
SNORD112|ENSG00000252009.1,0.0006987205662175041
SNORD113|ENSG00000201710.1,0.0006987205662175041
SNORD113|ENSG00000201500.1,0.0006987205662175041
SNORD113|ENSG00000201036.1,0.0006987205662175041
SNORD113|ENSG00000222185.1,0.0006987205662175041
SNORD113|ENSG00000222095.1,0.0006987205662175041
MIR379,0.0006985287748864725
MIR411,0.0006985287748864725
RNA5SP368,0.0006982346064624539
snoU13|ENSG00000238940.1,0.0006982346064624539
RNA5SP369,0.0006982346064624539
CNGA2,0.0006976192578441677
FATE1,0.0006976192578441677
RHPN2,0.0006975754413904845
C19orf40,0.0006975754413904845
CEP89,0.0006975754413904845
TNFAIP2,0.0006968913005132157
LINC00677,0.0006968913005132157
EXOC3L4,0.0006968913005132157
LGR4,0.0006966493422189615
HSD3B2,0.0006965159477459699
TBX15,0.0006963391705472106
FOXO6,0.0006960584542554267
NFATC3,0.0006958429228998851
LIMA1,0.0006958238118468696
MIR1293,0.0006958238118468696
UBASH3B,0.0006955508313121002
KCNK10,0.0006952505746740244
TBC1D7,0.0006942949810580777
ESRP2,0.0006937245004707606
SNORA48|ENSG00000212445.1,0.0006937245004707606
PLA2G15,0.0006937245004707606
snoU13|ENSG00000238343.1,0.0006936231561878858
PRMT7,0.0006936231561878858
SLC7A6OS,0.0006936231561878858
SLC7A6,0.0006936231561878858
RN7SL523P,0.0006935855079995549
MIR345,0.0006935855079995549
SLC25A47,0.0006935855079995549
WARS,0.0006935855079995549
VPS35,0.0006931564842323628
LIPT1,0.0006925553663905183
MITD1,0.0006925553663905183
KIF21A,0.0006925339816745538
C14orf1,0.0006925025944681441
PLAT,0.000692354830140942
FLVCR2,0.0006921832753121184
MIR2114,0.0006919038457442653
SEMA3D,0.0006918800689975996
MIR125B1,0.0006901867401930073
BLID,0.0006901867401930073
EEF1E1,0.00068963768825
PRRG3,0.0006891469943732288
TMEM8B,0.0006880243443714222
POLR2E,0.0006876974919691302
HMHA1,0.0006876974919691302
GAL,0.000687474295114929
DDX28,0.0006871567371063918
RN7SL793P,0.0006870650446599798
PMCH,0.0006870650446599798
CCDC53,0.0006870650446599798
NUP37,0.0006870650446599798
IGF1,0.0006870650446599798
PARPBP,0.0006870650446599798
ANKRD12,0.0006869167987939577
MIR5093,0.0006868744906514375
GAS6,0.0006868433983013162
GRK1,0.0006868433983013162
LINC00454,0.0006868433983013162
TMEM255B,0.0006868433983013162
RNA5SP370,0.0006864394396039976
NFYB,0.0006864394396039976
MRPL52,0.0006863154140531216
SLC7A7,0.0006863154140531216
MMP14,0.0006863154140531216
SLC25A29,0.0006855952336760834
ORC6,0.0006855437124230857
DSG2,0.0006851755893875949
RN7SL243P,0.0006850991233100262
U3|ENSG00000199856.1,0.0006848664052240853
PDE1C,0.0006847513105740948
PGR,0.000684666088371993
SNORD112|ENSG00000252592.1,0.0006838573357071566
SNORA26|ENSG00000212588.1,0.0006831157404779471
MIR4449,0.0006831157404779471
LINC00642,0.0006826623436620664
CALM1,0.0006825783474586947
NRDE2,0.0006825783474586947
TTR,0.0006824339329335984
PSMC1,0.000682057570997791
SLC25A51,0.0006812903174330898
METTL25,0.000680279739841949
PALM,0.0006793333502447924
MUCL1,0.0006790677372529506
FIBIN,0.0006790113737595552
SNRNP48,0.0006781581077595056
HAO2,0.0006780641861654528
OR9I1,0.0006779657578708212
DPEP3,0.0006776859504132232
DUS2L,0.0006776859504132232
DPEP2,0.0006776859504132232
CERS5,0.0006772440752817945
KCNG1,0.000676609125370147
KIAA0513,0.0006764207526925856
FAM92B,0.0006764207526925856
OOSP1,0.0006762435561793192
DPM1,0.0006757828199200676
MOCS3,0.0006757828199200676
LPXN,0.0006757764929601829
ZDHHC7,0.0006752833297178139
THEG,0.0006752561193021839
TMCO3,0.0006751977928978305
ZCCHC7,0.0006742304476565676
USP46,0.0006732445932905717
VMA21,0.0006729449443342992
OR9G4,0.0006711903602726393
C11orf63,0.0006711680661737061
B4GALT6,0.0006707928596299303
OR5G5P,0.0006701152223304118
KCNK13,0.000669486139226507
C16orf58,0.0006694501513243646
SLC5A2,0.0006694501513243646
LTBP2,0.0006686608429891385
HYDIN,0.0006686212761761544
POTEC,0.0006684422602445843
LINC00485,0.0006679726743017873
SNORD112|ENSG00000238966.1,0.0006674385208631349
RN7SL246P,0.0006674031453778295
TCN1,0.0006671974665551067
GIF,0.0006671974665551067
MRPL16,0.0006671974665551067
RN7SL506P,0.0006661242209417133
NTM,0.0006661194220687897
RNA5SP339,0.0006660428179415519
LIN7C,0.0006660428179415519
MLKL,0.0006657837950483016
FA2H,0.0006657837950483016
VASH1,0.0006655754179147747
MISP,0.0006652647066284463
GLYATL1P2,0.0006649456983891738
CDH22,0.0006646164834728783
TTC7B,0.0006645779610761589
RPS6KA5,0.0006641886561799623
SNORA11B,0.0006637445994869831
STAG2,0.0006635517824813704
ZFP91,0.0006634960356989573
MIR4330,0.0006634532801425556
GPR50,0.0006634532801425556
GLYAT,0.0006633462102253867
C11orf44,0.0006630664153494351
MS4A12,0.0006624891581712837
MS4A13,0.0006624891581712837
PSMG2,0.0006614945921922557
VKORC1,0.0006611330746073784
TDP1,0.0006604593472375049
PAPD5,0.0006593347690531543
CNEP1R1,0.000659315738893523
LINC00453,0.0006592833503617552
CXADRP3,0.0006588346116713172
TMED8,0.0006578645279737153
FKSG61,0.0006578645279737153
SAMD15,0.0006578645279737153
RN7SL137P,0.0006578645279737153
GSTZ1,0.0006578645279737153
POMT2,0.0006578645279737153
NGB,0.0006578645279737153
MIR1260A,0.0006578645279737153
NOXRED1,0.0006578645279737153
VIPAS39,0.0006575785100009642
GPR65,0.0006574018854347772
ASIC1,0.000657281048604515
SMARCD1,0.000657281048604515
RGS6,0.0006572808967049973
TSGA10,0.0006570714515021068
GRIA3,0.0006568695349117784
RBM23,0.000656569144720453
SNORA32|ENSG00000201384.1,0.0006564112474635213
CTPS1,0.0006561607786059769
SLFNL1,0.0006561607786059769
PRMT5,0.0006555275016417171
PASD1,0.0006550652978335727
RN7SL134P,0.0006548106078837198
LINC00667,0.0006545434460530734
LINC00526,0.0006545434460530734
C14orf159,0.0006545395654513439
OR5R1,0.0006540611814345985
OR8U1,0.0006540611814345985
NDUFB1,0.0006535548593203583
CMIP,0.000653310094305852
C11orf53,0.0006531061920366684
SERPINA6,0.0006527922142643577
OSBP,0.000652716700276166
MTL5,0.0006526184709591926
CPSF2,0.0006515333506925483
OR5M9,0.0006515011359948084
OR5M3,0.0006515011359948084
PAH,0.0006514603539919987
ASCL1,0.0006514603539919987
SLC17A2,0.0006509932651442565
MIR4745,0.0006504959285659929
LPPR3,0.0006504959285659929
PTBP1,0.0006504959285659929
MIR3187,0.0006504959285659929
LRP10,0.0006502145558298027
REM2,0.0006502145558298027
GTF2IRD1P1,0.0006495589482373421
ATP4B,0.0006494328625169299
MS4A6A,0.0006492762228639783
LINC00678,0.0006490850921230665
STAT2,0.0006486616258884233
IL23A,0.0006486616258884233
APOF,0.0006486616258884233
RFWD3,0.0006484602405264972
PMFBP1,0.000648149687248181
C12orf40,0.0006477834025193617
CATSPERB,0.0006472439445737049
SMEK1,0.0006472439445737049
DSP,0.0006466327994788025
SMPD3,0.0006457690396484991
OR5B21,0.0006457424943815909
MIR299,0.0006452726530309218
IRF8,0.0006443695051289962
MIR300,0.0006441497457218163
MIR1193,0.0006441497457218163
MIR154,0.0006441497457218163
MIR494,0.0006441497457218163
MIR323B,0.0006441497457218163
MIR485,0.0006441497457218163
MIR382,0.0006441497457218163
MIR495,0.0006441497457218163
MIR543,0.0006441497457218163
MIR544A,0.0006441497457218163
MIR889,0.0006441497457218163
MIR376A1,0.0006441497457218163
MIR376C,0.0006441497457218163
MIR654,0.0006441497457218163
MIR381HG,0.0006441497457218163
MIR377,0.0006441497457218163
MIR487B,0.0006441497457218163
MIR134,0.0006441497457218163
MIR487A,0.0006441497457218163
MIR655,0.0006441497457218163
MIR539,0.0006441497457218163
MIR496,0.0006441497457218163
MIR381,0.0006441497457218163
SH2D1A,0.0006430480776921379
LINC00311,0.0006428022818815551
TRIM38,0.0006426904579610213
XIAP,0.0006424743410767601
OR5B3,0.0006413399665776691
OR5B12,0.0006413399665776691
OR5B17,0.0006413399665776691
OR5B2,0.0006413399665776691
RN7SKP107,0.0006411458202089274
EML5,0.0006409470291942797
RN7SL29P,0.0006409371585128023
THOC2,0.0006409371585128023
ZNF646,0.0006406985600812462
PRSS53,0.0006406985600812462
GLIPR2,0.0006401852124962774
SLC24A4,0.0006386875313235832
RNA5SP513,0.0006383019884031612
SMARCA1,0.0006383019884031612
ZNF720,0.0006382187907305551
SCAF11,0.000638174146528578
GPR68,0.0006379959625824905
BLOC1S5,0.0006378261294999887
U3|ENSG00000200042.1,0.0006376235794142101
TC2N,0.0006376235794142101
snoU13|ENSG00000238841.1,0.0006362780922222187
RPS2P45,0.0006354090386023646
PIKFYVE,0.0006354017309242846
SNORA26|ENSG00000212490.1,0.0006351535448714316
HEATR3,0.0006348746705403617
RNY4P3,0.0006348746705403617
CNTF,0.0006347578901333861
FUS,0.0006343141803079514
C16orf98,0.0006343141803079514
PYDC1,0.0006343141803079514
PYCARD,0.0006343141803079514
TRIM72,0.0006343141803079514
C14orf166B,0.0006341984732824425
SSRP1,0.0006340102766737893
snoU13|ENSG00000238692.1,0.0006340102766737893
SLC43A3,0.0006337996890961593
SNORA70|ENSG00000252526.1,0.0006335298725930816
LRRK2,0.0006324182146966943
OR5M1,0.00063172671210646
OR9Q1,0.0006315552909087425
SLC17A1,0.0006310225152325111
SLC17A4,0.0006310225152325111
OR10W1,0.0006308599527477388
DNAAF1,0.0006301733690585769
BSX,0.0006300340477085687
MTMR1,0.0006286451602546082
MAF,0.0006280660334525913
CCNE1,0.0006276613855405126
CDH11,0.0006273599313984048
PRG2,0.0006273480514905777
P2RX3,0.0006273480514905777
PRG3,0.0006273480514905777
RN7SKP17,0.0006271523818726445
WARS2,0.0006269047462888859
RABGEF1,0.0006268738713103647
SOGA2,0.0006265899501342534
APLN,0.0006259940708672543
NAPG,0.0006255700340173267
ZDHHC9,0.0006254555341186569
UTP14A,0.0006254555341186569
NEURL3,0.0006250092893061493
ZNF469,0.0006244301981366794
STAT6,0.0006237749648382549
snoU13|ENSG00000238679.1,0.0006236746026540733
OR10Q1,0.0006234263652254094
HIST1H3B,0.0006230406337824766
HIST1H4A,0.0006230406337824766
HIST1H4B,0.0006230406337824766
HIST1H2AB,0.0006230406337824766
HIST1H3A,0.0006230406337824766
HIST1H1C,0.0006230406337824766
HIST1H2BB,0.0006230406337824766
HIST1H3C,0.0006230406337824766
HIST1H1A,0.0006230406337824766
SRCAP,0.0006223904680116917
OR8K5,0.0006222449739389414
OR8J3,0.0006222449739389414
TRIM48,0.0006222449739389414
OR4A15,0.0006222449739389414
OR8I2,0.0006222449739389414
OR8H3,0.0006222449739389414
TRIM51HP,0.0006222449739389414
TRIM51,0.0006222449739389414
OR8H2,0.0006222449739389414
OR5W2,0.0006222449739389414
OR4A16,0.0006222449739389414
OR4A5,0.0006222449739389414
OR5D13,0.0006222449739389414
OR5T2,0.0006222449739389414
OR5I1,0.0006222449739389414
OR4S2,0.0006222449739389414
OR4P4,0.0006222449739389414
OR4C16,0.0006222449739389414
OR4C6,0.0006222449739389414
OR4C15,0.0006222449739389414
OR5D14,0.0006222449739389414
OR5D18,0.0006222449739389414
OR4C46,0.0006222449739389414
OR5L1,0.0006222449739389414
OR10AG1,0.0006222449739389414
OR5F1,0.0006222449739389414
OR5D16,0.0006222449739389414
OR5L2,0.0006222449739389414
OR5AS1,0.0006222449739389414
OR5J2,0.0006222449739389414
OR4C11,0.0006222449739389414
PARD6B,0.0006222129618932876
MS4A4E,0.000622038991300278
OR1S1,0.0006218589731276779
OR1S2,0.0006218589731276779
OR9Q2,0.0006218589731276779
STX1B,0.0006217220993072439
SETD1A,0.0006217220993072439
HSD3B7,0.0006217220993072439
KCNQ4,0.0006211764359958242
CITED4,0.0006211764359958242
DANCR,0.0006210450133393877
RN7SL435P,0.0006206459502579432
NRN1,0.0006199685101007892
C6ORF50,0.0006199234936026779
OR8J1,0.0006199083089905875
PLAC1L,0.0006191150936097074
USP10,0.0006190277965068212
KCNG4,0.0006190277965068212
KLHL36,0.0006190277965068212
RNA5SP433,0.0006190277965068212
ADAD2,0.0006190277965068212
TAF1C,0.0006190277965068212
TLDC1,0.0006190277965068212
COTL1,0.0006190277965068212
WFDC1,0.0006190277965068212
ATP2C2,0.0006190277965068212
CRISPLD2,0.0006190277965068212
TSHR,0.0006187329252534096
ZBTB14,0.000618327614838364
ZNF668,0.0006182691958942374
C16orf93,0.0006179772252024664
RNF40,0.0006179772252024664
PHKG2,0.0006179772252024664
ZNF629,0.0006179772252024664
TTC8,0.0006175876850366364
ATXN3,0.000617318897185846
TRIP11,0.000617318897185846
CCDC88C,0.0006171481049056576
STX4,0.0006170287621051115
TNKS1BP1,0.0006170216024566006
RN7SKP259,0.0006162284972411564
RNA5SP341,0.0006162284972411564
SNORA38|ENSG00000201042.1,0.0006159382935257844
OR6Q1,0.0006155103862382346
MAMLD1,0.0006154291231532687
snoU13|ENSG00000252668.1,0.0006154217798821139
MIR3162,0.000614490957830204
TFDP1,0.000614336847063451
CCDC34,0.0006136058034792205
NTS,0.0006135774615551038
SERPINB1,0.0006133243905350333
FBLN5,0.0006131824574862567
RNF125,0.0006127958590020902
DHX38,0.0006125671666600415
GLYATL2,0.0006119434987868406
GABRQ,0.0006115768166103512
ARHGAP28,0.0006111428794219305
DSC3,0.0006096785956138952
snoU13|ENSG00000238376.1,0.0006096785956138952
HMGB3,0.0006096457783164633
ABCD2,0.0006093744141712153
BMP6,0.0006086001227572364
TXNDC5,0.0006086001227572364
MIR412,0.0006085322395040649
MIR409,0.0006085322395040649
MIR369,0.0006085322395040649
MIR656,0.0006085322395040649
MIR541,0.0006085322395040649
MIR410,0.0006085322395040649
MEG9,0.0006085322395040649
MS4A3,0.0006077568756578744
HIST1H2AA,0.0006069118233624771
HIST1H2BA,0.0006069118233624771
SCGN,0.0006069118233624771
RNA5SP431,0.0006062524677737782
KCNC2,0.0006062517408931926
PLEKHA8P1,0.0006062337326414142
LINC00917,0.0006060695937715172
snoU13|ENSG00000238834.1,0.0006058865218268766
SLC48A1,0.0006058233436722826
HDAC7,0.0006058233436722826
RAPGEF3,0.0006058233436722826
ENDOU,0.0006058233436722826
RNA5SP516,0.0006056794377662038
OR8K1,0.0006053797468354432
RASL11B,0.0006052846682181988
RN7SL50P,0.0006046985875864858
AVL9,0.0006045083748881196
XPNPEP2,0.0006044264583627447
SASH3,0.0006043532591930328
MS4A2,0.000604117747609149
MIR380,0.000603260732614884
MIR1197,0.000603260732614884
MIR323A,0.000603260732614884
MIR758,0.000603260732614884
CKB,0.0006032301239812727
TRMT61A,0.0006032301239812727
RN7SL636P,0.0006029272665959317
GLIPR1L2,0.0006022326579028616
LCMT1,0.0006017952706463244
TMEM106C,0.0006015256936876515
COL2A1,0.0006015256936876515
GALC,0.0006006820491713749
FAM111A,0.0006006665208905306
CLUHP3,0.0006002220160381745
DHODH,0.0005998691898806446
PKD1L3,0.0005998691898806446
TXNL4B,0.0005998691898806446
HPR,0.0005998691898806446
HP,0.0005998691898806446
GOLGA5,0.0005997272923263863
SLC35B3,0.0005994333597231747
HSD3B1,0.0005988111803088224
CUL5,0.0005978362140975391
RAB39A,0.0005972177600719657
DSG3,0.0005969436013850829
DSG4,0.0005969436013850827
SSR1,0.0005956661359047138
C6orf201,0.0005946922976360315
C2orf80,0.0005945236383567735
CRYGEP,0.0005945236383567735
IDH1,0.0005945236383567735
CRYGD,0.0005945236383567735
CRYGC,0.0005945236383567735
CRYGB,0.0005945236383567735
CRYGA,0.0005945236383567735
MIR34B,0.000593897920281008
MIR34C,0.000593897920281008
C11orf92,0.0005930679603332689
C11orf93,0.0005930679603332689
BAG5,0.0005930591078550372
APOPT1,0.0005930591078550372
U3|ENSG00000206761.1,0.0005928764987564497
MARK3,0.0005920376712328767
DSC2,0.0005915343132013472
FAM217A,0.0005913899041112239
PRPF4B,0.0005913899041112239
LRRC16A,0.0005912735708489403
C11orf88,0.0005905566621688186
LAYN,0.0005905566621688186
C16orf95,0.0005899242685650975
RNA5SP349,0.0005896356743558439
FBXO31,0.000589397599113742
snoU13|ENSG00000239186.1,0.0005889980567713341
KCTD7,0.0005885639264453561
MIR4491,0.0005874483283000278
GRIN3B,0.0005873687603782863
TMEM259,0.0005873687603782863
RN7SKP273,0.0005873064319218656
SIK2,0.0005868700336267638
RTN4RL2,0.000586619604024668
POU2AF1,0.0005863078026944246
SNORD39|ENSG00000264997.1,0.0005861498425753388
snoU13|ENSG00000238341.1,0.0005859231195655829
MKI67IP,0.0005859231195655829
TSN,0.0005859231195655829
FAM181B,0.0005853221573488416
SLC43A1,0.000584862869198313
RNA5SP486,0.0005843239958576199
TRMT10B,0.0005839717038946767
SLC41A2,0.0005838950079456412
HSDL1,0.0005838497663592493
RN7SKP142,0.0005829696690429069
RNA5SP350,0.0005827443294994534
RNA5SP361,0.0005817141985664162
HIST1H2AG,0.000581220377991459
HIST1H2BK,0.000581220377991459
HIST1H4I,0.000581220377991459
HIST1H2AH,0.000581220377991459
MIR3143,0.000581220377991459
PRSS16,0.000581220377991459
FOXC2,0.0005811827664069643
MTHFSD,0.0005811827664069643
FOXL1,0.0005811827664069643
OR4D11,0.000580816670311071
OR4D9,0.000580816670311071
LGMN,0.0005805229603621906
RIN3,0.0005803857665633502
MRPL30,0.0005801770869692208
C2orf15,0.0005801770869692208
MAP1LC3B,0.0005800325687545782
snoU13|ENSG00000251762.1,0.0005799967976373705
snoU109|ENSG00000252040.1,0.0005791662307772772
snoU109|ENSG00000252640.1,0.0005791662307772772
BRD2,0.000579086261839424
KDELC2,0.0005778020518751738
EXPH5,0.0005778020518751738
GLYATL1,0.0005771399552353895
RNA5SP429,0.0005771164609268745
RNA5SP118,0.0005770738289532854
CDH1,0.0005766032011716705
TYW1,0.0005760719205965952
OR5AP2,0.0005760305095748146
OR5AR1,0.0005760305095748146
snoU13|ENSG00000238801.1,0.0005756168541433387
HNRNPA1P48,0.0005753557585449805
SNORD112|ENSG00000251700.1,0.0005753515832028884
RNU6ATAC25P,0.0005753515832028884
CDH3,0.0005750176535202419
ATM,0.0005744607937629849
C11orf65,0.0005744607937629849
LINC00894,0.0005743591017840788
FOXF1,0.0005742270974459563
FENDRR,0.0005742270974459563
HIST1H2BJ,0.0005736527471670162
IGSF1,0.0005725558181826301
OR13H1,0.0005725558181826301
VDR,0.0005724145639478018
NLRC5,0.0005721474258621467
CTF1,0.0005719732124633672
DSC1,0.0005710815560545341
snoU13|ENSG00000238436.1,0.0005694410727703588
LINC00317,0.0005692360884347224
UNC80,0.000568902273787605
RLF,0.0005686573978003751
MIR3127,0.00056834982996146
CNNM4,0.00056834982996146
CNNM3,0.00056834982996146
RN7SKP76,0.0005681354003697919
RN7SL554P,0.000568085787736733
C14orf144,0.0005679431289705693
RNA5SP202,0.0005671022491516658
RXRB,0.0005667931751792488
RING1,0.0005667931751792488
COL11A2,0.0005667931751792488
SLC39A7,0.0005667931751792488
HSD17B8,0.0005667931751792488
RNY4P10,0.0005667931751792488
snoU13|ENSG00000238322.1,0.0005662826255392701
DCAF10,0.0005661255045328706
ELMOD1,0.0005660728437105092
SLN,0.0005660728437105092
CEP170B,0.0005658012257845935
LINC00638,0.0005658012257845935
SNORA22|ENSG00000199571.1,0.0005651415029150276
ECI2,0.0005649991758226139
CLASP1,0.0005643860621671195
AHNAK2,0.0005639925075386577
PLD4,0.0005639925075386577
GLIPR1,0.000563724996343901
HULC,0.0005630601806138843
CWF19L2,0.0005629832508727977
MIR645,0.0005625195979733634
NCOA3,0.0005621913540623588
FAM186A,0.0005619912958636103
RN7SL672P,0.0005619089663822554
NXPH4,0.0005618002812939513
LRP1,0.0005618002812939513
MIR1228,0.0005618002812939513
IDS,0.0005614661495448705
BTG4,0.0005614491636145554
ZFPM1,0.0005608242679597315
PTPN1,0.0005604649051870686
ZBTB42,0.0005603918702874619
SNORA31|ENSG00000252291.1,0.0005603785719144404
CRIP2,0.0005599942882581693
FAM111B,0.0005595616997497522
LINC00893,0.0005592811278684624
ADNP,0.0005585853139451628
SMARCC2,0.0005579628222473444
MYL6,0.0005579628222473444
MYL6B,0.0005579628222473444
ZC3H12C,0.0005577036184631122
HCG24,0.0005571667256793818
C12orf45,0.0005570168228396078
ALDH1L2,0.0005570168228396078
HSP90B1,0.0005567793669059499
C12orf73,0.0005567793669059499
TDG,0.0005567793669059499
MIR3652,0.0005567793669059499
KIAA1033,0.0005566834712404334
TMCO2,0.000556372691429758
ZMPSTE24,0.000556372691429758
COL9A2,0.000556372691429758
NRXN3,0.0005563581674623183
CHST11,0.000554496136774617
DDX18,0.0005542223344734439
OR8H1,0.000554162147143219
OR5T1,0.000554162147143219
PTH2R,0.0005540230591508852
LY86,0.0005535684104717285
RNA5SP231,0.0005535179240621911
KIF26A,0.0005534789827499786
TUBB2B,0.0005534265885308611
SALL1,0.0005527769495568257
PPP1R3G,0.0005525796752172704
TEX22,0.0005522442385604159
MTA1,0.0005522442385604159
BPHL,0.0005517611818135308
RNA5SP201,0.0005517611818135308
TUBB2A,0.0005517611818135308
RIPK1,0.0005517611818135308
C11orf87,0.0005517573732570838
LMAN2L,0.0005516786218562315
snoU13|ENSG00000239077.1,0.0005513908699573357
SLC2A13,0.0005513085628586212
CHTF8,0.0005509042525368762
HAS3,0.0005509042525368762
ATXN7L3B,0.0005508385504729716
WRNIP1,0.0005504083941045741
FER1L5,0.0005499693895244919
MIR4710,0.0005499399427145883
C14orf180,0.0005499399427145883
TMEM179,0.0005497215525858219
CDYL,0.000549686528394332
ANKRD20A5P,0.0005494730208109881
CYP4F35P,0.0005494730208109881
MIR5683,0.0005492808027255703
COX4I1,0.0005490137347849502
FUK,0.0005480894968092908
SERPINB6,0.0005477994463801555
COG4,0.0005476677738257147
SNORD111B,0.0005476677738257147
SNORD111|ENSG00000221066.1,0.0005476677738257147
PPAP2C,0.0005467092295650968
OR4F17,0.0005467092295650968
FAM138F,0.0005467092295650968
WASH5P,0.0005467092295650968
RMRPP2,0.0005464637106171103
RPP40,0.0005464637106171103
GLT8D2,0.0005463130399839266
HCFC2,0.0005463130399839266
IL36G,0.0005459624618070705
RN7SL381P,0.0005457840634821421
ZNF334,0.0005446099077700993
SLC7A5,0.000544539890670685
CA5A,0.000543734752314015
CXorf64,0.0005434995330798415
USP15,0.0005419368117731803
KANSL3,0.0005416744814797764
MIR203,0.0005414283274395986
ASPG,0.0005414283274395986
MIR5189,0.0005413919813062621
MVD,0.0005413919813062621
PABPN1L,0.0005413919813062621
CYBA,0.0005413919813062621
GALNS,0.0005413919813062621
PIEZO1,0.0005413919813062621
RNF166,0.0005413919813062621
ZNF778,0.0005413919813062621
ZC3H18,0.0005413919813062621
SLC22A31,0.0005413919813062621
MIR4722,0.0005413919813062621
TRAPPC2L,0.0005413919813062621
SNAI3,0.0005413919813062621
LINC00304,0.0005413919813062621
IL17C,0.0005413919813062621
ACSF3,0.0005413919813062621
APRT,0.0005413919813062621
CBFA2T3,0.0005413919813062621
CDH15,0.0005413919813062621
CDT1,0.0005413919813062621
CTU2,0.0005413919813062621
ARID5A,0.0005411684354685162
ORAI3,0.0005408764099463563
CAPS2,0.0005408329406411987
CLEC3A,0.0005402692052864659
LYG1,0.0005398160745959281
LYG2,0.0005398160745959281
EYA2,0.0005396564562097208
ITGAM,0.0005392559701327689
MIR3616,0.0005392484943926648
MBTPS1,0.0005387632577201111
RN7SKP33,0.000538760651940102
ADSSL1,0.0005383260676617402
INF2,0.0005383260676617402
SIVA1,0.0005383260676617402
RN7SL557P,0.0005381302356114319
PGM5,0.0005380321023098033
DCAF12L2,0.0005374586138950088
SULF2,0.000536732183662305
THEG5,0.0005366457069112267
MIR4770,0.0005358783771249047
FAM138B,0.0005348085275135749
RABL2A,0.0005348085275135749
RPL23AP7,0.0005348085275135749
WASH2P,0.0005348085275135749
CYLD,0.0005347781613604389
KANSL1L,0.0005341850375332784
NQO2,0.0005335894914541324
FBXL19,0.0005329818656541117
FOXD4L1,0.0005326913605516138
CBWD2,0.0005326913605516138
NT5DC3,0.0005321661460901972
IL34,0.0005312238466366783
AMOT,0.0005304950857488154
OR5T3,0.0005301387649545048
ZFP90,0.0005300305994350865
MYLK4,0.000529212825336918
DDX19A,0.0005287850455068521
ST3GAL2,0.0005286967779056389
MIR4775,0.00052833306192483
FZD5,0.00052833306192483
ZNF688,0.0005281132936752314
MIR4782,0.0005277470401238308
SLC35F5,0.0005277470401238308
LONRF2,0.0005276469013034574
MIR5689,0.0005273879138306196
TANGO6,0.0005273139188199607
AKT1,0.0005273113655262766
RN7SL43P,0.0005268842954018477
SBDS,0.0005268842954018477
MIR4519,0.0005263234914681154
BCL7C,0.0005263234914681154
U3|ENSG00000212182.1,0.0005263198699885186
GLIPR1L1,0.0005259160559626916
SRRM4,0.000525658785128574
AGBL2,0.0005256294229044168
DCAF12L1,0.0005240452711488033
RN7SL508P,0.0005239763288485533
RNA5SP471,0.0005238364589911855
VAC14,0.0005237953793225015
SF3B3,0.0005229724605084221
G6PD,0.000522278188167595
SLC25A52,0.0005222663628911307
LRRC37A7P,0.0005222663628911307
RN7SKP44,0.0005222663628911307
OR4C13,0.0005217381327321165
SNORA48|ENSG00000212214.1,0.0005213650108525587
RAB3IL1,0.0005209057900652609
APCDD1,0.0005202522779194773
TMEM116,0.0005201148813955981
KIAA0754,0.0005200525696894244
FAM50B,0.0005199706706530323
PXDC1,0.0005199706706530323
CCNYL1,0.0005181810599230268
ADAM1A,0.0005179502180619102
SIPA1L1,0.0005174535218864305
snoU13|ENSG00000239031.1,0.0005173877747376652
TMEM248,0.0005170941013728799
snoU13|ENSG00000238790.1,0.0005162049173733699
AMER1,0.0005156879396811903
RN7SL799P,0.0005156879396811903
ASB12,0.0005156879396811903
RN7SL714P,0.0005156582922451884
C14orf79,0.0005151907133797538
SLC35F2,0.000514754546038681
GSE1,0.0005146705940606649
GINS2,0.0005146705940606649
PSMG4,0.0005138434452440188
ALKBH8,0.0005137585941013944
CDCA4,0.0005137370388183871
MS4A4A,0.0005117049849366675
ACTR3,0.0005115474646270357
OCRL,0.0005104491814764277
LINC00668,0.0005092759857562433
GUCY1A2,0.0005090251451091275
RN7SL683P,0.0005086832184373019
TIMM10,0.000507432651736449
SMTNL1,0.000507432651736449
UBE2L6,0.000507432651736449
EXOSC3,0.0005074253502673229
ACADL,0.0005065414346736533
F13A1,0.0005054751505555242
FOXR2,0.0005054428614303615
STARD8,0.0005048953658512636
TMEM170B,0.0005044749961261232
JPH3,0.0005040560881731913
MTMR8,0.0005037871397913617
AZU1,0.0005037127553104977
DCDC2,0.000502867700658815
OR5M10,0.0005025073028237597
OR5M11,0.0005025073028237597
OR5M8,0.0005025073028237597
SNORD56B,0.0005021771252956679
AFF3,0.0005013930692619354
BCORL1,0.0005010117170956678
OR4D10,0.0005009880382581383
MS4A7,0.000500752119132319
MS4A14,0.000500752119132319
MS4A6E,0.000500752119132319
NRSN1,0.0004994567185802248
SNORD46|ENSG00000251830.1,0.0004994567185802248
PAX8,0.0004988294817098515
ARID2,0.0004985372714486646
GRIA4,0.0004981151877315863
ADTRP,0.0004980737479361587
SNORA67|ENSG00000207419.1,0.0004980737479361587
REV1,0.0004977810703575226
HSBP1,0.0004975170173720835
MACF1,0.0004965428512139456
MIR762,0.0004960777593357797
PCNX,0.0004953198829127978
ELF4,0.000495244668224765
CPNE7,0.0004951721966959068
DEF8,0.0004951721966959068
DPEP1,0.0004951721966959068
FAM157C,0.0004951721966959068
FANCA,0.0004951721966959068
GAS8,0.0004951721966959068
URAHP,0.0004951721966959068
TUBB8P7,0.0004951721966959068
SPATA2L,0.0004951721966959068
TUBB3,0.0004951721966959068
TCF25,0.0004951721966959068
SPIRE2,0.0004951721966959068
MC1R,0.0004951721966959068
PRDM7,0.0004951721966959068
RPL13,0.0004951721966959068
SPG7,0.0004951721966959068
SPATA33,0.0004951721966959068
SNORD68,0.0004951721966959068
DBNDD1,0.0004951721966959068
ZNF276,0.0004951721966959068
CHMP1A,0.0004951721966959068
CDK10,0.0004951721966959068
C16orf3,0.0004951721966959068
AFG3L1P,0.0004951721966959068
ANKRD11,0.0004951721966959068
CENPBD1,0.0004951721966959068
VPS9D1,0.0004951721966959068
LINC00637,0.000494670647650425
RD3L,0.0004945704005548815
C14orf2,0.0004945704005548815
TFAP2A,0.0004944699648815103
LINC00518,0.0004944699648815103
OR4C12,0.0004942388283179433
MIR3922,0.0004938626774069811
SERPINB9,0.0004937902496973277
TCL6,0.000491538166474876
MS4A1,0.0004910562769474445
MS4A5,0.0004910562769474445
LRIG3,0.0004899485578868289
MXRA5,0.0004896143167215975
R3HDM4,0.0004895626782816014
MED16,0.0004895626782816014
ARID3A,0.0004895626782816014
PRTN3,0.0004895626782816014
KISS1R,0.0004895626782816014
ELANE,0.0004895626782816014
CFD,0.0004895626782816014
PPP1R13B,0.0004894036110629446
ZNF768,0.0004891498153446827
ZNF747,0.0004891498153446827
MIR4518,0.0004891498153446827
ITGAL,0.0004891498153446827
ZSCAN23,0.0004886837787154255
RPE,0.0004886562052135907
OR10V1,0.0004885383210529605
RN7SKP192,0.0004885383210529605
SNORD51|ENSG00000202275.1,0.000488260252297555
MIR3691,0.0004879566924270849
MAPKAPK5,0.000487882543528614
MTSS1L,0.00048759349827387906
FLJ00418,0.00048759349827387906
RAB31,0.0004872936648726649
PPT1,0.00048612851905651354
CAP1,0.00048612851905651354
CXorf28,0.00048612665648401654
MIR4719,0.0004844591501382706
OFCC1,0.0004842240975152371
ALDH2,0.0004836306415451673
ACAD10,0.0004836306415451673
XRCC3,0.0004829932157100748
ZFYVE21,0.0004829932157100748
U7|ENSG00000272215.1,0.0004811277330264674
GPR132,0.0004810234060332804
ACTRT1,0.0004809858494148985
RDX,0.00048072083360106157
SNORD56|ENSG00000200112.1,0.0004806038007392133
KLHDC4,0.0004802297271358831
snoU13|ENSG00000238914.1,0.0004801267649368915
C14orf177,0.0004797863136586211
AASDHPPT,0.0004791840690526683
KBTBD3,0.0004791840690526683
MSANTD4,0.00047877444365910724
FAM65C,0.0004784504810786721
PTPRM,0.0004782752277553083
C14orf132,0.0004779921013540149
HFE,0.0004777942315891795
HIST1H4C,0.0004777942315891795
HIST1H1T,0.0004777942315891795
GYG2,0.0004774724357349118
ARSD,0.0004774724357349118
SHOX|ENSG00000185960.8,0.0004774724357349118
RNA5SP498|ENSG00000223274.1,0.0004774724357349118
RN7SL578P,0.0004774724357349118
RN7SL355P|ENSG00000265350.1,0.0004774724357349118
PPP2R3B|ENSG00000167393.12,0.0004774724357349118
PLCXD1|ENSG00000182378.8,0.0004774724357349118
P2RY8|ENSG00000182162.5,0.0004774724357349118
MIR3690|ENSG00000265658.1,0.0004774724357349118
LINC00685|ENSG00000226179.1,0.0004774724357349118
SLC25A6|ENSG00000169100.8,0.0004774724357349118
XG,0.0004774724357349118
GTPBP6|ENSG00000178605.8,0.0004774724357349118
AKAP17A|ENSG00000197976.6,0.0004774724357349118
LINC00106|ENSG00000236871.2,0.0004774724357349118
ARSE,0.0004774724357349118
ASMT|ENSG00000196433.6,0.0004774724357349118
DHRSX|ENSG00000169084.8,0.0004774724357349118
ZBED1|ENSG00000214717.4,0.0004774724357349118
snoU13|ENSG00000251848.1,0.0004774724357349118
CSF2RA|ENSG00000198223.9,0.0004774724357349118
CRLF2|ENSG00000205755.6,0.0004774724357349118
IL3RA|ENSG00000185291.6,0.0004774724357349118
LINC00102|ENSG00000230542.1,0.0004774724357349118
CD99P1|ENSG00000223773.2,0.0004774724357349118
ASMTL|ENSG00000169093.10,0.0004774724357349118
ARSH,0.0004774724357349118
ARSF,0.0004774724357349118
CD99|ENSG00000002586.13,0.0004774724357349118
ZNF785,0.00047727025714968714
RN7SL710P,0.00047701443894735757
NPAT,0.0004768735676497674
ACAT1,0.0004768735676497674
STX3,0.00047584860507588384
C14orf80,0.0004744469549976334
CRIP1,0.0004744469549976334
RN7SL634P,0.00047374067972949567
MIR620,0.0004734896804369855
RNU6ATAC21P,0.0004730973589623375
SYCP2L,0.0004723703136076963
RPL31,0.00047234947999218315
CMAHP,0.00047221470848481746
LINC00617,0.0004721466623673344
MIR4645,0.0004720831225523347
SHMT2,0.0004720748308598872
SPATA31A2,0.0004717186480490694
FOXD4L3,0.0004717186480490694
FOXD4L2,0.0004717186480490694
FAM95B1,0.0004717186480490694
SPATA31A3,0.0004717186480490694
ANKRD20A1,0.0004717186480490694
FAM74A5,0.0004717186480490694
FAM74A4,0.0004717186480490694
SPATA31A6,0.0004717186480490694
FAM74A3,0.0004717186480490694
FOXD4L5,0.0004717186480490694
FAM74A1,0.0004717186480490694
FAM27E3,0.0004717186480490694
FAM27E2,0.0004717186480490694
SPATA31A4,0.0004717186480490694
ZNF658,0.0004717186480490694
SPATA31A5,0.0004717186480490694
SPATA31A7,0.0004717186480490694
FOXD4L4,0.0004717186480490694
MIR1299,0.0004717186480490694
FOXD4L6,0.0004717186480490694
RN7SL763P,0.0004717186480490694
SNORA70|ENSG00000252878.1,0.0004717186480490694
SNORA70|ENSG00000252724.1,0.0004717186480490694
SNORA70|ENSG00000252617.1,0.0004717186480490694
SNORA70|ENSG00000252133.1,0.0004717186480490694
RNA5SP284,0.0004717186480490694
RNA5SP283,0.0004717186480490694
RN7SL787P,0.0004717186480490694
RN7SL722P,0.0004717186480490694
SPATA31A1,0.0004717186480490694
RN7SL640P,0.0004717186480490694
RN7SL565P,0.0004717186480490694
RN7SL544P,0.0004717186480490694
RN7SL462P,0.0004717186480490694
RN7SL422P,0.0004717186480490694
RN7SL343P,0.0004717186480490694
MIR4477A,0.0004717186480490694
PGM5P2,0.0004717186480490694
FAM74A6,0.0004717186480490694
FAM74A2,0.0004717186480490694
FAM27B,0.0004717186480490694
CBWD3,0.0004717186480490694
ANKRD20A4,0.0004717186480490694
ANKRD20A3,0.0004717186480490694
ANKRD20A2,0.0004717186480490694
CBWD5,0.0004717186480490694
CBWD6,0.0004717186480490694
CNTNAP3B,0.0004717186480490694
CNTNAP3,0.0004717186480490694
FAM27A,0.0004717186480490694
CBWD7,0.0004717186480490694
FAM27E1,0.0004717186480490694
FAM27D1,0.0004717186480490694
FAM27C,0.0004717186480490694
RNA5SP426,0.0004712671013936833
KLC1,0.00047111528957863747
TDRD9,0.0004701236561470439
SNHG10,0.0004699143165025482
SCARNA13,0.0004699143165025482
GLRX5,0.0004699143165025482
RNY5P5,0.00046942723925930336
U8|ENSG00000212594.1,0.0004692311907501782
snoU13|ENSG00000238896.1,0.00046877120613836087
HIST1H2BC,0.0004677538407933294
HIST1H2AC,0.0004677538407933294
BMP8A,0.00046762854820935713
SLC5A12,0.00046721231084633917
TP53RK,0.0004664515595267642
RN7SKP293,0.0004656400446698133
TBC1D10B,0.0004656125203621473
LINC00533,0.00046466830754805685
NUDT14,0.0004644766056574227
JAG2,0.0004644766056574227
BTBD6,0.0004644766056574227
LINC00615,0.00046435095040279676
SH2B3,0.0004642635212888378
SMIM13,0.00046371112096649464
FLJ00104,0.0004630203966177344
FOXN3,0.000462719893381768
MLYCD,0.0004624445213149537
OSGIN1,0.0004624445213149537
OR5AN1,0.00046238570745968935
ZNF184,0.000462152093776211
PATL1,0.00046160418539485155
EVL,0.0004615507379066453
U6|ENSG00000272439.1,0.0004611529752403588
U3|ENSG00000199851.1,0.0004610759493670911
MIR3161,0.0004610473252337637
NECAB2,0.0004610139480889528
SLC2A10,0.00046070871240974187
RASSF9,0.00046026336532665926
TCL1B,0.00046012231050552975
TCL1A,0.00046012231050552975
VAPA,0.00045983643525060816
CCNK,0.0004586782483883352
FAM3A,0.0004582797412754576
RN7SL742P,0.0004582797412754576
RN7SL697P,0.0004582797412754576
SLC10A3,0.0004582797412754576
ANO3,0.000457446874553796
OR4D6,0.00045724709864995174
CD2BP2,0.00045632391507780884
RBM19,0.000456242807825086
RN7SL862P,0.0004544213596319786
RNA5SP449,0.0004544213596319786
TXNDC2,0.0004544213596319786
RNA5SP450,0.0004544213596319786
GMNN,0.00045378898674576675
KIAA0319,0.0004533763679459372
ANO4,0.00045302328765418236
BCMO1,0.0004521843844516658
snoU13|ENSG00000238776.1,0.0004521024012875955
GSKIP,0.0004518378269628803
CIRH1A,0.0004517535830107752
SLC38A8,0.00045108788058231293
RNA5SP432,0.00045108788058231293
SMAP2,0.00045058034170298157
ZNF764,0.00044993225275879594
ZNF689,0.0004498054531094879
AK7,0.00044977635201614
ZC4H2,0.0004496057603275816
BRF1,0.00044959922137635243
OR4X1,0.00044920011449653386
TXNRD1,0.0004487282621554482
POLB,0.00044847946095359024
BRAP,0.0004482182746516344
GPX6,0.0004472984060009391
GPX5,0.0004472984060009391
SCAND3,0.0004472984060009391
NOS1,0.0004470886075949371
ARHGAP36,0.00044684956002070605
RN7SL191P,0.00044684956002070605
CREG2,0.0004467724775821258
SNORD89,0.0004467724775821258
RNF149,0.0004467724775821258
CNOT11,0.0004467724775821258
MIR5696,0.0004467724775821258
OR4X2,0.0004458367788308635
ENOX2,0.0004457934005720005
RN7SL548P,0.00044546974401285316
FAM65B,0.00044500479096273117
SDSL,0.00044484212631561295
SDS,0.00044484212631561295
PLBD2,0.00044484212631561295
SLC24A6,0.00044484212631561295
LHX5,0.00044484212631561295
GPLD1,0.0004445830028562385
ALDH5A1,0.0004445830028562385
RREB1,0.0004442699947516862
SNORA42|ENSG00000199787.1,0.00044404693595406466
DCTPP1,0.00044404693595406466
ZNF771,0.00044404693595406466
ZNF48,0.00044404693595406466
SEPT1,0.00044404693595406466
MYLPF,0.00044404693595406466
TPCN1,0.000444042132982224
MRS2,0.0004438219504032198
RN7SKP108,0.00044346790796120743
SLC22A23,0.0004430025032684387
SYNE3,0.0004429525392245216
CLMN,0.0004424206345925416
C12orf42,0.0004421520813925879
PAPOLA,0.00044205684489605896
OR4B1,0.0004417618154061447
ACOT13,0.00044143793067087195
C6orf62,0.00044143793067087195
TDP2,0.00044143793067087195
IKBKG,0.00044112860217906046
TESPA1,0.00044112100483022855
PACS2,0.0004403027235047028
SEPHS2,0.00044027295868264983
PSD4,0.00043988780933983986
PRKCB,0.00043863486707306464
RN7SL537P,0.0004385120734021251
GCNT2,0.000438415611131372
DICER1,0.00043799452661865703
MIR3173,0.00043799452661865703
SNORA20|ENSG00000201660.1,0.0004377368622938239
LAMA1,0.00043745613807085257
RNA5SP514,0.00043659121923674275
IL1RN,0.00043616517740068114
IL9R|ENSG00000124334.12,0.0004360553635130236
SPRY3|ENSG00000168939.6,0.0004360553635130236
VAMP7|ENSG00000124333.10,0.0004360553635130236
WASH6P|ENSG00000182484.10,0.0004360553635130236
WASIR1|ENSG00000185203.7,0.0004360553635130236
KAAG1,0.00043591800805982015
PRKX,0.0004358276700079758
VPS52,0.0004356945621565451
B3GALT4,0.0004356945621565451
WDR46,0.0004356945621565451
PFDN6,0.0004356945621565451
RGL2,0.0004356945621565451
TAPBP,0.0004356945621565451
RPS18,0.0004356945621565451
FDX1,0.0004356727494698958
IGHJ1,0.00043466355320739353
IGHJ2,0.00043466355320739353
IGHJ3,0.00043466355320739353
IGHJ4,0.00043466355320739353
IGHG4,0.00043466355320739353
IGHG3,0.00043466355320739353
IGHA1,0.00043466355320739353
IGHG1,0.00043466355320739353
IGHE,0.00043466355320739353
IGHG2,0.00043466355320739353
IGHJ5,0.00043466355320739353
IGHA2,0.00043466355320739353
LINC00226,0.00043466355320739353
IGHJ6,0.00043466355320739353
ADAM6,0.00043466355320739353
RNA5SP389,0.00043466355320739353
TMEM121,0.00043466355320739353
LINC00221,0.00043466355320739353
KIAA0125,0.00043466355320739353
IGHM,0.00043466355320739353
IGHD,0.00043466355320739353
BDKRB2,0.0004341719788230306
C14orf64,0.00043361080079180273
OR5A2,0.0004332304801703966
OR5A1,0.0004332304801703966
COA5,0.0004322091067362287
SNORA30|ENSG00000206755.1,0.0004321820135324048
YIPF6,0.0004315336194282685
SNORD112|ENSG00000252883.1,0.0004303030505128645
LINC00452,0.00043023935983527785
LINC00565,0.00043023935983527785
LINC00341,0.0004289659277877451
MAP2,0.00042881807184822276
ATP6AP1,0.00042874511184832093
LAGE3,0.00042874511184832093
UBL4A,0.00042874511184832093
FAM50A,0.00042874511184832093
PLXNA3,0.00042874511184832093
GDI1,0.00042874511184832093
MFSD2A,0.0004280915819326296
snoU13|ENSG00000238507.1,0.0004278673350403306
WDR18,0.00042712991457476867
RNA5SP340,0.0004269829562443944
CARD18,0.00042686446486324436
RN7SL334P,0.00042605641874389645
PCID2,0.0004258791011131254
CUL4A,0.0004258791011131254
F10,0.0004258583965899634
PROZ,0.0004258583965899634
SALL4,0.00042556197394281103
DAXX,0.0004245837548186009
ZBTB22,0.0004245837548186009
BAK1,0.0004244908002296505
LINC00336,0.0004244908002296505
GGNBP1,0.0004244908002296505
BCAS4,0.0004243772876530212
ELMO2,0.00042372468212712594
NUP160,0.0004228127180305002
HIVEP1,0.0004221790549632299
SLC13A3,0.00042174063387507253
OCSTAMP,0.00042174063387507253
ZCCHC14,0.0004212421833169978
BDKRB1,0.0004207558557739219
EDN1,0.00042047628600646973
ITPR3,0.0004198540066161784
RNU4ATAC,0.0004192467542809188
MLN,0.0004185635782048807
LEMD2,0.0004185635782048807
IP6K3,0.0004184323481969522
ZNF391,0.00041819449591387126
POM121L2,0.00041819449591387126
C6orf52,0.000417934606668824
TMEM14C,0.000417934606668824
PAK1IP1,0.000417934606668824
GCNT6,0.000417934606668824
RNA5SP203,0.0004173486155447454
HCG17,0.0004166395777032759
MGAT4A,0.0004165255123533355
UNC50,0.0004152705891363723
HCG25,0.00041493834923585747
TMEM14B,0.0004147669763267769
MAK,0.0004147669763267769
RN7SL865P,0.00041355934975304914
CEP128,0.00041351241665861456
ATXN2,0.0004126604379271672
snoU13|ENSG00000252447.1,0.00041253862254560014
FNBP4,0.00041253862254560014
H2AFB2,0.00041245209298726914
H2AFB1,0.00041245209298726914
BRCC3,0.00041245209298726914
SNORA56,0.00041245209298726914
CLIC2,0.00041245209298726914
SNORA36A,0.00041245209298726914
SMIM9,0.00041245209298726914
CMC4,0.00041245209298726914
CTAG1A,0.00041245209298726914
CTAG1B,0.00041245209298726914
CTAG2,0.00041245209298726914
DKC1,0.00041245209298726914
F8A1,0.00041245209298726914
RAB39B,0.00041245209298726914
MTCP1,0.00041245209298726914
F8A2,0.00041245209298726914
F8A3,0.00041245209298726914
MPP1,0.00041245209298726914
H2AFB3,0.00041245209298726914
FUNDC2,0.00041245209298726914
VBP1,0.00041245209298726914
GAB3,0.00041245209298726914
F8,0.00041245209298726914
DKFZP434O1614,0.0004122619175575386
MON1B,0.000412016598667922
ATG2B,0.0004119973432328233
CASP1,0.00041112735333804546
CARD16,0.00041112735333804546
CARD17,0.00041112735333804546
LYRM4,0.0004101706202370564
KLHL14,0.0004096363741045058
TESC,0.0004095484577895521
FBXW8,0.0004095484577895521
MED13L,0.00040903738592875917
MIR320D2,0.00040852990074237525
SPANXB1,0.00040852990074237525
SPANXB2,0.00040852990074237525
MIER2,0.0004084772954043023
HIST1H2AM,0.0004078718963936743
HIST1H3J,0.0004078718963936743
HIST1H4L,0.0004078718963936743
HIST1H3I,0.0004078718963936743
HIST1H2BO,0.0004078718963936743
FAM45B,0.0004073586079609341
snoU13|ENSG00000239087.1,0.0004046564754111193
RFX8,0.00040440830565024365
OXCT2,0.00040423877706301437
IL21R,0.0004032309163301101
C16orf82,0.0004029340830276971
PRR14,0.00040280263453442604
FBRS,0.00040280263453442604
ZSCAN12,0.00040257852789498506
FBXO21,0.0004025774376083463
MIR3194,0.0004021242405959367
IL1F10,0.00040199912701876876
IL36RN,0.00040199912701876876
IL36B,0.00040199912701876876
IL36A,0.00040199912701876876
DKK4,0.0004018678315848177
KCNA4,0.00040153725171862857
TMLHE,0.0004015319191266063
PHLPP1,0.0004015106979576807
RN7SL705P,0.0004015106979576807
RN7SL240P,0.00040055671697795394
RNU6ATAC20P,0.0003991903421376431
HIST1H3F,0.00039882864160211367
HIST1H2BH,0.00039882864160211367
HIST1H4F,0.00039882864160211367
HIST1H4G,0.00039882864160211367
GPR119,0.0003987733910561089
SLC25A14,0.0003987733910561089
FSHB,0.00039839594801417374
MAGEC2,0.0003980949934588204
TAZ,0.00039797656289765104
DNASE1L1,0.00039797656289765104
SNORA70|ENSG00000207165.1,0.00039797656289765104
SYCE1L,0.0003978121092757729
CASP5,0.0003976391655422052
OAS2,0.00039754252047899505
IWS1,0.00039748838423229717
NSMCE1,0.0003968547086609652
LINC00173,0.00039671033264645117
TBC1D8,0.0003965846668258892
ZAP70,0.0003963848784698187
NFATC2,0.0003962013369095794
PPIE,0.0003951082520578266
HRK,0.0003945474765315792
GATA6,0.00039440828295059314
HEYL,0.000393832745382859
BMP8B,0.00039293352701113687
MIR3934,0.0003925034857970838
SBP1,0.0003925034857970838
MNF1,0.0003925034857970838
OR2B2,0.0003913420842191502
snoU13|ENSG00000238714.1,0.0003909822290368645
SNX29P2,0.00039081075044382753
SYNGAP1,0.0003904748885911901
ZBTB9,0.0003904748885911901
NT5C1A,0.00039023033824444887
HPCAL4,0.00039023033824444887
CORO1A,0.0003901291239366441
snoU13|ENSG00000239193.1,0.0003901291239366441
snoU13|ENSG00000239114.1,0.0003901291239366441
TBX6,0.0003901291239366441
ALDOA,0.0003901291239366441
ASPHD1,0.0003901291239366441
BOLA2B,0.0003901291239366441
BOLA2,0.0003901291239366441
snoU13|ENSG00000238639.1,0.0003901291239366441
C16orf54,0.0003901291239366441
C16orf92,0.0003901291239366441
CDIPT,0.0003901291239366441
TMEM219,0.0003901291239366441
DOC2A,0.0003901291239366441
MAPK3,0.0003901291239366441
TAOK2,0.0003901291239366441
SULT1A4,0.0003901291239366441
SULT1A3,0.0003901291239366441
SPN,0.0003901291239366441
SLX1B,0.0003901291239366441
SLX1A,0.0003901291239366441
YPEL3,0.0003901291239366441
RN7SKP127,0.0003901291239366441
QPRT,0.0003901291239366441
PRRT2,0.0003901291239366441
FAM57B,0.0003901291239366441
PAGR1,0.0003901291239366441
MVP,0.0003901291239366441
MAZ,0.0003901291239366441
PPP4C,0.0003901291239366441
SEZ6L2,0.0003901291239366441
KIF22,0.0003901291239366441
ZG16,0.0003901291239366441
GDPD3,0.0003901291239366441
HIRIP3,0.0003901291239366441
INO80E,0.0003901291239366441
KCTD13,0.0003901291239366441
MIR5004,0.000389873417721518
KIFC1,0.000389873417721518
CUTA,0.000389873417721518
PHF1,0.000389873417721518
RN7SL111P,0.0003887611635431094
INSIG2,0.0003887611635431094
MAP1LC3B2,0.00038806708533673396
C12orf49,0.00038806708533673396
C6orf106,0.0003878691179731393
ATP9A,0.00038769182979791345
NETO2,0.00038743939585944077
MAP3K2,0.0003857739849290914
ERCC3,0.0003857739849290914
MIR4783,0.0003857739849290914
CYP27C1,0.0003857739849290914
PROC,0.0003857739849290914
BIN1,0.0003851791605085141
KDM8,0.0003849014599060953
TWSG1,0.0003837853819561745
ADAMTS18,0.000383666036559417
SNORA55,0.0003825551635885729
PABPC4,0.0003825551635885729
ZSCAN9,0.0003819737458977977
GRM4,0.00038163159061767673
ARL14EP,0.00038145912077319354
C6orf1,0.00038105314913185336
HMGA1,0.00038105314913185336
IQCD,0.0003807259939500496
DTX1,0.0003807259939500496
RASAL1,0.0003807259939500496
CCDC42B,0.0003807259939500496
DDX54,0.0003807259939500496
C12orf52,0.0003807259939500496
CCDC93,0.0003796603599171006
HTR5BP,0.0003796603599171006
NUDT7,0.0003793109460543287
SERPINA13P,0.0003772263149294775
ANKRD36B,0.0003761882738324949
RN7SL313P,0.0003761882738324949
FAHD2B,0.0003761882738324949
COX5B,0.0003761882738324949
ANKRD36,0.0003761882738324949
MAP4K4,0.00037467703063595
DLG2,0.0003742897327707438
STMND1,0.0003735529687922659
RNFT2,0.00037128757400320427
GLI2,0.00037087217827595125
HIST1H2BI,0.0003700539067387733
HIST1H4H,0.0003700539067387733
HIST1H3G,0.0003700539067387733
MYO7B,0.00036963781301184613
SPDEF,0.00036906494933816467
MIR1910,0.0003679481168932661
C16orf74,0.0003679481168932661
ACTR1B,0.0003678692523191046
AIFM1,0.00036673553719008216
snoU13|ENSG00000238484.1,0.0003658015752889783
snoU13|ENSG00000239059.1,0.0003658015752889783
RN7SL200P,0.0003658015752889783
HIST1H1E,0.0003651993198564121
TMEM131,0.0003646170293668678
CCER1,0.00036435810619955665
ZKSCAN3,0.0003632852789498371
ZSCAN31,0.00036312119081106535
EMD,0.0003628130787331609
FLNA,0.0003628130787331609
CNGA3,0.0003625962181445409
PACSIN1,0.0003622971839540313
RPS10,0.0003616512576281949
OR2B6,0.0003607107331629976
LIMS2,0.00036059409606414367
GPR17,0.00036059409606414367
SFT2D3,0.00036059409606414367
MARS,0.0003601641523611347
MIR616,0.0003601641523611347
MBD6,0.0003601641523611347
DDIT3,0.0003601641523611347
RN7SL312P,0.0003601641523611347
ARHGAP9,0.0003601641523611347
ELOVL2,0.0003598928005048522
WDR33,0.00035845758385962104
ARHGAP20,0.0003584248966565993
HIST1H3E,0.00035792346657980773
HIST1H1D,0.00035792346657980773
ABT1,0.0003578070498701631
GCM2,0.00035741360728759706
RPL10,0.00035664253524766515
SLITRK4,0.0003556885670939193
VAT1L,0.0003556253872709578
VWA3B,0.0003553124951779403
GPR112,0.0003545614808285592
FLJ20373,0.00035279834408088394
TRNAI6,0.0003510610286516759
PTGES3,0.0003507167215767873
RN7SL809P,0.0003507167215767873
MPPED2,0.0003503927686596837
MFSD9,0.0003493424814179526
TMEM182,0.0003493424814179526
VDAC3,0.000349004673523974
RBMX2,0.000348376056155526
U3|ENSG00000212321.1,0.00034746455651521273
IKBKB,0.0003465666562343022
VSTM2B,0.00034617095472143556
LINGO2,0.0003442449814601704
TEX28P2,0.0003438903397322719
TEX28,0.0003438903397322719
TEX28P1,0.0003438903397322719
TKTL1,0.0003438903397322719
OPN1LW,0.0003438903397322719
OPN1MW2,0.0003438903397322719
OPN1MW,0.0003438903397322719
PGBD1,0.000343506797937179
SPANXN2,0.0003420576508745894
MYCL,0.00034115514975444566
TFCP2L1,0.00034080739463472436
EID3,0.0003404944989944403
NLGN4X,0.00033941183991816846
LINC00632,0.0003391598857084138
CDR1,0.0003391598857084138
MIR663B,0.00033886003822712743
ANKRD30BL,0.00033886003822712743
RN7SKP103,0.00033886003822712743
UBE2NL,0.0003373170399731771
NUDT3,0.0003360455811890803
ZCCHC2,0.0003344851065989404
CDH19,0.0003343032476622659
FAM58A,0.00033376532358157855
ATP2B3,0.00033376532358157855
SLC9A2,0.00033362282968206014
DUSP9,0.00033316236438312347
snoU13|ENSG00000238321.1,0.0003324349039803649
SLC1A2,0.00033112647124139416
PPP4R1,0.00033087245132364817
INPP4A,0.0003303334973178238
MIR4772,0.0003300837368188685
IL18RAP,0.0003300837368188685
SLC9A4,0.0003300837368188685
HAUS7,0.0003296385768596796
BGN,0.0003296385768596796
TUBGCP3,0.00032956165936400916
AQP4,0.00032763617122192565
TRAPPC8,0.00032704397342786507
RALBP1,0.00032675971546711847
RNA5SP116,0.00032621051502742485
MIR545,0.0003255399024038819
MIR374A,0.0003255399024038819
SPACA7,0.0003253275843774024
PNCK,0.00032463479857639134
SLC6A8,0.00032463479857639134
RN7SL687P,0.00032463479857639134
SNORA27|ENSG00000252459.1,0.00032444068295554824
NCAM2,0.0003214780718578202
MIR873,0.0003212965093977739
MIR876,0.0003212965093977739
IL1R1,0.00031871014901824424
IL1R2,0.00031834827858233513
EMC8,0.0003179187456536044
NADSYN1,0.00031775871082178307
AUTS2,0.0003174834005595252
TREX2,0.00031746193330644884
RAB33A,0.0003174059350699165
ZNF280C,0.0003174059350699165
RN7SKP267,0.0003167826516887378
LAS1L,0.00031613796390334253
ZC3H12B,0.00031613796390334253
NKAPL,0.0003150609470229737
ZKSCAN4,0.0003150609470229737
IL4R,0.00031503729164601013
TRIT1,0.0003134730580341722
CYP46A1,0.00031148872070982283
CD44,0.0003110540508046652
OR4S1,0.000309756853889702
HIST1H2AJ,0.0003096145969456437
HIST1H2BL,0.0003096145969456437
HIST1H2BM,0.0003096145969456437
HIST1H3H,0.0003096145969456437
HIST1H2AI,0.0003096145969456437
CASP12,0.00030924039923750873
CASP4,0.00030924039923750873
IL18R1,0.0003075428273660888
IL1RL1,0.0003075428273660888
FAM178B,0.00030704671790445626
MIR4693,0.00030680941977767796
snoU13|ENSG00000238907.1,0.0003051338781272421
HIST1H2AL,0.0003047092898519649
HIST1H2BN,0.0003047092898519649
HIST1H2AK,0.0003047092898519649
HIST1H4K,0.0003047092898519649
HIST1H4J,0.0003047092898519649
HIST1H1B,0.0003047092898519649
RN7SKP216,0.00030448434893533467
DIAPH2,0.0003043574990410415
UNC93B6,0.0003040471478024293
ANKRD39,0.000303287839911862
SEMA4C,0.000303287839911862
ANKRD23,0.000303287839911862
HMGN4,0.0003030518584541041
HCG11,0.0003030518584541041
BTN1A1,0.0003030518584541041
BTN3A3,0.0003030518584541041
BTN2A3P,0.0003030518584541041
BTN2A1,0.0003030518584541041
BTN3A1,0.0003030518584541041
BTN2A2,0.0003030518584541041
BTN3A2,0.0003030518584541041
PLEKHM3,0.0003026535808049317
CHRNB3,0.000301719762142089
SETD3,0.00030069520857657064
HIST1H2AD,0.00030051404161004016
HIST1H3D,0.00030051404161004016
HIST1H4D,0.00030051404161004016
HIST1H2BE,0.00030051404161004016
HIST1H2BF,0.00030051404161004016
HIST1H2BG,0.0002992860325197778
HIST1H2AE,0.0002992860325197778
OR4C3,0.00029860934418930106
CSAG2,0.00029728629207500227
snoU13|ENSG00000239037.1,0.00029728629207500227
PNMA3,0.00029728629207500227
CETN2,0.00029728629207500227
CSAG1,0.00029728629207500227
CSAG3,0.00029728629207500227
CSAG4,0.00029728629207500227
ZNF275,0.00029728629207500227
MAGEA1,0.00029728629207500227
MAGEA2B,0.00029728629207500227
MAGEA2,0.00029728629207500227
MAGEA3,0.00029728629207500227
MAGEA6,0.00029728629207500227
NSDHL,0.00029728629207500227
MAGEA12,0.00029728629207500227
ZFP92,0.00029728629207500227
ZNF185,0.00029728629207500227
PNMA6A,0.00029728629207500227
PNMA6B,0.00029728629207500227
PNMA6C,0.00029728629207500227
PNMA5,0.00029728629207500227
PNMA6D,0.00029728629207500227
RN7SL190P,0.00029728629207500227
RN7SL667P,0.00029728629207500227
snoU13|ENSG00000238760.1,0.0002971929194050607
RNA5SP101,0.0002971929194050607
HIST1H4E,0.00029709957731028627
PIGN,0.00029703485347667687
FMR1NB,0.0002965990544456307
FMR1,0.0002965990544456307
URI1,0.0002950465416403509
RN7SKP149,0.0002946183443051252
RN7SL611P,0.0002940269665848837
PDCL3,0.0002940269665848837
snoU13|ENSG00000238328.1,0.0002940269665848837
ZNRF1,0.00029315973691511446
CDH20,0.000292695614662059
SCUBE3,0.0002916791192264295
ZNF76,0.0002916791192264295
DEF6,0.0002916791192264295
PPARD,0.0002916791192264295
DHCR7,0.0002914695456094122
RN7SL360P,0.00029037207518220123
OR4A47,0.0002902407607658547
OR4C5,0.0002902407607658547
TBX5,0.0002892584960586136
EN1,0.00028901411477469667
PLEKHF1,0.00028774266179741137
CDYL2,0.00028764129078266714
CHD9,0.00028532256130136527
STAB2,0.00028528733057018
RAP2C,0.00028415394831093085
POP4,0.0002840852302369622
C16orf97,0.00028223511235193666
RNF152,0.00028186443473590195
SNORA1|ENSG00000202059.1,0.00028033221594036194
NBEAL1,0.00028033221594036194
7SK|ENSG00000260682.2,0.00027902247677720666
SDR42E1,0.00027882995620157037
TNFRSF11A,0.00027658629629472877
KIAA1468,0.00027658629629472877
SPANXA2,0.0002761699395894721
MAGEC3,0.0002761699395894721
SPANXD,0.0002761699395894721
SPANXC,0.0002761699395894721
SPANXA1,0.0002761699395894721
MAGEC1,0.0002761699395894721
LINC00919,0.00027490851923129043
LDOC1,0.00027258152129183087
SPANXN3,0.0002723195463886041
snoU13|ENSG00000238537.1,0.00027224257371876397
CT45A1,0.0002719984825747142
CT45A4,0.0002719984825747142
CT45A3,0.0002719984825747142
LINC00086,0.0002719984825747142
RNA5SP515,0.0002719984825747142
CT45A5,0.0002719984825747142
CT45A6,0.0002719984825747142
CXorf48,0.0002719984825747142
DDX26B,0.0002719984825747142
ZNF449,0.0002719984825747142
SAGE1,0.0002719984825747142
ZNF75D,0.0002719984825747142
CT45A2,0.0002719984825747142
NDUFA4L2,0.0002716028753819301
STAC3,0.0002716028753819301
ATP11A,0.0002714311225216032
THAP1,0.0002712484910329892
GLRA2,0.0002704155478839022
NPAS2,0.00026905066909843574
IL1RL2,0.0002687122400732647
C19orf12,0.0002672368818473854
TBX3,0.0002656960389886491
MECP2,0.00026455030598221917
C6orf195,0.0002638845469582168
WDR59,0.0002618658625782214
WDR12,0.0002611162688940828
CARF,0.0002611162688940828
C13orf35,0.0002609572218670822
HHIPL1,0.0002607354147592514
CCDC85C,0.0002607354147592514
BCAP31,0.0002604078979824384
FBLN7,0.0002588060093732212
SNORA18|ENSG00000252719.1,0.00025596280515611733
RNU6ATAC23P,0.00025596280515611733
RN7SL727P,0.00025596280515611733
snoU13|ENSG00000238485.1,0.00025596280515611733
MIR505,0.00025596280515611733
CXorf66,0.00025596280515611733
ATP11C,0.00025596280515611733
TMEM87B,0.000255039201086243
GORASP2,0.0002540040205889486
MDH1B,0.00025357762746601
FASTKD2,0.00025357762746601
HIST1H2BD,0.0002534026194311059
HSD17B2,0.0002530743129421963
CD82,0.00025168178597359975
MMGT1,0.00025053974594284036
SLC9A6,0.00025053974594284036
CDH2,0.0002486983985984655
RBM24,0.0002483048244307025
TOX3,0.0002449163798010456
MIR139,0.00024459026572400176
CDH7,0.00024456643560713255
ARHGEF6,0.00024434452248523007
UHRF1BP1,0.00024395287630028643
TAF11,0.00024395287630028643
SNRPC,0.00024395287630028643
ERP29,0.00024382434427725516
RN7SL806P,0.00024271816572731607
RNF170,0.00024271816572731607
MIR374B,0.00024227926898593525
RN7SL648P,0.00024227926898593525
MIR421,0.00024227926898593525
TEAD3,0.0002418174631484558
RPL10A,0.0002418174631484558
FANCE,0.0002418174631484558
MPHOSPH6,0.00024122828127256163
RN7SKP190,0.00024122828127256163
RN7SL790P,0.00023840694317024197
ZCCHC13,0.00023840694317024197
SLC16A2,0.00023840694317024197
RN7SL641P,0.00023840694317024197
AFF2,0.0002368407062238495
AVPR2,0.00023670455390807876
PRPF40A,0.0002364419185395669
ARL6IP6,0.00023605155142225557
FTX,0.0002350749418869712
RN7SL745P,0.00023368757027311551
SNORD33|ENSG00000252022.1,0.0002336074065702264
snoU13|ENSG00000238368.1,0.00023304557856599636
MIR934,0.0002322274352723272
RBBP8,0.000232215829177854
SCTR,0.00023215100415977023
TMEM37,0.00023198998076664936
SRPK3,0.0002315206709291473
PLXNB3,0.0002315206709291473
PDZD4,0.0002315206709291473
SSR4,0.0002315206709291473
IDH3G,0.0002315206709291473
SNORD36|ENSG00000251846.1,0.0002315206709291473
CD40LG,0.00023078253398865257
LINC00892,0.00023078253398865257
SERPINB5,0.00023055399643123493
OAS3,0.00023045437202621344
PDGFD,0.00023008310957678117
CASC16,0.00022856097362643262
HTATSF1,0.0002283976100551737
BRS3,0.0002283976100551737
VGLL1,0.0002283976100551737
ZNF521,0.0002274039529202742
TULP1,0.00022733331494810763
SOX3,0.00022680921452066912
PTPN4,0.0002256385024824433
JPX,0.00022561363418903548
RNA5SP457,0.0002254696846598434
TTC39C,0.00022480142178375902
CNTNAP4,0.00022389323638298441
U8|ENSG00000200026.1,0.00022305736242430774
GPR45,0.00022294690779564683
LINC00240,0.0002227184395028963
RLIM,0.00022245329851241946
XIST,0.00022241108565832293
MCF2,0.0002221679542566035
SLC20A2,0.0002219805537218554
IRAK1,0.00022113724369340166
MIR718,0.00022113724369340166
GPR101,0.00021973657050727735
SPANXN4,0.00021931632954549273
MIR888,0.00021864928617469024
MIR890,0.00021864928617469024
MIR892A,0.00021864928617469024
MIR891B,0.00021864928617469024
MIR892B,0.00021864928617469024
PCDP1,0.0002186459125404416
TMEM177,0.0002186459125404416
TGFBRAP1,0.00021816746150180478
C2orf49,0.0002180735422514891
SNORA72|ENSG00000207249.1,0.0002178568585303711
POU3F3,0.0002178568585303711
SNORD61|ENSG00000206979.1,0.00021643672838645266
RBMX,0.00021643672838645266
F7,0.0002157954807202059
MIR4741,0.00021541028338025391
RENBP,0.0002151441123048102
HCFC1,0.0002151441123048102
NAA10,0.0002151441123048102
ARHGAP4,0.0002151441123048102
snoU13|ENSG00000239188.1,0.00021485125835333504
SMIM19,0.00021351192840066548
MCF2L,0.00021232747309058922
TRIM49B,0.0002120831982757534
MIR513A2,0.00021187825442820103
MIR513B,0.00021187825442820103
MIR510,0.00021187825442820103
MIR514B,0.00021187825442820103
MIR508,0.00021187825442820103
MIR507,0.00021187825442820103
MIR506,0.00021187825442820103
MIR513A1,0.00021187825442820103
MIR513C,0.00021187825442820103
MIR514A2,0.00021187825442820103
MIR514A3,0.00021187825442820103
MIR514A1,0.00021187825442820103
MAP7D3,0.0002117756665234784
SNORA19|ENSG00000251822.1,0.000211273638566012
TMEM187,0.0002110678531701881
snoU13|ENSG00000239080.1,0.00021096953434011535
FHL1,0.00021096953434011535
ANKS1A,0.00021080335881689261
TUBB,0.00020943083321456674
ATAT1,0.00020943083321456674
DHX16,0.00020943083321456674
NRM,0.00020943083321456674
MDC1,0.00020943083321456674
PPP1R18,0.00020943083321456674
C6orf136,0.00020943083321456674
TCP11,0.00020938135683091033
LYPD1,0.00020860307666240724
FOXC1,0.00020819865284758016
KSR2,0.0002079374928014916
ABCD1,0.00020782515749372842
ABCB9,0.00020744451023380094
KIAA2022,0.0002060718969330957
NPIPB11,0.0002048781708110277
TRNAI2,0.0002029000587773752
CTAGE1,0.00020234471560140032
SCARNA17|ENSG00000267322.1,0.00020184229347442113
RN7SKP189,0.00020166291268760553
SCARNA18|ENSG00000252139.1,0.00020155793573515136
SCARNA17|ENSG00000251992.1,0.00020155793573515136
ACAA2,0.00020155793573515136
MIR1275,0.00020071437523498867
MRPS18B,0.0001999598357151173
PPP1R10,0.0001999598357151173
ABCF1,0.0001999598357151173
MERTK,0.00019905391791862024
CHRNA6,0.00019891538475700162
FAM127B,0.00019882176389532106
RNA5SP517,0.0001977145247335995
PMAIP1,0.00019727888279402782
MIR5011,0.00019719006796448961
GNL1,0.00019214723449464128
PRR3,0.00019214723449464128
MIR877,0.00019214723449464128
MYO5B,0.000191910857787525
GPR39,0.00019154771523476004
ZFP64,0.00019148332447237678
MC4R,0.00019142556259965095
RN7SKP81,0.00019043113665109747
PTPRJ,0.00018987341772151768
RNA5SP374,0.00018923239461698853
MIR891A,0.00018838885307952727
KIF13A,0.0001870026285437448
BCL11B,0.00018625878110309303
DYTN,0.00018604854372788042
snoU13|ENSG00000238458.1,0.0001850045729481302
GYPC,0.00018301169315557397
RN7SL342P,0.00018220996671558295
GAREM,0.00018036809479551218
MRPS9,0.0001801927779575003
STEAP3,0.00018007484605865305
U3|ENSG00000199727.1,0.0001795637290024675
FAM9C,0.0001791791331031839
RN7SKP240,0.00017796719087973244
SUDS3,0.0001776464955425153
SMIM10,0.00017739371049534024
FAM127C,0.00017739371049534024
FAM127A,0.00017739371049534024
LINC00622,0.00017733677370546907
TMSB4X,0.00017715893108298194
SERPINB13,0.0001761261298997235
SERPINB12,0.0001761261298997235
ATXN3L,0.00017463495716660317
RN7SL352P,0.0001704846412111876
TLR8,0.00017018539828666433
MIR3657,0.00016993670886075935
GEMIN8,0.00016974574197210068
NCK2,0.0001696810473977897
LINC00087,0.00016843420678266865
LINC00633,0.00016843420678266865
HCG9,0.00016667838724801013
RN7SL297P,0.0001645044019096851
PRL,0.00016367370266153722
RFC5,0.00016133997570443284
WSB2,0.00016133997570443284
LRTOMT,0.00015681689913730462
LAMTOR1,0.00015681689913730462
snoU13|ENSG00000238768.1,0.00015681689913730462
ANAPC15,0.00015681689913730462
FOLR3,0.00015681689913730462
snoU13|ENSG00000238567.1,0.00015569399341683598
TFDP3,0.00015547476250469484
PRPS2,0.00015542513745045387
CHST10,0.00015515176262420236
RN7SKP233,0.00015385774562990087
MIR4469,0.0001538160099098705
OAS1,0.00015371386569709938
snoU13|ENSG00000238982.1,0.00015360952780450862
MIR363,0.00015311490591405431
MIR92A2,0.00015311490591405431
MIR20B,0.00015311490591405431
MIR19B2,0.00015311490591405431
MIR18B,0.00015311490591405431
MIR106A,0.00015311490591405431
MIR503HG,0.00015265744682038172
MIR450A1,0.00015265744682038172
MIR450B,0.00015265744682038172
MIR503,0.00015265744682038172
MIR450A2,0.00015265744682038172
LINC00629,0.00015265744682038172
MIR542,0.00015265744682038172
NMS,0.00015251122907309302
RN7SL603P,0.0001522959838949604
MIR3165,0.00015211980452179793
RGPD8,0.00015188559414830815
SPANXN1,0.00015173634681680897
SH3KBP1,0.00015168263836365674
SERPINB7,0.00015132125530831032
RBMS1,0.0001512046102036226
FAM122C,0.00015093081768023731
SERPINB11,0.00015059744713172437
SERPINB2,0.00014954748161862384
DPP10,0.00014941510356082145
RPH3A,0.00014899508483705849
TMEM132D,0.0001488133511194707
UBC,0.00014684689844779252
MIR5188,0.00014684689844779252
HMSD,0.00014624681500456576
SERPINB10,0.00014624681500456576
MAS1L,0.00014593295827473255
UQCRFS1,0.0001458963727724536
RNA5SP453,0.0001458890232300545
RNF138,0.0001458890232300545
MARCO,0.00014546067771214612
SPIN4,0.00014510191131582146
OR10C1,0.00014457337083919645
ZC3H8,0.0001443300775261714
snoU13|ENSG00000238951.1,0.0001443300775261714
ZC3H6,0.0001443300775261714
FHL2,0.00014432258131841832
SERPINB8,0.00014319194451635877
ZCCHC16,0.00014229865175911186
RPL22P19,0.00014211581419325335
TRIM31,0.00014206516643225757
PPP1R11,0.00014206516643225757
ZNRD1,0.00014206516643225757
RNF39,0.00014206516643225757
TRIM26,0.00014191865916549722
SNORA48|ENSG00000252228.1,0.00014191865916549722
TRIM40,0.00014191865916549722
TRIM15,0.00014191865916549722
TRIM10,0.00014191865916549722
RN7SL266P,0.00014132357939936407
MIR4329,0.00014114926366126746
LHFPL1,0.00014114926366126746
CXorf23,0.00014088892952228996
HS6ST2,0.00014077058321898826
TCEANC,0.0001404884285896944
C1QL2,0.00014044221794814261
RN7SL468P,0.00014044221794814261
TMEM257,0.00014038221539558598
SLITRK2,0.00014038221539558598
RAB9A,0.00014037846822656934
OFD1,0.00014037846822656934
TRAPPC2,0.00014037846822656934
PTPN11,0.0001401921100932336
RNA5SP470,0.0001400010983277948
IL1B,0.00013989750777451744
USP51,0.00013913120129755482
GPM6B,0.00013887482419127972
IL37,0.00013773325685931782
FRMPD4,0.00013764991689042374
HPRT1,0.0001374106699544227
FOLR1,0.000137295087296777
RN7SL340P,0.00013724429556000953
SERPINB3,0.00013722714160851448
SERPINB4,0.00013722714160851448
RN7SKP102,0.0001368148309224608
FLOT1,0.00013578443439617483
snoU13|ENSG00000238811.1,0.00013477221290924057
TLR7,0.00013474747474747495
L1CAM,0.00013452254636717284
LCA10,0.00013452254636717284
CHCHD5,0.00013418597520914623
PHOX2A,0.00013396082633493838
INPPL1,0.00013396082633493838
C18orf32,0.00013349053669345457
C2orf40,0.00013231068748145413
UXS1,0.00013231068748145413
FAM104B,0.0001321928030512418
FOLR2,0.0001319269791647691
SLC20A1,0.00013184705006351094
MIR4419B,0.0001318066743383188
RN7SL353P,0.00013097767643133806
IER3,0.00013097767643133806
POLR1B,0.00013024834654636337
IL1A,0.00013006000613201396
PHF6,0.00012980693006009458
UBD,0.00012969995311767638
OR2H2,0.00012969995311767638
SNORD32B,0.00012969995311767638
MOG,0.00012914908579465684
GABBR1,0.00012914908579465684
ZFP57,0.00012914908579465684
TTL,0.00012847006263413884
FAM122B,0.00012761714021121317
PLAC1,0.00012761714021121317
MAGEH1,0.00012740382920207148
WWOX,0.00012645142798393754
MIR1468,0.00012620209402317223
LINC00305,0.00012593914785191714
CCDC160,0.00012512977880066488
VCX2,0.00012495284856504923
VCX3A,0.00012495284856504923
VCX,0.00012495284856504923
HDHD1,0.00012495284856504923
STS,0.00012495284856504923
MIR4767,0.00012495284856504923
PNPLA4,0.00012495284856504923
MIR651,0.00012495284856504923
OR2B3,0.00012451995161892677
OR2J3,0.00012451995161892677
OR2J2,0.00012451995161892677
OR2J1,0.00012451995161892677
OR2W1,0.00012451995161892677
PAGE2,0.00012347576142833518
PAGE2B,0.00012347576142833518
FMNL2,0.0001232986021412777
TMEM185B,0.000122738590448926
OR2H1,0.00012256211908110885
METTL21A,0.00012236816497400427
SNORA8|ENSG00000207100.1,0.00012219909950062047
PLCG2,0.00012158912527971922
RALB,0.00012119395864084242
HCG20,0.00012101434253656841
R3HDM2,0.00012061096244625626
PEBP1,0.00011886230269744124
VSIG10,0.00011886230269744124
USP26,0.0001161875818117383
ITIH6,0.00011562379083522241
HCG18,0.00011541842475387126
TAOK3,0.00011530897709331654
FOLH1,0.0001147533392548186
DHX37,0.00011429635145197385
SP5,0.000113115514613293
GAD1,0.000113115514613293
ERICH2,0.000113115514613293
C2orf76,0.0001107017090647047
DBI,0.00011070170906470467
POU5F1,0.00011060712611345736
OR12D1P,0.00011003867791842712
RPL6,0.0001099879926384769
RGPD3,0.00010897004436531492
PLGLA,0.00010897004436531492
FAM8A1,0.00010832348081380124
NUP153,0.00010832348081380124
HCG27,0.0001083216127519949
NT5DC4,0.00010805483772064352
CKAP2L,0.00010805483772064352
CD8BP,0.00010795318844041016
ACMSD,0.00010787439385351646
RN7SL48P,0.00010773207443669713
GPR64,0.00010773207443669713
PHKA2,0.00010773207443669713
RN7SKP20,0.00010755913566040154
EGFL6,0.00010755913566040154
MBOAT1,0.00010716151067431243
snoU13|ENSG00000238514.1,0.00010683159889068778
GPC4,0.00010449593028769789
BCL2L11,0.00010391023847821657
GLI1,0.00010320214077392711
INHBE,0.00010320214077392711
INHBC,0.00010320214077392711
EPB41L5,0.0001031815826486043
MOSPD1,0.00010292550669173515
GTF3C1,0.00010184361913683905
snoU13|ENSG00000238313.1,0.00010122367552227263
TXNL1,0.00010118969578805985
INHBB,9.992396117546944e-05
FLJ14816,9.95184207779801e-05
HDGFL1,9.784216729424648e-05
WNK3,9.781106627604944e-05
BOD1L2,9.768785393766713e-05
CCDC92,9.711896443095436e-05
RRAGB,9.691930159066352e-05
TLK1,9.675039211787568e-05
KCNK17,9.610804222391311e-05
KCNK16,9.610804222391311e-05
ST8SIA3,9.553092236315034e-05
PAGE3,9.551158034381803e-05
TSR2,9.538720910950205e-05
FGD1,9.538720910950205e-05
LINC00680,9.480826070378815e-05
MIR548U,9.480826070378815e-05
MEP1B,9.426089054484876e-05
ATP8B1,9.406759231455486e-05
VARS2,9.280356305673046e-05
MIR4640,9.280356305673046e-05
GTF2H4,9.280356305673046e-05
SFTA2,9.280356305673046e-05
RN7SL175P,9.280356305673046e-05
VPS4B,9.257009776407723e-05
ZNF536,9.223482248276967e-05
ZNF664,9.140271493212858e-05
NEDD4L,9.094205407959909e-05
FOXF2,9.050810657084864e-05
RNA5SP102,9.043849055478518e-05
SNORD28|ENSG00000252284.1,9.014705198204922e-05
MALT1,9.014705198204922e-05
ATXN1,8.995891810731434e-05
FOXQ1,8.988189482377251e-05
DSEL,8.921238163309214e-05
OR11A1,8.889474917956132e-05
TMEM170A,8.80818739591828e-05
KDM1B,8.794856860026642e-05
RNF144B,8.72933527011142e-05
TPMT,8.724645634608229e-05
ST6GAL2,8.69737899161456e-05
KIF6,8.658641588764262e-05
XPO6,8.611129030900839e-05
CLPB,8.569211012799213e-05
SNORA25|ENSG00000200652.1,8.558959069018562e-05
CHM,8.474875335634879e-05
CXorf51B,8.42880298151996e-05
CXorf51A,8.42880298151996e-05
DPCR1,8.277074542897593e-05
HCG21,8.277074542897593e-05
DNAH10OS,8.163125035798359e-05
DNAH10,8.163125035798359e-05
PPEF1,8.14071716105513e-05
snoU13|ENSG00000238885.1,8.117675419861352e-05
SOX4,8.101648659660842e-05
RNA5SP204,8.08955126744995e-05
LINC00508,8.07320006873272e-05
LINC00507,8.07320006873272e-05
MBNL3,7.92564432867934e-05
snoU13|ENSG00000238438.1,7.782199254550962e-05
CFC1B,7.7598277173256e-05
POTEJ,7.7598277173256e-05
GPR148,7.7598277173256e-05
POTEI,7.7598277173256e-05
CFC1,7.7598277173256e-05
CYP4F30P,7.7598277173256e-05
RS1,7.753684018052346e-05
BCL2,7.675359599226092e-05
TUBA3E,7.619335312331165e-05
CCDC115,7.619335312331165e-05
IMP4,7.619335312331165e-05
MZT2B,7.619335312331165e-05
POTEF,7.619335312331165e-05
PTPN18,7.619335312331165e-05
CCDC74B,7.619335312331165e-05
CYP4F43P,7.619335312331165e-05
SMPD4,7.619335312331165e-05
MIR4476,7.564605936483216e-05
LINC00340,7.506884227394257e-05
FAM120C,7.416671273008739e-05
GACAT1,7.416534583957572e-05
RGPD4,7.416534583957572e-05
ABCB7,7.287411664207422e-05
SLC26A8,7.241605367936836e-05
RNA5SP430,7.16222698659804e-05
TRPC5,7.157404206238556e-05
PHACTR1,7.073137377242516e-05
DEK,7.063887270947333e-05
LDHD,6.914525435555771e-05
RPS6KA6,6.873770739825403e-05
DDR1,6.851851851852114e-05
RN7SKP186,6.851851851852114e-05
NOP58,6.841557581894504e-05
SNORD11B,6.841557581894504e-05
SNORD11|ENSG00000238317.1,6.841557581894504e-05
RN7SL753P,6.760217318744729e-05
MUC21,6.632676980778508e-05
MTRNR2L9,6.6326572887694e-05
CNTNAP5,6.590354694092782e-05
PAGE5,6.499087944281755e-05
MTRNR2L10,6.499087944281755e-05
LINC00243,6.479137365213584e-05
snoU13|ENSG00000238988.1,6.413167014328253e-05
KDSR,6.413167014328253e-05
IRF4,6.404710884257012e-05
HUS1B,6.404710884257012e-05
EXOC2,6.404710884257012e-05
DUSP22,6.404710884257012e-05
RN7SL65P,6.387421622103059e-05
CREB1,6.346589983834533e-05
RN7SL325P,6.28830779480351e-05
OACYLP,6.247488866426542e-05
SNORA76|ENSG00000252122.1,6.173022870001871e-05
TMX3,6.158452953063104e-05
OLA1,6.134659187196567e-05
MIR122,6.130337876987052e-05
KCNK5,6.10463165898831e-05
SNORD70|ENSG00000212309.1,6.0685445983055925e-05
SNORD70|ENSG00000212534.1,6.0685445983055925e-05
MON2,5.879915111159284e-05
CDKL5,5.828769001886749e-05
CYP4F31P,5.812408048386802e-05
MIR4784,5.812408048386802e-05
MZT2A,5.812408048386802e-05
POTEE,5.812408048386802e-05
TUBA3D,5.812408048386802e-05
SULT1C2P1,5.763510432724674e-05
GPC3,5.7182386709140766e-05
SULT1C4,5.6010306070014806e-05
SULT1C3,5.59958312525785e-05
SULT1C2,5.59958312525785e-05
MIR548A1,5.5940671222426066e-05
MIR548I4,5.5726329961258133e-05
SLC5A7,5.3469975609932806e-05
NHLRC1,5.32865900770464e-05
U3|ENSG00000212539.1,5.306474601073185e-05
PPT2,5.300632911392264e-05
LST1,5.300632911392264e-05
MICA,5.300632911392264e-05
C6orf47,5.300632911392264e-05
C6orf25,5.300632911392264e-05
LY6G6C,5.300632911392264e-05
LY6G6D,5.300632911392264e-05
LY6G6E,5.300632911392264e-05
LY6G6F,5.300632911392264e-05
MCCD1,5.300632911392264e-05
MEGT1,5.300632911392264e-05
MICB,5.300632911392264e-05
LY6G5B,5.300632911392264e-05
MIR1236,5.300632911392264e-05
MIR3135B,5.300632911392264e-05
MIR4646,5.300632911392264e-05
MSH5,5.300632911392264e-05
NCR3,5.300632911392264e-05
NELFE,5.300632911392264e-05
NEU1,5.300632911392264e-05
CYP21A2,5.300632911392264e-05
LY6G5C,5.300632911392264e-05
LTB,5.300632911392264e-05
PBX2,5.300632911392264e-05
GPSM3,5.300632911392264e-05
DDAH2,5.300632911392264e-05
DDX39B,5.300632911392264e-05
CSNK2B,5.300632911392264e-05
DOM3Z,5.300632911392264e-05
EGFL8,5.300632911392264e-05
EHMT2,5.300632911392264e-05
FKBPL,5.300632911392264e-05
GPANK1,5.300632911392264e-05
HCG23,5.300632911392264e-05
C6orf48,5.300632911392264e-05
HCP5,5.300632911392264e-05
HSPA1A,5.300632911392264e-05
HSPA1B,5.300632911392264e-05
HSPA1L,5.300632911392264e-05
LSM2,5.300632911392264e-05
CLIC1,5.300632911392264e-05
CFB,5.300632911392264e-05
LTA,5.300632911392264e-05
NOTCH4,5.300632911392264e-05
NFKBIL1,5.300632911392264e-05
PPP1R2P1,5.300632911392264e-05
C4B,5.300632911392264e-05
TNF,5.300632911392264e-05
PRRC2A,5.300632911392264e-05
TNXB,5.300632911392264e-05
VARS,5.300632911392264e-05
VWA7,5.300632911392264e-05
C4A,5.300632911392264e-05
C2,5.300632911392264e-05
BTNL2,5.300632911392264e-05
BAG6,5.300632911392264e-05
ATP6V1G2,5.300632911392264e-05
ATF6B,5.300632911392264e-05
APOM,5.300632911392264e-05
AIF1,5.300632911392264e-05
AGPAT1,5.300632911392264e-05
AGER,5.300632911392264e-05
ABHD16A,5.300632911392264e-05
ZBTB12,5.300632911392264e-05
TAP2,5.300632911392264e-05
CYP21A1P,5.300632911392264e-05
C6orf10,5.300632911392264e-05
SNORD48,5.300632911392264e-05
PRRT1,5.300632911392264e-05
PSMB8,5.300632911392264e-05
PSMB9,5.300632911392264e-05
RNA5SP206,5.300632911392264e-05
RNF5,5.300632911392264e-05
SAPCD1,5.300632911392264e-05
SKIV2L,5.300632911392264e-05
SLC44A4,5.300632911392264e-05
SNORD117,5.300632911392264e-05
SNORA38|ENSG00000200816.1,5.300632911392264e-05
SNORD52,5.300632911392264e-05
SNORD84,5.300632911392264e-05
STK19,5.300632911392264e-05
TAP1,5.300632911392264e-05
CPO,5.2483784996801115e-05
KLF7,5.242420752026517e-05
MIR2355,5.242420752026474e-05
GCC2,5.175501939795589e-05
ZNF311,5.07834055147738e-05
PSORS1C3,5.070323488045255e-05
ALPK2,5.0586389338834853e-05
TMEM233,4.984335379772085e-05
PSORS1C2,4.933778715424509e-05
LIMS1,4.877289735183238e-05
PRIM2,4.861019094156605e-05
ALAS2,4.842186722679838e-05
TERF2IP,4.638413267154489e-05
RN7SL520P,4.638413267154489e-05
ID4,4.605527617578768e-05
FARS2,4.5278540087974265e-05
CCDC102B,4.45210499314224e-05
MIR98,4.3779524154406316e-05
MIRLET7F2,4.3779524154406316e-05
HOOK3,4.2616647423777e-05
CHST6,4.233785285479072e-05
HMGN5,4.1039059001014386e-05
CCHCR1,4.016643225504197e-05
TCF19,4.016643225504197e-05
ZNF697,3.903651567755932e-05
SH3BGRL,3.861288061799405e-05
NAA25,3.7601557590447726e-05
RANBP2,3.726179878556262e-05
CCDC138,3.726179878556262e-05
C6orf15,3.6469409729103957e-05
RSRC2,3.5093647975257595e-05
ZFP1,3.4984573047532457e-05
CTRB2,3.350773309270719e-05
CTRB1,3.350773309270719e-05
SHB,3.261173966618378e-05
RN7SL40P,3.151233987888997e-05
ZCCHC8,2.9973079786930693e-05
SNORA9|ENSG00000252192.1,2.9973079786930693e-05
SNORD58B,2.976277671023966e-05
LIPG,2.976277671023966e-05
SNORD58A,2.976277671023966e-05
RPL17,2.976277671023966e-05
SNORD58C,2.976277671023966e-05
MIR1539,2.976277671023966e-05
NOX1,2.9612703754824016e-05
TMEM35,2.961270375482361e-05
TRMT2B,2.961270375482361e-05
ARL13A,2.961270375482361e-05
XKRX,2.961270375482361e-05
BCAR1,2.9548008507946174e-05
CT47B1,2.8831080440278427e-05
CT47A1,2.8831080440278427e-05
CT47A10,2.8831080440278427e-05
CT47A2,2.8831080440278427e-05
CT47A3,2.8831080440278427e-05
CT47A4,2.8831080440278427e-05
CT47A6,2.8831080440278427e-05
CT47A5,2.8831080440278427e-05
CT47A7,2.8831080440278427e-05
CT47A8,2.8831080440278427e-05
GLUD2,2.8831080440278427e-05
CT47A9,2.8831080440278427e-05
CT47A12,2.8831080440278427e-05
CT47A11,2.8831080440278427e-05
SCML2,2.87435136625204e-05
FECH,2.7020854567830147e-05
NARS,2.7020854567830147e-05
ZBTB33,2.6875721753296834e-05
TMEM255A,2.6875721753296834e-05
RHOXF2,2.6875721753296834e-05
NKAPP1,2.6875721753296834e-05
EDAR,2.535579411147771e-05
ATP1B4,2.5006833992559028e-05
GABARAPL2,2.4730922152371094e-05
TMEM231,2.4730922152371094e-05
CHST5,2.4730922152371094e-05
RHOXF2B,2.4474061511512992e-05
RHOXF1,2.4474061511512992e-05
REG4,2.3114437404590042e-05
RNF10,2.225546605293532e-05
snoU13|ENSG00000272179.1,2.2156082811254838e-05
CUL4B,2.2156082811254838e-05
LAMP2,2.2156082811254838e-05
MCTS1,2.2156082811254838e-05
C1GALT1C1,2.206124373085938e-05
SCN3A,2.181855962873853e-05
RTTN,2.0008166598612922e-05
CCNT2,1.9550192077585578e-05
CENPI,1.855080147645793e-05
ONECUT2,1.854538226325454e-05
ZCCHC18,1.7143587776499027e-05
MUC22,1.7136551369476846e-05
HCG22,1.7136551369476846e-05
C12orf61,1.6655123786954403e-05
MIRLET7I,1.6655123786954403e-05
CYLC1,1.659833075210317e-05
SLC25A53,1.6345735839406494e-05
H2BFWT,1.6345735839406494e-05
H2BFM,1.6345735839406494e-05
TMSB15B,1.6345735839406494e-05
KIAA0556,1.4893682666389326e-05
HDX,1.4853094878642159e-05
ADAM23,1.4112186490168004e-05
ZNF532,1.3432185648367779e-05
U8|ENSG00000199713.1,1.3432185648367779e-05
RN7SL112P,1.320380465812475e-05
ARMC12,1.3202926913916574e-05
TMEM132B,1.3087805716250578e-05
snoU13|ENSG00000238475.1,1.2196512659618287e-05
AMER3,1.184088017683003e-05
SLC15A4,9.65477560414142e-06
GRP,9.372079155157466e-06
RAX,9.372079155157466e-06
CPLX4,9.372079155157466e-06
LMAN1,9.372079155157466e-06
SAP130,8.479282811698091e-06
WBP11P1,8.422368626675908e-06
C18orf54,8.183652150373217e-06
SNORA37,8.183652150373217e-06
MBD2,8.183652150373217e-06
STARD6,8.183652150373217e-06
POLI,8.183652150373217e-06
MAPK4,7.502738457242006e-06
UPRT,6.254044679142989e-06
MAGEE2,6.254044679142989e-06
ZDHHC15,6.254044679142989e-06
CFDP1,3.7795678302011608e-06
CCDC11,3.7429106734264153e-06
VCX3B,3.4629250585900986e-06
KAL1,3.4629250585900986e-06
MYL12B,3.236290598479411e-06
ME2,2.8885965988125828e-06
RPA4,2.6160337552735067e-06
RNY4P7,1.7844732617313197e-06
POLR2D,1.7844732617313197e-06
AMMECR1L,1.7844732617313197e-06
SEC11C,1.471788603786739e-06
OR14J1,1.2206745480996661e-06
ACA64|ENSG00000239008.1,5.683499778690914e-07
TRPC5OS,4.6193670595340443e-07
HUWE1,-8.107319288095334e-09
RN7SL93P,-1.9668625781898253e-06
SNORD30,-1.9668625781898253e-06
U3|ENSG00000201674.1,-2.07145202104757e-06
MIR5590,-4.187921153725822e-06
MYO3B,-4.706860561801714e-06
ADAT1,-5.609789113483257e-06
KARS,-5.609789113483257e-06
ARMCX2,-6.149023042988554e-06
BAG2,-6.243932514690743e-06
RAB23,-8.331553086947339e-06
CPT1A,-9.63254500111829e-06
BMPR2,-1.0386310153225702e-05
CD226,-1.0912355644898227e-05
TAF7L,-1.1442254219168572e-05
RN7SL310P,-1.2223074338005716e-05
ZNF451,-1.2347248099643291e-05
DRP2,-1.3090445962649986e-05
MIR3672,-1.3679142654711793e-05
CDKAL1,-1.3818323714204248e-05
LINC00939,-1.442808866487085e-05
SNORD112|ENSG00000252961.1,-1.4451918154053044e-05
RPS27P25,-1.5909090909090056e-05
ZCCHC5,-1.6908102179772965e-05
COL21A1,-1.69984234678849e-05
RPP21,-1.7850445382087493e-05
TRIM39,-1.7850445382087493e-05
ATP7A,-1.8276205376191875e-05
COX7B,-1.8276205376191875e-05
MAGT1,-1.8276205376191875e-05
RN7SL460P,-1.8276205376191875e-05
PGAM4,-1.8276205376191875e-05
TMEM163,-1.9497158326857023e-05
GLT1D1,-1.9637514384351477e-05
RN7SKP194,-1.981332310446277e-05
TIMM8A,-2.0380524828048857e-05
RN7SL502P,-2.071784588390806e-05
C6orf222,-2.071784588390806e-05
PNPLA1,-2.071784588390806e-05
PXT1,-2.071784588390806e-05
BRPF3,-2.071784588390806e-05
ETV7,-2.071784588390806e-05
ARMCX4,-2.1319878863669852e-05
ARMCX6,-2.1319878863669852e-05
ARMCX1,-2.1319878863669852e-05
ARMCX3,-2.1319878863669852e-05
SUMO1,-2.2096503210132732e-05
DCC,-2.3594419817177764e-05
CYBRD1,-2.4061678485433105e-05
SKA1,-2.425913629693101e-05
SCARB1,-2.4663497336615424e-05
RN7SL26P,-2.466577357355914e-05
NXF5,-2.5105442343174935e-05
ZMAT1,-2.5105442343174935e-05
CYSLTR1,-2.5192006826910523e-05
CXXC1,-2.554906596404456e-05
SMAD4,-2.6060808553293103e-05
XIRP2,-2.7221491144515776e-05
RNA5SP458,-2.7405718829168667e-05
CSTF2,-2.8060350338831857e-05
SNORA9|ENSG00000202231.1,-2.8060350338831857e-05
BRI3BP,-2.818603585543132e-05
DYNAP,-2.8408057619681084e-05
PAX5,-2.939769091667998e-05
SNORA25|ENSG00000252296.1,-2.9594680987086215e-05
FAM9A,-2.9846085348736215e-05
B3GALT1,-2.9998985101998716e-05
KIAA1586,-3.050035289441008e-05
LPAR4,-3.0707675582226706e-05
USP25,-3.131618799161143e-05
SATL1,-3.228436283454532e-05
POF1B,-3.228436283454532e-05
ZNF711,-3.228436283454532e-05
APOOL,-3.228436283454532e-05
UBE2DNL,-3.228436283454532e-05
SOCS6,-3.242558448764954e-05
RNA5SP509,-3.2812306472787656e-05
TRAFD1,-3.335409372475107e-05
ELAC1,-3.375386450240679e-05
E2F3,-3.380449614565274e-05
C18orf8,-3.389849423725402e-05
TCEAL2,-3.4287096533462477e-05
NMI,-3.524785441602965e-05
RBM43,-3.524785441602965e-05
RN7SL695P,-3.610957212398866e-05
RN7SL128P,-3.624918305345187e-05
PXN,-3.6300345224395364e-05
SIRT4,-3.6300345224395364e-05
MLIP,-3.772773624866742e-05
RNF121,-3.789145706163744e-05
CLIP1,-3.82897073142771e-05
SNORA73|ENSG00000201816.1,-3.8401840581613837e-05
MIR504,-3.8897096993168993e-05
LINC00906,-3.935857656717764e-05
SYTL4,-4.056514512210769e-05
RNA5SP104,-4.126788103324102e-05
ZDBF2,-4.138988859641077e-05
ANKRD18A,-4.142502936186649e-05
FAM101A,-4.316398419153244e-05
RIOK3,-4.328405264170896e-05
TNMD,-4.337808464390799e-05
SRPX2,-4.337808464390799e-05
TSPAN6,-4.337808464390799e-05
NAP1L3,-4.359262763861976e-05
OSBPL1A,-4.3608234241146126e-05
TCEAL6,-4.400915077418737e-05
NXF2,-4.400915077418737e-05
TCP11X3P,-4.400915077418737e-05
BEX5,-4.400915077418737e-05
TCP11X1,-4.400915077418737e-05
HNRNPH2,-4.45443988854535e-05
GLA,-4.45443988854535e-05
RPL36A,-4.45443988854535e-05
BTK,-4.45443988854535e-05
PCDH19,-4.4677151259430165e-05
MSI1,-4.4896432681242436e-05
PLA2G1B,-4.4896432681242436e-05
LINC00890,-4.544992344634056e-05
RNA5SP512,-4.544992344634056e-05
RN7SL661P,-4.544992344634056e-05
SPIN2A,-4.566003616636449e-05
SPIN2B,-4.566003616636449e-05
TCP11X2,-4.587739094855643e-05
NXF2B,-4.587739094855643e-05
RNA5SP376,-4.596662830840155e-05
RN7SL662P,-4.667721518987231e-05
ANKRD30B,-4.667721518987231e-05
ALG13,-4.6786344105079794e-05
NPC1,-4.7474631929310285e-05
P2RY10,-4.8471383578407986e-05
FAM133A,-4.890110871078986e-05
SCN2A,-4.932869481625302e-05
CCDC60,-4.9447640966628226e-05
STK39,-4.947587964465582e-05
ZXDB,-5.0318754405858904e-05
FAM46D,-5.0336950344021286e-05
MAP3K19,-5.208136532527389e-05
FGF16,-5.32862028842445e-05
ATRX,-5.32862028842445e-05
HSD17B10,-5.40596050114046e-05
RIBC1,-5.40596050114046e-05
SMC1A,-5.40596050114046e-05
TMSB15A,-5.483001845080141e-05
UBQLN2,-5.489767542721754e-05
CHRDL1,-5.5202888992835676e-05
RN7SL206P,-5.526100956271292e-05
UGGT1,-5.526100956271292e-05
CAPN6,-5.553989941982146e-05
DCX,-5.5661920436488964e-05
MEX3C,-5.5767254395279625e-05
GPR174,-5.664420150450733e-05
MIR3908,-5.6836015808463977e-05
RILPL1,-5.6836015808463977e-05
LINC00943,-5.721404433243503e-05
WDR7,-5.821600612399675e-05
RNA5SP110,-5.838522066370246e-05
HAT1,-5.852828771511445e-05
RN7SKP31,-6.022441400790376e-05
PAMR1,-6.1020430823895177e-05
POU3F4,-6.176593811637686e-05
RNA5SP499,-6.234501864414208e-05
ARHGEF9,-6.399133507652941e-05
ZXDA,-6.399269174085902e-05
TDGF1P3,-6.403488638972036e-05
RGAG1,-6.403488638972036e-05
snoU13|ENSG00000238662.1,-6.413814730906455e-05
SCN7A,-6.442536803819497e-05
PAK3,-6.444162311194514e-05
MIR4529,-6.499130883454176e-05
MIR361,-6.540859512000233e-05
GSG1L,-6.596545212951962e-05
FAM201A,-6.716690591152162e-05
MGAT5,-6.737733023071651e-05
CAP2,-6.857715155525078e-05
RN7SKP152,-6.9609995281374e-05
SCN9A,-7.002910308000325e-05
GNG5P2,-7.09842738151637e-05
HSPB8,-7.112373152729768e-05
CCDC74A,-7.123007270840739e-05
snoU13|ENSG00000238337.1,-7.210781535361293e-05
BUB1,-7.212466786592423e-05
MAGEE1,-7.330402823195627e-05
MIR3978,-7.33520625909734e-05
MIR652,-7.33520625909734e-05
TMEM164,-7.33520625909734e-05
TNFAIP6,-7.385975487241464e-05
RN7SL124P,-7.385975487241464e-05
ACSL4,-7.421202023224906e-05
KCNE1L,-7.445606226558404e-05
OR12D2,-7.48526060113196e-05
OR12D3,-7.48526060113196e-05
OR5V1,-7.48526060113196e-05
RNA5SP103,-7.565890752348418e-05
GALNT3,-7.579110260520984e-05
TTC21B,-7.657949419843454e-05
SCN1A,-7.657949419843454e-05
TBX22,-7.669057927172573e-05
FKBP5,-7.683185791897708e-05
snoU13|ENSG00000238822.1,-7.710586881473095e-05
STX2,-7.710586881473095e-05
RAB27B,-7.860535341958636e-05
RNA5SP452,-7.865008662948303e-05
RN7SKP197,-8.104718066743355e-05
MIR4436B1,-8.113560972389469e-05
LIMS3|ENSG00000256977.6,-8.113560972389469e-05
MIR4436B2,-8.113560972389469e-05
RGPD5,-8.113560972389469e-05
RGPD6,-8.113560972389469e-05
MIR4267,-8.113560972389469e-05
MALL,-8.113560972389469e-05
LINC00116,-8.113560972389469e-05
LIMS3|ENSG00000257207.4,-8.113560972389469e-05
LIMS3L,-8.113560972389469e-05
NPHP1,-8.113560972389469e-05
CCDC141,-8.136265781960497e-05
DYNC1I2,-8.148099056708204e-05
ACCSL,-8.149554293912376e-05
ACCS,-8.149554293912376e-05
MMADHC,-8.153403977988479e-05
RN7SL455P,-8.215392100257669e-05
KIAA1210,-8.26327328717815e-05
TRO,-8.29583770935817e-05
SNORA11|ENSG00000221750.1,-8.29583770935817e-05
RNA5SP111,-8.325692781389089e-05
RIF1,-8.332615746720759e-05
BRWD3,-8.396126838952614e-05
SNORA4|ENSG00000202183.1,-8.4160453540526e-05
CDK2AP1,-8.420871756686924e-05
SNORA40|ENSG00000212579.1,-8.456332488166211e-05
MIR5690,-8.456332488166211e-05
PFKFB1,-8.473826764689553e-05
APEX2,-8.473826764689553e-05
ICA1L,-8.48883815250992e-05
PBDC1,-8.577089114149153e-05
ZIC3,-8.58510992671549e-05
C12orf65,-8.621341428489431e-05
MPHOSPH9,-8.621341428489431e-05
COL4A6,-8.628819844009666e-05
SBNO1,-8.663153674322503e-05
RNA5SP375,-8.663153674322503e-05
MBD1,-8.771944664132084e-05
TBL1X,-8.77573231589304e-05
SLC38A11,-8.775915155662105e-05
LYPD6,-8.788224194067353e-05
COBLL1,-8.873075607252911e-05
RAB3GAP1,-8.910353296807227e-05
FAM9B,-9.0533847000551e-05
SRPK1,-9.117683920290946e-05
CSRNP3,-9.158531188361214e-05
C11orf96,-9.206301995398663e-05
ASXL3,-9.298876195019619e-05
CABYR,-9.414016399617012e-05
ACOXL,-9.434258082616695e-05
MIR4785,-9.459155380795653e-05
RMRPP3,-9.459155380795653e-05
ADAM30,-9.491374302581631e-05
GPR1,-9.662833381931785e-05
RN7SKP200,-9.662833381931785e-05
RN7SKP260,-9.662833381931785e-05
ANKRD29,-9.664279357072259e-05
RAN,-9.74626006904499e-05
RNA5SP459,-9.777243948961474e-05
KCTD20,-9.9607623858784e-05
LINC00944,-9.971713184392076e-05
DCAF17,-0.00010102282015596637
METTL8,-0.00010102282015596637
LRCH2,-0.00010130940171933648
RBMXL3,-0.00010130940171933648
LUZP4,-0.00010130940171933648
IL13RA2,-0.00010130940171933648
SNORA35|ENSG00000271907.1,-0.00010130940171933648
snoU13|ENSG00000238591.1,-0.00010215287830468977
SNORA11|ENSG00000221716.1,-0.0001035459620805917
MAGED2,-0.0001035459620805917
BEND6,-0.00010472445842200727
HTR2C,-0.00010527799002333153
TCF4,-0.00010570656426176209
RPL39,-0.00010626440019860301
SNORA69|ENSG00000206622.1,-0.00010626440019860301
CXorf56,-0.00010664375652018561
NKRF,-0.00010664375652018561
UBE2A,-0.00010664375652018561
SEPT6,-0.00010676648944775654
MIR766,-0.00010676648944775654
SOWAHD,-0.0001067999620643668
FIGN,-0.00010730933323930929
snoU13|ENSG00000272464.1,-0.00010807825086306088
CCDC64,-0.00010807825086306088
COX6A1,-0.00010847525891829576
TRIAP1,-0.00010847525891829576
PRKAB1,-0.0001088837744533948
COQ5,-0.00010888952819332471
SHROOM2,-0.00010930475595654116
MIR1911,-0.00011021112541146004
SNORA70F,-0.00011188925705644732
ACVR1C,-0.00011200458278292792
DYNLL1,-0.00011244533947065472
SRSF9,-0.00011244533947065472
GATC,-0.00011244533947065472
SLC25A12,-0.00011252789007444884
MIR1178,-0.00011311852704257814
AMMECR1,-0.00011386152800102127
MIR1298,-0.00011417971371545512
RN7SKP71,-0.00011442061675195282
SPIN3,-0.00011461749471296649
CIT,-0.00011507479861910285
RNA5SP508,-0.00011536127054013643
ROCK1,-0.00011645837803046413
MIR448,-0.00011680607083610771
SNORA35|ENSG00000208839.1,-0.00011699781814801375
MIR764,-0.00011699781814801375
MORN3,-0.00011754968784008109
CCDC68,-0.00011757391719920724
MIR1912,-0.00011854922821707178
HCAR1,-0.00011860248140738715
SETD8,-0.00012062546537602192
ORAI1,-0.00012092903373618025
KDM2B,-0.00012092903373618025
GNL3L,-0.00012099110054723331
CAMKK2,-0.0001213070622601508
SNORD96B,-0.00012138768981480312
AACS,-0.00012158199209576536
GPR133,-0.00012180092059838992
COL4A5,-0.00012202531645569547
CYTIP,-0.00012391106428013497
MIR548M,-0.0001243549418232968
RN7SL379P,-0.0001243549418232968
RNA5SP510,-0.0001243549418232968
MID2,-0.00012454582431351593
U3|ENSG00000252175.1,-0.0001252197225139566
MIR3679,-0.0001255531542657201
RN7SL701P,-0.00012562989075970768
C2orf27B,-0.00012562989075970768
C2orf27A,-0.00012562989075970768
TAF9B,-0.00012593336651969914
PGK1,-0.00012593336651969914
RAB40AL,-0.00012634553179224884
LINC00630,-0.00012634553179224884
LHFPL5,-0.0001265967395181601
CLPS,-0.0001265967395181601
CLPSL2,-0.0001265967395181601
CLPSL1,-0.0001265967395181601
SH3RF3,-0.00012670192926575653
RND3,-0.0001268061729338908
HECTD4,-0.00012881822874584792
TANC1,-0.00013194088445478647
PGRMC1,-0.0001325404042376316
TEKT4P2,-0.0001345728769101559
TPTE,-0.0001345728769101559
POTED,-0.0001345728769101559
SNORA70|ENSG00000252199.1,-0.0001345728769101559
MIR3687,-0.0001345728769101559
ANKRD20A11P,-0.0001345728769101559
ANKRD30BP2,-0.0001345728769101559
CYP4F29P,-0.0001345728769101559
MIR3648,-0.0001345728769101559
BAGE2,-0.0001345728769101559
RN7SL52P,-0.0001345728769101559
LONRF3,-0.00013458223385085554
MIR3925,-0.0001350853683226172
SRSF3,-0.0001350853683226172
RAI2,-0.00013834287756509775
MST4,-0.00013856605249010407
CXorf58,-0.00013860275122707283
TSPAN18,-0.00013955552140758066
SCML1,-0.00013956742050859984
SEPT10,-0.00014244632218242948
SOWAHC,-0.00014244632218242948
MIR320C2,-0.0001431223628691989
STAM2,-0.00014335084244668412
TMED2,-0.0001433701815682436
SNORA9|ENSG00000206897.1,-0.0001433701815682436
SNORD51|ENSG00000207047.2,-0.00014379411306525647
EEF1B2,-0.00014379411306525647
NDUFS1,-0.00014379411306525647
SNORA41|ENSG00000207406.1,-0.00014379411306525647
SNORA40|ENSG00000208308.1,-0.00014447540777127047
RNF34,-0.00014457299959905905
ANAPC5,-0.00014457299959905905
SCARNA4|ENSG00000252829.2,-0.00014555895919658395
FAM83B,-0.00014649668984106014
NXF4,-0.00014656678701289942
ARMCX5,-0.00014656678701289942
GPRASP1,-0.00014656678701289942
SNRNP35,-0.00014737957500429388
RILPL2,-0.00014737957500429388
SNORA51|ENSG00000206961.1,-0.00014821281342450884
KNTC1,-0.00014901879008532887
RAB35,-0.00014950517836593744
PIH1D3,-0.00015060206429844738
NUP62CL,-0.00015060206429844738
RBM41,-0.00015060206429844738
FRMPD3,-0.00015076312434654694
GPRASP2,-0.00015095689408930937
BHLHB9,-0.00015095689408930937
SPPL3,-0.00015137090814867495
DLX2,-0.00015191640709567768
DLX1,-0.00015191640709567768
METAP1D,-0.00015221684670952456
METTL5,-0.00015253164556961818
SSB,-0.00015253164556961818
U3|ENSG00000252981.1,-0.00015253164556961818
NUMA1,-0.00015326416865846744
TBC1D8B,-0.00015350387499556462
CXorf57,-0.00015350387499556462
MIR548AN,-0.00015350387499556462
RNF128,-0.00015350387499556462
CCBE1,-0.00015352837406754031
RIPPLY1,-0.00015393518834471267
CLDN2,-0.00015393518834471267
MORC4,-0.00015393518834471267
SAMSN1,-0.00015491960693609144
SLC25A5,-0.00015565882477642953
SLC25A43,-0.00015565882477642953
RN7SL118P,-0.00015565882477642953
SNORA7|ENSG00000200620.1,-0.0001578025826220173
FAM117B,-0.00015865558569196498
IL1RAPL1,-0.00015937844897060858
CEP192,-0.00015970712844435282
snoU13|ENSG00000238863.1,-0.00016092288828413443
MIR4768,-0.00016103847890710826
snoU13|ENSG00000238764.1,-0.00016103847890710826
KCNH7,-0.00016156567187017068
IL18BP,-0.00016170645499397946
NCBP2L,-0.00016213560164117462
TSC22D3,-0.00016213560164117462
NGFRAP1,-0.00016216852064953412
WBP5,-0.00016216852064953412
TCEAL7,-0.00016216852064953412
BEX2,-0.00016216852064953412
ATP6V0A2,-0.0001624090726845735
GTF2H3,-0.0001624090726845735
TCTN2,-0.0001624090726845735
PRPS1,-0.00016324391315860636
CYB5A,-0.00016369056967260127
RN7SL247P,-0.00016402250351617558
MELK,-0.00016422989698802794
GPR143,-0.00016456932961481238
CHST1,-0.0001650187191355449
SNORA64|ENSG00000252441.1,-0.00016526584602691104
BEX4,-0.00016531134126070905
FAAH2,-0.0001665338523308902
CRY2,-0.0001665339460601316
STK38,-0.0001670346197229273
RN7SL748P,-0.0001670346197229273
DDX53,-0.0001674012959614217
FGF13,-0.0001674496544689655
TCEAL5,-0.00016749776243447196
TCEAL8,-0.00016749776243447196
CA5BP1,-0.00016763494213896054
TMEM27,-0.00016763494213896054
MUM1L1,-0.00016944336009478054
APOO,-0.0001699738439679665
ALKBH3,-0.00017127535800827602
Vault|ENSG00000252485.1,-0.00017171890665505617
LDLRAD4,-0.000171737390962159
CDKN1A,-0.00017273226835828767
RAB44,-0.00017273226835828767
MAP3K15,-0.00017514011597141908
PDHA1,-0.00017514011597141908
MAP7D2,-0.00017612683932609788
MIR4265,-0.00017641064149324137
SNORA73|ENSG00000199977.1,-0.0001774973587679056
RN7SL233P,-0.0001774973587679056
TMEM31,-0.00017835826620636822
GLRA4,-0.00017835826620636822
MORF4L2,-0.00017835826620636822
MIR325,-0.0001784233036518469
PRDX4,-0.00017842342633255743
BEND2,-0.00017861981266155096
DDX55,-0.00017976401855776216
EIF2B1,-0.00017976401855776216
LRP2,-0.00018012071831364454
SNORA16|ENSG00000201467.1,-0.00018077557281967618
NHS,-0.00018193937511325008
TCEAL4,-0.00018229126710139464
RAB40A,-0.00018229126710139464
PEX16,-0.00018286964071425644
C11orf94,-0.00018286964071425644
MAPK8IP1,-0.00018286964071425644
UPF3B,-0.0001829306391596129
RNF113A,-0.0001829306391596129
NDUFA1,-0.0001829306391596129
RN7SL795P,-0.00018363591628189302
CTPS2,-0.00018427853023454332
MIR4266,-0.00018477794464707135
SYAP1,-0.0001856020520056562
MRO,-0.00018697213328991438
PHF8,-0.0001872699132165154
SAT1,-0.0001884579781279595
DHRS9,-0.00018887769088123886
RAB6C,-0.0001911049662776442
BBS5,-0.00019112998161448344
FASTKD1,-0.00019112998161448344
KLHL41,-0.00019112998161448344
AP1S2,-0.0001912680377695927
NKAP,-0.00019196266687493941
AKAP14,-0.00019196266687493941
CDSN,-0.00019207675190602907
KLHL34,-0.00019242748659387251
RNA5SP511,-0.00019305971103439424
TCEAL3,-0.00019345096534970034
TCEAL1,-0.00019345096534970034
PLP1,-0.00019352256744661884
ZFX,-0.0001941925584963563
GRPR,-0.00019428697999130426
GTSCR1,-0.0001943930975948836
MAGEB17,-0.00019447915608152347
snoU13|ENSG00000238546.1,-0.00019467761892866977
RN7SL465P,-0.00019521011316366168
YY2,-0.0001954209703619696
HMGCLL1,-0.00019557381171933952
EIF1AX,-0.00019581051167609953
PTCHD1,-0.00019584732627228013
ATP9B,-0.0001959153076148997
MIR23C,-0.00019623162146662507
ZRSR2,-0.0001964363355948056
PSORS1C1,-0.00019666946339327973
snoU13|ENSG00000238327.1,-0.00019720356497029092
CACNB4,-0.000197497057894889
TXNL4A,-0.00019756124390412713
PARD6G,-0.00019756124390412713
RBFA,-0.00019756124390412713
PQLC1,-0.00019756124390412713
ADNP2,-0.00019756124390412713
CTDP1,-0.00019756124390412713
HSBP1L1,-0.00019756124390412713
KCNG2,-0.00019756124390412713
NFATC1,-0.00019756124390412713
RBFADN,-0.00019756124390412713
UBR3,-0.00019782031491200755
SMPX,-0.00019936142243577427
SLC35C1,-0.00020093623327858487
RNA5SP505,-0.0002013984854347453
NRG1,-0.00020242626742915718
INO80D,-0.00020278728664954455
RBM11,-0.00020283303194695482
ACOT9,-0.00020374257297855775
NEB,-0.00020385127290232838
SNORA68|ENSG00000201407.1,-0.00020453909411865945
KLHL13,-0.00020558323245058397
ARL5A,-0.0002066362409942897
BEX1,-0.00020753867791842512
ATG4A,-0.00020782205867499382
PSMD10,-0.00020782205867499382
ITM2A,-0.00020836431475041974
RBBP7,-0.00020911643983581856
MIR1277,-0.00020911738288768056
WDR44,-0.00020911738288768056
NXF3,-0.00020989387546349608
RN7SKP178,-0.00021021286114295478
LIPI,-0.0002116503357304054
HCAR3,-0.00021203213172553455
HCAR2,-0.00021203213172553455
SNORA8|ENSG00000212586.1,-0.00021287236659659105
RN7SL658P,-0.00021334131821674704
FANCB,-0.00021334992276424885
DOK6,-0.00021351467370250404
MAGEB16,-0.0002141000387496759
MIR4666B,-0.00021446802631806193
VSIG1,-0.0002148213461890184
TEX13B,-0.0002148213461890184
ACADS,-0.00021494035565877652
SMS,-0.0002158056489744964
MBTPS2,-0.0002158056489744964
FBXO15,-0.000216037943273548
RN7SL436P,-0.00021742728415116274
CNKSR2,-0.00021818147014829347
ASB9,-0.00021863355413892721
ASB11,-0.00021863355413892721
ACE2,-0.00021863355413892721
BMX,-0.00021863355413892721
FIGF,-0.00021863355413892721
PIGA,-0.00021863355413892721
PIR,-0.00021863355413892721
RAB9B,-0.00021911264544175943
OSGEPL1,-0.00021938062796845073
ANKAR,-0.00021938062796845073
TRIM64C,-0.00021948365206922183
MIR4700,-0.00022011507479861912
PUS1,-0.00022111949412744806
ULK1,-0.00022111949412744806
SNX18P3,-0.00022169385358214658
PHEX,-0.00022184080669384164
RNA5SP488,-0.00022250261564079644
ZNF645,-0.00022291632418214603
KLHL15,-0.00022356141823818093
FAM199X,-0.00022463112133998175
POLA1,-0.00022680132179453985
ALX4,-0.00022820676563470438
REPS2,-0.0002289528591078269
CHDC2,-0.00022925241138025627
TMEM120B,-0.00023024228191763374
RHOF,-0.00023024228191763374
TXLNG,-0.0002311268256533532
S100G,-0.00023182687022650362
MIR548AM,-0.00023182687022650362
CA5B,-0.0002327057405240583
HS6ST1,-0.0002331518929249861
LYPD6B,-0.0002337763622183794
SERPINA7,-0.00023391651629845844
PSMD9,-0.00023430895240277038
HPD,-0.00023430895240277038
BCL7A,-0.00023430895240277038
SETD1B,-0.00023430895240277038
WDR66,-0.00023430895240277038
GCN1L1,-0.00023432105868814677
RPLP0,-0.00023432105868814677
RPS6KA3,-0.0002348074946460873
UNC119B,-0.0002352186421173764
MLEC,-0.0002352186421173764
CABP1,-0.0002352186421173764
TP53I11,-0.00023560672672273943
RNA5SP460,-0.0002357734467439128
CBLN2,-0.0002357734467439128
MIR548AV,-0.0002357734467439128
NETO1,-0.0002357734467439128
AGTR2,-0.0002364912566131057
NRP2,-0.00023680920037048584
MOSPD2,-0.00023739317478476806
SALL3,-0.00023744260612011228
TINAG,-0.0002401328720811377
GOLGA3,-0.00024069466162924703
ANHX,-0.00024069466162924703
ZNF10,-0.00024069466162924703
ZNF140,-0.00024069466162924703
ZNF268,-0.00024069466162924703
ZNF26,-0.00024069466162924703
ZNF605,-0.00024069466162924703
CHFR,-0.00024069466162924703
PXMP2,-0.00024069466162924703
ANKLE2,-0.00024069466162924703
LRCOL1,-0.00024069466162924703
RNA5SP379,-0.00024069466162924703
P2RX2,-0.00024069466162924703
PGAM5,-0.00024069466162924703
POLE,-0.00024069466162924703
ZNF84,-0.00024069466162924703
ZNF891,-0.00024069466162924703
RNU4ATAC12P,-0.00024069466162924703
PDK1,-0.0002418321823890393
MIR4540,-0.00024206460732780586
NRK,-0.0002429467494472753
RN7SL91P,-0.00024300891242572904
ARX,-0.00024300891242572904
ANAPC1,-0.00024385891916977307
GLP1R,-0.0002439476450328751
KLF8,-0.00024425259961513313
TIMM21,-0.00024458439342065174
ITGA6,-0.0002460990978151481
SCARNA23,-0.00024907969516920636
SNORD45|ENSG00000200706.1,-0.00025017442439948136
RN7SL813P,-0.00025023698354121465
RN7SL95P,-0.00025023698354121465
CXorf30,-0.00025081812603686067
FAM69C,-0.00025162808472322415
PLS3,-0.00025196177836916224
C18orf63,-0.00025205211965113807
RN7SL551P,-0.00025238192459507133
EXT2,-0.0002530289643347648
IGFBPL1,-0.00025321675583974784
ALDH1B1,-0.00025321675583974784
LINC00669,-0.0002532336018411949
snoU13|ENSG00000239041.1,-0.0002532941191713186
SYT13,-0.00025441987269881586
HNF1A,-0.000254791225156079
HCCS,-0.0002553659878921311
ZNF397,-0.0002554620650704755
ZSCAN30,-0.0002554620650704755
SCRN3,-0.00025633863910129234
GPR155,-0.00025633863910129234
POP5,-0.00025634637514384314
C12orf43,-0.0002564236210550422
RN7SKP183,-0.00025694900415845854
DYM,-0.0002570247736954556
SNORA70|ENSG00000201945.1,-0.00025713385646371304
CHST9,-0.00025786656675676445
OASL,-0.00025971132367260324
SP3,-0.00026116570584494147
PLEKHB2,-0.00026117438266163684
NOL4,-0.0002612579268142244
ACA59|ENSG00000252000.1,-0.0002618220118716809
RN7SL401P,-0.00026229225867562363
CHRNA1,-0.00026269266502735927
EIF2S3,-0.00026281699388616166
IMPACT,-0.0002628453459010864
SP9,-0.000263454679206685
CIR1,-0.000263454679206685
GCA,-0.0002641316361960484
RN7SL74P,-0.00026530878404296224
TEX13A,-0.0002677574710443691
LRRC4C,-0.0002679274241342111
MIR4498,-0.00026941311852704173
DENR,-0.00027018156824560284
SFSWAP,-0.00027022291721358934
PABPC5,-0.00027422203758185204
DNAH8,-0.00027424114563355295
CDCA7,-0.0002745800862248348
MOCS1,-0.00027534720669141534
ERMN,-0.0002769559249656841
ARHGAP6,-0.00027870053737176546
HRH4,-0.0002794488173864885
P2RX7,-0.00028106993527693267
P2RX4,-0.00028106993527693267
TMEM47,-0.0002825582542658266
AMELX,-0.00028386709788328864
DIABLO,-0.0002840082478950659
B3GNT4,-0.0002840082478950659
IL31,-0.0002840082478950659
LRRC43,-0.0002840082478950659
MIR548AX,-0.0002841701038259154
MIR4744,-0.0002858413710388428
LRFN2,-0.0002873205260097497
MUC8,-0.0002877321340927507
UNC5D,-0.000287863444572308
TGIF1,-0.0002886869342565541
RNA5SP378,-0.000288690917807123
MMP17,-0.000288690917807123
NXT2,-0.0002888673253864745
EP400,-0.0002889534419193919
RN7SKP182,-0.00028911117053526694
TMEM241,-0.0002896568446460173
LINC00951,-0.00029064722458290354
ARHGAP15,-0.0002909537153348152
DAPL1,-0.0002911567666092697
TDRG1,-0.00029246432884555055
IQSEC2,-0.00029256612870099205
SMAD7,-0.0002927569307835065
ESX1,-0.00029426416059327406
DGKK,-0.00029429034271936835
PRDM11,-0.00029514850882868287
RN7SL712P,-0.0002953925445158844
snoU13|ENSG00000238895.1,-0.00029553064652475085
MIR3612,-0.00029553064652475085
DAAM2,-0.00029564845462271255
FAM47B,-0.0002962116808748805
MAPRE2,-0.00029705847679050904
HIP1R,-0.00029741107738129194
CCDC62,-0.00029741107738129194
VPS37B,-0.00029741107738129194
TAF8,-0.00029939728049380474
PDK3,-0.00030114150090415853
RPRM,-0.0003012256379344999
BYSL,-0.000302771503332289
TSPYL2,-0.00030438930266244395
GPR173,-0.00030438930266244395
FBRSL1,-0.0003044994350024539
RNA5SP451,-0.0003052457973344054
KDM5C,-0.0003056162103146725
CHN1,-0.0003058285292247095
MSL3,-0.0003074088044869626
ATP5G3,-0.00030755185359949196
MIR933,-0.00030755185359949196
CXorf67,-0.00030776629263169547
G6PC2,-0.000308316689372994
CCDC167,-0.000309714262153131
NFKBIE,-0.00031016107336253516
SLC35B2,-0.00031016107336253516
HSP90AB1,-0.00031016107336253516
MIR4647,-0.00031016107336253516
SEH1L,-0.00031078187751818056
FAM168B,-0.00031104333415605926
7SK|ENSG00000271814.1,-0.0003112458491277768
XAGE3,-0.00031139793267370475
FAM156B,-0.00031139793267370475
FAM156A,-0.00031139793267370475
RIMBP2,-0.0003117648343727135
CNDP2,-0.0003119715771915911
SAYSD1,-0.00031281869213221826
GFRAL,-0.00031325885516358796
MIR4526,-0.0003145060306626248
MLXIP,-0.00031566527292513656
NRIP1,-0.00031611169450580155
OGFOD2,-0.0003162323157110931
ARL6IP4,-0.0003162323157110931
MIB1,-0.0003165589489429154
FRMD7,-0.00031828845119984497
LINC00909,-0.0003193196641056826
PTPN2,-0.000320439616457637
RNA5SP106,-0.0003208350830883679
MDGA1,-0.0003208475093127982
WIPF1,-0.0003208911161993632
BMP5,-0.00032120422175289915
MIR4774,-0.0003221477101878644
ABCB11,-0.0003232543682128989
ZBTB7C,-0.00032402289166529676
MIR3973,-0.0003240922718187879
DST,-0.0003242449607979839
LINC00320,-0.00032466106384450375
CD302,-0.0003248868010398106
MAPK14,-0.00032497806742699706
MIR4475,-0.0003260585856955647
NUDT10,-0.00032755404496329315
WWC3,-0.0003293550920457866
CLCN4,-0.0003293550920457866
NOC4L,-0.0003306491194028128
GALNT9,-0.0003306491194028128
DDX51,-0.0003306491194028128
LY75,-0.0003308186579655814
HCRTR2,-0.0003308189442942296
NEDD9,-0.0003311693597623009
SHROOM4,-0.0003323565185567925
MAPK13,-0.00033305696684566346
SNORA31|ENSG00000251838.1,-0.0003335359760159906
GUCY2F,-0.00033365194376574537
PKP4,-0.00033422117254378855
LDLRAD3,-0.0003347490561847665
PCYT1B,-0.00033598772535481283
TBR1,-0.000337627093440399
ZNF271,-0.00033813123212782925
ZNF24,-0.00033813123212782925
SNORD74|ENSG00000201025.1,-0.0003398727168229684
CERS6,-0.00033996887248742016
SNORA49,-0.0003401684719955236
CCND3,-0.0003404349573820529
FAM47A,-0.00034137648860819417
COX6A1P2,-0.0003426219975846497
RNA5SP205,-0.0003430546554331388
MTCH1,-0.000343351634834728
MIR5190,-0.00034374128165367765
SNORD56|ENSG00000200377.1,-0.0003440856511380936
NR0B1,-0.0003448391386188203
BMP15,-0.00034559173069481956
ZCCHC12,-0.0003460454892859716
CNDP1,-0.000347516034074204
IL13RA1,-0.00034784464242877135
SNORA35|ENSG00000239182.1,-0.00034784464242877135
XAGE2B,-0.0003482180863832036
NUDT11,-0.0003484246310320053
DLGAP1,-0.00034948342693592454
FGD2,-0.0003510673390884292
RNA5SP501,-0.0003516907112047651
WDSUB1,-0.0003527522553903739
RN7SL393P,-0.0003547321209050734
snoZ5,-0.0003547321209050734
AKAP4,-0.00035514029139916895
CCNB3,-0.0003553638856203762
NCOR2,-0.00035590829262675046
MAGEB2,-0.00035642323035211675
MAGEB3,-0.00035642323035211675
MAGEB4,-0.00035642323035211675
HSPA13,-0.0003573250907663622
snoU13|ENSG00000238570.1,-0.00035862794943697585
EPC2,-0.0003586570607387694
RNA5SP456,-0.0003621190418825562
LANCL3,-0.0003642856740829948
VPS33A,-0.0003652271034996253
RN7SL285P,-0.00036546223160311873
SMIM21,-0.00036576353895255925
CXorf21,-0.0003658728651113001
MLTK,-0.0003662474611739109
CTIF,-0.0003666596946245552
SLC6A14,-0.00036744595485803725
NFYA,-0.00036815650579236667
CABLES1,-0.0003700013670997649
PI16,-0.0003710303260723715
CCDC148,-0.00037247524604942556
BAZ2B,-0.000374037707410476
MAGEB1,-0.00037742241870585664
ITGB6,-0.0003791900107169682
FTHL17,-0.0003804265152814674
MIR4743,-0.00038175901974852895
MIR532,-0.00038196880301628633
MIR500B,-0.00038196880301628633
MIR500A,-0.00038196880301628633
MIR502,-0.00038196880301628633
MIR501,-0.00038196880301628633
MIR660,-0.00038196880301628633
MIR188,-0.00038196880301628633
MIR362,-0.00038196880301628633
CLCN5,-0.00038315664731645
PHGDH,-0.00038375910190076144
TCTE1,-0.00038438588624840447
TAB3,-0.00038476999310610357
GRB14,-0.0003848582090332284
RN7SL423P,-0.0003854028016674237
SPC25,-0.00038673509428637903
XK,-0.0003867766827450723
NOSTRIN,-0.00038677918424753576
KATNAL2,-0.00038985806157813466
AARS2,-0.00039020913093965195
TMEM151B,-0.00039050517941112184
MIR4318,-0.0003905199643102036
CXorf22,-0.0003909667387448671
PIWIL1,-0.00039105293440736585
FZD10,-0.00039105293440736585
RN7SL534P,-0.00039105293440736585
TCEB3C,-0.00039126129537012246
TCEB3CL,-0.00039126129537012246
TCEB3CL2,-0.00039126129537012246
TCEB3B,-0.00039126129537012246
ZNF236,-0.00039130290244214207
HCG16,-0.00039190341621657805
HCG15,-0.00039190341621657805
CXorf61,-0.000392181358093918
FJX1,-0.0003930435265378648
TRIM44,-0.00039355984898956407
snoU13|ENSG00000238969.1,-0.0003948569767128168
MID1,-0.0003965667571561978
FAM210A,-0.00039708620700841334
SNORD23|ENSG00000221139.1,-0.0003975184152184793
MARCH7,-0.00039785568130534587
TANK,-0.0003985214676159699
C6orf89,-0.00039951133873059925
RNA5SP377,-0.00040012669641939806
TSHZ1,-0.00040184995184711834
SNORA48|ENSG00000212181.1,-0.0004025762475214395
ZFAND3,-0.00040653719438182964
MIR4462,-0.00040744306189198
snoU13|ENSG00000238860.1,-0.0004078065434475551
CPNE5,-0.000408118177367773
PPIL1,-0.000408118177367773
MIR548F5,-0.0004091158424181015
SLC29A1,-0.0004105017469499968
ACVR2A,-0.0004114179051193919
OARD1,-0.00041199624278749115
IFIH1,-0.00041390303441809324
RNMT,-0.0004143444776777872
KIF5C,-0.0004144165271407452
TREM1,-0.0004155717448673769
RNA5SP207,-0.0004155717448673769
MIR4642,-0.00041566067671506825
CAPN11,-0.00041642992153044246
SPATS1,-0.0004168046310028855
CDC5L,-0.0004173392428057342
UPP2,-0.0004195207903383224
CENPVP1,-0.0004198938698800514
C21orf37,-0.0004203744200064496
RNA5SP109,-0.00042067808109121416
DDX3X,-0.00042611753433723245
RN7SL15P,-0.00042611753433723245
ARHGEF4,-0.000426177967396542
TPGS2,-0.00042625903718508895
NCR2,-0.0004284055747346898
DCAF8L2,-0.00042883243821990484
ZRANB3,-0.0004289824611121611
MAGEB10,-0.0004291398276546879
snoU13|ENSG00000238445.1,-0.0004293893923884187
RN7SL39P,-0.0004293893923884187
GSPT2,-0.00043022432972236594
EP400NL,-0.00043129858122838247
DCAF8L1,-0.0004342571584851558
GK,-0.0004343619942321318
MAGED1,-0.00043527373252384195
ORC4,-0.00043669356072583435
RNA5SP107,-0.00043869407080103664
DTNA,-0.0004397150870613017
ZNF396,-0.00044282412548013445
PIAS2,-0.000446513233601843
MIR4527,-0.00044658577332743686
TMEM132C,-0.00044661086157615337
SSX2B,-0.000448189707589409
RNA5SP504,-0.000448189707589409
SPANXN5,-0.000448189707589409
SSX2,-0.000448189707589409
LINC00908,-0.00044923222872236384
snoU13|ENSG00000238582.1,-0.0004506804743322251
ZNF407,-0.00045134041254114924
UBXN4,-0.00045284652685937467
FHOD3,-0.0004531348291046332
MAGEB6,-0.0004534823078384306
ZNF516,-0.0004547171130848317
IER3IP1,-0.0004547827767613884
MAGEB18,-0.00045496744780423783
SLC9A7,-0.0004551633944717151
snoU13|ENSG00000238543.1,-0.00045564536627522593
snoU13|ENSG00000238481.1,-0.00045564536627522593
LINC00683,-0.00045625886107738037
ACVR1,-0.00045627733365121706
ABCC13,-0.0004576201690567309
SNORD112|ENSG00000252078.1,-0.0004578155029705874
HMGCS2,-0.0004587087797036062
SNORD74|ENSG00000201666.1,-0.00045925363082183483
APOBEC2,-0.0004597665160799726
RNA5SP500,-0.0004614088106791931
DPP4,-0.0004620663258331738
UNC5CL,-0.0004621874580668224
FAP,-0.0004636246821773246
GCG,-0.0004636246821773246
HDHD2,-0.0004662310464152661
ATF2,-0.0004682899522568809
ZNF804A,-0.0004701526565580666
CHST7,-0.00047034304228020496
ABHD3,-0.000471222053795827
TRERF1,-0.00047223744241177136
SNRPD1,-0.00047412904961579005
MBD5,-0.0004761985562542097
BTG3,-0.0004765724659012872
SKOR2,-0.000477721677843997
ZNF674,-0.0004785638939119968
CXADR,-0.0004795863296746439
TREML4,-0.0004806045086550048
TREML2,-0.0004806296685601799
TREML3P,-0.0004806296685601799
IRS4,-0.0004806648766142433
SNORA70|ENSG00000252505.1,-0.0004810718569347423
R3HDM1,-0.00048298853832105234
TREM2,-0.0004830310417318937
TREML1,-0.0004830310417318937
ADCY10P1,-0.0004830310417318937
MIR320C1,-0.00048303377496046294
RN7SL471P,-0.00048345400732404715
C6orf100,-0.00048345400732404715
TSPO2,-0.0004835454220154738
CELF4,-0.00048401240140958805
ZADH2,-0.00048439909611063155
GUCA1A,-0.0004855542769466822
PAGE1,-0.0004856489414626045
MRPS10,-0.0004860474348078885
GUCA1B,-0.0004860474348078885
NR4A2,-0.0004906160892130075
KLHL23,-0.0004919882679839434
TTI2,-0.0004943143502813219
PHF16,-0.0004972681233125478
CXorf31,-0.0004972681233125478
RN7SL163P,-0.000497329576517096
HCG14,-0.0004992670378855017
TRIM27,-0.0004992670378855017
RN7SL362P,-0.0005013041024077214
MAK16,-0.0005015365925224302
SNORD13,-0.0005015365925224302
CALCRL,-0.0005024037846822655
GPR115,-0.0005082060037480318
XAGE5,-0.0005087391520645632
F9,-0.0005089330768047605
PLA2R1,-0.0005093597505044947
RNF122,-0.0005096648323647051
FUT10,-0.0005097729343512082
MIR4319,-0.0005111371753698055
SETBP1,-0.0005113966412407767
LRRC1,-0.0005117708921010668
RN7SKP287,-0.0005140878051975679
C21orf91,-0.0005147165180790208
HECW2,-0.000514746094086735
MIR4641,-0.000516015677416467
PCDH11X,-0.0005160862098052176
DOCK11,-0.0005170068786227121
FTSJD2,-0.0005189062709665871
DUSP26,-0.0005193940111499479
RN7SL621P,-0.0005193940111499479
KCNJ3,-0.0005206460736007213
KIAA1328,-0.0005230799529498079
SNORA81|ENSG00000252677.1,-0.0005238892060554751
C6orf132,-0.000526076843941494
BTBD9,-0.000527250615537886
VENTXP1,-0.0005274272640281819
LOXHD1,-0.0005300575373993118
RNA5SP454,-0.0005303879544293195
RP2,-0.0005304234142600773
MC5R,-0.0005320354534348768
GTDC1,-0.0005336143848952055
RNA5SP461,-0.0005353091285782849
CBLN4,-0.0005365335881219558
RAPGEF4,-0.000536741683185847
MIR187,-0.0005390507837025009
C6orf223,-0.0005406304970165201
GREB1L,-0.0005407787213587567
FOXP4,-0.000541298586572436
SLC4A10,-0.000541840830777609
RN7SKP147,-0.0005428368033939713
HNRNPKP3,-0.000542877235282297
KRBOX4,-0.0005430551967622503
FAM47C,-0.0005442057020882552
SLC14A1,-0.000546511904982539
TBC1D22B,-0.0005484887283624813
snoU13|ENSG00000238375.1,-0.0005484887283624813
TMEM217,-0.0005486983942389405
PIM1,-0.0005486983942389405
SNORD112|ENSG00000252687.1,-0.0005486983942389405
INO80C,-0.000551390979401937
TFPI,-0.000553568597366065
snoU13|ENSG00000238572.1,-0.0005540239026222195
MRPL14,-0.0005595661021625901
PIK3C3,-0.0005602635961440187
ST8SIA5,-0.0005605728167753496
MIR3929,-0.0005694255955563264
SLC14A2,-0.0005701547116737002
C18orf21,-0.000571728586977684
AGPS,-0.000572201353619097
TTN,-0.0005723097611599946
HSPE1,-0.0005806035071149506
MOB4,-0.0005806035071149506
HSPD1,-0.0005806035071149506
COQ10B,-0.0005806035071149506
USP49,-0.0005818703314398158
ESCO1,-0.0005849927896170476
GPR111,-0.0005853625587785563
HAUS1,-0.0005853708905768885
ATP5A1,-0.0005853708905768885
SIGLEC15,-0.0005871156661786238
EPG5,-0.0005871156661786238
RN7SKP26,-0.0005880158538942388
PSTPIP2,-0.0005880158538942388
RN7SKP93,-0.0005901055424056336
MFSD6,-0.0005904092516130132
SNORD45|ENSG00000200422.1,-0.0005916788134509645
PRRG1,-0.0005928289777504098
GLO1,-0.0005938548329382285
C18orf25,-0.0005949843658574689
PGAP1,-0.0005951359348309728
C2orf66,-0.0005965600315810069
LINC00478,-0.0005974669526332756
TMEM63B,-0.0005974941291024671
RN7SKP116,-0.000598043780682694
MDFI,-0.0005986939213669077
HOXD11,-0.0005994384541663132
EVX2,-0.0005994384541663132
HOXD10,-0.0005994384541663132
HOXD12,-0.0005994384541663132
HOXD13,-0.0005994384541663132
PSMD14,-0.0006002896697172306
MTX2,-0.0006009814995131449
TFEB,-0.0006053249541530594
MED20,-0.0006083469383190925
RN7SL457P,-0.0006088638481218565
KIAA1715,-0.0006103909425822321
GTF3C3,-0.0006114835324978144
SCARNA16|ENSG00000252923.1,-0.0006114835324978144
CCDC150,-0.0006114835324978144
DEFB113,-0.0006115384173191245
snR65|ENSG00000253036.1,-0.0006131984495543419
snoU13|ENSG00000238295.1,-0.0006166019063243203
DEFB114,-0.0006179250163832654
SNORA4|ENSG00000202434.1,-0.0006188143103276535
SF3B1,-0.0006188143103276535
KLHL31,-0.000618965979985649
CASK,-0.0006194332914457353
TFAP2C,-0.0006203417500055345
U3|ENSG00000252536.1,-0.0006203417500055345
CCDC178,-0.0006207795625961323
RN7SKP281,-0.0006225407960957748
GALNT5,-0.0006225407960957748
ZNF81,-0.0006246483825597729
HOXD9,-0.0006258012139472046
HOXD8,-0.0006258012139472046
HOXD3,-0.0006258012139472046
HOXD4,-0.0006258012139472046
MIR10B,-0.0006258012139472046
HOXD1,-0.0006258012139472046
MIR99A,-0.0006264876571765015
MIRLET7C,-0.0006264876571765015
TMEM194B,-0.0006269765233537102
MAGEB5,-0.0006281174987479921
DOK5,-0.0006285555137792265
API5,-0.0006289163485365992
RN7SL170P,-0.0006300481841564903
MIR4769,-0.0006307099614749566
SYN1,-0.0006307099614749566
TIMP1,-0.0006307099614749566
PFDN4,-0.0006314269401623707
PPP1R3F,-0.000631816234591785
CCDC22,-0.000631816234591785
FOXP3,-0.000631816234591785
RNF165,-0.0006345105494057443
ANKRD44,-0.000635305793417427
DARS,-0.0006356441468094495
RN7SL139P,-0.000635951578132773
RN7SKP141,-0.0006366428505467211
CXCR4,-0.0006366428505467211
GALNT1,-0.0006371445099700365
CXorf38,-0.0006372662127687251
TOMM6,-0.0006405012971328874
PGC,-0.0006405012971328874
PRICKLE4,-0.0006405012971328874
FRS3,-0.0006405012971328874
SNORA8|ENSG00000206977.1,-0.0006408143981750661
ATP6AP2,-0.0006416018618379982
MED14,-0.0006421518445697464
TFE3,-0.0006424879774473493
MCM6,-0.0006430660204734266
PAGE4,-0.0006431720192360831
SNORA25|ENSG00000199392.1,-0.0006433125310560297
SPACA5B,-0.0006447137966722376
ZNF630,-0.0006447137966722376
SPACA5,-0.0006447137966722376
snoU13|ENSG00000238473.1,-0.0006447137966722376
ZNF182,-0.0006447137966722376
SSX6,-0.0006447137966722376
GPD2,-0.0006453385463603546
MIR125B2,-0.0006470730476470847
GRIPAP1,-0.0006472313581338781
ELK1,-0.000647238267646897
RPRD1A,-0.0006473579852001184
RNF8,-0.0006475237062217654
CFP,-0.0006495529545077671
GATA1,-0.0006496635067160465
HDAC6,-0.0006496635067160465
LCT,-0.0006500501061977777
SLC35A2,-0.0006501955392183957
PIM2,-0.0006501955392183957
OTUD5,-0.0006501955392183957
KCND1,-0.0006501955392183957
USP9X,-0.0006508936817515064
SLC39A6,-0.0006512201742048525
RN7SL283P,-0.000651789975358823
CCDC120,-0.0006522442098280907
PRAF2,-0.0006522442098280907
MAGIX,-0.0006522442098280907
RN7SL262P,-0.0006522442098280907
GPKOW,-0.0006522442098280907
WDR45,-0.0006522442098280907
PRICKLE3,-0.0006533911889889994
PLP2,-0.0006533911889889994
GALR1,-0.0006545306012447662
ARAF,-0.000655201481399592
GAGE1,-0.0006558509756232361
CXXC1P1,-0.0006567492123155165
UXT,-0.0006567492123155165
RNA5SP502,-0.0006570721612825148
PITPNM2,-0.0006577827666709588
NYX,-0.0006593489630921035
MIR1245A,-0.0006596624472573827
COL3A1,-0.0006596624472573827
MIR4304,-0.0006598206237858234
RN7SL133P,-0.0006598206237858234
GLOD5,-0.0006601314189375927
GAGE10,-0.0006614304073848853
GAGE12D,-0.0006616100547233405
GAGE12G,-0.0006616100547233405
GAGE2E,-0.0006616100547233405
GAGE2D,-0.0006616100547233405
GAGE2C,-0.0006616100547233405
GAGE12C,-0.0006616100547233405
GAGE12E,-0.0006616100547233405
GAGE12F,-0.0006616100547233405
GAGE12B,-0.0006616100547233405
GAGE12H,-0.0006616100547233405
GAGE2B,-0.0006616100547233405
GAGE2A,-0.0006616100547233405
GAGE13,-0.0006616100547233405
GAGE12I,-0.0006616100547233405
GAGE12J,-0.0006616100547233405
RN7SL273P,-0.0006618536699915025
CACNA1F,-0.0006620764468520239
SYP,-0.0006620764468520239
SUV39H1,-0.0006626810292410588
WAS,-0.0006626810292410588
C11orf74,-0.0006634105041083726
RAG2,-0.0006634105041083726
PCSK1N,-0.0006644844121386324
TIMM17B,-0.0006644844121386324
PQBP1,-0.0006644844121386324
ERAS,-0.0006644844121386324
TEX41,-0.000665486831843543
RTFDC1,-0.0006663555630079807
RN7SKP184,-0.0006664299460602275
snoU13|ENSG00000238294.1,-0.0006666656120779921
RN7SKP42,-0.0006670809359416962
DYNLT3,-0.0006687072977229391
U8|ENSG00000212581.1,-0.0006718624842868416
FSIP2,-0.0006718624842868416
MRPS18A,-0.0006719236827280139
DIRC1,-0.0006725712824446993
SSX5,-0.0006737885784040546
CYBB,-0.0006767948277699491
KLHL4,-0.0006778735922049526
ELP2,-0.0006783049983138824
ZNF705E,-0.0006796872764913815
DEFB108B,-0.0006796872764913815
RNA5SP342,-0.0006796872764913815
MIR3915,-0.0006807536786194948
RPGR,-0.0006808563545724742
SNORA31|ENSG00000252050.1,-0.0006808563545724742
CASS4,-0.0006819497657231253
CPXCR1,-0.0006837590895345666
TBC1D25,-0.0006862286496047752
RBM3,-0.0006862286496047752
snoU13|ENSG00000239017.1,-0.0006862286496047752
RGN,-0.0006876307914630245
WDR13,-0.0006888611740644513
PHOSPHO2,-0.0006890171899169927
CCDC173,-0.0006890171899169927
PPIG,-0.0006890171899169927
FAM210B,-0.0006898338706462609
AURKA,-0.0006898338706462609
MC3R,-0.0006901375921842305
MIR3129,-0.000690819588287941
SSX4,-0.0006908649328395333
SSX4B,-0.0006908649328395333
SSX1,-0.0006908649328395333
SSX3,-0.0006908649328395333
SSX9,-0.0006908649328395333
RNA5SP114,-0.0006925636107914584
MIR561,-0.0006925636107914584
MBP,-0.0006947154852456467
RSPH9,-0.0006950154635026841
MAD2L1BP,-0.0006950154635026844
VEGFA,-0.0006953143862311592
COL5A2,-0.0006977496483825582
RNA5SP503,-0.0006980577358907744
POLH,-0.0006980794214695501
GTPBP2,-0.0006980794214695501
MIR4756,-0.0006983776858698521
CRISP3,-0.0006984473263661335
NDUFB11,-0.0006995605549720867
RBM10,-0.0006995605549720867
UBA1,-0.0007003309656735397
CDK16,-0.0007003309656735397
USP11,-0.0007003309656735397
INE1,-0.0007003309656735397
TGIF2LX,-0.0007022137061561543
SLC38A5,-0.0007035749820352656
FTSJ1,-0.0007035749820352656
SYTL5,-0.0007045920119359158
MIR548AJ2,-0.0007045920119359158
CXorf27,-0.0007045920119359158
PGK2,-0.0007046068591269149
SRPX,-0.000704834756249186
CRISP2,-0.0007051328481587502
PORCN,-0.0007052539936985236
EBP,-0.0007052539936985236
RN7SL785P,-0.0007059622187828205
snoU13|ENSG00000238729.1,-0.0007059622187828205
GCLC,-0.0007075463495716678
ACA64|ENSG00000252016.1,-0.0007080977049013558
HSD17B12,-0.0007101867464633754
WDR75,-0.0007116613558628364
OPN5,-0.0007140056795318421
ZC3H15,-0.0007142046949454794
GULP1,-0.000716903209308272
RN7SL406P,-0.0007199192469052902
RN7SL144P,-0.0007208114965008487
ZSWIM2,-0.000721518987341772
SNORD66|ENSG00000212532.1,-0.0007228920069438764
GPR34,-0.0007230826772895431
MIR670,-0.0007244282423350029
TRAM2,-0.0007244732303381041
U3|ENSG00000221252.1,-0.0007248065482846525
PTCHD4,-0.0007253791144989035
EFHC1,-0.0007317491088033612
RN7SKP256,-0.000732610059619435
AR,-0.0007334074926479992
TSPAN7,-0.0007337450119003922
MCM3,-0.0007352942003989615
IL17F,-0.0007352942003989615
C6orf226,-0.0007358224192092345
RPL7L1,-0.0007358224192092345
snoU13|ENSG00000238339.1,-0.0007370801297979943
GLTSCR1L,-0.0007392421937178525
GLYATL3,-0.0007392991411720063
USP27X,-0.0007394975402133639
CRISP1,-0.0007397101599236585
TBCC,-0.0007398159058887063
KLC4,-0.0007399508969877296
ZEB2,-0.0007422139365835316
MOCOS,-0.000742632483693999
DEFB110,-0.0007430989089320397
DEFB112,-0.0007430989089320397
SESTD1,-0.0007443798053030077
snoU13|ENSG00000238611.1,-0.0007451916625665326
RN7SL580P,-0.0007457803562535683
DMD,-0.0007482562339449129
ELOVL5,-0.0007487181121263536
MID1IP1,-0.0007496243653751888
SNORD77|ENSG00000212347.2,-0.0007505516447085179
MIR221,-0.0007521689055368999
MIR222,-0.0007521689055368999
DLK2,-0.0007536704261948292
PAQR8,-0.0007546121360302273
RHAG,-0.0007554898308787167
TJAP1,-0.0007559813288264987
XPO5,-0.0007559813288264987
POLR1C,-0.0007559813288264987
YIPF3,-0.0007559813288264987
LRRC73,-0.0007559813288264987
SCARNA15|ENSG00000252218.1,-0.0007559813288264987
ZNF41,-0.0007574346360068553
C6orf141,-0.0007576369008611264
ZNF385B,-0.0007577721060667259
CSTF1,-0.0007580826312409228
CXorf24,-0.000758989276435798
MIR206,-0.0007623381848568304
MIR133B,-0.0007623381848568304
MIR1258,-0.0007637618031397082
RNU6ATAC14P,-0.0007637833827334394
SMAD2,-0.0007652998816517898
ITGAV,-0.000766780517637285
FAM86C1,-0.0007709581188734255
RN7SL244P,-0.0007716426435129016
ICK,-0.0007716426435129016
FBXO9,-0.0007716426435129016
DEFB133,-0.0007719564492578668
RN7SKP154,-0.0007720122734068229
KYNU,-0.0007747999708933522
FAM171B,-0.0007763966439617618
LINC00907,-0.0007816674124104113
PTK7,-0.0007834939633667892
RN7SK,-0.0007841151760869484
GSTA4,-0.0007841151760869484
GCNT7,-0.0007841330806538857
FAM209A,-0.0007841330806538857
FAM209B,-0.0007841330806538857
PLCL1,-0.0007844501441660363
IL17A,-0.0007852631105083813
DACH2,-0.0007854311375443536
PRPH2,-0.00078596036323855
NDP,-0.000786091841247027
MAGED4B,-0.0007863570638081312
MAGED4,-0.0007863570638081312
SNORA11D,-0.0007863570638081312
SNORA11E,-0.0007863570638081312
GSTA5,-0.0007895152030678446
TTC17,-0.0007909771234873151
SPOPL,-0.0007945041938267717
PKHD1,-0.000794961468230633
MEA1,-0.0008018471282049851
PTCRA,-0.0008018471282049851
GNMT,-0.0008018471282049851
CNPY3,-0.0008018471282049851
PPP2R5D,-0.0008018471282049851
PEX6,-0.0008018471282049851
RIT2,-0.0008029065472770647
SYT4,-0.0008034996121249987
RNA5SP112,-0.0008035871889493731
RNA5SP455,-0.0008036717068353363
DNPH1,-0.0008059790294208944
TTBK1,-0.0008059790294208944
CUL9,-0.0008059790294208944
RN7SL291P,-0.0008064369023271217
SNORA43|ENSG00000202216.1,-0.0008101090420089449
CWC22,-0.0008101090420089449
KLHDC3,-0.0008127870318550877
MRPL2,-0.0008127870318550877
RN7SL403P,-0.0008127870318550877
RRP36,-0.0008127870318550877
CUL7,-0.0008127870318550877
TM4SF2,-0.0008131508621099583
SRF,-0.0008140068292346425
XAGE1B,-0.0008145976526880346
XAGE1A,-0.0008145976526880346
ZNF318,-0.0008157342576943859
ABCC10,-0.0008157515032364133
CERKL,-0.0008165930949805613
PDE1A,-0.0008172721839178615
PLA2G7,-0.0008211436093769758
TDRD6,-0.0008211436093769758
SLC22A7,-0.0008224169052299976
CRIP3,-0.0008224169052299976
GPR116,-0.0008237994228491941
SNORA11C,-0.0008251616826046118
ZNF157,-0.0008251616826046118
BCOR,-0.0008280586241897297
GPR110,-0.0008284384736545609
MIR4437,-0.0008293530111586715
XAGE2,-0.0008317269509456901
MIR5685,-0.0008354739871870235
XAGE1E,-0.0008356587475119867
XAGE1C,-0.0008356587475119867
XAGE1D,-0.0008356587475119867
NEUROD1,-0.0008366883971117035
ANKRD66,-0.0008387513077869368
U3|ENSG00000251930.1,-0.0008434560704066417
GCM1,-0.0008434560704066417
GSTA3,-0.0008437543082710341
BOLL,-0.00084605905788448
MEP1A,-0.0008481098885937985
OSBPL6,-0.0008520092708147612
CYP24A1,-0.000858498001698905
RN7SKP286,-0.0008602444323922405
NCKAP5,-0.0008615048384244166
RNU6ATAC19P,-0.0008634155966366122
SSX7,-0.0008684717914326452
DUSP21,-0.0008703860146339479
TMEM14A,-0.0008713919548929271
RN7SL267P,-0.0008732013915280499
CXorf36,-0.0008736356066010232
snoU13|ENSG00000239161.1,-0.0008746721072573608
UBR2,-0.0008750854240548523
MIR3128,-0.0008784198057207363
STK17B,-0.0008789148825489131
MIR3937,-0.0008794271234206804
TSHZ2,-0.0008797562357819877
MAOA,-0.0008804654247968585
ITGA4,-0.0008819139209903171
SSFA2,-0.0008823634763075584
PPP1R1C,-0.000882545609082352
RNA5SP113,-0.000882545609082352
MIR4532,-0.0008835192379997494
STAT4,-0.0008856898137422175
GALNT13,-0.0008883126031920771
GPR82,-0.0008894886826651898
GLS,-0.0008910079543938745
snoU13|ENSG00000238920.1,-0.0008929364254675959
SLC25A27,-0.0008940290184987181
MARS2,-0.0008948308239469626
CYP39A1,-0.0008959260281217308
FUNDC1,-0.0008979499474876988
TFAP2D,-0.0008984927396268083
GSTA2,-0.0008992226517429286
GSTA1,-0.0008992226517429286
OTC,-0.0008999444630731858
TFAP2B,-0.0009020855608825131
CENPQ,-0.0009036146656089397
MUT,-0.0009086589866519511
TNFRSF21,-0.0009127749226824869
EFHC2,-0.0009133927090818608
RFTN2,-0.000916199653937112
OPHN1,-0.0009166219153560922
LINC00610,-0.0009203197868087954
COMMD9,-0.0009203197868087954
SLC39A10,-0.0009227111560267897
PRR5L,-0.0009307517210748405
MAOB,-0.0009316338234481211
RBM45,-0.0009321951930974642
STAT1,-0.0009364104832311851
CD2AP,-0.0009365967647363168
RN7SL717P,-0.0009425795445705196
HELZ2,-0.000944398490481959
MSTN,-0.0009461283457824271
NABP1,-0.0009464570301256012
C2orf69,-0.0009516481257154282
TYW5,-0.0009516481257154282
RAG1,-0.0009519681323562082
C2orf47,-0.0009551738700392296
RNA5SP105,-0.0009558005191891351
HNMT,-0.0009572503629782629
BCAS1,-0.00096042667557895
RAE1,-0.0009606355572266092
C2orf88,-0.0009615971580455629
ENPP7P8,-0.0009619160816971973
TTC30A,-0.0009620790505945291
DNAH7,-0.0009676110223612699
RN7SL820P,-0.000969961150935811
NFE2L2,-0.0009700626518348052
MIR4325,-0.000970569968389243
TRAF6,-0.000970772262935822
HIBCH,-0.0009724834035626164
SPO11,-0.000980373480386012
TMEFF2,-0.0009820894130414513
SDPR,-0.0009820894130414513
RN7SL670P,-0.0009826946338649524
ENPP4,-0.0009848641626139622
ENPP5,-0.0009848641626139622
NAB1,-0.0009874482815124329
PMS1,-0.0009882659160470393
ORMDL1,-0.0009883295039297324
MTRNR2L3,-0.0009906699530712576
RBM38,-0.0009906699530712576
RCAN2,-0.0009912335161360798
APCDD1L,-0.0009927476291932984
INPP1,-0.0009972530034676587
SPATS2L,-0.0010037448475458265
RAB22A,-0.0010064725459887755
TTC30B,-0.001008125369422202
VAPB,-0.0010095695645513903
HNRNPA3,-0.001012083786389839
CLIC5,-0.0010170615895790922
STMN3,-0.0010182256200303563
SLC2A4RG,-0.0010182256200303563
SOX18,-0.0010182256200303563
SAMD10,-0.0010182256200303563
TNFRSF6B,-0.0010182256200303563
TPD52L2,-0.0010182256200303563
ZBTB46,-0.0010182256200303563
ZGPAT,-0.0010182256200303563
ZNF512B,-0.0010182256200303563
UCKL1,-0.0010182256200303563
TCEA2,-0.0010182256200303563
RTEL1,-0.0010182256200303563
MIR647,-0.0010182256200303563
ABHD16B,-0.0010182256200303563
ARFRP1,-0.0010182256200303563
C20ORF135,-0.0010182256200303563
C20orf201,-0.0010182256200303563
DNAJC5,-0.0010182256200303563
LIME1,-0.0010182256200303563
LINC00176,-0.0010182256200303563
MIR1914,-0.0010182256200303563
GMEB2,-0.0010182256200303563
MYT1,-0.0010182256200303563
RGS19,-0.0010182256200303563
OPRL1,-0.0010182256200303563
PCMTD2,-0.0010182256200303563
NPBWR2,-0.0010182256200303563
PRPF6,-0.0010182256200303563
CASP8,-0.0010251579081958831
PPP4R1L,-0.0010262411051231702
ALS2CR11,-0.0010284516046541368
RN7SKP179,-0.0010294708640321492
MGC4294,-0.0010323683001211496
MIR1257,-0.0010352230159724818
ANKRD60,-0.0010361086741585543
NXPH2,-0.001039001395099757
MIR548X,-0.0010425111878276429
MPP4,-0.001048579465541493
TMEM237,-0.001048579465541493
BMP7,-0.0010512647334364573
MIR548AE1,-0.0010561611788460045
SNORA72|ENSG00000206901.1,-0.0010565068627527924
MYO1B,-0.0010565207266621994
CASP10,-0.0010600000000000004
UBE2E3,-0.001064603249289432
PLEKHA3,-0.001067163835389304
FKBP7,-0.001067163835389304
DFNB59,-0.001067163835389304
PRKRA,-0.001067163835389304
ALS2,-0.0010675437923539212
THSD7B,-0.0010695311555326452
ICOS,-0.0010734586721342255
snoU13|ENSG00000238306.1,-0.0010768467940548531
RUNX2,-0.001079935961553937
C20orf85,-0.0010815028338276862
RNA5SP487,-0.0010834822939834665
PMEPA1,-0.0010838735982421014
AOX2P,-0.0010913584938755238
PCK1,-0.0010985486767529943
PDE11A,-0.001103892938272942
MSN,-0.0011060195677408677
STRADB,-0.001112177470911648
SRMS,-0.0011141468577237446
PTK6,-0.0011141468577237446
ZBP1,-0.0011153464283379967
TRAK2,-0.0011161641733793632
HEPH,-0.0011176966447404807
RNU4ATAC7P,-0.0011193801162768069
PPDPF,-0.0011193939647129243
ASNSD1,-0.0011199945738340096
FTCDNL1,-0.00112017018872588
PSMA7,-0.0011227137903663767
ALS2CR12,-0.0011232425521033114
TMPRSS15,-0.001124362613476536
CTCFL,-0.0011284497327984117
VSIG4,-0.0011312641645016884
MIR223,-0.0011312641645016884
snoU13|ENSG00000238770.1,-0.0011347303289792863
SATB2,-0.0011348975160213966
C20orf195,-0.001135530768266698
KDM6A,-0.0011374287769483557
SLC40A1,-0.0011404274801393836
CHODL,-0.0011406162894770483
EEF1A2,-0.0011436855077912834
LSM14B,-0.0011438832490844007
CTLA4,-0.0011473436794408232
RAPH1,-0.0011507431414731508
TAF4,-0.0011524696773474797
FZD7,-0.0011565183001567847
FRZB,-0.001166407460461309
CD28,-0.001175986671416184
CYP20A1,-0.0011803509972596689
ABI2,-0.0011803509972596689
DNAJC10,-0.0011884614260239124
NCKAP1,-0.0011963311602888292
SNORA77|ENSG00000221498.1,-0.0011963311602888292
DUSP19,-0.0011963311602888292
ZNF217,-0.0011994151313865556
OGFR,-0.0012039520407736936
FAM126B,-0.001204636477913878
ORC2,-0.0012059812319115976
MRGBP,-0.0012172034925011452
LINC00659,-0.0012172034925011452
NDUFB3,-0.0012216154588242179
CFLAR,-0.0012258035349705404
CDK15,-0.001227901298861293
COL9A3,-0.0012311902076283532
SNORD59|ENSG00000252517.1,-0.001232475418492144
LINC00029,-0.0012406010221275247
SLC17A9,-0.0012406010221275247
BHLHE23,-0.0012406010221275247
PARD3B,-0.001242378212504796
TCFL5,-0.0012488532397543506
DIDO1,-0.0012571277380902597
GID8,-0.0012571277380902597
MIR586,-0.0012739770519320736
YTHDF1,-0.001279692526214643
EDA2R,-0.0012857857498203545
NKAIN4,-0.0012889055994206979
NTSR1,-0.0012906239991087663
HAR1B,-0.001291829942487916
HAR1A,-0.001291829942487916
SUPT3H,-0.0013001184193885853
BIRC7,-0.0013040342008884395
MIR3196,-0.0013040342008884395
LINC00686,-0.0013109885672111473
PPIL3,-0.0013294004151197148
NIF3L1,-0.0013294004151197148
RN7SL694P,-0.0013294004151197148
SGOL2,-0.0013324056479667922
BZW1,-0.0013369018037243862
RNA5SP115,-0.0013369018037243862
CLK1,-0.0013369018037243862
SS18L1,-0.0013478436451240042
AOX1,-0.0013513023650130107
C20orf166,-0.0013570650735959657
MIR4326,-0.0013621729261533723
ARFGAP1,-0.0013621729261533723
KCTD18,-0.0013634285380185354
NUP35,-0.0013751454380682303
MIR548AG2,-0.0013834983498349827
FAM217B,-0.001394429822729107
PPP1R3D,-0.001394429822729107
MTG2,-0.001400921864338331
SYCP2,-0.0014063667126206283
CDH4,-0.0014090766038629171
C20orf197,-0.0014108061439055295
CDH26,-0.0014108061439055295
MIR133A2,-0.0014274052721727846
HRH3,-0.0014356519196223405
PCGEM1,-0.0014417746954140415
CHRNA4,-0.0014512010694740353
COL20A1,-0.0014512010694740353
SLCO4A1,-0.001458210753565722
KCNQ2,-0.00147685173580649
STX16,-0.001500374594421467
NPEPL1,-0.001500374594421467
MIR646,-0.001507317820389633
MIR4533,-0.0015197226051719087
GNAS,-0.0015339209870354124
MIR298,-0.0015339209870354124
MIR296,-0.0015339209870354124
NELFCD,-0.001546186517385916
OSBPL2,-0.0015543969586832083
ADRM1,-0.001555705950341868
MIR1587,-0.0015559937653504604
LAMA5,-0.0015650025762069847
CTSZ,-0.0015844341396164933
SLMO2,-0.0015844341396164933
ATP5E,-0.0015844341396164933
TUBB1,-0.0015844341396164933
ZNF831,-0.0015865925833089647
PHACTR3,-0.0016028045842558939
EDN3,-0.0016036150450488105
RN7SL732P,-0.001626411061779706
GATA5,-0.0016370249683196154
MIR4758,-0.0016516745345420587
CABLES2,-0.001663029340908773
RBBP8NL,-0.001663029340908773
RPS21,-0.0016740944980573984
