Gene,Importance
RN7SL703P,0.08083696934709456
RNA5SP150,0.08083696934709456
SOX2,0.0805491586995396
ATP11B,0.07929671224004153
RN7SKP265,0.07927581701186973
MCF2L2,0.07923746215907952
DCUN1D1,0.07919624336463843
MCCC1,0.07897553118091813
RNA5SP151,0.07880857774461074
B3GNT5,0.07880857774461074
LAMP3,0.07773715943171738
FXR1,0.07764794074991906
EIF2B5,0.07701996874163973
CCDC39,0.07679591106855722
HTR3D,0.07673438842032633
MIR4448,0.07673438842032633
YEATS2,0.07673438842032633
SNORA81|ENSG00000253092.1,0.07673438842032633
SNORA63|ENSG00000201229.1,0.07673438842032633
SNORA63|ENSG00000199363.1,0.07673438842032633
SNORA4|ENSG00000251730.1,0.07673438842032633
PARL,0.07673438842032633
MAP6D1,0.07673438842032633
HTR3C,0.07673438842032633
LINC00888,0.07673438842032633
KLHL24,0.07673438842032633
HTR3E,0.07673438842032633
ABCC5,0.07673438842032633
CYP2AB1P,0.07673438842032633
DVL3,0.07673438842032633
KLHL6,0.07673438842032633
AP2M1,0.07673438842032633
DNAJC19,0.07664478956928238
KCNMB2,0.07632503062474477
PIK3CA,0.07588602807620279
ZMAT3,0.07511452387322055
KCNMB3,0.07507449627574936
SNORA25|ENSG00000201957.1,0.07503975162275942
U8|ENSG00000201810.1,0.07500910716548623
ZNF639,0.07485275341096288
RN7SL229P,0.07475145661142474
MFN1,0.07471798482139079
PEX5L,0.07466977372889709
GNB4,0.07465924726489341
TTC14,0.07424491347629572
USP13,0.07405358978330355
RNA5SP149,0.0738396727728418
snoU13|ENSG00000239096.1,0.07378150687824729
ACTL6A,0.07378150687824729
MRPL47,0.07378150687824729
NDUFB5,0.07378150687824729
ABCF3,0.07329713183424617
RNA5SP148,0.07299741484912924
RNA5SP147,0.07281673307894845
TBL1XR1,0.07273753678489453
LINC00501,0.07245531321721746
VPS8,0.07235354895031049
EPHB3,0.07226603962208367
VWA5B2,0.07224723673279736
ALG3,0.07224723673279736
ECE2,0.07224723673279736
MIR1224,0.07224723673279736
CAMK2N2,0.07224723673279736
EIF4G1,0.07223364357021167
FAM131A,0.07223364357021167
CLCN2,0.07223364357021167
SNORD66|ENSG00000212158.1,0.07222129229382865
PSMD2,0.07222129229382865
MAGEF1,0.07215926838540716
THPO,0.07197612818743754
CHRD,0.07197612818743754
POLR2H,0.07192983483758322
RN7SKP52,0.0713095985694372
LINC00578,0.07111514904042462
snoU13|ENSG00000271842.1,0.07079099139691084
MIR4789,0.07079099139691084
SNORA18|ENSG00000200288.1,0.07074454879542667
C3orf70,0.06962967291364536
RN7SKP234,0.06866885850663897
EHHADH,0.06852053054730291
ECT2,0.06831537714197213
GHSR,0.06827218428352178
MAP3K13,0.06822168935948525
TMEM41A,0.06818692217794742
SNORA72|ENSG00000200355.1,0.06818643499809918
snoU13|ENSG00000239146.1,0.06817140564058524
snoU13|ENSG00000239141.1,0.06813846045535822
NCEH1,0.06811408175046821
NAALADL2,0.06795756104279815
SPATA16,0.0677538333732276
TNFSF10,0.06769253882654418
RN7SKP40,0.06747711240337366
LIPH,0.06741673307894852
MIR548AQ,0.06726482871263437
IGF2BP2,0.0669712676532294
C3orf65,0.06693217780656431
ETV5,0.06677595922332843
DGKG,0.06674926571014214
RN7SL141P,0.06674211852832246
FNDC3B,0.06668847523971777
SENP2,0.06663770152490117
TRA2B,0.06648802466876001
RN7SL637P,0.0664871629518031
PP13439,0.06635628335281106
snoU13|ENSG00000238359.1,0.06635628335281106
TMEM212,0.06635628335281106
PLD1,0.06629092803536973
NLGN1,0.06596980326368765
CRYGS,0.06522317061150935
TBCCD1,0.06522317061150935
DNAJB11,0.06513465313076425
ADIPOQ,0.06502303544022191
AHSG,0.06495537657875844
FETUB,0.06495537657875844
SNORD2|ENSG00000238942.1,0.06479097450049986
RFC4,0.06479097450049986
SNORA4|ENSG00000263776.1,0.06479097450049986
SNORA63|ENSG00000200320.1,0.06479097450049986
SNORA63|ENSG00000200418.1,0.06479097450049986
SNORA81|ENSG00000221420.2,0.06479097450049986
RPL39L,0.06453329015361657
ST6GAL1,0.06435394319989866
RTP1,0.0643485025555822
MIR551B,0.06422089522817187
KNG1,0.06421533067684208
MIR569,0.06414990214162007
HRG,0.06412133312682165
EIF4A2,0.06405578350065473
RTP4,0.06400089832584734
snoU13|ENSG00000239093.1,0.0639936441334254
BCL6,0.06399087593810283
SST,0.06390213880401574
RTP2,0.06390213880401574
MASP1,0.06383185536672252
TNIK,0.06357925402345783
EGFEM1P,0.06353605553287046
SLC2A2,0.06331690345109192
RPL22L1,0.0631479787668436
RNY5P3,0.06314796750256965
EIF5A2,0.06314660452542205
TP63,0.06307462018276283
GOLIM4,0.0623584658058884
CLDN11,0.06219882851550951
SLC7A14,0.06193845482322128
LEPREL1,0.061794277748834836
SERPINI1,0.06130695991326501
RN7SL486P,0.0609253488404838
MIR944,0.06080382422100502
SKIL,0.06080057729403982
PRKCI,0.06080057729403982
SEC62,0.06074229875670577
CLDN16,0.06069865532729755
CLDN1,0.06069865532729755
PDCD10,0.06063500936342769
PHC3,0.06063113163712149
SAMD7,0.0605956519902564
GPR160,0.060518502977992425
LRRC34,0.06050251615719298
MYNN,0.06050251615719298
TERC,0.06050251615719298
ACTRT3,0.06050251615719298
TMEM207,0.06034844341814391
LRRIQ4,0.060206828966080456
LRRC31,0.06020294842370566
ZBBX,0.060148541980540954
RN7SKP222,0.06001987581137982
SERPINI2,0.05990388476647749
IL1RAP,0.0599028597175483
RN7SKP296,0.05975780684586245
CCDC50,0.05953788034524999
UTS2B,0.05943793525858546
MECOM,0.05941085589921961
IQCG,0.05935417974965153
RPL35A,0.05935417974965153
FAM157A,0.05935417974965153
ANKRD18DP,0.05935417974965153
LMLN,0.05935417974965153
OSTN,0.05932688922994606
LRCH3,0.0592608496078625
TPRG1,0.05919935977709187
PYDC2,0.05907876261950687
LPP,0.0588529267357115
MIR922,0.058844369975077776
KIAA0226,0.058844369975077776
FYTTD1,0.05884320975486125
BDH1,0.058702155244521215
snoU13|ENSG00000238902.1,0.058615122287774
PAK2,0.058614874811799444
NCBP2,0.058614874811799444
U4|ENSG00000272359.1,0.058614874811799444
MFI2,0.058614874811799444
DLG1,0.058614874811799444
CEP19,0.058614874811799444
SENP5,0.058614874811799444
PIGZ,0.058614874811799444
FGF12,0.05860853550358348
GMNC,0.05849359203615832
PIGX,0.05847030892767521
NRROS,0.05847030892767521
snoU13|ENSG00000238491.1,0.058372344281492176
MIR4797,0.058372344281492176
WDR49,0.058011144595595115
BCHE,0.05793365905858835
HRASLS,0.05790095042311432
MB21D2,0.05780003371781008
RN7SL447P,0.057747491586995395
TM4SF19,0.057355889103223014
TCTEX1D2,0.057355889103223014
PCYT1A,0.057355889103223014
SLC51A,0.057355889103223014
TFRC,0.05735364751270754
UBXN7,0.05733308458061701
RN7SL434P,0.057329615184241296
RN7SL738P,0.057329615184241296
ZDHHC19,0.05728744174258321
ATP13A5,0.057281370298925674
OPA1,0.05721037721237382
ATP13A4,0.05719404964728743
LINC00885,0.057175204516973874
LINC00969,0.057166438095774534
ACAP2,0.057166438095774534
APOD,0.057166438095774534
MIR570,0.057166438095774534
MUC20,0.057166438095774534
MUC4,0.057166438095774534
PPP1R2,0.057166438095774534
RN7SL773P,0.057166438095774534
RNU6ATAC24P,0.057166438095774534
SDHAP1,0.057166438095774534
TNK2,0.057166438095774534
RNF168,0.05710233592880981
SMCO1,0.05710233592880981
LINC00887,0.057013579082243276
ATP13A3,0.05694927415834752
LINC00884,0.05693112459695015
FBXO45,0.05690171920981121
WDR53,0.05690171920981121
TMEM44,0.056897236028780176
GP5,0.05686102420410865
LRRC15,0.056860877768547334
CPN2,0.056860877768547334
RN7SL36P,0.05678539305275912
MIR3137,0.05678539305275912
LSG1,0.05677554244519221
FAM43A,0.05674628912575148
RN7SKP298,0.056663132550366445
RN7SL215P,0.05647507075372073
HES1,0.05647507075372073
MIR28,0.055634366449303196
SI,0.055440357077484105
SLITRK3,0.055433336618746554
MIR720,0.05475496543275934
MIR1263,0.05266475267878522
XXYLT1,0.051620703234880376
CT64,0.04994382788189405
snoU13|ENSG00000238398.1,0.049676999760634166
OTOL1,0.046520693816834616
IQCJ,0.044245412444918454
B3GALNT1,0.04419484970108627
SPTSSB,0.04419036739734489
MIR3919,0.044106239299447056
PPM1L,0.04400188891071882
NMD3,0.043974273765752685
SNORA72|ENSG00000207084.1,0.043720432793510934
RSRC1,0.04355005192399452
LXN,0.04353524376210393
GFM1,0.04353524376210393
MFSD1,0.043534446658620836
RARRES1,0.043534446658620836
ARL14,0.04352259395436305
MLF1,0.04342042998680856
KPNA4,0.04319593870161949
KRT8P12,0.043119237138286255
SCHIP1,0.043028499256223866
IL12A,0.04281167868870865
SHOX2,0.04279704454236719
SCARNA7,0.04273068287069526
IFT80,0.04225294563417438
MIR15B,0.04208733615874706
C3orf80,0.04178492239467848
TRIM59,0.04167459572733508
C3orf79,0.041442395239832716
U8|ENSG00000201398.1,0.04105232815964524
SMC4,0.0410420399799744
P2RY1,0.0408728451542283
RAP2B,0.040745962558589935
RN7SL300P,0.040743941732858086
AADACL2,0.04072458109966602
AADAC,0.04072458109966602
SUCNR1,0.04072458109966602
GPR149,0.04069909062842069
DHX36,0.04069668809116172
snoU13|ENSG00000271922.1,0.04069668809116172
TMEM14E,0.040644211176289004
MME,0.040567638721266425
MBNL1,0.040471941396053784
MIR5186,0.04033574335513205
MON1A,0.039919455127941136
RN7SL217P,0.03982509079828366
CAMKV,0.03982509079828366
MST1R,0.03982509079828366
AMIGO3,0.039732340660336166
GMPPB,0.039732340660336166
TRAIP,0.03973092412475394
UBA7,0.03973092412475394
MIR5193,0.03973092412475394
FAM212A,0.03973092412475394
CDHR4,0.03973092412475394
IGSF10,0.039701016026270707
MIR4787,0.03966105268359367
GPR171,0.03963755087148105
RNA5SP145,0.03963755087148105
LINC00880,0.03954689438378849
CCNL1,0.039539543630188904
C3orf18,0.039532205595315506
HEMK1,0.039532205595315506
CISH,0.039532205595315506
RN7SKP177,0.039472710432512846
LINC00881,0.039468317943248475
MAPKAPK3,0.039464722499032254
LEKR1,0.03941393247074012
RNF123,0.03933577658269026
MST1,0.03933577658269026
APEH,0.03933577658269026
CACNA2D2,0.03932936922988227
ARHGEF26,0.039307819472901295
PLCH1,0.03927888517780459
SLC33A1,0.039253147716747594
C3orf33,0.03923098038115018
MIR4271,0.03920519176762227
C3orf62,0.03919689844592869
CCDC36,0.03919301944442155
SEMA3F,0.0391887451306589
MIR566,0.0391887451306589
NAT6,0.03916723355542191
SLC38A3,0.03916723355542191
GNAI2,0.03916723355542191
SEMA3B,0.03916723355542191
LSMEM2,0.03916723355542191
IFRD2,0.03916723355542191
HYAL3,0.03916723355542191
HYAL1,0.03916723355542191
GNAT1,0.03916723355542191
HYAL2,0.03916723355542191
RNA5SP131,0.03916723355542191
ZMYND10,0.03916723355542191
NPRL2,0.03916723355542191
CYB561D2,0.03916723355542191
RASSF1,0.03916723355542191
TMEM115,0.03916723355542191
TUSC2,0.03916723355542191
GMPS,0.03911165904179177
CDCP1,0.039005991504200865
TSC22D2,0.038931516461309566
LINC00886,0.03887633388531816
PFN2,0.038864806758539344
SSR3,0.03886171096578626
snoU13|ENSG00000243321.2,0.03883911701142324
TIPARP,0.03882472985489349
SERP1,0.03879758342922896
EIF2A,0.03879758342922896
SELT,0.03879758342922896
FAM188B2,0.03879758342922896
FAM194A,0.03879758342922896
SIAH2,0.03879758342922896
CLRN1,0.03879758342922896
KCNAB1,0.03870306211232418
RNF13,0.03866729630357291
ANKUB1,0.03859472620618033
KLHDC8B,0.03857134150861038
C3orf84,0.03857134150861038
CCDC71,0.03857134150861038
LAMB2,0.03857134150861038
USP19,0.03857134150861038
QARS,0.03857134150861038
RN7SL182P,0.03857134150861038
EXOSC7,0.03856907323994219
CLEC3B,0.03856907323994219
TM4SF1,0.038526099525667275
RN7SKP46,0.03850731875719214
RBM6,0.0385049702280457
TM4SF4,0.03850243902439021
CAMP,0.0385014453604342
MIR4443,0.0385014453604342
FBXW12,0.03849759106594305
RN7SL321P,0.03849759106594305
ZNF589,0.03846333067046608
NME6,0.03846333067046608
MIR2115,0.03846333067046608
SPINK8,0.03846333067046608
CPHL1P,0.0384363046956131
DOCK3,0.03841420968018854
TM4SF18,0.038349543910859096
CP,0.03834236436610624
IQCF6,0.03831747022741107
IQCF2,0.03831747022741107
RN7SL504P,0.03831747022741107
IQCF5,0.03831747022741107
IQCF3,0.03831747022741107
LINC00696,0.038315503597683744
DUSP7,0.038315503597683744
RPL29,0.038315503597683744
ACY1,0.038315503597683744
SFMBT1,0.038303641386630005
TMEM110,0.038289695484555686
COMMD2,0.03828969378876753
WWTR1,0.03827273569283445
HPS3,0.038204137079345446
GRM2,0.03819028703429114
DALRD3,0.03818981576801758
MIR425,0.03818981576801758
MIR191,0.03818981576801758
NDUFAF3,0.03818981576801758
IMPDH2,0.03818981576801758
QRICH1,0.03818981576801758
P4HTM,0.03818981576801758
WDR6,0.03818981576801758
PLXNB1,0.03817962824176642
CCDC51,0.03817962824176642
RBM5,0.03814225631077459
POC1A,0.03812355429302783
ALAS1,0.038123086047854644
TLR9,0.038123086047854644
TWF2,0.038123086047854644
IQCF1,0.0381208696873683
ABHD14A,0.0381208696873683
ABHD14B,0.0381208696873683
PCBP4,0.0381208696873683
GPR62,0.0381208696873683
PARP3,0.0381208696873683
RRP9,0.0381208696873683
SNRK,0.038106590654621006
DHX30,0.03807791769269412
MIR1226,0.03807791769269412
CPB1,0.03805313648993794
UCN2,0.038046984508701025
ATRIP,0.038046984508701025
SHISA5,0.038046984508701025
TREX1,0.038046984508701025
PFKFB4,0.038046984508701025
COL7A1,0.038046984508701025
MUSTN1,0.03803596903338588
ITIH4,0.03803596903338588
HLTF,0.03803569283448872
GYG1,0.03803569283448872
NEK4,0.03803339368493343
ITIH1,0.03803339368493343
SPCS1,0.038008326959996244
GLT8D1,0.038008326959996244
SNORD19|ENSG00000222345.1,0.038008326959996244
SNORD69,0.038008326959996244
SNORD19|ENSG00000212493.1,0.038008326959996244
SNORD19B|ENSG00000252787.1,0.038008326959996244
SNORD19B|ENSG00000238862.1,0.038008326959996244
GNL3,0.038008326959996244
AGTR1,0.037997386960060615
C3orf55,0.037912568725226956
RNU6ATAC29P,0.03789203046715259
RAD54L2,0.03789203046715259
TEX264,0.03789203046715259
CPA3,0.03788948609278954
MIR4793,0.03788157927246075
NCKIPSD,0.037878383831728715
IP6K2,0.037876588455234964
PRKAR2A,0.037876588455234964
SLC25A20,0.037876588455234964
RN7SL517P,0.037825391670014294
TMA7,0.03781536446966393
RNA5SP132,0.0377396634878022
ARIH2OS,0.03771560577485316
ARIH2,0.03771560577485316
MIR711,0.03769181291847509
VPRBP,0.03767122165165682
MANF,0.03767122165165682
RBM15B,0.03767122165165682
ZNF662,0.03764502260703088
CYP8B1,0.03764502260703088
ACKR2,0.03764502260703088
HIGD1A,0.037642920024957525
SMARCC1,0.03761938841899803
TMEM42,0.03759025290814456
TGM4,0.03759025290814456
MIR564,0.03759025290814456
KIF15,0.0375880734023368
KLHL40,0.037524748074769916
CCDC13,0.037524748074769916
HHATL,0.037524748074769916
KRBOX1,0.03751480781887029
FAM198A,0.03751480781887029
GTDC2,0.03751480781887029
ABHD5,0.037458029555808195
snoU13|ENSG00000251938.1,0.037302562117556
ZNF502,0.037257839810596695
KIAA1143,0.037257839810596695
ZNF501,0.037257839810596695
ELP6,0.03720576826466155
PRSS42,0.03718638972846991
PRSS44,0.03718638972846991
PRSS45,0.03718638972846991
MYL3,0.03718638972846991
CCDC12,0.03718638972846991
PTH1R,0.03718638972846991
NKTR,0.03712988999905986
ZBTB47,0.03712988999905986
RN7SL567P,0.03712988999905986
VIPR1,0.03712681304968423
SS18L2,0.03712681304968423
SEC22C,0.03712681304968423
KIF9,0.03710714609258544
snoU13|ENSG00000239128.1,0.03710714609258544
KLHL18,0.03710714609258544
CSPG5,0.03710122464442485
RN7SL870P,0.03710122464442485
LINC00694,0.037096590569150205
TCAIM,0.037096590569150205
ZNF445,0.03708918879648547
RN7SL821P,0.03708350383344199
snoU13|ENSG00000238565.1,0.03708350383344199
ZNF852,0.03705098334173799
ZNF660,0.037049923503619714
ZKSCAN7,0.037049923503619714
LRRC2,0.03704940818674994
TDGF1,0.03704940818674994
LUZPP1,0.03704852046687488
RTP3,0.03704852046687488
ACKR5,0.037043720203846775
PRSS46,0.03698652644062494
PRSS50,0.03698652644062494
TKT,0.03697986974541146
CELSR3,0.03695215467001392
SLC26A6,0.03695215467001392
TMEM89,0.03695215467001392
UQCRC1,0.03692725390628183
SNORD63|ENSG00000251987.1,0.03690586101536748
SNORD38|ENSG00000207109.1,0.03689354896973169
SNORA26|ENSG00000212608.1,0.03689354896973169
TMIE,0.03680857004027246
ALS2CL,0.03680857004027246
SNORD77|ENSG00000251967.1,0.03680857004027246
DCP1A,0.03661152955460125
VEPH1,0.0364205114435494
SETD2,0.03641299287065327
XCR1,0.036351611193214624
RN7SL145P,0.036339434877594286
SLC6A20,0.036339434877594286
LZTFL1,0.036339434877594286
CCR9,0.036339434877594286
FYCO1,0.036339434877594286
SACM1L,0.036339434877594286
CXCR6,0.036339434877594286
NBEAL2,0.036311112727743004
CDC25A,0.03630973176042684
CCR3,0.03624690772987208
CCR1,0.03624690772987208
PTX3,0.0362410152154456
P2RY14,0.036089428461833536
IP6K1,0.03608677577814827
XIRP1,0.03606198283918106
GPR87,0.03603630993479095
CX3CR1,0.03603336165151645
ZIC1,0.03602487485771497
RNA5SP146,0.036022853855005775
P2RY13,0.03599727656309935
CCR5,0.03590517069910652
CCR2,0.03590517069910652
CSRNP1,0.03585243394783791
GORASP1,0.03585243394783791
TTC21A,0.03585243394783791
MED12L,0.03583146912159572
RN7SL664P,0.035809448605361546
WDR48,0.03580694928213407
TMEM158,0.035797139047741434
U3|ENSG00000202268.1,0.03577853723575145
P2RY12,0.03573447640966629
LARS2,0.035710210113731246
MOBP,0.03566258601648118
SNORA6,0.03566085294367513
SNORA62|ENSG00000202363.1,0.03566085294367513
RPSA,0.03566085294367513
SLC25A38,0.03566085294367513
CCR8,0.03566085294367513
ITIH3,0.03546703540951586
ZIC4,0.0354443819685396
BSN,0.03532790732104524
ZNF197,0.03525906731461778
ZNF35,0.03525906731461778
SCN10A,0.03520605725936626
USP4,0.03520270190243542
NICN1,0.03520270190243542
RNA5SP130,0.03520270190243542
RHOA,0.03520270190243542
TCTA,0.03520270190243542
AMT,0.03520270190243542
GPX1,0.03520270190243542
DAG1,0.035197039011029704
SCN5A,0.03487954294452468
U3|ENSG00000251800.1,0.034253279756435384
PLSCR1,0.03422209909897557
PLSCR5,0.034217277178161455
PLSCR2,0.034084411042692345
SMIM4,0.03406772051383426
PLSCR4,0.03406110234924641
PBRM1,0.03403412159671919
TRAK1,0.03378673604100334
CCK,0.03378673604100334
LYZL4,0.03377064533664671
U8|ENSG00000212145.2,0.03374705288498872
RNU6ATAC16P,0.03367273555762542
RN7SKP58,0.033670152491844754
SCARNA21|ENSG00000252409.1,0.03366788930684111
PLOD2,0.03333115443580663
RN7SL411P,0.03325260520427865
MYRIP,0.03325260520427865
CNTN3,0.03322784210778676
SNORA64|ENSG00000202517.1,0.03317728415116311
NT5DC2,0.03302506851793531
WDR82,0.03298496290985118
PPM1M,0.03298496290985118
TNNC1,0.03296439747773589
CTNNB1,0.032959415217030504
SEMA3G,0.032943255757851946
MIRLET7G,0.03281707554060485
GLYCTK,0.03281707554060485
MIR135A1,0.03281707554060485
ZNF621,0.03275053636558675
ZNF620,0.03275053636558675
ENTPD3,0.032724882765807435
ZNF619,0.03272469886903481
RPL14,0.03272469886903481
STAB1,0.0326932875876996
EIF1B,0.03267792778986726
RNA5SP144,0.03265234993211455
C3orf58,0.03263689400277024
LTF,0.03261772006318195
PAQR9,0.032526143423344325
U2SURP,0.032526143423344325
NISCH,0.032524046612299046
SLC9A9,0.03244455202490503
snoU13|ENSG00000238416.1,0.03238654093340365
PDZRN3,0.03225591892100008
TOPAZ1,0.032171064151839415
PCOLCE2,0.03200652797015784
TRPC1,0.03200652797015784
RN7SL418P,0.031927952387802105
CHST2,0.03171830437346571
PBX2P1,0.03171830437346571
RN7SKP25,0.031620368364030316
MAP4,0.03158839130588939
PLS1,0.03154246060589436
ATR,0.031536538804394054
RNA5SP143,0.03148317950546514
RN7SL294P,0.031482176906307745
FRMD4B,0.03144254021172289
LIMD1,0.031370261979478856
TMF1,0.031337790048213555
UBA3,0.031337790048213555
MIR3136,0.031337790048213555
ARL6IP5,0.031337790048213555
LMOD3,0.031337790048213555
ZBTB38,0.03128683846016701
RASA2,0.031233180191176255
ACPL2,0.03121156383285103
FAM86DP,0.03116810910667717
FRG2C,0.03116810910667717
LINC00960,0.03116810910667717
MIR4273,0.03116810910667717
MIR1324,0.03116810910667717
RN7SL92P,0.03116810910667717
ZNF717,0.03116810910667717
RNF7,0.031017247006870807
ZDHHC3,0.03097541478236796
SUCLG2,0.03091028361143075
EOGT,0.03090655368605047
SCN11A,0.030872213574554316
ATP1B3,0.03085558648874746
GRK7,0.03085558648874746
NMNAT3,0.0308443346711948
RN7SKP124,0.0308443346711948
GK5,0.030803283184991165
RNA5SP135,0.030772759632581477
XRN1,0.030710816407696448
SPSB4,0.03070722328126502
RBP1,0.03068842515928034
RBP2,0.03057881220354204
MRPS22,0.030522650088411107
PHF7,0.030518492292267177
COPB2,0.0304435459878189
SLC25A36,0.030442686890574226
BAP1,0.030398464719889683
DNAH1,0.030398464719889683
RN7SL724P,0.030345482612478582
ANO10,0.030235808502296416
RN7SKP61,0.030023440944928204
RN7SL647P,0.02993039444519572
BPESC1,0.029757548626119137
PRR23C,0.029757548626119137
FAM19A4,0.029692948547823173
CLSTN2,0.029679202380789124
TRIM42,0.029662536856974394
MIR3923,0.029661396814571375
RNU6ATAC26P,0.029641615839642046
DENND6A,0.029641615839642046
SLMAP,0.02958877003708586
PRR23A,0.029464102276235617
PRR23B,0.029464102276235617
C3orf72,0.029464102276235617
FOXL2,0.029464102276235617
FAIM,0.029216116085211463
CEP70,0.029207345140194747
NME9,0.02905569900923401
MRAS,0.02905569900923401
ESYT3,0.029054447219961223
PIK3CB,0.029042642229644366
TFDP2,0.02890537527170436
ROBO2,0.028763405379491826
ARMC8,0.02873547952510593
DBR1,0.02862973981868699
CLDN18,0.028572811473799403
NR1D2,0.02837825435017607
SOX14,0.028365702096606663
A4GNT,0.028330722164528855
DZIP1L,0.028330722164528855
NKIRAS1,0.02832241866304004
RPL15,0.02832241866304004
UBE2E1,0.02832241866304004
OXSM,0.028296014227429694
LINC00691,0.028192328346758694
DNASE1L3,0.02804470629411422
RPP14,0.02804470629411422
ABHD6,0.02804470629411422
ACOX2,0.028039689669252764
PXK,0.028039689669252764
PDHB,0.028039689669252764
KCTD6,0.028039689669252764
RNA5SP125,0.027994037033162434
RN7SL216P,0.027994037033162434
MIR4442,0.027939463681696145
RNA5SP126,0.027936576350385336
ROPN1,0.027934244800833563
MIR4792,0.027919322104822647
LINC00692,0.027911887575408894
NGLY1,0.027894684093467716
SNORA5,0.027884470790329626
MYLK,0.027884470790329626
UBE2E2,0.02785026327719075
ADCY5,0.02778761563481226
CCDC14,0.02777848805282945
IL20RB,0.02776274383227141
NCK1,0.027691967217715857
PTPLB,0.027683625265766478
C3orf67,0.02767899944616682
SLC35G2,0.027527396222178507
ZNF385D,0.027496558217386752
RNA5SP142,0.027493426702966645
HMGB1P5,0.027472880705792065
MIR544B,0.0274468502273975
UMPS,0.0274468502273975
ESRG,0.027369891146948863
RARB,0.0273432076901921
MIR5002,0.027306458653074434
PODXL2,0.027297636322706903
ABTB1,0.027297636322706903
MGLL,0.02729635837850007
MIR1280,0.027213607162028787
SEC22A,0.027151322413326216
ITGB5,0.027117180129820746
C3orf27,0.027101487471644526
RPN1,0.027101487471644526
DNAJB8,0.027101071880032548
GATA2,0.027101071880032548
MUC13,0.02709642922515874
HEG1,0.02709642922515874
RNA5SP137,0.02709642922515874
KBTBD12,0.027094661379417833
RUVBL1,0.027094661379417833
SEC61A1,0.027094661379417833
RNA5SP139,0.027094661379417833
SNORA7B,0.027089729692289066
RPL32P3,0.027089729692289066
EFCAB12,0.027089729692289066
MIR4270,0.027062824602929598
RN7SL698P,0.027062373374430765
SNORA24|ENSG00000207130.1,0.027062373374430765
MCM2,0.027056780203986226
TPRA1,0.027056780203986226
EEFSEC,0.0270327139863894
CACNA1D,0.027020360056258814
LRTM1,0.027005962966837535
RAB7A,0.026965821053178452
WNT5A,0.026960070696670526
RN7SL110P,0.026948536928407277
snoU13|ENSG00000238891.1,0.02690856574388532
SH3BP5,0.02690856574388532
METTL6,0.02690856574388532
EAF1,0.02690856574388532
COLQ,0.026893787520153704
SNORD5|ENSG00000272166.1,0.02687854943551147
TOP2B,0.026875363077150143
MIR3938,0.026875229186052275
ACTR8,0.026858863572433223
CHDH,0.026858863572433223
IL17RB,0.026858863572433223
CAPN7,0.026829968097149368
ACAD9,0.02681321581326088
KIAA1257,0.02681321581326088
STAG1,0.026805596564596235
snoU13|ENSG00000238350.1,0.026794635040813936
PTPN23,0.026794635040813936
RNY4P22,0.026650507375248447
EFCC1,0.026629136435262983
snoU13|ENSG00000252435.1,0.026629136435262983
snoU13|ENSG00000238874.1,0.026629136435262983
RAB43,0.026629136435262983
ISY1,0.026629136435262983
CNBP,0.026629136435262983
GP9,0.026629136435262983
SCAP,0.02662403880279193
COL6A4P1,0.026581235635141195
FGD5,0.02657337312613637
SLC12A8,0.026564416577520254
ZNF148,0.026564416577520254
MIR5092,0.0265637079057399
MIR4791,0.02656207413606721
RNY4P4,0.02655329085857023
H1FX,0.02654383972016832
C3orf37,0.02654383972016832
ASB14,0.026526855374653824
APPL1,0.026526855374653824
HESX1,0.026526855374653824
DNAH12,0.02652591935954543
PDE12,0.02652591935954543
ARF4,0.02652591935954543
snoU13|ENSG00000238905.1,0.02652591935954543
PLXNA1,0.02652091984276784
COPG1,0.026471350153249425
snoU13|ENSG00000238992.1,0.026363204411313103
SNX4,0.026363204411313103
MIR548I1,0.026346473008041736
NR2C2,0.026330390038077627
ZFYVE20,0.026330390038077627
MRPS25,0.026330390038077627
PDIA5,0.026303713661231472
FAM86JP,0.026264310951678724
U1|ENSG00000272020.1,0.026216539724427928
SLC41A3,0.026215945789983448
ROPN1B,0.026215945789983448
ALG1L,0.026214319219516162
RN7SL4P,0.0261999176700628
MIR3134,0.0261999176700628
BTD,0.0261999176700628
OSBPL11,0.026190261499886954
CCDC66,0.026188975944411722
FAM208A,0.026188975944411722
SEMA5B,0.026071284915441948
RN7SL751P,0.025954121906053035
PPP2R3A,0.025943211990232678
MSL2,0.025910875971820707
RNA5SP138,0.02590732260426757
TXNRD3NB,0.02590732260426757
TXNRD3,0.02590732260426757
NUP210P1,0.02590732260426757
CHCHD6,0.025855383712022794
U8|ENSG00000253004.1,0.0258378680288529
PARP14,0.02578514305903777
SELK,0.02575200471506818
ULK4,0.025744895484747062
HSPBAP1,0.0257265469468735
snoU13|ENSG00000238480.1,0.0257265469468735
DIRC2,0.025701074216759417
WDR5B,0.025699440129911613
HGD,0.025680664873769736
NR1I2,0.025656717731375227
DTX3L,0.025654820386337523
PARP15,0.025654820386337523
NDUFB4,0.02563850128835134
CAND2,0.025628809691964984
RPL32,0.025625183354158716
SNORA7A,0.025625183354158716
FAM162A,0.02559630920592213
KPNA1,0.02558042357161785
FAM3D,0.025531266138977007
IQSEC1,0.02551878361492907
PARP9,0.025497027388790353
COX17,0.02549654327593249
POPDC2,0.02549654327593249
FAM19A1,0.025449110403801857
CD86,0.025415774883303804
POGLUT1,0.025411557849086896
PCCB,0.025405397288725512
MIR563,0.025388916106138443
TMEM39A,0.025385818983117675
ARHGAP31,0.025385818983117675
ANKRD28,0.02537980641915152
EPHB1,0.0253608689550647
RABL3,0.025325396713648095
PLA1A,0.025323784514439406
TIMMDC1,0.025323784514439406
CD80,0.025323784514439406
ADPRH,0.025323784514439406
B4GALT4,0.025323048816547223
C3orf30,0.025323048816547223
UPK1B,0.025323048816547223
RFTN1,0.025311066680790213
SNORD112|ENSG00000252170.1,0.02530058365097805
MAATS1,0.025298218132665005
LINC00690,0.025294462687357668
KY,0.025286965674029587
RNA5SP141,0.025286965674029587
GALNT15,0.025285432445315396
OXNAD1,0.025280877601821936
FLNB,0.025267055934400665
DPH3,0.025265610931624386
FAM107A,0.02526471611210067
GTF2E1,0.02525635375452332
ILDR1,0.02524230008764959
CASR,0.025195872996460013
MIR5682,0.025148438490024093
THRB,0.025132373542802854
PLCL2,0.025132013808975843
MIR3714,0.025129633404570122
U7|ENSG00000271841.1,0.02509595923064283
RNA5SP133,0.025087116577034194
RN7SKP45,0.02507870003804665
IGSF11,0.025058560074014878
CSTA,0.025046478050238814
SLC15A2,0.0250209577583454
IQCB1,0.0250209577583454
EAF2,0.0250209577583454
CCDC58,0.02501666700639365
SPATA12,0.024976724690053097
IL17RD,0.024976724690053097
COL6A6,0.024917343951002723
RAB6B,0.024903884476129002
ROBO1,0.02483960841524096
SLCO2A1,0.02482616969322744
C3orf36,0.024822212242835904
PIK3R4,0.02479280919534741
RN7SKP212,0.024753616743125418
RPL39P5,0.0247382413202728
RFT1,0.024706634745179947
COL6A4P2,0.02468068210264714
ARHGEF3,0.02467936307921416
MAGI1,0.024679067327910368
FOXP1,0.024671445169518948
CCDC174,0.024649004322321713
RNA5SP124,0.02463828213440364
SLC6A6,0.02463828213440364
CEP63,0.024625406270173164
C3orf20,0.024625231552948452
PRKCD,0.024623696610039974
ATP2C1,0.024574616686415602
RYK,0.024554652109236862
SRPRB,0.0245188020994134
COL6A5,0.024512576147851406
KBTBD8,0.024493169476452713
ACKR4,0.024482531084229143
NPHP3,0.024482531084229143
ACAD11,0.024482531084229143
FSTL1,0.024437691370736002
TF,0.024423638047657806
RNA5SP140,0.024423638047657806
ALG1L2,0.02441180107551202
FAM86HP,0.02441180107551202
LRRC58,0.02441021810375574
GPR156,0.02440839103897064
ACPP,0.024399559347722356
RN7SL762P,0.024399407129253887
RN7SL397P,0.024399407129253887
U3|ENSG00000200222.1,0.024398812256003825
LSM3,0.024384577287228596
XPC,0.024384577287228596
TMEM43,0.024384577287228596
CHCHD4,0.024384577287228596
ASTE1,0.02434169454899279
TOPBP1,0.0243087204243734
TFP1,0.0243087204243734
CDV3,0.02430809172303461
SNORA33|ENSG00000201827.1,0.02430809172303461
BFSP2,0.02430809172303461
ERC2,0.02429411913507168
GRIP2,0.024290676134609456
PSMD6,0.024286142198036237
WNT7A,0.024274789029535893
LINC00620,0.024273451168055987
FGD5P1,0.024272827261500488
TPRXL,0.024272827261500488
GSK3B,0.024259372539519094
PRICKLE2,0.024240137229386057
CACNA2D3,0.024236592869030207
LRIG1,0.024233335225445116
RN7SL482P,0.024233335225445116
ADAMTS9,0.024197615047912
SATB1,0.024188248332887106
ANAPC13,0.024170636279435283
UBA5,0.024147099273064083
SLC25A26,0.02413379595466499
AMOTL2,0.024096424261135584
ADRA1B,0.024084644559780176
HDAC11,0.024060467479674802
NUP210,0.024058055469795236
TMCC1,0.024008864077113567
RN7SL271P,0.024001236974613628
EIF4E3,0.023981930554584256
PROK2,0.023981930554584256
GPR27,0.023981930554584256
DNAJC13,0.02397008427887454
GADL1,0.023965504214710626
EBLN2,0.023951871634380024
TTC1,0.023935728376505955
MIR4788,0.023929273906087727
snoU13|ENSG00000238568.1,0.023921484894048547
RHO,0.023919390884990184
RN7SL752P,0.023919390884990184
H1FOO,0.023919390884990184
RNA5SP136,0.023894590530806344
GXYLT2,0.023894590530806344
SHQ1,0.023894590530806344
MIR1284,0.02388575272339717
PWWP2A,0.02387224348888
FABP6,0.02387224348888
CCNJL,0.02387224348888
RN7SL295P,0.02387224348888
TBC1D5,0.023868399260306237
snoU13|ENSG00000238701.1,0.023850910774930532
C1QTNF2,0.02385063760832295
TRH,0.02383265623727618
PPP4R2,0.023822417651584014
IFT122,0.02379921764491212
GABRG2,0.02379088678048894
SNORA68|ENSG00000252458.1,0.023725734482515665
RNF145,0.023725734482515665
RYBP,0.023719754348262866
GABRA6,0.023718882835067283
MBD4,0.023683414615020368
LINC00877,0.02366093345688507
LINC00870,0.02363450678369114
GABRA1,0.023626435499401136
RN7SL582P,0.023619079510115323
MITF,0.02360450402521972
EBF1,0.023575996336394154
MIR3142,0.023558787957070053
PTTG1,0.023558787957070053
MIR146A,0.023558787957070053
C5orf54,0.02355456071956976
SLU7,0.02355456071956976
NEK11,0.023508737264587836
TUSC7,0.02348163595493699
GABRB2,0.023465226637707694
MIR5704,0.023403320328945525
UBLCP1,0.023381308564852852
IL12B,0.02338113242995701
RNU4ATAC2P,0.02338113242995701
RN7SL791P,0.02329664359737516
RNA5SP196,0.02329664359737516
GPR151,0.02329664359737516
TCERG1,0.02329664359737516
NUDT16,0.023272398888545858
NUDT16P,0.023272398888545858
TGFBR2,0.023257461024498913
POU4F3,0.023174725144113596
RBM27,0.023174725144113596
SNORA58|ENSG00000249020.1,0.023171739313480603
MRPL3,0.023171739313480603
LINC00698,0.023123626892661474
U3|ENSG00000199927.1,0.023120498435341544
RNA5SP199,0.023110824076466037
CLINT1,0.023090838636950724
C5orf52,0.02298559216551985
KIF4B,0.02286804560719571
THG1L,0.02282679481458868
LSM11,0.02282679481458868
ARHGEF37,0.022778950705713844
MAP3K1,0.022749429476760376
SETD9,0.02274436180750515
snoU13|ENSG00000238717.1,0.02274436180750515
snoU13|ENSG00000239191.1,0.02273629670510324
NDST1,0.02272011577933823
KALRN,0.02268420387886269
U3|ENSG00000221043.1,0.02267735609779012
RN7SL868P,0.02267735609779012
MIR378A,0.02267735609779012
PPARGC1B,0.02267735609779012
PDE6A,0.02267735609779012
SLC26A2,0.02267735609779012
HMGXB3,0.02267735609779012
TIGD6,0.02267735609779012
CAMK2A,0.02267614076700878
ARSI,0.022648017895305454
RPS14,0.022648017895305454
TCOF1,0.022648017895305454
CD74,0.022648017895305454
RN7SL863P,0.022642911122506812
MRPL22,0.022616384068011558
DCTN4,0.022569050750334683
RBM22,0.022568933327070786
MYOZ3,0.022568933327070786
LINC00903,0.022531791066492075
FAM114A2,0.02252169981916819
ANXA6,0.022502231042014032
SLC6A7,0.022497269909114413
snoU13|ENSG00000238369.1,0.022497269909114413
CDX1,0.022497269909114413
PDGFRB,0.022497269909114413
CSF1R,0.022497269909114413
HAVCR2,0.022461156384302877
ITK,0.022461156384302877
MED7,0.022461156384302877
FAM71B,0.022461156384302877
CYFIP2,0.022461156384302877
NIPAL4,0.022461156384302877
FNDC9,0.022461156384302877
HAVCR1,0.022450887719875037
GEMIN5,0.022407574014018185
CNOT8,0.022407574014018185
SYNPO,0.0224061729409831
NMUR2,0.02236493389070239
FAXDC2,0.022364833606490653
RBMS3,0.022357747594606615
SPARC,0.022347097296916456
GLRA1,0.022343281040839796
RNA5SP198,0.022343081421291176
G3BP1,0.022343081421291176
ATOX1,0.022343081421291176
RN7SKP232,0.022343081421291176
TIMD4,0.022332801014536986
MIR4447,0.02231733334172182
LARP1,0.02229312689611883
DAZL,0.022264907802410448
CPNE4,0.0222618859016809
PRELID2,0.02224508825102515
MIR378H,0.02223523497343979
HACL1,0.022223459682495294
MIR3141,0.022219258589511758
LINC00901,0.022194978861011124
SOX30,0.022182139745000887
SLC36A3,0.022175125055776054
SLC36A2,0.022175125055776054
ADAM19,0.022174870436617103
MIR1303,0.022171659053132016
RN7SL439P,0.022171659053132016
GAP43,0.02211637259783886
CCDC69,0.022054701627486437
GRXCR2,0.022024597373269155
MIR4796,0.02199303781441222
ALDH1L1,0.02198895843273739
ZNF80,0.02198369099851978
RN7SL87P,0.021970897961609313
YIPF5,0.021970897961609313
RN7SL815P,0.02191937872872195
RN7SL814P,0.02189488712731705
KLF15,0.021890081113699524
FBLN2,0.021882381052288048
TIGIT,0.02183233656150227
MIR568,0.02183233656150227
ATXN7,0.02181971563498858
SNTN,0.021816163191942115
THOC7,0.02181388250654953
C3orf49,0.02181388250654953
RNA5SP134,0.021809745054982295
UTP15,0.021766500797486283
RNF14,0.021763790774673983
GNPDA1,0.021763790774673983
UROC1,0.021749715119705866
ZXDC,0.021749715119705866
CCDC37,0.021749715119705866
RAB5A,0.021734828659036535
C3orf22,0.021731477167475942
CHST13,0.021731477167475942
EFHB,0.021726550829467735
KAT2B,0.02172345085530084
PP2D1,0.02172345085530084
MIR145,0.02170397292893843
BTF3,0.02169948805562691
HMHB1,0.021698490521186175
SPINK14,0.021696808395542565
C3orf56,0.021694540963821632
NDFIP1,0.021692993150930543
PPP2R2B,0.021688783934046933
SPRY4,0.021653787308303727
PCDHGB1,0.021645126611812397
PCDHGB4,0.021645126611812397
PCDHGB2,0.021645126611812397
PCDHGB3,0.021645126611812397
PCDHGA1,0.021645126611812397
PCDHGA3,0.021645126611812397
PCDHGA5,0.021645126611812397
PCDHGA2,0.021645126611812397
PCDHGA6,0.021645126611812397
PCDHGA8,0.021645126611812397
PCDHGA4,0.021645126611812397
PCDHGA7,0.021645126611812397
PCDHGA12,0.021645126611812397
PCDHGB7,0.021645126611812397
PCDHGB6,0.021645126611812397
PCDHGA11,0.021645126611812397
PCDHGA10,0.021645126611812397
PCDHGA9,0.021645126611812397
FCHSD1,0.021645085523720718
ARAP3,0.021645085523720718
RELL2,0.021645085523720718
HDAC3,0.021645085523720718
PCDHB15,0.021641147009956865
PCDHB13,0.021641147009956865
PCDHB14,0.021641147009956865
PCDHB12,0.021641147009956865
PCDHB11,0.021641147009956865
PCDHB10,0.021641147009956865
PCDHB18,0.021641147009956865
PLXND1,0.02164114183384607
DIAPH1,0.02163626644299665
PCDHGC5,0.02163626644299665
PCDHGC4,0.02163626644299665
PCDHGC3,0.02163626644299665
PCDH1,0.021624209607822027
RN7SKP246,0.021617216378439417
ANKRA2,0.021591973763597592
CETN3,0.021575917850450675
FGF1,0.021569213851137303
SH3TC2,0.021533062858379328
ADRB2,0.021531602293627605
HTR4,0.0215185599913448
KCTD16,0.021495340821299114
CSNK1A1,0.021482358582583592
C5orf46,0.021465179054419557
SCGB3A2,0.021465179054419557
SPINK1,0.021465179054419557
SPINK5,0.021464843665476577
FBXO38,0.021462155144433625
SPINK9,0.021462155144433625
SPINK6,0.02146191712647409
LARS,0.021459019643284036
PLAC8L1,0.021459019643284036
SH3RF2,0.021451270778792962
MIR143,0.021450579510345083
PIK3R1,0.021442858186272024
KIAA0141,0.0214422431001303
PCDH12,0.0214422431001303
MIR3135A,0.021442116967865833
SGOL1,0.021442116967865833
TMEM108,0.021442109704641343
STK32A,0.021433829018565005
RN7SKP145,0.021433160229362768
MIR584,0.021433160229362768
ABLIM3,0.021433160229362768
DPYSL3,0.021426868981932263
GRPEL2,0.02142246024018177
AFAP1L1,0.02142246024018177
PCYOX1L,0.02142246024018177
IL17B,0.02142246024018177
QTRTD1,0.02140133421076401
FOXD1,0.021395251988141708
PCDHGB8P,0.021390774792229058
SLC25A2,0.02138979426688011
TAF7,0.02138979426688011
RN7SL68P,0.021389091360154062
MIER3,0.021382886860955748
FBLL1,0.021347630584266336
PANK3,0.021347630584266336
MIR103A1,0.021347630584266336
SYNPR,0.021302393783682157
PCDHB2,0.02128220437240767
PCDHB1,0.02128220437240767
PCDHB17,0.021280704270807204
PCDHB16,0.021280704270807204
PCDHB7,0.021280704270807204
PCDHB6,0.021280704270807204
PCDHB5,0.021280704270807204
PCDHB8,0.021280704270807204
PCDHB4,0.021280704270807204
RARS,0.021265559967697394
NR3C1,0.021260307838592726
MBLAC2,0.021253433880958777
DRD3,0.021245609620769296
KIAA1407,0.02124317410547233
ZDHHC23,0.021237354675544204
SLCO6A1,0.021228971239635346
WDR52,0.02121287919441901
MIR143HG,0.021200551768906215
PAM,0.02116478044363966
BOC,0.021157716468322867
LINC00492,0.021157445662451087
LINC00491,0.021157445662451087
RN7SL802P,0.021153589172029273
COL4A3BP,0.021151460938935655
SLCO4C1,0.02115124548022762
JAKMIP2,0.021146743481553595
LYSMD3,0.02114312564823992
POLR3G,0.02114312564823992
SIDT1,0.02113256415922221
SPICE1,0.02113256415922221
PCDHA14,0.0211296183406844
ARHGEF28,0.021122478360344324
PCDHAC2,0.02110329783292094
PCDHAC1,0.02109761418104014
PCDHA12,0.02109761418104014
PCDHA9,0.02109761418104014
PCDHA13,0.02109761418104014
PCDHA8,0.02109761418104014
PCDHA7,0.02109761418104014
PCDHA10,0.02109761418104014
PCDHA6,0.02109761418104014
PCDHA5,0.02109761418104014
PCDHA11,0.02109761418104014
PCDHA4,0.02109761418104014
PCDHA1,0.02109761418104014
PCDHA3,0.02109761418104014
PCDHA2,0.02109761418104014
RGMB,0.021085656491567857
MIR4446,0.021079999368666953
POLK,0.021071441697564548
GIN1,0.021058741282784472
PPIP5K2,0.021058741282784472
KCNH8,0.021041667828910305
MIR5197,0.02103300647768468
GPR98,0.021017580553661368
RNA5SP188,0.02099059085100654
RN7SKP68,0.02099059085100654
KIAA2018,0.02096928880330819
RN7SL767P,0.02096928880330819
LSAMP,0.02096873197733527
TMEM161B,0.020934009890494
RNA5SP187,0.020934009890494
ATP6V1A,0.020932204299378143
NAA50,0.020932204299378143
ANKDD1B,0.02092174815423364
MIR585,0.0209047885277941
PJA2,0.020884557420449163
FBXL17,0.020879010492175273
SNORD112|ENSG00000253076.1,0.02087535275734715
C5orf30,0.020862914085645043
RN7SKP230,0.020832938897834524
MIR3660,0.020821910099839497
FER,0.02081515205345221
LINC00461,0.020791056151188182
KCNN2,0.02078643826820767
GRAMD1C,0.020779686858802368
CD96,0.020757921651567295
SNORA70|ENSG00000206958.1,0.020757190091169043
CCDC80,0.020725638435556682
SLC9C1,0.020721515830676503
C3orf17,0.020712345717983527
GTPBP8,0.020712345717983527
RN7SKP117,0.020702183201571994
LUCAT1,0.020662405235200066
CD200R1,0.0206085450929638
CD200R1L,0.0206085450929638
ZBTB20,0.02060549613237333
SNORA40|ENSG00000212363.1,0.020589650736685106
FAM169A,0.020589650736685106
NSA2,0.020589650736685106
GCNT4,0.02058700775059725
ARGFX,0.020586802885290075
FBXO40,0.020586802885290075
GOLGB1,0.020586802885290075
HCLS1,0.020586802885290075
RN7SL172P,0.020586802885290075
snoU13|ENSG00000238670.1,0.020586802885290075
MAN2A1,0.020582215447736852
CENPH,0.02058155370897876
RN7SL103P,0.02058155370897876
snoU13|ENSG00000238334.1,0.02058155370897876
SNORA50|ENSG00000220986.1,0.02058155370897876
CCNB1,0.02058155370897876
HMGCR,0.020577554616307607
FAM174A,0.020573173037802758
POLQ,0.020560271127452363
RN7SKP122,0.02053887147515057
ANKRD31,0.020532191462452304
RN7SL782P,0.020526390886534372
POC5,0.02048485012269077
PLCXD2,0.02047967738880647
PCDHB3,0.020478090645540917
ATG3,0.02045932321095997
MCC,0.020448288135970293
FLJ11235,0.020446246941453566
STXBP5L,0.02044072244519914
WDR36,0.02043829328810223
TSLP,0.02043829328810223
STARD4,0.0204222656451456
SLC25A46,0.020420351725679218
SNORA51|ENSG00000207177.1,0.020420351725679218
CD200,0.02041459957700688
BTLA,0.02041459957700688
RN7SKP57,0.020413509750101727
TICAM2,0.02040859475325627
TMED7,0.02040859475325627
SLC35A5,0.02040420152151268
RN7SL255P,0.020391803382021786
CD180,0.02035593610769326
SLC36A1,0.0203536797425152
NUDT12,0.020330420431949856
CKMT2,0.02029163648942268
PHLDB2,0.02027144480570726
NREP,0.020267581986235836
SRP19,0.020258639469822037
SNORA13,0.02025810407366872
FAT2,0.020232098112066336
SEMA6A,0.020227911163089345
MIR548F3,0.020227189117018447
ABHD10,0.020226954764986274
RNA5SP197,0.020222172419751994
APC,0.020216817994910034
SNORA40|ENSG00000253065.1,0.020216647313770156
U8|ENSG00000212249.2,0.020168349373830663
TRIM36,0.020151933131535467
TMPRSS7,0.0201470216862906
ATG12,0.02014649834892678
AP3S1,0.020145678545221035
FEM1C,0.020141034901852865
CDO1,0.020131501100715442
GFM2,0.020121907057691686
ZRSR1,0.02011392978352595
ZCCHC9,0.02010798408803471
TMEM232,0.020102727048724754
PGGT1B,0.02008822922399557
CCDC112,0.0200881718950651
REEP5,0.02007868968996513
TSSK1B,0.02007762337185838
MAT2B,0.020076114278860798
S100Z,0.020075912074329804
RNU6ATAC36P,0.020075912074329804
CRHBP,0.020075912074329804
AGGF1,0.020075912074329804
SNORA47,0.020075912074329804
ZBED3,0.020075912074329804
RNU4ATAC13P,0.020072796275912692
YTHDC2,0.02007025087139976
TAGLN3,0.020061018340225393
RAD17,0.020052689241349085
TAF9,0.020052689241349085
ACOT12,0.02003858543493069
CARTPT,0.02003229449341807
RN7SL208P,0.020027628606742537
snoU13|ENSG00000238688.1,0.020027628606742537
F2RL1,0.020027628606742537
RN7SKP89,0.0200101013575491
DCP2,0.020000068794716552
MRPS36,0.019999758409322044
CDK7,0.019999758409322044
CCDC125,0.019999758409322044
F2R,0.019983346119422075
ADAMTS6,0.0199761948906381
MIR874,0.019971683341102782
RNA5SP186,0.019971521689781568
ZBED2,0.019965687048202292
CCNG1,0.019940746700515197
CENPK,0.019935399776388186
PPWD1,0.019935399776388186
C3orf52,0.01993506108147353
MIR567,0.01993506108147353
GCSAM,0.01993506108147353
SPINK7,0.01988373070747286
SPINK13,0.01988373070747286
PDE8B,0.019883641264970383
MARVELD2,0.019820003708135997
MIR5687,0.01978540690491177
SNORA31|ENSG00000252337.1,0.019767108929211238
WDR41,0.01976421919618122
F2RL2,0.019761592720453476
IQGAP2,0.01976113987981076
PKD2L2,0.019749847599239766
MYOT,0.019749847599239766
NPY6R,0.019749847599239766
HNRNPA0,0.019749847599239766
ZNF608,0.01973556050808569
TNIP1,0.019723456991605378
EOMES,0.019716630031077084
AQPEP,0.019715619840396256
ARL14EPL,0.019715619840396256
snoU13|ENSG00000238400.1,0.01971363077078663
PVRL3,0.019685753969506625
NUDCD2,0.0196818751967697
HMMR,0.0196818751967697
OTP,0.019646491284149515
NEK10,0.019638610437353134
RNU6ATAC15P,0.019636093311026243
TBCA,0.019607962536760004
TRAPPC13,0.019551130138717975
TRIM23,0.019551130138717975
RNA5SP185,0.0195369292495479
RNU6ATAC2P,0.019505900580168756
SGCD,0.01947699384938647
SREK1,0.019457679493446147
P4HA2,0.019447084065454645
PDLIM4,0.019447084065454645
GAPT,0.01944020028473748
PLK2,0.01944020028473748
SLC4A7,0.019409890661714536
RN7SL859P,0.019409890661714536
CBLB,0.019390349681049926
MIR548AE2,0.019367262936670113
SCAMP1,0.01936389208541106
CSNK1G3,0.019335777882683588
GM2A,0.019335548394722884
RAF1,0.01931498725990813
snoU13|ENSG00000239140.1,0.01931498725990813
TMEM40,0.01931498725990813
MIR2277,0.01931354172048566
SNCAIP,0.01928853733244042
TAMM41,0.019286079019268747
SERINC5,0.019262631590163223
SPZ1,0.019262439330227296
IL4,0.01925880637334003
IL13,0.01925880637334003
GPX3,0.01925658156447946
DMGDH,0.01924201402207731
ARRDC3,0.01923026153770378
MTRNR2L2,0.019230242462895487
DHFR,0.019230242462895487
ANKRD34B,0.01922690224734888
FAM151B,0.01922690224734888
PPARG,0.01921887887191348
ZNF474,0.019212137846234916
ZFYVE16,0.01920707174437079
MIR4445,0.019198349064048742
MIR3936,0.019192754090914515
SLC22A4,0.019192754090914515
SLC22A5,0.019192754090914515
C5orf56,0.019192754090914515
IRF1,0.019192754090914515
MSH3,0.019189905846998655
MKRN2,0.019183692682377757
C3orf83,0.019183692682377757
LHFPL2,0.01918202062822316
PART1,0.019178861196486603
DTWD2,0.019176430226047637
snoU13|ENSG00000239011.1,0.019176430226047637
KLHL3,0.019174621388699624
MIR5706,0.019174487028884486
SYN2,0.0191704358237058
snoU13|ENSG00000238383.1,0.0191612036315855
BHMT2,0.019158627413374252
RNA5SP123,0.019149243269240633
TSEN2,0.019149243269240633
LOX,0.019139734539506185
SNORA31|ENSG00000251828.1,0.01913815953042403
SMIM3,0.019122216668876684
NR2F1,0.019116760526995603
GPR125,0.019088898930382698
PMM1,0.019087099537073552
CSDC2,0.019087099537073552
RNA5SP190,0.019049578973947986
snoU13|ENSG00000239084.1,0.019049578973947986
ZNF300P1,0.019042692193922836
ZNF300,0.019042692193922836
IRGM,0.019042692193922836
XRCC6,0.019030555249039748
DESI1,0.019030555249039748
WWC1,0.019026391637076583
TNFAIP8,0.01902199545489477
RN7SL174P,0.019011521951540836
RN7SL147P,0.019011373985653328
CEP120,0.01901034176117338
IL5,0.018999390396959144
RAD50,0.018999390396959144
7SK|ENSG00000249352.3,0.01897239069334966
snoU13|ENSG00000239103.1,0.018965406699089884
PRDM6,0.018965406699089884
RN7SL711P,0.018965406699089884
RN7SL689P,0.018965406699089884
PPIC,0.018965406699089884
SNX24,0.018965406699089884
snoU13|ENSG00000252295.1,0.018965406699089884
SNX2,0.018965406699089884
RNA5SP189,0.018952823100877224
DMXL1,0.01894472866600065
ACO2,0.018911008822401244
TIMP4,0.0188869252888266
POLR3H,0.01887605550914033
ALCAM,0.01887349665045337
TRPC7,0.018846746300588336
JMY,0.018835006179942868
HSD17B4,0.018830733255019928
MIR5688,0.018825838262788486
SRFBP1,0.018818794119907344
MAST4,0.01881494688285583
MORC1,0.01881325483758958
U3|ENSG00000221633.1,0.01881325483758958
GUCA1C,0.01881325483758958
LINC00488,0.01881325483758958
DPPA2,0.01881325483758958
ARSB,0.01880596044836551
SLC30A5,0.0187925392531857
ZC3H7B,0.018787179931795864
snoU13|ENSG00000239159.1,0.018771043771043782
KIF3A,0.018763665268165565
CCNI2,0.018763665268165565
snoU13|ENSG00000238796.1,0.0187554953921182
THBS4,0.01875416080637601
DEPDC1B,0.018750642136798227
LINC00693,0.018739583995929013
GPR78,0.018737290000258876
CPZ,0.018737290000258876
SNORA18|ENSG00000206592.1,0.0187200645697481
RNY3P1,0.0187200645697481
BHMT,0.0187200645697481
FAM170A,0.01871657865557105
snoU13|ENSG00000239067.1,0.01871657865557105
AP3B1,0.018714246899373486
FTMT,0.018713877940869723
POU5F2,0.018708661072174785
H2AFY,0.018699633042875384
GRIA1,0.018678883796405893
SNORA76|ENSG00000252904.1,0.018660227385398454
PRR16,0.018657635008288768
CXCL14,0.01865152221465201
PAPD4,0.018649613220815757
CMYA5,0.018649613220815757
MTX3,0.01863220282998766
SHROOM1,0.018594195622811095
SOWAHA,0.018594195622811095
SEPT8,0.018594195622811095
UQCRQ,0.018594195622811095
RNA5SP192,0.018594195622811095
GDF9,0.018594195622811095
LEAP2,0.018594195622811095
RAD18,0.018586013528033376
ABLIM2,0.018574331495431133
SNORA43|ENSG00000199815.1,0.01856597730319378
SH3TC1,0.01855869638373328
SETD5,0.01853786212048346
THUMPD3,0.018526503484338437
RN7SL177P,0.018504006104540262
SV2C,0.018492819172369224
HRH1,0.018490923324089522
TEF,0.018483881646357815
DRD1,0.018476252111532813
snoU13|ENSG00000239026.1,0.018476252111532813
PITX1,0.018474211400772145
PMCHL2,0.018473447230249535
RUFY1,0.018471194745185184
TMEM174,0.018461429635145205
GBE1,0.018440450942794336
SMAD5,0.018430712545314094
TGFBI,0.018430712545314094
TRAT1,0.018416831339373087
HNRNPH1,0.018414602286197745
FSTL4,0.01840516489164603
CMC1,0.018402648984260576
TOB2,0.018367356590002683
LRRN1,0.018358554280977876
HEXB,0.018353014526161004
MIR5692C1,0.0183510933187399
FBXL21,0.01834472573839664
LECT2,0.01834472573839664
SPOCK1,0.018344113626909145
ENC1,0.01834379409017746
SRGAP3,0.01833980543556243
CBY3,0.018327375335282666
C5orf60,0.018327375335282666
IL9,0.018327247875438303
LRRTM2,0.01832296054598774
RN7SL71P,0.01831779450252654
HAND1,0.018313302022317554
SAP30L,0.018310525628437224
CDKN2AIPNL,0.018309762015754044
UBE2B,0.018309762015754044
snoU13|ENSG00000238451.1,0.01830381781920305
RN7SL616P,0.01830381781920305
RN7SL9P,0.01830381781920305
SERF1A,0.01830381781920305
SERF1B,0.01830381781920305
OCLN,0.01830381781920305
NAIP,0.01830381781920305
GUSBP3,0.01830381781920305
GTF2H2,0.01830381781920305
GTF2H2C,0.01830381781920305
GTF2H2B,0.01830381781920305
snoU13|ENSG00000238740.1,0.01830381781920305
SMN2,0.01830381781920305
SMN1,0.01830381781920305
RN7SL476P,0.01830381781920305
HMGB3P22,0.018302184392679333
SEC24A,0.01829930911655369
SAR1B,0.01829930911655369
PHF5A,0.018292458134316993
MIR95,0.018287521679480227
C5orf24,0.018270956598654072
MIR4461,0.018270956598654072
CATSPER3,0.018270956598654072
TXNDC15,0.018270956598654072
PCBD2,0.018270956598654072
CDKL3,0.018264460142718816
PPP2CA,0.018264460142718816
TCF7,0.018264460142718816
MIR3661,0.018264460142718816
SKP1,0.018264460142718816
AZI2,0.018261897425724188
RN7SL541P,0.01826154361052341
PHF15,0.01825983433140888
RN7SL655P,0.018254335092361032
MIR1294,0.018254335092361032
HOMER1,0.018241060392959155
C5orf15,0.01823705788838288
VDAC1,0.01823705788838288
MFAP3,0.018232714045941106
RNA5SP193,0.018226154394722784
CANX,0.018221260988206398
AFAP1,0.01822122129895679
HTRA3,0.01821103609468581
COMMD10,0.018198018135639916
ERCC8,0.018189614798653306
ETF1,0.01818276529557721
SSUH2,0.01818260798379091
CAV3,0.01818260798379091
OXTR,0.01818260798379091
LINC00312,0.018182050284989194
CAMK4,0.018172392522316297
C1QTNF7,0.01817012206360626
FBXL5,0.01817012206360626
CC2D2A,0.01817012206360626
ARL8B,0.018163635991527066
DDX46,0.018159757832203756
CAMLG,0.018159757832203756
TNPO1,0.018153792149771312
MIR4804,0.018153792149771312
BDP1,0.018152901013472243
BRD8,0.018132562543606102
GFRA3,0.018132562543606102
CDC23,0.018132562543606102
KIF20A,0.018132562543606102
CDC25C,0.01812808259060887
FAM53C,0.01812808259060887
RN7SL682P,0.01812808259060887
PSAPL1,0.018118674121819257
MIR4274,0.018118674121819257
MIR4798,0.01811707566462167
RN7SKP60,0.018117051377513037
DPPA4,0.018107707177152845
ACOX3,0.018107102707577764
TRMT44,0.018107102707577764
RNA5SP152,0.018107102707577764
WDR55,0.01809765143447676
DND1,0.01809765143447676
HARS,0.01809765143447676
ZMAT2,0.01809765143447676
HARS2,0.01809765143447676
LINC00504,0.018083797587266883
KDM3B,0.018079799818493694
ACTBL2,0.018079687970414714
FCHO2,0.018075858951175416
TMEM171,0.018075858951175416
EGR1,0.018054346970785867
REEP2,0.018054346970785867
EPB41L4A,0.018048318438801562
CYSTM1,0.01804706048985717
PFDN1,0.01804706048985717
ANKHD1,0.01804706048985717
APBB3,0.01804706048985717
MIR3655,0.01804706048985717
IK,0.01804706048985717
TMCO6,0.01804706048985717
SLC4A9,0.01804706048985717
NDUFA2,0.01804706048985717
CD14,0.01804706048985717
SNORA27|ENSG00000200235.1,0.01804706048985717
SLC35A4,0.01804706048985717
HBEGF,0.01804706048985717
EIF4EBP3,0.01804706048985717
SNORD45|ENSG00000200051.1,0.01804706048985717
SRA1,0.01804706048985717
RNA5SP194,0.018041510384153376
RAB3C,0.01803728016130838
PURA,0.018023333525681053
IGIP,0.018023333525681053
CHADL,0.018014076958242056
RANGAP1,0.018014076958242056
GPBP1,0.01800935549534247
CD47,0.017987916285236286
SFXN1,0.017974573854287804
RETNLB,0.017968827930174517
LINC00635,0.017968468070330507
SNORA63|ENSG00000202449.1,0.017955615936643476
BHLHE40,0.017954345445800875
snoU13|ENSG00000239126.1,0.0179478615953194
ATG7,0.01792211686338033
DZIP3,0.01791171438492376
KIAA1524,0.01791171438492376
RN7SKP170,0.017906909406567525
ARHGAP26,0.017860156720916214
MYH15,0.01785322137693739
CPEB2,0.017852845871657815
LINC00636,0.017840279049212423
MCCC2,0.017829912694859347
TRMT10C,0.017829144450323575
NEUROG1,0.017795259727659777
CEP97,0.017794191867800888
BBX,0.017787070745911338
PCNP,0.01778057375825906
C5orf20,0.01775706817637053
TIFAB,0.01775706817637053
SNORA70|ENSG00000202379.1,0.01775559834590738
IFT57,0.017746368256573764
MIR3921,0.017734702945446146
snoU13|ENSG00000238525.1,0.017726589740458844
RPL24,0.017699716444842414
ZBTB11,0.017699716444842414
VGLL4,0.01769024197144392
SNORD61|ENSG00000238377.1,0.017684429565712874
TMEM30C,0.017684429565712874
TBC1D23,0.017684127694791524
NIT2,0.017684127694791524
RN7SL867P,0.017671342464603657
ERBB2IP,0.017666461049057648
snoU13|ENSG00000238312.1,0.017648839323266448
IMPG2,0.017648839323266448
NFKBIZ,0.017616261006417302
NXPE3,0.017616261006417302
CPLX2,0.017567970515323706
LNP1,0.017549591626304144
MEF2C,0.01754006057662085
LINC00882,0.01753531361469745
TMEM45A,0.017518207225907995
TOMM70A,0.017517277870487187
RN7SKP148,0.017515064826799494
ELOVL7,0.017509281953623827
HRH2,0.017499697992847424
WNT8A,0.01748567097000949
NME5,0.01748567097000949
snoU13|ENSG00000238605.1,0.01748567097000949
TFG,0.017480860353347307
SNORA31|ENSG00000252989.1,0.017480860353347307
GPR128,0.017480860353347307
CCDC54,0.017480589665077827
HHLA2,0.01747194987215504
CADPS,0.017447533934860184
TENM2,0.01741953738158304
HSPA9,0.01741887363311674
ZCWPW2,0.017414336424377737
SNORD63|ENSG00000222937.1,0.017362490169460933
SNORD63|ENSG00000206989.1,0.017362490169460933
FKSG52,0.017361590679959675
NHP2L1,0.017360292932204483
SLIT3,0.01729900168647141
CTNNA1,0.017289826832237155
LINC00883,0.017274377347769834
LYRM7,0.0172690204918451
HINT1,0.0172690204918451
CDC42SE2,0.017196819633003214
MIR3607,0.017161235428477844
COX7C,0.017161235428477844
GBA3,0.01710959205228425
SENP7,0.017105902424464418
SUMF1,0.01708676160337552
FAM13B,0.017053250588846287
RNA5SP156,0.017001059241442646
HS3ST1,0.017001059241442646
MIR572,0.01699933870561863
snoU13|ENSG00000238745.1,0.01698393552168229
RASGRF2,0.01695106514356283
MEI1,0.016947862366810146
FILIP1L,0.016935308044012113
CMSS1,0.016935308044012113
C22orf46,0.016924744368285553
RNU6ATAC22P,0.016924744368285553
L3MBTL2,0.016919587413422487
ACSL6,0.016854496679892694
FNIP1,0.016838538744785247
GFPT2,0.016803975345412427
MAPK9,0.016803975345412427
RAPGEF6,0.016796570752455664
snoZ6|ENSG00000253067.1,0.01679419414722712
CSF2,0.01679419414722712
IL3,0.01679419414722712
CCNH,0.01679284550773964
NBPF22P,0.016792713556406907
VCAN,0.016786639245056377
SLC6A1,0.016755922340806924
ZNF354C,0.01672576263790795
ZNF879,0.01672576263790795
C3orf35,0.016689457695723962
GRM6,0.01667951026903547
RNA5SP128,0.016664327807948603
CLASP2,0.016664327807948603
UBP1,0.016659598716737167
ZNF518B,0.01665694622447724
THOC5,0.016635059751229798
PDCD6IP,0.01662096293382112
GOLGA4,0.01661867544887838
snoU13|ENSG00000238929.1,0.01661867544887838
RNA5SP129,0.01661867544887838
STT3B,0.016617624990367428
MLH1,0.016617474924865865
EPM2AIP1,0.016616927388576373
STAC,0.01661648124789604
TLL1,0.016603587855804337
SCGB3A1,0.016566298502523374
CNOT6,0.016566298502523374
ITGA9,0.016548813874164
RN7SKP227,0.01654878142756906
LINC00606,0.01653544485147436
HSPD1P6,0.016526539286742734
DCLK3,0.016526539286742734
SLC22A14,0.01652127888253927
TMEM167A,0.01652028865491542
EXOG,0.016518585815159855
FBXL2,0.016518180232723216
XYLB,0.016518147786128264
ACVR2B,0.016518147786128264
DIMT1,0.016508576441996395
EGOT,0.016490686764379293
ADAMTS2,0.016487920920326644
TRNT1,0.016461897407716232
SNORA43|ENSG00000253049.1,0.016461897407716232
IL5RA,0.016461897407716232
CRBN,0.016461897407716232
SCARNA18|ENSG00000238835.1,0.01645927253865265
GPD1L,0.016449486735426427
snoU13|ENSG00000238646.1,0.016449486735426427
SLC6A11,0.016443787172628073
MIR4790,0.016437983823058982
RN7SL553P,0.016437983823058982
RNU6ATAC4P,0.01643134908885906
AFF4,0.016425210837107317
ZCCHC10,0.016425210837107317
HSPA4,0.016425210837107317
GALNT10,0.016422203297246855
CKS1B|ENSG00000268942.1,0.0164213059838042
ACAA1,0.01641994411074023
SGTB,0.016398958381988873
SNORA25|ENSG00000201701.1,0.016386122591347314
MYD88,0.01638524247745976
LRRFIP2,0.01635655563171494
SUSD5,0.016347421915241387
CCR4,0.016346051046605484
ITPR1,0.016323781270190844
GRM7,0.016286539144045344
TRANK1,0.016279194837746747
HAPLN1,0.016275641783982032
SETMAR,0.016267904730179878
CCDC134,0.016264000508087868
LRRC70,0.016258803989828385
ZNF860,0.016255014012873197
ZNRF3,0.01625312386834793
CNTN4,0.01624967312211022
XRCC4,0.016241420888350972
DDX4,0.016241160424269895
TRIM71,0.016240737511102832
CMTM7,0.01623368037670498
CMTM6,0.01623368037670498
DYNC1LI1,0.01623368037670498
CNOT10,0.01623368037670498
AP1B1,0.016217380949545692
PLCD1,0.01621068969744423
MIR26A1,0.01621068969744423
DLEC1,0.01621068969744423
VILL,0.01621068969744423
EDEM1,0.016208741945802685
RNA5SP183,0.016195143343466844
SREBF2,0.01619126088846983
CMTM8,0.016185602634663527
RN7SKP150,0.016170170431041624
TNFRSF13C,0.01615311521381217
SHISA8,0.01615311521381217
CENPM,0.01615311521381217
SEPT3,0.01615311521381217
LINC00634,0.01615311521381217
MIR33A,0.01615311521381217
MIR378I,0.01615311521381217
RNA5SP184,0.016117989846659273
ANKRD55,0.016117989846659273
CHEK2,0.01609762148141261
IL6ST,0.016092049027405093
IL31RA,0.016092049027405093
snoU13|ENSG00000238326.1,0.01608799066427822
NAGA,0.016051741910898972
FAM109B,0.016051741910898972
snoU13|ENSG00000238498.1,0.016051741910898972
NDUFA6,0.016051741910898972
WBP2NL,0.016051741910898972
ARAP2,0.016040514173097098
XBP1,0.01602744040135247
LMCD1,0.01602160816824252
CNTN6,0.01600793507920868
CHL1,0.01600793507920868
RN7SKP144,0.01600793507920868
RN7SL120P,0.01600793507920868
IPO11,0.016006619999812323
SQSTM1,0.01599824191279888
MIR1229,0.01599824191279888
MGAT4B,0.01599824191279888
LTC4S,0.01599824191279888
RN7SKP295,0.01594971289210022
MIR885,0.015926045482572263
RFPL1S,0.015925238740443257
RFPL1,0.015892582058762494
CCDC117,0.01588653166184505
HSCB,0.01588653166184505
SMDT1,0.015880999956030855
CYP2D7P1,0.01585433022780901
CYP2D6,0.015846860358885922
DDX60,0.015844116405329935
snoU13|ENSG00000238744.1,0.015844116405329935
ANXA10,0.015837035500811038
NLN,0.01581715166518753
RN7SL776P,0.01580917851138054
PTTG2,0.015805782520273134
RN7SL558P,0.015782634903163274
UBE2K,0.015782026888906363
RN7SKP188,0.015764100702905678
CRTAP,0.015761761049561795
RN7SL296P,0.015761761049561795
GLB1,0.015761761049561795
TMPPE,0.015761761049561795
UBTD2,0.015754610259826794
SNORA57|ENSG00000212529.1,0.015754610259826794
NEFH,0.015736297091984743
SLC25A48,0.015728057201725838
RNU4ATAC17P,0.01566882490513155
RNA5SP171,0.015668189999333372
SLC38A9,0.015643993845559218
RNA5SP170,0.015622719630252342
FBXW11,0.015569100599600273
STK10,0.015569100599600273
EFCAB9,0.015569100599600273
snoZ40,0.015565345917960454
CTDSPL,0.015554340072246008
IRAK2,0.015542648978999674
VHL,0.015542648978999674
SPDL1,0.015531553225646057
CYB5R3,0.015469021399784304
KLF3,0.0154420551005212
POLDIP3,0.01537504020737545
NFAM1,0.015355466310949643
RN7SKP80,0.015355466310949643
SERHL,0.015355466310949643
RRP7A,0.015355466310949643
SERHL2,0.015355466310949643
RRP7B,0.015355466310949643
SLC22A13,0.015319776259109795
RASL10A,0.015308594655957417
SNORD125,0.015307357722088624
MIR4801,0.015304493621861152
KIAA1239,0.015304493621861152
C4orf19,0.015296183902185505
RELL1,0.015295124964456928
RNA5SP159,0.015282422622323577
PDS5A,0.015280147810362469
CHD1,0.015256628168203955
KREMEN1,0.015245364549638075
RFC1,0.015244344006555601
snoU13|ENSG00000238642.1,0.015236974538464343
BRK1,0.015236974538464343
RANBP17,0.015227744836775487
snoU13|ENSG00000238345.1,0.015225331870443599
OXSR1,0.015193001100551027
ST8SIA4,0.015191615913679426
RN7SKP62,0.015191615913679426
MIR548P,0.015191615913679426
C22orf31,0.015188721929942339
RNA5SP158,0.015180814097790993
TLR1,0.015180814097790993
TLR10,0.015180814097790993
TLR6,0.015180814097790993
MIR574,0.015180814097790993
EWSR1,0.015153131599184595
GAS2L1,0.015153131599184595
RHBDD3,0.015153131599184595
ARPP21,0.015152809186760248
EMID1,0.015150149123770695
PGM2,0.015120782633421231
KIAA0825,0.015112803249119226
MIR548AB,0.015104824076243625
RNU12,0.015077240733382522
ATP5L2,0.015077240733382522
FOXI1,0.015076372418387739
MIR378E,0.015075559626915386
LCP2,0.015070016655562946
C5orf58,0.015070016655562946
CLNK,0.01506381455963253
OSBPL10,0.015060357866604007
SH3PXD2B,0.01502829678033638
A4GALT,0.015008793589525253
EFNA5,0.015008791907208312
RNA5SP127,0.015004713794825089
C5orf50,0.014984600266489026
NEK1,0.014960743939382713
FLT4,0.01493849955513021
OR2Y1,0.014936099501297222
MGAT1,0.014936099501297222
MSMO1,0.014915384672360036
CPE,0.014915384672360036
MIR578,0.014915384672360036
ZFP62,0.014912360651080023
LINC00847,0.014912360651080023
FAM114A1,0.014908284934226836
RN7SL193P,0.014889989604353945
RN7SL629P,0.014873812033766
BTNL8,0.014860684725638696
KLHL2,0.014849775203501947
DTHD1,0.014836949744946159
DOCK2,0.014825039862028577
TMEM192,0.014821851552836439
NPM1,0.014817115256495667
MIR3912,0.014817115256495667
FGF18,0.014817115256495667
KCNMB1,0.014812878081279159
TRIM61,0.014807845286680343
FAM218A,0.014807845286680343
TRIM60,0.014776455251794307
RN7SL339P,0.01477271485676216
SNORA70|ENSG00000206909.1,0.01477271485676216
BOD1,0.01476541005501885
TLX3,0.014755772818121253
FAM196B,0.014752204614233192
MIR4280,0.014744904117746462
RN7SKP34,0.014744904117746462
CLCN3,0.014744598588263184
SSBP2,0.014735708420438795
RHOH,0.014712037109835692
MIR4802,0.0146975443562125
RASA1,0.014686908028680175
MAML1,0.014669147719201189
RBM47,0.01466857457347276
KLHL5,0.014647646967461375
TMEM156,0.014647496505397229
RNF180,0.014643744740051173
RGS7BP,0.014643744740051173
RN7SL169P,0.014643744740051173
GABRP,0.014643737990335658
CHRNA9,0.01464225174935138
FAM159B,0.01464042560500145
SREK1IP1,0.01464042560500145
FAM172A,0.014632107989233667
MIR4454,0.014631742479494076
snoU13|ENSG00000252387.1,0.014606518987341778
C5orf45,0.014588745915796245
WDR19,0.01457824512697058
ERAP2,0.014572151898734174
NSG2,0.014570892098615862
N4BP2,0.014568655816757096
SNORA51|ENSG00000201863.1,0.014568655816757096
TBC1D9B,0.014551268439665949
CPEB4,0.014531046845717016
C5orf47,0.014530848451997591
LNPEP,0.014502938945014567
CWC27,0.014480012194493581
EDIL3,0.014455547087282122
SNORA51|ENSG00000207171.1,0.014445178353544235
TTC28,0.01444497804559901
DDX60L,0.014429616299598507
TBC1D1,0.014428039452023955
RN7SL623P,0.014427258494337097
SMIM14,0.01441412055364247
UGDH,0.014413944082493118
COL8A1,0.014409654146482329
MIR4634,0.014397053144717602
MSX2,0.014397053144717602
KLB,0.014364866025011217
TCF20,0.014361948976512173
DCBLD2,0.01435071410278068
THOC3,0.01434539751434516
GABRR3,0.014337230338333774
FAM153B,0.014300014012798365
ZPLD1,0.01429544651640567
MINA,0.014289921369682376
HSP90AB2P,0.01428863069389264
CRYBG3|ENSG00000080200.5,0.014281900314412291
FAM81B,0.014281230001408716
PSD2,0.01427084177842043
NRG2,0.01427084177842043
ANKRD32,0.014269598961953008
RPL9,0.01426595633054478
MIR5591,0.01426595633054478
LIAS,0.01426595633054478
ST3GAL6,0.014241906744334322
OR5AC1,0.014236544843257024
OR5AC2,0.014236544843257024
OR5H1,0.014236544843257024
OR5H14,0.014236544843257024
OR5H15,0.014236544843257024
LINC00973,0.014221164796721846
ARFGAP3,0.014208780344742775
SMIM15,0.014205254485059717
SPOCK3,0.014201866836786066
MCTP1,0.014192972570485613
ASCC2,0.014170449585333927
UQCR10,0.014170449585333927
MIR5091,0.014158463457451718
OR2V1,0.014157674564663134
GNB2L1,0.014157674564663134
BTNL9,0.014157674564663134
BTNL3,0.014157674564663134
OR4F3,0.014157674564663134
SNORD95|ENSG00000264549.1,0.014157674564663134
SNORD96A,0.014157674564663134
MIR4638,0.014157674564663134
OR2V2,0.014157674564663134
TRIM41,0.014157674564663134
TRIM52,0.014157674564663134
TRIM7,0.014157674564663134
BOD1L1,0.014154582832855957
OR5K3,0.014153944866143202
NDUFAF2,0.014141148725807828
snoU13|ENSG00000238899.1,0.014129878947165823
RPS23,0.01411201202749823
RAB28,0.014091467245680495
TTC37,0.014089682236219852
GPR150,0.014089283773721612
ARSK,0.014089283773721612
OR5H6,0.014089166126298933
OR5H2,0.014089166126298933
KCNIP1,0.014086417623897694
GPR15,0.014074194761248276
OR5K2,0.014074194761248276
CLDND1,0.014074194761248276
OR5K1,0.014070669202308237
RIOK2,0.014067167092632477
SPATA9,0.014060940612988277
ELL2,0.014059668752892891
CPOX,0.014058534086760346
MIR583,0.014051755851160187
LIX1,0.01404614862436607
HTR1A,0.014044741768716824
CRYBG3|ENSG00000233280.2,0.014039353302418886
C4orf27,0.014029916080911925
MTHFD2P1,0.014029671624608338
OR5H8P,0.014007053842423327
OR5K4,0.014007053842423327
RHOBTB3,0.013997790344327955
ABI3BP,0.013978413443986126
C5orf27,0.01394912962105815
NIPSNAP1,0.013926826440419019
GLRX,0.013921253345676288
CABP7,0.01389737014404189
ZMAT5,0.01389737014404189
RN7SL162P,0.01389236280795871
NF2,0.01388896769969445
SH3RF1,0.013854651915775411
RNY4P17,0.013851884419541511
ERAP1,0.01380261150820589
RN7SL378P,0.013799566090009862
CAST,0.013782773629357504
ARL6,0.013779565380863902
C5orf64,0.013771711579253686
LINC00971,0.013732988108937463
FEZF2,0.013637896340972623
SNORD42|ENSG00000201209.1,0.01360899119986771
MTRNR2L12,0.013574423622879634
LINC00879,0.013549599558958127
PCSK1,0.013482933354630041
ATP2B2,0.013431240491228326
EPHA6,0.013354453620067252
C3orf14,0.013353443048706528
SHISA3,0.013351107594936696
PACSIN2,0.013337165125073236
RN7SKP82,0.013311983432613549
ZSWIM6,0.01330129517727248
RN7SKP157,0.013299217625567405
ATP8A1,0.013265585443037964
BEND4,0.013179448994787785
SLC30A9,0.013143680193596423
DCAF4L1,0.013143680193596423
RN7SL757P,0.013129598941779497
PHOX2B,0.013106212769918088
LINC00682,0.013071123417721516
EP300,0.013021889472059282
TMEM33,0.013019271221146685
CCDC110,0.012954548345872053
PITPNB,0.012943488085833442
CXXC5,0.0129421183598399
DHFRL1,0.012941893275469234
ATP6AP1L,0.012940447130704233
ATG10,0.012930769641617266
MIR378B,0.012928988587586399
GHRLOS,0.012927697470997066
SEC13,0.012927697470997066
GHRL,0.012927697470997066
LINC00852,0.012927697470997066
NSUN3,0.012916454609892493
RN7SKP105,0.012902836017818164
KIF2A,0.01289482873486641
CEP44,0.012864681761454791
MIR4276,0.012857505794259212
TMA16,0.01284514245405023
HPGD,0.012833392761633096
TATDN2,0.012827949276483928
RNA5SP153,0.012817721518987335
USP17L10,0.012817721518987335
USP17L5,0.012817721518987335
USP17L30,0.012817721518987335
FAM90A26,0.012817721518987335
USP17L29,0.012817721518987335
USP17L28,0.012817721518987335
USP17L26,0.012817721518987335
USP17L25,0.012817721518987335
USP17L24,0.012817721518987335
USP17L23,0.012817721518987335
USP17L22,0.012817721518987335
USP17L21,0.012817721518987335
USP17L20,0.012817721518987335
HMX1,0.012817721518987335
USP17L19,0.012817721518987335
USP17L18,0.012817721518987335
USP17L17,0.012817721518987335
USP17L15,0.012817721518987335
USP17L13,0.012817721518987335
USP17L12,0.012817721518987335
USP17L11,0.012817721518987335
MIR548I2,0.012817721518987335
USP17L27,0.012817721518987335
DEFB131,0.012817721518987335
MN1,0.012814142676048579
TKTL2,0.012796625778892493
C4orf45,0.012790028869642452
RFESD,0.012787538735510065
MIR1281,0.012782942266131534
WNT7B,0.012763651586535734
NPY5R,0.012763556321929161
RNF130,0.012749377307156829
NAF1,0.012741891026897099
FNIP2,0.012732518190487385
MIR340,0.012729974836822552
MIR548T,0.012719795566648808
GALNT7,0.012719357282938106
NPY1R,0.012696685869551007
HMGB2,0.012691908836988145
PELO,0.01268100829206706
GRAMD3,0.012674374280782514
CRMP1,0.012664053536389485
MARCH3,0.012659524281109887
LMNB1,0.012658897671822386
PHAX,0.012648947548481186
ALDH7A1,0.012648947548481186
C5orf48,0.012648947548481186
SAP30,0.012636410233553186
SCRG1,0.012636410233553186
RN7SL253P,0.012633267962203569
EVC,0.012611041646178416
FAM198B,0.012605988164752915
RFPL2,0.01257498574681444
CD38,0.012574630212478809
TMEM144,0.012561044271139504
PPID,0.012551436297370386
U3|ENSG00000271817.1,0.012551436297370386
ETFDH,0.012551436297370386
C4orf46,0.012551436297370386
CDPF1,0.01254624794232842
PKDREJ,0.01254624794232842
U3|ENSG00000212211.1,0.012540352896049083
NPCDR1,0.012540352896049083
LINC00899,0.012533580253921397
C22orf26,0.012533580253921397
SLC5A4,0.012531876418760326
ACSL1,0.012531356436960402
HELT,0.012530471691021268
SNX25,0.012530471691021268
SLC25A4,0.012530471691021268
MIR4455,0.012530471691021268
MIR3945,0.012530471691021268
LRP2BP,0.012530471691021268
KIAA1430,0.012530471691021268
OTOP1,0.012519642965856025
TMEM128,0.012519642965856025
PALLD,0.012517276770441324
C4orf6,0.012506745903520227
RN7SKP275,0.012504015697513773
BST1,0.012502535281830372
FAM200B,0.012502535281830372
C5orf63,0.01249188108828348
MEGF10,0.012468660532617883
CASP3,0.012464925317033962
MLF1IP,0.012464925317033962
CCDC111,0.012464925317033962
KIAA0930,0.012462280751546791
UPK3A,0.012460871128266255
FHIT,0.012456757447896698
NUP50,0.012456046243212043
MIR1249,0.012453652721802799
CBR4,0.012443470119019754
PTPRG,0.012436951796445462
MIR4762,0.012427588881951147
STX18,0.012424090438659345
PROM1,0.012421733526728507
FGFBP2,0.012419786107059568
FGFBP1,0.012419786107059568
NSG1,0.01241950107007216
ZBTB49,0.01241950107007216
LYAR,0.01241950107007216
FBXO7,0.012412072710483698
BPIFC,0.012411233259065202
RN7SKP36,0.012407418854812047
CYTL1,0.012391046984831674
JAKMIP1,0.0123895296833804
RIBC2,0.012369113167205912
SMC1B,0.012369113167205912
RXFP1,0.012353844291693485
U3|ENSG00000251979.1,0.01235378953407468
C4orf50,0.012347916286170556
FAM118A,0.01234647404968685
MIR378D1,0.01233012545835149
RFPL3,0.012309435783715347
FLJ27365,0.012308054719872851
RTCB,0.012304175221492759
RFPL3S,0.012304175221492759
RASGEF1C,0.012297925702988984
RNA5SP497,0.012293825485045503
RNA5SP154,0.012289768328915
DRD5,0.012289768328915
FST,0.012288326705258684
MTNR1A,0.012284760105691198
NUS1,0.012282756103295095
DCAF16,0.012274290112897702
RN7SL305P,0.012260425811732036
SORBS2,0.012259334647923155
PACRGL,0.01225357276148415
FAM86EP,0.012252045312990258
RN7SL28P,0.01224608658944897
RNF44,0.012236243179571064
SLIT2,0.01223345411003639
LCORL,0.012194865175877829
NCAPG,0.012194865175877829
ENPP6,0.012187635530934302
UFSP2,0.012187508312563962
ANKRD37,0.012187508312563962
C4orf47,0.012187508312563962
MIR4763,0.012186070273031705
MIRLET7A3,0.012186070273031705
MIRLET7B,0.012186070273031705
SPATA4,0.012182980946566042
RWDD4,0.012182893755312804
TRAPPC11,0.012182893755312804
STOX2,0.012182893755312804
CADM2,0.012171978371008476
FBLN1,0.012168577647760208
RN7SL801P,0.012165057435261908
HSP90AA6P,0.012156180932288527
WDR17,0.012151118216895684
TBC1D14,0.012150634316301147
ITGA2,0.012149402745587448
KIAA0232,0.01213259060490689
QDPR,0.012131850060647523
MED28,0.012128067365409136
RN7SL315P,0.012128067365409136
LAP3,0.012128067365409136
snoU13|ENSG00000238536.1,0.012121967623549895
CLRN2,0.012121967623549895
ATXN10,0.01211688520557794
WDR1,0.01211256443132632
RNA5SP155,0.01211256443132632
MIR3138,0.01211256443132632
CDHR2,0.012106615358324283
GPRIN1,0.012106615358324283
KIAA1191,0.01210645056943715
ARL10,0.01210645056943715
MIR1271,0.01210645056943715
NOP16,0.01210645056943715
HIGD2A,0.01210645056943715
CLTB,0.01210645056943715
ING2,0.012104134018770493
CDKN2AIP,0.012104134018770493
snoU13|ENSG00000238596.1,0.012102636311592484
CLDN24,0.012102636311592484
CLDN22,0.012102636311592484
SIMC1,0.012094329431295228
FAF2,0.012093395627601523
RN7SL684P,0.01209207121321241
snoU13|ENSG00000239116.1,0.01209116931030295
PRR5,0.01209024900191102
MIR581,0.01208412035870654
LDB2,0.012077236183248841
STK32B,0.012072212389380516
CYP4V2,0.01207049632512387
SLC2A9,0.01207012886151923
ASB5,0.01206419125191196
SNORA51|ENSG00000201516.1,0.012060181659102784
MIR3619,0.01204378819700666
MSX1,0.012042826301765038
NEIL3,0.01204249413038416
VGLL3,0.012033308543658224
F11,0.012020343373946822
YWHAH,0.012018607839776705
C22orf24,0.012018607839776705
snoU13|ENSG00000238910.1,0.012018607839776705
SNORA75|ENSG00000206780.1,0.012010916555220349
KCNIP4,0.012007923414392347
ZEB2P1,0.011993527042577667
GRPEL1,0.011978448699756944
SYN3,0.011976596793995117
MSANTD1,0.011972725439677397
MIR4459,0.01196073838527587
RN7SKP13,0.01195329929278151
TAPT1,0.011941964979939655
MRFAP1,0.011936451294155126
CCDC96,0.01193593616094634
TADA2B,0.01193593616094634
RN7SKP292,0.01193425963650329
BLOC1S4,0.011925179242941524
MRFAP1L1,0.011925179242941524
S100P,0.011925179242941524
HTT,0.01192350845748853
MAN2B2,0.011923329446419125
SPCS3,0.01191046711441502
RN7SKP284,0.011906904440966998
snoU13|ENSG00000239034.1,0.011893506658725137
MIR1305,0.011877685319578325
PPP2R2C,0.011849327154359796
RN7SKP113,0.01182752871867639
snoU13|ENSG00000252388.1,0.011813928456778863
HORMAD2,0.011812645354125323
FAM149A,0.011804101057647252
SNORA31|ENSG00000253013.1,0.011804101057647252
TLR3,0.01179694791564263
MTMR3,0.011763876333899585
ENPP3,0.011752720468090007
CTAGE9,0.011752720468090007
OR2A4,0.011752720468090007
RNA5SP172,0.011751103110109589
AGA,0.011751103110109589
MFAP3L,0.011748680918526598
AADAT,0.011748680918526598
ENPP1,0.011744855688066545
MIR548H5,0.011744855688066545
RN7SKP245,0.011744855688066545
ATP10B,0.0117441359068509
RN7SKP136,0.011709792344636155
ADRA2C,0.011705518091184032
CTGF,0.011699029784464346
LRPAP1,0.011698541503304568
HGFAC,0.011698541503304568
DOK7,0.011698541503304568
LINC00290,0.011690784185600041
NOP14,0.011667610619469035
MFSD10,0.011667610619469035
GRK4,0.011667610619469035
CEP85L,0.011664158885137835
PLN,0.011664158885137835
SLC35F1,0.011664158885137835
RN7SL797P,0.011656873858555326
SETD7,0.011643993404141809
EIF4ENIF1,0.01164256231321683
RAB33B,0.01163477860226005
RNA5SP167,0.01162866762866762
VEGFC,0.011626119633156884
ACA64|ENSG00000239005.1,0.01161685217517823
ADD1,0.01160813263134312
APOL3,0.011595918693093496
MGST2,0.011581926863572425
RN7SKP237,0.011581926863572425
RN7SKP253,0.011575197633250878
ARG1,0.011572983124622868
MED23,0.011572983124622868
RGS12,0.011572174302677263
RNU6ATAC13P,0.01156617403406455
NEURL1B,0.011566093660467772
MIR5003,0.011566093660467772
ERGIC1,0.011545806636453599
DUSP1,0.011544262124290243
IRF2,0.011533584656299606
LDOC1L,0.011516114124974886
RNA5SP215,0.011506568781416938
APOL4,0.011483056434599157
MCM9,0.011478914268433412
RNU6ATAC6P,0.011452190025248965
EVC2,0.011443708040358568
ARL15,0.011423502860934779
APOL1,0.011423415639573617
RN7SL349P,0.011423415639573617
APOL2,0.011423415639573617
RFPL4B,0.011421996609624218
ASF1A,0.011413092717970226
KIAA1644,0.011411352220212964
RN7SL646P,0.011410008496421417
PARVG,0.0114095760498292
SNORD79,0.011398666471674705
ZFYVE28,0.011393395317575898
AKAP7,0.011386296298807401
MIR3144,0.011373193821624309
MIR4800,0.011369992158619922
RN7SL589P,0.011369992158619922
MXD4,0.011369992158619922
HAUS3,0.011369992158619922
SFI1,0.011360338595859882
ARHGAP8,0.011360115930193319
SLC34A1,0.011357941273887177
PFN3,0.011357941273887177
GRK6,0.011357941273887177
DBN1,0.011357941273887177
F12,0.011357941273887177
PRR7,0.011357941273887177
PDLIM7,0.01135694474445932
AACSP1,0.011346193171181282
TBC1D32,0.011345012608660629
RGS14,0.011343871776040076
SNCB,0.0113149321006322
TBCK,0.011311962187186395
KLKB1,0.011307572729291579
SCOC,0.011307083272709635
SNORD112|ENSG00000252300.1,0.011307083272709635
FUT9,0.011306417280685169
RN7SL152P,0.011294764537562464
UCP1,0.011294764537562464
ELMOD2,0.011294764537562464
CLGN,0.011294764537562464
TIMP3,0.01129311544905403
WWC2,0.011292942916104701
RBFOX2,0.011288404952254048
PRRC1,0.0112870405722472
PROP1,0.01128583689751011
SH3BP2,0.01127955192113813
ZNF354A,0.011277398078944715
GJA1,0.01127643636498819
SIGLECP3,0.01127643636498819
snoU13|ENSG00000238351.1,0.011272657221075597
TBC1D9,0.011266144090402075
PISD,0.01126605748619174
RN7SL562P,0.011262830316383685
LMAN2,0.011262830316383685
PNPLA3,0.01125757283504118
PNPLA5,0.011256761101064893
RN7SL20P,0.011255148565974562
RNF4,0.011251618684888545
PARVB,0.011249708659835222
RN7SKP70,0.011249175559107732
CLK4,0.011249175559107732
SAMM50,0.01124807313642756
SLC12A2,0.011244353725513252
N4BP3,0.011239097939257767
FAM153C,0.011239097939257767
RMND5B,0.011239097939257767
NHP2,0.011239097939257767
MAP1B,0.011237448592640057
MIR4803,0.011237448592640057
ISL1,0.011237172790954873
PRR14L,0.011227823066451788
FAM92A1P2,0.011223406617810336
RN7SKP67,0.011223406617810336
U3|ENSG00000252048.1,0.011223406617810336
DCTD,0.011223406617810336
snoU13|ENSG00000238319.1,0.011223406617810336
CTXN3,0.011209094083363532
C22orf42,0.011208149146535725
ZNF366,0.011198646050312448
PHYKPL,0.011195054794717812
HNRNPAB,0.011193781771575874
LIMCH1,0.011180208401903572
snoU13|ENSG00000238695.1,0.01117917939764297
ZNF330,0.01117917939764297
IL15,0.01117917939764297
RNF150,0.01117917939764297
ZCCHC4,0.011173772860814023
ANAPC4,0.011167426705657006
MANEA,0.011152685937401588
B4GALT7,0.011151708644748789
FAM184A,0.01114922020132198
MIR548B,0.011146831739997158
RASD2,0.011138209943371084
TENM3,0.011131262085438961
TMED9,0.011131236589334837
ZNF354B,0.011125266053196227
ZNF454,0.011120505177056771
ZFP2,0.011120505177056771
FAM153A,0.011119004622629276
SMLR1,0.011118656478612541
FAM193A,0.011117988125910163
HK3,0.011117544390201765
MB,0.011115683294470354
APOL5,0.011115683294470354
APOL6,0.011115683294470354
LINC00207,0.01111441028732168
DDX41,0.011111406805777572
FAM193B,0.011111406805777572
DOK3,0.011111406805777572
UNC5A,0.011109180455350597
EIF4E1B,0.011109180455350597
MIR4281,0.011109180455350597
TSPAN17,0.011109180455350597
MXD3,0.01110800535706571
PRELID1,0.01110800535706571
RAB24,0.01110800535706571
WHAMM,0.011102079420718275
COL23A1,0.011075432877524233
TNIP2,0.011075286210373033
LINC00229,0.011073694996986141
RAPGEF2,0.011072247129696004
LRRC3B,0.011069766741416727
ZNF346,0.01106434105245332
PTCD2,0.011059438925385894
RN7SL153P,0.011059438925385894
ADAMTS19,0.011054617365169796
KIAA1024L,0.011053710175857667
RNA5SP182,0.01104752023241337
LINC00955,0.011043055897837996
RNA5SP160,0.011039794618413862
RNU6ATAC10P,0.01102964028964792
PPARGC1A,0.0110216594831252
MRPS27,0.0110213440687924
NDST4,0.011017333031176132
EPB41L2,0.011015702440115798
UCHL1,0.011015484935198699
MIR4764,0.011011937698713876
FGFR4,0.011004035956705188
MIAT,0.01100354389370369
HSF2,0.011001883554217244
SERINC1,0.011000123918040611
CRYBA4,0.01099905336686988
CRYBB1,0.01099905336686988
SULT4A1,0.010992601969057658
UIMC1,0.010988510223953262
LIF,0.010986840816417931
MGC20647,0.010986840816417931
RN7SL564P,0.010978630333897163
SMPDL3A,0.010978630333897163
FABP7,0.010978630333897163
FAT1,0.010974970615795422
FBN2,0.010967432556348534
MIR4460,0.010960037984473349
HTR1F,0.010952698941117594
FSD2,0.010944756700317988
SCARNA15|ENSG00000252690.2,0.010944756700317988
RNA5SP191,0.01094341161920239
CHSY3,0.01094341161920239
RN7SL16P,0.010940165125068471
ARHGEF38,0.010938256337207424
HS3ST5,0.010936616058502557
MIR573,0.010933225381770934
NSUN7,0.010918304285365768
POU1F1,0.010914398153169209
PPA2,0.010912162905888834
LIMK2,0.010911568719092556
U3|ENSG00000253091.1,0.010911491394137364
CHMP2B,0.010910994737358565
AP1B1P1,0.010906205327828947
TPST2,0.010905897148481284
CCDC149,0.010900057491010655
SOD3,0.010900057491010655
MIR4795,0.010876185901905198
MARCH1,0.01087525851505625
DHX15,0.010873778316023666
MIR4633,0.010871551130560196
ISOC1,0.010871551130560196
PDLIM3,0.010863240763566599
SNORA76|ENSG00000253007.2,0.010858751805694985
snoU13|ENSG00000239095.1,0.010850402761795178
CGGBP1,0.010843588503562412
ISX,0.010833431852284539
RNA5SP496,0.010826534981542985
PIK3IP1,0.010826534981542985
SLC5A1,0.010817390375474028
FAM26F,0.01081485949738297
FRG1,0.010807222125888664
DUX4L7,0.010807222125888664
DUX4L6,0.010807222125888664
FRG2,0.010807222125888664
DUX4L5,0.010807222125888664
DUX4L3,0.010807222125888664
ZFP42,0.010807222125888664
DUX4L4,0.010807222125888664
TRIML2,0.010807222125888664
TRIML1,0.010807222125888664
RNA5SP175,0.010807222125888664
RNA5SP174,0.010807222125888664
HSP90AA4P,0.010807222125888664
DUX4,0.010807222125888664
DUX4L2,0.010807222125888664
RN7SKP169,0.010803001202941736
PKIB,0.010801966579304443
C3orf38,0.010788462511738805
ZNF654,0.010788462511738805
RPL26L1,0.010784416835963945
TOM1,0.010781367976904285
HMOX1,0.01077861286919831
MIR3909,0.010773872973573172
HMGXB4,0.010773872973573172
NSD1,0.01077177183991015
SLC27A6,0.010768294712522148
RNF185,0.01076427653875969
MCM5,0.010762696396846544
LHFPL4,0.01076250070184851
NFKB1,0.010761455888576818
GIMD1,0.010760782155459878
BNC1,0.010760632707992919
SNORA31|ENSG00000252136.1,0.010754294409012924
RN7SL89P,0.010754294409012924
TET2,0.010754294409012924
INPP5J,0.010748822474161587
MIR3928,0.010748822474161587
PLA2G3,0.010748822474161587
OSM,0.010741000288259445
RPS17L,0.010737268887337023
CPEB1,0.010735601011573427
BNIP1,0.010729371776840123
STC2,0.010728230973589633
ROS1,0.010726268584178324
RNA5SP213,0.010721914943638094
SLC9B2,0.01071442908478747
BDH2,0.01071442908478747
CENPE,0.010713833403476971
TACR3,0.01071182621645246
ATP6V0E1,0.010696853675053393
SNORA74B,0.010696853675053393
CREBRF,0.010696853675053393
PHF21B,0.010691061817606639
FAM26E,0.010676336661840941
TRAPPC3L,0.010676336661840941
FAM26D,0.010676336661840941
RWDD1,0.010676336661840941
RFX6,0.01067551381516265
TMEM244,0.010674436939067694
ZUFSP,0.010674035165868564
RSPH4A,0.010674035165868564
KPNA5,0.010674035165868564
FAM162B,0.010674035165868564
SMTN,0.010667404573529935
ARSJ,0.010664592573407992
LGI2,0.010662358707346555
MANBA,0.010659702717607382
MIR548J,0.010646359050769601
DRG1,0.01064213849327067
MORC2,0.010628629973217202
KCTD8,0.010620311078017714
FRK,0.010614938688642247
TFIP11,0.01061373267353801
HPS4,0.01061373267353801
ASPHD2,0.01061373267353801
RNA5SP495,0.01061373267353801
SRRD,0.01061373267353801
PPAP2A,0.010593563864762472
SEPSECS,0.010591293981696703
PI4K2B,0.010591293981696703
MEX3B,0.010591268738177386
GATSL3,0.010580728037009149
TBC1D10A,0.010580728037009149
UGT8,0.010553187218751007
MIR577,0.010553187218751007
RNY5P4,0.010552445589150796
HDAC2,0.01053552470396079
PRRT3,0.010528511916534799
CRELD1,0.010528511916534799
IL17RC,0.010528511916534799
SF3A1,0.010526708776800432
CCDC157,0.010526708776800432
snoU13|ENSG00000238563.1,0.01052393679547619
MARCKS,0.01052393679547619
AIMP1,0.010520670788953997
CERK,0.010514887194545198
RNA5SP157,0.010514440514659185
RNF215,0.010513485224604482
SEC14L2,0.010513485224604482
CXXC4,0.010511903914014699
NDUFS4,0.010506751356454135
CISD2,0.010500262229272557
snoU13|ENSG00000238948.1,0.010500262229272557
UBE2D3,0.010500262229272557
IL17RE,0.010499208860759484
JAGN1,0.010499208860759484
RNA5SP214,0.010498991548807797
TUG1,0.010497900326372727
ANK2,0.010497387419469715
MIR367,0.010497180225970407
C4orf21,0.010497180225970407
MIR302D,0.010497180225970407
MIR302C,0.010497180225970407
MIR302B,0.010497180225970407
LARP7,0.010497180225970407
MIR302A,0.010497180225970407
CAMK2D,0.010489876655119941
APBB2,0.010453975193472905
SEC14L4,0.010450336815768624
SEZ6L,0.010447162834568171
RN7SL728P,0.010440998807279445
SLC39A8,0.010440998807279445
TMC3,0.010435247774470637
STARD5,0.010435247774470637
IL16,0.010435247774470637
RN7SL808P,0.010432684774515198
RN7SL633P,0.010427274692025073
HOMER2,0.010421653908999063
SNX18,0.010411789952101775
RN7SL184P,0.010397882741428988
CIDECP,0.010386140847507911
EMC3,0.010386140847507911
FANCD2OS,0.010386140847507911
FANCD2,0.010386140847507911
GAL3ST1,0.010384277826131978
RNA5SP200,0.010383439457869827
SEC14L6,0.010383180761060899
snoU13|ENSG00000238694.1,0.010381557910990312
PATZ1,0.010379049975232072
MESDC2,0.01036659366885208
MIR3200,0.010352258209245138
TSPYL1,0.010352067015603133
TSPYL4,0.010352067015603133
CIDEC,0.01034270235858386
PES1,0.010327846142221054
MESDC1,0.010324164536622073
C15orf26,0.010324164536622073
MIR4514,0.010324164536622073
RPUSD3,0.010321298333662968
SORCS2,0.010307689486253638
COL10A1,0.01030656916242868
SH3GL3,0.010305634843687494
NEUROG2,0.010288342128265727
C4orf29,0.010283125617958331
TIFA,0.01028199682734954
AP1AR,0.01028199682734954
C4orf32,0.01028199682734954
MFSD8,0.010280824676830684
INTU,0.010280824676830684
SLC25A31,0.010280824676830684
HSPA4L,0.010280824676830684
PLK4,0.010280824676830684
FAM184B,0.010279442480986136
NT5DC1,0.010258169692020227
SEC14L3,0.010255579779299615
KIAA1658,0.010255579779299615
MTFP1,0.010255579779299615
SLC9B1,0.010253753763475674
GTSE1,0.010245996139202357
MIR4464,0.010198120524902248
LARGE,0.01018886498530571
ITGA1,0.010180223481226724
ZNF827,0.010174258365977107
SKIV2L2,0.010166889971635222
RN7SKP18,0.010138196699582479
RN7SKP51,0.010138196699582479
OSBP2,0.010132726730555118
DEPDC5,0.010117900975974292
SLC10A7,0.010116556918951811
LSM6,0.010116556918951811
SLC35E4,0.010116391680094544
DUSP18,0.010116391680094544
MYH9,0.010116168482421181
TTC38,0.010116083350500914
C15orf40,0.010113856250805114
FAM103A1,0.010113856250805114
GOPC,0.010095272303965256
TCN2,0.010093187208815616
RN7SKP110,0.010087272383195253
GJA10,0.010084717607973422
BRPF1,0.01007383212240207
TADA3,0.01007383212240207
OGG1,0.01007383212240207
CAMK1,0.01007383212240207
TTLL3,0.01007383212240207
ARPC4,0.01007383212240207
FBXO8,0.01006139945878702
POU4F2,0.010058639200124921
INPP4B,0.010056222819342384
TTC29,0.010027868561183243
TMEM200A,0.010024822234989595
ARHGAP18,0.010019627506259727
WFS1,0.010018901758132468
DKK2,0.009992592867159646
TRMU,0.009990725692616408
CELSR1,0.009980108499095848
IFT27,0.009970194789234357
MIR548AJ1,0.009965364136387867
HHIP,0.009959656619940216
DCBLD1,0.009939781653435124
BACH2,0.009936263545020405
CACNG2,0.009930542583261641
RNA5SP493,0.009913706813719354
FOXRED2,0.009912292613985492
EIF3D,0.009912292613985492
TXN2,0.00989938025512423
GRAMD4,0.009897261580485423
SYNPO2,0.009870422024315803
MAML3,0.00986675961899987
CPNE9,0.009865349873176445
MIR297,0.009865238368824556
MAP3K7,0.009864041451870779
GAR1,0.009824273650005245
MMAA,0.009823604951061334
USP53,0.009821252564166707
ITGA11,0.009820091722147626
MTMR14,0.009819060027807691
CALML4,0.009818584450095725
CORO2B,0.009814034060062295
SPESP1,0.009814034060062295
MIR4312,0.009814034060062295
ANP32A,0.009814034060062295
C4orf51,0.009813104988830984
PDE4D,0.009802240122746456
SMAD1,0.009795882029201342
MYOZ2,0.00979051383399209
RN7SL335P,0.00978138617970534
FABP2,0.009777736778906287
C4orf3,0.009777736778906287
HSPB3,0.009776251172694992
PNISR,0.00976765343688538
USP45,0.00976765343688538
COL25A1,0.009751932094074916
ANAPC10,0.009735348074287494
RN7SKP235,0.009735348074287494
ABCE1,0.009735348074287494
PVALB,0.009732699397812463
GALNTL6,0.009710478855197291
OTUD4,0.009707452491178081
VGLL2,0.009707087944860492
ENPEP,0.009701589537347653
UBE2D2,0.009696499142652953
CLN6,0.0096958167842958
NCF4,0.00969556962025316
CSF2RB,0.00969556962025316
TMEM173,0.009691408732793035
ECSCR,0.009691408732793035
PROB1,0.009691408732793035
RNA5SP195,0.009691408732793035
SPATA24,0.009691408732793035
RN7SKP64,0.009691408732793035
DNAJC18,0.009691408732793035
PAIP2,0.009691408732793035
MZB1,0.009691408732793035
SLC23A1,0.009691408732793035
FEM1B,0.009676772294768116
MOCS2,0.00967388345983739
SNORA74A,0.0096661431246981
CFI,0.00966113757251144
ANKRD50,0.009657245218070624
RN7SL275P,0.009651735023568144
ELFN2,0.009631488877964837
snoU13|ENSG00000239056.1,0.009623512965466385
SSTR3,0.009620096472901551
IL2RB,0.009620096472901551
TMPRSS6,0.009620096472901551
C1QTNF6,0.009620096472901551
RAC2,0.009620096472901551
MATR3,0.009617210783081314
LINGO1,0.009610984928098289
MIR582,0.009601313215741342
PITX2,0.009600496691810154
SNORA74|ENSG00000252213.1,0.009591945174986375
CCDC109B,0.00955485540955452
MIR576,0.00955485540955452
SEC24B,0.00955485540955452
RN7SL55P,0.00955485540955452
GUF1,0.009536150409530902
GNPDA2,0.009536150409530902
RN7SKP28,0.009533914335514489
CCNC,0.009529724141409054
PRDM13,0.009529724141409054
TSTD3,0.009529724141409054
SIL1,0.009528495843208605
TEX33,0.009517005653189133
PLA2G12A,0.009513143181916461
CASP6,0.009513143181916461
MIR4643,0.009480767797638703
YIPF7,0.009478567882849346
ESM1,0.009461924897999612
KCTD17,0.00945836610544426
MPST,0.00945836610544426
TST,0.00945836610544426
RN7SKP214,0.00945836610544426
LRIT3,0.00944877093488024
RRH,0.00944877093488024
CYTH4,0.00944867580189258
MFNG,0.00944587378640775
MIR659,0.009435553133943547
ANKRD54,0.009435553133943547
GALR3,0.009435553133943547
EIF3L,0.009435553133943547
MIR658,0.009435553133943547
H1F0,0.009435553133943547
GCAT,0.009435553133943547
snoU13|ENSG00000238569.1,0.009435553133943547
PDHA2,0.009432985684487255
ARNT2,0.009420108072925482
SNORD112|ENSG00000251881.1,0.009411802594021404
ZFAND6,0.009411802594021404
L3MBTL3,0.00941131433924514
LINC00927,0.009408107503406928
FAH,0.00940806682351025
MAPK1,0.009407115901463566
DNAJB7,0.00939003539504469
SAMD3,0.009385986318242548
MCHR2,0.009375438508191364
SNORD112|ENSG00000252566.1,0.009374989961141894
KIAA1109,0.00935307544889713
PABPC4L,0.009351412116172344
TNIP3,0.009344179966978537
SNORA11|ENSG00000221245.1,0.009340615149847409
GZMK,0.009339175027993366
TRIOBP,0.009331827003283224
U3|ENSG00000200492.1,0.009322577210931425
RN7SKP137,0.00932250337719519
NDNF,0.009322053084504938
RN7SL415P,0.009302024890611202
CDC20B,0.009301703812324785
GZMA,0.009301703812324785
PPARA,0.009284367304618315
DSE,0.009275990869475
BAIAP2L2,0.009267729804270737
PLA2G6,0.009267729804270737
CYP2U1,0.009250897319470448
MAD2L1,0.009242301245809785
SOX10,0.009227356601404849
MIR4534,0.009227356601404849
ELOVL6,0.00922451211149619
RBX1,0.009208879847730406
XPNPEP3,0.009208879847730406
snoU13|ENSG00000238887.1,0.009208879847730406
ADAD1,0.009205095028258248
IL2,0.009203721787532204
NOL12,0.009203452856737624
LGALS1,0.009203452856737624
CCNO,0.00920334049559947
DHX29,0.00920334049559947
SH3BP1,0.009198958310159959
GGA1,0.009198958310159959
C22orf23,0.009195689967504842
MICALL1,0.009195689967504842
EPHA3,0.009182211858760817
PDE5A,0.009181261570020522
METTL14,0.009180642937711475
SGMS2,0.009178321008704466
CEP170P1,0.009178211555332738
SLC16A8,0.009175937290234899
PICK1,0.00916553715317664
POLR2F,0.009154889861902582
MAFF,0.009153064290990406
TMEM184B,0.009153064290990406
RN7SL704P,0.009153064290990406
SNHG8,0.009152688306805365
IL21,0.009148554130097783
BBS12,0.009148554130097783
LEF1,0.009126557567445686
MCHR1,0.009122295605887894
CHRNA5,0.009121531191310777
CHRNA3,0.009121531191310777
CHRNB4,0.009121531191310777
SLC25A17,0.009120476769615901
HADH,0.009117371240061532
RN7SL385P,0.009117361126560036
PDXP,0.009117361126560036
ST13,0.009115857416325366
MIR4766,0.009115857416325366
ISL2,0.009109978810015055
ETFA,0.00910732309150728
BMPR1B,0.00909671686144527
QRFPR,0.009095327319556156
TRAM1L1,0.009094389827364538
SPRY1,0.009091830133173827
MCIDAS,0.009082951147108912
EIF4E,0.00908074977855244
SMIM20,0.009077212059231737
AIG1,0.009076478016975528
ADH1C,0.009069645969654537
ADH1B,0.009069645969654537
ADH1A,0.009069645969654537
GPRC6A,0.00906411473715686
LINC00613,0.009056047542013413
INTS12,0.009054104059804008
GSTCD,0.009054104059804008
CSNK1E,0.009052452865163343
KDELR3,0.009050610442827347
C15orf27,0.00904992890202421
DNAL4,0.009045203944356603
SUN2,0.009045203944356603
PRSS12,0.009040186740193
MIR3713,0.009028516531469678
DDX17,0.009024577801619436
GPX8,0.009017681901843022
ADH5,0.009010240877789523
METAP1,0.009010240877789523
MIR3684,0.00900438894762408
ADH6,0.00900251450124296
PCNAP1,0.00900251450124296
ADH4,0.00900251450124296
EGF,0.008999079513933929
UBE2T,0.00899186586900146
RAP1GDS1,0.008980660176862713
NPNT,0.00897529139517772
GTPBP1,0.008974203278725364
JOSD1,0.008974203278725364
SLC34A2,0.0089739087104887
C15orf39,0.008972947917247523
TMEM155,0.008971192461213567
EXOSC9,0.008971192461213567
ANXA5,0.008971192461213567
CCNA2,0.008971192461213567
TRPC3,0.008971192461213567
BBS7,0.008971192461213567
RN7SKP217,0.008965326874547565
NPTXR,0.00895939087720087
MIR449A,0.008956162529334564
MIR449B,0.008956162529334564
MIR449C,0.008956162529334564
TSPAN5,0.008955927650941505
DMC1,0.008955548752573367
FAM227A,0.008955548752573367
PDLIM5,0.008954458953624605
FAM154B,0.008947343359390496
RN7SL61P,0.008947332021971913
UBE2Q2P3,0.008947332021971913
UBE2Q2P2,0.008947332021971913
RPS17,0.008947332021971913
RN7SL410P,0.008947332021971913
RN7SL256P,0.008947332021971913
GOLGA6L9|ENSG00000197978.8,0.008947332021971913
GOLGA6L9|ENSG00000196648.6,0.008947332021971913
GOLGA6L10|ENSG00000205281.6,0.008947332021971913
CSPG4P8,0.008947332021971913
GOLGA6L10|ENSG00000254374.2,0.008947332021971913
PAPSS1,0.008946963940421694
STX11,0.008945378718905111
PEX3,0.008941431466416046
RBPJ,0.008936680163210779
TBC1D19,0.008934060859674211
SNORD74|ENSG00000200999.1,0.008934060859674211
CCKAR,0.00893396433155582
SEL1L3,0.00893064063364188
PLAGL1,0.008930323944902941
PHACTR2,0.008928714499691617
RNA5SP221,0.00892684072953684
ADAT2,0.00892684072953684
APOBEC3G,0.008920576431036949
CBX7,0.00892036017109812
APOBEC3H,0.00892036017109812
EDNRA,0.00891651721282384
MIR548G,0.00891651721282384
DNM1P34,0.008912180059108902
RN7SL327P,0.008912180059108902
GOLGA6D,0.008912180059108902
GOLGA6C,0.008912180059108902
RN7SL489P,0.008912180059108902
APOBEC3C,0.008911471045041044
APOBEC3F,0.008911471045041044
APOBEC3D,0.008911471045041044
FUCA2,0.008911157449557982
SLC7A11,0.008903526666013416
CBX6,0.008900784433778121
CCRN4L,0.008899166976917353
STIM2,0.00889099105680028
APOBEC3B,0.008883492064383675
APOBEC3A,0.008883492064383675
RN7SL382P,0.008882627513030528
SHISA4,0.008873494749274654
COQ3,0.008870775127338741
UNC5C,0.008870043298650232
ZC2HC1B,0.008869717172310498
RN7SL214P,0.008866793678344066
KCNJ4,0.008863065330161533
TOMM22,0.008862624384571976
CBY1,0.008862624384571976
RN7SKP199,0.008860565069909808
SCAPER,0.008858161546319918
ADH7,0.00884671829013915
MIR1231,0.008837333851177664
IPO9,0.008837333851177664
RN7SL311P,0.008836299574972459
MGARP,0.008836299574972459
NDUFC1,0.008836299574972459
GRIN2D,0.008833874545075796
OSTC,0.008833861531713534
ETNPPL,0.008833861531713534
LTV1,0.008832594202472911
TMEM143,0.008830461847635628
EMP3,0.008830461847635628
CCDC114,0.008830461847635628
SYNGR4,0.008830461847635628
KDELR1,0.008830461847635628
CABIN1,0.008827235381766033
MIR5191,0.008823275399498162
NAA15,0.008814122211624835
PPM1F,0.008814106473938528
SMARCAD1,0.008813806897734092
C15ORF37,0.008813713193168489
ST20,0.008813713193168489
BCL2A1,0.008813713193168489
MTHFS,0.008813713193168489
C15orf37,0.008813713193168489
HPGDS,0.00880198874189216
TRMT10A,0.00879115352744522
MTTP,0.00879115352744522
MIF,0.008788753812090077
RN7SL268P,0.008788753812090077
SLC2A11,0.008788753812090077
DDTL,0.00878765927225635
GSTT2,0.00878765927225635
GSTT2B,0.00878765927225635
GSTT1,0.00878765927225635
GSTTP2,0.00878765927225635
DDT,0.00878765927225635
RGL4,0.008781047471835796
DERL3,0.008758335074013733
GUSBP11,0.00874720585982649
IGLL1,0.00874720585982649
C22orf43,0.00874720585982649
LGALS2,0.008741048586238346
CDC42EP1,0.008741048586238346
TAAR5,0.008736536696415142
DNAJB14,0.008718621596136822
LINC00500,0.008712904877140729
H2AFZ,0.008710049432808535
DDIT4L,0.008710049432808535
ARL13B,0.008707797608313568
FAXC,0.008706273639618732
FAM83F,0.008705711200431928
LAMTOR3,0.008704157499214226
ZNF70,0.00870134659035524
CHCHD10,0.00870134659035524
VPREB3,0.00870134659035524
MMP11,0.00870134659035524
C22orf15,0.00870134659035524
BANK1,0.008690576652601973
EFTUD1,0.008690562165900449
RPS10P7,0.008689196302182612
MPI,0.00868764986338036
FAM219B,0.00868764986338036
COX5A,0.00868764986338036
RPP25,0.00868764986338036
GPM6A,0.00868306018709687
SMARCB1,0.008675890880227265
PCDH7,0.00866887724753984
ADAMTS7,0.008656356572854313
MORF4L1,0.008656356572854313
FBXL4,0.00865487885377029
POU3F2,0.00865487885377029
TBX1,0.008649279215145382
TANGO2,0.008649279215145382
CRKL,0.008649279215145382
SNORA77|ENSG00000264346.1,0.008649279215145382
ARVCF,0.008649279215145382
MIR3618,0.008649279215145382
AIFM3,0.008649279215145382
SCARNA17|ENSG00000252143.1,0.008649279215145382
SCARNA17|ENSG00000252020.1,0.008649279215145382
SCARF2,0.008649279215145382
SNORA15|ENSG00000251940.1,0.008649279215145382
P2RX6P,0.008649279215145382
BCRP2,0.008649279215145382
THAP7,0.008649279215145382
C22orf29,0.008649279215145382
DGCR14,0.008649279215145382
C22orf39,0.008649279215145382
snoU13|ENSG00000271796.1,0.008649279215145382
GNB1L,0.008649279215145382
FAM230A,0.008649279215145382
GGTLC3,0.008649279215145382
RTN4R,0.008649279215145382
RN7SKP63,0.008649279215145382
RN7SL812P,0.008649279215145382
RN7SL389P,0.008649279215145382
POM121L7,0.008649279215145382
DGCR6,0.008649279215145382
DGCR8,0.008649279215145382
GP1BB,0.008649279215145382
GSC2,0.008649279215145382
HIC2,0.008649279215145382
HIRA,0.008649279215145382
KLHL22,0.008649279215145382
POM121L4P,0.008649279215145382
PPIL2,0.008649279215145382
TMEM191A,0.008649279215145382
PRODH,0.008649279215145382
RANBP1,0.008649279215145382
RIMBP3B,0.008649279215145382
RIMBP3C,0.008649279215145382
RIMBP3,0.008649279215145382
RN7SKP131,0.008649279215145382
RN7SKP221,0.008649279215145382
snoU13|ENSG00000252402.1,0.008649279215145382
RN7SL168P,0.008649279215145382
RN7SL280P,0.008649279215145382
MRPL40,0.008649279215145382
snoU13|ENSG00000252799.1,0.008649279215145382
ZNF74,0.008649279215145382
COMT,0.008649279215145382
SCARNA17|ENSG00000252571.1,0.008649279215145382
CCDC116,0.008649279215145382
MED15,0.008649279215145382
SMPD4P1,0.008649279215145382
MIR1286,0.008649279215145382
CDC45,0.008649279215145382
MIR1306,0.008649279215145382
CLDN5,0.008649279215145382
TMEM191C,0.008649279215145382
SNAP29,0.008649279215145382
CLTCL1,0.008649279215145382
P2RX6,0.008649279215145382
FAM230B,0.008649279215145382
YDJC,0.008649279215145382
PI4KAP1,0.008649279215145382
USP41,0.008649279215145382
PI4KAP2,0.008649279215145382
USP18,0.008649279215145382
UFD1L,0.008649279215145382
UBE2L3,0.008649279215145382
TXNRD2,0.008649279215145382
TUBA3FP,0.008649279215145382
TSSK2,0.008649279215145382
TRMT2A,0.008649279215145382
MIR649,0.008649279215145382
FAM230C,0.008649279215145382
MIR185,0.008649279215145382
SCARNA18|ENSG00000252605.1,0.008649279215145382
SCARNA18|ENSG00000252314.1,0.008649279215145382
SDF2L1,0.008649279215145382
YPEL1,0.008649279215145382
SEPT5,0.008649279215145382
SCARNA18|ENSG00000252024.1,0.008649279215145382
MIR301B,0.008649279215145382
DGCR6L,0.008649279215145382
ZDHHC8,0.008649279215145382
GGT3P,0.008649279215145382
GGT2,0.008649279215145382
MIR4761,0.008649279215145382
PI4KA,0.008649279215145382
DGCR5,0.008649279215145382
MIR130B,0.008649279215145382
DGCR2,0.008649279215145382
SERPIND1,0.008649279215145382
LZTR1,0.008649279215145382
SLC7A4,0.008649279215145382
SLC25A1,0.008649279215145382
DAPP1,0.00864443809469384
CRYBB2,0.008639603960396038
PDGFB,0.008632698694909983
STX7,0.00862554773671301
TAAR9,0.00862554773671301
TAAR6,0.008623727565482086
TAAR8,0.008623727565482086
AP3B2,0.008622039077598679
PRDM5,0.008620701080520574
HIVEP2,0.008617623462292731
MOXD1,0.008616716535555562
MKL1,0.008614957542307705
SUSD2,0.008609140660901545
MCAT,0.008600129901343652
BIK,0.008600129901343652
TSPO,0.00859994678050679
TTLL12,0.00859994678050679
SCUBE1,0.008589548950488708
CARD10,0.008578399256968697
ANKRD34C,0.008574664560352021
TMED3,0.008573172964140676
CRYBB3,0.008572469398838618
MIR1255A,0.008557632587104326
RN7SKP210,0.008554665983126
SCARNA20|ENSG00000252722.1,0.008532705068867457
PPCDC,0.008532705068867457
GABRG1,0.00853060726400264
CPLX3,0.00852812552277924
ULK3,0.00852812552277924
SCAMP2,0.00852812552277924
LMAN1L,0.00852812552277924
snoU13|ENSG00000239066.1,0.008526590633746922
ZNF280A,0.008526590633746922
IGLC2,0.008526590633746922
MIR650,0.008526590633746922
POM121L1P,0.008526590633746922
VPREB1,0.008526590633746922
PRAMEF24P,0.008526590633746922
PRAME,0.008526590633746922
RAB36,0.008526590633746922
IGLC3,0.008526590633746922
ZDHHC8P1,0.008526590633746922
BCR,0.008526590633746922
IGLJ6,0.008526590633746922
IGLC7,0.008526590633746922
IGLJ1,0.008526590633746922
IGLJ2,0.008526590633746922
IGLJ3,0.008526590633746922
IGLC1,0.008526590633746922
GNAZ,0.008526590633746922
IGLJ4,0.008526590633746922
IGLJ5,0.008526590633746922
GGTLC2,0.008526590633746922
CES5AP1,0.008526590633746922
ZNF280B,0.008526590633746922
RTDR1,0.008526590633746922
IGLL5,0.008526590633746922
IGLJ7,0.008526590633746922
TOP3B,0.008526590633746922
RN7SL263P,0.008526590633746922
SCAMP5,0.00852429180839793
TMEM211,0.008522844689532239
FAT4,0.008512047249028706
MIR184,0.008511000522058677
VNN1,0.008510446538303974
VNN3,0.008510446538303974
SEC24D,0.008485440536348633
TNRC6B,0.008478760246292771
KIF21B,0.008472028740360684
RPS12,0.008470916152852899
SNORD100,0.008470916152852899
SLC18B1,0.008470916152852899
SNORA33|ENSG00000200534.1,0.008470916152852899
VNN2,0.008470916152852899
SNORD101,0.008470916152852899
RN7SL101P,0.008465189873417722
GRAP2,0.008460007417143414
LRP5L,0.008459920064546806
CRYBB2P1,0.008459920064546806
RASGRF1,0.00845833361583262
CTSH,0.00845833361583262
TAAR1,0.008458278667696887
TAAR2,0.008458278667696887
TAAR3,0.008458278667696887
ASCL5,0.008447632139736204
CACNA1S,0.008447632139736204
SYNGR1,0.008445644882443731
RAB32,0.008440279564069595
TNNT2,0.00843799410270692
PHLDA3,0.00843799410270692
TNNI1,0.00843799410270692
LAD1,0.00843799410270692
CSRP1,0.008437810131692584
ELF2,0.008435099234255347
ADRBK2,0.008430411806509188
PPP3CA,0.008423448776224736
SGSM3,0.008406263123162743
CACNA1I,0.008401954635441942
RNA5SP74,0.00839837043503564
RPS19BP1,0.008398341504916583
ATF4,0.008398341504916583
PIAS1,0.008381758907877651
TAB1,0.008376998129352806
MGAT3,0.008376998129352806
PIK3C2B,0.008374072457442162
PLXNA2,0.008370869701134827
SMCR7L,0.00836953462878833
CLPX,0.008368319360537823
PDCD7,0.008368319360537823
ENTHD1,0.008364860737678542
MTFMT,0.00836432933890039
SLC51B,0.00836432933890039
RASL12,0.00836432933890039
KBTBD13,0.00836432933890039
UBAP1L,0.00836432933890039
RNA5SP222,0.008360641034319372
PCDH18,0.00835710277127
SNORD83A,0.008348308509535938
SNORD43|ENSG00000263764.1,0.008348308509535938
SNORD83B,0.008348308509535938
RPL3,0.008348308509535938
BTBD1,0.008347809479346836
ADSL,0.008346985967419094
HDGFRP3,0.008346780268867987
MIR4515,0.008346780268867987
TM6SF1,0.008346780268867987
NFASC,0.008345000363742179
SNORD112|ENSG00000252946.1,0.008345000363742179
TMEM9,0.008342145342679902
PKP1,0.008341762065661394
LINC00499,0.008338449478438243
LINC00498,0.008338449478438243
RN7SL348P,0.008338073276118756
SNORD56|ENSG00000199783.1,0.008336917742407156
RPL34,0.008331078919709373
DDX59,0.008330110433711665
CAMSAP2,0.008327923222763347
IGFN1,0.008306883856977141
SGSM1,0.008299040536965091
LINC00616,0.00828004881568515
SPG21,0.008276548862876916
GPR25,0.008276186485284873
C1orf106,0.008275583469182298
ANKDD1A,0.008271427342566182
PTPRVP,0.008262544294496788
TBC1D2B,0.008261167220622338
PSMA4,0.008258772262884583
HYKK,0.008258772262884583
SNORA24|ENSG00000206903.1,0.00824802980274868
GGT1,0.008243096461544887
FAM211B,0.008243096461544887
GPR37L1,0.008224695170155973
ARL8A,0.008224695170155973
PTPN7,0.008224695170155973
PIWIL3,0.008224659174778241
MIR549,0.00821387984387466
SKOR1,0.008206120735234667
GGT5,0.008205776273829912
TTLL1,0.008199544486918304
RNA5SP75,0.008196939109559145
SCARNA20|ENSG00000251861.1,0.008196939109559145
LGR6,0.008190022228629357
snoU13|ENSG00000238571.1,0.008190022228629357
CILP,0.008185453294249209
STX19,0.00818108828999533
WDR61,0.008168605024738162
ACSBG1,0.008168605024738162
SNORA63|ENSG00000199633.1,0.008168605024738162
SH2D7,0.008168605024738162
DNAJA4,0.008168605024738162
IDH3A,0.008168605024738162
CIB2,0.008168605024738162
MIR1827,0.008168605024738162
ELF3,0.008167965661883013
RNPEP,0.008163482733284348
TUBA8,0.008163172120753714
PEX26,0.008163172120753714
snoU13|ENSG00000239046.1,0.008158111589579518
CRABP1,0.008154866145227905
LRRN2,0.008153276407682233
LINC00326,0.00815281326210661
SNORA70|ENSG00000206637.1,0.008150531533961437
TIMM17A,0.008150531533961437
POM121L9P,0.00814690507025386
UPB1,0.00814690507025386
ADORA2A,0.00814690507025386
SPECC1L,0.00814690507025386
IGDCC3,0.008146049349222844
EYA4,0.00813851469051214
PPP1R15B,0.008135598537756443
MPPED1,0.008132445006523674
RNA5SP494,0.008119037568594346
ZNF281,0.00811231941456333
LINC00862,0.00811231941456333
ZBED6,0.008110407634153244
ATP2B4,0.008110407634153244
SNORA77|ENSG00000221643.1,0.008110407634153244
LAX1,0.008110407634153244
FSTL5,0.008106125418303498
STXBP5,0.008103544755071197
SNORA18|ENSG00000252249.1,0.008103445638456549
ZC3H11A,0.008087810191943174
SNORD11|ENSG00000238819.1,0.008085588899317623
SHPRH,0.008080764250416215
SNRPE,0.008078860105884654
LETM2,0.008059150405607169
GUCD1,0.00803575218281322
SNRPD3,0.00803575218281322
KIAA1199,0.008020890388803825
LINC00303,0.008009730059478415
CABP5,0.007993879201539081
EPM2A,0.007992960016912869
LMOD1,0.007992661762107164
GRWD1,0.00798585905620841
IGDCC4,0.007978157443739366
GLRA3,0.007977279754110287
MYO18B,0.007972391277631422
CARD8,0.007961100150722362
MIR29B2,0.00795814691546631
MIR29C,0.00795814691546631
C1orf132,0.00795814691546631
CD46,0.00795814691546631
CDK18,0.007947977249401304
MIR135B,0.007947977249401304
MFSD4,0.007947977249401304
WHSC1L1,0.007945885691122822
FBXO30,0.007940286990301523
LAMA2,0.00793913927870543
snoU13|ENSG00000238702.1,0.007924528145649666
SF3B5,0.007919008307781005
SIGLEC22P,0.007912210573068242
GOLT1A,0.00789911327044162
KISS1,0.00789911327044162
SOX13,0.007897509749667748
ETNK2,0.007897509749667748
REN,0.007897509749667748
KLK11,0.007896887455146856
KLK12,0.007896887455146856
KLK8,0.007895753708054279
KLK9,0.007895753708054279
KLK10,0.007895753708054279
U3|ENSG00000212598.1,0.007893122300306456
SIGLEC7,0.007890704442652262
SIGLEC17P,0.007890704442652262
SIGLEC9,0.007890704442652262
CD34,0.007883179652262469
SNORD88A,0.007883148076720784
ACPT,0.007883148076720784
SNORD88C,0.007883148076720784
SNORD88B,0.007883148076720784
C19orf48,0.007883148076720784
RNA5SP166,0.00788093025993299
ZNF114,0.007879636089792573
ABHD17C,0.007877940827636772
GRM1,0.007868306862926458
LEMD1,0.007866169175504626
CLVS2,0.007865975638882259
NUAK2,0.007860939103660624
CNTN2,0.00785682090318166
EFTUD1P1,0.007854702734037287
CR1,0.00785194783937145
FGFR1,0.007850256294479533
KIAA1671,0.007848903680606607
PRMT10,0.007845594894584968
TMEM184C,0.007845594894584968
MIR4311,0.007842589345385
C19orf68,0.00783447498376365
LIG1,0.00783447498376365
KLK2,0.007827442523697652
KLK1,0.007827442523697652
KLK4,0.007827442523697652
KLKP1,0.007827442523697652
KLK3,0.007827442523697652
KLK15,0.007827442523697652
KLHDC8A,0.007825346390694505
TULP2,0.007824880218608693
NUCB1,0.007824880218608693
PLEKHA4,0.007824880218608693
PPP1R15A,0.007824880218608693
CR1L,0.007823075803870212
NT5C3AP1,0.007818956761066396
CYTH2,0.00781305525261313
KCNJ14,0.00781305525261313
CA11,0.007812944967956178
DBP,0.007812944967956178
DENND1B,0.007809170385210812
OPTC,0.007807899954247374
PRELP,0.007807690799363824
RBBP5,0.007807068936024624
RNA5SP165,0.007806984140356784
MIR4799,0.007806984140356784
RN7SL254P,0.007806984140356784
CTU1,0.007805837044309636
KLK13,0.007805837044309636
KLK14,0.007805837044309636
LHB,0.00780369331062286
CGB2,0.00780369331062286
CGB,0.00780369331062286
TSKS,0.007803374744604398
AP2A1,0.007801437260750097
C1orf147,0.007798659610068374
IKBKE,0.007798659610068374
EIF2D,0.007798659610068374
DYRK3,0.007798659610068374
SRGAP2,0.007798659610068374
RASSF5,0.007798659610068374
LAMB3,0.007796748739424405
G0S2,0.007796618808937217
KLK6,0.007796246946480122
KLK7,0.007796246946480122
RPS20P22,0.007796029103148898
CD55,0.007795922450167316
LHX9,0.007795282761132862
NDST3,0.007795175583590164
CR2,0.00779503582860468
LINC00898,0.007794405499578446
CAMK1G,0.007793705367628317
MIR4260,0.007793705367628317
LINC00865,0.007779568936024628
DSTYK,0.007777625726992807
RN7SKP143,0.007777406773862468
GOLGA6L4,0.007775470123483933
CSPG4P5,0.007775470123483933
RN7SL417P,0.007775470123483933
GOLGA6L5,0.007775470123483933
UBE2Q2P1,0.007775470123483933
RN7SL331P,0.007775470123483933
AKAP13,0.007773776029824038
RN7SL691P,0.007772666507588324
SIGLEC10,0.007772315532335157
SIGLEC8,0.007772315532335157
LINC00933,0.007770522770317881
FMOD,0.007769520033116196
BTG2,0.007769520033116196
ARHGAP10,0.007769064217864734
C1orf53,0.007766171872628479
C1orf116,0.007765954641350209
C4BPA,0.007765954641350209
snoU13|ENSG00000238401.1,0.007765954641350209
C4BPB,0.007765954641350209
PFKFB2,0.007765954641350209
YOD1,0.007765954641350209
SIGLEC6,0.00776229297427445
CD33,0.007758435896536804
ADAMTSL3,0.007751747814919013
FGF21,0.007750860833016771
BCAT2,0.007750860833016771
HSD17B14,0.007750860833016771
SIGLEC12,0.007750306813001847
CEACAM18,0.007750306813001847
NTN5,0.0077435636648816855
FUT1,0.0077435636648816855
IZUMO1,0.0077435636648816855
RASIP1,0.0077435636648816855
MAMSTR,0.0077435636648816855
RN7SL345P,0.0077435636648816855
FUT2,0.0077435636648816855
SEC1P,0.0077435636648816855
C19orf81,0.0077417160489498295
GPR32,0.0077417160489498295
SHANK1,0.0077417160489498295
CLEC11A,0.0077417160489498295
GABRA4,0.007739964424588407
LIM2,0.007730437018595777
CLDND2,0.007730437018595777
NKG7,0.007730437018595777
VSIG10L,0.007729724043620035
ETFB,0.007729724043620035
IGLON5,0.007729724043620035
MED25,0.00772959183673469
FUZ,0.00772959183673469
snoU13|ENSG00000238938.1,0.007719609032177967
MIR648,0.007718149854473845
IREB2,0.0077154790207543565
KLK5,0.007699691433780986
HSD11B1,0.007697531820476046
TMCC2,0.007697335785152248
RGS21,0.007696541500976433
SYT3,0.007695612281870572
snoU13|ENSG00000238301.1,0.007693344877767209
DHDH,0.007689524182974498
NAV1,0.007684250995590949
TMEM81,0.007682312692439273
CTSE,0.007675402704977462
SERTAD4,0.007674674801091935
CECR7,0.007673573505543986
NMBR,0.00767138838657826
GPR126,0.00767138838657826
VTA1,0.00767138838657826
GJE1,0.00767138838657826
PTOV1,0.007666018881660835
MIR4749,0.007666018881660835
NTF4,0.007664170965725977
CGB8,0.007664170965725977
CGB7,0.007664170965725977
CGB5,0.007664170965725977
CGB1,0.007664170965725977
KCNA7,0.007664170965725977
SNORD112|ENSG00000252853.1,0.007663411174159752
PLEKHA6,0.007663382821656069
COX7B2,0.007659013816497062
IL19,0.007653017241379306
MAPKAPK2,0.007653017241379306
IL10,0.007653017241379306
LIN7B,0.00764590660114941
PPFIA3,0.00764590660114941
C19orf73,0.00764590660114941
LMTK3,0.007640937664661115
SULT2B1,0.007640937664661115
FAM83E,0.007640937664661115
SPACA4,0.007640937664661115
RPL18,0.007640937664661115
SPHK2,0.007640937664661115
DENND4A,0.007640639991530297
RAB11A,0.007639065157119501
SIGLECL1,0.007638819734212272
RN7SKP238,0.007633245941037512
ALPK1,0.007632709629380538
SNORA40|ENSG00000212587.1,0.007631224169468569
AMD1,0.007631224169468569
PM20D1,0.007627940600495005
SLC26A9,0.007627940600495005
RAB7L1,0.007624990625078131
RGS18,0.0076238654645903545
RN7SKP84,0.007620123441617853
PIGR,0.007617911574276144
FAIM3,0.007617911574276144
IL24,0.007617911574276144
IL20,0.007617911574276144
FCAMR,0.007617911574276144
SNRNP70,0.007615229085740191
RN7SL708P,0.007615229085740191
CCT8L2,0.007611270398047889
XKR3,0.007611270398047889
TPTEP1,0.007611270398047889
HSFY1P1,0.007611270398047889
OR11H1,0.007611270398047889
POTEH,0.007611270398047889
KCNMB3P1,0.007611270398047889
IL17RA,0.007603057959725787
KDM5B,0.0076010022004836635
SYT2,0.0076010022004836635
MDM4,0.00759347291776765
PPP1R12B,0.007591398505414052
SYT14,0.007582977937962056
MIR3201,0.007578863315841019
PTPLAD1,0.007578718561210099
SNORA70|ENSG00000253042.1,0.007578613913157146
U6|ENSG00000272262.1,0.007578500620928556
C22orf34,0.0075728379115359255
ADM2,0.0075728379115359255
ALG12,0.0075728379115359255
RN7SL500P,0.0075728379115359255
BRD1,0.0075728379115359255
RABL2B,0.0075728379115359255
PPP6R2,0.0075728379115359255
ARSA,0.0075728379115359255
PLXNB2,0.0075728379115359255
PIM3,0.0075728379115359255
MLC1,0.0075728379115359255
PANX2,0.0075728379115359255
ODF3B,0.0075728379115359255
NCAPH2,0.0075728379115359255
CPT1B,0.0075728379115359255
CHKB,0.0075728379115359255
MOV10L1,0.0075728379115359255
RN7SKP252,0.0075728379115359255
CRELD2,0.0075728379115359255
KLHDC7B,0.0075728379115359255
IL17REL,0.0075728379115359255
ZBED4,0.0075728379115359255
TYMP,0.0075728379115359255
TUBGCP6,0.0075728379115359255
TTLL8,0.0075728379115359255
TRABD,0.0075728379115359255
SYCE3,0.0075728379115359255
SHANK3,0.0075728379115359255
SCO2,0.0075728379115359255
MAPK11,0.0075728379115359255
LMF2,0.0075728379115359255
MAPK8IP2,0.0075728379115359255
MIOX,0.0075728379115359255
MIR3667,0.0075728379115359255
ACR,0.0075728379115359255
HDAC10,0.0075728379115359255
DENND6B,0.0075728379115359255
MAPK12,0.0075728379115359255
SBF1,0.0075728379115359255
SNORA72|ENSG00000201944.1,0.007565257789518429
NUCKS1,0.007565257789518429
HAND2,0.007563712784277523
FAM72A,0.00756001199990001
SNORD60|ENSG00000252692.1,0.007556262031149745
AVPR1B,0.007556262031149745
PPP1R3C,0.007556175319357483
SNORD74|ENSG00000200206.1,0.007555905035070526
RGS13,0.007555297534124593
TMEM183A,0.007554077430880846
RABIF,0.007554077430880846
CYB5R1,0.007554077430880846
ADIPOR1,0.007554077430880846
KLHL12,0.007554077430880846
PCAT6,0.0075536242619664885
RGS2,0.007552651680488858
MIR4324,0.0075509515115124975
SLC6A16,0.0075509515115124975
PCGF5,0.007547070165143769
GAB4,0.007543458898886687
TRPM4,0.007541509919492201
HRC,0.007541509919492201
CECR6,0.00753774836504395
MIR4535,0.007521343896208269
RN7SKP101,0.007521061109560895
LINC00502,0.007520386646633614
SLC24A1,0.007517908778709293
snoU13|ENSG00000238311.1,0.007517908778709293
RN7SKP126,0.007516760247609207
RPP30,0.007515930795669243
HTR7,0.007515930795669243
ANKRD1,0.007515930795669243
PNKP,0.007515728846199012
GABRA2,0.0075152754470388305
C1orf186,0.007513179056841197
SULT2A1,0.007509674415184972
TPRX2P,0.007509674415184972
snoU13|ENSG00000238939.1,0.00750758652099226
RNY4P20,0.00750758652099226
RN7SKP268,0.00750758652099226
U3|ENSG00000252241.1,0.007504302253193515
B3GALT2,0.007502602447448743
DKKL1,0.007497377675934665
TEAD2,0.007497377675934665
CD37,0.007497377675934665
MIR2113,0.007495399855501599
TRAF3IP3,0.00748545226692054
TPM3P9,0.00747963508010976
ZNF525,0.00747963508010976
ZNF765,0.00747963508010976
ZNF761,0.00747963508010976
ZNF813,0.00747963508010976
ZNF845,0.007465837169159952
CDC73,0.007465106154979571
C1orf74,0.007459601503832432
IRF6,0.007459601503832432
AKT1S1,0.0074592717409173144
VWA9,0.007454703659835762
snoU13|ENSG00000238715.1,0.007454703659835762
MICAL3,0.007454095564674456
RGS1,0.00744152526080401
ADAM29,0.0074231318905675844
FAM178A,0.007422989269156632
MIR608,0.007422989269156632
C4orf17,0.007420557242096739
GLRX2,0.007418434321689294
MIR1278,0.00741834821129577
SPIB,0.007413806000677925
MYBPC2,0.007413806000677925
FAM71E1,0.007413806000677925
EMC10,0.007413806000677925
RN7SL324P,0.007413806000677925
POLD1,0.007413806000677925
NAPSA,0.007413806000677925
DIEXF,0.007411465265162182
CECR1,0.007401957264823874
CECR3,0.007401957264823874
snoU13|ENSG00000238802.1,0.007400015148882323
CTDSPL2,0.007398821647693899
CECR5,0.0073981426274797625
MIR1272,0.007397738520838911
PIF1,0.007397738520838911
MIR4511,0.007392279341216322
FAM90A28P,0.0073916305213773525
EIF3J,0.0073843577792495
ATP10D,0.0073841694918010126
COMMD8,0.0073841694918010126
HUG1,0.007383686253060367
MRPL43,0.007383686253060367
TLX1NB,0.007383686253060367
SFXN3,0.007383686253060367
PDZD7,0.007383686253060367
LZTS2,0.007383686253060367
C10orf2,0.007383686253060367
KAZALD1,0.007383686253060367
TLX1,0.007383686253060367
SEMA4G,0.007383686253060367
LBX1,0.007383321612751982
snoU13|ENSG00000239091.1,0.007383321612751982
SNORD112|ENSG00000252844.1,0.007383321612751982
UST,0.007374027297577889
LINC00528,0.00737350665861858
ZNF611,0.007367741435779403
ZNF888,0.007367741435779403
ZNF816,0.007367741435779403
ZNF600,0.007367741435779403
ZNF468,0.007367741435779403
ZNF321P,0.007367741435779403
ZNF320,0.007367741435779403
ZNF28,0.007367741435779403
RPF2,0.007365648789944805
snoU13|ENSG00000238775.1,0.007365648789944805
GTF3C6,0.007365648789944805
CHIT1,0.0073598640493256935
ATF5,0.007355727906812891
IL4I1,0.007355727906812891
VRK3,0.007355727906812891
MIR4751,0.007355727906812891
U3|ENSG00000221125.1,0.007355727906812891
TBC1D17,0.007355727906812891
SIGLEC16,0.007355727906812891
SIGLEC11,0.007355727906812891
MIR4750,0.007355727906812891
NUP62,0.007355727906812891
ZNF473,0.007355727906812891
ZSCAN2,0.007353186045465673
NMB,0.007353186045465673
WDR73,0.007353186045465673
SCAND2P,0.007353186045465673
SIGLEC14,0.007349202221828818
MIR125A,0.007348803885987442
snoU13|ENSG00000238486.1,0.007348803885987442
MIR99B,0.007348803885987442
LINC00085,0.007348803885987442
MIRLET7E,0.007348803885987442
ZNF137P,0.007346657298397796
CDC40,0.007341520690788004
RN7SL347P,0.007338273332750191
NAPSB,0.007335904718491781
KCNC3,0.007335904718491781
ZNF766,0.007332566168009208
ZNF480,0.007332267416128177
MIR643,0.007332267416128177
CASC4,0.007330919564646928
PLEKHO2,0.007329742759656701
MYH14,0.007329651577311042
IZUMO2,0.007322212092523122
TBC1D22A,0.007321034143034809
ZNF648,0.007315926999135794
RNA5SP70,0.007315926999135794
RN7SKP229,0.007315926999135794
RN7SKP156,0.007309269694829527
ZNF702P,0.007305634239178538
DPCD,0.007303283065062239
BTRC,0.007303283065062239
FBXW4,0.007303283065062239
POLL,0.007303283065062239
AGBL1,0.007302912941576253
CHP1,0.007299128934274134
JOSD2,0.007297731337003413
ASPDH,0.007297731337003413
EXD1,0.007297521540261677
PHF17,0.007288127286255953
ZNF175,0.00728272992829956
SIGLEC5,0.00728272992829956
MIR887,0.0072787198471459345
FBXL7,0.0072787198471459345
RNA5SP178,0.0072787198471459345
KLLN,0.007274709632049358
C15orf43,0.007269746460569555
RNF2,0.007268479387203616
RNA5SP72,0.007268479387203616
TRMT1L,0.007268479387203616
DDHD2,0.007267131195066017
ZNF701,0.0072629901743825704
PPP2R1A,0.0072600358502257255
KIF20B,0.007258221673355975
SHANK2,0.007257446057886353
PROS1,0.0072555357878219305
IVNS1ABP,0.007250954954588856
SWT1,0.007250954954588856
LRRC4B,0.0072506048599179605
EFCAB6,0.007249256256197871
RNASEL,0.007248775829489804
ACTA2,0.007231188638468664
STAMBPL1,0.007231188638468664
FAS,0.007231188638468664
SLC28A2,0.0072180763992152645
PGRMC2,0.0072139240506329146
MIR146B,0.007211014248283779
FBXL15,0.007211014248283779
CUEDC2,0.007211014248283779
PSD,0.007211014248283779
NFKB2,0.007211014248283779
ADGB,0.00720919360532553
C1orf21,0.00720479712294533
ADORA1,0.00720264493779821
MYOG,0.00720264493779821
PPFIA4,0.00720264493779821
CHI3L1,0.007201233142334257
MYBPH,0.007201233142334257
WASF1,0.007200463307685942
LIPF,0.007198209323865395
SNORA25|ENSG00000200991.1,0.0071964798832624575
BIRC8,0.007196014428609365
FAM90A27P,0.007196014428609365
PTEN,0.007183586479145701
SLC16A12,0.007180123494905837
VN1R2,0.007171793396476941
VN1R4,0.007171793396476941
ZNF677,0.007171793396476941
SNORD112|ENSG00000252790.1,0.007167035780319816
EDEM3,0.007167035780319816
SORD,0.00715519137291164
MAEA,0.007154243854564578
RN7SL487P,0.007151923725742559
TUBGCP4,0.007151923725742559
FAM19A5,0.007149444587961763
CACNA1E,0.007145229017335171
RNA5SP400,0.007135667417931405
ABRACL,0.007132418091018872
SNORD23|ENSG00000221803.1,0.0071297128079488205
SEPW1,0.0071297128079488205
TPRX1,0.0071297128079488205
CRX,0.0071297128079488205
CRIPAK,0.007127970372860583
UVSSA,0.007127970372860583
KIAA1024,0.007127223992140424
RGS16,0.0071208423918564644
RGS8,0.0071208423918564644
NPL,0.007115132982506038
DHX9,0.007115132982506038
FAM129A,0.0071128522664932895
CDKN2B,0.0071122560118006195
SHF,0.007110181563722242
SNORA11|ENSG00000261709.2,0.007110181563722242
RN7SL428P,0.007110056119975806
CSPG4P12,0.007110056119975806
NR3C2,0.007106623121251491
COLGALT2,0.007106116788914397
TSEN15,0.007106116788914397
SLC41A1,0.007105481417050069
EMCN,0.007104394086270766
DUOX1,0.007104208579604382
DUOXA1,0.007104208579604382
DUOXA2,0.007104208579604382
DUOX2,0.007104208579604382
IFIT1B,0.007102642790984874
IFIT5,0.007102642790984874
IFIT1,0.007102642790984874
U3|ENSG00000212610.1,0.007100810166639957
snoU13|ENSG00000238991.1,0.007094288360605119
CAPN3,0.007087495470278779
GLUL,0.007086587822953124
TEDDM1,0.007086587822953124
LINC00272,0.007086587822953124
HHAT,0.007084019871296235
CECR9,0.007078494201434584
RN7SL843P,0.007075826471672608
PARP16,0.007070320247331274
GRXCR1,0.007065178242380362
HAS1,0.007063789059042226
snoU13|ENSG00000238620.1,0.007060997407350924
CCDC147,0.007060997407350924
HECA,0.007057462862623611
CFH,0.0070495603517186185
MIR4735,0.0070495603517186185
RGL1,0.007049154763597943
CH25H,0.007048113615313364
CFHR1,0.007042659543251472
CFHR2,0.007042659543251472
CFHR3,0.007042659543251472
CFHR4,0.007042659543251472
CFHR5,0.007042659543251472
U8|ENSG00000202269.1,0.007042633360963203
ZNF528,0.0070397671948304805
ZNF534,0.0070397671948304805
ZNF880,0.0070397671948304805
ZNF578,0.0070397671948304805
ZNF808,0.0070397671948304805
CDKN2A,0.007039115296216251
ZBTB41,0.007035920630584138
CRB1,0.007033598437705531
AP4E1,0.007032863055496821
CAMTA1,0.007031829742450368
SNORD74|ENSG00000200891.1,0.007025159001062823
MIR107,0.007020827415869096
APOBEC4,0.007020333421378789
ARPC5,0.007020333421378789
NCF2,0.007020333421378789
SMG7,0.007020333421378789
IFIT3,0.0070197715344242
IFIT2,0.0070197715344242
GPR6,0.007017921655300665
LAMC1,0.007013680195084439
NHSL1,0.00700961972701723
LAMC2,0.007009167349664572
NMNAT2,0.007007512976960202
DPP8,0.007007333735181833
BID,0.007007081047173192
snoU13|ENSG00000251737.1,0.007006313016755699
CCNDBP1,0.007000899696352474
EPB42,0.007000899696352474
TMEM62,0.007000899696352474
ASPM,0.006998892025620011
F13B,0.006998770603770148
PANK1,0.0069972769373263435
EHD2,0.006996573579278138
GLTSCR2,0.006996573579278138
TGM7,0.00699459557399377
TGM5,0.00699459557399377
LCMT2,0.00699459557399377
ZSCAN29,0.00699459557399377
ADAL,0.00699459557399377
CEP152,0.006990651632599366
ANGPTL1,0.006988901619204055
GBF1,0.006987400375058601
GANC,0.006985529883664264
UBR1,0.006984399015332313
LIPK,0.006983634112892458
LIPN,0.006982869521948614
LIPM,0.006982869521948614
NBPF3,0.006980119673050103
ZNF106,0.006977526334861981
ZNF610,0.0069773391165796166
TOR3A,0.006976988804991503
FAM20B,0.006976988804991503
NOLC1,0.006976617440225032
ELOVL3,0.006976617440225032
LDB1,0.006976617440225032
PITX3,0.006976617440225032
SNORD112|ENSG00000253068.1,0.006976617440225032
PPRC1,0.006976617440225032
SNORA67|ENSG00000201619.1,0.006976551679711403
SNORA67|ENSG00000212338.1,0.006976551679711403
BSPH1,0.006975110694379325
C10orf76,0.0069714864301713775
KCNIP2,0.0069714864301713775
HPS6,0.0069714864301713775
NPM3,0.0069714864301713775
MGEA5,0.0069714864301713775
FGF8,0.0069714864301713775
RCOR3,0.0069709776081084045
TSPAN9,0.006970570555023454
SLC30A1,0.006970540039738346
LINC00467,0.006970540039738346
RD3,0.006970540039738346
TRAF5,0.006970540039738346
RN7SKP215,0.0069687609245302935
NEK2,0.00696678945370928
MIR548AP,0.006962714947503083
SNAP23,0.006950073100328644
RN7SL654P,0.006949478838612682
PEX14,0.006949164704150722
TTBK2,0.006942013320504317
snoU13|ENSG00000239025.1,0.006942013320504317
CDAN1,0.006942013320504317
POMC,0.006941415430868905
WHSC1,0.006937508641700851
FAM53A,0.006935515967152046
ATP6V1E1,0.006933226018877595
ATP6V1G3,0.006932355295899604
SLC25A18,0.006929146118387359
PTPRC,0.006927620902304453
CFL1P1,0.006925467724611846
SCARNA22,0.006922583915998604
NELFA,0.006922583915998604
MIR943,0.006922583915998604
TACC3,0.006921011465334241
TMEM129,0.006921011465334241
SLBP,0.006921011465334241
RAP1GAP,0.00691810608924637
ALPL,0.00691810608924637
MIR181A1,0.006914772260088721
MIR181B1,0.006914772260088721
GLTSCR1,0.006907664175262303
CENPF,0.006905675310310925
RNA5SP71,0.0069053325070605595
SHCBP1L,0.0069053325070605595
CACNA1C,0.00690511074870786
FBN1,0.006903524603703856
DARS2,0.0069019357403561875
CENPL,0.0069019357403561875
RN7SKP160,0.0069019357403561875
PLA2G4A,0.006901562132428392
ANKRD22,0.006901143245506509
ZNF160,0.006901013543418592
ZNF665,0.006901013543418592
ZNF347,0.006901013543418592
ZNF415,0.006901013543418592
KLHL25,0.0068997486344805495
MIR1276,0.0068997486344805495
KLHL20,0.006899203627028463
ECE1,0.006897652165977927
SPG11,0.006896457221997264
RN7SL322P,0.006889277492735865
C4orf48,0.006887423376919138
POLN,0.006885482213685205
NAT8L,0.006885482213685205
C9orf53,0.006885265514047555
RN7SL78P,0.006883365480320982
RALGPS2,0.006880338104900854
RN7SKP106,0.006879950396593275
PLA2G4C,0.006879211093019597
MIR3145,0.006871852433212175
HEBP2,0.006871852433212175
PROX1,0.0068716236813305045
SECISBP2L,0.006870389290980165
RNA5SP76,0.006869822544464021
KIAA1244,0.006866446269396205
CTXN2,0.006863072113355068
DUT,0.006863072113355068
SLC24A5,0.006863072113355068
SLC12A1,0.006863072113355068
MYEF2,0.006863072113355068
PBOV1,0.006862552779154043
CECR2,0.006862032633350403
RN7SL577P,0.006861456950401031
MIR3121,0.006858886756944552
GABRB1,0.0068587418700608435
MTHFD1L,0.006858393949432411
HMCN1,0.006858366993508218
LHX4,0.006857791643084913
LINC00858,0.006855368150742487
C1orf143,0.0068531385194680276
CCSER2,0.00685036670543235
snoU13|ENSG00000239166.1,0.006848060338527202
EHD4,0.0068475014682544645
UTS2,0.006847434735580445
RN7SKP278,0.0068385266185558985
MIR4465,0.006832547394601751
SHC4,0.0068316314981248065
EID1,0.0068316314981248065
ELSPBP1,0.006831562223264049
LPGAT1,0.00683088875493939
RN7SL344P,0.00682456633849039
SNORA63|ENSG00000201791.1,0.006821901356928886
PERP,0.006818715937441088
SLC30A10,0.006818298349623453
SNORD78|ENSG00000208317.1,0.006812871383438993
GAS5,0.006812871383438993
ZBTB37,0.006812549958341613
RN7SL671P,0.006812463569300342
PLA2G4F,0.006808533369987635
VPS39,0.006808533369987635
PLA2G4D,0.006808533369987635
TMEM87A,0.006808533369987635
MIR627,0.006808533369987635
RN7SL358P,0.00680838116863136
IDUA,0.00680838116863136
PIGG,0.00680838116863136
PDE6B,0.00680838116863136
PCGF3,0.00680838116863136
MYL5,0.00680838116863136
MIR571,0.00680838116863136
MFSD7,0.00680838116863136
TMEM175,0.00680838116863136
GAK,0.00680838116863136
FGFRL1,0.00680838116863136
DGKQ,0.00680838116863136
CPLX1,0.00680838116863136
ATP5I,0.00680838116863136
ABCA11P,0.00680838116863136
SLC26A1,0.00680838116863136
ZNF595,0.00680838116863136
ZNF141,0.00680838116863136
ZNF876P,0.00680838116863136
ZNF732,0.00680838116863136
ZNF718,0.00680838116863136
ZNF721,0.00680838116863136
SNORA48|ENSG00000212458.1,0.006807214022727509
RNF212,0.006807214022727509
NEK7,0.006805894190197989
FGFR3,0.006804918517233235
SERPINC1,0.006803668475387715
RNA5SP67,0.006803668475387715
RN7SL307P,0.00680250350257875
MIR4716,0.00680250350257875
RNA5SP325,0.006801976513649531
DTL,0.006799776750831602
RN7SKP98,0.006799776750831602
MIR3122,0.006799776750831602
SNORA26|ENSG00000212187.1,0.006799776750831602
PDC,0.0067986946358945
KIAA0040,0.006796836297169414
MIR181A1HG,0.006795775341063443
SNORA16B,0.006795222467796307
PPP2R5A,0.006795222467796307
TMEM206,0.006795222467796307
PDPN,0.006791605338043372
GPATCH2,0.006789597019708373
TNFRSF9,0.0067861607273365186
C1orf115,0.006785861640762698
RNA5SP41,0.006785748454518693
LRRC57,0.0067851162732577765
WDR64,0.006784553155039496
CTBP1,0.006781019554999094
snoU13|ENSG00000239027.1,0.006781003340920285
DHRS3,0.006780584584437253
EFR3B,0.006780413748672744
RN7SL856P,0.006780413748672744
MARC1,0.006780353709341452
MARC2,0.006780173449767665
RN7SL85P,0.006778654048370137
RNU6ATAC35P,0.0067780053276718455
HLX,0.0067780053276718455
PQLC2,0.006776976933008559
AKR7A2,0.006776976933008559
snoU13|ENSG00000251817.1,0.006776055521956295
CAPZB,0.006774927125344407
DDOST,0.006773950905369652
PINK1,0.006773950905369652
RN7SL277P,0.006773902221512333
TGFB2,0.006773493831116802
RRP15,0.006773493831116802
TMED11P,0.006763979224802908
SPON2,0.006763979224802908
PRR24,0.006762251377373791
CCDC9,0.006762251377373791
RNA5SP68,0.006761845149230055
GINM1,0.006757279195359594
TNFAIP8L3,0.006756998277997648
NR5A2,0.006755066536838685
DNAH5,0.006749796990685458
RN7SL729P,0.00674941970941621
TRIM8,0.006748151589052761
MIR215,0.00674786692837686
snoU13|ENSG00000238576.1,0.00674786692837686
BPNT1,0.00674786692837686
IARS2,0.00674786692837686
UBXN10,0.006747402521216549
PLA2G2F,0.006747402521216549
PLA2G2C,0.006747402521216549
VWA5B1,0.0067465030178988136
C10orf95,0.006745525748719334
TMEM180,0.006745525748719334
RN7SL21P,0.006745525748719334
ACTR1A,0.006745525748719334
DUSP10,0.006742939833360032
SNORA36B,0.0067423439753244675
PRDX6,0.0067421747791259696
SLC9C2,0.006741921022470144
PRDM2,0.00673974585418506
OCLM,0.00673885210044496
TNN,0.0067385759920736655
U3|ENSG00000221673.1,0.006737341772151895
EPRS,0.006737341772151895
snoU13|ENSG00000238798.1,0.006737341772151895
SUFU,0.0067351127111317565
CDA,0.006734640003128711
TRIM69,0.0067335316866487084
TNFSF4,0.0067324262942646766
MUL1,0.00673153736849653
FAM43B,0.00673153736849653
CYP17A1,0.006729590002355594
C10orf32,0.006729590002355594
TEX35,0.006729249202821517
LINC00083,0.006729249202821517
RGR,0.00672315252391484
snoU13|ENSG00000238430.1,0.006721231396465163
ANKRD45,0.006721231396465163
KCNK18,0.006719196694719041
RN7SL234P,0.006718861616709993
SUMO4,0.006718861616709993
TAB2,0.006718861616709993
HORMAD1,0.00671837797280014
RN7SL464P,0.006717017505207501
PARK7,0.006716771421054179
ERRFI1,0.006716771421054179
LHX1,0.006716298623302227
MIR4310,0.006715977107726144
SPTBN5,0.006715977107726144
RNA5SP393,0.006715977107726144
JMJD7,0.006715977107726144
MAPKBP1,0.006715977107726144
PLA2G4B,0.006715977107726144
RNU6ATAC18P,0.006714509125699148
CAMK2N1,0.006714362069639811
MIR4424,0.006713337842625685
C1ORF220,0.006712725867233538
RNA5SP69,0.006712725867233538
C1orf220,0.006712725867233538
BBC3,0.006710127174060993
CORIN,0.006709836345454986
TEAD4,0.006709087980579785
SAE1,0.0067083340730614656
DNAJC27,0.006707578234051955
ADCY3,0.006707578234051955
SNORD14,0.006707578234051955
PATL2,0.006705897196645597
B2M,0.006705897196645597
FAM163A,0.006705791434788892
PRAMEF19,0.00670542022372681
PRAMEF11,0.00670542022372681
HNRNPCL1,0.00670542022372681
PRAMEF12,0.00670542022372681
PRAMEF13,0.00670542022372681
PRAMEF14,0.00670542022372681
PRAMEF15,0.00670542022372681
PRAMEF16,0.00670542022372681
PRAMEF17,0.00670542022372681
PRAMEF18,0.00670542022372681
PRAMEF1,0.00670542022372681
PRAMEF21,0.00670542022372681
PRAMEF22,0.00670542022372681
PRAMEF2,0.00670542022372681
PRAMEF3,0.00670542022372681
PRAMEF4,0.00670542022372681
PRAMEF5,0.00670542022372681
PRAMEF6,0.00670542022372681
PRAMEF7,0.00670542022372681
PRAMEF8,0.00670542022372681
PRAMEF10,0.00670542022372681
PRAMEF9,0.00670542022372681
CHML,0.0067050014276196805
MRM1,0.006704672148818876
SNORA48|ENSG00000252774.1,0.006704058503828354
RGSL1,0.006703418815616085
TLR5,0.00670295225124179
snoU13|ENSG00000238771.1,0.006693393680698653
AADACL3,0.006693393680698653
C1orf158,0.006689039348444698
VPS13D,0.006688383132175444
MIA3,0.006685802555680177
FAM227B,0.006684743439930006
ZNF622,0.006683593099687132
C10orf99,0.006678872254751035
PLA2G2D,0.006678831688589346
INTS7,0.006677529971200854
PLA2G5,0.006673480295662831
MIR3916,0.0066734548256818
RNA5SP82,0.0066734548256818
MEIS3,0.006672057805315386
STPG2,0.006669837251356233
CSNK1G1,0.0066696805304400225
OTUD3,0.006667464052457993
PLA2G2A,0.00666715118173878
RN7SL304P,0.00666715118173878
PLA2G2E,0.00666715118173878
LRIT1,0.00666684592993943
LRIT2,0.00666684592993943
CDHR1,0.00666684592993943
C5AR2,0.006666814612293693
MIR3191,0.006660553553358065
LCTL,0.006657488401645409
MAP2K1,0.006655626092052868
HDAC1P2,0.0066545525556801705
NT5C2,0.006649613645679748
SFXN2,0.006647689656454951
WBP1L,0.006647689656454951
SNORA59A,0.006647575066234913
RN7SL595P,0.006646257080089069
KIAA0101,0.006646257080089069
KATNA1,0.006645974416854768
SNORA2|ENSG00000202343.1,0.006645974416854768
RC3H1,0.006645262301073135
PPIL4,0.006644931470316494
ZC3H12D,0.006644931470316494
LATS1,0.006644259984189111
FAM63A,0.006643245755529428
CDC42SE1,0.006643245755529428
MLLT11,0.006643245755529428
GABPB2,0.006643245755529428
C1orf56,0.006643245755529428
BNIPL,0.006643245755529428
PRUNE,0.006643245755529428
TDRD5,0.00664222445038947
snoU13|ENSG00000238872.1,0.00664078854534136
DHRS11,0.0066391019125935525
NPHS2,0.006637732114944242
CNNM2,0.006637249083823288
RN7SL374P,0.006636681276243604
SOAT1,0.006636558678395196
MIR4637,0.0066358167437024955
C1orf27,0.0066353139030286565
CERS2,0.006633594882029687
AADACL4,0.006633334559905796
U4|ENSG00000272160.1,0.006632704092870193
C10ORF32,0.006631975332056699
AS3MT,0.006631975332056699
AIDA,0.006627979290177853
BROX,0.006627979290177853
RN7SL276P,0.006627979290177853
CDK19,0.006626002622941317
OPN3,0.006624978585704769
CTSS,0.00662368883907008
LETM1,0.006622435617634213
PRG4,0.006621779759849036
TPR,0.006621779759849036
RN7SKP139,0.006620305279859173
ANXA9,0.006619563599469002
TMEM160,0.006617803184973456
NPAS1,0.006617803184973456
ZC3H4,0.006617803184973456
RN7SL533P,0.006617803184973456
PER3,0.006615751162042868
VAMP3,0.006615751162042868
FAM134B,0.0066152157065357785
NUP43,0.00661510510424702
SCARNA11|ENSG00000253085.1,0.006614359483858304
RNF186,0.0066118578002581216
STARD9,0.006610687642920512
ARNT,0.006610377498914001
TNFRSF8,0.006610041948778334
KMO,0.006609664985247928
MINOS1,0.006607705745088583
NBL1,0.006607705745088583
CACNA2D4,0.006607304438864578
TULP3,0.006601695817118665
FGF7,0.006601684908627048
FAM177B,0.006601255808364045
snoU13|ENSG00000239054.1,0.006600845217112642
ZNF669,0.006600199866755495
C1orf229,0.006600199866755495
GOLPH3L,0.006598345043788899
RN7SL649P,0.006597972475713868
MIIP,0.006597972475713868
MFN2,0.006597972475713868
C5AR1,0.006596972440688603
RN7SL524P,0.006595670873839873
ADAR,0.006593265956445
XPR1,0.006590841535183985
IL6R,0.006589131603648921
SHE,0.006589131603648921
TDRD10,0.006589131603648921
CHRNB2,0.006589131603648921
UBE2Q1,0.006589131603648921
LRTM2,0.006588275391956368
HECTD2,0.006586434158658035
SETDB1,0.006585863004377364
DTWD1,0.006585141724431176
FOXM1,0.006584938981071623
RHNO1,0.006584938981071623
ITFG2,0.006583938057806197
NRIP2,0.006583938057806197
AQP10,0.00658357255470195
AATF,0.006583063845514186
MIR2909,0.006582109088669195
RNA5SP173,0.006577884371756923
SNORD65|ENSG00000212191.1,0.006577884371756923
IYD,0.006575911268584922
USH2A,0.00657378219967492
RPS6KC1,0.006571593775813188
C1orf138,0.006569705309651175
RN7SL600P,0.006569705309651175
RN7SL473P,0.006569705309651175
ADAMTSL4,0.006569705309651175
MIR4257,0.006569705309651175
MCL1,0.006569705309651175
SNORD16,0.006569576434115324
ZWILCH,0.006569576434115324
SNORD18C,0.006569576434115324
RPL4,0.006569576434115324
MIR4512,0.006569576434115324
SNAPC5,0.006569576434115324
SNORD18A,0.006569576434115324
SNORD18B,0.006569576434115324
FCER1A,0.006569145524321701
INA,0.006567338223687834
PCGF6,0.006567338223687834
RN7SKP274,0.0065669665366345446
KCTD3,0.006560688214329603
ZNF124,0.0065599541430603385
MIR548A2,0.006558554400378476
LRRC38,0.006557017221077419
PRAMEF20,0.006557017221077419
ANGEL2,0.0065537338423414405
SNORD116|ENSG00000202498.1,0.006551440673792046
MIR4632,0.006550038023746445
TNFRSF1B,0.006550038023746445
SLK,0.0065488372662143475
BCL2L13,0.006547223873401283
NENF,0.006544982474940282
ATF3,0.006544433281986025
RN7SL512P,0.0065444198870359205
FAM71A,0.0065444198870359205
BATF3,0.0065444198870359205
TATDN3,0.0065444198870359205
C1orf227,0.0065444198870359205
FLVCR1,0.0065444198870359205
NSL1,0.0065444198870359205
SLC8A2,0.006544149934016247
ANKH,0.006543519858385197
SLC18A2,0.0065431946427828725
FH,0.006543052250880359
CASZ1,0.006541648268079678
ZNF541,0.006538670027991305
NAPA,0.006538670027991305
snoU13|ENSG00000238594.1,0.006535807831147426
ZNF670,0.00653558579994289
CAPN9,0.0065354260134593825
RN7SL467P,0.0065354260134593825
KCNH1,0.006534080480202396
KPTN,0.006533675383623004
PNLIPRP2,0.006533601958980615
C10orf82,0.006533601958980615
ZNF496,0.006533526767209774
CORT,0.006533062260818368
DFFA,0.006533062260818368
MEGF11,0.00653223712678494
SNAP47,0.006532171326710459
PRSS38,0.006531580475885271
CTSK,0.006530497307050869
HSPA12A,0.006530317556974986
ITPRIP,0.006529705658075341
DCP1B,0.006528389692791336
FKSG62,0.006526822842087166
ENO2,0.0065251079300159024
ATP8B2,0.0065226373705408415
SNX22,0.006521707291557694
SNX1,0.006521707291557694
FAM96A,0.006521707291557694
PPIB,0.006521707291557694
MGA,0.006521599357042391
SNORA70|ENSG00000252969.1,0.006517227210283586
AGT,0.006514435787534051
LINC00940,0.006513968344363621
COG2,0.006513684705976605
SEMA6D,0.0065055763373365605
LINC00568,0.006504533814510027
ECM1,0.006504533814510027
ACBD6,0.00650014034022151
SNORA58|ENSG00000201129.1,0.006499305878314541
UBAP2L,0.006499305878314541
HAX1,0.006499305878314541
SNORD59|ENSG00000252682.1,0.006499305878314541
TAF1A,0.00649815349756497
CCL4,0.0064978440974468
GGNBP2,0.0064978440974468
MYO19,0.0064978440974468
RNA5SP439,0.0064978440974468
PIGW,0.0064978440974468
RN7SL301P,0.0064978440974468
TBC1D3B,0.0064978440974468
TBC1D3C,0.0064978440974468
TBC1D3G,0.0064978440974468
CCL4L2,0.0064978440974468
ZNHIT3,0.0064978440974468
CCL4L1,0.0064978440974468
CCL3,0.0064978440974468
CCL3L3,0.0064978440974468
CCL3L1,0.0064978440974468
TBC1D3H,0.0064978440974468
CCL18,0.0064978440974468
ATP8B4,0.006497011336730888
HDC,0.0064967788511541705
GABPB1,0.0064967788511541705
RN7SL494P,0.0064967788511541705
SLC27A2,0.0064967788511541705
RNA5SP394,0.006494949556747895
RNA5SP79,0.00649397632590931
C1orf198,0.00649397632590931
PDCD11,0.006492147493744304
CALHM1,0.006492147493744304
USMG5,0.006492147493744304
TAF5,0.006492147493744304
CALHM2,0.006492147493744304
MIR1307,0.006492147493744304
AXDND1,0.006491805647382315
MIR626,0.006491212518762773
ARL3,0.006490974348801742
DUSP5,0.006490859386134252
SCARNA14,0.006490713100252505
TIPIN,0.006490713100252505
DIS3L,0.006490713100252505
PAX7,0.006490224828934507
ENSA,0.006487969063740727
SNORA40|ENSG00000253047.1,0.006487969063740727
METTL18,0.006487854943551153
APITD1,0.006486918604651162
TRIO,0.006486354121299815
WDR72,0.006486081769241964
CKS1B|ENSG00000173207.8,0.006485617859432003
SHC1,0.006485617859432003
PYGO2,0.006485617859432003
MIR4258,0.006485617859432003
FLAD1,0.006485617859432003
PBXIP1,0.006485617859432003
HHIPL2,0.006483891534534254
PPP1R14C,0.006480565000809588
GSTO1,0.0064793045600122015
KCNN3,0.006479202170155499
SFR1,0.00647890193686137
MIR936,0.00647890193686137
COL17A1,0.00647890193686137
LENEP,0.006478199718706046
GSTO2,0.006475284428854661
CDC42BPA,0.006475059085082502
RN7SL497P,0.00647315888380669
SLC28A1,0.006471143752006311
S100A3,0.006468560668330521
S100A6,0.006468560668330521
S100A4,0.006468560668330521
S100A5,0.006468560668330521
C1orf195,0.006467412251989895
MYB,0.006465427383466221
HAUS2,0.006464287053119571
SELE,0.006461409510776606
DRAXIN,0.0064607558139534935
FBXO28,0.006459196242589324
RAET1G,0.006458415483231895
HTR6,0.006453356190277544
S100A13,0.006452865661381198
CHTOP,0.006452865661381198
S100A1,0.006452865661381198
NDUFAF1,0.006452782800884069
NUSAP1,0.006452782800884069
RTF1,0.006452782800884069
OIP5,0.006452782800884069
TMCO4,0.00645194827204109
CPM,0.006451643768538494
RN7SL721P,0.006450636591109803
PGD,0.006450636591109803
RNA5SP77,0.0064500630908508215
U6|ENSG00000271819.1,0.006448372906865058
MIR4712,0.006448372906865058
PMVK,0.0064474943270361115
ZNF678,0.006446648173369643
PIP5K1A,0.006446570856609954
EXO1,0.006446426192062436
FBXO2,0.006446282258855859
FBXO44,0.006446282258855859
FBXO6,0.006446282258855859
MAD2L2,0.006446282258855859
IFFO2,0.006444838338468392
MIR1290,0.006442363611616371
MIR4695,0.006442363611616371
MIR422A,0.00644182246598818
DEGS1,0.006441570862041325
VASH2,0.006440993012301029
DAPK2,0.0064403180248980025
CALHM3,0.006438749227597261
TAS1R2,0.006438391675018872
ALDH4A1,0.006438391675018872
HERC1,0.006438390148401665
KLHDC7A,0.006438235943479553
NEURL,0.0064379538822032295
ZBTB7B,0.006433921741956846
MAP1LC3C,0.006431283905967451
AHI1,0.006431075930135509
S100A2,0.0064303319235425125
KAZN,0.006428763680490435
SNAPIN,0.006428442903471677
ILF2,0.006428442903471677
DCST1,0.006427557694118653
DCST2,0.006427557694118653
FBXL22,0.006426050742506446
USP3,0.006426050742506446
PSMD4,0.006425923394482875
TARS2,0.006425571017609727
MIR320B2,0.006422698686107981
PRMT8,0.006422018586109597
ITPKA,0.006420552187119577
LTK,0.006420552187119577
RPAP1,0.006420552187119577
TMEM51,0.006419202085028545
PRH1,0.006418794347659769
RN7SL614P,0.006417795113335292
KIAA1598,0.006417669694103631
RNA5SP81,0.006417602550680495
RN7SKP12,0.006417602550680495
SMNDC1,0.006411094411981915
LCE2B,0.006410709428661095
LCE2C,0.006410709428661095
C1orf68,0.006410709428661095
LCE4A,0.006410709428661095
LCE2A,0.006410709428661095
RDM1,0.006409967359286673
C1orf127,0.006409865322343247
ABL2,0.00640907837067459
MARCH11,0.006407485353826285
RPRD2,0.006406354327096867
AGTRAP,0.006405860563242081
NPPB,0.006405762437444807
KIAA2013,0.006405394465705039
PLOD1,0.006405394465705039
NPPA,0.006404879305269359
LCE1B,0.006403837819257835
LCE1C,0.006403837819257835
LCE1D,0.006403837819257835
LCE1E,0.006403837819257835
NANOS1,0.006403581732643676
EIF3A,0.006403581732643676
NR1H2,0.006402896659308612
S100A16,0.006401374919671814
S100A14,0.006401374919671814
NECAP2,0.006399752232361887
MIR5698,0.006399607525068881
OBFC1,0.0063993490403851955
AKR7L,0.0063977814073771615
AKR7A3,0.0063977814073771615
MRTO4,0.0063977814073771615
EMC1,0.0063977814073771615
UBR4,0.0063977814073771615
RNY4P25,0.006396244756115719
LILRA2,0.006395023453061752
WNT9A,0.006394948726165672
MIR5008,0.006394948726165672
SNHG5,0.0063942875851148604
ULBP2,0.006393752797858855
CRTC2,0.006391583100443867
DENND4B,0.006391583100443867
PSMB4,0.006390591537487127
SELENBP1,0.006390591537487127
NFXL1,0.006390364462655383
SLC19A2,0.0063880773178241574
CCDC181,0.0063880773178241574
BLZF1,0.0063880773178241574
NPR1,0.0063879485301809895
INTS3,0.006385916040231354
GATAD2B,0.006385916040231354
SLC27A3,0.006385916040231354
snoU13|ENSG00000238511.1,0.006385916040231354
RN7SL372P,0.006385916040231354
RN7SL450P,0.006382467641838231
ADD3,0.006382467641838231
FAM46B,0.006381692743140181
RFX5,0.006381259625812214
PI4KB,0.006379160553231693
ZNF687,0.006379160553231693
RN7SL444P,0.006379160553231693
MYRFL,0.006378083003558432
RN7SKP49,0.006375175252363397
SNORA72|ENSG00000201898.1,0.006374213867969869
RN7SL480P,0.006374011598059496
PLEKHO1,0.006374011598059496
VPS45,0.006374011598059496
ALPK3,0.006373795125844815
INO80,0.006372583429228998
PHB2,0.006370867955786798
CEP170,0.00637058151708384
U6|ENSG00000272292.1,0.006367544138149999
TROVE2,0.0063669079517320384
snoU109|ENSG00000238754.1,0.0063669079517320384
UCHL5,0.0063669079517320384
C1orf189,0.006366453721676947
C1orf43,0.006366453721676947
RBP7,0.006365935629476989
LZIC,0.006365935629476989
NMNAT1,0.006365935629476989
RN7SKP269,0.006365935629476989
MIR5697,0.006365935629476989
FAM105A,0.006365498250888596
F5,0.0063653309955525195
SELL,0.006363697399931582
TYRO3,0.006361114065879519
CCT2,0.006359940398350974
RAET1E,0.006359249840462515
LRP11,0.006359249840462515
PCMT1,0.006359249840462515
ZNF695,0.006357761492338453
ADAM12,0.006357409418926032
C1S,0.006357335358189587
CAHM,0.006357206636002783
THBS1,0.006356423457083237
CPSF6,0.006356082815522639
NUP210L,0.006355422713075195
LCE6A,0.006353823621717751
LCE1A,0.006353823621717751
LILRA1,0.006351715607530686
MLK4,0.006345692797628582
FAM105B,0.006344067772798145
U3|ENSG00000251836.1,0.006340771450107865
MXI1,0.006340172058613949
PRR4,0.006339954383209799
SLFN14,0.006338614229228036
MTAP,0.006338538986655695
MTMR11,0.006337501101177723
LINC00582,0.006337235619291778
TSNAX,0.006337235619291778
TRAX,0.006337235619291778
snoU13|ENSG00000239020.1,0.0063362341772151935
RCC2,0.006336111519968603
PDE8A,0.006335058174456639
KIAA1614,0.006334939193572866
RN7SL837P,0.006334561768947284
snoU13|ENSG00000238985.1,0.006334561768947284
ADAM15,0.00633360065371986
EFNA4,0.00633360065371986
EFNA3,0.00633360065371986
ZNF83,0.006332968908198143
RNA5SP73,0.006332642832121709
THEM4,0.006332327051544539
ZP4,0.006331987386748089
CACUL1,0.0063304135367660466
LCE1F,0.006330136146937065
C5orf49,0.006330091360374784
FASTKD3,0.006330091360374784
RN7SL230P,0.006328338930508908
TOR1AIP1,0.006328338930508908
IFRG15,0.006328338930508908
TOR1AIP2,0.006328338930508908
KPRP,0.006328196314617486
HMG20A,0.0063265958408679915
SELP,0.006326304310639758
RHOU,0.006324472240025623
LPCAT3,0.006324442948811974
EMG1,0.006324442948811974
PEX12,0.006322113419844496
SNORD7,0.006322113419844496
CCL14,0.0063210360109333145
CCL16,0.0063210360109333145
CCL23,0.006320701642650534
CCL15,0.006320701642650534
FKBP4,0.00631860135354738
CBX3P4,0.00631860135354738
RN7SL749P,0.0063108543653991175
PLEKHG1,0.0063101456315303155
MTRR,0.00630971053066528
U3|ENSG00000252669.1,0.006308609687205781
RPS27,0.006308609687205781
RAB13,0.006308609687205781
JTB,0.006308609687205781
CREB3L4,0.006308609687205781
SLC39A1,0.006308609687205781
IER5,0.006307404902244973
C12orf5,0.006305011231624572
PTGS2,0.006304995124168026
GRK5,0.006304889143035381
PADI6,0.006303926258463353
RIPPLY2,0.006302185677093996
MAP10,0.00630141403621214
GALK2,0.006301336146272853
COPS2,0.006300757678871192
FAM5B,0.0063001161618749905
C2CD4D,0.006296967704332488
RORC,0.006296967704332488
THEM5,0.006296967704332488
LINGO4,0.006296967704332488
TDRKH,0.006296967704332488
FMN2,0.006296600864162907
EFNA1,0.0062961241581686155
DPM3,0.0062961241581686155
SLC50A1,0.0062961241581686155
POGZ,0.006295455292693497
EFHD2,0.0062953586497890325
USP50,0.006294281139542619
RNA5SP395,0.006294281139542619
USP8,0.006294281139542619
SPPL2A,0.006294148213044933
RN7SL299P,0.006294083480211505
AGMAT,0.00629328574232166
SCARNA21|ENSG00000251866.1,0.00629328574232166
DNAJC16,0.00629328574232166
RPTN,0.0062906849192234686
THBS3,0.006289559620040531
MUC1,0.006289559620040531
MIR92B,0.006289559620040531
TRIM46,0.006289559620040531
KRTCAP2,0.006289559620040531
MTRNR2L11,0.006288485660171807
CTRC,0.006287766166225106
CASP9,0.006287766166225106
CELA2B,0.006287766166225106
CELA2A,0.006287766166225106
SYNCRIP,0.006287695295899067
RAB3IP,0.006287660578295534
S100A7L2,0.006287145995546455
S100A7,0.006287145995546455
RN7SL44P,0.006287145995546455
SNORA73|ENSG00000253090.1,0.0062869023156509
TRPM7,0.006286825171444979
ADCK3,0.006286492549270937
RN7SL354P,0.006285882601734097
RN7SL148P,0.006284657847149522
ZBTB18,0.006284657847149522
WNT3A,0.006284364484858189
ARF1,0.006284364484858189
EFCAB4B,0.006284124148999506
RN7SL431P,0.006283924627801924
MIR190B,0.006283924627801924
TPM3,0.006283924627801924
S100A11,0.006280594204414687
TCHHL1,0.006280594204414687
S100A10,0.006280367043773256
LYZL6,0.006278523472122713
AKT3,0.006278171695060438
TRIM67,0.006275590087414909
snoU13|ENSG00000239136.1,0.00627385892116182
C1orf100,0.006273803178833159
MIR1182,0.006273788780854128
FAM89A,0.006273788780854128
ARV1,0.006273788780854128
TTC13,0.006273788780854128
SDHB,0.006273360072613094
MIR488,0.006273053007396784
SF3B4,0.0062720865875033754
CGN,0.006272066713493638
SNORA44,0.006272066713493638
PADI2,0.0062710295849278805
PADI3,0.0062698030124619785
MIR3972,0.0062698030124619785
LIPA,0.006269753527264958
snoU13|ENSG00000271794.1,0.006269244921989995
VAX1,0.00626869906585648
MIR3663,0.00626869906585648
OBSCN,0.006268426534209261
MIR4427,0.006266403621214553
KCNK1,0.006266403621214553
MDM2,0.006265755244243585
OTUD7B,0.0062650360123088795
MRPS14,0.006264445128770314
NID1,0.006264253624310988
TARDBP,0.006263866401727016
MASP2,0.006263866401727016
SLC9A1,0.0062622389076709304
ASH1L,0.006261278338239278
SPRR4,0.006261034477605247
IVL,0.006261034477605247
TNFSF18,0.0062604234839657175
PARP11,0.0062602400490107245
SUCO,0.006259206346672632
FASLG,0.006259206346672632
ULBP3,0.006258889570438108
SMCP,0.006258093345089892
RAET1L,0.006257839365043956
RAD51,0.0062574016948551536
ANGPTL7,0.00625722451182416
ULBP1,0.006254818862804138
RAET1K,0.006254818862804138
BEST3,0.006252096171762146
MTRNR2L13,0.006251512798174001
SLFN12,0.006251381259453868
SLFN13,0.006251381259453868
SLFN11,0.006251381259453868
SPRR2A,0.006251215757775024
HBS1L,0.006251114470227574
MYO10,0.006250520967880815
EXOSC10,0.006250018398586989
SRM,0.006250018398586989
TUFT1,0.006246361693542359
ATP13A2,0.0062462589539790045
snoU13|ENSG00000238564.1,0.006246061293715797
SNAP91,0.006246059453690916
RAD51AP1,0.00624274690159601
PADI4,0.00624009542733785
SPSB2,0.006239283937194948
RPL13P5,0.006239283937194948
LRRC23,0.006239283937194948
TCHH,0.006238605353219853
SPRR2B,0.006238539596192076
FLG,0.006237616008847307
HRNR,0.006237616008847307
FLG2,0.006236581830137644
RNA5S1,0.006230021230572022
RNA5S6,0.006230021230572022
MIR4666A,0.006230021230572022
RNA5S8,0.006230021230572022
RNA5S5,0.006230021230572022
TRIM11,0.006230021230572022
RNA5S3,0.006230021230572022
RNA5S9,0.006230021230572022
RNA5SP18,0.006230021230572022
TRIM17,0.006230021230572022
RNA5SP19,0.006230021230572022
RNF187,0.006230021230572022
BTNL10,0.006230021230572022
SNORA51|ENSG00000206878.1,0.006230021230572022
RNA5S7,0.006230021230572022
RNA5S4,0.006230021230572022
RNA5S15,0.006230021230572022
RNA5S16,0.006230021230572022
RNA5S13,0.006230021230572022
RNA5S14,0.006230021230572022
HIST3H2BB,0.006230021230572022
HIST3H3,0.006230021230572022
RNA5S10,0.006230021230572022
RNA5S12,0.006230021230572022
RNA5S2,0.006230021230572022
RNA5S11,0.006230021230572022
HIST3H2A,0.006230021230572022
RNA5S17,0.006230021230572022
MFAP2,0.006229589834167404
MIR3675,0.006229589834167404
MST1L,0.006229589834167404
NBPF1,0.006229589834167404
ESPNP,0.006229589834167404
CROCC,0.006229589834167404
CROCCP2,0.006229589834167404
U1|ENSG00000228549.2,0.006229589834167404
U1|ENSG00000233421.3,0.006229589834167404
SPATA17,0.0062293389488592785
CROCCP3,0.006228357128839173
LINC00603,0.006227779539435911
UBIAD1,0.006226167696987536
PTCHD2,0.006226167696987536
GON4L,0.006222024769664001
RN7SL643P,0.006220387270626672
SORCS1,0.006219799090798952
FAM45A,0.006219634548904435
SFXN4,0.006219634548904435
PRDX3,0.006219634548904435
SNORA19|ENSG00000207468.1,0.006219634548904435
SNORA19|ENSG00000222588.1,0.006219634548904435
GRID2,0.006218948275939483
NIPAL1,0.0062174717602315995
CNGA1,0.0062174717602315995
SNX14,0.006214431198234589
CACYBP,0.006210092546070432
ARPP19,0.0062099170667830675
NT5E,0.006208771040644216
APH1B,0.006208444796477024
RAB8B,0.006208444796477024
FAM214A,0.006207973228575588
LGALS8,0.0062079287581144095
LELP1,0.006207875898554843
SPRR2G,0.006207875898554843
MIR555,0.006206729790730673
PKLR,0.006206729790730673
FDPS,0.006206729790730673
RUSC1,0.006206729790730673
SCAMP3,0.0062056756978429144
MTX1,0.0062056756978429144
GBAP1,0.0062056756978429144
GBA,0.0062056756978429144
FAM189B,0.0062056756978429144
RMDN3,0.006204032667919483
SPRR2F,0.006203341652593668
C1orf172,0.00620268233875829
SNORA25|ENSG00000252290.1,0.00620093250111191
DSTNP2,0.006198901860624321
S100A7A,0.006197235215877334
DYRK4,0.0061946162983671695
MIR3123,0.006192552583991616
SPRR2E,0.006192255615500733
CLK2,0.0061921881692502635
HCN3,0.0061921881692502635
QKI,0.006188436517524167
FHAD1,0.006188331671265402
OAZ3,0.006187428451870337
MRPL9,0.006187428451870337
PAK6,0.006187137302178253
CT49,0.0061838898588680346
snoU13|ENSG00000252638.1,0.006182847176760429
SLFN12L,0.006182809224318661
PLCB2,0.006182468768097954
ANKRD63,0.006182468768097954
LINC00984,0.006182468768097954
C15orf52,0.006182468768097954
RNA5SP392,0.006182468768097954
C15orf56,0.006182468768097954
PHGR1,0.0061820255528371665
PRR9,0.006181594010132564
C15orf54,0.006180320391867747
LOR,0.006180284847488529
NTPCR,0.006180139400737056
SEC11A,0.006179701477493222
FGF6,0.006179234293701948
ZFYVE19,0.006178621659634312
DNAJC17,0.006178621659634312
PPP1R14D,0.006178621659634312
SPRR2D,0.006177537997100715
SPRR1B,0.006177537997100715
GPR137B,0.006177265163137718
GTF2H5,0.00617587958551245
SERAC1,0.00617587958551245
EDARADD,0.006174856451798286
MTHFR,0.006174689473216138
CLCN6,0.006174689473216138
C1orf167,0.006174689473216138
C12orf4,0.006174123257372464
ENO4,0.006172272391588823
C1orf105,0.006172059316487628
RAB11FIP2,0.006171451407480573
CRNN,0.006168929804372845
LCE5A,0.006168929804372845
CRCT1,0.006168929804372845
snoU13|ENSG00000238805.1,0.006167309146913823
C1orf131,0.006167079772848857
GNPAT,0.006167079772848857
RNA5SP80,0.006167079772848857
EXOC8,0.006167079772848857
SPRTN,0.006167079772848857
snoU13|ENSG00000238316.1,0.006166588044133456
ZNF592,0.006165942899380954
SMYD2,0.0061654854498033405
TNFAIP8L2,0.006164207622883842
TMOD4,0.006164207622883842
LYSMD1,0.006164207622883842
VPS72,0.006164207622883842
SCNM1,0.006164207622883842
MFGE8,0.006163412881176946
HAPLN3,0.006163412881176946
RNA5SP179,0.00616321651023278
ACAN,0.006163043255056699
CASC5,0.00616289047264475
CA12,0.00616259421437788
SEMA6C,0.006161813890331814
MIR554,0.006160351501203052
TNR,0.006160085583969665
MRPS21,0.0061599882136011384
C1orf51,0.0061599882136011384
ANP32E,0.0061599882136011384
CA14,0.0061599882136011384
C1orf54,0.0061599882136011384
APH1A,0.0061599882136011384
snoU13|ENSG00000238526.1,0.0061599882136011384
RN7SL376P,0.0061598234230400995
RNA5SP60,0.006159525864430928
SH3GL1P1,0.006157140418784173
LRRC37B,0.006157140418784173
YBX3,0.006155571662366722
AEN,0.006154559455534868
MIR1179,0.006154559455534868
ISG20,0.006154559455534868
PIGC,0.006152541223043405
RN7SL366P,0.006151714900992696
EMX2,0.0061501962415200315
EMX2OS,0.0061501962415200315
WDTC1,0.006149494195036296
PRPF3,0.006148110682790946
PGLYRP3,0.006147920433996382
snoU13|ENSG00000252609.1,0.006146914556962018
MIR200C,0.0061452029026774725
SCARNA12,0.0061452029026774725
MIR141,0.0061452029026774725
PTPN6,0.0061452029026774725
C12orf57,0.0061452029026774725
ATN1,0.0061452029026774725
SLC8A1,0.00614352560366623
PDZD8,0.006141768253060584
DARC,0.006140839909036108
COX20,0.006140449224326629
HNRNPU,0.006140449224326629
DET1,0.006140202707658014
SNORD112|ENSG00000252354.1,0.006137404823854301
S100A9,0.00613559995815462
PGLYRP4,0.00613559995815462
S100A8,0.00613559995815462
S100A12,0.00613559995815462
MIR548AI,0.0061351393231498215
DESI2,0.006135019510802321
ADSS,0.006134557913771767
C1orf101,0.006134557913771767
TAS2R8,0.006134494749467171
TAS2R7,0.006134494749467171
TAS2R9,0.006134494749467171
C9,0.006128959088584742
BUB1B,0.006127622356959661
ME1,0.0061235696139571045
LILRB4,0.006123357885086946
TRNP1,0.006120154886390441
EIF2AK4,0.00611932536727771
BMF,0.00611932536727771
SRP14,0.00611932536727771
RIIAD1,0.00611803685382512
CELF3,0.00611803685382512
FAM204A,0.006117978842304987
SPRR1A,0.006114644388982711
ADIPOR2,0.006114378492805146
GALNT2,0.0061132330556000645
SNX27,0.006111508974339819
DAB2,0.006110070304443093
RN7SL501P,0.0061091084204733135
C15orf62,0.006109090049521912
GCHFR,0.006109090049521912
DNM3OS,0.006108600571455935
MIR214,0.006108600571455935
MIR199A2,0.006108600571455935
LYPLAL1,0.0061080064555582665
C1orf63,0.0061079380223887925
RHD,0.0061079380223887925
SYF2,0.0061079380223887925
TMEM50A,0.0061079380223887925
snoU13|ENSG00000238889.1,0.0061079380223887925
LINC00867,0.006104449873937569
ZNF683,0.006103133107948748
IVD,0.006100733964471867
LINC00594,0.006100733964471867
DISP2,0.006100733964471867
KNSTRN,0.006100733964471867
GALNT8,0.006099954268161144
MRPS11,0.006097528492013441
MRPL46,0.006097528492013441
KCNT2,0.006096835234637786
C15orf57,0.006094658960630668
MSTO1,0.006094604077243447
RHOT1,0.006093161033140436
MIR4428,0.006092725391915329
FGF23,0.006092222998800618
PRSS35,0.006091591927192372
RPUSD2,0.00609093595244005
PSTPIP1,0.006090628390596747
LCE3C,0.006090565360991145
LCE3D,0.006090565360991145
LCE3E,0.006090565360991145
LCE2D,0.006090565360991145
LCE3A,0.006090565360991145
LINC00302,0.006090565360991145
LCE3B,0.006090565360991145
C1orf95,0.006088707739144359
snoU13|ENSG00000238559.1,0.006088518951884547
LILRB1,0.006087609568409973
RN7SL490P,0.00608598029195168
AIM1L,0.00608598029195168
NR0B2,0.00608557407553005
NUDC,0.00608557407553005
UBE3D,0.006082459492726478
TAS2R10,0.006081465949913568
snoU13|ENSG00000238674.1,0.006077769166738426
FAM5C,0.006074954639571372
SDCCAG8,0.006072908537165691
ARID1A,0.006071127185051243
LRRC10,0.0060703482849747805
RN7SL846P,0.006069841187326171
MIR4682,0.006069841187326171
SEC23IP,0.006069841187326171
INPP5F,0.006069841187326171
MCMBP,0.006069841187326171
PCNXL2,0.006069059445601661
LINC00604,0.006068873214892771
NDUFA9,0.0060683504036769505
MIR1273C,0.006067875979505728
U8|ENSG00000238963.1,0.006067875979505728
CD52,0.006067464685378836
JMJD4,0.006065709621855467
AKAP3,0.006065658265238909
TBPL1,0.006065360457557829
TCF21,0.006065360457557829
U3|ENSG00000221455.1,0.006064618012301805
KIAA0907,0.00606345213901875
SNORA42|ENSG00000207475.1,0.00606345213901875
RIT1,0.00606345213901875
SCARNA4|ENSG00000252808.1,0.00606345213901875
RXFP4,0.00606345213901875
MIR4451,0.00606340812840731
LINC00271,0.006056106219878539
CD164L2,0.006056044762428911
GPR3,0.006056044762428911
ALDH8A1,0.006053552265672776
SLC2A12,0.0060533830277434905
PGBD5,0.006053246675212303
RCN2,0.006052016274864377
RN7SL278P,0.006052016274864377
SPRR3,0.006051948051948054
SNORA31|ENSG00000252920.1,0.006051948051948054
CRLF3,0.006051348687651753
LRRC37BP1,0.006051348687651753
RN7SL316P,0.006051348687651753
SUZ12P,0.006051348687651753
RN7SL679P,0.0060505280813481195
MEX3A,0.006043527657027937
SYT11,0.006041525791860704
CNKSR1,0.0060387805645097945
CATSPER4,0.0060387805645097945
HSD17B11,0.006038752273862596
TMEM222,0.00603576670073643
RN7SL681P,0.006034878460276915
NUDT9,0.006034878460276915
SPARCL1,0.006034878460276915
RN7SL559P,0.006034371150771804
EYA3,0.006034371150771804
NLRP3,0.006033196995874625
STX12,0.006028992059124141
HSD17B13,0.006028280724242908
MIR5705,0.006028280724242908
TMEM242,0.006025470916214581
FSIP1,0.006024335472585655
LAMTOR2,0.006021494989261615
RAB25,0.006021494989261615
UBQLN4,0.006021494989261615
XKR8,0.0060195311476269045
SYTL1,0.006016962811541787
MAP3K6,0.006016962811541787
FCN3,0.006016962811541787
MIR4681,0.0060158422790008515
PITHD1,0.006015036559477944
MRPL55,0.006012032326550231
GJC2,0.006012032326550231
GUK1,0.006012032326550231
MIR3620,0.006012032326550231
C1orf35,0.006012032326550231
SPINT1,0.006011720368239357
RHOV,0.006011720368239357
SCARNA1,0.006005392195403197
PPP1R8,0.006005392195403197
RPA2,0.006005392195403197
SMPDL3B,0.006005392195403197
THEMIS2,0.006005392195403197
PIGV,0.006003819744738848
RN7SL165P,0.006003819744738848
FRS2,0.0060037037353595545
ARHGEF2,0.006001385205639243
CCND2,0.006001374831381814
SH3BGRL3,0.006000504494588155
CEP85,0.006000504494588155
BAG3,0.005999571127803905
SLC35D3,0.005993399720757419
MIR4677,0.005993147425525836
RN7SL333P,0.005989931505191567
SCYL3,0.005989931505191567
DAP3,0.0059884080159663235
YY1AP1,0.0059884080159663235
GPRIN3,0.00598772349830816
UBXN11,0.005987125560185555
SSR2,0.005984899435893228
COX5BP2,0.0059808953455723155
SNX9,0.005978975702022415
C1orf112,0.00597562343184
SEC63,0.005975081793115265
RN7SL532P,0.005974637681159418
RPL11,0.005974637681159418
SCARNA3,0.005973376723210168
MIR4425,0.005970719658254057
RERE,0.005968621427953887
LYZ,0.005967247583312669
YEATS4,0.005967247583312669
PDE7B,0.005967163995399808
SNORD45|ENSG00000231297.2,0.005965072113767032
TCEB3,0.0059650326283512845
snoU13|ENSG00000252071.1,0.005964252126820091
GRHL3,0.0059596076735592375
7SK|ENSG00000271765.1,0.005958267465161988
MDS2,0.005958179364205781
RWDD2A,0.005956217201464464
GPR176,0.005955081610703352
MED18,0.0059542613413004096
ADCY2,0.005953774565117816
URB2,0.0059516854270149026
TAF5L,0.0059516854270149026
SESN2,0.005951601278926531
ATPIF1,0.005951601278926531
ABCB10,0.0059509493670886135
RUNX3,0.005950159865817538
ID3,0.005947722567287784
CLIC4,0.005947224624577398
MYO5A,0.005945281536446969
NUP133,0.005945100945361326
CHST14,0.005943705752343134
GFRA1,0.005940937316803089
DHX34,0.005940847438446741
PPAPDC1A,0.005940724664050108
C10orf85,0.005940724664050108
T,0.005937987394109772
RNU6ATAC31P,0.005937651394478641
MIR3692,0.005936667420132607
STPG1,0.005936178158660268
MYO1D,0.005935475520997234
C1orf148,0.005934731012658222
IBA57,0.005934731012658222
C1orf145,0.005934731012658222
ELK4,0.005933332907882436
TMEM78,0.005933268907226413
RAB4A,0.005933268907226413
ITPKB,0.005931150857234411
PTAFR,0.005928001415205591
RCAN3,0.005927831066383622
NCMAP,0.005927831066383622
RN7SL857P,0.005927831066383622
IL22RA2,0.005927650785225535
SEC16B,0.005926539839548181
MIR3649,0.005926388996747003
WNT5B,0.005926388996747003
FBXL14,0.005926388996747003
LINC00942,0.005926388996747003
SLC45A1,0.005925515305318091
ACTA1,0.0059254125941355625
PGM3,0.005924245810759336
RN7SL804P,0.005923771428245817
NIPAL3,0.005923533034567706
snoU13|ENSG00000238986.1,0.005922733705479987
SRRM1,0.005922733705479987
PSMD11,0.005922553936788474
CENPO,0.0059223625291975664
PTRHD1,0.0059223625291975664
CDK5R1,0.005919051030968872
KLHL8,0.005917782783679075
WDR11,0.005914660931042544
FAM76A,0.005914307990670123
MPC1,0.005914095269426613
COPRS,0.0059130662203159354
MTFR2,0.005910276973256565
BCLAF1,0.005910276973256565
SMURF2P1,0.005908964271752717
RNY4P13,0.005907670032469455
HERC6,0.005905190533191328
PIGY,0.005905190533191328
PYURF,0.005905190533191328
RN7SKP244,0.005905190533191328
HERC3,0.005905190533191328
HERC5,0.005905190533191328
NAP1L5,0.005905190533191328
SNORA77|ENSG00000221083.1,0.005905020885015796
BRIX1,0.005902026515746409
RAD1,0.005902026515746409
DNAJC21,0.005902026515746409
RN7SL173P,0.005899289428466377
MIR3184,0.005898512671734273
MIR423,0.005898512671734273
SCAF8,0.0058944657926461716
SPHAR,0.005889450809165204
RN7SKP276,0.005889450809165204
CCSAP,0.005889450809165204
DOPEY1,0.005888100132532055
PAQR6,0.005887230287399799
BGLAP,0.005887230287399799
SMG5,0.005887230287399799
C1orf85,0.005887230287399799
C1orf61,0.005887230287399799
RHBG,0.005887230287399799
TMEM79,0.005887230287399799
VHLL,0.005887230287399799
CCT3,0.005887230287399799
TSACC,0.005887230287399799
TBC1D29,0.005886164584660556
THUMPD2,0.00588563989249521
DNAJC8,0.005883016222449348
IPCEF1,0.005878307715491264
KIAA1009,0.00587809613800176
MRAP2,0.00587809613800176
RN7SL852P,0.005872500208525683
RN7SL361P,0.005872275878958564
TIGD2,0.005872258405044438
IFI16,0.0058717259068318565
snoU13|ENSG00000238630.1,0.005870559693514668
RNA5SP78,0.005870102948245472
BAHD1,0.005869375598340607
SNORA63|ENSG00000199552.1,0.005869186885264625
PTGER4,0.005867747086836405
PRR18,0.005867182067635164
SFT2D1,0.005867182067635164
TCP10L2,0.005865103516340554
C6orf123,0.005865103516340554
TTLL2,0.005865103516340554
GPR31,0.005865103516340554
TCP10,0.005865103516340554
UNC93A,0.005865103516340554
LIPJ,0.005864647131573631
SLC45A3,0.005864301372398236
TMEM178A,0.005864176670118784
TPBG,0.005863539203989183
TTC33,0.005863501966867487
ACTRT2,0.0058626147728859076
ACAP3,0.0058626147728859076
KLHL17,0.0058626147728859076
C1orf222,0.0058626147728859076
PUSL1,0.0058626147728859076
PRKCZ,0.0058626147728859076
GABRD,0.0058626147728859076
FAM87B,0.0058626147728859076
FAM41C,0.0058626147728859076
PLEKHN1,0.0058626147728859076
FAM213B,0.0058626147728859076
PLCH2,0.0058626147728859076
FAM138A,0.0058626147728859076
FAM132A,0.0058626147728859076
PEX10,0.0058626147728859076
PANK4,0.0058626147728859076
DVL1,0.0058626147728859076
DDX11L1,0.0058626147728859076
OR4F5,0.0058626147728859076
CPSF3L,0.0058626147728859076
OR4F29,0.0058626147728859076
OR4F16,0.0058626147728859076
NOC2L,0.0058626147728859076
CDK11A,0.0058626147728859076
GNB1,0.0058626147728859076
HES4,0.0058626147728859076
C1orf170,0.0058626147728859076
RER1,0.0058626147728859076
RN7SL657P,0.0058626147728859076
HES5,0.0058626147728859076
RNF223,0.0058626147728859076
CCNL2,0.0058626147728859076
CALML6,0.0058626147728859076
C1orf86,0.0058626147728859076
VWA1,0.0058626147728859076
UBE2J2,0.0058626147728859076
TTLL10,0.0058626147728859076
TTC34,0.0058626147728859076
TNFRSF4,0.0058626147728859076
TNFRSF18,0.0058626147728859076
TNFRSF14,0.0058626147728859076
TMEM88B,0.0058626147728859076
TMEM52,0.0058626147728859076
C1orf233,0.0058626147728859076
TMEM240,0.0058626147728859076
TAS1R3,0.0058626147728859076
SSU72,0.0058626147728859076
SLC35E2,0.0058626147728859076
SLC35E2B,0.0058626147728859076
SKI,0.0058626147728859076
SDF4,0.0058626147728859076
CDK11B,0.0058626147728859076
SCNN1D,0.0058626147728859076
SAMD11,0.0058626147728859076
C1orf159,0.0058626147728859076
GLTPD1,0.0058626147728859076
MIB2,0.0058626147728859076
ANKRD65,0.0058626147728859076
MXRA8,0.0058626147728859076
NADK,0.0058626147728859076
MMP23B,0.0058626147728859076
MMEL1,0.0058626147728859076
MIR429,0.0058626147728859076
MORN1,0.0058626147728859076
MIR200B,0.0058626147728859076
MIR200A,0.0058626147728859076
ISG15,0.0058626147728859076
AGRN,0.0058626147728859076
MRPL20,0.0058626147728859076
ATAD3A,0.0058626147728859076
LINC00115,0.0058626147728859076
LINC00982,0.0058626147728859076
ATAD3C,0.0058626147728859076
AURKAIP1,0.0058626147728859076
B3GALT6,0.0058626147728859076
ATAD3B,0.0058626147728859076
SCARNA20|ENSG00000253060.1,0.00586236372052931
E2F2,0.0058623188405797074
RNA5SP328,0.0058621271506554135
IL20RA,0.005858694021670152
PKD2,0.0058557075129362784
SIPA1L2,0.005855659742348026
SYNJ2,0.005851642868397954
RNA5SP437,0.005850606482730527
SUZ12,0.005850606482730527
TTK,0.005849867310543703
VPS18,0.005849700805523591
RN7SL632P,0.00584413083740223
ARHGEF10L,0.005842418566166967
PPM1K,0.005842012497997117
PLA2G4E,0.005841298285365692
NES,0.005840376314198666
HNRNPR,0.005840212804989904
C1orf213,0.005840212804989904
ZNF436,0.005840212804989904
TCEA3,0.005840212804989904
VAMP4,0.005835706418503677
DISC1,0.0058355075033038415
METTL13,0.005832833176369173
OR2W5,0.005831194245618985
OR2C3,0.005831194245618985
OPRD1,0.005829598763005467
MAP7,0.0058279350280204196
RN7SL96P,0.0058263193865015234
ARHGEF33,0.0058263193865015234
MORN2,0.0058263193865015234
DHX57,0.0058263193865015234
UTP6,0.005825284521063097
PAPOLG,0.005822218480706531
MIR1913,0.005821872640133985
NLRP2,0.0058217822676427085
YTHDF2,0.005821703750294828
FCAR,0.00581763661899322
KIR2DL1,0.00581763661899322
KIR3DL3,0.00581763661899322
KIR2DL3,0.00581763661899322
KIR2DL4,0.00581763661899322
KIR2DS4,0.00581763661899322
KIR3DL1,0.00581763661899322
KIR3DL2,0.00581763661899322
OR2B11,0.005816958146750821
NLRP7,0.005816616012680802
CYB5R4,0.005815824801368955
NCR1,0.005815785076568062
PRKAA1,0.005813640376061635
ABCG2,0.005812134179100263
BCKDHB,0.005811162284084512
RAD52,0.005810060429304051
ATAD5,0.005809829259832289
XPNPEP1,0.00580897221558793
MEF2D,0.005807827019408071
SDIM1,0.005806530239930606
SORCS3,0.005806174600344686
RNU4ATAC18P,0.005806146031079065
RPS6KA2,0.005805965741287657
CNKSR3,0.0058057979204339995
LINC00473,0.005803543257045012
NSRP1,0.005801974100066451
MLLT4,0.005800298324448403
PEAK1,0.005798434730606389
FMO1,0.00579629429277813
SNORD63|ENSG00000252112.1,0.005792587873583919
LMNA,0.005792039628817121
MIR1273D,0.00579135140496961
GOSR1,0.00579119740741767
RNASET2,0.005790223332112126
CCR6,0.005790223332112126
MIR3939,0.005790223332112126
FGFR1OP,0.005790223332112126
EGLN1,0.0057881628713534325
TOMM20,0.005786352177644276
ELOVL4,0.0057859182330738355
TSPAN3,0.005784688787869603
MIR1266,0.005782872108249678
RBKS,0.005780788266483299
MIR1256,0.00577983319319138
RNA5SP326,0.005778299277801483
IFI6,0.00577775375422596
FGR,0.00577775375422596
IGF2R,0.00577690529964809
KIF1B,0.005774554592396248
LYPLA2,0.005773429514898967
GALE,0.005773429514898967
PRRX1,0.0057718193147166495
GREM2,0.005771521412289638
TRIP4,0.0057714269604546165
GPR52,0.0057705304663460645
BCL2L14,0.0057704443140587595
METTL11B,0.005769851859865928
PYHIN1,0.005764114979435974
RNU6ATAC27P,0.005761839243127074
TAF12,0.00576157061613858
RCC1,0.00576157061613858
SNORA73B,0.00576157061613858
PHACTR4,0.00576157061613858
TRNAU1AP,0.00576157061613858
SNHG12,0.00576157061613858
SNORD99,0.00576157061613858
RAB42,0.00576157061613858
RNU11,0.00576157061613858
snoU13|ENSG00000238821.1,0.00576157061613858
GMEB1,0.00576157061613858
SCARNA24|ENSG00000252777.1,0.00576157061613858
SNHG3,0.00576157061613858
ZDHHC14,0.005760788547693433
SLC2A7,0.005757108326442334
CA6,0.005756970506541141
GPR113,0.005754530813148636
EPT1,0.005754530813148636
DRC1,0.005754530813148636
DLL4,0.005753164556962025
GCSAML,0.005752441733366244
GPN1,0.005751884257290472
SLC4A1AP,0.005751884257290472
SUPT7L,0.005751884257290472
WTAP,0.005751731408462332
SOD2,0.005751731408462332
OTOF,0.005746188507161541
C2orf70,0.005746188507161541
MIR4432,0.005743930326175128
EZR,0.00574283988504798
IL22RA1,0.00574160049270121
MYOC,0.005740282854725688
RN7SL425P,0.005740282854725688
snoU13|ENSG00000238859.1,0.005740282854725688
PRRC2C,0.005740282854725688
FMO4,0.00573951665682314
FUCA1,0.005739032156616086
HMGCL,0.005739032156616086
EIF4G3,0.005739012112810497
SNX3,0.005738486046080703
NR2E1,0.005738486046080703
OSTM1,0.005738486046080703
PNRC2,0.005738481798883561
SRSF10,0.005738481798883561
MIR378F,0.005738481798883561
RBM34,0.005735665629693193
SNORA14B,0.005735665629693193
C8orf86,0.005734903254606383
PRLR,0.005734634087839474
ISG20L2,0.0057342318943598486
MAP3K4,0.005733888334471343
PEX7,0.005732618552805586
SNORA27|ENSG00000201807.1,0.005732618552805586
CRABP2,0.005732567217407422
RN7SL58P,0.005730523264157992
BCL11A,0.0057293955581406
TNFAIP3,0.00572875006250265
RNLS,0.005727653473005806
SLC22A3,0.005725368229123673
ENO1,0.005725287831562876
FGFR2,0.005723604865750006
KIF25,0.005722128346804045
FRMD1,0.005722128346804045
DACT2,0.005722128346804045
SLC35G3,0.005721992236796816
CTNND2,0.005721905706006668
SLC22A1,0.005721739227814506
SLC22A2,0.005721739227814506
HP1BP3,0.005719291866463655
C6orf211,0.005717551989150091
RMND1,0.005717551989150091
AKAP12,0.005717551989150091
ZBTB2,0.005717551989150091
KRTCAP3,0.0057166511341736
SNX17,0.0057166511341736
UCN,0.0057166511341736
GCKR,0.0057166511341736
EIF2B4,0.0057166511341736
NRBP1,0.0057166511341736
SLC5A6,0.0057166511341736
TRIM54,0.0057166511341736
IFT172,0.0057166511341736
MPV17,0.0057166511341736
FNDC4,0.0057166511341736
DNAJC5G,0.0057166511341736
ATRAID,0.0057166511341736
TCF23,0.0057166511341736
CAD,0.0057166511341736
SLC30A3,0.0057166511341736
CCDC121,0.0057166511341736
C2orf16,0.0057166511341736
SNORA36|ENSG00000206731.1,0.0057166511341736
ZNF512,0.0057166511341736
ZNF513,0.0057166511341736
GTF3C2,0.0057166511341736
PPM1G,0.0057166511341736
REL,0.0057137097638253215
MRPL33,0.005712938820069108
DTNB,0.005711928049872877
C6orf118,0.005711567362258598
UBE4B,0.005711087108666777
MAP3K5,0.005710590184423544
ZNF207,0.005706992543056552
MIR632,0.005706992543056552
C17orf75,0.005706992543056552
MIR4644,0.005705709286937284
TMEM98,0.005701191720889627
MIR4753,0.005700743760280334
SUCLA2,0.005699988668253113
SPP1,0.005699953815847761
LPA,0.00569889625055337
LPAL2,0.00569889625055337
MYO5C,0.005695742761530632
PLG,0.005695275862327697
SNORA20|ENSG00000207392.1,0.005692071912540423
AIRN,0.005692071912540423
MAS1,0.005692071912540423
PNLDC1,0.005692071912540423
SNORA29,0.005692071912540423
MRPL18,0.005692071912540423
TCP1,0.005692071912540423
ACAT2,0.005692071912540423
MYEOV,0.0056906466443754355
FNDC8,0.0056904613943171796
NLE1,0.0056904613943171796
SLC35F6,0.005690425349028697
CENPA,0.005690425349028697
RN7SL451P,0.005690297478955956
KCNK3,0.005689918657992605
CASC2,0.005686598393678684
SH3BGRL2,0.005686339754264788
IFNLR1,0.005686079880493755
AGXT2,0.005685982861564737
NUDT15,0.005685457369301633
SPACA3,0.0056843919076670045
TMEM181,0.0056843284086048875
DYNLT1,0.0056843284086048875
SNORA26|ENSG00000252236.1,0.005684028225853755
SEMA4A,0.005684028225853755
SLC25A44,0.005684028225853755
PMF1,0.005684028225853755
MIR3918,0.0056834730215422425
ZNF836,0.005683356677531534
FYB,0.005682647286522746
UNC45B,0.005682306206738303
SUB1,0.005680386171607084
LOH12CR1,0.005680321204833847
ZNF609,0.005678667080149979
BTAF1,0.005678022959668532
RNA5SP226,0.005676478724756449
SNORA70B,0.005675255309771959
RN7SL408P,0.005675095629677537
LRP6,0.0056750616335454855
ETV3L,0.005670825321316069
TULP4,0.005670364589976968
TPM1,0.005670133398975602
LACTB,0.005670133398975602
RPS27L,0.005670133398975602
SNORD81|ENSG00000212278.1,0.005666913516461437
KHK,0.005663706444929023
TMEM214,0.005663706444929023
C2orf53,0.005663706444929023
PREB,0.005663706444929023
MAPRE3,0.005663706444929023
AGBL5,0.005663706444929023
EMILIN1,0.005663706444929023
ABHD1,0.005663706444929023
CGREF1,0.005663706444929023
OST4,0.005663706444929023
DPYSL5,0.005663706444929023
ONECUT1,0.005663621213183536
RN7SL731P,0.005662564820376604
SMOC2,0.005661184923773995
RN7SL612P,0.005658091150176343
PEAR1,0.005658091150176343
ARHGEF11,0.005658091150176343
MIR765,0.005658091150176343
LRRC71,0.005658091150176343
LOH12CR2,0.005657204349736484
RNA5SP219,0.005656556555101798
MANSC1,0.005656546574437788
ASXL2,0.005654780539444995
CRP,0.005653744156163713
ARID4B,0.005653369269827646
IQSEC3,0.005651989334990041
SLC6A12,0.005651989334990041
SLC6A13,0.005651989334990041
NINJ2,0.005651989334990041
KDM5A,0.005651989334990041
B4GALNT3,0.005651989334990041
CCDC77,0.005651989334990041
FAM138D,0.005651989334990041
RNU4ATAC16P,0.005651989334990041
RNA5SP88,0.005650654331439532
FAM228A,0.0056503738308224345
PFN4,0.0056503738308224345
TP53I3,0.0056503738308224345
FKBP1B,0.0056503738308224345
SF3B14,0.0056503738308224345
FAM228B,0.0056503738308224345
MFSD2B,0.0056503738308224345
DLL1,0.005650365989517527
DNMT3A,0.005650360564960512
C6orf120,0.005649936073332491
CCDC172,0.005648783029724037
HADHB,0.005647958306566178
MIR1301,0.005646768487436779
DMP1,0.0056464273259375745
DSPP,0.0056464273259375745
HMGB1P24,0.0056456441577915845
NGRN,0.005643275334158528
C6,0.005642521475564853
FHL5,0.00564205679542794
PDE10A,0.005639076016658321
CRIM1,0.005637988939249738
SH3PXD2A,0.00563523626370683
MED4,0.005632838069336968
SPATA21,0.005632284852603856
snoU13|ENSG00000238652.1,0.0056322233427900815
C2CD4A,0.005631670942460045
RAB10,0.0056301245917065555
KIF3C,0.0056301245917065555
HNRNPD,0.0056289643089158835
RN7SKP167,0.005628460218854774
SNORD42|ENSG00000202440.1,0.005628442624564445
STX6,0.005628341635059174
OSTCP1,0.005628180501677004
C6orf99,0.005628180501677004
MR1,0.005627402757640837
MIR4263,0.005623943268042261
RN7SL736P,0.005623048794650072
OPRM1,0.0056223440325497325
TARS,0.005621061258055958
AICDA,0.005620043200768525
RAI14,0.0056192880210846775
CHAC1,0.005618972740444555
GNG4,0.005615166630908959
ARMC2,0.005615001258355615
ARHGAP24,0.005613791586027896
INSRR,0.005612658835394439
SH2D2A,0.005612534288396174
ARHGEF16,0.005612129563333924
SLC45A2,0.005609785069972907
C1QTNF3,0.005609785069972907
AMACR,0.005609785069972907
ADAM33,0.005609030269675289
RICTOR,0.005608740490617025
CCT4,0.0056075582018275515
RNA5SP212,0.005607014157192122
snoU13|ENSG00000238974.1,0.005607014157192122
SESN1,0.00560687034512131
CASQ1,0.005604958185623632
MAN1A1,0.00560446513733288
SZRD1,0.005604451618384165
FBXO42,0.005604451618384165
SASH1,0.005602867861673295
C6orf70,0.0056012957299976865
SNORA57|ENSG00000212567.1,0.005600630197486646
DUSP23,0.005600547399246034
FOSL2,0.0055963979696166365
C2CD4B,0.005596093768079044
LCA5,0.005596066851560947
LACE1,0.005595756464140503
snoU13|ENSG00000238631.1,0.0055953395546521284
RNA5SP176,0.005595238773730619
ZNF774,0.005592577276370843
GABARAPL3,0.005592577276370843
IQGAP1,0.005592509297523594
LINC00242,0.00559230861252963
LINC00574,0.00559230861252963
MIR1295A,0.005591971501957446
FMO3,0.005591971501957446
FMO6P,0.005591971501957446
MTRF1L,0.005591297468354423
XPO1,0.0055907834558684005
RRNAD1,0.005588062322102846
MRPL24,0.005588062322102846
PLCXD3,0.005587323488997248
TNKS2,0.005587267647394231
FGFBP3,0.005587267647394231
ETV3,0.00558523419392272
MAPK10,0.005585185676099589
GAREML,0.005584802888138909
HADHA,0.005583563304711326
IFNGR1,0.005581286604949928
RN7SKP248,0.005579847606251322
FAM120B,0.005579844781565196
OR2G2,0.005578849476393645
OR2G3,0.005578849476393645
WDR27,0.005578581201821354
MMRN1,0.005578159608660005
MROH9,0.005578019001366406
FMO2,0.005577906804348445
RN7SKP48,0.005577748660474038
FBXO5,0.005577482670283297
CATSPER2,0.0055762362995670015
CKMT1B,0.0055762362995670015
STRC,0.0055762362995670015
CKMT1A,0.0055762362995670015
snoU13|ENSG00000238535.1,0.0055762362995670015
snoU13|ENSG00000238494.1,0.0055762362995670015
CATSPER2P1,0.0055762362995670015
GGPS1,0.005574724665665448
TBCE,0.005574724665665448
THBS2,0.005573018460227152
RHBDL3,0.00557228989199374
RXFP3,0.00557081954386977
SLC10A6,0.00556893480584254
ERC1,0.005568466890436289
C1orf174,0.0055672966510409
RN7SL574P,0.005566310471069806
B3GALNT2,0.0055659729671744245
CEP57L1,0.005565720733552181
SMIM1,0.005565707055014434
RN7SKP79,0.005565419841672419
PAPD7,0.005565043685419389
ZFP36L2,0.005564540356121164
PLD5,0.005562772217035418
C4orf36,0.005561823289876578
RORA,0.0055582599472457465
PRCC,0.005557203652190198
MTOR,0.005556716605129831
BCAN,0.005556482063713388
HAPLN2,0.005556482063713388
C7,0.0055560193001551236
HACE1,0.005552653194425619
LINC00577,0.005552653194425619
LIN28B,0.00555185116556918
SCML4,0.005551021608489964
ZRANB1,0.005549656013546316
WNK1,0.00554942346244669
RNA5SP168,0.005548630409983643
SLFN5,0.005545089964669264
CCDC27,0.005544299294363465
RLBP1,0.005542714791913917
MIR4296,0.005542598666682455
SNORD112|ENSG00000252476.1,0.005541651528143121
SNORA25|ENSG00000252993.1,0.00554109172463603
MEGF6,0.005540696810450814
SIGLEC1,0.005540011007154654
C2orf44,0.005539856587684498
RN7SL610P,0.005539856587684498
PRDM1,0.005538894251112468
FAM53B,0.005538809487158235
RN7SKP211,0.00553867300177276
CPEB3,0.005538193256547683
RPL37,0.005536556310687942
SNORD72,0.005536556310687942
TBP,0.00553638212445887
PSMB1,0.00553638212445887
TTC23L,0.005534935052697406
COMMD1,0.005534823136852739
TTC24,0.005534777470966882
GPATCH4,0.005534777470966882
snoU13|ENSG00000238843.1,0.005534777470966882
IQGAP3,0.005534777470966882
APOA1BP,0.005534777470966882
PEA15,0.005533434793570946
CARD6,0.005533133932678005
HDGF,0.005531047543107747
PNLIPRP1,0.005530245131033284
PNLIP,0.005530245131033284
FOXO3,0.00552939435758871
SAG,0.005527618515760733
ARHGAP35,0.005527294641602436
FAM175B,0.005526180862275161
PNLIPRP3,0.005526174088629305
FAM161A,0.005525584314205679
AGPAT4,0.005524881258769594
RN7SKP66,0.005523625672727824
DYNC2LI1,0.005523625672727824
BCL2L10,0.00552335806780154
GNB5,0.005523037974683541
ANO7P1,0.005522364285107467
C1orf134,0.005522364285107467
RSG1,0.005522364285107467
TEFM,0.005521960566234084
OMG,0.005520215173355517
FPR2,0.00551997783392021
ZNF577,0.00551997783392021
FPR1,0.00551997783392021
HCCAT3,0.00551997783392021
ZNF350,0.00551997783392021
ZNF432,0.00551997783392021
FPR3,0.00551997783392021
ZNF613,0.00551997783392021
ZNF614,0.00551997783392021
ZNF615,0.00551997783392021
ZNF649,0.00551997783392021
ZNF841,0.00551997783392021
MAP1A,0.005519219733366221
PPIP5K1,0.005519219733366221
SPEF2,0.005517090029867728
MIR551A,0.00551663672101915
DMRTA1,0.005515801344722308
ZNF259P1,0.005515726679628188
LINC00222,0.005515726679628188
OR10J1,0.0055149471586576895
OR10J4,0.0055149471586576895
TICRR,0.005514732998915176
KIF7,0.005514732998915176
RHCG,0.005514732998915176
LINC00928,0.005514732998915176
SAMD5,0.0055144264335367146
ATG16L1,0.005513396624472573
FCRL6,0.005512577727958986
SLAMF8,0.005512577727958986
C1orf204,0.005512577727958986
TPRG1L,0.005512219175121253
RPS3A,0.005512120837284734
SNORD73,0.005512120837284734
SNORD73A,0.005512120837284734
GFRA4,0.005511766648321411
METTL10,0.0055095084723685885
CEP104,0.005509400231459594
PEX19,0.005509278751370776
FADD,0.005509236131690718
COPA,0.005508713733281084
TBX18,0.005508126732079994
ADAMTS12,0.005507339944661304
OR10J3,0.005506894132013747
MFAP5,0.005505834404723899
ZNF616,0.005505351711980588
HMGN3,0.005503121271552192
VSIG8,0.005502765854680999
SNORD64|ENSG00000212161.1,0.005502765854680999
GUCY2GP,0.005500211694205011
LINC00925,0.005499721003481087
SH2D5,0.005499720047866328
KIF17,0.005499720047866328
ASAP3,0.005499524544612532
VPS13C,0.005497608374916604
MEPE,0.0054975164236500534
SOBP,0.005495565333547198
GPR26,0.005494452404352822
CMBL,0.005494072734579052
IBSP,0.005493567207366838
C1orf64,0.0054934956673179805
KLHL32,0.005493309131757893
NDUFAF4,0.005493309131757893
RN7SL509P,0.005493309131757893
OLIG3,0.0054928497725588235
MIR609,0.005492706653738808
WDR96,0.005492706653738808
TEX36,0.005492599258741751
LRRC47,0.005490910482777878
ARHGEF19,0.005487963002293773
VIT,0.005485926683745566
OR6N2,0.005485854802501886
OR6N1,0.005485854802501886
OR6K3,0.005485308010802185
OR6K2,0.005485308010802185
OR6K6,0.005485308010802185
HNRNPLL,0.005484400484693978
MIR4420,0.005484146077653734
LAPTM5,0.005484146077653734
MATN1,0.005484146077653734
CCDC19,0.005482756316203571
ABHD2,0.005481290238520778
PACRG,0.005480161175971805
U3|ENSG00000201368.1,0.005479619196646556
TLN2,0.005478442195355175
CDC25B,0.005478278481012655
ANKRD33B,0.005477890950982737
RABGAP1L,0.005477467135339425
MIR548K,0.0054774282770980575
LHPP,0.005477353731749772
GPR63,0.005476449476566877
UBE2QL1,0.005475159438957246
MED10,0.0054744356231370295
DFFB,0.0054732177836618375
SRD5A1,0.005472087496224183
SYNE1,0.005468817811934905
PAPPA2,0.005468328253837663
PIGM,0.005466704942085653
KCNJ10,0.005466704942085653
RNA5SP224,0.005464884719710675
RAB3GAP2,0.005464233429045168
RGS17,0.005463422995780586
PTPN13,0.0054623026520498035
ARMC9,0.00546222168514547
ESR1,0.005462084100795546
CTTN,0.005461710624726577
PPFIA1,0.005459842230783337
ERO1LB,0.005459441453445453
RNF175,0.005459352107643048
SFRP2,0.005459352107643048
RSC1A1,0.005458924475405664
DDI2,0.005458924475405664
SCARNA11|ENSG00000252727.1,0.005457905136634648
snoU13|ENSG00000238858.1,0.005457230678037399
FIG4,0.005457137088856507
APCS,0.005456908257465983
OR10J5,0.005456908257465983
FNDC1,0.005456844222010455
HSPA12B,0.0054562597688497475
CADM3,0.00545623161423586
SCARNA6|ENSG00000251791.1,0.005455938198064035
ATL2,0.005455784252476933
EFCAB5,0.005455379107531011
MARCH6,0.005455133614627287
ZBTB17,0.0054551068303457595
SPEN,0.0054551068303457595
snoU13|ENSG00000238818.1,0.0054551068303457595
OR10Z1,0.005455070429808661
KCNK2,0.005453274172943392
RAD51D,0.005451389154460974
Vault|ENSG00000252328.1,0.005451389154460974
REPS1,0.005451244401987214
ECT2L,0.005451244401987214
CCDC28A,0.005451244401987214
AK9,0.005450803826507338
SLC6A4,0.005449957067279732
SPTA1,0.005449869833198165
MMS22L,0.005447950217528579
DCAF8,0.0054449152928525224
HNRNPDL,0.005444514439829122
POLG,0.005443216419157577
AGPAT3,0.005441650614566137
RFFL,0.005441183219243566
ENOPH1,0.005440562434789455
C20orf27,0.005440215740231147
CENPB,0.005440215740231147
SPEF1,0.005440215740231147
RASAL2,0.005439335227761992
TXLNB,0.005437606937677453
PTPN14,0.00543738955606045
RSPH3,0.0054372228433366004
TAGAP,0.0054372228433366004
IGSF9,0.005436686077772015
SLAMF9,0.005436686077772015
TAGLN2,0.005436686077772015
LINC00562,0.005435419041334218
LINC00444,0.005435419041334218
GALM,0.005434446815736615
RNA5SP223,0.005433566907775769
CCSER1,0.005432381418292261
STRN,0.005432367159886128
PHIP,0.0054320230183939385
IDH2,0.005430898085545712
SRSF7,0.005430438446798959
GEMIN6,0.005430438446798959
NHLH1,0.005430206596130537
NCSTN,0.005430206596130537
FCRL4,0.005426582582254177
FCRL5,0.005426582582254177
RN7SL613P,0.005424858804845278
CYP1B1,0.0054235537796487295
SYTL3,0.005422442079611813
CLEC4D,0.005420560344455657
CLEC4E,0.005420560344455657
MIR1537,0.005419540692269185
RNA5SP95,0.0054174582523380185
PEX13,0.0054174582523380185
ATP1A4,0.005417138274507654
MIR190A,0.005416377114832942
KCNA5,0.0054147877783817825
FANCI,0.005413475673486272
ESRRG,0.005412467872252107
C17orf78,0.0054097547714985995
RN7SL183P,0.0054094495592989685
SH3D19,0.005408958341923342
HEATR5B,0.00540767963237052
UBXN2A,0.005403997388794257
SGK1,0.005401663124826757
TMEM154,0.005400827389051527
ZNF830,0.005399800183563424
LIG3,0.005399800183563424
RN7SL755P,0.005399605156195562
OXCT1,0.0053995326368594075
EHBP1,0.005399520165561191
RHCE,0.0053991875350457436
MIR4453,0.0053977789689248126
TMEM57,0.005397749913504089
LDLRAP1,0.005397749913504089
MIR3140,0.005397245701562698
PREP,0.0053965728477279006
TP53BP1,0.005396118586110579
FBXW7,0.0053945573743454465
TECTB,0.005392497340252299
GPAM,0.005392497340252299
MROH2B,0.005392333644718309
RNA5SP218,0.005392320059133324
SNORD123,0.005390812021010929
EPHA2,0.0053903820830855445
DHX32,0.005389561665188536
CCDC170,0.005389040837854129
COPS4,0.005387532728310727
HELQ,0.005386184223477761
MRPS18C,0.005386184223477761
HPSE,0.005386184223477761
TAS2R1,0.005385857803036828
PHF10,0.005385051676778762
FANK1,0.005384562874573362
COQ2,0.005384107329172979
DCHS2,0.005380431286851106
OR10R2,0.005380029344487882
OR10K1,0.005380029344487882
ASTN1,0.005378947134590395
C10orf88,0.005378231163633343
PSTK,0.005378231163633343
IKZF5,0.005378231163633343
ZNF292,0.005377152686934951
BASP1,0.0053756310180119215
RN7SL346P,0.005374889180316725
INPP5D,0.0053733060312732665
NBPF18P,0.005373110855389337
CD1B,0.00537274182622352
DMBT1,0.0053725829179050505
HTRA1,0.0053725829179050505
GJB7,0.005371494235071894
CDKL4,0.005370623578136854
SIX2,0.005370500366084705
SIX3,0.0053704965920155796
SNORA67|ENSG00000252473.1,0.005370281358766458
LINC00575,0.005369416500974465
TMEM150C,0.005369416500974465
LRRK1,0.00536933757445808
RN7SL707P,0.005365981063001162
WRAP73,0.005365976340686906
GDPGP1,0.005365440120549156
CIB1,0.005365440120549156
VIP,0.0053649939722724485
MYCT1,0.0053649939722724485
KIAA0947,0.005364273135034393
DKFZP779J2370,0.005363896434226219
LYSMD4,0.005363896434226219
RN7SL484P,0.005363896434226219
DNM1P46,0.005363896434226219
MEF2A,0.005363896434226219
PRDM9,0.0053618197136504325
PRSS48,0.005355826770571346
ACADSB,0.005355507927674028
RNA5SP180,0.0053553862051149564
AFF1,0.005355206017505966
RIMKLB,0.0053535531337814465
MIR579,0.00535172055384387
UFL1,0.005350809663282893
CLCNKA,0.0053494817772491675
HSPB7,0.0053494817772491675
FAM131C,0.0053494817772491675
CLCNKB,0.0053494817772491675
GRIA2,0.005349477042981917
TTLL13,0.005349136527017344
SMIM8,0.0053456882652115865
BVES,0.005343854661308742
POPDC3,0.005343854661308742
OR10K2,0.005340636040256018
OR10T2,0.005340636040256018
CD1E,0.005340636040256018
CD1C,0.005340040644849676
SEMA4B,0.0053392087828670635
ACTL8,0.005337596512421864
CHSY1,0.005335030299683884
U8|ENSG00000212144.1,0.005334521048732573
IRF2BP2,0.005334521048732573
SNORA70|ENSG00000206886.1,0.0053342662680491105
H6PD,0.0053340002614090005
MIR34A,0.0053340002614090005
CYSLTR2,0.005333325064035377
THADA,0.005333261626019943
LINC00184,0.005331976519470486
ANO1,0.005331710483609213
C5orf17,0.005331190563913364
SPSB1,0.005330798001226617
NDUFAF7,0.0053292355168322175
SULT6B1,0.0053292355168322175
CEBPZ,0.0053292355168322175
RNA5SP94,0.005327326159827343
FEZ2,0.005325466140603188
ZFR,0.005325181963809976
ZBTB24,0.005325081654834446
RN7SKP207,0.005325000214255729
RNA5SP402,0.005324887905713337
RFWD2,0.005323860283620441
snoR442|ENSG00000252834.1,0.005323690375415862
SEC31A,0.005323690375415862
THAP9,0.005323690375415862
QRSL1,0.005323225925997619
ZNF710,0.0053230553092895915
snoU13|ENSG00000239129.1,0.005321989515407237
MIR587,0.005321829289540702
BTBD16,0.005321156647049766
SNORA40|ENSG00000252083.1,0.005318496265397672
PET112,0.005318335875974114
C1orf111,0.005317142223558825
SH2D1B,0.005317142223558825
C1orf226,0.005317142223558825
IGF1R,0.005317109992607295
AGPAT9,0.005316308049687971
CLEC6A,0.005315776909160456
FAM24B,0.005314709121265579
CUZD1,0.005314709121265579
FAM24A,0.005314709121265579
TCTE3,0.005314549658516425
SCARNA5,0.0053125961777115895
ASCC3,0.00531239980913472
ROPN1L,0.005312364601919101
RNA5SP177,0.00531099916759953
DCLK2,0.005310699707252705
MIR556,0.005310009629609379
SNRPA1,0.005309504859071348
VIMP,0.005309504859071348
C10orf120,0.005308593148689765
SLC22A16,0.005308393923386885
RN7SL617P,0.005308393923386885
LRRC28,0.005307825215053911
SIPA1L3,0.0053073972377055845
KCNA6,0.00530464595215702
CNR1,0.00530434229485346
MIR4452,0.0053026805658972455
EIF4E2,0.0053008066517746324
TIGD1,0.0053008066517746324
CHRNG,0.0053008066517746324
MIR5001,0.0053008066517746324
MIR4714,0.0052983365009587795
SOS1,0.005297940850492915
RNA5SP225,0.005297860156720918
DNM3,0.005296792929943573
IRAK1BP1,0.005295077425793073
BUB3,0.0052923115179216345
HMX3,0.0052923115179216345
HMX2,0.0052923115179216345
SLC35F3,0.00529152175864667
NECAP1,0.0052913750902412815
C3AR1,0.0052913750902412815
MIR3941,0.005290203786811283
ARMS2,0.005290203786811283
PLEKHA1,0.005289872233602912
GUSBP5,0.0052880803059483245
ORAOV1,0.0052875567231908255
FGF19,0.0052875567231908255
CCND1,0.0052875567231908255
EIF2AK2,0.005286589993333363
GPATCH11,0.005286589993333363
FAM196A,0.005286557757869721
FAM160A1,0.005284775766571841
C5orf28,0.0052819262446114745
NSUN2,0.005281712536831962
CCT5,0.005280702660811153
CTBP2,0.005280369681827332
FAM66C,0.005279300734298013
LINC00937,0.005279300734298013
ZNF705A,0.005279300734298013
FAM90A1,0.005279300734298013
FAM86FP,0.005279300734298013
KCNJ9,0.005277779296643622
IGSF8,0.005277779296643622
PRLHR,0.005276792531968206
ATP1A2,0.005276406241931035
PDE9A,0.00527597357681401
RNA5SP169,0.005275553539768281
RN7SKP91,0.005275177156192433
PLAC8,0.005274479792113704
PUS10,0.0052737513966907915
AP5S1,0.005273607044578977
RN7SL663P,0.005273563249951946
GAB1,0.005273290425946347
MIR3139,0.005273290425946347
FGB,0.005273288527879719
PLRG1,0.005273288527879719
FGA,0.005273288527879719
FGG,0.005273002652592815
FAM175A,0.005271945193613789
snoU13|ENSG00000238999.1,0.0052717577983478255
YIF1B,0.005270424778275076
C19orf33,0.005270424778275076
NARG2,0.005270195711740369
OR10X1,0.005269416421369843
OR6P1,0.005269416421369843
OR6Y1,0.005269416421369843
RN7SKP35,0.005267208180431292
TLR2,0.00526469302766668
BCCIP,0.005263613641860841
snoU13|ENSG00000238474.1,0.005262285560991534
CCDC162P,0.005262285560991534
snoU13|ENSG00000238628.1,0.005261267814028857
BRE,0.005260995876828125
SMARCA5,0.0052584868287490465
OR2M3,0.005258431472797153
OR2M2,0.005258431472797153
OR2L8,0.005258431472797153
OR2M5,0.005258431472797153
OR2M7,0.005258431472797153
OR2T10,0.005258431472797153
OR2T11,0.005258431472797153
OR2T12,0.005258431472797153
OR2L5,0.005258431472797153
OR2L3,0.005258431472797153
OR2L2,0.005258431472797153
OR2T1,0.005258431472797153
OR2M4,0.005258431472797153
OR2L13,0.005258431472797153
OR2T27,0.005258431472797153
OR2T8,0.005258431472797153
ZNF692,0.005258431472797153
ZNF672,0.005258431472797153
TRIM58,0.005258431472797153
SH3BP5L,0.005258431472797153
PGBD2,0.005258431472797153
OR6F1,0.005258431472797153
OR2W3,0.005258431472797153
OR2T7,0.005258431472797153
OR2T29,0.005258431472797153
OR2T6,0.005258431472797153
OR2T5,0.005258431472797153
OR2T4,0.005258431472797153
OR2T3,0.005258431472797153
OR2T35,0.005258431472797153
OR2T34,0.005258431472797153
OR2T2,0.005258431472797153
OR2T33,0.005258431472797153
OR14A2,0.005258431472797153
OR2G6,0.005258431472797153
OR14C36,0.005258431472797153
OR2AK2,0.005258431472797153
MIR3124,0.005258431472797153
OR11L1,0.005258431472797153
OR13G1,0.005258431472797153
OR14A16,0.005258431472797153
LYPD8,0.005258431472797153
OR14I1,0.005258431472797153
OR14K1,0.005258431472797153
OR1C1,0.005258431472797153
OR2AJ1,0.005258431472797153
MIR575,0.005256142095005602
CLEC4A,0.0052552670710626715
AKIRIN2,0.005255197285270609
DGKD,0.005255119136262099
METTL24,0.005255064535666783
KIAA0922,0.005254877059882629
UHMK1,0.005254835309377783
PDCD2,0.0052532916626167265
RN7SL69P,0.005251683305577845
TTC23,0.005250643674709886
DISP1,0.005250529865689288
PRSS56,0.005250279225614299
CHRND,0.005250279225614299
PDGFC,0.005250237084072076
TMEM200B,0.005249415957472164
SRSF4,0.005249415957472164
EPB41,0.005249415957472164
UAP1,0.005248920845826006
NEU2,0.005247105493509468
NGEF,0.005246919251804984
RPL29P30,0.005246730601569312
RN7SL32P,0.005246487962273514
RTN4IP1,0.005246361139765961
FCRL1,0.005246218146475865
MIR103A2,0.0052460363236103424
RNF24,0.0052460363236103424
SMOX,0.0052460363236103424
MAVS,0.0052460363236103424
PANK2,0.0052460363236103424
CATSPERG,0.005245976001537656
AIM1,0.005245694626130094
DAP,0.005245325166130447
MECR,0.005243611289899637
RN7SL700P,0.005243021008174217
SPACA1,0.005242754232035375
PTPRO,0.00524227179801562
ANO2,0.005241728721032903
DPF1,0.005241201021444846
ADPGK,0.005241105948741712
LIN54,0.005238965883812028
FGF10,0.00523859802484795
STRAP,0.005238093609318306
HEATR1,0.005237863646457924
KCNK6,0.005237848375847768
TAS2R50,0.005237653122564199
PRH2,0.005237653122564199
TAS2R13,0.005237653122564199
TAS2R20,0.005237653122564199
snoU13|ENSG00000239100.1,0.005236992491040175
CITED2,0.0052363472351205295
CD9,0.005234762525202845
BBS4,0.005234138589385625
RARS2,0.005233362741058076
C6ORF165,0.005233362741058076
SLC35A1,0.005233362741058076
ORC3,0.005233362741058076
C6orf164,0.005233362741058076
C6orf165,0.005233362741058076
ADAMTS17,0.005232697259036228
PPP1R14A,0.00523243911145281
SPINT2,0.00523243911145281
SPATA41,0.005232068454699178
HIGD2B,0.005231442140384562
LRBA,0.005231389406585787
NNT,0.005229119351862169
DOCK1,0.005227261972618645
VANGL2,0.005224221049657803
RRP1,0.005223694258672162
CSTB,0.005223694258672162
SYNM,0.005222647719451296
UGT1A5,0.005222493174484986
UGT1A4,0.005222493174484986
UGT1A3,0.005222493174484986
DNAJB3,0.005222493174484986
UGT1A1,0.005222493174484986
UBE2J1,0.005220685153892745
RRAGD,0.005220685153892745
PRDM16,0.0052206709622578664
RN7SL359P,0.005219312023143641
snoU13|ENSG00000239170.1,0.005219312023143641
MYOM3,0.00521783443275689
LINC00601,0.005217733349106826
ADAM10,0.005217498165982118
ATRN,0.0052159339570720985
DDO,0.005215037764496672
COL4A4,0.005214994154892705
MYZAP,0.005214535701435912
MIR4484,0.005213958988416782
UROS,0.005213958988416782
MMP21,0.005213958988416782
C10orf137,0.005213958988416782
C6orf183,0.00521213663252974
SIM1,0.0052119623986747144
C15ORF31,0.0052103490007523
C6orf163,0.005207377006109253
RBM46,0.005207053422944246
LRAT,0.005207053422944246
C1orf200,0.005206010396034634
SLC25A33,0.005206010396034634
TMEM201,0.005206010396034634
CDH18,0.005205250461876072
TARSL2,0.0052035739878940985
TM2D3,0.0052035739878940985
snoU13|ENSG00000238502.1,0.0052035739878940985
WASH3P,0.0052035739878940985
OR4F6,0.0052035739878940985
OR4F4,0.0052035739878940985
RN7SL209P,0.0052035739878940985
PCSK6,0.0052035739878940985
OR4F13P,0.0052035739878940985
FAM138E,0.0052035739878940985
DNM1P47,0.0052035739878940985
DDX11L9,0.0052035739878940985
OR4F15,0.0052035739878940985
FOXI2,0.005202074572771364
CTNNBIP1,0.0052017675269703766
SNORA18|ENSG00000252601.1,0.005200889018394564
MICAL1,0.005200006637480189
SMPD2,0.005200006637480189
ANKRD6,0.005199193546156761
LYRM2,0.005199193546156761
RNA5SP210,0.005199179718073032
snoU13|ENSG00000238838.1,0.005197622120321809
PSMD8,0.005197622120321809
NTRK1,0.005195075390709439
SV2A,0.005194777298947619
RN7SL861P,0.005194302430489106
DDR2,0.005194302430489106
WDR4,0.005192121463650832
USP34,0.005191347340954926
CCNB2,0.005188630490956074
LTBR,0.005188521596069934
PSEN2,0.005187587604856277
SLAMF6,0.005187188062929648
RN7SKP95,0.005186677320324652
PDXK,0.0051858526369379584
SLC15A5,0.005185695229024209
RNF111,0.0051854951381003775
FTH1P10,0.005185300955825362
RN7SKP133,0.005185300955825362
RN7SL383P,0.005184756991164096
GUCY1B3,0.005182537430613898
RN7SL11P,0.00518109811578531
FAM63B,0.0051809439701697565
SLTM,0.0051809439701697565
TMEM202,0.0051786351480104
C5orf51,0.005178603566929202
FBXO4,0.005178603566929202
TIGD4,0.005177828172459763
MIR630,0.005177682378172371
ARIH1,0.005177682378172371
snoZ6|ENSG00000266692.1,0.0051776050266006185
TRPM2,0.0051776050266006185
snoZ6|ENSG00000264452.1,0.0051776050266006185
KLRAP1,0.005177540202313046
MAGOHB,0.005177540202313046
FAM169B,0.005176934777128518
GUCY1A3,0.005175887384471289
SPRED3,0.005175013042642575
FAM98C,0.005175013042642575
GGN,0.005175013042642575
PIK3AP1,0.005174466521985126
RN7SL485P,0.005174309057935021
RN7SL853P,0.005174309057935021
GOLGA6B,0.005174309057935021
AHSA2,0.005172160070981807
TDO2,0.005171283277670112
CTSO,0.005171283277670112
ASIC5,0.005171283277670112
KCNA1,0.005167375653979677
RNA5SP397,0.00516657129964319
RNA5SP324,0.0051665456295758375
ALDH1A3,0.0051660128423372306
NKAIN1,0.005164596293649906
TM9SF3,0.0051634085170704554
U3|ENSG00000200318.1,0.005162832751587538
RN7SL566P,0.005162165353249676
PAF1,0.005162165353249676
EVI2B,0.005161992155318473
MED29,0.005160303687635573
ARFIP1,0.0051588064706771675
LMBRD1,0.005158014507182486
PCP4,0.005157899287542381
THAP10,0.00515784710803086
LARP6,0.00515784710803086
MYADML,0.00515757670469343
C2orf74,0.0051575492596819235
FOXJ2,0.005157050037534621
IRX1,0.005154469135239567
TRAPPC10,0.005154186158503021
MAP4K3,0.005153910858802954
RASGRP4,0.005152999807792635
snoU13|ENSG00000238878.1,0.005152911918734701
USP38,0.005152650436481149
KIAA1841,0.00515234528913704
EVI2A,0.005150828369322419
PADI1,0.005150648909152723
HSF2BP,0.005146998588387755
GLRB,0.005146041039596476
LARP1B,0.005145366941204653
C21orf2,0.005145162584846812
PFKL,0.005145162584846812
AIRE,0.005145162584846812
DNMT3L,0.005145162584846812
RYR1,0.005144696449655398
TACC2,0.0051444269458028906
UGT1A6,0.005144223132290894
C10orf90,0.005142665863652495
ATE1,0.0051420172644492165
SAMD4B,0.005141610148548839
NTF3,0.005141299877185559
RN7SKP96,0.005141112972101615
MYO1E,0.005140894626911703
LINS,0.00514019504264257
IGSF5,0.005138600677872313
WDFY3,0.005137569901027159
NPS,0.00513747674306056
CGNL1,0.005137262230893002
EPS8,0.0051359042700141275
MIR4685,0.005135595531806744
PYROXD2,0.005135595531806744
HPS1,0.005135595531806744
MIR1287,0.005135595531806744
NPY2R,0.005135529813638935
HTR1E,0.005134998050240202
USP40,0.005134642591213705
UGT1A10,0.005134642591213705
UGT1A8,0.005134642591213705
UGT1A9,0.005134642591213705
UGT1A7,0.005134642591213705
PLEKHG6,0.005133867734318142
FREM3,0.005133465567096281
CCL28,0.005133384183357188
LDHAL6B,0.005132577297428639
MIR2116,0.0051320446145291625
MAP9,0.005132006446192205
TAS2R31,0.00513057159046131
TAS2R30,0.00513057159046131
TAS2R19,0.00513057159046131
TAS2R42,0.00513057159046131
TAS2R43,0.00513057159046131
TAS2R14,0.00513057159046131
TAS2R46,0.00513057159046131
TAS2R64P,0.00513057159046131
SEPP1,0.005127607849186825
LRRC49,0.0051273858007705
CGA,0.0051245163627714856
RN7SKP209,0.0051245163627714856
DOCK10,0.005124040414362175
CLRN3,0.005123812955056303
PTPRE,0.005122447113988582
STYK1,0.005122371497847143
CERS3,0.00512019226683964
ANXA2,0.005118997175141246
SUMO3,0.00511849889928452
UBE2G2,0.00511849889928452
SSH2,0.005113252190847129
RRP1B,0.005113166176844925
LRRC27,0.005112773302646718
PWWP2B,0.005112773302646718
FAM13A,0.005112542041215684
PIK3CD,0.005111792561908695
MRPL44,0.005111521154409983
WDFY1,0.005111521154409983
MDN1,0.005111224808688466
SNORA70|ENSG00000252014.1,0.005110684022536723
RN7SL205P,0.005110684022536723
RN7SKP73,0.005109133757743979
CAPSL,0.005108773343160526
MNDA,0.0051070095606717625
SNORD60|ENSG00000199321.1,0.005106374283471175
RN7SL446P,0.00510541376324578
RBPMS2,0.005105277147931711
OAZ2,0.005105277147931711
HMGCS1,0.005105150993146676
SMYD3,0.005104441963815578
SIK1,0.005104430379746834
CRYAA,0.005104430379746834
LINC00319,0.005104430379746834
LINC00322,0.005104430379746834
LINC00313,0.005104430379746834
CDS1,0.0051043762426915
PTPRU,0.0051039935411320275
ZNF518A,0.005103051823578587
DNTT,0.005103051823578587
BLNK,0.005103051823578587
A2ML1,0.005102465204973552
ZDHHC20,0.00510192373483512
CPXM2,0.0051017282729101015
ASB7,0.005100996739847788
RN7SL572P,0.00510088427131403
GRAMD2,0.005100489628051896
HEXA,0.005100489628051896
PKM,0.005100489628051896
PARP6,0.005100489628051896
CELF6,0.005100489628051896
NIM1,0.005100274532993954
ITM2B,0.00509960989586886
NDUFV3,0.005096821608909183
RNA5SP211,0.005095770542309789
UGT3A1,0.005095463777928226
SLC25A34,0.0050948464446521095
TMEM82,0.0050948464446521095
PLEKHM2,0.0050948464446521095
FBLIM1,0.0050948464446521095
RN7SL419P,0.005094171167828038
FCRL3,0.005093286206705334
SNORD112|ENSG00000251801.1,0.005090109944686221
ZNF384,0.005088662243046024
ING4,0.005088662243046024
ACRBP,0.005088662243046024
PGPEP1L,0.005088509806052045
SCD5,0.0050861446599310915
RANBP3L,0.005083879685415473
GYPB,0.0050822236122313545
GYPE,0.0050822236122313545
GYPA,0.0050822236122313545
CBS,0.00508171358742016
DERA,0.005081490466204816
MND1,0.005080581096496656
KCNJ13,0.005079717657576006
COA6,0.005078919737545721
MIR4671,0.005078919737545721
HSD17B7,0.005078552703125523
CASP8AP2,0.0050777110649560435
SPON1,0.005077447366131631
snoU13|ENSG00000238747.1,0.005077202191474713
SENP8,0.005076777062893842
MIR4725,0.005076425697520048
MIR193A,0.005076425697520048
RNU6ATAC7P,0.005076425697520048
MIR365B,0.005076425697520048
FAM173B,0.005075438445420348
MRPS30,0.005075218040902847
KIAA1919,0.005073709217524052
MARK1,0.005073069715859117
PTTG1IP,0.005072888002201418
TNFRSF1A,0.005072776900531806
RRAS2,0.005072553721344995
GNB3,0.005072293696196778
CDCA3,0.005072293696196778
DPYSL4,0.005072249766086277
RGS5,0.005068242641854474
SLC16A10,0.005068100546762429
RRP12,0.00506734025215123
LIN28A,0.005067258890242088
DHDDS,0.0050670935672836905
WISP3,0.005067033018698333
TUBE1,0.005067033018698333
FAM229B,0.005067033018698333
U2AF1,0.005065792810864397
LAMA4,0.00506578849116247
HMGN2,0.005064123264797785
RPS6KA1,0.005064123264797785
MIR1976,0.005064123264797785
EXOSC1,0.005063675361633502
PGAM1,0.005063675361633502
ZDHHC16,0.005063675361633502
MMS19,0.005063675361633502
PID1,0.005062763454411137
USP5,0.005062566332737954
MKI67,0.005061349924179692
GIGYF2,0.0050606092586959394
RNA5SP25,0.00506047527566514
VWF,0.005058965309955448
STK32C,0.00505760192723401
MRPS26,0.005057069895432038
GNRH2,0.005057069895432038
OXT,0.005056880572372049
GABRR2,0.005056636311787593
IBTK,0.005056490487661201
SNORA70|ENSG00000252657.1,0.005055854750031966
MAB21L2,0.005055402446189178
ASB18,0.005055251705663611
LINC00163,0.005054869519354235
LINC00926,0.005051184458230588
FHDC1,0.005050050165615251
PKNOX1,0.005049520416868408
SCARNA11|ENSG00000251898.1,0.0050489014291918675
TLL2,0.005047234020992897
OPALIN,0.005047234020992897
UGT3A2,0.005044345220240589
LMBRD2,0.005042771154895452
MIR580,0.005042771154895452
RN7SL24P,0.00504251253881061
CNR2,0.00504251253881061
snoU13|ENSG00000238538.1,0.00504251253881061
RN7SL552P,0.005042482823788809
CD164,0.005041691672451412
PPIL6,0.005041691672451412
CLSTN1,0.005039487794726136
C6orf203,0.005039155601894994
LOXL4,0.005039148348810014
LIPC,0.005038624182869102
KIRREL,0.005037434307969286
CLEC2A,0.005037054294334718
KLRF2,0.005037054294334718
NADK2,0.00503666058180426
FCRL2,0.0050353187030643
LPAR5,0.0050350495715875835
C21orf33,0.00503374954136855
MIR4636,0.005031794827635691
MIR4439,0.005029889256472814
GP6,0.005029498689566715
CHD4,0.005029245367134625
NOP2,0.005029245367134625
GAPDH,0.005029245367134625
IFFO1,0.005029245367134625
SERPINE2,0.00502706923145563
RN7SL391P,0.005027053690329297
CC2D2B,0.00502678156745847
ENTPD1,0.00502678156745847
C10orf131,0.00502678156745847
MIR3157,0.00502678156745847
CCNJ,0.00502678156745847
ZNF131,0.005026613416978767
BEND3,0.005022091746569937
AIM2,0.005020567590823728
CD27,0.005018764435010455
MIR4458,0.005016162920864547
SEMA5A,0.0050157754240936865
ETV6,0.005013982601907095
C2orf82,0.005010330206542053
RN7SL204P,0.005008262923622277
NPR3,0.005007447024188552
PRB1,0.005007006462857972
PRB2,0.005006405333655464
C6orf3,0.005006222637679313
PAIP1,0.005005016440555468
C5orf34,0.005005016440555468
IL17D,0.005004667488144576
N6AMT2,0.005004667488144576
FYN,0.005004524548997049
snoU13|ENSG00000239015.1,0.00500358700492003
snoU13|ENSG00000238767.1,0.0050029250832901145
MIR205HG,0.005002911245557865
PDLIM1,0.005002879556835369
RN7SL766P,0.005000776336219374
SCNN1A,0.004999784283779003
NCAPD2,0.004999769902697602
MRPL51,0.004999769902697602
VAMP1,0.004999769902697602
TAPBPL,0.004999769902697602
SCARNA10,0.004999769902697602
CLEC1B,0.004999378737283521
CLEC12A,0.004999378737283521
MIPEPP3,0.004999190768178106
PRB3,0.004998866770785689
PRB4,0.004998866770785689
SNORD27|ENSG00000252128.1,0.004994848548646018
SKA3,0.004994848548646018
RN7SL80P,0.004994848548646018
MRP63,0.004994848548646018
SAP18,0.004994848548646018
IL7R,0.00499435221926073
LINC00462,0.004993620109796238
FAM46A,0.0049934537851613545
REV3L,0.004993296145006816
ICOSLG,0.004992977206017241
ITLN1,0.004992739821320627
ITLN2,0.004992739821320627
F11R,0.004992739821320627
ADRA1D,0.004989032471106216
OSMR,0.0049888855211244415
C21orf90,0.004988058383782776
ACTN4,0.0049860402537137164
PFDN2,0.00498446200253347
ARHGAP30,0.00498446200253347
NDUFS2,0.00498446200253347
NIT1,0.00498446200253347
ADAMTS4,0.00498446200253347
KLHDC9,0.00498446200253347
PPOX,0.00498446200253347
USP21,0.00498446200253347
PVRL4,0.00498446200253347
UFC1,0.00498446200253347
TSTD1,0.00498446200253347
DEDD,0.00498446200253347
ACA64|ENSG00000238934.1,0.00498446200253347
USF1,0.00498446200253347
B4GALT3,0.00498446200253347
LRRC3,0.004983707117959989
LRRC3DN,0.004983707117959989
PRED58,0.00498194138690149
PRED57,0.00498194138690149
CD1D,0.004981193250065096
PWP2,0.004980433636030083
C1orf192,0.004977456993313954
SDHC,0.004977456993313954
RN7SL668P,0.004974586916610308
RNY4P16,0.004974586916610308
MIR4417,0.004972517550851308
LCOR,0.004969616875385282
SLIT1,0.004969595764264788
MIR607,0.004968679541635356
LINC00424,0.004967341245822255
ARHGAP19,0.004966994874219947
FRAT1,0.004966994874219947
FRAT2,0.004966994874219947
ACBD3,0.004966958331512914
MIXL1,0.004966958331512914
NYAP2,0.004964995082323189
UTRN,0.004964374984748075
PIANP,0.004962770256472202
COPS7A,0.004962143241323171
C21orf67,0.004962065446707013
ITGB2,0.004962065446707012
MAP4K1,0.004960383316400775
EIF3K,0.004960383316400775
CD244,0.004958984547059021
C10orf129,0.0049570093142263716
MARVELD1,0.0049568953141757004
ZFYVE27,0.0049568953141757004
SFRP5,0.0049568953141757004
ANKRD2,0.0049568953141757004
AVPI1,0.0049568953141757004
MORN4,0.0049568953141757004
UBTD1,0.0049568953141757004
C10orf62,0.0049568953141757004
PI4K2A,0.0049568953141757004
HOGA1,0.0049568953141757004
NSMCE4A,0.004955441617032369
snoU13|ENSG00000239035.1,0.0049552472160559425
MIR346,0.004954738857568351
C10orf91,0.00495381413806825
RGS4,0.004953215894627161
TPI1,0.004951860768122319
ITM2C,0.004951092928402485
LINC00162,0.004950427673821308
RN7SL47P,0.004947480937986568
ATG5,0.004947480937986568
TSPEAR,0.004945319666116291
LIFR,0.004944543194147629
GBX2,0.0049430472867687675
XPO4,0.0049427579253948604
PSMD1,0.004939471446042675
HTR2B,0.004939471446042675
R3HCC1L,0.004938696652987683
MGST1,0.004938463805256414
C2orf83,0.004937213401627308
SMAD6,0.004936814651156167
IQCA1,0.004936646780191334
CRTAC1,0.004936642738772699
TRAF3IP2,0.004936498673886768
PDZD2,0.004930879853542019
RN7SL602P,0.004929864842663724
LINC00866,0.0049294381908614225
GOLGA7B,0.0049294381908614225
MIR4724,0.004929290267657163
RN7SL45P,0.004929290267657163
NPPC,0.004925800446760985
CLEC9A,0.004925652685379334
CLEC12B,0.004925652685379334
CD1A,0.004922026324410135
COPS7B,0.0049216853632644405
PDE6D,0.0049216853632644405
PTMS,0.004920832146894115
CD4,0.004920832146894115
MLF2,0.004920832146894115
RN7SL380P,0.004920832146894115
LAG3,0.004920832146894115
CD5L,0.004920427596672633
TFB2M,0.004920053076096799
SNORD112|ENSG00000252495.1,0.004920053076096799
SNORA25|ENSG00000252011.1,0.004920053076096799
SCCPDH,0.004920053076096799
CNST,0.004920053076096799
PDSS2,0.004919459709112429
C1orf110,0.004919216097822694
RNA5SP322,0.00491891376803887
SLAMF7,0.0049167448882570415
CD48,0.004916665907233751
SLAMF1,0.004916155568314029
CD84,0.004916155568314029
PMCHL1,0.004916061254479368
NCL,0.004915104823039341
SNORA75|ENSG00000206885.1,0.004915104823039341
SNORD20,0.004915104823039341
SNORD82,0.004915104823039341
EGFLAM,0.00491463915831005
LMO3,0.00491441027813371
WDR70,0.004914053509781358
CAB39,0.004912491231119752
RNA5SP181,0.004911740927698691
LEPREL2,0.004911547720742404
GPR162,0.004911547720742404
GRIK2,0.004911400701913532
PNRC1,0.004910138205250878
RN7SL336P,0.004910138205250878
GABRR1,0.004910138205250878
PM20D2,0.004910138205250878
SRSF12,0.004910138205250878
AHCTF1,0.004909071378925414
RNA5SP62,0.0049083820129832674
C2orf72,0.0049077110273713235
SPATA3,0.0049077110273713235
RSPH1,0.004906400590256157
DUSP12,0.004906179657526135
RN7SL466P,0.004906179657526135
CORO6,0.004904532619279455
SNORA33|ENSG00000202283.1,0.004903915470966971
FCRLA,0.0049034153217109785
FCRLB,0.0049034153217109785
CCDC152,0.004902827889809714
RCBTB2,0.00490282017431198
PTMA,0.004901496762498362
MGC4771,0.004901496762498362
FCGR3B,0.004901446871592051
HSPA6,0.004901446871592051
FCGR3A,0.004901446871592051
FCGR2C,0.004901446871592051
FCGR2B,0.004901446871592051
FCGR2A,0.004901446871592051
RPL31P11,0.004901446871592051
TOMM40L,0.004897959555640615
NR1I3,0.004897959555640615
MIR5187,0.004897959555640615
APOA2,0.004897959555640615
FCER1G,0.004897959555640615
PCP4L1,0.004897959555640615
TMEM17,0.004897589582961552
SKP2,0.0048972800950724035
RNA5SP399,0.0048967862223938275
SNORA70G,0.0048960635106460775
SLC1A3,0.0048953917880068185
NR2E3,0.004895266121935014
NUP107,0.0048951179427143415
MPZ,0.004892011677040523
RN7SL18P,0.004891860457960779
C10orf12,0.004891716840763044
FAM207A,0.0048890742524307345
ATRNL1,0.0048881564539441985
CDH12,0.004887704897071985
MAP2K5,0.004887079891200721
RNA5SP63,0.00488663185426179
SNCA,0.00488594141747691
TRIM2,0.004885058893057904
MIR3650,0.0048846991615979
ADAMTS16,0.004884431690594394
MIR548AD,0.004883727826062566
LINC00441,0.004883607563926841
ADRB1,0.004883067134999004
C10orf118,0.004880827092583999
C15orf61,0.004879562001190721
CDH10,0.004877943121778395
CHIA,0.0048758099168400345
JAKMIP3,0.004874055497302963
CHRM3,0.0048730905778917805
SLC19A3,0.004873028139329923
NHLRC2,0.004871646011443222
DCLRE1A,0.004871646011443222
SNORA17|ENSG00000212589.1,0.004871646011443222
CDH6,0.004871327301197947
MYO9A,0.004870134026248689
SNORD112|ENSG00000252932.1,0.004869331578831388
NUF2,0.004868912765459781
MIR1471,0.004867985671804866
AGAP1,0.004867184832475586
KCNAB2,0.004865104989890528
SORBS1,0.004864307258702539
ZNF460,0.0048629951508281375
MIR4689,0.004862182474816386
NPHP4,0.004862182474816386
GPR55,0.004861045064284432
FOXB1,0.004860885099018879
ADAP2,0.004860837510483511
IFT88,0.004859900675852282
CYP2C8,0.0048592527588976015
CYP2C9,0.0048592527588976015
B3GNT7,0.004858704626864746
MIR4777,0.004858704626864746
DROSHA,0.004857843704440799
C5orf22,0.004857843704440799
MTMR12,0.0048566789314943865
snoU13|ENSG00000238864.1,0.004855498731091725
C2orf57,0.004852924925968917
NMUR1,0.004852924925968917
LINC00471,0.004852924925968917
MIR4654,0.004849914791626799
TARBP1,0.004848599000948917
GJA3,0.004848315460726325
SMAP1,0.004845937859608754
SMAD3,0.004845787751594668
AAGAB,0.004845787751594668
snoU13|ENSG00000238545.1,0.00484437171579161
LIN9,0.00484437171579161
snoU13|ENSG00000239094.1,0.00484437171579161
RN7SL37P,0.004844037686996544
ZNF667,0.004840163786961803
LY9,0.004839957107228891
ZFP36,0.004836898322304287
MIR4530,0.004836898322304287
PLEKHG2,0.004836898322304287
ESRRAP2,0.004836488431968746
OPN4,0.0048348181044569755
WAPAL,0.0048348181044569755
RNF135,0.004834809151372125
RN7SL499P,0.0048344373327704636
GOLPH3,0.004832570959870619
EFCAB2,0.004831982857823094
SNORA25|ENSG00000272237.1,0.004829216356988099
AGFG1,0.0048286987954885155
NUP155,0.004827675489067896
HPSE2,0.004827103402389489
RN7SL138P,0.004824335394277471
NOS1AP,0.004824224694935802
SH2D4B,0.004823183164294889
MIR5703,0.004822318588818357
NRAP,0.004821278193827735
PLEKHS1,0.004821278193827735
CASP7,0.004821278193827735
snoR26,0.004819465010747547
GUSBP1,0.004817412152929951
MIR5702,0.004815944768741457
HABP2,0.004815030817151568
SNORA73|ENSG00000222145.1,0.004814351397594856
SPHKAP,0.004813683798834128
SNORD18|ENSG00000200677.1,0.004813545351804696
SNORA48|ENSG00000212391.1,0.0048134412241821935
RPS16,0.004812905351602181
SUPT5H,0.004812905351602181
IRS1,0.004812847271008695
ZNF542,0.004812486956772038
ZNF582,0.004812486956772038
ZNF583,0.004812486956772038
RNA5SP61,0.00481191276849751
SNORD112|ENSG00000252740.1,0.004811034864046322
ADAMTSL1,0.004810217512379746
NIPBL,0.004809203854317534
FGF3,0.004809085136107707
LEFTY2,0.004808303511496462
SDE2,0.004808303511496462
SLC35E3,0.004806046006382585
snoU13|ENSG00000238893.1,0.0048059133963133105
MIR3152,0.004805227723072366
HNRNPA1P30,0.004804525596504988
TCTN3,0.004801386578394031
ALDH18A1,0.004801386578394031
RNGTT,0.0048003930186481135
MIR2276,0.004800231414155462
LATS2,0.004799976351393406
FGF2,0.004799234391871678
NUDT6,0.004799234391871678
RGS7,0.004799149642072543
CD69,0.004798742518242399
KLRF1,0.0047978681484932935
CLEC2B,0.0047978681484932935
TM4SF20,0.004797736591347447
KLF13,0.004796401305010887
ZNF304,0.004795610554820831
ZNF543,0.004795610554820831
GHR,0.004794085970821234
CLECL1,0.00479284627486848
FMO9P,0.004792422850028168
RAP1B,0.004792419697080554
RBP5,0.004791836722954218
C1RL,0.004791836722954218
C1R,0.004791836722954218
CLSTN3,0.004791836722954218
RN7SKP258,0.004791724603033265
RN7SKP55,0.0047912367952663935
TDRD1,0.00478989109063998
RAB11FIP4,0.004788549827203538
MIR2110,0.004788008924823822
FAM124B,0.004785322537051214
MFF,0.004785238028330934
QSOX1,0.004785011732822154
SNORD29,0.0047799744278225345
SRP9,0.004778697477489641
PARP4,0.004775686338977466
SNUPN,0.004775549236228201
CEP350,0.004774961166011168
ANXA2R,0.004773937363054889
CLCC1,0.004772601996460876
TACC1,0.00477258290446552
AKNAD1,0.004772515676348908
VWA2,0.004772394901363023
FAM160B1,0.0047722181721784026
ABLIM1,0.0047722181721784026
snoU13|ENSG00000238577.1,0.0047722181721784026
RN7SL384P,0.0047722181721784026
AFAP1L2,0.0047722181721784026
RCBTB1,0.004772072019298871
MIR4279,0.004771131115379371
TMEM63A,0.004770432095578155
LEFTY1,0.004770432095578155
SPATA42,0.0047697842613772965
GPSM2,0.0047697842613772965
OLFML2B,0.004769736902060497
MIR4733,0.004769440814495525
ZNF471,0.0047638977842704025
HDLBP,0.004758611398744745
SEPT2,0.004758611398744745
SLC37A1,0.004758415761684069
RN7SKP283,0.0047565696761256784
CLEC1A,0.004753479502644685
U3|ENSG00000212538.1,0.004751234695995021
RNY3P2,0.004749881512170961
MLNR,0.004749881512170961
CDADC1,0.004749881512170961
CAB39L,0.004749881512170961
ENTPD7,0.004746421665076297
MIR4760,0.004745678685923927
DLL3,0.0047445336976620405
PEX5,0.004744189324060409
FAM174B,0.004741213025880118
RN7SL79P,0.004738697286943479
PTPN9,0.004737851372776
RHBDD1,0.004736815939424069
PYCR2,0.0047365603142513245
NF1,0.004736147139708607
ZNF573,0.0047356627035338664
MDM1,0.004734351694986801
RNA5SP121,0.004733264630837901
EPHX1,0.0047325686233233855
RN7SKP165,0.004726964368697198
FAM98A,0.0047252655663344734
TIMM50,0.004725228589472526
CUL3,0.004723106721955476
AQP9,0.004720594588317269
C1QTNF9,0.004717997192680732
LINC00566,0.004717997192680732
RAD21L1,0.004717817818979214
ARL4C,0.0047165835821729426
FES,0.004712132241517514
SLC6A3,0.00471171888552992
SNORA51|ENSG00000207147.1,0.004708607374602025
OTX1,0.004705097752041505
SH3BP4,0.004704502703608741
RASGRP3,0.004703066584923115
FAM81A,0.00470286408387674
PHF11,0.004701873971552271
SETDB2,0.004701873971552271
PARP1,0.004701508898889078
MIR3175,0.004701167819946698
snoU13|ENSG00000238809.1,0.00469940554943602
B3GNT2,0.00469940554943602
MIR5192,0.00469940554943602
RN7SL51P,0.00469940554943602
MIR5692B,0.004699349795946606
CCL20,0.004694600852987008
KIF26B,0.004693245360698046
GDNF,0.0046930354060496435
TPT1,0.004691394083038817
SNORA31|ENSG00000253051.1,0.004691394083038817
SNORA31|ENSG00000199477.1,0.004691394083038817
ZFP30,0.004690859166918362
KCND3,0.004688130289614352
KIF14,0.004682099466591544
LRIG2,0.004681050071709173
BNIP3,0.004678755580538111
LINC00930,0.004678380743858534
SLC25A28,0.004677789412350852
C15orf32,0.004676233745266264
ST8SIA2,0.004676233745266264
MAN2A2,0.004675511470014246
CHD2,0.004674792027214201
SNX33,0.004674258247980468
TP73,0.004673957410295791
WDR87,0.004673673082731534
PARK2,0.004666343649688086
snoU13|ENSG00000238472.1,0.004663813850583929
CPN1,0.004663281850347485
FURIN,0.004663229958277982
RNA5SP54,0.004661538374327538
SLC30A6,0.004660948625786876
NLRC4,0.004660948625786876
snoU109|ENSG00000239197.1,0.0046604484904447215
MIR4297,0.00466029791695943
CRLS1,0.00465962104927951
TRUB1,0.0046594207700974225
SLC23A2,0.004659270758697552
RN7SL599P,0.004658086225502836
C17orf66,0.004657241639901755
CCL5,0.0046560324957491
RRAGA,0.004653371571324615
HAUS6,0.004653371571324615
PLIN2,0.004653371571324615
SCARNA8,0.004653371571324615
RN7SL158P,0.004653371571324615
DENND4C,0.004651262515224499
RN7SKP161,0.004651106336592089
CHGB,0.004648117188121962
TRMT6,0.004648117188121962
MCM8,0.004648117188121962
RN7SL498P,0.004648117188121962
UNC45A,0.004647883733511587
HDDC3,0.004647883733511587
LBR,0.004646566550027202
RNA5SP92,0.004645790007252726
RNA5SP91,0.004645790007252726
GORAB,0.004644387328921159
FNDC3A,0.004644286223992585
CRTC3,0.0046434849356042085
NRXN1,0.004643312922255922
RSPO4,0.004643198861416959
PROKR2,0.004642210015126183
ZIM2,0.00464124106763768
MIMT1,0.00464124106763768
PEG3,0.00464124106763768
SRD5A2,0.004639454882774145
LRIF1,0.004637361329198945
STXBP3,0.004637313718115511
ATAD1,0.00463721900329589
LAMTOR5,0.0046368964950370415
RBM15,0.0046368964950370415
SLC16A4,0.0046368964950370415
PROK1,0.004636374973782216
CYMP,0.004636374973782216
KCNA10,0.004636374973782216
KCNA3,0.004634470287460238
KCNA2,0.004634470287460238
CNNM1,0.004633342059263138
TAF15,0.004632764027961458
C2orf54,0.004632186351791899
AGXT,0.004632186351791899
CLEC7A,0.004631778163190762
DAW1,0.0046304716260763224
RGMA,0.004629824019759187
TMEM74B,0.0046295466938936465
PSMF1,0.0046295466938936465
C20orf202,0.0046295466938936465
ANO7,0.004629346155104181
MIR3133,0.004629253480740089
MEMO1,0.004629052616394382
SPAST,0.004629052616394382
DPY30,0.004629052616394382
LRRN4,0.004629022370830342
MRPL36,0.004628435083568194
IRX4,0.004628435083568194
NDUFS6,0.004628435083568194
SDHAP3,0.004628435083568194
LPCAT1,0.004628435083568194
MIR4277,0.004628435083568194
C20orf196,0.004628150624950242
U6|ENSG00000272445.1,0.0046261809046808
RASGRP1,0.004625176070437598
FAM98B,0.004625176070437598
CTDSP2,0.004622850644881351
snoU13|ENSG00000238588.1,0.004621486053993802
GOT1,0.004620523386899283
MIR4765,0.0046195679613401045
LINC00486,0.0046195679613401045
TTC27,0.0046195679613401045
SNORD112|ENSG00000252502.1,0.0046195679613401045
MIR558,0.0046195679613401045
PEX11A,0.004619530889304946
WDR93,0.004619530889304946
PLIN1,0.004619530889304946
C15orf53,0.004619009483071324
EPS8L3,0.004618665925955315
GSTM5,0.004618665925955315
TSPAN14,0.004618591608354958
CSF1,0.0046178836440730784
snoU13|ENSG00000238348.1,0.004617797787436714
NRG4,0.004617449012974594
UBE2Q2,0.004617449012974594
RN7SL510P,0.004617449012974594
FBXO22,0.004617449012974594
WNT2B,0.004617401803783291
CTTNBP2NL,0.004617401803783291
CD163L1,0.004616646389341885
YIPF4,0.004615184263566817
MIR211,0.00461411999112366
RN7SKP50,0.004613110723728484
LMX1A,0.004612969495746003
PRC1,0.004612599879337542
RCCD1,0.004612599879337542
VPS33B,0.004612599879337542
SV2B,0.004612599879337542
MIR5094,0.004610937230031921
ANPEP,0.004610937230031921
MIR5009,0.004610937230031921
SWAP70,0.004610196523093714
GTF2A2,0.004610135106337636
UACA,0.004610018784009703
MTERFD2,0.004607055244823878
CPT1C,0.004606510774541404
EBF3,0.004604270935800839
CYP26B1,0.004603110364234788
ATG4B,0.004602497846683894
NEU4,0.004602497846683894
BOK,0.004602497846683894
CXXC11,0.004602497846683894
D2HGDH,0.004602497846683894
DTYMK,0.004602497846683894
THAP4,0.004602497846683894
ING5,0.004602497846683894
GAL3ST2,0.004602497846683894
PDCD1,0.004602497846683894
RNA5SP122,0.004602497846683894
MESP2,0.004602431376769927
STRIP1,0.004602368386742022
EPHA7,0.0046008330037640086
STK25,0.00460052442787209
H3F3A,0.00460010803382412
BNIP2,0.004598346332523549
SNORD112|ENSG00000252372.1,0.004597661768988235
RN7SL319P,0.004597661768988235
SLC16A1,0.004596977444205728
WASF2,0.004593840806318597
RPS6,0.004593489164821566
CCT6B,0.004592987677089448
LTBP1,0.004592472381501909
CSPG4,0.004591844951987887
ODF3L1,0.004591837761855625
MIR4313,0.004591837761855625
DNM1P35,0.004591837761855625
OAT,0.004590427185301721
snoU13|ENSG00000238981.1,0.00459036796383525
RASSF2,0.0045885558474643715
ALX3,0.004585209203716404
UBL4B,0.004584982455344741
snoU13|ENSG00000239111.1,0.004584296541520452
FARP2,0.004583847551826884
GSTM1,0.00458172861621137
GSTM2,0.00458172861621137
GSTM3,0.00458172861621137
GNAI3,0.00458172861621137
MIR197,0.00458172861621137
GNAT2,0.00458172861621137
AMPD2,0.00458172861621137
GSTM4,0.00458172861621137
snoU13|ENSG00000238761.1,0.004581439512037495
C5orf42,0.004581179105704426
MYOM2,0.004579632625868468
RN7SL363P,0.004577706903535182
BLM,0.004577706903535182
GLRX3,0.004576149347631039
CD53,0.004576025894664035
LINC00959,0.004575079181485043
BIRC6,0.00457341491659353
SNORA31|ENSG00000252096.1,0.004572112092986226
IFNL2,0.004572072269968972
LINC00654,0.004571785685853037
GPCPD1,0.004571785685853037
LINC00658,0.004571785685853037
IFNL1,0.004570627968917325
LRFN1,0.004570627968917325
IFNL3,0.0045668442296603416
IFNL4,0.0045668442296603416
FAN1,0.004566338840126728
MTMR10,0.0045647335445398755
ZNF547,0.0045618951655226
MMP28,0.004561859059134705
MIR378C,0.004561556172912908
RASL10B,0.0045610731154354794
GAS2L2,0.0045610731154354794
C17orf50,0.0045610731154354794
RN7SL514P,0.004561069978504893
ACER2,0.004559071081416569
AP2B1,0.004556474589079917
TCERG1L,0.004556259390978177
MESP1,0.004555217234903736
GMFG,0.004554037727559791
SIN3A,0.004553841507914534
MAN2C1,0.004553841507914534
NEIL1,0.004553841507914534
COMMD4,0.004553841507914534
ANP32BP1,0.004553841507914534
MIR631,0.004553841507914534
snoU13|ENSG00000252058.1,0.004553642225937424
PPP2R2D,0.004552584072901018
IMP3,0.00455176355969068
LPAR6,0.0045506657666322175
FAM194B,0.004550486088534186
RNA5SP27,0.004550486088534186
SLC1A4,0.004549273899200124
PCDH10,0.004548191981374467
COL19A1,0.004546081623834847
SLC6A17,0.0045432097365750755
PPP1R7,0.00454176342960565
ATF6,0.00454044413140473
MIR5088,0.0045392637124758405
RRAS,0.0045392637124758405
ADM5,0.0045392637124758405
BCL2L12,0.0045392637124758405
IRF3,0.0045392637124758405
PRMT1,0.0045392637124758405
SCAF1,0.0045392637124758405
DYRK2,0.004537912771358295
FAM154A,0.004537718942634466
ITSN2,0.004537625651526433
SCARNA21|ENSG00000251805.1,0.004537625651526433
HNF1B,0.004536913583064116
SNORA75|ENSG00000212432.1,0.004535401908081882
SNORA75|ENSG00000212440.1,0.004535401908081882
TMCO5A,0.004534269836369245
PASK,0.004533008427915704
DDX52,0.004528825748067689
CLEC2D,0.004528579523065813
RNA5SP396,0.004528321186549035
KCNC4,0.004525733105829128
SNORA25|ENSG00000200536.1,0.004525733105829128
CT62,0.004524038368437693
LGALSL,0.004523174317449983
AP3S2,0.004522785659862174
C15orf38,0.004522785659862174
RN7SL289P,0.004522173544130631
SPERT,0.004522154520570937
SIAH3,0.004522154520570937
RAB11FIP5,0.004520777193313906
IRX2,0.004517360181010946
C5orf38,0.004517360181010946
MIR4433,0.004514435488039598
TRAPPC2P1,0.004514033209480025
MROH2A,0.00451342305129913
INPP5A,0.004513217469860084
HJURP,0.0045107333667473585
MSL3P1,0.0045107333667473585
ZNF805,0.004509593383294493
AURKC,0.004509593383294493
ZNF264,0.0045094849241835815
SPATA8,0.004509351340174652
PRNT,0.004508056683385082
PRND,0.004508056683385082
PRNP,0.004508056683385082
IQCH,0.004507080124675564
COL4A3,0.004505298723394057
LINC00864,0.004503792020608041
B3GAT2,0.00450181306738269
SNORD77|ENSG00000212415.1,0.004499027009832806
RN7SKP5,0.004498657619581974
LRRC63,0.004498657619581974
snoU13|ENSG00000238483.1,0.004498657619581974
LINC00563,0.004498657619581974
LINC00987,0.004498137649958728
A2MP1,0.004498137649958728
LRRC52,0.0044972815936916355
RXRG,0.0044972815936916355
SCLT1,0.004495916345624661
ALDH1A2,0.004494602157371613
LINC00210,0.004493885716779288
SELV,0.004493234679264543
EID2B,0.004493234679264543
C4orf33,0.00449257842597689
AFTPH,0.004492111032392042
ATAD2B,0.004491076914973936
AHDC1,0.004489126764928904
ACSM4,0.004488666269748816
RN7SKP254,0.004486858839091233
EMX1,0.0044868296757385575
SPR,0.0044868296757385575
RNY1P3,0.004485503356479476
SHISA2,0.004485503356479476
RN7SL741P,0.004485503356479476
DDX20,0.0044842551599426315
FAM212B,0.0044842551599426315
RAP1A,0.0044842551599426315
PLB1,0.004479615708421185
ADORA3,0.004479425419626206
C1orf162,0.004479425419626206
TRPM1,0.004479374312437738
MIR3942,0.004477265710516709
IMPG1,0.004477219282312162
MGST3,0.0044758989713337095
TMCO1,0.004470663741736581
SLC25A30,0.004469361215693267
ALDH9A1,0.0044687012717516935
HTR1B,0.004467035300282797
NTRK3,0.004466397787194614
DBIL5P2,0.004465397044462446
RN7SL211P,0.004464065328164112
snoU13|ENSG00000238696.1,0.004464065328164112
RNA5SP474,0.0044633826924607885
CDS2,0.0044633826924607885
PCNA,0.0044633826924607885
SNORA26|ENSG00000212517.1,0.0044633826924607885
TMEM230,0.0044633826924607885
MIR4510,0.004462137584551908
KIAA0226L,0.004459345799293153
RN7SL157P,0.004458957067867244
MIR150,0.004458317771919837
SNORD35B,0.004458317771919837
SNORD33|ENSG00000199631.1,0.004458317771919837
RPL13A,0.004458317771919837
RPS11,0.004458317771919837
SNORD35A,0.004458317771919837
SNORD34,0.004458317771919837
SNORD32A,0.004458317771919837
FLT3LG,0.004458317771919837
MIR26A2,0.00445779094472873
PRRG2,0.004456439524419027
PRR12,0.004456439524419027
EXOC6B,0.004454234490439205
MYO6,0.004454207557009428
LCP1,0.004453163508227324
USP29,0.00445154326818789
ZIM3,0.00445154326818789
DUXA,0.00445154326818789
U3|ENSG00000252683.1,0.00445154326818789
CDH9,0.004451039294914275
S1PR1,0.004450733498554815
snoU13|ENSG00000238296.1,0.004450733498554815
RN7SL288P,0.004450400092288657
RN7SL341P,0.004450206390642831
SNORD78|ENSG00000212378.1,0.004449063808207458
GREM1,0.004445578040360377
AJAP1,0.004445499853650518
TMEM52B,0.004444663036881724
GABARAPL1,0.004444663036881724
OLR1,0.004444663036881724
EFHD1,0.004444603722883737
ALDH16A1,0.004444133014732277
PIH1D1,0.004444133014732277
PZP,0.0044438692011884535
SMYD5,0.004443743971680567
PRADC1,0.004443743971680567
CCT7,0.004443743971680567
NOTO,0.004443743971680567
EGR4,0.004443743971680567
FBXO41,0.004443743971680567
CHRM5,0.004443253155201285
RNA5SP164,0.004443126185330566
MTMR6,0.004441225533486863
AMER2,0.004440833030297778
LINC00330,0.004440641615890431
LINC00923,0.004440091994574686
PABPC3,0.004439667064941957
KLHL1,0.004438725775512582
PBX1,0.004437669344558739
ATP8A2,0.004437514069507702
LGALS7,0.004436571569785002
CAPN12,0.004436571569785002
DCDC2C,0.004435247820795569
ECH1,0.004434473763694775
COPB1,0.004433359432772204
LINC00309,0.004433009909479834
XCL2,0.00443186841723838
CHST15,0.004431847852596445
FBXO36,0.004430994223915449
TRIP12,0.004430994223915449
ABCC2,0.004430379746835448
NANOGNB,0.0044274747683926835
NANOG,0.0044274747683926835
CD247,0.004427100444487391
ENAH,0.004425589717721917
NOSIP,0.0044250568369296785
FCGRT,0.0044250568369296785
RCN3,0.0044250568369296785
WDPCP,0.004423956674296314
CNRIP1,0.004421851634583112
NCOA1,0.004420711559940435
SPATA5,0.004418765626228479
APLF,0.004417026384589039
PROKR1,0.004417026384589039
FBXO48,0.004417026384589039
M6PR,0.004416953569240595
PHC1,0.004416953569240595
ARRDC4,0.004416608764098527
TIPRL,0.0044165529278191095
LGALS7B,0.004415873582470689
POGK,0.004415717546616071
DNMBP,0.00441549218466319
SCARNA16|ENSG00000252765.1,0.004414328217122839
ARHGAP25,0.004413805030060323
GPR161,0.004412213740458012
DCAF6,0.004412026524301862
ZC3H13,0.004411062053632297
MIR921,0.004408072214152318
SYNRG,0.004406781263345253
TADA1,0.004405513888477158
LGALS4,0.00440506054531975
PSMA1,0.004403652290225769
MARCH9,0.004403519166891101
COL9A1,0.004403048594788337
CUTC,0.004402808623470502
COX15,0.004402808623470502
SNAPC3,0.004402755781420848
snoU13|ENSG00000238932.1,0.0044013979633572104
TMEM167B,0.004396554558492567
WDR47,0.004396554558492567
TAF13,0.004396554558492567
C1orf194,0.004396554558492567
SCARNA2,0.004396554558492567
METTL1,0.004396373103510186
CYP27B1,0.004396373103510186
METTL21B,0.004396373103510186
FERMT1,0.00439611893957487
TPTE2P6,0.004396087666741701
PDE3B,0.0043957408978206975
TSFM,0.004393572133943796
ATP12A,0.004393536396012628
RNY1P7,0.004393536396012628
MINPP1,0.004392953729176955
SERTAD2,0.0043923632475313815
TTC39B,0.004392058742271007
RNA5SP40,0.00438878522279737
SNORD112|ENSG00000252359.1,0.004388637239498411
SLC2A3,0.004388251806982878
SLC2A14,0.004388251806982878
NANOGP1,0.004388251806982878
ACKR3,0.004387230454693245
RSPO3,0.004387064959748939
ZNF548,0.004386404825380835
snoU13|ENSG00000238342.1,0.004386380008794328
SYPL2,0.00438629419467481
ATXN7L2,0.00438629419467481
RNU6V,0.00438629419467481
GPR61,0.00438629419467481
AMIGO1,0.00438629419467481
CYB561D1,0.00438629419467481
PSMA5,0.004385143446688614
PELI1,0.004384818640403556
TSPAN31,0.004384133824101504
AGAP2,0.004384133824101504
AVIL,0.0043838285902385015
FAM135A,0.004382872998643852
C6orf57,0.004382872998643852
GPC1,0.00437925620645667
RAB1A,0.0043791554411263985
RCSD1,0.004378554087351434
LDB3,0.0043782906148397355
SERP2,0.004377062074606986
TSC22D1,0.004377062074606986
RN7SL834P,0.004376892310098656
EXTL2,0.004376868588325829
SARS,0.004376770763064948
CELSR2,0.004376770763064948
KIAA1324,0.004376770763064948
SPRED1,0.004376385407713735
MEIS2,0.004376098122316089
KLRG1,0.0043754123775091415
SLC30A7,0.004375044688573659
ANKRD36BP1,0.004374776548458784
TBX19,0.004374776548458784
SFT2D2,0.004374776548458784
NRG3,0.004374517899525315
WDR77,0.0043743969016334225
ATP5F1,0.0043743969016334225
IL26,0.004373994630524961
IL22,0.004373994630524961
SORT1,0.004373533930059455
MYBPHL,0.004373533930059455
PSRC1,0.004373533930059455
SMIM2,0.004373307604375318
ATP1B1,0.004373100661899691
RNA5SP66,0.004373100661899691
PLEK,0.004373073545219348
SLC17A7,0.004372563807838602
PTH2,0.004372563807838602
CCDC155,0.004372563807838602
CREG1,0.004371660305343513
CD163,0.004371457580124196
IFNG,0.0043678540673492035
XCL1,0.004367357353367472
FBXO17,0.0043669952497322855
KLRC3,0.004366260257306307
KLRC1,0.004366260257306307
KLRC2,0.004366260257306307
KLRK1,0.004366260257306307
KLRC4,0.004366260257306307
DPT,0.004366110252198278
LINC00626,0.004366110252198278
KLRD1,0.004364784758354691
CHI3L2,0.004363625026217778
EIF2S3L,0.004363036018856468
MIR149,0.00436295642124315
MIR548F2,0.0043623307731952285
CDK4,0.0043609180955800925
DENND2D,0.004360887039629943
DRAM2,0.004360887039629943
CEPT1,0.004360887039629943
RASSF3,0.004360029371761392
SLCO3A1,0.0043598325305253816
MIR3174,0.0043586224086605094
KIF1A,0.004358486246034091
CEP68,0.004358402876924274
COG3,0.0043579436409971395
AQR,0.0043572277264774945
FAM78B,0.004356401743100233
RNA5SP64,0.004356401743100233
MIR557,0.004356387090540146
NUPL1,0.004355936899340241
PGCP1,0.004355042600350328
PIFO,0.004355042600350328
OVGP1,0.004354985913257415
RN7SKP181,0.004354266779430725
TBC1D3,0.004353850115889771
TBC1D3F,0.004353850115889771
KLRB1,0.004350547487768889
APOBEC1,0.004349822681266339
GDF3,0.004349822681266339
SLC24A2,0.004349463322964769
FNDC7,0.004348517452076926
LINC00364,0.004348513310845743
SLC16A14,0.0043474644441216905
MPC2,0.004346718281959608
MIR1255B2,0.004346718281959608
ADCY10,0.004346718281959608
ZNF749,0.004343888853902084
ZNF17,0.004343888853902084
DPPA3,0.004342565987592001
CLEC4C,0.004342565987592001
FAM19A3,0.0043418288389916486
PPM1J,0.0043418288389916486
RHOC,0.0043418288389916486
MOV10,0.0043418288389916486
U3|ENSG00000252189.1,0.004341586594702744
UBE2F,0.004338119691666942
LINC00924,0.00433758295543703
ATOH1,0.004337120736626757
PAK4,0.004335399104862843
DUSP28,0.004335175917748783
RNPEPL1,0.004335175917748783
CAPN10,0.004335175917748783
RNF17,0.004333356421756219
CENPJ,0.004333356421756219
TPTE2P1,0.004333356421756219
LSP1|ENSG00000269099.1,0.004333356421756219
KIAA1704,0.004333146849064497
NUFIP1,0.004333146849064497
RN7SL49P,0.004333146849064497
ANKRD13B,0.004332968109515584
SH3GL2,0.004332914044533013
CENPW,0.004331967688644063
MPZL1,0.0043319674606242115
FGF4,0.0043308632661910726
SLC16A9,0.00433084773986358
BMP10,0.00432949370479507
KCTD4,0.004327873398262296
COL11A1,0.004327698325928825
LINC00284,0.004327373024446002
SNPH,0.004326379623076414
SDCBP2,0.004326379623076414
DPH5,0.004325029842878002
LACC1,0.0043250291023879655
CCDC122,0.0043250291023879655
GRID1,0.00432276340826578
CHIAP2,0.004322560896109563
KLHL29,0.004321204726206571
RNF146,0.0043202542695965
SENP6,0.004318908326617044
EMC7,0.004318818004060364
PGBD4,0.004318818004060364
SPRED2,0.004316300380523408
snoU13|ENSG00000239132.1,0.004315885247364461
RNA5SP209,0.004315885247364461
CAPZA1,0.004312686004523621
KIFAP3,0.004306771789544883
RN7SL269P,0.004306554377234514
POU2F1,0.004305089971244776
MIR3664,0.004305040663939268
RNA5SP96,0.004302193572889083
AQP12B,0.004300406676915368
AQP12A,0.004300406676915368
NSFL1C,0.00429830952905824
MCTP2,0.004298206208168226
LINC00052,0.004298050423309948
FANCL,0.004295922654142673
CREBL2,0.004295758443851941
GPR19,0.004295709548175182
ANTXR1,0.004293662069737241
PAPSS2,0.004293629638853329
ILDR2,0.004293069101473336
KATNBL1,0.004292865362485621
FBXO27,0.004291757049891542
RNY4P19,0.0042888656753103105
TCF7L2,0.0042880732337611145
GPR35,0.004287737546200904
APOLD1,0.004287469188533099
Vault|ENSG00000251900.1,0.00428367811422871
SNORD39|ENSG00000263723.1,0.0042828639649363865
RAMP1,0.0042828639649363865
RBM44,0.0042828639649363865
RN7SL635P,0.004282486365075478
MIR613,0.0042820676543593355
CDKN1B,0.0042820676543593355
GJD2,0.00428199406850225
U3|ENSG00000212511.1,0.004279790807114051
HNRNPL,0.0042791702133501705
SP110,0.0042763526874993055
SPATA13,0.004274082400664675
SPAG16,0.00427375174307364
snoU13|ENSG00000251709.1,0.004271097504050085
DPH6,0.004270472555128309
HEY2,0.0042703056262087
SNORA74|ENSG00000272025.1,0.00427002825550624
MIR1469,0.004269989321656077
NR2F2,0.004269989321656077
NME7,0.004269549995832191
SPRYD7,0.004269329744228924
SP100,0.004262151740043485
DUSP16,0.004262008922022898
NCCRP1,0.004261613443532221
SYCN,0.004261613443532221
snoU13|ENSG00000238975.1,0.004260788970959193
FILIP1,0.004260285402740243
GCNT3,0.004260002366023899
ZNF329,0.004259700093064917
ST7L,0.004259388799764178
LINC00948,0.004258979015796477
RN7SL673P,0.004258967228362742
U8|ENSG00000207432.1,0.004258967228362742
U8|ENSG00000207430.1,0.004258967228362742
RN7SL238P,0.004258967228362742
RN7SL628P,0.004258967228362742
RN7SL469P,0.004258967228362742
HERC2P9,0.004258967228362742
RN7SL196P,0.004258967228362742
NDNL2,0.004258967228362742
GOLGA8Q,0.004258967228362742
GOLGA8R,0.004258967228362742
RN7SL719P,0.004258967228362742
GOLGA8T,0.004258967228362742
APBA2,0.004258967228362742
ARHGAP11B,0.004258967228362742
GOLGA8F,0.004258967228362742
GOLGA8H,0.004258967228362742
RN7SL82P,0.004258967228362742
RN7SL829P,0.004258967228362742
GOLGA8J,0.004258967228362742
GOLGA8M,0.004258967228362742
GOLGA6L7P,0.004258967228362742
FAM189A1,0.004258967228362742
GOLGA8G,0.004258967228362742
snoZ278,0.004258967228362742
CHRFAM7A,0.004258967228362742
WHAMMP2,0.004258967228362742
ULK4P3,0.004258967228362742
ULK4P2,0.004258967228362742
U8|ENSG00000252602.1,0.004258967228362742
U8|ENSG00000238519.1,0.004258967228362742
RN7SL796P,0.004258967228362742
TJP1,0.004258967228362742
MAEL,0.004254486704414077
snoU13|ENSG00000238325.1,0.004254486704414077
GPA33,0.004254486704414077
RNA5SP65,0.004254486704414077
DUSP27,0.004254486704414077
7SK|ENSG00000271818.1,0.004253801846680746
GTF2F2,0.004253801846680746
RN7SKP3,0.004253801846680746
EID2,0.0042533320519509065
VN1R1,0.004253227533219977
MLPH,0.004250520611868858
RAB17,0.004250520611868858
PRLH,0.004250520611868858
PRELID1P1,0.004250172662427005
EMC4,0.004248739322836272
SIRPB2,0.004247924135717248
LINC00844,0.00424711221310837
CPB2,0.0042461499608295854
SARS2,0.0042461242757901065
RNY4P30,0.004244174419100612
RNY4P9,0.004244174419100612
SCLY,0.00424366816035936
ESPNL,0.00424366816035936
LRRFIP1,0.004239759482768018
STK35,0.004236948257124847
NUTM2A,0.004233280282660202
LINC00863,0.004233280282660202
RN7SL733P,0.004233280282660202
NUTM2D,0.004233280282660202
ZNF343,0.004231159332931487
SNRPB,0.004230749447458311
SNORD119,0.004230749447458311
NOP10,0.004230383489105324
SLC12A6,0.004230383489105324
THSD4,0.004229887876890505
GLUD1,0.004229688661294141
FAM35A,0.004229688661294141
GKN2,0.004229502860223732
UGP2,0.004229061320797744
ACA59|ENSG00000251775.1,0.004229061320797744
LRCH1,0.004227160319009595
ANKRD20A19P,0.004226174185034946
C1QTNF9B,0.004226174185034946
MIPEP,0.004226174185034946
TNFRSF19,0.004226174185034946
TIAL1,0.0042248691588359375
RGS10,0.004224318008936829
RSBN1,0.004222262602316946
CDC14A,0.004222069608151609
ZSCAN18,0.004221431520316845
GPR88,0.0042212951085509615
SIRT2,0.004219907191301241
RINL,0.004219907191301241
NFKBIB,0.004219907191301241
MRPS12,0.004219907191301241
FAM110A,0.004217146813011714
TTC40,0.004216835335491431
RNA5SP208,0.0042163463514761565
KLHL30,0.004215287999214996
ELAVL2,0.004213676627051857
RNA5SP217,0.004213507450729054
MYEOV2,0.004213107425942288
OTOS,0.004213107425942288
HERC2,0.004212621400478756
ASIC2,0.004208724924700271
LINC00612,0.004208384745699337
A2M,0.004208384745699337
BICC1,0.004207211575851008
ADIRF,0.004206870386439769
AGAP11,0.004206870386439769
FAM25A,0.004206870386439769
MMRN2,0.004206870386439769
SNCG,0.004206870386439769
RTCA,0.004206277077232133
DBT,0.004206228671007093
TMEM41B,0.0042058114459203825
CCL8,0.004205027855975741
CCL1,0.004205027855975741
CCL13,0.004205027855975741
CCL11,0.004205027855975741
CCL7,0.004205027855975741
C17orf102,0.004205027855975741
RNA5SP438,0.004205027855975741
CCL2,0.004205027855975741
PAPL,0.004204165408166067
snoU13|ENSG00000238387.1,0.0042040258357132635
WEE1,0.0042040258357132635
RN7SL56P,0.0042040258357132635
CLIP4,0.004198393172769638
C2orf71,0.004198393172769638
BMPR1A,0.004197399090226346
FAM213A,0.004195890247681713
COL12A1,0.004195714217987005
RNY3P4,0.004195658814329701
MRGPRF,0.004194052322255778
CSNK1A1P1,0.004193363084378827
SIRPD,0.004192917116260009
SLC12A7,0.0041926774916077325
NKD2,0.0041926774916077325
SLC6A19,0.0041926774916077325
MIR4635,0.0041926774916077325
SLC6A18,0.0041926774916077325
LRRC37A17P,0.004191207648079779
RN7SL270P,0.004191207648079779
RPRML,0.004191207648079779
MIR5089,0.004191207648079779
CDC27,0.004188652257732598
MIR3668,0.00418752910434456
ZNF638,0.004187387754747918
EIF3I,0.004184396047907324
MTMR9LP,0.004184396047907324
TMEM234,0.004184396047907324
FAM167B,0.004184396047907324
DCDC2B,0.004184396047907324
IQCC,0.004184396047907324
CCDC28B,0.004184396047907324
TXLNA,0.004184396047907324
LCK,0.004184396047907324
HDAC1,0.004184396047907324
MARCKSL1,0.004184396047907324
FAM229A,0.004184396047907324
TSSK3,0.004184396047907324
TRDN,0.004182936532054436
RNA5SP220,0.004182087423463887
RN7SL98P,0.004181974185464636
CEP72,0.004179842584307444
MIR4456,0.004179842584307444
CCDC127,0.004179842584307444
ZDHHC11,0.004179842584307444
AHRR,0.004179842584307444
ZDHHC11B,0.004179842584307444
TRIP13,0.004179842584307444
BRD9,0.004179842584307444
C5orf55,0.004179842584307444
TPPP,0.004179842584307444
SDHA,0.004179842584307444
PLEKHG4B,0.004179842584307444
PDCD6,0.004179842584307444
SLC9A3,0.004179842584307444
LRRC14B,0.004179842584307444
EXOC3,0.004179842584307444
PSIP1,0.0041788845350153895
MIR3126,0.004177828942683629
MIR588,0.004176900253606575
SP140,0.004176543399260508
C15orf41,0.004173019169777428
PDE4B,0.004171965343841002
MAGI3,0.004170600930357381
GKN1,0.004169297439531788
PDYN,0.004168892395394618
VCAM1,0.00416752789408718
CLPTM1L,0.0041674864213292005
RNF217,0.004164648127786777
TERT,0.004163200519779552
C20orf194,0.0041626448216982035
DLEU2,0.0041625191342549404
KCNRG,0.0041625191342549404
TRIM13,0.0041625191342549404
DLEU7,0.0041625191342549404
GUCY1B2,0.0041625191342549404
RNA5SP28,0.0041625191342549404
RNA5SP29,0.0041625191342549404
RNASEH2B,0.0041625191342549404
MIR3613,0.0041625191342549404
DLEU1,0.0041625191342549404
ALLC,0.004161418660538319
MIR3164,0.004158661964905381
U3|ENSG00000201346.1,0.004158467747625696
RN7SKP196,0.004158440572204964
RN7SKP163,0.004157752176867525
ACTC1,0.004157371803867635
SNORD2|ENSG00000238707.1,0.0041566963531704925
LRPPRC,0.004156439308318259
RNA5SP216,0.004155653316142811
RNASEH1,0.004155494189817808
RPS7,0.004155494189817808
SNORA73|ENSG00000252531.1,0.004155494189817808
MIR553,0.004154688142895177
MIR4457,0.004150057848272249
PLEKHH2,0.004149411072522051
FAM132B,0.004149238434784504
ILKAP,0.004149238434784504
ZNF135,0.004147994206184273
ESD,0.004147658276421502
ACTR2,0.0041434429901852435
IPO7,0.0041422553793494426
RN7SKP27,0.004142172439825136
C10orf40,0.004141372712417539
COLEC11,0.004139246684087938
LINC00362,0.004139087776746002
EML6,0.00413605145047444
RTN4,0.004134601116029556
UBOX5,0.004133698121727843
SLC4A11,0.004133299465165174
MTIF2,0.00413010451927573
CCDC88A,0.00413010451927573
PRORSD1P,0.00413010451927573
ZNF770,0.004126011582325265
SNORA23,0.004125543763345712
RN7SKP56,0.004124262637324098
ZNF419,0.004124087718929959
ZNF772,0.004124087718929959
ZNF773,0.004124087718929959
ACACA,0.004123882931548821
PNPLA2,0.004123118501971818
UBASH3A,0.004123108040103749
TMPRSS3,0.004123108040103749
PSME4,0.004122872446165434
TRMT11,0.004120281485757131
ZWINT,0.004119639197140603
HINT3,0.0041195775016385815
GFPT1,0.00411853228305873
SNORD65|ENSG00000212229.1,0.004118245770770704
CLHC1,0.004117471490288641
RPS27A,0.004117471490288641
ABCG8,0.004117385284810121
KPNA6,0.004116426867940347
PER2,0.004115832052246535
ABCG5,0.004115543060578656
LINC00556,0.004113062810447049
GJB2,0.004113062810447049
RN7SL526P,0.004113007396211636
ZSCAN1,0.004113007396211636
DYDC1,0.004109161124222273
DYDC2,0.004109161124222273
FMN1,0.004109016999260899
SMEK2,0.004108769483619342
CCDC104,0.004108769483619342
SNORA12|ENSG00000212175.1,0.004108769483619342
AP4B1,0.004106638860312211
BCL2L15,0.004106638860312211
SNORA18|ENSG00000252425.1,0.004105508621254228
GOLGA8B,0.004105508621254228
GOLGA8A,0.004105508621254228
DDX47,0.004105045170976677
SNORD88,0.004104751796916121
MIR614,0.004104751796916121
GPRC5D,0.004104751796916121
GPRC5A,0.004104751796916121
KIAA1467,0.004104751796916121
HTR7P1,0.004104751796916121
EMP1,0.004104751796916121
HEBP1,0.004104751796916121
GSG1,0.004104751796916121
COX7A2,0.00410253954708513
ADI1,0.004101957731774058
DUSP14,0.004100740977386006
HTR2A,0.00410047348302953
AP1S3,0.0040995096457494724
DCLRE1B,0.00409836963814465
HIPK1,0.00409836963814465
C12orf36,0.004098357968125769
FKBP1A,0.004097935931499382
TRAPPC12,0.004097670367144198
HAAO,0.004096746827043416
OXER1,0.004096746827043416
PHTF1,0.004094819295969944
U3|ENSG00000221332.1,0.004094688601273722
TMEM39B,0.004093560814529438
MIR5585,0.004093560814529438
SNORD78|ENSG00000212168.1,0.0040919618433246825
THEMIS,0.0040903673703926785
FASTKD5,0.004090057575885866
LINC00623,0.004089223619685767
SRGAP2B,0.004089223619685767
NBPF12,0.004089223619685767
TXNIP,0.004089223619685767
SEC22B,0.004089223619685767
GPR89B,0.004089223619685767
RNF115,0.004089223619685767
RNA5SP59,0.004089223619685767
RNA5SP58,0.004089223619685767
RNA5SP57,0.004089223619685767
RN7SL261P,0.004089223619685767
RN7SKP88,0.004089223619685767
RBM8A,0.004089223619685767
GPR89A,0.004089223619685767
GPR89C,0.004089223619685767
ITGA10,0.004089223619685767
HFE2,0.004089223619685767
HYDIN2,0.004089223619685767
HIST2H4B,0.004089223619685767
HIST2H4A,0.004089223619685767
HIST2H3D,0.004089223619685767
HIST2H3C,0.004089223619685767
HIST2H2BF,0.004089223619685767
LINC00624,0.004089223619685767
HIST2H2BE,0.004089223619685767
HIST2H2BA,0.004089223619685767
HIST2H2AC,0.004089223619685767
LIX1L,0.004089223619685767
HIST2H2AB,0.004089223619685767
NBPF10,0.004089223619685767
HIST2H2AA4,0.004089223619685767
HIST2H2AA3,0.004089223619685767
NBPF11,0.004089223619685767
HIST2H3A,0.004089223619685767
FMO5,0.004089223619685767
BOLA1,0.004089223619685767
NBPF24,0.004089223619685767
NBPF8,0.004089223619685767
NBPF9,0.004089223619685767
NOTCH2NL,0.004089223619685767
CHD1L,0.004089223619685767
PPIAL4D,0.004089223619685767
PPIAL4G,0.004089223619685767
PDE4DIP,0.004089223619685767
PRKAB2,0.004089223619685767
FAM72B,0.004089223619685767
FCGR1C,0.004089223619685767
PDZK1P1,0.004089223619685767
PDZK1,0.004089223619685767
GJA5,0.004089223619685767
GNRHR2,0.004089223619685767
PEX11B,0.004089223619685767
FCGR1B,0.004089223619685767
PIAS3,0.004089223619685767
POLR3C,0.004089223619685767
POLR3GL,0.004089223619685767
PPIAL4A,0.004089223619685767
PPIAL4B,0.004089223619685767
PPIAL4C,0.004089223619685767
CD160,0.004089223619685767
NUDT17,0.004089223619685767
GJA8,0.004089223619685767
ANKRD34A,0.004089223619685767
ANKRD20A12P,0.004089223619685767
ACP6,0.004089223619685767
FAM72C,0.004089223619685767
BCL9,0.004089223619685767
FAM72D,0.004089223619685767
NBPF14,0.004089223619685767
NBPF15,0.004089223619685767
NBPF16,0.004089223619685767
FCGR1A,0.004089223619685767
ANKRD35,0.004089223619685767
NBPF20,0.004089223619685767
DPPA5,0.004088967904043993
RN7SL516P,0.004088868258020754
ZNF143,0.004088241995220709
ZNF570,0.0040871495647876056
OTUD7A,0.004085435380906336
ACTN2,0.004085036260745147
TGM3,0.004082860535180436
TGM6,0.004082860535180436
PNPT1,0.00408092194232821
TPCN2,0.004080883406622743
GOLGA8N,0.0040798785370186426
GOLGA8O,0.0040798785370186426
ARHGAP11A,0.0040798785370186426
CHRNA7,0.0040798785370186426
RN7SL185P,0.0040798785370186426
RN7SL286P,0.0040798785370186426
RN7SL539P,0.0040798785370186426
SNORA18|ENSG00000206849.1,0.0040798785370186426
GOLGA8K,0.0040798785370186426
U8|ENSG00000206987.1,0.0040798785370186426
ULK4P1,0.0040798785370186426
SGCG,0.004079425492400174
RN7SL555P,0.004077455794984691
AVP,0.004077455794984691
SNORD36|ENSG00000253094.1,0.004076723365613743
LINC00621,0.004076723365613743
KBTBD11,0.0040759151042162375
GPATCH3,0.0040739186118933
GPN2,0.0040739186118933
LGALS13,0.004072201323484994
LPCAT4,0.0040718936821128905
ITPA,0.00406982487334716
DDRGK1,0.00406982487334716
RN7SL839P,0.004069592029691093
MIR4463,0.004066318999984195
MDH1,0.00406556858643201
TNNT1,0.004063955177422706
HES7,0.004063022387056895
ANP32AP1,0.004062346216097376
TMEM30A,0.0040614959149164786
SP140L,0.004058292382317627
TDRD3,0.00405259890318353
EFEMP1,0.004052349233814635
LSMD1,0.0040473138219248046
C9orf92,0.004047208613665282
COX7A2L,0.0040459977586002095
NCOA7,0.00404581021559176
RPS4XP5,0.004045174943823982
RNA5SP31,0.004043064582091245
VPS54,0.004042845805574732
EFCAB13,0.004040067236115399
SNED1,0.004040056534672849
C17orf59,0.004038747346072186
MIR3676,0.004038747346072186
SNORD53,0.004038567424255954
WDR43,0.004038567424255954
TRMT61B,0.004038567424255954
SPDYA,0.004038567424255954
SNORD92,0.004038567424255954
PPP1CB,0.004038567424255954
TFF1,0.0040381682344288366
SOGA3,0.004037927719364165
KIAA0408,0.004037927719364165
ECHDC1,0.004037927719364165
C6orf58,0.004037927719364165
ITGB3,0.004037814597555259
TMCO5B,0.00403663214422708
SCG5,0.0040359444665648645
RPL30P11,0.004035918188904132
ANKMY1,0.004034060858220797
OLFM3,0.0040325577230858715
RN7SL676P,0.004032466729368182
SLC35D1,0.004032222574337942
VTI1A,0.004032158541535966
SFN,0.004031584164495561
CD276,0.00403119096107928
RN7SKP208,0.004031187790311878
ZNF781,0.0040309179274554486
ZNF195,0.004029894376878751
TSSC2,0.004029894376878751
ACSL5,0.004029298282638043
ACYP2,0.004027612351921693
SPTBN1,0.004027612351921693
C2orf73,0.004027612351921693
TSPYL6,0.004027612351921693
COPS8,0.004027443611094273
MIR216B,0.004026747191026965
MIR217,0.004026747191026965
MIR216A,0.004026747191026965
OCA2,0.0040262758462684
PIDD,0.004022911668183448
RPLP2,0.004022911668183448
PDDC1,0.004022911668183448
SNORA52,0.004022911668183448
TALDO1,0.004022911668183448
SLC25A22,0.004022911668183448
CEND1,0.004022911668183448
ZDHHC18,0.004022382167951791
RNA5SP93,0.004021953807687892
ZNF569,0.004021744144539935
RN7SKP134,0.004021260990741462
DNER,0.0040191940295172405
WDR78,0.004018153226143992
AVEN,0.004017677792997596
ALPP,0.004017648976368553
ECEL1,0.004017648976368553
ECEL1P2,0.004017648976368553
ALPI,0.004017648976368553
ALPPL2,0.004017648976368553
NPTN,0.004011157028304695
C15orf60,0.004011157028304695
CCDC6,0.004010892389051796
MIR3682,0.004009110788192378
GPR75,0.004009110788192378
SRXN1,0.004007738806576246
SCRT2,0.004007738806576246
LINC00970,0.004005081041502571
C10orf107,0.004004253238365869
RN7SKP162,0.004003485974131308
RNA5SP89,0.004003352912820702
LYSMD2,0.004001687263783075
LINC00352,0.0040013195835980715
snoU13|ENSG00000238521.1,0.004001100715465047
snoU109|ENSG00000238410.1,0.004001100715465047
EVA1A,0.004001100715465047
SLITRK5,0.0040009324141048845
HCN4,0.004000835573330767
NEO1,0.004000835573330767
LINC00327,0.003999059185768053
HES6,0.00399788484392547
CSMD1,0.00399748514014573
RN7SL518P,0.003996961010628852
ALOX15B,0.003996613722486496
snoU13|ENSG00000238676.1,0.003996613722486496
ALOXE3,0.003996613722486496
MIR4314,0.003996613722486496
CNTROB,0.003996613722486496
KCNAB3,0.003996613722486496
ALOX12B,0.003996613722486496
GUCY2D,0.003996613722486496
SCARNA21|ENSG00000252835.1,0.003996613722486496
TRAPPC1,0.003996613722486496
CHD3,0.003996613722486496
ACTG2,0.003994159411164423
NKAIN2,0.003993900181779001
VRK2,0.003991395070563315
MIR4499,0.003990073808545858
GJB6,0.003990073808545858
CRYL1,0.003990073808545858
TSSC4,0.003989923057830731
TRPM5,0.003989923057830731
CD81,0.003989923057830731
RPL26P30,0.003989923057830731
ZDHHC6,0.003989738831970886
KCNQ1OT1,0.0039889854113234645
RNA5SP353,0.003988359952715003
PRSS41,0.003987347156340689
SNORA3|ENSG00000221719.1,0.003987347156340689
ZNF793,0.0039865180263049475
FAM102B,0.003986213444974013
HENMT1,0.003986213444974013
PRPF38B,0.003986213444974013
FAM179A,0.003983299708985739
C15orf59,0.003983095926650827
NFU1,0.00398290647560079
COL6A3,0.003981983013334203
GCFC2,0.0039805933380506805
PRSS30P,0.003980288484835431
PRSS21,0.003980288484835431
FLYWCH1,0.003980288484835431
FLYWCH2,0.003980288484835431
ZG16B,0.003980288484835431
PRSS22,0.003980288484835431
TTC31,0.003980020409492585
snoU13|ENSG00000239018.1,0.0039795363017707495
U3|ENSG00000221638.1,0.0039795363017707495
MRPL19,0.0039795363017707495
ASCL3,0.0039791078908507915
C11orf16,0.0039791078908507915
NUTM1,0.003978173210961115
PNO1,0.003977110061182455
WDR92,0.003977110061182455
PPP3R1,0.003977110061182455
BMP2,0.003976755998943456
snoU13|ENSG00000238756.1,0.0039743475594903165
MIER1,0.003972932567014147
SIM2,0.003972488990159104
CCDC169,0.003971881795499813
SOHLH2,0.003971881795499813
ZNF776,0.003971261834288474
ZNF671,0.003971261834288474
DLGAP2,0.003970929856286284
ZNF551,0.003970677554561932
CD109,0.003970249213799208
C1D,0.003966860013813423
PPAPDC1B,0.003964793502075493
RNA5SP401,0.0039643559482389484
TFF3,0.003963980180389424
SNORA31|ENSG00000252433.1,0.003962922214980599
RN7SL531P,0.003962281390950096
snoU13|ENSG00000252771.1,0.0039619205455705695
DNAAF3,0.003961455350349316
snoU13|ENSG00000239137.1,0.003961455350349316
TNNI3,0.003961455350349316
SYT5,0.003961455350349316
LINC00378,0.003959778468694412
ZNF133,0.003956102947822634
LINC00670,0.003955256597092583
IL23R,0.003955059404578968
RNU4ATAC4P,0.003955059404578968
ZNF154,0.0039544471734156246
C1orf141,0.0039542820925240535
NOTCH2,0.003953833268038313
MX1,0.003953034877869397
SLC22A18,0.0039524944154877215
SLC22A18AS,0.0039524944154877215
KCNQ1DN,0.0039524944154877215
PHLDA2,0.0039524944154877215
CDKN1C,0.0039524944154877215
SNORD39|ENSG00000264379.1,0.003951678330074444
RN7SL46P,0.003951029541617412
RYR3,0.003950910774930533
LINC00276,0.003950557798509691
ASB3,0.003950260248236785
KCNQ1,0.0039488100162709296
ZSCAN5A,0.0039477678633188075
ZSCAN5C,0.003945869820848032
ZSCAN5D,0.003945869820848032
GALP,0.0039449927370823834
ZSCAN5B,0.0039449927370823834
RNY4P11,0.003944961663765081
RN7SKP74,0.003944961663765081
GABRA5,0.003944942110664962
C2CD2,0.003944770255100068
AKIP1,0.003944103839988044
MTRNR2L5,0.003943651942099904
RNY4P31,0.003943360712684342
RNY3P5,0.003943360712684342
KPNA3,0.003941434775331873
EBPL,0.003941434775331873
ARL11,0.003941434775331873
SFXN5,0.0039390218404523145
snoU13|ENSG00000239052.1,0.003938508702531646
PREPL,0.003938508702531646
SLC3A1,0.003938508702531646
PPM1B,0.003938508702531646
DMXL2,0.0039374737536744895
SNORA31|ENSG00000252238.1,0.003937075512876479
ERP27,0.003935282257484634
ARHGDIB,0.003935282257484634
MRGPRG,0.003935236204186324
MRGPRE,0.003935236204186324
TADA2A,0.0039333120352591806
SPRY2,0.0039330250581245205
STAMBP,0.003928666652191849
MEIS1,0.003928480116606229
MIR4713,0.003928145059691649
ATF7IP,0.003926345853502801
ARHGEF10,0.003925897021033595
ZNF540,0.003924841428924457
ZNF571,0.003924841428924457
MIR4778,0.003922996278397377
snoU13|ENSG00000238690.1,0.003921771535926575
SCG3,0.003921654718339438
VAMP2,0.003920859200731006
TMEM107,0.003920859200731006
SNORD118,0.003920859200731006
PER1,0.003920859200731006
SIRPA,0.003920740078973729
TMOD3,0.003918936348911158
LEO1,0.003918936348911158
MAPK6,0.003918936348911158
U6|ENSG00000272337.1,0.003918936348911158
TMOD2,0.003918692633031378
NLRP5,0.003918533582347652
RN7SL677P,0.003917104888686051
C2orf81,0.00391697678963024
WBP1,0.00391697678963024
RTKN,0.00391697678963024
INO80B,0.00391697678963024
DCTN1,0.00391697678963024
WDR54,0.00391697678963024
MRPL53,0.00391697678963024
CCDC142,0.00391697678963024
MOGS,0.00391697678963024
PLBD1,0.003916805444102177
PTPRR,0.003914388877360447
RN7SKP69,0.003913066545101565
POLE4,0.003913012902831285
PRDM15,0.00391284403669725
SNORA3|ENSG00000251778.1,0.00391284403669725
NAP1L4,0.003910929097377355
SNORA54,0.003910929097377355
CARS,0.003910929097377355
NLRP8,0.003910814138479627
KHDC1L,0.003910280416909131
RN7SL14P,0.00390970254540024
RNY3P10,0.003909273316373809
HIF3A,0.003909235731116383
PPP5C,0.003909235731116383
RHOG,0.003908882821764432
MIR596,0.0039082516417626315
CLN8,0.0039082516417626315
FRA10AC1,0.003908181492286398
PDE6C,0.003907810645767411
MIR210,0.003907686506867765
MIR210HG,0.003907686506867765
RASSF7,0.003907686506867765
C11orf35,0.003907686506867765
BAI3,0.0039075646823017165
KHDC1,0.003907042399589772
CYP19A1,0.0039062331273621714
MAB21L3,0.00390570552116337
HK2,0.003905482611316409
SEMA4F,0.003905234817725862
CCDC171,0.003904500948264457
SNORA77|ENSG00000221376.1,0.0039039685484533373
PAQR5,0.0039039685484533373
RN7SL438P,0.0039039685484533373
MIR5000,0.003903814066444776
MLST8,0.003903499184295397
PGP,0.003903499184295397
BRICD5,0.003903499184295397
ZNF607,0.0039032592877344227
CAMKMT,0.0039025853300180824
LINC00851,0.0039007344994674924
SNORD109A,0.0038997460717490567
snoU13|ENSG00000238464.1,0.0038992461954202853
KHDC3L,0.0038992461954202853
DDX43,0.0038992461954202853
OOEP,0.0038992461954202853
SCARNA16|ENSG00000251942.1,0.0038968750612472344
DQX1,0.003896402284126192
AUP1,0.003896402284126192
HTRA2,0.003896402284126192
LOXL3,0.003896402284126192
DOK1,0.003896402284126192
TLX2,0.003896402284126192
M1AP,0.003896402284126192
LBX2,0.003896402284126192
PCGF1,0.003896402284126192
SPG20,0.0038952091011055967
HIST4H4,0.0038939510295416166
WBP11,0.0038939510295416166
H2AFJ,0.0038939510295416166
RNA5SP391,0.0038932243369285396
AAK1,0.003893108674938206
NOX5,0.003892262024466716
snoU13|ENSG00000238686.1,0.0038907473746589856
SNORA75|ENSG00000212580.1,0.0038905473472599043
ZNF587,0.00388930873060856
ZNF587B,0.00388930873060856
ZNF444,0.00388883447464896
ZNF787,0.0038881483018606915
TBC1D24,0.0038880950201637876
NTN3,0.0038880950201637876
C16orf59,0.0038880950201637876
CCNF,0.0038880950201637876
SNORA64|ENSG00000207187.1,0.0038875078109657057
YPEL5,0.0038875078109657057
LBH,0.0038875078109657057
RN7SL761P,0.003887299288006677
CCNA1,0.003886968663446798
SPG20OS,0.003886968663446798
ZBTB21,0.0038846920605427188
HDDC2,0.0038832600128928907
SSR4P1,0.0038819988173204715
KDM6B,0.0038815474750732346
CYB5D1,0.0038815474750732346
TMEM88,0.0038815474750732346
CHAC2,0.003881089374760264
MIR548H3,0.003880835715257925
SNRPN,0.0038805248486931364
RN7SKP195,0.0038787884891023795
TCTEX1D1,0.0038780935524954712
INSL5,0.0038780935524954712
TMEM247,0.003877889119411803
RN7SL817P,0.003877889119411803
GRIN2B,0.0038776946551272876
GLCE,0.003877014935519228
ERAL1,0.003876536248561567
SNORA32|ENSG00000207503.1,0.003876260822356195
SNORD75|ENSG00000221300.1,0.003876167826100428
PHF12,0.003875481396240895
U3|ENSG00000207119.1,0.0038752729775584816
RPLP1,0.0038752729775584816
CCDC85A,0.003873599713292962
STAT5A,0.0038731418845050236
RNA5SP26,0.003873138462242771
SLC52A3,0.0038726983721820646
CLDN14,0.0038724687251320985
AP2S1,0.003872111143076335
TPD52L1,0.0038719396245957497
PTPN22,0.0038716684939698993
ERLEC1,0.003871242219851666
LZTS3,0.0038708634971705977
EPS8L1,0.003870844573562984
RDH13,0.003870844573562984
PIPOX,0.0038708093594169595
SEZ6,0.0038708093594169595
ABCG1,0.0038707757519451866
RNA5SP492,0.0038707757519451866
PET117,0.0038700890909733965
EBF4,0.0038697601230855317
EPAS1,0.00386962949274693
ZNF586,0.0038689289137994972
ZNF552,0.0038689289137994972
ART4,0.0038683383235685784
SMCO3,0.0038683383235685784
TCF15,0.003868049673778942
AMDHD2,0.003866784400928234
TCEB2,0.003866784400928234
ATP6C,0.003866784400928234
ATP6V0C,0.003866784400928234
SRRM2,0.003866784400928234
CEMP1,0.003866784400928234
MIR3178,0.003866784400928234
PDPK1,0.003866784400928234
KCTD5,0.003866784400928234
PDPK2,0.003866784400928234
PRSS27,0.003866784400928234
PRSS33,0.003866784400928234
ETAA1,0.0038664376654096075
AURKB,0.0038662487570211507
DGUOK,0.003866183207764294
DHRS13,0.0038658879938626794
FLOT2,0.0038658879938626794
MIR4732,0.0038658879938626794
LRRC56,0.0038642876380285537
HRAS,0.0038642876380285537
MYL4,0.0038624498956925783
snoU13|ENSG00000252088.1,0.0038624498956925783
TBC1D21,0.0038620482593166483
STOML1,0.0038620482593166483
LOXL1,0.0038620482593166483
MIR4500HG,0.0038616824894514815
DCLK1,0.00386147582604911
OLFML3,0.003860306661892616
SNORD115|ENSG00000212428.1,0.003858458865532586
C2orf78,0.003857780576242482
DUSP11,0.003857780576242482
ALMS1,0.003857780576242482
ALMS1P,0.003857780576242482
NAT8,0.003857780576242482
TPRKB,0.003857780576242482
STAT5B,0.003857113062900931
TIAM2,0.003856861174604776
KIF23,0.0038538058240877365
PKDCC,0.0038528022533381523
EPSTI1,0.0038524641197610313
LINC00400,0.0038524641197610313
DNAJC15,0.0038524641197610313
MTR,0.003851917867536733
LINC00445,0.003851800805193864
DSTN,0.0038496732283000365
SNORD108,0.0038488029096741027
SNORD64|ENSG00000270704.2,0.0038488029096741027
SNURF,0.0038488029096741027
ZNF18,0.003848035023907311
RNA5SP398,0.00384693429561168
PTPRA,0.003846450800755298
GALNT18,0.003845546963293028
KHDRBS1,0.003844825326938703
KCNG3,0.0038419193405946415
LINC00112,0.0038417721518987312
RNA5SP33,0.003841121129352793
DIS3L2,0.003840948012653639
VPS16,0.003840925938876845
GABRB3,0.003840894358715813
PLAU,0.003840007391665898
C10orf55,0.003840007391665898
FREM1,0.0038386191024165667
MB21D1,0.003837374168365496
MTO1,0.003837374168365496
EEF1A1,0.003837374168365496
MGP,0.0038368207455727853
C12orf60,0.0038368207455727853
MTA3,0.0038368116346208505
RNPS1,0.0038366329436975363
ECI1,0.0038366329436975363
E4F1,0.0038366329436975363
DNASE1L2,0.0038366329436975363
CER1,0.0038351566295870064
SNORA7|ENSG00000206976.1,0.003835156228454815
LINC00277,0.003833794550928899
TRPC2,0.0038336171780320215
ART5,0.0038336171780320215
TMEM132E,0.0038334903818248948
SYT6,0.003833371323212837
RIPK4,0.0038311093331809373
snoZ247,0.0038307672493203327
LINC00111,0.0038300901982074643
CAPN8,0.0038297550550715114
MIR4687,0.003829591020655803
BFSP1,0.003829021571255092
LINC00479,0.003828923431532225
C2orf91,0.0038280037742294097
SIRPB1,0.0038236008462023377
PGAP2,0.0038229342957359237
STAT3,0.0038220313041372185
snoU13|ENSG00000238355.1,0.0038206895607279944
KREMEN2,0.0038200765631646073
PAQR4,0.0038200765631646073
MIR4282,0.0038198262302449218
CHRNA10,0.003819325286024698
ART1,0.003819325286024698
GABRG3,0.003819260132884381
RUVBL2,0.0038186119012815914
RN7SL561P,0.003814871967420435
PML,0.0038130751647778996
MIR4473,0.003812438984032431
IL12RB2,0.0038112382600523852
ADK,0.003810759493670889
NUP98,0.003810462924899498
FAM216B,0.003809952617483466
SACS,0.0038073652314158683
LINC00929,0.003805026378810527
SLC17A5,0.003804582878996195
MIR3677,0.003802960226997397
MIR940,0.003802960226997397
TACR1,0.0038027535358300356
GHDC,0.0038019927542325845
HCRT,0.0038019927542325845
KCNH4,0.0038019927542325845
RN7SL129P,0.0038019027654599717
PFAS,0.003801788545781935
ABCA3,0.003800052765050151
ABCA17P,0.003800052765050151
ZNF814,0.0037988853202342724
CPXM1,0.003798692216238899
TMEM239,0.003798692216238899
C20orf141,0.003798692216238899
SAT2,0.003797911795533337
SHBG,0.003797911795533337
MIR562,0.003797293884840891
RANGRF,0.0037954863070762453
SLC25A35,0.0037954863070762453
SNORA48|ENSG00000212604.1,0.0037949430109656666
THOC6,0.0037944801296512626
CLDN6,0.0037944801296512626
HCFC1R1,0.0037944801296512626
CCDC64B,0.0037944801296512626
CLDN9,0.0037944801296512626
TNFRSF12A,0.0037944801296512626
LINC00514,0.0037944801296512626
CASKIN1,0.003794070931303134
SLC25A24,0.0037934051434455286
NBPF4,0.0037934051434455286
STIM1,0.0037933820053574264
CSRP2BP,0.003792732817467645
PTPRH,0.0037915445804800473
SNORD38|ENSG00000207199.1,0.0037914778878666705
AP3M1,0.0037914025686039024
ZDHHC21,0.003789162511187825
NRIP3,0.0037887651436953303
ARHGEF15,0.003788606251175791
SNORA69|ENSG00000212206.1,0.003788606251175791
SUSD4,0.0037882444368060033
C1orf65,0.003787458341428422
OSBPL5,0.0037864914647989896
RNF222,0.003785878416512136
MIR4717,0.0037851277937209567
MIR3117,0.003783823538204891
MIR3169,0.0037831213424558262
CMPK2,0.0037806952562736886
MRGPRD,0.0037795257387917935
TMEM9B,0.0037786820231433677
TEX9,0.0037784524653149787
HNRNPA1P57,0.0037777012479035996
VCL,0.003775963226462167
CTC1,0.0037759211481093275
LINC00324,0.0037759211481093275
LINC00583,0.0037749367088607587
MIR4474,0.003773740382228841
MIR4431,0.003773117855072953
RNA5SP390,0.003772930658840054
RRM1,0.003772509060349803
DYX1C1,0.0037700747189357434
UMODL1,0.0037691712151124526
GALNT14,0.00376896951784661
C21orf128,0.00376811152401966
RRBP1,0.0037674202916776344
ZNF527,0.0037665119855020733
SLC4A5,0.00376615498187029
NBEA,0.0037658091835624397
EML4,0.00376497862296624
MIR4466,0.003764951317578623
DENND5A,0.00376428885556692
MLLT3,0.0037633118226193434
TRAF7,0.003762907246579692
TSC2,0.003762907246579692
RAB26,0.003762907246579692
MIR4516,0.003762907246579692
PKD1,0.003762907246579692
MIR1225,0.003762907246579692
SNORD60|ENSG00000206630.1,0.003762907246579692
LINC00487,0.003761402408361674
ATXN8OS,0.0037608961595356418
PYGO1,0.003759702050388149
RNU6ATAC37P,0.0037582500175733628
HS3ST6,0.0037567477346025645
RN7SL367P,0.0037567477346025645
GYS1,0.003756182031017811
FTL,0.003756182031017811
BAX,0.003756182031017811
ST5,0.0037546613651120156
SNORD28|ENSG00000212295.1,0.003754365984305605
KCNMB4,0.003754154593913909
PTPRK,0.003753625910966963
ATIC,0.003753353727745405
FN1,0.003753353727745405
UCK2,0.0037532284874057017
NBPF5P,0.003751876709227838
NBPF6,0.003751876709227838
MTHFD2,0.0037514123803113553
SLC25A24P1,0.003750591920514401
ANGPT4,0.0037503862088927287
TNNT3,0.0037502023922495846
ODF4,0.003750161251310169
PKMYT1,0.0037498828938937884
RPL26,0.003748589051036042
KRBA2,0.003748589051036042
TET3,0.0037482510801832526
MIR622,0.0037473512518820026
ZNF101,0.0037473136063667744
RNA5SP97,0.003746991771066289
RSAD2,0.003745975700095704
snoU13|ENSG00000238851.1,0.0037458454643225195
RSL24D1,0.0037435046786159637
RN7SL538P,0.0037434391872903506
PIN1P1,0.0037434391872903506
HSPBP1,0.003742679670747734
LINC00559,0.003742653209167455
RNA5SP34,0.003742653209167455
LINC00353,0.0037416836196503952
TMX4,0.0037409877525868443
TTLL7,0.0037402419925985785
EYS,0.0037364218725977534
FAM133B,0.003734793771908747
CSNK2A3,0.00373461492452912
RBP4,0.0037335313241693042
FFAR4,0.0037335313241693042
NOTCH3,0.003733082010367074
FAM222B,0.0037326011680388366
ZNF256,0.0037295624549544873
U2AF2,0.0037293380369371244
WRAP53,0.00372923889381601
EFNB3,0.00372923889381601
RPL29P2,0.00372923889381601
HAO1,0.003727848101265817
MIR3177,0.0037268708710002257
PCED1A,0.0037256661304986374
snoU13|ENSG00000238615.1,0.003724903106325305
MOB1A,0.003723325444557832
MGC10955,0.003723325444557832
BOLA3,0.003723325444557832
EPHX3,0.0037227214377406927
ATP6V1E2,0.0037211485026242717
MIR4715,0.003721100347516072
TP53BP2,0.003720744847787428
CAPN2,0.003720744847787428
ELAC2,0.003718899420684341
ATP10A,0.0037178952770225275
MIR628,0.003717797924804769
CCPG1,0.003717797924804769
PIGB,0.003717797924804769
RAB27A,0.003717797924804769
DNAH2,0.003717494423392188
MIR5691,0.0037173967180802337
PSMB2,0.003716853404036948
RIMS1,0.003716814643674056
DYSF,0.003716171054561597
RN7SKP109,0.003715470706232277
RFPL4AL1,0.003715470706232277
RFPL4A,0.003715470706232277
PPP1R12C,0.0037149616102925957
NFIB,0.003714087712568715
LRRTM3,0.0037110582008026715
MNS1,0.003710993413959988
EPN1,0.0037100366604413074
TRPM8,0.0037095207706832655
TFB1M,0.0037080598079312823
SLC1A5,0.0037077140071602103
SPP2,0.0037073790125183585
NTHL1,0.0037061471283429057
SLC9A3R2,0.0037061471283429057
CLDN20,0.0037052950615082893
NOXO1,0.0037045641768382923
RN7SL219P,0.0037045641768382923
TBL3,0.0037045641768382923
NPW,0.0037045641768382923
SYNGR3,0.0037045641768382923
GFER,0.0037045641768382923
ZNF598,0.0037045641768382923
RYR2,0.0037041340569110752
C15orf65,0.003702622604876081
CIB4,0.0037020635855166293
snoR442|ENSG00000252203.1,0.003701993151710383
snoU13|ENSG00000239000.1,0.003701993151710383
GUCY2C,0.003701934830691531
RFXAP,0.003701236951559499
FKRP,0.00370116113668329
MIR320E,0.00370116113668329
STRN4,0.00370116113668329
RNA5SP87,0.0037007145490616064
SNORD38|ENSG00000200733.1,0.0037004266500904187
SGIP1,0.0037003275047312535
LINC00410,0.003699729548876374
LINC00371,0.0036971077063063756
CRYBA1,0.003695892595938335
NUFIP2,0.003695892595938335
ZNF606,0.0036957651965209178
RN7SL854P,0.003694079871803303
FLJ30594,0.0036917560452675536
MT1HL1,0.0036911898602697284
BRSK1,0.003690915127619837
HKR1,0.0036896153106894735
DUSP13,0.0036892081677908184
DUPD1,0.0036892081677908184
MPDZ,0.0036887917146144955
PTPRB,0.0036872337940210315
NLRP9,0.0036859514422079276
MIR1202,0.003684797620029641
RN7SL73P,0.0036845297826096765
CBR3,0.0036845297826096765
SNORD109B,0.003683823397014611
CRYZL1,0.003681682984650404
TIAF1,0.003681526658995019
CCDC140,0.003680724096802736
PAX3,0.003680724096802736
RNF144A,0.003680705529931487
LINC00379,0.003680556330043307
ZSCAN4,0.003680396817397014
DOPEY2,0.003679552889612877
ATP1A3,0.0036791904685462814
RN7SKP112,0.003676898869356919
TSPAN4,0.003675915586791902
CHID1,0.003675915586791902
NOX3,0.003675457620082862
ALOX12,0.003674843451853047
CYP11A1,0.003673520256280258
HOXB1,0.003673022528034661
HOXB2,0.003673022528034661
NME3,0.00367250133258673
EME2,0.00367250133258673
MRPS34,0.00367250133258673
ZNF580,0.003669557999584982
ZNF581,0.003669557999584982
CCDC106,0.003669557999584982
TMEM86B,0.0036692121463650844
PPP6R1,0.0036692121463650844
RPE65,0.0036690867624390457
HLCS,0.0036689045309357617
GOLGA6A,0.003668441669900385
ISLR,0.003668441669900385
RN7SL429P,0.003668441669900385
STRA6,0.003668441669900385
ISLR2,0.003668441669900385
AHCYL1,0.003668194074910191
RPL3L,0.0036674563476893724
MSRB1,0.0036674563476893724
NDUFB10,0.0036674563476893724
ZFP28,0.003666204606764889
ZNF470,0.003666204606764889
ENOX1,0.0036661157781491117
C11orf21,0.0036660490335667342
TSPAN32,0.0036660490335667342
OR51B4,0.0036654360056258698
OR51B6,0.0036654360056258698
OR51B5,0.0036654360056258698
OR51B2,0.0036654360056258698
SNORA64|ENSG00000207405.1,0.0036643927442671824
SNHG9,0.0036643927442671824
SNORA10,0.0036643927442671824
RPS2,0.0036643927442671824
RNF151,0.0036643927442671824
SCARNA16|ENSG00000252404.1,0.003662783979852004
GPR157,0.003662783979852004
LAIR1,0.0036626333510749085
ARL2BPP3,0.0036610067035376297
ASCL2,0.0036601392600105337
HELLS,0.003659643245648733
STAC2,0.0036592906668766073
ZNF417,0.0036590500381356284
ZNF418,0.0036590500381356284
C19orf18,0.0036590500381356284
NLRP11,0.0036582831846164498
NLRP4,0.0036582831846164498
RABAC1,0.003657840231473688
MIR5006,0.003657550301004882
RPS9,0.003657415014000413
MIR4295,0.003657334760305572
GLDN,0.003657215489831425
PTRF,0.003656958980033092
DNASE1,0.0036568097851089154
CYP2C18,0.003655619560917721
GTF2F1,0.0036537023676788834
HOXB4,0.0036532427932355668
MIR10A,0.0036532427932355668
HOXB3,0.0036532427932355668
SCUBE2,0.0036529663913188624
RAB5C,0.0036527582019463306
HSPB9,0.0036527582019463306
KAT2A,0.0036527582019463306
DHX58,0.0036527582019463306
RPL19,0.0036527253710024804
CACNB1,0.0036527253710024804
PLXDC1,0.0036527253710024804
ARL5C,0.0036527253710024804
TTYH1,0.003652598755004281
LENG9,0.003652598755004281
CDC42EP5,0.003652598755004281
LENG8,0.003652598755004281
TFAP2E,0.003652031303455354
NCDN,0.003652031303455354
TFF2,0.0036517632485580493
CNOT2,0.003651563973481253
TSEN34,0.0036509875500428087
MIR31,0.0036504836883811875
NEK8,0.0036493160875684
LINC00564,0.003649143874321883
ARID1B,0.00364760792223585
SOCS7,0.003647208835454283
RN7SL7P,0.003645566725620679
KCNMA1,0.003645200003650533
CLPP,0.0036444486843909625
ALKBH7,0.0036444486843909625
PSPN,0.0036444486843909625
RN7SL604P,0.00364422682404962
SNORA36C,0.00364422682404962
SNORD4A,0.003643824319140778
SNORD42A,0.003643824319140778
RAB34,0.003643824319140778
TLCD1,0.003643824319140778
SNORD42B,0.003643824319140778
PROCA1,0.003643824319140778
SNORD4B,0.003643824319140778
RPL23A,0.003643824319140778
ZMYM4,0.0036437649674991436
MIR606,0.0036428248902868996
KIAA0319L,0.0036428241532671904
RNY5P1,0.0036428241532671904
SLC2A5,0.003642687875569516
SERTM1,0.00364265543094815
RGCC,0.00364167372444892
SLC25A41,0.003640489634324484
MIR3940,0.003640489634324484
KHSRP,0.003640489634324484
TMC4,0.0036383756045634385
MBOAT7,0.0036383756045634385
PRKD2,0.0036382384944771925
RN7SL364P,0.0036382384944771925
ZNF530,0.0036373757506982696
ZNF134,0.0036373757506982696
ZNF211,0.0036373757506982696
LILRA4,0.003636802004026563
FAR1,0.0036355593979729493
HAGH,0.0036336867155909963
IGFALS,0.0036336867155909963
FAHD1,0.0036336867155909963
LINC00663,0.003633343704455759
ZNF14,0.003633343704455759
SNORA25|ENSG00000199196.1,0.0036332740923434082
TUBG1,0.003633002750905971
SPSB3,0.00363120998874705
NUBP2,0.00363120998874705
ALOX12P2,0.0036309763766830616
ANXA4,0.0036302970088875498
CCDC33,0.003630093102696213
FOCAD,0.00362928766443286
CDK6,0.0036279528869617036
RN7SL644P,0.0036256057159810124
MARCH5,0.0036256057159810124
KIF11,0.0036256057159810124
IDE,0.0036256057159810124
HHEX,0.0036256057159810124
FIZ1,0.0036255488690599734
SGK110,0.0036255488690599734
SBK2,0.0036255488690599734
ZNF524,0.0036255488690599734
ZNF579,0.0036255488690599734
TIGD7,0.003624929730358426
ZNF75A,0.003624929730358426
FSHR,0.0036246898479349527
SYNJ1,0.0036235179300689504
PAXBP1,0.0036235179300689504
LINC00457,0.0036214772768488686
CYP2C19,0.003621415150316455
SSC5D,0.003620662654769319
ARHGEF1,0.003619908616443559
MIR1282,0.003619149881746727
HYPK,0.003619149881746727
SERF2,0.003619149881746727
SERINC4,0.003619149881746727
PDIA3,0.003619149881746727
MFAP1,0.003619149881746727
WDR76,0.003619149881746727
ELL3,0.003619149881746727
FRMD5,0.003618795588111893
LINC00856,0.003618195175818863
DONSON,0.0036179390921038564
GRIK5,0.0036178295818047315
BANF2,0.0036177301647809645
HOXB6,0.00361625609340207
HOXB5,0.00361625609340207
MAB21L1,0.0036160866490152657
GPR179,0.0036156841684989497
MRPL45,0.0036156841684989497
LRRC37A11P,0.0036155323372453326
NLRP13,0.0036128104032648535
FAM13C,0.003610082821439568
TRAF4,0.003606935374397477
NAA16,0.0036039783001808306
LYST,0.003602567926135228
PRAP1,0.00360218685872052
INS,0.003600729457198028
MIR4686,0.003600729457198028
TH,0.003600729457198028
CNOT3,0.0035990124499571874
LENG1,0.0035990124499571874
ZSCAN32,0.0035982078818306957
OR2C1,0.0035982078818306957
ZNF597,0.0035982078818306957
ZNF174,0.0035982078818306957
MTRNR2L4,0.0035982078818306957
C17orf49,0.0035977048563519583
MIR497HG,0.0035977048563519583
SLC16A11,0.0035977048563519583
RNASEK,0.0035977048563519583
BCL6B,0.0035977048563519583
SLC16A13,0.0035977048563519583
LINC00595,0.0035975194619112406
LILRA6,0.003597300002314115
LILRA3,0.003597300002314115
LILRB5,0.003597300002314115
LILRB3,0.003597300002314115
LILRA5,0.003597300002314115
LILRB2,0.003597300002314115
MIR4752,0.003597300002314115
CBR1,0.0035971956602933054
MEIOB,0.003594899019539221
WBP4,0.003594767322086661
KBTBD6,0.003594767322086661
RN7SL597P,0.003594767322086661
MIR3168,0.003594767322086661
SNORA70|ENSG00000207098.1,0.003593995619869755
MTRF1,0.0035934122278938807
KBTBD7,0.0035934122278938807
PDE6H,0.0035925436969158364
SUPT6H,0.0035920943613348705
SDF2,0.0035920943613348705
LDHB,0.0035912696199876153
ELF1,0.0035912147778515333
MCPH1,0.003591148757970879
SNORA51|ENSG00000271798.1,0.003588957269739142
IDH3B,0.003588957269739142
SNORD110,0.003588957269739142
SNORD56|ENSG00000229686.1,0.003588957269739142
SNORD57,0.003588957269739142
SNORD86,0.003588957269739142
NOP56,0.003588957269739142
MIR1292,0.003588957269739142
AK4,0.003588158618891753
LEPROT,0.0035870115575123837
DNAJC6,0.0035870115575123837
LEPR,0.0035870115575123837
MYH3,0.0035853361546912313
MRPL45P2,0.0035848165520786504
LAIR2,0.003583204128387291
DLG5,0.003582953829866845
SETD4,0.0035828589685321785
DENND1C,0.0035825467901286065
CRB3,0.0035825467901286065
SLC25A23,0.0035825467901286065
RN7SL117P,0.003581971242472655
ZNF331,0.003578772912775815
ZNF71,0.0035783966244725754
SMIM17,0.0035783966244725754
POLR2L,0.0035779151926884425
EFCAB4A,0.0035779151926884425
CD151,0.0035779151926884425
TFPT,0.0035760072200495202
NDUFA3,0.0035760072200495202
OSCAR,0.0035760072200495202
SERBP1,0.0035757172900275657
VSTM1,0.0035754749728091092
MIR629,0.003575261475514641
CNIH4,0.003574435460971708
NVL,0.003574435460971708
snoU13|ENSG00000238856.1,0.003574435460971708
LINC00593,0.0035743357626901932
MAPK8IP3,0.0035740729772948793
DNAJC11,0.0035734985187180187
ATF7IP2,0.003573368275316451
LINC00440,0.0035732933996383397
OIT3,0.0035729095444885905
TARM1,0.003572402980584547
ZNF506,0.0035717752632354596
FXR2,0.0035713335483350786
snoU13|ENSG00000251860.1,0.0035713335483350786
DEPDC1,0.003569434894136076
ZNF628,0.0035684913882548276
NAT14,0.0035684913882548276
CEACAM7,0.003567200585731794
PDS5B,0.0035669861448623537
MYADM,0.003566413502109702
CEACAM5,0.003565928106903885
RPL27A,0.0035658969069795503
FUOM,0.0035658573510043826
SIRPG,0.0035657425309159867
SOX15,0.003564453492434625
MPDU1,0.003564453492434625
RN7SL458P,0.0035640446721288423
TMEM204,0.0035626854180014983
MIR517C,0.0035625952825620788
MIR498,0.0035625952825620788
MIR516A1,0.0035625952825620788
MIR516A2,0.0035625952825620788
MIR516B1,0.0035625952825620788
RN7SL317P,0.0035625952825620788
MIR516B2,0.0035625952825620788
MIR517A,0.0035625952825620788
MIR517B,0.0035625952825620788
MIR518A1,0.0035625952825620788
MIR520A,0.0035625952825620788
MIR518A2,0.0035625952825620788
MIR518B,0.0035625952825620788
MIR518C,0.0035625952825620788
MIR518D,0.0035625952825620788
MIR518E,0.0035625952825620788
MIR518F,0.0035625952825620788
MIR519A1,0.0035625952825620788
MIR519A2,0.0035625952825620788
MIR519B,0.0035625952825620788
MIR519C,0.0035625952825620788
MIR519D,0.0035625952825620788
MIR519E,0.0035625952825620788
NLRP12,0.0035625952825620788
MIR525,0.0035625952825620788
MIR527,0.0035625952825620788
DPRX,0.0035625952825620788
MIR520H,0.0035625952825620788
MIR522,0.0035625952825620788
MIR520G,0.0035625952825620788
MIR520F,0.0035625952825620788
MIR520E,0.0035625952825620788
MIR520D,0.0035625952825620788
MIR520C,0.0035625952825620788
MIR523,0.0035625952825620788
MIR524,0.0035625952825620788
MIR1323,0.0035625952825620788
MIR526A1,0.0035625952825620788
MIR526A2,0.0035625952825620788
MIR526B,0.0035625952825620788
MIR371A,0.0035625952825620788
MIR372,0.0035625952825620788
MIR371B,0.0035625952825620788
MIR373,0.0035625952825620788
MIR520B,0.0035625952825620788
ZNF784,0.003562293698554337
ZNF865,0.003562293698554337
PTX4,0.0035612639921606243
TELO2,0.0035612639921606243
IFT140,0.0035612639921606243
CLCN7,0.0035612639921606243
OR51Q1,0.0035603647747379876
FARSB,0.0035601131160786425
MOGAT1,0.0035601131160786425
ZIK1,0.003559982701830939
KAT6B,0.003559743139610093
RNY1P4,0.003559369446157192
DACT3,0.0035581088591938505
QPCT,0.003556914427467878
CRAMP1L,0.00355656359534591
HN1L,0.00355656359534591
SGPP2,0.003556480132349816
ISOC2,0.0035560987756796036
MIR4327,0.003555892178936669
PRKCE,0.0035543581430119353
PRPF31,0.003554150371416007
LINC00211,0.0035530786008472408
RMDN2,0.0035530786008472408
CDC42EP3,0.0035530786008472408
VWA8,0.003552544235127163
ZNF416,0.0035521855196116365
ZNF550,0.0035521855196116365
ZNF549,0.0035521855196116365
SNORA33|ENSG00000252045.1,0.0035515822784810127
RNA5SP490,0.0035515822784810127
LINC00846,0.0035515822784810127
TCP10L,0.0035515822784810127
PLEKHA2,0.003551261461417287
CYP26C1,0.003550586555577533
CYP26A1,0.003550586555577533
snoU13|ENSG00000238663.1,0.003549303311029195
EVA1C,0.003549027191748712
RNY4P26,0.003548046256922466
MIR548F1,0.003546911312542421
RN7SL515P,0.0035468674891844295
RNA5SP356,0.0035461292526586426
C21orf59,0.0035422996264689957
C21ORF59,0.003541782608443076
RNA5SP330,0.0035416836649677917
CAPRIN2,0.0035412891886112442
SEMA7A,0.003541216424822478
UBL7,0.003541216424822478
RNA5SP323,0.003541173234770574
LGI1,0.003541006353837023
SLC35G1,0.003540060695213605
PIPSL,0.003540060695213605
SYDE1,0.003539519559759062
SUGT1P3,0.003538196717559
TPTE2P5,0.003538196717559
ILVBL,0.0035378641029310356
MYO18A,0.0035373340237592208
TLE3,0.0035371538166474887
PRKD3,0.0035363185584011596
RPL28,0.0035354776232966742
TMEM238,0.0035354776232966742
CALR3,0.0035344358460779016
C19orf44,0.0035344358460779016
BARD1,0.003533802116550823
SKAP1,0.003533787036851289
ZNF585B,0.0035334633021225203
CNTNAP1,0.0035332054314320604
PLEKHH3,0.0035332054314320604
CCR10,0.0035332054314320604
TUBG2,0.0035332054314320604
XDH,0.0035323228787908258
SNORD77|ENSG00000212279.2,0.003532107259291151
RPS4XP16,0.0035309299603334477
RN7SL320P,0.0035309299603334477
TRIM66,0.0035303872165114328
SCARNA20|ENSG00000252778.1,0.0035303872165114328
SNORA45,0.0035303872165114328
SNORA3|ENSG00000200983.1,0.0035303872165114328
INTS6,0.0035302096119122902
U3|ENSG00000253052.1,0.0035294706701506796
MYOF,0.0035293401404272204
CEP55,0.0035293401404272204
MIR4734,0.0035278525999696314
MLLT6,0.0035278525999696314
CISD3,0.0035278525999696314
MIR4726,0.0035278525999696314
RNA5SP440,0.0035278525999696314
PCGF2,0.0035278525999696314
PLCE1,0.0035273499307753144
SNORD116|ENSG00000212553.1,0.0035270217684894817
SUV420H2,0.0035258712042609127
FAM71E2,0.0035258712042609127
IL11,0.0035258712042609127
COX6B2,0.0035258712042609127
TMEM150B,0.0035258712042609127
TMEM190,0.0035258712042609127
FAM124A,0.003525442042756473
SERPINE3,0.003525442042756473
MIR5693,0.003525442042756473
PCSK2,0.0035251085584950426
OLIG2,0.0035235301293706865
C16orf91,0.0035231654722741234
UNKL,0.0035231654722741234
CCDC154,0.0035231654722741234
RERG,0.0035227954521268178
MUC2,0.0035215724728115535
N4BP2L2,0.003518851329295277
CAPN13,0.003518825306085415
ACER1,0.0035176994580155834
NAA60,0.0035164784610933787
LINC00941,0.0035163795486431635
SNORA71|ENSG00000201393.1,0.0035152774862420508
SLAIN1,0.003515151068605925
MIR3665,0.003515151068605925
LCLAT1,0.0035150660781530546
NLRC3,0.0035145434453713754
SLX4,0.0035145434453713754
C16orf90,0.0035145434453713754
CLUAP1,0.0035145434453713754
MCU,0.003513586805876376
RIC3,0.003511902641392343
ARID5B,0.0035118403503032404
ZSCAN10,0.003511630837226433
ZNF205,0.003511630837226433
CASP16,0.003511630837226433
ZNF213,0.003511630837226433
RN7SL151P,0.003511261040659584
C1orf94,0.0035110133854663523
OR10A6,0.003510891362181601
OR10A3,0.003510891362181601
NLRP10,0.003510891362181601
EIF3F,0.003510891362181601
TUB,0.003510891362181601
CBX1,0.0035103663062448598
SLITRK6,0.0035096443640747423
SAMD9L,0.0035088300763893485
SAMD9,0.0035088300763893485
CALCR,0.003507437758165037
KL,0.0035060784559468603
UNC13A,0.0035056599029035657
U3|ENSG00000212165.1,0.003505396288221452
HAUS8,0.003505297037982835
MIR483,0.0035049248112968374
IGF2,0.0035049248112968374
PIGP,0.003503337783711614
ELTD1,0.0035033320404781257
SNX11,0.0035024824971413666
TNFSF13,0.003502452363675453
TNFSF12,0.003502452363675453
SNORA67|ENSG00000264772.2,0.003502452363675453
SNORA48|ENSG00000209582.1,0.003502452363675453
EIF4A1,0.003502452363675453
SNORD10,0.003502452363675453
CD68,0.003502452363675453
SENP3,0.003502452363675453
CHAF1B,0.0035021352040931135
MGMT,0.003501561472063908
SNORA16|ENSG00000212293.1,0.0035006619273874745
N4BP2L1,0.0035006619273874745
TAS1R1,0.0035003247730549278
PCAT2,0.0035001350367534784
KLHL21,0.0034980561144468563
ZBTB48,0.0034980561144468563
PHF13,0.0034980561144468563
THAP3,0.0034980561144468563
POLR2A,0.003498031390255043
ZNF420,0.003496683050056288
TNFSF11,0.0034919403941676024
RN7SL178P,0.0034917902350813713
MTERF,0.0034910427071714253
FBXO47,0.003490510370693695
KIR3DX1,0.003488918265336821
RAVER2,0.003488428004518729
FAM149B1,0.0034883350272567693
DNAJC9,0.0034883350272567693
MRPS16,0.0034883350272567693
LINC00571,0.0034881864170119275
RN7SL281P,0.0034872947314403013
RN7SL414P,0.0034867971967667047
CAPN14,0.003486444094447361
EHD3,0.003486444094447361
RNA5SP90,0.003486444094447361
GATAD1,0.0034854819707815774
SRBD1,0.003485397260043845
PSMB3,0.0034835431791215136
PIP4K2B,0.0034835431791215136
RPS24,0.003482450056126963
ACSBG2,0.0034820322328684597
PEX1,0.0034812297556640706
TNFSF9,0.0034802971672519747
TUBB4A,0.0034802971672519747
UBE2S,0.0034800747042954988
MIR3125,0.003479796341661188
SNORA70|ENSG00000207274.1,0.0034789425893696838
RIPPLY3,0.003477603048790793
MYO9B,0.003477451384327941
NR2F6,0.0034773942734062924
USE1,0.0034773942734062924
OCEL1,0.0034773942734062924
TGFB1,0.0034772693841210824
SIN3B,0.0034770638459310447
DGKH,0.0034769977338796466
OR52D1,0.0034750748604872716
SHISA7,0.0034746655599363642
IL32,0.003474266772636518
MMP25,0.003474266772636518
XAF1,0.003473884006557554
SLC13A5,0.003473884006557554
AKAP11,0.0034730606358871086
RN7SL591P,0.0034718188757748895
HES2,0.003471614834999447
MIR4252,0.003471614834999447
MORC3,0.003470802377748884
MIR621,0.0034707716254263315
SLC25A15,0.0034707716254263315
MIR4727,0.0034697321584218543
MIR491,0.003468739141226107
H19,0.0034686567455286654
MRPL23,0.0034686567455286654
MIR489,0.003468264696772781
MIR653,0.003468264696772781
PRMT2,0.003467395885736038
C21orf58,0.003467395885736038
PCNT,0.003467395885736038
YBEY,0.003467395885736038
DIP2A,0.003467395885736038
S100B,0.003467395885736038
MCM3AP,0.003467395885736038
PTMAP5,0.003467210103978306
TRIB2,0.003466485143866777
RPL21P122,0.003465331390237147
WLS,0.0034646813094876563
MIR1262,0.0034643546825128533
CSNK2A1,0.0034642023791368
CPAMD8,0.0034639976829283154
F2RL3,0.003463679493507705
RN7SL823P,0.003463679493507705
RN7SL835P,0.003463679493507705
RNA5SP331,0.0034629387968158746
OR51I1,0.0034627795925774693
OR51I2,0.0034627795925774693
snoU13|ENSG00000238931.1,0.0034621962170147437
RNY4P14,0.003460287957515963
RFX2,0.003460281307202009
RFC3,0.0034592687969243075
ZNF385C,0.0034589999242416766
IPO8,0.0034567106340588198
RBM48,0.0034566514312510304
PGLYRP2,0.003456307177328939
MUC6,0.0034548188531589273
TEKT1,0.0034535461850627534
FBXO39,0.0034535461850627534
PAIP2B,0.0034518870474117462
MPHOSPH10,0.0034518870474117462
STARD13,0.00345120164569927
AKAP8L,0.0034508506524105896
MUC5AC,0.003450708917059989
MUC5B,0.003450708917059989
IFI44,0.0034501529785829982
IFI44L,0.0034501529785829982
CYP4F22,0.003449943939812487
NPEPPS,0.003449808421432725
OR52N2,0.0034497470622929997
DIRAS3,0.0034492095054179947
DEFB132,0.0034483750826671622
DEFB127,0.0034483750826671622
ZCCHC3,0.0034483750826671622
DEFB128,0.0034483750826671622
DEFB129,0.0034483750826671622
DEFB126,0.0034483750826671622
TRIB3,0.0034483750826671622
DEFB125,0.0034483750826671622
NRSN2,0.0034483750826671622
RBCK1,0.0034483750826671622
TBC1D20,0.0034483750826671622
SOX12,0.0034483750826671622
C20orf96,0.0034483750826671622
DNM1L,0.0034483025989318302
C1orf216,0.003447712110845025
CLSPN,0.003447712110845025
ARNTL,0.0034474395362999676
OR56B1,0.003446525792840615
TRIM22,0.003446525792840615
OR52N5,0.003446525792840615
OR52N4,0.003446525792840615
OR52N1,0.003446525792840615
MLLT1,0.003445840314339032
RPAIN,0.0034449192399688302
C1QBP,0.0034449192399688302
DERL2,0.0034449192399688302
DHX33,0.0034449192399688302
CHERP,0.0034449103970432813
RN7SL146P,0.0034449103970432813
MRPS31,0.003444347288667112
SNORA21|ENSG00000199293.1,0.003444314481889905
RPL23,0.003444314481889905
C17orf98,0.003444314481889905
SNORA21|ENSG00000252699.1,0.003444314481889905
H3F3C,0.003444270680011768
STMN1P1,0.003444270680011768
U3|ENSG00000200538.1,0.0034438805191678865
RN7SL547P,0.003443407066012789
MAGOH2,0.0034423614982059827
C21orf119,0.0034418424753867812
SNORA80,0.0034418424753867812
RN7SL109P,0.0034418424753867812
PRKCG,0.003441560489728155
CWC25,0.0034409685709305008
RNA5SP321,0.003440929791098174
AP2A2,0.003440377776318136
CLEC10A,0.0034402295143648046
TBX21,0.0034401893719031465
TBKBP1,0.0034401893719031465
OR1I1,0.003439336776510074
SNORA30|ENSG00000202189.1,0.0034387842612603288
UTP14C,0.0034385405361856626
ALG11,0.0034385405361856626
RN7SL392P,0.0034384938485253055
GADD45A,0.0034384938485253055
GNG12,0.0034384938485253055
MIR3671,0.003437789299887032
RNY3P7,0.003437457940987216
SCEL,0.003437457940987216
SOX11,0.003436273189588249
SCO1,0.0034360513256233055
AKAP9,0.003434611699525569
CYP1A2,0.003434475472382181
PLSCR3,0.0034333427396597616
MIR4675,0.0034332952255019438
NFKBIA,0.00343324734272243
TRIM5,0.0034323703552470394
SNORA25|ENSG00000252204.1,0.0034314941755330263
VWC2L,0.0034314174837042906
CCDC132,0.003431048406939014
DNAH14,0.003430756355267288
EXOC6,0.0034306970415320464
NFE2L1,0.0034305853678107887
MIR152,0.0034305853678107887
COPZ2,0.0034305853678107887
NAGPA,0.0034300550526295374
ALG1,0.0034300550526295374
C16orf89,0.0034300550526295374
SYCE2,0.003429384200804435
FARSA,0.003429384200804435
MIR5695,0.003429384200804435
ZNF383,0.0034293390812488002
UTF1,0.0034286995672662543
VENTX,0.0034286995672662543
MIR202,0.0034286995672662543
ADAM8,0.0034286995672662543
TSR3,0.003427962246068198
GNPTG,0.003427962246068198
BAIAP3,0.003427962246068198
SLC35E1,0.003427393661503564
VANGL1,0.003426990657936143
SAMD8,0.003426458752082085
OR10AB1P,0.003426420818561567
LINC00423,0.0034259370502742136
RNA5SP491,0.0034253941964813815
RHOQ,0.003422850887139902
OR52E6,0.003422649834399528
RN7SKP151,0.0034221910478924662
MIR4500,0.003421959764918624
TSPAN11,0.003421325489091599
ADCY9,0.003420932482868933
ADAM9,0.0034191222876142255
PNMAL2,0.0034187509296008424
CASP14,0.003418716744506744
ZNF365,0.003418489065606366
OR52B2,0.0034174833265278345
SNRNP40,0.003417276574106028
CCKBR,0.003417177079079896
CNGA4,0.003417177079079896
FAM160A2,0.003417177079079896
C11orf42,0.003417177079079896
OR52W1,0.003417177079079896
RN7SL810P,0.00341685209472304
LINC00446,0.00341685209472304
KIAA0100,0.0034165247410817058
LINC00433,0.0034163323161543048
TOLLIP,0.003415549258240986
MICU1,0.003414727894299177
C10orf105,0.0034142428162247107
CTH,0.0034142233449573
MIR4513,0.0034121954051964183
CSK,0.0034121954051964183
CACHD1,0.0034120707297163656
MIR4794,0.0034120707297163656
MIR4742,0.0034112026063694693
WDR26,0.0034112026063694693
RN7SL34P,0.0034108233654627797
HPX,0.0034100086202985326
SMPD1,0.0034100086202985326
APBB1,0.0034100086202985326
PRKCDBP,0.0034100086202985326
KIAA1551,0.0034098863492998004
CYP51A1,0.00340899709668362
OR52E4,0.0034084943968059524
OR52L1,0.0034084943968059524
OR56A1,0.0034084943968059524
OR56A4,0.0034084943968059524
OR56B4,0.0034084943968059524
RNA5SP329,0.0034084943968059524
OR56A3,0.0034084943968059524
OR52E8,0.0034084943968059524
NEK3,0.0034077266846437855
GOLT1B,0.0034060510949486564
ABCA12,0.0034050849106573395
TTC18,0.0034046382703501812
HEPACAM2,0.003403659394384993
EDC3,0.0034031258939926554
CYP1A1,0.0034031258939926554
SGK494,0.003402784810126585
CHD5,0.003402319354889816
HES3,0.0034018630883541146
LINC00337,0.0034018630883541146
ACOT7,0.0034017363476497526
GPR153,0.0034017363476497526
DNAJC7,0.003401087626030558
CNP,0.003401087626030558
SLC2A4,0.0034006826305463755
YBX2,0.0034006826305463755
DUSP8,0.003400662469152026
CASQ2,0.0034004613459634094
CCDC105,0.00340009366828418
LRRD1,0.0033984027417958886
TBC1D12,0.0033982458959651886
CHRNB1,0.0033973165094466394
KRIT1,0.003396958320186879
BICD1,0.0033967918121031128
ALK,0.0033962493022133096
EEF1DP3,0.0033959102807759856
RXFP2,0.0033952244773550353
TMEM220,0.0033928975381668017
ADPRM,0.0033928975381668017
KCNQ5,0.0033916455696202546
ZNF829,0.0033915373843323546
CCAT1,0.003390567389211149
SNORA31|ENSG00000253059.1,0.003390540846471827
CALY,0.0033896091394767847
ZNF345,0.003389469782256515
MYH2,0.003387642668889119
MIR4676,0.003386805876374389
COG6,0.003386636756929981
ZNF511,0.0033866163196191617
IGSF21,0.0033863163408823457
ZNF585A,0.0033852165078667724
LINC00675,0.0033850612346507467
PIRT,0.0033850612346507467
MED26,0.0033841688525192
RN7SL720P,0.003383184641973003
PCBP1,0.0033820356926081833
C12orf39,0.0033819932924934845
ANKIB1,0.003381816497668368
UNC119,0.0033813540467970853
CTNNA3,0.0033812675218758
OR51M1,0.0033811419627058567
EDNRB,0.0033808569477805153
CLK3,0.003380658884976961
ETNK1,0.0033802858789196816
LHCGR,0.0033798532306339784
GTF2A1L,0.0033796796384803433
RNA5SP332,0.003379483122362873
CALCOCO2,0.0033785682761941073
PIGS,0.0033782546988876112
ALDOC,0.0033782546988876112
LINC00472,0.0033780385220352257
MIR30A,0.0033779348132954605
MIR30C2,0.0033779348132954605
OGFRL1,0.0033777273958159287
SNRPB2,0.003377536316794555
TRIM34,0.003377194773376888
TRIM6,0.003377194773376888
OR52B6,0.003377194773376888
TINAGL1,0.003376859233968367
FGD4,0.0033760671180453347
GCDH,0.0033754727844103106
KLF1,0.0033754727844103106
DNASE2,0.0033754727844103106
ESPN,0.003374930688677304
PLEKHG5,0.003374930688677304
TNFRSF25,0.003374930688677304
COMTD1,0.0033747842592074507
VDAC2,0.0033747842592074507
ARHGAP23,0.0033747082871747563
MBOAT2,0.003373220359145446
SP2,0.0033724648438283613
USHBP1,0.0033723836059019988
NOL9,0.0033713787804375756
UBE3A,0.0033708437407391737
PSMA6,0.0033707136289062613
EIF5A,0.0033706361364186114
GPS2,0.0033706361364186114
NEURL4,0.0033706361364186114
snoU13|ENSG00000238708.1,0.003369957308575247
DDIT4,0.00336990206042687
MIR1203,0.0033698519528977513
RN7SKP159,0.0033693347292281348
RNA5SP320,0.0033693245865286893
SEC24C,0.0033693245865286893
BMS1P4,0.0033693245865286893
GLUD1P3,0.0033693245865286893
FUT11,0.0033693245865286893
CHCHD1,0.0033693245865286893
RMRPP1,0.0033693245865286893
MIS12,0.0033688623720067776
CAMK2G,0.0033680957220733627
NDST2,0.0033680957220733627
ZSWIM8,0.0033680957220733627
PLA2G12B,0.0033676337429548197
OVCH1,0.0033675974939266036
WNK4,0.0033672848591894842
CNTD1,0.0033672848591894842
COA3,0.0033672848591894842
BECN1,0.0033672848591894842
PSME3,0.0033672848591894842
AOC2,0.0033672848591894842
AOC3,0.0033672848591894842
AOC4P,0.0033672848591894842
CACNG7,0.003366977934564566
PCAT1,0.0033669447640966624
C17orf96,0.0033668496139549783
RNA5SP476,0.0033664912618535793
OTOR,0.0033663633801300293
SEC14L5,0.00336526159691395
RN7SL413P,0.003364638475136134
RNY1P6,0.003364638475136134
RTKN2,0.0033643036296986035
snoU13|ENSG00000238983.1,0.003364182758939297
FAM60A,0.003364108036502794
COLGALT1,0.0033639883004197616
ASCC1,0.0033639471495888374
ANAPC16,0.0033639471495888374
HNRNPUL1,0.003363449850965816
RN7SL136P,0.0033632042984073516
SPAG5,0.0033624510932105892
SNORA62|ENSG00000201542.1,0.0033605691282977065
RN7SL503P,0.0033605691282977065
PTGER3,0.0033605404994516146
LRRC20,0.0033601450614432204
MIR3924,0.0033585961524708616
ATP7B,0.0033579373391656297
MAP1S,0.0033574681921974057
EZH1,0.0033572151222004557
B4GALNT2,0.0033570131798030026
FBXO11,0.0033567850733146917
AKAP8,0.0033560813116458965
SRCIN1,0.003354798711121358
KIDINS220,0.003354208685025873
OR7C2,0.0033541719834626355
SLC1A6,0.0033541719834626355
snoU13|ENSG00000238888.1,0.0033539491399866964
FAR2,0.0033531756282983377
CCDC70,0.0033530797264571667
RNA5SP251,0.003352399419913251
POLR3A,0.003352381517344599
NWD1,0.003351260723595372
DDX11,0.003350406345935492
C2CD5,0.003350396847525049
PNMAL1,0.0033502696820960852
snoU13|ENSG00000238661.1,0.003349883300391099
BAG4,0.003349617482413423
ZBTB4,0.00334847080007525
SLC35G6,0.00334847080007525
AMN1,0.003348119664409772
TDRD15,0.0033476272406467804
ST8SIA1,0.0033475608946528512
LINC00671,0.0033450001522641708
AIPL1,0.0033444529549302663
FAM64A,0.0033444529549302663
NKIRAS2,0.0033442590012417767
CCDC42,0.003344024744902251
OLIG1,0.003343758895324178
RN7SL102P,0.00334363349060052
LINC00849,0.003343332093751053
SLC25A16,0.003343332093751053
RNA5SP319,0.003343332093751053
DNA2,0.003343332093751053
RN7SL470P,0.0033430742573082417
LGALS16,0.0033430544496004795
RNY4P2,0.0033429428941696383
G6PC,0.0033429428941696383
SNORA40|ENSG00000212149.1,0.0033429428941696383
CACNG6,0.003342820778861446
MIR935,0.003342820778861446
CACNG8,0.003342820778861446
BTBD10,0.0033426366958110385
SNORD18|ENSG00000238503.1,0.00334198250882184
FREM2,0.0033410991828232675
SNORD17,0.003340962591222944
MGME1,0.003340962591222944
DEFB1,0.003340013324450369
CEACAM3,0.00333959914959261
CEA,0.00333959914959261
CEACAM6,0.00333959914959261
snoU13|ENSG00000238651.1,0.003339335432443544
ECD,0.003338829344913611
SNORA11|ENSG00000221164.1,0.003338829344913611
NUDT13,0.003338829344913611
P4HA1,0.003338829344913611
MIR3681,0.0033383222983597465
KIAA0391,0.003337914508607164
RN7SKP247,0.0033373534852536068
GYS2,0.0033371199146027654
BRSK2,0.0033369115425397194
MOB2,0.0033369115425397194
DEFA4,0.00333684210526316
DEFA6,0.00333684210526316
YARS2,0.0033367283106943125
KPNB1,0.003336646672952313
LINC00945,0.0033361837098657464
RUNX1,0.0033349621897090236
RN7SL847P,0.003334885136325541
SNORA75|ENSG00000212533.1,0.003331292842423989
C19orf43,0.00333103529862893
NHLH2,0.003330134872688468
APOB,0.0033297898488386392
MRPL21,0.0033289598084224195
PROSER1,0.003328885023004562
NHLRC3,0.003328885023004562
SNORA74|ENSG00000252305.1,0.0033288212876003763
HOOK2,0.0033275106551412565
RTBDN,0.0033275106551412565
MAST1,0.0033275106551412565
GNG8,0.0033268124280782514
CALM3,0.0033268124280782514
PTGIR,0.0033268124280782514
RN7SL284P,0.0033258558221459632
ZNF568,0.003325247810208959
TXK,0.0033246437203559667
MIR3689E,0.0033245237802629977
MIR3689F,0.0033245237802629977
MIR3689D2,0.0033245237802629977
MIR3689D1,0.0033245237802629977
MIR3689C,0.0033245237802629977
MIR3689B,0.0033245237802629977
FCN2,0.0033245237802629977
MIR3689A,0.0033245237802629977
TMEM38A,0.0033245124155064265
RN7SL357P,0.003324203209764912
RN7SL492P,0.003324203209764912
SPINK2,0.003324203209764912
RAMP2,0.00332418733229794
VPS25,0.00332418733229794
HNRNPH3,0.003323835235367696
RUFY2,0.003323835235367696
RECQL,0.003323803150881721
COL5A1,0.003323079759124986
MIR4438,0.003323006410187122
ANGPT2,0.0033210469211002215
MIR4520B,0.00332099088930098
C17orf100,0.00332099088930098
TXNDC17,0.00332099088930098
MED31,0.00332099088930098
WDFY2,0.003320607177892888
DHRS12,0.003320607177892888
SMIM7,0.0033191847823869883
ZRANB2,0.003318646860155415
MIR186,0.003318646860155415
TET1,0.003318126717505631
MIR320D1,0.0033180030672740205
ASAP2,0.0033178291220348293
snoU13|ENSG00000238408.1,0.0033178153684162376
ZNF503,0.0033174443315162143
TNPO2,0.0033171818207777693
FBXW9,0.0033171818207777693
SNX5,0.003316962654101443
NLRP1,0.003315951785858266
OVOL2,0.0033152767243445876
LMO1,0.0033148123674850726
COX10,0.003314433234986196
OR7A17,0.003314251352592893
FCN1,0.003313979353570114
MYOZ1,0.0033120484154116232
SYNPO2L,0.0033120484154116232
AGAP5,0.0033120484154116232
WDR24,0.0033117714519541896
HAGHL,0.0033117714519541896
GNG13,0.0033117714519541896
MIR662,0.0033117714519541896
MSLNL,0.0033117714519541896
MSLN,0.0033117714519541896
PRR25,0.0033117714519541896
RPUSD1,0.0033117714519541896
CCDC78,0.0033117714519541896
FAM173A,0.0033117714519541896
NARFL,0.0033117714519541896
METRN,0.0033117714519541896
FBXL16,0.0033117714519541896
CHTF18,0.0033117714519541896
LINC00332,0.0033108430425527052
RNY3P9,0.0033108430425527052
IGF2BP1,0.0033101967943188425
OR7A5,0.0033087452786851788
DNAJB12,0.003308560473066617
STON1,0.0033080812747263875
OR7A10,0.003307890337893018
FCHO1,0.003307841125247915
RN7SKP224,0.0033077172911784437
FOXN2,0.0033077172911784437
ARID3B,0.0033073040438916803
PKP2,0.0033071433828167746
ZNF835,0.0033066717811021614
MIR4659A,0.0033059408013705184
XKR5,0.0033059408013705184
AGPAT5,0.0033059408013705184
LINC00954,0.0033059174142804444
TTC32,0.0033059174142804444
SNHG14,0.0033052537995851158
U3|ENSG00000221345.1,0.0033044370055829845
SEL1L2,0.0033034881867168324
ASPRV1,0.003303380387715454
snoU13|ENSG00000239072.1,0.003303380387715454
ANO8,0.0033029571219358894
ABHD8,0.0033029571219358894
ANKLE1,0.0033029571219358894
BABAM1,0.0033029571219358894
DDA1,0.0033029571219358894
MRPL34,0.0033029571219358894
GTPBP3,0.0033029571219358894
SNORA36|ENSG00000200294.1,0.0033017278019033514
RND2,0.003301324021533539
SIRT1,0.0033008707663033225
RN7SL394P,0.0033008707663033225
DNAJC12,0.0033008707663033225
UBQLN3,0.0033002983076992885
UBQLNL,0.0033002983076992885
POU4F1,0.003300187147256895
RNY3P3,0.003299686123104582
LASP1,0.0032993490362179406
TP53,0.0032988856628068425
ATP1B2,0.0032988856628068425
LINC00672,0.0032981203959670416
OR52H1,0.0032979617530965026
MIR4268,0.0032975600807191342
RUNDC1,0.0032958763479608464
PTGES3L,0.0032958763479608464
AARSD1,0.0032958763479608464
RPL27,0.0032958763479608464
SPOCK2,0.003295731312944651
RNF219,0.0032956327645452185
ID2,0.003295178410178491
ZMYM6NB,0.0032948353232575187
ZMYM6,0.0032948353232575187
ZMYM1,0.0032946043180855696
SNRNP27,0.0032944691038191733
MXD1,0.0032944691038191733
PHF23,0.0032944448923647525
MIR324,0.0032944448923647525
DVL2,0.0032944448923647525
GABARAP,0.0032944448923647525
DLG4,0.0032944448923647525
CTDNEP1,0.0032944448923647525
ELP5,0.0032944448923647525
CLDN7,0.0032944448923647525
ACADVL,0.0032944448923647525
STOML3,0.003294316387025895
OR7C1,0.003294313367701104
CISD1,0.003294233238784699
MIR548S,0.0032938686215836675
FAM86A,0.0032929080970011794
PLVAP,0.003292750584367102
PHYHIPL,0.00329256270911352
DEFB104B,0.003291261064052539
FAM90A24P,0.003291261064052539
FAM86B3P,0.003291261064052539
FAM85B,0.003291261064052539
FAM66B,0.003291261064052539
DEFB4B,0.003291261064052539
DEFB4A,0.003291261064052539
DEFB107B,0.003291261064052539
DEFB107A,0.003291261064052539
DEFB105A,0.003291261064052539
DEFA1B,0.003291261064052539
DEFB106B,0.003291261064052539
DEFA1,0.003291261064052539
DEFB106A,0.003291261064052539
DEFA3,0.003291261064052539
DEFA5,0.003291261064052539
DEFB103A,0.003291261064052539
DEFB103B,0.003291261064052539
DEFB104A,0.003291261064052539
DEFB105B,0.003291261064052539
ALG1L13P,0.003291261064052539
FAM66E,0.003291261064052539
SPAG11A,0.003291261064052539
ZNF705G,0.003291261064052539
LRLE1,0.003291261064052539
MIR548I3,0.003291261064052539
SGK223,0.003291261064052539
SPAG11B,0.003291261064052539
ZNF705B,0.003291261064052539
CLDN17,0.0032909933523636303
MIR302E,0.0032900505287284483
snoU13|ENSG00000238970.1,0.0032896645640178948
ARL6IP1,0.003288655869806392
ACTN3,0.003286741932828217
MIR4305,0.003286666514065973
CUL2,0.0032865908426285627
GMCL1,0.00328602237315493
BST2,0.003285864638956984
MVB12A,0.003285864638956984
MIR559,0.003285662688046504
RN7SKP119,0.003285662688046504
CSNK1A1L,0.0032847062444692405
SUPT20H,0.0032846985494979046
LSM1,0.0032843893828921468
C10orf54,0.0032835858819181374
PSAP,0.0032835858819181374
PPP5D1,0.003283432360285887
EPCAM,0.0032832491971362928
TTC25,0.0032831286211655562
IPMK,0.00328302146395157
TRIM21,0.003282826306545698
SERINC2,0.0032819679276465167
MIR802,0.003281626445031432
CNIH3,0.0032808956355485225
MYBBP1A,0.0032800196189094063
GGT6,0.0032800196189094063
LINC00838,0.0032798752976563486
PAX2,0.00327945717347855
WDR35,0.0032792754437402315
LSS,0.003278909298562867
SPATC1L,0.003278909298562867
SNORD41|ENSG00000209702.1,0.003278705376993274
ZCCHC17,0.0032780406080308027
LGALS14,0.0032777863203272946
snoU13|ENSG00000239033.1,0.0032771694562429062
RNU6ATAC34P,0.0032768997151310163
RN7SL220P,0.0032766940823629963
SFPQ,0.003274156082494518
ATOH7,0.003273825334807952
PBLD,0.003273825334807952
MYPN,0.003273825334807952
RN7SKP202,0.003273825334807952
CMAS,0.00327362962136843
SDC1,0.003272388911322177
SQRDL,0.003272331829966298
PELI3,0.003272187383786456
PPP1R21,0.003271178942711795
PTH,0.003268400104397752
SMTNL2,0.003268389368163618
ALOX15,0.003268389368163618
KCNK12,0.0032683874688864125
PRDX2,0.003268281663561417
MIR5684,0.003268281663561417
RNASEH2A,0.003268281663561417
JUNB,0.003268281663561417
BEST2,0.003268281663561417
ASNA1,0.003268281663561417
LGALS17A,0.0032681896812103524
RN7SL601P,0.0032680308040328857
FABP3,0.003267082264889497
BSDC1,0.003266593604815791
EMP2,0.0032665170755267568
CTSF,0.0032660073070819662
PTHLH,0.003265878141491678
OR52B4,0.0032655042815932455
RNA5SP86,0.0032654233747081234
PUM2,0.0032654233747081234
RN7SL140P,0.00326511174704612
TMEM256,0.003265070278696015
SPEM1,0.003265070278696015
NLGN2,0.003265070278696015
PYROXD1,0.0032647792178824337
ZDHHC24,0.0032645964214034497
UBE2D1,0.003264326940716596
TFAM,0.003264326940716596
OR52K2,0.003264234818771674
CD79A,0.0032638062420841858
OR52K1,0.003263775264130174
C10orf11,0.003263702087719745
TUBGCP2,0.0032633068909239706
C2orf42,0.0032626631596251857
ASGR1,0.0032624633825149856
SLCO1B1,0.0032620282373809367
TMTC1,0.0032619409282700403
LINC00331,0.0032609474580751314
DENND5B,0.003260734261323014
RNA5SP318,0.003260535878289343
LAPTM4A,0.0032602793237240784
CREM,0.0032599009900990063
LINC00333,0.0032589238622664257
FAM73A,0.0032589157517947517
LINC00560,0.003258862643158524
METTL20,0.0032587603557761
KIAA1279,0.003258583572022546
VPS26A,0.0032581493116511135
HKDC1,0.0032581493116511135
SUPV3L1,0.0032581493116511135
SRGN,0.0032581493116511135
snoU13|ENSG00000238465.1,0.0032578711254734583
ERGIC2,0.0032573268522082073
LINC00366,0.0032568635978666442
EPHA4,0.0032562936348878332
TM2D2,0.003255447861134057
HTRA4,0.003255447861134057
FTCD,0.003255367170185868
OSBPL7,0.0032550717676311037
MRPL10,0.0032550717676311037
RNU105B,0.0032544995173114702
LSP1|ENSG00000130592.9,0.0032541583469197057
C11orf89,0.0032541583469197057
LHFP,0.0032538741502048723
GNGT2,0.003253079299484441
ABI3,0.003253079299484441
ADAM32,0.0032528002544986194
PARD3,0.0032518051656868457
SRP54,0.0032517703251595735
OR52M1,0.003251576590923575
CCS,0.0032503541408217228
OR52I2,0.0032502343273667117
OR51C1P,0.0032502343273667117
OR51E2,0.0032502343273667117
OR51E1,0.0032502343273667117
OR51D1,0.0032502343273667117
TRIM68,0.0032502343273667117
OR52I1,0.0032502343273667117
C11orf40,0.0032502343273667117
OR51F2,0.0032494062190028166
OR52R1,0.0032494062190028166
OR51F1,0.0032494062190028166
SNORA62|ENSG00000201980.1,0.0032494062190028166
SNORD112|ENSG00000252728.1,0.0032483177262246483
NAGK,0.0032480205624145914
CLC,0.0032473132156292015
PPP2R3C,0.0032464862134920828
FAM177A1,0.0032464862134920828
HERC4,0.0032462583128480267
SNRPG,0.0032451421995725815
PCYOX1,0.0032451421995725815
TIA1,0.0032451421995725815
CCDC87,0.003244886603966947
C2orf43,0.00324360943836795
GDF7,0.00324360943836795
HS1BP3,0.00324360943836795
TMEM102,0.003240251014539494
FGF11,0.003240251014539494
C17orf74,0.003240251014539494
ADD2,0.0032396653860369503
RBM4,0.00323870936606664
RBM14,0.00323870936606664
FIGLA,0.0032374613013594128
FKSG68,0.003237356396837469
BBS1,0.0032361516034985437
ALG5,0.003235973990996884
EXOSC8,0.003235973990996884
EMR2,0.0032356861218864837
SLCO1B3,0.0032341466782441495
LST3,0.0032341466782441495
SLCO1B7,0.0032341466782441495
NOL6,0.00323412955851471
TPSG1,0.00323313537465878
TPSD1,0.00323313537465878
TPSB2,0.00323313537465878
TPSAB1,0.00323313537465878
PRSS29P,0.00323313537465878
UBE2I,0.00323313537465878
CACNA1H,0.00323313537465878
ADAM17,0.0032329741157895333
IAH1,0.0032329741157895333
CPSF3,0.0032329741157895333
ITGB1BP1,0.0032329741157895333
snoU13|ENSG00000238462.1,0.0032329741157895333
MATN3,0.0032326980810758583
PRTG,0.0032318912279504573
DPP3,0.003229616676271289
RRP8,0.0032295267909804477
DNHD1,0.0032295267909804477
TAF10,0.0032295267909804477
TPP1,0.0032295267909804477
DCHS1,0.0032295267909804477
ILK,0.0032295267909804477
TGFA,0.0032292146337659015
C1QTNF8,0.0032283111415018673
SSTR5,0.0032283111415018673
SOX8,0.0032283111415018673
SNF8,0.0032274167987321736
NEK5,0.003225632688064462
FRY,0.003225409769555333
CCNY,0.00322430755733801
FAM136A,0.0032241418481080493
TIMM10B,0.0032236173494850535
ARFIP2,0.0032236173494850535
snoU13|ENSG00000238804.1,0.0032231639551445358
GIP,0.0032231639551445358
BCYRN1,0.0032229007248872387
RAD23A,0.0032227664185131536
CALR,0.0032227664185131536
MIR4757,0.003222756719745779
OSR1,0.003222756719745779
PGLS,0.0032216063950670313
TRIM3,0.003221133342407334
RBBP9,0.003220204509248432
POLR3F,0.003220204509248432
MIR3192,0.003220204509248432
NOC3L,0.0032200108781645534
RHOB,0.0032195482715637585
BRD4,0.003219189216152298
MSH6,0.0032191096962417383
CTSD,0.0032190230632544985
TNNI2,0.0032190230632544985
SYT8,0.0032190230632544985
MIR4298,0.0032190230632544985
IFITM10,0.0032190230632544985
FAM99B,0.0032190230632544985
FAM99A,0.0032190230632544985
ZNF850,0.003218539773195311
CLIC6,0.0032171180801854305
ATP5G1,0.0032163433569379553
UBE2Z,0.0032163433569379553
SNORA68|ENSG00000212565.1,0.0032163433569379553
VAX2,0.003215461145378034
TEX261,0.003215461145378034
ANKRD53,0.003215461145378034
RN7SL160P,0.003215461145378034
snoU13|ENSG00000239064.1,0.003215461145378034
ATP6V1B1,0.003215461145378034
FOXN1,0.0032142616033755283
SGPL1,0.003213134066340198
PCBD1,0.003213134066340198
PALD1,0.003212806061166032
NODAL,0.003212806061166032
EIF4EBP2,0.003212806061166032
TBATA,0.003212806061166032
PRF1,0.003212806061166032
ADAMTS14,0.003212806061166032
PRED60,0.003212619710418956
LINC00307,0.003212466628087357
CLDN8,0.003212466628087357
RN7SL314P,0.0032124177687707684
MIR552,0.003211416788942551
MCEE,0.003208994700024075
ZNF263,0.003208747584141527
ZNF200,0.003208747584141527
MEFV,0.003208747584141527
OR1F1,0.003208747584141527
RNA5SP21,0.0032066590677305175
ITSN1,0.003206317137813788
UBE2U,0.003204987979028473
FAM129C,0.00320467313483834
ARRB2,0.0032041777526942393
PELP1,0.0032041777526942393
IAPP,0.0032038646496350145
FOXD3,0.003203231226419044
TMC2,0.0032027004644110788
PHOSPHO1,0.003201784388854338
GADD45GIP1,0.003201376172465351
DAND5,0.003201376172465351
CLDN23,0.003201096411915866
LINC00529,0.003200921290568191
SMIM12,0.003199609857931818
DLEU2L,0.0031993685834384705
CD70,0.0031978230030554394
DNAH9,0.00319727136448011
RN7SL488P,0.003196809432980753
EFCAB7,0.003196809432980753
SLC5A3,0.0031966540519378834
SNORA42|ENSG00000207502.1,0.0031961986934927965
RN7SL420P,0.0031961986934927965
SLC27A1,0.003196027716195069
ALG6,0.0031955298577518946
ROR1,0.0031936822467905977
TMEM221,0.003192670464929643
TRAP1,0.0031925663040135656
NXNL1,0.00319245989177335
CC2D1A,0.0031915769191506703
CHUK,0.0031912551052921236
ERLIN1,0.0031912551052921236
GJA4,0.003189283071170981
GJB3,0.003189283071170981
GJB4,0.003189283071170981
GJB5,0.003189283071170981
ITGB1,0.0031892541201971095
CLEC4F,0.0031871200073243433
CD207,0.0031871200073243433
RBMXL2,0.003184252747825183
NGF,0.0031838383683071487
LRRC46,0.0031826495629897517
SCRN2,0.0031826495629897517
SP6,0.0031826495629897517
WFIKKN1,0.0031818940499329664
RHOT2,0.0031818940499329664
JMJD8,0.0031818940499329664
RHBDL1,0.0031818940499329664
STUB1,0.0031818940499329664
WDR90,0.0031818940499329664
FAM195A,0.0031818940499329664
C16orf13,0.0031818940499329664
NAMPTL,0.0031809019509545884
SNORA40|ENSG00000237002.2,0.0031809019509545884
LINC00160,0.0031796928856163797
HBE1,0.0031793839072320113
RN7SL274P,0.0031791833191758
NGFR,0.003178985536319685
ITGB3BP,0.0031788714624827355
NDUFB7,0.0031769376531237217
MIR3611,0.003176927977607882
IGHMBP2,0.003176008938706436
PPA1,0.00317464196618313
SAR1A,0.00317464196618313
NPFFR1,0.00317464196618313
RNH1,0.003172781259431533
SEC23B,0.0031704740753529474
LINC00493,0.0031704740753529474
RN7SL638P,0.0031704740753529474
SLC22A15,0.003168917103576387
OR51J1,0.0031665486412321897
CNOT6L,0.0031647057404339514
SNORD75|ENSG00000221711.1,0.0031647057404339514
NDUFB8,0.0031644295107609425
SEC31B,0.0031644295107609425
HIF1AN,0.0031644295107609425
WNT8B,0.0031644295107609425
LINC00263,0.003163896532746285
CWF19L1,0.0031637748747212
SNORA12|ENSG00000212464.1,0.0031637748747212
BLOC1S2,0.0031637748747212
SCD,0.0031637748747212
PKD2L1,0.0031637748747212
LINC00351,0.003163476273573623
SLC13A2,0.0031627694668201005
TEX26,0.0031626354838203675
MRPL1,0.0031623574542003763
LEUTX,0.003160517861555778
RPS19,0.003160244390827206
LYPD4,0.003160244390827206
DMRTC2,0.003160244390827206
DLGAP3,0.0031601978088731638
PARN,0.0031596644896557165
YWHAQ,0.0031585009111112345
PLCB4,0.0031584078606543523
MIR4723,0.003157399309551209
SARM1,0.003157399309551209
SEBOX,0.003157399309551209
VTN,0.003157399309551209
SLC46A1,0.003157399309551209
ZNF214,0.0031572276918268496
NLRP14,0.0031572276918268496
GPR108,0.003154774116106509
C3,0.003154774116106509
TRIP10,0.003154774116106509
SH2D3A,0.003154774116106509
TNFSF14,0.003154774116106509
LMF1,0.003154580060195232
ASGR2,0.0031541428149103744
LAMP5,0.0031534885795575828
PTPLAD2,0.0031534853006757887
RAB40C,0.00315200641795304
TEX19,0.003150707478539213
CD7,0.003150707478539213
SECTM1,0.003150707478539213
SLCO1A2,0.003149981545063234
MSH2,0.003149664435167536
MTG1,0.0031494655550537275
CYP2E1,0.0031494655550537275
SYCE1,0.0031494655550537275
FRG2B,0.0031494655550537275
SPRN,0.0031494655550537275
COL13A1,0.0031494086667282675
PEF1,0.003149374353013823
HCRTR1,0.003149374353013823
ZNF544,0.003148267785825484
SHISA6,0.0031472824586943494
RNA5SP355,0.0031458912162126516
VAV1,0.0031436326931471026
SYT9,0.0031436005625879062
CRIPT,0.0031421159763578717
GAD2,0.0031405111340085125
PIGF,0.0031394784955720025
BFAR,0.0031383678452233427
MBL2,0.0031370882082817565
CASC8,0.0031366289140572993
ZNF274,0.0031362864685574978
IER2,0.0031362340242395083
STX10,0.0031362340242395083
NACC1,0.0031362340242395083
SIGIRR,0.0031354945230528874
SIRT3,0.0031354945230528874
SCGB1C1,0.0031354945230528874
RN7SL838P,0.0031354945230528874
NLRP6,0.0031354945230528874
RIC8A,0.0031354945230528874
PSMD13,0.0031354945230528874
PKP3,0.0031354945230528874
ODF3,0.0031354945230528874
IFITM3,0.0031354945230528874
IFITM2,0.0031354945230528874
IFITM1,0.0031354945230528874
BET1L,0.0031354945230528874
B4GALNT4,0.0031354945230528874
ATHL1,0.0031354945230528874
ANO9,0.0031354945230528874
IFITM5,0.0031354945230528874
C19orf57,0.0031343947784810105
LINC00652,0.0031328760780682256
SCP2D1,0.0031328760780682256
MIR3188,0.003131857200605566
JUND,0.003131857200605566
KIAA1683,0.003131857200605566
ZZZ3,0.003131493590897274
RN7SL370P,0.003131493590897274
USP33,0.003131493590897274
RNA5SP20,0.0031308216849641056
TTC7A,0.003130395706114084
MCFD2,0.003130395706114084
RN7SKP1,0.003129794987557493
COL6A2,0.0031291723884757146
C16orf96,0.0031289369036678794
CDIP1,0.0031289369036678794
HMOX2,0.0031280306270671794
AIFM2,0.003127732606486188
H2AFY2,0.003127732606486188
snoU13|ENSG00000238656.1,0.003126863092409385
UNC13C,0.0031268074667118776
ZNF382,0.0031264340042285576
STK33,0.0031258225613639214
LINC00310,0.003125166623611466
RNA5SP119,0.003122220406521442
RN7SL373P,0.0031215467060888838
DDX21,0.0031215467060888838
SLC35B1,0.0031211960119561103
FAM117A,0.0031211960119561103
FZD8,0.0031204829343693835
MIR4683,0.0031204829343693835
PRKACB,0.0031204769424341976
SNORA2|ENSG00000199959.1,0.0031204769424341976
SPNS2,0.0031198567550861363
RNA5SP22,0.0031192735890005962
MRPS6,0.0031191216739860435
HHLA3,0.0031184601444301002
OTUD1,0.0031183872992650223
LURAP1L,0.003117376557679729
MYH4,0.0031160563044901803
MYH1,0.0031160563044901803
PDIA6,0.0031153492187869745
OR5P3,0.0031152920891238346
NEUROG3,0.0031144599464104253
GJD4,0.0031141329322805673
DCAF15,0.0031126224989791776
ZNF750,0.0031125236432416703
RN7SKP14,0.0031124195069108765
ZNF567,0.0031122738131195253
RFX1,0.003111981293385055
LPHN2,0.0031119226622158503
TMEM199,0.0031111047180667436
TYSND1,0.0031097246604453485
SOCS5,0.0031084446982996396
ZAR1L,0.0031083617332035023
SPATA5L1,0.003105578918889101
NUBP1,0.003104552936987515
SNORA41|ENSG00000207516.1,0.0031040343996995004
BLOC1S6,0.0031039792382998727
snoU13|ENSG00000238718.1,0.0031021490199585828
ATP13A1,0.003101354250249726
LINC00426,0.003100592329079389
LINC00427,0.003100592329079389
KIF16B,0.0031004645889480386
IFNA5,0.0030999322493224946
SPTLC3,0.0030997194145968156
CYB5R2,0.0030976454654373015
OVCH2,0.0030976454654373015
LPIN1,0.0030967993911232175
NTSR2,0.0030967993911232175
RN7SL849P,0.00309578174830558
snoU13|ENSG00000251926.1,0.0030955280421324934
RNA5SP49,0.0030923327134767995
LINC00466,0.0030923327134767995
U3|ENSG00000251749.1,0.0030921291258614427
CASC10,0.0030921291258614427
MIR1915,0.0030921291258614427
DLX4,0.003091526409757471
DDX50,0.0030899842927099696
RN7SL90P,0.003089953721110509
PKD1P5,0.003089953721110509
PKD1P6,0.003089953721110509
PLA2G10,0.003089953721110509
NPIPP1,0.003089953721110509
PDXDC1,0.003089953721110509
NTAN1,0.003089953721110509
NOMO1,0.003089953721110509
NPIPA8,0.003089953721110509
NPIPA5,0.003089953721110509
NPIPA3,0.003089953721110509
NPIPA2,0.003089953721110509
NPIPA1,0.003089953721110509
RRN3,0.003089953721110509
NOMO3,0.003089953721110509
NOMO2,0.003089953721110509
NDE1,0.003089953721110509
FOPNL,0.003089953721110509
KIAA0430,0.003089953721110509
MYH11,0.003089953721110509
MPV17L,0.003089953721110509
MIR484,0.003089953721110509
RPS15A,0.003089953721110509
NPIPA7,0.003089953721110509
XYLT1,0.003089953721110509
ABCC6P1,0.003089953721110509
ABCC6,0.003089953721110509
C16orf45,0.003089953721110509
ABCC1,0.003089953721110509
STXBP4,0.00308860257979097
PRR19,0.0030877971238063217
TMEM145,0.0030877971238063217
MEGF8,0.0030877971238063217
PAFAH1B3,0.0030877971238063217
ZNF652,0.0030858492647796365
PHB,0.0030858492647796365
GLYR1,0.003085672783327905
ZNF461,0.0030846316483154387
PRKG2,0.0030844338159905426
TSPAN15,0.003084015522498386
snoU13|ENSG00000238515.1,0.0030833584586717035
IFNA13,0.0030832861651401344
TSPAN2,0.0030831798944442957
GBAS,0.00308287409683488
HK1,0.0030826988820105337
TACR2,0.0030826988820105337
TAF1B,0.003082523020935778
MIR4262,0.003082317922935738
TIAM1,0.0030822468719150756
NRP1,0.003081939048335214
TOM1L1,0.0030819173905193716
COX11,0.0030819173905193716
WDR83OS,0.0030818766648853502
MAN2B1,0.0030818766648853502
ZNF791,0.0030818766648853502
ZNF490,0.0030818766648853502
DHPS,0.0030818766648853502
WDR83,0.0030818766648853502
OR51S1,0.003081486773016412
OR51H1P,0.003081486773016412
OR51T1,0.003081486773016412
C15orf48,0.003081302649585895
SLC30A4,0.003081302649585895
MIR147B,0.003081302649585895
CHST3,0.003081038491345907
FOXO1,0.0030807592394045103
IFNA6,0.0030807476587424117
TSHB,0.003080569831672093
ASAH2B,0.003079874615661062
RN7SL398P,0.0030787170489200836
KLHL9,0.0030783806730472385
LINC00977,0.0030776819601321835
LYL1,0.003076653046210925
TRMT1,0.003076653046210925
IFI35,0.0030758322817333833
VAT1,0.0030758322817333833
C2orf61,0.003075252198600629
CALM2,0.003075252198600629
SNORA31|ENSG00000252888.1,0.0030746853695709695
MIR3686,0.0030744136596181654
WIZ,0.0030742902642757037
KCNJ8,0.003072338041333741
OLFM1,0.003071192228436855
KAT7,0.0030709041304740367
TAC4,0.0030709041304740367
ZNF526,0.003070667601122917
DEDD2,0.003070667601122917
BMP3,0.003070345216776688
SNORA70|ENSG00000207244.1,0.003070269344246692
FBXL20,0.003069909857222388
PRED62,0.0030693143346612476
SOST,0.00306884032225865
POU2F2,0.003067875978340456
ZNF574,0.003067875978340456
MGRN1,0.0030670644684518316
RN7SL850P,0.0030670644684518316
MIR4323,0.0030665134471647244
SNORD112|ENSG00000252356.1,0.0030665134471647244
GSK3A,0.00306647820928949
CCDC151,0.003066093163808506
PRKCSH,0.003066093163808506
snoU13|ENSG00000238349.1,0.003066093163808506
ELAVL3,0.003066093163808506
RN7SL669P,0.003066093163808506
RNA5SP42,0.003065257834509048
SKIDA1,0.003064944009035688
MLLT10,0.003064944009035688
SNORA81|ENSG00000238390.1,0.0030633519961051608
snoU13|ENSG00000238583.1,0.0030633147798403452
HMGN2P46,0.0030633147798403452
ARMC6,0.003062225058059811
PODNL1,0.003060317986933444
C20orf78,0.0030590926569722264
IFNA14,0.0030589773935714086
MFHAS1,0.003058650423527169
ZMYM2,0.003058458533464113
GATM,0.003057168223881734
EFR3A,0.0030566901336776292
DOCK9,0.0030560772698975604
DKK1,0.0030546659745238234
CD300LG,0.003054114685371472
MPP2,0.003054114685371472
UBALD1,0.0030528689583324492
DTD1,0.0030520729515722753
MMP26,0.003051592971089007
C2orf50,0.0030501070190846304
PQLC3,0.0030501070190846304
SIKE1,0.003049633476457542
MRAP,0.0030490152635484695
SYCP1,0.003048434154535705
MIR3170,0.0030460563300571614
RN7SKP8,0.0030460563300571614
AGO1,0.003046014368799181
POLR2M,0.003045163804455911
GMIP,0.003044937527633583
LPAR2,0.003044937527633583
MED1,0.0030449054991030715
NDUFAF5,0.003044804387335395
NMRAL1,0.003044792932736489
LINC00649,0.0030444734438209594
LINC00365,0.0030434014885937803
MEOX1,0.0030432734765969936
OR51A7,0.003042238076604573
ERF,0.0030418430191811534
CIC,0.0030418430191811534
SUGP2,0.003041038180766151
OR51A2,0.003040641010474206
OR51A4,0.003040641010474206
BAZ1A,0.0030398284848640465
PRSS55,0.0030392804796802128
PTDSS2,0.0030392529337617824
OR51G2,0.0030391440453548563
OR51G1,0.0030391440453548563
JAK1,0.0030389189815485306
TMPRSS2,0.0030387630073426754
IFNB1,0.0030385621419505337
RASAL3,0.003037911104786877
MIR1470,0.003037911104786877
CALN1,0.0030379053917343186
LINC00544,0.003037102595541124
LINC00572,0.003037102595541124
FAM84A,0.003035834274019316
RN7SL842P,0.0030329885922825636
CLEC17A,0.0030329885922825636
RN7SL337P,0.0030329885922825636
OR51L1,0.0030325009782598807
CCDC8,0.003032313730441827
INSM2,0.00303214166929856
SLC15A1,0.003031934199852852
OGDHL,0.003031492648367848
KIF2B,0.0030311691307749423
ADC,0.0030294679560312235
RNA5SP261,0.003029042389187907
COL6A1,0.0030288753076180516
MYH8,0.0030284610784411374
RN7SKP206,0.0030281425209228766
ARRDC2,0.003027405023659868
OR5P2,0.0030241239391248682
ERBB4,0.003023950060690135
POM121C,0.0030226903704685514
PMS2P3,0.0030226903704685514
TRIM62,0.003022613679578419
CEBPD,0.0030218149023031305
RN7SL740P,0.003021793031449825
ATP5O,0.003021793031449825
PPP3CB,0.0030217222581539324
USP54,0.0030217222581539324
PPAP2B,0.0030214009188459802
PBX4,0.0030195817708418625
UBN1,0.003018629489563002
SOD1,0.003018561343719572
SAMD1,0.0030175326663944443
C19orf67,0.0030175326663944443
PRKACA,0.0030175326663944443
ASF1B,0.0030175326663944443
RNA5SP464,0.0030169170708624154
RN7SKP32,0.003016082753485506
ESF1,0.0030152982814144057
ZNF44,0.0030152934889469945
C4orf22,0.003015172552514465
URB1,0.003015146095489274
ZNF700,0.0030150242517449446
ZNF763,0.0030150242517449446
POU5F1B,0.0030150166395672123
RNF113B,0.0030149333132109646
RN7SL60P,0.003014329642136237
RN7SL642P,0.003014012691364569
C8orf49,0.003013811744551255
NEIL2,0.003013811744551255
VASP,0.003013051878074522
BRCA1,0.003013020278203552
OR52E2,0.0030125808770668583
OR52J3,0.0030125808770668583
ZNF66,0.003012325044720275
ZNF737,0.003012325044720275
ZNF93,0.003012325044720275
ZNF90,0.003012325044720275
ZNF85,0.003012325044720275
ZNF253,0.003012325044720275
ZNF826P,0.003012325044720275
ZNF626,0.003012325044720275
ZNF430,0.003012325044720275
ZNF486,0.003012325044720275
ZNF682,0.003012325044720275
PPP6R3,0.003012195539916829
MIR2053,0.00301214340231276
RHOD,0.0030119838308203498
MRPS17,0.0030118761341749885
RN7SL64P,0.0030118761341749885
ZNF713,0.0030118761341749885
NOL10,0.003011637996771022
RNA5SP252,0.0030108118397258977
ROCK2,0.0030099393646169114
CYP4F23P,0.003009518857347134
ICMT,0.0030084329866244407
RPL22,0.0030084329866244407
RNF207,0.0030084329866244407
RN7SL625P,0.003007214013831404
TYW1B,0.003007214013831404
RN7SL377P,0.003007214013831404
DNAJA3,0.0030064413397647956
MRPL17,0.0030062213601923667
SMAD9,0.0030061866091073896
FAM3C,0.003005015656413518
MAST3,0.00300480727313079
IL12RB1,0.00300480727313079
WNT16,0.0030042626074408183
PALM3,0.003003292160065331
CEACAMP3,0.003003053949186985
CCDC91,0.0030025226830592763
KATNAL1,0.003002046384720329
GCOM1,0.0030019941412023935
MIR4525,0.003001023024879965
LSM4,0.003000947187368722
MSS51,0.0029978194585604744
ANXA7,0.0029978194585604744
TRPC4,0.0029977020889123086
MIS18A,0.0029967137293086614
FOSB,0.0029965018174914733
PPM1N,0.0029965018174914733
RTN2,0.0029965018174914733
CORO7,0.002996302899661632
SOX7,0.00299293042733416
ZNF709,0.0029919351219930084
MIR4286,0.002991411439992388
CSTF2T,0.0029896298366809105
PINX1,0.002989028266869708
GGACT,0.002988628988103225
IGSF23,0.0029882742485747658
FN3K,0.0029877373417721512
FN3KRP,0.0029877373417721512
FLRT3,0.002987161257018711
ZNF564,0.0029870317414343816
SNORA51|ENSG00000206898.1,0.0029862847286132766
ZFP14,0.002985059996155853
AK2,0.0029844443237174267
FARP1,0.002984002262599308
MIR4261,0.0029831451515358698
SNORA2|ENSG00000206647.1,0.0029831451515358698
C2orf48,0.0029831451515358698
CPED1,0.002982350633611898
SNORD77|ENSG00000212414.1,0.0029822511527302096
ATP6V1C2,0.0029813939301509816
RGS22,0.0029810649889814673
TNFAIP1,0.002980210970464136
TMEM97,0.002980210970464136
IFT20,0.002980210970464136
CEACAM21,0.002978620369295085
OLFML1,0.0029781059540553187
AK5,0.0029773511708360797
ING3,0.002976890152921474
RNA5SP240,0.002976890152921474
RNA5SP241,0.002976890152921474
HBM,0.0029757011559853365
POLR3K,0.0029757011559853365
RGS11,0.0029757011559853365
AXIN1,0.0029757011559853365
NPRL3,0.0029757011559853365
HBQ1,0.0029757011559853365
HBA1,0.0029757011559853365
ARHGDIG,0.0029757011559853365
WASH4P,0.0029757011559853365
WASIR2,0.0029757011559853365
DECR2,0.0029757011559853365
DDX11L10,0.0029757011559853365
CAPN15,0.0029757011559853365
RAB11FIP3,0.0029757011559853365
HBA2,0.0029757011559853365
HBZ,0.0029757011559853365
C16orf11,0.0029757011559853365
MIR3176,0.0029757011559853365
NME4,0.0029757011559853365
NHLRC4,0.0029757011559853365
MRPL28,0.0029757011559853365
PDIA2,0.0029757011559853365
PIGQ,0.0029757011559853365
MIR5587,0.0029757011559853365
MPG,0.0029757011559853365
ITFG3,0.0029757011559853365
SNRNP25,0.0029757011559853365
LUC7L,0.0029757011559853365
RHBDF1,0.0029757011559853365
TMEM8A,0.0029757011559853365
NFIX,0.002975371230718789
ODC1,0.0029747256156884214
SNORA80B,0.0029747256156884214
CSDE1,0.002974721984108985
NSMCE2,0.002972515644403684
SCAF4,0.0029721123417721512
EPS8L2,0.0029719948605691398
TMEM80,0.0029719948605691398
DEAF1,0.0029719948605691398
CCDC97,0.0029703363914373062
KCNQ3,0.0029702809353072423
SNORD112|ENSG00000252565.1,0.00297020652898068
SNORA25|ENSG00000251744.1,0.0029687216730501192
POLDIP2,0.0029684273110855385
PPL,0.002967708602428318
snoU13|ENSG00000238513.1,0.0029669688604415816
NEDD4,0.0029669688604415816
MIR4471,0.0029655983440223777
ZNF233,0.0029648813744814107
OC90,0.002964494150694849
RN7SL66P,0.0029640289661483138
LINC00665,0.002963950135918066
AGO4,0.0029637529934998293
FPGT,0.002963473094563147
DZANK1,0.002963151545193121
ASAP1,0.002962648350479432
HUNK,0.0029615638185654007
ETV4,0.002961487316394791
MAP2K4,0.0029601191723348484
LINC00411,0.002958716444377369
TSPAN12,0.0029585472809678195
TMIGD1,0.002956564959040355
BLMH,0.002956564959040355
LPHN1,0.0029561013423846476
C8orf74,0.0029547082897116205
RP1L1,0.0029547082897116205
ABCC9,0.002954616787885062
RASGEF1B,0.0029541721007543785
C17orf105,0.002953041730533024
MPP3,0.002953041730533024
STK24,0.0029516441917552907
FAM49B,0.002951303052866716
SNORA70|ENSG00000206661.1,0.0029502426953459627
RN7SL318P,0.0029502426953459627
SNORA72|ENSG00000252158.1,0.0029492950607568234
SNORA12|ENSG00000212342.1,0.0029488413086753667
TASP1,0.002947957784650704
DUSP3,0.0029460511133894314
NBR1,0.0029457770378867047
DENND2C,0.002942613214836229
RN7SKP218,0.002942317112543557
SNX6,0.002941837553208442
HBD,0.0029417639618160127
OR51V1,0.0029417639618160127
HBB,0.0029417639618160127
OR52A1,0.0029417639618160127
OR52A5,0.0029417639618160127
HBG1,0.0029417639618160127
HBBP1,0.0029417639618160127
RN7SKP277,0.002940141363053663
BCAS2,0.0029395149665381506
RNA5SP303,0.0029391927567572504
RN7SL329P,0.0029390915860014887
MIR4660,0.0029384410393071265
PPP1R3B,0.0029384410393071265
ERI1,0.0029384410393071265
U3|ENSG00000252543.1,0.0029384410393071265
RAB40B,0.002937668230758038
TMEM106A,0.002937510785378574
ARL4D,0.002937510785378574
LINC00854,0.002937510785378574
LINC00910,0.002937510785378574
ERCC1,0.0029371862663532403
KCNV1,0.002936553964971941
U3|ENSG00000200545.1,0.0029343167908614633
NUDT16L1,0.002934256832012742
ANKS3,0.002934256832012742
KCNF1,0.0029337691227590396
PVR,0.0029333223520740612
KIAA1522,0.002932534724108582
YARS,0.002932534724108582
MRVI1,0.002932525186469658
SYNC,0.0029323400517918905
RN7SL568P,0.0029313202388584797
DSCAM,0.0029302599819431394
SRL,0.0029299710753776568
ANXA11,0.0029294839487948115
LINC00857,0.0029294839487948115
MBL1P,0.0029294839487948115
NUTM2B,0.0029294839487948115
EIF5AL1,0.0029294839487948115
NUTM2E,0.0029294839487948115
PLAC9,0.0029294839487948115
TMEM254,0.0029294839487948115
SFTPD,0.0029294839487948115
SFTPA2,0.0029294839487948115
SFTPA1,0.0029294839487948115
AMPD1,0.0029283328272092335
NRAS,0.0029283328272092335
RN7SL432P,0.0029283328272092335
PCBP3,0.0029279692088192808
HPCAL1,0.0029275688524503978
CPD,0.002927481107330409
EMR3,0.0029265963148223774
IFNE,0.0029263575863606728
SNORA31|ENSG00000252762.1,0.0029257281677534837
ZNF136,0.0029256619767721714
ZNF625,0.0029256619767721714
OR52A4,0.0029254019965601645
EXOSC5,0.0029245461231757826
TMEM91,0.0029245461231757826
B9D2,0.0029245461231757826
BCKDHA,0.0029245461231757826
RLN3,0.002924340929971419
IL27RA,0.002924340929971419
SEPT14,0.0029240951649354796
PVRL2,0.002923782615735959
B3GALTL,0.002922984016438439
RN7SL293P,0.0029221471400019015
AGO3,0.0029216643859048897
BRCA2,0.002921228783626397
MTMR9,0.002920867992766723
LINC00398,0.0029207998054993486
LINC00545,0.0029207998054993486
MEDAG,0.0029207998054993486
C9orf69,0.0029205615771197833
RNF167,0.0029204627912601815
SLC25A11,0.0029204627912601815
PFN1,0.0029204627912601815
LINC00159,0.002919810938007141
SLC35G5,0.002919623108403919
TDH,0.002919623108403919
FKSG48,0.002918762789518481
RNF19B,0.002918762789518481
COMP,0.0029172459437394453
CXCL16,0.002917150420597165
MED11,0.002917150420597165
snoU13|ENSG00000238407.1,0.0029169211590097627
ZFP82,0.002915942227957931
SNAI2,0.0029153358797533524
S100PBP,0.002914724470762935
TMEM54,0.002914724470762935
HPCA,0.002914724470762935
FNDC5,0.002914724470762935
HSPH1,0.0029144236349661944
INSC,0.002914358497542304
NSUN5P1,0.0029127965736629327
RN7SL674P,0.002912684265342091
RNA5SP85,0.002912684265342091
MIR4429,0.00291261416439673
GREB1,0.00291261416439673
RNA5SP84,0.00291261416439673
E2F6,0.00291261416439673
LINC00570,0.00291261416439673
LINC00840,0.0029112232018731273
NACC2,0.0029109874748998784
UPF1,0.0029102470613412783
RNA5SP465,0.0029093527292901513
ZNF433,0.0029093527292901513
TMEM235,0.002908997477783276
PARVA,0.002908663654631323
NXPH3,0.0029082786940815286
LRRTM1,0.002907111844921421
ZNF497,0.002907016855073441
ATP6V0A1,0.002906933770343578
CEACAM19,0.0029065010916116208
ZNF844,0.0029062728188727115
ZNF878,0.0029062728188727115
RNA5SP466,0.0029062728188727115
TK1,0.00290556066284798
BIRC5,0.0029053296560827826
XRCC6BP1,0.002905302690247477
DRD4,0.0029051465689540253
RNA5SP358,0.0029048425080953765
ALG10,0.0029048425080953765
ALG10B,0.0029048425080953765
SYT10,0.0029048425080953765
RNA5SP359,0.0029048425080953765
MIR1273A,0.0029029293592971427
MIR330,0.002902651136560335
EML2,0.002902651136560335
RN7SL836P,0.002902651136560335
GLIS2,0.002901215850523656
MIR4264,0.0028992321199255732
PAM16,0.0028991788456407723
AXL,0.002898052878101647
SNORD98,0.002897292802365329
TECR,0.0028967212382605147
CEACAM4,0.0028964645588886906
KIAA0196,0.0028964357175171717
CXCL12,0.002895048291505085
UOX,0.0028944984452660195
SAMD13,0.0028944984452660195
TMTC4,0.002894241612247046
STOX1,0.0028939896516677406
BCAM,0.002893586013970395
TFAP4,0.0028935506138541797
PRKDC,0.0028928094590083987
GATA4,0.0028913790806129234
IFNA10,0.0028913502109704694
IFNA17,0.0028913502109704694
IFNA7,0.0028913502109704694
IFNA16,0.0028913502109704694
SNORA26|ENSG00000212558.1,0.0028897624544445815
RRM2,0.0028897624544445815
TRIM73,0.0028894848896547183
STAG3L1,0.0028894848896547183
RNA5SP475,0.0028893093871036127
RBBP4,0.0028884753988518857
TEKT5,0.002887618564099063
FAM83D,0.0028870738487469646
POLR2K,0.002886055598518461
FBXO43,0.002886055598518461
ATG4C,0.002885806879809623
snoU13|ENSG00000238354.1,0.002885508166059913
OPA3,0.0028854366167298537
FRYL,0.0028848578050803806
SLAIN2,0.0028848578050803806
OCIAD2,0.0028848578050803806
SLC10A4,0.0028848578050803806
TEC,0.0028848578050803806
CWH43,0.0028848578050803806
ZAR1,0.0028848578050803806
OCIAD1,0.0028848578050803806
ALOX5AP,0.0028841819208507823
A1BG,0.0028837527922561425
TEKT2,0.002883484433800887
COL8A2,0.002883484433800887
ADPRHL2,0.002883484433800887
IFNA8,0.0028826798394566214
DHX8,0.002881795634417111
GPR4,0.002881673208891471
CYS1,0.0028814480970586844
GRHL1,0.0028814480970586844
KLF11,0.0028814480970586844
ST3GAL1,0.002881289659000619
RN7SL872P,0.002881052224556905
CYB5D2,0.0028800088688220615
ZNF563,0.002879773351228094
ZNF442,0.002879773351228094
ZNF443,0.002879773351228094
ZNF799,0.002879773351228094
PIK3R2,0.0028795645315980107
ZNF333,0.0028793416955900366
ZNF8,0.0028786163947742494
HIP1,0.0028785663397176784
VASN,0.0028771995206050933
ZIC2,0.002876496444000078
ZIC5,0.002876496444000078
LINC00554,0.002876496444000078
SPAG1,0.002876252304006795
A3GALT2,0.002874934354683905
ZNF362,0.002874934354683905
ZNF112,0.0028746349661907477
PPFIBP2,0.0028736365057040096
FAM19A2,0.0028719491334495938
KRT18P55,0.002871879555044113
ATP5SL,0.0028714473735144937
B3GNT8,0.0028714473735144937
KLF6,0.0028705822424176857
C19orf69,0.002870479619091855
SSTR2,0.00287042661774002
TEAD1,0.0028701860619920324
A1CF,0.0028694445553647716
UBA52,0.002868388196124003
MAP7D1,0.00286802514539856
TRAPPC3,0.00286802514539856
ISM1,0.002867487166406273
TNK1,0.0028669845673660425
AFMID,0.0028669212455507596
RN7SKP21,0.0028660912926735727
PIP4K2C,0.002864039261453752
IFNA4,0.002863426640595525
TCF12,0.002863406117701914
NLK,0.0028633563482930577
EBLN1,0.002862921998319579
MET,0.002862705418609812
PHRF1,0.0028626590209701415
CDHR5,0.0028626590209701415
IRF7,0.0028626590209701415
SCT,0.0028626590209701415
MIR4652,0.002862441275143499
LINC00841,0.002861783858930271
ZNF572,0.002861409256386039
SQLE,0.002861409256386039
C10orf115,0.0028612278067795187
MSRB2,0.0028612278067795187
SNORA40|ENSG00000252049.1,0.0028612278067795187
PTF1A,0.0028612278067795187
ZSCAN22,0.002861214377580722
DHX35,0.002861090729179332
TFPI2,0.002860889752132618
IFNW1,0.0028603649960550243
PYY2,0.002859539700805523
SOHLH1,0.0028592122471857613
KCNT1,0.0028592122471857613
LINC00964,0.0028590773976699593
MIR605,0.002859062412650243
PPY2,0.0028585116992711924
TIMP2,0.0028581364460799506
RN7SL832P,0.002857262309824194
UBE2V2,0.002857238683338897
snoZ6|ENSG00000252200.1,0.0028565773089958835
CEACAM16,0.0028565773089958835
C10orf113,0.002855718240795577
KXD1,0.0028556828532839127
TM4SF5,0.0028555188260904626
GLTPD2,0.0028555188260904626
ZMYND15,0.0028555188260904626
PSMB6,0.0028555188260904626
VMO1,0.0028555188260904626
PLD2,0.0028555188260904626
SNORA30|ENSG00000200063.1,0.002855517054428021
SOCS3,0.002855517054428021
RN7SL236P,0.002855517054428021
PGS1,0.002855517054428021
RN7SL131P,0.0028538958262059487
GATSL1,0.00285382563456823
OR2AG2,0.0028529718185133037
OR2AG1,0.0028529718185133037
OR6A2,0.0028529718185133037
GVINP1,0.0028529718185133037
RN7SKP16,0.0028523161478423054
MIR3605,0.0028523161478423054
COX7A1,0.0028520827040830307
RN7SL231P,0.002850095064311965
MBIP,0.002849510292801434
TRIM33,0.0028491122326992076
TNNI3K,0.002848891287950553
CLCA1,0.002847796026743357
MYH13,0.0028477673676866287
MIR2117,0.002847708762633691
ARMC3,0.002846682552581918
RNA5SP304,0.002846682552581918
CYTH1,0.002845078334388584
MIR4662B,0.002844970866947416
ZNF565,0.0028439935198660018
GATSL2,0.0028437189343230172
WBSCR16,0.0028437189343230172
GTF2IRD2B,0.0028437189343230172
C8orf12,0.0028437041972018615
ERCC2,0.002843642688435618
PPP1R13L,0.002843642688435618
CKM,0.002843642688435618
KLC3,0.002843642688435618
CD3EAP,0.002843642688435618
SCARNA20|ENSG00000251818.1,0.0028427502876869986
SNORA70|ENSG00000202389.1,0.0028427502876869986
PYY,0.002841026057474643
FKBP8,0.0028407827370669323
C19orf60,0.0028403076608976945
CLYBL,0.0028389933784828984
RHBDD2,0.002838934820067597
Vault|ENSG00000252283.1,0.0028387763713080185
PTCSC3,0.0028382815496739567
CCAR1,0.0028377852721056963
LINC00609,0.002837731747858332
CCL24,0.0028376093511829794
ZNF529,0.0028362503089046924
SLC13A1,0.00283599293885242
ELL,0.0028359622076202995
ZSCAN20,0.002835135184078521
ZNF69,0.0028350554995777866
ZNF440,0.0028350554995777866
ZNF439,0.0028350554995777866
ANKRD46,0.002834960432135732
KRT42P,0.00283401477437855
STK36,0.002833926958183198
SNX31,0.002833000936139035
SDC3,0.002832231867243981
BMI1,0.002831590933090908
COMMD3,0.002831590933090908
FAM167A,0.002831004092509752
CCL26,0.0028290393664258764
RN7SL99P,0.0028281824890214516
BLK,0.002827798610450177
LINC00208,0.002827798610450177
LINC00705,0.002827629199581231
LINC00704,0.002827629199581231
RALGAPA1,0.0028273629018058075
C21orf62,0.0028262068148472166
NBR2,0.002825545867042928
MIR598,0.0028248672313695633
TBCD,0.0028247474970228923
MIR4747,0.00282417702271809
IQUB,0.0028226447079921255
PPY,0.0028214888728729497
FAM215A,0.0028214888728729497
GP1BA,0.002821474643231478
SPOP,0.0028210608892719853
TAS2R16,0.0028206202321492406
GNS,0.002820556895271311
snoU13|ENSG00000238592.1,0.002820556895271311
ANKEF1,0.002820388049515133
LRRIQ3,0.0028195338300517083
AP1M1,0.0028192164573211343
XKR6,0.002819210050442562
OR10H2,0.002818296745259258
CYP4F12,0.002818296745259258
NAGS,0.002818260872507515
TMEM101,0.002818260872507515
U3|ENSG00000221044.1,0.002818260872507515
DPPA3P2,0.002817427438946427
OR10H5,0.0028173250353422915
SCG2,0.002817044317218794
AQP3,0.0028169061286484258
OR10H3,0.002816649063226142
CNTLN,0.002816517940505765
USPL1,0.002816243941461575
SNORA40|ENSG00000212273.1,0.002816031215647003
HSPG2,0.002815455488690598
LDLRAD2,0.002815455488690598
TTLL4,0.002815235563493632
HMGB1,0.0028147302872021697
FKBP9L,0.0028133468042706167
RN7SL844P,0.0028119920053297836
DNAJC1,0.002811099938935646
PLCD4,0.002809669681519404
RNF25,0.002809669681519404
BCS1L,0.002809669681519404
ZNF142,0.002809669681519404
RQCD1,0.002809669681519404
U3|ENSG00000252805.1,0.002809669681519404
RNF148,0.0028089812473293028
RNF133,0.0028089812473293028
ZNF280D,0.002808410689170185
KRT17,0.0028078557260385957
ZNF790,0.002806120431642824
RN7SKP203,0.002806012658227844
IPO5,0.0028054507010274177
PCDH15,0.0028053711842347204
CYP4F3,0.0028053622788059983
CYP4F8,0.0028047383045449376
USP36,0.002803647511913207
CRLF1,0.0028036364921317923
C16orf71,0.002803257513837661
SEPT12,0.002803257513837661
ROGDI,0.002803257513837661
SMIM22,0.002803257513837661
ZNF500,0.002803257513837661
PCDH9,0.002803159917820926
NEBL,0.002802665711675227
ARHGAP21,0.002802099654506005
FKBP10,0.002800612191901161
LEPREL4,0.002800612191901161
DDC8,0.002799848615402195
COPE,0.0027997947100179914
GDF1,0.0027997947100179914
CERS1,0.0027997947100179914
DNPEP,0.002799666323991095
GPR18,0.002799592522024562
RN7SKP9,0.002799592522024562
KNDC1,0.002798879189644827
OR10H1,0.002798631806437986
CACNA1G,0.002798473044427219
KIAA0753,0.0027977821484806175
COASY,0.0027966743896925823
MLX,0.0027966743896925823
FAM134C,0.0027966743896925823
PSMC3IP,0.0027966743896925823
HAP1,0.0027962417605489807
GAST,0.0027962417605489807
RN7SL399P,0.0027962417605489807
RNA5SP442,0.0027962417605489807
KRT15,0.002794821784749348
KRT32,0.002794821784749348
LINC00974,0.002794821784749348
KRT35,0.002794821784749348
KRT36,0.002794821784749348
KRT13,0.002794821784749348
KRT19,0.002794821784749348
GRIN2A,0.0027933005784543876
EAPP,0.002792250224292955
CYP27A1,0.002792175920637725
PRKAG3,0.002792175920637725
ACKR6,0.0027920666139940905
RNA5SP435,0.0027920666139940905
LINC00709,0.0027919385695940454
CHRNE,0.0027916767448735546
RN7SL784P,0.0027916767448735546
MINK1,0.0027916767448735546
RN7SL171P,0.0027916767448735546
C17orf107,0.0027916767448735546
STC1,0.002791426667935664
SNORA67|ENSG00000207027.1,0.002791426667935664
GNGT1,0.0027913447492515617
LGALS9,0.002790401189941373
COX6C,0.0027902263595820484
SPDYE4,0.0027900991576728235
MCM4,0.0027895665904947783
RNA5SP37,0.0027875505296391313
RNA5SP467,0.0027873230071347854
ZNF20,0.0027873230071347854
ZNF788,0.0027873230071347854
RN7SL448P,0.0027864905908283797
RN7SL81P,0.0027864649373535904
CALU,0.002786228535814831
OPN1SW,0.002786228535814831
CD97,0.0027860478766843634
RN7SKP37,0.0027853840397056074
EIF1,0.0027847603998033
RNA5SP305,0.0027845629921065267
UFM1,0.0027842002301495983
ZNF146,0.0027841071967928802
EXOC3L2,0.00278340582825683
MIR597,0.002783396612040608
PAEP,0.0027833212667569677
OBP2A,0.0027833212667569677
DES,0.0027832248194030527
DNAJC30,0.0027827649608320655
WBSCR22,0.0027827649608320655
MLXIPL,0.0027827649608320655
VPS37D,0.0027827649608320655
METRNL,0.00278273717637719
B3GNTL1,0.00278273717637719
AKR1E2,0.00278228396274251
WSCD1,0.0027816000582545496
DDX39A,0.0027804748111474095
MBNL2,0.0027798936295771676
KIAA1217,0.0027795987859945193
snoU13|ENSG00000238722.1,0.0027790248539764626
PUM1,0.002777738645231241
RN7SKP219,0.002777298751624176
KLF2,0.0027771956906777586
PCTP,0.00277719212020302
TBL2,0.002776569227283029
EFCAB1,0.00277654899979047
RN7SL287P,0.0027760235042148303
IFNA2,0.0027751106308531444
SFTA3,0.002774530111238972
TYW3,0.002773626608021537
KRT14,0.0027734945217665133
KRT16,0.0027734945217665133
KRT9,0.0027734945217665133
LSM10,0.002773195347245979
LCN9,0.0027729985053015055
GLT6D1,0.0027729985053015055
MIR5010,0.0027726972197106643
MIR548AT,0.0027726972197106643
ASIC4,0.0027725014970422608
GMPPA,0.0027725014970422608
SPEG,0.0027725014970422608
INHA,0.0027725014970422608
SLC4A3,0.0027725014970422608
OBSL1,0.0027725014970422608
MIR3132,0.0027725014970422608
RN7SKP213,0.0027725014970422608
CHPF,0.0027725014970422608
STK11IP,0.0027725014970422608
TMEM198,0.0027725014970422608
SNORD112|ENSG00000251863.1,0.002772222864712558
WNT4,0.002771258214013972
CELA3B,0.002771258214013972
CELA3A,0.002771258214013972
LINC00339,0.002771258214013972
CDC42,0.002771258214013972
RN7SL768P,0.002771258214013972
RN7SL421P,0.002771258214013972
RN7SL186P,0.002771258214013972
RN7SL386P,0.002771258214013972
EVA1B,0.0027709801573725613
PNOC,0.0027702392018698545
snoU13|ENSG00000238305.1,0.0027698164462638454
SNORA25|ENSG00000201245.1,0.0027698164462638454
MIR4306,0.0027698164462638454
TM9SF2,0.0027698164462638454
LINC00619,0.002769401514557195
SDK2,0.0027691145407730605
NHEJ1,0.002769085125457332
RN7SL764P,0.002769085125457332
IHH,0.002769085125457332
MIR3131,0.002769085125457332
CCDC108,0.002769085125457332
CDK5R2,0.002769085125457332
CRYBA2,0.002769085125457332
FEV,0.002769085125457332
MIR375,0.002769085125457332
LINC00608,0.002769085125457332
RAP2A,0.0027689393939393874
POSTN,0.002768420033769614
ACLY,0.0027681516556254744
NT5C3B,0.0027673560271618673
KLHL10,0.0027673560271618673
RN7SL871P,0.0027673560271618673
RNY4P29,0.002767046646618644
ZNF395,0.002767006744169146
EPS15,0.0027670030715225926
MIR5194,0.0027666053763277473
FLNC,0.00276622036921622
CCDC136,0.00276622036921622
WDR45B,0.0027651336049341825
PLXDC2,0.0027644262197658465
snoZ178,0.0027638242312172765
ACAP1,0.002763366279405809
KCTD11,0.002763366279405809
TMEM95,0.002763366279405809
snoU13|ENSG00000238403.1,0.002763061703408391
CYP4F2,0.0027628702816008856
TMEM100,0.00276239242512388
RN7SL70P,0.0027620815928600263
HOMER3,0.0027620815928600263
GPR183,0.0027609122979116796
PGM1,0.002760696202531647
DOCK5,0.0027600685257447386
FCGBP,0.0027596913698893343
WDR62,0.0027590625772261723
OVOL3,0.0027590625772261714
TBCB,0.0027590625772261714
POLR2I,0.0027590625772261714
ELP3,0.002758437862216971
CLIP3,0.002758238831379223
THAP8,0.002758238831379223
CYP4F11,0.0027571927657984107
AQP7,0.002755674987624637
IFNAR1,0.0027555927075869763
SIX5,0.0027551858531600867
DMPK,0.0027551858531600867
MAT1A,0.0027551691286209884
LINC00905,0.0027541801400692203
LINC00661,0.0027541801400692203
CAPNS1,0.002753477580383864
BCL7B,0.0027532204906676786
EPS15L1,0.0027530654360507674
MIR639,0.0027525361116782364
DNAJB1,0.0027525361116782364
RNF19A,0.0027515721745315826
GPR123,0.002751403691745007
RN7SL130P,0.0027512658227848118
DYRK1B,0.002751236991680157
RN7SL651P,0.0027509774436090214
RN7SL826P,0.0027503326799913482
NEFL,0.0027498696107357006
MIR31HG,0.0027496269366166746
SYNE4,0.0027490925066586108
ALKBH6,0.0027490925066586108
SDHAF1,0.0027490925066586108
LSM12,0.0027486050910370493
PHC2,0.002747863131779576
OR10H4,0.0027474951658244076
MGAT5B,0.0027473920397966685
USP37,0.0027470950457419993
RN7SKP38,0.0027470950457419993
CAMSAP1,0.002745098141820293
RN7SL576P,0.0027448043882863276
UBE2G1,0.0027446249563277706
ARRDC5,0.0027421462867119758
ZNF833P,0.00274207076043192
MIR4421,0.0027407362328248372
U3|ENSG00000222666.1,0.0027397746759971744
RN7SKP39,0.0027397746759971744
PKHD1L1,0.0027379307363673746
LCN6,0.002737333451669085
FAM69B,0.002737333451669085
SNHG7,0.002737333451669085
LCN10,0.002737333451669085
WNT10A,0.002737302831746294
WNT6,0.002737302831746294
SH3D21,0.0027363581936366717
TMEM61,0.0027356551870447617
BSND,0.0027356551870447617
KRT37,0.00273505572161844
KRT38,0.00273505572161844
TICAM1,0.0027349878406185673
PLIN3,0.0027349878406185673
SNORA40|ENSG00000252138.1,0.002734502248144602
HSD17B1,0.0027336318942133794
MIR4418,0.0027333444006363704
NAGLU,0.0027332363245931262
ZNF627,0.0027325862680868222
CNN1,0.0027325862680868222
ELOF1,0.0027325862680868222
ACP5,0.0027325862680868222
RAB3A,0.002732322471723091
MPV17L2,0.002732322471723091
IFI30,0.002732322471723091
CBLC,0.002731935363191194
snoU13|ENSG00000238522.1,0.002731650733233006
ZNF235,0.0027315341751523335
SLC7A1,0.002731533207216587
ENY2,0.0027312630130472706
RN7SL774P,0.002730320621355053
SPNS3,0.002730320621355053
FBL,0.0027292649441225635
TMEM18,0.0027284808203423983
MIR27A,0.0027284191251531267
NANOS3,0.0027284191251531267
MIR23A,0.0027284191251531267
MIR181C,0.0027284191251531267
MIR181D,0.0027284191251531267
DPP9,0.0027281411735361966
BLOC1S3,0.002727192017555126
SLX4IP,0.0027271911416587606
POM121,0.002727141041858493
RFX7,0.00272692238844138
GRHL2,0.002726612329506422
C21orf54,0.0027262207486290456
NSUN5,0.0027257556069954455
GTF2IRD2P1,0.0027257556069954455
STAG3L3,0.0027257556069954455
NCF1B,0.0027257556069954455
NSUN5P2,0.0027257556069954455
TRIM74,0.0027257556069954455
FBXO46,0.0027252907707168883
CRTC1,0.0027250015704997316
MICAL2,0.002724126212536428
IFNAR2,0.002724108702473108
UBAC2,0.002723960082250189
MIR623,0.002723960082250189
KLHL11,0.0027237290664073473
PCCA,0.0027229225225905056
ENKUR,0.00272202314167231
THNSL1,0.00272202314167231
DKK3,0.0027219023228500583
CHAT,0.0027211063258388317
C10orf53,0.0027211063258388317
LINC00958,0.0027208338770716434
HCN1,0.0027207772741134283
HDAC5,0.002719989578363597
ZNF566,0.0027189708668552124
CREBBP,0.00271727067799549
LINC00458,0.0027168400054615838
FGF5,0.002715593562211374
PRDM8,0.002715593562211374
ZBTB8OS,0.0027151853461545444
OSBPL9,0.0027149149360423397
FAM170B,0.002714889282255105
VSTM4,0.002714889282255105
JUP,0.0027144577847272424
ABCB4,0.002712699206370092
ZNF223,0.002712132802510428
ZNF284,0.002712132802510428
SNORA63|ENSG00000201448.1,0.0027118980497174436
WAC,0.002711632236342832
CIB3,0.0027112039128385943
HSH2D,0.0027112039128385943
FAM32A,0.0027112039128385943
TPM4,0.0027112039128385943
RAB8A,0.0027112039128385943
KRT223P,0.002710250346706154
KRT24,0.002710250346706154
FEZF1,0.0027100341148697405
LINC00359,0.0027084476704729854
RN7SKP7,0.0027084476704729854
OXGR1,0.0027084476704729854
SNORD112|ENSG00000252154.1,0.0027084476704729854
DNASE2B,0.0027081321214148957
CROT,0.002707420871977833
SMARCE1,0.0027069131273171304
KRT222,0.0027069131273171304
GSDMA,0.002706904839520635
UBAC1,0.002706630870100627
MTSS1,0.0027061809316957603
SLC4A1,0.0027059271365200504
NEFM,0.002705655277434094
C17orf53,0.002705142130141874
UBTF,0.002705142130141874
ATXN7L3,0.002705142130141874
ASB16,0.002705142130141874
TMUB2,0.002705142130141874
RN7SL833P,0.0027046549480494574
ECSIT,0.0027046549480494574
ZNF653,0.0027046549480494574
RN7SKP241,0.0027038785284624785
PRTFDC1,0.0027038785284624785
ZNF180,0.002703871731446789
LRRC3C,0.0027038438800148085
SSBP4,0.0027019292502556197
ISYNA1,0.0027019292502556197
ADRA2A,0.0027018597190913824
RN7SL864P,0.0027017668314527035
MIR4680,0.0027017648907577594
PDCD4,0.0027017648907577594
RN7SL686P,0.002701689028090862
SMC3,0.002701689028090862
NNAT,0.002701528068336607
BLCAP,0.002701528068336607
ACP1,0.00270009885033598
FAM110C,0.00270009885033598
FAM150B,0.00270009885033598
SH3YL1,0.00270009885033598
NALCN,0.0026997995067643246
CYP4F24P,0.002698511763290551
TMEM59L,0.002698499387505101
ATP6V1F,0.0026974346851203115
KCP,0.0026974346851203115
ADAM7,0.002697378890263638
MIR4503,0.0026971256872522676
MICALCL,0.002696458088651095
CFL2,0.0026964205360112494
snoU13|ENSG00000239125.1,0.002696110412692908
SHOC2,0.0026958340558349233
BBIP1,0.0026958340558349233
MIR548E,0.0026958340558349233
LINC00449,0.0026943877454771847
SNORD103A,0.0026939995994668775
LINC00861,0.002693327424313772
IZUMO3,0.002693175076087273
SYT12,0.002693049902558441
U3|ENSG00000252709.1,0.002693049902558441
RN7SL155P,0.0026928730722115745
KLHL26,0.0026928730722115745
KRT33A,0.002692240964920518
KRT33B,0.002692240964920518
SPAG6,0.0026917397831985736
LYVE1,0.0026912550218832136
RNF141,0.0026912550218832136
RPF1,0.002690644807524303
GNG5,0.002690644807524303
SPATA1,0.002690644807524303
ADAM28,0.0026906252974207715
LPAR3,0.002689685681889994
LINC00434,0.0026896443457672904
SEPT9,0.002688843316125692
HPN,0.002688678986243447
SCARNA16|ENSG00000252329.1,0.002688590195310801
CPNE8,0.002688532949240923
AKR1D1,0.0026882325363338025
snoU13|ENSG00000239145.1,0.0026882325363338025
MIR4468,0.0026882325363338025
BET1,0.002687729942367865
GNG11,0.002687729942367865
GSDMC,0.002687689759448083
SCN1B,0.0026873692303468
SNORA25|ENSG00000200075.1,0.002686392025164495
EIF3M,0.0026862574083558913
ZNF227,0.002685836409016543
SON,0.00268404070488955
RN7SKP223,0.002683209430044874
RUNDC3A,0.002682021662115658
U3|ENSG00000221496.1,0.002682021662115658
SLC25A39,0.002682021662115658
RN7SL507P,0.002682021662115658
LRG1,0.0026813244372388837
PLIN5,0.0026813244372388837
CHAF1A,0.0026813244372388837
C19orf10,0.0026813244372388837
HDGFRP2,0.0026813244372388837
MIR4746,0.0026813244372388837
RN7SL528P,0.0026813244372388837
SEMA6B,0.0026813244372388837
TNFAIP8L1,0.0026813244372388837
UBXN6,0.0026813244372388837
PLIN4,0.0026813244372388837
RN7SL121P,0.0026813244372388837
GPR158,0.002680870308769813
FAM171A2,0.0026801843411529422
RN7SL258P,0.0026801843411529422
ITGA2B,0.0026801843411529422
GRN,0.0026801843411529422
KRT31,0.002679461182723811
KRT34,0.002679461182723811
RNY3P6,0.0026788960365221014
ADAMDEC1,0.002678503854573145
FEM1A,0.0026777826276735035
MSRB3,0.0026775753833487687
TTC39A,0.002677569512063181
SSX2IP,0.0026769791260060592
C1orf180,0.0026769791260060592
CTBS,0.0026769791260060592
C1QA,0.0026769730926194937
EPHA8,0.0026769730926194937
C1QB,0.0026769730926194937
C1QC,0.0026769730926194937
FXYD3,0.002676891183173618
G6PC3,0.00267575852933115
FKBP6,0.0026752661153611216
TRIM50,0.0026752661153611216
CEACAM20,0.0026752106447488154
SLC25A37,0.002675012848577141
ZNHIT6,0.0026747002732392783
PSMD3,0.002673974661443514
RNY4P28,0.0026738047409884977
C1orf185,0.002673739586714269
RNF11,0.002673739586714269
snoU13|ENSG00000238618.1,0.002673739586714269
CCT6A,0.0026724057312714953
SNORA15|ENSG00000207168.1,0.0026724057312714953
SNORA22|ENSG00000206603.1,0.0026724057312714953
SUMF2,0.0026724057312714953
THRAP3,0.0026717841258980463
RN7SL807P,0.002671686352968337
DDX49,0.002671555844423482
IFNA21,0.0026715249905663644
ZNF234,0.0026714221103002348
ZNF225,0.0026714221103002348
ZNF226,0.0026714221103002348
ANKFY1,0.0026700462253755834
C10orf128,0.0026696002137537186
IL10RB,0.0026693406763230723
COL16A1,0.002668820260428965
FP15737,0.002668343009422292
BRMS1L,0.0026680577931210855
ENTPD4,0.0026679927667269464
UTS2R,0.0026664868479037186
SNAP25,0.0026663424412027865
AASS,0.0026663082387060164
HMGB4,0.0026656997714381158
MIR744,0.0026656940051000833
ZBTB40,0.0026654022272947376
PIK3R6,0.002664822812794416
DMWD,0.0026640544298213746
MKKS,0.002663832828634305
LBP,0.0026630834719218303
IFNA1,0.002662194322767568
PPP1R16B,0.0026619190200483614
GIPR,0.002661525017728217
MIR642A,0.002661525017728217
QPCTL,0.002661525017728217
SNRPD2,0.002661525017728217
PSPH,0.0026610361488705525
LINC00334,0.002660925394429055
SLC19A1,0.002660925394429055
LINC00316,0.002660925394429055
POFUT2,0.002660925394429055
LINC00315,0.002660925394429055
COL18A1,0.002660925394429055
LINC00205,0.002660925394429055
MFSD6L,0.00266019607660233
CREB3L2,0.0026579176492567574
DCLRE1C,0.002657539152353273
SUV39H2,0.002657539152353273
HSPA14,0.002657539152353273
CDNF,0.002657539152353273
NDUFB9,0.0026562321680912264
MTRNR2L8,0.0026556522484904176
ZBTB8A,0.0026555431810362
LINC00489,0.0026554144370844065
FBXO16,0.002654628152602609
ZBED5,0.002654587520118316
EBAG9,0.0026521869123866206
SNORD112|ENSG00000252559.1,0.0026521869123866206
ZNF705D,0.0026520338821737904
DEFB130|ENSG00000233050.1,0.0026520338821737904
DEFB134,0.0026520338821737904
CTSB,0.0026520338821737904
DEFB135,0.0026520338821737904
RNA5SP254,0.0026520338821737904
USP17L2,0.0026520338821737904
DEFB136,0.0026520338821737904
FAM66A,0.0026520338821737904
DEFB130|ENSG00000232948.1,0.0026520338821737904
FAM66D,0.0026520338821737904
FAM86B1,0.0026520338821737904
RNA5SP253,0.0026520338821737904
FAM86B2,0.0026520338821737904
FDFT1,0.0026520338821737904
MEF2BNB,0.0026513121913714775
TMEM161A,0.0026513121913714775
SLC25A42,0.0026513121913714775
RFXANK,0.0026513121913714775
NR2C2AP,0.0026513121913714775
MEF2B,0.0026513121913714775
MIR29B1,0.0026510605832670703
MIR29A,0.0026510605832670703
CHCHD2,0.0026509357291562233
PHKG1,0.0026509357291562233
snoU13|ENSG00000238673.1,0.0026509357291562233
PCSK9,0.0026507881080556797
NUPR1L,0.0026500423054228815
SH3GLB1,0.0026499496171639965
ZNF260,0.0026487987039731983
RNA5SP302,0.002647295950928134
VSTM2A,0.002645455506941425
PDGFRL,0.0026453015186043414
RNA5SP52,0.0026451981847468685
USP24,0.0026446966390222637
LMO4,0.002644344986356177
ZFAND2B,0.002644119306480028
GLB1L,0.002644119306480028
STK16,0.002644119306480028
ANKZF1,0.002644119306480028
ATG9A,0.002644119306480028
ABCB6,0.002644119306480028
KRT40,0.002643539110111665
FXYD1,0.002643090145253851
LGI4,0.002643090145253851
SLC23A3,0.0026426897609232156
CNPPD1,0.0026426897609232156
FAM134A,0.0026426897609232156
SNORA75|ENSG00000212620.1,0.0026420635341906236
PCAT4,0.0026420635341906236
GART,0.0026418185138875213
SNORD85,0.0026418059900419188
SNORD103B,0.0026418059900419188
NR1D1,0.0026414284846040374
DEPDC7,0.0026412643594058666
QSER1,0.0026412643594058666
TBC1D30,0.002640535255848624
snoU13|ENSG00000239065.1,0.0026398185927511697
LINC00599,0.0026394829296673954
PIGK,0.002638625351969763
C10orf112,0.002638609201893452
TAF3,0.0026386048511011914
SYBU,0.0026385704919922493
LRRC53,0.002638486602578714
CRYZ,0.0026383211115115586
THRA,0.002637798429738825
NFIA,0.0026371808624758636
C1orf173,0.0026369971829742793
PDE4C,0.00263668032624462
ST6GALNAC5,0.0026365579259785402
RN7SL350P,0.0026363216131826983
DTX3,0.0026361821827213697
ARHGEF25,0.0026361821827213697
SLC26A10,0.0026361821827213697
RNA5SP51,0.002635933753415491
LINC00293,0.0026349654658895465
MIR599,0.0026330887355145573
MIR875,0.0026330887355145573
RNF112,0.002632891008785336
MFAP4,0.002632891008785336
MAPK7,0.002632891008785336
MIR1180,0.002632891008785336
RESP18,0.002632350650564374
ADARB1,0.00263148132786967
CYR61,0.0026305507537314806
SNORD81|ENSG00000199934.1,0.0026305507537314806
RBM20,0.0026304923701659234
RNA5SP327,0.0026304923701659234
RN7SKP288,0.0026304923701659234
MIR4254,0.0026303870112416717
SPOCD1,0.0026303870112416717
DSCR9,0.0026303189321697034
RN7SL678P,0.0026303189321697034
CLCA3P,0.0026302304371170716
BCL3,0.0026287375832667937
SNORA70|ENSG00000253027.1,0.0026287375832667937
RNA5SP306,0.0026281244105486948
snoU13|ENSG00000238852.1,0.002628017390635217
ATP5C1,0.0026271680533055063
CHAD,0.0026269551241969915
ACSF2,0.0026269551241969915
WT1,0.002626074485988145
AKAP10,0.0026259977365340587
LRRC8C,0.0026244382497664716
PTP4A2,0.0026241941049343505
SLC25A19,0.002623848902029626
MIF4GD,0.002623848902029626
MSL1,0.0026232008575106775
CCDC73,0.0026221321431184586
ANK3,0.002621662960735271
FAM187B,0.0026212059639199336
NOS2,0.0026203107019562733
USP48,0.002620026392937839
RN7SL690P,0.002618907295941988
DMTF1,0.0026188659100051482
TMEM243,0.0026188659100051482
OGFOD3,0.0026182852887990625
TP53TG1,0.002617478655453335
C11orf86,0.0026171886182382756
OS9,0.0026167729000209443
TNFRSF10A,0.002616415722851436
MRPS33,0.0026160372802611315
RN7SL303P,0.0026155629580279765
PKN1,0.002615382537767619
RN7SL583P,0.002615358306548294
C10orf10,0.0026151359113192347
FAM49A,0.0026150985769073146
LOXL2,0.002615087084800613
C21orf49,0.002614978208514925
ZNF324,0.0026144344412103197
ZNF324B,0.0026144344412103197
ZNF837,0.0026144344412103197
ZNF584,0.0026144344412103197
RN7SL693P,0.0026144344412103197
RPL23AP79,0.0026144344412103197
RN7SL525P,0.0026144344412103197
SLC27A5,0.0026144344412103197
TRIM28,0.0026144344412103197
MZF1,0.0026144344412103197
UBE2M,0.0026144344412103197
MIR4754,0.0026144344412103197
CHMP2A,0.0026144344412103197
RNA5SP473,0.0026144344412103197
ZNF132,0.0026144344412103197
RPS5,0.0026144344412103197
ZBTB45,0.0026144344412103197
ZNF446,0.0026144344412103197
MIR548Q,0.0026126637374140832
TMEM72,0.0026126298748811007
FAM84B,0.002611832111925382
CLCA4,0.0026117616340220213
MYC,0.0026105885392131547
RN7SL53P,0.002610425868124383
TTC3,0.0026092030770966932
RN7SL375P,0.0026087579173995363
TNKS,0.0026083856097506406
TVP23A,0.0026082226174285977
RSAD1,0.002608081257207965
EBF2,0.0026071837822404134
RNA5SP258,0.0026071038355382145
MPP7,0.0026069576228191934
CSMD2,0.002606531858185323
DHCR24,0.0026065068368938352
LINC00558,0.0026062428608061125
CEACAM22P,0.002606059421641267
LINC00415,0.0026058729104579707
CHMP7,0.002605474445607694
NFX1,0.002605093940601341
TUBBP1,0.002603677733530723
RN7SKP201,0.0026036748369618204
B9D1,0.002603209061198418
STRIP2,0.0026025875222969587
AHCYL2,0.0026007572012923257
WASF3,0.0026004594229904277
B4GALNT1,0.002600026932399677
RNA5SP308,0.002599905241487461
RNY1P2,0.0025997321209605927
MIR4705,0.0025997321209605927
MIR2681,0.0025997321209605927
ZNF491,0.002597564805191889
MED24,0.002597044571769557
ALG14,0.002596326833824905
PRRG4,0.002596157166898369
ACBD7,0.0025958320133331507
OLAH,0.0025958320133331507
C10orf111,0.0025958320133331507
RPP38,0.0025958320133331507
RHOBTB2,0.0025958085086133
TNFRSF10C,0.0025958085086133
TNFRSF10B,0.0025958085086133
ODF2L,0.0025957310659831304
CSF3,0.0025939836122637295
SNORD124,0.0025939836122637295
HHLA1,0.002593144118610193
TMEM5,0.0025924695921608555
CDK8,0.002591863092238532
SFMBT2,0.0025917973219107206
FZD9,0.0025904304600618995
BAZ1B,0.0025904304600618995
RNA5SP273,0.0025899881763805895
MIR759,0.00258989166503342
C10orf67,0.002589882691148514
DGKI,0.002588221608874507
MEIG1,0.002587861507876384
SNHG17,0.0025875563329915267
SNORA71B,0.0025875563329915267
SNORA71D,0.0025875563329915267
SNORA71A,0.0025875563329915267
SNORA71C,0.0025875563329915267
MIR3163,0.0025875340861963316
C12orf66,0.0025869790754014296
CLCA2,0.0025862171684110677
LRFN3,0.002586152832312802
LSR,0.0025854224443285115
PTCHD3P1,0.0025847564580442042
RNA5SP299,0.0025838665300205906
MSRA,0.0025834234650873086
PRSS51,0.00258328174067416
TSSC1,0.002582937512557768
TNFRSF10D,0.0025817873798420063
CASC3,0.00258144141356657
PAK7,0.0025797769292982406
BAI2,0.002579513466393044
C10orf126,0.0025794231470727615
RN7SL306P,0.002579044078141449
IRF5,0.002579044078141449
TNPO3,0.002579044078141449
LCN8,0.002578539810736753
LCN15,0.002578539810736753
BNC2,0.0025783892712174955
RCAN1,0.0025781838902682267
MIR938,0.002577729233839693
SNORD115|ENSG00000212411.1,0.002577729233839693
MIR604,0.002577729233839693
SVIL,0.002577729233839693
GIPC1,0.002576189447275394
HS2ST1,0.0025761088352445937
C1orf87,0.002576088822141173
OR7E94P,0.0025757027782344205
OPTN,0.002575331836567906
MCM10,0.002575331836567906
ZNF441,0.002575111965128188
LINC00837,0.002574844549918034
MIR4422,0.0025743537513943458
LINC00989,0.00257340128226204
ADARB2,0.0025733622706224125
LYRM9,0.002573145377828925
ZNF224,0.002572942549401709
ACSL3,0.0025729213958678014
GPATCH8,0.002572208744023632
MIR5007,0.002571978060403824
PC,0.0025709708556139956
AKR1B1,0.00257019692964547
C8orf22,0.002570164517853184
MIR4684,0.002569506838098606
RN7SL819P,0.0025693563286063766
DBF4B,0.0025693563286063766
LINC00598,0.0025693361100811887
RN7SKP2,0.0025693361100811887
PTRH2,0.002568575279793814
TCP11L1,0.002567651195499298
HBG2,0.002566667558719364
RN7SL475P,0.0025660319673889743
CEP41,0.0025655942633226623
CPA1,0.0025655942633226623
MIR335,0.0025655942633226615
MEST,0.0025655942633226615
RNA5SP246,0.0025655942633226615
CNN3,0.0025650710876072946
STK40,0.002562678911226944
COPG2,0.0025622918054630265
TSGA13,0.0025622918054630265
KLF14,0.0025622918054630265
PLCD3,0.002561279560396428
HEXIM1,0.002561279560396428
ACBD4,0.002561279560396428
RNA5SP300,0.002561039104144572
GCLM,0.0025599151214704416
CLTC,0.0025595832400321346
TMEM56,0.002559554718701963
USF2,0.0025595403498174045
HAMP,0.0025595403498174045
NDFIP2,0.0025594556108956613
TMEM141,0.0025592973074917637
SH3BGR,0.0025589934892558774
TSPAN33,0.0025582944703530937
SMO,0.0025582944703530937
MIR4316,0.0025579143389199274
STAR,0.002557195486754268
PLK1S1,0.0025565304056440175
RPS11P6,0.002556294485284914
C12orf56,0.002556294485284914
RBPMS,0.0025559023912536194
RPL30,0.00255550779249287
C8orf47,0.00255550779249287
RNU6ATAC33P,0.0025552547860322634
DMRTA2,0.002555079490989534
ITIH5,0.0025546280787501004
KIN,0.002554586891457753
ITIH2,0.002554586891457753
RN7SL493P,0.002553423530265992
ZFAT,0.0025528240381288026
snoU13|ENSG00000238733.1,0.0025526494881548453
MIR603,0.002552479005926286
GRAMD1A,0.0025523572860320187
SLC46A3,0.0025522231158663367
MIR4253,0.0025521570992298828
EPHB2,0.0025521570992298828
MYT1L,0.002551192550454053
RN7SKP220,0.0025507737780435837
GPR12,0.0025506971663561044
PPP2R2A,0.002550604358998764
SDAD1P1,0.002549903873608072
B4GALT1,0.0025496000245195686
POMP,0.0025491328129432322
RN7SL405P,0.002549105194238325
FAM187A,0.002549105194238325
CCDC103,0.002549105194238325
GFAP,0.002549105194238325
EFTUD2,0.002549105194238325
HIGD1B,0.002549105194238325
RNU4ATAC6P,0.002547335231298825
BAMBI,0.002547335231298825
PTGFRN,0.0025472434327822096
CHMP5,0.002547114353143102
PTGER1,0.002546815636422568
RNU4ATAC15P,0.0025457688417568286
MIR3678,0.0025452239058794553
RNA5SP55,0.0025451903018399117
DHX40,0.002544422344867552
HEXDC,0.002543107116264226
QRFP,0.002542931293709564
FIBCD1,0.002542931293709564
IGFBP7,0.002540876469258587
OSGIN2,0.0025407235895918965
CDK12,0.002539897879423493
EXT1,0.0025397328537327887
LARP4B,0.0025394301302416903
GJC1,0.0025386294194674813
ADAM11,0.0025386294194674813
TOP2A,0.0025381901662531975
GK2,0.0025380349608197673
ARHGAP29,0.002537967328385763
MIR4523,0.0025378061446803394
KRT25,0.002536966334970635
HILPDA,0.002535693050511131
RNA5SP242,0.002535693050511131
FAM71F2,0.002535693050511131
FAM71F1,0.002535693050511131
METTL2B,0.002535693050511131
RNA5SP243,0.002535693050511131
RNF6,0.0025345389741929657
SRGAP1,0.0025339318942282805
KIAA0195,0.0025333317934029373
LLGL2,0.0025333317934029373
TSEN54,0.0025333317934029373
CASKIN2,0.0025333317934029373
RNA5SP441,0.0025326373426009328
snoU13|ENSG00000238336.1,0.002532032408501861
LINC00708,0.002531297765818205
PLCB1,0.002531178040083939
ZNF780A,0.0025307586699250383
NUDCD1,0.002530452976252755
TP53I13,0.0025301654581272506
GIT1,0.0025301654581272506
ABHD15,0.0025301654581272506
LRRC18,0.0025301175645436056
ADCK2,0.0025299923507784926
NDUFB2,0.0025299923507784926
DYRK1A,0.0025291377483526714
ITGBL1,0.0025290271463336384
NEUROD2,0.0025287129770734823
TPP2,0.0025283140598766226
CCDC3,0.0025280505778157297
RWDD3,0.002528037864356167
snoU13|ENSG00000238496.1,0.0025278301992346865
SAP30BP,0.0025278034432843627
RN7SL116P,0.0025274015006093572
FRRS1,0.002527222555575119
MYCBPAP,0.0025271853158998973
snoU13|ENSG00000238389.1,0.0025263130796784323
RN7SL440P,0.0025263130796784323
BEND7,0.002525681464442637
LINC00555,0.0025255824482635016
CHRM2,0.0025250467942006948
SSMEM1,0.0025246287421289053
CPA2,0.0025246287421289053
TMEM209,0.0025246287421289053
LINC00702,0.0025245410941613466
LYZL1,0.0025244450968657435
RAPGEFL1,0.0025242114161634134
KDM1A,0.002523689917677259
MIR4419A,0.002523689917677259
RNA5SP244,0.00252348971653306
RIN2,0.0025224795373037096
PPP1R1B,0.0025224372852571896
PLXNA4,0.002521677304735912
LAMC3,0.0025216138148741974
MMD,0.0025212620027434845
KCTD9,0.0025212144284762574
CDCA2,0.0025212144284762574
GNRH1,0.0025212144284762574
NMT1,0.0025210209143294126
DCAKD,0.0025207536061230503
SNORA31|ENSG00000252582.1,0.0025202662657292053
MIR3115,0.002519742520138089
PEBP4,0.002519493670886073
CADPS2,0.002519385275149553
PPM1H,0.0025192504777996286
BAG1,0.0025191130045667696
DENND2A,0.002519040216575193
WIPF2,0.002519034305952295
RNY4P8,0.002519034305952295
NAA20,0.0025188892463920503
C1QL1,0.002518090675003978
GTF2E2,0.0025173845017998435
SMIM18,0.0025173845017998435
SEC61G,0.00251729234160515
UCK1,0.0025168973928667232
SNORD62A,0.0025168973928667232
SNORD62B,0.0025168973928667232
POMT1,0.0025168973928667232
snoU13|ENSG00000238579.1,0.002516777802893308
GHITM,0.002516600309799836
EMB,0.002516196225790942
GATA3,0.002516131689502731
snoU13|ENSG00000239044.1,0.0025160645591111325
CPA5,0.0025160645591111325
JAG1,0.0025160531908890844
RN7SL127P,0.0025159003098206728
PAQR3,0.0025156740206007
SH3GL1,0.002515539065910082
C1orf234,0.002514165818358855
LACTBL1,0.002514165818358855
CTTNBP2,0.002513191205862759
ABTB2,0.0025120224451791206
snoU13|ENSG00000238488.1,0.0025114191949634997
PAN3,0.0025111247567971636
KIF18B,0.0025097262966985757
KRT39,0.002508934244622601
SEPHS1,0.002508840557751729
UCMA,0.002508840557751729
PHYH,0.002508840557751729
DLX3,0.002508751453171966
RN7SKP120,0.0025086157408446695
NBN,0.0025077639170806164
SPIDR,0.0025076255229832052
CPA4,0.002507543358191316
FZD2,0.0025057403591404177
CD101,0.002505449200663072
LINC00868,0.002504620187938373
AGL,0.0025046080548439373
SLC35A3,0.002504428403582965
GSR,0.002504416417059721
B3GALT5,0.0025043982451728323
C21orf88,0.0025043982451728323
BRAF,0.0025036677488376327
RN7SKP15,0.0025032080514975318
KLHL42,0.0025032080514975318
U1|ENSG00000271739.1,0.002502534421496782
CRNKL1,0.002502220879405463
TAS2R3,0.0025016867062170184
SSBP1,0.0025016867062170184
MANSC4,0.0025014419097527953
MRPS35,0.0025014419097527953
REP15,0.0025014419097527953
PODXL,0.002501271553731207
CCDC26,0.0025008945225888993
OLFM4,0.0024998073894854918
MIR5680,0.002497933225394961
SASS6,0.002497716632473043
HIAT1,0.002497716632473043
LRRC39,0.0024977094464226045
TRMT13,0.0024977094464226045
PARP12,0.0024968856741008614
JHDM1D,0.0024968856741008614
SCARNA17|ENSG00000252190.1,0.0024965532884836635
PAFAH2,0.0024965532884836635
SCARNA18|ENSG00000252691.1,0.0024965532884836635
MIR3917,0.0024962932636983233
STMN1,0.0024962932636983233
METTL22,0.0024962812647917557
KRT23,0.002496278779373332
BCL10,0.0024957846872311657
SEPN1,0.0024954689298043696
MTFR1L,0.0024954689298043696
AUNIP,0.0024954689298043696
PAQR7,0.0024954689298043696
RN7SL84P,0.00249534825715533
NAA11,0.0024952572743711945
C10orf71,0.002494912515349183
ZNF229,0.002493447538429752
ASB17,0.0024933812828323953
APPL2,0.0024930413691376238
DACH1,0.0024929736894426413
RNA5SP50,0.0024926190984046674
KRT10,0.0024924995441711934
TMEM99,0.0024924995441711934
TMEM178B,0.0024923631159473945
KRT27,0.0024920492405615825
KRT26,0.0024920492405615825
KRT28,0.0024920492405615825
KRT12,0.002491687340114594
KRT20,0.002491687340114594
AGK,0.002491101170648139
MIR4480,0.002491076798758509
MIR1265,0.00249104925092859
EBI3,0.0024908960528777216
CNOT4,0.002490812576561863
ANKRD24,0.0024906715719897735
SLC37A3,0.0024894550017801145
RAB19,0.0024894550017801145
RNA5SP247,0.0024894550017801145
snoU13|ENSG00000238868.1,0.0024894550017801145
MKRN1,0.0024894550017801145
RNA5SP248,0.0024894550017801145
ZCCHC24,0.0024894245878735255
LUZP1,0.002487950340798441
CLPTM1,0.0024876702538517595
snoU13|ENSG00000238984.1,0.0024875691338049773
SNORA51|ENSG00000201465.1,0.0024875691338049773
REST,0.0024875395569620242
CDC6,0.0024871925918149725
NUAK1,0.0024864584953192535
RN7SKP185,0.0024862188648427895
BMP2K,0.0024861949607346296
RN7SL618P,0.0024859563281001873
snoU13|ENSG00000238541.1,0.0024858781645569596
ZNF155,0.0024854536390256205
VSTM2L,0.002485326588327812
ZNF285,0.002484399166913277
MAN1C1,0.002484168916526508
DSCR3,0.002483611388016373
RN7SKP168,0.002483277003828614
APOC1P1,0.002482453250545808
TOMM40,0.002482453250545808
APOE,0.002482453250545808
APOC1,0.002482453250545808
RN7SL5P,0.002480232984773429
RBM26,0.0024792441810868125
POLR2B,0.002479164783001807
LINC00299,0.002478649716933694
DPYD,0.0024779970432262655
RNA5SP477,0.0024778893013254616
SLC30A2,0.0024776821279985793
EXTL1,0.0024776821279985793
HTR1D,0.0024774829600778957
DDX1,0.0024773347714384256
SNHG11,0.002476975640020333
SNORA60,0.002476975640020333
SNORA71|ENSG00000201811.1,0.002476975640020333
RNA5SP245,0.002476757430530184
NOA1,0.0024761047694394195
RSU1,0.0024760173184024043
TAS2R5,0.002475961352043964
TAS2R4,0.002475961352043964
U6|ENSG00000271932.1,0.0024748474561932248
MIR760,0.0024748269698953336
DNTTIP2,0.0024748269698953336
snoU13|ENSG00000238372.1,0.002474585418506529
snoU13|ENSG00000238556.1,0.002473991086969406
HMGN1,0.002473991086969406
MIR320B1,0.002473818461041598
PTPRZ1,0.002473615536532951
UBXN8,0.0024735187119134198
WRB,0.00247267622635002
ANXA3,0.002472328022604368
TM2D1,0.00247198908457164
TYROBP,0.002471976166286826
HCST,0.002471976166286826
SNX7,0.002471911525346998
MIR5096,0.002471603496587502
ANKRD16,0.002471545272935897
snoU13|ENSG00000238816.1,0.002471416319084561
C12orf75,0.0024707675786433294
ZC3HC1,0.00247066829998639
U3|ENSG00000251944.1,0.002470497763395833
WDR37,0.0024701538303349493
LINC00200,0.0024701538303349493
IDI2,0.0024701538303349493
IDI1,0.0024701538303349493
DECR1,0.0024700789751276897
TRAPPC6A,0.002469320408949542
WEE2,0.002468502479828263
KIAA1147,0.002468502479828263
ANTXR2,0.002467236926224267
AIF1L,0.0024669382560468136
DUSP4,0.0024660783211112006
GJD3,0.0024659703075877544
MACROD2,0.0024650687327520296
ARL5B,0.0024650073690445006
DNAJB4,0.002464719262468171
RELB,0.0024642029560060967
HLF,0.002464074247712316
NFKBID,0.002463593179384385
RNU4ATAC8P,0.002462944711273253
PRODH2,0.0024625937010900895
ARHGAP33,0.0024625937010900895
LPPR4,0.0024622103572544993
CD2,0.0024618984375772437
TRIM63,0.002461366955828978
FUBP1,0.002459949801498712
NEXN,0.002459370588022344
TBXAS1,0.0024581531183796345
ZMIZ1,0.002457118752097647
NRF1,0.002456942683372373
PPP2CB,0.0024562776623783976
SMIM6,0.0024557962980073286
SMIM5,0.0024557962980073286
RECQL5,0.0024557962980073286
MYO15B,0.0024557962980073286
PTENP1,0.0024554748295889522
C17orf104,0.0024553307685280116
CCDC43,0.0024553307685280116
HIPK2,0.0024551921294093176
RN7SL180P,0.00245486493303981
TRPV5,0.0024528503017046083
C7orf34,0.0024528503017046083
TPO,0.0024523460607948798
SNTG2,0.0024523460607948798
PXDN,0.0024523460607948798
SNORA31|ENSG00000252852.1,0.002452157499978125
RN7SL771P,0.002451977341384402
SLC25A21,0.002451727400588158
NCALD,0.002451200814444121
SIRT6,0.0024511754068716096
PPP1R26,0.002450393265331202
PPIF,0.00244842576906944
R3HCC1,0.00244831445702865
SNORA67|ENSG00000212395.1,0.0024481911024324485
TAOK1,0.002448187316559835
MIR4728,0.0024480905814012323
NKPD1,0.0024480353782671575
ERCC6,0.002448009056589993
OR6W1P,0.002447893423421545
OR6V1,0.002447893423421545
DPYSL2,0.0024468378900856114
APOC2,0.0024468340686375598
APOC4,0.0024468340686375598
BNIP3L,0.0024468029322622254
PNMA2,0.002446788949132871
TMC6,0.0024466657881949913
TMC8,0.0024466657881949913
C17orf99,0.0024466657881949913
SYNGR2,0.0024466657881949913
EIF4G2,0.0024465505241637315
CTR9,0.0024465505241637315
SNORD97,0.0024465505241637315
L1TD1,0.0024463114566134684
ACTR5,0.0024461957177733043
RN7SL781P,0.002445375290251749
PSMD12,0.0024452658989531605
SNORA8|ENSG00000207410.1,0.0024452658989531605
RNA5SP447,0.0024452658989531605
PPP1R14B,0.002445251888525928
FKBP2,0.002445251888525928
DRGX,0.002444553492767051
SLC18A3,0.0024440148447735168
GRB2,0.0024439660192898025
MRC2,0.0024438329818481305
PGBD3,0.002443754650403758
RN7SL513P,0.002443089495335395
PCDH17,0.002442818179093447
KANK4,0.00244164488167309
METTL23,0.0024412551256908534
SRSF2,0.0024412551256908534
MIR636,0.0024412551256908534
JMJD6,0.0024412551256908534
PRRC2B,0.0024409480257781154
LCA5L,0.0024408501328332527
NOV,0.002440839141618595
MIR3189,0.0024395821278821814
MARK4,0.002438766450950062
MSH4,0.0024387159212132564
BARHL1,0.0024386918809574873
RARA,0.002438112260966136
ZNF593,0.0024379508940426627
FAM110D,0.0024379508940426627
PDIK1L,0.0024379508940426627
GDF15,0.00243716858349912
RAD51C,0.002437026698358301
ZNF230,0.0024367646976710426
CTNNBL1,0.002436039653373257
C1orf137,0.0024352505775460673
CLEC14A,0.0024352474872786955
SSTR1,0.0024352474872786955
PGPEP1,0.0024350681261542553
ABL1,0.002433530266827204
PLCB3,0.0024333209983666785
CKAP2,0.002432728243459692
RNY4P24,0.002432728243459692
THSD1,0.002432728243459692
VPS36,0.002432728243459692
TMEM114,0.0024325870868267276
RNA5SP23,0.002432370862943869
ADCY8,0.0024316202264875715
LCN1,0.002431498095121051
C9orf116,0.002431485805579451
MRPS2,0.002431485805579451
RNA5SP30,0.0024307793751810825
FAM208B,0.0024303843182431188
GDI2,0.0024303843182431188
MIR490,0.0024302246474131916
STAP2,0.0024301365592068335
MPND,0.0024301365592068335
FSD1,0.0024301365592068335
TMIGD2,0.0024301365592068335
PRSS3,0.002427803211752444
RN7SKP173,0.002427630836081595
CHCHD3,0.0024273459270880353
SLC35B4,0.002426930433474458
LRGUK,0.002426930433474458
RN7SKP65,0.0024259897656881244
ZNF221,0.002425583487573851
BRWD1,0.0024255002128565325
MED30,0.0024253590484886872
ITGB4,0.0024252517786196044
GALK1,0.0024252517786196044
P2RX1,0.0024251793920825617
MIR633,0.002424238673528168
LRP5,0.002423725037700497
TCAP,0.0024231087168009725
PGAP3,0.0024231087168009725
PNMT,0.0024231087168009725
PCM1,0.0024228231103621306
CCR7,0.0024209869108067343
STARD3,0.00241996243582318
PTGFR,0.002419926387266231
RAD51AP2,0.0024198820262543467
NUGGC,0.0024198575520100016
PRKCQ,0.0024195154543873616
ZNF823,0.0024189534831543184
SNORD45B,0.0024189495833745766
SNORD45C,0.0024189495833745766
SNORD45A,0.0024189495833745766
CUBN,0.0024186719191195668
TRDMT1,0.0024183918495153866
KCND2,0.0024180768376637785
WDFY4,0.002417984536254632
RN7SL454P,0.002417938310710716
ZNF222,0.002417327868760923
ZFR2,0.002417110432125711
DNAH17,0.0024170269825402367
ANKRD18B,0.002416417878324823
C1orf168,0.002416385972837349
U6|ENSG00000272393.1,0.0024145694984705536
PALMD,0.002414541691668135
SNORA11|ENSG00000221398.1,0.0024137042614677017
SMIM11,0.0024137042614677017
KCNE2,0.0024137042614677017
KCNE1,0.0024137042614677017
U3|ENSG00000221040.1,0.002413452827339756
INADL,0.0024133530544854166
GIPC2,0.002412840356409786
SNORD46|ENSG00000201009.1,0.0024125063577686567
MYO3A,0.0024121441561481545
MFSD11,0.0024113250046745418
STIP1,0.002410790996047878
CFTR,0.0024101682211858737
TTC22,0.002409980466017606
TTC4,0.002409980466017606
PARS2,0.002409980466017606
NUDT22,0.002409510259289505
VEGFB,0.002409510259289505
DNAJC4,0.002409510259289505
TRPT1,0.002409510259289505
RN7SL194P,0.002409432245567102
RN7SL680P,0.002409432245567102
MGAM,0.0024092474505532464
MOXD2P,0.0024092474505532464
PRSS58,0.0024092474505532464
OR9A4,0.0024092474505532464
CLEC5A,0.0024092474505532464
TAS2R38,0.0024092474505532464
snoU13|ENSG00000238612.1,0.0024092335083618576
C9orf171,0.002409225488092683
BAD,0.0024090381278072687
GPR137,0.0024090381278072687
SETX,0.002408318264014464
TTF1,0.002408318264014464
SMKR1,0.0024073449241724114
PRKAA2,0.0024072335536329814
LRRC25,0.0024071994166276916
MIR4287,0.0024054359942282284
SCARA5,0.0024037092505590513
PRPF18,0.002402629899496333
SCARA3,0.0024024783045770628
ZNF493,0.0024024313059586313
SLC44A3,0.002402286718790224
C20orf26,0.0024015828670532918
MIR137HG,0.0024011557032000952
SLC5A9,0.002400393265331203
FERMT3,0.0024002138343165854
MIR30D,0.0023997446835733794
RBM17,0.002399559316300269
H3F3B,0.002399061412424158
MIR4738,0.002399061412424158
ZNF728,0.0023985793599455543
UBE2H,0.002398304356235625
MIR183,0.002398304356235625
MIR182,0.002398304356235625
MIR96,0.002398304356235625
LPPR5,0.0023982652874240543
ABAT,0.0023974477338444752
MARCH10,0.0023954898815106095
FAM78A,0.0023951625481156134
NUP214,0.0023951625481156134
PPAPDC3,0.0023951625481156134
SNORA73|ENSG00000252054.1,0.0023944980684234523
PARP8,0.002394376935044523
MAU2,0.0023943701180670386
snoU13|ENSG00000238807.1,0.002393990701174446
CACNB2,0.0023939477417666377
RN7SKP6,0.0023937637996663073
PSMC4,0.0023937038359098228
MIR3155A,0.0023932964877874845
RN7SKP78,0.0023932964877874845
RRM2B,0.002393004601381006
TTI1,0.0023926319132525713
TLK2,0.00239253835790556
EFCAB3,0.00239253835790556
METTL2A,0.00239253835790556
NTNG2,0.0023920372697459145
ABCA4,0.0023915959958516904
APBA3,0.0023909958221612557
KLRG2,0.002389373574583434
CLEC2L,0.002389373574583434
ZSWIM4,0.0023876138779546844
RN7SL619P,0.0023876138779546844
ECHS1,0.002387425258838124
MIR30B,0.0023868450973720985
MSGN1,0.0023862752519754403
SMC6,0.002385843150522039
GEN1,0.002385843150522039
RN7SL743P,0.002385328453128004
CCBL2,0.0023850020962201805
LINC00237,0.002384631985372015
VSNL1,0.0023845501957855037
GTPBP4,0.00238329055168134
SNORA14,0.002383253105128662
TMEM186,0.0023830883076591427
KEL,0.0023822736151370436
OR9A2,0.0023822736151370436
FAM135B,0.0023822193811399027
ITGA3,0.0023818032764106774
PPP1R37,0.002381438693862965
snoU13|ENSG00000238455.1,0.002381371990715303
DHRS4,0.0023813640814042956
MAP3K10,0.00238135039402509
AKT2,0.00238135039402509
CNTD2,0.00238135039402509
TTC9B,0.00238135039402509
LRRC8B,0.0023805632580410243
GBP1P1,0.0023805632580410243
GBP6,0.0023805632580410243
ITGA8,0.0023805319485957492
MRI1,0.002379931219251907
C19orf53,0.002379931219251907
GBP4,0.002379768900918655
KCNS2,0.002379512085071094
ERICH1,0.0023791689042321953
GBP5,0.0023791584227598
DDAH1,0.0023786548218894302
LINC00589,0.002378461503150214
VIM,0.0023779011308384173
IL15RA,0.002377150275884455
PRSS37,0.0023768598118188615
OR9A3P,0.0023768598118188615
OR9A1P,0.0023768598118188615
DHRS4L2,0.0023768095671025955
HTR5A,0.0023765159673909187
KLF12,0.002376087918092288
IGFBP4,0.0023760698163976792
EPHB6,0.002375815903071757
TRPV6,0.002375815903071757
FBXO18,0.00237409200415084
SNORA38B,0.0023740225035161684
SPATA20,0.002373461721945096
EPN3,0.002373461721945096
RBMXL1,0.002373178678866419
TRBV30,0.002373137485062867
GBP1,0.002373068351488313
GBP7,0.002373068351488313
GBP3,0.002373068351488313
GBP2,0.002373068351488313
LINC00469,0.0023727365955948784
MIR548X2,0.0023727109572288436
GTF2B,0.0023725718782868343
CSTF3,0.0023725508768908405
SNORA32|ENSG00000206776.1,0.002371932184131272
CCDC94,0.0023702812246679562
MIR4704,0.0023701009587641414
SERTAD1,0.002370081550838844
RNU6ATAC41P,0.0023699348191390996
PABPC1,0.0023699348191390996
MIR378G,0.0023698063386756287
MIR548O2,0.002369774988717199
ERBB2,0.0023695657063808485
NIPAL2,0.002369335504012095
EGR3,0.0023692243266393844
OR4F21,0.0023691778544943105
TDRP,0.0023691778544943105
RPL23AP53,0.0023691778544943105
FBXO25,0.0023691778544943105
ZNF596,0.0023691778544943105
DKFZP667F0711,0.002368876027995303
PKN2,0.0023683978258151324
ERCC5,0.0023681601237525705
METTL21EP,0.0023681601237525705
AMY2A,0.0023678508467718635
AMY2B,0.0023678508467718635
AMY1C,0.0023678508467718635
AMY1B,0.0023678508467718635
AMY1A,0.0023678508467718635
RN7SKP285,0.0023678508467718635
RNPC3,0.0023678508467718635
TEX15,0.002367390813699499
PRR20A,0.002367298412476394
PRR20B,0.002367298412476394
PRR20D,0.002367298412476394
PRR20C,0.002367298412476394
PRR20E,0.002367298412476394
C10orf35,0.0023671799556309516
PURG,0.0023666869412534274
snoU13|ENSG00000238869.1,0.0023666056707351574
CCDC168,0.0023666056707351574
KDELC1,0.0023664698447433455
TEX30,0.0023664698447433455
LINC00283,0.0023664698447433455
RN7SKP294,0.0023662713485702626
C7orf55,0.0023659288869148946
RN7SL756P,0.0023659032376309743
PAXIP1,0.0023650816984587043
INSM1,0.0023629058205874728
NSUN6,0.0023617948329453632
RB1,0.002361772610174374
MIR3150B,0.0023614617064076186
PLEKHF2,0.0023614617064076186
BLACE,0.0023606684157881103
INSIG1,0.0023606684157881103
SNTG1,0.0023604921858425883
RN7SL606P,0.00235989545893812
ZNF706,0.0023597843685604952
RN7SKP249,0.0023597843685604952
SNORA72|ENSG00000207067.1,0.0023591863613082577
POP1,0.0023585857662008197
HRSP12,0.0023585857662008197
PRRT4,0.0023571489974425672
RBM28,0.0023571489974425672
TMEM74,0.002356897365247835
BCAS3,0.002356797690428602
AMPD3,0.002356614681185796
MAL2,0.0023560651955256986
SMU1,0.0023559413982284626
LINC00664,0.002355904600185243
CACTIN,0.0023556525534701037
PIP5K1C,0.0023556525534701037
EN2,0.0023549065413094104
ZNF780B,0.0023549054065185706
LPO,0.0023545639636651777
MXRA7,0.00235331718622945
NBAS,0.0023529431468374547
ATP1A1OS,0.0023528260814857666
ATP1A1,0.0023528260814857666
UNK,0.002352201330499861
RN7SL563P,0.002352020164851338
LINC00707,0.002351538116550886
HIPK3,0.0023513992938947723
SCIMP,0.0023505604010855873
CSGALNACT1,0.0023503302560198
KLHDC10,0.0023501631778023563
VPS13B,0.0023499047230161984
TUBA4B,0.0023497298401193474
DNAJB2,0.0023497298401193474
TUBA4A,0.0023497298401193474
PTPRN,0.0023497298401193474
C8orf37,0.002349662079285649
TNRC6C,0.0023496125116328898
ESCO2,0.0023495954974731385
MIR3622B,0.0023495954974731385
snoU13|ENSG00000238624.1,0.0023495954974731385
PBK,0.0023495954974731385
CCDC25,0.0023495954974731385
SLC18A1,0.002347410297896641
NDRG1,0.0023461514974395647
METTL21C,0.002346065762417705
SNORD112|ENSG00000252298.1,0.002345960985751856
MKS1,0.002345811913842982
DYNLL2,0.002345811913842982
OR4D1,0.002345811913842982
EPX,0.002345811913842982
OR4D2,0.002345811913842982
LZTS1,0.0023456590844199124
ATP6V1B2,0.0023456590844199124
CALD1,0.0023446018066808497
RN7SKP280,0.002344558815540124
CREB3L3,0.002343274926731934
MAP2K2,0.002343274926731934
COL22A1,0.002342851398141329
NAT2,0.0023426990175989615
TJP3,0.0023424081810812527
NUP205,0.0023413924767001193
SH2D4A,0.0023412436086481954
PPFIBP1,0.0023409971583570146
WTIP,0.0023407287404926006
ZZEF1,0.0023401596387970644
MIR548D2,0.002339825098423793
COL24A1,0.0023397299243659215
ZNF738,0.002339564680456934
INTS10,0.0023394626476952907
MIR641,0.0023390071116724713
UBR5,0.0023382782919957254
MTUS1,0.0023381029893333855
C1orf177,0.002337974165401534
MTUS2,0.0023376005766785565
IMPDH1,0.0023371408308439567
RNY5P8,0.002336790598007376
BIVM,0.002336790598007376
snoU13|ENSG00000238552.1,0.0023359366032607446
TNS4,0.00233490709380128
KLF10,0.0023348553134432434
LPL,0.0023319539354715916
CAV1,0.002331326337996886
KIAA1211,0.0023311850135623847
SNORA31|ENSG00000252537.1,0.0023310239069250617
ABCD3,0.002330801932935663
F3,0.002330801932935663
RNA5SP161,0.0023301650090415877
ZNF45,0.0023301647744767666
SNORA62|ENSG00000201157.1,0.0023296309772305153
SEC14L1,0.002329531371619654
snoU13|ENSG00000238799.1,0.0023290187136117617
SLC10A2,0.002328944141560868
FAM107B,0.0023289119066312205
ZNF404,0.002328119570959242
RNU6ATAC39P,0.002328094654343603
SNORD45|ENSG00000252438.1,0.002328094654343603
LINC00381,0.00232806991296655
RNY1P5,0.002327786956691426
LINC00402,0.002327786956691426
RNA5SP301,0.0023276355238449425
CLU,0.002327363245320692
GHRH,0.002327276507805838
HMG20B,0.002326881586331612
GIPC3,0.002326881586331612
SRC,0.0023266315025651674
FGL1,0.0023263907773032823
IL2RA,0.002325998474251859
SNORD111|ENSG00000252230.1,0.0023255361212553894
C19orf71,0.002324337469601549
MFSD12,0.002324337469601549
RN7SL198P,0.002324100219005251
AZIN1,0.0023235320176967123
ADM,0.0023234454608071996
PMM2,0.002322988672737244
AKR1C2,0.0023221250479478314
HNRNPA1L2,0.0023220380219913894
LINC00347,0.0023218773986235924
FLJ45079,0.002320573532197364
RN7SKP257,0.0023203554532668443
ATCAY,0.0023200411548294584
GPRC5C,0.002319111321996544
CD300LB,0.002319111321996544
RNA5SP448,0.002319111321996544
C17orf77,0.002319111321996544
TTYH2,0.002319111321996544
CD300LD,0.002319111321996544
GPR142,0.002319111321996544
DNAI2,0.002319111321996544
CD300E,0.002319111321996544
RPL38,0.002319111321996544
CD300C,0.002319111321996544
KIF19,0.002319111321996544
CD300A,0.002319111321996544
BTBD17,0.002319111321996544
ARHGAP40,0.0023189437329896516
AXIN2,0.002318940688657105
U8|ENSG00000239148.1,0.002318685590077996
snoU13|ENSG00000272310.1,0.0023186339437910016
snoU13|ENSG00000239123.1,0.0023178913005001663
RANBP3,0.002317164492890012
AKR1B10,0.0023167171706317624
BPGM,0.0023167171706317624
AKR1B15,0.0023167171706317624
CAMK1D,0.00231522554327943
ADRA1A,0.0023149306909026218
MIR548H4,0.0023148554664259445
FAM183CP,0.002314393808982788
MIR3148,0.002314393808982788
RNA5SP275,0.0023134902868306734
CPSF4L,0.0023125018067122957
COLEC10,0.0023123062218803198
RNY4,0.002311793147747502
RNY1,0.002311793147747502
RNY3,0.002311793147747502
MIR640,0.0023109240670083657
snoU13|ENSG00000238533.1,0.002310637518680193
RNU6ATAC8P,0.002310637518680193
RNF43,0.002310467451587348
MPO,0.002310467451587348
SUPT4H1,0.002310467451587348
BZRAP1,0.002310467451587348
MIR142,0.002310467451587348
MIR4736,0.002310467451587348
COG1,0.002310327328089315
TMEM66,0.002310139971156528
PNKD,0.0023099448603856646
CNOT7,0.0023075815316264217
VPS37A,0.0023075815316264217
ZDHHC2,0.0023075815316264217
U3|ENSG00000207215.1,0.0023070565113993786
ZNF283,0.0023070322214645473
TBC1D4,0.0023067695269206093
SNORD37|ENSG00000206775.1,0.002306534888071337
ZBTB7A,0.002306534888071337
PIAS4,0.002306534888071337
FUT3,0.0023060880429602894
FUT6,0.0023060880429602894
MIR637,0.00230563696451955
DAPK3,0.00230563696451955
RN7SL202P,0.00230563696451955
EEF2,0.00230563696451955
NMRK2,0.00230563696451955
ST8SIA6,0.002305551346859316
MIR4293,0.0023051519033254805
USP7,0.002304683216249024
C16orf72,0.002304683216249024
CARHSP1,0.002304683216249024
ACADM,0.0023043436820669623
LINC00561,0.0023042524645627924
C13orf45,0.0023042524645627924
TRBC2,0.0023034520196412254
TRBV27,0.0023034520196412254
MTRNR2L6,0.0023034520196412254
PRSS1,0.0023034520196412254
PRSS3P2,0.0023034520196412254
PRSS3P3,0.0023034520196412254
TRBV19,0.0023034520196412254
TRBV2,0.0023034520196412254
TRBV28,0.0023034520196412254
TRBV9,0.0023034520196412254
NDUFA11,0.0023032368382061475
CAPS,0.0023032368382061475
FUT5,0.0023032368382061475
VMAC,0.0023032368382061475
SPINK4,0.002303202868789653
SCGB1B2P,0.0023031247425794226
NACAP1,0.002303043126287898
SLC24A3,0.002302977390976792
SLC16A5,0.0023028415485900197
RMRPP5,0.002302623687915514
MYH16,0.0023022642751547623
GNA14,0.0023020993608392254
U8|ENSG00000251740.1,0.002301853197302582
ARPC2,0.002301049141061186
AAMP,0.002301049141061186
GPBAR1,0.002301049141061186
snoU13|ENSG00000238428.1,0.002301049141061186
CXCR1,0.002301049141061186
TTC26,0.0023006954799093364
TNFRSF11B,0.0023004260204676327
INTS8,0.0023004182612108735
MBOAT4,0.00229985348742019
UCA1,0.0022993922739208326
PINLYP,0.0022986688518202318
LINC00607,0.0022985673392107372
snoU13|ENSG00000239176.1,0.0022980016034245625
LMO7,0.0022979437671352696
RIPK2,0.0022971402537085533
LINC00904,0.00229640297646833
NOG,0.0022961644165379515
PTPLA,0.0022961299890267824
DLC1,0.002295989340439705
UBA2,0.0022959169664186273
ARMC7,0.0022958802941766
CLASRP,0.0022948858972712508
GEMIN7,0.0022948858972712508
ZNF296,0.0022948858972712508
NCOA4,0.0022944215014998872
MANBAL,0.0022942539368658683
snoZ185,0.00229362369531423
CAV2,0.00229362369531423
NDUFA13,0.0022930027674521406
TSSK6,0.0022930027674521406
ODF1,0.002292970342061591
IGFL4,0.0022928953113745387
UQCRB,0.002292871969904003
MTERFD1,0.002292871969904003
CILP2,0.0022927505854225664
MIR3944,0.002292276893589752
PAOX,0.002292276893589752
TMC5,0.002291922546685049
GDE1,0.002291765885449304
RGS9,0.002291510561217931
KCNE4,0.002291193105305681
CA4,0.002290823348902275
TM6SF2,0.0022898292039890576
SUGP1,0.0022898292039890576
ZC3HAV1L,0.002289722195784821
CNPY1,0.0022895349914834177
TMEM92,0.002289279622433406
C17orf67,0.0022891800817484765
TES,0.0022891239173884036
ZNF708,0.0022884686631676463
YJEFN3,0.0022883095616290285
LECT1,0.0022873579919847017
RN7SL368P,0.00228639455392497
SAMD12,0.0022860344377845197
PDCD2L,0.0022854636316208565
RN7SL154P,0.0022854636316208565
NOL11,0.002285396155649314
REEP3,0.0022852796050393423
CADM4,0.0022851969216840214
XYLT2,0.0022849832634373453
CA10,0.0022848101265822798
MIR4294,0.0022844469122607776
COMMD6,0.002284215131540567
UCHL3,0.002284215131540567
RN7SL201P,0.002283920507233809
MIR548F4,0.0022837065711397973
IGSF3,0.002283564436167802
RABGGTB,0.0022834555898924814
LUC7L2,0.0022833172946430764
UBN2,0.0022833172946430755
SMG9,0.0022827558148196987
IRGC,0.0022827558148196987
ANKRD7,0.0022823950699533617
FAM104A,0.0022822550339019507
C17orf80,0.0022822550339019507
LINC00345,0.0022819074523373443
PLAUR,0.00228155818257875
SVOPL,0.002281476771398041
SNORA40|ENSG00000252188.1,0.002281476771398041
PAX9,0.002281442270809359
MIR1207,0.002281007956936164
U3|ENSG00000212195.1,0.0022809039485563744
WRN,0.002280236868379679
HS6ST3,0.0022797028269656155
CIITA,0.002279235101300693
DEXI,0.002279235101300693
RNA5SP32,0.002278950228643381
RN7SL845P,0.002278698321290809
SNORA68|ENSG00000251715.1,0.002278581748293455
DNAJC28,0.0022785052466617653
SLC32A1,0.0022784459698865795
ARNTL2,0.002278349211035489
SMURF1,0.002277793818719395
ARPC1A,0.0022777212824954627
ZMYND11,0.002276824298474695
TUBB8,0.002276824298474695
RNA5SP298,0.002276824298474695
RNA5SP297,0.002276824298474695
C1QL3,0.002276607760223687
PTER,0.002276607760223687
KHDRBS3,0.0022766024886081743
TBXA2R,0.0022760616075325835
NAT1,0.0022757616959344345
SHD,0.0022757311217808827
ZNF546,0.00227506795903237
KCTD2,0.0022750312215729517
CCP110,0.0022749718009775666
GGA3,0.0022749006744895084
CCNE2,0.0022742370719262103
snoU13|ENSG00000238791.1,0.0022742370719262103
KIAA1324L,0.0022738117168496874
MTDH,0.0022735706436101248
RNA5SP434,0.0022732672202961674
USP1,0.002272965969546874
TMEM50B,0.0022728869968414987
IFNGR2,0.0022728869968414987
GATAD2A,0.0022728380303600943
SBF2,0.00227282293102728
KIAA1462,0.0022724905552461623
ZNF576,0.0022720516185226157
IRGQ,0.0022720516185226157
NPHS1,0.002271858096048764
APLP1,0.0022715999890167205
KIRREL2,0.0022715999890167205
PIP,0.002271474151773613
TAS2R40,0.002271474151773613
TAS2R39,0.002271474151773613
SUMO2,0.0022714204317964785
ASZ1,0.002270786142571618
EGLN3,0.0022706104960717273
ZNF428,0.0022700803960781853
SRRM5,0.0022700803960781853
SCGB2B2,0.0022692083802410825
DPY19L4,0.0022691529290550525
ST7,0.002269040084388184
DOK2,0.0022688874083944058
IGFL1,0.0022687737655854774
WNT2,0.002268720852764822
PITPNC1,0.0022681554405625044
WFIKKN2,0.0022674943810979693
NUP85,0.002267054729126239
RBM33,0.002266998807998235
SHH,0.002266998807998235
PCDH8,0.002266735866565146
TMEM130,0.002266322299732052
MIR3609,0.002266322299732052
snoU13|ENSG00000238459.1,0.002266322299732052
TRRAP,0.002266322299732052
TMBIM1,0.002266213919550851
snoU13|ENSG00000238736.1,0.002266213919550851
C2orf62,0.002266213919550851
RSPO2,0.002264601733892302
ANGPTL3,0.0022643115242142594
TNS1,0.0022641336365492913
snoR442|ENSG00000251959.1,0.002262663966979332
STAM,0.002262663966979332
GFRA2,0.0022626211097363687
ANKFN1,0.00226244257658128
FAM188A,0.0022622186103956297
snoU13|ENSG00000239130.1,0.0022622186103956297
DGKE,0.002260609360241863
CXCR2,0.002260322668854251
C9orf163,0.0022599733264699697
ZNF786,0.00225879540711814
ZNF425,0.00225879540711814
RN7SL521P,0.00225879540711814
PDIA4,0.00225879540711814
snoU13|ENSG00000238329.1,0.0022579375026110203
PSD3,0.0022576188743560796
TOB1,0.002257594720180843
RPN2,0.0022566993554191056
MROH8,0.0022566993554191056
SGCA,0.0022565503443499686
COL1A1,0.0022565503443499686
HILS1,0.0022565503443499686
PPP1R9B,0.0022565503443499686
TTF2,0.002255372579002705
snoU13|ENSG00000238815.1,0.00225519992031769
UBE2R2,0.002254981659866624
AKR1C3,0.0022546867165355155
LINC00338,0.002254560397270936
RN7SL402P,0.002254246409841016
RNA5SP239,0.0022540750610703956
ACTR3B,0.0022537525685560767
SNORD112|ENSG00000252557.1,0.0022536375228094183
ZNF212,0.0022536375228094183
ZNF783,0.0022536375228094183
PRKG1,0.0022535099383494245
MIR365A,0.0022531595358482445
MIR193B,0.0022531595358482445
RNA5SP272,0.0022530696626167144
OR1E2,0.0022530234620656286
IGFL2,0.002252642481839044
IGFL3,0.002252642481839044
IGFLR1,0.0022521842994041525
LIN37,0.0022521842994041525
PSENEN,0.0022521842994041525
U2AF1L4,0.0022521842994041525
C19orf55,0.0022521842994041525
HSPB6,0.0022521842994041525
snoU13|ENSG00000239135.1,0.002252134285799785
SEPT4,0.002251985333407037
MTMR4,0.002251985333407037
HSF5,0.002251985333407037
C17orf47,0.002251985333407037
NCAN,0.002251929847544497
HAPLN4,0.002251929847544497
SMCO2,0.0022518887172538883
SFTPC,0.002250157038165035
REEP4,0.002250157038165035
LGI3,0.002250157038165035
DOCK7,0.0022496307069972527
RUFY4,0.0022496201147097815
SUGT1,0.002249298830144558
DERL1,0.0022492986738288064
RNY4P5,0.0022492986738288064
SNORD37|ENSG00000212377.1,0.0022489972827887824
ZYX,0.0022489242939266935
FAM131B,0.002248548926379303
SAFB,0.002248463272718535
MATN2,0.0022483239622520823
SPAG9,0.00224769938982405
CUL1,0.0022476583396981342
RN7SL685P,0.002247579702645029
SCARNA24|ENSG00000252274.1,0.0022472421788877466
RNA5SP256,0.002246986728968387
LINC00700,0.00224674180079541
APTX,0.002246538102115366
RNA5SP403,0.002246359763613106
RNA5SP404,0.002246359763613106
TMEM26,0.0022461400705986747
RN7SL164P,0.0022458336711176996
MRPL27,0.0022454268357850384
EME1,0.0022454268357850384
LRRC59,0.0022454268357850384
YWHAZ,0.0022452015606193644
ZNF599,0.002244828248990914
RN7SL754P,0.0022444884312779675
RN7SKP291,0.002243781840912644
RN7SL232P,0.0022427744337773134
CDC123,0.0022427744337773134
NANOS2,0.0022424745802460183
ERCC4,0.002241726459763309
CTDSP1,0.0022408005455118135
MIR26B,0.0022408005455118135
SLC11A1,0.0022408005455118135
VIL1,0.0022408005455118135
MIR942,0.0022407040624310053
RPRD1B,0.0022406613432542346
ASAH1,0.002240042896263817
PRX,0.0022400177946626963
snoU13|ENSG00000239133.1,0.002239559919555189
BUD31,0.002239559919555189
PDAP1,0.002239559919555189
MREG,0.0022391356268366895
GRB7,0.0022380236069482477
KIF5B,0.0022377443971161536
C8orf48,0.00223768786569276
ESRP1,0.002237335443037976
ATP2A3,0.0022372947405197682
RN7SKP270,0.0022372222508256147
RN7SL831P,0.0022372222508256147
MIR1183,0.0022371798969000557
FGF20,0.002237011516132101
MKL2,0.0022369664438965874
IRF2BP1,0.002236606120842243
FOXA3,0.002236606120842243
MYPOP,0.002236606120842243
KCNJ6,0.0022365225351120947
DIS3,0.002236293988998607
BORA,0.002236293988998607
MIEN1,0.0022360273071321307
MSI2,0.0022359889092813893
RN7SKP272,0.002235640891739419
MARK2,0.002235607366359631
BRI3,0.002235392797745541
SLC44A5,0.0022352804889709385
RAPGEF1,0.002235088652883768
ABCC3,0.0022347683366750826
CYP3A5,0.0022346778312217065
ZSCAN25,0.0022346778312217065
ZNF655,0.0022346778312217065
OR3A3,0.0022345870622698808
OR1E1,0.0022345870622698808
LINC00483,0.0022344955113742172
ATP5J2,0.002234253678157273
PTCD1,0.002234253678157273
CYGB,0.0022341524548886377
PRCD,0.0022341524548886377
WISP1,0.0022338326252518983
ABRA,0.0022334416773750853
GTPBP10,0.0022327105579520506
TBK1,0.0022322983681427647
CPSF4,0.0022322569848199384
MATK,0.0022321755939390176
RAX2,0.0022321755939390176
ZNF398,0.00223204727101902
PTDSS1,0.0022318107022205667
FAM160B2,0.002231655087084803
NUDT18,0.002231655087084803
FGF17,0.002231655087084803
DMTN,0.002231655087084803
HR,0.002231655087084803
MRPS7,0.002231382241522679
GDF6,0.00223124087845892
KPNA7,0.002231232098309156
DNAJA1,0.002231140822418625
LINC00114,0.002231111003335652
XPO7,0.0022308708480060935
snoU13|ENSG00000238466.1,0.0022308708480060935
NPM2,0.0022308708480060935
CAPZA2,0.002230485232067508
ATP6V0A4,0.0022301195025860527
TMEM213,0.0022301195025860527
NOTCH1,0.0022297085324481064
HSD11B1L,0.0022296020727297474
C19orf70,0.0022296020727297474
RPL36,0.0022296020727297474
ETS2,0.0022293758184199065
RN7SKP164,0.0022289466123607844
SEC16A,0.0022287886941669203
HIPK4,0.0022287378344004708
RCOR2,0.002228719137736551
TSPYL5,0.0022286650424751244
MIR548AC,0.0022286596874449495
CD58,0.0022286596874449495
B3GNT3,0.002227981667969871
RNA5SP250,0.00222797912558841
snoU13|ENSG00000238557.1,0.00222797912558841
MRPL54,0.0022279229282284752
TAS2R60,0.0022278618527355127
TAS2R41,0.0022278618527355127
EPHA1,0.0022278137225916037
PCMTD1,0.0022270461942306592
NPAP1,0.0022269883701322227
ICT1,0.002226872330981283
CDR2L,0.002226872330981283
ADAM3A,0.0022268578142878395
RSPH6A,0.0022268486205490995
MICU3,0.0022258951175406867
CXCR2P1,0.0022257851251111967
RN7SL573P,0.0022254412012306206
ATP5H,0.0022254412012306206
CCDC130,0.00222516894864911
RN7SKP19,0.0022249170705874568
OR10A2,0.002224279835390944
OR10A5,0.002224279835390944
OR10A4,0.002224279835390944
OR2D2,0.002224279835390944
OR2D3,0.002224279835390944
SYT17,0.0022233832560471234
RN7SL542P,0.002222718114743849
PTBP2,0.0022223096668848676
EGFR,0.002221905859301063
BAIAP2L1,0.002221848147463734
HEXIM2,0.002221553556237581
HAS2,0.00222125591903686
RN7SL328P,0.0022207773827585433
PSMG1,0.0022202175986549616
ZNF394,0.002219982514506325
FAM200A,0.002219982514506325
ZNF789,0.002219982514506325
ZKSCAN5,0.002219982514506325
ENPP2,0.0022195696142780783
snoU13|ENSG00000238925.1,0.0022193264014466535
snoU13|ENSG00000238436.1,0.0022176586767214284
ITPRIPL2,0.0022176181225717507
LEPROTL1,0.002217527188985921
NDEL1,0.002216637877100682
CLCN1,0.002216475854830077
RN7SL481P,0.002216475854830077
CASP2,0.002216475854830077
KIAA1456,0.0022163662320357834
STMN4,0.002215989988306012
TRMT12,0.002215691780965157
ARPC1B,0.0022152850914525955
HN1,0.002215128201174859
NT5C,0.002215128201174859
SDC2,0.002215125913607739
RN7SL825P,0.0022150092566113303
PITRM1,0.0022149706979222184
RNY5,0.0022146593846969977
NPTX2,0.002214499792109396
ZBTB32,0.002214220599137809
KMT2B,0.002214220599137809
WBP7,0.002214220599137809
CLEC19A,0.0022131950536825843
RN7SL811P,0.0022116777824293167
SDCCAG3,0.002211408783546644
INPP5E,0.002211408783546644
PMPCA,0.002211408783546644
KCNJ16,0.002211167669901369
PTPRS,0.002210743357119804
MIR548V,0.0022105746950343767
SP4,0.002209884811516071
TATDN1,0.002209704740935042
RNF139,0.002209704740935042
RBFOX1,0.00220938754634957
LINC00395,0.0022092085411072747
SNORA48|ENSG00000212228.1,0.00220908400866207
PRM2,0.00220908400866207
PRM1,0.00220908400866207
TNP2,0.00220908400866207
SOCS1,0.00220908400866207
RMI2,0.00220908400866207
PRM3,0.00220908400866207
SNORA26|ENSG00000212590.1,0.0022087792687564512
FABP5P3,0.00220865783157942
STK38L,0.0022085338914692746
TRIM37,0.002208104607929149
MIR454,0.002208104607929149
SKA2,0.002208104607929149
RN7SL716P,0.002208104607929149
PPM1E,0.002207774574925847
ZNF326,0.002207507410322227
ZNF302,0.00220711990993712
ZNF467,0.0022070471911261355
CCDC7,0.0022066331522148145
GSTK1,0.0022064173948101963
TMEM139,0.0022064173948101963
RN7SL535P,0.0022064173948101963
MX2,0.002205552390014097
SNORA9|ENSG00000199282.1,0.0022054503280535464
FLT3,0.002205405026581275
MRC1L1,0.002205332341611454
SLC39A12,0.002205332341611454
TMEM236|ENSG00000184040.7,0.002205332341611454
MRC1,0.002205332341611454
TMEM236|ENSG00000148483.7,0.002205332341611454
OXR1,0.0022052761028706304
ATP5EP2,0.002205057951522956
CDX2,0.002205057951522956
LINC00543,0.002205057951522956
PDX1,0.002205057951522956
PIP4K2A,0.002204573295222542
BMP1,0.0022039554582659227
RNA5SP309,0.0022038571144542356
NAA38,0.0022027537197423946
SLC30A8,0.00220252025458843
CNFN,0.002202260776806931
EIF3H,0.0022018197092452054
UTP23,0.0022018197092452054
MKLN1,0.002201794608021479
MIR1205,0.0022016912896818406
CALCA,0.0022016779764235106
CALCB,0.0022016779764235106
MZT1,0.0022014500629597713
HOPX,0.0022009634945750426
RN7SL445P,0.0022008265714594825
ASB13,0.0022008265714594825
ORMDL3,0.002200503898026953
RNA5SP472,0.002199472802657955
ZNF181,0.0021990801504709104
SEC61A2,0.0021986152624160356
RN7SL569P,0.0021984315429871624
HPYR1,0.002198102865185368
FAM3B,0.002198071412797816
CTAGE6,0.002197842394405904
FAM115A,0.002197842394405904
CTAGE15,0.002197842394405904
FAM115C,0.002197842394405904
AGBL3,0.0021972161927890357
ABCA10,0.0021969456098620203
BAI1,0.002196902303865462
RN7SL474P,0.0021964595031883517
U3|ENSG00000221461.1,0.002196338464939668
ASH2L,0.0021963205451196303
GSDMB,0.0021960782146981327
RN7SL626P,0.0021960123178452586
ZNRF4,0.0021960123178452586
C20orf187,0.0021953037464162773
RN7SL800P,0.0021947291501040163
LINC00534,0.002194661681677838
MIR2467,0.002193954949747849
MIR4269,0.002193954949747849
CEP135,0.002193354430379744
THEGL,0.0021927102169981903
LUC7L3,0.0021916359557763187
MTMR7,0.0021914360673318174
MIR301A,0.0021914107866482864
ANKRD40,0.0021913154943118108
ZNF282,0.002190966352314816
RN7SL228P,0.002190132562543606
RNY1P8,0.002190104336060984
XRCC2,0.0021899756806074396
RABGGTA,0.002189739082374436
TGM1,0.002189739082374436
EGR2,0.002188855485232066
KIAA1107,0.002187512847206107
C1orf146,0.002186929335393309
RN7SL824P,0.002186929335393309
ACTBP12,0.002186929335393309
RPAP2,0.002186929335393309
GLMN,0.002186929335393309
KDM3A,0.0021868600183339534
RMND5A,0.00218678200152133
CD8A,0.00218678200152133
AARD,0.002186584271902721
EZH2,0.002186000210917202
MIR378D2,0.0021853987341772167
PDP1,0.0021853987341772167
TMEM75,0.0021853278563285254
ZPBP2,0.0021847847106730256
SNORA59B,0.002184777512790722
MIR548H2,0.002184758221150628
snoU13|ENSG00000238409.1,0.002184758221150628
RNF103,0.0021842367030095
MIR3610,0.0021832524099044586
RAD21,0.0021832524099044586
TG,0.002183115383832482
LAPTM4B,0.0021830239035253497
TEX14,0.002182844139811695
TAF2,0.002182613683553269
SYMPK,0.002182349393890324
CD8B,0.0021806966901367266
LINC00348,0.00218047054145404
CCDC61,0.0021801410440385706
MIR769,0.0021801410440385706
PGLYRP1,0.0021801410440385706
ATP6V0E2,0.00217984845918592
ZNF862,0.00217984845918592
LYPD5,0.002179111918446402
RNA5SP274,0.0021788092121333624
CHMP3,0.002178775526125881
RNA5SP35,0.0021777831535658115
EPHX2,0.0021775707964904354
CHRNA2,0.0021775707964904354
COL1A2,0.002177528239703419
CDH17,0.00217642088607595
SAFB2,0.0021758256280058758
RN7SKP153,0.0021755571024399305
TSRM,0.0021753183153770802
RN7SL104P,0.002175292008475037
MYCN,0.002175292008475037
MYCNOS,0.002175292008475037
DCTN6,0.002175218334347059
ZNF32,0.002175073951185295
ZNF644,0.002174773277237992
CDC42EP4,0.0021742442517425713
LINC00701,0.002174181915663228
BHLHA15,0.0021730429409590676
TECPR1,0.0021730429409590676
CYP2R1,0.002172354169385364
CD300LF,0.002171934550686487
CACNA1A,0.00217139313142375
COX8A,0.0021707043489158978
OTUB1,0.0021707043489158978
NAA40,0.0021707043489158978
U3|ENSG00000199666.1,0.0021706065799248324
MIR4674,0.0021705896837266978
TOMM7,0.00217032611263183
SNORD93,0.00217032611263183
snoU13|ENSG00000238687.1,0.0021699078844078143
MDP1,0.0021698267457837916
TSSK4,0.0021698267457837916
CHMP4A,0.0021698267457837916
PLD3,0.0021697643571814613
RN7SKP187,0.002169378117192577
GPR85,0.0021688745211321746
FADS6,0.002168869484027983
OTOP2,0.0021677942234399165
USH1G,0.0021677942234399165
C19orf47,0.002167497734698917
RALGAPA2,0.0021667474586958366
OTOP3,0.0021663056954372246
HID1,0.0021663056954372246
ZBED6CL,0.002165864009536017
LRRC61,0.002165864009536017
ST18,0.0021656000676609096
IL6,0.002165579624560577
SLC7A2,0.0021649514544514474
RN7SL63P,0.002164910669937837
RN7SKP75,0.0021647640665385403
ZNF536,0.002164716219555729
BTBD8,0.002164669685898248
MIR4673,0.0021641784919563694
ABCA5,0.0021638660800787765
MYH10,0.0021636126117972896
SSPO,0.0021636046389001593
TBX4,0.0021631240449202856
CPS1,0.002162706535444673
ADAM5,0.002162532774394154
GEM,0.0021623196202531655
TBC1D31,0.0021609868458396966
RNA5SP232,0.002160617834183843
RN7SL272P,0.0021601384295521038
URAD,0.0021601384295521038
RNFT1,0.002159817392431894
ZNF431,0.0021594049089225056
ZNF724P,0.0021591123989629403
NECAB1,0.0021587860428065576
TMEM67,0.002158719520979089
RBM12B,0.0021587195209790888
FAM92A1,0.0021587195209790888
ZHX2,0.002158584859719829
LONP1,0.002158205823345437
USP32,0.002158184977097861
EXOC1,0.002157216320072331
LINC00323,0.0021571768580440935
MIR3197,0.0021571768580440935
IKZF3,0.0021567167065401735
MKX,0.0021566877637130798
SNORA27|ENSG00000199474.1,0.002156131170348715
ARMC4,0.002155945850914205
RN7SKP132,0.002155945850914205
PRR21,0.0021556789450472417
OR6B3,0.0021556789450472417
CAMKK1,0.002155041181984867
KCNN4,0.0021538413051326285
NPBWR1,0.0021531908424989627
GFI1,0.00215304586535465
EVI5,0.00215304586535465
RUNX1T1,0.002152706953594251
LRRC6,0.002152675152012147
SNORD21,0.002152628123943214
SNORA66|ENSG00000251795.1,0.002152628123943214
SNORA66|ENSG00000207523.1,0.002152628123943214
SNORA51|ENSG00000207022.1,0.002152628123943214
RPL5,0.002152628123943214
TRIM35,0.0021523979511587966
PTK2B,0.0021523979511587966
CAND1,0.0021520338153103204
GRIN2C,0.002152021183781552
TMEM104,0.002152021183781552
RN7SL692P,0.002151534039294216
FAM69A,0.002151534039294216
ENTHD2,0.002151142053445851
PTN,0.0021505662891405726
CASD1,0.0021491392578979903
CXCL13,0.0021489780567210868
HFM1,0.002148003129745179
DSCC1,0.0021475309434965655
RNA5SP277,0.0021475309434965655
RN7SL396P,0.0021475309434965655
FCHSD2,0.0021475236681620814
RAD54B,0.002147500000000002
FSBP,0.002147500000000002
NEDD8,0.002147411933584607
TINF2,0.002147411933584607
GMPR2,0.002147411933584607
OR6B2,0.0021465900032597504
TMEM55A,0.002146546460987423
GPSM1,0.0021463908842041224
DNLZ,0.0021463908842041224
LHX3,0.0021463908842041224
DKFZP434A062,0.0021463908842041224
CARD9,0.0021463908842041224
QSOX2,0.0021463908842041224
SNAPC4,0.0021463908842041224
BARHL2,0.002146334556741372
ADO,0.00214607858649789
TGFBR3,0.0021457154982063653
snoU13|ENSG00000238901.1,0.002145624909064455
MIR3920,0.002145141253828523
RNA5SP255,0.0021450456996443446
PLEKHM1P,0.0021447041004003056
DNAH6,0.00214417188632929
SNORA62|ENSG00000272015.1,0.0021428024853021228
RARRES2,0.002142190151444946
EGFL7,0.0021419452958656043
MIR126,0.0021419452958656043
FAM126A,0.002141805499590102
MIR4737,0.002141736050001128
NDUFA10,0.0021417113398108285
CD22,0.0021414865866717907
MAG,0.0021414865866717907
GPC6,0.002141329244961605
SNORD81|ENSG00000202023.1,0.0021412949659176312
SNHG16,0.0021409775366928617
SNORD1B,0.0021409775366928617
TMEM105,0.002140742616033755
LINC00482,0.002140742616033755
RN7SL72P,0.0021406849695927697
U3|ENSG00000199370.1,0.0021406849695927697
CDK1,0.0021403209871839204
snoU13|ENSG00000238900.1,0.002140213862986275
GRIK1,0.0021401319829250794
KRBA1,0.0021395696649931743
ST6GALNAC2,0.002139494673234439
ZP3,0.002139423232784663
LANCL2,0.002139184247538674
SPTSSA,0.0021386899055593923
ERG,0.002138586856653836
FRAS1,0.00213818700465162
MIR4740,0.002137862165963431
CCDC146,0.0021377374338721823
SNORA40|ENSG00000252352.1,0.002137604624938456
LMTK2,0.0021375109720040645
RCVRN,0.0021369847401742532
MIR4786,0.00213691759414232
SNORD121B,0.002136668017934266
KLHL7,0.0021363726048715436
C12orf71,0.00213615898438942
KIAA1549,0.0021361103645386064
ZNF777,0.002135936136827743
ZNF746,0.002135936136827743
CCNG2,0.0021354177685319066
SLITRK1,0.0021353601312831746
TMEM64,0.0021350453242471646
MIR634,0.002134598997434082
NUPL2,0.002133671441870807
ADAM22,0.0021333484194894278
PWP1,0.0021330609896432675
SHISA9,0.0021329016222384634
AGPAT2,0.0021327265495215144
PAICS,0.0021323265144665426
SRP72,0.0021323265144665426
MIR4441,0.0021313623277333256
MIR4440,0.0021313623277333256
TWIST2,0.0021313623277333256
C17orf85,0.0021312517318837552
SMURF2,0.002131094702297237
ACTR3C,0.002130273329519782
RNA5SP446,0.002130252640899552
ADIG,0.0021300631937982077
PECR,0.0021295140583517647
C8orf17,0.002129452891547606
KCNJ2,0.0021292584533773775
PIBF1,0.0021292517728146343
RAB37,0.0021290695360690654
SMARCAL1,0.0021289083187090467
LAMTOR4,0.002128678969180089
MBLAC1,0.002128678969180089
TAF6,0.002128678969180089
CNPY4,0.002128678969180089
MIR106B,0.002128678969180089
ZNF3,0.002128678969180089
AP4M1,0.002128678969180089
MIR93,0.002128678969180089
COPS6,0.002128678969180089
MIR25,0.002128678969180089
MCM7,0.002128678969180089
C7orf43,0.002128678969180089
GAL3ST4,0.002128678969180089
MIR4658,0.002128678969180089
GPC2,0.002128678969180089
POMZP3,0.0021283535462194797
UPK3B,0.0021283535462194797
DTX2,0.0021283535462194797
MARCH4,0.002128337192760199
NOVA2,0.0021282629695186283
RALGAPB,0.0021282565442376075
HDAC4,0.0021279327451179117
TRMT112,0.0021276162585335506
CCDC88B,0.0021276162585335506
RPS6KA4,0.0021276162585335506
MIR1237,0.0021276162585335506
ESRRA,0.0021276162585335506
TEX40,0.0021276162585335506
PRDX5,0.0021276162585335506
PON3,0.002127541718237765
PON2,0.002127463455780265
MBTD1,0.0021273920932629465
DPP6,0.0021272757486761745
ACTG1,0.00212720112517581
C17orf70,0.00212720112517581
FSCN2,0.00212720112517581
ZNF485,0.0021266191963894266
ZSCAN21,0.002125758062137233
LINC00639,0.0021256515675352394
STRA8,0.002125514889715102
WDR91,0.002125514889715102
LRRC4,0.0021252140150294064
snoU13|ENSG00000238892.1,0.002124924416838656
NPAS3,0.0021246370087565085
MIR3186,0.0021236596343178634
RPL37A,0.00212336666632053
ARL9,0.0021230701853526173
MIR548AS,0.0021223961964801073
NUDT5,0.0021223720518082846
MMP1,0.0021223253871361612
ZNF730,0.002121866707335672
TNP1,0.002121649827104599
PHF20L1,0.002120955430126761
snoU13|ENSG00000238922.1,0.0021209304933728023
BACE2,0.002120758893884082
GPC5,0.0021205446873801283
KSR1,0.0021203611076481515
EPC1,0.002120038158974044
EMILIN3,0.0021195078026040285
LPIN3,0.0021195078026040285
RNA5SP227,0.0021191429643318666
AGAP6,0.0021188447517453833
ASAH2,0.0021188447517453833
FAM21A,0.0021188447517453833
SNORA74|ENSG00000223111.1,0.0021188447517453833
TIMM23,0.0021188447517453833
SGMS1,0.0021188447517453833
RNA5SP317,0.0021188447517453833
LINC00843,0.0021188447517453833
RMRPP4,0.0021188447517453833
SCARNA20|ENSG00000252577.1,0.0021180938198064035
MIR5699,0.002117916133002881
PRR26,0.002117916133002881
C7orf33,0.002117752517424637
ZNF215,0.0021175756628639864
U8|ENSG00000201809.1,0.00211729228750308
ABCB1,0.0021167413902835725
LEP,0.0021165638678157235
ACE,0.002115661454455204
RNA5SP120,0.002115087070746929
IGFBP5,0.002115087070746929
IGFBP2,0.002115087070746929
U3|ENSG00000212551.1,0.0021141816053266965
ANGPTL5,0.002113803572575982
MACROD1,0.0021134979320716844
MIR4669,0.002112031471185605
PPM1D,0.0021118978316297735
TACO1,0.002111767273474212
PVRIG,0.0021116856525624414
STAG3,0.0021116856525624414
PFKFB3,0.002111594315446145
SMG1,0.002111480135355308
NAT9,0.002111245465538092
NDUFAF6,0.0021107332030795988
snoU13|ENSG00000238935.1,0.002110711946070452
MDH2,0.002110711946070452
PRKAG2,0.0021105653539733905
CYP2S1,0.002110288719942298
RN7SL718P,0.002110288719942298
LINC00358,0.0021102771683467565
U3|ENSG00000252440.1,0.0021101849487469427
MROH5,0.0021101305485987545
LINC00051,0.0021101305485987545
GPR20,0.0021101305485987545
PTP4A3,0.0021101305485987545
TSNARE1,0.0021101305485987545
SNORD5|ENSG00000238854.1,0.0021101305485987545
DEPTOR,0.002110088830672607
APOH,0.002109929972722214
GATS,0.002109846348721593
DBF4,0.0021094123470758786
SLC25A40,0.0021094123470758786
ABCA9,0.0021091308973117673
ABCA6,0.0021091308973117673
MIR4524B,0.0021091308973117673
WIPI1,0.002108840040958947
MIR635,0.002108840040958947
FAM20A,0.002108840040958947
PRKAR1A,0.002108840040958947
TBC1D3P2,0.0021081495375152937
XRCC5,0.0021081331796485325
TMEM169,0.0021081331796485325
HIVEP3,0.0021061229139041895
CDCA7L,0.002105462073948504
MIR5196,0.002105093495153628
snoU13|ENSG00000238440.1,0.002103913731576592
SFTA1P,0.0021037359448676093
XRN2,0.002103027615811408
RN7SKP140,0.002103027615811408
RN7SL590P,0.002102791814679543
TP53INP1,0.0021026550729771483
MALSU1,0.0021025358140310427
ABCA8,0.002102405342194489
SLC47A1,0.0021021185375432318
C17orf89,0.0021020225035161748
SLC38A10,0.0021019662447257386
TYRP1,0.002101957481782456
snoU13|ENSG00000238739.1,0.0021018881267237076
RNA5SP445,0.00210120869652149
LHX8,0.0021006467632764298
TRIM24,0.0021006099257138023
GPR42,0.0021003734314506152
FFAR1,0.0021003734314506152
FFAR3,0.0021003734314506152
P2RY2,0.0021002901886226027
SNORD22,0.00210026600433079
snoU13|ENSG00000239134.1,0.0020988615153823362
AZGP1P1,0.0020987353340100544
AZGP1,0.0020987353340100544
ZKSCAN1,0.0020987353340100544
NRBF2,0.002098284106891704
IGF2BP3,0.0020980588864650076
TRPC6,0.0020978576324187687
XPOT,0.002097700046449661
PLGLB1,0.0020975551481344267
PLGLB2,0.0020975551481344267
RGPD1,0.0020975551481344267
LINC00152,0.0020975551481344267
SNORD121A,0.002097483289493335
ASB1,0.002096921319567523
TRAF3IP1,0.002096921319567523
RN7SKP43,0.002096731428887896
RN7SL615P,0.002096336955304132
C17orf62,0.0020962228214627004
XRCC1,0.002094867945287121
ZNF575,0.002094867945287121
YPEL2,0.002094569077160882
PAX6,0.0020944523304309614
CBFA2T2,0.0020944288454161878
GDPD1,0.0020943727284120834
NARF,0.0020939156729019672
DHRS1,0.0020935780027788245
NOP9,0.0020935780027788245
UTP18,0.0020930897248795013
CLDN12,0.0020930712113711876
NRD1,0.0020928757401773557
VOPP1,0.0020927835315177044
ST6GALNAC3,0.0020927672541504335
MIR4729,0.0020922964448343577
SMG8,0.00209191628023562
PRR11,0.00209191628023562
snoU13|ENSG00000238384.1,0.002091268518491683
OR3A4P,0.002090253702061332
DUS3L,0.0020900772468254347
PRR22,0.0020900772468254347
LRFN4,0.0020894113501987383
RCE1,0.0020894113501987383
OR2F2,0.0020890888963758037
TSPAN10,0.002089043600562588
MIR4651,0.0020889776653410875
POR,0.0020889776653410875
SNORA14A,0.0020889776653410875
DPY19L2,0.0020889302392852883
OR1N2,0.002087718706047821
OR1J1,0.002087718706047821
OR1L8,0.002087718706047821
OR1N1,0.002087718706047821
OR1J4,0.002087718706047821
OR1J2,0.002087718706047821
FDXR,0.0020875782529502732
KCNK9,0.0020872712256169946
FSCN3,0.002087192767545652
PAX4,0.002087192767545652
ARF5,0.002087192767545652
GCC1,0.002087192767545652
CYP3A7,0.002087046596243795
STYXL1,0.0020866634263857465
DIAPH3,0.002086127820842279
PRDM4,0.002085765247410817
ASCL4,0.002085765247410817
ATP6V1C1,0.002085639438383435
OR2A25,0.002085489449184885
OR2A5,0.002085489449184885
GPNMB,0.00208532840528561
RN7SL699P,0.002084887643612206
SLA,0.0020845248584564122
RN7SL67P,0.0020837668251932435
FGF14,0.002083760732440091
FZD1,0.002083745138250473
CUEDC1,0.002083738691430367
CCDC137,0.0020830717299578053
OXLD1,0.0020830717299578053
PDE6G,0.0020830717299578053
ARL16,0.0020830717299578053
FXYD5,0.0020829704275240946
FXYD7,0.0020829704275240946
TMEM120A,0.0020828260032093033
AMZ2,0.002082798436547492
SLC16A6,0.002082798436547492
C7orf73,0.002082536373600394
BIN3,0.002082135719044449
SLC13A4,0.0020820420794738993
BPI,0.002081836123587859
KMT2C,0.002081765568725456
C10orf68,0.002081699002092146
RN7SL12P,0.00208135177688635
PON1,0.002081201647569665
DNAH11,0.0020811015854048267
SUCLG1,0.002080081418001068
ZNF800,0.002080043411918937
FUNDC2P2,0.0020799809558752894
FBF1,0.0020799233722382394
KCNK4,0.002079911886917265
LYPD3,0.0020797275674588897
DCAF7,0.002079522599087653
KCNH6,0.002079522599087653
DDX5,0.0020794520177431592
CEP95,0.0020794520177431592
UBAP1,0.002079383701612785
GNA13,0.002078548612069824
MIR4522,0.002078218265560034
OR6B1,0.002078190856647807
RN7SL237P,0.0020781346883837664
GJC3,0.002077979542082748
SNORA40|ENSG00000222966.1,0.002077979542082748
TRIM4,0.002077979542082748
SNORA26|ENSG00000212624.1,0.002077563277080785
WSB1,0.0020773403811378452
DCT,0.0020772378032426534
NRTN,0.0020769104473428173
OR1B1,0.002076731364275669
CHMP4B,0.0020765324127349437
MIR17HG,0.0020762650992319776
ENHO,0.0020760846234140445
AOC1,0.002075370942640111
PDLIM2,0.0020752907585419264
SORBS3,0.0020752907585419264
C8orf58,0.0020752907585419264
KIAA1967,0.0020752907585419264
RN7SL461P,0.002075288513567456
MIR4661,0.002074143956088685
LRRC69,0.002074143956088685
OR2A14,0.002073962279718648
OR2A12,0.002073962279718648
OR2A2,0.002073962279718648
NMT2,0.0020738072618833683
TMEM65,0.002073792359652608
P2RY6,0.0020737090219753933
PHYHIP,0.0020733948796040754
OR1L1,0.0020726919831223615
LIMD2,0.0020724025974026
MAP3K3,0.0020724025974026
MIR548A3,0.0020723463104700265
OR2F1,0.002071944251541887
CNTFR,0.0020715091908061595
AASDH,0.0020713607594936693
UCN3,0.0020713566496794356
RN7SKP85,0.0020712780503033715
ZNF792,0.0020712155742881482
RNA5SP162,0.0020710612567811926
MSMB,0.0020710582601326344
TMC7,0.0020709048752976553
COQ7,0.0020709048752976553
U8|ENSG00000202537.1,0.0020708246377094263
CSMD3,0.002070285243816139
LTB4R,0.002069624091317334
LTB4R2,0.002069624091317334
CIDEB,0.002069624091317334
NME1,0.0020687216618958323
NME2,0.0020687216618958323
ZACN,0.0020685898437053586
GALR2,0.0020685898437053586
C17orf64,0.0020682370992125315
MTPN,0.0020680851213829205
TGDS,0.002067876920164289
RNA5SP36,0.0020678769201642883
GPR180,0.0020678769201642883
RN7SL491P,0.002067475768143002
PIWIL2,0.002067433139811556
MIR1296,0.002067285513361463
HGS,0.0020670829817158918
MRPL12,0.0020670829817158918
SLC25A10,0.0020670829817158918
SLC22A11,0.002066797680288233
CYP3A4,0.002066787551730417
CYP3A43,0.002066787551730417
OR2AE1,0.002066787551730417
MILR1,0.0020666134732590454
SLC9A3R1,0.002066352379348878
MIR3615,0.002066352379348878
EXOC4,0.0020663239703428665
LRRC37A16P,0.0020658331440774878
LINC00674,0.0020658331440774878
ATG16L2,0.002065612092304439
RN7SKP129,0.002065465096393264
OTX2,0.0020652648292869
DNAI1,0.0020650465311163042
SNORA19|ENSG00000251974.1,0.00206433949016013
SIX1,0.002063588301562098
PHLDB3,0.0020634475170828834
RNA5SP444,0.0020634006312452145
KRTDAP,0.0020633652763667317
EXOC7,0.002063279711409166
WDR60,0.002062770105393569
MIR5707,0.002062770105393569
ESYT2,0.002062770105393569
LINC00689,0.002062770105393569
NCAPG2,0.002062770105393569
VIPR2,0.002062770105393569
LINC00391,0.0020626968809327223
SOX21,0.0020626968809327223
RN7SL585P,0.0020626968809327223
PPAT,0.002062158114828207
EPHX4,0.0020621473234711005
snoU13|ENSG00000238371.1,0.0020620524800347684
SPTBN2,0.0020620359597902185
DIRC3,0.0020618685164224652
RN7SL456P,0.002061843480261663
PPP3CC,0.0020608013705148967
SLC39A14,0.0020608013705148967
SIX4,0.002060301774990464
AANAT,0.0020594247229703167
RHBDF2,0.0020594247229703167
LINC00459,0.0020591996443098865
POTEB,0.002059153560925711
HERC2P3,0.002059153560925711
OR4N4,0.002059153560925711
POTEB2,0.002059153560925711
GOLGA6L6,0.002059153560925711
WHAMMP3,0.002059153560925711
snoU13|ENSG00000239083.1,0.002059153560925711
GOLGA8DP,0.002059153560925711
RN7SL584P,0.002059153560925711
RN7SL106P,0.002059153560925711
GOLGA6L1,0.002059153560925711
TUBGCP5,0.002059153560925711
RN7SL759P,0.002059153560925711
GOLGA8EP,0.002059153560925711
OR4M2,0.002059153560925711
NIPA2,0.002059153560925711
RN7SL545P,0.002059153560925711
HERC2P2,0.002059153560925711
GOLGA8S,0.002059153560925711
CHEK2P2,0.002059153560925711
CT60,0.002059153560925711
CYFIP1,0.002059153560925711
GOLGA8I,0.002059153560925711
MIR1268A,0.002059153560925711
DKFZP547L112,0.002059153560925711
RN7SL495P,0.002059153560925711
RN7SL536P,0.002059153560925711
NBEAP1,0.002059153560925711
snoU13|ENSG00000238960.1,0.002059153560925711
RN7SL400P,0.002059153560925711
NIPA1,0.002059153560925711
GOLGA6L2,0.002059153560925711
OSR2,0.00205896670241457
ETHE1,0.0020586891627362765
CELF2,0.002058557503799302
WNT9B,0.0020585075723327305
GIMAP5,0.0020584528264502963
LINC00710,0.0020582039733153343
TRHR,0.0020581328968293285
TRA2A,0.0020578054440106184
SNX8,0.0020567180538858636
ARHGEF17,0.002056695185203717
FAM180A,0.0020565090645037333
snoU13|ENSG00000238587.1,0.0020560526129693806
RUNDC3B,0.0020560243264267026
LRP12,0.002055901040133454
RIC8B,0.0020552359033371684
C12orf23,0.0020552359033371684
MTERFD3,0.0020552359033371684
LUZP6,0.00205518014445396
RN7SKP231,0.0020548455370588982
TAF1L,0.0020546584289880755
RN7SKP191,0.0020542957403048958
FFAR2,0.0020536972459430517
MIR592,0.0020536882221887927
RELT,0.0020533985979775747
GSG2,0.0020529105861485145
ARHGDIA,0.002052289732770743
ITGAE,0.0020521446424252208
FAM76B,0.0020519733832063737
PVT1,0.002051138300247993
OTUD6B,0.0020496618851863243
RN7SL777P,0.0020496618851863243
NPLOC4,0.002049023909985935
TM7SF3,0.0020481365886576815
MED21,0.0020481365886576815
ZC3HAV1,0.0020481336957019827
MRPS28,0.0020468185809062543
ARC,0.0020464440062346466
FAM171A1,0.0020452813163676677
BRDT,0.0020448607860169385
RN7SL235P,0.0020448607860169385
FLT1,0.0020447124279572466
LMBR1,0.0020444172453574247
PEG10,0.0020443893064496996
RPP25L,0.0020442670430320937
DCTN3,0.002044014172510622
SKINTL,0.0020434058124123643
NAT16,0.002042844789940513
AP1S1,0.002042844789940513
VGF,0.002042844789940513
MIR4653,0.002042844789940513
MOGAT3,0.002042844789940513
GALNTL5,0.002042816192049698
snoU13|ENSG00000239154.1,0.0020423038617233213
KIAA1377,0.0020423038617233213
C11orf70,0.0020423038617233213
snoU13|ENSG00000252679.1,0.0020423038617233213
RNF216,0.002042298988756104
ACOX1,0.002042249340877909
EIF3B,0.0020413231030337324
snoU13|ENSG00000239045.1,0.0020412726616153044
PDCL,0.0020412714486638507
OR1K1,0.0020412714486638507
DCAF12,0.0020410866629887825
CDK5RAP3,0.0020407007301118936
JMJD1C,0.002040381025444318
TANC2,0.0020402638058824286
CYB561,0.0020402638058824286
MIR5047,0.0020399626744563486
POLG2,0.0020399626744563486
MIR3064,0.0020399626744563486
ASUN,0.002039888443106514
SNORA7|ENSG00000201316.1,0.0020397849639592087
TINCR,0.0020396405559849227
FAM220A,0.002039505692666716
ZNF341,0.0020381741465285777
C9orf62,0.0020380983220488684
PPP1R9A,0.0020372906116935745
CATSPERD,0.0020372258418462344
FAM25D,0.0020372079258531846
RNA5SP316,0.0020372079258531846
AGAP7,0.0020372079258531846
FAM21D,0.0020372079258531846
AGAP8,0.0020372079258531846
TIMM23B,0.0020372079258531846
SNORA74|ENSG00000223182.1,0.0020372079258531846
PTCHD3,0.0020370464135021082
ARMC4P1,0.0020370464135021082
FGFR1OP2,0.0020370178037632013
SGCE,0.002036954372987282
YWHAG,0.0020368275033434266
TPD52,0.0020367507253623946
MIR4299,0.002036505001659317
LRRC37A3,0.002036473547549498
KIAA1755,0.002035985965549052
RPL12P38,0.0020358852862203615
ANKRD26,0.002035868495077355
STAG3L5P,0.0020356350659228454
PILRA,0.0020356350659228454
PILRB,0.0020356350659228454
C19orf54,0.002035467391364508
RN7SKP180,0.002035242556366611
ANGPT1,0.002035227182455438
RN7SL409P,0.002034882253236687
EMC6,0.0020340173076406265
CTNS,0.0020340173076406265
P2RX5,0.0020340173076406265
TAX1BP3,0.0020340173076406265
TRPV1,0.0020340173076406265
SHPK,0.0020340173076406265
TMEM184A,0.0020338660632204233
MAFK,0.0020338660632204233
PSMG3,0.0020338660632204233
MRRF,0.0020335077355836855
SPDYE3,0.002033040953430328
RN7SL653P,0.002032955155791026
CDC7,0.0020312477206569824
WNT3,0.00203123869801085
NUP88,0.0020310148482326693
EXOC5,0.0020298448546565784
AP5M1,0.0020298448546565784
ELFN1,0.002029718548900359
MIR4655,0.002029718548900359
FXYD4,0.002029686613104935
HNRNPF,0.002029686613104935
SRRM3,0.0020295105699267135
C17orf82,0.0020290677469877796
CNTNAP2,0.002029020289595712
TBX2,0.0020287154683639513
RAB18,0.0020286075949367075
SNORD65|ENSG00000212264.1,0.0020280759771568327
MRPL38,0.0020275019658027417
MIR595,0.002027409274981402
MIR3907,0.0020271763619339207
RN7SL76P,0.0020271763619339207
CRYGN,0.0020271763619339207
RHEB,0.0020271763619339207
RN7SL404P,0.0020271466695517357
PTGS1,0.0020266666666666658
RNA5SP468,0.0020263961198872475
BAALC,0.002026264493759491
C8orf56,0.002026264493759491
MIR3151,0.002026264493759491
APPBP2,0.002026232541347958
FLRT1,0.002026232511658901
RERGL,0.002026137359268975
GIMAP6,0.0020261185802076596
GIMAP8,0.0020261185802076596
GIMAP7,0.0020261185802076596
GIMAP4,0.0020261185802076596
CCDC57,0.0020260971151335235
FIS1,0.0020259845047327376
CLDN15,0.0020259845047327376
WDR86,0.002025536960043975
U3|ENSG00000221400.1,0.002024227377397935
C11orf80,0.002024160369360411
CYP2A7,0.0020239235820025112
CYP2A6,0.0020239235820025112
ELMO1,0.002023401301264523
FTSJ2,0.002023127784456545
NUDT1,0.002023127784456545
RN7SL161P,0.0020229247823056636
NYAP1,0.0020229247823056636
PPP1R35,0.0020229247823056636
C7orf61,0.0020229247823056636
MEPCE,0.0020229247823056636
TSC22D4,0.0020229247823056636
AGFG2,0.002022710775254999
RN7SL416P,0.002022710775254999
KPNA2,0.0020225632811784063
C17orf58,0.0020225632811784063
RN7SL622P,0.0020225632811784063
DCAF13,0.002022244930506747
GVQW1,0.002021842713976238
CYP2G1P,0.0020217991241818513
KDM2A,0.0020208055958508097
ARHGAP5,0.002020475640807066
GCGR,0.0020201322081575225
ZNHIT1,0.0020199691714167566
PLOD3,0.0020199691714167566
OR5C1,0.00201992686357243
C7orf13,0.0020194651011923186
INTS1,0.0020194328548193215
ECHDC3,0.002018833533055098
RNU4ATAC3P,0.0020187571204176055
NPB,0.0020185682137834012
SIRT7,0.0020185682137834012
ALYREF,0.0020185682137834012
PCYT2,0.0020185682137834012
ANAPC11,0.0020185682137834012
SNORD104,0.002018396795645362
SNORA76|ENSG00000266402.2,0.002018396795645362
ATP4A,0.0020183448200115335
SLC25A32,0.0020182460409812393
NEGR1,0.0020182458556220542
MASTL,0.0020181962025316445
LRRC37A6P,0.0020181962025316445
ACBD5,0.0020181962025316445
LINC00845,0.0020181912696058293
UPF2,0.00201807137642732
PROSER2,0.00201807137642732
RNF32,0.002017643543536823
AKAP1,0.002017430398172204
ERN1,0.00201731840706601
BPTF,0.0020168497467956
MCOLN3,0.0020167106420404574
ADAM18,0.002016573196574529
SLC44A2,0.0020163418009861308
GAPDHS,0.002016285455394163
TMEM147,0.002016285455394163
DMKN,0.002016285455394163
SBSN,0.002016285455394163
MIR548AK,0.0020161108891980353
U6|ENSG00000272507.1,0.0020161108891980353
DHTKD1,0.0020161108891980353
GOSR2,0.0020160149186256786
RNU6ATAC3P,0.0020160149186256786
OR1L3,0.0020154711673698988
LINC00355,0.0020152154455951965
STEAP1B,0.0020151342939321117
FAM195B,0.00201501828410689
PPP1R27,0.00201501828410689
MIR4423,0.0020146733019382563
RN7SKP24,0.0020141666299122282
STK3,0.002013915174698429
NDUFA8,0.002013727144866387
RBM18,0.002013727144866387
LHX6,0.002013727144866387
MORN5,0.002013727144866387
MIR4478,0.002013727144866387
YME1L1,0.002013519690576651
U3|ENSG00000253014.1,0.002013256987749818
RPTOR,0.0020128551336146276
NAA30,0.0020128045913796327
MIR638,0.0020126005593840996
RNF126P1,0.0020118475116540457
GPI,0.0020117878030698256
TMEM176A,0.002011312831755184
TMEM176B,0.002011312831755184
RN7SL607P,0.0020109827587559944
ZCWPW1,0.002010957739391466
FAM83G,0.0020105417286668445
GRAPL,0.0020105417286668445
GRAP,0.0020105417286668445
SNORD3C,0.0020105417286668445
SNORD3A,0.0020105417286668445
SNORD3D,0.0020105417286668445
P4HB,0.0020095189873417705
RFX4,0.002008918296892979
RN7SL227P,0.002008866385372716
SERPINE1,0.0020085949858726433
NAT10,0.0020077906736108734
SNORA25|ENSG00000202377.1,0.002007372862536084
OR3A2,0.0020071420892794787
OR1D4,0.0020071420892794787
OR1A1,0.0020071420892794787
MIR4694,0.002006978647796192
OR1G1,0.0020067188045902904
OR1A2,0.0020067188045902904
SOX9,0.002006699147381241
EVPL,0.002006186266032292
GIMAP1,0.002006087837427579
GIMAP2,0.002006087837427579
C7orf63,0.0020060363482073385
SNORA40|ENSG00000251704.1,0.002005598413646982
RN7SKP94,0.00200483205277026
ILF3,0.0020044945359130356
QTRT1,0.0020044945359130356
GPR21,0.0020043713080168746
MRPS23,0.002004348386859034
USP6NL,0.0020042561397225914
ZNF30,0.0020041763914440277
RNU4ATAC11P,0.0020041507426754746
SLC39A11,0.002003700619156549
DIP2C,0.0020030838836308015
PAX1,0.0020030095662614674
SLC47A2,0.0020028750119224416
OR3A1,0.002002680803031527
THTPA,0.002002398543307219
JPH4,0.002002398543307219
AP1G2,0.002002398543307219
SIGMAR1,0.0020023287610814646
GALT,0.0020023287610814646
IL11RA,0.0020023287610814646
ARID3C,0.0020023287610814646
MAPK8,0.002002149611912994
SLC5A5,0.002001755845630283
RBM4B,0.002001222148412126
RPL18A,0.0020008041828639494
SNORA68|ENSG00000207166.1,0.0020008041828639494
ST6GALNAC1,0.002000590669568708
ZNF438,0.002000205796484716
INTS2,0.0019999619158244494
SVILP1,0.001998890791828135
LYZL2,0.001998890791828135
ZNF775,0.0019986929524893043
AZI1,0.0019985457102672305
RASGEF1A,0.0019980525803310633
RNU6ATAC11P,0.0019980525803310633
RHOBTB1,0.001997705679192444
ABCC4,0.001997605694113713
snoU13|ENSG00000238463.1,0.001997605694113713
RNY4P27,0.001997605694113713
RNY3P8,0.001997605694113713
CHMP6,0.0019975527426160347
LINC00557,0.0019974914936919212
C16orf62,0.0019974692831338163
PRR15L,0.001997356273073249
PNPO,0.001997356273073249
TRIB1,0.001996864312680434
CTHRC1,0.001996822152784756
TBC1D3P5,0.001996729571413116
MCOLN2,0.0019964597040846993
UGGT2,0.0019950938923006182
DZIP1,0.001995059949032874
DNAJC3,0.001995059949032874
snR65|ENSG00000251901.1,0.001995059949032874
PXMP4,0.0019950349060222495
CLEC16A,0.001994921147665015
NUDT2,0.001994822035019625
SLC26A7,0.0019944296820034557
MIR320A,0.0019940839440373112
POLR3D,0.0019940839440373112
OR1L6,0.0019936877637130772
OR1L4,0.0019936877637130772
AKR1C1,0.001993397263777009
RABL5,0.001993221182070837
MICALL2,0.0019930945477689005
SYDE2,0.0019927997283546556
CEP112,0.0019927901786704638
EPO,0.0019924201016244267
FOXK2,0.0019914586414985654
GALNT11,0.0019910040617539984
DBX1,0.0019898309535715942
PTPRN2,0.0019893940665823367
REPIN1,0.0019884091410237188
CCDC124,0.0019883880446669323
RN7SL212P,0.0019874001453492637
ZNF487,0.0019872356331652047
UNCX,0.001986224453716148
MIR600HG,0.0019861997187060458
RBM42,0.001985622889151267
ETV2,0.001985622889151267
COX6B1,0.001985622889151267
RN7SL765P,0.001985622889151267
UPK1A,0.001985622889151267
ZAN,0.001984762119595235
RCN1,0.0019842657586430965
PRICKLE1,0.001984059741630463
TMEM71,0.0019829769662708975
TNRC6A,0.0019824643828902718
KIF24,0.001982019729781383
TEN1,0.0019818830780482756
CDK3,0.0019818830780482756
TMEM168,0.0019813813579838105
C7orf60,0.0019811810079277408
PDE2A,0.001981014069401523
SHARPIN,0.0019809094991322506
KIAA1875,0.0019809094991322506
CYC1,0.0019809094991322506
MAF1,0.0019809094991322506
KIAA1429,0.001980643435688411
LRRC8D,0.0019806020222574677
STRBP,0.0019803488045007016
DDX58,0.00197955774988182
CALB1,0.0019784995850237108
MMP27,0.001978204180856305
SAMD14,0.0019781420064210265
PDK2,0.001977705958045307
MMP10,0.001977192165178094
NDUFB6,0.001976936813908293
STRADA,0.0019768781851060386
FGL2,0.001976277979988504
MAD1L1,0.0019760731207128213
FAM219A,0.0019754539172878146
C9orf24,0.0019754539172878146
CLDN10,0.001974928980239794
POLR3B,0.001974787111622553
JAK3,0.0019747865019715005
INSL3,0.0019743746713006905
DPYS,0.0019743615690315016
MMP16,0.001974065432765132
HS3ST3A1,0.001973271782799639
LINC00448,0.0019724816531121606
LINC00614,0.001972148382559775
DSCR10,0.001971923866473842
KCNJ15,0.001971544584013663
HEATR2,0.0019715286487701875
AMZ2P1,0.001971383749864762
SLC16A6P1,0.001971383749864762
MIR4692,0.001970789346408495
STARD10,0.001970789346408495
STMN2,0.0019706889634440628
ADAMTS20,0.0019706291893616386
HEY1,0.0019704040515632383
KIAA1161,0.001970302415501549
COL14A1,0.001969963223321974
RIPK3,0.0019688073324070614
ADCY4,0.0019688073324070614
MMP7,0.0019668390841525813
ZNF239,0.0019665754486679547
CHST8,0.00196531206238502
PRKAR1B,0.001964719976672041
TRMT5,0.0019642961688236807
ENDOD1,0.001964120305338612
IKZF2,0.00196359674254658
SRCRB4D,0.0019634664976938172
RPS6KB1,0.001963092502434274
KCNH2,0.0019629648567201113
NOS3,0.0019629648567201113
ATG9B,0.0019629648567201113
FAM83A,0.001962811040771028
MIR4663,0.001962811040771028
C8orf76,0.001962811040771028
MMP8,0.001962341236693867
BAIAP2,0.001962109704641351
MIR338,0.001962109704641351
AATK,0.001962109704641351
MIR657,0.001962109704641351
MIR1250,0.001962109704641351
TFR2,0.0019620831561991165
ACTL6B,0.0019620831561991165
MIPOL1,0.001961963943229767
PRMT6,0.001961866746862782
RN7SL666P,0.0019613101136569276
IFRD1,0.0019611279465044486
LSMEM1,0.0019611279465044486
LONRF1,0.0019609098696107335
MIR5692A2,0.0019609098696107335
SRSF8,0.001960692871419056
ZHX3,0.0019606121446605366
MED27,0.0019602045421906766
TMEM140,0.001958525857313763
C7orf49,0.001958525857313763
MMP20,0.001958081668058856
DSCR4,0.0019577544509622306
ALDH3A2,0.0019574627829076537
SNORA31|ENSG00000252349.1,0.0019574627829076537
RN7SKP174,0.001957208864197364
AVPR1A,0.001957093864472686
MIR593,0.0019568137370785084
DHRS2,0.001956018823497615
PHF3,0.0019558806949213337
RNA5SP98,0.001955777886689988
MAFA,0.0019550556159078033
DCSTAMP,0.0019536202286331104
PPHLN1,0.0019535961367464546
RN7SL511P,0.001953341004986577
TOPORS,0.0019528861809968996
C7orf62,0.0019525125521533111
DPY19L2P4,0.0019525125521533111
STEAP1,0.0019525125521533111
STEAP2,0.0019525125521533111
ZNF804B,0.0019525125521533111
GIGYF1,0.0019523371594323585
GNB2,0.0019523371594323585
E2F1,0.001952260836210204
GPER,0.001952185135421824
COX19,0.001952185135421824
MIR339,0.001952185135421824
CYP2W1,0.001952185135421824
ZFAND2A,0.001952185135421824
ADAP1,0.001952185135421824
GPR146,0.001952185135421824
C7orf50,0.001952185135421824
GET4,0.001952185135421824
MRPL13,0.0019517810249071626
BLVRB,0.0019516845602570057
SERTAD3,0.0019516845602570057
PPTC7,0.0019509263521288857
ACTL10,0.0019507142309167639
NECAB3,0.0019507142309167639
C20orf144,0.0019507142309167639
SAMHD1,0.0019504109786681494
TLDC2,0.0019504109786681494
RN7SL156P,0.0019504109786681494
ARAP1,0.0019502222598535175
HSPB1,0.0019497341968316554
RN7SL207P,0.0019491092485509431
U8|ENSG00000238840.1,0.0019485359928397886
ELP4,0.0019461359479037048
CAPRIN1,0.0019459352257441443
SNORA40|ENSG00000212455.1,0.0019454989949475754
RN7SL449P,0.0019450899151654563
NYNRIN,0.0019450069470565254
CBLN3,0.0019450069470565254
RNA5SP237,0.0019446733685199247
EPPK1,0.0019446733497578803
BEND5,0.0019445575018218124
ZC3H3,0.0019434630644247124
MIA,0.001943303531911127
RAB4B,0.001943303531911127
POP7,0.001942157364589928
TRIM65,0.0019421398726468214
TRIM47,0.0019421398726468214
WBP2,0.0019421398726468214
RABGAP1,0.001941575246132205
FAM109A,0.0019415247410817043
RNA5SP373,0.0019415247410817043
EGLN2,0.00194096819040974
TMEM123,0.0019407997601148038
ALDOB,0.001940374546207327
TMEM246,0.001940374546207327
TTLL11,0.0019402644163150498
UNC13D,0.0019401929532785105
PXDNL,0.0019398953938115312
PUF60,0.0019391422017791921
NRBP2,0.0019391422017791921
EIF3E,0.0019390143211829053
SUN1,0.0019384760238479177
TGM2,0.001938289248824159
CCDC166,0.0019378921562678262
FAM83H,0.0019378921562678262
MAPK15,0.0019378921562678262
MIR4664,0.0019378921562678262
SCRIB,0.0019378921562678262
MIR937,0.0019378921562678262
ZNF707,0.0019378921562678262
USP22,0.0019377880066487605
IMMP1L,0.0019371478744420834
RAPGEF5,0.001936958968444747
C8orf87,0.0019351244018304147
RBL1,0.0019350921042022961
NFATC4,0.001934125783942706
KLHL38,0.0019324456341512255
C20orf203,0.0019317207331864244
SNTB1,0.0019301623833269384
snoU13|ENSG00000238581.1,0.0019299464313763746
DSCR8,0.001929729773646838
KIAA0368,0.0019297257129478327
NAV2,0.001929347476875197
CCL27,0.0019292785839250812
PCDH20,0.0019290842832076715
C17orf112,0.0019287841038318114
FAM205A,0.0019287581411076336
CCL19,0.0019287581411076336
CCL21,0.0019287581411076336
ZBTB26,0.0019286807313642726
RC3H2,0.0019286807313642726
SNORD90,0.0019286807313642726
ZBTB6,0.0019286807313642726
C17orf72,0.0019281566933886467
BRIP1,0.0019273211114866613
SLC1A1,0.001927221582917789
RN7SL41P,0.0019271387649736212
SGPP1,0.0019268317765784749
SPATA6L,0.0019257332821889812
RN7SKP155,0.0019247915440528457
KCNS3,0.0019241647199435003
PCOLCE,0.0019238221659248695
MOSPD3,0.0019238221659248695
FBXO24,0.0019238221659248695
snoU13|ENSG00000238746.1,0.0019217684155251368
MMP12,0.001921710681316798
LINC00535,0.0019197885837553732
SLC38A6,0.0019193891761950812
EMC2,0.0019193059819301332
TM9SF1,0.0019188259648841
IPO4,0.0019188259648841
REC8,0.0019188259648841
MYL2,0.0019187571921749154
CCDC63,0.0019187571921749154
ALOX5,0.0019180019125107388
OR2K2,0.0019178971156342069
LINC00596,0.0019177975291625674
TRIQK,0.001917640115592822
ZNF189,0.0019168808349280223
MRPL50,0.0019168808349280223
KIAA0355,0.0019159806694307936
MDFIC,0.0019146346879857867
STEAP4,0.0019146114136199708
SRI,0.0019146114136199708
PARG,0.0019141930884192671
PPP1R3A,0.0019139212747057493
RN7SL442P,0.0019134545479252841
APBB1IP,0.0019131891701828407
LSM14A,0.0019128778934072855
NUB1,0.0019125236882388099
snoU13|ENSG00000239171.1,0.001912413349214686
GOT1L1,0.0019120183895778681
RN7SL459P,0.0019113260203986822
TCTN1,0.0019112370540851572
RN7SL387P,0.0019112370540851572
SPTBN4,0.0019112056893379789
GLIS3,0.0019103055875207787
RNA5SP292,0.0019093482191996217
ICAM2,0.001909309620763233
MIR4703,0.0019086374734948286
KLF5,0.0019085930147789759
ZNF91,0.0019078725319639763
FAM20C,0.0019078686186265303
PDGFA,0.0019078686186265303
KIF27,0.0019074060860340908
CRY1,0.0019069275028768685
FBXL18,0.0019068948447775993
snoU13|ENSG00000238394.1,0.0019068948447775993
ACTR10,0.001906154364737919
RN7SL598P,0.001906154364737919
CHD6,0.0019057545390615003
ZNF767,0.001905275806199046
BPIFB1,0.0019050775266631354
GLP2R,0.001905045690711198
RPGRIP1,0.0019048617485765008
WDYHV1,0.0019047122546105284
MIR671,0.001903981541549093
CHPF2,0.001903981541549093
ABCF2,0.001903981541549093
SMARCD3,0.001903981541549093
SNTA1,0.0019035519754507122
MIR3666,0.0019024067288474357
GAS7,0.0019012846863345361
DCAF11,0.00190087734991402
PCK2,0.00190087734991402
DAOA,0.0018999592886060914
LINC00343,0.0018999592886060914
LINC00344,0.0018999592886060914
SLC22A12,0.0018999222909401546
C1orf52,0.0018996189354395419
SAP25,0.0018994600659951442
LRCH4,0.0018994600659951442
SLC16A3,0.0018987616652235456
snoU13|ENSG00000238947.1,0.0018987616652235456
CKAP4,0.0018973647871116208
TCP11L2,0.0018973647871116208
C14orf39,0.0018973237650022647
MYL10,0.001897205281948788
RABEP1,0.0018961981516359358
HAUS5,0.001895947170433015
SNORD74|ENSG00000200897.1,0.0018957825086306096
RNA5SP371,0.001895552359033372
OPRK1,0.0018954891889193363
SIX6,0.0018950129953074976
ATP6V1H,0.001894284887989142
BACH1,0.0018938292064008756
RNF20,0.0018934022711092464
SLC5A10,0.0018927142148569428
GPAA1,0.0018920955860043458
FAM168A,0.0018915656287698099
RDH14,0.0018912506111805312
COL26A1,0.0018908419442251344
SPATA22,0.0018906245800747144
ASPA,0.0018906245800747144
TRPV3,0.0018906245800747144
CDK14,0.0018903543124721037
STOM,0.0018902053445850916
UBE2O,0.0018898966543119062
WSCD2,0.0018898734177215193
MMP3,0.0018897866735205287
NTNG1,0.0018894578560297436
UBL3,0.001888666284296594
LY6E,0.001888487743245795
C8orf31,0.001888487743245795
PWRN1,0.0018878602279496005
ZNF594,0.0018878191932022285
HMBOX1,0.001887615879762233
INTS9,0.001887615879762233
RN7SL620P,0.001887445049158496
ZNF232,0.0018873987122771706
USP6,0.0018873987122771706
U8|ENSG00000239142.1,0.0018870018977893371
MIR1269B,0.0018867514875113922
GPIHBP1,0.001885683331758925
CCDC47,0.0018851306920927222
ULK2,0.0018848630367989004
INCA1,0.0018835574438263796
KIF1C,0.0018835574438263796
IQCK,0.0018832341168494643
AKR1C7P,0.0018830415365225512
CSNK1D,0.0018819609945161424
WDR63,0.0018814422708093624
DHRS7,0.0018810907187779993
PCNXL4,0.0018810907187779993
USP32P1,0.0018807864000489221
KRT16P2,0.0018807864000489221
KRT17P1,0.0018807864000489221
LDHAL6CP,0.0018803879520149984
CMKLR1,0.0018803567318757197
ACO1,0.001880264194548032
RN7SL478P,0.001879559875127905
FAM91A1,0.0018788819411871913
TUBAL3,0.0018787433558003182
GBX1,0.001878466951511416
ASB10,0.001878466951511416
IQCA1P1,0.001878466951511416
MIR589,0.0018780072130683857
LINC00092,0.0018779771071379893
ERCC6L2,0.0018779771071379893
RNA5SP289,0.0018779771071379893
NCOR1,0.0018777560352500704
ZNF624,0.0018769271013813291
ZNF287,0.0018769271013813291
LINC00297,0.0018768537167704834
IRF9,0.0018766781188274276
RNF31,0.0018766781188274276
PSME2,0.0018766781188274276
EMC9,0.0018766781188274276
FITM1,0.0018766781188274276
RNA5SP383,0.0018766781188274276
PSME1,0.0018766781188274276
ENO3,0.0018764005080811215
CAMTA2,0.0018764005080811215
SPAG7,0.0018764005080811215
SESN3,0.0018758056877744168
PRKCA,0.0018754599854328047
RN7SL13P,0.0018750380442501776
ZHX1,0.0018749353943409931
HSD17B3,0.001874003423326078
RN7SKP86,0.0018739684438878182
CYTH3,0.0018728109168395328
GEMIN2,0.001872467093121752
ACTB,0.0018724241567074473
ZNF100,0.001872272928611086
NT5C1B,0.0018710463410659011
ANXA13,0.0018710067727643455
RN7SL142P,0.0018709341268485858
USP16,0.0018703363936997364
RWDD2B,0.0018703363936997364
SGK196,0.0018699934512804207
U3|ENSG00000201329.1,0.0018699934512804207
POTEA,0.0018699934512804207
HGSNAT,0.0018699934512804207
RN7SKP41,0.0018699934512804207
EIF4EBP1,0.0018699645446475747
GPN3,0.001868935558112775
ARPC3,0.001868935558112775
RNA5SP238,0.0018687319564734612
ZNF277,0.0018678154492999927
RN7SL735P,0.0018671243115095163
LY6H,0.0018669970952201007
TNFRSF13B,0.0018667454833295944
UBE3C,0.0018665053391496158
YAP1,0.0018652225363576021
RN7SKP114,0.001865025807456024
BCAR3,0.0018645279737172658
OR2A1,0.0018644827040890004
ARHGEF35,0.0018644827040890004
OR2A9P,0.0018644827040890004
ARHGEF5,0.0018644827040890004
OR2A7,0.0018644827040890004
OR2A42,0.0018644827040890004
CTAGE4,0.0018644827040890004
CTAGE8,0.0018644827040890004
NOBOX,0.0018644827040890004
OR2A20P,0.0018644827040890004
ZNF462,0.0018642713001546234
DHCR7,0.0018639168983570582
LRFN5,0.0018636103199912825
COCH,0.0018635264721583275
TFEC,0.001863482678214522
FNBP1L,0.0018627638281131366
PIGL,0.0018618534145960267
QRICH2,0.0018615442047562635
UBALD2,0.0018615442047562635
RN7SKP104,0.0018615370332224091
BIRC3,0.0018613806249866156
BIRC2,0.0018613806249866156
SRP68,0.0018609728131892395
SLC39A3,0.0018609652678181702
DIRAS1,0.0018609652678181702
MTPAP,0.0018608285956591413
RN7SL241P,0.0018608285956591413
MAP3K8,0.0018608285956591413
P2RY11,0.0018604823587421648
SNORD105B,0.0018604823587421648
EIF3G,0.0018604823587421648
TNFRSF17,0.0018601688827876827
MIR661,0.0018599797322718069
RNU6ATAC40P,0.0018596490624935554
DKFZP434H0512,0.0018592144526970063
LINC00476,0.0018592144526970063
MYOCD,0.0018585175330172944
RELN,0.0018577570783199864
USP15,0.001857521035462041
OR13A1,0.0018575082254169467
DHRS4L1,0.0018574735389367417
LRRC16B,0.0018574735389367417
SPHK1,0.0018571902010155491
HVCN1,0.0018569044879171478
GKAP1,0.0018564354316213112
CCT8,0.0018562651199609355
CPNE6,0.0018561737612863435
NRL,0.0018561737612863435
RNA5SP53,0.0018557735046864424
SNRPA,0.0018554639701326239
CCDC144NL,0.0018545863700294054
MTF2,0.0018543627403613868
RNA5SP484,0.001854345506571606
TMEM215,0.0018539967567374935
C10orf25,0.0018536994116598348
RASSF4,0.0018536994116598348
U3|ENSG00000200693.1,0.001853538356979013
WDR89,0.001853538356979013
PLCZ1,0.0018532235065442007
TRABD2B,0.0018529500565542024
KNOP1,0.0018528748014896386
TBC1D27,0.0018525822648919345
LRRN3,0.0018524068029020842
C14orf105,0.0018519244586766954
RN7SKP99,0.001851454321272384
snoU13|ENSG00000238422.1,0.0018513158641623075
OPLAH,0.0018511535614160717
EXOSC4,0.0018511535614160717
SPATC1,0.0018511535614160717
C9orf123,0.0018498456123176895
RNF157,0.0018484631471485655
snoU13|ENSG00000238918.1,0.0018482042222992896
GLI4,0.001848003849423764
ZFP41,0.001848003849423764
RNA5SP288,0.0018477783268827095
EPHB4,0.0018473551331326288
RN7SL750P,0.0018473551331326288
SCFD2,0.0018468047564250084
TRIP6,0.0018458570837779776
UFSP1,0.0018458570837779776
SLC12A9,0.0018458570837779776
SRRT,0.0018458570837779776
ACHE,0.0018458570837779776
TSTA3,0.0018457367041375388
IFT81,0.0018452991944764106
SCARNA20|ENSG00000252800.1,0.0018447120264342759
PPP2R5E,0.0018447120264342759
JUN,0.0018433376820281365
TSHZ3,0.0018426288475795604
COL4A2,0.0018418516234447403
DAB1,0.0018417853375527426
MUC3A,0.0018405647472547813
TACSTD2,0.001840464017488802
RN7SL713P,0.001840464017488802
SCFD1,0.0018398198948548152
PLEC,0.0018393570154253205
GRINA,0.0018393570154253205
PARP10,0.0018393570154253205
OMA1,0.0018383167025140133
MIR23B,0.001837385564629379
MIR27B,0.001837385564629379
MIR3074,0.001837385564629379
KTN1,0.0018366361225195817
RANBP6,0.0018359839564321468
ADORA2B,0.0018357555868104363
ATP6V0D2,0.0018354924614642127
PWRN2,0.0018354376958232368
SEC23A,0.0018353739979234866
FANCC,0.0018351641361628002
ACN9,0.0018349063035827742
SLC7A13,0.0018346784275189974
RN7SL775P,0.0018345597477866776
LTN1,0.001834222343880621
GNG7,0.0018337531957348635
RN7SL252P,0.0018337225866535923
DLX5,0.0018337225866535923
DLX6,0.0018337225866535923
ZNF623,0.0018336777347440002
MUC12,0.0018328662774051937
BAAT,0.0018319843678207331
SNORA31|ENSG00000253041.1,0.0018319843678207331
CCDC144A,0.00183179097277428
RN7SL709P,0.0018317538341551508
HECTD1,0.001831488215187078
FAM150A,0.0018309983737693374
CYP11B2,0.0018305486019270735
GML,0.0018305486019270735
PLCG1,0.0018297601916398832
MIR4508,0.0018290832374376687
PPM1A,0.001828741362334012
SDR39U1,0.0018280785002125714
CMA1,0.0018280785002125714
KHNYN,0.0018280785002125714
ZFPM2,0.0018280062564323245
PDK4,0.0018279896830946045
DNAJB6,0.0018267678244231742
ASB4,0.0018254138489766471
FOXP2,0.0018251989667409684
MIR4711,0.0018246712034131372
ATPAF1,0.0018239466333868199
SLC26A5,0.0018230783423536223
SNORA67|ENSG00000207094.1,0.0018228894703344867
ATP2A2,0.001822387802071347
RALY,0.0018221956271576548
snoU13|ENSG00000238595.1,0.001821994034294088
HNF4G,0.0018219271672200177
snoU13|ENSG00000238414.1,0.0018217018284106897
CDH23,0.001821666916788922
G2E3,0.0018203671976097765
PSG7,0.0018197912914296552
PSG10P,0.0018197912914296552
PSG11,0.0018197912914296552
PSG6,0.0018197912914296552
PSG1,0.0018197912914296552
PSG2,0.0018197912914296552
PSG5,0.0018197912914296552
PSG3,0.0018197912914296552
PSG9,0.0018197912914296552
PSG4,0.0018197912914296552
PSG8,0.0018197912914296552
TEX101,0.0018197912914296552
CEACAMP10,0.0018197912914296552
CD177,0.0018197912914296552
CYP11B1,0.001818770073682222
LYNX1,0.001818770073682222
LY6D,0.001818770073682222
EXTL3,0.0018169084357387026
EIF5B,0.0018167893091352765
TXNDC9,0.0018167893091352765
MPRIP,0.0018163843535334992
FER1L6,0.0018163386919468434
LINC00264,0.0018160724331926872
CAPZA3,0.0018159232911923485
FLCN,0.0018159087357399587
RNA5SP99,0.0018153628184978004
SHFM1,0.0018150674399510242
ABI1,0.0018149859353023918
PLD6,0.0018145566222983198
DR1,0.0018138205209613074
GP2,0.001813776789071311
RNA5SP354,0.0018132660969321865
FGD3,0.0018130823828592009
LINC00703,0.0018129779126840593
RNA5SP249,0.0018116605255673183
FOXJ1,0.001811650293123874
PYCR1,0.001811454289732771
MYADML2,0.001811454289732771
MAFG,0.001811454289732771
RNA5SP307,0.0018112904360056263
PSKH2,0.0018112516934813301
RAD23B,0.0018110386036638113
NAPRT1,0.001810492631777818
7SK|ENSG00000254144.2,0.001810492631777818
EEF1D,0.001810492631777818
MROH6,0.001810492631777818
GSDMD,0.001810492631777818
TMPRSS5,0.0018100753136359195
EPN2,0.0018099940887502835
snoU13|ENSG00000238665.1,0.0018099918605630257
MPHOSPH8,0.0018099918605630257
ZMYM5,0.0018099918605630257
RN7SL166P,0.0018099918605630257
PSPC1,0.0018099918605630257
LINC00350,0.0018099918605630257
TEX2,0.0018094110174031498
FRMPD2,0.0018087437280566053
RN7SL571P,0.0018080190867519382
MIR2278,0.0018080058072229665
RBFOX3,0.0018077508936781513
RN7SL549P,0.0018077059890162347
RN7SKP100,0.0018071587125416204
DNAJC24,0.0018070242189214855
RASEF,0.0018065822784810149
ASB15,0.0018064629114624537
METTL16,0.0018059810798462781
RNA5SP281,0.0018058892724715505
GSAP,0.0018052312815903088
PYCRL,0.0018048041044776096
TIGD5,0.0018048041044776096
SNORD112|ENSG00000252380.1,0.0018046046854071128
SSH3,0.0018044622912456111
ADRBK1,0.0018044622912456111
ANKRD13D,0.0018044622912456111
HEATR5A,0.001803966561484218
DTD2,0.001803966561484218
GPR33,0.001803966561484218
CEACAM8,0.0018038910158137097
FGGY,0.0018038362540107892
TMED5,0.001803497922504589
BMS1P5,0.0018033468300622814
FAM25C,0.0018033468300622814
RNA5SP315,0.0018033468300622814
PTPN20B,0.0018033468300622814
GLUD1P2,0.0018033468300622814
RN7SL527P,0.0018033468300622814
RNA5SP314,0.0018033468300622814
OR10G2,0.001803045812177169
NOTUM,0.0018025822784810128
HM13,0.0018024921422805423
PLEKHA5,0.0018024896904615853
JRK,0.0018022742301152428
PSCA,0.0018022742301152428
DOCK4,0.0018021075518815115
MIR4288,0.0018018078782838995
RNA5SP259,0.0018018078782838995
RNA5SP260,0.0018016076873325312
ZNF77,0.0018015152459936394
FZD3,0.0018013643783300968
LINC00028,0.001800700181486126
UNC5B,0.0018004757672966882
ZFP3,0.00179929919845824
SLC52A1,0.00179929919845824
ARSG,0.0017991274256975557
SLC25A13,0.0017986306968547224
OCM,0.0017985644579591267
PMS2,0.0017985644579591267
RN7SL556P,0.0017985644579591267
RSPH10B,0.0017985644579591267
ZNF815P,0.0017985644579591267
CCZ1,0.0017985644579591267
REG3G,0.001798544331964421
REG1A,0.001798544331964421
REG3A,0.001798544331964421
REG1P,0.001798544331964421
REG1B,0.001798544331964421
NOM1,0.001797219416036844
LINC00517,0.0017968191471466422
COL4A1,0.001796716792140258
AGAP3,0.001796337071254864
TMUB1,0.001796337071254864
CDK5,0.001796337071254864
SLC4A2,0.001796337071254864
FASTK,0.001796337071254864
ASIC3,0.001796337071254864
TMEFF1,0.001795433545566085
HIF1A,0.0017952103519353984
RN7SL540P,0.0017949644308715884
CDRT15L2,0.0017949072282718848
MIR591,0.0017940709707929433
CCDC18,0.0017926066010518615
LY6K,0.001792272813149441
TEX38,0.0017921227788672968
TMEM30B,0.001792092821090542
RGS20,0.0017919234277324189
TPK1,0.0017917718081119937
DPY19L2P2,0.0017916508252448866
RNA5SP282,0.0017916376306620207
RN7SL550P,0.0017914445601479685
NR4A3,0.00179133868206995
U3|ENSG00000212479.1,0.0017904697082910994
ADAM2,0.0017897512994309646
EFCAB14,0.0017885645357273462
RP1,0.0017885530911436892
WWP1,0.0017883214644310204
SNORA57|ENSG00000223027.1,0.0017880168776371317
PDSS1,0.0017880168776371317
MAP3K7CL,0.001787824871087303
ZSWIM7,0.0017875619152449068
KCTD12,0.0017870857325742553
CHRAC1,0.0017866626900598253
FBXL3,0.001786521577572668
CLN5,0.001786521577572668
IRG1,0.001786521577572668
ABCB8,0.0017861395440992743
AP4S1,0.0017850141563091305
RN7SKP77,0.0017837670676415836
MTRNR2L7,0.0017837478575181414
snoU13|ENSG00000238629.1,0.0017830903623266708
HOOK1,0.0017827439088889637
SNORA42|ENSG00000200385.1,0.0017827106508119179
TCEA1,0.0017821405530466514
ZNF484,0.0017821295048678176
MAGEL2,0.0017820125303669627
NDN,0.0017818616545198832
STX17,0.0017817856836301394
ZNF483,0.0017817341063857768
FRMD4A,0.0017815403892587971
ALDH3A1,0.0017815086528316256
ANKRD19P,0.0017813893686068334
CTAGE5,0.0017812864285847068
snoU13|ENSG00000238418.1,0.001780499322152663
TUSC3,0.0017804739697344616
MUC17,0.0017803073025568063
RN7SKP54,0.0017803073025568063
ORC5,0.00177962819953217
PRPSAP1,0.0017796196438635786
C20orf112,0.001779107375709643
MURC,0.0017788622237481884
RN7SKP87,0.0017788622237481884
FZD6,0.0017784721524894153
MIR4755,0.0017780529344073668
MIR4497,0.0017776179516685866
GIT2,0.0017776179516685866
GLTP,0.0017776179516685866
RN7SL441P,0.0017776179516685866
TCHP,0.0017776179516685866
C12orf76,0.0017776179516685866
ANKRD13A,0.0017776179516685866
SALL2,0.0017765672453574671
MIR624,0.0017759082816504602
CXCL17,0.0017758714574135654
LIPE,0.0017758714574135654
RB1CC1,0.0017755581926863573
RN7SKP123,0.0017755090208853846
SNORA48|ENSG00000252824.1,0.001775032317956637
RFX3,0.0017749286983449403
TPTE2,0.0017743584799107444
WTAPP1,0.001774283021696759
SLURP1,0.0017731791989419985
THEM6,0.0017731791989419985
LYPD2,0.0017731791989419985
CNBD1,0.0017730270639072108
ASPSCR1,0.0017727623066104076
UBE3B,0.0017723993095512059
MIA2,0.0017723244988621686
RN7SL17P,0.0017719246525282676
U6|ENSG00000266839.2,0.0017719246525282676
FNTA,0.0017713707863986502
NRON,0.001771155784163526
MNX1,0.0017708232624244877
SLC35F4,0.0017698810463661902
MIR548AA1,0.0017697983053061135
PHF2,0.0017696705444745988
RN7SL250P,0.001768367222086272
SOX17,0.0017682003737402952
RDH10,0.0017681573178744431
RPL7,0.0017681573178744431
RN7SL822P,0.001768145343580467
KIF13B,0.0017678585727925087
SNORD116|ENSG00000252985.1,0.0017674567622198796
DCXR,0.0017667763713080165
LRRC45,0.0017667763713080165
STRA13,0.0017667763713080165
RAC3,0.0017667763713080165
SNORA31|ENSG00000251858.1,0.0017666878149534223
LINC00536,0.0017662171478999471
WFDC11,0.0017655880654555416
SNAPC1,0.0017655299151795889
OR10G3,0.0017653413870336778
RN7SL592P,0.001765104206623196
GSX1,0.0017645529573131048
RNU105C,0.001764543614157638
SLC29A3,0.0017644410005202016
MKRN3,0.0017643907428717572
WBSCR17,0.0017642018943446033
ANKRD61,0.0017638886924545663
RN7SL660P,0.0017636747219025738
SYT16,0.0017633792236942695
ZNF555,0.0017633036104009478
ZNF556,0.0017633036104009478
ZNF554,0.0017633036104009478
RN7SKP205,0.00176304419062676
KLF4,0.0017628325077967332
MTBP,0.0017611756586789675
UBAP2,0.0017598638433363426
MVK,0.0017593728423475237
FOXN4,0.0017593728423475237
MMAB,0.0017593728423475237
KCTD10,0.0017593728423475237
MYO1H,0.0017593728423475237
RHPN1,0.0017590124248964593
CUX1,0.0017580071894801098
NPTX1,0.001757715893108297
RN7SKP250,0.0017574338319907932
NEK6,0.0017571926863572448
MIR4718,0.001756898846995645
MIR181A2,0.001755459915611816
MIR181A2HG,0.001755459915611816
RN7SL302P,0.001755459915611816
NR5A1,0.001755459915611816
NR6A1,0.001755459915611816
LINC00189,0.0017553618063313307
PSMB7,0.0017538734177215205
GPR144,0.0017538734177215205
MYSM1,0.0017531892387433429
RGPD2,0.0017529187453776737
MAML2,0.001752105022354575
PSMC2,0.0017520407478642016
CTSG,0.0017516148497606866
GZMH,0.0017516148497606866
DNAJC2,0.001751355839334434
PMPCB,0.001751355839334434
RIMS2,0.001751311634001648
WFDC10B,0.0017511060889939462
TRPV4,0.0017510365230014632
RNA5SP276,0.0017505261209437442
SNORD112|ENSG00000252434.1,0.001750256812340406
ZEB1,0.0017501994789914576
FBXO32,0.00174943759466783
SVEP1,0.0017490727810562051
OCM2,0.0017488876585901782
SGSH,0.0017479268635724318
MVB12B,0.0017478548585342557
FOXA1,0.0017473878020713475
FAM222A,0.0017472842347525887
N6AMT1,0.0017472682345804134
PNN,0.0017467982676257932
HEATR6,0.0017467555036528829
LAMB4,0.0017466004096296556
USP42,0.0017463899299908097
ACACB,0.0017461795166858441
KDELR2,0.0017461318152888763
DLD,0.0017461225790580109
SNORD112|ENSG00000251911.1,0.0017454867989568986
TRIM56,0.0017453663135550334
MIR5692C2,0.001744331044398006
MIR5692A1,0.001744331044398006
FSCN1,0.0017443108691040257
BHLHA9,0.0017440471391330073
EIF2S2,0.001743883390870734
TRAPPC6B,0.0017429851324905138
SPATA31D1,0.0017427043653140929
SPATA31D3,0.0017427043653140929
SPATA31D4,0.0017427043653140929
SPATA31D5P,0.0017427043653140929
SNORD95|ENSG00000200969.1,0.0017427043653140929
RNA5SP287,0.0017427043653140929
RAC1,0.0017426702496287393
PMS2CL,0.001742485163126734
MYCBP2,0.0017423140661742954
RNY4P18,0.0017422851994930591
FLJ20306,0.0017417969026235762
GRID2IP,0.0017417969026235762
SUPT16H,0.0017417443762850454
AIMP2,0.0017408033378120374
SNORA42|ENSG00000207217.1,0.0017408033378120374
DCUN1D5,0.0017407151577459334
ZNF43,0.001740618624876004
DAGLB,0.0017405381514744363
FUT7,0.001740376007162042
C9orf139,0.001740376007162042
ABCA2,0.001740376007162042
RTN4RL1,0.0017401905452981829
CCDC144CP,0.001740107112806247
CCZ1B,0.001739947669896046
MIR3683,0.001739947669896046
SND1,0.0017397097012959335
LAMB1,0.0017397095987833763
U3|ENSG00000238297.1,0.0017397095987833763
MTL5,0.0017395495361696277
CYP2J2,0.0017393991749233067
RSPH10B2,0.0017389222827239935
CD79B,0.0017388987566607458
MYL1,0.0017382819962773145
RABL6,0.001737939553279014
KIAA1984,0.001737939553279014
EDF1,0.001737939553279014
C9orf172,0.001737939553279014
MAMDC4,0.001737939553279014
MIR4292,0.001737939553279014
PHPT1,0.001737939553279014
GPHB5,0.001737901801483574
C9orf142,0.0017374642832909844
CLIC3,0.0017374642832909844
PTGDS,0.0017372456480273786
LCNL1,0.0017372456480273786
C9orf141,0.0017372456480273786
RNA5SP263,0.0017371429451032091
RNA5SP372,0.0017365707710011492
ALKBH2,0.0017365707710011492
UNG,0.0017365707710011492
PPP1CC,0.0017361910241657091
GDF10,0.0017361761659425068
RNA5SP294,0.0017360960539107115
SVOP,0.0017360874568469497
USP30,0.0017360874568469497
DAO,0.0017360874568469497
MIR619,0.0017360874568469497
SSH1,0.0017360874568469497
LANCL1,0.0017354817932216542
EIF2AK1,0.001734559083516019
RN7SL851P,0.001734559083516019
KHDRBS2,0.0017344557581009548
MIR4730,0.0017337215189873398
ENDOV,0.0017337215189873398
MIR4289,0.0017320137399654564
TTC19,0.0017316122763747035
GPR139,0.0017310439904749961
SNORA40|ENSG00000264043.2,0.0017307134637514377
CORO1C,0.0017307134637514377
TMEM119,0.0017307134637514377
SELPLG,0.0017307134637514377
NDUFA5,0.0017303103962788848
MIR1253,0.0017298301486199576
RN7SL605P,0.0017298301486199576
LMOD2,0.001729168563883069
WASL,0.001729168563883069
POT1,0.0017288813545074354
C19orf12,0.0017287212718635843
CCNE1,0.001728435706636641
FAM120A,0.0017282229138595284
SNORA1|ENSG00000199405.1,0.0017279732375253068
TGS1,0.0017279732375253068
TMEM68,0.0017279732375253068
SNORD8,0.0017275415533342582
SNORD9,0.0017275415533342582
PTGR1,0.0017273573546226309
MIR3614,0.001727338719988781
COIL,0.001727338719988781
TRIM25,0.001727338719988781
SH2B2,0.0017268575956597056
MIR4285,0.0017268575956597056
SLC26A3,0.0017266627901775698
DYNC2H1,0.001726629934245753
MNAT1,0.0017262998835740283
PLEKHF1,0.0017254043219198732
CWC15,0.0017253397333504563
ASXL1,0.0017251803640877614
LYPLA1,0.0017242914506907527
TTC12,0.0017238619643067709
LINC00520,0.0017234128427346014
RPL13AP3,0.0017234128427346014
MIR4479,0.0017230790733164876
LINC00643,0.0017226055113146025
TLE1,0.0017224519920346463
GPRC5B,0.0017220112001634503
FAM101B,0.0017218157138798494
TIMM22,0.0017218157138798494
RPH3AL,0.0017218157138798494
DBIL5P,0.0017218157138798494
DOC2B,0.0017218157138798494
GLOD4,0.0017218157138798494
FAM57A,0.0017218157138798494
GEMIN4,0.0017218157138798494
RNMTL1,0.0017218157138798494
NXN,0.0017218157138798494
MIR3183,0.0017218157138798494
VPS53,0.0017218157138798494
C17orf97,0.0017218157138798494
SCN4A,0.001721762558925588
WDR38,0.0017212995780590736
RPL35,0.0017212995780590736
ARPC5L,0.0017212995780590736
GOLGA1,0.0017212995780590736
GH1,0.0017211817343795663
FGF9,0.0017208720999880185
RN7SL805P,0.0017199451401848141
DDX42,0.0017199451401848141
FTSJ3,0.0017199451401848141
PSMC5,0.0017199451401848141
SMARCD2,0.0017199451401848141
TCAM1P,0.0017199451401848141
CSH1,0.0017199451401848141
CSH2,0.0017199451401848141
CSHL1,0.0017199451401848141
GH2,0.0017199451401848141
ZNF22,0.0017198625585503845
ANKK1,0.0017198527564585668
FBXW5,0.0017196153527189908
LCN12,0.0017196153527189908
C8G,0.0017196153527189908
MIR1234,0.0017188489872204088
BOP1,0.0017188489872204088
C8orf33,0.0017188489872204088
COMMD5,0.0017188489872204088
MFSD3,0.0017188489872204088
CPSF1,0.0017188489872204088
LRRC24,0.0017188489872204088
FOXH1,0.0017188489872204088
FBXL6,0.0017188489872204088
CYHR1,0.0017188489872204088
KIFC2,0.0017188489872204088
HSF1,0.0017188489872204088
GPT,0.0017188489872204088
DGAT1,0.0017188489872204088
FAM203B,0.0017188489872204088
MIR939,0.0017188489872204088
LRRC14,0.0017188489872204088
C8orf82,0.0017188489872204088
PPP1R16A,0.0017188489872204088
RECQL4,0.0017188489872204088
ZNF34,0.0017188489872204088
ZNF252P,0.0017188489872204088
ZNF251,0.0017188489872204088
ZNF250,0.0017188489872204088
ZNF16,0.0017188489872204088
VPS28,0.0017188489872204088
TONSL,0.0017188489872204088
TMEM249,0.0017188489872204088
SLC52A2,0.0017188489872204088
SLC39A4,0.0017188489872204088
SCXB,0.0017188489872204088
SCXA,0.0017188489872204088
SCRT1,0.0017188489872204088
ZNF7,0.0017188489872204088
RPL8,0.0017188489872204088
ADCK5,0.0017188489872204088
RN7SL395P,0.0017188489872204088
ARHGAP39,0.0017188489872204088
ZNF517,0.0017188489872204088
CHD8,0.0017185517388550345
MIR4301,0.0017183352046387863
DRD2,0.0017183352046387863
RGL3,0.001717931884151095
CPQ,0.0017174166651710294
UMOD,0.0017172525796883469
RN7SL650P,0.001717051178261855
LIPT1,0.0017167412809102767
MITD1,0.0017167412809102767
LINC00421,0.0017161113483285366
CEP164P1,0.0017159273245919732
TRPS1,0.0017159028206486975
NPDC1,0.0017155808392733706
DPP7,0.0017155808392733706
ENTPD2,0.0017155808392733706
SAPCD2,0.0017155808392733706
UAP1L1,0.0017155808392733706
MAN1B1,0.0017155808392733706
snoU13|ENSG00000238824.1,0.0017155808392733706
SNORD62,0.0017155808392733706
STRN3,0.001715417660030575
FAM151A,0.0017153765605217102
RSU1P2,0.00171494189533056
TRAF2,0.0017149184641249658
RNA5SP265,0.0017147588485239501
VSTM2B,0.0017146489469782229
GRIN1,0.001714579815584995
HYAL4,0.0017143037274172865
NAPEPLD,0.0017139179004338667
CDRT4,0.001713633923778852
snoU13|ENSG00000238806.1,0.001713633923778852
RN7SL792P,0.001713633923778852
MIR4731,0.001713633923778852
CDRT1,0.001713633923778852
SNORA74|ENSG00000252129.1,0.001713633923778852
TEKT3,0.001713633923778852
CDRT15,0.001713633923778852
TVP23C,0.001713633923778852
CDRT7,0.001713633923778852
PMP22,0.001713633923778852
CDRT8,0.001713633923778852
HS3ST3B1,0.001713633923778852
MIR1288,0.0017132364431942477
LINC00681,0.001713105548681831
MAFB,0.0017126625615084272
LINC00511,0.0017123304761840514
TRPV2,0.001712196878588364
C8B,0.0017120341313775944
METTL3,0.0017117331644214702
MUSK,0.0017116753956014305
AEBP2,0.0017115798753561534
RN7SL798P,0.0017114248691121096
KIAA1211L,0.0017113888128028139
UGT2B7,0.001711149412296563
UGT2A3,0.001711149412296563
UGT2B11,0.001711149412296563
UGT2B10,0.001711149412296563
UGT2B28,0.001711149412296563
UGT2B15,0.001711149412296563
TMPRSS11E,0.001711149412296563
UGT2B17,0.001711149412296563
NOXA1,0.0017110743439517424
NSMF,0.0017110743439517424
ENTPD8,0.0017110743439517424
snoU13|ENSG00000272272.1,0.0017110743439517424
MIR4781,0.0017107978136553868
TMEM59,0.0017106377961376795
LDLRAD1,0.0017106377961376795
ZNF57,0.0017105630728939318
ZMAT4,0.0017100768908881723
SNORD94,0.0017095694247592982
REEP1,0.0017095694247592982
PTCD3,0.0017095694247592982
MRPL35,0.0017095694247592982
MIR4779,0.0017095694247592982
IMMT,0.0017095694247592982
POLR1A,0.0017095694247592982
HECW1,0.0017093179906866353
LRRC37A5P,0.001708714041425087
DCAF4L2,0.0017086808397030755
VTCN1,0.0017085905239603366
MIR548O,0.001708588912699582
KDM4E,0.0017084634340158754
KDM4D,0.0017084634340158754
EPOR,0.001708461261241127
POP4,0.0017081852878991692
TCEANC2,0.0017078248566158793
RNA5SP262,0.001707575438830535
TRIM45,0.0017075623107115458
TMEM260,0.0017072554157286774
KRT80,0.0017067235080560127
RN7SKP198,0.0017066690521984147
ZNF507,0.0017066146791509943
TMEM165,0.001706258476491858
ANXA8L1,0.001706113883694966
ANXA8L2,0.001706113883694966
ANXA8,0.001706113883694966
ASAH2C,0.001706113883694966
BMS1P1,0.001706113883694966
BMS1P2,0.001706113883694966
ANTXRLP1,0.001706113883694966
AGAP9,0.001706113883694966
AGAP10,0.001706113883694966
ZFAND4,0.001706113883694966
AGAP4,0.001706113883694966
ANTXRL,0.001706113883694966
PTPN20A,0.001706113883694966
FAM25G,0.001706113883694966
LINC00842,0.001706113883694966
NPY4R,0.001706113883694966
RBP3,0.001706113883694966
RN7SL248P,0.001706113883694966
RN7SL453P,0.001706113883694966
RNA5SP310,0.001706113883694966
RNA5SP311,0.001706113883694966
RNA5SP312,0.001706113883694966
RNA5SP313,0.001706113883694966
FAM35BP,0.001706113883694966
GPRIN2,0.001706113883694966
SYT15,0.001706113883694966
FAM25B,0.001706113883694966
C10orf43,0.001706113883694966
FAM21B,0.001706113883694966
FAM21C,0.001706113883694966
FAM25E,0.001706113883694966
ZNF488,0.001706113883694966
KDR,0.0017061058996383337
C8A,0.0017058918937978194
C9orf3,0.0017055136742287619
MIR181B2,0.0017054683544303812
OLFML2A,0.0017054683544303812
PIK3C2G,0.0017054613767500117
MRPL41,0.0017050908665087725
PNPLA7,0.0017050908665087725
ATAD2,0.0017048839062720736
ZNF12,0.0017045280068987514
COMMD7,0.0017044505941907681
KMT2E,0.0017041796774446265
LYN,0.0017041177069376788
EXD3,0.0017040482908937098
ZFHX4,0.0017040056284632805
IMMP2L,0.0017031993491808486
MRPL37,0.0017026762228005286
CYB5RL,0.0017026762228005286
CDCP2,0.0017026762228005286
C1orf191,0.0017026762228005286
SEMA4D,0.0017024652230846593
CEACAM1,0.0017023403619588538
BPIFA3,0.0017018255635843904
LPPR1,0.001701670764896262
GPR37,0.0017012357008259003
BPIFA2,0.0017011365642278368
BPIFA4P,0.0017011365642278368
UBB,0.0017007209006842084
CENPV,0.0017007209006842084
TOX4,0.0017006296934859392
RAB2B,0.0017006296934859392
BPIFA1,0.001699257475073597
TCF3,0.001698382653664803
RN7SL323P,0.0016982686757694404
MMP13,0.0016973296708004007
ADRB3,0.0016971902531132458
C7orf26,0.0016964252881691523
ZDHHC4,0.0016964252881691523
ZNF853,0.0016964252881691523
PPP3R2,0.001696338858790323
GRIN3A,0.001696338858790323
NOVA1,0.0016961919655121428
snoU13|ENSG00000238979.1,0.0016958391579991352
PRKRIP1,0.0016937674784474647
FZD4,0.0016935854624524356
TMEM210,0.0016934865466193758
NRARP,0.0016934865466193758
C9orf169,0.0016934865466193758
FAM166A,0.0016934865466193758
MIR3621,0.0016934865466193758
NELFB,0.0016934865466193758
C9orf173,0.0016934865466193758
NDOR1,0.0016934865466193758
SSNA1,0.0016934865466193758
RNF208,0.0016934865466193758
TMEM203,0.0016934865466193758
TUBB4B,0.0016934865466193758
SLC34A3,0.0016934865466193758
TPRN,0.0016934865466193758
TOR4A,0.0016934865466193758
RNF224,0.0016934865466193758
LRRC26,0.0016934865466193758
ANAPC2,0.0016934865466193758
CPPED1,0.0016934815749684482
DPH7,0.0016929614813639634
DNAJC25,0.0016929595564055076
GNG10,0.0016929595564055076
C9orf84,0.0016929595564055076
MIR4780,0.0016925217703564048
SMYD1,0.0016925217703564048
KRCC1,0.0016925217703564048
SNORD112|ENSG00000252646.1,0.0016925080921139412
ZMYND19,0.0016921153330386946
PTCH1,0.0016919924676768977
NUBPL,0.001691753006643542
THNSL2,0.0016913504247196673
RNY4P15,0.0016913504247196673
FABP1,0.0016913504247196673
USP28,0.0016910500330682722
MTMR2,0.0016908847916649954
RMI1,0.0016906987474966581
HNRNPK,0.0016906987474966581
BRF2,0.0016905070987670169
CARD14,0.0016903066104078748
SCPEP1,0.0016899620954337162
ST3GAL5,0.00168986992675962
ERP44,0.0016896487303903526
RPA1,0.0016891612244349504
ARHGAP44,0.0016887150541051135
RAB20,0.0016887035965642864
SSBP3,0.001688209028445674
FAM203A,0.0016879740767260943
MAP3K14,0.0016877089801767397
TRIM32,0.001687473596880996
RNA5SP345,0.0016868312691137653
TAC1,0.0016864168258486467
ASNS,0.0016864168258486467
PRPF8,0.0016863863581391605
GRM3,0.0016857647973976386
CPNE3,0.001685424755802414
RMDN1,0.001685424755802414
TMEM229A,0.0016853481187785876
CEP57,0.001685117552153988
snoU13|ENSG00000238625.1,0.0016850535720126546
MIR601,0.0016846300984528827
RN7SL437P,0.0016841862736603336
SPAM1,0.0016841607531890724
MIR4291,0.0016840377279714585
UGCG,0.001683832680690889
ARHGAP22,0.001682973943690392
ZNF429,0.0016825010582660826
APOBR,0.0016818832240956638
SMYD4,0.0016818646026498974
SERPINF1,0.0016818646026498974
SERPINF2,0.0016818646026498974
WDR81,0.0016818646026498974
TLCD2,0.0016818646026498974
MIR22HG,0.0016818646026498974
KCTD15,0.00168066668497213
ARHGAP12,0.0016804026834442202
snoU13|ENSG00000238945.1,0.0016796655107883638
TESK2,0.0016796655107883638
C9orf37,0.0016795742060748938
ARRDC1,0.0016795742060748938
KRT16P3,0.0016793709579348852
LGALS9B,0.0016793709579348852
NOS2P3,0.0016793709579348852
HTR3B,0.001679263372143693
HTR3A,0.001679263372143693
MICU2,0.0016790400511120854
BPIFB4,0.0016788266511784163
PEMT,0.001678706591383164
RAB3D,0.0016786693076387988
TMEM205,0.0016786693076387988
SWSAP1,0.0016786693076387988
CCDC159,0.0016786693076387988
DKFZP761J1410,0.0016786693076387988
RFNG,0.0016785541490857952
CHIC2,0.0016783284358047044
LYRM1,0.001676760872289762
CRB2,0.0016761237693389585
CLOCK,0.001675960669077756
EHMT1,0.0016749468324210814
COL28A1,0.0016746764726681275
C9orf64,0.0016743158325365447
SMARCA2,0.0016741260708349349
PELI2,0.0016740649091082159
SNX29,0.0016737677809904171
BCAR4,0.0016732486804300897
YTHDC1,0.0016728469710669065
GDF2,0.0016709614065295471
RN7SL33P,0.0016709062323631417
CLUH,0.0016709062323631417
snoU13|ENSG00000239024.1,0.0016709062323631417
RN7SL608P,0.0016709062323631417
PAFAH1B1,0.0016709062323631417
NUTM2F,0.0016705824303038374
ZNF169,0.0016705824303038374
SPECC1,0.0016693322032440931
RN7SL830P,0.0016692592877041337
DYNC1I1,0.0016687677156422469
SNORD112|ENSG00000252256.1,0.001668621770629677
TSR1,0.0016686084011932642
MROH1,0.0016683859849266358
SNORD37|ENSG00000212270.1,0.001668177516902779
FAM211A,0.0016673936824367931
snoU13|ENSG00000238608.1,0.0016671946874449977
TRAPPC9,0.0016668798357355485
REXO1L10P|ENSG00000270416.1,0.0016665426233988246
REXO1L10P|ENSG00000255940.1,0.0016665426233988246
REXO1L11P,0.0016665426233988246
REXO1L1,0.0016665426233988246
CHD7,0.00166647657723823
TOP1,0.0016664605460982552
MIR3617,0.0016660274888248329
MIR4668,0.001665649758674072
MNT,0.001665625251955176
SBSPON,0.00166519946738922
TERF1,0.00166519946738922
HIATL1,0.0016646945514584494
GRM8,0.001664573066640899
RNA5SP293,0.001663684251906597
FAM120AOS,0.0016622274305885057
PFKP,0.0016614768636310823
SRD5A3,0.0016613584990958375
COPS3,0.0016613363501090529
FAM185A,0.0016609087757749237
SPATA6,0.001660505789317426
RN7SL659P,0.0016604554865424415
MAT2A,0.0016600396573271802
snoU13|ENSG00000238753.1,0.0016599061934900545
GSX2,0.0016599061934900545
ZNF248,0.0016594394090338827
GTF2IRD2,0.001659329644111605
NCF1,0.001659329644111605
ZNF99,0.0016592329475431204
ZNF208,0.0016590373118156208
AGTPBP1,0.0016586984498953153
SUN5,0.0016583360380828748
BPIFB2,0.0016583360380828748
RNU6ATAC32P,0.0016583279571088512
MRPL15,0.0016583279571088512
FABP5,0.0016582627352703483
LINC00644,0.001657932742824692
MIR602,0.0016577481122204232
MIR5090,0.001657408753410564
ALKBH4,0.001657408753410564
SPDYE2,0.001657408753410564
SPDYE2B,0.001657408753410564
RASA4,0.001657408753410564
RASA4B,0.001657408753410564
POLR2J,0.001657408753410564
POLR2J3,0.001657408753410564
UPK3BL,0.001657408753410564
POLR2J2,0.001657408753410564
LRWD1,0.001657408753410564
MIR4467,0.001657408753410564
HNRNPC,0.0016571811816829996
GZMB,0.0016568461401319297
DCUN1D3,0.0016567917867736158
BPIFB3,0.0016556882306382652
TTC6,0.0016553177343050767
SFTPB,0.0016550755095058895
ERI2,0.0016547499686677546
LHX2,0.0016532474734694165
C9orf129,0.0016521596796538458
LHFPL3,0.001652108585434644
RN7SL126P,0.0016515880385681474
GGCX,0.0016515880385681474
VAMP8,0.0016515880385681474
DNMT3B,0.001651016131695678
FASN,0.0016502975576904568
DUS1L,0.0016502975576904568
GPS1,0.0016502975576904568
C1GALT1,0.0016496747047592111
C7orf76,0.001649143981176579
HELZ,0.0016490138584926853
HSPA5,0.001649005346298063
RABEPK,0.001649005346298063
GAPVD1,0.001649005346298063
PPP6C,0.001649005346298063
RAB11FIP1,0.0016489868799802975
RN7SL251P,0.0016484147542013728
SH2D6,0.0016484147542013728
CAPG,0.0016484147542013728
DPH1,0.0016483377677443652
HIC1,0.0016483377677443652
MIR132,0.0016483377677443652
MIR212,0.0016483377677443652
OVCA2,0.0016483377677443652
RN7SL624P,0.0016483377677443652
ZBTB16,0.0016483278732228985
SPATA32,0.0016481579890136144
HPDL,0.0016476677358792898
NNMT,0.0016473127541002089
DEFB115,0.0016470982257870612
FBP1,0.001646096255669635
FBP2,0.0016458305657297949
PCAT7,0.0016458115878769497
RN7SL8P,0.0016440726812835063
ABR,0.0016439092143059996
ARHGEF7,0.0016436273356687401
ZNF675,0.001643216284044494
INTS4,0.0016428873212032233
GTF2I,0.0016428358406786411
STAG3L2,0.0016428358406786411
KCNE3,0.001642062016385055
EFCAB8,0.0016415865206671355
TPX2,0.0016415219644012407
LINC00641,0.0016404717789603113
AMOTL1,0.0016403562283778695
SMARCA4,0.0016392277202403804
KIT,0.001639212251356237
NTRK2,0.001638981642007266
ACA64|ENSG00000238685.1,0.001638922740257358
UQCR11,0.0016385109822942558
MBD3,0.0016385109822942558
MED9,0.0016381499826739242
RASD1,0.0016381499826739242
RN7SL150P,0.0016375518273428703
TRIM16L,0.0016375350768122723
TSPAN16,0.0016371633947852918
C19orf80,0.0016370739965749321
RN7SL298P,0.0016370739965749321
DOCK6,0.0016370739965749321
FICD,0.0016365880322209432
SART3,0.0016365880322209432
BCL2L1,0.0016364695509792824
ITPR2,0.0016354762519836153
RN7SL424P,0.0016350305153707025
LINC00392,0.00163458565552963
NDC1,0.0016340960835010674
SNORA58|ENSG00000201003.1,0.0016340960835010674
SLC35D2,0.0016338808298788701
ZNF367,0.0016338808298788701
FMNL1,0.0016335831144017215
RN7SL113P,0.001633449000537609
C9orf152,0.0016328859436156636
TXN,0.0016328859436156636
TXNDC8,0.0016328859436156636
RN7SL122P,0.0016326623780867386
ZBTB8B,0.0016326623780867386
AKAP6,0.0016323130034522479
SLC45A4,0.0016321804562401518
BICD2,0.0016317395099918388
PBX3,0.0016314445831630473
KIF2C,0.0016307203075553807
TCTEX1D4,0.0016307203075553807
SNORD55,0.0016307203075553807
SNORD46|ENSG00000200913.1,0.0016307203075553807
SNORD38B,0.0016307203075553807
SNORD38A,0.0016307203075553807
RPS8,0.0016307203075553807
PLK3,0.0016307203075553807
BTBD19,0.0016307203075553807
BEST4,0.0016307203075553807
C1orf228,0.0016307203075553807
STXBP6,0.0016296268359916053
LINC00475,0.0016291205662991308
VAMP5,0.0016290887891249558
RNF181,0.0016290887891249558
C2orf68,0.0016290887891249558
TMEM150A,0.0016290887891249558
USP39,0.0016290887891249558
DCDC1,0.0016288676401524697
MIR1200,0.0016283137211548164
MIR5584,0.0016279111451740504
TMEM53,0.0016279111451740504
TMEM11,0.0016276384094105589
SGTA,0.0016273584905660357
PLAG1,0.001626850519562341
DMAP1,0.0016266780804984162
ERI3,0.0016266780804984162
CARKD,0.0016264741971784423
ING1,0.0016264741971784423
CARS2,0.0016264741971784423
MIR4739,0.001626337552742616
PEX2,0.0016259194222684797
RSL1D1,0.0016256760934490902
ID1,0.0016256118715971353
MIR3193,0.0016256118715971353
RNA5SP266,0.0016253833968601175
CDK5RAP1,0.0016252640689682657
TGOLN2,0.0016251230564069627
RETSAT,0.0016251230564069627
THEG5,0.0016250665861226269
ZC3H7A,0.0016245387532368807
TTYH3,0.001624255480222215
BTBD11,0.0016241786928040177
SULT1B1,0.0016239347875226027
SULT1E1,0.0016239347875226027
SLCO1C1,0.0016236600255448146
BPIFB6,0.0016232312361559543
ELMOD3,0.001623091316581371
CYP7A1,0.0016226837533867059
UBXN2B,0.0016226837533867059
CNGB3,0.0016226780135843149
SNORA26|ENSG00000212224.1,0.0016226033240013967
SLC28A3,0.0016214614283199893
WFDC10A,0.0016213059280611635
WFDC9,0.0016213059280611635
ITPKC,0.0016209118130545233
RNA5SP485,0.0016208505660692684
LRRC42,0.0016208062075567544
HSPB11,0.0016208062075567544
DIO1,0.0016208062075567544
ORAI2,0.0016207871136556772
YIPF1,0.0016207444464095687
SOWAHB,0.0016205675634380534
LITAF,0.0016202701821162464
RPS20,0.001620110102646922
SNORD54,0.001620110102646922
snoU13|ENSG00000239173.1,0.001619710267229254
VLDLR,0.0016194527554021243
PRMT3,0.0016192614031607863
ENPP7,0.001618810126582278
WNK2,0.0016178999108040922
CSNK1G2,0.0016172449341738358
UBQLN1,0.0016171373662704144
snoU13|ENSG00000238996.1,0.0016170648852788822
SPTLC1,0.0016170648852788822
SUSD1,0.0016169210293674743
RNA5SP117,0.0016167652937257493
CRK,0.001616530946813945
MOS,0.0016160548477353578
SNORA3|ENSG00000221093.1,0.0016160548477353578
snoU13|ENSG00000239049.1,0.0016157131314685862
ADCK4,0.0016151555572775117
THUMPD1,0.0016149475707064398
UGT2B4,0.0016147067133815544
SECISBP2,0.0016144459415861668
ACSM3,0.001614300037598695
IDNK,0.001613988269376223
PYGM,0.0016134648607338041
SF1,0.0016134648607338041
RNA5SP443,0.0016133836876044924
MIR548C,0.0016129269127108019
MIR548AG1,0.0016126949593128397
SUSD3,0.0016121401324654132
C9orf89,0.0016121401324654132
NINJ1,0.0016121401324654132
ABCA1,0.001611700676560458
RHOJ,0.0016116280421553419
THRSP,0.0016112890045196012
NDUFC2,0.0016112890045196012
PITPNA,0.0016108535569351527
MYO1C,0.0016108535569351527
INPP5K,0.0016108535569351527
SGK2,0.0016103229537009997
TMPRSS9,0.001609908336970754
SPPL2B,0.001609908336970754
TIMM13,0.001609908336970754
RNA5SP233,0.0016097571078268948
CHCHD7,0.00160940797129958
FBXO34,0.0016088670991737314
LINC00265,0.0016084403359486528
CRISPLD1,0.0016084031561258993
snoU13|ENSG00000238450.1,0.0016073100618379875
TRAM1,0.0016073100618379875
SCAI,0.0016055412094416373
CYP2A13,0.001605159597726277
CASC9,0.001604789426861961
JRKL,0.0016047133236476879
RNA5SP346,0.0016047133236476879
MIR4290,0.001603343897671416
LRRC9,0.001603288300675049
NKAIN3,0.0016032751316996745
TTLL9,0.0016031007219369211
OR5AU1,0.001603005070006381
IQCE,0.0016021703795241757
RN7SKP83,0.0016021141265264234
CASC7,0.001601979891369808
RNA5SP471,0.0016015349130948106
RASGRP2,0.0016007488327585424
APOA4,0.001600512193222377
APOA1,0.001600512193222377
APOC3,0.001600512193222377
GSPT1,0.001600268877436703
NRCAM,0.0016000794636761456
XKR4,0.0015997391604191228
TECRL,0.0015994717987310764
TEX10,0.001598698328225276
GNA12,0.0015983072264342103
CCDC81,0.001597907121223887
TUBA3C,0.001597495902260299
RNY4P6,0.001597140330863998
PDILT,0.0015970307473785331
ZNF696,0.0015962927580075875
MIR5586,0.0015953580584212256
ENGASE,0.0015953548824593111
AAMDC,0.0015951896510509585
MED13,0.0015949298031172527
ISCU,0.0015939988492520137
GADD45B,0.001593658414915507
LMNB2,0.001593658414915507
CYP2B7P1,0.0015935230071492184
MAPRE1,0.001593433437537369
ZSWIM5,0.0015933495176450325
RNA5SP47,0.0015933071925459464
UROD,0.0015933071925459464
HECTD3,0.0015933071925459464
EIF2B3,0.0015933071925459464
PTCH2,0.0015933071925459464
LACTB2,0.0015931641541086705
DUSP15,0.001592572236630427
FOXS1,0.001592572236630427
RN7SL496P,0.001592475296458754
ASPH,0.0015910197145778428
RN7SKP97,0.0015910197145778428
MIR4436A,0.0015909908985589016
RN7SL30P,0.001590983421520642
TUSC5,0.0015900588567282134
MARCH8,0.0015898033934823581
MIR21,0.0015897969947472662
TCEB1,0.001589790851421363
TMEM70,0.001589790851421363
LY96,0.001589790851421363
FAM182B,0.0015897510757060711
COX4I2,0.0015895579639203293
MTND1P15,0.001589523078890169
C17orf51,0.001589523078890169
FAM27L,0.001589523078890169
UBBP4,0.001589523078890169
MTRNR2L1,0.001589523078890169
NT5M,0.00158950447420453
ASIP,0.0015875997198448908
PEPD,0.0015875614377110837
MIR5095,0.0015874941657434936
MIR1273G,0.0015874941657434936
TSGA10,0.0015871508775732253
CLVS1,0.0015870349929039361
CKS2,0.0015868521435484764
MIR3153,0.0015868521435484764
MYLK2,0.0015865150656384367
MAPKAP1,0.001585895904108006
TBPL2,0.001585551701808699
S1PR3,0.001585419315658622
C9orf47,0.001585419315658622
ATOH8,0.0015846244074092185
SDR16C6P,0.0015843556298988388
SDR16C5,0.0015843556298988388
KCNV2,0.0015842398670246778
DAAM1,0.0015838219509815225
EPB41L4B,0.0015836741186189306
FRRS1L,0.0015836741186189306
MIR32,0.0015836741186189306
TMEM245,0.0015836741186189306
CTNNAL1,0.0015836741186189306
CALML5,0.0015831381171571048
MIOS,0.001582239587016476
SNORA75|ENSG00000212593.1,0.0015821241820727448
COG7,0.0015821241820727448
RN7SKP23,0.0015821241820727448
CADM1,0.0015820356373129354
RN7SKP226,0.001581955267209665
TEX37,0.001581782582859879
ANKRD36BP2,0.001581782582859879
RPIA,0.001581782582859879
EIF2AK3,0.001581782582859879
FOXI3,0.001581782582859879
EXOSC2,0.0015812931831229043
PRDM12,0.0015812931831229043
MIR4470,0.001581152345156319
WDHD1,0.001580766057853512
WBSCR28,0.0015804228245741938
TRIM16,0.0015792718971034865
IMPAD1,0.0015786803934524658
AMZ1,0.0015784153279226924
MUTYH,0.0015783694557899228
TOE1,0.0015783694557899228
DNAJB9,0.0015783032159949872
RN7SKP242,0.0015782683772637088
ADHFE1,0.0015782222055889677
RRS1,0.0015782222055889677
SNORD83,0.0015777364273813837
MIR151A,0.0015771790151729518
RNA5SP278,0.0015771790151729518
PTK2,0.0015771790151729518
RNA5SP436,0.0015771520006522732
MSR1,0.001577065818954787
LAT2,0.0015770594472794752
C9orf153,0.0015769464677179827
ETV1,0.0015769392890444408
MMACHC,0.0015769122630928155
CCDC163P,0.0015769122630928155
PRDX1,0.0015769122630928155
ZNF286A,0.0015767511227977175
TBC1D26,0.0015767511227977175
SDCBP,0.0015767319760367725
PTPN3,0.0015755619750324513
MIR3927,0.0015755619750324513
BUD13,0.0015753956572325738
ZNF259,0.0015753956572325738
APOA5,0.0015753956572325738
NET1,0.0015753739930955126
VAV3,0.0015753718205064882
GTF2IRD1,0.0015745824773013453
ACSM1,0.0015744976396373795
INIP,0.0015744417124528226
MIR4648,0.001573934292998453
LFNG,0.001573934292998453
PALM2,0.0015735495462480859
RN7SL62P,0.001573548183929504
SELRC1,0.001573548183929504
FAM159A,0.001573548183929504
NSMAF,0.00157305850546374
snoU13|ENSG00000238433.1,0.00157305850546374
ZYG11B,0.001572890248497151
ZYG11A,0.001572890248497151
ECHDC2,0.001572890248497151
MIR1273F,0.001572890248497151
ARFGAP2,0.0015725713363873308
PACSIN3,0.0015725713363873308
RN7SL772P,0.0015725713363873308
CRYM,0.0015725405916770367
ANKS4B,0.0015725405916770367
ANAPC7,0.001572429256145642
RN7SL769P,0.001572429256145642
ANLN,0.001572345039945115
PHF14,0.0015721660420055146
GDAP1,0.0015720739840565667
DDB2,0.001571703534346327
ACP2,0.001571703534346327
MIR4321,0.001571403629107689
JSRP1,0.001571403629107689
AMH,0.001571403629107689
SF3A2,0.001571403629107689
PLEKHJ1,0.001571403629107689
MIR1227,0.001571403629107689
RFC2,0.001571310225992445
CLIP2,0.001571310225992445
RN7SKP264,0.0015712985880300772
ZCCHC6,0.0015712985880300772
ISCA1,0.0015712985880300772
LINGO3,0.001571260210762611
OAZ1,0.001571260210762611
C19orf35,0.001571260210762611
LSM7,0.001571260210762611
HTATIP2,0.0015711875155399227
RALA,0.001570937125057309
BRAT1,0.0015702826670229233
snoU13|ENSG00000238857.1,0.0015702826670229233
LINC00968,0.0015698953722223289
PENK,0.0015698953722223289
OR13C5,0.001569802124254332
OR13C2,0.001569802124254332
PNPLA8,0.0015696874055669333
NRXN2,0.0015695881419828016
AP3D1,0.0015688470412171856
IZUMO4,0.0015688470412171856
FAM157B,0.0015686456716113473
TUBBP5,0.0015686456716113473
CACNA1B,0.0015686456716113473
NACA2,0.001568633436747909
CCDC17,0.0015681963159024455
DHRS7B,0.001567093722030428
MON2,0.0015663326185092166
SNORA84,0.0015661994951891153
IARS,0.0015661994951891153
PLK5,0.001566099384270448
ATG14,0.0015660010822030823
NUMBL,0.0015658399428802306
SNORA70|ENSG00000200237.1,0.0015654768946499642
FBXL12,0.0015654768946499642
AKAP2,0.0015653448565451753
PDRG1,0.0015651346260641566
XKR7,0.0015651346260641566
DMRT2,0.001565111294047211
RNA5SP279,0.001565111294047211
DMRT3,0.001565111294047211
KIAA0020,0.0015649200869454038
WFDC6,0.0015647407778752581
EPPIN,0.0015647407778752581
UGT2A1,0.0015644552441229636
UGT2A2,0.0015644552441229636
GAS1,0.0015636376493883021
MADD,0.001563437163622408
KCMF1,0.0015631552565465237
RN7SKP130,0.0015630879618805883
SEPT11,0.0015630501980419104
ZNF704,0.0015630265782083119
CCNI,0.0015628621463747159
NR1H3,0.0015623301597367685
JPH1,0.001562096253699496
MYBL1,0.0015616286132950274
VCPIP1,0.0015616286132950274
C8orf44,0.0015616286132950274
TPBGL,0.0015614176992823118
DLGAP5,0.0015608916643751168
LGALS3,0.0015608916643751168
POFUT1,0.0015603741934745174
FABP4,0.0015602966572277513
CSPP1,0.0015602784407090001
OR13C9,0.001560194783937149
EPDR1,0.0015600607386838448
GPR141,0.0015600607386838448
KCTD14,0.0015599906976492648
TEX29,0.0015599755863410687
THAP5,0.0015597796281995328
NIPSNAP3B,0.001559731012658231
NIPSNAP3A,0.001559731012658231
OR13D1,0.001559731012658231
NTN1,0.0015595818460834093
ADAMTSL5,0.0015594069166765254
GPR135,0.001559401417508627
L3HYPDH,0.001559401417508627
PMP2,0.001559058162725388
FABP9,0.001559058162725388
TMEM69,0.001558923283825073
IPP,0.001558923283825073
GPBP1L1,0.001558923283825073
RNA5SP482,0.0015579896833439254
C8orf34,0.001557514761215213
RNA5SP481,0.0015574171719080101
CCM2L,0.0015574171719080101
MIR5681A,0.0015567120006047144
YWHAE,0.0015565051466043174
TSPY26P,0.0015563265376225919
AKR1A1,0.0015561215697774602
snoU13|ENSG00000238792.1,0.0015557806539768107
MIRLET7D,0.0015557806539768107
MIRLET7DHG,0.0015557806539768107
UBE2W,0.0015556537564759324
PTPDC1,0.0015550879623479424
MIRLET7A1,0.0015550215398629826
MIRLET7F1,0.0015550215398629826
PDE4A,0.0015547402642318612
HSDL2,0.0015546600694128219
C9orf147,0.0015546600694128219
RN7SL477P,0.0015545227673466173
MEX3D,0.0015545227673466173
MAP2K3,0.0015539751949878496
OR1D5,0.001553822363064452
OR1D2,0.001553822363064452
C17orf103,0.001553057153816644
RN7SL426P,0.0015527860887354526
U8|ENSG00000200191.1,0.001552536393484134
MSC,0.001552536393484134
RRN3P1,0.0015521702022642918
RRN3P3,0.0015521702022642918
C16orf52,0.0015521702022642918
SCARNA6|ENSG00000252798.1,0.0015521702022642918
SDR42E2,0.0015521702022642918
RN7SL245P,0.0015521702022642918
SMG1P1,0.0015521702022642918
POLR3E,0.0015521702022642918
PDZD9,0.0015521702022642918
OTOA,0.0015521702022642918
NPIPB5,0.0015521702022642918
NPIPB4,0.0015521702022642918
UQCRC2,0.0015521702022642918
NPIPB3,0.0015521702022642918
METTL9,0.0015521702022642918
VWA3A,0.0015521702022642918
snoU13|ENSG00000238712.1,0.0015521702022642918
IGSF6,0.0015521702022642918
EEF2K,0.0015521702022642918
CDR2,0.0015521702022642918
snoU13|ENSG00000238954.1,0.0015521702022642918
snoU13|ENSG00000239172.1,0.0015521702022642918
SNORA51|ENSG00000200113.1,0.0015521042312231963
CYP2F1,0.001551726046503903
WFDC8,0.001551389062956932
CTSL3P,0.0015513730476533875
SMG6,0.0015508008815071665
SRR,0.0015508008815071665
SNORD91A,0.0015508008815071665
SNORD91B,0.0015508008815071665
MIR1260B,0.0015503078269105736
CCDC82,0.0015503078269105736
DOT1L,0.001550202656357174
HAL,0.0015495914844649034
LTA4H,0.0015495914844649034
LDLR,0.0015494185815034336
PLAGL2,0.0015488323629264521
NME8,0.0015481731247581677
GLCCI1,0.001548078823344199
FAM206A,0.0015479930012878825
SFRP4,0.0015477861920291864
PAPPA,0.0015476630376692986
RILP,0.0015465545970061022
SCARF1,0.0015465545970061022
MEN1,0.0015462625795554508
DKFZP434E1119,0.0015459604298349483
RSF1,0.0015453683783348037
RPSAP58,0.001545366127589609
THOP1,0.0015448954556310627
NAA35,0.0015447186667609542
POM121L12,0.001544623871391514
GOLM1,0.00154454894750489
ACOT11,0.0015445479805776179
RNA5SP268,0.0015444160719477915
COPS5,0.0015444160719477915
MIR4748,0.001544168074675236
RNASE7,0.0015440565267611252
RNASE13,0.0015440565267611252
TPPP2,0.0015440565267611252
PRSS23,0.0015438999767026496
CDC37,0.0015432468700283604
ICA1,0.0015430556537727191
SYK,0.0015430060296290373
snoU13|ENSG00000238772.1,0.0015423236123259215
SGK3,0.0015421964918543446
RN7SKP125,0.0015413564159841163
TCF24,0.0015412608711923856
ZNF883,0.0015411721255906667
FAM225A,0.0015411721255906667
FAM225B,0.0015411721255906667
ZFP37,0.0015411721255906667
FAM183B,0.0015408896851538138
GLIS1,0.0015408788611244433
FAM182A,0.0015408768307856998
SNX30,0.0015407977415535924
RN7SL83P,0.0015406750838083281
FKBP15,0.0015404790091977053
YTHDF3,0.001539813654757278
RN7SL135P,0.001539813654757278
BARX1,0.0015397918129542844
TTPA,0.0015397906136144365
NCOR1P1,0.0015396568862566823
SOCS4,0.001539535894547293
MAPK1IP1L,0.001539535894547293
KDM4C,0.001539097848420645
TMEM159,0.0015390081131939673
ZP2,0.0015390081131939673
HSPA2,0.0015390080443161618
DDX31,0.0015384207799089078
GTF3C4,0.0015384207799089078
RN7SL107P,0.0015376955861916579
MCMDC2,0.0015369915621410474
SNHG6,0.0015369915621410474
SNORD87,0.0015369915621410474
ZBTB10,0.0015369600483768734
NASP,0.0015366369080910473
SOX5,0.0015365772088196173
MIR548AL,0.0015361302143806325
PGM2L1,0.0015361302143806325
NXPH1,0.0015359309808358687
CYP7B1,0.0015355924493973192
PI15,0.001535084863038793
WFDC13,0.00153489576805782
SPINT4,0.00153489576805782
CUX2,0.0015341781672942644
CARD11,0.0015339222693519481
SNORD27|ENSG00000251699.1,0.0015337845249325409
LRP8,0.0015336306226768404
CPT2,0.0015336306226768404
C1orf123,0.0015336306226768404
MAGOH,0.0015336306226768404
C8orf46,0.0015336002970955467
BTBD3,0.0015332201231161083
DAPK1,0.0015327269708649849
AOAH,0.0015327023186699914
ACSM2A,0.0015326951998997365
ACSM2B,0.0015326951998997365
CTSL,0.001532428163967659
LINC00687,0.0015321775859891567
RN7SKP111,0.0015321775859891567
SLC31A2,0.0015321009015572353
LIMK1,0.001531392902114125
GPHN,0.001530576930815698
PREX2,0.0015303702466871838
MAP4K2,0.0015300913884232757
SLC25A3P1,0.0015299585556911408
DMRTB1,0.0015299585556911408
SEPT7P9,0.001529908616150511
HSD17B7P2,0.001529908616150511
HCK,0.0015298736467260945
MIR920,0.0015294522203014914
CKAP5,0.0015294142044229102
PPP1R36,0.0015291195766223766
DENND1A,0.001528371982835211
NSF,0.001528108047016276
MIR1825,0.0015276823997676767
KIF3B,0.0015276823997676767
MPLKIP,0.0015270934198675314
CA1,0.0015270637214143267
OLFM2,0.0015265896018883081
PIN1,0.0015265896018883081
UBL5,0.0015265896018883081
RN7SL94P,0.0015265896018883081
MIR1181,0.0015262751608217493
LINC00645,0.0015261283127419418
ACSM5,0.0015259639888039428
PAK1,0.0015256472262526193
CACNG4,0.0015254191957573238
CACNG1,0.0015254191957573238
PPP1R42,0.0015247651592138506
CYP2B6,0.0015246551661294786
SPINT3,0.0015245644817646349
KANK2,0.0015240802460685754
SPC24,0.0015240802460685754
PIWIL4,0.0015237432073396885
FUT4,0.0015237432073396885
FBXW10,0.001523193161975035
snoU13|ENSG00000238506.1,0.0015229257036354989
GGH,0.0015228208119122733
MIR5708,0.001522406284342058
MSANTD3,0.001522350078009422
LINC00238,0.0015222334998144418
XKR9,0.0015222015360222818
CEP164,0.0015218873266537498
STAU2,0.001521644581150464
MIR548H1,0.001521283699042953
CA2,0.0015212317496496762
GDPD4,0.001521083148490963
ZNF37A,0.0015210314919712573
VPS41,0.0015206326187542068
POU6F2,0.001520554581901303
HOXB7,0.0015200958478097124
HOXB8,0.0015200958478097124
HOXB9,0.0015200958478097124
MAP2K6,0.001519898391193902
MRE11A,0.001519569283128518
GPR83,0.001519569283128518
ANKRD49,0.001519569283128518
MIR548L,0.001519569283128518
ZBTB1,0.0015188389617638845
ZBTB25,0.0015188389617638845
ZNF681,0.0015186226180792933
TRDD3,0.0015183674509182301
TRDJ1,0.0015183674509182301
TRDJ2,0.0015183674509182301
TRDJ3,0.0015183674509182301
TRAV10,0.0015183674509182301
TRDV3,0.0015183674509182301
TRAV14DV4,0.0015183674509182301
TRDD2,0.0015183674509182301
TRDV2,0.0015183674509182301
TRDV1,0.0015183674509182301
TRDD1,0.0015183674509182301
TRDC,0.0015183674509182301
TRAV36DV7,0.0015183674509182301
TRAV7,0.0015183674509182301
TRAJ37,0.0015183674509182301
TRAJ35,0.0015183674509182301
TRAJ34,0.0015183674509182301
TRAJ33,0.0015183674509182301
TRAJ32,0.0015183674509182301
TRAJ31,0.0015183674509182301
TRAJ30,0.0015183674509182301
TRAJ2,0.0015183674509182301
TRAJ29,0.0015183674509182301
TRAJ28,0.0015183674509182301
TRAJ27,0.0015183674509182301
TRAJ26,0.0015183674509182301
TRAJ25,0.0015183674509182301
TRAJ24,0.0015183674509182301
TRAJ23,0.0015183674509182301
TRAJ22,0.0015183674509182301
TRAJ21,0.0015183674509182301
TRAJ20,0.0015183674509182301
TRAJ1,0.0015183674509182301
TRAJ19,0.0015183674509182301
TRAJ18,0.0015183674509182301
TRAJ17,0.0015183674509182301
TRAJ36,0.0015183674509182301
TRAJ38,0.0015183674509182301
TRAV17,0.0015183674509182301
TRAJ39,0.0015183674509182301
TRAJ5,0.0015183674509182301
TRAJ59,0.0015183674509182301
TRAJ58,0.0015183674509182301
TRAJ57,0.0015183674509182301
TRAJ56,0.0015183674509182301
TRAJ54,0.0015183674509182301
TRAJ53,0.0015183674509182301
TRAJ52,0.0015183674509182301
TRAJ50,0.0015183674509182301
TRAJ4,0.0015183674509182301
TRAJ49,0.0015183674509182301
TRAJ48,0.0015183674509182301
TRAJ47,0.0015183674509182301
TRAJ46,0.0015183674509182301
TRAJ45,0.0015183674509182301
TRAJ44,0.0015183674509182301
TRAJ43,0.0015183674509182301
TRAJ42,0.0015183674509182301
TRAJ41,0.0015183674509182301
TRAJ40,0.0015183674509182301
TRAJ3,0.0015183674509182301
TRAV6,0.0015183674509182301
TRAJ16,0.0015183674509182301
TRAV18,0.0015183674509182301
TRAV25,0.0015183674509182301
TRAV29DV5,0.0015183674509182301
TRAJ14,0.0015183674509182301
TRAJ61,0.0015183674509182301
TRAJ6,0.0015183674509182301
TRAJ7,0.0015183674509182301
TRDJ4,0.0015183674509182301
TRAV30,0.0015183674509182301
TRAV34,0.0015183674509182301
TRAV35,0.0015183674509182301
TRAJ8,0.0015183674509182301
TRAJ9,0.0015183674509182301
TRAV39,0.0015183674509182301
TRAV3,0.0015183674509182301
TRAV40,0.0015183674509182301
TRAV41,0.0015183674509182301
TRAV4,0.0015183674509182301
TRAV5,0.0015183674509182301
TRAV27,0.0015183674509182301
TRAV2,0.0015183674509182301
TRAV16,0.0015183674509182301
TRAJ12,0.0015183674509182301
TRAJ10,0.0015183674509182301
TRAC,0.0015183674509182301
OR6J1,0.0015183674509182301
OR4E2,0.0015183674509182301
TRAV19,0.0015183674509182301
ABHD4,0.0015183674509182301
TRAV20,0.0015183674509182301
TRAV21,0.0015183674509182301
TRAJ11,0.0015183674509182301
TRAV22,0.0015183674509182301
TRAV23DV6,0.0015183674509182301
TRAJ13,0.0015183674509182301
TRAV24,0.0015183674509182301
DAD1,0.0015183674509182301
RNF183,0.0015183144623541658
WDR31,0.0015183144623541658
PRPF4,0.0015183144623541658
RAP1GAP2,0.0015178333987429637
PDGFRA,0.001517037748643761
PRKCH,0.0015159758581478762
SCNN1B,0.0015158939599667091
SCNN1G,0.0015156859095089995
SGCZ,0.0015151346721233448
ZW10,0.0015146141265617698
CLDN25,0.0015146141265617698
ATF4P4,0.0015146141265617698
RN7SL19P,0.0015144984044129692
SNORD15A,0.001513725588299061
RPS3,0.001513725588299061
SNORD15B,0.001513725588299061
KLHL35,0.001513725588299061
DENND3,0.0015130520267896586
RNA5SP229,0.0015119887255168258
TMEM135,0.001511967073076028
TRGC1,0.001511557583068604
TRGV4,0.001511557583068604
TRGV11,0.001511557583068604
TRGV1,0.001511557583068604
TRGV2,0.001511557583068604
TRGV9,0.001511557583068604
TRGV5,0.001511557583068604
TRGV8,0.001511557583068604
TRGJP,0.001511557583068604
TRGC2,0.001511557583068604
TRGV10,0.001511557583068604
TRGV3,0.001511557583068604
TRGJ1,0.001511557583068604
TRGJ2,0.001511557583068604
TRGJP2,0.001511557583068604
TRGJP1,0.001511557583068604
RN7SL105P,0.0015106896181031472
KRT16P1,0.0015106266604156904
CCDC144B,0.0015106266604156904
USP32P2,0.0015106266604156904
TBC1D28,0.0015106266604156904
RN7SL639P,0.0015106266604156904
LGALS9C,0.0015106266604156904
KRT17P2,0.0015106266604156904
FAM106A,0.0015106266604156904
YAE1D1,0.0015103772756684347
RNA5SP264,0.001509925959372579
SNORA51|ENSG00000206853.1,0.0015098515801731302
RN7SL88P,0.0015094217170719608
SNORA20|ENSG00000206947.1,0.0015090896675955217
RN7SL75P,0.0015084043160164208
RGS3,0.001508135263940745
TMEM253,0.0015075315947605695
MIR199A1,0.0015074661474120629
TMED1,0.0015074661474120629
C19orf38,0.0015074661474120629
snoU13|ENSG00000238946.1,0.001506362707947002
C9orf170,0.0015063479716191672
SNORA26|ENSG00000212421.1,0.0015063479716191672
UHRF1,0.0015060023094185084
C9orf43,0.0015058130710621355
POLE3,0.0015058130710621355
ALAD,0.0015056511752623198
SLC31A1,0.0015056359975310879
DHRS7C,0.001505438883566349
RNA5SP271,0.0015050169630036732
SCP2,0.0015047673135942165
CCDC175,0.001504009473712224
JKAMP,0.001504009473712224
AP1M2,0.0015038808730829674
CDKN2D,0.0015038808730829674
RN7SL627P,0.0015036316815806791
VAV2,0.0015034991557534576
GDPD5,0.0015034272276980031
MOB3C,0.0015032484513548556
MKNK1,0.0015032484513548556
ZNF257,0.0015032474154524722
STAU1,0.001503230133926897
SNORA70C,0.0015031158032833393
MIR4999,0.0015029591201494075
TVP23B,0.0015022388008995944
C9orf66,0.0015017720449880274
RN7SL412P,0.0015017720449880274
FOXD4,0.0015017720449880274
KANK1,0.0015017720449880274
FAM138C,0.0015017720449880274
DOCK8,0.0015017720449880274
CBWD1,0.0015017720449880274
ANKRD30A,0.0015015351703651177
SNORA31|ENSG00000253028.1,0.0015005630193368046
FRMPD1,0.0014995084381386732
SNORA20|ENSG00000206649.1,0.0014992615549211262
RNASE8,0.0014992022979239408
KDM4B,0.0014990556647706452
AMPH,0.0014990099074287833
RN7SL652P,0.0014988055145411998
SNORA25|ENSG00000252550.1,0.0014981907432274403
RNA5SP269,0.00149762640235143
CDC26,0.0014975968592214827
IRS2,0.0014972080115892897
RPA3,0.0014971969118288983
ALG8,0.0014970981137739541
ARHGEF40,0.0014969870233687741
NDRG2,0.0014969870233687741
MTCH2,0.0014969667811381882
RNA5SP45,0.0014968347079492475
EDN2,0.0014968347079492475
GNLY,0.001496105768774684
RN7SKP128,0.0014952974860830423
AREGB,0.001495285242809994
snoU13|ENSG00000238654.1,0.0014950911062395391
DNAH3,0.0014941611011881676
SLC46A2,0.001494019973894302
MLANA,0.001493989109681069
LINC00676,0.0014931481197317002
RNA5SP291,0.0014927903510542767
AKAP5,0.001492194151707959
PDCL2,0.00149204905063291
RN7SKP10,0.001491982948974365
SCAMP4,0.0014912935953986476
ADAT3,0.0014912935953986476
ABHD17A,0.0014912935953986476
MRPL30,0.0014910664972317138
C2orf15,0.0014910664972317138
RN7SL522P,0.001490993456748455
SULF1,0.0014902709845320318
SEPT7,0.0014898795956390398
RN7SL308P,0.0014891762557927232
RNA5SP267,0.0014889984638213963
CSGALNACT2,0.0014888301647567942
REXO1,0.0014887811033558109
MIR1909,0.0014887811033558109
ONECUT3,0.0014887811033558109
KLF16,0.0014887811033558109
ATP8B3,0.0014887811033558109
PTBP3,0.0014887115420111321
C8orf59,0.001488644226464244
CA13,0.001488644226464244
RTN1,0.00148846748646279
MROH7,0.0014881657220018447
CSF3R,0.0014881178667773371
MRPS15,0.0014881178667773371
OSCP1,0.0014881178667773371
DBC1,0.0014880774073828603
GADD45G,0.0014878413830931643
RN7SL57P,0.0014877546460456371
RN7SL430P,0.0014877546460456371
RNA5SP295,0.0014877546460456371
MIR326,0.0014871138462222671
C19orf52,0.001486692238279757
DNM2,0.0014866548486275393
KCNH5,0.0014863858646434946
PAG1,0.001486207389204794
TOP1MT,0.001486131677414217
ZNF286B,0.0014856906989543204
RN7SKP29,0.00148482999052864
CARM1,0.0014847869389214687
YIPF2,0.0014847869389214687
RN7SL479P,0.001484421355814873
BTBD2,0.0014841673567569703
RN7SL226P,0.0014841673567569703
VEZF1,0.0014840415533195488
E2F5,0.0014831611263903994
RNF220,0.0014828143542325938
CYLC2,0.0014827995000279163
HDHD3,0.0014821155733640925
BSPRY,0.0014821155733640925
MIR5579,0.0014817798235519778
LYG1,0.001481555987624662
LYG2,0.001481555987624662
RN7SKP30,0.001481142631103073
ZNF219,0.0014810837908970488
RN7SL794P,0.0014806895124032462
SEC61B,0.0014806895124032462
ALG2,0.0014806895124032462
RNA5SP290,0.0014806592174821886
FABP12,0.0014806434356884122
MIR147A,0.001480218171430609
TXNDC11,0.0014800730891318852
SOX6,0.0014797403105833238
MIR4665,0.0014793066261226226
LPHN3,0.0014789341134291603
ADAMTS13,0.001477985769978374
TOMM5,0.001477379020901348
RNU6ATAC38P,0.0014773321635961074
RN7SKP171,0.001477072004634143
DMRT1,0.001476722866062263
FUBP3,0.0014761309550468005
NINL,0.001475040944925609
FOLR4,0.0014747919057977426
NMU,0.001474576175406871
AKR1CL1,0.0014745013344194477
ATG4D,0.001474195199557309
KRI1,0.001474195199557309
MIR1238,0.001474195199557309
LRRC17,0.0014740825021246117
NDUFS3,0.0014740697114985798
PTPMT1,0.0014740697114985798
KBTBD4,0.0014740697114985798
C1QTNF4,0.0014740697114985798
FAM180B,0.0014740697114985798
ELF5,0.0014737565321541928
CAT,0.0014737565321541928
APC2,0.0014735427827821067
C19orf25,0.0014735427827821067
PCSK4,0.0014735427827821067
REEP6,0.0014735427827821067
TLE4,0.0014728544993554344
snoU13|ENSG00000239144.1,0.0014728023535127252
CDC42BPG,0.001472725524755648
USP32P3,0.0014719750152009294
PP13004,0.0014715799536331032
DAZAP1,0.0014713006934703367
MIR4307,0.001470533647529872
MIR455,0.001470329256437273
SNORA73|ENSG00000252114.1,0.001470061253141912
ZNHIT2,0.0014700592853709334
ZFPL1,0.0014700592853709334
RELA,0.0014700592853709334
TIGD3,0.0014700592853709334
VPS51,0.0014700592853709334
DPF2,0.0014700592853709334
TM7SF2,0.0014700592853709334
EHD1,0.0014700592853709334
FAM89B,0.0014700592853709334
FAU,0.0014700592853709334
FIBP,0.0014700592853709334
FOSL1,0.0014700592853709334
FRMD8,0.0014700592853709334
GPHA2,0.0014700592853709334
KAT5,0.0014700592853709334
KCNK7,0.0014700592853709334
LTBP3,0.0014700592853709334
MALAT1,0.0014700592853709334
MAP3K11,0.0014700592853709334
MIR192,0.0014700592853709334
MIR4489,0.0014700592853709334
MIR4690,0.0014700592853709334
MRPL49,0.0014700592853709334
MUS81,0.0014700592853709334
NAALADL1,0.0014700592853709334
NEAT1,0.0014700592853709334
OVOL1,0.0014700592853709334
PCNXL3,0.0014700592853709334
RN7SL114P,0.0014700592853709334
EFEMP2,0.0014700592853709334
EHBP1L1,0.0014700592853709334
CTSW,0.0014700592853709334
CFL1,0.0014700592853709334
PPP2R5B,0.0014700592853709334
SYVN1,0.0014700592853709334
SSSCA1,0.0014700592853709334
SPDYC,0.0014700592853709334
SNX32,0.0014700592853709334
SNX15,0.0014700592853709334
SLC25A45,0.0014700592853709334
SLC22A20,0.0014700592853709334
SIPA1,0.0014700592853709334
SCYL1,0.0014700592853709334
SAC3D1,0.0014700592853709334
POLA2,0.0014700592853709334
RNASEH2C,0.0014700592853709334
RN7SL309P,0.0014700592853709334
AP5B1,0.0014700592853709334
ARL2,0.0014700592853709334
ATG2A,0.0014700592853709334
BATF2,0.0014700592853709334
C11orf85,0.0014700592853709334
CAPN1,0.0014700592853709334
CCDC85B,0.0014700592853709334
CDC42EP2,0.0014700592853709334
CDCA5,0.0014700592853709334
ROR2,0.0014690376330821946
snoU13|ENSG00000238530.1,0.0014688074188310878
C14orf93,0.00146836292203528
AJUBA,0.00146836292203528
KNCN,0.00146805513146478
DBH,0.0014676724688102863
ARRB1,0.001467601162978157
KANK3,0.0014675050148716877
ZNF408,0.0014674281511466505
LTBP4,0.0014672253186696397
SHKBP1,0.0014672253186696397
RN7SL758P,0.0014672253186696397
IPPK,0.0014669405803427414
DAB2IP,0.0014669380969482217
AK3,0.0014669225041525852
ZNF729,0.0014668820987418266
ZNF676,0.0014668820987418266
ORM2,0.001466807143984163
ORM1,0.001466807143984163
RNU6ATAC17P,0.0014667964412613853
TMEM8C,0.0014667388743622564
CACFD1,0.0014667388743622564
SLC2A6,0.0014667388743622564
ADAMTSL2,0.0014667388743622564
RAB11B,0.001466514491249913
MARCH2,0.001466514491249913
EYA1,0.0014664063466668206
KIF12,0.0014661454754597324
DFNB31,0.0014660894881230512
AKNA,0.0014660894881230512
AMBP,0.0014659673339339249
snoU13|ENSG00000238566.1,0.0014659123285441014
SNORD43|ENSG00000212277.1,0.0014654803399987793
MIR708,0.0014650133698014844
RN7SKP297,0.0014649049660056834
PPAPDC2,0.0014648050121467838
SEMA3D,0.0014644706880701532
COL27A1,0.0014642928035913346
ZNF337,0.0014640064229558105
RN7SL783P,0.0014639980441776565
ARMC10,0.0014639123093438265
ANGPTL4,0.0014637199972331733
SARDH,0.001463004496570133
KEAP1,0.0014622704309370604
SHC3,0.0014615735501811462
RAB38,0.0014610006579843674
MIR3166,0.0014610006579843674
CTSC,0.0014607571747832595
PHF19,0.001460518596216753
LINC00477,0.0014603752730334985
AKR1C4,0.0014595681625740888
MIR1267,0.0014591754414087223
MYBPC3,0.0014591618478620647
ME3,0.0014591101614467737
ELN,0.0014582725826761238
SNN,0.0014578167217344136
RET,0.0014573086278536148
TRABD2A,0.0014570003323700238
TMSB10,0.0014570003323700238
KLF17,0.001456916905656645
LINC00094,0.0014564583948739837
BRD3,0.0014564583948739837
CLNS1A,0.0014563355069684178
MED22,0.0014561520591957228
SNORD36B,0.0014561520591957228
SNORD36C,0.0014561520591957228
SURF1,0.0014561520591957228
SURF2,0.0014561520591957228
SURF4,0.0014561520591957228
C9orf96,0.0014561520591957228
REXO4,0.0014561520591957228
RPL7A,0.0014561520591957228
SNORD36A,0.0014561520591957228
SURF6,0.0014561520591957228
SNORD24,0.0014561520591957228
FBXO33,0.0014560599904937161
CELF1,0.0014553367508889495
AQP11,0.0014552125548273026
KIAA2026,0.0014550067180538852
C7orf10,0.0014544768767050236
RN7SKP225,0.001453626049592785
SERPINH1,0.001451051516819265
RNA5SP24,0.0014502252035095923
F2,0.0014500915219182553
MIR5582,0.0014500915219182553
SNORD67|ENSG00000252427.1,0.0014500915219182553
SNORD67|ENSG00000212135.1,0.0014500915219182553
SLCO5A1,0.00144969383613108
PIK3R5,0.0014496935064054173
SNORA31|ENSG00000251802.1,0.001449450002763806
MIR590,0.0014494043674199756
ELK3,0.0014489815880322225
ARFGEF1,0.0014489424607687087
ABO,0.0014487781217976073
TBX20,0.0014486338673438534
FBXW2,0.0014486203953918357
LINC00588,0.0014484596318813097
TUBD1,0.0014484064195298357
KIAA1958,0.0014482338180088824
DNTTIP1,0.0014481012658227857
UBE2C,0.0014481012658227857
WFDC3,0.0014481012658227857
SLC29A2,0.0014470516588123285
EED,0.001446668478682922
NANP,0.0014465078836331375
RPS15,0.0014458603031890624
CALML3,0.0014453600197271103
BMS1,0.001445218805549862
SMC2,0.0014451168963932396
RNA5SP270,0.001444560877237933
RN7SL675P,0.001444560877237933
FBXL13,0.001444500044728718
WFDC2,0.0014444792580523894
RN7SKP135,0.0014443556754513407
CHST12,0.001444162408291863
GRIFIN,0.001444162408291863
OMP,0.001443218647676547
CAPN5,0.001443218647676547
NXPE2,0.0014429867060409822
BMPER,0.001442710716282852
B3GNT6,0.0014421902014086947
FAM163B,0.001441999078112257
LRRC40,0.001441979427608681
RN7SL242P,0.001441979427608681
HERPUD2,0.0014412984031708968
LGALS3BP,0.0014412409584086785
WDR16,0.0014411049030496757
TBC1D16,0.001440571026722925
ZNF33B,0.0014400939290742016
IL7,0.0014400283868725204
PLEKHM1,0.0014396162974683567
RN7SL730P,0.0014396162974683567
RN7SL656P,0.0014396162974683567
MAPT,0.0014396162974683567
ARHGAP27,0.0014396162974683567
ARL17A,0.0014396162974683567
ARL17B,0.0014396162974683567
CRHR1,0.0014396162974683567
FAM215B,0.0014396162974683567
KANSL1,0.0014396162974683567
LRRC37A2,0.0014396162974683567
LRRC37A4P,0.0014396162974683567
LRRC37A,0.0014396162974683567
RN7SL199P,0.0014396162974683567
STH,0.0014396162974683567
SPPL2C,0.0014396162974683567
RN7SL739P,0.0014396162974683567
USP35,0.0014396107469855407
SRSF1,0.0014392820029012147
ATP6V1G1,0.0014391086816000175
C9orf91,0.0014391086816000175
snoU13|ENSG00000238732.1,0.0014388342467732778
NCOA2,0.0014387651551567582
RAPSN,0.001438596052056995
IDO2,0.0014385508971589513
PURB,0.0014384117862412506
MIR4657,0.0014384117862412506
H2AFV,0.0014384117862412506
ATP6V1D,0.001438191094080455
MPP5,0.001438191094080455
TMED4,0.0014380429115033453
DDX56,0.0014380429115033453
CBX4,0.0014377496483825587
NARS2,0.0014373398264427447
SDK1,0.001437029882716291
ACA59|ENSG00000252870.1,0.0014364089392005163
OBP2B,0.001436090719123004
CPA6,0.0014355933130471607
PLEKHG3,0.0014351208413853056
RNA5SP38,0.0014350651568942256
FAM205CP,0.0014347474136474022
FAM205B,0.0014347474136474022
CBX2,0.001434742616033753
CSE1L,0.0014336810786099174
IDO1,0.0014336379449236228
PPIA,0.0014335914532000583
ZMIZ2,0.0014335914532000583
OGDH,0.0014335914532000583
NEU3,0.001432792426188135
CTNNA2,0.0014326510381489816
GALNT12,0.0014323741624716634
PSMD5,0.0014317486843976655
ZNF33A,0.0014313472729830534
CBX8,0.0014310829817158908
USP43,0.0014309647553562203
HS3ST2,0.001430436894590963
snoU13|ENSG00000238298.1,0.0014303919612720939
RN7SL665P,0.0014303919612720939
ZNF414,0.0014301833022065443
ADAMTS10,0.0014301833022065443
MYO1F,0.0014301833022065443
PRAM1,0.0014301833022065443
CDKL2,0.0014300212733448518
OR2AT4,0.001429498618546501
REM1,0.0014293291883505372
PDE3A,0.0014290493981566259
ASS1,0.0014289262288741137
ZNF37BP,0.0014283411120781793
LINC00966,0.0014280363769313379
LINC00460,0.0014278728028107187
MAP6,0.0014277641578136894
FAM71D,0.0014276299022128415
ABHD13,0.001427073493293029
RNA5SP39,0.001427073493293029
TNFSF13B,0.001427073493293029
LIG4,0.001427073493293029
KCTD21,0.001426935841630394
PRDM14,0.0014268181268746287
ENTPD6,0.0014258896846546774
CDK5RAP2,0.001425397347461241
STX8,0.0014253124991168333
SNORD112|ENSG00000252883.1,0.0014250108606096927
CCDC40,0.0014242616033755264
MYO1G,0.001422705488190463
SNHG15,0.001422705488190463
MRPL39,0.0014222303777807652
NPC1L1,0.0014219205893120628
SNORA64|ENSG00000199470.1,0.001421554345520117
LINC00515,0.001421378413183171
MIR155HG,0.001421378413183171
GPR124,0.0014209899791167472
SLC43A2,0.0014206509177887077
PSMC3,0.0014201163188504947
EFNB2,0.0014197738494729879
ARGLU1,0.0014197738494729879
RN7SL192P,0.001419340237821251
FAM216A,0.0014191535702280692
RAD9B,0.0014191535702280692
SNORD50|ENSG00000202335.1,0.0014191535702280692
VPS29,0.0014191535702280692
URGCP,0.0014189501769489323
BBS9,0.0014187441478465661
GSN,0.0014187340033981236
RN7SL181P,0.0014187340033981236
MUC16,0.0014185925991267146
TRPA1,0.0014184006146391135
CEBPG,0.0014179823718388732
ACTL9,0.0014179013626616865
CANT1,0.0014178430153707039
ARL4A,0.001417169931405132
MEGF9,0.0014171481652680972
MBD3L1,0.0014171426366162395
ZNF558,0.0014171426366162395
IL33,0.0014171413058521667
RN7SL25P,0.0014171413058521667
GLDC,0.0014171413058521667
C9orf38,0.0014171413058521667
RN7SL123P,0.0014171413058521667
TPD52L3,0.0014171413058521667
UHRF2,0.0014171413058521667
snoU13|ENSG00000252110.1,0.0014171413058521667
SRPK2,0.0014171395315000738
PTP4A1,0.0014168579921078263
SVIP,0.0014165390199727542
RNF169,0.001416276135043336
SPDEF,0.0014161001028760555
USP47,0.0014155268857053505
MIR4487,0.0014154212872953215
PRUNE2,0.0014153068063524038
C6orf106,0.0014152921903654323
RN7SL200P,0.0014152921903654323
snoU13|ENSG00000239059.1,0.0014152921903654323
snoU13|ENSG00000238484.1,0.0014152921903654323
NOL8,0.0014148606076708485
OMD,0.0014148606076708485
CENPP,0.0014148606076708485
OGN,0.0014148606076708485
MIR4670,0.0014148606076708485
ECM2,0.0014148606076708485
ASPN,0.0014148606076708485
RN7SL132P,0.0014146715786530208
LINC00587,0.001414573069373272
TGFBR1,0.001414262848833393
DPY19L1,0.0014141383268248431
MIR548N,0.0014141383268248431
DSCAML1,0.0014139098484952622
NCOA3,0.001413570578820789
OR2Z1,0.0014134135712803488
SPI1,0.0014128178811723116
RNA5SP344,0.001411928864873277
ZNF25,0.0014118933941219204
MTHFD1,0.0014114506972093964
ARID4A,0.0014114255071235628
C19orf66,0.0014100685583591044
C11orf73,0.0014099596179234293
RN7SL225P,0.0014099596179234293
LRRCC1,0.0014089619322840048
CDC37L1,0.001408697780253998
NUDCD3,0.0014084857830683724
RN7SL505P,0.0014083165291976503
INSR,0.0014075036314588098
BTC,0.0014073490531693316
PSMA3,0.001407234786293098
PACSIN1,0.0014068803954018858
SLC4A4,0.0014068574819168151
RPS10,0.0014065225656393968
TBRG4,0.0014062919491008342
SNORA5C,0.0014062919491008342
SNORA5A,0.0014062919491008342
SNORA5B,0.0014062919491008342
NACAD,0.0014062919491008342
CCM2,0.0014062919491008342
RAMP3,0.0014062919491008342
SLC39A13,0.0014062120162768499
EIF4H,0.0014057218834912868
BHLHE22,0.0014055382985522372
C3P1,0.0014049647068102027
MIR5589,0.0014049647068102027
HNRNPM,0.0014047451061769381
KCNU1,0.00140398834232117
LRRC19,0.0014039636875079883
TAF1D,0.0014035341900580352
RN7SKP59,0.0014034126315889614
AGO2,0.0014033999988529032
SPTB,0.0014028835181606539
FGD6,0.0014028768699654785
ICAM4,0.0014022438956906684
ICAM1,0.0014022438956906684
ICAM5,0.001402169191395172
TENM4,0.0014019537143587747
UBE2D4,0.0014016629871642667
POLR2J4,0.0014016629871642667
TRAF1,0.0014014753000302904
SLC5A11,0.0014011661117777315
HEPHL1,0.0014005402021142538
PANX1,0.0014005402021142538
MRPS24,0.0014001098303730885
BLVRA,0.0014001098303730885
CCDC179,0.0013995100362732794
PARM1,0.0013994628774255736
MIR4696,0.0013989482052222872
LINC00474,0.0013987941162106126
URI1,0.0013985721738652903
CHRDL2,0.0013983728312291913
SGSM2,0.001397987074515898
ANKRD13C,0.0013979804473608353
CDK17,0.001397238204833143
EMR1,0.0013968402849830542
MBD3L3,0.0013968402849830542
MBD3L2,0.0013968402849830542
EMR4P,0.0013968402849830542
MBD3L4,0.0013968402849830542
ZNF557,0.0013968402849830542
MBD3L5,0.0013968402849830542
XRRA1,0.0013967300967851345
KRT82,0.0013965538279739785
LRP4,0.0013962788459943249
ZC2HC1A,0.0013960229412275872
SPDYE1,0.0013955474322990046
HMGA1,0.0013955416648029708
C6orf1,0.0013955416648029708
GRM4,0.0013955416648029708
CNTRL,0.0013953121537238135
C5,0.0013953121537238135
RNA5SP469,0.001394748269222892
IGFBP3,0.0013947458924549884
IGFBP1,0.0013947458924549884
TAGLN,0.001394741544001431
SIDT2,0.001394741544001431
PCSK7,0.001394741544001431
SCARNA11|ENSG00000252992.1,0.001394741544001431
RNF214,0.001394741544001431
BACE1,0.001394741544001431
C1QTNF1,0.00139456656871609
CYP4A22,0.001394504937062771
PKIA,0.0013944240071836166
RORB,0.0013938263213183928
TBX10,0.001393268389430087
RN7SL59P,0.001393268389430087
FAM86C2P,0.001393268389430087
ALDH3B2,0.001393268389430087
GSTP1,0.001393268389430087
NDUFV1,0.001393268389430087
C11orf72,0.001393268389430087
NUDT8,0.001393268389430087
DOC2GP,0.001393268389430087
ACY3,0.001393268389430087
RN7SL594P,0.0013932600671490826
RNA5SP236,0.001393241670304087
FOXD2,0.0013931895666945864
FOXE3,0.0013931895666945864
NUDT3,0.0013928132128639796
GAMT,0.0013925571648273666
NDUFS7,0.0013925571648273666
DIRAS2,0.0013925368366409768
ADCY1,0.001392332952440121
SEPT7P2,0.001392332952440121
NADSYN1,0.0013921579846707243
STARD3NL,0.0013918035292166727
MIR4450,0.0013917351292267546
MIR548AH,0.0013917351292267546
RN7SKP243,0.0013916462367205363
ANGPTL6,0.001391357252708251
SNORD105,0.001391357252708251
PPAN,0.001391357252708251
DEFB118,0.0013909422965723737
RNA5SP480,0.0013909422965723737
DEFB116,0.0013909422965723737
TLR4,0.0013908428701505094
ARHGAP17,0.0013908367274509503
CORO2A,0.0013907986038100841
C11orf54,0.001390514757230121
GGTA1P,0.0013903713537484373
RN7SL187P,0.0013903713537484373
CMPK1,0.0013901636249955766
MIR383,0.0013899232080277302
OR1Q1,0.0013896071443201814
FOXB2,0.0013895387803799827
TM9SF4,0.001389439454053093
SNORA31|ENSG00000252580.1,0.0013893440736478697
CAAP1,0.0013893440736478697
TNRC18,0.0013893407033833212
CRH,0.001389232589538898
LINC00967,0.001389232589538898
C11orf49,0.0013889930376981827
DEFB124,0.0013886236252569153
GBGT1,0.00138825859107469
COA1,0.0013880700917471892
KRT2,0.0013880122536269598
KRT1,0.0013880122536269598
KRT73,0.0013880122536269598
CA8,0.0013877084843161428
CCNYL2,0.0013871528928358409
FXYD2,0.001386912042954595
ZNF714,0.0013865170073600699
TRIM55,0.0013861752690988978
CYP4Z1,0.0013858842474076003
FLJ00273,0.001385876761827812
PIK3CG,0.0013856926210701838
AHCY,0.0013855720118211802
ZNF782,0.0013854745784095224
EVPLL,0.0013850058093316218
SCIN,0.0013848596280319637
RN7SKP11,0.0013844303797468367
LINC00853,0.0013844243632545675
KRT72,0.0013835038437084583
KRT71,0.0013835038437084583
KRT74,0.0013835038437084583
UVRAG,0.0013834158869932111
SPCS2,0.0013831740631410443
THSD7A,0.0013830830855258338
U8|ENSG00000251909.1,0.0013830266133613425
RN7SL239P,0.001382993390148043
DBNL,0.0013823345055969118
MIR4649,0.0013823345055969118
AEBP1,0.0013823345055969118
RNA5SP230,0.0013823345055969118
PGAM2,0.0013823345055969118
POLM,0.0013823345055969118
POLD2,0.0013823345055969118
CEP78,0.0013821919046327871
PSAT1,0.0013821919046327871
APP,0.0013820744189012512
7SK|ENSG00000232512.2,0.0013818931308715976
LINC00551,0.001381633613021392
MIR196A1,0.001381414150003644
RFK,0.0013812489007828754
AAED1,0.0013810252744017842
GINS1,0.0013809023151232557
SNORA43|ENSG00000201733.1,0.0013801923462068253
NPAS4,0.0013801923462068253
RN7SL189P,0.0013797874826825803
RNASE2,0.0013797874826825803
RNASE3,0.0013797874826825803
METTL17,0.0013797874826825803
SLC39A2,0.0013797874826825803
ZNF492,0.0013797796997299656
LMO2,0.0013787002013736656
ICAM3,0.0013786871411772845
RAVER1,0.0013786871411772845
TYK2,0.0013786871411772845
ZNF510,0.0013785693258757743
snoU13|ENSG00000238598.1,0.0013783493442724218
SRSF11,0.0013771531180030573
GTF3C5,0.0013770116954585723
CELP,0.0013770116954585723
CEL,0.0013770116954585723
RALGDS,0.0013770116954585723
snoU13|ENSG00000238657.1,0.0013770116954585723
MIR644A,0.0013766377970242075
RAB14,0.0013766268191042336
CAMK2B,0.0013766211074007924
RN7SKP228,0.001376504490488649
GNAQ,0.0013764469025524715
ZNF98,0.0013759510103029551
CST3,0.00137577378969576
YKT6,0.0013747961481711576
GCK,0.0013747961481711576
MYL7,0.0013747961481711576
SLC29A4,0.001374745332487224
UNC5D,0.0013747321314409912
VEZT,0.001374579976985041
GCNT1,0.0013745561539521855
USP31,0.0013742608733739205
ACER3,0.0013729034983850624
CDK13,0.0013724234438193064
SNORD36|ENSG00000252227.1,0.001371693155655977
RASA4CP,0.001371429126127426
LINC00957,0.001371429126127426
PODN,0.0013709659279420102
TCF7L1,0.0013709079004801407
SLC1A7,0.0013709068824544906
STK17A,0.0013707634875026323
EIF4A3,0.0013704838255977495
GAA,0.0013704838255977495
VWC2,0.0013700839814064958
SYTL2,0.0013695621379147557
RN7SL100P,0.0013694693773174758
ITCH,0.0013693378203704666
OSTF1,0.0013688853819571497
S1PR2,0.0013686656982776497
MIR4322,0.0013686656982776497
MRPL4,0.0013686656982776497
DEFB123,0.0013686372510290892
DEFB122,0.0013686372510290892
LINC00839,0.0013686190440029666
KCNJ12,0.0013685206495333067
BRMS1,0.0013682779987166044
B3GNT1,0.0013682779987166044
RIN1,0.0013682779987166044
C14orf37,0.0013680022244584508
DNAJC5B,0.0013677507391403239
PCA3,0.0013673215227900345
RAB2A,0.0013670629992035802
VPS13A,0.0013668793020611865
HMCN2,0.0013667954611153417
MIR4706,0.0013660746775384488
FNTB,0.0013660746775384488
MAX,0.0013660746775384488
C7orf72,0.00136557705321781
CDC14B,0.001364750410025653
HABP4,0.0013644055679380995
PLAA,0.0013643600562587874
EIF2S1,0.0013643164065119879
PLEK2,0.0013643164065119879
DPY19L2P1,0.001364240262463948
ABHD12,0.0013637679047301839
VMP1,0.0013634773529665038
MRPL11,0.0013634713871733795
LINC00567,0.00136340320247212
RP9,0.0013631291164806225
snoU13|ENSG00000252706.1,0.0013631291164806225
C9orf131,0.0013630908295179096
RN7SL338P,0.0013630908295179096
KCNB2,0.0013630082786363978
DNMT1,0.001362800027668256
NPSR1,0.0013627445561166262
DMBX1,0.0013609877468838134
LINC00505,0.0013609877468838134
SCARNA15|ENSG00000252193.1,0.0013591908123364762
SYNE2,0.0013591229508761573
MIR5004,0.0013582155477031806
MKRN9P,0.0013581818181818183
SYNGAP1,0.0013572650623965652
MIR4656,0.0013559444685659586
RADIL,0.0013559444685659586
AP5Z1,0.0013559444685659586
PPFIA2,0.0013552034691275215
RDH8,0.0013551317368305396
TOX,0.001355117869399414
DUSP6,0.001355093976240249
STIL,0.001354725305838356
MIR761,0.001354691866905848
GGTLC1,0.0013544824283810793
RAB6A,0.0013544276001623298
UNC93B1,0.001353940383830134
CHURC1,0.0013538827868591857
GPX2,0.0013538827868591857
RAB15,0.0013538827868591857
RN7SL443P,0.0013538569508990848
IFT52,0.0013535658874786031
GTSF1L,0.0013535658874786031
MYBL2,0.0013535658874786031
LINC00972,0.001353313061311079
snoU13|ENSG00000238781.1,0.0013525990002560587
USO1,0.0013523324283346838
G3BP2,0.0013523324283346838
RCL1,0.001351824274013403
FDX1L,0.0013515169122224524
ZGLP1,0.0013515169122224524
MED17,0.001350978865495293
RN7SL195P,0.0013509788654952925
snoU13|ENSG00000238437.1,0.0013509788654952925
VSTM5,0.0013509788654952925
SDAD1,0.0013508280149971213
NAAA,0.0013508280149971213
NR2C1,0.0013506501726121983
IMPA1P,0.001349662466639146
IMPA1,0.001349662466639146
KRT77,0.0013496072802471298
C9orf9,0.0013494458862566793
INSL4,0.0013488484709631402
INSL6,0.0013488484709631402
RN7SKP47,0.0013487405942664804
RNY4P1,0.0013487405942664804
C9orf40,0.0013487405942664804
C9orf41,0.0013487405942664804
NMRK1,0.0013487405942664804
LINC00443,0.0013487201125175808
CLCF1,0.0013485828930728412
RN7SKP239,0.0013485828930728412
CDH24,0.001348523018047597
LUZP2,0.0013479427183224636
DDX6,0.0013477187243731634
RBM7,0.0013471656130960622
REXO2,0.0013471656130960622
C11orf71,0.0013471656130960622
snoU13|ENSG00000238314.1,0.0013469822430917182
PRAC,0.0013468591316601471
MIR3185,0.0013468591316601471
HOXB13,0.0013468591316601471
SLC10A5,0.0013467086863236495
ZFAND1,0.0013467086863236495
GAB2,0.0013464640905477448
RN7SL38P,0.0013461777383021786
PSMB5,0.0013456358551663216
PSMB11,0.0013456358551663216
SLC36A4,0.001345427367332037
CCDC67,0.001345427367332037
TMEM126A,0.0013452009516372193
S1PR5,0.0013446335409495998
DNAJB5,0.001344114709578957
KIAA1045,0.001344114709578957
snoU13|ENSG00000239086.1,0.0013433901823144388
TRIM14,0.0013432103957273206
POLD4,0.0013428565519034612
CHMP4C,0.001342786787066165
CCDC71L,0.0013419736091058647
RXRA,0.001341788489312064
JAK2,0.0013417721518987353
INPP5B,0.0013415923082243898
ESR2,0.001341358807589993
INHBA,0.001341062137365623
LRRC7,0.001340765039329707
CHIC1,0.001340415913200724
PRPSAP2,0.0013401142841612498
TOR1B,0.0013399725582323293
TOR1A,0.0013399725582323293
C9orf78,0.0013399725582323293
ATP2B1,0.001339447069448117
RNA5SP470,0.00133942996787391
RCHY1,0.0013393598016054912
THAP6,0.0013393598016054912
C4orf26,0.0013393598016054912
COL15A1,0.0013391200343215244
RN7SL529P,0.0013390874897492675
CCDC84,0.0013390874897492675
VPS11,0.0013390874897492675
BCL9L,0.0013390874897492675
MIR4492,0.0013390874897492675
UPK2,0.0013390874897492675
HYOU1,0.0013390874897492675
SLC37A4,0.0013390874897492675
TRAPPC4,0.0013390874897492675
MIR3656,0.0013390874897492675
RPS25,0.0013390874897492675
RN7SL688P,0.0013390874897492675
CXCR5,0.0013390874897492675
FOXR1,0.0013390874897492675
USP20,0.0013382462511858189
DGKB,0.0013379316094429578
HIATL2,0.0013378022625005269
SNORD38|ENSG00000252408.1,0.0013377385195847667
MAP2K4P1,0.0013376245012773052
KIAA0895,0.001337574419519619
NDUFA12,0.0013373820483314166
PAPOLB,0.0013367122006613017
S1PR4,0.0013367120633471868
TAL1,0.0013362924251182644
PDZK1IP1,0.0013362924251182644
EIF1AD,0.0013360968853673484
RLN1,0.0013359953970080577
RLN2,0.0013359953970080577
POC1B,0.001335834709589219
ACVRL1,0.0013355598743866074
GABBR2,0.0013350519365826969
snoU13|ENSG00000238666.1,0.0013349576764774397
NUP54,0.0013348935745095979
OTOGL,0.0013348584032385237
CREBZF,0.0013343769863610809
CCDC89,0.0013343769863610809
GABPA,0.001333812836485059
ATP5J,0.001333812836485059
KRT79,0.0013336078914594897
KRT4,0.0013336078914594897
KRT3,0.0013336078914594897
KRT76,0.0013336078914594897
MYO7A,0.0013330359177910075
SYNDIG1,0.0013330002220741752
INVS,0.00133169550531627
FIP1L1,0.0013316628790628346
CDX4,0.0013310585837710619
ZNF890P,0.0013310086879854987
FZR1,0.0013300641932935825
RN7SL866P,0.0013300641932935825
DOHH,0.0013300641932935825
FOXK1,0.0013299989980294583
GALNT4,0.0013295579848620167
RN7SL125P,0.0013286492626157099
TTLL6,0.0013286492626157099
NCS1,0.0013283525574994616
JPH2,0.001327259552154924
OSER1,0.001327259552154924
CYP4A11,0.001326751566057545
CYP4X1,0.001326173510918163
ACVR1B,0.0013261445693865794
MRPL48,0.0013260285852470784
LINC00346,0.0013254569876471648
CD248,0.001325341387949955
RAD9A,0.0013253406847971256
APLP2,0.0013250448824853505
ANKRD10,0.0013247168009441275
KTI12,0.0013245955384104933
TXNDC12,0.0013245955384104933
MOB3B,0.0013239074287175522
ANKRD33,0.001323899030542747
UNC93B6,0.0013231918396433757
RNA5SP48,0.0013226104853539047
RN7SL290P,0.0013226104853539047
LINC00871,0.0013225469888761023
CXCL10,0.001321776970722708
CXCL9,0.001321776970722708
NUTM2G,0.001321771310820473
PICALM,0.001321348140094742
FAM110B,0.001320603503388317
SERINC3,0.0013205010798150226
CST2,0.001320050521874308
SCN8A,0.0013200234812691279
KIAA1432,0.0013194627412795694
SNORD50|ENSG00000199857.1,0.0013192529647520653
EEPD1,0.0013188975993913123
RAB3B,0.0013185250999555725
SNX16,0.0013181099294697742
PTGIS,0.0013175020988891123
TBC1D2,0.0013170066024643572
MIR4708,0.0013167453905043888
PYGB,0.0013166014323784166
EHF,0.0013160988375431697
ALDH1A1,0.0013157094169039382
CTSV,0.0013156650826359406
AGR3,0.0013155038241875689
JAM2,0.0013148959456315541
FNBP1,0.0013146927458460743
TMEM126B,0.0013141056607885557
RNA5SP489,0.0013139915524433396
DNAJB13,0.0013136149608356559
UCP2,0.0013136149608356559
MYF6,0.0013129035972752508
MYF5,0.0013129035972752508
SCARNA9,0.0013126429769711758
NCAM1,0.001312303195292998
SNORA8|ENSG00000207304.1,0.0013121774238860843
MIR1304,0.0013121774238860843
SNORA1|ENSG00000206834.1,0.0013121774238860843
SNORA25|ENSG00000207112.1,0.0013121774238860843
SNORD6,0.0013121774238860843
SNORA40|ENSG00000210825.1,0.0013121774238860843
SNORD5|ENSG00000239195.1,0.0013121774238860843
SNORA18|ENSG00000207145.1,0.0013121774238860843
SNORA32|ENSG00000206799.1,0.0013121774238860843
RN7SKP53,0.0013118658538306318
PPP1CA,0.0013095326738290255
CARM1P1,0.0013093543025188628
RNA5SP363,0.0013092383638928075
BZW2,0.001309219242287611
DPM2,0.0013079788771675554
PIP5KL1,0.0013079788771675554
ST6GALNAC4,0.0013079788771675554
MIR5100,0.0013074803506802925
TRPM6,0.0013071676086264155
SNORD31,0.0013070086691911293
snoU13|ENSG00000239073.1,0.0013061622554660557
TCEB3C,0.001305939385595408
TCEB3B,0.001305939385595408
TCEB3CL2,0.001305939385595408
TCEB3CL,0.001305939385595408
WDR5,0.0013059017271913372
FBXO10,0.0013058086628135288
FRMD3,0.001305422361540948
TOX2,0.0013050213538055991
FAAH,0.0013049855943502028
TRMT10B,0.0013047112431007978
CST9,0.0013035189489252988
SNORD74|ENSG00000201502.1,0.0013034349827387832
snoU13|ENSG00000238361.1,0.0013034349827387832
GCH1,0.0013034324304012196
LINC00657,0.0013031892455748508
GPR107,0.0013031419602542236
NOX4,0.0013026364287369143
ZNF562,0.0013026313565767018
ZNF812,0.0013026313565767018
RN7SL223P,0.0013024586173320375
CACNG5,0.0013020429198466656
SNRPF,0.0013013118527042573
CCDC38,0.0013013118527042573
AMDHD1,0.0013013118527042573
UPF3AP2,0.0013012762638267051
OR6C6,0.0013006615931775594
DPAGT1,0.0013005676273725628
C2CD2L,0.0013005676273725628
HMBS,0.0013005676273725628
H2AFX,0.0013005676273725628
RNA5SP296,0.001300523999332277
SAMD4A,0.0013003296077989286
EFCAB10,0.0012997487380944374
PRKAR2B,0.0012994503958491718
NCLN,0.0012991056773873303
CELF5,0.001298729373333655
TIMM9,0.0012985739632434723
KIAA0586,0.0012985739632434723
DACT1,0.0012985739632434723
TOMM20L,0.0012985739632434723
KRT78,0.0012985259523323215
SLCO2B1,0.0012983378084643893
RN7SL786P,0.0012982150620125307
YIF1A,0.0012981366205760548
ARHGEF18,0.0012979126717086794
RINT1,0.0012977285699895904
PUS7,0.0012977285699895904
POLR1E,0.001297708349035459
UCP3,0.0012967234257823161
CBLL1,0.00129637250078275
LINC00662,0.0012961130290244222
MRPL42,0.0012958860759493692
RN7SL630P,0.0012958860759493692
SOCS2,0.0012958860759493692
RN7SL737P,0.0012958860759493692
UBE2N,0.0012949309551208309
NUDT4,0.0012949309551208309
TMPRSS13,0.001294694356253751
IL10RA,0.001294694356253751
RN7SKP261,0.0012945008902392602
ORC1,0.0012944204825984494
CC2D1B,0.0012944204825984494
GPX7,0.0012944204825984494
ZCCHC11,0.0012944204825984494
PRPF38A,0.0012944204825984494
snoU13|ENSG00000239063.1,0.0012944204825984494
DEFB119,0.0012937527552112848
SNORA40|ENSG00000212134.1,0.0012937527552112848
DEFB121,0.0012937527552112848
RNA5SP286,0.0012934065986300763
ZFYVE9,0.001293295806645708
BANF1,0.0012927046091409807
CST6,0.0012927046091409807
CATSPER1,0.0012927046091409807
PHLDB1,0.0012923762008823687
TREH,0.0012923762008823687
TYR,0.0012916925744861686
ST14,0.0012916176832435686
AREG,0.0012909721351881997
TENC1,0.001290651625274288
EIF4B,0.001290651625274288
IGFBP6,0.001290651625274288
SOAT2,0.001290651625274288
SPRYD3,0.001290651625274288
PLEKHG7,0.0012898331415420027
C12orf74,0.0012898331415420027
SLC26A4,0.0012887182985194773
FAM102A,0.0012880316292994045
CRADD,0.0012879516685845801
SCN4B,0.0012878452608382923
TMPRSS4,0.0012878452608382923
EEA1,0.001287704257767549
ENG,0.0012875359816946306
MIR4672,0.0012875359816946306
AK1,0.0012875359816946306
CDK9,0.0012866036130303605
MIR3960,0.0012866036130303605
FPGS,0.0012866036130303605
ZNF846,0.0012864832434807596
RNU6ATAC,0.0012864438679152808
C9orf106,0.0012860824637333026
MIR625,0.0012858964802142348
CACNG3,0.0012857899062962358
CEBPB,0.0012857531057475086
BTF3L4,0.0012851756462669169
RN7SL788P,0.0012851756462669169
MPZL3,0.0012842076810658015
SCN2B,0.0012842076810658015
AMICA1,0.0012842076810658015
MPZL2,0.0012842076810658015
C2CD3,0.0012841930588215684
SCARB2,0.001283609290235084
GLI3,0.0012835981095863046
SNORA1|ENSG00000201541.1,0.0012831990794016123
NDUFA4,0.0012829750371260876
TBC1D10C,0.001282632462267609
SMCO4,0.0012822579418208403
MKNK2,0.0012817371122115012
SMAD7,0.0012811100903100093
RNASE1,0.0012811095341487607
ST6GALNAC6,0.0012809241110060146
KATNAL2,0.0012805885109571382
PDE7A,0.0012804299824679085
ARMC1,0.001280061491868738
MTFR1,0.001280061491868738
POU3F1,0.0012797841875907873
UTP11L,0.0012797841875907873
FHL3,0.0012797841875907873
CYP4Z2P,0.0012796518692415678
CXCL11,0.0012793243068533096
ART3,0.001279306677009511
EPS15P1,0.0012792659115366278
LPAR1,0.0012786980108499145
CDKN2C,0.0012784810126582262
LINC00936,0.00127801200461025
RNA5SP365,0.00127801200461025
SYPL1,0.001277971773606866
BTG1,0.0012778078250863063
CYP4B1,0.0012769621432868923
SLC26A11,0.0012769142053445858
PLEKHB1,0.001276729874418372
PIAS2,0.0012755209836404122
L3MBTL1,0.0012754209390332559
MIR4255,0.001275232759216989
MOB3A,0.0012747460749353585
C11orf84,0.0012746446244231468
MIR548AW,0.0012743008215044503
MOGAT2,0.0012742385884158035
SF3A3,0.0012733181157916587
PAAF1,0.0012730219086850908
PPEF2,0.0012728526321121594
FUT8,0.0012725988051876503
FAM47E,0.0012724994349005447
MRPL32,0.0012724042867127436
PSMA2,0.0012724042867127436
C7orf25,0.0012724042867127436
MIR3943,0.0012724042867127436
FXYD6,0.0012722870481085963
ANXA1,0.0012719023467394246
RALGPS1,0.0012714536401056986
SNORA68|ENSG00000201388.1,0.0012713885609160046
PDCD5,0.0012713885609160046
NXNL2,0.0012708535301775457
RN7SL596P,0.0012705425925582656
MIR3646,0.0012703474522356628
TTPAL,0.0012703474522356628
C20orf62,0.0012703474522356628
RBBP6,0.0012699687654118038
CABP2,0.0012698176316940295
LINC00442,0.0012697566149226605
NDUFS8,0.0012695852534562195
TCIRG1,0.0012695852534562195
MIR4691,0.0012695852534562195
TMEM151A,0.0012690803268168847
LIPT2,0.0012685968101488173
ATP6V0B,0.0012683847161787962
IPO13,0.0012683847161787962
DPH2,0.0012683847161787962
ARTN,0.0012683847161787962
RN7SL696P,0.00126777329453143
TDRD7,0.0012674334496824912
TMOD1,0.0012674334496824912
PLXNC1,0.0012672266973532801
C19orf82,0.001267157898294773
CARNS1,0.001266824451299509
UQCRH,0.0012663820807623355
snoU13|ENSG00000238328.1,0.001265694250717651
PDCL3,0.001265694250717651
RN7SL611P,0.001265694250717651
RN7SL360P,0.001265694250717651
RN7SKP263,0.0012647468354430383
SNORA63|ENSG00000199473.1,0.001263944090043753
AHR,0.001263944090043753
MIR4308,0.001263900967350575
LINC00158,0.0012630375159333816
RNU6ATAC9P,0.0012630277393056394
GPR22,0.001262772845193897
DUS4L,0.001262772845193897
BCAP29,0.001262772845193897
snoU109|ENSG00000238832.1,0.001262772845193897
HNF4A,0.0012627359688237322
R3HDML,0.0012627359688237322
TSC1,0.0012625766495805522
TRUB2,0.0012620851671952833
COQ4,0.0012620851671952833
SWI5,0.0012620851671952833
SLC27A4,0.0012620851671952833
FITM2,0.0012620284546235225
FAF1,0.0012612822460102572
ERMP1,0.001261068789735952
FLJ00325,0.0012609054211208998
C12orf50,0.001260059973156772
C12orf29,0.0012596707962658964
CCDC158,0.0012595332278481034
LRRC41,0.0012595133218249377
PTGES2,0.0012593572763434887
C9orf16,0.0012593572763434887
LCN2,0.0012593572763434887
IFT74,0.0012585372714486625
C7orf66,0.0012581238538265404
CD3D,0.001257466430269796
CD3E,0.001257466430269796
CCDC41,0.001256467203682394
HBP1,0.0012561082658675104
ARCN1,0.0012559362644712915
SPATA2,0.0012556588889474749
GDAP1L1,0.0012535725187790834
GNAL,0.0012534374756322589
RAD54L,0.001253424553999269
OR7E47P,0.0012529023874523362
C12orf44,0.0012529023874523362
NR4A1,0.0012529023874523362
ACIN1,0.0012524908856230605
ASB6,0.0012517883970994794
PTPRD,0.0012513208029663761
ZBTB34,0.0012509578154072936
C19orf77,0.001250137327939116
SLC9A8,0.001250053739672858
SH2D3C,0.0012499073738554052
CGRRF1,0.0012497544442138797
TTC16,0.0012497241573056577
C9orf117,0.0012497241573056577
MIR3911,0.0012497241573056577
PTRH1,0.0012497241573056577
TOR2A,0.0012497241573056577
UBE2V1,0.0012496278781143682
LINC00651,0.0012496278781143682
PCIF1,0.001249273597976837
NAIF1,0.0012492352998600758
OR13C8,0.0012486830273442488
U3|ENSG00000212422.1,0.0012486599250406626
PLTP,0.0012484799365070829
CCDC83,0.001248301036993991
LOXHD1,0.0012481023248671571
KITLG,0.001248035405118174
PPP1R17,0.0012476740898954052
AGBL4,0.0012476228819078507
RNF213,0.0012468438818565401
RN7SL483P,0.0012461334867663986
NFIC,0.0012458386376191987
UQCRFS1,0.0012448172657129495
FOXE1,0.0012446780772950887
LINC00592,0.0012446098518742285
C12orf80,0.0012446098518742285
WISP2,0.001244466126331225
DGAT2,0.001244081319524358
SNX21,0.0012440677168108266
B4GALT2,0.0012436183494857593
SLC6A9,0.0012436183494857593
CCDC24,0.0012436183494857593
CCDC177|ENSG00000255994.1,0.0012431265062665161
CCDC177|ENSG00000267909.1,0.0012431265062665161
MAP4K5,0.0012429015822086064
PPP1R12A,0.0012426487654210792
TNFSF8,0.0012425785407131154
RAB1B,0.0012418551231694176
CNIH2,0.0012418551231694176
KLC2,0.0012418551231694176
XPA,0.0012417973842466037
URM1,0.0012417888449621586
CSRNP2,0.0012417487846163465
LINC00963,0.0012416992724267233
PGAM1P5,0.0012414499424626018
NTN4,0.0012414499424626018
ZNF618,0.0012413992873757495
TNFSF15,0.0012410168113032845
LNX1,0.0012407492196791618
CERCAM,0.001240290540733114
AKIRIN1,0.0012400265093776913
C14orf23,0.0012395532587460277
CDHR3,0.001238861095255681
ZFAND5,0.0012385570853351428
DISC1FP1,0.0012380411712057272
SRSF6,0.0012379386153238403
CIZ1,0.0012377540093888328
MIR5694,0.001237595517976829
GLE1,0.0012372165741762406
RNF125,0.0012370565721836323
snoU13|ENSG00000239157.1,0.001236819584764703
SNAI1,0.001236819584764703
RNF114,0.001236819584764703
LRRTM4,0.0012361766252420706
SOSTDC1,0.0012358777818598813
KRT121P,0.0012357416832422404
KRT7,0.0012357416832422404
snoU13|ENSG00000238865.1,0.001235552359033372
ARHGAP1,0.0012353855257118537
KRT8,0.0012350437206360143
MEOX2,0.0012349899246295484
CD40,0.0012349170691023572
GNA15,0.0012343053186975107
KRT81,0.0012342370582301295
KRT86,0.0012342370582301295
KRT83,0.0012342370582301295
KRT84,0.0012342370582301295
KRT85,0.0012342370582301295
MYO16,0.001233830845771147
KRT5,0.0012338035617792808
KRT6A,0.0012338035617792808
RN7SL159P,0.0012335603861390566
COL5A3,0.0012329237858635708
FOXG1,0.001232672146588371
METAP2,0.0012325604142692753
GFI1B,0.0012319763860724866
RNA5SP44,0.0012315276028895216
RN7SL330P,0.001231006904487918
LETMD1,0.001230874449301543
CA3,0.0012305458894583312
SPTAN1,0.00122990419810188
U3|ENSG00000252299.1,0.001229634656399744
UBE4A,0.0012295248697755613
ATP5L,0.0012295248697755613
RN7SL86P,0.0012295248697755613
SNORA65,0.0012293911917625828
STXBP1,0.0012293911917625828
FAM129B,0.0012293911917625828
SLC2A8,0.0012293911917625828
ZNF79,0.0012293911917625828
RPL12,0.0012293911917625828
LRSAM1,0.0012293911917625828
KRT75,0.0012290667862357582
KRT6B,0.0012290667862357582
KRT6C,0.0012290667862357582
TSPAN1,0.001228446699095755
LURAP1,0.001228446699095755
POMGNT1,0.001228446699095755
RN7SL340P,0.0012281775996045995
SLC14A1,0.0012281578717444322
KIAA0247,0.0012281297926661874
USP44,0.0012276121979286543
SRSF5,0.0012274546275637271
snoU13|ENSG00000238849.1,0.00122734010024982
IER5L,0.00122665108647414
SF3B2,0.0012258173029004293
GAL3ST3,0.0012258173029004293
snoU13|ENSG00000238752.1,0.0012258173029004293
LINC00494,0.0012252491277319898
WDR34,0.0012245298459759536
ENDOG,0.0012243669868206228
DOLK,0.0012243669868206228
NUP188,0.0012243669868206228
CCBL1,0.0012243669868206228
C9orf114,0.0012243669868206228
PHYHD1,0.0012243669868206228
TBC1D13,0.0012243669868206228
FAM73B,0.0012243669868206228
SH3GLB2,0.0012243669868206228
LRRC8A,0.0012243669868206228
PIK3R3,0.001224256514286233
RN7SL463P,0.0012240240549964494
SLC11A2,0.0012236419904365094
RN7SL860P,0.0012233525124664374
KIAA1731,0.0012231323695849358
LRRC72,0.001223016376651861
IKZF1,0.0012229140549595639
TMEM229B,0.0012227687134751324
CTIF,0.0012225899459622604
RN7SL560P,0.0012223393903367519
HMGA1P4,0.0012223393903367519
PKN3,0.0012223393903367519
SET,0.0012223393903367519
ZDHHC12,0.0012223393903367519
snoU13|ENSG00000239055.1,0.0012223393903367519
ZER1,0.0012223393903367519
SLC25A25,0.0012220396342455492
TMEM125,0.0012219115247210349
EBNA1BP2,0.0012219115247210349
WDR65,0.0012219115247210349
RNA5SP46,0.0012219115247210349
C1orf210,0.0012219115247210349
MIR4743,0.001221769186574495
TMCC3,0.0012210184119677795
MIR5700,0.0012210184119677795
DOLPP1,0.0012209795163897388
CRAT,0.0012209795163897388
VSX1,0.0012209360426382431
ATP5A1,0.0012207922181419596
HAUS1,0.0012207922181419596
SPIN1,0.0012206395590394123
WIPI2,0.001220414036493994
ACTL7B,0.0012200718236637955
ACTL7A,0.0012200718236637955
ANKMY2,0.0012196709083419626
GPR152,0.0012194005709125029
PTPRCAP,0.0012194005709125029
CORO1B,0.0012194005709125029
PITPNM1,0.0012194005709125029
CABP4,0.0012194005709125029
TMEM134,0.0012194005709125029
AIP,0.0012194005709125029
CDK2AP2,0.0012194005709125029
PPP2R4,0.0012189030621592685
RPS6KB2,0.0012187268593133376
RNA5SP456,0.0012177474655744394
ODF2,0.0012175146878600739
CHMP1B,0.0012173179892392048
RNF216P1,0.001216826425303096
RBAK,0.001216826425303096
FAT3,0.0012163195289678706
NCBP1,0.0012161613188107151
TSTD2,0.0012161613188107151
MIR331,0.0012159551208285393
MIR3685,0.0012159551208285393
GRHPR,0.001215197807123674
PPME1,0.0012147923928331166
SNORA7|ENSG00000206913.1,0.0012147923928331166
P4HA3,0.0012147923928331166
MTNR1B,0.001214554679892896
COBL,0.0012143023552513355
MCAM,0.001214241537129431
C18orf25,0.0012133206601023568
COA4,0.0012123074442832314
RALYL,0.0012111303918132367
NDUFS5,0.0012108449864139427
MIR4699,0.0012099096606023817
GRASP,0.001208966197231259
NPAS2,0.0012076730092687377
U3|ENSG00000252792.1,0.0012068911553371575
RDH12,0.0012068911553371575
RN7SL213P,0.0012068911553371575
U6|ENSG00000272028.1,0.001206686462364424
ADA,0.0012065427946240344
MAST2,0.0012065162513264388
PKIG,0.0012051962353397652
RNA5SP343,0.0012043244775770895
SLC7A10,0.0012031467091353427
FKBP1C,0.0012031286834418094
RNA5SP486,0.0012030679869794558
PLEKHH1,0.001202446691020304
LMX1B,0.001202095997329111
TMEM189,0.0012015541918972761
SLC12A5,0.0012008535223772185
MMP9,0.0012008535223772185
ZNF335,0.0012008535223772185
SIGLEC15,0.0012004982803767027
PSTPIP2,0.0012004982803767027
ZFYVE26,0.0012003854253763704
NAPB,0.0012000473803166802
APIP,0.00119931991763538
AK8,0.0011987688770973546
SHROOM3,0.0011948831935400114
CCDC180,0.0011948568064258367
GHRHR,0.0011946163269152248
AQP1,0.0011946163269152248
GARS,0.0011946163269152248
FAM188B,0.0011946163269152248
INMT,0.0011946163269152248
CRHR2,0.0011946163269152248
LINC00393,0.0011941974090278985
GZF1,0.0011925625708303726
RNF165,0.001192446895543807
ZBTB7C,0.0011919650303548598
SNORA4|ENSG00000201133.1,0.001190641675634299
snoU13|ENSG00000238402.1,0.001190017459624619
CEBPA,0.0011897608391224371
MFRP,0.0011897313963450146
C1QTNF5,0.0011897313963450146
RNF26,0.0011897313963450146
ACA64|ENSG00000252119.1,0.0011897313963450146
COA5,0.0011896848240465902
LRRIQ1,0.0011892327844097268
ANP32B,0.0011884940493712914
IKBKAP,0.0011878026472602846
HIGD1C,0.0011877133689351881
CLLU1,0.0011873647871116228
CLLU1OS,0.0011873647871116228
ZNF107,0.0011871596993714318
DCAF10,0.0011864658696811431
ANKRD27,0.0011862763941898457
MACC1,0.001185748638990013
CD3G,0.0011851546429536793
NCOA5,0.0011851383526816353
ZSWIM3,0.0011849802929821507
ACOT8,0.0011849802929821507
KIF5A,0.0011844360654756558
EXOSC3,0.001184174563611369
COG5,0.0011835004657789472
CST13P,0.0011829840635664583
CST8,0.0011829840635664583
CSTL1,0.0011829840635664583
CST9L,0.0011829840635664583
CST11,0.0011829840635664583
RDH11,0.0011819860585113285
VTI1B,0.0011819860585113285
ARG2,0.0011819860585113285
RN7SL369P,0.0011819860585113285
PIGH,0.0011819860585113285
ADCYAP1R1,0.0011818387410874132
ZBTB5,0.0011813367501160303
PRPS1L1,0.0011811841065206027
PAFAH1B2,0.0011806557722526896
NEUROD6,0.0011803938813330396
B4GALT5,0.0011803219513382202
RN7SL197P,0.0011803219513382202
MIR4490,0.0011801446893754009
ISPD,0.0011799984413791576
LGSN,0.001179529031927434
RNA5SP479,0.0011794369425609712
MIR617,0.0011791019656128502
HDAC9,0.00117879607672868
IGJ,0.0011779752486437611
ENAM,0.0011779752486437611
AMBN,0.0011779752486437611
LINC00161,0.0011779235391893611
C11orf95,0.0011779132766215029
C9orf156,0.0011778375877875404
HEMGN,0.0011778375877875404
PRKRIR,0.0011776488050566191
NPFFR2,0.0011774836121157316
CLDN4,0.001177266955539383
WBSCR27,0.001177266955539383
SNORA11|ENSG00000221060.1,0.0011766339219044118
SLC10A1,0.0011766339219044118
snoU13|ENSG00000239089.1,0.0011763163807954474
NANS,0.0011762731822196019
KRT19P2,0.0011761967779056381
MIR492,0.0011761967779056381
EDDM3A,0.0011760160963068575
AES,0.0011760123174139835
ST8SIA5,0.0011756476153944526
FAM155A,0.001174952052167242
C7orf71,0.0011745826294890626
SLC16A7,0.0011743834849111802
MMD2,0.001174237110762277
HOXA11,0.00117406120040189
MIR196B,0.00117406120040189
HOXA10,0.00117406120040189
HOXA13,0.00117406120040189
HOTTIP,0.00117406120040189
HOXA7,0.00117406120040189
HOXA9,0.00117406120040189
EVX1,0.00117406120040189
C19orf24,0.0011737246645189096
EFNA2,0.0011737246645189096
MUM1,0.0011737246645189096
RNASE6,0.0011736111346338175
EDDM3B,0.0011736111346338175
RN7SL243P,0.0011728417250793798
NSUN4,0.0011721936191889902
TMTC3,0.0011712977053531764
CEP290,0.0011712977053531764
SNX10,0.001170702736922599
CHKA,0.0011705661929351545
UTP3,0.0011704311708860765
PLA2G16,0.001170024788279283
snoU13|ENSG00000238341.1,0.001169623115398101
MKI67IP,0.001169623115398101
TSN,0.001169623115398101
ANGPTL2,0.0011694060933753
PTPRQ,0.0011692384689656434
RNA5SP364,0.0011687530872205268
MPPE1,0.00116862474982455
HRASLS2,0.001168524287111893
KRT18,0.001168227255055717
ZPBP,0.0011669595540789149
AGR2,0.0011666861494272081
CBX3,0.0011658199642097134
HNRNPA2B1,0.0011658199642097134
SCAND1,0.001165776677599417
SMCR2,0.0011653621083212312
TNC,0.001165283750227119
MIR1252,0.0011652422800935243
HAUS4,0.0011646956590656906
MIR4707,0.0011646956590656906
C14orf119,0.001163945562826928
AMTN,0.0011633363471971055
MUC7,0.0011630820524412293
ZMYND8,0.0011629992896329184
ALX1,0.001162131707344971
MGAT4A,0.00116162028908716
UNC50,0.00116162028908716
CDKN3,0.0011613681953379022
RN7SL365P,0.0011613639232808553
TAX1BP1,0.0011613639232808553
PREX1,0.001161067889981543
HOXA5,0.0011602324197602315
HOXA6,0.0011602324197602315
ELAVL4,0.0011586630116872491
SUN3,0.0011577837475547207
HUS1,0.0011577837475547207
C7orf57,0.0011577837475547207
PKD1L1,0.0011577837475547207
MMP14,0.0011576928738026772
MRPL52,0.0011576928738026772
LINC00525,0.0011568764746590207
C7orf69,0.0011568764746590207
SNX13,0.0011568445721029143
GAL,0.0011565884476534291
RSBN1L,0.0011560766565306576
UPP1,0.0011553480059068079
GRIK3,0.0011542975721103967
RNA5SP280,0.0011539675233346123
GNL2,0.001153766341564641
CDCA8,0.001153766341564641
RSPO1,0.001153766341564641
C1orf109,0.001153766341564641
AFF3,0.0011530666689073097
FRG1B,0.0011525320498136417
SLC8A3,0.0011523067779620887
C7orf65,0.0011522665475133071
RTN3,0.0011521149557363552
U6|ENSG00000271923.1,0.0011520787746170675
CDK20,0.0011520787746170675
C19orf45,0.0011519152413206797
PAWR,0.0011514568566888636
CCDC129,0.001151446983875278
USP2,0.0011513947873573519
PLGRKT,0.0011488479734049362
KCNG1,0.0011481337393054502
TSPAN13,0.0011479687830511125
RASA3,0.0011477027227278745
snoU13|ENSG00000238318.1,0.0011475559448462923
RUFY3,0.0011475559448462923
MPL,0.001147397050824035
TIE1,0.001147397050824035
LRMP,0.0011468174610526588
EPHA10,0.0011466915680984997
PCSK5,0.0011451494032919153
TMPRSS12,0.0011448315560900221
RN7SL519P,0.0011448315560900221
METTL7A,0.0011448315560900221
ITGB8,0.0011446901127773507
SNORD56|ENSG00000200753.1,0.0011446901127773507
SPATA25,0.0011438914970607634
ZSWIM1,0.0011438914970607634
CTSA,0.0011438914970607634
NEURL2,0.0011438914970607634
FAM155B,0.0011438640015787552
CYYR1,0.001143610791458892
GC,0.0011434222423146452
snoU13|ENSG00000238871.1,0.0011429950888842784
MANEAL,0.0011429950888842784
YRDC,0.0011429950888842784
C1orf122,0.0011429950888842784
MTF1,0.0011429950888842784
SETBP1,0.0011429445140177792
AGMO,0.0011426102465355611
RNA5SP43,0.0011420488344746507
MOCS3,0.0011416036756124114
DPM1,0.0011416036756124114
TSPAN19,0.0011414369633980996
TIMM8B,0.0011411048344508628
C11orf57,0.0011411048344508628
PIH1D2,0.0011411048344508628
RNF126,0.0011410060627584308
POLRMT,0.0011410060627584308
FGF22,0.0011410060627584308
SNORA63|ENSG00000252448.1,0.0011409421041709907
HIBADH,0.0011403243536174943
NT5C3A,0.0011400243217132493
AAR2,0.0011389438993333826
ATXN7L1,0.0011386473267747796
RNA5SP347,0.001138274064535634
RN7SL313P,0.0011379298840933358
FAHD2B,0.0011379298840933358
COX5B,0.0011379298840933358
ANKRD36,0.0011379298840933358
ANKRD36B,0.0011379298840933358
RAI1,0.0011377464204191743
CCDC153,0.0011376920151917077
PDZD3,0.0011376920151917077
RHBDL2,0.0011369476468020632
HGF,0.0011367738178234357
ATL3,0.00113620722674228
ASTN2,0.0011359839331722401
CST5,0.0011359371530091052
RN7SL224P,0.001135869152108886
ZFP36L1,0.001135869152108886
CNGA3,0.001135760503994143
MIR4319,0.0011352505566602008
CNBD2,0.001135018917036451
GARNL3,0.0011349165957550752
GGCT,0.0011349122090649254
POLD3,0.0011342400337997474
SLC14A2,0.0011339905382943374
TNNC2,0.0011335671720093096
CPT1A,0.0011325686392700566
ACTR1B,0.001132153614457832
MAP1LC3A,0.001132136979905137
GUCA2A,0.0011316896749437666
GUCA2B,0.0011316896749437666
SP8,0.0011316650224402183
RN7SKP266,0.0011316366632154358
GUCY2EP,0.0011315771620468
LRRC32,0.0011315771620468
SNORD41|ENSG00000212302.1,0.0011314706415162699
OXA1L,0.0011314706415162699
CNIH,0.001130991907034657
SULF2,0.0011308525909246153
MYCBP,0.001130606402014712
GJA9,0.001130606402014712
TSGA10IP,0.001130189712371567
SART1,0.001130189712371567
RRAGC,0.0011298747431904032
RN7SL222P,0.0011295377102016194
KIAA0087,0.0011293527348854994
ANG,0.0011293462907700262
RNASE4,0.0011293462907700262
ZAP70,0.001128849892905733
snoU13|ENSG00000238453.1,0.0011286099526974227
TGIF2,0.0011284667815144949
C20orf24,0.0011284667815144949
ADPRHL1,0.001128295577772661
DCUN1D2,0.001128295577772661
NAMPT,0.0011278374781947475
snoU13|ENSG00000238763.1,0.0011274170238213897
ZFHX2,0.0011269493400987828
WIF1,0.0011249996523229012
RIMS4,0.0011246508788296356
BIN2,0.001124521199002399
CELA1,0.001124521199002399
CLASP1,0.0011244678034504228
DCK,0.0011242766726943937
CCDC59,0.0011237772761474802
DLAT,0.0011227736081550355
FIGNL1,0.0011226993865030683
REV1,0.0011224608913780615
IFT46,0.0011223903572066683
OR13C3,0.0011222973391145433
OR13C4,0.0011222973391145433
OR13F1,0.0011222973391145433
FSCB,0.0011221115709007636
TLE2,0.0011220274014346245
TLE6,0.0011220274014346245
GNA11,0.0011211479135332155
CLDN3,0.0011201420206270968
HOXA2,0.0011201344835098373
HOXA1,0.0011201344835098373
HOTAIRM1,0.0011201344835098373
MYH7,0.0011196998731478238
MIR208B,0.0011196998731478238
PHKA1,0.0011191803725709689
U3|ENSG00000202482.1,0.0011191803725709689
FAM226A,0.0011191803725709689
DDC,0.001118561333052287
SLC2A1,0.0011185051235684165
FOLH1B,0.0011180476699318947
PCID2,0.0011177414470908858
CUL4A,0.0011177414470908858
PROZ,0.001117580987036381
F10,0.001117580987036381
NPY,0.0011173047774383107
NOD1,0.0011172974840594277
ZNRF2,0.0011172974840594277
MIR550A1,0.0011172974840594277
NTMT1,0.0011162325791597293
C9orf50,0.0011162325791597293
COX16,0.0011159182468958046
SYNJ2BP,0.0011159182468958046
GRSF1,0.0011145258815551532
ZNF273,0.0011142958404708877
KBTBD2,0.001114093313091279
PTPN12,0.0011140796266176371
FANCM,0.001114072084341533
PNPLA6,0.0011138662756307776
MCOLN1,0.0011138662756307776
ZNF358,0.0011138662756307776
ADAM20P1,0.001113816739623248
ADAM21,0.001113816739623248
ADAM20,0.001113816739623248
TMEM106B,0.0011130862718009764
DLGAP4,0.0011128275035577869
MIR3616,0.0011127172824607786
TTC36,0.0011125450688803675
TMEM25,0.0011125450688803675
SNORA3|ENSG00000221148.1,0.0011124283030063287
CBL,0.0011124076288385883
CIRBP,0.0011123208442200847
ATP5D,0.0011123208442200847
C19orf26,0.0011123208442200847
MIDN,0.0011123208442200847
ZNF334,0.0011120590452759823
C14orf28,0.0011119189517943137
WNT11,0.0011117087217802667
ANKS6,0.0011115816476723142
C12orf63,0.0011115470174017745
MIS18BP1,0.0011112552140901248
CHORDC1,0.001110542571207761
EXD2,0.0011104067845900505
RN7SL636P,0.0011098722820906987
C7orf41,0.0011097056883500335
FKBP14,0.0011097056883500335
PLEKHA8,0.0011097056883500335
SCRN1,0.0011097056883500335
DIXDC1,0.0011080830226119804
CRYAB,0.0011080830226119804
FDXACB1,0.0011080830226119804
HSPB2,0.0011080830226119804
C11orf1,0.0011080830226119804
RNA5SP351,0.0011080830226119804
C11orf52,0.0011080830226119804
ZFHX3,0.0011080718384005696
CCT6P3,0.0011075827753590202
snoU13|ENSG00000238475.1,0.0011072764644854797
RN7SL371P,0.0011066349317272147
HOXA3,0.0011062569298351146
HOXA4,0.0011062569298351146
FKBP9,0.001105966111051797
ZBTB44,0.0011059181088297755
RP9P,0.0011057812243665027
KCTD1,0.0011055992208637785
C9orf72,0.0011054647743255323
CCDC30,0.0011047442626325006
PPP2R1B,0.0011038182720158748
ZNF680,0.0011026556913379909
RN7SL292P,0.001102544403643263
MIRLET7I,0.0011019917725691118
C12orf61,0.0011019917725691118
GMFB,0.0011019264024348095
SLC6A15,0.0011017920572909197
CCL25,0.0011008784671785287
FOXJ3,0.0011007865449359753
THY1,0.0011007756199691242
ADAM21P1,0.0011003492079106087
DSN1,0.0011000224702269507
ADCYAP1,0.0011000091545369057
snoU13|ENSG00000238691.1,0.001099835373867333
SOGA1,0.0010989139390307863
PPIH,0.0010980020288448823
FSTL3,0.001097607873975802
MYL9,0.0010965261029136399
UPF3A,0.0010965108630940782
MIR4502,0.0010965108630940782
CHAMP1,0.0010965108630940782
CDC16,0.0010965108630940782
MIR548AR,0.0010965108630940782
MATN4,0.0010958748802485183
RBPJL,0.0010958748802485183
CST1,0.00109554047301799
TRIM64B,0.0010954040337813138
TRIM77,0.0010954040337813138
TRIM49C,0.0010954040337813138
TRIM49,0.0010954040337813138
TRIM49D1,0.0010954040337813138
ZNF138,0.0010953032866916617
PTPRT,0.0010952538421922847
YBX1,0.0010951668838216312
TMCO3,0.0010951217555365206
PLEKHD1,0.0010948050570032885
SLC39A9,0.0010948050570032885
ERH,0.0010948050570032885
GALNT16,0.0010948050570032885
NAP1L2,0.0010945061568931368
SLA2,0.0010940184255860998
MIR148A,0.001093819437697637
FBN3,0.0010937677249775188
MFSD9,0.001093599572116241
TMEM182,0.001093599572116241
ZNF691,0.0010935503315250162
ERMAP,0.0010935503315250162
CCDC23,0.0010935503315250162
PRSS57,0.001093381700109081
SNORD112|ENSG00000251824.1,0.0010928502952841208
C1orf50,0.0010926976286037744
DLG3,0.0010926200143300687
ALG9,0.001092592296244139
PTGES,0.0010924836428335865
PRRX2,0.0010924836428335865
ARFGEF2,0.0010914975622141774
ADAMTS3,0.0010913624547920422
MOB1B,0.0010910657775768532
HINFP,0.001090522984676882
ALDH3B1,0.0010902875809368244
NAP1L6,0.0010901432302878955
PABPC1L2A,0.0010901432302878955
LINC00035,0.0010891130714396648
ABHD11,0.0010891130714396648
RN7SL265P,0.0010891130714396648
MIR4284,0.0010891130714396648
STX1A,0.0010891130714396648
RN7SL581P,0.0010890705664051731
RNA5SP507,0.0010890705664051731
AWAT1,0.0010890705664051731
P2RY4,0.0010890705664051731
RAB41,0.001089070566405173
PDZD11,0.001089070566405173
ARR3,0.001089070566405173
KIF4A,0.001088732523745659
GDPD2,0.001088732523745659
RNY4P23,0.001088732523745659
ZNF561,0.0010885878780709007
NEDD1,0.0010879479568278248
SBNO2,0.0010879403860066064
IGKC,0.0010873353833162505
IGKJ2,0.0010873353833162505
IGKJ3,0.0010873353833162505
IGKJ4,0.0010873353833162505
IGKJ5,0.0010873353833162505
IGKJ1,0.0010873353833162505
RNA5SP100,0.0010873353833162505
SLC9B1P2,0.0010873353833162505
MAN1A2,0.0010868558842176612
C11orf30,0.0010867508324855597
FKBP3,0.0010864812925765132
SNORD127,0.0010864812925765132
PRPF39,0.0010864812925765132
TECTA,0.0010862082224648946
SOX1,0.0010861282282880731
PJA1,0.0010861148489070436
DYNLRB1,0.0010857320191097694
SLPI,0.0010847160260080404
LINC00269,0.0010840468223442137
RNU6ATAC42P,0.0010831949578476298
STK4,0.0010830380880577323
CLDN19,0.001082923888913393
LEPRE1,0.0010820476631529438
STK31,0.001081768539232171
FAM221A,0.001081768539232171
SYS1,0.0010816350825080658
TP53TG5,0.0010816350825080658
MIR3659,0.0010814747181296257
IFLTD1,0.0010812022864366802
MDGA2,0.0010811679209885086
DAZAP2,0.0010807585525387034
SMAGP,0.0010807585525387034
C7orf31,0.0010802742877200455
NPVF,0.0010802742877200455
U3|ENSG00000202233.1,0.0010802742877200455
JAZF1,0.0010799645286341984
RNASE9,0.0010795877512806652
RN7SL31P,0.0010789192150015847
NCAPH,0.0010786691360905347
CYCS,0.0010777044073448428
FSD1L,0.0010764699992848454
RBM23,0.0010764588664205971
KCNK15,0.001076391563463739
LEMD3,0.001076344328273937
RN7SL176P,0.001076052934407365
DEPDC4,0.001076052934407365
GOLGA2B,0.001076052934407365
ACTR6,0.001076052934407365
SNORA53,0.0010758803222094355
SLC25A3,0.0010758803222094355
KMT2A,0.001075605766984154
DDX27,0.0010755014649537977
LINC00684,0.0010754721719911597
DMRTC1,0.0010754721719911597
PRMT5,0.001075298340164398
ANKS1B,0.001075122392272747
SDHD,0.0010749011826081392
DCAF5,0.001074889169763621
RN7SKP33,0.0010739751742396349
MIR1255B1,0.001073592072373396
SMCR8,0.0010735034931175214
OR1M1,0.0010733278569223328
OR7G3,0.0010733278569223328
OR7G1,0.0010733278569223328
OR7G2,0.0010733278569223328
PABPC1L2B,0.001072949855047505
PTPRF,0.0010723912566613753
KDM4A,0.0010723912566613753
LRP10,0.0010722158692058603
REM2,0.0010722158692058603
TSKU,0.0010718883941228468
MIR618,0.0010717983967434975
ZNFX1,0.001071738516445426
SNORD12C,0.0010716843117284745
SNORD12B,0.0010716843117284745
ZFAS1,0.0010716843117284745
SNORD12,0.0010716843117284745
CACNA2D1,0.00107125553371228
DNALI1,0.0010711655253510415
RN7SL108P,0.0010707232588950779
GDA,0.0010707010989808136
DFNA5,0.0010705714004754037
LINC00656,0.0010703533675239948
RNA5SP478,0.0010703533675239948
ZNF254,0.0010695588799386265
ZNF726,0.0010695588799386265
ZNF121,0.0010693977342504481
ZNF426,0.0010689706455948745
IFNK,0.001068587137194729
PEX11G,0.0010685228879040037
WFDC12,0.0010683306218007243
WFDC5,0.0010683306218007243
KCNS1,0.0010683306218007243
GRM5,0.0010679810894713795
TMEM196,0.0010669037996949551
PRR15,0.0010658950277978446
EQTN,0.001065761411584197
RPS28,0.0010655129003251022
NDUFA7,0.0010655129003251022
CD320,0.0010655129003251022
MPP6,0.0010651120522741063
YWHAB,0.0010637133654567618
SEMG2,0.0010635604029318587
FAM71C,0.0010634867663981587
ST3GAL3,0.0010634178451344929
RN7SL77P,0.0010634029215422366
MED6,0.0010634029215422366
TTC9,0.0010634029215422366
SNORD44,0.0010626725916110427
TAL2,0.0010625350659013905
FKTN,0.0010625350659013905
SNORA63|ENSG00000252102.1,0.0010619533907580692
INTS4L1,0.0010619533907580692
ZNF92,0.0010619533907580692
SNORA15|ENSG00000207062.1,0.0010619533907580692
INTS4L2,0.0010619533907580692
SNORA63|ENSG00000200130.1,0.0010619533907580692
SNORA22|ENSG00000207344.1,0.0010619533907580692
PABPC1L,0.0010619189040376813
TOMM34,0.0010619189040376813
KLHL28,0.001061635960697842
PHTF2,0.001059763807368646
RNA5SP163,0.0010586573236889666
LINC00354,0.0010584048717742984
VWDE,0.0010583425180633044
CERS4,0.001057121117797607
ACSS3,0.0010556668784516908
NDRG3,0.0010555913414725504
snoU13|ENSG00000239098.1,0.0010547530901340572
SEMG1,0.001054615179669743
NGDN,0.001054017435426844
IKBIP,0.0010531703107019559
LONRF2,0.0010516646763792685
ZNF317,0.0010513606492303625
BNIP3P1,0.0010510577404126997
LAMP1,0.0010509693598937863
GRTP1,0.0010509693598937863
C9orf57,0.0010509665953356787
OSBPL3,0.0010508295835636307
METTL15,0.0010507919451548443
NAV3,0.0010498472043081774
PROL1,0.0010496618073826496
SNORA40|ENSG00000212266.1,0.0010496190507422233
RNA5SP463,0.0010483741839280925
BCO2,0.0010482953001049616
TEX12,0.0010482953001049616
IL18,0.0010482953001049616
ALKBH5,0.0010472269488828966
RPL31,0.0010467391718773826
FAM46C,0.001046670383244792
EXO5,0.0010464340845940127
ZFP69B,0.0010464340845940127
ZFP69,0.0010464340845940127
TUSC1,0.0010452064953330785
MIR550A3,0.0010448314853786463
SNORD56|ENSG00000207299.1,0.0010448129723817938
ZNF560,0.001044532593834074
RNA5SP228,0.001043893690473276
EPB41L1,0.0010433645419818736
CSRP2,0.0010429936411097947
SLC25A51,0.0010427619112208671
FERD3L,0.00104240561994144
MIR3146,0.00104240561994144
TWIST1,0.00104240561994144
TWISTNB,0.00104240561994144
FAM183A,0.0010415913200723338
MYO15A,0.0010415511436447518
INPP4A,0.0010413199761114664
SLC7A7,0.0010405193496524077
LINC00349,0.0010404099117092053
LINC00387,0.0010404099117092053
LINC00388,0.0010404099117092053
DEC1,0.0010395678677505363
CST7,0.0010393339021416458
OR7D2,0.0010365605566091823
PARD6B,0.0010358706859488734
SNORD58,0.0010357676355248597
CCDC126,0.0010350456446525608
OR7E19P,0.0010347522383451668
OR7E24,0.0010347522383451668
ZNF699,0.0010347522383451668
ZNF177,0.0010347522383451668
ZNF559,0.0010347522383451668
NXPE1,0.0010347111440839219
NXPE4,0.0010347111440839219
snoU13|ENSG00000238724.1,0.0010347111440839219
DBNDD2,0.001034431740237067
MIR1208,0.0010344193317113864
SDC4,0.0010343722187895054
TOP3A,0.001034275437504324
OR7D4,0.0010342450271247734
snoU13|ENSG00000238972.1,0.0010340712455678338
DCAF4,0.0010340712455678338
APAF1,0.0010340299214997993
TBCEL,0.0010330580207227873
TP53INP2,0.001032980861761676
TP53RK,0.0010328965574298956
TMEM60,0.0010328548193197099
RIMS3,0.0010315500080859779
ZNF684,0.0010315500080859779
ARHGEF12,0.0010314943271247006
NFIL3,0.001031107334019172
CABS1,0.0010310922661728333
SMR3A,0.0010310612134283351
ATF1,0.0010305256498669188
RN7SL548P,0.0010298106984901628
RIMKLA,0.0010297328687572595
ZMYND12,0.0010297328687572595
PPCS,0.0010297328687572595
SMR3B,0.0010297005386239672
ANKRD26P1,0.0010294232222394309
FAM214B,0.0010287727803213955
RN7SL586P,0.0010285536711543545
ZFYVE1,0.0010285536711543545
C12orf55,0.0010281720509274091
MIR1343,0.0010277037170726084
PI3,0.0010267393017283917
RN7SKP193,0.0010254422274456301
APMAP,0.0010252733913446057
CLEC4M,0.001025134877118072
SCYL2,0.0010250517836593788
SLC17A8,0.0010250517836593788
TNS3,0.0010250158162491715
RN7SKP279,0.0010247535524398757
RN7SKP121,0.0010247535524398757
TEK,0.0010246566935174532
PALM,0.001024601100936051
NAALAD2,0.0010245045658342214
EVI5L,0.0010241031806514243
LUM,0.0010240042310513265
CNTN5,0.0010237795678302002
NPIPB1P,0.0010235002469264139
snoU13|ENSG00000238501.1,0.0010230430891190385
FANCG,0.001022603577520424
VCP,0.001022603577520424
AUH,0.0010225462569515874
WIPF3,0.0010223073782077454
snoU13|ENSG00000238906.1,0.0010223073782077454
ABCA13,0.0010217391304347826
C12orf77,0.0010211424554673453
BCAT1,0.0010211424554673453
LINC00484,0.0010210910825841264
LINC00314,0.0010201074031453762
DMRTC1B,0.001018940698642327
MISP,0.0010186854722102447
PTBP1,0.0010183455518632232
MIR4745,0.0010183455518632232
MIR3187,0.0010183455518632232
LPPR3,0.0010183455518632232
CLEC4G,0.0010181881209093216
GGT7,0.0010172164425995224
DPF3,0.001016941725650463
PDHX,0.0010164483129199225
RBM25,0.0010162620892559338
MIR30E,0.0010161307869859908
MIR30C1,0.0010161307869859908
RN7SL326P,0.0010161307869859908
ZDHHC17,0.0010158398466063286
SMCR7,0.0010153586497890302
FLII,0.0010153586497890302
LLGL1,0.0010153586497890302
LSM5,0.0010147961428991787
RNASE12,0.0010144545848968995
MIR645,0.0010136132068651951
NXT1,0.0010131832529788776
RN7SL672P,0.001012136984320843
CPVL,0.0010118855419794584
LYRM5,0.0010118653857680785
SIK3,0.0010108623446354872
PSEN1,0.0010108384119759102
NFYC,0.0010107587585821633
GALNT6,0.0010104512728812743
RN7SL115P,0.0010099317979855769
TGFBR3L,0.0010099317979855769
TIMM44,0.0010099317979855769
CTXN1,0.0010099317979855769
MAP2K7,0.0010099317979855769
LRRC8E,0.0010099317979855769
SNAPC2,0.0010099317979855769
CHN2,0.0010092219744322645
CD209,0.001009177971767281
PHF2P2,0.0010088786655831172
SLC4A8,0.0010085690085172437
EFS,0.0010083506518042706
SPATA31C1,0.0010079883899056675
SPATA31E1,0.0010079883899056675
RN7SKP158,0.0010078012507790512
STOML2,0.001007723426698986
PIGO,0.001007723426698986
ELAVL1,0.0010075162526583365
USP12,0.0010074247853772962
SMCR5,0.0010072878190495963
C14orf182,0.0010070488078235626
PIGT,0.0010069696780740005
EYA2,0.0010069439095294736
MYH6,0.0010068770073682228
ACTN1,0.0010068208816053335
RN7SL706P,0.0010066032941824956
snoU83B,0.0010059615809229396
NIN,0.0010059615809229396
DPY19L3,0.0010054779098822041
TMEM136,0.001004947424007054
IL25,0.0010044749129578155
U3|ENSG00000212434.1,0.0010044342058099771
MIR208A,0.001004307576043832
CMTM5,0.001004307576043832
SP7,0.0010037805324431984
C12orf10,0.0010037805324431984
AAAS,0.0010037805324431984
ESPL1,0.0010037805324431984
PFDN5,0.0010037805324431984
C11orf34,0.001003274328511747
MIR550A2,0.0010032093082726
NLRX1,0.0010028552393642328
ABCG4,0.0010028552393642328
NUCB2,0.0010026208186523977
PAPLN,0.0010021998756980827
FAM179B,0.0010017683299375292
OCSTAMP,0.0010013321466835223
SLC13A3,0.0010013321466835223
PIGU,0.0010002078386488799
CHP2,0.0010001489610830519
FOXA2,0.001000102443927957
ATG13,0.0009998866344819205
PCLO,0.0009995191287744877
SNORA31|ENSG00000251999.1,0.0009991228743127484
TMEM131,0.0009990882617631905
CASC1,0.000998803925521889
CNOT11,0.0009971575835670441
RNF149,0.0009971575835670441
SNORD89,0.0009971575835670441
CREG2,0.0009971575835670441
MIR5696,0.0009971575835670441
ATL1,0.0009967019852371896
SEMA3E,0.000996589971326666
RN7SKP262,0.000995076750382801
ACSS1,0.0009942589836274738
PIK3C2A,0.0009935186393492522
ZBTB43,0.0009930216078359437
RN7SL188P,0.0009924039758145182
ADNP,0.0009919149385347057
C11orf24,0.000991834414842571
TRIL,0.000989163551842196
FCER2,0.000989044759119508
RETN,0.000989044759119508
STXBP2,0.000989044759119508
PET100,0.000989044759119508
TRAPPC5,0.000989044759119508
C19orf59,0.000989044759119508
PCP2,0.000989044759119508
XAB2,0.000989044759119508
CAMSAP3,0.000989044759119508
ELOVL1,0.0009882532821711588
CDC20,0.0009882532821711588
OR6S1,0.0009881181637577353
ZNF266,0.0009880474573280983
MAP3K9,0.0009873666899232537
NFE2L3,0.0009872602881400019
MIR3167,0.000986665307559724
PLEKHA7,0.000986651224498672
SNORA27|ENSG00000207051.1,0.0009865103508726696
SNORD102,0.0009865103508726696
RPL21,0.0009865103508726696
RASL11A,0.0009865103508726696
DCUN1D4,0.0009863330696202519
HARBI1,0.000986260652211182
RN7SKP90,0.0009857268693723067
NELL1,0.0009816092550321643
MEAF6,0.0009807677941481635
MIR5581,0.0009807677941481635
LINC00113,0.000980145761411583
CENPC,0.0009792015144665476
HYI,0.000977903232920214
SZT2,0.000977903232920214
MED8,0.000977903232920214
ZNF117,0.0009778003245343064
SNIP1,0.0009775527426160338
ZC3H12A,0.000976609255032164
LINC00900,0.0009762418084402433
LIN7A,0.0009759546819498484
UBA6,0.0009752345162748633
STAP1,0.0009752345162748633
ENOSF1,0.0009752272683139269
C18orf56,0.0009752272683139269
YES1,0.0009752272683139269
CLUL1,0.0009752272683139269
CETN1,0.0009752272683139269
RN7SKP146,0.0009752272683139269
TYMS,0.0009752272683139269
LINC00403,0.0009750277570013651
LINC00404,0.0009750277570013651
RGS6,0.0009750099486248539
NPFF,0.0009747654922613834
TARBP2,0.0009747654922613834
MAP3K12,0.0009747654922613834
SLC44A1,0.0009746778230708703
snoU13|ENSG00000239153.1,0.0009742230787762007
RNA5SP336,0.0009741331865712709
C11orf58,0.0009724270303188462
KCNB1,0.000972187274444188
snoU13|ENSG00000238520.1,0.0009696981592424378
SLC35C2,0.0009696468960982283
SSPN,0.0009692823138038494
TRAPPC8,0.0009679837388142778
RN7SL167P,0.0009676431259799129
SLC2A10,0.00096666409907481
RPL10L,0.000966580329812197
NUMB,0.0009660450080259716
OR7E14P,0.000966016355648351
RASSF8,0.0009658238392231097
SLC6A5,0.0009654503853900973
CCDC90B,0.0009650962060332295
CST4,0.000964679796802135
SUV420H1,0.0009645815244710497
LINC00032,0.0009641733793632525
LINC00261,0.0009636778586984243
C9orf85,0.0009633194948341923
PRR13,0.00096317258786187
AMHR2,0.00096317258786187
SP1,0.00096317258786187
U3|ENSG00000265369.2,0.000963157909135427
ATP4B,0.0009627662478454499
PVRL1,0.0009627125166646065
STK11,0.0009626746455437969
C12orf79,0.0009616810445906898
SNORA25|ENSG00000251735.1,0.0009613961305064111
GPX4,0.000960949535765024
SEMA3A,0.0009587945779780333
RN7SKP172,0.0009586747046684329
BBS10,0.0009586747046684329
THBD,0.0009586510695786354
SSTR4,0.0009586510695786354
CRYGEP,0.0009576006958649236
CRYGC,0.0009576006958649236
CRYGD,0.0009576006958649236
FAM65C,0.0009575091407852122
snosnR66,0.0009573668209741027
RNA5SP337,0.0009565971688704255
POU6F1,0.0009565667498000084
TFCP2,0.0009565667498000084
DCTN2,0.0009552144118263154
CREB3L1,0.0009551100198527905
NCOA6,0.0009547936703166555
CD93,0.0009547069783523172
SNX19,0.0009544765184106075
DRG2,0.000954458503246141
ZNF519,0.0009540804012014618
MIR610,0.0009535922288366891
KIF18A,0.0009535922288366891
CHRM4,0.0009525938583539323
DGKZ,0.0009525938583539323
MDK,0.0009525938583539323
MIR4688,0.0009525938583539323
EDA,0.0009525307269754366
TMEM38B,0.0009521723607189888
MIR139,0.0009502476609796356
MIR1251,0.0009495166858457995
RMST,0.0009494879171461443
RNASE11,0.0009494159475630687
BHLHE41,0.0009492089266603056
CDH22,0.0009482871994875493
GRB10,0.0009470900498119582
ZNF727,0.0009468444771835688
PCBP2,0.0009468376283168457
FAM186B,0.0009467339948363986
UNC80,0.0009465901566982994
TRIM29,0.0009458257168643544
OAF,0.0009458257168643544
ACSS2,0.0009448088738561777
CRYGA,0.0009442076791395405
C2orf80,0.0009442076791395405
CRYGB,0.0009442076791395405
EFNB1,0.0009432344570537188
PRKD1,0.0009428353782071015
RNA5SP118,0.000942572824620266
TBC1D8,0.0009412330402486183
GNRHR,0.0009410431735985533
C14orf169,0.00094096553080944
KRAS,0.0009399701390061992
ABCB5,0.0009391473104244379
ZNF679,0.0009385330632355425
ABCA7,0.0009384218634620669
CNN2,0.0009384218634620669
RNA5SP285,0.0009378840085597194
ADAMTS1,0.0009377419767293166
OSBPL8,0.0009375440763068516
TUBB6,0.0009368388220310328
PACS1,0.000935741072705077
RNU6ATAC5P,0.0009356040913200707
RNU4ATAC,0.000935059498679796
UNC13B,0.0009338192387108382
UHRF1BP1L,0.0009337859608745686
AWAT2,0.0009325016993992388
DGAT2L6,0.0009325016993992388
IGBP1,0.0009325016993992388
MIR676,0.0009325016993992388
OTUD6A,0.0009325016993992388
LINC00454,0.0009319175044390893
TMEM255B,0.0009319175044390893
GRK1,0.0009319175044390893
GAS6,0.0009319175044390893
VWA3B,0.000931223272021716
PLK1,0.0009301684299501854
MIR4759,0.0009289502621148176
ADAMTS5,0.0009289502621148176
POU2F3,0.0009286365489721806
AVL9,0.0009272624984017389
PTPN1,0.0009270221014864953
SLC22A17,0.0009269666241043271
LINC00453,0.0009268323753220457
IMPA2,0.000925948067475889
SMOC1,0.0009243477952329846
LRP1B,0.0009237744533947048
SNORD14A,0.0009230827787202557
RPS13,0.0009230827787202557
SNORD14B,0.0009230827787202557
ANKRD62,0.0009229199698489828
MC2R,0.0009217476131731422
ABHD17B,0.0009194560335185611
RN7SL179P,0.000919125431530495
SLC9A7P1,0.000919125431530495
NUPR1,0.0009175602585874739
C14orf164,0.0009165795294849092
TSIX,0.00091628636917422
ELMO2,0.000915998231362702
ODAM,0.0009156984629294751
RN7SL855P,0.0009149327009785902
ZNF733P,0.0009149327009785902
RNA5SP235,0.0009142040874054195
FOXO6,0.0009140475455387474
ZCCHC7,0.0009133238162348073
TFDP1,0.000913174785833014
PCF11,0.0009126739849782022
CCDC101,0.0009098368843919917
DCN,0.0009098107275235927
snoU13|ENSG00000238309.1,0.0009094722272762684
F7,0.0009092210181966885
FDCSP,0.0009080102848101263
GRIK4,0.000907993294061555
IL36G,0.0009069506875992051
SCMH1,0.000906899542774815
SHMT1,0.0009066749671439446
C4orf40,0.0009066596971066905
CSN1S2AP,0.0009066596971066905
HTN1,0.0009066596971066905
BCL2L2,0.0009063208926272945
PPP1R3E,0.0009063208926272945
GID4,0.0009063180466210134
BMP4,0.0009061295560816225
MIR5580,0.0009061295560816225
BSG,0.0009054361888333638
CDC34,0.0009054361888333638
RNA5SP462,0.0009054361888333638
ODF3L2,0.0009054361888333638
MADCAM1,0.0009054361888333638
TPGS1,0.0009054361888333638
HCN2,0.0009054361888333638
GZMM,0.0009054361888333638
RNU4ATAC9P,0.0009053769213381546
CIDEA,0.0009049593221220056
MIR1261,0.0009048721761717301
HTN3,0.0009044275542495477
STATH,0.0009044275542495477
LRRC48,0.0009041211869682503
ATPAF2,0.0009041211869682503
AGPAT6,0.0009040439549700431
PABPN1,0.0009028217031957712
CD274,0.0009004264536654704
PDCD1LG2,0.0009004264536654704
CXorf49,0.0009003241993103023
CXorf49B,0.0009003241993103023
CSN1S1,0.0008997089737793844
CSN2,0.0008997089737793844
MCF2L,0.0008975695477873346
HOMEZ,0.0008960262875963742
RNA5SP231,0.0008939157615659394
HMHA1,0.0008936663880382211
POLR2E,0.0008936663880382211
RPSAP52,0.0008935440534699557
TMEM127,0.0008934015363803292
CIAO1,0.0008934015363803292
SNRNP200,0.0008934015363803292
ITPRIPL1,0.0008934015363803292
snoU13|ENSG00000238800.1,0.0008919620253164543
ARL1,0.0008919620253164543
RNA5SP367,0.0008919620253164543
SPIC,0.0008919620253164543
OGT,0.0008907272802362317
TAF1,0.0008907272802362317
MIR135A2,0.0008898273878020711
UTP20,0.0008891484464902172
LARP4,0.0008888287292187903
HEATR4,0.000888181927931717
ACADL,0.0008875007333446938
KCNQ4,0.0008866875431864646
CITED4,0.0008866875431864646
snoU13|ENSG00000252525.1,0.0008863547194746727
INGX,0.0008863547194746727
MIR4303,0.000886035673187572
MIR4495,0.000886035673187572
DNM1,0.0008849792492799304
GOLGA2,0.0008849792492799304
MIR3154,0.0008849792492799304
MIR199B,0.0008849792492799304
KANSL1L,0.0008841427130680626
MIR33B,0.0008838431209794562
SREBF1,0.0008838431209794562
ACRC,0.0008836465925073525
CXCR3,0.0008836465925073525
ARF6,0.0008833005860963538
TMPRSS11F,0.0008831854656419514
ZNF736,0.0008827885887020592
SLC22A8,0.0008820617760151653
SLC22A6,0.0008820617760151653
RN7SL259P,0.0008820617760151653
ERN2,0.0008819743232663358
ANKRD42,0.0008812927849852054
RPE,0.0008803125584929695
CSN3,0.0008776361889692579
NAP1L1,0.000876885328480199
PHLDA1,0.000876885328480199
GNPTAB,0.0008762140391254306
SYCP3,0.0008762140391254306
CHPT1,0.0008762140391254306
IL1RAPL2,0.0008737680603503378
ASL,0.0008705785577186708
POU3F3,0.0008699352231532654
SLMO1,0.0008695416265952725
AFG3L2,0.0008695416265952725
RN7SL609P,0.0008694796061884671
DRAP1,0.0008678004316036983
C11orf68,0.0008678004316036983
SNORA15|ENSG00000206785.1,0.0008656170842642534
SNORA22|ENSG00000206634.1,0.0008656170842642534
CCT6P1,0.0008656170842642534
SNORA62|ENSG00000202374.1,0.0008650203435804694
TEKT4,0.0008647544448739027
KIRREL3,0.0008646677326853826
ZNF2,0.000864657817180406
SNORA7|ENSG00000222604.1,0.0008645153790090734
FCF1,0.0008645153790090734
CREB5,0.0008638470961459943
MIR4505,0.0008637820871097127
MRPS5,0.0008617378490675448
ZNF514,0.0008617378490675448
ANKRD20A8P,0.0008612698086771689
MYBPC1,0.0008604545454545446
KCNIP3,0.0008590141559570995
YLPM1,0.0008588770797097248
RGAG4,0.000858519007991409
AMBRA1,0.0008584810660797437
ELMSAN1,0.0008582063858993335
SLC7A8,0.0008577458745789789
TMPRSS11D,0.000857270004520794
TMPRSS11A,0.000857270004520794
ANP32D,0.0008572674129690375
EPYC,0.0008571920388378576
SYNDIG1L,0.0008571243332185715
C12orf54,0.0008571138156289821
KERA,0.000856752401640864
NDUFAB1,0.0008566855812600028
PALB2,0.0008566855812600028
DCTN5,0.000856533155965718
BCAS4,0.0008559381267420398
HDAC8,0.0008555119045160744
FAHD2A,0.0008550765774470984
FLJ14082,0.0008550765774470984
LINC00342,0.0008550765774470984
TRIM43,0.0008550765774470984
RECK,0.0008546152870818453
DDX18,0.0008541514105380612
CEBPE,0.0008538587427068096
RN7SL2,0.000853629632942138
SKAP2,0.0008524265726435408
GYLTL1B,0.000852176894448409
RPS4X,0.0008521047143122625
RN7SL388P,0.0008521047143122625
RN7SL264P,0.0008521047143122625
ERCC6L,0.0008521047143122625
PIN4,0.0008520737398558641
ARHGAP42,0.0008519806592559279
RAB30,0.0008517184025771667
TGFB3,0.0008512401128554124
PRCP,0.0008504123115709849
snoU13|ENSG00000238995.1,0.0008504123115709849
C11orf82,0.0008504123115709849
VRTN,0.0008502385434318972
ABCD4,0.0008502385434318972
LRRC66,0.0008501101943942115
STARD7,0.000849091699681131
DLG2,0.0008489917284167891
SPIRE1,0.0008489588451265349
RN7SL869P,0.0008488904603634841
SYT1,0.0008482580451660821
E2F7,0.0008481270923524425
TFCP2L1,0.0008479653097294481
DDX10,0.0008469821585384127
TMPRSS11B,0.0008469145569620243
TMPRSS11BNL,0.0008469145569620243
FTLP10,0.0008469145569620243
ACYP1,0.0008467777633702827
MAL,0.0008466941250362378
CITED1,0.0008465654490263682
RN7SL789P,0.0008460062055520465
GNAI1,0.0008459656318506491
ACOT6,0.0008459416317533298
FAHD2CP,0.0008449789834766667
RN7SL210P,0.0008449789834766667
GPAT2,0.0008449789834766667
ADRA2B,0.0008449789834766667
ASTL,0.0008449789834766667
DUSP2,0.0008449789834766667
SLC7A3,0.0008448902471761607
CRNDE,0.0008444581416558943
EIF2B2,0.0008444437489101241
MLH3,0.0008444437489101241
IFT43,0.0008440502752080272
ZNF641,0.000843895409246561
H1FNT,0.000843895409246561
ACOT4,0.0008426686459586251
ACOT1,0.0008426686459586251
ACOT2,0.0008426686459586251
SNORA2B,0.0008422525519943957
SNORA34,0.0008422525519943957
SNORA2A,0.0008422525519943957
GJB1,0.0008421541701943129
RN7SL457P,0.0008420184408880747
CRCP,0.000841949384665412
snoU13|ENSG00000238330.1,0.0008407728181212533
RND1,0.0008406663706191914
DDX23,0.0008406663706191914
MIR486,0.0008397429806964043
ITGB1BP2,0.0008396297519978523
NONO,0.0008396297519978523
ZMYM3,0.0008396297519978523
PNMA1,0.0008390021864618228
TMEM259,0.0008377895143243796
GRIN3B,0.0008377895143243796
AREL1,0.000836198686334391
FOS,0.0008353938537619227
RN7SL746P,0.0008351203873872002
CXorf65,0.0008351203873872002
FOXO4,0.0008351203873872002
MED12,0.0008351203873872002
IL2RG,0.0008351203873872002
SLFNL1,0.0008350078654493623
CTPS1,0.0008350078654493623
SNX12,0.0008349448654676099
PSMG2,0.0008347932316169758
MIR663A,0.0008347127037726721
NLGN3,0.0008346996510211235
snoU13|ENSG00000238549.1,0.0008339813412947273
GNAT3,0.0008338109044622042
OR8S1,0.0008335908347563692
TMBIM6,0.000833571177048389
RNU4ATAC14P,0.0008334533130038599
TMTC2,0.000833421295869671
CACNB3,0.0008329130706586739
PHF21A,0.000832528714656227
TOM1L2,0.0008322694888289407
snoU13|ENSG00000238769.1,0.0008320386165278214
COQ6,0.0008313026215185424
ENTPD5,0.0008312579085978497
GXYLT1,0.000831239746490063
DNAL1,0.0008311595401723249
RN7SL35P,0.0008309907361572754
NEK9,0.0008305916860795277
TMED10,0.000830564858327112
NTS,0.0008296830581088702
RASSF9,0.0008296830581088702
CXADRP3,0.0008293385271401036
VSX2,0.0008293128965477169
RN7SL530P,0.0008291698152015003
MIR548AO,0.0008289524047375354
RN7SL575P,0.0008274954101845616
ZNF410,0.0008272471596117137
PTGR2,0.0008272471596117137
FAM161B,0.0008272471596117137
RAD51B,0.0008267965875195849
MIR1269A,0.0008246835443037977
LIN52,0.0008230083747300473
ALDH6A1,0.0008230083747300473
CCDC176,0.0008230083747300473
WDR88,0.0008229962382272995
LRP3,0.0008229962382272995
GPATCH1,0.0008229962382272995
SLC22A24,0.000822857246337446
ANKRD36C,0.0008227666924340537
SLC5A8,0.0008227100115074791
TPST1,0.0008225123696753275
COLEC12,0.0008209760955622695
ZC2HC1C,0.0008206028195967806
TEX11,0.0008202758791583201
SEMA3C,0.0008200127289442056
PTS,0.0008195690264413518
RNA5SP366,0.0008183716915995388
U3|ENSG00000199769.1,0.0008183090011770281
CHRM1,0.0008176176937517751
POTEC,0.0008165193896159669
CBWD2,0.0008162530997260913
FOXD4L1,0.0008162530997260913
CLMP,0.0008157110945644129
DIP2B,0.0008147997258422415
ADCY6,0.0008146201063173676
MIR4701,0.0008146201063173676
RARG,0.0008140874002283638
MFSD5,0.0008140874002283638
CSAD,0.0008138907251301629
ZNF740,0.0008138907251301629
ITGB7,0.0008138907251301629
RNF38,0.0008136345385769533
PROX2,0.000812974795326607
RPS6KL1,0.000812974795326607
DLST,0.000812974795326607
CD36,0.0008127176295877251
PDE1C,0.000812634270700147
MIR4709,0.0008122683311796631
RPL13AP17,0.0008112976451453233
RN7SL356P,0.0008108532225335795
LMAN2L,0.0008104802251647915
PGF,0.0008102741349167684
TMPO,0.0008100747986191016
PROM2,0.000810069209585469
ROMO1,0.000809076907481465
RBM39,0.000809076907481465
SEMA4C,0.0008081213906550791
FAM178B,0.0008081213906550791
ANKRD39,0.0008081213906550791
ANKRD23,0.0008081213906550791
MGAT4C,0.0008077975836038512
RNA5SP387,0.0008076584290562436
BATF,0.0008076584290562436
PTAR1,0.0008069965609754342
FER1L5,0.0008069036924692308
JDP2,0.0008067015725534198
SLC6A10P,0.0008066581245922561
RNA5SP420,0.0008066581245922561
RNA5SP421,0.0008066581245922561
RNA5SP422,0.0008066581245922561
RNA5SP423,0.0008066581245922561
RNA5SP413,0.0008066581245922561
TP53TG3C,0.0008066581245922561
RNA5SP409,0.0008066581245922561
TP53TG3B,0.0008066581245922561
RNA5SP417,0.0008066581245922561
HERC2P8,0.0008066581245922561
RNA5SP416,0.0008066581245922561
RNA5SP410,0.0008066581245922561
RNA5SP415,0.0008066581245922561
RNA5SP406,0.0008066581245922561
RNA5SP407,0.0008066581245922561
RNA5SP408,0.0008066581245922561
LINC00273,0.0008066581245922561
RNA5SP419,0.0008066581245922561
TP53TG3D,0.0008066581245922561
HERC2P4,0.0008066581245922561
TP53TG3,0.0008066581245922561
ARHGAP23P1,0.0008066581245922561
RNA5SP418,0.0008066581245922561
HERC2P5,0.0008066581245922561
ZNF267,0.0008066581245922561
DCPS,0.0008066006264247464
TIRAP,0.0008066006264247464
SRPR,0.0008066006264247464
FOXRED1,0.0008066006264247464
snoU13|ENSG00000238855.1,0.0008066006264247464
ST3GAL4,0.0008054052300906284
FXN,0.0008053298183693172
NHSL2,0.0008049303158163905
RNA5SP369,0.0008046144994246249
snoU13|ENSG00000238940.1,0.0008046144994246249
RNA5SP368,0.0008046144994246249
SNORA31|ENSG00000252291.1,0.0008041271805191081
snoU13|ENSG00000238748.1,0.0008033947065592636
GUSB,0.0008033798409486611
snoU13|ENSG00000239155.1,0.000803040531901293
CEP76,0.0008020659323643855
TMEM252,0.0008005294232989831
NR1H4,0.0008000920598388952
GAS2L3,0.0008000920598388952
LALBA,0.0007992594506156909
MAP2,0.0007979041707058823
RN7SL351P,0.0007960829920121604
FAM118B,0.0007960829920121604
RPUSD4,0.0007960829920121604
ZFC3H1,0.0007955978178934963
PGR,0.000795388099980724
CYP4F35P,0.0007951753915468808
ANKRD20A5P,0.0007951753915468808
KIF21A,0.0007950321335367139
ZNF479,0.0007926839450920115
CNNM3,0.0007908111182406824
CNNM4,0.0007908111182406824
MIR3127,0.0007908111182406824
CDKL1,0.0007900031023698186
snoU13|ENSG00000252265.1,0.0007890461361792134
LINC00174,0.0007885569151538414
SHC2,0.0007882296238045711
C2CD4C,0.0007882296238045711
CHST10,0.000787413494063977
MRGPRX2,0.0007859723033169518
ITGAX,0.0007849393471132645
RNA5SP338,0.0007844637085171349
TSPAN8,0.0007842154634742846
RN7SKP115,0.0007822104778427465
RNA5SP234,0.0007821059331023285
PIKFYVE,0.0007816684076529242
SLC37A2,0.0007798204245733835
TMPRSS11GP,0.0007795179701627474
LDHAL6A,0.0007785734481708617
TSG101,0.0007785734481708617
SNORA70E,0.0007777579354657984
MIR3159,0.0007775213145417345
NMS,0.0007771931215927781
SPTY2D1,0.000776635021097044
UEVLD,0.000776635021097044
SLC17A6,0.0007761915803647996
FAM122A,0.0007757021308129166
LINC00308,0.000774772719613644
TMEM86A,0.0007742723267361373
IGSF22,0.0007742723267361373
TMEM133,0.0007740982886761339
snoU13|ENSG00000238388.1,0.0007740982886761339
MRGPRX1,0.0007740264674576533
PTPN5,0.0007739534233163174
PHF20,0.0007737836361912148
AZU1,0.0007734488329466305
MIR4770,0.0007724238262926733
C14orf144,0.000771759916451777
C14orf142,0.0007709727761401096
UBR7,0.0007709727761401096
MAGI2,0.0007708605037718977
SFRP1,0.0007707620182584654
FAM189A2,0.0007706505064018223
APBA1,0.000770366950464961
TMEM2,0.0007693894579864011
RGS9BP,0.0007688871193607728
METTL25,0.0007682439331421775
ARID3A,0.0007680249491159522
CFD,0.0007680249491159522
ELANE,0.0007680249491159522
KISS1R,0.0007680249491159522
MED16,0.0007680249491159522
PRTN3,0.0007680249491159522
R3HDM4,0.0007680249491159522
ISCA2,0.000767340788467645
NPC2,0.000767340788467645
DEFB108B,0.0007660685630167528
RNA5SP342,0.0007660685630167528
ZNF705E,0.0007660685630167528
TMEM45B,0.0007651999016946368
CCNYL1,0.0007651892776429553
MIR4775,0.0007651892776429553
FZD5,0.0007651892776429553
MIR4486,0.0007641312030484779
SNORA1|ENSG00000207407.1,0.0007641312030484779
RNA5SP56,0.0007626035722874441
PRKACG,0.0007611422180584899
RNA5SP362,0.0007610762970441879
RARRES3,0.0007608681299554059
PAX8,0.0007608542543042449
KANSL2,0.0007600726683812838
LLPH,0.0007597050585627323
TMBIM4,0.0007597050585627323
RNA5SP101,0.000758961383655137
snoU13|ENSG00000238760.1,0.000758961383655137
TMC1,0.0007584661570363042
THAP2,0.0007579972416565701
SNW1,0.0007579108676029129
SLIRP,0.0007579108676029129
ALKBH1,0.0007579108676029129
C14orf178,0.0007579108676029129
GRIP1,0.0007551675110086542
LINC00935,0.0007550714726255874
CCNT1,0.0007549288210687972
NUDT19,0.0007548779483236765
FER1L4,0.0007539117553767207
ASCL1,0.0007533601841196765
PAH,0.0007533601841196765
MIR3147,0.00075328423677677
ZNF716,0.00075328423677677
RN7SL816P,0.0007525550248822656
CAP1,0.0007525185031472634
PPT1,0.0007525185031472634
TMEM116,0.0007524039995745143
IDH1,0.0007514586552171982
TTLL5,0.0007511479275254405
ADAMTS8,0.0007495225929929042
ADAMTS15,0.0007495225929929042
C9orf135,0.0007481019394911132
KCNJ11,0.0007461584888424876
NCR3LG1,0.0007460035234242455
SNORA17|ENSG00000212461.1,0.0007459588035266602
ANO5,0.000745114527488552
ABCC8,0.0007450981991387161
UBFD1,0.0007445837057360413
EARS2,0.0007445837057360413
GGA2,0.0007445837057360413
RLF,0.000743670194369508
LINC00485,0.0007423590333716904
PTH2R,0.0007413598026534506
AHNAK,0.0007413153603923184
DDI1,0.0007410893747602589
IL1F10,0.0007398638584697204
IL36RN,0.0007398638584697204
IL36B,0.0007398638584697204
IL36A,0.0007398638584697204
STAG3L4,0.0007389903298287141
GLI2,0.0007366834959899491
ARHGAP28,0.0007364221511819591
MIR204,0.0007361439300852845
MIR548W,0.0007352713817191755
RNA5SP405,0.0007352713817191755
SNORA72|ENSG00000207249.1,0.0007348703784671464
RN7SL570P,0.0007344462297966417
ABCD2,0.000734061548915991
HMGA2,0.0007322636004327885
RRN3P2,0.0007316769654503146
GPATCH2L,0.0007315605372499767
ZDHHC13,0.0007308275759954616
E2F8,0.0007304867453184657
CSRP3,0.0007304867453184657
SPAG17,0.000727828971819592
PMS2P4,0.0007278202713272539
TJP2,0.000727583633425836
SULT1A2,0.0007269618826081359
TUFM,0.0007269618826081359
CD19,0.0007269618826081359
ATXN2L,0.0007269618826081359
ATP2A1,0.0007269618826081359
SULT1A1,0.0007269618826081359
SH2B1,0.0007269618826081359
RABEP2,0.0007269618826081359
MIR4517,0.0007269618826081359
MIR4721,0.0007269618826081359
NFATC2IP,0.0007269618826081359
SPNS1,0.0007269618826081359
SNORA43|ENSG00000252461.1,0.0007269618826081359
snoU13|ENSG00000238352.1,0.0007269618826081359
NPIPB9,0.0007269618826081359
NPIPB8,0.0007269618826081359
EIF3C,0.0007269618826081359
snoU13|ENSG00000238684.1,0.0007269618826081359
LAT,0.0007269618826081359
snoU13|ENSG00000238699.1,0.0007269618826081359
SMAP2,0.0007264494708445722
COL9A2,0.0007264494708445722
ZMPSTE24,0.0007264494708445722
TMCO2,0.0007264494708445722
ATF7,0.0007258077614121978
ITPK1,0.0007252682889235709
LINC00565,0.0007247374893084887
LINC00452,0.0007247374893084887
ESRRB,0.0007246961059039525
ATP5G2,0.0007228741384385795
BANP,0.0007219514629318538
FMNL3,0.0007216579869155058
PRDM10,0.000721386218605137
FANCF,0.0007213793026380847
BTBD7,0.0007206932048280014
COX8C,0.0007206932048280014
POU2AF1,0.0007206274497204887
MIR4491,0.0007202901111610853
RNA5SP348,0.0007202659506456953
GUSBP2,0.0007202089230412401
MAMDC2,0.0007192759871745489
MOAP1,0.0007184175614683412
TMEM251,0.0007184175614683412
FLI1,0.0007174314051734601
CLN3,0.0007172405919541034
EIF3CL,0.0007172405919541034
NPIPB7,0.0007172405919541034
snoU13|ENSG00000238703.1,0.0007172405919541034
IL27,0.0007172405919541034
PARP2,0.0007160237148923347
RPPH1,0.0007160237148923347
PIP5K1B,0.0007157624914949389
snoU13|ENSG00000238982.1,0.000714827389045584
BARX2,0.000714552865968548
MIR1908,0.0007143903049920077
FADS3,0.0007141841336544891
SLC3A2,0.0007131888230926653
NPIPB6,0.0007114180925606137
AHSA1,0.0007093804092058487
SMC5,0.0007093369880542996
SNORA46|ENSG00000212371.1,0.0007092157314801578
SH3RF3,0.0007091741180414374
KCNH3,0.0007078861728380974
MCRS1,0.0007078861728380974
TMEM63C,0.0007069088800850337
IRF2BPL,0.0007068856894385938
SC5D,0.0007066408272708138
NFRKB,0.0007065980412374047
IRX5,0.0007061228549591127
KIAA1737,0.0007054555995748393
ZDHHC22,0.0007054555995748393
ARHGAP32,0.0007052788284712662
SPTLC2,0.0007050402362576427
SNORD65|ENSG00000238936.1,0.0007048051316993177
MIR4667,0.0007044097757866468
TESK1,0.0007044097757866468
ISM2,0.0007039862988132208
NDC80,0.0007039109975210026
snoU13|ENSG00000238425.1,0.0007039109975210026
CBX3P2,0.0007039109975210026
snoU109|ENSG00000238575.1,0.0007039109975210026
RN7SL587P,0.0007038984706928525
FLVCR2,0.0007034817882849344
ROM1,0.0007029031927433004
B3GAT3,0.0007029031927433004
LINGO2,0.0007028666410944896
TUT1,0.0007016604315072016
RN7SL734P,0.0007010383321687975
RN7SL747P,0.0007000792347086683
C14orf1,0.0006994950670141478
MTA2,0.0006985855583457196
EML3,0.0006985855583457196
KLHL33,0.0006980244936341529
RNA5SP382,0.0006980244936341529
TRPM3,0.0006978711021542818
MIR548I4,0.0006975807055651245
APEX1,0.0006975175767905551
OSGEP,0.0006975175767905551
GLIPR2,0.0006970108408528969
BEST1,0.0006969520319786846
FTH1,0.0006969520319786846
THEG,0.0006967250957611421
GDAP2,0.0006966725694672166
WDR3,0.0006966725694672166
TMEM55B,0.0006964743566196738
PNP,0.0006964743566196738
RNASE10,0.0006964743566196738
PA2G4,0.0006962307866184463
IL1RN,0.0006946790061427272
PSD4,0.0006946790061427272
LINC00516,0.0006946303547683218
MED15P1,0.0006946303547683218
MED15P6,0.0006946303547683218
OR11H12,0.0006946303547683218
OR4K13,0.0006946303547683218
OR4K14,0.0006946303547683218
OR4K15,0.0006946303547683218
OR4M1,0.0006946303547683218
OR4K2,0.0006946303547683218
OR4K5,0.0006946303547683218
OR4K1,0.0006946303547683218
OR4L1,0.0006946303547683218
OR4Q2,0.0006946303547683218
snoU13|ENSG00000238492.1,0.0006946303547683218
POTEM,0.0006946303547683218
POTEG,0.0006946303547683218
OR4N2,0.0006946303547683218
OR4Q3,0.0006946303547683218
LTBP2,0.0006944766129068327
GLS2,0.0006935737227065416
WDR18,0.0006923154773729992
SCGB1A1,0.000692115512735102
GNE,0.0006919575875404151
CLTA,0.0006919575875404151
ANGEL1,0.0006915102908493596
NFATC2,0.0006901230447074809
LINC00167,0.0006900584464927872
ETS1,0.0006895810440142475
METTL4,0.0006894757914134633
RNU6ATAC12P,0.0006877694092114973
C11orf31,0.0006876839672415483
GAS2,0.0006870456874087346
SORL1,0.0006865742805727713
GOLGA7,0.0006863756423446609
RBMS2,0.0006848074275997963
SPRYD4,0.0006847048662654205
TEP1,0.0006846022172101941
C11orf93,0.0006840128295744162
C11orf53,0.0006840128295744162
C11orf92,0.0006840128295744162
SLC35F5,0.0006839494967503548
WASH2P,0.0006839494967503548
FAM138B,0.0006839494967503548
snoU13|ENSG00000239077.1,0.0006839494967503548
RABL2A,0.0006839494967503548
RPL23AP7,0.0006839494967503548
MIR4782,0.0006839494967503548
RNF138,0.0006827099058087763
NELL2,0.0006824482300900723
GINS4,0.0006823878798079114
DNAJC22,0.0006823189463065425
TROAP,0.0006823189463065425
C1QL4,0.0006823189463065425
SNORA70|ENSG00000251893.2,0.0006823028550072324
RNF121,0.0006822907049022991
SPATS2,0.0006822334562490361
LPXN,0.0006797848571196654
CD72,0.0006783404830836188
RAB12,0.0006781541600602981
INTS5,0.0006775162712038143
GANAB,0.0006775162712038143
SNORD56|ENSG00000201151.1,0.0006774457259269655
OR10Q1,0.0006772301422181589
FAM166B,0.0006763091439318681
CCIN,0.0006759366877284913
PLGLA,0.0006735786574231681
SPAG4,0.0006732175966044155
DRAM1,0.0006730280920925072
OR10W1,0.0006720950798241599
OR5B21,0.0006713431904886001
VKORC1L1,0.0006709655578451578
LRRC10B,0.0006691643018843832
SYT7,0.0006691643018843832
MIR4488,0.0006691643018843832
C2orf40,0.0006691087068976942
UXS1,0.0006691087068976942
RAB21,0.0006688982818982325
SMCHD1,0.0006686785643770677
TUBGCP3,0.0006678735678293127
FKBP11,0.0006673510932505557
CCDC65,0.0006673510932505557
KIAA1033,0.0006668469505178367
EPHA5,0.0006665030047308527
MIR3654,0.000666287044297576
EEF1G,0.000666287044297576
ZC3H10,0.0006654498191681741
RPL41,0.0006654498191681741
ESYT1,0.0006654498191681741
TRHDE,0.0006651460414421572
snoU13|ENSG00000238514.1,0.00066463109915154
SLC1A2,0.0006643071285809447
SPACA7,0.0006638413619435346
TMEM87B,0.0006633962594717722
FBLN7,0.0006633962594717722
U3|ENSG00000199727.1,0.0006633519243278959
ATM,0.000662666795176593
C11orf65,0.000662666795176593
EXPH5,0.000662666795176593
KDELC2,0.000662666795176593
ASRGL1,0.0006626607902424046
OR5B12,0.0006626195653566986
OR5B2,0.0006626195653566986
OR5B3,0.0006626195653566986
OR5B17,0.0006626195653566986
INCENP,0.0006625070465843312
SCGB1D2,0.0006611233536616638
SCGB2A1,0.0006611233536616638
SCGB1D1,0.0006611233536616638
TXNDC16,0.0006602206315977765
ZFP91,0.0006602186460011023
FAM86C1,0.0006593410023069336
CHST11,0.0006592289988492516
BTBD18,0.0006583602831546872
TMX2,0.0006581039572448374
SCGB1D4,0.000656741659406551
SLC41A2,0.0006567261219792856
SCGB2A2,0.0006567032234920326
MS4A10,0.0006564319838197828
RGPD4,0.0006563649055412555
GACAT1,0.0006563649055412555
PROCR,0.0006532378052967686
CD8BP,0.0006527852080450256
ROBO4,0.0006523527994514162
HEPACAM,0.0006523527994514162
HEPN1,0.0006523527994514162
RGPD3,0.0006522413861710074
ZNF668,0.0006517100614044111
PRSS53,0.0006517100614044111
ZNF646,0.0006517100614044111
VKORC1,0.0006517100614044111
SALL4,0.0006507903903595499
DBX2,0.0006505660081920844
IGF1,0.0006501799198989978
CCDC53,0.0006501799198989978
NUP37,0.0006501799198989978
PARPBP,0.0006501799198989978
PMCH,0.0006501799198989978
RN7SL793P,0.0006501799198989978
RN7SKP273,0.0006488305596607311
PIH1,0.000648703706928073
MS4A15,0.0006485859748230263
TMEM19,0.0006479147705382133
RNA5SP350,0.0006476471974126653
SNORD126,0.0006471895501664003
SNORA79|ENSG00000222489.1,0.0006471895501664003
CCNB1IP1,0.0006471895501664003
RPS6KA6,0.0006464997209697862
GSS,0.000646186942695019
LINC00317,0.0006451080796908495
LCMT1,0.0006446848286786623
NEURL3,0.0006440930700577498
LRR1,0.0006438954585218755
MGAT2,0.0006438954585218755
RPL36AL,0.0006438954585218755
DNAAF2,0.0006438954585218755
POLE2,0.0006438954585218755
CTNND1,0.0006431345241095869
ZDHHC5,0.0006430277216471493
CUL5,0.0006422765533637456
RNA5SP335,0.0006418456260528725
ROBO3,0.0006418027318049569
RAB39A,0.0006417705455246395
ORAI3,0.000641327341543457
C8orf4,0.0006407678627471519
MYO5B,0.0006391457906235671
ALB,0.000639144439421337
TUBA1A,0.0006388102063729976
PRPH,0.0006388102063729976
TUBA1C,0.0006388102063729976
FBXL19,0.0006382514036110821
GAREM,0.0006380162666571822
CPSF7,0.0006371892569800912
SDHAF2,0.0006371892569800912
RN7SL23P,0.0006371892569800912
PPP1R32,0.0006371892569800912
TMEM216,0.0006371892569800912
TTC5,0.0006366838822483591
C12orf45,0.0006365937859608737
ALDH1L2,0.0006365937859608737
LRRC30,0.0006360283209499426
RNU6ATAC30P,0.000635384903477171
SLC5A7,0.00063504110478274
ANKRD17,0.0006347620931283897
SNORA3|ENSG00000221639.1,0.0006347620931283897
MIR4300,0.0006342156747989237
SNORA48|ENSG00000212626.1,0.0006340732134658785
SENP1,0.0006338418978958838
MIR3935,0.0006335164518545502
DIO2,0.0006333629929040616
RNA5SP380,0.0006333228031766764
SETD1A,0.0006330181163977598
STX1B,0.0006330181163977598
HSD3B7,0.0006330181163977598
OR9K2,0.0006322831247302564
TP53AIP1,0.0006321006556515688
OR1S2,0.0006320484285085679
OR1S1,0.0006320484285085679
OR9Q2,0.0006320484285085679
COX18,0.0006319761528028918
MED19,0.0006317750142047265
KCNJ1,0.0006317616716431394
KCNJ5,0.0006317616716431394
C11orf45,0.0006317616716431394
ERBB3,0.0006307018535262203
ATP8B5P,0.0006305912783912396
ITGAM,0.0006299070150595739
RNA5SP453,0.0006293658848859055
MS4A18,0.0006292382978228751
MIP,0.0006290626433834461
TIMELESS,0.0006290626433834461
PFKM,0.0006289630312683379
snoU13|ENSG00000238693.1,0.000628758470783786
SLC6A2,0.0006285497207123124
CAPNS2,0.0006285497207123124
U8|ENSG00000200026.1,0.0006284313935473771
SULT1C3,0.0006283140592140086
SULT1C2,0.0006283140592140086
C13orf35,0.0006277378496799863
C11orf88,0.0006275380710659875
LAYN,0.0006275380710659875
FHL2,0.0006270928589589168
SULT1C4,0.0006269001791803954
RN7SL770P,0.0006266952983725141
GTF2IRD1P1,0.0006265808137474032
snoU13|ENSG00000238841.1,0.0006265808137474032
SERGEF,0.0006265550915655291
RNA5SP349,0.0006262074578594516
ACTR3,0.0006260417673205127
OR10A7,0.0006257600673065906
U3|ENSG00000212182.1,0.000625679413469899
C2orf49,0.0006256757376324909
SULT1C2P1,0.0006254196066923669
MIR34B,0.0006238675062648567
MIR34C,0.0006238675062648567
ZNF322,0.0006235863117609416
MRPS9,0.0006231207512410236
GPR45,0.0006231207512410236
TGFBRAP1,0.0006231207512410236
SNORD39|ENSG00000264997.1,0.0006224431879029308
GRIA4,0.0006196936109147761
MIR3194,0.0006193571125620539
USH1C,0.0006186192309365332
OTOG,0.0006186192309365332
TMED8,0.0006182510387477057
RN7SL137P,0.0006182510387477057
GSTZ1,0.0006182510387477057
MIR1260A,0.0006182510387477057
NGB,0.0006182510387477057
POMT2,0.0006182510387477057
SNORD81|ENSG00000223213.1,0.0006173804472506151
RN7SKP289,0.0006173804472506151
CTF1,0.0006171880009746961
FEZ1,0.0006170793409566898
SNORA32|ENSG00000201384.1,0.0006167977582375114
OR10P1,0.0006159753616636529
RABGEF1,0.0006156187474184069
BCL2L11,0.0006154256449898562
RNA5SP457,0.0006151932410872529
GDF11,0.0006139975135623867
STX4,0.000613784928285288
ATP9A,0.0006126759157031078
GCC2,0.0006118767160840847
LIMS1,0.0006118767160840847
CD44,0.0006118429715633571
OR2S2,0.0006110553454069008
KLF9,0.0006108619830592936
OR6C70,0.000610573010849909
BTG4,0.0006104917646554836
MERTK,0.0006097411414305123
HOXC13,0.0006095286916447571
HOTAIR,0.0006095286916447571
HOXC12,0.0006095286916447571
SIK2,0.0006089710638480132
SEL1L,0.0006079034558616409
STON2,0.0006078676855250874
TSHR,0.0006076530635057622
NCK2,0.0006074799824915877
ATP11A,0.0006073697750194773
U3|ENSG00000199856.1,0.000607112606465577
MIR615,0.0006064326535584136
HOXC11,0.0006064326535584136
HOXC4,0.0006064326535584136
HOXC8,0.0006064326535584136
HOXC10,0.0006064326535584136
HOXC9,0.0006064326535584136
HOXC5,0.0006064326535584136
HOXC6,0.0006064326535584136
MIR196A2,0.0006064326535584136
GTF2A1,0.0006063295610532586
SNORA79|ENSG00000221303.1,0.0006063295610532586
ITGA7,0.0006061313291139238
BLOC1S1,0.0006061313291139238
RDH5,0.0006061313291139238
SMUG1,0.0006059860119984159
HTR5BP,0.0006030896704995633
CCDC93,0.0006030896704995633
RN7SL111P,0.0006030896704995633
EI24,0.0006030033174564958
NOXRED1,0.0006021898478011848
FKSG61,0.0006021898478011848
SAMD15,0.0006021898478011848
KCTD7,0.0006020758204705306
VIPAS39,0.0006018385353197109
METTL7B,0.0006016274864376127
OR6C68,0.0006005029385171787
RNA5SP360,0.0006003441402456685
MXRA5,0.0005996294454916481
CES1,0.0005995197876956117
CES1P1,0.0005995197876956117
TMEM117,0.0005976519823631774
OR6C75,0.0005975305153707044
OR6C65,0.0005975305153707044
OR6C76,0.0005974061934900536
OR6C2,0.0005974061934900536
IRX3,0.0005971249384887598
OR11H4,0.0005966962245715073
OR11H7,0.0005966962245715073
OR11H6,0.0005966962245715073
RN7SKP72,0.0005966178147288201
NDUFV2,0.0005964052712291706
RANBP2,0.0005963817120397669
CCDC138,0.0005963817120397669
ERCC3,0.0005963019292720035
MAP3K2,0.0005963019292720035
CXorf28,0.0005960133199323288
WIBG,0.0005953944394213374
MIR3922,0.0005950920598388939
RN7SKP271,0.0005931153105369677
ZBED1|ENSG00000214717.4,0.0005918606772277099
ARSH,0.0005918606772277099
XG,0.0005918606772277099
P2RY8|ENSG00000182162.5,0.0005918606772277099
PLCXD1|ENSG00000182378.8,0.0005918606772277099
PPP2R3B|ENSG00000167393.12,0.0005918606772277099
ARSF,0.0005918606772277099
CSF2RA|ENSG00000198223.9,0.0005918606772277099
LINC00106|ENSG00000236871.2,0.0005918606772277099
RN7SL355P|ENSG00000265350.1,0.0005918606772277099
RN7SL578P,0.0005918606772277099
RNA5SP498|ENSG00000223274.1,0.0005918606772277099
ARSE,0.0005918606772277099
ARSD,0.0005918606772277099
SHOX|ENSG00000185960.8,0.0005918606772277099
SLC25A6|ENSG00000169100.8,0.0005918606772277099
LINC00102|ENSG00000230542.1,0.0005918606772277099
LINC00685|ENSG00000226179.1,0.0005918606772277099
ASMTL|ENSG00000169093.10,0.0005918606772277099
ASMT|ENSG00000196433.6,0.0005918606772277099
snoU13|ENSG00000251848.1,0.0005918606772277099
CD99P1|ENSG00000223773.2,0.0005918606772277099
IL3RA|ENSG00000185291.6,0.0005918606772277099
AKAP17A|ENSG00000197976.6,0.0005918606772277099
GYG2,0.0005918606772277099
GTPBP6|ENSG00000178605.8,0.0005918606772277099
DHRSX|ENSG00000169084.8,0.0005918606772277099
CD99|ENSG00000002586.13,0.0005918606772277099
CRLF2|ENSG00000205755.6,0.0005918606772277099
MIR3690|ENSG00000265658.1,0.0005918606772277099
BCKDK,0.000591616830373648
PRSS36,0.000591616830373648
PRSS8,0.000591616830373648
KAT8,0.000591616830373648
MYL12A,0.0005915171226115006
GNAO1,0.0005910086244981798
COQ10A,0.0005908792947558772
NABP2,0.0005908792947558772
RNF41,0.0005908792947558772
ANKRD52,0.0005908792947558772
SLC39A5,0.0005908792947558772
OR2AP1,0.0005896417269439423
TBC1D15,0.0005895428632051501
ESAM,0.000589469392293865
VSIG2,0.000589469392293865
NRGN,0.000589469392293865
MSANTD2,0.000589469392293865
RN7SL1,0.0005888717156105122
RPS29,0.0005888717156105122
RNA5SP384,0.0005888717156105122
RN7SL806P,0.0005885668298148234
RNF170,0.0005885668298148234
OR6C4,0.0005882854882459313
UNC79,0.0005879797739844589
KCNC1,0.0005870171603810507
MYOD1,0.0005868404454304221
SNORD112|ENSG00000252592.1,0.0005868314183419921
BAZ2A,0.0005867803837953118
RNA5SP116,0.0005865323128373555
PCNX,0.0005854978172563151
snoU13|ENSG00000239031.1,0.0005853130767031398
OR9I1,0.0005845469653148326
VASH1,0.0005843076625760968
RNA5SP483,0.0005838938683949771
MIR3652,0.0005829631760644408
TDG,0.0005829631760644408
C12orf73,0.0005829631760644408
HSP90B1,0.0005829631760644408
RUSC2,0.0005827301832167515
ZC3H12C,0.0005817772663342271
DGKA,0.0005810239602169976
CDK2,0.0005810239602169976
PMEL,0.0005810239602169976
MSANTD4,0.0005809799952879688
FADS2,0.0005796214222704003
APCDD1,0.0005795882826917557
SOGA2,0.0005789689772163007
C11orf87,0.0005783160915847403
FADS1,0.0005782928928992734
MEP1B,0.0005770587060538985
FBXO3,0.0005766540158617547
SPATA18,0.0005766472649186237
SGCB,0.0005766472649186237
INSIG2,0.0005765774470963365
CD59,0.0005764376902790282
HCFC2,0.000575253164556961
GLT8D2,0.000575253164556961
ELMOD1,0.0005737111525198642
SLN,0.0005737111525198642
RN7SL297P,0.0005735929219044288
RNA5SP388,0.0005730452628896184
ANKRD12,0.0005718230967171756
OR6C1,0.0005713138442879558
OR6C3,0.0005713138442879558
CBX5,0.0005705592155350049
RN7SL390P,0.0005705592155350049
EDAR,0.0005701626851271388
TDRD12,0.0005700293802685416
CLPB,0.0005695976743857854
NAPG,0.0005689119642346551
RN7SL557P,0.00056866981576356
PLEKHM3,0.0005685677177457458
VWCE,0.0005684777179053856
C12orf40,0.0005680266699099672
snoU13|ENSG00000238914.1,0.0005679228998849243
AASDHPPT,0.0005667314570883929
KBTBD3,0.0005667314570883929
ACAT1,0.0005665172738760719
NPAT,0.0005665172738760719
CS,0.0005664289613949382
POLR2G,0.0005661312423413818
ZBTB3,0.0005661312423413818
SUOX,0.0005661053345388782
RPS26,0.0005661053345388782
RAB5B,0.0005661053345388782
IKZF4,0.0005661053345388782
PUS7L,0.0005659651090073966
AFM,0.0005657973553345381
MUC15,0.0005654490819166987
TWF1,0.0005645849955793244
IRAK4,0.0005645849955793244
KLHDC2,0.000564477586076789
KLHDC1,0.000564477586076789
DAK,0.0005629829204264029
CYB561A3,0.0005629829204264029
TMEM138,0.0005629829204264029
snoU13|ENSG00000238768.1,0.0005612663949668771
ANAPC15,0.0005612663949668771
FOLR3,0.0005612663949668771
MIR611,0.0005605331122660436
TMEM258,0.0005605331122660436
FEN1,0.0005605331122660436
DAGLA,0.0005605331122660436
MYRF,0.0005605331122660436
PGA3,0.000560481424222115
PGA5,0.000560481424222115
PGA4,0.000560481424222115
SBK1,0.0005602717325756537
RNU4ATAC10P,0.0005597049502381548
RNU4ATAC5P,0.0005597049502381548
AFP,0.0005592817585895101
NFS1,0.0005577304788282866
HNRNPA1,0.0005574746480159967
NFE2,0.0005574746480159967
RN7SL744P,0.0005574746480159967
MIR148B,0.0005574746480159967
COPZ1,0.0005574746480159967
TTC9C,0.000556521371700381
MIR3165,0.0005553729196630357
LRTOMT,0.0005553729196630357
LAMTOR1,0.0005553729196630357
RPLP0P2,0.0005553040206612863
PKD1L2,0.000555238812657242
NLGN4X,0.0005545633550696848
CMC2,0.0005542393493148972
NT5DC3,0.0005534522439585723
YAF2,0.0005529317785858363
OPCML,0.0005527860887354554
ERLIN2,0.0005520901212460173
PROSC,0.0005520901212460173
GDF5OS,0.0005517496214957696
GDF5,0.0005517496214957696
CEP250,0.0005517496214957696
CBLN1,0.0005513614880703469
TPH1,0.0005512011179259619
ZC3H6,0.000551031492269283
snoU13|ENSG00000238951.1,0.0005507643116814858
ZC3H8,0.0005507643116814858
FAM181B,0.0005504135095628444
C14orf166B,0.0005503179051116073
MDH1B,0.000550253601458455
FASTKD2,0.000550253601458455
NEMF,0.0005497147776215731
PRKCB,0.0005489960469795787
AQP5,0.0005489639766862669
AQP2,0.0005489639766862669
RACGAP1,0.0005489639766862669
AQP6,0.0005489639766862669
BCDIN3D,0.0005489639766862669
FAIM2,0.0005489639766862669
NCKAP5L,0.0005489639766862669
RN7SKP17,0.0005480529519760387
CENPN,0.0005479865490943264
WBP11P1,0.0005479669414252596
ATMIN,0.0005477108350688529
C16orf46,0.0005477108350688529
GCSH,0.0005477108350688529
DDB1,0.0005474763256066045
C11orf91,0.0005474691497450217
U8|ENSG00000212594.1,0.0005471749136938999
RBM12,0.0005468315190200404
CPNE1,0.0005468315190200404
NEUROD4,0.0005467618937018529
ARHGEF39,0.0005462532490860284
SIT1,0.0005462532490860284
CCDC107,0.0005462532490860284
RMRP,0.0005462532490860284
ORMDL2,0.0005461516726943937
TMEM198B,0.0005461516726943937
DNAJC14,0.0005461516726943937
SARNP,0.0005461516726943937
SLC7A9,0.0005455092122243897
RN7SKP22,0.0005455092122243897
SAA1,0.0005450351254947996
SAA3P,0.0005450351254947996
SAAL1,0.0005450351254947996
RNA5SP334,0.0005450351254947996
MRGPRX3,0.0005450351254947996
SAA2,0.0005450351254947996
SAA4,0.0005450351254947996
MRGPRX4,0.0005450351254947996
RNA5SP333,0.0005450351254947996
ADCK1,0.000543728614312403
KRR1,0.0005435068706874057
GTF2H1,0.0005433087563617359
LINC00640,0.0005428029212585
AMFR,0.0005419747987937185
MIR873,0.0005413041810510175
MIR876,0.0005413041810510175
TAF4B,0.0005411877997335353
SLC35F2,0.0005401914797918117
TAF6L,0.0005399998792729835
TMEM223,0.0005399998792729835
RGPD8,0.0005394419867723708
NUMA1,0.0005394194432668466
IL18BP,0.0005394194432668466
EN1,0.0005390748733572707
IL37,0.0005387727699154791
KIAA1549L,0.0005384138465512779
MIR4697,0.0005383812811660914
LINC00906,0.0005377747052638012
snoU13|ENSG00000238395.1,0.0005373393539423399
ERGIC3,0.0005369560738892571
C20orf173,0.0005369560738892571
MTHFD2L,0.0005368705948352508
ST6GAL2,0.0005368387787706958
CETP,0.000536686163899698
SS18,0.0005360692468258645
IL1B,0.000535372957820507
OR4F17,0.0005350572435509778
PPAP2C,0.0005350572435509778
FAM138F,0.0005350572435509778
WASH5P,0.0005350572435509778
C12orf68,0.0005348897644396019
OR10AD1,0.0005348897644396019
DKFZP779L1853,0.0005348897644396019
SPA17,0.0005345552940304324
SIAE,0.0005345552940304324
COX14,0.0005344378257632177
GPD1,0.0005344378257632177
CXCL2,0.0005341790056039946
CXCL5,0.0005341790056039946
PPBP,0.0005341790056039946
PF4,0.0005341790056039946
CXCL3,0.0005341790056039946
PPBPP2,0.0005341790056039946
RN7SL218P,0.0005341790056039946
KANSL3,0.0005341247156273697
ARID5A,0.0005336033658052849
SLC48A1,0.0005332327381451375
HDAC7,0.0005332327381451375
HRASLS5,0.0005329547670305095
CWF19L2,0.0005325183662104561
NCAPD3,0.0005322720879682908
FOLR1,0.000532111117757669
ARF3,0.0005317027273007054
EREG,0.0005314486240667447
EPGN,0.0005314486240667447
NXF1,0.0005313316793731859
TMEM179B,0.0005313316793731859
AQP8,0.0005313116321550378
ZKSCAN2,0.0005313116321550378
VPS26B,0.000530678941311853
ACAD8,0.000530678941311853
GLB1L3,0.000530678941311853
GLB1L2,0.000530678941311853
B3GAT1,0.000530678941311853
THYN1,0.000530678941311853
SCARNA17|ENSG00000267322.1,0.0005300686767024828
ACAA2,0.0005298317119197581
SCARNA18|ENSG00000252139.1,0.0005298317119197581
SCARNA17|ENSG00000251992.1,0.0005298317119197581
RN7SL119P,0.0005288929936075055
IL1A,0.0005287679032893873
CHCHD5,0.0005282554421619727
SLC20A1,0.0005282554421619727
NID2,0.0005260724836566598
C14orf166,0.0005257063481194327
ASB8,0.0005244530136641806
MYH7B,0.0005243935898235327
CD5,0.0005242532489803213
VPS37C,0.0005242532489803213
CDON,0.0005239218266397336
PRPF40B,0.0005237411271938765
PTGDR,0.0005234815856184197
STT3A,0.0005226847304334957
CHEK1,0.0005226847304334957
ACRV1,0.0005226847304334957
C12orf42,0.0005219850402761784
POLR1B,0.0005217817879199333
TTL,0.0005211335464938023
SPATA19,0.0005209922004858718
C16orf78,0.0005207232549004681
CRISPLD2,0.0005191888712172361
MTIF3,0.0005191790120991874
GTF3A,0.0005191790120991874
SIPA1L1,0.0005188957131268818
MIR4469,0.0005183535098769946
ZNF469,0.0005182610045631753
LNX2,0.000517666946185892
PATE3,0.0005173147135682146
PATE2,0.0005173147135682146
PHOX2A,0.0005172603922568138
INPPL1,0.0005172603922568138
PIEZO2,0.0005172198684791915
TYW1,0.0005171447068921576
MAPK4,0.0005169235939371462
TPH2,0.0005165919382667109
FOLR2,0.0005163553042578124
PATE1,0.0005161471171488434
MYOM1,0.0005159023100717375
TPM2,0.0005154054225396749
CA9,0.0005154054225396749
RN7SL22P,0.0005154054225396749
HRCT1,0.0005153208934722426
LINC00961,0.0005153208934722426
LINC00648,0.0005143365819710405
MIR548Y,0.0005143365819710405
MMP2,0.000513809615375597
SERPINA11,0.0005134368766567498
OR13J1,0.0005133397434542787
FAM83C,0.0005130162944844641
RHPN2,0.000512872401768309
CEP89,0.000512872401768309
C19orf40,0.000512872401768309
FAM186A,0.0005118333889644915
OR10D3,0.0005117296154603304
CARD18,0.0005114534472788011
MAPKAPK5,0.0005110998829911721
ME2,0.0005105858631119044
MIR125B1,0.0005104402571689159
MIR100,0.0005098974438833389
MIRLET7A2,0.0005098974438833389
ALKBH8,0.0005098417186060944
MIR499A,0.00050969632724325
RNA5SP370,0.0005095799769850399
NFYB,0.0005095799769850399
DNAAF1,0.0005093575023420973
COTL1,0.0005086657661386938
WFDC1,0.0005086657661386938
ATP2C2,0.0005086657661386938
RNA5SP433,0.0005086657661386938
USP10,0.0005086657661386938
TLDC1,0.0005086657661386938
TAF1C,0.0005086657661386938
KLHL36,0.0005086657661386938
KCNG4,0.0005086657661386938
ADAD2,0.0005086657661386938
MIR3182,0.0005085734805637848
OR8D1,0.0005081563834612886
OR8D2,0.0005081563834612886
ZFPM1,0.0005075211940761956
TRPC4AP,0.0005072675687472711
RN7SL3,0.0005071368480481629
RNA5SP102,0.0005066255187083721
FDX1,0.0005062568270898906
ALDH2,0.000506228060844592
ACAD10,0.000506228060844592
DSG1,0.0005050515274954635
IGSF9B,0.000505017261219793
SNORD56B,0.0005045396603811209
RN7SL683P,0.0005041300264375589
LGR5,0.0005037047790812614
TMEM248,0.000503335198427462
VDR,0.0005033168468997132
TBC1D10B,0.0005031727341117999
CD63,0.0005027785795113569
TMEM8B,0.0005023034170875495
NPR2,0.0005023034170875495
HINT2,0.0005023034170875495
FAM221B,0.0005023034170875495
SPAG8,0.0005023034170875495
CERS5,0.0005019385318509784
MIR1293,0.0005019385318509784
LIMA1,0.0005019385318509784
OR6C74,0.0005017634256686204
RDX,0.0005007898005954273
HS3ST4,0.0005001790454320661
GUCY1A2,0.0004987470282079273
SNORA40|ENSG00000252693.1,0.0004985177168133268
snoU13|ENSG00000239058.1,0.0004985177168133268
snoU13|ENSG00000238313.1,0.0004984685900319149
SNORA48|ENSG00000212214.1,0.0004981098075089683
CREB3,0.0004969463874389798
GBA2,0.0004969463874389798
TLN1,0.0004969463874389798
GNG2,0.0004969185921389859
snoU13|ENSG00000238376.1,0.0004964941605819424
DSC3,0.0004964941605819424
JAM3,0.000495624600434727
PPP2R5C,0.0004951849916666972
OR4N5,0.0004945451339656312
RNA5SP381,0.0004945451339656312
ITGAD,0.0004941900280557597
HPS5,0.0004938647012757763
RNA5SP385,0.0004937211947757212
DDX25,0.0004932446207164984
PUS3,0.0004932446207164984
HYLS1,0.0004932446207164984
COL2A1,0.0004928549473272432
TMEM106C,0.0004928549473272432
LINC00470,0.0004928153039510346
LGALS12,0.0004916573484176234
ENPP7P8,0.0004915304049748633
LPIN2,0.0004915127350108594
PTGER2,0.0004913455061753932
NT5DC4,0.000490460339012746
CKAP2L,0.000490460339012746
RN7SL841P,0.0004901205791174421
IRX6,0.0004901205791174421
CARD17,0.0004898798432178869
CARD16,0.0004898798432178869
CASP1,0.0004898798432178869
ZBTB42,0.0004898770575569973
FUS,0.0004897564024866693
PYCARD,0.0004897564024866693
PYDC1,0.0004897564024866693
TRIM72,0.0004897564024866693
C16orf98,0.0004897564024866693
IL17C,0.0004890910804681846
RNF166,0.0004890910804681846
CTU2,0.0004890910804681846
GALNS,0.0004890910804681846
PABPN1L,0.0004890910804681846
MVD,0.0004890910804681846
MIR5189,0.0004890910804681846
ZNF778,0.0004890910804681846
LINC00304,0.0004890910804681846
ACSF3,0.0004890910804681846
MIR4722,0.0004890910804681846
CDT1,0.0004890910804681846
PIEZO1,0.0004890910804681846
APRT,0.0004890910804681846
SLC22A31,0.0004890910804681846
CDH15,0.0004890910804681846
CYBA,0.0004890910804681846
ZC3H18,0.0004890910804681846
TRAPPC2L,0.0004890910804681846
SNAI3,0.0004890910804681846
CBFA2T3,0.0004890910804681846
LDHA,0.0004890192048370946
LDHC,0.0004890192048370946
FRMD6,0.0004888351873162
NAB2,0.000488592632492443
TMEM194A,0.000488592632492443
OR4K17,0.00048825642645664946
CHRNB3,0.0004881873196800881
SNORA22|ENSG00000199571.1,0.00048814168233742266
OR11G2,0.0004879772548616252
GPR84,0.00048780871560098553
ZNF385A,0.00048780871560098553
SNORA70|ENSG00000252258.1,0.00048774488296075337
USP46,0.0004877184000376613
RNY1P1,0.0004870981911112866
CNPY2,0.0004861175993831301
STAT2,0.0004861175993831301
PAN2,0.0004861175993831301
IL23A,0.0004861175993831301
APOF,0.0004861175993831301
APLNR,0.00048560089201416564
RNA5SP352,0.00048433938135923155
TBRG1,0.00048433938135923155
KIAA0754,0.0004833976620322326
HSP90AA1,0.00048338488411562024
EMILIN2,0.00048316532479213733
CES5A,0.00048304810501779847
BLID,0.00048260995305999784
SKA1,0.00048118068780105054
LMBR1L,0.00048056858701817166
TUBA1B,0.00048056858701817166
CASP5,0.000480549487031205
PATE4,0.0004799330948718447
NTM,0.000479818437539954
EDEM2,0.000479806022713522
CXXC1,0.00047948746671721675
RNA5SP458,0.00047944869066186157
C14orf183,0.00047923508416924905
METTL21D,0.00047923508416924905
DYTN,0.00047911015081045027
MIR4504,0.00047852517251691556
DYNC1H1,0.00047850694696053653
GAN,0.0004783638341973997
MIR4720,0.0004783638341973997
RN7SL50P,0.00047829321862084747
FERMT2,0.00047823296253676
SNORA26|ENSG00000212588.1,0.0004776318344720427
MIR4449,0.0004776318344720427
GTSF1,0.00047731263894105233
LPCAT2,0.00047576927225742366
MACF1,0.0004757307878536337
LINC00917,0.00047534028917959746
U3|ENSG00000252921.1,0.00047488188480930115
MAF,0.0004739139737448749
ASIC1,0.0004730787993940496
SMARCD1,0.0004730787993940496
DSC2,0.00047241972680988963
RNA5SP361,0.00047226103172652036
CD2BP2,0.00047215953074063367
MIR4267,0.0004721573494450744
RGPD5,0.0004721573494450744
NPHP1,0.0004721573494450744
MIR4436B2,0.0004721573494450744
MIR4436B1,0.0004721573494450744
RGPD6,0.0004721573494450744
LIMS3L,0.0004721573494450744
LIMS3|ENSG00000256977.6,0.0004721573494450744
LIMS3|ENSG00000257207.4,0.0004721573494450744
LINC00116,0.0004721573494450744
MALL,0.0004721573494450744
snoU13|ENSG00000238885.1,0.00047198645423132614
CINP,0.0004717030064721329
snoU13|ENSG00000239061.1,0.0004717030064721329
ZNF839,0.0004717030064721329
WDR20,0.00047125297004969467
RN7SL588P,0.0004711884871335503
STYX,0.0004711884871335503
GPR137C,0.0004711884871335503
ERO1L,0.0004711884871335503
PSMC6,0.0004711884871335503
GNPNAT1,0.0004711884871335503
HERPUD1,0.00047098595877912054
MEX3C,0.0004709481176379319
RASSF6,0.00047071180897474723
BUB1,0.0004706611877733582
PF4V1,0.00047033582200896253
CXCL6,0.00047033582200896253
CXCL1,0.00047033582200896253
OR8B12,0.0004702401912634149
OR8A1,0.0004702401912634149
SLC17A3,0.0004701017170451654
ANO6,0.00046986916583252646
C11orf83,0.00046896940501204036
C11orf48,0.00046896940501204036
LRRN4CL,0.00046896940501204036
UBXN1,0.00046896940501204036
SNORA57|ENSG00000206597.1,0.00046896940501204036
METTL12,0.00046896940501204036
RGP1,0.0004677521607742853
MSMP,0.0004677521607742853
POLR1D,0.00046681242807825106
FLJ14816,0.0004665336022804137
SLC15A3,0.0004660784782028408
TMEM132A,0.0004660784782028408
TMEM109,0.0004660784782028408
PRPF19,0.0004660784782028408
CD6,0.0004660784782028408
RN7SL695P,0.00046592446424416524
LRRC55,0.0004655348453713936
ELAC1,0.0004648990530025562
RN7SL43P,0.00046372880164284494
SBDS,0.00046372880164284494
RDH16,0.00046305772510997354
SNORA64|ENSG00000199566.1,0.0004628266969808684
MIR4494,0.0004628266969808684
RN7SL472P,0.00046261837292763775
ADAM1A,0.0004624773960217008
MMP19,0.00046230221518987345
CALCOCO1,0.00046185782587069473
SLC2A13,0.00046112561240687277
OR9Q1,0.0004608953464031058
LINC00668,0.0004606998727445861
snoU13|ENSG00000238978.1,0.00046042235824886427
PYGL,0.00046028547392192677
ABHD12B,0.00046028547392192677
LINC00526,0.0004600676367579101
LINC00667,0.0004600676367579101
MMP24,0.00046000281221285035
SH2B3,0.0004599539700805528
LINC00519,0.00045956997241406307
VRK1,0.0004582608866079225
UQCC,0.00045770726172218517
THAP1,0.00045752931801266197
DDHD1,0.0004560158547500325
EIF6,0.0004546530677645182
BMP8A,0.00045442590873346836
IL8,0.00045367900261996974
RHEBL1,0.0004529262534019806
DSC1,0.0004520111727258533
VWA5A,0.0004519988702595877
AKT1,0.00045186877553134494
SIVA1,0.00045186877553134494
C14orf180,0.00045186877553134494
MIR4710,0.00045186877553134494
INF2,0.00045186877553134494
ADSSL1,0.00045186877553134494
PLEKHA8P1,0.0004516336969100978
TMEM179,0.00045142639552692116
CEP128,0.00045078751570200233
DHH,0.00044938247721387054
SLC22A9,0.00044831853688235895
ZNF423,0.0004481942692423315
SOS2,0.0004472275714034165
TMX1,0.0004470403112431557
SNORA70|ENSG00000201376.1,0.0004470403112431557
MBTPS1,0.0004468125667225844
SLC12A3,0.0004451604848158852
SIAH1,0.00044500618762222035
RN7SL54P,0.00044500618762222035
HSDL1,0.0004441109828100812
CHGA,0.0004438548831474113
ASB12,0.00044380297636654705
RN7SL799P,0.00044380297636654705
AMER1,0.00044380297636654705
RN7SKP102,0.00044358895464075433
ERP29,0.0004432868258207944
TRIM9,0.0004427696616180957
ZFP64,0.00044266461968566634
STX5,0.0004422592854167802
ZBTB14,0.00044022694742518507
PHLPP1,0.00044010822827894244
SNHG1,0.0004398205996510993
WDR74,0.0004398205996510993
RN7SL97P,0.0004391805938177915
PTGDR2,0.00043900864303420456
ZP1,0.00043900864303420456
WNT1,0.0004388302900532433
WNT10B,0.0004388302900532433
L2HGDH,0.00043873658085306753
PRKAG1,0.0004370891791717401
DDN,0.0004370891791717401
KMT2D,0.0004370891791717401
SMAD4,0.0004362306227434459
ENDOU,0.0004354681867717337
RAPGEF3,0.0004354681867717337
GRAMD1B,0.00043377752672435596
SCN3B,0.00043377752672435596
ZNF202,0.00043377752672435596
MTMR8,0.00043353665378063693
LINC00301,0.0004324580258863064
OR6X1,0.0004319545365068807
MYLPF,0.0004313610048081662
SEPT1,0.0004313610048081662
ZNF48,0.0004313610048081662
ARHGAP20,0.0004304814838612942
CD83,0.00043037974683544407
U7|ENSG00000272215.1,0.0004291944764096668
HDHD1,0.00042911087387524784
VCX,0.00042911087387524784
VCX3A,0.00042911087387524784
MIR651,0.00042911087387524784
MIR4767,0.00042911087387524784
VCX2,0.00042911087387524784
STS,0.00042911087387524784
PNPLA4,0.00042911087387524784
AUTS2,0.0004285491133211466
BBOX1,0.00042836603202883554
TMEM37,0.0004282116629626047
LRIG3,0.00042820719992817786
MUC19,0.0004281465622931938
MTRNR2L9,0.00042773977902262403
OR6M1,0.0004276623787882719
LINC00618,0.00042763867073207897
METTL21A,0.0004276352110829979
IFI27L2,0.00042760828497415506
IFI27,0.00042760828497415506
IFI27L1,0.00042760828497415506
OTUB2,0.00042760828497415506
DDX24,0.00042760828497415506
CHRNA6,0.00042685553629805514
RN7SL705P,0.0004258774159636677
OR6Q1,0.0004255779081242484
FIBIN,0.0004253868942799689
PKNOX2,0.00042496803009804294
OR8D4,0.0004240848674694716
OR4D5,0.00042394792923717217
B4GALT6,0.00042392889287697446
OR10S1,0.0004238537842024668
MS4A8,0.0004237217117309635
SNORA70|ENSG00000252505.1,0.0004233271590051958
BRAP,0.00042252419955324017
MIR4698,0.0004223224161238776
ANKRD9,0.0004221684890599199
MIR3657,0.00042195627157652507
PRKX,0.0004217188540972672
HOOK3,0.0004208354482979911
KCNK17,0.0004200701964268429
KCNK16,0.0004200701964268429
SCTR,0.0004194849743936604
MIR762,0.0004191279887482416
RN7SL149P,0.0004182155780626896
MIER2,0.00041798936550136904
ATP5S,0.00041782772624241507
PCED1B,0.0004175501853982846
CNTN1,0.00041754945885401167
MBD1,0.00041753625561175445
MOK,0.00041690893660051623
DYNLRB2,0.0004168008310808465
MIR4519,0.00041647749862131785
BCL7C,0.00041647749862131785
MC1R,0.00041604151765664945
PRDM7,0.00041604151765664945
URAHP,0.00041604151765664945
AFG3L1P,0.00041604151765664945
CHMP1A,0.00041604151765664945
VPS9D1,0.00041604151765664945
CPNE7,0.00041604151765664945
ZNF276,0.00041604151765664945
TCF25,0.00041604151765664945
SPIRE2,0.00041604151765664945
SPG7,0.00041604151765664945
SPATA33,0.00041604151765664945
SPATA2L,0.00041604151765664945
CDK10,0.00041604151765664945
SNORD68,0.00041604151765664945
DBNDD1,0.00041604151765664945
DEF8,0.00041604151765664945
CENPBD1,0.00041604151765664945
C16orf3,0.00041604151765664945
FAM157C,0.00041604151765664945
FANCA,0.00041604151765664945
GAS8,0.00041604151765664945
RPL13,0.00041604151765664945
DPEP1,0.00041604151765664945
TUBB3,0.00041604151765664945
TUBB8P7,0.00041604151765664945
TMEM177,0.0004154900231906456
PCDP1,0.0004154900231906456
SLC22A25,0.00041521454522302126
TTR,0.00041469306464805936
RN7SL546P,0.00041454075308637286
MIR4309,0.00041454075308637286
NBEAL1,0.0004144193725921838
EPB41L3,0.00041384505969297347
FBXO31,0.00041384032779431996
SNORD13,0.00041355513025095604
TTI2,0.00041355513025095604
MAK16,0.00041355513025095604
RN7SL603P,0.00041226110697443623
CCDC86,0.00041186769653855075
SNORD112|ENSG00000252572.1,0.00041175238865607026
snR65|ENSG00000252576.1,0.00041170936272864607
CCDC15,0.0004113507051911725
AMIGO2,0.00041105996675616733
MIR4493,0.0004105622170299843
C18orf42,0.000410283770333336
MPEG1,0.00041025389081370553
DTX4,0.00041025389081370553
SLC22A10,0.00041024834957560446
DSG2,0.00040988364935586925
PANX3,0.0004098680430713357
RNF122,0.0004095888513184137
DUSP26,0.0004090141770099471
RN7SL621P,0.0004090141770099471
SOWAHC,0.00040860625322325573
SEPT10,0.00040860625322325573
HDX,0.0004085530135872721
snoU13|ENSG00000239079.1,0.0004076318053336618
HSBP1,0.00040733458245277533
GLYCAM1,0.00040703764985331755
OXCT2,0.00040688109566299857
CCDC11,0.0004063342840647622
RN7SL310P,0.0004063342840647622
GLIPR1L2,0.0004062699056315233
snoU13|ENSG00000239186.1,0.0004056621034947364
LACRT,0.00040561651761696294
DCD,0.00040561651761696294
MAP1LC3B,0.00040520744966926806
STEAP3,0.0004050844284471929
ZC4H2,0.0004050482516606091
ANK1,0.0004045909489463199
OR8B2,0.0004044085552160656
OR8B3,0.0004044085552160656
TMEM218,0.00040315436365995347
KRT18P59,0.00040289489778898215
SNORA20|ENSG00000201660.1,0.00040270297915867646
ZBTB39,0.00040207379477511277
HBCBP,0.00040207379477511277
TAC3,0.00040207379477511277
MYO1A,0.00040207379477511277
GPR182,0.00040207379477511277
VAPA,0.00040173303355599775
RAB31,0.000401193694279102
PPP4R4,0.00040040271037658254
RN7SL42P,0.00039982142628280335
SNORA38|ENSG00000201042.1,0.0003988200927888208
C16orf95,0.0003985251073858663
SNORA1|ENSG00000202059.1,0.00039840307964882955
STAT6,0.00039800372661027316
OR5AK2,0.00039787762146644025
ITGA5,0.0003964502146924765
UBASH3B,0.0003962148211871708
ZDHHC7,0.0003959454454345399
FAM92B,0.000395084860236605
KIAA0513,0.000395084860236605
OR8B4,0.00039498549310601873
OR8B8,0.00039498549310601873
SLC7A5,0.00039442882727035985
CA5A,0.0003938965496210311
CASP4,0.00039335550129580724
CASP12,0.00039335550129580724
RN7SL452P,0.0003932966452482032
SAV1,0.0003926985307064735
PPIE,0.0003919623711696736
RN7SL468P,0.00039113380519856955
C1QL2,0.00039113380519856955
TECPR2,0.00039056677892151346
SNX29P2,0.00039026367138640184
DANCR,0.00038956564212111884
C18orf32,0.0003894426884144478
TMEM200C,0.00038927277577468204
HSPA8,0.00038907575251838263
SNORD14E,0.00038907575251838263
SNORD14C,0.00038907575251838263
SNORD14D,0.00038907575251838263
NT5C1A,0.0003885259735768121
HEYL,0.0003885259735768121
SNORA55,0.0003885259735768121
PABPC4,0.0003885259735768121
HPCAL4,0.0003885259735768121
BSCL2,0.0003879507678641557
HNRNPUL2,0.0003879507678641557
GNG3,0.0003879507678641557
SNORA48|ENSG00000212383.1,0.0003868420265134501
RN7SL134P,0.00038656645569620297
MTHFSD,0.00038557906912337346
FOXL1,0.00038557906912337346
FOXC2,0.00038557906912337346
CARF,0.0003852533558577773
WDR12,0.0003852533558577773
MIR3976,0.0003846145020322589
USP25,0.0003845513139033135
OR6T1,0.0003840475518011692
NRG1,0.0003835617492675453
MYL6B,0.00038322833271948087
MYL6,0.00038322833271948087
SMARCC2,0.00038322833271948087
RN7SL862P,0.0003825280066540143
RNA5SP449,0.0003825280066540143
TXNDC2,0.0003825280066540143
RNA5SP450,0.0003825280066540143
GLYATL1P2,0.00038241262490547914
FENDRR,0.00038015954471650685
FOXF1,0.00038015954471650685
MARCO,0.0003796712729558827
ZCCHC2,0.00037934614953769985
SDR9C7,0.0003789897357632331
CREB1,0.00037853145492169405
ANKRD11,0.0003784604977904951
BBS2,0.0003779892818040347
CMIP,0.00037743773047969176
GLIPR1,0.0003765675465598862
CRTAM,0.0003763979353570122
SLX1A,0.0003759144779162469
snoU13|ENSG00000239193.1,0.0003759144779162469
RN7SKP127,0.0003759144779162469
QPRT,0.0003759144779162469
SEZ6L2,0.0003759144779162469
YPEL3,0.0003759144779162469
SULT1A4,0.0003759144779162469
SLX1B,0.0003759144779162469
SPN,0.0003759144779162469
SULT1A3,0.0003759144779162469
TAOK2,0.0003759144779162469
snoU13|ENSG00000239114.1,0.0003759144779162469
snoU13|ENSG00000238639.1,0.0003759144779162469
TBX6,0.0003759144779162469
PRRT2,0.0003759144779162469
ZG16,0.0003759144779162469
TMEM219,0.0003759144779162469
CDIPT,0.0003759144779162469
MVP,0.0003759144779162469
PPP4C,0.0003759144779162469
MAZ,0.0003759144779162469
CORO1A,0.0003759144779162469
DOC2A,0.0003759144779162469
FAM57B,0.0003759144779162469
GDPD3,0.0003759144779162469
C16orf92,0.0003759144779162469
HIRIP3,0.0003759144779162469
INO80E,0.0003759144779162469
KCTD13,0.0003759144779162469
C16orf54,0.0003759144779162469
BOLA2,0.0003759144779162469
KIF22,0.0003759144779162469
ASPHD1,0.0003759144779162469
MAPK3,0.0003759144779162469
BOLA2B,0.0003759144779162469
ALDOA,0.0003759144779162469
PAGR1,0.0003759144779162469
HAO2,0.0003757021466301014
LINC00615,0.00037396947111129433
snoU13|ENSG00000238544.1,0.00037344095150002076
ATXN2,0.0003734204841178199
POF1B,0.0003729540150957651
ZNF711,0.0003729540150957651
APOOL,0.0003729540150957651
UBE2DNL,0.0003729540150957651
SATL1,0.0003729540150957651
BMP8B,0.00037160960088538264
LAMA3,0.0003712624468853827
KLF7,0.00037068311534596495
MIR2355,0.0003706831153459646
CPO,0.0003706235378694281
LGR4,0.00037042921182350527
ACOXL,0.00036989787487193136
TMEM225,0.0003688902012136194
ASB2,0.0003664928375621719
MFSD2A,0.0003664854395794418
OR10G8,0.0003664766648693562
OR10G7,0.0003664766648693562
LINC00521,0.0003663495510985949
MIR432,0.0003655783158721724
MIR127,0.0003655783158721724
MEG8,0.0003655783158721724
MIR370,0.0003655783158721724
SNORD112|ENSG00000251769.1,0.0003655783158721724
SNORD112|ENSG00000252873.1,0.0003655783158721724
SNORD112|ENSG00000251949.1,0.0003655783158721724
SNORD112|ENSG00000252144.1,0.0003655783158721724
SNORD112|ENSG00000251918.1,0.0003655783158721724
SNORD113|ENSG00000200150.1,0.0003655783158721724
MIR136,0.0003655783158721724
PRIMA1,0.0003645584703038816
MIR4506,0.0003645584703038816
FAM181A,0.0003645584703038816
NKD1,0.00036446185548334487
SNX20,0.00036446185548334487
LIPG,0.00036350828515049254
SNORD58B,0.00036350828515049254
SNORD58A,0.00036350828515049254
SNORD58C,0.00036350828515049254
RPL17,0.00036350828515049254
MIR1539,0.00036350828515049254
FUT10,0.00036164202921602935
KIF6,0.00036096619879126676
snoU13|ENSG00000238790.1,0.00035992036504837245
MIR4693,0.0003597742508942139
RPAP3,0.00035904360056258596
NUDT21,0.00035883386796257906
OGFOD1,0.00035883386796257906
MIR665,0.0003586141929283239
MIR433,0.0003586141929283239
MIR431,0.0003586141929283239
MIR337,0.0003586141929283239
RTL1,0.0003586141929283239
MIR493,0.0003586141929283239
MEG3,0.0003586141929283239
OR10G4,0.0003578196009962294
OR10G9,0.0003578196009962294
CYB5B,0.00035768498178006955
ANO4,0.00035764128840870286
SNORD113|ENSG00000201036.1,0.0003571839924332831
SNORD113|ENSG00000201500.1,0.0003571839924332831
SNORD113|ENSG00000201710.1,0.0003571839924332831
SNORD113|ENSG00000222095.1,0.0003571839924332831
SNORD112|ENSG00000252009.1,0.0003571839924332831
SNORD113|ENSG00000222185.1,0.0003571839924332831
IGSF1,0.00035643657258262716
OR13H1,0.00035643657258262716
NECAB2,0.0003563095056537161
MLYCD,0.00035625503823612524
OSGIN1,0.00035625503823612524
RN7SL506P,0.0003561804855368121
EID3,0.0003561290198750508
MIR379,0.00035585676637388557
MIR411,0.00035585676637388557
RPS6KA5,0.00035512780996463215
SNORA11B,0.000354459112826969
RN7SKP103,0.00035429426976997384
ANKRD30BL,0.00035429426976997384
MIR663B,0.00035429426976997384
TBX15,0.0003539248158107604
IRF8,0.00035333495618305647
RNA5SP431,0.00035332039071613925
TXNRD1,0.0003528133127321253
CNTF,0.00035183294386035305
HSD3B2,0.0003513043243316264
RCOR1,0.0003508949241230954
SNORA74|ENSG00000252917.1,0.0003507941212616299
KCNC2,0.00035078838218917944
KLHDC4,0.00035054098012869944
LIN7C,0.00034888274393280843
RNA5SP339,0.00034888274393280843
NOD2,0.00034822523105742235
STAB2,0.0003478006820722831
snoU13|ENSG00000239087.1,0.00034710381306370276
MIR342,0.00034610851979969474
DEGS2,0.00034610851979969474
MIR151B,0.00034610851979969474
CNTNAP5,0.00034606199138190375
CAPS2,0.00034601213910300926
CNGB1,0.0003460032899077228
LINC00678,0.00034596293560963724
ATXN7L3B,0.0003454761059753387
GLYAT,0.00034415598286034076
snoU13|ENSG00000238626.1,0.0003429606759395389
RN7SL537P,0.0003429453378679481
C14orf80,0.0003428669024160101
CRIP1,0.0003428669024160101
DSG4,0.00034268041462740483
OR9G1,0.0003415286422843763
NLRC5,0.00034123291046267846
PDE1B,0.00034119354805964606
PPP1R1A,0.00034119354805964606
DSG3,0.00034086388917005817
C16orf82,0.00034071208926125145
FLJ00104,0.00034034267125985823
RALBP1,0.00033903971616457926
RNA5SP432,0.0003390215473103972
SLC38A8,0.0003390215473103972
SHB,0.0003385062879042834
DSEL,0.0003380970435411984
U8|ENSG00000200496.1,0.0003375356253370009
JPH3,0.0003374433006354333
SNORD112|ENSG00000252077.1,0.00033723949487858774
ACVR2A,0.000336861303933576
PAMR1,0.0003359704641350206
C11orf44,0.00033542933529839765
SNORD56|ENSG00000200112.1,0.0003352306782412642
snoU13|ENSG00000239068.1,0.00033489280817282477
LAMA1,0.00033438043920749433
SERPING1,0.00033364234845798544
SNORA28,0.0003334229292835956
MIR4265,0.00033271139324363364
LPAR4,0.00033260707809248865
ZCCHC5,0.00033260707809248865
NQO1,0.000332582687334309
snoU13|ENSG00000238683.1,0.000332582687334309
SNORA4|ENSG00000202183.1,0.00033162087587636024
KCNK5,0.0003312426878722041
OSBP,0.00033124162190853955
GLIPR1L1,0.0003299894210775918
MIR620,0.0003285824093154093
SH2D1A,0.0003284445997314302
YPEL4,0.0003281484297901966
MIR130A,0.0003281484297901966
CLP1,0.0003281484297901966
TWSG1,0.00032807098484651204
MIR4266,0.00032697556823661024
C14orf159,0.00032647570487469725
WWP2,0.00032596315777518915
ZC3H12B,0.0003258688597686341
LAS1L,0.0003258688597686341
RN7SL10P,0.00032489210505389437
RN7SKP255,0.00032458932856234684
NCKAP1L,0.0003244647914488435
TNFRSF11A,0.00032437893684672797
AMN,0.0003238013860556836
SNORA26|ENSG00000212490.1,0.000323788170353498
RBM19,0.0003237054085155351
MIR421,0.0003236366076775354
MIR374B,0.0003236366076775354
RN7SL648P,0.0003236366076775354
RN7SL641P,0.00032360563322113707
MIR374A,0.00032360563322113707
ZCCHC13,0.00032360563322113707
RN7SL790P,0.00032360563322113707
MIR545,0.00032360563322113707
SLC16A2,0.00032360563322113707
MTA1,0.0003235477756405404
TEX22,0.0003235477756405404
DKK4,0.00032322796645162173
BRD7,0.00032261622921140654
DLK1,0.000322592209793248
LINC00523,0.000322592209793248
MIR2392,0.000322592209793248
MIR770,0.000322592209793248
CDC42BPB,0.0003223964173297477
KIAA1468,0.00032163876226830974
NSMCE1,0.00032139223454382993
EFCAB11,0.00032131067675740814
SPATA7,0.0003211006862489802
COX4I1,0.00032100789239068224
PTPN4,0.0003205593535607301
MIR1228,0.0003203689285849687
LRP1,0.0003203689285849687
NXPH4,0.0003203689285849687
PTPN21,0.00032022152598702464
ZC3H14,0.00032022152598702464
snoU13|ENSG00000238368.1,0.00032007923470866697
SNORD59A,0.0003196067869647172
ATP5B,0.0003196067869647172
CFC1,0.0003189789076392124
CYP4F30P,0.0003189789076392124
POTEJ,0.0003189789076392124
CFC1B,0.0003189789076392124
POTEI,0.0003189789076392124
MRO,0.0003188813538875123
TENM1,0.00031880593547118854
RLIM,0.0003186497201974106
SNORA62|ENSG00000252443.1,0.0003179418454859028
CRIP2,0.0003178136348237051
AP3M2,0.0003174840292772489
MYO3B,0.0003161039172476325
NRDE2,0.00031590412113372186
CALM1,0.00031590412113372186
MIR616,0.00031538553503684627
DDIT3,0.00031538553503684627
MBD6,0.00031538553503684627
MARS,0.00031538553503684627
RN7SL312P,0.00031538553503684627
ARHGAP9,0.00031538553503684627
GLYATL1,0.0003153092608259057
PSMC1,0.0003151873535316176
MIR5093,0.00031497546054508183
LINC00911,0.0003145342786233385
snoU13|ENSG00000238853.1,0.00031450589582495
ZCRB1,0.00031333993594980154
GLYATL2,0.0003132456771479835
MIR1538,0.00031301289185830313
L3MBTL4,0.0003124313377908203
NRXN3,0.0003104626918388049
RNU3P3,0.00031036231175000115
PSMA8,0.0003099884278573988
ORC4,0.00030975908534095327
FTO,0.0003095249200115655
EIF5,0.00030932441853628124
NOB1,0.00030919692775951654
KIAA2022,0.0003086707828277615
RN7SL381P,0.0003083414475819522
TRIT1,0.00030753268312927934
KCNK10,0.000307330908642928
snoU13|ENSG00000238528.1,0.00030694046933627163
STARD8,0.00030647838084669994
SLC5A12,0.00030642663199357607
SLC38A4,0.0003060580488428572
LINC00173,0.00030543698688385255
MYCL,0.0003046939199003933
PPP4R1,0.0003041873521690506
SERPINA10,0.00030409158267440594
FBLN5,0.00030326812428078373
CCDC34,0.00030300310873709543
BDNF,0.00030246208543015495
snoU13|ENSG00000238591.1,0.00030233632573338953
KDM8,0.000302151955573995
LINC00638,0.00030157996858541885
CEP170B,0.00030157996858541885
MUCL1,0.00030149320394262636
TDP1,0.00030054961515739225
AHNAK2,0.000300034438443381
BEGAIN,0.0002996708631927394
PLD4,0.0002985925036188353
CPSF2,0.00029818652196920373
YY1,0.0002981338743940704
IWS1,0.0002979412192637872
TERF2,0.0002976744035122442
OR5G5P,0.0002966716080605954
KCNK13,0.0002965681951175779
RN7SL435P,0.00029583854885358127
LINC00311,0.0002953930738740877
NDUFB1,0.00029513465991336924
CCDC115,0.00029498992483990394
POTEF,0.00029498992483990394
TUBA3E,0.00029498992483990394
PTPN18,0.00029498992483990394
MZT2B,0.00029498992483990394
IMP4,0.00029498992483990394
SMPD4,0.00029498992483990394
CYP4F43P,0.00029498992483990394
CCDC74B,0.00029498992483990394
RN7SKP92,0.0002943390757472305
CYP27C1,0.00029404917794267557
SNORA48|ENSG00000212181.1,0.00029367088607594764
RNF182,0.00029303415209532593
BCMO1,0.00029285260623605975
RN7SL523P,0.0002925846964733153
MIR345,0.0002925846964733153
SLC25A47,0.0002925846964733153
WARS,0.0002925846964733153
ZNF319,0.00029208044409442465
KCNA4,0.00029186355327147844
TEPP,0.0002913327644901065
VPS4A,0.0002911067918320197
ADAM6,0.00029070246024879545
IGHD,0.00029070246024879545
IGHA2,0.00029070246024879545
TMEM121,0.00029070246024879545
LINC00226,0.00029070246024879545
IGHJ2,0.00029070246024879545
LINC00221,0.00029070246024879545
IGHJ1,0.00029070246024879545
IGHJ4,0.00029070246024879545
KIAA0125,0.00029070246024879545
IGHG4,0.00029070246024879545
IGHG3,0.00029070246024879545
IGHM,0.00029070246024879545
IGHA1,0.00029070246024879545
IGHJ3,0.00029070246024879545
IGHJ6,0.00029070246024879545
IGHJ5,0.00029070246024879545
IGHG2,0.00029070246024879545
IGHG1,0.00029070246024879545
IGHE,0.00029070246024879545
RNA5SP389,0.00029070246024879545
STAG2,0.00029046912081036487
PLBD2,0.00028999758335347095
SDS,0.00028999758335347095
SDSL,0.00028999758335347095
LHX5,0.00028999758335347095
C11orf63,0.0002898963947027608
GSE1,0.00028974646567980826
GINS2,0.00028974646567980826
GPR148,0.0002895016130279205
PDGFD,0.0002893696458253399
SLC25A29,0.00028845046357565285
WDR25,0.000288425689287109
C12orf52,0.0002881017658186169
CCDC42B,0.0002881017658186169
DDX54,0.0002881017658186169
IQCD,0.0002881017658186169
DTX1,0.0002881017658186169
RASAL1,0.0002881017658186169
NFAT5,0.0002876282939460507
FAM111A,0.00028731144025256547
RN7SL282P,0.00028701735665912414
RN7SL723P,0.00028701735665912414
RPL6P27,0.00028701735665912414
MAP1LC3B2,0.00028654777090897306
C12orf49,0.00028654777090897306
TRAF3,0.00028636032044094265
IRAK3,0.0002861744115217409
MS4A13,0.00028567118776161754
MS4A12,0.00028567118776161754
OAS2,0.0002844767960266986
UTP14A,0.00028351084131988605
ZDHHC9,0.00028351084131988605
BIN1,0.00028326422231922177
HSD17B6,0.00028314031780231515
LINC00642,0.000283036406754412
OR9G4,0.0002826505807917904
PAK3,0.0002826006746019051
SLC24A4,0.0002824600434727028
NIP7,0.0002820406322299702
PDF,0.0002820406322299702
COG8,0.0002820406322299702
TMED6,0.0002820406322299702
DCTPP1,0.000281588329571846
ZNF771,0.000281588329571846
SNORA42|ENSG00000199787.1,0.000281588329571846
HRK,0.00028103637196218964
TC2N,0.0002808413059729679
snoU13|ENSG00000239013.1,0.00027916101755764077
CLEC3A,0.00027855266888281654
CDH13,0.0002780521797728684
MIR299,0.00027779451642060625
CDH2,0.00027774236525840147
PTPRM,0.0002770899016516859
FBXW8,0.00027678016550551204
TESC,0.00027678016550551204
ZCCHC14,0.0002765767221958404
MIR376A1,0.00027645584875724883
MIR381,0.00027645584875724883
MIR154,0.00027645584875724883
MIR381HG,0.00027645584875724883
MIR539,0.00027645584875724883
MIR654,0.00027645584875724883
MIR889,0.00027645584875724883
MIR544A,0.00027645584875724883
MIR377,0.00027645584875724883
MIR496,0.00027645584875724883
MIR376C,0.00027645584875724883
MIR494,0.00027645584875724883
MIR1193,0.00027645584875724883
MIR655,0.00027645584875724883
MIR487A,0.00027645584875724883
MIR323B,0.00027645584875724883
MIR487B,0.00027645584875724883
MIR485,0.00027645584875724883
MIR134,0.00027645584875724883
MIR495,0.00027645584875724883
MIR382,0.00027645584875724883
MIR543,0.00027645584875724883
MIR300,0.00027645584875724883
PLAT,0.00027594042506187097
MIR3162,0.0002745000134949112
GPR65,0.000274365198693018
SLC24A6,0.0002737893850884566
CDH8,0.00027370139017068434
VDAC3,0.000273505037780064
SHMT2,0.00027310104712500056
TPCN1,0.0002728768926925597
snoU13|ENSG00000238679.1,0.00027282142935222204
CHM,0.0002726786855900779
ATXN3,0.0002722372948742689
TRIP11,0.0002722372948742689
ZNF629,0.00027176928765940275
CALB2,0.00027100926197754036
FAM111B,0.00027035120921747874
SSRP1,0.00026971391359925504
snoU13|ENSG00000238692.1,0.00026971391359925504
SLC43A3,0.0002695651824368606
MIR380,0.0002691798495062322
MIR1197,0.0002691798495062322
MIR323A,0.0002691798495062322
MIR758,0.0002691798495062322
RN7SL865P,0.00026883606450135743
MIR4783,0.0002686720985498827
PROC,0.0002686720985498827
HCCAT5,0.00026724056899360844
C16orf47,0.00026724056899360844
OR5M1,0.0002670232444879251
SEPHS2,0.00026668411125284976
RN7SKP107,0.00026664874747661226
DBI,0.00026589076669975074
MT4,0.00026588521157872155
PRG3,0.00026585896266043975
PRG2,0.00026585896266043975
P2RX3,0.00026585896266043975
C2orf76,0.000265858135392731
RN7SL240P,0.0002655149030367285
OR4D11,0.00026525599848856835
OR4D9,0.00026525599848856835
CDCA4,0.0002645411090123048
U3|ENSG00000200042.1,0.0002645068442906359
RNFT2,0.0002641587348313881
ROCK1P1,0.0002636084509935938
THOC1,0.0002636084509935938
USP14,0.0002636084509935938
CATSPERB,0.0002630985079474387
SMEK1,0.0002630985079474387
LGMN,0.0002623901399656712
AHSP,0.0002618242870081961
TGFB1I1,0.0002618242870081961
COX6A2,0.0002618242870081961
ZNF843,0.0002618242870081961
ARMC5,0.0002618242870081961
C16orf58,0.0002618242870081961
SLC5A2,0.0002618242870081961
SAP130,0.0002617124981812908
MRPL16,0.0002614054501452937
SLC9A2,0.0002610982349794978
GPR68,0.0002610322013444967
PRIM1,0.00026093605051321045
NACA,0.00026093605051321045
WARS2,0.0002606960932205243
C14orf79,0.00025859071169983
ITGAL,0.00025847970431426575
MIR4518,0.00025847970431426575
ZNF768,0.00025847970431426575
MED13L,0.00025843472999051523
FSHB,0.0002573983375297482
GOLGA5,0.00025715157674872864
IL18RAP,0.0002569321710054914
MIR4772,0.0002569321710054914
SLC9A4,0.0002569321710054914
ADAM23,0.00025616833965112876
LRRK2,0.00025503344090952313
BSX,0.000254992271379036
TNKS1BP1,0.00025439460387263914
ADCY7,0.00025354936122492274
SMARCA1,0.0002529083598680331
DIAPH2,0.00025262754123513517
RIN3,0.00025217060188879187
GIF,0.00025152717425530455
TCN1,0.00025152717425530455
GSC,0.00025147905566679125
GALC,0.0002511598475748877
HSD3B1,0.0002508463585642297
RNF40,0.00024994976893710975
FBXO21,0.0002497955712556838
XPNPEP2,0.00024969282491281485
SASH3,0.00024965099681583644
XIST,0.00024901139859995436
POLR2D,0.0002486965905233056
RNY4P7,0.0002486965905233056
AMMECR1L,0.0002486965905233056
RNA5SP513,0.00024748116428508003
LRRC37A7P,0.00024708849816569025
RN7SKP44,0.00024708849816569025
SLC25A52,0.00024708849816569025
OOSP1,0.0002455399314458436
RN7SKP259,0.000245513228552997
RNA5SP341,0.000245513228552997
AKTIP,0.00024538025988078644
RBL2,0.00024538025988078644
TTC7B,0.00024499732612085596
SERPINA1,0.0002448539420745625
CCDC88C,0.0002445577459898792
FLRT2,0.00024453954486677664
DDX19B,0.0002441373357691479
RN7SL508P,0.00024373324841440536
RN7SL279P,0.00024358570830588746
RN7SL407P,0.00024358570830588746
RPGRIP1L,0.0002429269703273222
SRRM4,0.00024279383276278458
SERPINA12,0.00024237659453324434
SERPINA5,0.00024237659453324434
SERPINA3,0.00024237659453324434
SERPINA9,0.00024237659453324434
SERPINA4,0.00024237659453324434
RFX8,0.00024065318729629565
ARL14EP,0.00024018728658641697
MIR4527,0.00023892570538974165
OLA1,0.0002376110503140861
EML5,0.00023755806237557933
TTC8,0.00023632891793290786
FLJ20373,0.00023568843326006355
GPR132,0.00023565638191251932
YIPF6,0.00023452092191965325
U3|ENSG00000206761.1,0.0002344422790149519
RN7SL65P,0.00023324515371115582
CYLD,0.00023163022631376884
HSD17B8,0.00023083500395749992
RNY4P10,0.00023083500395749992
RXRB,0.00023083500395749992
COL11A2,0.00023083500395749992
RING1,0.00023083500395749992
SLC39A7,0.00023083500395749992
MTM1,0.0002306030274473838
SNORA19|ENSG00000251822.1,0.00023058223397834428
MEG9,0.0002280731194770396
MIR656,0.0002280731194770396
MIR412,0.0002280731194770396
MIR369,0.0002280731194770396
MIR410,0.0002280731194770396
MIR409,0.0002280731194770396
MIR541,0.0002280731194770396
C16orf80,0.0002267052111945571
USB1,0.0002267052111945571
MMP15,0.0002267052111945571
THOC2,0.00022664554347769214
RN7SL29P,0.00022664554347769214
ABCB7,0.00022611611291221875
ACMSD,0.0002260423038915789
PTGES3,0.00022536732800670242
RN7SL809P,0.00022536732800670242
OR5AP2,0.00022484481602207826
OR5AR1,0.00022484481602207826
NOS1,0.00022481156036213335
RTN4RL2,0.00022478500664311257
SLC43A1,0.00022478500664311257
WWC3,0.00022413765822784816
CLCN4,0.00022413765822784816
SERPINB5,0.00022369841871088336
CLEC18C,0.00022343832642717363
CLEC18A,0.00022343832642717363
PDPR,0.00022343832642717363
PDXDC2P,0.00022343832642717363
MIR140,0.00022339289828314033
APLN,0.00022308492672240264
HIST1H2BK,0.00022220134493670734
PRSS16,0.00022220134493670734
MIR3143,0.00022220134493670734
HIST1H2AH,0.00022220134493670734
HIST1H4I,0.00022220134493670734
HIST1H2AG,0.00022220134493670734
GPR17,0.00022185241767302174
LIMS2,0.00022185241767302174
BRD2,0.00022008330974238388
RND3,0.00021994579495539682
PACS2,0.00021850772345089872
NOL7,0.0002178766068522637
RANBP9,0.0002178766068522637
RN7SKP204,0.00021770185996221225
SIRT5,0.00021770185996221225
CYLC1,0.00021705240556262786
SLC38A2,0.00021596471039508867
SLC38A1,0.00021596471039508867
SERPINB13,0.0002154640690633803
SERPINB12,0.0002154640690633803
FTX,0.0002153989509984098
MAP4K4,0.0002153509436822576
DIO3OS,0.00021428980057284084
HIST1H2BJ,0.00021414655854430197
POLB,0.00021405897003632187
MYO7B,0.0002134435121522464
HCG24,0.00021282114981309997
PHKG2,0.00021195371047242763
C16orf93,0.00021195371047242763
ZNF23,0.00021162093241462032
POU3F4,0.0002115846503383001
SNORD11B,0.00021005683818065568
NOP58,0.00021005683818065568
SNORD11|ENSG00000238317.1,0.00021005683818065568
BRF1,0.00020985051475673204
BTBD6,0.00020985051475673204
MT1L,0.0002093649757015776
MT1DP,0.0002093649757015776
MT1H,0.0002093649757015776
MT1B,0.0002093649757015776
MT1F,0.0002093649757015776
MT1G,0.0002093649757015776
MT2A,0.0002093649757015776
MT1M,0.0002093649757015776
MT3,0.0002093649757015776
MT1JP,0.0002093649757015776
MT1E,0.0002093649757015776
MT1A,0.0002093649757015776
MT1X,0.0002093649757015776
RN7SL753P,0.0002091280032329967
RNA5SP427,0.00020786265309739397
snoU13|ENSG00000238645.1,0.00020786265309739397
U3|ENSG00000212321.1,0.0002071025481776729
SNORD74|ENSG00000201025.1,0.0002064741999243012
PPARD,0.00020599965319923705
DEF6,0.00020599965319923705
SCUBE3,0.00020599965319923705
ZNF76,0.00020599965319923705
SNORD70|ENSG00000212534.1,0.00020554628531202227
SNORD70|ENSG00000212309.1,0.00020554628531202227
LYPD6,0.00020545528787260014
RBM43,0.00020519405552184885
NMI,0.00020519405552184885
CNEP1R1,0.00020475000663738302
HEATR3,0.00020475000663738302
RNY4P3,0.00020475000663738302
PAPD5,0.00020475000663738302
MS4A6A,0.0002047268179896164
CCER1,0.00020346566535728007
JPX,0.0002034221611910712
snoU13|ENSG00000239038.1,0.00020296667975992801
RNU6ATAC28P,0.00020112616419224954
CKB,0.00020027473122940714
TRMT61A,0.00020027473122940714
APOPT1,0.00020027473122940714
BAG5,0.00020027473122940714
SNORA27|ENSG00000252459.1,0.00019980456612043378
TBX3,0.00019980456612043378
ZDBF2,0.00019955981801550508
SAMSN1,0.0001994266649845105
DCAF12L2,0.00019930565174458405
SPANXB2,0.00019920001316850585
MIR320D2,0.00019920001316850585
SPANXB1,0.00019920001316850585
CXorf30,0.00019903501357176204
RNA5SP514,0.00019879325940217246
DIO3,0.0001984736900316916
TMEM185B,0.0001979508889747792
RALB,0.0001963867281862972
INHBB,0.00019631727703159642
RN7SKP166,0.00019608432143165144
FTSJD1,0.00019461271021616597
RPS2P45,0.00019456874089409206
AMER3,0.00019397802908369786
SNORA70|ENSG00000252526.1,0.00019237792376743728
EPB41L5,0.0001918572803316303
GORASP2,0.00019016049305188083
PMFBP1,0.00018919902587844612
LINC00524,0.00018763086334529406
LONP2,0.00018745257681051312
P2RY10,0.00018717526931332613
MARK3,0.0001871044303797449
SMIM19,0.00018699092910287913
RNA5SP103,0.00018578738057131852
IL1R2,0.00018478075494580607
ZNF747,0.00018470923695809233
CXorf64,0.0001844848463184805
IL1R1,0.00018410331236261846
IL21R,0.00018342778216707303
PLAC1L,0.00018331938859050018
NPIPB11,0.0001825036273577834
MAGEE2,0.0001812651000474945
ZDHHC15,0.0001812651000474945
UPRT,0.0001812651000474945
MCUR1,0.000181223446663973
RN7SKP216,0.00018104618454191647
N4BP1,0.00018099111769997753
RNA5SP426,0.00017912150305857878
RN7SL714P,0.0001787831190030189
C16orf74,0.0001787106767077911
MIR1910,0.0001787106767077911
IER3IP1,0.00017852840489384464
HDHD2,0.00017852840489384464
SERPINB11,0.00017845331041773779
EMC8,0.0001780779707394017
MS4A4E,0.00017773699315357976
IL18R1,0.00017754680512393052
IL1RL1,0.00017754680512393052
SERPINB4,0.00017709646598560496
SERPINB3,0.00017709646598560496
MS4A3,0.0001765584374690727
OR4C13,0.00017638335527655455
RNA5SP516,0.0001758706888824701
BCL2,0.00017562937794336178
HELB,0.00017367722770624975
RN7SL206P,0.00017357776807798778
UGGT1,0.00017357776807798778
LINC00605,0.0001731556464082623
TAF11,0.00017224810797809487
SNRPC,0.00017224810797809487
UHRF1BP1,0.00017224810797809487
GRIA3,0.00017197853507709929
MBD5,0.00017155845923506015
SKOR2,0.0001706226386620039
EXOC3L4,0.00016890740886338186
LINC00677,0.00016890740886338186
TNFAIP2,0.00016890740886338186
LYPD6B,0.00016874370491356912
MS4A2,0.00016803864942916365
TBX5,0.00016800363065449942
TNFAIP6,0.00016762580181538554
RN7SL124P,0.00016762580181538554
CYP4F31P,0.0001656955699716717
MIR4784,0.0001656955699716717
MZT2A,0.0001656955699716717
TUBA3D,0.0001656955699716717
POTEE,0.0001656955699716717
DCAF12L1,0.00016522718234907868
OR5AN1,0.00016480886705711747
ANKRD30BP2,0.00016468221806339344
CYP4F29P,0.00016468221806339344
MIR3648,0.00016468221806339344
SNORA70|ENSG00000252199.1,0.00016468221806339344
RN7SL52P,0.00016468221806339344
TEKT4P2,0.00016468221806339344
TPTE,0.00016468221806339344
BAGE2,0.00016468221806339344
POTED,0.00016468221806339344
MIR3687,0.00016468221806339344
ANKRD20A11P,0.00016468221806339344
SERPINB7,0.0001645161026713846
RN7SL246P,0.00016381421956731268
LEMD2,0.0001631353036060888
MLN,0.0001631353036060888
PHKB,0.00016163951701044364
RNA5SP425,0.00016163951701044364
RNA5SP424,0.00016163951701044364
RGL2,0.00016057085053448653
PFDN6,0.00016057085053448653
WDR46,0.00016057085053448653
B3GALT4,0.00016057085053448653
RPS18,0.00016057085053448653
VPS52,0.00016057085053448653
TAPBP,0.00016057085053448653
STAC3,0.00016039878812267058
NDUFA4L2,0.00016039878812267058
OR4D10,0.00015994170197835232
OR4D6,0.00015994170197835232
SMTNL1,0.00015887934312213396
UBE2L6,0.00015887934312213396
TIMM10,0.00015887934312213396
CHDC2,0.0001575679158612376
OR4C12,0.0001573113958471364
CT45A4,0.00015627248941428636
SAGE1,0.00015627248941428636
DDX26B,0.00015627248941428636
CXorf48,0.00015627248941428636
CT45A6,0.00015627248941428636
CT45A5,0.00015627248941428636
CT45A2,0.00015627248941428636
CT45A3,0.00015627248941428636
ZNF449,0.00015627248941428636
ZNF75D,0.00015627248941428636
CT45A1,0.00015627248941428636
LINC00086,0.00015627248941428636
RNA5SP515,0.00015627248941428636
PTPN11,0.00015618230667667867
NAA25,0.00015559913367447673
SRCAP,0.0001554213210555784
RPH3A,0.00015488654726636064
ANAPC1,0.00015338436009487095
GPR97,0.00015333935191409786
CCDC135,0.00015333935191409786
RBM11,0.0001532654863535038
OAS3,0.000149847944160157
OAS1,0.000149847944160157
DHX38,0.000148960312575264
RPL10A,0.00014867684321808803
TEAD3,0.00014867684321808803
FANCE,0.00014867684321808803
RN7SL191P,0.00014821786164311254
TCP11,0.00014755813107950066
RBMX2,0.00014661793693368668
FAM45B,0.00014661793693368668
HCCS,0.00014456816221097756
ZNF280C,0.00014438536225746252
AIFM1,0.00014438536225746252
RAB33A,0.00014438536225746252
BCORL1,0.00014430693457562782
KAT6A,0.00014421638701656
MIR361,0.0001429501577148998
RN7SKP260,0.00014240406469316977
RN7SKP200,0.00014240406469316977
GPR1,0.00014240406469316977
NUDT14,0.00014171079824334726
JAG2,0.00014171079824334726
ELF4,0.0001414260243962373
MIB1,0.00014140323264795766
MMADHC,0.0001410970464135017
DAXX,0.0001403833009814892
ZBTB22,0.0001403833009814892
SLC25A14,0.00014024438065659664
GPR119,0.0001392927914503369
PMAIP1,0.00013903370070055145
RNA5SP488,0.00013890894622831836
RN7SL342P,0.00013889152183091646
FA2H,0.0001383232434415726
GPR56,0.0001382416780315369
SFT2D3,0.00013723336343089075
WDR33,0.00013723336343089075
MS4A6E,0.0001371328967271287
MS4A7,0.0001371328967271287
MS4A4A,0.0001371328967271287
MS4A14,0.0001371328967271287
IL4R,0.0001367196603252351
CDH1,0.0001366511021192233
snoU13|ENSG00000238322.1,0.0001357265503334284
HPR,0.0001355259988760106
PKD1L3,0.0001355259988760106
DHODH,0.0001355259988760106
HP,0.0001355259988760106
TXNL4B,0.0001355259988760106
TULP1,0.00013522333452837523
SNTB2,0.00013511627982438847
SLC38A7,0.00013490638497371684
RAB3IL1,0.00013470832106761099
RN7SL40P,0.0001338691780708485
SALL1,0.00013380931216006836
ATP7A,0.00013344474470203266
SUMO1,0.00013343610267373997
OR5M3,0.0001333877313875347
OR5M9,0.0001333877313875347
XIAP,0.00013259192071740604
ITPR3,0.0001324548213358105
ABCC11,0.0001320903941193261
OR8K3,0.0001307559111535695
ZBTB9,0.00013026765453700233
MS4A1,0.00013000976288344359
HCG25,0.0001299395795171807
RNA5SP429,0.00012990826759772762
SLC9A6,0.00012857110978460495
MMGT1,0.00012857110978460495
snoU109|ENSG00000252640.1,0.00012831828255656686
snoU109|ENSG00000252040.1,0.00012831828255656686
ZFP90,0.00012831828255656686
PATL1,0.00012824215270842724
SP5,0.00012824193273466259
ERICH2,0.00012824193273466259
MC4R,0.00012790497281367383
OCRL,0.00012716264332658837
CHST4,0.00012681828909573555
NRIP1,0.0001267084402203611
OR5M8,0.00012664635995847506
OR5M11,0.00012664635995847506
OR5M10,0.00012664635995847506
ACA64|ENSG00000239008.1,0.000125255714539483
FAM127B,0.00012519316489168904
TCL6,0.00012420918041171241
TAT,0.00012321567158187416
CCNT2,0.00012284716013363773
MAP3K19,0.00012284716013363773
MS4A5,0.00012282796793751656
CDH20,0.0001227373159601041
PHLPP2,0.0001227232584901087
MARVELD3,0.0001227232584901087
SNORA70D,0.0001227232584901087
AP1G1,0.0001227232584901087
SNORD71,0.0001227232584901087
IST1,0.00012242352878207713
CEP192,0.00012193291399162881
snoU13|ENSG00000238988.1,0.00012092310649532575
RN7SL325P,0.00012076948700866145
MIR4719,0.00012062462496785347
IP6K3,0.00012012466850752988
VPS4B,0.00011938534947224258
KDSR,0.00011938534947224258
MLKL,0.00011929087240039581
GPR114,0.00011916789919517197
CCDC102A,0.00011916789919517197
CDH3,0.0001191385525944343
TESPA1,0.00011887436953485541
FOXN3,0.00011880355429925663
SERPINA6,0.0001186797852800066
LIPI,0.00011843082832190793
OR5A1,0.0001177296159347908
OR5A2,0.0001177296159347908
SH3BGRL,0.00011744144635312002
CDYL2,0.00011696802200523982
IL1RL2,0.00011675423500572643
DPP10,0.00011543880808594588
LINC00336,0.00011523088279519704
GGNBP1,0.00011523088279519704
BAK1,0.00011523088279519704
GPR174,0.00011510273496861748
RN7SL710P,0.00011426843506673215
ZNF19,0.00011411138170042819
NUP93,0.00011408732064308867
SYCE1L,0.00011397353549549208
GFOD1,0.0001134544183658996
CDH7,0.0001133725689567485
RNU6ATAC25P,0.00011318746572608755
SNORD112|ENSG00000251700.1,0.00011318746572608755
HYDIN,0.00011318746572608755
snoU13|ENSG00000238567.1,0.0001131121657142353
C14orf64,0.000112969293787918
CMAHP,0.00011291079343529216
MAGT1,0.00011275067557957505
PGAM4,0.00011275067557957505
COX7B,0.00011275067557957505
RN7SL460P,0.00011275067557957505
MIR1468,0.00011250998326094257
snoU13|ENSG00000239080.1,0.00011047637112205867
MAP7D3,0.00011047637112205867
FHL1,0.00011047637112205867
RNA5SP451,0.00011025439242738744
LINC00341,0.00010905698545116766
DICER1,0.00010904596152097139
MIR3173,0.00010904596152097139
CLMN,0.00010904596152097133
RN7SL332P,0.00010877993905702373
KIFC3,0.00010858896294730917
KATNB1,0.0001084064847006368
CYSLTR1,0.00010803939695633533
SCARNA13,0.00010770655400209957
SNHG10,0.00010770655400209957
GLRX5,0.0001076514343511174
C16orf87,0.00010755356995118521
TRAFD1,0.00010690198850884275
snoU13|ENSG00000238714.1,0.00010621549758433948
ANKS1A,0.00010558405163975138
ZKSCAN8,0.00010547016274864123
ZNF192P1,0.00010547016274864123
ZSCAN16,0.00010547016274864123
ZNF165,0.00010547016274864123
ZSCAN12P1,0.00010547016274864123
OR8U1,0.00010479030404525016
OR5R1,0.00010479030404525016
C14orf177,0.00010425608762483729
HMGN5,0.00010361992729806147
MON1B,0.00010348679994766286
RN7SKP192,0.00010302465970329034
OR10V1,0.00010302465970329034
TLK1,0.00010231095640940637
MIR4476,0.00010215348483878531
STX3,0.00010149973460005427
GPR112,0.00010048758444862403
ANO3,9.899025039851136e-05
RFWD3,9.818048398125657e-05
LINC00633,9.810544989986214e-05
LINC00087,9.810544989986214e-05
SCAF11,9.775754989807021e-05
SDR42E1,9.730735713336139e-05
HSD17B2,9.730735713336139e-05
IGFBPL1,9.728503201538482e-05
7SK|ENSG00000260682.2,9.72285816975117e-05
SYNE3,9.721177245505626e-05
Vault|ENSG00000252485.1,9.717157111415481e-05
RPL6,9.67265912559469e-05
GOT2,9.617859173474736e-05
C14orf132,9.608457559246716e-05
GMNN,9.594996605837884e-05
ACTRT1,9.56678086558822e-05
NDUFS1,9.541004429780491e-05
EEF1B2,9.541004429780491e-05
SNORD51|ENSG00000207047.2,9.541004429780491e-05
SNORA41|ENSG00000207406.1,9.541004429780491e-05
RD3L,9.50450840991829e-05
JARID2,9.471227219678528e-05
LHFPL1,9.448494057285864e-05
SCN3A,9.431909354851684e-05
MIR4329,9.423508801492037e-05
AMOT,9.423508801492037e-05
RPRM,9.384211403322278e-05
SNORA73|ENSG00000199977.1,9.346470664036415e-05
RN7SL233P,9.346470664036415e-05
FAM192A,9.302875408425255e-05
MIR1275,9.289990977936723e-05
RN7SL266P,9.259942533911576e-05
ZCCHC16,9.146240622907276e-05
KIF26A,9.145226635755925e-05
ASPG,9.145226635755925e-05
MIR203,9.145226635755925e-05
snoU13|ENSG00000238337.1,9.100748200084437e-05
LDOC1,9.057628681009235e-05
LINC00617,9.041276350638136e-05
U6|ENSG00000272439.1,9.023192883319413e-05
OR4C46,9.018802135551241e-05
OR5L1,9.018802135551241e-05
OR5I1,9.018802135551241e-05
TRIM51HP,9.018802135551241e-05
TRIM48,9.018802135551241e-05
OR5J2,9.018802135551241e-05
OR5T2,9.018802135551241e-05
OR5L2,9.018802135551241e-05
OR5D18,9.018802135551241e-05
OR8K5,9.018802135551241e-05
OR8J3,9.018802135551241e-05
OR5W2,9.018802135551241e-05
OR8I2,9.018802135551241e-05
OR8H3,9.018802135551241e-05
OR5F1,9.018802135551241e-05
OR5D13,9.018802135551241e-05
OR5D16,9.018802135551241e-05
OR5D14,9.018802135551241e-05
OR10AG1,9.018802135551241e-05
OR5AS1,9.018802135551241e-05
OR4A15,9.018802135551241e-05
OR4S2,9.018802135551241e-05
OR4A16,9.018802135551241e-05
OR4P4,9.018802135551241e-05
OR4A5,9.018802135551241e-05
OR4C11,9.018802135551241e-05
OR4C15,9.018802135551241e-05
OR4C16,9.018802135551241e-05
OR4C6,9.018802135551241e-05
TRIM51,9.018802135551241e-05
OR8H2,9.018802135551241e-05
RASL11B,8.952268300290014e-05
snoU13|ENSG00000238811.1,8.927580526607724e-05
MIR3934,8.823577658090892e-05
MNF1,8.823577658090892e-05
SBP1,8.823577658090892e-05
BDKRB1,8.819970951943896e-05
CCNK,8.807579742494378e-05
PIGN,8.725474144987566e-05
POM121L2,8.693631329113767e-05
ZNF391,8.693631329113767e-05
BDKRB2,8.651304819937847e-05
GSKIP,8.465551596127264e-05
snoU13|ENSG00000238776.1,8.465551596127264e-05
AK7,8.465551596127264e-05
RNA5SP104,8.43725001176388e-05
KSR2,8.417145638354449e-05
ATG2B,8.405471176556431e-05
DKFZP434O1614,8.405471176556431e-05
ARHGAP6,8.33051646982251e-05
PLLP,8.298438370372896e-05
RN7SL143P,8.297672841168828e-05
CCL17,8.232650160388488e-05
CCL22,8.232650160388488e-05
CIAPIN1,8.232650160388488e-05
CX3CL1,8.232650160388488e-05
POLR2C,8.232650160388488e-05
DOK4,8.232650160388488e-05
COQ9,8.232650160388488e-05
SLC12A4,8.183595760008138e-05
PSMB10,8.183595760008138e-05
CTRL,8.183595760008138e-05
LCAT,8.183595760008138e-05
ARHGEF6,8.09842065037307e-05
RIF1,8.078529313015625e-05
RNA5SP106,8.064788348985791e-05
TCL1A,8.00061734009092e-05
TCL1B,8.00061734009092e-05
RNY5P5,7.900411292576858e-05
SCN2A,7.877941054576175e-05
TDRD9,7.853140714409368e-05
FAM127A,7.803861624202986e-05
FAM127C,7.803861624202986e-05
SMIM10,7.803861624202986e-05
FAM9C,7.80380503604727e-05
PSKH1,7.76474220438395e-05
KIAA0319,7.739682213578897e-05
PAPOLA,7.71564874451212e-05
RN7SKP108,7.71013677941388e-05
KAAG1,7.70793158673755e-05
HAS3,7.702666307568123e-05
CHTF8,7.702666307568123e-05
MIR5590,7.656110300691437e-05
KIFC1,7.648522295431276e-05
CUTA,7.648522295431276e-05
PHF1,7.648522295431276e-05
TRPC5OS,7.64810300898008e-05
PSMD7,7.626186001222911e-05
CLEC18B,7.626186001222911e-05
NPIPB15,7.626186001222911e-05
RN7SKP190,7.597890787705058e-05
MPHOSPH6,7.597890787705058e-05
ARL6IP6,7.591835468881428e-05
PRPF40A,7.516371962722887e-05
SNORD112|ENSG00000238966.1,7.502368497490105e-05
DTNBP1,7.379233516453735e-05
C18orf8,7.363645748180172e-05
TDP2,7.35135566825056e-05
C6orf62,7.35135566825056e-05
ACOT13,7.35135566825056e-05
ITFG1,7.324964185096463e-05
GLG1,7.244401168451894e-05
FAM65B,7.205606357065825e-05
RAB3GAP1,7.129664486376803e-05
MRS2,7.124280358034942e-05
C14orf2,7.120524102652813e-05
ALDH5A1,7.11680962230751e-05
GPLD1,7.11680962230751e-05
NPC1,7.108639791531203e-05
MIR934,7.008329102766633e-05
SNORD111|ENSG00000221066.1,7.00339737620021e-05
SNORD111B,7.00339737620021e-05
COG4,7.00339737620021e-05
FUK,7.00339737620021e-05
ENOX2,6.987782396412772e-05
ARHGAP36,6.987782396412772e-05
CD40LG,6.945289008150705e-05
LINC00892,6.945289008150705e-05
NRP2,6.940027786353602e-05
SPIN4,6.934400402612591e-05
GMPR,6.9313604694207e-05
EVL,6.912607550138627e-05
GPR39,6.896202531645544e-05
RNA5SP509,6.837920186281487e-05
SLC17A2,6.820768278561079e-05
snoU13|ENSG00000238734.1,6.729206078285678e-05
snoU13|ENSG00000238582.1,6.703491912498806e-05
RN7SKP178,6.703388442626459e-05
GAD1,6.661941885187915e-05
MIR548AX,6.646452517771487e-05
XRCC3,6.644756805964816e-05
ZFYVE21,6.644756805964816e-05
SNORD51|ENSG00000202275.1,6.644756805964816e-05
AMELX,6.640398363360288e-05
ATRX,6.622650823313568e-05
BRS3,6.561469671020082e-05
RN7SKP183,6.539391773398592e-05
C2orf27B,6.535047336570722e-05
C2orf27A,6.535047336570722e-05
RN7SL701P,6.535047336570722e-05
MIR92A2,6.528833869825074e-05
MIR363,6.528833869825074e-05
MIR106A,6.528833869825074e-05
MIR18B,6.528833869825074e-05
MIR19B2,6.528833869825074e-05
MIR20B,6.528833869825074e-05
DCDC2,6.526621499843619e-05
SLC7A6OS,6.49460216302871e-05
SLC7A6,6.49460216302871e-05
SNORA48|ENSG00000212445.1,6.429704814409895e-05
PLA2G15,6.429704814409895e-05
ESRP2,6.429704814409895e-05
SUDS3,6.42447600318139e-05
SNORA46|ENSG00000207493.1,6.415550988263463e-05
SNORA50|ENSG00000206952.2,6.415550988263463e-05
snoU13|ENSG00000239121.1,6.415550988263463e-05
NOX1,6.401150276475459e-05
INO80D,6.397817464280047e-05
AARS,6.354748376755064e-05
EXOSC6,6.354748376755064e-05
FKSG63,6.296989736484321e-05
DCC,6.251477571558343e-05
TMSB4X,6.218625606045964e-05
TLR8,6.194408988401148e-05
CLUHP3,6.17502816621382e-05
SLC17A1,6.140937587349918e-05
SLC17A4,6.140937587349918e-05
PPP1R13B,6.11588564244826e-05
LINC00637,6.11588564244826e-05
SNORD46|ENSG00000251830.1,6.0676381735919215e-05
HNRNPA1P48,6.051388243031729e-05
RN7SKP142,6.0236413664821903e-05
NFATC3,6.008521021873753e-05
RN7SL334P,5.970231202332111e-05
ARL13A,5.930896967845806e-05
TRMT2B,5.930896967845806e-05
XKRX,5.930896967845806e-05
TMEM35,5.930896967845806e-05
FMNL2,5.906215345012918e-05
MAGEC2,5.9013984384801244e-05
MPPED2,5.853266161466609e-05
TANGO6,5.8530918719316684e-05
RIOK3,5.8403060071479214e-05
RFC5,5.7648553147541945e-05
WSB2,5.7648553147541945e-05
CCDC74A,5.748564440289427e-05
RLTPR,5.578367808994351e-05
C16orf86,5.578367808994351e-05
RANBP10,5.578367808994351e-05
GFOD2,5.578367808994351e-05
PARD6A,5.578367808994351e-05
ENKD1,5.578367808994351e-05
ACD,5.578367808994351e-05
KLC1,5.5225312120685045e-05
HPRT1,5.4911827549080033e-05
LINC00629,5.4911827549080033e-05
MIR450A1,5.4911827549080033e-05
MIR450A2,5.4911827549080033e-05
MIR450B,5.4911827549080033e-05
MIR503HG,5.4911827549080033e-05
MIR542,5.4911827549080033e-05
MIR503,5.4911827549080033e-05
HS6ST1,5.4888694893060364e-05
BMPR2,5.392873041056629e-05
FAM122C,5.380444181622495e-05
FAM46D,5.26929534527895e-05
OR8J1,5.255108361778403e-05
OR8K1,5.255108361778403e-05
NUDT7,5.228019203736073e-05
snoU13|ENSG00000238546.1,5.215165956123746e-05
MSL3,5.17781556018574e-05
SF3B3,5.101905061668726e-05
HIST1H3A,5.0772671005871825e-05
HIST1H4A,5.0772671005871825e-05
TRIM38,5.0772671005871825e-05
HIST1H1A,5.0772671005871825e-05
HIST1H4B,5.0772671005871825e-05
HIST1H2AB,5.0772671005871825e-05
HIST1H3C,5.0772671005871825e-05
HIST1H2BB,5.0772671005871825e-05
HIST1H3B,5.0772671005871825e-05
HIST1H1C,5.0772671005871825e-05
VAT1L,4.895737174218144e-05
RPA4,4.8252141669862315e-05
DYNC1I2,4.733603064529217e-05
HSPA13,4.711790515440694e-05
ATP8B1,4.709998190450476e-05
ZNF720,4.6938166876532866e-05
VCX3B,4.618289391662691e-05
KAL1,4.618289391662691e-05
GLI1,4.5780736515825533e-05
INHBE,4.5780736515825533e-05
INHBC,4.5780736515825533e-05
ZNF688,4.526683975746684e-05
ZNF764,4.526683975746684e-05
snoU13|ENSG00000238343.1,4.449686708049609e-05
PRMT7,4.449686708049609e-05
MIR5011,4.375662424278616e-05
MIR4639,4.370983871947943e-05
MYLIP,4.370983871947943e-05
U3|ENSG00000251793.1,4.370983871947943e-05
CENPI,4.335723979749089e-05
RAB6C,4.309298445973884e-05
CPNE2,4.283559435037348e-05
RNF152,4.259334258213655e-05
CSRNP3,4.24151282992519e-05
RAP2C,4.202155192696959e-05
ZIC3,4.116422385076708e-05
SPATA31A1,4.091068191435475e-05
FAM74A5,4.091068191435475e-05
RN7SL343P,4.091068191435475e-05
RNA5SP284,4.091068191435475e-05
RNA5SP283,4.091068191435475e-05
FAM95B1,4.091068191435475e-05
CBWD3,4.091068191435475e-05
ANKRD20A4,4.091068191435475e-05
RN7SL787P,4.091068191435475e-05
RN7SL763P,4.091068191435475e-05
RN7SL722P,4.091068191435475e-05
FAM27E1,4.091068191435475e-05
RN7SL640P,4.091068191435475e-05
FAM74A4,4.091068191435475e-05
FOXD4L2,4.091068191435475e-05
FOXD4L3,4.091068191435475e-05
ANKRD20A1,4.091068191435475e-05
FAM27E2,4.091068191435475e-05
FOXD4L4,4.091068191435475e-05
FOXD4L5,4.091068191435475e-05
FOXD4L6,4.091068191435475e-05
MIR1299,4.091068191435475e-05
MIR4477A,4.091068191435475e-05
RN7SL565P,4.091068191435475e-05
RN7SL544P,4.091068191435475e-05
RN7SL462P,4.091068191435475e-05
RN7SL422P,4.091068191435475e-05
PGM5P2,4.091068191435475e-05
SNORA70|ENSG00000252133.1,4.091068191435475e-05
SNORA70|ENSG00000252617.1,4.091068191435475e-05
SNORA70|ENSG00000252724.1,4.091068191435475e-05
FAM27B,4.091068191435475e-05
CNTNAP3B,4.091068191435475e-05
CBWD7,4.091068191435475e-05
CBWD6,4.091068191435475e-05
FAM74A3,4.091068191435475e-05
CBWD5,4.091068191435475e-05
ZNF658,4.091068191435475e-05
FAM27A,4.091068191435475e-05
SPATA31A7,4.091068191435475e-05
FAM74A2,4.091068191435475e-05
SPATA31A6,4.091068191435475e-05
SPATA31A5,4.091068191435475e-05
FAM27C,4.091068191435475e-05
SNORA70|ENSG00000252878.1,4.091068191435475e-05
FAM27D1,4.091068191435475e-05
ANKRD20A2,4.091068191435475e-05
FAM74A1,4.091068191435475e-05
ANKRD20A3,4.091068191435475e-05
FAM27E3,4.091068191435475e-05
SPATA31A4,4.091068191435475e-05
FAM74A6,4.091068191435475e-05
SPATA31A3,4.091068191435475e-05
SPATA31A2,4.091068191435475e-05
CNTNAP3,4.091068191435475e-05
TSNAXIP1,4.0696717093751354e-05
CENPT,4.0696717093751354e-05
RN7SL634P,4.0096128836481804e-05
GYPC,4.0017370884467127e-05
NRSN1,3.979869901546788e-05
ARHGAP15,3.952467062774418e-05
CCDC160,3.931210842603347e-05
R3HDM2,3.909150023765417e-05
C6orf222,3.873773113547774e-05
PNPLA1,3.873773113547774e-05
SNORA40|ENSG00000208308.1,3.8621711919436104e-05
SCARNA4|ENSG00000252829.2,3.843153241166631e-05
ETV7,3.814715320532274e-05
PXT1,3.814715320532274e-05
KCTD20,3.814715320532274e-05
RN7SL502P,3.814715320532274e-05
PRDX4,3.785449431019002e-05
DDX28,3.692334649668e-05
NEDD4L,3.621874656248216e-05
PGM5,3.599210101506235e-05
GPT2,3.593247203389269e-05
DNAJA2,3.593247203389269e-05
TMEM163,3.48278907352312e-05
EPC2,3.4588267319993074e-05
MAP3K15,3.402123833982999e-05
PDHA1,3.402123833982999e-05
TRPC5,3.3991568928799966e-05
STARD6,3.3808411818939294e-05
POLI,3.3808411818939294e-05
SNORA37,3.3808411818939294e-05
MBD2,3.3808411818939294e-05
C18orf54,3.3808411818939294e-05
STAM2,3.343541890517646e-05
HMSD,3.3242326466452373e-05
FAM133A,3.3240494426690426e-05
BRWD3,3.3095334964556276e-05
CNTNAP4,3.3035536145780954e-05
SERPINB2,3.288086340533954e-05
SERPINB10,3.2078541683903516e-05
THAP11,3.173304517855087e-05
NRN1L,3.173304517855087e-05
EDC4,3.173304517855087e-05
NUTF2,3.173304517855087e-05
FAM122B,3.1634412081384046e-05
PLAC1,3.1634412081384046e-05
SERPINB8,3.155456275337205e-05
NAP1L3,3.139561871775228e-05
XIRP2,3.07604409657681e-05
SNORD33|ENSG00000252022.1,3.0503154496556583e-05
IL34,3.042387703250377e-05
RNA5SP512,3.011594901845622e-05
RN7SL661P,3.011594901845622e-05
LINC00890,3.011594901845622e-05
EPG5,2.982533710706233e-05
CD82,2.97822644843547e-05
PBDC1,2.9766452598756944e-05
HIST1H2AA,2.9479295611549965e-05
HIST1H2BA,2.9479295611549965e-05
SCGN,2.9479295611549965e-05
ST3GAL2,2.93400913105699e-05
ALG13,2.9232749278767826e-05
DDX19A,2.9080501916094444e-05
MID1,2.8651107594936596e-05
SH3KBP1,2.8602220245961356e-05
B3GALT1,2.8316321109561577e-05
MYLK3,2.744140072195679e-05
RSPRY1,2.734498754036896e-05
XK,2.6931682348974592e-05
TBC1D7,2.6911021067923082e-05
LANCL3,2.6882643209611483e-05
RN7SKP152,2.656570082059436e-05
SCN1A,2.610389456608018e-05
GALNT3,2.6032847450001623e-05
PHF6,2.595320291522877e-05
PGK1,2.5903143222869043e-05
TAF9B,2.5903143222869043e-05
LDLRAD4,2.5727264398254754e-05
GINS3,2.538368452392086e-05
PRSS54,2.538368452392086e-05
CCDC113,2.538368452392086e-05
snoU13|ENSG00000238662.1,2.454677860534527e-05
SCN7A,2.454677860534527e-05
SCN9A,2.4043528199784624e-05
U8|ENSG00000199713.1,2.376110503140564e-05
RN7SL112P,2.3761105031405043e-05
ZNF821,2.3555543661516438e-05
FGF16,2.3412432565847025e-05
MAP7D2,2.3150692798018423e-05
LINC00305,2.3024737321089917e-05
MAGEE1,2.2910772915935457e-05
ATXN1L,2.23887387266812e-05
CMTM3,2.229597612431493e-05
AQP4,2.2143007608067948e-05
PEBP1,2.210738324080685e-05
VSIG10,2.210738324080685e-05
ZNF532,2.1477626216057316e-05
TBX22,2.115625949080478e-05
CSNK2A2,2.1033018958526345e-05
RN7SL645P,2.1033018958526345e-05
DUS2L,2.1000782013051776e-05
DPEP2,2.098131280846619e-05
DPEP3,2.098131280846619e-05
SNORD23|ENSG00000221139.1,2.0564256597300352e-05
OACYLP,2.0478065678017928e-05
PDP2,1.9445302047954185e-05
NAE1,1.9445302047954185e-05
CA7,1.9445302047954185e-05
TAOK3,1.9266305530604785e-05
FAM96B,1.9182712840878133e-05
CDH16,1.9182712840878133e-05
RRAD,1.9182712840878133e-05
CES2,1.9182712840878133e-05
ABCC12,1.751998297783728e-05
DYNC1LI2,1.730472368014512e-05
CCDC79,1.730472368014512e-05
HAT1,1.7148265437027842e-05
SLC25A12,1.7148265437027842e-05
SOCS6,1.6767320008790897e-05
PFKFB1,1.624564700679984e-05
OR5T3,1.5936231191783506e-05
HECTD4,1.55057680222637e-05
KIF5C,1.5413093779773155e-05
CES3,1.4901718637436568e-05
SNORD28|ENSG00000252284.1,1.462718977001186e-05
MALT1,1.462718977001186e-05
CYBRD1,1.3855870241951792e-05
VAC14,1.1954091615587132e-05
OR8H1,1.1278958681633488e-05
OR5T1,1.1278958681633488e-05
SLC20A2,1.1148603334325099e-05
ZNF184,1.1071004746833846e-05
ANKAR,1.069896054959834e-05
OSGEPL1,1.069896054959834e-05
MIR122,9.69401383874028e-06
RNA5SP374,8.626113381950772e-06
SNORA30|ENSG00000206755.1,8.38751875649198e-06
EIF1AX,7.807153879612296e-06
MIR23C,7.5965989843496365e-06
TLR7,7.234714521392894e-06
CSTF2,7.1167369901540555e-06
SNORA9|ENSG00000202231.1,7.1167369901540555e-06
RN7SKP194,7.101393683671976e-06
DRP2,7.062443991735788e-06
RN7SKP26,6.886436024454018e-06
CTCF,6.781928578777332e-06
FAM65A,6.781928578777332e-06
RPS6KA3,6.477333488478966e-06
TRIM44,5.982123029090528e-06
FJX1,5.840550743947279e-06
NDRG4,5.541576227883691e-06
CNOT1,5.541576227883691e-06
SETD6,5.541576227883691e-06
LRRC16A,5.395719362697757e-06
snoU13|ENSG00000238321.1,5.253336878228248e-06
SNORD56|ENSG00000200377.1,3.941690560053222e-06
RNA5SP110,3.893260348955775e-06
MELK,3.7085391004905863e-06
MIRLET7F2,2.4970543406590596e-06
MIR98,2.4970543406590596e-06
MOSPD1,2.3068211613886874e-06
SHCBP1,2.0416496529174444e-06
TAF7L,1.7663313614584342e-06
ALDH1B1,1.6932228820189142e-06
PDZRN4,1.395549964620461e-06
PAX5,1.1879259980505473e-06
ARL2BP,1.0450012530548186e-06
CD226,2.832943693267793e-07
ADAMTS18,-1.9484188579425393e-08
TTC21B,-2.4866490627656495e-07
FLJ00418,-4.4130197060772376e-07
MTSS1L,-4.4130197060772376e-07
TIMM8A,-8.529104127104616e-07
UBE2NL,-1.5968024114708233e-06
CXorf22,-1.6420361247951504e-06
ZDHHC1,-4.353195430690192e-06
RN7SKP118,-4.353195430690192e-06
LRRC36,-4.353195430690192e-06
KCTD19,-4.353195430690192e-06
TPPP3,-4.353195430690192e-06
CYP46A1,-4.4042009301197365e-06
TFDP3,-4.467403396349223e-06
RNA5SP111,-5.07013342456455e-06
RTTN,-5.1681365319998734e-06
SYTL4,-6.503004730853469e-06
ST8SIA3,-7.035699821633219e-06
LYPD1,-7.054852320675635e-06
SEH1L,-7.489018272556576e-06
MGAT5,-8.379604722221236e-06
SRPX2,-8.548778928526314e-06
TSPAN6,-8.548778928526314e-06
TNMD,-8.548778928526314e-06
CXorf23,-8.87932156996414e-06
snoU13|ENSG00000238860.1,-9.103035252486074e-06
7SK|ENSG00000271814.1,-9.691692186610132e-06
PRPS2,-9.691692186610132e-06
TBL1X,-1.0075158227847504e-05
SLC38A11,-1.0126582278481556e-05
CPLX4,-1.0396291285730467e-05
LMAN1,-1.0396291285730467e-05
RN7SL455P,-1.0704432155923458e-05
SMPD3,-1.1058508204646817e-05
SNORA70F,-1.2369098409787273e-05
PLEKHG4,-1.804054749408469e-05
STK39,-1.8515513241251817e-05
ARID2,-1.8731619997444085e-05
SPANXD,-1.900874059686414e-05
SPANXC,-1.900874059686414e-05
MAGEC3,-1.900874059686414e-05
SPANXA2,-1.900874059686414e-05
SPANXA1,-1.900874059686414e-05
MAGEC1,-1.900874059686414e-05
CMTM4,-1.9615107543483922e-05
GPC4,-1.98074208791021e-05
ARMCX2,-2.089054220321776e-05
TRNAI2,-2.1115001346620535e-05
RNA5SP508,-2.123437377152237e-05
DYM,-2.141917240977503e-05
ICA1L,-2.1455639132070514e-05
RPS27P25,-2.2485615650172246e-05
MIR4744,-2.2536464221508418e-05
ARL5A,-2.2565691431399625e-05
MIR3679,-2.4898828290435674e-05
SETD3,-2.9124283582384694e-05
ZNF785,-3.0081588942734037e-05
TMX3,-3.116502823676985e-05
RPL36A,-3.192074848651651e-05
GLA,-3.192074848651651e-05
ARMCX1,-3.192074848651651e-05
HNRNPH2,-3.192074848651651e-05
BTK,-3.192074848651651e-05
ARMCX3,-3.192074848651651e-05
ARMCX4,-3.192074848651651e-05
ARMCX6,-3.192074848651651e-05
SNRPD1,-3.23179656962369e-05
CCDC102B,-3.2758890015593804e-05
SLITRK4,-3.321747386522499e-05
SNORA7|ENSG00000200620.1,-3.338403273574444e-05
HSD11B2,-3.381702171452278e-05
FECH,-3.412292871237981e-05
NARS,-3.412292871237981e-05
ZMAT1,-3.5457963309409396e-05
NXF5,-3.5457963309409396e-05
ACVR1C,-3.634530980119719e-05
CHRDL1,-3.6362262966914224e-05
CXorf58,-3.779708085765922e-05
C21orf37,-3.795015209498804e-05
CIRH1A,-3.7961704074579086e-05
ABHD3,-3.8371182458889505e-05
DSP,-3.845831018453931e-05
CACNB4,-3.8664192097081515e-05
HUWE1,-3.8769200834512955e-05
GPR101,-3.987425453693266e-05
GRP,-4.089150459711942e-05
RAX,-4.089150459711942e-05
GPC3,-4.0962114576766333e-05
TMEM27,-4.0988943097539165e-05
CA5BP1,-4.0988943097539165e-05
SNORD61|ENSG00000206979.1,-4.1902137226569104e-05
RBMX,-4.1902137226569104e-05
ONECUT2,-4.2808765111893805e-05
COBLL1,-4.292849811837193e-05
SEC11C,-4.5053467871886664e-05
ALPK2,-4.507931857545682e-05
U3|ENSG00000212539.1,-4.516548758735631e-05
CYTIP,-4.63403537881015e-05
ERMN,-4.63403537881015e-05
AGRP,-4.6495832046930074e-05
ATP6V0D1,-4.6495832046930074e-05
TMSB15B,-4.7418488684312464e-05
SNORA25|ENSG00000252296.1,-4.8096151387291126e-05
LINC00240,-4.8940422696925966e-05
DCX,-4.931392230747667e-05
CAPN6,-4.9662553783669556e-05
MIR325,-5.0172407983555624e-05
H2BFWT,-5.048203554532764e-05
H2BFM,-5.048203554532764e-05
MIRLET7C,-5.054880356617319e-05
MIR99A,-5.054880356617319e-05
BOD1L2,-5.057259308407846e-05
ZCCHC18,-5.100370796573419e-05
CAGE1,-5.1222115435694795e-05
RIOK1,-5.1222115435694795e-05
TXNL1,-5.1335188839393344e-05
APOO,-5.175234650822331e-05
HS6ST2,-5.2247212698233805e-05
LINC00922,-5.325324518261745e-05
RAI2,-5.342276375463651e-05
SCML1,-5.416247634720474e-05
BTG3,-5.4964464443418265e-05
IKBKB,-5.5266985248284985e-05
MIR4666B,-5.6408548147387295e-05
SPANXN2,-5.6621750374303125e-05
SNORD30,-5.73092041614995e-05
RN7SL93P,-5.73092041614995e-05
U3|ENSG00000201674.1,-5.732082521070582e-05
RN7SL662P,-5.822248444539436e-05
ANKRD30B,-5.822248444539436e-05
SLC25A53,-5.935046669223989e-05
RNA5SP428,-6.043017392199469e-05
SLC9A5,-6.084696922918821e-05
FHOD1,-6.084696922918821e-05
TMEM208,-6.084696922918821e-05
LRRC29,-6.084696922918821e-05
ABCC13,-6.0918597642177475e-05
SNORA8|ENSG00000207100.1,-6.097496780170681e-05
METTL8,-6.099453659761779e-05
DCAF17,-6.099453659761779e-05
FAM210A,-6.151391885218358e-05
IL9R|ENSG00000124334.12,-6.238737859202975e-05
SPRY3|ENSG00000168939.6,-6.238737859202975e-05
VAMP7|ENSG00000124333.10,-6.238737859202975e-05
WASH6P|ENSG00000182484.10,-6.238737859202975e-05
WASIR1|ENSG00000185203.7,-6.238737859202975e-05
SRSF3,-6.293052085837529e-05
MIR3925,-6.293052085837529e-05
ITM2A,-6.36963093897053e-05
HHIPL1,-6.370552051047533e-05
CCDC85C,-6.370552051047533e-05
ITIH6,-6.387153833397801e-05
HIST1H4C,-6.420955955755924e-05
HFE,-6.420955955755924e-05
PHKA2,-6.469576202864083e-05
GPR64,-6.469576202864083e-05
RN7SL48P,-6.469576202864083e-05
snoU13|ENSG00000238764.1,-6.485367820008809e-05
MIR4768,-6.485367820008809e-05
USP26,-6.498264626096137e-05
LINC00920,-6.532365956571237e-05
CKLF,-6.532365956571237e-05
CDH5,-6.532365956571237e-05
BEAN1,-6.532365956571237e-05
TK2,-6.532365956571237e-05
CMTM1,-6.532365956571237e-05
CMTM2,-6.532365956571237e-05
RGAG1,-6.590587531195452e-05
MIR892A,-6.688769422768262e-05
MIR890,-6.688769422768262e-05
MIR888,-6.688769422768262e-05
RN7SL543P,-6.71246269424748e-05
CES4A,-6.71246269424748e-05
HIST1H1T,-6.712953719602128e-05
MIR892B,-6.726140680499655e-05
MIR891B,-6.726140680499655e-05
ZNF689,-6.816798539257477e-05
TDGF1P3,-6.838115879292345e-05
SHROOM2,-6.869066455696174e-05
MIR505,-6.883474480832444e-05
ATP11C,-6.883474480832444e-05
RNU6ATAC23P,-6.883474480832444e-05
RN7SL727P,-6.883474480832444e-05
snoU13|ENSG00000238485.1,-6.883474480832444e-05
CXorf66,-6.883474480832444e-05
SNORA18|ENSG00000252719.1,-6.883474480832444e-05
MIR4526,-6.912964936449067e-05
SERPINA13P,-6.917351263215413e-05
MIR504,-7.055863914067857e-05
GNG5P2,-7.058334761754212e-05
DLX1,-7.207385012873431e-05
DLX2,-7.207385012873431e-05
CHST9,-7.226162121658325e-05
METAP1D,-7.241475208353776e-05
GPR143,-7.258306962025294e-05
TCEAL2,-7.297202014405439e-05
MIR328,-7.38036430997246e-05
EXOC3L1,-7.38036430997246e-05
E2F4,-7.38036430997246e-05
ELMO3,-7.38036430997246e-05
TRADD,-7.38036430997246e-05
HSF4,-7.38036430997246e-05
B3GNT9,-7.38036430997246e-05
KIAA0895L,-7.38036430997246e-05
NOL3,-7.38036430997246e-05
FBXL8,-7.38036430997246e-05
PCDH19,-7.450453906150163e-05
TCP11X2,-7.50203936685694e-05
NXF2B,-7.50203936685694e-05
TCP11X1,-7.50203936685694e-05
NXF2,-7.50203936685694e-05
snoU13|ENSG00000238537.1,-7.55029671644962e-05
TMSB15A,-7.632507379033952e-05
SNRNP48,-7.664965058268105e-05
FAM117B,-7.771569780050246e-05
RIBC1,-7.83058945616101e-05
SMC1A,-7.83058945616101e-05
HSD17B10,-7.83058945616101e-05
RNA5SP501,-7.835332132355388e-05
SIRT4,-7.858457997698498e-05
PXN,-7.858457997698498e-05
BRPF3,-7.872456072499955e-05
TCEAL6,-7.900906070751157e-05
TCP11X3P,-7.900906070751157e-05
BEX5,-7.900906070751157e-05
FRMPD4,-7.901680532362077e-05
HIST1H2BC,-8.001737012338618e-05
HIST1H2AC,-8.001737012338618e-05
MIR5190,-8.08131676760341e-05
SNORA73|ENSG00000201816.1,-8.121860216629286e-05
SP3,-8.133414642810467e-05
FTHL17,-8.136127827350284e-05
TAB3,-8.136127827350284e-05
MIR548M,-8.158547500319654e-05
RNA5SP510,-8.158547500319654e-05
RN7SL379P,-8.158547500319654e-05
ZNF645,-8.171425227850857e-05
RN7SKP76,-8.188503647862483e-05
RN7SL221P,-8.257943958818132e-05
TMEM164,-8.260241775928973e-05
MIR652,-8.260241775928973e-05
MIR3978,-8.260241775928973e-05
EML1,-8.268586259901153e-05
ANKRD18A,-8.278301388389841e-05
NHS,-8.300018562076264e-05
PPEF1,-8.435216968508207e-05
MBNL3,-8.54485497683458e-05
TANC1,-8.545687897928883e-05
HIST1H1E,-8.578744559357735e-05
RN7SKP149,-8.606466219827604e-05
SNORA16|ENSG00000201467.1,-8.681787832697478e-05
RS1,-8.685943521419859e-05
ACSL4,-8.82560581982168e-05
CXADR,-8.941012377868594e-05
RNU6ATAC20P,-8.943976872052915e-05
KCNE1L,-8.956342623393992e-05
RN7SKP189,-8.98175029142042e-05
CYB5A,-8.985927737596974e-05
NEB,-9.043749019698953e-05
RN7SKP267,-9.119931525420152e-05
FAM168B,-9.146961299223058e-05
PLEKHB2,-9.146961299223058e-05
GATA6,-9.148237709900614e-05
SP9,-9.192904761340734e-05
RN7SL748P,-9.255349172668208e-05
STK38,-9.255349172668208e-05
snoU13|ENSG00000238834.1,-9.333211410258344e-05
SOX3,-9.370758441292053e-05
XPO6,-9.381898145161444e-05
SNORA25|ENSG00000200652.1,-9.381898145161444e-05
LHFPL5,-9.403777608211666e-05
CLPS,-9.483218179347589e-05
CLPSL1,-9.483218179347589e-05
CLPSL2,-9.483218179347589e-05
BMX,-9.516527174048515e-05
PIR,-9.516527174048515e-05
PIGA,-9.516527174048515e-05
FIGF,-9.516527174048515e-05
ASB9,-9.516527174048515e-05
ASB11,-9.516527174048515e-05
ACE2,-9.516527174048515e-05
CDR1,-9.517975632022322e-05
LINC00632,-9.517975632022322e-05
GTF3C1,-9.53307884115376e-05
SPANXN1,-9.544117451316973e-05
PLXNA3,-9.546331932953969e-05
LAGE3,-9.546331932953969e-05
UBL4A,-9.546331932953969e-05
STMND1,-9.553352802691098e-05
REG4,-9.62484633154556e-05
KLHL34,-9.692609334109932e-05
GLRA2,-9.710915564757718e-05
RRAGB,-9.726885934713904e-05
RN7SKP31,-9.769917229009619e-05
BTN2A1,-9.787352183305777e-05
BTN2A2,-9.787352183305777e-05
BTN3A1,-9.787352183305777e-05
BTN2A3P,-9.787352183305777e-05
BTN3A3,-9.787352183305777e-05
BTN1A1,-9.787352183305777e-05
BTN3A2,-9.787352183305777e-05
CDKL5,-9.852306822809756e-05
MAGEB16,-9.89300783604578e-05
RN7SL742P,-9.964488052402526e-05
SLC10A3,-9.964488052402526e-05
FAM3A,-9.964488052402526e-05
RN7SL697P,-9.964488052402526e-05
DYNAP,-9.971908902120931e-05
VPS35,-9.988125577880997e-05
CHD9,-0.0001003680761289167
SMPX,-0.00010041873009757079
MIR891A,-0.00010082011053663661
KCNJ3,-0.00010100151117291176
YY2,-0.00010116272913955818
PLA2G1B,-0.00010159953970080519
MSI1,-0.00010159953970080519
HCG11,-0.00010209003912858657
HMGN4,-0.00010209003912858657
ABT1,-0.00010209003912858657
SRPK1,-0.00010232677251774408
SLC26A8,-0.00010232677251774408
CNKSR2,-0.00010265223918554209
PRR14,-0.00010403938457745592
FBRS,-0.00010403938457745592
SAT1,-0.0001043065960561439
ZNF271,-0.00010485739273954687
ZNF24,-0.00010485739273954687
ORC6,-0.0001049314052651122
RBBP8,-0.00010531969209565275
snoU13|ENSG00000238327.1,-0.00010690067166106887
ZSCAN30,-0.00010714941753508794
ZNF397,-0.00010714941753508794
FAM47B,-0.00010769181090157569
SYAP1,-0.0001078013359154004
KLHL41,-0.00010839414595920759
FASTKD1,-0.00010839414595920759
BBS5,-0.00010839414595920759
SNORA51|ENSG00000206961.1,-0.00010868800562785853
GRPR,-0.00010871473457099041
RN7SL163P,-0.00010882501366752335
DHRS9,-0.00010899379182455871
MAGEB17,-0.00010918648434131301
SCRN3,-0.00010924086156469278
GPR155,-0.00010924086156469278
SMS,-0.00010964984382705919
MBTPS2,-0.00010989503952387478
FANCB,-0.00011020724487159887
MID1IP1,-0.00011058709044656277
CTPS2,-0.00011067707251122636
LRP2,-0.00011106114507317633
AP1S2,-0.000111137545085879
TMLHE,-0.00011125182007352796
ATP5G3,-0.00011163574143586028
MIR933,-0.00011163574143586028
SPANXN3,-0.00011208822582305042
MIR4529,-0.00011215327743837161
HIST1H2BI,-0.00011261831842514028
HIST1H3G,-0.00011261831842514028
HIST1H4H,-0.00011261831842514028
SPIN2A,-0.00011283419901221949
SPIN2B,-0.00011283419901221949
FAM201A,-0.00011454481097187248
AGBL2,-0.00011505631416326176
BEND2,-0.0001153231325027493
TSPAN7,-0.00011565574524167118
WIPF1,-0.00011577719624397424
PHACTR1,-0.00011595080489517857
CIR1,-0.00011642846147469992
GABRE,-0.00011710394921088297
MIR125B2,-0.0001171902378849698
CHRNA1,-0.00011737575635575493
FAM104B,-0.00011738433475208623
ZSCAN9,-0.00011826401446654922
PAGE2B,-0.00011844287214637036
PAGE2,-0.00011844287214637036
GTSCR1,-0.00011847236903082178
AMMECR1,-0.00011879039548169708
PTCHD1,-0.00011907452854559499
EEF1E1,-0.00011929450060127582
DDX53,-0.00011948624386463389
MIR4540,-0.00011956446123922377
RAB27B,-0.00011997311526829058
RNA5SP107,-0.00011997448818354747
TRO,-0.00012048256038914344
PHEX,-0.00012111274265318457
SSB,-0.00012129143766631067
METTL5,-0.00012129143766631067
U3|ENSG00000252981.1,-0.00012129143766631067
ARMC12,-0.00012202352651627464
MIR1298,-0.00012216627978257183
MIR1911,-0.00012216627978257183
HIST1H1D,-0.0001231565823907997
HIST1H3E,-0.0001231565823907997
snoU13|ENSG00000239188.1,-0.00012318948832608004
MIR548AV,-0.00012327380451866973
RNA5SP460,-0.00012327380451866973
NETO1,-0.00012327380451866973
CBLN2,-0.00012327380451866973
RN7SL436P,-0.0001240105099791861
MIR764,-0.0001240343634425052
SNORA35|ENSG00000208839.1,-0.0001240343634425052
ZRSR2,-0.00012412938792587198
KLHL15,-0.00012413889606475463
ARHGEF9,-0.00012433399341378308
ACOT9,-0.00012567811934900488
MIR1912,-0.00012620168911950397
MOSPD2,-0.00012682479346685726
HTATSF1,-0.0001274338319907942
VGLL1,-0.0001274338319907942
RBBP7,-0.00012800352402403577
RNA5SP459,-0.00012804715168331587
SNORA11|ENSG00000221750.1,-0.0001284533746061574
ALAS2,-0.00012883201591951763
APEX2,-0.00012883201591951763
UBR3,-0.00012924635050110737
LUZP4,-0.00012944105658579556
LRCH2,-0.00012944105658579556
IL13RA2,-0.00012944105658579556
MIR448,-0.00012944105658579556
SNORA35|ENSG00000271907.1,-0.00012944105658579556
HTR2C,-0.00012944105658579556
RBMXL3,-0.00012944105658579556
ZSCAN12,-0.00012976943942134104
FOXR2,-0.00013027205479935707
RN7SKP240,-0.00013096386641270962
FBXO15,-0.00013132944487541598
NCAM2,-0.00013155350978135755
SNORD96B,-0.00013250629785260706
RN7SL795P,-0.00013336281006833434
BCL11B,-0.0001344723218510537
CDKN1A,-0.00013487650127000294
RAB44,-0.00013487650127000294
CCDC68,-0.0001351043937579209
IL1RAPL1,-0.00013547684033681358
RN7SKP71,-0.00013634807882215662
HIST1H2BH,-0.00013704982604697248
HIST1H4G,-0.00013704982604697248
HIST1H3F,-0.00013704982604697248
HIST1H4F,-0.00013704982604697248
MIR4741,-0.00013822773650128549
MBOAT1,-0.00013869038897996053
FAM47A,-0.00013917755989652865
RN7SL658P,-0.00013952309316222925
REPS2,-0.00014018246243949952
CA5B,-0.00014063970281393836
SNORD112|ENSG00000252961.1,-0.00014156736048585001
PAGE3,-0.00014178597092476912
ASXL3,-0.00014429066595902378
SCML2,-0.0001445791811076851
CDH19,-0.00014502244702760357
DYNLT3,-0.00014509455359058363
TIMM21,-0.00014605016163664683
NFKBIE,-0.00014629680727531734
FIGN,-0.00014650752794330215
ZSCAN23,-0.00014707278481013
PLCG2,-0.0001471968253499358
MAPRE2,-0.0001472351765489689
PIH1D3,-0.00014729077890277182
RBM41,-0.00014729077890277182
NUP62CL,-0.00014729077890277182
FRMPD3,-0.00014781490651692643
NXF4,-0.00014782772046391965
ARMCX5,-0.00014782772046391965
GPRASP1,-0.00014782772046391965
LINC00630,-0.00014831665384288674
GPRASP2,-0.00014831665384288674
BHLHB9,-0.00014831665384288674
RAB40AL,-0.00014831665384288674
PRL,-0.00014842663673733422
GNL3L,-0.00014859322314963246
PRIM2,-0.000148806149554067
TXLNG,-0.00014895927702098004
FAAH2,-0.0001493203047331431
HCG17,-0.00015004156275976555
snoU13|ENSG00000239041.1,-0.0001501016865949003
SPANXN4,-0.000150408163942808
CT47A6,-0.0001505347250503476
CT47A4,-0.0001505347250503476
CT47A3,-0.0001505347250503476
GLUD2,-0.0001505347250503476
CT47B1,-0.0001505347250503476
CT47A7,-0.0001505347250503476
CT47A2,-0.0001505347250503476
CT47A10,-0.0001505347250503476
CT47A11,-0.0001505347250503476
CT47A8,-0.0001505347250503476
CT47A12,-0.0001505347250503476
CT47A9,-0.0001505347250503476
CT47A1,-0.0001505347250503476
CT47A5,-0.0001505347250503476
RN7SKP182,-0.00015095353707581782
CHN1,-0.0001515434985968177
CXorf57,-0.00015163121070749057
MIR548AN,-0.00015163121070749057
RNF128,-0.00015163121070749057
TBC1D8B,-0.00015163121070749057
C21orf91,-0.00015166908314395743
HIST1H3D,-0.00015183883129476307
HIST1H2BE,-0.00015183883129476307
HIST1H4D,-0.00015183883129476307
HIST1H2AD,-0.00015183883129476307
HIST1H2BF,-0.00015183883129476307
CLDN2,-0.00015193422198442387
RIPPLY1,-0.00015193422198442387
MORC4,-0.00015193422198442387
CCBE1,-0.00015196799387255048
G6PD,-0.00015205534695603384
CYBB,-0.0001525117234192529
MIR5689,-0.0001527429106852388
MIR548AM,-0.00015365520527716998
S100G,-0.00015365520527716998
ROCK1,-0.00015370896803260775
TMEM233,-0.00015375621903137383
SNORA31|ENSG00000252050.1,-0.0001551629018910709
RPGR,-0.0001551629018910709
CUL4B,-0.0001555946689279276
LAMP2,-0.0001555946689279276
MCTS1,-0.0001555946689279276
snoU13|ENSG00000272179.1,-0.0001555946689279276
ZBTB33,-0.00015563650969869052
TMEM255A,-0.00015563650969869052
WNK3,-0.00015588137748051532
TCF4,-0.00015594006083532674
ZKSCAN3,-0.00015599005424955063
U3|ENSG00000252175.1,-0.0001563291139240509
PGBD1,-0.00015649864376130523
ZSCAN31,-0.00015649864376130523
HIST1H4E,-0.00015662357403060283
snoU13|ENSG00000251762.1,-0.00015719021480356808
C1GALT1C1,-0.0001573687176082696
ATP1B4,-0.00015738266453185746
C18orf63,-0.00015770759255385853
RN7SL401P,-0.00015797558908947328
RN7SL551P,-0.0001588884270278706
MIR3672,-0.00015901445459160507
snoU13|ENSG00000238507.1,-0.00015944175535569755
MIR3161,-0.00015948015393422817
PTPN2,-0.00015959893951602645
USP51,-0.00015968025170117552
MUM1L1,-0.0001601664486609591
SLC35B2,-0.00016023120523344522
MIR4647,-0.00016023120523344522
HSP90AB1,-0.00016023120523344522
FGD1,-0.0001606185396053287
TSR2,-0.0001606185396053287
CTAGE1,-0.000160985762632421
ZNRF1,-0.00016104295332661263
PRRG1,-0.00016277429366575634
RHOXF2B,-0.00016301164289181074
RHOXF1,-0.00016301164289181074
FAM120C,-0.00016328837543529978
NKAPP1,-0.00016366156953099266
RHOXF2,-0.00016366156953099266
DAAM2,-0.00016453936893588193
CBFB,-0.00016517131037408907
RNU6ATAC21P,-0.00016548901064298676
FKBP5,-0.0001655175900646225
RAB23,-0.0001660409277753856
snoU13|ENSG00000238907.1,-0.0001662699431257809
RN7SL362P,-0.00016656811270241632
RNMT,-0.00016656811270241632
IDS,-0.00016665866930259666
TSC22D3,-0.00016667258130120168
NCBP2L,-0.00016667258130120168
ESCO1,-0.00016676814613042712
SMAD2,-0.0001668206693689944
NUP160,-0.00016724808133160572
RN7SKP81,-0.0001673687949619394
LINC00893,-0.00016737843206878915
RN7SL554P,-0.0001674452659665259
PRPS1,-0.00016782457011981256
C6orf136,-0.00016801796265972238
DHX16,-0.00016801796265972238
ATAT1,-0.00016801796265972238
NRM,-0.00016801796265972238
PPP1R18,-0.00016801796265972238
MDC1,-0.00016801796265972238
TUBB,-0.00016801796265972238
OR4X1,-0.00016818666115387003
CDH11,-0.00016968714623855264
MAGEA9,-0.00016985441598449082
CXorf40A,-0.00016985441598449082
TMEM185A,-0.00016985441598449082
MAGEA9B,-0.00016985441598449082
MAGEA11,-0.00016985441598449082
MAGEA8,-0.00016985441598449082
HSFX1,-0.00016985441598449082
CXorf40B,-0.00016985441598449082
HSFX2,-0.00016985441598449082
FLOT1,-0.00017006400526125228
F13A1,-0.0001704054406123385
MOCS1,-0.00017044624871350545
RN7SL353P,-0.0001709807386346652
IER3,-0.0001709807386346652
MIR548A1,-0.00017107660300003802
OR4B1,-0.00017114448826410474
MIR548AJ2,-0.00017145309099825197
CXorf27,-0.00017145309099825197
SYTL5,-0.00017145309099825197
MAGEH1,-0.00017146045218409072
TMEM47,-0.00017149241047415088
SRPX,-0.00017251815980629423
BAG2,-0.00017274845296570408
MTRNR2L10,-0.0001729119451661043
PAGE5,-0.0001729119451661043
OR4X2,-0.0001731084218561156
MID2,-0.0001734425629840335
DOK5,-0.0001734598586697173
MRPS18B,-0.000173764153732201
PPP1R10,-0.000173764153732201
ABCF1,-0.000173764153732201
C16orf70,-0.00017425836220917874
RN7SL745P,-0.00017622474004179482
HIVEP1,-0.00017679377571284898
CNDP2,-0.0001770179103898367
RNA5SP340,-0.0001775660320940898
ZXDA,-0.00017777343586451296
FAM69C,-0.0001785045763954888
NXF3,-0.00017861398798107756
BEX1,-0.00017866001790052525
FNBP4,-0.0001794916774643679
snoU13|ENSG00000252447.1,-0.0001794916774643679
HDGFL1,-0.00017973909509842685
ATXN3L,-0.0001805046137701747
BEND6,-0.00018146823571311881
HIST1H2AE,-0.00018200367653941084
HIST1H2BG,-0.00018200367653941084
LINC00622,-0.00018216770463234323
WBP5,-0.00018295102928014408
TCEAL7,-0.00018295102928014408
BEX2,-0.00018295102928014408
NGFRAP1,-0.00018295102928014408
GPX5,-0.00018302441229656758
GPX6,-0.00018302441229656758
HCG20,-0.00018316399230741134
PDK1,-0.000183404046425189
GTDC1,-0.00018421269783638346
AFF2,-0.00018425137826357408
GNL1,-0.0001846852382676396
MIR877,-0.0001846852382676396
PRR3,-0.0001846852382676396
HIST1H2BD,-0.00018487126887989887
SNORA68|ENSG00000201407.1,-0.00018501356238697958
GLRA4,-0.0001851937092443432
TMEM31,-0.0001851937092443432
MORF4L2,-0.0001851937092443432
ZFX,-0.0001853149487643155
LINC00518,-0.00018566579449826444
TFAP2A,-0.00018566579449826444
IKBKG,-0.00018635879297744428
ZKSCAN4,-0.0001868896925858986
NKAPL,-0.0001868896925858986
snoU13|ENSG00000238458.1,-0.00018731500724226928
SNORA64|ENSG00000252441.1,-0.0001873400289945194
ITGA6,-0.00018753287282162638
UBQLN2,-0.00018760496758370973
FMR1NB,-0.00018781672803328963
FMR1,-0.00018781672803328963
KIAA0556,-0.00018786234983605765
WDR59,-0.0001879326379568623
RNA5SP517,-0.00018832371052017886
POLA1,-0.00018853870662188902
PFDN4,-0.00018951468251934418
OFCC1,-0.00019021348951445304
BEX4,-0.00019071729957806008
BMP6,-0.00019157824581399308
TXNDC5,-0.00019157824581399308
BLOC1S5,-0.00019157824581399308
MIR4475,-0.00019201883290527303
TCEAL4,-0.00019261475514640187
RAB40A,-0.00019261475514640187
TCEAL8,-0.0001926377701061254
TCEAL5,-0.0001926377701061254
C16orf97,-0.00019293071245243926
LINC00919,-0.00019296154231527224
LINC00533,-0.00019354091320072676
DEK,-0.00019399825883308593
LY86,-0.00019528618016188845
TPGS2,-0.00019544095971735782
TOX3,-0.0001955795115008243
CASC16,-0.00019596471039509168
ADTRP,-0.0001962209685150959
SNORA67|ENSG00000207419.1,-0.0001962209685150959
WDR7,-0.0001971374654246866
SLC35B3,-0.0001976103429457286
EDN1,-0.0002004667161828314
RN7SL26P,-0.0002005631954506949
FGF13,-0.00020140371138916587
PABPC5,-0.0002015622836245654
RN7SKP293,-0.0002016519435094328
ID4,-0.00020224515963941932
NFYA,-0.00020259594310506694
TMEM170B,-0.00020300573650026222
ZXDB,-0.00020315897479518627
SNORA40|ENSG00000212579.1,-0.00020497043803173766
MIR5690,-0.00020497043803173766
PHF8,-0.0002057044939472668
ARHGEF4,-0.00020594428443497807
MYL12B,-0.00020620351885571454
HULC,-0.000206284199189601
KIAA1328,-0.00020691802896338445
CXorf21,-0.00020937113717315448
LINC00340,-0.00020948413367575142
GK,-0.000210452190317038
RNA5SP511,-0.00021144099220048653
ZNF451,-0.00021220116639707843
KIAA1586,-0.00021220116639707843
RN7SL91P,-0.0002140462197537243
ARX,-0.0002140462197537243
CAPN11,-0.0002142247551406148
SPIN3,-0.00021434989021738366
MIR4774,-0.0002146482731455803
RN7SL15P,-0.00021467590200637278
DDX3X,-0.00021467590200637278
FAM9A,-0.0002175837218307941
SCARNA23,-0.00021809340824937564
CNDP1,-0.00021829136562679817
SCAND3,-0.0002185578661844521
AGTR2,-0.00021936183008283106
LINC00909,-0.000219724067450178
RAB9B,-0.00021994118399181782
TCEAL1,-0.0002223091676256244
TCEAL3,-0.0002223091676256244
PLP1,-0.0002223909985935312
ZNF396,-0.00022286028368212542
KIAA1210,-0.00022303920201281982
KDM1B,-0.00022328774204983674
GSG1L,-0.00022347297013777
MCF2,-0.00022432439758219834
RN7SL95P,-0.0002243254614792421
RN7SL813P,-0.0002243254614792421
RNA5SP207,-0.00022481493491971081
TREM1,-0.00022481493491971081
ANKRD29,-0.00022530362169838407
COL21A1,-0.00022556037198586255
RNA5SP505,-0.00022716267757448425
TM4SF2,-0.00022772734545520407
CDCA7,-0.00022837799433991193
RNF10,-0.0002289528193325665
H2AFB2,-0.00022899174900000476
F8A2,-0.00022899174900000476
SNORA56,-0.00022899174900000476
VBP1,-0.00022899174900000476
SNORA36A,-0.00022899174900000476
SMIM9,-0.00022899174900000476
GAB3,-0.00022899174900000476
FUNDC2,-0.00022899174900000476
F8,-0.00022899174900000476
H2AFB3,-0.00022899174900000476
CTAG1B,-0.00022899174900000476
F8A3,-0.00022899174900000476
H2AFB1,-0.00022899174900000476
CTAG2,-0.00022899174900000476
RAB39B,-0.00022899174900000476
BRCC3,-0.00022899174900000476
DKC1,-0.00022899174900000476
CTAG1A,-0.00022899174900000476
F8A1,-0.00022899174900000476
CLIC2,-0.00022899174900000476
CMC4,-0.00022899174900000476
MPP1,-0.00022899174900000476
MTCP1,-0.00022899174900000476
snoU13|ENSG00000238969.1,-0.0002327249510666425
TRNAI6,-0.00023306962025316583
TTC39C,-0.00023326349034520858
RBM24,-0.00023357567808564956
SPPL3,-0.00023396608477845723
MIR548F5,-0.0002348831144695866
PSMD10,-0.00023643888044157623
SOX4,-0.00023687666037302952
PLS3,-0.00023724371954922125
MIR4756,-0.00023725778256091182
MTMR1,-0.0002386445427587069
EIF2S3,-0.00023940842159648633
MFSD6,-0.00024135416754983232
MIR320C1,-0.00024199980835885922
CXorf56,-0.00024300561782082046
UBE2A,-0.00024300561782082046
NKRF,-0.00024300561782082046
RPL39,-0.00024301119659025537
SNORA69|ENSG00000206622.1,-0.00024301119659025537
SEPT6,-0.00024312835074839133
MIR766,-0.00024312835074839133
SOWAHD,-0.0002432622412148323
DTNA,-0.00024390324146042702
VSIG1,-0.00024406056949740943
TEX13B,-0.00024406056949740943
SLC29A1,-0.00024551520705653167
GCNT2,-0.0002455890672512531
ABCB9,-0.0002456805731142023
AARS2,-0.0002474304142379173
TCTE1,-0.0002474304142379173
G6PC2,-0.00024766350956976607
ACCS,-0.0002479682975689552
SNORD112|ENSG00000252078.1,-0.00024820408486946684
ADAM30,-0.00024866055145022424
OARD1,-0.00024972883213311193
LY75,-0.0002504625502664372
MAGED2,-0.0002507766292631688
SNORA11|ENSG00000221716.1,-0.0002507766292631688
FHOD3,-0.00025089761574662766
SERPINA7,-0.0002512181872282111
RN7SL74P,-0.00025140519115202754
TPMT,-0.0002518795326647281
MAGEA10,-0.0002520264879972774
NUP153,-0.0002524545424289148
NXT2,-0.0002524643887473402
FAM8A1,-0.0002527170998864713
CBLN4,-0.0002534435732303809
NCR2,-0.00025361462728551356
TMEM151B,-0.0002540728221754653
GREB1L,-0.0002563385791991149
MC5R,-0.0002565403009903067
UNC5CL,-0.0002569497249183694
NR0B1,-0.00025717106027174505
RNA5SP499,-0.0002571878316058434
ABCB11,-0.0002574570748214086
SPATS1,-0.00025845893836443047
LINC00680,-0.0002601124846038536
MIR548U,-0.0002601124846038536
NOSTRIN,-0.00026249304749355405
C6orf52,-0.00026276430238313916
GCNT6,-0.00026276430238313916
PAK1IP1,-0.00026276430238313916
TMEM14C,-0.00026276430238313916
RNA5SP203,-0.0002636394172972187
TMEM194B,-0.0002642415661271594
CERS6,-0.00026430540884106706
GRB14,-0.0002645745918691159
RPL22P19,-0.00026513637373064486
NRK,-0.0002676647211093459
SYCP2L,-0.0002677453857577239
MAK,-0.0002677453857577239
TMEM14B,-0.0002677453857577239
LINC00894,-0.00026843328491388285
CD302,-0.0002684867584837978
COL4A5,-0.0002712133998209953
KCNH7,-0.0002714783333983399
KLHL13,-0.00027174743795013663
MIR4642,-0.00027189896411777305
snoU13|ENSG00000238481.1,-0.0002720421762517721
snoU13|ENSG00000238543.1,-0.0002720421762517721
MAGEB2,-0.00027221524266002214
MAGEB3,-0.00027221524266002214
MAGEB4,-0.00027221524266002214
DCAF8L1,-0.0002726816180517338
MIR5188,-0.0002727099682462782
UBC,-0.0002727099682462782
CDC5L,-0.0002729566906954528
TMEM241,-0.00027331742559089176
RN7SKP184,-0.00027396244150063975
RNF144B,-0.0002742497953271619
CCDC167,-0.0002747536387251026
FAM47C,-0.000275220841332139
WDSUB1,-0.00027532526360822367
SPC25,-0.000277097917748378
NHLRC1,-0.00027755786301936506
BAZ2B,-0.0002781387623625332
BYSL,-0.0002789730285816531
ZNF697,-0.0002791834970211951
CXorf51B,-0.00027925836898513596
CXorf51A,-0.00027925836898513596
RNA5SP204,-0.0002795238465037328
KIF13A,-0.0002795238465037328
RBFA,-0.0002803917654296323
TXNL4A,-0.0002803917654296323
NFATC1,-0.0002803917654296323
KCNG2,-0.0002803917654296323
HSBP1L1,-0.0002803917654296323
PQLC1,-0.0002803917654296323
CTDP1,-0.0002803917654296323
ADNP2,-0.0002803917654296323
PARD6G,-0.0002803917654296323
RBFADN,-0.0002803917654296323
MAGEB1,-0.0002807138860442769
PGRMC1,-0.000281708330776397
SNORA81|ENSG00000252677.1,-0.0002817223912849553
DHX37,-0.0002822591576755477
NRN1,-0.0002824069498971355
ATF2,-0.0002828824626865675
APOBEC2,-0.0002832166659211872
TSPO2,-0.0002832166659211872
MIR5683,-0.0002832873660285154
ITGB6,-0.00028342378556908617
LONRF3,-0.00028430803733312524
ACCSL,-0.0002852825137998303
CABLES1,-0.00028604470137240097
RN7SL712P,-0.0002872519995467813
IQSEC2,-0.000287566615140148
RNA5SP430,-0.0002890727232680762
GUCY2F,-0.00028919562002655707
SNX18P3,-0.00028954111282517155
TEX13A,-0.00029005291935875986
MIR1277,-0.0002901936390870901
WDR44,-0.0002901936390870901
MAMLD1,-0.0002911168629674092
DOK6,-0.00029203678061101487
KDM5C,-0.000292309396923542
RN7SL520P,-0.00029312802041900327
TERF2IP,-0.00029312802041900327
HSPB8,-0.0002935102175162208
CCDC141,-0.0002947379191393575
TAF8,-0.00029533255803551557
RN7SL128P,-0.00029571433705330577
E2F3,-0.0002964828426968463
CCDC60,-0.0002966743383199079
MDGA1,-0.0002972710367549026
MIR2114,-0.0002974932558622121
TREML1,-0.000298712371964037
ADCY10P1,-0.000298712371964037
TREM2,-0.000298712371964037
TREML4,-0.000300266694994855
TREML3P,-0.0003002918549000302
TREML2,-0.0003002918549000302
RNA5SP454,-0.00030075271578690625
SNORA76|ENSG00000252122.1,-0.00030093781151325024
GEMIN8,-0.0003011622982447878
LDHD,-0.00030162000813066883
LINC00669,-0.0003018437539956512
MIR3937,-0.0003027885186982929
OFD1,-0.00030289439032142514
TRAPPC2,-0.00030289439032142514
RAB9A,-0.00030289439032142514
RBMS1,-0.00030290883711351236
GPR173,-0.0003030272730220838
TSPYL2,-0.0003030272730220838
TCEANC,-0.00030337367754564563
NETO2,-0.000305212646906422
RN7SL118P,-0.00030563567288327553
SLC25A43,-0.00030563567288327553
SLC25A5,-0.00030563567288327553
GPM6B,-0.00030565912083587723
FAM199X,-0.0003056821378340376
ESX1,-0.0003056821378340376
LRFN2,-0.00030718853634292413
DMD,-0.0003075994376474382
SALL3,-0.0003077126781909352
HCAR1,-0.0003094904904268184
MLTK,-0.0003101384234644932
ELOVL2,-0.0003117839968884779
GCM2,-0.0003117839968884779
PDK3,-0.0003122174502712479
HIST1H3H,-0.0003122280458860772
HIST1H2BM,-0.0003122280458860772
HIST1H2BL,-0.0003122280458860772
HIST1H2AJ,-0.0003122280458860772
HIST1H2AI,-0.0003122280458860772
CTRB1,-0.000312782972372428
CTRB2,-0.000312782972372428
MIR4318,-0.0003139113421004536
RN7SKP197,-0.0003153624856156488
TMEM170A,-0.0003160900140646971
GUCA1B,-0.00031627119023124744
FAM156B,-0.00031652202752749983
FAM156A,-0.00031652202752749983
XAGE3,-0.00031652202752749983
ATP9B,-0.0003168060687789501
SNORD66|ENSG00000212532.1,-0.0003171731552159277
ZEB2,-0.0003174679143355397
CFDP1,-0.00031806930060094684
ZFP1,-0.0003189143885012264
BCAR1,-0.0003192067584801204
HIST1H2AK,-0.00031931863132911547
HIST1H2AL,-0.00031931863132911547
HIST1H1B,-0.00031931863132911547
HIST1H3J,-0.00031931863132911547
HIST1H4J,-0.00031931863132911547
HIST1H4K,-0.00031931863132911547
HIST1H2BN,-0.00031931863132911547
HIST1H3I,-0.00031931863132911547
HIST1H2BO,-0.00031931863132911547
HIST1H2AM,-0.00031931863132911547
HIST1H4L,-0.00031931863132911547
CHST6,-0.00031936552586341613
C6orf223,-0.00031943055220225413
UPF3B,-0.00031962443724163235
NDUFA1,-0.00031962443724163235
RNF113A,-0.00031962443724163235
C18orf21,-0.0003209677022404157
OR4S1,-0.00032107531327523674
MIR3929,-0.0003232920689872044
NKAP,-0.00032455364545906857
AKAP14,-0.0003251502083670377
NR4A2,-0.0003254689967083247
DAPL1,-0.00032710068701713706
UBXN4,-0.0003281374994117957
NOL4,-0.0003289497801840055
MIR187,-0.00032909478220683586
WWOX,-0.0003296715964072204
MRPS10,-0.0003298351746656528
CYP24A1,-0.00033171333071399566
ATXN1,-0.0003319544414108858
TRERF1,-0.00033363152480207536
KLHL14,-0.00033421332684053313
LINC00951,-0.0003342467078931392
GABARAPL2,-0.0003346897952805117
TMEM231,-0.0003346897952805117
CHST5,-0.0003346897952805117
INO80C,-0.0003349713282525422
CCND3,-0.00033539244881607735
SNORA8|ENSG00000212586.1,-0.00033546502933647706
MIR4641,-0.0003357868900120756
OR2B6,-0.0003359968354430395
OR2B2,-0.0003359968354430395
MRPL14,-0.000338233941526114
ATP6AP1,-0.0003388121703790409
FAM50A,-0.0003388121703790409
GDI1,-0.0003388121703790409
TDRG1,-0.0003395774139917836
RN7SL285P,-0.000340686904683606
OR4C3,-0.00034077825838051
MLIP,-0.00034090735865760735
KARS,-0.00034117830911079743
ADAT1,-0.00034117830911079743
MIR514A3,-0.0003417155057844398
MIR514A1,-0.0003417155057844398
MIR514A2,-0.0003417155057844398
SCARB1,-0.0003421413141599691
NYX,-0.0003424152889003703
SAYSD1,-0.0003436703269669461
MIR224,-0.0003442491255278913
MIR452,-0.0003442491255278913
MIR506,-0.000344774395956339
MIR514B,-0.000344774395956339
MIR510,-0.000344774395956339
MIR513B,-0.000344774395956339
MIR513C,-0.000344774395956339
MIR508,-0.000344774395956339
MIR507,-0.000344774395956339
MIR513A1,-0.000344774395956339
MIR513A2,-0.000344774395956339
PKP4,-0.0003451669345656696
MARCH7,-0.00034528525052218343
SNORD45|ENSG00000200706.1,-0.000345475067201973
MAGEA4,-0.00034621564175374187
SSR1,-0.00034700254516828325
FAM9B,-0.0003472337472277153
SLC6A14,-0.0003472427608126621
CXorf61,-0.0003472427608126621
SNORD45|ENSG00000200422.1,-0.00034921365554277037
USP9X,-0.00034934179367949666
LINC00478,-0.00035151113727799175
OR4C5,-0.00035153218624769413
OR4A47,-0.00035153218624769413
U3|ENSG00000199851.1,-0.0003516387884267656
RNA5SP502,-0.0003543684879014899
LINC00907,-0.00035463954101016605
SRSF9,-0.0003572612197928661
DYNLL1,-0.0003572612197928661
GATC,-0.0003572612197928661
GABRQ,-0.0003573786153081158
EGFL6,-0.00035742718618038334
RN7SKP20,-0.00035742718618038334
C6orf89,-0.0003580785659972271
RN7SL393P,-0.00036069251892036796
snoZ5,-0.00036069251892036796
ZNF236,-0.0003607236926224266
ACADS,-0.0003607786873446509
PIK3C3,-0.00036089584563368923
FOXP4,-0.00036196716911929017
MST4,-0.0003623185572552647
NCR3,-0.0003627729087348157
NELFE,-0.0003627729087348157
NEU1,-0.0003627729087348157
NFKBIL1,-0.0003627729087348157
TNXB,-0.0003627729087348157
MIR4646,-0.0003627729087348157
MSH5,-0.0003627729087348157
PBX2,-0.0003627729087348157
MIR3135B,-0.0003627729087348157
MIR1236,-0.0003627729087348157
MICB,-0.0003627729087348157
DDAH2,-0.0003627729087348157
MICA,-0.0003627729087348157
MEGT1,-0.0003627729087348157
MCCD1,-0.0003627729087348157
NOTCH4,-0.0003627729087348157
PSMB9,-0.0003627729087348157
PPP1R2P1,-0.0003627729087348157
SNORD48,-0.0003627729087348157
TNF,-0.0003627729087348157
TAP2,-0.0003627729087348157
TAP1,-0.0003627729087348157
VWA7,-0.0003627729087348157
LY6G6E,-0.0003627729087348157
ZBTB12,-0.0003627729087348157
STK19,-0.0003627729087348157
SNORD84,-0.0003627729087348157
SNORD52,-0.0003627729087348157
SNORD117,-0.0003627729087348157
PPT2,-0.0003627729087348157
SNORA38|ENSG00000200816.1,-0.0003627729087348157
SLC44A4,-0.0003627729087348157
SKIV2L,-0.0003627729087348157
SAPCD1,-0.0003627729087348157
RNA5SP206,-0.0003627729087348157
VARS,-0.0003627729087348157
PSMB8,-0.0003627729087348157
PRRT1,-0.0003627729087348157
PRRC2A,-0.0003627729087348157
LY6G6F,-0.0003627729087348157
CYP21A2,-0.0003627729087348157
RNF5,-0.0003627729087348157
HCG23,-0.0003627729087348157
DDX39B,-0.0003627729087348157
DOM3Z,-0.0003627729087348157
EHMT2,-0.0003627729087348157
LST1,-0.0003627729087348157
LSM2,-0.0003627729087348157
HSPA1L,-0.0003627729087348157
HSPA1B,-0.0003627729087348157
HSPA1A,-0.0003627729087348157
HCP5,-0.0003627729087348157
GPSM3,-0.0003627729087348157
BAG6,-0.0003627729087348157
FKBPL,-0.0003627729087348157
GPANK1,-0.0003627729087348157
ATF6B,-0.0003627729087348157
APOM,-0.0003627729087348157
AIF1,-0.0003627729087348157
AGPAT1,-0.0003627729087348157
AGER,-0.0003627729087348157
ABHD16A,-0.0003627729087348157
LY6G6D,-0.0003627729087348157
ATP6V1G2,-0.0003627729087348157
EGFL8,-0.0003627729087348157
BTNL2,-0.0003627729087348157
C6orf47,-0.0003627729087348157
LY6G6C,-0.0003627729087348157
CYP21A1P,-0.0003627729087348157
LY6G5C,-0.0003627729087348157
LY6G5B,-0.0003627729087348157
CSNK2B,-0.0003627729087348157
CLIC1,-0.0003627729087348157
C6orf48,-0.0003627729087348157
LTB,-0.0003627729087348157
CFB,-0.0003627729087348157
C6orf25,-0.0003627729087348157
C4B,-0.0003627729087348157
C6orf10,-0.0003627729087348157
LTA,-0.0003627729087348157
C2,-0.0003627729087348157
C4A,-0.0003627729087348157
TAZ,-0.0003641795252283598
ZNF407,-0.00036531956042250063
GLP1R,-0.00036573833798084194
PPIL1,-0.00036802001411414615
CPNE5,-0.00036802001411414615
MIR767,-0.0003683724492094242
TMEM257,-0.0003686246005732532
SLITRK2,-0.0003686246005732532
ZNF703,-0.00036982600709107146
ZRANB3,-0.00036992376829325993
COX6A1P2,-0.00037129590284921916
PCYT1B,-0.0003738038613987984
MIR4700,-0.00037383774453394764
HAUS7,-0.00037455903714463573
BGN,-0.00037455903714463573
TMEM63B,-0.0003746348588120728
DLGAP1,-0.00037486680290948744
MTCH1,-0.00037517332379120605
LINC00908,-0.0003754096175249656
FAM210B,-0.00037562707482760696
ZNF521,-0.0003760645413683606
OTC,-0.00037744046341986617
MTX2,-0.0003794508276533584
snoU13|ENSG00000238863.1,-0.0003805283768071444
FGD2,-0.0003809545108914429
snoU13|ENSG00000238896.1,-0.0003810216132787607
EVX2,-0.0003810937703520363
HOXD11,-0.0003810937703520363
HOXD10,-0.0003810937703520363
HOXD12,-0.0003810937703520363
HOXD13,-0.0003810937703520363
SMIM21,-0.0003819330802118972
RN7SL144P,-0.00038326556706303567
LINC00683,-0.0003834164429101133
CDKAL1,-0.00038384144653408147
RN7SL465P,-0.00038385482182598713
GPR115,-0.00038433463599524297
TRIAP1,-0.00038457997698504144
COX6A1,-0.00038457997698504144
MC3R,-0.00038483461168337834
COQ5,-0.00038504027617951785
SMIM13,-0.0003859679619884432
FATE1,-0.00038631060073988043
CNGA2,-0.00038631060073988043
ZNF516,-0.000386700128716777
R3HDM1,-0.0003871935438332352
CCDC148,-0.0003874991628156198
MIR4462,-0.00038931973236548147
TBR1,-0.0003893569121028413
MAGEB10,-0.00038942789877640754
PRRG3,-0.0003895698273936872
GABRA3,-0.00038989271597967374
PRKAB1,-0.0003928365937859607
RN7SKP233,-0.0003929550322156576
PCDH11X,-0.00039350024752269887
GMDS,-0.00039361122199758805
TGIF1,-0.00039478259438826006
MIR1178,-0.0003949654775604144
PNMA6C,-0.00039550208099229793
PNMA3,-0.00039550208099229793
PNMA5,-0.00039550208099229793
PNMA6A,-0.00039550208099229793
PNMA6B,-0.00039550208099229793
NSDHL,-0.00039550208099229793
MAGEA3,-0.00039550208099229793
PNMA6D,-0.00039550208099229793
RN7SL190P,-0.00039550208099229793
ZFP92,-0.00039550208099229793
ZNF185,-0.00039550208099229793
ZNF275,-0.00039550208099229793
snoU13|ENSG00000239037.1,-0.00039550208099229793
RN7SL667P,-0.00039550208099229793
MAGEA6,-0.00039550208099229793
MAGEA2,-0.00039550208099229793
CSAG3,-0.00039550208099229793
MAGEA2B,-0.00039550208099229793
CETN2,-0.00039550208099229793
CSAG1,-0.00039550208099229793
MAGEA1,-0.00039550208099229793
MAGEA12,-0.00039550208099229793
CSAG4,-0.00039550208099229793
CSAG2,-0.00039550208099229793
RN7SL423P,-0.00039631809184556885
ALX4,-0.0003967368573794155
MAPK13,-0.00039726034556648453
RN7SL406P,-0.00039818011336998575
GPR34,-0.00039956298975286355
CIT,-0.0004000172612197927
PI16,-0.00040132005635818763
TFPI,-0.0004017235647615407
SNORA70|ENSG00000207165.1,-0.00040209547898060625
DNASE1L1,-0.00040209547898060625
AURKA,-0.0004028681733545153
HOXD9,-0.00040439130383299027
HOXD4,-0.00040439130383299027
HOXD3,-0.00040439130383299027
HOXD1,-0.00040439130383299027
HOXD8,-0.00040439130383299027
MIR10B,-0.00040439130383299027
DPCR1,-0.00040445760174220776
HCG21,-0.00040445760174220776
CABP1,-0.00040453970080552384
MLEC,-0.00040453970080552384
UNC119B,-0.00040453970080552384
PSORS1C2,-0.00040459371171906885
MAPK14,-0.00040617650440581595
RN7SKP93,-0.00040688673474189755
KNTC1,-0.00040742883326650846
RSRC2,-0.00040742883326650846
ZNF311,-0.000407679891258179
KIAA1715,-0.0004078844537068814
CALCRL,-0.0004079682904999379
GCN1L1,-0.00040819332566167986
RPLP0,-0.00040819332566167986
BMP5,-0.00040833804309908914
RMRPP3,-0.000408785626294331
MIR4785,-0.000408785626294331
ATP2B3,-0.0004093897191541338
FOXQ1,-0.00041002724765398313
MDFI,-0.0004100840899941845
C11orf96,-0.000411357413417547
RN7SKP281,-0.0004122139856022691
GALNT5,-0.0004122139856022691
TANK,-0.00041238371206344483
TFAP2C,-0.00041454930303157054
PKHD1,-0.0004146378520121205
TSHZ1,-0.00041503075619489884
RN7SKP141,-0.00041567268793416006
CXCR4,-0.00041567268793416006
DARS,-0.0004161144562597183
SLC39A6,-0.0004168738087620426
LRRC4C,-0.0004174206980628719
RN7SL170P,-0.0004183871551712151
UPP2,-0.0004184540553211446
ACVR1,-0.0004184540553211446
FOXF2,-0.0004185844538537954
DNAH8,-0.00041892596854622256
FAM58A,-0.0004189587599400161
MCM6,-0.00041908160887154316
PNCK,-0.0004195617191384709
SLC6A8,-0.0004195617191384709
DUSP9,-0.0004195617191384709
RN7SL687P,-0.0004195617191384709
PLA2R1,-0.00041976151164923773
KLHL23,-0.00042037315659894115
RPRD1A,-0.0004205599809675379
TUBB2A,-0.00042072634337410666
BPHL,-0.00042072634337410666
ZADH2,-0.0004221425198734816
snoU13|ENSG00000272464.1,-0.00042271001150747983
CCDC64,-0.00042271001150747983
U3|ENSG00000252536.1,-0.00042378015795737213
LRRC1,-0.0004237923862817177
PASD1,-0.00042446005909978023
FAM217A,-0.00042453748782862716
snoU13|ENSG00000252668.1,-0.00042453748782862716
C6orf201,-0.00042453748782862716
C6ORF50,-0.00042453748782862716
PRPF4B,-0.00042453748782862716
TTN,-0.00042518782705294186
LCT,-0.000425315064299902
EXT2,-0.00042597079947162585
FLNA,-0.0004266876005747677
EMD,-0.0004266876005747677
TREX2,-0.0004268285520757059
RN7SKP286,-0.0004272247557229869
MUC22,-0.0004287974683544255
TUBB2B,-0.0004296111785023095
ZCCHC8,-0.0004296752391316779
SNORA9|ENSG00000252192.1,-0.0004296752391316779
MUC21,-0.0004325507009663812
IRS4,-0.00043326684567190975
OSBPL1A,-0.00043334100498657215
C6orf132,-0.00043388256474482314
RREB1,-0.0004345482477023832
RAB35,-0.0004348504027617947
MIR4498,-0.0004348504027617947
DIRC1,-0.0004350083109576786
RAPGEF4,-0.0004357708895823816
snoU13|ENSG00000238801.1,-0.0004359444985394359
GCA,-0.0004365194364920966
RPL10,-0.0004368165320449309
COL3A1,-0.0004371870604782006
MIR1245A,-0.0004371870604782006
POP5,-0.00043775604142692756
C6orf15,-0.00044021331458039885
snR65|ENSG00000253036.1,-0.00044086799276672647
TEX28,-0.0004412956575191743
OPN1MW2,-0.0004412956575191743
OPN1MW,-0.0004412956575191743
TKTL1,-0.0004412956575191743
OPN1LW,-0.0004412956575191743
TEX28P1,-0.0004412956575191743
TEX28P2,-0.0004412956575191743
SNORD74|ENSG00000201666.1,-0.00044133824600669423
ALKBH3,-0.00044208882629272314
CASK,-0.00044247282956143757
GALNT1,-0.0004427098287898805
RNA5SP202,-0.00044374391431353517
ELP2,-0.0004460541823561425
GPR111,-0.000447257383966243
RNA5SP455,-0.0004489818612175289
ZNF664,-0.0004491551635259739
BMP15,-0.0004501520092863852
ZFAND3,-0.00045208469113804605
TRIM49B,-0.00045210121530774315
CELF4,-0.00045265409757505137
RNA5SP114,-0.0004531338703490616
MIR561,-0.0004531338703490616
SSX2B,-0.0004536205848211813
SPANXN5,-0.0004536205848211813
MIR3129,-0.00045371691599539797
RTFDC1,-0.0004568492799672015
CAMKK2,-0.00045703075777535747
snoU13|ENSG00000238294.1,-0.0004570542715112999
CASS4,-0.0004570542715112999
KYNU,-0.0004578289963304343
CCDC92,-0.0004580560169540054
SSX2,-0.00046022607926593306
RNA5SP504,-0.00046022607926593306
CAP2,-0.0004637948057999312
KLF8,-0.00046425154034920494
GUCA1A,-0.0004644904743638926
GPR82,-0.0004654858778954626
DNAH10OS,-0.0004655650380892363
DNAH10,-0.0004655650380892363
ECI2,-0.0004665920155793576
SNORD36|ENSG00000251846.1,-0.0004676026890414105
IDH3G,-0.0004676026890414105
PDZD4,-0.0004676026890414105
SSR4,-0.0004676026890414105
SRPK3,-0.0004676026890414105
PLXNB3,-0.0004676026890414105
FAM83B,-0.0004687539565754405
WDR75,-0.0004692957581781522
SNORA35|ENSG00000239182.1,-0.0004693000317989861
IL13RA1,-0.0004693000317989861
COL5A2,-0.00047092699143332144
CSTF1,-0.00047196171213492917
POU5F1,-0.0004730706410779903
FTSJD2,-0.00047362682828644236
RNA5SP205,-0.00047488797843845906
HCG27,-0.0004749013202667748
TSHZ2,-0.0004753529434357709
RN7SKP116,-0.00047647802754958833
CXorf67,-0.000476576750870599
SERPINB6,-0.00047727598495444877
ZCCHC12,-0.00047798617580934035
GPD2,-0.0004788289132121921
NUDT11,-0.00047908075838814905
OR2J3,-0.00047989125817687656
OR2J2,-0.00047989125817687656
OR2J1,-0.00047989125817687656
OR2B3,-0.00047989125817687656
OR2W1,-0.00047989125817687656
CENPVP1,-0.0004804433143552042
RIPK1,-0.00048090555014605746
RNA5SP201,-0.00048090555014605746
VARS2,-0.00048135973866884484
SFTA2,-0.00048135973866884484
RN7SL175P,-0.00048135973866884484
GTF2H4,-0.00048135973866884484
MIR4640,-0.00048135973866884484
GULP1,-0.0004813860120189247
MORN3,-0.00048247322297954994
snoU13|ENSG00000238295.1,-0.0004826398783446565
ANAPC5,-0.0004830230826507796
XAGE5,-0.0004843513349179149
PSMG4,-0.0004845959104186956
ACA59|ENSG00000252000.1,-0.0004851024644078688
snoU13|ENSG00000238572.1,-0.0004851124527895632
ABCD1,-0.00048536257815956285
BCAP31,-0.00048536257815956285
RNU6ATAC14P,-0.0004868267447982236
RNF34,-0.00048775416690531874
KDM2B,-0.00048775416690531874
ORAI1,-0.00048775416690531874
TRAM2,-0.0004879312139687864
NQO2,-0.000488169672645669
USP49,-0.0004888765263675806
NAA10,-0.0004890454935864021
RENBP,-0.0004890454935864021
HCFC1,-0.0004890454935864021
ARHGAP4,-0.0004890454935864021
MIR3128,-0.0004891008210670418
HCG22,-0.0004912447257383919
SERPINB9,-0.0004920051997093655
CD99L2,-0.0004927303960614586
TMEM187,-0.0004931675138339345
RN7SL39P,-0.0004943948401816479
snoU13|ENSG00000238445.1,-0.0004943948401816479
MRPS18A,-0.0004948177146207691
DEFB113,-0.0004955251659684288
EFHC1,-0.0004957163476553162
PAQR8,-0.0004965913662951828
RNU4ATAC7P,-0.0004980354977023847
CDSN,-0.0004994389549174947
MOCOS,-0.0004997552578543088
MIR3908,-0.0005006758691792177
RILPL1,-0.0005006758691792177
MED20,-0.0005016941002817907
MIR320C2,-0.0005023424114563329
NUDT10,-0.0005040348284867395
KLHL4,-0.0005041426183965515
TEX41,-0.0005043651906985965
SNORA70|ENSG00000201945.1,-0.0005058708975313581
IL17F,-0.0005063966394782521
MCM3,-0.0005063966394782521
CLIP1,-0.000508631651297323
OASL,-0.0005087519331004064
HMGCLL1,-0.0005123783460744883
PPP1R3G,-0.0005128286270691339
PXDC1,-0.0005154819863680625
FAM50B,-0.0005156718597857844
CABYR,-0.0005163703222170463
RNA5SP461,-0.000517880171038788
RMRPP2,-0.000518261927945473
RPP40,-0.000518261927945473
OPN5,-0.0005185648259924808
MIR4645,-0.0005187797488125147
SERPINB1,-0.0005187797488125147
SLC22A23,-0.0005192091727092494
VEGFA,-0.000520895848423181
RN7SL247P,-0.0005209998721391095
ACA64|ENSG00000252016.1,-0.0005215704228735516
FRMD7,-0.0005222863007673122
TMEM217,-0.0005223531779755776
snoU13|ENSG00000238375.1,-0.0005223531779755776
TBC1D22B,-0.0005223531779755776
SNORD112|ENSG00000252687.1,-0.0005223531779755776
PIM1,-0.0005223531779755776
PTPRJ,-0.0005232513315134035
MIR3915,-0.0005241579415917058
RN7SL580P,-0.0005265867801846268
MECP2,-0.0005274248552310607
RN7SKP42,-0.0005281114946937749
HCAR2,-0.0005283878706370912
HCAR3,-0.0005283878706370912
PTCHD4,-0.0005285298750273056
TINAG,-0.0005287082072559297
RN7SKP186,-0.0005289914250714577
DDR1,-0.0005289914250714577
MAD2L1BP,-0.0005311339518734394
RSPH9,-0.0005311339518734397
HNF1A,-0.0005312045363422876
MPHOSPH9,-0.0005336617217480943
C12orf65,-0.0005336617217480943
HNRNPA3,-0.0005346642772304464
C12orf43,-0.0005352998453519672
RNA5SP452,-0.000535817559563709
P2RX7,-0.0005358955266624653
LINC00243,-0.0005366271947733771
BTBD9,-0.0005372376668467351
AVPR2,-0.0005372797143382895
L1CAM,-0.0005372797143382895
LCA10,-0.0005372797143382895
CDK2AP1,-0.0005400652958359575
RNA5SP375,-0.0005400652958359575
SBNO1,-0.0005400652958359575
TGIF2LX,-0.0005407570066781419
MIR3691,-0.0005418305744888032
MIR133B,-0.0005422695901480218
MIR206,-0.0005422695901480218
SNORA8|ENSG00000206977.1,-0.0005432219215458241
PSORS1C3,-0.00054380699605281
RNA5SP112,-0.0005441063398843358
ATG4A,-0.0005442055235406996
ATP6AP2,-0.0005451211897598906
TFEB,-0.0005455030862817012
SESTD1,-0.0005455257695793251
KLC4,-0.0005458271536807736
NCKAP5,-0.0005458576517850377
PHGDH,-0.0005458951947367702
POLH,-0.0005465457179319133
GTPBP2,-0.0005465457179319133
DST,-0.0005467191066308808
DACH2,-0.0005479341126519344
OR10C1,-0.0005504648818191987
IRAK1,-0.0005507914818309582
MIR718,-0.0005507914818309582
MIR4437,-0.0005520616959500536
ZNF804A,-0.0005537509071408832
snoU13|ENSG00000238438.1,-0.0005544215689153872
PHF16,-0.0005567809652630964
CDYL,-0.0005571275559883167
CXorf31,-0.0005579152532444366
DEFB114,-0.0005581520855459563
CPXCR1,-0.0005587424860318618
ZSWIM2,-0.0005596719969596886
RNA5SP109,-0.0005604863330417244
GLTSCR1L,-0.0005612849078513193
TBCC,-0.0005620782027845791
IL17A,-0.000562538510667631
RPL7L1,-0.0005626990422975648
C6orf226,-0.0005626990422975648
TCF19,-0.0005631618347624873
CCHCR1,-0.0005631618347624873
RN7SKP154,-0.0005645032437569732
SHROOM4,-0.0005647146516834595
U3|ENSG00000221252.1,-0.0005649656707071602
TOMM6,-0.0005654996198058772
PRICKLE4,-0.0005654996198058772
FRS3,-0.0005654996198058772
PGC,-0.0005654996198058772
HCG9,-0.0005659684677393261
P2RX4,-0.0005665616587433405
SETD8,-0.000567535368577809
snoU13|ENSG00000238339.1,-0.0005685970707749869
AGPS,-0.0005694396476608443
LINC00944,-0.0005703139885387099
FAM209B,-0.0005724844405723813
RP2,-0.000572674310241076
ITGA4,-0.0005729100917711934
CXorf38,-0.0005732546865775109
FAM101A,-0.0005742654218454647
VMA21,-0.0005749358079192758
RN7SKP147,-0.0005753095386318042
SLC4A10,-0.0005753839504564768
MIR4419B,-0.0005755638665132345
HMGCS2,-0.0005756102832903281
MYLK4,-0.0005759172396067558
GPR110,-0.0005770530817783593
snoU13|ENSG00000238611.1,-0.0005785240640515265
MAS1L,-0.0005789178895485595
OR2H1,-0.0005789178895485595
MSTN,-0.0005790821301092871
GCNT7,-0.0005794142936048327
FAM209A,-0.0005794142936048327
MED14,-0.0005813901843215625
CERKL,-0.0005817522729265936
AR,-0.0005837284234752584
RN7SL283P,-0.0005838884615886004
NFE2L2,-0.0005844204441347624
NDP,-0.0005845227331438912
PSORS1C1,-0.00058573106613577
TMEM132B,-0.0005875136032991538
snoU13|ENSG00000238570.1,-0.0005883531108325399
MAGEB6,-0.0005889571924800176
ZNF81,-0.0005905083194013209
MAGEB18,-0.000592727252387053
C2orf88,-0.0005933554901777926
GALNT13,-0.0005935321959273526
SNORA9|ENSG00000206897.1,-0.000594495675582792
TMED2,-0.000594495675582792
SRF,-0.0005946234148472624
RNF8,-0.0005947689761595913
NABP1,-0.0005949331985368991
RILPL2,-0.0005952230941061903
SNRNP35,-0.0005952230941061903
TTBK1,-0.0005953534761264215
DNPH1,-0.0005953534761264215
CUL9,-0.0005953534761264215
ZNRD1,-0.0005971640389782786
TRIM31,-0.0005971640389782786
RNF39,-0.0005971640389782786
PPP1R11,-0.0005971640389782786
PTK7,-0.0005973683302866207
GALR1,-0.0005980630875216347
SPOPL,-0.0005987282637809102
PDE1A,-0.0005993446752193319
NEUROD1,-0.0005999473791913942
GPR116,-0.00060231205233447
MIR3973,-0.0006026482345103262
LDLRAD3,-0.0006027398401065952
WRNIP1,-0.0006037692950241907
MIR1258,-0.0006046072441313174
DOCK11,-0.000604819498914929
SNORA31|ENSG00000251838.1,-0.0006054269375971568
GLS,-0.000605541397249312
TRIM15,-0.0006055787550567638
TRIM26,-0.0006055787550567638
SNORA48|ENSG00000252228.1,-0.0006055787550567638
TRIM10,-0.0006055787550567638
TRIM40,-0.0006055787550567638
DGKK,-0.0006068656893137009
BRI3BP,-0.0006073772839223303
TMEM14A,-0.0006075049026365926
GABBR1,-0.0006082538762116239
UBD,-0.0006082538762116239
OR2H2,-0.0006082538762116239
SNORD32B,-0.0006082538762116239
SNORA43|ENSG00000202216.1,-0.0006083520916771423
CWC22,-0.0006083520916771423
SSX6,-0.0006084010031048478
ZNF182,-0.0006084010031048478
ZNF630,-0.0006084010031048478
snoU13|ENSG00000238473.1,-0.0006084010031048478
SPACA5,-0.0006084010031048478
SPACA5B,-0.0006084010031048478
HMGB3,-0.0006087945413191812
RN7SL273P,-0.0006088417497875374
NXPH2,-0.0006089341556485465
OR12D1P,-0.000610309767460247
DLK2,-0.0006111762609365471
CCDC173,-0.0006112027736346306
PHOSPHO2,-0.0006112027736346306
PPIG,-0.0006112027736346306
HIBCH,-0.0006114441232078823
MEP1A,-0.0006118287172765824
SLC22A7,-0.0006118287172765843
CRIP3,-0.0006118287172765843
RNA5SP503,-0.0006127114310983351
PRPH2,-0.0006132514744938422
PLA2G7,-0.0006144989020338232
TDRD6,-0.0006144989020338232
SLC25A27,-0.0006144989020338232
SLC15A4,-0.0006146547756041453
SCARNA15|ENSG00000252218.1,-0.0006151714781728912
XPO5,-0.0006151714781728912
TJAP1,-0.0006151714781728912
LRRC73,-0.0006151714781728912
YIPF3,-0.0006151714781728912
POLR1C,-0.0006151714781728912
ITGAV,-0.000616627049605944
SNORA72|ENSG00000206901.1,-0.0006169930447849068
SNORA25|ENSG00000199392.1,-0.0006177079444802667
HCRTR2,-0.0006180951603872582
HCG18,-0.0006200508939057791
GPR50,-0.00062050993287986
MIR4330,-0.00062050993287986
FAM171B,-0.0006214312859940974
ANKRD66,-0.0006217132871152796
RNU6ATAC19P,-0.0006226512460917323
ZC3H15,-0.000625553249334934
LINC00939,-0.0006260209633999616
DDX55,-0.0006267770204479046
DPP4,-0.000627080249493241
GCG,-0.000627080249493241
BCAS1,-0.0006277894509073732
MAOA,-0.0006285843451304577
PMS1,-0.0006294564507787404
PSMD14,-0.000629461131127378
ORMDL1,-0.0006295836265441266
RN7SL267P,-0.0006312392200426813
RHOF,-0.000631817400767511
TMEM120B,-0.000631817400767511
FSIP2,-0.0006318822234452419
U8|ENSG00000212581.1,-0.0006318822234452419
DCAF8L2,-0.000632307287850227
LINC00943,-0.0006324932699467298
C6orf195,-0.000633608311626684
LYRM4,-0.000633636806231744
FOLH1,-0.0006364221878907042
MAOB,-0.0006364284637905806
HPD,-0.0006365427573171416
SETD1B,-0.0006365427573171416
SSFA2,-0.0006371732993352134
PEX6,-0.0006374699640143005
GNMT,-0.0006374699640143005
PTCRA,-0.0006374699640143005
MEA1,-0.0006374699640143005
CNPY3,-0.0006374699640143005
PPP2R5D,-0.0006374699640143005
GLO1,-0.0006376945699333537
OR11A1,-0.0006377875447255171
MRPL2,-0.0006381023005553046
PPP1R1C,-0.0006384239443887913
RNA5SP113,-0.0006384239443887913
TCTN2,-0.0006385359986253488
GTF2H3,-0.0006385359986253488
ATP6V0A2,-0.0006385359986253488
ZNF385B,-0.0006398921801999993
OR14J1,-0.000642919038314504
TP53I11,-0.000643672821584794
INPP1,-0.0006439163353031456
DEFB110,-0.0006446044260554003
DEFB112,-0.0006446044260554003
IMPACT,-0.0006451401104688249
HRH4,-0.0006464888259062818
PSMD9,-0.0006474253966435636
WDR66,-0.0006474253966435636
BCL7A,-0.0006474253966435636
EIF2B1,-0.0006487198579529161
BCOR,-0.0006488617261805657
RIT2,-0.0006503617960333475
GFRAL,-0.000651059348177313
FAP,-0.0006525412144243642
IFIH1,-0.0006525412144243642
RNA5SP500,-0.0006529544662746376
HNMT,-0.000653742595584275
CUL7,-0.0006537555042021623
RRP36,-0.0006537555042021623
RN7SL403P,-0.0006537555042021623
KLHDC3,-0.0006537555042021623
OR5V1,-0.0006549054645451914
OR12D3,-0.0006549054645451914
OR12D2,-0.0006549054645451914
TNFRSF21,-0.0006557243702502908
SYT4,-0.0006560435690854335
F9,-0.0006572240406488031
ZNF674,-0.0006592154266769999
RBM3,-0.0006605421301623844
ABCC10,-0.0006628783959346505
TSPAN18,-0.0006629914907512346
SLC9A7,-0.00066495253164557
RN7SL139P,-0.0006655337768018606
TFE3,-0.0006655337768018606
CHST7,-0.0006656602514423494
MYO1B,-0.0006661120354963968
NAB1,-0.0006690098725984176
CCDC120,-0.0006698931154740383
PRAF2,-0.0006698931154740383
WDR45,-0.0006698931154740383
GRIPAP1,-0.0006701541376044095
MBP,-0.0006712079298277043
OSBPL6,-0.0006718737232526974
ZFP57,-0.0006720018269607184
MOG,-0.0006720018269607184
LINC00507,-0.0006724440116845123
LINC00508,-0.0006724440116845123
U3|ENSG00000253009.1,-0.0006735491981842787
KCND1,-0.0006735662619478179
RN7SKP179,-0.0006742689513086398
KLHL31,-0.0006756034039062125
ELOVL5,-0.0006764199389340162
FOXP3,-0.0006807322612589348
PRICKLE3,-0.0006807322612589348
SYP,-0.0006807322612589348
CACNA1F,-0.0006807322612589348
CCDC22,-0.0006807322612589348
PLP2,-0.0006807322612589348
MAGIX,-0.0006833693920606224
GPKOW,-0.0006833693920606224
RN7SL262P,-0.0006833693920606224
PIM2,-0.0006844672995780599
SLC35A2,-0.0006844672995780599
ZNF318,-0.000685015923383805
HDAC6,-0.0006852584388185661
GATA1,-0.0006852584388185661
snoU13|ENSG00000238920.1,-0.0006857287927451338
GLT1D1,-0.0006858688147295763
OTUD5,-0.0006865823861190054
VENTXP1,-0.0006871857118085689
GSTA5,-0.0006876114995994731
GLOD5,-0.0006882346292947567
SUV39H1,-0.0006888562386980117
WAS,-0.0006888562386980117
CD2AP,-0.0006909483898412266
ERAS,-0.0006911247093774226
PQBP1,-0.0006911247093774226
TIMM17B,-0.0006911247093774226
PCSK1N,-0.0006911247093774226
ICK,-0.0006934897778328161
DENR,-0.0006963800904977361
FARS2,-0.000701051606621228
STAT4,-0.0007017453330244257
RN7SL244P,-0.0007020150226965785
UBR2,-0.0007029397900642675
DEFB133,-0.0007078575110443811
CCDC178,-0.0007083354991204633
RN7SKP256,-0.0007089071975047326
CYP39A1,-0.0007108037572287552
HIP1R,-0.0007137751303052852
CCDC62,-0.0007137751303052852
VPS37B,-0.0007137751303052852
FOXC1,-0.0007139220735571015
WDR13,-0.0007155127873934387
RN7SL352P,-0.0007161611119074285
UBE2E3,-0.0007168711339614617
RN7SK,-0.0007171576841363889
GSTA4,-0.0007171576841363892
LRRC43,-0.0007198064035740854
IL31,-0.0007198064035740854
B3GNT4,-0.0007198064035740854
DIABLO,-0.0007198064035740854
CRISP1,-0.0007245667869411652
TTC30A,-0.0007252289564253627
RN7SKP287,-0.0007256652529189229
KRBOX4,-0.0007264730259192281
RNA5SP105,-0.0007282985658182636
APCDD1L,-0.000730019077857154
STAT1,-0.0007306458293842212
RNA5SP487,-0.000731999180033823
MLXIP,-0.0007333753365026612
ENPP4,-0.0007353815288747844
ENPP5,-0.0007353815288747844
AACS,-0.0007375107394467017
RBM45,-0.0007386387530632464
ZNF217,-0.0007392422145919803
PCK1,-0.0007421063625349888
RCAN2,-0.0007427741178905247
TRIM64C,-0.000744802212558883
OGFOD2,-0.0007450541268113854
PITPNM2,-0.0007450541268113854
MIR4304,-0.0007450541268113854
RN7SL133P,-0.0007450541268113854
ARL6IP4,-0.0007450541268113854
TRIM39,-0.0007496607072947915
RPP21,-0.0007496607072947915
ASNSD1,-0.0007500021195960895
COL4A6,-0.0007531952435749904
CRISP3,-0.0007534534233258733
CRISP2,-0.0007534534233258733
MGC4294,-0.0007567893498210574
SLC40A1,-0.0007573783139884864
PGK2,-0.0007629946620263553
CLIC5,-0.0007630203842306755
NCOR2,-0.0007643544687670953
SDPR,-0.0007667808422427031
TFAP2B,-0.000768657826548721
RGN,-0.0007693400952945752
CTCFL,-0.0007698207795463103
BMP7,-0.0007732659341883563
GSTA3,-0.0007737269212759621
TTC30B,-0.0007739991055630078
MIR222,-0.0007744984069577198
MIR221,-0.0007744984069577198
MTRNR2L3,-0.0007785130411775365
HECW2,-0.0007831067311704114
HNRNPKP3,-0.0007835443037974661
TMEFF2,-0.0007840343544134235
RAE1,-0.0007849800169890418
MIR4325,-0.0007853810697525456
EFHC2,-0.0007882660512517958
RUNX2,-0.0007885782775152616
VPS33A,-0.0007941462855833641
U3|ENSG00000251930.1,-0.0007959939475792257
GCM1,-0.000796527984706416
SPO11,-0.0007968110735124151
GCLC,-0.0007969846251485056
RBM38,-0.0007986770828981646
FBXO9,-0.0007993452240440546
PAGE1,-0.00079953084406611
NDUFB11,-0.0008023499253772582
RBM10,-0.0008023499253772582
HCG15,-0.0008085974003907926
HCG16,-0.0008085974003907926
TBC1D25,-0.000809061478196122
snoU13|ENSG00000239017.1,-0.000809061478196122
GAGE1,-0.0008105238792769883
AKAP4,-0.0008128109280857862
CCNB3,-0.0008128800232159614
GSTA2,-0.0008164847199594468
MIR5685,-0.0008171116331087544
TFAP2D,-0.0008176198103514488
ANKLE2,-0.0008202359033371711
ZNF891,-0.0008202359033371711
ZNF84,-0.0008202359033371711
ZNF605,-0.0008202359033371711
ZNF26,-0.0008202359033371711
ZNF268,-0.0008202359033371711
ZNF140,-0.0008202359033371711
ZNF10,-0.0008202359033371711
RNU4ATAC12P,-0.0008202359033371711
CHFR,-0.0008202359033371711
RNA5SP379,-0.0008202359033371711
PXMP2,-0.0008202359033371711
POLE,-0.0008202359033371711
PGAM5,-0.0008202359033371711
ANHX,-0.0008202359033371711
P2RX2,-0.0008202359033371711
LRCOL1,-0.0008202359033371711
GOLGA3,-0.0008202359033371711
MAGEB5,-0.0008212869561428364
CFP,-0.0008215791001050228
ELK1,-0.0008215791001050228
VAPB,-0.0008219854896882102
UXT,-0.000822473882040792
THSD7B,-0.0008235675964640944
RN7SL670P,-0.0008271758996288773
MIR4532,-0.0008318669841667713
RIMBP2,-0.00083275968330726
ARAF,-0.0008344791609087379
SYN1,-0.0008344791609087379
TIMP1,-0.0008344791609087379
MIR4769,-0.0008344791609087379
GALNT9,-0.0008346558959398249
DDX51,-0.0008346558959398249
NOC4L,-0.0008346558959398249
CLCN5,-0.0008350595600022093
GSTA1,-0.0008366542960965011
PRKRA,-0.0008367275938662468
FKBP7,-0.0008367275938662468
DFNB59,-0.0008367275938662468
PLEKHA3,-0.0008367275938662468
GAGE12C,-0.000837063318777292
GAGE12D,-0.000837063318777292
GAGE12E,-0.000837063318777292
GAGE12H,-0.000837063318777292
GAGE12F,-0.000837063318777292
GAGE12G,-0.000837063318777292
GAGE12I,-0.000837063318777292
GAGE2A,-0.000837063318777292
GAGE13,-0.000837063318777292
GAGE12J,-0.000837063318777292
GAGE12B,-0.000837063318777292
GAGE2C,-0.000837063318777292
GAGE2B,-0.000837063318777292
GAGE2D,-0.000837063318777292
GAGE2E,-0.000837063318777292
MIR188,-0.0008371185948814313
MIR500A,-0.0008371185948814313
MIR502,-0.0008371185948814313
MIR500B,-0.0008371185948814313
MIR660,-0.0008371185948814313
MIR532,-0.0008371185948814313
MIR501,-0.0008371185948814313
MIR362,-0.0008371185948814313
RN7SL785P,-0.0008375366204189914
snoU13|ENSG00000238729.1,-0.0008375366204189914
USP11,-0.0008380893814603932
CDK16,-0.0008380893814603932
INE1,-0.0008380893814603932
UBA1,-0.0008380893814603932
RHAG,-0.0008382382957230487
GLYATL3,-0.0008385323513030128
C6orf141,-0.0008385323513030128
GAGE10,-0.000838614504449726
FTSJ1,-0.0008447537958496556
RAN,-0.0008456098964326823
SNORD77|ENSG00000212347.2,-0.000845840867992766
PPP1R3F,-0.000850281217179813
PORCN,-0.0008517595260448709
EBP,-0.0008517595260448709
USP27X,-0.00085251989939749
SSX5,-0.0008528182469548591
snoU13|ENSG00000239161.1,-0.0008542625134200836
RAB22A,-0.0008560053473701823
CXXC1P1,-0.0008576329390304557
ICOS,-0.0008577695377909652
STK17B,-0.0008585052887116355
STX2,-0.0008606501726121982
snoU13|ENSG00000238822.1,-0.0008606501726121982
RN7SL717P,-0.000862982185127972
PAGE4,-0.0008698144104803492
API5,-0.0008712008572768056
XAGE1B,-0.0008713194560197679
XAGE2B,-0.0008713194560197679
XAGE1A,-0.0008713194560197679
SNORA11E,-0.0008721234642951703
SNORA11D,-0.0008721234642951703
MAGED4,-0.0008721234642951703
MAGED4B,-0.0008721234642951703
ZBP1,-0.0008722194383319891
PMEPA1,-0.0008729944318737092
XAGE2,-0.0008746825638059018
FUNDC1,-0.0008777875141345859
NEDD9,-0.0008810209526618221
SYT13,-0.0008815081484922375
MAGED1,-0.0008815705615311458
HSPE1,-0.0008818589996642677
COQ10B,-0.0008818589996642677
MOB4,-0.0008818589996642677
HSPD1,-0.0008818589996642677
SLC39A10,-0.000883520323392884
ANKRD60,-0.0008837141942042321
C6orf100,-0.0008842182765553785
RN7SL471P,-0.0008842182765553785
PUS1,-0.0008845451651561687
EP400,-0.0008845451651561687
ULK1,-0.0008845451651561687
C2orf69,-0.0008853730231937858
TYW5,-0.0008853730231937858
C20orf85,-0.0008873821559371131
SFSWAP,-0.0008876160961725714
XAGE1E,-0.0008884879741932961
XAGE1D,-0.0008884879741932961
XAGE1C,-0.0008884879741932961
FBRSL1,-0.0008888434982738789
MIR548X,-0.0008908630609896442
C11orf74,-0.0008923162336220302
RAG2,-0.0008923162336220302
C2orf47,-0.0008927690290172375
PRDM11,-0.0008939590003926305
MUC8,-0.0008940621403912551
GSPT2,-0.0008975771896969284
TRIM27,-0.0008986155063291163
HCG14,-0.0008986155063291163
PDE11A,-0.0008995060616627342
HUS1B,-0.0009040080269277687
IRF4,-0.0009040080269277687
DUSP22,-0.0009040080269277687
EXOC2,-0.0009040080269277687
MSN,-0.0009079155223325841
SF3B1,-0.0009079354655431298
SNORA4|ENSG00000202434.1,-0.0009079354655431298
RNA5SP376,-0.0009150172612197958
HSD17B12,-0.0009160036731818139
CTLA4,-0.0009160147758795252
MIR548AE1,-0.0009161926302710262
MMP17,-0.0009172674331510762
RNA5SP378,-0.0009172674331510762
TMEM132D,-0.000917366436022687
AOX2P,-0.0009174993422398942
ANKRD44,-0.0009207228213348872
PGAP1,-0.0009207228213348872
DNAH7,-0.0009217263299255854
TMPRSS15,-0.0009217516941567586
SSX3,-0.0009236567906693922
SSX1,-0.0009236567906693922
SSX4,-0.0009236567906693922
SSX4B,-0.0009236567906693922
SLC38A5,-0.0009236567906693922
SSX9,-0.0009236567906693922
SSX7,-0.0009236576829574967
OPHN1,-0.0009266641094489194
MIR670,-0.0009288756422130914
MIR223,-0.0009305630123691341
VSIG4,-0.0009305630123691341
DNAJC10,-0.0009308971847867374
FRZB,-0.000932086999736894
CD28,-0.0009337413435728553
CHST1,-0.0009361862733712684
SPATS2L,-0.0009384687344695527
GPR133,-0.0009411507479861914
MAPK8IP1,-0.0009443900658625995
PEX16,-0.0009443900658625995
C11orf94,-0.0009443900658625995
TTC17,-0.0009447000835148266
ALS2CR11,-0.0009455235903337192
CRY2,-0.0009473513943958709
SLC35C1,-0.0009473513943958709
RN7SL820P,-0.0009501197200506193
snoU13|ENSG00000238895.1,-0.0009534346284321564
MIR3612,-0.0009534346284321564
SNORA49,-0.0009543851190798356
PPP4R1L,-0.0009546253359513194
C2orf66,-0.0009560669841984299
HEPH,-0.0009568964627170814
snoU13|ENSG00000238306.1,-0.0009592441950764945
KCTD18,-0.0009619551553775542
MPP4,-0.0009630423111074395
TMEM237,-0.0009630423111074395
AOX1,-0.0009640190604262292
SGOL2,-0.0009653287338848775
EP400NL,-0.0009666202580841965
CASP10,-0.0009702288709883662
RN7SL291P,-0.0009756197833176705
ZNF41,-0.0009794580177989042
CXorf24,-0.0009861809739649537
CCDC150,-0.0009861833100288152
SCARNA16|ENSG00000252923.1,-0.0009861833100288152
GTF3C3,-0.0009861833100288152
SNORA11C,-0.0009876941573157912
ZNF157,-0.0009876941573157912
RNA5SP377,-0.0009952063515841507
HELZ2,-0.0009991951093843558
DUSP19,-0.0010086122723419165
NCKAP1,-0.0010086122723419165
SNORA77|ENSG00000221498.1,-0.0010086122723419165
FTCDNL1,-0.0010277986688558166
RAPH1,-0.0010278464183638264
ABI2,-0.0010278464183638264
CYP20A1,-0.0010278464183638264
CXorf36,-0.0010365139969265372
SNORD59|ENSG00000252517.1,-0.0010402009333124037
DUSP21,-0.001057210693409275
MUT,-0.00105897025195374
CENPQ,-0.00105897025195374
STRADB,-0.0010712901689440028
PRR5L,-0.0010727986897623803
COMMD9,-0.0010735676215856095
LINC00610,-0.0010735676215856095
EDA2R,-0.0010746794143762786
CHODL,-0.0010788441375783149
RN7SL534P,-0.0010810817031070225
PIWIL1,-0.0010810817031070225
FZD10,-0.0010810817031070225
TRAK2,-0.0010884863078738961
MIR586,-0.0010920624518561935
ZBTB46,-0.001097709264597344
DNAJC5,-0.001097709264597344
NPBWR2,-0.001097709264597344
MYT1,-0.001097709264597344
UCKL1,-0.001097709264597344
MIR1914,-0.001097709264597344
LINC00176,-0.001097709264597344
LIME1,-0.001097709264597344
C20orf201,-0.001097709264597344
PCMTD2,-0.001097709264597344
C20ORF135,-0.001097709264597344
ARFRP1,-0.001097709264597344
ABHD16B,-0.001097709264597344
GMEB2,-0.001097709264597344
ZNF512B,-0.001097709264597344
OPRL1,-0.001097709264597344
MIR647,-0.001097709264597344
ZGPAT,-0.001097709264597344
STMN3,-0.001097709264597344
TPD52L2,-0.001097709264597344
RGS19,-0.001097709264597344
TCEA2,-0.001097709264597344
TNFRSF6B,-0.001097709264597344
SOX18,-0.001097709264597344
SLC2A4RG,-0.001097709264597344
RTEL1,-0.001097709264597344
SAMD10,-0.001097709264597344
PRPF6,-0.001097709264597344
LINC00320,-0.001105833013681116
PLCL1,-0.0011090608266442388
CASP8,-0.0011091426190029305
TRAF6,-0.0011148650899400394
TMEM132C,-0.0011161806107756133
FAM126B,-0.0011268980033326513
ORC2,-0.0011338994942555619
SATB2,-0.001138905072118355
NDUFB3,-0.0011391060309293422
CFLAR,-0.0011428483929300597
RAG1,-0.0011437735953808569
BOLL,-0.0011610055970343006
PPDPF,-0.001161874921669381
PTK6,-0.001161908342733006
SRMS,-0.001161908342733006
SUPT3H,-0.0011668477448579506
EEF1A2,-0.001168138586010499
C20orf195,-0.0011757502332511722
ALS2CR12,-0.0011941013103604046
NUP35,-0.001200967638202705
BZW1,-0.0012060893969070663
RNA5SP115,-0.0012060893969070663
CLK1,-0.0012060893969070663
CDH26,-0.0012066507916614455
C20orf197,-0.0012066507916614455
RN7SL694P,-0.0012080129797994567
NIF3L1,-0.0012080129797994567
PPIL3,-0.0012080129797994567
PCGEM1,-0.0012123157011199959
MIR548AG2,-0.0012146439960451763
ALS2,-0.0012161760635742696
MARS2,-0.00122293755003708
GNAS,-0.0012250546573644723
RFTN2,-0.0012313935856616345
STX16,-0.0012333737171185473
NPEPL1,-0.0012333737171185473
MIR298,-0.0012346994193090193
MIR296,-0.0012346994193090193
NELFCD,-0.0012361504504880875
FAM217B,-0.0012419517901157211
PPP1R3D,-0.0012419517901157211
CTSZ,-0.0012427706061745427
TUBB1,-0.0012427706061745427
ATP5E,-0.0012427706061745427
SLMO2,-0.0012427706061745427
ZNF831,-0.001243675759981061
snoU13|ENSG00000238770.1,-0.0012728094690120026
OGFR,-0.0012816170224617374
EDN3,-0.0012934118728328526
MRGBP,-0.001295247246243609
SYCP2,-0.0012959045271615783
LINC00659,-0.0012965339571931831
FZD7,-0.0013023286564838596
COL9A3,-0.0013044296834746735
MIR1257,-0.001304527161576919
PHACTR3,-0.0013050173371767575
MIR646,-0.0013051955828494242
KDM6A,-0.0013108533633397923
MIR1587,-0.0013165147364443612
RN7SL732P,-0.001316520640468544
SLC17A9,-0.0013180237011042844
YTHDF1,-0.0013230062246730985
LINC00029,-0.0013253094929746108
BHLHE23,-0.0013253094929746108
GID8,-0.0013354305050758204
TCFL5,-0.0013354305050758204
DIDO1,-0.0013354305050758204
MIR4533,-0.001336937238027601
HAR1A,-0.001337831251479577
HAR1B,-0.001337831251479577
NKAIN4,-0.0013463034911086029
MIR3196,-0.0013463034911086029
BIRC7,-0.0013463034911086029
NTSR1,-0.0013506008828730945
PARD3B,-0.0013640991699070603
MIR4326,-0.0013876147108381708
ARFGAP1,-0.0013876147108381708
LINC00686,-0.0013939229365974562
TAF4,-0.001396371029508017
CDK15,-0.001401843465858441
LSM14B,-0.0014360279065881297
PSMA7,-0.0014360279065881297
KCNQ2,-0.0014699140800155945
COL20A1,-0.0014740248708415128
CHRNA4,-0.0014740248708415128
C20orf166,-0.0014803609474871525
MIR133A2,-0.0015307710517887207
SLCO4A1,-0.0015523972650429592
SS18L1,-0.0016187798526688104
CDH4,-0.0016614361163302517
MTG2,-0.0016884182089094975
HRH3,-0.001718881508404004
GATA5,-0.0017210566626282868
ADRM1,-0.0017210817284260059
MIR4758,-0.001725337343860967
LAMA5,-0.001725337343860967
RBBP8NL,-0.0017535809277130234
CABLES2,-0.0017535809277130234
RPS21,-0.001758145687986519
OSBPL2,-0.001794251577056438
